arm,target_gene,source_overlap,effect_cosine,predicted_to_truth_norm_ratio,truth_on_prediction_projection,predicted_effect_norm,truth_effect_norm,n_strong,signed_recovery,unsigned_recall,sign_given_recovered,non_strong_energy_fraction,strong_de_lfc_nmae,mean_abs_intended_realized_lfc
moderate_shrink,TMSB4X,True,-0.004129620594436785,0.10792406816671954,-0.038264130185098354,16.917989413687806,156.75826255505066,0,,,,,,0.011222464975773786
moderate_shrink,PRCP,True,0.011435388531370801,0.08381737928988783,0.13643218898339413,12.179034510658903,145.30440600554837,6,0.16666666666666666,0.16666666666666666,1.0,0.9711703549159849,,0.010179905357129721
moderate_shrink,TADA1,True,0.021893334055804535,0.11296908524156707,0.19379933907572144,17.12570126259399,151.59635245318046,533,0.01876172607879925,0.04127579737335835,0.45454545454545453,0.950263718131565,0.9854005352893623,0.046258762475136314
moderate_shrink,HIRA,True,8.187441902788358e-05,0.07802669314946649,0.001049312943085342,11.746854458414594,150.54917726568954,32,0.0,0.0,,0.9981869861084727,0.9837574170951462,0.0074421385648659666
moderate_shrink,IGF2R,True,0.0008085042171203541,0.09685341583964402,0.008347709888301299,14.69965900955934,151.77223107852927,6,0.0,0.0,,0.9973397640103747,,0.01697516847701778
moderate_shrink,NCK2,True,0.003219204755919906,0.07923684332201877,0.04062762499052427,13.401882246499767,169.13700350270742,2,0.5,0.5,1.0,0.9895043084823095,,0.008469845289000837
moderate_shrink,MED13,True,0.0046033344279925595,0.09553518585938299,0.048184701652940184,15.728615527479407,164.6368862528844,113,0.0,0.008849557522123894,0.0,0.9945399441478127,0.9937743807631704,0.01733213755908035
moderate_shrink,MED12,True,-0.0077698909485143875,0.2838515791691734,-0.027373076349466386,49.07511081271616,172.89003977486334,68,0.0,0.0,,0.9963025737012595,0.9836539135228493,0.17097898939399203
moderate_shrink,STAT1,True,0.01513490902422986,0.12313596964035539,0.12291216830008775,19.700444560559802,159.98935662827938,8,0.25,0.25,1.0,0.9777250484245762,,0.013488044429309915
moderate_shrink,USP22,True,-0.01277948804834276,0.10242510143885286,-0.12476910316727421,15.349300468060306,149.85877731567336,21,0.0,0.0,,0.9998252374472484,0.9806495042321558,0.01645263298605317
moderate_shrink,MED13L,True,-0.005466881751607849,0.12201628234207658,-0.0448045264670601,20.885668500194164,171.1711592854511,16,0.0,0.0,,0.9997996046900105,0.9872708485737179,0.0275316242243039
moderate_shrink,TET1,True,0.01886253021985395,0.11423424078222195,0.1651215090212206,18.767042104431695,164.28561152876654,46,0.0,0.0,,0.9974937788922043,1.000337033078747,0.02508302441341968
moderate_shrink,KIF1B,True,0.009261313101866087,0.08268261964270886,0.11201039761302205,13.513207408216147,163.4346790971296,2,0.0,0.0,,0.99999869037202,,0.014227544963557975
moderate_shrink,SRC,False,0.006801357486027172,0.017734136705415595,0.38351782209675844,2.8574078144058306,161.1247201863085,6,0.0,0.0,,0.9992296253043751,,0.004539719150399968
moderate_shrink,PBX1,True,0.01501938002986085,0.09138635172087313,0.16435036246698467,14.249303908976584,155.92376367643055,5,0.0,0.0,,0.9999999383860367,,0.00281049038260483
moderate_shrink,CAST,True,0.002325016658041693,0.12350970328603553,0.018824566784499494,20.55233309758697,166.4025785082644,38,0.07894736842105263,0.13157894736842105,0.6,0.970017675501013,0.9925061297184957,0.046861373335274584
moderate_shrink,IDE,True,0.0009414882340403328,0.08758129909974989,0.010749877470623422,13.70965662885139,156.53634702582917,0,,,,,,0.010497758154840072
moderate_shrink,MAPKAPK2,True,-0.005226776888020672,0.12583686220921372,-0.04153613493104065,19.71093658496257,156.63881186254932,5,0.0,0.0,,0.9994216941980655,,0.005962320849397527
moderate_shrink,PTPN1,True,0.004012364904903808,0.20866673122466164,0.01922857985724559,30.6994927022952,147.12212398267982,2,0.0,0.0,,0.9998881511239053,,0.0896193328823715
moderate_shrink,KDM2B,True,0.00862764943462869,0.07286598487303152,0.11840434805982943,12.904460831855689,177.0985577748194,44,0.022727272727272728,0.022727272727272728,1.0,0.995815193097695,0.9886047257007695,0.0029158115845034248
moderate_shrink,ATP1B1,False,0.0014538180811335818,0.018640400596233443,0.07799285608847624,2.8621706112543084,153.54662559304924,2,0.0,0.0,,0.9999950685179941,,0.004545701220813091
moderate_shrink,KAT2A,True,0.011377016373126837,0.13932538314505627,0.08165788685671044,21.316244055086315,152.99612729500458,738,0.02710027100271003,0.05420054200542006,0.5,0.9493292330314581,1.0088087867237714,0.04154757469947341
moderate_shrink,NISCH,True,0.003108809010676028,0.07695201725357335,0.0403993179338215,11.834757774585908,153.7939900339175,6,0.16666666666666666,0.16666666666666666,1.0,0.9736537041605047,,0.001072833291577627
moderate_shrink,KDR,False,-0.007034826274588518,0.01739479556007379,-0.40442132534949304,2.855241087943518,164.14341163612997,7,0.0,0.0,,0.9986750621678494,,0.004589119387414495
moderate_shrink,WFS1,False,-0.00017205747782965218,0.018536042358910664,-0.009282320060459969,2.8541931439106407,153.98071975912217,4,0.0,0.0,,0.9981332233258723,,0.004608604686645222
moderate_shrink,TARBP2,True,-0.005710522300226453,0.14964469694032534,-0.03816053904338268,22.841832836790168,152.64044302150538,4,0.0,0.0,,0.9991103299862691,,0.01222768144161529
moderate_shrink,MAP3K7,True,-0.009386258359082349,0.11281362804710901,-0.08320145820647494,17.45292594669911,154.7058298613628,1,0.0,0.0,,0.9999994446095124,,0.013511726937431356
moderate_shrink,HMGN1,True,-0.0030693074272248933,0.09895705666313655,-0.03101655941196026,16.602271499548387,167.77248696942155,3,0.0,0.0,,0.999998984246137,,0.010297247509311571
moderate_shrink,TSC22D4,True,0.006197935296003123,0.08817154457154032,0.07029405378029036,14.056946491490065,159.42724560172118,3,0.3333333333333333,0.3333333333333333,1.0,0.9714190773477037,,0.02227751147373247
moderate_shrink,FOXH1,True,0.0068478429893807724,0.08420678850950113,0.08132174508244218,13.714828765797506,162.8708208513385,32,0.0,0.0,,0.9979862988857209,1.0033491103759244,0.00990796388881974
moderate_shrink,PAGR1,True,0.00012542530854940402,0.0938029409363514,0.001337114884644283,14.873516737918058,158.56130510886928,18,0.0,0.0,,0.9989340384662989,0.9524327904681995,0.0024731776378758828
moderate_shrink,KLF10,True,-0.0029507831169762297,0.06752644630173786,-0.04369818461630326,10.489479120006724,155.33882936968305,15,0.0,0.0,,0.9991009139675198,0.9849143164474602,0.003159949603076458
moderate_shrink,POLB,True,-0.005939806192193875,0.16701692555814182,-0.03556409730537229,25.70947976290529,153.9333793685199,3,0.0,0.0,,0.9957774203049847,,0.008084529037994346
moderate_shrink,RNF2,True,0.01320837683866797,0.1400068496421166,0.09434093312170813,20.81461952371483,148.66857997962848,377,0.015915119363395226,0.029177718832891247,0.5454545454545454,0.9811930977885631,0.9962587018525831,0.0029889928071554156
moderate_shrink,SMARCA5,True,0.01132650257095283,0.14625161041248994,0.0774453186464574,22.537133107602276,154.09835860294635,953,0.046169989506820566,0.07450157397691501,0.6197183098591549,0.9272031436402423,0.9892790559857266,0.017206423777740947
moderate_shrink,ACAT2,True,0.00949514713673284,0.13344780706606169,0.07115251532033333,18.993477980175204,142.32888795821663,313,0.06070287539936102,0.0670926517571885,0.9047619047619048,0.9565312323806285,0.9163032940456844,0.004205180468132604
moderate_shrink,TRAM2,True,0.001000608178738876,0.09532432980568531,0.010496881339512947,14.518960140113231,152.31116934899546,1,0.0,0.0,,0.999999277538903,,0.012541183665899439
moderate_shrink,CAMSAP2,False,-0.0018601771792975882,0.015862815787214938,-0.11726651839434762,2.855308528481548,180.000106335652,2,0.0,0.0,,0.9999948312603627,,0.004572076443115729
moderate_shrink,CDCA2,True,0.015289956649760492,0.13707501759771837,0.11154444418626867,20.672465910327418,150.8113314345583,8,0.125,0.125,1.0,0.9860794205006289,,0.007529021092568776
moderate_shrink,CREG1,True,0.013871173394630834,0.08741475243609864,0.15868229341232587,13.916378544425802,159.19942751767056,4,0.0,0.0,,0.9998382860800158,,0.01221790337464394
moderate_shrink,CASP2,True,0.003183518052274688,0.11919970521297542,0.026707432259053508,18.258608409166563,153.17662385610524,2,0.0,0.0,,0.9999970423155407,,0.003468994824847941
moderate_shrink,UBE3C,True,-0.01421764839531571,0.13738234026527177,-0.10348963606139502,22.30412497211275,162.35074267220722,37,0.10810810810810811,0.10810810810810811,1.0,0.9556957307425703,0.7707541242816544,0.06321275873992986
moderate_shrink,EIF4B,True,0.029667294298992928,0.14404330433849477,0.20596093956076036,22.56502644227842,156.6544626694463,124,0.008064516129032258,0.008064516129032258,1.0,0.9882958501724945,0.9579603537137374,0.03127900709080194
moderate_shrink,STAG2,True,0.0064617302437384935,0.09813541747496154,0.06584503750021904,16.589585958015036,169.04789712896198,453,0.024282560706401765,0.033112582781456956,0.7333333333333333,0.9718570956748902,0.9754337444454515,0.03750685103195038
moderate_shrink,HMGB2,True,0.010341832035166523,0.09142460544804003,0.11311869473742676,14.481962487631721,158.4033359144476,26,0.07692307692307693,0.07692307692307693,1.0,0.9767083328817435,0.8536964282774616,0.013490246316626807
moderate_shrink,TGFBR2,False,-0.0007041464901871012,0.017411332948511382,-0.04044184855171032,2.859063581326893,164.20704777639295,260,0.015384615384615385,0.015384615384615385,1.0,0.9866332972176176,0.9960387429613368,0.0045877750782161
moderate_shrink,ANTXR1,False,-0.0055949369643116635,0.017299585777032424,-0.32341450462586857,2.860044499972191,165.32444977782606,2,0.0,0.0,,0.9999947405462618,,0.0045621093228565505
moderate_shrink,MTA1,True,0.017431957184872397,0.131276442319821,0.1327881596791293,19.597076272397818,149.28098237652284,28,0.17857142857142858,0.17857142857142858,1.0,0.9353093931214335,0.6733080381794766,0.0018804413782278762
moderate_shrink,DHCR24,True,0.02008436357718916,0.1276469552529526,0.15734306813185486,18.113784967421534,141.90534299487368,32,0.0,0.0,,0.9976549143471265,0.9230680920547446,0.014883402801754646
moderate_shrink,NDUFB4,True,-0.013169239628023794,0.08690939924312002,-0.15152837026504135,15.41017494027933,177.313099325091,17,0.058823529411764705,0.058823529411764705,1.0,0.991319251612216,0.8714341691170443,0.03688829312584715
moderate_shrink,ACVR1B,True,0.01254881461040198,0.09428276795165136,0.13309764746021324,15.84093303726801,168.01514615471743,25,0.04,0.04,1.0,0.9911848926269415,0.9374368392026697,0.011051177250056459
moderate_shrink,DHX36,True,0.05190932687205064,0.13403585422130826,0.38727941246483577,20.386776768301157,152.09942807273268,1387,0.16870944484498918,0.18168709444844988,0.9285714285714286,0.8065464108660397,0.8955886115345006,0.031639768374435016
moderate_shrink,LZTR1,True,0.005097520510335802,0.12391952824348018,0.04113573205604904,19.219566721143025,155.09715856390238,191,0.041884816753926704,0.04712041884816754,0.8888888888888888,0.943666098795623,0.9459404864125771,0.013034263432964502
moderate_shrink,INSIG1,True,-0.005701313141970175,0.14736797095408208,-0.038687600196019724,22.00628414126829,149.32881275894854,219,0.0365296803652968,0.0365296803652968,1.0,0.9688330868406875,0.964667286017867,0.020113978188875555
moderate_shrink,LAD1,False,0.004620814663322786,0.018889864691570397,0.24461872749066457,2.854062854766455,151.0896399400934,2,0.0,0.0,,0.9998338555311811,,0.004641421249899507
moderate_shrink,TCF3,True,0.012912154276512596,0.18055037758856407,0.0715155207591792,25.65764189302743,142.10793815948557,6,0.0,0.0,,0.9999972782233558,,0.018327565776886906
moderate_shrink,DAXX,True,-0.006229233247812399,0.0916180491459673,-0.06799133255815006,14.674720223119122,160.1728083048257,28,0.03571428571428571,0.03571428571428571,1.0,0.9971969099864135,0.9789970478015939,0.020682210181598056
moderate_shrink,CLDN7,True,0.016112818069454055,0.12431591355796379,0.12961187034145277,19.705484048619866,158.51135614614574,7,0.0,0.0,,0.9999398095425246,,0.02145668594479574
moderate_shrink,NIT1,True,-0.0024628490294962353,0.09131780452678101,-0.026970085869442353,14.80074221513868,162.07947937248127,143,0.013986013986013986,0.013986013986013986,1.0,0.9886725785222196,0.9854493492436421,0.0027748619994607824
moderate_shrink,PRR12,True,0.020589247827306388,0.1166233642928638,0.17654479402260093,19.027740061442074,163.1554721201469,105,0.02857142857142857,0.02857142857142857,1.0,0.9836901811945857,0.9730090812636438,0.009400140748747616
moderate_shrink,ARID1A,True,0.020800758216558007,0.10751054193123302,0.19347645210329978,16.963211856953368,157.78184680534443,220,0.013636363636363636,0.031818181818181815,0.42857142857142855,0.9639596696487747,0.9934539938689719,0.023268408943982508
moderate_shrink,STX4,True,0.0022219355058437766,0.12165121449860097,0.01826480331496674,19.446450471709532,159.85414162826277,19,0.0,0.0,,0.9990480231631715,0.9786170676539916,0.00842409776147866
moderate_shrink,CENPO,True,0.0023685375696636092,0.1068651984262164,0.022163787692762612,16.226370094335454,151.83961039981344,5,0.2,0.2,1.0,0.9917890415274152,,0.009433544603608165
moderate_shrink,NRAS,True,0.01917550340420602,0.10288563680817202,0.18637687435378683,15.078415763201113,146.55510944948014,5,0.2,0.2,1.0,0.9889525397723252,,0.002332748579747912
moderate_shrink,CHMP3,True,0.011194668435577754,0.2571717017354394,0.043529938791998436,36.3801995820183,141.46268557745032,98,0.02040816326530612,0.04081632653061224,0.5,0.9846721308868736,1.0828393337788906,0.07098073765971533
moderate_shrink,EID2,True,-0.0060226401127843904,0.1397279444002894,-0.0431026172941532,20.48795558406321,146.6274743538042,4,0.0,0.0,,0.999335467589731,,0.012891889405769597
moderate_shrink,UQCRQ,True,-0.004758944068227321,0.12649218972039797,-0.03762243407080414,20.84599679293283,164.80066349559945,48,0.0,0.0,,0.9960317463920102,1.031814919383925,0.005593759454896994
moderate_shrink,ZNF426,True,0.007829729771571675,0.10035059373267836,0.07802375133354081,16.065714041628627,160.0958543845362,3,0.0,0.0,,0.9999980634817255,,0.013356420174240151
moderate_shrink,BIRC2,True,0.007491777295087403,0.09122427369819627,0.08212482260887032,14.843698258896653,162.71654086285315,75,0.02666666666666667,0.02666666666666667,1.0,0.9586590503302008,0.9138808631522959,0.009816063870319618
moderate_shrink,PLCB3,True,0.018945678420763154,0.1435148160618714,0.1320120036428531,23.117340840819374,161.07982071240048,2,0.0,0.0,,0.9992839641573388,,0.010689763802595094
moderate_shrink,TFAM,True,0.015145584449850986,0.11539880279617215,0.13124559425978183,19.800245422706922,171.5810298108544,98,0.08163265306122448,0.08163265306122448,1.0,0.9310788344874938,0.8972659404553746,0.072205881792571
moderate_shrink,PMS1,True,0.0034806803698700438,0.1406845140378241,0.02474103417618684,22.858961778598122,162.4838521491592,1,0.0,0.0,,0.9980823629272608,,0.017490916105699552
moderate_shrink,ZNF286A,True,0.011740670808977088,0.12283201686857592,0.09558314768647833,19.827410289447936,161.4189101092614,2,0.0,0.0,,0.9999998796859288,,0.0060502470789618144
moderate_shrink,GSK3B,True,0.011814567945760817,0.1347481819365796,0.08767886717255634,20.371232527812783,151.18001768217312,217,0.027649769585253458,0.041474654377880185,0.6666666666666666,0.9660405074362617,0.9578032807618428,0.043221461399883615
moderate_shrink,LRPPRC,True,0.009452754157978957,0.1292652890772046,0.07312677846821844,22.38105814917711,173.14051056513605,98,0.08163265306122448,0.08163265306122448,1.0,0.9522610363972377,0.8517313850106514,0.07078908689014238
moderate_shrink,CASP3,True,0.02487396256381439,0.10451273376452093,0.23799934867131364,15.985600263575545,152.953613284989,417,0.03357314148681055,0.050359712230215826,0.6666666666666666,0.9184945440008571,0.9679131413053161,0.009326869213319393
moderate_shrink,MAST2,True,-0.002502561385671188,0.11738836491224156,-0.021318649318798157,18.447138956012626,157.14622969494067,0,,,,,,0.009963201172283479
moderate_shrink,HAT1,True,-0.002047658735410799,0.23189248180291297,-0.008830207514666726,36.95460855895509,159.36096018137866,29,0.0,0.0,,0.9983474360926532,1.0967089651878028,0.026213187942166195
moderate_shrink,MAU2,True,-0.0010805757859660857,0.18821861467857282,-0.005741067576187514,27.820755163742735,147.81085925668492,902,0.0565410199556541,0.07982261640798226,0.7083333333333334,0.936249081421003,0.9630760052444765,0.029729000917223206
moderate_shrink,SMARCA4,True,0.02050604114571626,0.1415399848074813,0.1448780793187734,21.51919871513038,152.0361807612187,2229,0.0901749663526245,0.1516375056078959,0.5946745562130178,0.8326576184099059,0.9867105284850229,0.008860737067915108
moderate_shrink,TWF2,True,0.01349293772969033,0.08383710447810981,0.16094231562128183,13.904635675540863,165.85300461052321,4,0.0,0.0,,0.9999946522730907,,0.016329243729060403
moderate_shrink,IRF3,True,0.009174757500757245,0.07942131184814569,0.11552009513894042,12.570814333464034,158.28011450502797,4,0.25,0.25,1.0,0.9837514179017582,,0.005781295996609917
moderate_shrink,MKI67,True,0.0045777346702975995,0.10346872736498088,0.04424268846131512,15.897074640684306,153.6413469608856,5,0.0,0.0,,0.9999814906030379,,0.014788954256585858
moderate_shrink,AKT2,True,0.005630141515753138,0.14725820124155078,0.03823312704002065,24.70961296797035,167.79787312109457,50,0.02,0.02,1.0,0.9800115398772373,0.945661009221716,0.04948407590802348
moderate_shrink,SSBP1,True,0.007715425741916226,0.1254201111302212,0.06151665528270384,18.714861954173475,149.2173925339789,59,0.1016949152542373,0.1016949152542373,1.0,0.9468085929426673,0.8179921263286956,0.06068149309035082
moderate_shrink,PHF14,True,0.0046698882871791594,0.11842402282414327,0.03943362314345483,18.914096004060003,159.71502701058353,24,0.0,0.0,,0.9997168116863241,1.008917954896271,0.008628386738808707
moderate_shrink,DNMT1,True,0.05856366197456527,0.20430534368000244,0.2866477250163943,23.0041479622052,112.59689809306178,1279,0.08835027365129007,0.12822517591868648,0.6890243902439024,0.8290628696573634,0.9596622717849563,0.042991034317816576
moderate_shrink,TMSB10,True,0.03681233367498864,0.08811098525575219,0.4177950520940906,13.576104924925573,154.07959501893413,263,0.12547528517110265,0.12927756653992395,0.9705882352941176,0.8740370928698,0.8886869692897772,0.015937974465958096
moderate_shrink,CLDN6,True,0.008659930994196431,0.13458482485658355,0.06434552337846884,21.939532438552224,163.0163910524939,4,0.0,0.0,,0.9997822087820141,,0.002292414446882622
moderate_shrink,DLG5,True,0.031511809643867614,0.10921865219554003,0.28852040389081457,16.34683117829866,149.67069131224994,85,0.047058823529411764,0.058823529411764705,0.8,0.9736626215248125,0.9173862710784345,0.02150328948790898
moderate_shrink,NDUFB6,True,0.01013770210441065,0.07498171248891865,0.13520232824648912,12.417834412449587,165.61150712961893,12,0.08333333333333333,0.08333333333333333,1.0,0.9973847430799798,0.8885714491075799,0.02879896141147115
moderate_shrink,STAT6,True,-0.0015725126828317628,0.2634901768467601,-0.005968012552309683,40.250397129208125,152.75862504968006,73,0.0,0.0,,0.9970879144153357,0.9574448880090733,0.009819803787711431
moderate_shrink,ZNF714,True,-0.0031200421540172056,0.17553647140693104,-0.017774324213139053,26.4445494000929,150.64988596465963,8,0.125,0.125,1.0,0.989628646257865,,0.016325717148945616
moderate_shrink,SAFB,True,-0.007277247645997642,0.14182130230434986,-0.05131279665152559,22.532794799098877,158.88159559234117,165,0.024242424242424242,0.024242424242424242,1.0,0.9836114022246985,0.9259669892568769,0.012691317377395225
moderate_shrink,SOX2,True,0.0018731057682514207,0.2375330650279567,0.007885663278209136,39.25667428909904,165.26825132525732,1156,0.03546712802768166,0.06920415224913495,0.5125,0.9374895003491569,1.016355764804819,0.021829955958164064
moderate_shrink,SLC25A3,True,-0.00011850162951438853,0.10729940102672182,-0.0011044015938623637,17.832870464279953,166.19729740931973,21,0.0,0.0,,0.9993300282103653,0.9910229420292275,0.015122321301819314
moderate_shrink,ZNF593,True,-0.005790313823972656,0.08765034002159762,-0.0660615101156012,13.914527107347219,158.75040648922283,21,0.0,0.0,,0.999690816398606,0.9972655558968981,0.004155968297083196
moderate_shrink,RAF1,True,-0.0028207650473330045,0.12019486056298893,-0.02346826673054597,19.787798546432594,164.63098716323785,38,0.0,0.0,,0.9968169920208271,0.9628548732899298,0.00230592149773965
moderate_shrink,METTL17,True,-0.0035701996400639476,0.10281530081380971,-0.034724400082525586,16.091195528234987,156.5058449556536,81,0.024691358024691357,0.024691358024691357,1.0,0.9892118730762322,0.9425512368075659,0.02531404015920683
moderate_shrink,IKBKG,True,-0.0052640165442990735,0.10657264964335589,-0.04939369117606668,16.35907158811024,153.50159391603455,12,0.0,0.0,,0.9998443536474518,1.0043325202533127,0.006985029437674945
moderate_shrink,SMAGP,True,0.041456511383849454,0.09489052747289627,0.43688777465896944,14.422056289995986,151.98625905115114,79,0.0759493670886076,0.0759493670886076,1.0,0.9638384909648303,0.9259317143881074,0.012867987096594077
moderate_shrink,MAP1B,True,0.005889684065363592,0.09885538910929603,0.05957878592589289,16.06818636799496,162.5423410172381,3,0.3333333333333333,0.3333333333333333,1.0,0.9928235361509019,,0.005248142100208429
moderate_shrink,TAZ,True,0.00585863878987027,0.14417580229870633,0.04063538191888972,22.744397315624582,157.75460897732535,22,0.0,0.0,,0.9944777227899948,0.8502395301561275,0.031643160419362555
moderate_shrink,OXCT1,True,0.02990696782232121,0.10383213115222281,0.2880319173886182,16.260241663145127,156.60125129577514,129,0.13953488372093023,0.13953488372093023,1.0,0.7939263777874209,0.8336720100930239,0.006212874602947158
moderate_shrink,WSB2,True,-0.00647332988203136,0.1269017672536322,-0.05101055739510263,19.119373911381885,150.66278685598564,106,0.03773584905660377,0.03773584905660377,1.0,0.9843811444831377,0.9491343373165194,0.003160501979114327
moderate_shrink,C1QBP,True,0.0019502846519963664,0.1130558026083379,0.01725063735784343,17.87997229693505,158.15174351445802,66,0.030303030303030304,0.045454545454545456,0.6666666666666666,0.9921263593912603,0.9672973466491911,0.004270949918417929
moderate_shrink,CALM3,True,0.0007776288692540014,0.1690443778607324,0.004600146299421165,25.71965449480183,152.14735219405537,1,0.0,0.0,,0.9973719148642866,,0.004708570518328614
moderate_shrink,SIX4,True,-0.008750806435628904,0.08901941895286745,-0.09830221920749828,15.085465735754967,169.46263987346595,25,0.04,0.04,1.0,0.9941420524046034,0.9543901656210404,0.0038911870225825326
moderate_shrink,RRM1,True,-0.00031157919573513413,0.16827832088857494,-0.00185157062472382,26.87570095537325,159.709823662722,5,0.0,0.0,,0.9988000253219854,,0.01828460591675754
moderate_shrink,MBTPS1,True,0.018531150154970387,0.10874388778275466,0.17041095856340333,19.275152523674738,177.25274419268575,384,0.08854166666666667,0.09375,0.9444444444444444,0.9256929754521386,0.9145943797654469,0.007258978847169145
moderate_shrink,RAB3B,False,-0.0006294113257254472,0.0177402069427529,-0.03547936772984318,2.861320370740523,161.29013488816196,0,,,,,,0.004510395559036923
moderate_shrink,XRCC4,True,-0.0024141887411569004,0.10038135408749746,-0.02405017110102511,15.57504198676818,155.158715763011,14,0.07142857142857142,0.07142857142857142,1.0,0.981511961740782,0.8178194533683061,0.005623071157399079
moderate_shrink,TRAPPC6A,True,0.010144650731940496,0.12713501585609976,0.07979430893706668,19.943145836682753,156.86587760570848,230,0.04782608695652174,0.05652173913043478,0.8461538461538461,0.9589368459233564,0.9452082098689988,0.014762807144428118
moderate_shrink,SIN3B,True,0.03324492533645281,0.1766613987808945,0.18818443398427434,25.37769981607073,143.65164088588244,1161,0.07062876830318691,0.09560723514211886,0.7387387387387387,0.900498610148081,0.9471739538475721,0.022536693850928664
moderate_shrink,SV2A,False,-0.006258417120524187,0.018684232586856867,-0.3349571405424792,2.8610747751779315,153.12776491502842,18,0.0,0.0,,0.9984272291852773,1.0001540240861884,0.004558520001046703
moderate_shrink,EWSR1,True,0.016887085551833513,0.132173247402598,0.12776477754530513,19.568798003921472,148.05415156605153,178,0.028089887640449437,0.028089887640449437,1.0,0.9854059932949825,0.9507796728453819,0.010910115483696189
moderate_shrink,TXNDC9,True,-0.009319194985122632,0.24731873710232558,-0.037680909640367896,37.00780913294489,149.63609133113636,24,0.0,0.0,,0.9993308844042933,1.0061341302176203,0.010846549057456571
moderate_shrink,TMBIM6,True,0.005698800907985668,0.12119331221787233,0.04702240415494864,18.816264580411254,155.25827486738518,6,0.16666666666666666,0.16666666666666666,1.0,0.9940462821960818,,0.012312377449009622
moderate_shrink,METTL3,True,0.06684041032125018,0.11193823158722138,0.5971186910271016,18.15861496925015,162.2199557003105,2926,0.23547505126452495,0.28161312371838687,0.8361650485436893,0.673082174003877,0.9188021854093161,0.0015004938310696496
moderate_shrink,METTL14,True,0.0804018006873235,0.1347903884036533,0.5964950590285882,20.998432157582297,155.7858272112017,3008,0.24335106382978725,0.2908909574468085,0.8365714285714285,0.6544283152241492,0.9061704515440807,0.016188029885960596
moderate_shrink,MED24,True,0.02152269536794997,0.22534842490833915,0.09550852364157576,36.61276724173614,162.47181340019768,647,0.03709428129829984,0.05255023183925812,0.7058823529411765,0.9579104590742478,0.9804066890489035,0.05744694691674488
moderate_shrink,ATM,True,0.00865721226132548,0.1324085900124937,0.06538255758564163,18.43109764743622,139.1986550547598,76,0.0,0.0,,0.9963410691735478,0.9777606001089937,0.006107178971664827
moderate_shrink,PHF10,True,-0.011567581107612706,0.14348620317012362,-0.0806180723445422,24.42886144481551,170.25233719406157,120,0.075,0.08333333333333333,0.9,0.9522533345498116,0.8775498512810891,0.06254800819769449
moderate_shrink,DZIP3,False,-0.003635380958776349,0.018865166184831483,-0.19270336254442186,2.8513567967177766,151.1440063014344,1,0.0,0.0,,0.9999983727270154,,0.004606407151496635
moderate_shrink,ZNF562,True,0.0006497703343452566,0.12841747101492837,0.005059828146512258,20.98912411332047,163.44445928919214,10,0.0,0.0,,0.9996897604505243,0.9429380561408423,0.0035983001182493895
moderate_shrink,MED1,True,-0.0004728205300976917,0.12008255810166713,-0.003937462172461227,21.568105986007755,179.61064726608552,302,0.0033112582781456954,0.009933774834437087,0.3333333333333333,0.9902128225903584,0.9659599311488314,0.03243213890627112
continuous_natural,TMSB4X,True,-0.006187866539706181,0.07853068782984955,-0.07879552198897423,12.310334181460277,156.75826255505066,0,,,,,,0.00881388191859429
continuous_natural,PRCP,True,0.013118901609827595,0.0625451253939434,0.20975098422455116,9.088082293909485,145.30440600554837,6,0.16666666666666666,0.16666666666666666,1.0,0.9495807606258954,,0.0070915365078796635
continuous_natural,TADA1,True,0.018657717861549152,0.09186179696453015,0.2031063889241499,13.925913349617414,151.59635245318046,533,0.024390243902439025,0.0450281425891182,0.5416666666666666,0.942606631545323,0.9874938865698213,0.0355694333929899
continuous_natural,HIRA,True,-0.0029618590292764205,0.06324278134855593,-0.04683315575500145,9.52114870001899,150.54917726568954,32,0.0,0.0,,0.9977862480250921,0.9867182566339041,0.006430414812068435
continuous_natural,IGF2R,True,-0.0030396942084946654,0.07079151226694498,-0.04293868164635896,10.744185758177313,151.77223107852927,6,0.0,0.0,,0.9958356411036144,,0.01077442112338177
continuous_natural,NCK2,True,0.007157584876059718,0.05876038080721448,0.12180970881626628,9.938554734410257,169.13700350270742,2,0.5,0.5,1.0,0.9829156430270634,,0.006579804081175774
continuous_natural,MED13,True,0.0063227561385637635,0.07320181628387606,0.08637430680741807,12.051719101033045,164.6368862528844,113,0.0,0.008849557522123894,0.0,0.9938307233043367,0.9996818077806251,0.012295398042837156
continuous_natural,MED12,True,-0.00910270747866213,0.25997313923502857,-0.035014030701198066,44.94676638274018,172.89003977486334,68,0.0,0.0,,0.996105398243274,0.9845221644928416,0.15676384404594992
continuous_natural,STAT1,True,0.01289352244347177,0.08952431372883816,0.14402257784991457,14.322937356065056,159.98935662827938,8,0.25,0.25,1.0,0.9701033853301422,,0.009114586090760594
continuous_natural,USP22,True,-0.011110370665920733,0.07857809698076047,-0.14139271747241552,11.77561753732917,149.85877731567336,21,0.0,0.0,,0.9998955001302237,0.9903877754380365,0.011721864958013719
continuous_natural,MED13L,True,-0.008279190979484347,0.09328716868739578,-0.08874951502953016,15.96807281067897,171.1711592854511,16,0.0,0.0,,0.9999428479885019,0.991245529454745,0.019586820816319215
continuous_natural,TET1,True,0.018512838953211683,0.08415002984168889,0.21999800817705967,13.824639112705812,164.28561152876654,46,0.0,0.021739130434782608,0.0,0.9967660461634827,1.0038550075770345,0.016316320736324528
continuous_natural,KIF1B,True,0.006552457915716938,0.06037896572397142,0.10852219538956936,9.868016887313855,163.4346790971296,2,0.0,0.0,,0.999998477316267,,0.008939118075672069
continuous_natural,SRC,False,0.0037545963449818758,0.013868387436037811,0.27073056347022284,2.234540045066909,161.1247201863085,6,0.0,0.0,,0.999194655504493,,0.0024678796583682706
continuous_natural,PBX1,True,0.01394670644211975,0.06775067333638042,0.20585339975699868,10.563939978220825,155.92376367643055,5,0.0,0.0,,0.9999998571943919,,0.0025430008852285204
continuous_natural,CAST,True,0.0005169555946673651,0.0930672190436675,0.005554647490055628,15.486625223459724,166.4025785082644,38,0.07894736842105263,0.15789473684210525,0.5,0.9561555855862421,0.9911519609022267,0.033483438969432754
continuous_natural,IDE,True,-0.002003297814051557,0.0635299563818459,-0.03153312119420897,9.94474729872442,156.53634702582917,0,,,,,,0.006682833064441493
continuous_natural,MAPKAPK2,True,-0.002670357610515173,0.09108752225900792,-0.0293163931160845,14.267841262154514,156.63881186254932,5,0.0,0.0,,0.9992793313327442,,0.0024677890616178434
continuous_natural,PTPN1,True,0.0038349209968287345,0.19521697688215836,0.01964440315630778,28.720736276380844,147.12212398267982,2,0.0,0.0,,0.9999081501207723,,0.08409695256410543
continuous_natural,KDM2B,True,0.011777456412086168,0.05264139260471555,0.22372995525637288,9.322714709553168,177.0985577748194,44,0.045454545454545456,0.045454545454545456,1.0,0.9941824507969903,0.9839917407589994,0.0020846129965947243
continuous_natural,ATP1B1,False,0.00024612114957995993,0.014592200931169003,0.016866622844689875,2.2405832129567513,153.54662559304924,2,0.0,0.0,,0.9999977616133381,,0.002470854805004588
continuous_natural,KAT2A,True,0.00867243478462284,0.10136097227325364,0.08555990131234421,15.507836216664144,152.99612729500458,738,0.023035230352303523,0.04607046070460705,0.5,0.9481181369531307,1.0082240457105516,0.028136717606707995
continuous_natural,NISCH,True,0.0007190895199592006,0.05733978069563685,0.012540848800524244,8.818513660851789,153.7939900339175,6,0.16666666666666666,0.16666666666666666,1.0,0.9530729452566996,,0.0006280064548139122
continuous_natural,KDR,False,-0.01051905652142746,0.013609668514894114,-0.7729105606000355,2.233937421271542,164.14341163612997,7,0.0,0.0,,0.9989549014601228,,0.0025050000623541486
continuous_natural,WFS1,False,-0.005469944417690736,0.014505098084260988,-0.3771049589541208,2.233505443191171,153.98071975912217,4,0.0,0.0,,0.9986304725168998,,0.0025238232183442764
continuous_natural,TARBP2,True,-0.0039643849807469685,0.10700952080630442,-0.0370470304966865,16.333980663393305,152.64044302150538,4,0.0,0.0,,0.998693433842718,,0.006888982400315527
continuous_natural,MAP3K7,True,-0.011113526329291076,0.08254595582321987,-0.13463441326055714,12.770340597330621,154.7058298613628,1,0.0,0.0,,0.9999994780086207,,0.009448158563972277
continuous_natural,HMGN1,True,-0.00026156310223253193,0.07202181819367466,-0.003631720342426787,12.08327955441233,167.77248696942155,3,0.0,0.0,,0.999999313028683,,0.0062539127943150264
continuous_natural,TSC22D4,True,0.008653906088220495,0.06642524021849983,0.1302803882944834,10.5899930864681,159.42724560172118,3,0.3333333333333333,0.3333333333333333,1.0,0.9514975225845546,,0.016270094983656277
continuous_natural,FOXH1,True,0.0033320592090183734,0.06200392733865679,0.05373948638477578,10.09863054165378,162.8708208513385,32,0.0,0.0,,0.99748459421307,0.9986367380148325,0.007931967625596984
continuous_natural,PAGR1,True,-0.0003996229736332859,0.06894220128857585,-0.005796492803595841,10.931565413394956,158.56130510886928,18,0.0,0.0,,0.9988174898805309,0.9679076374256305,0.0012130952756514146
continuous_natural,KLF10,True,-0.001758096376747176,0.04856480322453483,-0.036201039848113487,7.543999681468249,155.33882936968305,15,0.0,0.0,,0.999652710132607,0.9872720623588754,0.002706343351646024
continuous_natural,POLB,True,-0.004660651585170645,0.12087629103139269,-0.03855720212295586,18.60689596399499,153.9333793685199,3,0.0,0.0,,0.9943775875582603,,0.004352240775667425
continuous_natural,RNF2,True,0.014419050085443919,0.1008078797787717,0.1430349504134726,14.986964337467093,148.66857997962848,377,0.013262599469496022,0.023872679045092837,0.5555555555555556,0.9812330864638535,0.9963251570688372,0.0011973481514542359
continuous_natural,SMARCA5,True,0.010207439233809517,0.11374564496844229,0.08973916528093431,17.52801718787044,154.09835860294635,953,0.04407135362014691,0.07240293809024134,0.6086956521739131,0.9202294095682526,0.9909807377037749,0.013529841243981757
continuous_natural,ACAT2,True,0.008077593052417769,0.09814921512632713,0.0822991100032859,13.969468642901914,142.32888795821663,313,0.04792332268370607,0.051118210862619806,0.9375,0.9472459956687321,0.9371282530291236,0.0025888318169577395
continuous_natural,TRAM2,True,0.0010048685523190626,0.07098492283240661,0.014156084309502296,10.811796602752057,152.31116934899546,1,0.0,0.0,,0.9999992256762053,,0.009442188684269019
continuous_natural,CAMSAP2,False,-0.005891977620427112,0.012405613112309194,-0.47494449222996704,2.2330116793746138,180.000106335652,2,0.0,0.0,,0.9999976091808696,,0.002491753659868435
continuous_natural,CDCA2,True,0.018640188258816894,0.09919147589490408,0.18792127136576384,14.95919854666938,150.8113314345583,8,0.125,0.125,1.0,0.9777675567304661,,0.005821619701774806
continuous_natural,CREG1,True,0.015840844041697905,0.06427848066429238,0.24644085980236494,10.233097323461003,159.19942751767056,4,0.0,0.0,,0.9998064133720751,,0.008181452685677972
continuous_natural,CASP2,True,0.002391520982783732,0.08674786381658703,0.027568644086039734,13.287744906153993,153.17662385610524,2,0.0,0.0,,0.9999993094623945,,0.00189605455744524
continuous_natural,UBE3C,True,-0.01596596058935974,0.11130830484315375,-0.1434390777207291,18.07098595687045,162.35074267220722,37,0.10810810810810811,0.10810810810810811,1.0,0.9394557062014215,0.7950042431815356,0.04993560981563533
continuous_natural,EIF4B,True,0.03289280806117121,0.10625976032817863,0.3095509340467474,16.64606565759497,156.6544626694463,124,0.016129032258064516,0.016129032258064516,1.0,0.985713562631252,0.9737055123295205,0.022657051307729985
continuous_natural,STAG2,True,0.009024723287632826,0.07781970403291905,0.11596964290451701,13.155257321963166,169.04789712896198,453,0.02207505518763797,0.033112582781456956,0.6666666666666666,0.9700147631818408,0.9809391098897835,0.029570230514985984
continuous_natural,HMGB2,True,0.009688150927964389,0.0675330095530836,0.14345800656713104,10.697453997550701,158.4033359144476,26,0.07692307692307693,0.07692307692307693,1.0,0.9670820644798822,0.872440952044626,0.008143213864286647
continuous_natural,TGFBR2,False,-0.00492596367041153,0.013626152975420705,-0.3615080264618445,2.237510352643347,164.20704777639295,260,0.023076923076923078,0.023076923076923078,1.0,0.9848568809318662,0.9974308845723422,0.00250875939181119
continuous_natural,ANTXR1,False,-0.014005645826097084,0.013539908651657486,-1.034397364592455,2.2384779478773007,165.32444977782606,2,0.0,0.0,,0.9999975439354336,,0.002477710771853297
continuous_natural,MTA1,True,0.02090824710629066,0.09766022957518718,0.21409172594862383,14.578815010100692,149.28098237652284,28,0.17857142857142858,0.17857142857142858,1.0,0.8877813111440503,0.6812806758990975,0.0023765964705168502
continuous_natural,DHCR24,True,0.0239642703243859,0.09205727449345627,0.26031913780034144,13.063419112167148,141.90534299487368,32,0.0,0.0,,0.9975057907142666,0.9345326265023425,0.009081871776636535
continuous_natural,NDUFB4,True,-0.012288697504341979,0.06855144831357192,-0.1792624051957345,12.155069763703219,177.313099325091,17,0.058823529411764705,0.058823529411764705,1.0,0.986351070066304,0.865546073558821,0.03010482197691919
continuous_natural,ACVR1B,True,0.010759433959243822,0.0688583545769093,0.1562545899528632,11.569246508212771,168.01514615471743,25,0.04,0.04,1.0,0.9850350114450447,0.9364734772916062,0.006404336911450496
continuous_natural,DHX36,True,0.05137251678248103,0.1188817618141031,0.4321311864709145,18.081847980203914,152.09942807273268,1387,0.16798846431146358,0.1802451333813987,0.932,0.788322859083578,0.90639998678396,0.026023237022919653
continuous_natural,LZTR1,True,0.006565428056871531,0.10428552318664935,0.06295627481410611,16.174388325599274,155.09715856390238,191,0.04712041884816754,0.05759162303664921,0.8181818181818182,0.9277382132418482,0.9520872739228246,0.011861769427834701
continuous_natural,INSIG1,True,-0.006313257938902815,0.11139537600021653,-0.05667432675922332,16.634539244949003,149.32881275894854,219,0.0410958904109589,0.0410958904109589,1.0,0.9551869036879949,0.9694724068565553,0.012965664105385319
continuous_natural,LAD1,False,0.00447373813021507,0.014779883313618942,0.3026910318089412,2.2330872482112807,151.0896399400934,2,0.0,0.0,,0.9998098440670206,,0.002550908518417916
continuous_natural,TCF3,True,0.010630294715302633,0.13593796853313775,0.07819959964100298,19.317864425833235,142.10793815948557,6,0.0,0.0,,0.9999981966777617,,0.011347982936994606
continuous_natural,DAXX,True,-0.0026394834925870456,0.0698301718291904,-0.03779861087902534,11.184894726289954,160.1728083048257,28,0.03571428571428571,0.03571428571428571,1.0,0.9952952148539688,0.9764270203764184,0.015816683926130386
continuous_natural,CLDN7,True,0.007829683509923344,0.08968995082223408,0.08729722157437474,14.216875737513444,158.51135614614574,7,0.0,0.0,,0.9999795603541111,,0.014411787717829727
continuous_natural,NIT1,True,-0.003943357577942403,0.06630490867595269,-0.05947308663396998,10.74666507803833,162.07947937248127,143,0.02097902097902098,0.02097902097902098,1.0,0.9876948445918275,0.986810013150985,0.0016958754591016253
continuous_natural,PRR12,True,0.019896167308058797,0.08648444622878683,0.23005486160396144,14.110410655507172,163.1554721201469,105,0.02857142857142857,0.02857142857142857,1.0,0.9747806621336779,0.9709186696462027,0.006944052620728695
continuous_natural,ARID1A,True,0.024216769598512697,0.08529626498545106,0.28391359929585824,13.458202215002505,157.78184680534443,220,0.013636363636363636,0.03636363636363636,0.375,0.9479824373992891,0.9930695133182015,0.01783384745906071
continuous_natural,STX4,True,0.0015586289973170571,0.08835172896912112,0.017641182753331253,14.123389795731775,159.85414162826277,19,0.0,0.0,,0.9987879218516286,0.9862339395912971,0.007506936038844929
continuous_natural,CENPO,True,0.007267587749774301,0.07826685909393259,0.09285651467183637,11.88400939203982,151.83961039981344,5,0.2,0.2,1.0,0.9852141784062007,,0.007126180969505696
continuous_natural,NRAS,True,0.016149706333523098,0.07580942891022789,0.21303031253074442,11.110259151241033,146.55510944948014,5,0.2,0.2,1.0,0.9825705878227878,,0.001654970377186549
continuous_natural,CHMP3,True,0.01044079239092404,0.20130234287543428,0.051866223918639605,28.476770036191656,141.46268557745032,98,0.02040816326530612,0.04081632653061224,0.5,0.9796420005743436,1.067527981895186,0.057848639350946966
continuous_natural,EID2,True,-0.007138618020229251,0.10238857041095423,-0.06972084864137837,15.012977482054865,146.6274743538042,4,0.0,0.0,,0.9992838747234265,,0.009179246323728494
continuous_natural,UQCRQ,True,-0.006698025385389471,0.09937671264138201,-0.06740035172586609,16.37734817931128,164.80066349559945,48,0.0,0.020833333333333332,0.0,0.994760960928198,1.0357250572077268,0.002714720796595588
continuous_natural,ZNF426,True,0.004507130605202088,0.07384100209587938,0.061038318512386544,11.821638319150138,160.0958543845362,3,0.0,0.0,,0.9999980935338997,,0.009722969496027554
continuous_natural,BIRC2,True,0.010604066852861577,0.06901194439975271,0.1536555294173044,11.22938487094731,162.71654086285315,75,0.02666666666666667,0.02666666666666667,1.0,0.9337871142347391,0.9224606942212618,0.007243461562214202
continuous_natural,PLCB3,True,0.02093452731445415,0.10359602940066713,0.20207847188320266,16.68722984237603,161.07982071240048,2,0.0,0.0,,0.9996125961970811,,0.00598732189881747
continuous_natural,TFAM,True,0.019378574724425744,0.08898656255281409,0.2177696740777512,15.268406042139855,171.5810298108544,98,0.08163265306122448,0.08163265306122448,1.0,0.8901946938846513,0.9125529241220315,0.05381587780054608
continuous_natural,PMS1,True,0.0012687067679421186,0.10205901202534658,0.012431109637109094,16.582941420415672,162.4838521491592,1,0.0,0.0,,0.9963409392825039,,0.013934130976482757
continuous_natural,ZNF286A,True,0.012445188499353733,0.08899531835631852,0.1398409346604708,14.365527293903678,161.4189101092614,2,0.0,0.0,,0.999999914673677,,0.0036550223182235477
continuous_natural,GSK3B,True,0.014915308468746292,0.11084900474965262,0.13455518615103337,16.758154498103774,151.18001768217312,217,0.027649769585253458,0.041474654377880185,0.6666666666666666,0.9557138010765337,0.9626242135767611,0.034229418368529343
continuous_natural,LRPPRC,True,0.009821840833801148,0.10000675977183668,0.09821176944648013,17.31522144686071,173.14051056513605,98,0.09183673469387756,0.09183673469387756,1.0,0.9262891903995834,0.8658066967270249,0.054793470397061034
continuous_natural,CASP3,True,0.026561683028730174,0.078908973073731,0.3366116931202673,12.069412552235061,152.953613284989,417,0.02877697841726619,0.0407673860911271,0.7058823529411765,0.8831714165485418,0.9719534947997186,0.006734391286248502
continuous_natural,MAST2,True,-0.004232544156006081,0.08437756379950735,-0.05016196208346552,13.259616021936894,157.14622969494067,0,,,,,,0.006494606552765102
continuous_natural,HAT1,True,-0.0020750365677396593,0.1750093040314913,-0.011856721442457004,27.889650731133273,159.36096018137866,29,0.0,0.0,,0.9988237891663294,1.07410322166615,0.013392257267126327
continuous_natural,MAU2,True,-0.005236007917458443,0.14868279271366602,-0.035215964281367584,21.976931347690545,147.81085925668492,902,0.04988913525498891,0.06873614190687362,0.7258064516129032,0.9340308946313044,0.968478752570979,0.024421443191535042
continuous_natural,SMARCA4,True,0.02486708551773601,0.1067675902361366,0.23290855832502896,16.232536648580993,152.0361807612187,2229,0.08838043965903992,0.14490803050695378,0.6099071207430341,0.8276294927193882,0.9880386954879202,0.007922190797529274
continuous_natural,TWF2,True,0.009031755712823674,0.0623167017147618,0.14493314736335283,10.335412216810989,165.85300461052321,4,0.0,0.0,,0.9999946795281253,,0.011941394288326591
continuous_natural,IRF3,True,0.009307047632924031,0.058111170045767276,0.16015935706670462,9.197842648865196,158.28011450502797,4,0.25,0.25,1.0,0.9700338705795314,,0.003031730221314919
continuous_natural,MKI67,True,0.004388223280131369,0.07681998791469473,0.05712345704876056,11.802726416732652,153.6413469608856,5,0.0,0.0,,0.9999938259614098,,0.01062053953015506
continuous_natural,AKT2,True,0.004431768636639711,0.11362492793103035,0.039003489087621405,19.066021240364545,167.79787312109457,50,0.02,0.02,1.0,0.969052129340276,0.9613320094670197,0.034066014665603335
continuous_natural,SSBP1,True,0.006064192482414333,0.09932876581213765,0.061051724873775776,14.821579438105408,149.2173925339789,59,0.11864406779661017,0.11864406779661017,1.0,0.9198956203426902,0.8302969979825104,0.04599121635603413
continuous_natural,PHF14,True,0.0054261442142241175,0.08702198434033433,0.06235371734345895,13.898718579431073,159.71502701058353,24,0.0,0.0,,0.9996012374507276,1.0125063141047137,0.0069644753078895415
continuous_natural,DNMT1,True,0.06084324714033015,0.18531028353986706,0.3283317362538088,20.865363111334794,112.59689809306178,1279,0.08444096950742767,0.12197028928850664,0.6923076923076923,0.8159446336469358,0.9642965113521642,0.038916173784580343
continuous_natural,TMSB10,True,0.038616855795164225,0.07073875212539393,0.5459080720947787,10.899398279625464,154.07959501893413,263,0.12927756653992395,0.13307984790874525,0.9714285714285714,0.8183677726034584,0.8962512432785508,0.012044901628488104
continuous_natural,CLDN6,True,0.006352204610514348,0.09606601321713511,0.0661233291336516,15.660334777458544,163.0163910524939,4,0.0,0.0,,0.9997895390520639,,0.0010952211330330435
continuous_natural,DLG5,True,0.036197876516989386,0.08129084130809804,0.44528849664375936,12.166856415937438,149.67069131224994,85,0.047058823529411764,0.047058823529411764,1.0,0.9619190271492911,0.9280088678614163,0.01484317661290465
continuous_natural,NDUFB6,True,0.00917189618701527,0.05653370734459404,0.1622376563969021,9.362632476963027,165.61150712961893,12,0.08333333333333333,0.08333333333333333,1.0,0.9957811994109446,0.8961438938649536,0.02186036372915954
continuous_natural,STAT6,True,-0.00314182733799292,0.20236401809864987,-0.015525622427902768,30.912849164278327,152.75862504968006,73,0.0,0.0,,0.9978920173737448,0.9816951060029022,0.0135598327502565
continuous_natural,ZNF714,True,-0.004324923963820849,0.1263492041413243,-0.034229926442459646,19.034493195616008,150.64988596465963,8,0.125,0.125,1.0,0.9826498640809795,,0.01243821946971407
continuous_natural,SAFB,True,-0.009686192503088395,0.10604994628349684,-0.09133613775904127,16.84938467800405,158.88159559234117,165,0.024242424242424242,0.024242424242424242,1.0,0.9818358071617741,0.949349353512948,0.010412911293728429
continuous_natural,SOX2,True,0.0029772313616445553,0.19627756880214767,0.01516847482783768,32.43845057030383,165.26825132525732,1156,0.03460207612456748,0.06228373702422145,0.5555555555555556,0.9365601220921613,1.0152998662730228,0.03400515080768057
continuous_natural,SLC25A3,True,0.0006922634235873012,0.07923018834942744,0.008737369404376834,13.167843176906212,166.19729740931973,21,0.0,0.0,,0.999480171831739,0.9869544185974287,0.011008597891988168
continuous_natural,ZNF593,True,-0.006035500781871925,0.06409963758970938,-0.09415811085398197,10.175843523178232,158.75040648922283,21,0.0,0.0,,0.999879502479964,0.9978647083155354,0.0022044740489145895
continuous_natural,RAF1,True,-0.002992426182602824,0.08698150251514308,-0.03440301783798062,14.31985062400966,164.63098716323785,38,0.0,0.0,,0.9976033668105703,0.9830861045375553,0.0025668415927856693
continuous_natural,METTL17,True,-0.005316803264065839,0.0795157212193745,-0.06686480588407676,12.4446751366964,156.5058449556536,81,0.024691358024691357,0.024691358024691357,1.0,0.9855186878986173,0.9540667975533242,0.02006838939441213
continuous_natural,IKBKG,True,-0.006771714927192601,0.07750696384050015,-0.08736911616261943,11.897442489109228,153.50159391603455,12,0.0,0.0,,0.9998101554675108,1.0105965504016494,0.004926536931709039
continuous_natural,SMAGP,True,0.048478588514543466,0.07157741193565703,0.6772889268212471,10.878783072663726,151.98625905115114,79,0.0759493670886076,0.0759493670886076,1.0,0.9435814066156061,0.9237604252167428,0.00836263390965929
continuous_natural,MAP1B,True,0.007043043908548267,0.07181757241512324,0.09806853213915029,11.673396346529154,162.5423410172381,3,0.3333333333333333,0.3333333333333333,1.0,0.9911227924212791,,0.004100652827241648
continuous_natural,TAZ,True,0.006062668225831796,0.11254284224041274,0.05386986951049978,17.754152070833126,157.75460897732535,22,0.0,0.0,,0.9928412974819821,0.8720940763127019,0.02269461650700563
continuous_natural,OXCT1,True,0.029142184006828456,0.08448144220201585,0.3449536755911711,13.229899560107388,156.60125129577514,129,0.13953488372093023,0.13953488372093023,1.0,0.707055414063825,0.8439273178076381,0.002862088517321802
continuous_natural,WSB2,True,-0.002947572436823394,0.0929206309054976,-0.03172139930712634,13.999681208638696,150.66278685598564,106,0.03773584905660377,0.03773584905660377,1.0,0.975687173150732,0.957409752486641,0.0022618725100596662
continuous_natural,C1QBP,True,0.0011890527643574763,0.09004733840220425,0.013204751916669305,14.241143567145013,158.15174351445802,66,0.030303030303030304,0.045454545454545456,0.6666666666666666,0.9911811761088966,0.964541261259349,0.002173506041510195
continuous_natural,CALM3,True,-0.004571149204164663,0.12382465317669013,-0.03691630936887758,18.83959311718063,152.14735219405537,1,0.0,0.0,,0.9956339375897109,,0.0015029572269931542
continuous_natural,SIX4,True,-0.011043132065034574,0.06481063009459419,-0.17039075301253204,10.982980467692629,169.46263987346595,25,0.04,0.04,1.0,0.9910169241666801,0.9504155551407103,0.0025912104894200193
continuous_natural,RRM1,True,-0.0032711473131600078,0.12763316032869174,-0.025629290262310138,20.38426952961128,159.709823662722,5,0.0,0.0,,0.998435396728881,,0.01453736177452549
continuous_natural,MBTPS1,True,0.02444241562431768,0.0822104098362391,0.29731533601409244,14.572020744678747,177.25274419268575,384,0.08854166666666667,0.09635416666666667,0.918918918918919,0.8965960432672219,0.9214966234833404,0.008086095555381818
continuous_natural,RAB3B,False,-0.0024453497851159266,0.013886416183417205,-0.17609653583882207,2.239741939336516,161.29013488816196,0,,,,,,0.002437945146073313
continuous_natural,XRCC4,True,-0.0033799017035581872,0.07267092101190521,-0.04650968580685086,11.275526777522424,155.158715763011,14,0.07142857142857142,0.07142857142857142,1.0,0.9662807360646615,0.8291745074502311,0.0038080819992518176
continuous_natural,TRAPPC6A,True,0.012295719204791928,0.09725022441294431,0.1264338388833099,15.255241799888605,156.86587760570848,230,0.043478260869565216,0.04782608695652174,0.9090909090909091,0.9398641159452463,0.9506372949872155,0.011376704764267598
continuous_natural,SIN3B,True,0.029958120255213515,0.13295261150857407,0.2253293103105502,19.098860803269922,143.65164088588244,1161,0.07407407407407407,0.09905254091300603,0.7478260869565218,0.8849446014389591,0.9613924592277734,0.017733798679088267
continuous_natural,SV2A,False,-0.007008110652104219,0.014628473408703055,-0.4790732741760202,2.240025437193626,153.12776491502842,18,0.0,0.0,,0.9981305895089974,1.0018973570782892,0.0024716428105115017
continuous_natural,EWSR1,True,0.01460764009987117,0.09904968563533147,0.14747790471190106,14.664717169623122,148.05415156605153,178,0.028089887640449437,0.028089887640449437,1.0,0.9845707676966461,0.9591370833780137,0.006470112403383338
continuous_natural,TXNDC9,True,-0.006526318142819981,0.1842483011303912,-0.035421320591723406,27.57019561555393,149.63609133113636,24,0.0,0.0,,0.9996932926087919,0.9889532317363151,0.0028360925800232166
continuous_natural,TMBIM6,True,0.004053456973548699,0.08669868705327019,0.04675338360150872,13.460688585158032,155.25827486738518,6,0.16666666666666666,0.16666666666666666,1.0,0.9884955303592045,,0.008494562715692548
continuous_natural,METTL3,True,0.06790864986655572,0.09265102972758689,0.7329508378506007,15.029845937997296,162.2199557003105,2926,0.23752563226247436,0.27853725222146275,0.852760736196319,0.6484809827661702,0.9313605998925312,0.001209550217472297
continuous_natural,METTL14,True,0.08072218976846461,0.11462933869151617,0.7042018272974556,17.857626350730857,155.7858272112017,3008,0.2440159574468085,0.2859042553191489,0.8534883720930233,0.6321107078144843,0.9194354469834809,0.012150233320057463
continuous_natural,MED24,True,0.01874939130580579,0.17557178971252407,0.10679045498428577,28.525467056511957,162.47181340019768,647,0.03400309119010819,0.04636785162287481,0.7333333333333333,0.956569430772442,0.9811312309975545,0.04261231123563735
continuous_natural,ATM,True,0.007301997296970383,0.09702480932819421,0.07525907391655665,13.505722965429147,139.1986550547598,76,0.0,0.0,,0.9963612961734631,0.9818103768438516,0.004807322299630564
continuous_natural,PHF10,True,-0.010697643466780326,0.11698392736152566,-0.09144541227206764,19.91678704744007,170.25233719406157,120,0.08333333333333333,0.09166666666666666,0.9090909090909091,0.9368450935007127,0.8955578229060779,0.048869217021848065
continuous_natural,DZIP3,False,-0.008466314971041795,0.014765050813977767,-0.573402359240573,2.2316489332688545,151.1440063014344,1,0.0,0.0,,0.9999843879407854,,0.0025230664485119307
continuous_natural,ZNF562,True,-0.0032338702071794093,0.092634829898112,-0.03490987364834919,15.140649684043206,163.44445928919214,10,0.0,0.0,,0.9996952409284299,0.9584680568675072,0.003865509106150322
continuous_natural,MED1,True,0.0009704188984590693,0.0951754760588169,0.01019610238523384,17.09452885878193,179.61064726608552,302,0.0,0.0033112582781456954,0.0,0.9910976882592658,0.9796630066891815,0.024079171139536726
dense_at_continuous_norm,TMSB4X,True,-0.004359290255838071,0.07887915645045127,-0.05526542691384388,12.364959516980758,156.75826255505066,0,,,,,,0.009709706311895465
dense_at_continuous_norm,PRCP,True,0.011341908993581366,0.0642868302757973,0.1764266327165825,9.34115968720423,145.30440600554837,6,0.16666666666666666,0.16666666666666666,1.0,0.9711777802063001,,0.0071504264599775
dense_at_continuous_norm,TADA1,True,0.021937500296816195,0.09221123529951003,0.23790485211006349,13.978886926607677,151.59635245318046,533,0.01876172607879925,0.04127579737335835,0.45454545454545453,0.9503295234421885,0.9859258983952688,0.03649433549124364
dense_at_continuous_norm,HIRA,True,-7.137111037303523e-05,0.0636738856476816,-0.0011208851108591628,9.586051097568062,150.54917726568954,32,0.0,0.0,,0.9981823507907701,0.9866549286441973,0.005533235763253556
dense_at_continuous_norm,IGF2R,True,0.0005840074936833289,0.07103256212884583,0.008221687014808769,10.780770433519177,151.77223107852927,6,0.0,0.0,,0.9973481272668192,,0.011415396291885635
dense_at_continuous_norm,NCK2,True,0.00306730529344526,0.05868394154876847,0.05226822214891988,9.92562602728673,169.13700350270742,2,0.5,0.5,1.0,0.9895141907634405,,0.007118460322822439
dense_at_continuous_norm,MED13,True,0.004475160487190526,0.07432849789847357,0.06020786930610675,12.237212453858751,164.6368862528844,113,0.0,0.008849557522123894,0.0,0.9945440469509991,0.9958987846624032,0.012368771177488918
dense_at_continuous_norm,MED12,True,-0.008125811111401482,0.26080552741431035,-0.0311565908589544,45.090678008164325,172.89003977486334,68,0.0,0.0,,0.9963620072792987,0.97605304938943,0.14956946901925752
dense_at_continuous_norm,STAT1,True,0.014904842136625688,0.08992238039536307,0.16575230850310396,14.386623785937541,159.98935662827938,8,0.25,0.25,1.0,0.9777517252656798,,0.01160814568851307
dense_at_continuous_norm,USP22,True,-0.012936829093806645,0.08011613396145383,-0.16147595314610322,12.006105878722165,149.85877731567336,21,0.0,0.0,,0.9998288869341149,0.9847732855223102,0.011722119783978273
dense_at_continuous_norm,MED13L,True,-0.005787189874623128,0.09369633649160315,-0.06176538049747294,16.03811053806743,171.1711592854511,16,0.0,0.0,,0.9998048238870189,0.9912154120643084,0.019136149324132806
dense_at_continuous_norm,TET1,True,0.018593110431765703,0.08496728964047143,0.21882668625114618,13.958903138526678,164.28561152876654,46,0.0,0.0,,0.997492086120542,1.0014582636714284,0.01709492298892866
dense_at_continuous_norm,KIF1B,True,0.009070667803153883,0.061395005445766954,0.1477427640456262,10.034073013195446,163.4346790971296,2,0.0,0.0,,0.9999989589568962,,0.00967385475505762
dense_at_continuous_norm,SRC,False,0.006768146973353669,0.014034373259356012,0.48225502117393704,2.261284464403948,161.1247201863085,6,0.0,0.0,,0.9992370662543529,,0.0032156060303215224
dense_at_continuous_norm,PBX1,True,0.014901645661671306,0.06772229769623773,0.22004046183594209,10.559515541613049,155.92376367643055,5,0.0,0.0,,0.9999997954904659,,0.0029942134970089708
dense_at_continuous_norm,CAST,True,0.0020157112246197103,0.09301160203949341,0.021671610642334967,15.477370410556249,166.4025785082644,38,0.07894736842105263,0.13157894736842105,0.6,0.9700932322360969,0.9619514859215111,0.033198540107310485
dense_at_continuous_norm,IDE,True,0.0007376474295230904,0.06506075815361256,0.011337824065644273,10.184373416097442,156.53634702582917,0,,,,,,0.006897584935529592
dense_at_continuous_norm,MAPKAPK2,True,-0.005430938536505719,0.09170300325498289,-0.059223126219812405,14.364249474088012,156.63881186254932,5,0.0,0.0,,0.9994311766030424,,0.0025369462545934735
dense_at_continuous_norm,PTPN1,True,0.003961890710432338,0.19583629961969976,0.020230624854156505,28.811852352958702,147.12212398267982,2,0.0,0.0,,0.9998888321801265,,0.08217307000689592
dense_at_continuous_norm,KDM2B,True,0.008447197696614466,0.05268523024024649,0.1603333165309319,9.330478291581954,177.0985577748194,44,0.022727272727272728,0.022727272727272728,1.0,0.9958266659591637,0.9912278330913317,0.0013190550190278051
dense_at_continuous_norm,ATP1B1,False,-5.926679166403187e-05,0.014756425167802376,-0.004016338035132547,2.2657992903324002,153.54662559304924,2,0.0,0.0,,0.9999961074476753,,0.0032225258607167188
dense_at_continuous_norm,KAT2A,True,0.011576412300380007,0.10216561435818668,0.1133102597493691,15.630943339517477,152.99612729500458,738,0.02710027100271003,0.05420054200542006,0.5,0.9494310310686382,1.005058608911985,0.028388882512387987
dense_at_continuous_norm,NISCH,True,0.002975339160272286,0.05859011850739414,0.05078226902539538,9.01080810181222,153.7939900339175,6,0.16666666666666666,0.16666666666666666,1.0,0.97366123793192,,0.0014615420813131241
dense_at_continuous_norm,KDR,False,-0.006804004948679248,0.013769218934288754,-0.4941460355267936,2.2601265714389536,164.14341163612997,7,0.0,0.0,,0.998611236680876,,0.0032556326300019743
dense_at_continuous_norm,WFS1,False,-0.000992335310140645,0.014674065214331873,-0.06762511244474029,2.259523123495119,153.98071975912217,4,0.0,0.0,,0.9982233636375863,,0.003270990769735312
dense_at_continuous_norm,TARBP2,True,-0.005987936624437555,0.10821361524680963,-0.055334410654153725,16.51777417223175,152.64044302150538,4,0.0,0.0,,0.9991099086708967,,0.00643461020759844
dense_at_continuous_norm,MAP3K7,True,-0.009617511258247207,0.0828889684855397,-0.1160288447783618,12.823406655907766,154.7058298613628,1,0.0,0.0,,0.9999996071705891,,0.008493648808559894
dense_at_continuous_norm,HMGN1,True,-0.0033054422065337524,0.07269822492479448,-0.04546799058647162,12.196761993895159,167.77248696942155,3,0.0,0.0,,0.9999993547062234,,0.0061865072145505726
dense_at_continuous_norm,TSC22D4,True,0.006018943282386602,0.06779330287768914,0.08878374451302096,10.808099548033217,159.42724560172118,3,0.3333333333333333,0.3333333333333333,1.0,0.9714497201595783,,0.01798736622206943
dense_at_continuous_norm,FOXH1,True,0.006631934149045718,0.06209230533873425,0.10680766502171733,10.113024739071594,162.8708208513385,32,0.0,0.0,,0.9979914733752632,1.0028060469320157,0.008167073756855743
dense_at_continuous_norm,PAGR1,True,-5.119457986287552e-05,0.06969888816626221,-0.0007345107104255974,11.051546672279661,158.56130510886928,18,0.0,0.0,,0.9989401500689541,0.9655559091193853,0.0009247171408869042
dense_at_continuous_norm,KLF10,True,-0.0030739434555925303,0.04859888652141495,-0.06325131449746295,7.5492941409066665,155.33882936968305,15,0.0,0.0,,0.9991022369524908,0.989093244137237,0.0017213912697547943
dense_at_continuous_norm,POLB,True,-0.006299210085089111,0.12105007451696037,-0.05203805210550718,18.633647043206864,153.9333793685199,3,0.0,0.0,,0.9957864564889966,,0.0030719201541505614
dense_at_continuous_norm,RNF2,True,0.012976643987386006,0.10141269253393798,0.1279587758015925,15.07688099093123,148.66857997962848,377,0.013262599469496022,0.026525198938992044,0.5,0.9811625817549835,0.9962060298162547,0.0019025106068525839
dense_at_continuous_norm,SMARCA5,True,0.011167123513277026,0.11408837284888272,0.09788134613917747,17.580830991693777,154.09835860294635,953,0.04512067156348373,0.07240293809024134,0.6231884057971014,0.9270540329208566,0.989439832155159,0.0156955094166558
dense_at_continuous_norm,ACAT2,True,0.009206134501536185,0.098710398176992,0.09326408029505859,14.049341202444044,142.32888795821663,313,0.06070287539936102,0.0670926517571885,0.9047619047619048,0.9563907908147131,0.9362622430998893,0.0013467207176261345
dense_at_continuous_norm,TRAM2,True,0.0008257024192138111,0.07136264015676343,0.011570513890741397,10.86932717010822,152.31116934899546,1,0.0,0.0,,0.9999991202080748,,0.010302446101232538
dense_at_continuous_norm,CAMSAP2,False,-0.0031255915266031635,0.012553114602316381,-0.24898932461163137,2.2595619632605746,180.000106335652,2,0.0,0.0,,0.9999958951309965,,0.0032433989687260757
dense_at_continuous_norm,CDCA2,True,0.015001300751671276,0.09989864966125435,0.15016520045605306,15.065848363928255,150.8113314345583,8,0.125,0.125,1.0,0.9860874613428312,,0.007408420124317076
dense_at_continuous_norm,CREG1,True,0.013659146254468962,0.06611086934890802,0.2066096904940273,10.52481255304167,159.19942751767056,4,0.0,0.0,,0.9998408502350569,,0.008352369933525788
dense_at_continuous_norm,CASP2,True,0.003020223339281271,0.08751090751992212,0.034512535921235966,13.404625364485522,153.17662385610524,2,0.0,0.0,,0.999996636694866,,0.0010528920931912225
dense_at_continuous_norm,UBE3C,True,-0.01443520172934443,0.11069489985512675,-0.13040530095096223,17.97139920150543,162.35074267220722,37,0.10810810810810811,0.10810810810810811,1.0,0.9557723526788808,0.8084633069748615,0.052934022949781376
dense_at_continuous_norm,EIF4B,True,0.02938145807995772,0.10631375965560332,0.2763655257338005,16.654524893217197,156.6544626694463,124,0.008064516129032258,0.008064516129032258,1.0,0.9882754276421777,0.9583940663551485,0.025516563863158346
dense_at_continuous_norm,STAG2,True,0.006253348896497708,0.07823635278870587,0.07992894189976142,13.225690917970327,169.04789712896198,453,0.024282560706401765,0.03090507726269316,0.7857142857142857,0.9720543124485871,0.9808194212693631,0.02859352781998609
dense_at_continuous_norm,HMGB2,True,0.010184572679642023,0.06876425753491383,0.14810852388642437,10.892487785210541,158.4033359144476,26,0.07692307692307693,0.07692307692307693,1.0,0.9767485380791815,0.8901020576118452,0.00915927834496038
dense_at_continuous_norm,TGFBR2,False,-0.0015873152419625001,0.013781482910220962,-0.11517739072805266,2.2630166226681965,164.20704777639295,260,0.015384615384615385,0.015384615384615385,1.0,0.9863685249519358,0.9969674707181787,0.0032560224408968393
dense_at_continuous_norm,ANTXR1,False,-0.006736796707546996,0.013694386637438504,-0.49193855014503185,2.2640169358793343,165.32444977782606,2,0.0,0.0,,0.9999958146087355,,0.0032331468083648465
dense_at_continuous_norm,MTA1,True,0.01732557231100746,0.09801596803423704,0.17676275262573163,14.631919996736766,149.28098237652284,28,0.17857142857142858,0.17857142857142858,1.0,0.9353870500617669,0.755394542494636,0.0031707407941716265
dense_at_continuous_norm,DHCR24,True,0.019855007944254724,0.09287379355684654,0.21378482760157524,13.179287529919396,141.90534299487368,32,0.0,0.0,,0.9976252129620204,0.9417572062984703,0.009174000891415741
dense_at_continuous_norm,NDUFB4,True,-0.01345243852485114,0.06937581619471864,-0.19390674247483997,12.301240987693403,177.313099325091,17,0.058823529411764705,0.058823529411764705,1.0,0.9913347392432911,0.8844511737793276,0.030562740602038854
dense_at_continuous_norm,ACVR1B,True,0.012231951665203864,0.06973320954488964,0.17541070811217632,11.716235393522169,168.01514615471743,25,0.04,0.04,1.0,0.9911937066153558,0.954406922751011,0.007070305471778255
dense_at_continuous_norm,DHX36,True,0.05173680905288027,0.11915582301455979,0.4341945508324716,18.1235325320503,152.09942807273268,1387,0.16870944484498918,0.18168709444844988,0.9285714285714286,0.806377355844719,0.905120543962685,0.026704305826984548
dense_at_continuous_norm,LZTR1,True,0.004932672489217484,0.10483837862360648,0.04705025539289286,16.26013463296793,155.09715856390238,191,0.041884816753926704,0.04712041884816754,0.8888888888888888,0.9437118806271165,0.9494212699169728,0.009834693827379752
dense_at_continuous_norm,INSIG1,True,-0.005985728623953179,0.11130233412424696,-0.053779003567627805,16.620645412073603,149.32881275894854,219,0.0365296803652968,0.0365296803652968,1.0,0.9686695935044162,0.9597834287012476,0.01782505505617309
dense_at_continuous_norm,LAD1,False,0.004457755605110842,0.014954182002524765,0.29809424576738625,2.259421974360092,151.0896399400934,2,0.0,0.0,,0.9998342467455884,,0.0032964228943106327
dense_at_continuous_norm,TCF3,True,0.012573500115016789,0.13659653776666583,0.09204845394028098,19.411452341745182,142.10793815948557,6,0.0,0.0,,0.9999983969844697,,0.011003666194187125
dense_at_continuous_norm,DAXX,True,-0.006457464165386825,0.07053918093152958,-0.09154435988780342,11.298458705325304,160.1728083048257,28,0.03571428571428571,0.03571428571428571,1.0,0.9971877011107282,0.9759309710239813,0.014830535344391776
dense_at_continuous_norm,CLDN7,True,0.01587193754405873,0.08973469142899447,0.17687627038443574,14.223967631765834,158.51135614614574,7,0.0,0.0,,0.9999409339492474,,0.013693584493635514
dense_at_continuous_norm,NIT1,True,-0.002626180736630301,0.06824732925589641,-0.03848034443638548,11.061491594358,162.07947937248127,143,0.013986013986013986,0.013986013986013986,1.0,0.9886910205726389,0.9869068447872535,0.003087683733596486
dense_at_continuous_norm,PRR12,True,0.02046297716608232,0.08711576751963176,0.23489406968113932,14.213414178774478,163.1554721201469,105,0.02857142857142857,0.02857142857142857,1.0,0.9837071101367372,0.9677076598528874,0.005433663904602519
dense_at_continuous_norm,ARID1A,True,0.020588122192971327,0.08511504556951939,0.2418858153128235,13.42960908087982,157.78184680534443,220,0.013636363636363636,0.031818181818181815,0.42857142857142855,0.9639473359987756,0.9933384536189688,0.019570171035062364
dense_at_continuous_norm,STX4,True,0.001945671058529997,0.0885873970534758,0.0219632941394078,14.16106231506547,159.85414162826277,19,0.0,0.0,,0.9990531318828496,0.9861527621336846,0.007867625047378021
dense_at_continuous_norm,CENPO,True,0.002202954984728649,0.07890158465573002,0.027920288221596132,11.980385874053944,151.83961039981344,5,0.2,0.2,1.0,0.9918117503029853,,0.008192259181277932
dense_at_continuous_norm,NRAS,True,0.018986021960768915,0.07665488332694294,0.24768183234708074,11.234164815817254,146.55510944948014,5,0.2,0.2,1.0,0.988976498661107,,0.0013019597498804866
dense_at_continuous_norm,CHMP3,True,0.010501270985228519,0.20196335174989744,0.05199592348929142,28.57027812676374,141.46268557745032,98,0.02040816326530612,0.04081632653061224,0.5,0.984476760854836,1.056662861096647,0.046866917402537435
dense_at_continuous_norm,EID2,True,-0.006267738139081622,0.10266708304992557,-0.06104914986270438,15.053815086882846,146.6274743538042,4,0.0,0.0,,0.9993266086649021,,0.011323358060007241
dense_at_continuous_norm,UQCRQ,True,-0.005077818809285619,0.09991200991739704,-0.05082290721089228,16.465565525565946,164.80066349559945,48,0.0,0.0,,0.9960611550491262,1.0247247911973392,0.002297145428459293
dense_at_continuous_norm,ZNF426,True,0.00752883601706741,0.07546444378176781,0.09976666678733774,12.081544602895917,160.0958543845362,3,0.0,0.0,,0.9999975353115245,,0.011237533210354927
dense_at_continuous_norm,BIRC2,True,0.007290112084634291,0.06967861566550738,0.10462481229005063,11.337863313203572,162.71654086285315,75,0.02666666666666667,0.02666666666666667,1.0,0.95868214924472,0.9341150812887256,0.008434652367091266
dense_at_continuous_norm,PLCB3,True,0.018657218787975084,0.10357940379172977,0.1801247941674748,16.684551792269165,161.07982071240048,2,0.0,0.0,,0.9992933687671179,,0.0053496085796352726
dense_at_continuous_norm,TFAM,True,0.014801676543622877,0.08920272528799789,0.16593300816577658,15.30549546684942,171.5810298108544,98,0.08163265306122448,0.08163265306122448,1.0,0.9310362046087169,0.8824474654741531,0.053959869120416296
dense_at_continuous_norm,PMS1,True,0.0030385322279236366,0.10224926132680824,0.029716911286154966,16.613853859785852,162.4838521491592,1,0.0,0.0,,0.9980925889328562,,0.015113612840111965
dense_at_continuous_norm,ZNF286A,True,0.01144248716350222,0.08979400949780617,0.12743040685561305,14.494451147476537,161.4189101092614,2,0.0,0.0,,0.9999999754721396,,0.0025675589595940376
dense_at_continuous_norm,GSK3B,True,0.011523241687822606,0.11090966361591272,0.10389754429089544,16.767324906577556,151.18001768217312,217,0.027649769585253458,0.041474654377880185,0.6666666666666666,0.9661657028651431,0.9646720432919825,0.03380185044358876
dense_at_continuous_norm,LRPPRC,True,0.008837413596219838,0.10044735539706914,0.08798055022240732,17.391506398366225,173.14051056513605,98,0.08163265306122448,0.08163265306122448,1.0,0.9522246897376181,0.8458822504647622,0.05232638995839217
dense_at_continuous_norm,CASP3,True,0.024832116402593626,0.07954227293984534,0.3121876643049058,12.166278055050148,152.953613284989,417,0.03357314148681055,0.050359712230215826,0.6666666666666666,0.9185373905934175,0.9737412268977909,0.00824289335374287
dense_at_continuous_norm,MAST2,True,-0.002867880252361506,0.08504262400084973,-0.03372285705028164,13.364127725098006,157.14622969494067,0,,,,,,0.005597247373510356
dense_at_continuous_norm,HAT1,True,-0.0025043901669279645,0.17506209311219892,-0.014305725028221144,27.898063249721936,159.36096018137866,29,0.0,0.0,,0.9983680723319158,1.0723433675216598,0.014400977478494658
dense_at_continuous_norm,MAU2,True,-0.001076170544967577,0.14922879403635825,-0.0072115475563340505,22.057636272352973,147.81085925668492,902,0.0565410199556541,0.07982261640798226,0.7083333333333334,0.9362976590990465,0.966925153277066,0.02029665360657142
dense_at_continuous_norm,SMARCA4,True,0.020616274124585113,0.10682512899523305,0.19299086571199076,16.241284621759757,152.0361807612187,2229,0.09152086137281291,0.15298340062808435,0.5982404692082112,0.8324215365084215,0.9886162144573178,0.00882031549590893
dense_at_continuous_norm,TWF2,True,0.013282101004678661,0.06401411387905688,0.2074870712070278,10.616933124321779,165.85300461052321,4,0.0,0.0,,0.9999938135183581,,0.013360115986849106
dense_at_continuous_norm,IRF3,True,0.008990085224470873,0.059400081135972393,0.15134802937207642,9.401851643809662,158.28011450502797,4,0.25,0.25,1.0,0.9837582096568578,,0.0036088742612838294
dense_at_continuous_norm,MKI67,True,0.004449297049626446,0.07817578069747372,0.0569140085321876,12.011032246078663,153.6413469608856,5,0.0,0.0,,0.9999798920903442,,0.012355034469033885
dense_at_continuous_norm,AKT2,True,0.005228545199246261,0.11436510212893948,0.04571801276714119,19.19022089651281,167.79787312109457,50,0.02,0.02,1.0,0.9800626406328177,0.94623245948461,0.035812157987571897
dense_at_continuous_norm,SSBP1,True,0.007442457704133349,0.09940015943199954,0.07487369986790408,14.83223260790476,149.2173925339789,59,0.1016949152542373,0.1016949152542373,1.0,0.9467702323292092,0.8204316708775586,0.04635943607016802
dense_at_continuous_norm,PHF14,True,0.0043828476695510045,0.08769170238103027,0.04998018684261642,14.005682614390302,159.71502701058353,24,0.0,0.0,,0.9997112311661484,1.0064156680981493,0.008069258237960683
dense_at_continuous_norm,DNMT1,True,0.0584041018344941,0.18590752187883924,0.31415674440842456,20.932610295725315,112.59689809306178,1279,0.08678655199374512,0.1266614542611415,0.6851851851851852,0.8292654870301119,0.9621073063273953,0.03666474496408222
dense_at_continuous_norm,TMSB10,True,0.0366684949418272,0.07166711130622407,0.5116502433752015,11.04243948623988,154.07959501893413,263,0.12927756653992395,0.13307984790874525,0.9714285714285714,0.8739993537398926,0.9067147028516165,0.013871739648866723
dense_at_continuous_norm,CLDN6,True,0.008358624011221635,0.09649381150741637,0.08662342051416638,15.730072910838622,163.0163910524939,4,0.0,0.0,,0.9997770560420253,,0.003145004326767734
dense_at_continuous_norm,DLG5,True,0.031352892805698106,0.08128256545584892,0.38572715600036495,12.165617763410113,149.67069131224994,85,0.047058823529411764,0.058823529411764705,0.8,0.9737420956931897,0.9358621959214587,0.01478279873828397
dense_at_continuous_norm,NDUFB6,True,0.00988178214454305,0.05701199094830218,0.17332813641789385,9.441841745408516,165.61150712961893,12,0.08333333333333333,0.08333333333333333,1.0,0.9973892925553693,0.9146550565871822,0.02265005475756277
dense_at_continuous_norm,STAT6,True,-0.0019795092761384454,0.2024846220507004,-0.009776096851655201,30.931272458169122,152.75862504968006,73,0.0,0.0,,0.9971122040438628,0.9714398020097192,0.014054590368531102
dense_at_continuous_norm,ZNF714,True,-0.003477723362339916,0.1266235558118586,-0.027465058456478907,19.075824243496214,150.64988596465963,8,0.125,0.125,1.0,0.9896610672624779,,0.01479262585444824
dense_at_continuous_norm,SAFB,True,-0.007578344878818683,0.10672662672699823,-0.07100706835046645,16.956896746573683,158.88159559234117,165,0.024242424242424242,0.024242424242424242,1.0,0.9836566452316488,0.9441073344966224,0.011917862230871755
dense_at_continuous_norm,SOX2,True,0.001717381093780754,0.19787477133738818,0.008679131160447521,32.702417440315294,165.26825132525732,1156,0.03546712802768166,0.06920415224913495,0.5125,0.9372973097597153,1.0096826480052863,0.02331882553666354
dense_at_continuous_norm,SLC25A3,True,-0.00033101561866787234,0.07978586301988694,-0.004148800378149265,13.260194805375393,166.19729740931973,21,0.0,0.0,,0.9993208135528717,0.9934204692785263,0.01272738944033948
dense_at_continuous_norm,ZNF593,True,-0.005977550203780887,0.06512284714043243,-0.09178883396929434,10.33827845527917,158.75040648922283,21,0.0,0.0,,0.9996940941289233,0.9980314520071024,0.0021822465493122317
dense_at_continuous_norm,RAF1,True,-0.003081176002377679,0.08701735641279575,-0.03540875210872986,14.32575328657387,164.63098716323785,38,0.0,0.0,,0.9968147821859126,0.9646973275541257,0.003478433142190566
dense_at_continuous_norm,METTL17,True,-0.003843355923005243,0.08011576768144622,-0.04797252818305471,12.538585915255586,156.5058449556536,81,0.024691358024691357,0.024691358024691357,1.0,0.9891851934962327,0.954532245575054,0.02108446202335336
dense_at_continuous_norm,IKBKG,True,-0.005493071254299293,0.07744112014097568,-0.07093222882493917,11.887335376282893,153.50159391603455,12,0.0,0.0,,0.9998392763106333,1.0027187772419308,0.006347349160211261
dense_at_continuous_norm,SMAGP,True,0.041253027858326165,0.07176337371722934,0.5748479443131574,10.90704670817139,151.98625905115114,79,0.0759493670886076,0.0759493670886076,1.0,0.9638991682542315,0.94068413313909,0.008807573382457154
dense_at_continuous_norm,MAP1B,True,0.0056541527915599165,0.07319084786698377,0.07725218324886345,11.89661175333607,162.5423410172381,3,0.3333333333333333,0.3333333333333333,1.0,0.9928346111787291,,0.00507042835509798
dense_at_continuous_norm,TAZ,True,0.0055857767731693694,0.1127674058260635,0.049533610640871466,17.789578011478007,157.75460897732535,22,0.0,0.0,,0.9944572331180772,0.8563617754825187,0.022297042487519445
dense_at_continuous_norm,OXCT1,True,0.02974384983871959,0.08539137216907548,0.34832383041961856,13.37239573154045,156.60125129577514,129,0.13953488372093023,0.13953488372093023,1.0,0.7940899707450695,0.8427944275694682,0.004100840538774882
dense_at_continuous_norm,WSB2,True,-0.006601674030058534,0.0930151544549456,-0.0709741769364715,14.013922390022053,150.66278685598564,106,0.03773584905660377,0.03773584905660377,1.0,0.9844050691148906,0.9597571682880495,0.003935855865914711
dense_at_continuous_norm,C1QBP,True,0.0018085818934829828,0.09036520863795174,0.020014139520543435,14.29141529913983,158.15174351445802,66,0.030303030303030304,0.045454545454545456,0.6666666666666666,0.9920914034244378,0.9718349145453848,0.0019484160800515825
dense_at_continuous_norm,CALM3,True,0.0004750232397010328,0.12408627268170168,0.003828169139382022,18.879397832150456,152.14735219405537,1,0.0,0.0,,0.9973795535054139,,0.0019341813100352673
dense_at_continuous_norm,SIX4,True,-0.00899367917706978,0.06471206982712974,-0.1389799337448992,10.966278184581467,169.46263987346595,25,0.04,0.04,1.0,0.9941570270967456,0.95095894374178,0.0039040423636650346
dense_at_continuous_norm,RRM1,True,-0.0007446766402935481,0.12761772899958118,-0.0058352130705600636,20.381804994760152,159.709823662722,5,0.0,0.0,,0.9988088761768901,,0.016904100002425024
dense_at_continuous_norm,MBTPS1,True,0.018290365982614052,0.08283649549499546,0.22080081820601716,14.682996145792997,177.25274419268575,384,0.08854166666666667,0.09375,0.9444444444444444,0.9260318196396784,0.9343566807168253,0.007277288648175536
dense_at_continuous_norm,RAB3B,False,-0.0012059675454780935,0.014041467295777696,-0.08588614851104137,2.2647501541636994,161.29013488816196,0,,,,,,0.0031911597166412605
dense_at_continuous_norm,XRCC4,True,-0.0025939820646681587,0.073103700499778,-0.035483594495685424,11.342676287069342,155.158715763011,14,0.07142857142857142,0.07142857142857142,1.0,0.9815297450387152,0.8671046624800477,0.0029761136687111197
dense_at_continuous_norm,TRAPPC6A,True,0.009814057132502526,0.09778086216810698,0.10036787276052021,15.33848075704292,156.86587760570848,230,0.04782608695652174,0.05652173913043478,0.8461538461538461,0.9589774512608787,0.9540358140410378,0.013074781476535421
dense_at_continuous_norm,SIN3B,True,0.03301086464591418,0.13375597688410493,0.24679917424936448,19.214265557695835,143.65164088588244,1161,0.0714900947459087,0.09646856158484066,0.7410714285714286,0.9001608576751116,0.957822815498681,0.01991933592430942
dense_at_continuous_norm,SV2A,False,-0.005710699501908537,0.014792596873581051,-0.3860511815952751,2.2651572965405036,153.12776491502842,18,0.0,0.0,,0.9983313826463011,1.0003982512316572,0.0032285440473684684
dense_at_continuous_norm,EWSR1,True,0.01658006311844777,0.09914776982612966,0.16722577973789401,14.679238941273791,148.05415156605153,178,0.028089887640449437,0.028089887640449437,1.0,0.9854592099886271,0.9569130221245142,0.006448139917957951
dense_at_continuous_norm,TXNDC9,True,-0.00964740894073868,0.18425574931812883,-0.05235879464516376,27.57131013325449,149.63609133113636,24,0.0,0.0,,0.9993273355195292,1.0039645800542991,0.00263773461442129
dense_at_continuous_norm,TMBIM6,True,0.005518898282229319,0.08707384774207583,0.06338181239649615,13.518935386500056,155.25827486738518,6,0.16666666666666666,0.16666666666666666,1.0,0.9940634882328063,,0.0105741945317447
dense_at_continuous_norm,METTL3,True,0.0665109327496778,0.09302186123991137,0.7150032461524328,15.090002209498852,162.2199557003105,2926,0.23581681476418317,0.2826384142173616,0.8343409915356711,0.6730766015045955,0.9317208952085854,0.002398761674026072
dense_at_continuous_norm,METTL14,True,0.08008180609876049,0.11509881911785884,0.6957656621720711,17.930764747308118,155.7858272112017,3008,0.2440159574468085,0.2908909574468085,0.8388571428571429,0.6544703174484738,0.9185189943780044,0.012203849189079574
dense_at_continuous_norm,MED24,True,0.02128464860374508,0.1759628174523055,0.12096105820489184,28.588998042484025,162.47181340019768,647,0.03709428129829984,0.05255023183925812,0.7058823529411765,0.9581188696556011,0.9763900830746246,0.03898003066710266
dense_at_continuous_norm,ATM,True,0.008537871583829676,0.09735310081929324,0.08770004768186755,13.551420699456054,139.1986550547598,76,0.0,0.0,,0.996364410372525,0.9824362290673322,0.0059976935973957805
dense_at_continuous_norm,PHF10,True,-0.011850748338969678,0.11639048212996374,-0.10181887833179448,19.815751609769983,170.25233719406157,120,0.075,0.08333333333333333,0.9,0.9523502345393047,0.8898732840541077,0.05314371357495221
dense_at_continuous_norm,DZIP3,False,-0.00343634420161597,0.014933904459707699,-0.23010353460391897,2.2571701497630796,151.1440063014344,1,0.0,0.0,,0.9999994298727015,,0.003271236460839643
dense_at_continuous_norm,ZNF562,True,0.0003585100772907445,0.09364171488914239,0.0038285296004581526,15.305219456968569,163.44445928919214,10,0.0,0.0,,0.9996836517153637,0.9570497555805596,0.004656313407647854
dense_at_continuous_norm,MED1,True,-0.0006880733176546795,0.09521000925682607,-0.007226901068758672,17.100731388828525,179.61064726608552,302,0.0033112582781456954,0.009933774834437087,0.3333333333333333,0.9902839928510745,0.9740498266515737,0.02366840450527937
continuous_at_dense_norm,TMSB4X,True,-0.005946850165814097,0.10743737137054685,-0.055351783927248814,16.841695669528665,156.75826255505066,0,,,,,,0.009906227031454747
continuous_at_dense_norm,PRCP,True,0.013209509939873052,0.08154556211221198,0.16198931735482935,11.848929465103511,145.30440600554837,6,0.16666666666666666,0.16666666666666666,1.0,0.9495780512424109,,0.010056142647754236
continuous_at_dense_norm,TADA1,True,0.01860880413664575,0.1125382992772844,0.165355299095069,17.06039568172071,151.59635245318046,533,0.024390243902439025,0.04690431519699812,0.52,0.9425590536645629,0.9878518750227687,0.04522679167446688
continuous_at_dense_norm,HIRA,True,-0.002806874052755684,0.07749656555702121,-0.0362193347870418,11.667044185526116,150.54917726568954,32,0.0,0.0,,0.9977912403640063,0.9838354309453187,0.008544969637986278
continuous_at_dense_norm,IGF2R,True,-0.0028110864717869103,0.09652094623526258,-0.02912410809706628,14.649199355936574,151.77223107852927,6,0.0,0.0,,0.9958259617371397,,0.01611946638870783
continuous_at_dense_norm,NCK2,True,0.007307231301668746,0.07933579866964688,0.0921050953567122,13.418619257478154,169.13700350270742,2,0.5,0.5,1.0,0.9829043726208403,,0.007742535348109092
continuous_at_dense_norm,MED13,True,0.006455889097437279,0.09408476070552288,0.06861779791993786,15.489822046405019,164.6368862528844,113,0.0,0.008849557522123894,0.0,0.9938317115547153,0.9986182301504151,0.017267014074095356
continuous_at_dense_norm,MED12,True,-0.008711917570668252,0.28295919421339333,-0.030788600437200036,48.92082634221685,172.89003977486334,68,0.0,0.0,,0.9960397140092094,0.993428228957426,0.17957178657223757
continuous_at_dense_norm,STAT1,True,0.01313026706457163,0.1225853551042044,0.10711122102154999,19.612352095170827,159.98935662827938,8,0.25,0.25,1.0,0.9700768570213224,,0.010048919722557836
continuous_at_dense_norm,USP22,True,-0.010946225940717829,0.1004585295865392,-0.1089626334943345,15.054592414769163,149.85877731567336,21,0.0,0.0,,0.9998902347969914,0.9878324139646133,0.016472120304346815
continuous_at_dense_norm,MED13L,True,-0.007949366401158214,0.12147601250902156,-0.06543980360375959,20.79318988654318,171.1711592854511,16,0.0,0.0,,0.9999372883701607,0.9872732660804463,0.028192323027995847
continuous_at_dense_norm,TET1,True,0.01878258054301525,0.11312661469148294,0.16603149130059974,18.58507507476942,164.28561152876654,46,0.0,0.021739130434782608,0.0,0.9967698467675081,1.0035836237796478,0.024003109338132916
continuous_at_dense_norm,KIF1B,True,0.006749250630279362,0.08131277598722866,0.08300356922188251,13.289327449969502,163.4346790971296,2,0.0,0.0,,0.9999981262779915,,0.013250157438525745
continuous_at_dense_norm,SRC,False,0.003512141346172456,0.017491278390127752,0.20079386239457164,2.8182773363101585,161.1247201863085,6,0.0,0.0,,0.9991710414824041,,0.0035472780354645324
continuous_at_dense_norm,PBX1,True,0.014065234341057794,0.09141701543103976,0.1538579472840904,14.25408511007405,155.92376367643055,5,0.0,0.0,,0.9999999694372254,,0.0022109179658745285
continuous_at_dense_norm,CAST,True,0.0008456506392253111,0.12359071073923995,0.006842347893034794,20.565812946678573,166.4025785082644,38,0.07894736842105263,0.15789473684210525,0.5,0.9560782939233794,1.0566772758047822,0.047425641185903325
continuous_at_dense_norm,IDE,True,-0.0018000364737055141,0.08551589187271451,-0.02104914577029454,13.386345326410524,156.53634702582917,0,,,,,,0.01017386600656648
continuous_at_dense_norm,MAPKAPK2,True,-0.002469456145354916,0.1249873905916414,-0.019757642220270998,19.577876360075084,156.63881186254932,5,0.0,0.0,,0.9992706737471878,,0.005832101080132077
continuous_at_dense_norm,PTPN1,True,0.0038890793999643894,0.20801337607872614,0.018696294792564214,30.603369705510154,147.12212398267982,2,0.0,0.0,,0.9999068884082462,,0.09180548930254714
continuous_at_dense_norm,KDM2B,True,0.011956740344106147,0.07280612816250999,0.16422711447335314,12.89386029474918,177.0985577748194,44,0.045454545454545456,0.045454545454545456,1.0,0.9941750753680908,0.9785971639868545,0.003972579096753941
continuous_at_dense_norm,ATP1B1,False,0.001830142523084547,0.018396444138214015,0.0994834930780391,2.824711920333793,153.54662559304924,2,0.0,0.0,,0.9999970082270369,,0.00354872210866645
continuous_at_dense_norm,KAT2A,True,0.008472707120809846,0.13821717280583823,0.06129995968526976,21.14669216495767,152.99612729500458,738,0.023035230352303523,0.04607046070460705,0.5,0.9480065685253964,1.0139323332862058,0.04119627221131485
continuous_at_dense_norm,NISCH,True,0.000852317969714757,0.07530910727890129,0.011317594916618321,11.58208809431457,153.7939900339175,6,0.16666666666666666,0.16666666666666666,1.0,0.953071791550822,,0.00158049856834139
continuous_at_dense_norm,KDR,False,-0.01095171542300732,0.017158781077409008,-0.6382571916734915,2.8165008655633845,164.14341163612997,7,0.0,0.0,,0.9989947691506014,,0.0035925883996943365
continuous_at_dense_norm,WFS1,False,-0.004889647596718577,0.018285455463754253,-0.2674063879027198,2.815607593432253,153.98071975912217,4,0.0,0.0,,0.9986020691084834,,0.003618358630853348
continuous_at_dense_norm,TARBP2,True,-0.0036820774471077833,0.14795518362560683,-0.024886437614954376,22.583944775940804,152.64044302150538,4,0.0,0.0,,0.9986951860758703,,0.01290092661990421
continuous_at_dense_norm,MAP3K7,True,-0.0108750048528818,0.11234706372453418,-0.09679830066183506,17.380745725991467,154.7058298613628,1,0.0,0.0,,0.9999992874003897,,0.014858011637882558
continuous_at_dense_norm,HMGN1,True,-1.6599408369567225e-05,0.09803491407402133,-0.00016932139459043978,16.447561344032106,167.77248696942155,3,0.0,0.0,,0.9999989140324014,,0.010448583828378166
continuous_at_dense_norm,TSC22D4,True,0.008825615860749852,0.0863824838575014,0.10216904477195629,13.77172146963659,159.42724560172118,3,0.3333333333333333,0.3333333333333333,1.0,0.9514567710618157,,0.020107745466319858
continuous_at_dense_norm,FOXH1,True,0.003545259687791608,0.08407988777143825,0.0421653713124475,13.694160338422567,162.8708208513385,32,0.0,0.0,,0.9974811861385444,0.9977114164581161,0.009620236096281138
continuous_at_dense_norm,PAGR1,True,-0.0002227934799662414,0.09277816895365702,-0.002401356725174512,14.711027554903033,158.56130510886928,18,0.0,0.0,,0.9988117226093002,0.9556067604862091,0.003029281452926966
continuous_at_dense_norm,KLF10,True,-0.0016318129028802264,0.06748084146850586,-0.024181869510945767,10.482394918598864,155.33882936968305,15,0.0,0.0,,0.9996520907611672,0.9823859087824691,0.004546960962667474
continuous_at_dense_norm,POLB,True,-0.004304278729800653,0.16675529525040997,-0.025811946321327214,25.669206125490902,153.9333793685199,3,0.0,0.0,,0.9943681784779497,,0.009837002844060567
continuous_at_dense_norm,RNF2,True,0.014646671144672635,0.13915074958197662,0.1052575799172679,20.687344343453343,148.66857997962848,377,0.013262599469496022,0.026525198938992044,0.5,0.9812629146203887,0.9993183560301806,0.0034036032514048885
continuous_at_dense_norm,SMARCA5,True,0.010376492611739882,0.14579498264654922,0.07117180868216579,22.466767518378283,154.09835860294635,953,0.04407135362014691,0.07240293809024134,0.6086956521739131,0.920418139951716,0.9923224337654903,0.014303586561817804
continuous_at_dense_norm,ACAT2,True,0.008383233213951,0.13268029925244443,0.06318370746210501,18.884239446563818,142.32888795821663,313,0.04792332268370607,0.051118210862619806,0.9375,0.947423323238113,0.9206853025622478,0.006092135516380761
continuous_at_dense_norm,TRAM2,True,0.0011750239717574706,0.09481300376626142,0.012393067670909452,14.441079473129989,152.31116934899546,1,0.0,0.0,,0.9999993688722478,,0.011431690261742733
continuous_at_dense_norm,CAMSAP2,False,-0.004788499416019399,0.015646736524773705,-0.3060382213529127,2.816414238265197,180.000106335652,2,0.0,0.0,,0.9999968340079031,,0.0035759392095295363
continuous_at_dense_norm,CDCA2,True,0.018921188671535107,0.13609094952248305,0.1390334091864736,20.524057293678933,150.8113314345583,8,0.125,0.125,1.0,0.9777664338119776,,0.005415546593308517
continuous_at_dense_norm,CREG1,True,0.01605192584061468,0.08499254502299906,0.18886275068326303,13.530764510931292,159.19942751767056,4,0.0,0.0,,0.9998036406011706,,0.011955835640044358
continuous_at_dense_norm,CASP2,True,0.0025495820637889614,0.11815039182842793,0.02157912491302895,18.097878127554555,153.17662385610524,2,0.0,0.0,,0.9999994502269712,,0.004539855348194763
continuous_at_dense_norm,UBE3C,True,-0.015741276146779337,0.13812431263868322,-0.11396455733290523,22.424584737978357,162.35074267220722,37,0.10810810810810811,0.10810810810810811,1.0,0.9393369788977093,0.7594171835473489,0.059383828053238816
continuous_at_dense_norm,EIF4B,True,0.03317891276343625,0.1439529079296727,0.2304844913563372,22.550865441427153,156.6544626694463,124,0.016129032258064516,0.016129032258064516,1.0,0.9857181628785495,0.9765030560419247,0.027413657906002014
continuous_at_dense_norm,STAG2,True,0.00925017146832039,0.0976209961464536,0.09475596268699242,16.502624114192482,169.04789712896198,453,0.02207505518763797,0.033112582781456956,0.6666666666666666,0.9698136228184319,0.9757653883731251,0.03887948445544146
continuous_at_dense_norm,HMGB2,True,0.009844129304861459,0.08978833396109247,0.10963706386541447,14.222771625637534,158.4033359144476,26,0.07692307692307693,0.07692307692307693,1.0,0.967035299649218,0.8302193835547557,0.012102715082808448
continuous_at_dense_norm,TGFBR2,False,-0.004299701208548109,0.017180731142375488,-0.2502629936361144,2.821197139529414,164.20704777639295,260,0.023076923076923078,0.023076923076923078,1.0,0.985112546340666,0.9966669636700091,0.00359598728923485
continuous_at_dense_norm,ANTXR1,False,-0.013255758150777876,0.017069508118801615,-0.7765752860902305,2.8220070377190116,165.32444977782606,2,0.0,0.0,,0.999996758518642,,0.0035609859443264335
continuous_at_dense_norm,MTA1,True,0.021013549408166056,0.13078919369088685,0.1606673213219009,19.524339318408913,149.28098237652284,28,0.17857142857142858,0.17857142857142858,1.0,0.8877009566217265,0.6087444675664028,0.0008537585630871405
continuous_at_dense_norm,DHCR24,True,0.024198513223842717,0.12651318191249655,0.19127266311726898,17.95289647266567,141.90534299487368,32,0.0,0.0,,0.9975394593878169,0.9131985122188562,0.014792503524278074
continuous_at_dense_norm,NDUFB4,True,-0.011996496747957898,0.08586857294889878,-0.13970765247370684,15.225622804191913,177.313099325091,17,0.058823529411764705,0.058823529411764705,1.0,0.9863212692612938,0.8905827549726201,0.03628327717603418
continuous_at_dense_norm,ACVR1B,True,0.011075830411381356,0.0930924120340693,0.11897672613024468,15.64093521379933,168.01514615471743,25,0.04,0.04,1.0,0.9850235225699953,0.9132144125833521,0.010124118413138638
continuous_at_dense_norm,DHX36,True,0.051553488131480134,0.13372665643543433,0.38551392449097166,20.339747961908376,152.09942807273268,1387,0.16798846431146358,0.1802451333813987,0.932,0.7885485541792452,0.8977801093607285,0.03096876028949124
continuous_at_dense_norm,LZTR1,True,0.006733856182134838,0.1232649932998672,0.05462910435368589,19.11805021120787,155.09715856390238,191,0.04712041884816754,0.05759162303664921,0.8181818181818182,0.9276849530280065,0.9518086368509362,0.015450194539148645
continuous_at_dense_norm,INSIG1,True,-0.00598354557227374,0.1475191271498394,-0.04056115086822661,22.02885611652189,149.32881275894854,219,0.0410958904109589,0.0410958904109589,1.0,0.9554321595531072,0.9796054875843205,0.013071032100754937
continuous_at_dense_norm,LAD1,False,0.004684039419979735,0.018632824904463597,0.2513864346386708,2.8152268058822103,151.0896399400934,2,0.0,0.0,,0.9998078869467403,,0.0036515544565428096
continuous_at_dense_norm,TCF3,True,0.010971509335751686,0.1796675144572588,0.06106562652071254,25.53218003376061,142.10793815948557,6,0.0,0.0,,0.9999970071802596,,0.01876905890502814
continuous_at_dense_norm,DAXX,True,-0.00239516489504656,0.09070002194826474,-0.02640754482300744,14.527677228762892,160.1728083048257,28,0.03571428571428571,0.03571428571428571,1.0,0.9953097883256605,0.9902366330355437,0.02205201006183188
continuous_at_dense_norm,CLDN7,True,0.008084722807470765,0.12425034107682308,0.06506801299219002,19.695090065708385,158.51135614614574,7,0.0,0.0,,0.9999780169363925,,0.022528340118075526
continuous_at_dense_norm,NIT1,True,-0.003782175640172705,0.0887157449780452,-0.042632518513018115,14.379001758183385,162.07947937248127,143,0.02097902097902098,0.02097902097902098,1.0,0.9876694538910398,0.9866084221378596,0.0009892296677932134
continuous_at_dense_norm,PRR12,True,0.020023639924479072,0.1157730579448231,0.17295595607418648,18.889007927780735,163.1554721201469,105,0.02857142857142857,0.02857142857142857,1.0,0.9747708241743156,0.9773075210435572,0.01139693940865866
continuous_at_dense_norm,ARID1A,True,0.024423827270811684,0.10772857806146317,0.22671632458452184,16.99761400025137,157.78184680534443,220,0.013636363636363636,0.03636363636363636,0.375,0.9479920579919484,0.9931120486879849,0.021099927642959364
continuous_at_dense_norm,STX4,True,0.0018291271184884509,0.12131627485502472,0.015077343255670294,19.392908982488375,159.85414162826277,19,0.0,0.0,,0.998782811442832,0.9854582925228017,0.007989744117044187
continuous_at_dense_norm,CENPO,True,0.007429524935497399,0.10600335921984756,0.07008763675204673,16.095508765013125,151.83961039981344,5,0.2,0.2,1.0,0.9851893275434115,,0.008012370199238169
continuous_at_dense_norm,NRAS,True,0.016341706010596747,0.1017447228907615,0.16061477732011778,14.911208999162579,146.55510944948014,5,0.2,0.2,1.0,0.9825430648477613,,0.0036444526077413753
continuous_at_dense_norm,CHMP3,True,0.011399241659394332,0.2565726501907836,0.044428904058628316,36.29545614171197,141.46268557745032,98,0.02040816326530612,0.04081632653061224,0.5,0.9799932033946205,1.0958006910989357,0.08889253128425473
continuous_at_dense_norm,EID2,True,-0.006893904568684487,0.13934409310179352,-0.04947396344707887,20.43167243763733,146.6274743538042,4,0.0,0.0,,0.9992922189862751,,0.009993658870268768
continuous_at_dense_norm,UQCRQ,True,-0.0063502002937094485,0.12581222300641862,-0.05047363556548459,20.733937827314108,164.80066349559945,48,0.0,0.020833333333333332,0.0,0.9947230521560025,1.0457896814562955,0.006355295004604993
continuous_at_dense_norm,ZNF426,True,0.00480859549448906,0.09819005016844075,0.048972329540927256,15.719819973776994,160.0958543845362,3,0.0,0.0,,0.9999985502844899,,0.011387515175914168
continuous_at_dense_norm,BIRC2,True,0.010794202308084203,0.0903490805161994,0.11947218772357981,14.70128985173537,162.71654086285315,75,0.02666666666666667,0.02666666666666667,1.0,0.9337586892442328,0.8986217132036489,0.008332343625713758
continuous_at_dense_norm,PLCB3,True,0.02122258712869581,0.14351719602425328,0.14787487295326865,23.117724204733154,161.07982071240048,2,0.0,0.0,,0.9996064398961563,,0.011563411600112776
continuous_at_dense_norm,TFAM,True,0.019737291262773512,0.11513796459065816,0.17142296490079625,19.755490534790816,171.5810298108544,98,0.08163265306122448,0.08163265306122448,1.0,0.8903397811978175,0.9472147330429023,0.07213248502911848
continuous_at_dense_norm,PMS1,True,0.0017020036039974218,0.14038602999407693,0.012123739121828798,22.810462941365024,162.4838521491592,1,0.0,0.0,,0.9963271543161845,,0.015961531073418998
continuous_at_dense_norm,ZNF286A,True,0.012745239517625196,0.12173378113636865,0.1046976393787335,19.65013427451199,161.4189101092614,2,0.0,0.0,,0.9999997665482828,,0.0075303548744000285
continuous_at_dense_norm,GSK3B,True,0.015226416403647044,0.1346768345968838,0.11305891209295885,20.360446235735996,151.18001768217312,217,0.027649769585253458,0.041474654377880185,0.6666666666666666,0.9555914192287209,0.9597292982198894,0.04386745433402536
continuous_at_dense_norm,LRPPRC,True,0.010522702364937249,0.1287070913354174,0.08175697434972357,22.284411507167768,173.14051056513605,98,0.09183673469387756,0.09183673469387756,1.0,0.926402146331923,0.8843911702161911,0.07442265484059746
continuous_at_dense_norm,CASP3,True,0.02660306710013627,0.10367718705080928,0.25659518604704096,15.85780037464495,152.953613284989,417,0.02877697841726619,0.0407673860911271,0.7058823529411765,0.8831198723041058,0.9662363910345889,0.0073941646717201786
continuous_at_dense_norm,MAST2,True,-0.003869296244906034,0.11646281891733648,-0.03322344659759954,18.30169289250404,157.14622969494067,0,,,,,,0.011169432170033588
continuous_at_dense_norm,HAT1,True,-0.0016394343220123854,0.23177678826717565,-0.007073332641586884,36.93617152601321,159.36096018137866,29,0.0,0.0,,0.9988086531613414,1.098988184890381,0.024565211892405247
continuous_at_dense_norm,MAU2,True,-0.0052426728066973195,0.18752307050694753,-0.02795748167158496,27.717946182083825,147.81085925668492,902,0.04988913525498891,0.06873614190687362,0.7258064516129032,0.9339979106440828,0.9674469281563707,0.03517595480024426
continuous_at_dense_norm,SMARCA4,True,0.024752371857528755,0.14145108101136342,0.17498891970673794,21.505682121513438,152.0361807612187,2229,0.08838043965903992,0.14490803050695378,0.6099071207430341,0.8278673980579421,0.9866962406079138,0.007606534374603997
continuous_at_dense_norm,TWF2,True,0.00923986360353232,0.08160389654940527,0.11322821573769153,13.534251430645172,165.85300461052321,4,0.0,0.0,,0.9999954307765078,,0.014538889998955501
continuous_at_dense_norm,IRF3,True,0.009489951736883403,0.07769201182506219,0.12214835880748935,12.29710052779683,158.28011450502797,4,0.25,0.25,1.0,0.9700265397256644,,0.004977427219776687
continuous_at_dense_norm,MKI67,True,0.0045135763027503994,0.10166060787331285,0.04439847839956963,15.6192727265182,153.6413469608856,5,0.0,0.0,,0.9999948167274489,,0.012567186421993058
continuous_at_dense_norm,AKT2,True,0.004845438232028841,0.14629367608832702,0.03312131024107518,24.547767698687604,167.79787312109457,50,0.02,0.02,1.0,0.9690028510540771,0.9677645715209208,0.04730280426832474
continuous_at_dense_norm,SSBP1,True,0.006358435756788587,0.12533816177249385,0.050730245815556387,18.702633684693566,149.2173925339789,59,0.11864406779661017,0.11864406779661017,1.0,0.9199812462422474,0.8553937033113106,0.06038861921632452
continuous_at_dense_norm,PHF14,True,0.0057117471383044795,0.1175110940582358,0.048606024682859884,18.768287561554352,159.71502701058353,24,0.0,0.0,,0.9996085789053838,1.0171349961907963,0.007158251253751194
continuous_at_dense_norm,DNMT1,True,0.06103421071883334,0.20373334406232557,0.29957889809221366,22.939742579544365,112.59689809306178,1279,0.08444096950742767,0.12197028928850664,0.6923076923076923,0.8158056431049425,0.9621567279107058,0.04618229072187919
continuous_at_dense_norm,TMSB10,True,0.038771843948010025,0.08696441381561196,0.4458357418497273,13.39944166176849,154.07959501893413,263,0.12927756653992395,0.13307984790874525,0.9714285714285714,0.8183723747205839,0.8787300424044642,0.013647197531056872
continuous_at_dense_norm,CLDN6,True,0.006663632429976278,0.13398035425460403,0.04973589200483317,21.840993822520197,163.0163910524939,4,0.0,0.0,,0.9997945601421669,,0.004509374198475336
continuous_at_dense_norm,DLG5,True,0.03635949684117149,0.10923217415083453,0.33286435177024,16.34885501869548,149.67069131224994,85,0.047058823529411764,0.047058823529411764,1.0,0.961834417233628,0.906811292286676,0.021616602562643084
continuous_at_dense_norm,NDUFB6,True,0.009435464054559898,0.07434820966745036,0.1269090956831842,12.312919055415358,165.61150712961893,12,0.08333333333333333,0.08333333333333333,1.0,0.9957729967653343,0.8642479582032577,0.027745456185656624
continuous_at_dense_norm,STAT6,True,-0.002757175473370556,0.263311228054495,-0.010471165600275618,40.223061157747395,152.75862504968006,73,0.0,0.0,,0.9978781907436703,0.9710956413993478,0.009676075929746595
continuous_at_dense_norm,ZNF714,True,-0.003983314960156006,0.17512431406736786,-0.02274564203930975,26.38245794388821,150.64988596465963,8,0.125,0.125,1.0,0.9826208387631932,,0.01327327155338937
continuous_at_dense_norm,SAFB,True,-0.009371937290491157,0.14091364599554132,-0.06650837272912304,22.38858491650592,158.88159559234117,165,0.030303030303030304,0.030303030303030304,1.0,0.9817893743997923,0.9404455271464897,0.010563985771880162
continuous_at_dense_norm,SOX2,True,0.0031143248398719527,0.23566193472055819,0.013215222235889891,38.947435855193596,165.26825132525732,1156,0.03460207612456748,0.061418685121107264,0.5633802816901409,0.9367543561967038,1.0235808094965215,0.035293845901636506
continuous_at_dense_norm,SLC25A3,True,0.00090680229709164,0.10654579356874071,0.008510915980053156,17.707622941455984,166.19729740931973,21,0.0,0.0,,0.9994880679505597,0.982330758723538,0.012809298091540635
continuous_at_dense_norm,ZNF593,True,-0.005850795576590218,0.08626912779285259,-0.0678202704290579,13.695259104586059,158.75040648922283,21,0.0,0.0,,0.9998762649555594,0.9970426846117467,0.004149360877482608
continuous_at_dense_norm,RAF1,True,-0.0027318609437435686,0.12013541970064881,-0.022739846005039716,19.778012738587705,164.63098716323785,38,0.0,0.0,,0.9976006922058375,0.9769944580578002,0.001113834435891324
continuous_at_dense_norm,METTL17,True,-0.005026645802190553,0.10203610757739952,-0.049263402157688055,15.96924723238688,156.5058449556536,81,0.024691358024691357,0.024691358024691357,1.0,0.9855291189902685,0.9452772249051202,0.023912392481284933
continuous_at_dense_norm,IKBKG,True,-0.006542456731296097,0.10665518972327787,-0.06134213204505869,16.37174162194022,153.50159391603455,12,0.0,0.0,,0.9998143391708434,1.0151676196986426,0.0050292491244332636
continuous_at_dense_norm,SMAGP,True,0.0486792141921806,0.0946431918719834,0.5143445949923714,14.384464677283072,151.98625905115114,79,0.0759493670886076,0.0759493670886076,1.0,0.9435315014320954,0.9059540786629758,0.01227442001771613
continuous_at_dense_norm,MAP1B,True,0.007272413848076793,0.09699220417304606,0.07497936468277296,15.765339926708837,162.5423410172381,3,0.3333333333333333,0.3333333333333333,1.0,0.9911123729583784,,0.004005014890597449
continuous_at_dense_norm,TAZ,True,0.00636606121025434,0.1438818921693912,0.04424504789497499,22.698031638099998,157.75460897732535,22,0.0,0.0,,0.9928757796338201,0.8749525881433742,0.03248844871272239
continuous_at_dense_norm,OXCT1,True,0.029302528075558994,0.10272217656881817,0.28525999987868167,16.08642138650248,156.60125129577514,129,0.14728682170542637,0.14728682170542637,1.0,0.7068644863922784,0.8433404603554249,0.004664839536569907
continuous_at_dense_norm,WSB2,True,-0.0028252085629425225,0.12675658000140871,-0.022288456843117137,19.097499595345933,150.66278685598564,106,0.03773584905660377,0.03773584905660377,1.0,0.9756650321204835,0.945941680366374,0.0017344920828075187
continuous_at_dense_norm,C1QBP,True,0.001337754993888323,0.11264769960644799,0.011875564246424695,17.815430095652676,158.15174351445802,66,0.030303030303030304,0.045454545454545456,0.6666666666666666,0.9912200332643484,0.9681979633948827,0.004640320259835527
continuous_at_dense_norm,CALM3,True,-0.00427010746486083,0.16866267517674852,-0.02531744181328803,25.661579442108316,152.14735219405537,1,0.0,0.0,,0.9956263044501945,,0.005599118270099149
continuous_at_dense_norm,SIX4,True,-0.010801444096967594,0.08915247653897412,-0.12115697192377607,15.108014025551794,169.46263987346595,25,0.04,0.04,1.0,0.9910001442417203,0.9536527993040022,0.002100657635648383
continuous_at_dense_norm,RRM1,True,-0.0028313839098754318,0.168261040631843,-0.016827329126476345,26.872941128617743,159.709823662722,5,0.0,0.0,,0.9984250765564324,,0.015134876945566958
continuous_at_dense_norm,MBTPS1,True,0.024687847402971017,0.10791656638732014,0.22876791052047188,19.128507536004648,177.25274419268575,384,0.08854166666666667,0.09635416666666667,0.918918918918919,0.8961822646968819,0.8977123762786564,0.008299008073351502
continuous_at_dense_norm,RAB3B,False,-0.0019207854052088376,0.0175096554669689,-0.10969864077750155,2.8241346921126564,161.29013488816196,0,,,,,,0.0035113027685933487
continuous_at_dense_norm,XRCC4,True,-0.003201671960817257,0.09978263095877607,-0.032086465650920624,15.482144875018157,155.158715763011,14,0.07142857142857142,0.07142857142857142,1.0,0.9662689683127449,0.7657592540362304,0.006738065467561252
continuous_at_dense_norm,TRAPPC6A,True,0.012625407951373513,0.12643819843220142,0.0998543803053592,19.83383895995199,156.86587760570848,230,0.043478260869565216,0.04782608695652174,0.9090909090909091,0.9398000545954046,0.9499861749418453,0.012562788569884895
continuous_at_dense_norm,SIN3B,True,0.03020159485854988,0.1755701477752299,0.172020102741013,25.220939818488635,143.65164088588244,1161,0.07321274763135228,0.09819121447028424,0.7456140350877193,0.8853013493187845,0.9552389645521427,0.019638979033849036
continuous_at_dense_norm,SV2A,False,-0.007710750103244399,0.018440439158619856,-0.4181435179996818,2.823743232411026,153.12776491502842,18,0.0,0.0,,0.9982326811647588,1.0021078251468303,0.003554509272047543
continuous_at_dense_norm,EWSR1,True,0.014922554561374337,0.13204239201573204,0.11301336134229077,19.549424320641183,148.05415156605153,178,0.028089887640449437,0.028089887640449437,1.0,0.9845121166889454,0.9576047798486922,0.010983497698747121
continuous_at_dense_norm,TXNDC9,True,-0.0062053552972977264,0.24729108590450877,-0.02509332382362508,37.00367151578296,149.63609133113636,24,0.0,0.0,,0.9996914038472784,0.9859997163241749,0.011683712134494232
continuous_at_dense_norm,TMBIM6,True,0.0042334753166585045,0.12065681719287424,0.03508691357149876,18.732969288355115,155.25827486738518,6,0.16666666666666666,0.16666666666666666,1.0,0.9884709418072088,,0.009441659929547598
continuous_at_dense_norm,METTL3,True,0.06825052943653685,0.11148441528330018,0.6121979405202159,18.084996908531974,162.2199557003105,2926,0.23752563226247436,0.27751196172248804,0.8559113300492611,0.6485013220861309,0.9189299036716604,0.002921309621200062
continuous_at_dense_norm,METTL14,True,0.0810515286756633,0.13424098937317275,0.6037763059861727,20.912843575149854,155.7858272112017,3008,0.24468085106382978,0.2869015957446808,0.8528389339513326,0.6321165737541554,0.9079686388123496,0.016181783336904502
continuous_at_dense_norm,MED24,True,0.019001226676268215,0.22483393756461487,0.08451227106587263,36.5291775500298,162.47181340019768,647,0.03554868624420402,0.04791344667697063,0.7419354838709677,0.9563353414506875,0.9850432884904324,0.0624496102799308
continuous_at_dense_norm,ATM,True,0.007420765411540146,0.13194420654609615,0.05624169189230465,18.366456093484018,139.1986550547598,76,0.0,0.0,,0.9963373366339283,0.9802272705887394,0.004529544565195304
continuous_at_dense_norm,PHF10,True,-0.010412228490185181,0.14419687851851473,-0.07220841808200629,24.549855583865302,170.25233719406157,120,0.08333333333333333,0.09166666666666666,0.9090909090909091,0.9366974435631105,0.8851373261862988,0.057196414082649256
continuous_at_dense_norm,DZIP3,False,-0.008960440031658131,0.01861487754701742,-0.48135906395440253,2.8135271692668304,151.1440063014344,1,0.0,0.0,,0.9999800934031565,,0.003613769053683186
continuous_at_dense_norm,ZNF562,True,-0.0029373474006579546,0.12701354224114975,-0.023126253695696986,20.759659734009684,163.44445928919214,10,0.0,0.0,,0.9997010471835982,0.9448685990637209,0.0025357344161926506
continuous_at_dense_norm,MED1,True,0.001192987590430486,0.12003650655393752,0.009938539738278919,21.559834637712434,179.61064726608552,302,0.0,0.0033112582781456954,0.0,0.9910341183726774,0.9730049699737721,0.03302956753346665
hard_2of3_natural,TMSB4X,True,-0.0037233237582872023,0.10080410774911286,-0.036936230491261594,15.801876789163051,156.75826255505066,0,,,,,,0.010800698589715881
hard_2of3_natural,PRCP,True,0.014023535349138569,0.07825494671222094,0.17920318060798748,11.370788549015105,145.30440600554837,6,0.16666666666666666,0.16666666666666666,1.0,0.9669297017757195,,0.007777283979903301
hard_2of3_natural,TADA1,True,0.01806433400073952,0.10921469307876878,0.16540204885903953,16.55654910503496,151.59635245318046,533,0.020637898686679174,0.043151969981238276,0.4782608695652174,0.9485651923861467,0.9843475535071524,0.04123826093726807
hard_2of3_natural,HIRA,True,0.000779039569017637,0.07498954699189427,0.010388642154377122,11.289614603156446,150.54917726568954,32,0.0,0.0,,0.9981171850263922,0.986668010545417,0.00701460266278838
hard_2of3_natural,IGF2R,True,0.0026108180056243187,0.09030382543748616,0.028911488444436795,13.70561306157332,151.77223107852927,6,0.0,0.0,,0.9969685363697053,,0.012591226429095983
hard_2of3_natural,NCK2,True,0.00802715558535262,0.07426710226146455,0.10808494395125634,12.561315135333258,169.13700350270742,2,0.5,0.5,1.0,0.9880822453298651,,0.008604040979655883
hard_2of3_natural,MED13,True,0.005785498111397895,0.09040061578945129,0.06399843696720699,14.883275898918598,164.6368862528844,113,0.0,0.008849557522123894,0.0,0.9948836759270014,1.006001632857967,0.01382447664455892
hard_2of3_natural,MED12,True,-0.00873482907350125,0.28215824977076426,-0.030957198949872092,48.78235102567326,172.89003977486334,68,0.0,0.0,,0.9963128709701009,0.9867892893468223,0.16708492238022032
hard_2of3_natural,STAT1,True,0.01789596004195392,0.11585297452470138,0.1544713039554998,18.535242857679414,159.98935662827938,8,0.25,0.25,1.0,0.9747738743149831,,0.012849514144061146
hard_2of3_natural,USP22,True,-0.013935992927486367,0.0973119395632103,-0.14320948683212764,14.583048281159398,149.85877731567336,21,0.0,0.0,,0.9998126740354351,0.9804270325729375,0.013540431657208819
hard_2of3_natural,MED13L,True,-0.0035199195572101195,0.11609204173058345,-0.030320076249316465,19.871609366838936,171.1711592854511,16,0.0,0.0,,0.9999042454642217,1.004204515904282,0.023614509417131477
hard_2of3_natural,TET1,True,0.01323097317644807,0.10702513681827004,0.12362491251858355,17.5826900511394,164.28561152876654,46,0.0,0.0,,0.9976601281534925,1.001924338208332,0.020033516056310808
hard_2of3_natural,KIF1B,True,0.005404880523080609,0.07716358697817735,0.07004444369089742,12.611206075761862,163.4346790971296,2,0.0,0.0,,0.9999985676437076,,0.01103412576335905
hard_2of3_natural,SRC,False,0.009640338426536384,0.016778602279457346,0.5745614721638287,2.703447597394923,161.1247201863085,6,0.0,0.0,,0.9992600430784737,,0.005917501431526076
hard_2of3_natural,PBX1,True,0.01805147494952557,0.0857621481190862,0.21048300847665277,13.37235691570343,155.92376367643055,5,0.0,0.0,,0.9999998107927649,,0.003567087068017745
hard_2of3_natural,CAST,True,0.0027580589594171537,0.1168583202984182,0.023601733726567067,19.445525817801443,166.4025785082644,38,0.07894736842105263,0.13157894736842105,0.6,0.9668152151506559,0.9988394668325707,0.038459262239701066
hard_2of3_natural,IDE,True,0.00029804078646684435,0.08159384986917667,0.0036527359224341953,12.772403198294846,156.53634702582917,0,,,,,,0.007554855564781589
hard_2of3_natural,MAPKAPK2,True,-0.0034836607362786196,0.11757981495676409,-0.029628050848350247,18.417562513845933,156.63881186254932,5,0.0,0.0,,0.9994859199588405,,0.0024215945016608977
hard_2of3_natural,PTPN1,True,0.004241313062025496,0.2071329339962263,0.02047628535065683,30.47383719628904,147.12212398267982,2,0.0,0.0,,0.9998922725712607,,0.08809709965994934
hard_2of3_natural,KDM2B,True,0.00839462451710457,0.0679524370582622,0.1235367689595451,12.034278600302429,177.0985577748194,44,0.022727272727272728,0.022727272727272728,1.0,0.9956310604689623,0.9895208265921419,0.002002198426910526
hard_2of3_natural,ATP1B1,False,0.005674940012723108,0.01762346707270693,0.3220104187961835,2.7060239002643627,153.54662559304924,2,0.0,0.0,,0.9999902483251902,,0.005932333878365113
hard_2of3_natural,KAT2A,True,0.00597488031928814,0.13024161713143853,0.045875354213840515,19.926463033748817,152.99612729500458,738,0.024390243902439025,0.04878048780487805,0.5,0.9501250162684675,1.0111834077127413,0.034611626097413785
hard_2of3_natural,NISCH,True,-0.002127487318012825,0.07223149090024415,-0.029453736749681762,11.108769191647152,153.7939900339175,6,0.16666666666666666,0.16666666666666666,1.0,0.9701700106406207,,0.0008565873854339826
hard_2of3_natural,KDR,False,-0.0067216881798528175,0.016438748327304947,-0.4088929428214445,2.6983122334715586,164.14341163612997,7,0.0,0.0,,0.9993861851739404,,0.005974568902135154
hard_2of3_natural,WFS1,False,-0.0005885447795062073,0.017521682214653743,-0.033589513398091145,2.698001238802993,153.98071975912217,4,0.0,0.0,,0.9982992253714483,,0.005988651098147175
hard_2of3_natural,TARBP2,True,-0.006252696812769203,0.13947894712337414,-0.04482896481315182,21.29012828108495,152.64044302150538,4,0.0,0.0,,0.9989768701448363,,0.007353053740054156
hard_2of3_natural,MAP3K7,True,-0.011370287728174163,0.10432406687475156,-0.1089900736119212,16.139541340370748,154.7058298613628,1,0.0,0.0,,0.9999996229928733,,0.010284253552402497
hard_2of3_natural,HMGN1,True,-0.0012743966699864761,0.09203254024751228,-0.01384723997141787,15.440528159438518,167.77248696942155,3,0.0,0.0,,0.9999993297940447,,0.007824262449781391
hard_2of3_natural,TSC22D4,True,0.0038500245527306747,0.08337192179564691,0.04617891095478736,13.291755852402092,159.42724560172118,3,0.3333333333333333,0.3333333333333333,1.0,0.9679792486570907,,0.020652441014973932
hard_2of3_natural,FOXH1,True,0.005598584776664683,0.0789864190814406,0.07088034679597446,12.864582911902056,162.8708208513385,32,0.0,0.0,,0.9978341250524182,0.9977313480667306,0.01113094724667328
hard_2of3_natural,PAGR1,True,-0.0007966970393901063,0.08801595425488196,-0.009051734383098121,13.955924577056619,158.56130510886928,18,0.0,0.0,,0.998825401128165,0.9602578297988971,0.001062495646464187
hard_2of3_natural,KLF10,True,-0.0031723716142002035,0.06283649181663678,-0.05048613508624102,9.760947080494027,155.33882936968305,15,0.0,0.0,,0.9990904890083814,0.9930909050838728,0.0033000316151137873
hard_2of3_natural,POLB,True,-0.004672570848751032,0.15649896087993573,-0.02985688098169404,24.0904139159103,153.9333793685199,3,0.0,0.0,,0.9951943428894737,,0.0032875278547197717
hard_2of3_natural,RNF2,True,0.012083946289809478,0.13094865749086382,0.09228003189458102,19.467950959405464,148.66857997962848,377,0.015915119363395226,0.026525198938992044,0.6,0.9828720777198261,0.9969801376107368,0.0016216429775460287
hard_2of3_natural,SMARCA5,True,0.010721974763159997,0.14043419854372863,0.07634874463873108,21.64067948730886,154.09835860294635,953,0.04407135362014691,0.07135362014690451,0.6176470588235294,0.9256560913383576,0.9918116741055109,0.016567204762755524
hard_2of3_natural,ACAT2,True,0.00772515329407997,0.12530695151904994,0.06164983826061352,17.834799063140544,142.32888795821663,313,0.05750798722044728,0.06389776357827476,0.9,0.9523184630546974,0.9250138272639862,0.0015242726883941237
hard_2of3_natural,TRAM2,True,0.0007683815471221558,0.08966313684004146,0.008569648288046672,13.656697219605709,152.31116934899546,1,0.0,0.0,,0.999999162757059,,0.01242578416525415
hard_2of3_natural,CAMSAP2,False,0.0016007086951178224,0.015010834007766528,0.10663689267962219,2.7019517175847962,180.000106335652,2,0.0,0.0,,0.9999899301552002,,0.005943946159428456
hard_2of3_natural,CDCA2,True,0.019465544436720092,0.12883395384538562,0.15109017348082637,19.429620113401036,150.8113314345583,8,0.125,0.125,1.0,0.9842701026310261,,0.008113982619093291
hard_2of3_natural,CREG1,True,0.014012763561056891,0.08186844525634775,0.17116196010782794,13.033409616572314,159.19942751767056,4,0.0,0.0,,0.999821748824392,,0.00949618505538492
hard_2of3_natural,CASP2,True,0.0016116933354024057,0.11157330276618957,0.01444515215956126,17.090421830199965,153.17662385610524,2,0.0,0.0,,0.9999999999507975,,0.0011416505162666585
hard_2of3_natural,UBE3C,True,-0.016873537698667215,0.13121526307061457,-0.12859432129924234,21.30289540944332,162.35074267220722,37,0.10810810810810811,0.10810810810810811,1.0,0.9539754282033628,0.7933152524586987,0.060392303572237085
hard_2of3_natural,EIF4B,True,0.031253142020027734,0.13618428413498088,0.22949154682966771,21.33387585518863,156.6544626694463,124,0.008064516129032258,0.008064516129032258,1.0,0.9882166864782895,0.972796920116596,0.029769775037792462
hard_2of3_natural,STAG2,True,0.008863303827419523,0.09405943656618301,0.09423088369430152,15.90054995664823,169.04789712896198,453,0.024282560706401765,0.03090507726269316,0.7857142857142857,0.971149596854758,0.975994605706508,0.03433513658355897
hard_2of3_natural,HMGB2,True,0.009907752053945604,0.08571933838281012,0.1155836272288876,13.578229152216474,158.4033359144476,26,0.07692307692307693,0.07692307692307693,1.0,0.9736073092163211,0.8559754118127525,0.010536694817267793
hard_2of3_natural,TGFBR2,False,0.0007193051088765096,0.016469294930196676,0.04367552538983645,2.704374299446312,164.20704777639295,260,0.015384615384615385,0.015384615384615385,1.0,0.9863255221482194,0.9958605653799867,0.005961878141502105
hard_2of3_natural,ANTXR1,False,-0.005398002164658107,0.016349726798840992,-0.330158554394974,2.7030095870361643,165.32444977782606,2,0.0,0.0,,0.9999898132018317,,0.005953341006543684
hard_2of3_natural,MTA1,True,0.01950800741656319,0.12288276661309668,0.15875299648798805,18.344060117148054,149.28098237652284,28,0.17857142857142858,0.17857142857142858,1.0,0.9263873850798567,0.673824928498225,0.0035716081937884232
hard_2of3_natural,DHCR24,True,0.020800483244311618,0.11907643734858529,0.17468177338410049,16.897582684558582,141.90534299487368,32,0.0,0.0,,0.9973827401696929,0.9189766649112873,0.011225093058178209
hard_2of3_natural,NDUFB4,True,-0.011116136766787424,0.08349910146697181,-0.13312881901111748,14.805484471969026,177.313099325091,17,0.058823529411764705,0.058823529411764705,1.0,0.9905815223497638,0.8713487073817116,0.03519556894620448
hard_2of3_natural,ACVR1B,True,0.010989383265989104,0.08823149303399236,0.12455170923782623,14.824227197555158,168.01514615471743,25,0.04,0.04,1.0,0.9900490379443376,0.934384769201559,0.007271120347426472
hard_2of3_natural,DHX36,True,0.05352702359242503,0.13214970319296593,0.40504838300139423,20.099894275631492,152.09942807273268,1387,0.16870944484498918,0.18168709444844988,0.9285714285714286,0.8025214699403139,0.8977909121863564,0.02996795424385292
hard_2of3_natural,LZTR1,True,0.00839662185191163,0.12029357302389461,0.06980108447060394,18.65719136950535,155.09715856390238,191,0.041884816753926704,0.04712041884816754,0.8888888888888888,0.9402037428366287,0.9490857221079145,0.012168357738198372
hard_2of3_natural,INSIG1,True,-0.005942989269172283,0.1392774499954663,-0.04267014702929826,20.798136251916805,149.32881275894854,219,0.0365296803652968,0.0365296803652968,1.0,0.9662619914660218,0.9681661561502743,0.019383333486731734
hard_2of3_natural,LAD1,False,0.005151664184065021,0.01785727775022664,0.2884910150428521,2.6980496655919843,151.0896399400934,2,0.0,0.0,,0.9998486536285212,,0.0060149755895146945
hard_2of3_natural,TCF3,True,0.01435481295214429,0.1707887737326278,0.08405009672718272,24.270440495930643,142.10793815948557,6,0.0,0.0,,0.9999988242069388,,0.011815360794467905
hard_2of3_natural,DAXX,True,-0.0018157687053141278,0.0868776154435154,-0.020900305516496055,13.915431644414557,160.1728083048257,28,0.03571428571428571,0.03571428571428571,1.0,0.9968699150523025,0.9773101270473995,0.018509833966248824
hard_2of3_natural,CLDN7,True,0.007365703222662846,0.11634026347180262,0.06331172891359378,18.441252937315337,158.51135614614574,7,0.0,0.0,,0.9999939830236586,,0.017074343952222838
hard_2of3_natural,NIT1,True,-0.0032969983571430983,0.08542458329017152,-0.03859542803906698,13.845571985282163,162.07947937248127,143,0.013986013986013986,0.013986013986013986,1.0,0.9891179840129113,0.9885040752524619,0.00308438227631792
hard_2of3_natural,PRR12,True,0.017586686738083654,0.10991680254708534,0.15999998481169425,17.933527813506675,163.1554721201469,105,0.02857142857142857,0.02857142857142857,1.0,0.9819919863812281,0.9688134593357582,0.006539192561462633
hard_2of3_natural,ARID1A,True,0.017231693894974677,0.10355618719602802,0.16639946256765634,16.339286463909264,157.78184680534443,220,0.013636363636363636,0.031818181818181815,0.42857142857142855,0.9613085586526363,0.9936064062925918,0.021203715922929904
hard_2of3_natural,STX4,True,0.005601839776058755,0.11364110705009231,0.04929413239163095,18.166001621178026,159.85414162826277,19,0.0,0.0,,0.998925679158222,0.9848920800513595,0.010327317593144772
hard_2of3_natural,CENPO,True,0.00432434070721176,0.09989999451241097,0.04328669614365724,15.168776245707981,151.83961039981344,5,0.2,0.2,1.0,0.9906748541389712,,0.009840256635351282
hard_2of3_natural,NRAS,True,0.018496719285704098,0.096685297468035,0.191308500569275,14.169724352583415,146.55510944948014,5,0.2,0.2,1.0,0.9874969397623041,,0.001225455399329497
hard_2of3_natural,CHMP3,True,0.010371535235425902,0.24697933621240412,0.04199353433562678,34.93836018274271,141.46268557745032,98,0.02040816326530612,0.04081632653061224,0.5,0.983446308918714,1.0846381197786452,0.06525648899650437
hard_2of3_natural,EID2,True,-0.005297025064264682,0.130824698515502,-0.04048948802765262,19.182495126425934,146.6274743538042,4,0.0,0.0,,0.9992450919382663,,0.012637669719205257
hard_2of3_natural,UQCRQ,True,-0.004950253979876937,0.12123021617051082,-0.04083349957006085,19.97882006061513,164.80066349559945,48,0.0,0.0,,0.9957352924896754,1.0344017098642804,0.0034044969178597738
hard_2of3_natural,ZNF426,True,0.005907436695368083,0.09388530296100506,0.0629218472865952,15.030647791693132,160.0958543845362,3,0.0,0.0,,0.9999980394970489,,0.012507745161150973
hard_2of3_natural,BIRC2,True,0.008521397899162102,0.08621983764578725,0.09883337909043796,14.029393735479305,162.71654086285315,75,0.02666666666666667,0.02666666666666667,1.0,0.954067652887431,0.9136639801342483,0.010089968951322763
hard_2of3_natural,PLCB3,True,0.01901821571823012,0.13464335624909152,0.14124882391557617,21.68832768471953,161.07982071240048,2,0.0,0.0,,0.9996544325133888,,0.00564471047757012
hard_2of3_natural,TFAM,True,0.016564792580590265,0.1099827520317784,0.15061263947827055,18.870953855044377,171.5810298108544,98,0.08163265306122448,0.08163265306122448,1.0,0.9244999521243173,0.9033136627797024,0.06459210199198107
hard_2of3_natural,PMS1,True,0.003886643160932815,0.13180216347992765,0.029488462543520527,21.415723243811872,162.4838521491592,1,0.0,0.0,,0.997825994875941,,0.019647695314735522
hard_2of3_natural,ZNF286A,True,0.010863839413516405,0.11499888164590412,0.09446908750789004,18.562994139065786,161.4189101092614,2,0.0,0.0,,0.9999999691692699,,0.0031362624448683066
hard_2of3_natural,GSK3B,True,0.012199087887620834,0.13065443306852617,0.0933691081206759,19.75233950155409,151.18001768217312,217,0.027649769585253458,0.041474654377880185,0.6666666666666666,0.9645143893131223,0.9600420239091992,0.0396484003162419
hard_2of3_natural,LRPPRC,True,0.009821274070413041,0.12381782722258372,0.07932035548287907,21.437881822383947,173.14051056513605,98,0.08163265306122448,0.08163265306122448,1.0,0.9482383896302015,0.8587135872297705,0.06310828598823887
hard_2of3_natural,CASP3,True,0.024047753809540003,0.09854708762809664,0.24402297813501064,15.073133131429815,152.953613284989,417,0.03357314148681055,0.050359712230215826,0.6666666666666666,0.910439789605868,0.9693400407647615,0.009357469065823007
hard_2of3_natural,MAST2,True,0.0013489136177853374,0.10930244454321848,0.012341111156502755,17.176467056407127,157.14622969494067,0,,,,,,0.00744221375551195
hard_2of3_natural,HAT1,True,0.0005357108985037176,0.21800052034381173,0.0024573835771531205,34.74077224203001,159.36096018137866,29,0.0,0.0,,0.9981856325351134,1.0998376902201348,0.01289217700212083
hard_2of3_natural,MAU2,True,-0.0029598266179450025,0.1784863896314372,-0.016582926149477574,26.38222661704619,147.81085925668492,902,0.05543237250554324,0.07760532150776053,0.7142857142857143,0.9356557578778357,0.9634431176782479,0.02569716770403943
hard_2of3_natural,SMARCA4,True,0.020474808668869464,0.1339584995572694,0.15284441626726455,20.36653865319065,152.0361807612187,2229,0.08793180798564379,0.14849708389412292,0.5921450151057401,0.8314581129162597,0.9889684860646543,0.010120759888029152
hard_2of3_natural,TWF2,True,0.010950337877767067,0.07887137240217812,0.13883792742859208,13.08105409065674,165.85300461052321,4,0.0,0.0,,0.9999950319660578,,0.014667192422822339
hard_2of3_natural,IRF3,True,0.005445797018128431,0.07408749858420911,0.07350493837956543,11.726577759299715,158.28011450502797,4,0.25,0.25,1.0,0.9813691685382289,,0.0038434292439782016
hard_2of3_natural,MKI67,True,0.003974008440787562,0.09720937143878138,0.04088091900985323,14.935378765075415,153.6413469608856,5,0.0,0.0,,0.9999959378623172,,0.013733398515969832
hard_2of3_natural,AKT2,True,0.0032954541406923048,0.14066830718798312,0.02342712588620549,23.603842761688348,167.79787312109457,50,0.02,0.02,1.0,0.9782276440044271,0.9526765405072976,0.03935166045244199
hard_2of3_natural,SSBP1,True,0.004409370364086248,0.12044182630469213,0.036609959341960506,17.972015273216552,149.2173925339789,59,0.1016949152542373,0.1016949152542373,1.0,0.9421598113546881,0.8222720912863543,0.05444434375238098
hard_2of3_natural,PHF14,True,0.003060928503144179,0.1116058533074824,0.02742623628091525,17.825131875543775,159.71502701058353,24,0.0,0.0,,0.9997133097657203,1.0148950811307342,0.009397757193205647
hard_2of3_natural,DNMT1,True,0.058824523430157497,0.2023428550037484,0.29071707735401764,22.783177824716237,112.59689809306178,1279,0.08835027365129007,0.12822517591868648,0.6890243902439024,0.8269164484371118,0.9613875779462759,0.041651673016434576
hard_2of3_natural,TMSB10,True,0.034930209183123555,0.08459846627234865,0.4128941187972888,13.03489742246644,154.07959501893413,263,0.12167300380228137,0.12547528517110265,0.9696969696969697,0.8636153304238761,0.8915388461445547,0.014595085322727873
hard_2of3_natural,CLDN6,True,0.008111867558216251,0.1253570142427893,0.06471012098697027,20.435248054975588,163.0163910524939,4,0.0,0.0,,0.9997438234642887,,0.0037485463565976843
hard_2of3_natural,DLG5,True,0.02972821354553385,0.10260999733024415,0.28972043971364086,15.357709235965762,149.67069131224994,85,0.047058823529411764,0.058823529411764705,0.8,0.9702473325365187,0.920563754345267,0.018201780898440476
hard_2of3_natural,NDUFB6,True,0.011566632817307564,0.07086134408805386,0.16322909149076556,11.735453991653113,165.61150712961893,12,0.08333333333333333,0.08333333333333333,1.0,0.9970761165120198,0.8893929122343873,0.027500542102126362
hard_2of3_natural,STAT6,True,-0.0005849318573871561,0.24693506275433177,-0.0023687679297657582,37.721460662908186,152.75862504968006,73,0.0,0.0,,0.9970770467742703,0.967631063034743,0.020555228067779478
hard_2of3_natural,ZNF714,True,-0.004697478138657684,0.1648058606754488,-0.028503101281746282,24.827984117063945,150.64988596465963,8,0.125,0.125,1.0,0.9885829084534397,,0.01699411934440413
hard_2of3_natural,SAFB,True,-0.00781264468812544,0.13356368285651035,-0.058493780053359964,21.220811045431788,158.88159559234117,165,0.024242424242424242,0.024242424242424242,1.0,0.9830174529127006,0.9403131568372475,0.013666261714103541
hard_2of3_natural,SOX2,True,0.0007406301434653714,0.2177584847038551,0.0034011540100152963,35.988563978243924,165.26825132525732,1156,0.03373702422145329,0.06487889273356401,0.52,0.93650572811008,1.0207099604868195,0.038195220056457764
hard_2of3_natural,SLC25A3,True,0.0010745118908174498,0.1005908250672775,0.010682006933522923,16.717923270355172,166.19729740931973,21,0.0,0.0,,0.9996394909393185,0.9706621899273895,0.01433152620605016
hard_2of3_natural,ZNF593,True,-0.003653654734761446,0.08215257402448393,-0.04447401409081286,13.041754520522794,158.75040648922283,21,0.0,0.0,,0.9996753912081546,0.9916648114632917,0.0014618294714671477
hard_2of3_natural,RAF1,True,-0.0026455039484798016,0.11215585390664995,-0.023587747374129213,18.464328944787667,164.63098716323785,38,0.0,0.0,,0.9967972498221661,0.9887263477067993,0.0040238407043320275
hard_2of3_natural,METTL17,True,-0.003286220024683754,0.09776988632702488,-0.033611781174541465,15.301558670829232,156.5058449556536,81,0.024691358024691357,0.024691358024691357,1.0,0.9882055228038674,0.9451351762598045,0.02467184968897038
hard_2of3_natural,IKBKG,True,-0.0026284110525660108,0.09947655557904674,-0.026422417194344905,15.269809838660674,153.50159391603455,12,0.0,0.0,,0.9998559611616666,1.0122597764279047,0.0069856143950788666
hard_2of3_natural,SMAGP,True,0.03846632773916254,0.08933211520365525,0.43059909251525924,13.577254002930024,151.98625905115114,79,0.0759493670886076,0.0759493670886076,1.0,0.9597515047007193,0.9248296706375885,0.010287210180150413
hard_2of3_natural,MAP1B,True,0.0038575385427849695,0.09233568733565749,0.0417773306734816,15.008458778973512,162.5423410172381,3,0.3333333333333333,0.3333333333333333,1.0,0.9918917332939022,,0.006687347846791622
hard_2of3_natural,TAZ,True,0.007744661513583367,0.13736778707508907,0.056379022174608655,21.67040153611116,157.75460897732535,22,0.0,0.0,,0.9940734387132192,0.8686862667935775,0.02582515396034657
hard_2of3_natural,OXCT1,True,0.028154572394182217,0.09954966636921543,0.2828193546099988,15.589602319496082,156.60125129577514,129,0.13953488372093023,0.13953488372093023,1.0,0.7766901649677427,0.8362417126598352,0.0033042974439557327
hard_2of3_natural,WSB2,True,-0.0006563031131269325,0.11914212723227409,-0.005508573066245777,17.950284920764833,150.66278685598564,106,0.03773584905660377,0.03773584905660377,1.0,0.9827106901784958,0.952713680090763,0.004307621905994157
hard_2of3_natural,C1QBP,True,0.005253290066330063,0.10898954249902007,0.04819994603039366,17.236886171063144,158.15174351445802,66,0.030303030303030304,0.045454545454545456,0.6666666666666666,0.9915453783563233,0.9651046670267525,0.002640918260583106
hard_2of3_natural,CALM3,True,-0.003449009891443109,0.1589993762978622,-0.021691971199823388,24.19133410422598,152.14735219405537,1,0.0,0.0,,0.9970473066844813,,0.0032069496440503514
hard_2of3_natural,SIX4,True,-0.010250474143618382,0.08308173598027783,-0.12337818923345159,14.079250304488202,169.46263987346595,25,0.04,0.04,1.0,0.993296949164827,0.95476886345011,0.004172823792188715
hard_2of3_natural,RRM1,True,-0.001098527733628162,0.15993822142509453,-0.006868450354392908,25.543705140731234,159.709823662722,5,0.0,0.0,,0.9986727167361922,,0.019059235360952453
hard_2of3_natural,MBTPS1,True,0.02229210499018319,0.10278117606296198,0.21688898535785806,18.218245508511597,177.25274419268575,384,0.08854166666666667,0.09375,0.9444444444444444,0.9194545800484754,0.9149560726281049,0.008462871769221964
hard_2of3_natural,RAB3B,False,0.0023341845296245465,0.01678105042991824,0.1390964492582077,2.7066178874065607,161.29013488816196,0,,,,,,0.005893830779160324
hard_2of3_natural,XRCC4,True,-0.003626122341147038,0.09353580322462508,-0.03876721229879162,14.51289510619453,155.158715763011,14,0.07142857142857142,0.07142857142857142,1.0,0.9788326877556521,0.8172919646153329,0.0034042503001352254
hard_2of3_natural,TRAPPC6A,True,0.011908140123364868,0.12018010167003924,0.09908578839498147,18.852157119213977,156.86587760570848,230,0.04782608695652174,0.05652173913043478,0.8461538461538461,0.9549039891877383,0.9424813590551634,0.01507839380663768
hard_2of3_natural,SIN3B,True,0.028837128330983276,0.1676932434305624,0.1719635671721265,24.089409584276016,143.65164088588244,1161,0.07062876830318691,0.09474590869939707,0.7454545454545455,0.8982889811739669,0.9534203891562888,0.022735864367532208
hard_2of3_natural,SV2A,False,-0.0035905688371753426,0.01766582420905504,-0.2032494377100679,2.7051281765143984,153.12776491502842,18,0.0,0.0,,0.9984592760338591,1.0015798502472186,0.005942117278095441
hard_2of3_natural,EWSR1,True,0.01894348525950501,0.12506764827457115,0.15146591081585575,18.51678455365298,148.05415156605153,178,0.02247191011235955,0.02247191011235955,1.0,0.9852805300272004,0.9525783748561942,0.006770640475570874
hard_2of3_natural,TXNDC9,True,-0.006481709487781734,0.2319105766059301,-0.027949175853224078,34.70219222166145,149.63609133113636,24,0.0,0.0,,0.9997005446643046,0.959128183602919,0.0026138152615304035
hard_2of3_natural,TMBIM6,True,0.0038703875808045246,0.11308107744494929,0.03422665991742718,17.556773004248008,155.25827486738518,6,0.16666666666666666,0.16666666666666666,1.0,0.993163684925197,,0.011543477601246719
hard_2of3_natural,METTL3,True,0.06524512597612843,0.1085971963648777,0.6007993591004885,17.61663238348838,162.2199557003105,2926,0.23615857826384143,0.2822966507177033,0.8365617433414043,0.6656163705501019,0.921901502534524,0.001908410658213966
hard_2of3_natural,METTL14,True,0.08143749289405869,0.13163159671677896,0.6186773914874036,20.50633718165471,155.7858272112017,3008,0.24534574468085107,0.28856382978723405,0.8502304147465438,0.6476022160993502,0.9091468311500455,0.014253867345388116
hard_2of3_natural,MED24,True,0.019160749380726008,0.21559473891277647,0.0888739190824035,35.02806819070096,162.47181340019768,647,0.03863987635239567,0.05409582689335394,0.7142857142857143,0.9570885421657792,0.983838250865563,0.04678466859915778
hard_2of3_natural,ATM,True,0.008211994916788671,0.12431601019967345,0.06605742014724217,17.304621421568346,139.1986550547598,76,0.0,0.0,,0.9963043531494243,0.9692914573393506,0.007562299180912137
hard_2of3_natural,PHF10,True,-0.00958010549364455,0.13920856347582072,-0.06881836328487456,23.70058328918635,170.25233719406157,120,0.075,0.08333333333333333,0.9,0.9504285033037785,0.8915811510853126,0.05905644301664063
hard_2of3_natural,DZIP3,False,-0.0054551790366489635,0.017847055229959503,-0.30566269708693794,2.6974754281390467,151.1440063014344,1,0.0,0.0,,0.9999646973339745,,0.005985340562023541
hard_2of3_natural,ZNF562,True,-0.0044062205425717356,0.1204844818805647,-0.036570855215525486,19.692520993707365,163.44445928919214,10,0.0,0.0,,0.9996423935080954,0.9413473545239929,0.005836853125158544
hard_2of3_natural,MED1,True,0.0003910996579922355,0.1153165049455618,0.0033915323585020584,20.712072093735106,179.61064726608552,302,0.0,0.006622516556291391,0.0,0.9902124309055127,0.9738821639787846,0.0276543513510943
dense_at_hard_2of3_norm,TMSB4X,True,-0.004184159003138199,0.10095993754641802,-0.0414437558582528,15.826304397442913,156.75826255505066,0,,,,,,0.010956190436979476
dense_at_hard_2of3_norm,PRCP,True,0.011410783169469594,0.07864528075075977,0.14509177232938236,11.427505804628735,145.30440600554837,6,0.16666666666666666,0.16666666666666666,1.0,0.9711719842384351,,0.00933971520517373
dense_at_hard_2of3_norm,TADA1,True,0.02190244416421133,0.10875648442416246,0.20138977717217618,16.487086344334163,151.59635245318046,533,0.01876172607879925,0.04127579737335835,0.45454545454545453,0.9502771114446908,0.9853573300025148,0.044230030943295286
dense_at_hard_2of3_norm,HIRA,True,5.046229807313047e-05,0.07508651883194095,0.000672055368368794,11.304213633893415,150.54917726568954,32,0.0,0.0,,0.9981860435782589,0.9843476145362373,0.00703120728106681
dense_at_hard_2of3_norm,IGF2R,True,0.0007510100344229602,0.09022705629294162,0.008323556871728631,13.693961637227803,151.77223107852927,6,0.0,0.0,,0.9973418602223215,,0.015477379409707153
dense_at_hard_2of3_norm,NCK2,True,0.0031827294558788516,0.07428336366538349,0.042845790750884155,12.564065540464856,169.13700350270742,2,0.5,0.5,1.0,0.9895065216032519,,0.0081975260291436
dense_at_hard_2of3_norm,MED13,True,0.004573349097886149,0.09056542696874816,0.050497736840177394,14.9104098982977,164.6368862528844,113,0.0,0.008849557522123894,0.0,0.9945409966668173,0.9943100856192003,0.016112119547013484
dense_at_hard_2of3_norm,MED12,True,-0.007810978412952062,0.2812226042854911,-0.0277750731766303,48.62058724050922,172.89003977486334,68,0.0,0.0,,0.9963094825444461,0.982553489947944,0.16846191307347932
dense_at_hard_2of3_norm,STAT1,True,0.0150854719901896,0.1159346723994895,0.13012045213021214,18.548313648104664,159.98935662827938,8,0.25,0.25,1.0,0.9777301483143522,,0.013187786592620168
dense_at_hard_2of3_norm,USP22,True,-0.012814556220362636,0.09743758809315221,-0.13151553185113402,14.601877816228004,149.85877731567336,21,0.0,0.0,,0.999826082353178,0.9815670219793973,0.015341305570871759
dense_at_hard_2of3_norm,MED13L,True,-0.005536334691435233,0.11589405904996285,-0.047770651376085424,19.837720441878666,171.1711592854511,16,0.0,0.0,,0.9998007757262652,0.9881747423294208,0.02561309004678935
dense_at_hard_2of3_norm,TET1,True,0.018797759521840287,0.10714798489052708,0.1754373592844133,17.60287222181528,164.28561152876654,46,0.0,0.0,,0.9974934207304069,1.000683213591135,0.023052502208843837
dense_at_hard_2of3_norm,KIF1B,True,0.009214153698674387,0.0773727801165798,0.11908779398634965,12.64539548920599,163.4346790971296,2,0.0,0.0,,0.9999987600695219,,0.013035993405038077
dense_at_hard_2of3_norm,SRC,False,0.006844470168193315,0.01691415235878909,0.4046593658970281,2.725288065998482,161.1247201863085,6,0.0,0.0,,0.9992288556659988,,0.004229323084831626
dense_at_hard_2of3_norm,PBX1,True,0.01499208344942921,0.08585962735753781,0.17461155971477696,13.387556245443118,155.92376367643055,5,0.0,0.0,,0.9999999126381605,,0.0029091588918323187
dense_at_hard_2of3_norm,CAST,True,0.0022501749183328574,0.11611639099608169,0.019378615706449137,19.32206686882181,166.4025785082644,38,0.07894736842105263,0.13157894736842105,0.6,0.9700349129794466,0.9834474061564832,0.04342469397476316
dense_at_hard_2of3_norm,IDE,True,0.0008906190648792315,0.08194311505665239,0.010868747963309559,12.827075894885585,156.53634702582917,0,,,,,,0.009538893768882365
dense_at_hard_2of3_norm,MAPKAPK2,True,-0.0052750941195135745,0.11772795393978848,-0.04480749000540264,18.4407668281374,156.63881186254932,5,0.0,0.0,,0.9994239301404916,,0.005029440695239372
dense_at_hard_2of3_norm,PTPN1,True,0.004006078412035346,0.20708236666087146,0.019345338169695064,30.466397622507493,147.12212398267982,2,0.0,0.0,,0.9998882363413374,,0.08868401126138158
dense_at_hard_2of3_norm,KDM2B,True,0.008584063714511979,0.0679828823471012,0.12626801656752648,12.039670417046851,177.0985577748194,44,0.022727272727272728,0.022727272727272728,1.0,0.9958179652465454,0.9892020699926568,0.0024741058948181288
dense_at_hard_2of3_norm,ATP1B1,False,0.0010824111414083556,0.017779976566047902,0.060878097189132126,2.7300554048401464,153.54662559304924,2,0.0,0.0,,0.9999953092585339,,0.004235393037048381
dense_at_hard_2of3_norm,KAT2A,True,0.011426824663297412,0.13005664327057154,0.08786036895881509,19.898162749385364,152.99612729500458,738,0.02710027100271003,0.05420054200542006,0.5,0.9493552443950902,1.0077051562972699,0.0381253120672877
dense_at_hard_2of3_norm,NISCH,True,0.003076692280532706,0.07251609825143202,0.04242771404861056,11.152540091779318,153.7939900339175,6,0.16666666666666666,0.16666666666666666,1.0,0.9736552235845712,,0.0011997794467647595
dense_at_hard_2of3_norm,KDR,False,-0.00694554998834027,0.01659167688303718,-0.41861651702253116,2.723414448346034,164.14341163612997,7,0.0,0.0,,0.9986666586042329,,0.004276397450645364
dense_at_hard_2of3_norm,WFS1,False,-0.0003880620536173236,0.01768055817068047,-0.021948518246490873,2.722465072864407,153.98071975912217,4,0.0,0.0,,0.9981571298172398,,0.0042952676163999825
dense_at_hard_2of3_norm,TARBP2,True,-0.0057758024496159304,0.13985487591491977,-0.04129854187657797,21.347510218371017,152.64044302150538,4,0.0,0.0,,0.9991102071305487,,0.01069652511070083
dense_at_hard_2of3_norm,MAP3K7,True,-0.009451986200978675,0.10431395303435258,-0.09061094825795697,16.137976670298738,154.7058298613628,1,0.0,0.0,,0.9999994935700215,,0.011981671338527391
dense_at_hard_2of3_norm,HMGN1,True,-0.0031298329065000087,0.09217122248040951,-0.03395672556220286,15.463795222550159,167.77248696942155,3,0.0,0.0,,0.9999990870968117,,0.00914347471670048
dense_at_hard_2of3_norm,TSC22D4,True,0.006158135878026762,0.08361529847076668,0.07364843504301727,13.330556725360141,159.42724560172118,3,0.3333333333333333,0.3333333333333333,1.0,0.9714255364443538,,0.021361978187169943
dense_at_hard_2of3_norm,FOXH1,True,0.00679855079856743,0.07913020380777462,0.08591600263134247,12.888001248305963,162.8708208513385,32,0.0,0.0,,0.9979874949678774,1.0032451775267528,0.009561391207280714
dense_at_hard_2of3_norm,PAGR1,True,8.5111024679672e-05,0.08826523416017364,0.0009642644183690972,13.995450724177083,158.56130510886928,18,0.0,0.0,,0.9989354445425119,0.9555008494582113,0.002023995553641316
dense_at_hard_2of3_norm,KLF10,True,-0.0029811047398875306,0.06286512480133451,-0.0474206445832785,9.765394894818332,155.33882936968305,15,0.0,0.0,,0.9991012453801262,0.985939842410954,0.002765835298422741
dense_at_hard_2of3_norm,POLB,True,-0.006020202384862571,0.15665589063924815,-0.03842946703310424,24.11457064408475,153.9333793685199,3,0.0,0.0,,0.9957792507300519,,0.006777041855437669
dense_at_hard_2of3_norm,RNF2,True,0.013155525277794747,0.13112899440622422,0.10032506797878944,19.494761392530002,148.66857997962848,377,0.015915119363395226,0.029177718832891247,0.5454545454545454,0.9811867409920858,0.9960225263013319,0.0021981743876158953
dense_at_hard_2of3_norm,SMARCA5,True,0.011298298652004672,0.1405259459377885,0.08040008965324086,21.654817610139585,154.09835860294635,953,0.046169989506820566,0.07450157397691501,0.6197183098591549,0.9271771456917717,0.9892545654520297,0.017030079813790174
dense_at_hard_2of3_norm,ACAT2,True,0.009428695177432543,0.12544945581320996,0.07515931509078488,17.855081540857608,142.32888795821663,313,0.06070287539936102,0.0670926517571885,0.9047619047619048,0.956498372743521,0.9205053738810397,0.0034196100162586967
dense_at_hard_2of3_norm,TRAM2,True,0.0009600225744521443,0.0897423140939371,0.010697546460048354,13.668756799732396,152.31116934899546,1,0.0,0.0,,0.9999992423927273,,0.012073505036609655
dense_at_hard_2of3_norm,CAMSAP2,False,-0.0021952749200437284,0.015129215158433408,-0.14510170534656094,2.7232603372929716,180.000106335652,2,0.0,0.0,,0.9999950774242041,,0.0042608032066345815
dense_at_hard_2of3_norm,CDCA2,True,0.01522866231451008,0.12909061952722123,0.11796877550269114,19.468328206612224,150.8113314345583,8,0.125,0.125,1.0,0.9860807062342042,,0.007618954699034514
dense_at_hard_2of3_norm,CREG1,True,0.01381914973589756,0.08217219726758968,0.168173058472517,13.08176676286937,159.19942751767056,4,0.0,0.0,,0.9998389190473497,,0.011214084387986278
dense_at_hard_2of3_norm,CASP2,True,0.0031458462381337214,0.11184872391666567,0.028125901914424836,17.13260991216846,153.17662385610524,2,0.0,0.0,,0.9999969535880389,,0.0028116949773377316
dense_at_hard_2of3_norm,UBE3C,True,-0.014267022271404223,0.1313092433247153,-0.10865207894103257,21.318153173493098,162.35074267220722,37,0.10810810810810811,0.10810810810810811,1.0,0.9557120486762493,0.7792981915926084,0.060955934809342985
dense_at_hard_2of3_norm,EIF4B,True,0.02960966288202916,0.13633207815789966,0.21718779088612794,21.35702844843473,156.6544626694463,124,0.008064516129032258,0.008064516129032258,1.0,0.988291694988478,0.9579084617463852,0.030237477213539844
dense_at_hard_2of3_norm,STAG2,True,0.006418007124507386,0.093955807756552,0.06830878556370909,15.883031724298132,169.04789712896198,453,0.024282560706401765,0.03090507726269316,0.7857142857142857,0.9718987216761332,0.9765818636632868,0.03557973863713574
dense_at_hard_2of3_norm,HMGB2,True,0.010303620069492285,0.08586893181692042,0.11999240996103744,13.601925251210442,158.4033359144476,26,0.07692307692307693,0.07692307692307693,1.0,0.9767177364387924,0.8626296720200581,0.012370516529405077
dense_at_hard_2of3_norm,TGFBR2,False,-0.0010454865165965687,0.0166071173832711,-0.06295412337180936,2.7270057175829634,164.20704777639295,260,0.015384615384615385,0.015384615384615385,1.0,0.9865518150926933,0.996245669211984,0.004275544559495376
dense_at_hard_2of3_norm,ANTXR1,False,-0.005934608928987239,0.016501029703730897,-0.35965082395103015,2.7280236565368745,165.32444977782606,2,0.0,0.0,,0.9999949887439977,,0.004250427261804742
dense_at_hard_2of3_norm,MTA1,True,0.017406074143438456,0.12302362347205387,0.14148562407928453,18.365087367427655,149.28098237652284,28,0.17857142857142858,0.17857142857142858,1.0,0.9353264566895678,0.6926228150862322,0.002305452051703749
dense_at_hard_2of3_norm,DHCR24,True,0.020030130506156398,0.11930326704841789,0.16789255652175392,16.92977103091475,141.90534299487368,32,0.0,0.0,,0.9976478934265633,0.927404313359124,0.013405891825329974
dense_at_hard_2of3_norm,NDUFB4,True,-0.013222502509723684,0.08359303892147421,-0.15817707646858806,14.822140813169556,177.313099325091,17,0.058823529411764705,0.058823529411764705,1.0,0.9913220610144298,0.867393169750868,0.03573364700835387
dense_at_hard_2of3_norm,ACVR1B,True,0.012473223836938073,0.08840231905075613,0.14109611570004832,14.852928555728752,168.01514615471743,25,0.04,0.04,1.0,0.9911868719861759,0.9415443388006292,0.010027981093587398
dense_at_hard_2of3_norm,DHX36,True,0.051885020009940504,0.13193555680578592,0.3932603254656908,20.067322732617573,152.09942807273268,1387,0.16870944484498918,0.18168709444844988,0.9285714285714286,0.8065218738409572,0.8968584398966194,0.030920802468393804
dense_at_hard_2of3_norm,LZTR1,True,0.005066992317692398,0.12039112522680728,0.0420877561211143,18.672321438988757,155.09715856390238,191,0.041884816753926704,0.04712041884816754,0.8888888888888888,0.9436741683766142,0.9462708534341241,0.012409439207031952
dense_at_hard_2of3_norm,INSIG1,True,-0.005764399627757045,0.1394227188169227,-0.04134476559251677,20.81982907255578,149.32881275894854,219,0.0365296803652968,0.0365296803652968,1.0,0.9687962621636997,0.9634956754918956,0.019761285745627136
dense_at_hard_2of3_norm,LAD1,False,0.004586591447854303,0.018018174678237332,0.25455361210334304,2.7223595245125867,151.0896399400934,2,0.0,0.0,,0.9998339133043443,,0.004326357611709563
dense_at_hard_2of3_norm,TCF3,True,0.012838771907031381,0.17094661339155315,0.07510398511156334,24.29287076442032,142.10793815948557,6,0.0,0.0,,0.9999975461138046,,0.01657484174496717
dense_at_hard_2of3_norm,DAXX,True,-0.006279769988482132,0.08696353798366623,-0.07221152834952067,13.9291940989672,160.1728083048257,28,0.03571428571428571,0.03571428571428571,1.0,0.997194871072814,0.9765057746195783,0.01933345560734235
dense_at_hard_2of3_norm,CLDN7,True,0.01605692084386624,0.11624459067875485,0.13813047772898082,18.426087713143044,158.51135614614574,7,0.0,0.0,,0.9999400910689437,,0.019522723933288574
dense_at_hard_2of3_norm,NIT1,True,-0.002501014868226432,0.0859113580315081,-0.02911157413329658,13.924468181929669,162.07947937248127,143,0.013986013986013986,0.013986013986013986,1.0,0.9886769195166396,0.9855477345341037,0.002908685938085547
dense_at_hard_2of3_norm,PRR12,True,0.020561836061404236,0.11015430567106786,0.18666393416162963,17.972277747830052,163.1554721201469,105,0.02857142857142857,0.02857142857142857,1.0,0.9836937016177818,0.9718658710543776,0.008440359127011299
dense_at_hard_2of3_norm,ARID1A,True,0.020762014427040038,0.10339680669215025,0.20079937757513222,16.314139113662662,157.78184680534443,220,0.013636363636363636,0.031818181818181815,0.42857142857142855,0.9639572093843936,0.9934278613426836,0.02263296860358517
dense_at_hard_2of3_norm,STX4,True,0.002157051336229767,0.11385795575126414,0.018945108596030782,18.200665784167054,159.85414162826277,19,0.0,0.0,,0.9990492493863962,0.9805072706541814,0.00840784153577887
dense_at_hard_2of3_norm,CENPO,True,0.0023294878610935744,0.10022558686922796,0.023242446703086277,15.21821406231623,151.83961039981344,5,0.2,0.2,1.0,0.9917942258014439,,0.009215285235090286
dense_at_hard_2of3_norm,NRAS,True,0.019132990117860987,0.09694367232966704,0.19736192840722253,14.207590508708892,146.55510944948014,5,0.2,0.2,1.0,0.98895772944294,,0.0018929607261816829
dense_at_hard_2of3_norm,CHMP3,True,0.011053430581758976,0.24632476214824026,0.044873404059584274,34.845762377716746,141.46268557745032,98,0.02040816326530612,0.04081632653061224,0.5,0.9846313147988963,1.0778099625804205,0.06578421378443365
dense_at_hard_2of3_norm,EID2,True,-0.006079491750061159,0.1310821132730846,-0.046379262572580716,19.22023920219167,146.6274743538042,4,0.0,0.0,,0.9993334057915242,,0.012642007206225058
dense_at_hard_2of3_norm,UQCRQ,True,-0.004821348499768392,0.12130252419019122,-0.03974648122086034,19.990736470234516,164.80066349559945,48,0.0,0.0,,0.996037512395895,1.030413839903519,0.004860306817728515
dense_at_hard_2of3_norm,ZNF426,True,0.007757613692912855,0.09435080731589429,0.08222095722975348,15.105173109108845,160.0958543845362,3,0.0,0.0,,0.9999979425403663,,0.012915800475709898
dense_at_hard_2of3_norm,BIRC2,True,0.007447148609098069,0.08642947119227241,0.08616445879358699,14.063504581012182,162.71654086285315,75,0.02666666666666667,0.02666666666666667,1.0,0.958663676244495,0.9183779332239095,0.009557594298404613
dense_at_hard_2of3_norm,PLCB3,True,0.018883062300359115,0.13475695315348668,0.14012681244619352,21.706625853712985,161.07982071240048,2,0.0,0.0,,0.9992859893578548,,0.00936691007909334
dense_at_hard_2of3_norm,TFAM,True,0.01506165703315708,0.10897259163514228,0.13821509433845464,18.69762949391541,171.5810298108544,98,0.08163265306122448,0.08163265306122448,1.0,0.9310663919049408,0.8916638718916705,0.06763153301028016
dense_at_hard_2of3_norm,PMS1,True,0.0033828069544035366,0.13209787017218988,0.02560833834787828,21.463770806276926,162.4838521491592,1,0.0,0.0,,0.9980845498395763,,0.017110683478452522
dense_at_hard_2of3_norm,ZNF286A,True,0.011672053864493178,0.11517493424664071,0.10134196247508266,18.59141235799859,161.4189101092614,2,0.0,0.0,,0.9999999081862343,,0.005124466251772888
dense_at_hard_2of3_norm,GSK3B,True,0.01176168953351661,0.1304397836671945,0.09016949586121298,19.7198888012653,151.18001768217312,217,0.027649769585253458,0.041474654377880185,0.6666666666666666,0.9660629425999782,0.9584484942579214,0.0414608602292714
dense_at_hard_2of3_norm,LRPPRC,True,0.009316312081107316,0.1228753862671241,0.07581918856274586,21.274707114178174,173.14051056513605,98,0.08163265306122448,0.08163265306122448,1.0,0.952251119060744,0.8495232438802206,0.06656270414280265
dense_at_hard_2of3_norm,CASP3,True,0.024864539711796033,0.09878814533111474,0.25169558177710405,15.110003778116615,152.953613284989,417,0.03357314148681055,0.050359712230215826,0.6666666666666666,0.9185035435148321,0.9691079884672493,0.00914083041859668
dense_at_hard_2of3_norm,MAST2,True,-0.002591939884902619,0.10945650612986654,-0.023680089713692922,17.20067725388969,157.14622969494067,0,,,,,,0.008779916616134016
dense_at_hard_2of3_norm,HAT1,True,-0.002157773358402792,0.2181028088137137,-0.00989337721113804,34.75707303080907,159.36096018137866,29,0.0,0.0,,0.9983524878857258,1.0907608220749603,0.023037327278579316
dense_at_hard_2of3_norm,MAU2,True,-0.0010794632032681828,0.17841654836418877,-0.006050241489173711,26.371903319322623,147.81085925668492,902,0.0565410199556541,0.07982261640798226,0.7083333333333334,0.9362623839976413,0.9636425934152808,0.02719358139479506
dense_at_hard_2of3_norm,SMARCA4,True,0.020529447062431056,0.13420020892589316,0.15297626752405163,20.40328722245041,152.0361807612187,2229,0.0901749663526245,0.1516375056078959,0.5946745562130178,0.8326093382052827,0.986917012221339,0.008964889720319568
dense_at_hard_2of3_norm,TWF2,True,0.013443302939792755,0.07912073400886242,0.1699087237775998,13.12241146235984,165.85300461052321,4,0.0,0.0,,0.9999944599218332,,0.015670565574076093
dense_at_hard_2of3_norm,IRF3,True,0.009128649164928223,0.07439739829567998,0.12270118813359492,11.7756287211164,158.28011450502797,4,0.25,0.25,1.0,0.983752908424534,,0.005191838731134167
dense_at_hard_2of3_norm,MKI67,True,0.004547552744286868,0.09747276598412799,0.046654598321621145,14.975847057804618,153.6413469608856,5,0.0,0.0,,0.9999811238172904,,0.014278352875612257
dense_at_hard_2of3_norm,AKT2,True,0.005543785084790237,0.14016426104046278,0.03955205873193204,23.519264890179553,167.79787312109457,50,0.02,0.02,1.0,0.9800219384193941,0.9442805467917845,0.04641041592707078
dense_at_hard_2of3_norm,SSBP1,True,0.007654121125045999,0.11958731985460369,0.06400445410393017,17.84450804883089,149.2173925339789,59,0.1016949152542373,0.1016949152542373,1.0,0.9467986394664454,0.8174823276535204,0.05739113602823469
dense_at_hard_2of3_norm,PHF14,True,0.004608026098271613,0.11175147762633181,0.04123458764169246,17.848390267562205,159.71502701058353,24,0.0,0.0,,0.9997156649768806,1.0083638938197483,0.008603943401204631
dense_at_hard_2of3_norm,DNMT1,True,0.05854610211467323,0.2023228340110971,0.2893697214198871,22.780923523046955,112.59689809306178,1279,0.08835027365129007,0.12822517591868648,0.6890243902439024,0.8290845953765646,0.9598950840982686,0.042274260563602506
dense_at_hard_2of3_norm,TMSB10,True,0.03678389021016537,0.08479150422244694,0.43381575250351,13.064640631640868,154.07959501893413,263,0.12547528517110265,0.12927756653992395,0.9705882352941176,0.874028273302075,0.8921709462325356,0.015551141526124367
dense_at_hard_2of3_norm,CLDN6,True,0.008590206925727983,0.12563805887783983,0.06837264919923984,20.481062937106188,163.0163910524939,4,0.0,0.0,,0.9997810230592782,,0.0017161989613548945
dense_at_hard_2of3_norm,DLG5,True,0.031473473005854444,0.10243617035458247,0.3072496062368314,15.331692432349762,149.67069131224994,85,0.047058823529411764,0.058823529411764705,0.8,0.9736814822539456,0.9219231672540473,0.019794915401739874
dense_at_hard_2of3_norm,NDUFB6,True,0.010080731510363402,0.07095725457080122,0.14206766554510417,11.751337871250431,165.61150712961893,12,0.08333333333333333,0.08333333333333333,1.0,0.9973857389358509,0.8943795606840346,0.02746211053217941
dense_at_hard_2of3_norm,STAT6,True,-0.0016776846835992345,0.24768653481447694,-0.006773419010669514,37.83625450157921,152.75862504968006,73,0.0,0.0,,0.9970945734701664,0.9613045377750923,0.011287206515201093
dense_at_hard_2of3_norm,ZNF714,True,-0.0031960839692267043,0.1650170805380077,-0.019368200908696624,24.859804365271916,150.64988596465963,8,0.125,0.125,1.0,0.9896350556474043,,0.016182925222244668
dense_at_hard_2of3_norm,SAFB,True,-0.0073452397817322405,0.13387571060667536,-0.05486611236979674,21.270386512247093,158.88159559234117,165,0.024242424242424242,0.024242424242424242,1.0,0.9836215624618309,0.9297294857004944,0.012650243590529166
dense_at_hard_2of3_norm,SOX2,True,0.0018038294671033058,0.21982787490522698,0.00820564483863104,36.33056847813428,165.26825132525732,1156,0.03546712802768166,0.06920415224913495,0.5125,0.9374071936400603,1.0132266748183265,0.02274168059583379
dense_at_hard_2of3_norm,SLC25A3,True,-0.00016851674652783652,0.10078048247843367,-0.0016721168859644816,16.749443819522977,166.19729740931973,21,0.0,0.0,,0.9993278932999132,0.9915967170624196,0.01464443528984281
dense_at_hard_2of3_norm,ZNF593,True,-0.0058337170844244245,0.08240940464144547,-0.07078945794847451,13.082526485364316,158.75040648922283,21,0.0,0.0,,0.9996916020031457,0.9974475322813338,0.0036420475853942372
dense_at_hard_2of3_norm,RAF1,True,-0.0028828371833716695,0.11224955479156651,-0.02568239302797005,18.479755013969548,164.63098716323785,38,0.0,0.0,,0.9968164775398746,0.9619254155284634,0.002708824344150211
dense_at_hard_2of3_norm,METTL17,True,-0.00362860311014726,0.09794477579752046,-0.03704743903491707,15.328929895182991,156.5058449556536,81,0.024691358024691357,0.024691358024691357,1.0,0.9892060913662297,0.9450887250595879,0.02447017424758735
dense_at_hard_2of3_norm,IKBKG,True,-0.00531935992984847,0.09952048384173838,-0.053449900206549814,15.276552897001803,153.50159391603455,12,0.0,0.0,,0.9998431517747183,1.0039125946920362,0.006917435413447726
dense_at_hard_2of3_norm,SMAGP,True,0.04140827992777202,0.08936256680832742,0.4633738869272643,13.581882228406252,151.98625905115114,79,0.0759493670886076,0.0759493670886076,1.0,0.963852455681355,0.9280426126314961,0.01184445978730692
dense_at_hard_2of3_norm,MAP1B,True,0.00583402489588146,0.0927377824977776,0.06290882463165721,15.073816267936222,162.5423410172381,3,0.3333333333333333,0.3333333333333333,1.0,0.9928260081410516,,0.005278303753176031
dense_at_hard_2of3_norm,TAZ,True,0.005797234858490498,0.13714811099541863,0.04226988484503554,21.63574662206108,157.75460897732535,22,0.0,0.0,,0.9944729690009362,0.8508174433975094,0.029429183244222768
dense_at_hard_2of3_norm,OXCT1,True,0.029871653234555078,0.09975617152825664,0.2994466685812388,15.621941285800967,156.60125129577514,129,0.13953488372093023,0.13953488372093023,1.0,0.7939596146009447,0.834285526708839,0.005713246268287323
dense_at_hard_2of3_norm,WSB2,True,-0.006501909721896951,0.11932946287193683,-0.05448704423378437,17.97850943031387,150.66278685598564,106,0.03773584905660377,0.03773584905660377,1.0,0.9843862963158443,0.9515419827547622,0.003433668862246562
dense_at_hard_2of3_norm,C1QBP,True,0.0019248098126483355,0.10898462243085344,0.017661297252000423,17.23610805370438,158.15174351445802,66,0.030303030303030304,0.045454545454545456,0.6666666666666666,0.9921200373437051,0.9673261575122015,0.0037990179337510817
dense_at_hard_2of3_norm,CALM3,True,0.0007127729321678066,0.15932535701319392,0.004473694241330217,24.240931206930025,152.14735219405537,1,0.0,0.0,,0.9973734474587261,,0.0036991600469395854
dense_at_hard_2of3_norm,SIX4,True,-0.008809752656169737,0.08310207965840283,-0.10601121767809987,14.082697797887999,169.46263987346595,25,0.04,0.04,1.0,0.9941456079651865,0.9536074290144652,0.003967400792763099
dense_at_hard_2of3_norm,RRM1,True,-0.00039950366635660276,0.15999256384806337,-0.002497013965824003,25.55238415952099,159.709823662722,5,0.0,0.0,,0.9988017892872069,,0.01815737319970506
dense_at_hard_2of3_norm,MBTPS1,True,0.018478261456221914,0.10299575004760358,0.17940799933668572,18.25627933612168,177.25274419268575,384,0.08854166666666667,0.09375,0.9444444444444444,0.9257664996623484,0.9189934304668568,0.007354229386162821
dense_at_hard_2of3_norm,RAB3B,False,-0.0007830740526949145,0.016920634568004845,-0.046279236724113514,2.7291314318667976,161.29013488816196,0,,,,,,0.004201025831063952
dense_at_hard_2of3_norm,XRCC4,True,-0.0024582966670083787,0.09366891800216975,-0.026244529342715737,14.53354902412744,155.158715763011,14,0.07142857142857142,0.07142857142857142,1.0,0.9815159512485379,0.8299312701823579,0.004895484535740228
dense_at_hard_2of3_norm,TRAPPC6A,True,0.010069722508380436,0.1204475142405982,0.08360257637418575,18.894105026777506,156.86587760570848,230,0.04782608695652174,0.05652173913043478,0.8461538461538461,0.9589455215299652,0.9472097199273191,0.014467262707864964
dense_at_hard_2of3_norm,SIN3B,True,0.03319814825469223,0.1679566432700716,0.19765903633421716,24.127247403430587,143.65164088588244,1161,0.0714900947459087,0.09646856158484066,0.7410714285714286,0.9004308053643402,0.9488876903738018,0.02215004588559957
dense_at_hard_2of3_norm,SV2A,False,-0.006252649201486148,0.017822146262841,-0.3508359267886192,2.729065423217569,153.12776491502842,18,0.0,0.0,,0.9984092369542757,1.0002299930805536,0.0042466766011400705
dense_at_hard_2of3_norm,EWSR1,True,0.01682231973247919,0.1251637013611945,0.13440254282616435,18.5310056118983,148.05415156605153,178,0.028089887640449437,0.028089887640449437,1.0,0.9854172896864006,0.95166836880695,0.009868311777741428
dense_at_hard_2of3_norm,TXNDC9,True,-0.009398786525359346,0.23200328910995044,-0.04051143654650989,34.716065358380575,149.63609133113636,24,0.0,0.0,,0.9993301866501035,1.005570142519905,0.008370531708426889
dense_at_hard_2of3_norm,TMBIM6,True,0.005656752186845399,0.11318262178378201,0.04997898173495004,17.572538603117724,155.25827486738518,6,0.16666666666666666,0.16666666666666666,1.0,0.9940501220177262,,0.012024431397303977
dense_at_hard_2of3_norm,METTL3,True,0.06678317329110144,0.1086441089300897,0.6146966821190006,17.62424253773886,162.2199557003105,2926,0.23615857826384143,0.2822966507177033,0.8365617433414043,0.6730805232581428,0.9209928807816873,0.0016051430255346133
dense_at_hard_2of3_norm,METTL14,True,0.08034954186792924,0.13156369258863299,0.6107273236785951,20.49575868088044,155.7858272112017,3008,0.24335106382978725,0.2908909574468085,0.8365714285714285,0.6544343245651243,0.9081280913152553,0.015496365072846054
dense_at_hard_2of3_norm,MED24,True,0.02147392473813424,0.21512533048221513,0.09982053108297041,34.95180255176231,162.47181340019768,647,0.03709428129829984,0.05255023183925812,0.7058823529411765,0.9579551019159249,0.9792277897251929,0.05335300491405731
dense_at_hard_2of3_norm,ATM,True,0.008630442316149936,0.12447494707197555,0.06933477393775896,17.32674522043141,139.1986550547598,76,0.0,0.0,,0.9963464019362103,0.9787444257833667,0.006174676593246425
dense_at_hard_2of3_norm,PHF10,True,-0.0116143811774814,0.13899514557585868,-0.08355961734751864,23.664248392918765,170.25233719406157,120,0.075,0.08333333333333333,0.9,0.9522684272281486,0.8795841166781151,0.06106504531618374
dense_at_hard_2of3_norm,DZIP3,False,-0.0036693073101233854,0.017993933441093093,-0.2039191331976208,2.719675189408165,151.1440063014344,1,0.0,0.0,,0.9999984447219848,,0.004293671219161233
dense_at_hard_2of3_norm,ZNF562,True,0.00058696864151781,0.12085182598658704,0.004856928198858623,19.75256135248926,163.44445928919214,10,0.0,0.0,,0.9996884657041544,0.9459260496903054,0.0039519977384942975
dense_at_hard_2of3_norm,MED1,True,-0.0005180900567589132,0.1148745149521915,-0.00451005218150024,20.632685984940736,179.61064726608552,302,0.0033112582781456954,0.009933774834437087,0.3333333333333333,0.9902282886298693,0.9676996859177786,0.03050660524829944
hard_2of3_at_dense_norm,TMSB4X,True,-0.0036686365878410157,0.1077585073659358,-0.034044983338371027,16.892036390209725,156.75826255505066,0,,,,,,0.011055745838080996
hard_2of3_at_dense_norm,PRCP,True,0.014047611551550706,0.08340224619642617,0.1684320529985037,12.11871384310021,145.30440600554837,6,0.16666666666666666,0.16666666666666666,1.0,0.9669285726302052,,0.00851149023992307
hard_2of3_at_dense_norm,TADA1,True,0.018054490558127252,0.11344601139645674,0.15914610250185623,17.198001528064783,151.59635245318046,533,0.020637898686679174,0.043151969981238276,0.4782608695652174,0.9485551567731068,0.9843505568974323,0.043159219309668616
hard_2of3_at_dense_norm,HIRA,True,0.0008106629372385645,0.0779258619873277,0.010403002502178217,11.731674409911856,150.54917726568954,32,0.0,0.0,,0.9981183257111129,0.9861688011005253,0.007425620966527957
hard_2of3_at_dense_norm,IGF2R,True,0.002667902699716564,0.0969371282940753,0.027521990249422555,14.712364235537436,151.77223107852927,6,0.0,0.0,,0.9969663923288509,,0.013875939333347895
hard_2of3_at_dense_norm,NCK2,True,0.008062986258150369,0.0792198385678924,0.10177988751189247,13.399006113341533,169.13700350270742,2,0.5,0.5,1.0,0.9880799357052975,,0.008902525025576577
hard_2of3_at_dense_norm,MED13,True,0.005815946172834114,0.09536152964774239,0.060988390122492145,15.700025309516429,164.6368862528844,113,0.0,0.008849557522123894,0.0,0.9948846475344616,1.0061052093682394,0.014922949940513092
hard_2of3_at_dense_norm,MED12,True,-0.008693150243639087,0.28479969784393083,-0.03052373408205967,49.23903108810626,172.89003977486334,68,0.0,0.0,,0.996306162586893,0.9879291346792044,0.1696051161254521
hard_2of3_at_dense_norm,STAT1,True,0.01794392900148256,0.12304962453012458,0.14582676761512253,19.686630261925977,159.98935662827938,8,0.25,0.25,1.0,0.9747688799966369,,0.013136994075269751
hard_2of3_at_dense_norm,USP22,True,-0.013900185638667671,0.1022944380930712,-0.13588408028617135,15.329719418821492,149.85877731567336,21,0.0,0.0,,0.9998119270028706,0.9794514741986611,0.014563783858296318
hard_2of3_at_dense_norm,MED13L,True,-0.003449849448276177,0.12222865764106043,-0.028224554820908587,20.922021026324824,171.1711592854511,16,0.0,0.0,,0.999903724524509,1.0041478761527272,0.025430032665573612
hard_2of3_at_dense_norm,TET1,True,0.013296415317304964,0.11410449279241115,0.1165284117383087,18.745726376581,164.28561152876654,46,0.0,0.0,,0.9976590079252557,1.0016607751856748,0.021863885930825392
hard_2of3_at_dense_norm,KIF1B,True,0.005452723548815767,0.08245980247109358,0.06612583811035963,13.476791355275873,163.4346790971296,2,0.0,0.0,,0.9999984880368997,,0.012090054960056782
hard_2of3_at_dense_norm,SRC,False,0.009577251884226765,0.01760550568150287,0.543991865810992,2.8366821766706143,161.1247201863085,6,0.0,0.0,,0.999259045391736,,0.006330277435492767
hard_2of3_at_dense_norm,PBX1,True,0.018077956750695783,0.09128150404468499,0.1980462191096905,14.232955664692602,155.92376367643055,5,0.0,0.0,,0.999999849522396,,0.0035143708846218412
hard_2of3_at_dense_norm,CAST,True,0.002834327203116865,0.12430340562366889,0.02280168583391712,20.6844072131372,166.4025785082644,38,0.07894736842105263,0.13157894736842105,0.6,0.9667970797249361,1.0122704398715126,0.041598282694045904
hard_2of3_at_dense_norm,IDE,True,0.00034942112423767396,0.08720776279455504,0.00400676629052902,13.651184620154662,156.53634702582917,0,,,,,,0.008378743637985585
hard_2of3_at_dense_norm,MAPKAPK2,True,-0.003435867299650593,0.12568170134865606,-0.027337848412149406,19.68663237211725,156.63881186254932,5,0.0,0.0,,0.9994842805417236,,0.003168993951841733
hard_2of3_at_dense_norm,PTPN1,True,0.004247660538526821,0.20871793006674982,0.020351200958961126,30.707025184688664,147.12212398267982,2,0.0,0.0,,0.9998920518308768,,0.08903074504908319
hard_2of3_at_dense_norm,KDM2B,True,0.008437941493676503,0.07283503561255146,0.11585003594372398,12.898979762460474,177.0985577748194,44,0.022727272727272728,0.022727272727272728,1.0,0.9956296342065962,0.9889460965394932,0.0024095375213006504
hard_2of3_at_dense_norm,ATP1B1,False,0.006074064761966307,0.018490573834385585,0.3284952006557421,2.839165217549036,153.54662559304924,2,0.0,0.0,,0.999989849810858,,0.0063459407811848455
hard_2of3_at_dense_norm,KAT2A,True,0.005925091015332027,0.1395268989947665,0.042465582321544106,21.347075199680543,152.99612729500458,738,0.024390243902439025,0.04878048780487805,0.5,0.9500989592059371,1.0126790387860383,0.0377865489678781
hard_2of3_at_dense_norm,NISCH,True,-0.002095003334367893,0.07665070841299038,-0.0273318195975452,11.788418285760159,153.7939900339175,6,0.16666666666666666,0.16666666666666666,1.0,0.9701692108687306,,0.0007916591015900894
hard_2of3_at_dense_norm,KDR,False,-0.006828350408885972,0.01724735082789457,-0.3959072020406932,2.8310390065758453,164.14341163612997,7,0.0,0.0,,0.9994046347411253,,0.0063902061481576275
hard_2of3_at_dense_norm,WFS1,False,-0.0003544912254938252,0.018383149450201332,-0.01928348711161366,2.8306505837815124,153.98071975912217,4,0.0,0.0,,0.9982785539862864,,0.00640506248808625
hard_2of3_at_dense_norm,TARBP2,True,-0.0061874815495772326,0.14924185336809503,-0.041459425824176985,22.78034261545657,152.64044302150538,4,0.0,0.0,,0.9989770503987105,,0.008647108774735682
hard_2of3_at_dense_norm,MAP3K7,True,-0.011302349548516605,0.11282929862616083,-0.10017211563075355,17.45535027663573,154.7058298613628,1,0.0,0.0,,0.9999995797917689,,0.01168981137848873
hard_2of3_at_dense_norm,HMGN1,True,-0.0012137497709861903,0.0988103731072014,-0.012283627040547336,16.577662034571627,167.77248696942155,3,0.0,0.0,,0.9999992408309191,,0.008882363504367927
hard_2of3_at_dense_norm,TSC22D4,True,0.0038897788656857227,0.08791385200228391,0.044245346746775126,14.015863274961484,159.42724560172118,3,0.3333333333333333,0.3333333333333333,1.0,0.967972093679875,,0.021532707419687623
hard_2of3_at_dense_norm,FOXH1,True,0.005647143381550265,0.0840524319425893,0.0671859606085813,13.689688585040782,162.8708208513385,32,0.0,0.0,,0.9978333068589483,0.9974850006587387,0.011584082512585322
hard_2of3_at_dense_norm,PAGR1,True,-0.0007564342329194664,0.09353822230801591,-0.008086899817580161,14.831542606722554,158.56130510886928,18,0.0,0.0,,0.9988242403274961,0.9574893570377009,0.0013886525773631367
hard_2of3_at_dense_norm,KLF10,True,-0.0031417757293317142,0.06749677518285654,-0.04654704940821664,10.48487004313361,155.33882936968305,15,0.0,0.0,,0.9990897193153554,0.9925951401494243,0.0037348454325585815
hard_2of3_at_dense_norm,POLB,True,-0.0045934324141416625,0.1668519232643719,-0.027529993806924877,25.684080402221728,153.9333793685199,3,0.0,0.0,,0.995192608198699,,0.004354419230295024
hard_2of3_at_dense_norm,RNF2,True,0.012136640976387355,0.13981680428302098,0.0868038791089806,20.786365750046368,148.66857997962848,377,0.015915119363395226,0.026525198938992044,0.6,0.9828748364825096,0.9978473301542917,0.0011724781127507402
hard_2of3_at_dense_norm,SMARCA5,True,0.010750208191335936,0.14615705813997282,0.07355243960261292,22.52256275760521,154.09835860294635,953,0.04407135362014691,0.07135362014690451,0.6176470588235294,0.9256839811291828,0.9920246552285368,0.016724197122241005
hard_2of3_at_dense_norm,ACAT2,True,0.007791054470844446,0.13329906915633424,0.05844792855760331,18.972308278886466,142.32888795821663,313,0.05750798722044728,0.06389776357827476,0.9,0.9523544854667433,0.9214139161374428,0.0019163308411697928
hard_2of3_at_dense_norm,TRAM2,True,0.0008083677522793187,0.09523892372616441,0.008487787562610188,14.505951840271889,152.31116934899546,1,0.0,0.0,,0.9999991991304745,,0.012919615599552067
hard_2of3_at_dense_norm,CAMSAP2,False,0.0019455944168431394,0.015750909529091354,0.12352267107176874,2.8351653901196783,180.000106335652,2,0.0,0.0,,0.9999895263592499,,0.006357118746276779
hard_2of3_at_dense_norm,CDCA2,True,0.019524429039541154,0.13680398221472778,0.14271828000515052,20.63159070335273,150.8113314345583,8,0.125,0.125,1.0,0.9842695667874374,,0.008065212045884637
hard_2of3_at_dense_norm,CREG1,True,0.01406444990886067,0.08709314957147118,0.16148744164222664,13.865179552489067,159.19942751767056,4,0.0,0.0,,0.9998211073692032,,0.010388868341012568
hard_2of3_at_dense_norm,CASP2,True,0.0016491557652290826,0.11890665311912847,0.013869331294497462,18.213719678817125,153.17662385610524,2,0.0,0.0,,0.99999999872268,,0.0014781278812158176
hard_2of3_at_dense_norm,UBE3C,True,-0.01682252205442728,0.13728521139799071,-0.12253702990381593,22.28835602837476,162.35074267220722,37,0.10810810810810811,0.10810810810810811,1.0,0.9539578623708587,0.785422108814894,0.06260876907995479
hard_2of3_at_dense_norm,EIF4B,True,0.03130951072858042,0.14388834539780218,0.21759587715058026,22.540751432688396,156.6544626694463,124,0.008064516129032258,0.008064516129032258,1.0,0.9882174179231213,0.9736864592440833,0.03079182228262365
hard_2of3_at_dense_norm,STAG2,True,0.008907686564166408,0.09824545598111016,0.09066766981954977,16.608187736082673,169.04789712896198,453,0.024282560706401765,0.03090507726269316,0.7857142857142857,0.9711099192415429,0.9748174554029932,0.03621652727646544
hard_2of3_at_dense_norm,HMGB2,True,0.009945667123382537,0.09126737627182338,0.1089728611652116,14.457056861615925,158.4033359144476,26,0.07692307692307693,0.07692307692307693,1.0,0.9735981318959613,0.8466118009253193,0.011536307153074696
hard_2of3_at_dense_norm,TGFBR2,False,0.0010334775859376984,0.017279973998989923,0.05980782065980591,2.8374935160269663,164.20704777639295,260,0.015384615384615385,0.015384615384615385,1.0,0.9863798399181735,0.99563092442994,0.00637695909583752
hard_2of3_at_dense_norm,ANTXR1,False,-0.00507844830632383,0.01715371774092672,-0.29605525653527914,2.8359289471628437,165.32444977782606,2,0.0,0.0,,0.9999894075473588,,0.0063681385917064345
hard_2of3_at_dense_norm,MTA1,True,0.01953313104660805,0.13112637416863643,0.14896416659464148,19.574673951365554,149.28098237652284,28,0.17857142857142858,0.17857142857142858,1.0,0.9263704351078288,0.6544913367415255,0.003239040733116747
hard_2of3_at_dense_norm,DHCR24,True,0.020854326498651363,0.12740501164829893,0.1636852917232146,18.079451877217736,141.90534299487368,32,0.0,0.0,,0.9973905701237905,0.9140507867698637,0.012548760491535697
hard_2of3_at_dense_norm,NDUFB4,True,-0.011062556500347048,0.0868115156203871,-0.12743190141641855,15.392818891759386,177.313099325091,17,0.058823529411764705,0.058823529411764705,1.0,0.9905783980106412,0.8755483777227027,0.03632689873726526
hard_2of3_at_dense_norm,ACVR1B,True,0.01106362713995429,0.09410086213961956,0.11757200612613876,15.810370105673096,168.01514615471743,25,0.04,0.04,1.0,0.9900467953368657,0.9298062052275812,0.008103860659141619
hard_2of3_at_dense_norm,DHX36,True,0.053551358304766865,0.13425439723995736,0.39887973433788343,20.420017036446975,152.09942807273268,1387,0.16870944484498918,0.18168709444844988,0.9285714285714286,0.802549515746594,0.896556232930831,0.030674793637498202
hard_2of3_at_dense_norm,LZTR1,True,0.008427217850504114,0.12381967052135968,0.06806041249358974,19.20407907218147,155.09715856390238,191,0.041884816753926704,0.04712041884816754,0.8888888888888888,0.9401952361262901,0.9488378119553202,0.012786958443835008
hard_2of3_at_dense_norm,INSIG1,True,-0.005878645221550583,0.14721715040922267,-0.039931796025188544,21.983762288364776,149.32881275894854,219,0.0365296803652968,0.0365296803652968,1.0,0.9663019068819303,0.9699901902473574,0.019699369737052313
hard_2of3_at_dense_norm,LAD1,False,0.00518526143556923,0.01873532927618291,0.27676382726621945,2.8307141544975662,151.0896399400934,2,0.0,0.0,,0.9998493480954367,,0.00643231147361064
hard_2of3_at_dense_norm,TCF3,True,0.014426675987221695,0.18038537922774703,0.0799769695802628,25.634194316172028,142.10793815948557,6,0.0,0.0,,0.9999986392638986,,0.013287215073128467
hard_2of3_at_dense_norm,DAXX,True,-0.0017646376949778484,0.0915284152184425,-0.019279670589361222,14.660363305228083,160.1728083048257,28,0.03571428571428571,0.03571428571428571,1.0,0.9968719376525552,0.9798459786740696,0.019818975510979577
hard_2of3_at_dense_norm,CLDN7,True,0.007422937573257102,0.12441965252821091,0.059660491107496265,19.72192785347894,158.51135614614574,7,0.0,0.0,,0.9999935775908275,,0.018838144604071978
hard_2of3_at_dense_norm,NIT1,True,-0.0032588907396436453,0.09080172295024694,-0.03589018615240695,14.717095981900307,162.07947937248127,143,0.013986013986013986,0.013986013986013986,1.0,0.9891134106012319,0.9885905013890439,0.002965457180596388
hard_2of3_at_dense_norm,PRR12,True,0.01761471979242442,0.11637228628512873,0.15136524644077057,18.986775310551074,163.1554721201469,105,0.02857142857142857,0.02857142857142857,1.0,0.981987840387671,0.9697787379342138,0.007385331510125832
hard_2of3_at_dense_norm,ARID1A,True,0.017270973684088177,0.107675702993324,0.1603980582802324,16.989271274350415,157.78184680534443,220,0.013636363636363636,0.031818181818181815,0.42857142857142855,0.9613110084298515,0.9936395133009439,0.021783375057527782
hard_2of3_at_dense_norm,STX4,True,0.0056650624275532665,0.12142215992668295,0.04665591874641285,19.40983514972955,159.85414162826277,19,0.0,0.0,,0.9989247917701061,0.9834556417118546,0.010487920310763954
hard_2of3_at_dense_norm,CENPO,True,0.004362997054022012,0.10651981970054707,0.04095948590870179,16.17392792318944,151.83961039981344,5,0.2,0.2,1.0,0.9906701761254496,,0.010101577669521026
hard_2of3_at_dense_norm,NRAS,True,0.0185388969610759,0.10261208074327126,0.18066973037472084,15.038324724169012,146.55510944948014,5,0.2,0.2,1.0,0.9874917608736759,,0.0016188054869796145
hard_2of3_at_dense_norm,CHMP3,True,0.010522509968802966,0.2578860698052424,0.04080294052621628,36.48125600766341,141.46268557745032,98,0.02040816326530612,0.04081632653061224,0.5,0.9834930927234651,1.0899302270585742,0.07059514630236942
hard_2of3_at_dense_norm,EID2,True,-0.005241218312689462,0.13945791331577992,-0.03758279604271412,20.44836160814457,146.6274743538042,4,0.0,0.0,,0.9992472959218084,,0.01289944621653057
hard_2of3_at_dense_norm,UQCRQ,True,-0.004886447057691966,0.12641951724808534,-0.03865263184087956,20.83402032127784,164.80066349559945,48,0.0,0.0,,0.9957293925956255,1.0359755619132496,0.004085997440242738
hard_2of3_at_dense_norm,ZNF426,True,0.005979122453865455,0.09985728098638001,0.059876679945661385,15.986736716031212,160.0958543845362,3,0.0,0.0,,0.9999981563600336,,0.012927705551424865
hard_2of3_at_dense_norm,BIRC2,True,0.008565037992641996,0.0910034965432333,0.09411768028685555,14.807774163939536,162.71654086285315,75,0.02666666666666667,0.02666666666666667,1.0,0.9540635765648885,0.9089052821929039,0.010384021818527123
hard_2of3_at_dense_norm,PLCB3,True,0.01907974930088969,0.14339440703114875,0.1330578346528195,23.09794537573842,161.07982071240048,2,0.0,0.0,,0.9996534204207693,,0.006714819986854762
hard_2of3_at_dense_norm,TFAM,True,0.016650703322334443,0.1164749231956371,0.1429552633777409,19.984887269047586,171.5810298108544,98,0.08163265306122448,0.08163265306122448,1.0,0.9245194766565612,0.9096219514104867,0.06901276984816161
hard_2of3_at_dense_norm,PMS1,True,0.003983109958409189,0.14036705184200024,0.028376388234559857,22.80737929810893,162.4838521491592,1,0.0,0.0,,0.9978235914919703,,0.02020373920773337
hard_2of3_at_dense_norm,ZNF286A,True,0.010932206374421547,0.12264559532856006,0.08913655924727532,19.797318327637687,161.4189101092614,2,0.0,0.0,,0.9999999519288942,,0.003926753546032059
hard_2of3_at_dense_norm,GSK3B,True,0.012252595907533545,0.1349714216278249,0.09077918688090354,20.404981908282615,151.18001768217312,217,0.027649769585253458,0.041474654377880185,0.6666666666666666,0.9644934202172112,0.9595071415421491,0.04135473527748087
hard_2of3_at_dense_norm,LRPPRC,True,0.00996313776993328,0.130262697268184,0.07648496445165139,22.553749912605134,173.14051056513605,98,0.08163265306122448,0.08163265306122448,1.0,0.9482522499622636,0.8622155895663589,0.06719253370048385
hard_2of3_at_dense_norm,CASP3,True,0.024057018630388748,0.10425854326060685,0.23074385923708254,15.946720907539156,152.953613284989,417,0.03357314148681055,0.050359712230215826,0.6666666666666666,0.9104311365735549,0.9682256918014053,0.009558391237766813
hard_2of3_at_dense_norm,MAST2,True,0.0014369213496384617,0.1172254626136323,0.01225775797852437,18.421539473977543,157.14622969494067,0,,,,,,0.00852432828273154
hard_2of3_at_dense_norm,HAT1,True,0.0006433982603651127,0.23178752240764366,0.002775810594470099,36.93788212894491,159.36096018137866,29,0.0,0.0,,0.9981808953009336,1.106353373079199,0.015408502167788867
hard_2of3_at_dense_norm,MAU2,True,-0.0029609943292671446,0.18829807484675193,-0.01572503771839928,27.832500239477973,147.81085925668492,902,0.05543237250554324,0.07760532150776053,0.7142857142857143,0.9356572739650394,0.9633211159933526,0.028189021533298934
hard_2of3_at_dense_norm,SMARCA4,True,0.020451146527560856,0.141287353464479,0.14474859940456364,21.48078961059973,152.0361807612187,2229,0.08748317631224764,0.14849708389412292,0.5891238670694864,0.8315097310464226,0.9889835488252938,0.010085485175285113
hard_2of3_at_dense_norm,TWF2,True,0.010999863810239869,0.08357126316800632,0.13162256250843601,13.860545095510602,165.85300461052321,4,0.0,0.0,,0.9999952111193816,,0.015271158279175212
hard_2of3_at_dense_norm,IRF3,True,0.005492202556264796,0.07909002923205649,0.06944241403869295,12.518378883055911,158.28011450502797,4,0.25,0.25,1.0,0.9813673392054257,,0.00434052570727171
hard_2of3_at_dense_norm,MKI67,True,0.004003869217001399,0.1031872431009667,0.038801978778362084,15.853827019212876,153.6413469608856,5,0.0,0.0,,0.9999961476566439,,0.014217606400820213
hard_2of3_at_dense_norm,AKT2,True,0.0033819709731771133,0.14778977428182302,0.02288366018292965,24.798809793536545,167.79787312109457,50,0.02,0.02,1.0,0.9782172987320148,0.9547356346392515,0.042071875874112145
hard_2of3_at_dense_norm,SSBP1,True,0.00447217113750572,0.1263199549928246,0.03540352066907999,18.84913430903886,149.2173925339789,59,0.1016949152542373,0.1016949152542373,1.0,0.9421728742524891,0.8255330840192296,0.05761046503690986
hard_2of3_at_dense_norm,PHF14,True,0.003122374974589508,0.11827090976023368,0.026400194104529894,18.889641546922007,159.71502701058353,24,0.0,0.0,,0.9997148986420158,1.015837256343822,0.009474678997137427
hard_2of3_at_dense_norm,DNMT1,True,0.058842273877531034,0.20432700580375546,0.2879808943808716,23.006587050145896,112.59689809306178,1279,0.08835027365129007,0.12822517591868648,0.6890243902439024,0.82689760609285,0.9611746452546711,0.04237037529342041
hard_2of3_at_dense_norm,TMSB10,True,0.034958708290340396,0.08791043416629293,0.39766278737984484,13.545204094281086,154.07959501893413,263,0.12167300380228137,0.12547528517110265,0.9696969696969697,0.8636240647475875,0.8883668955203103,0.014945384932816995
hard_2of3_at_dense_norm,CLDN6,True,0.008179841549862631,0.134287588271566,0.060912863617155505,21.8910780031739,163.0163910524939,4,0.0,0.0,,0.9997451174934482,,0.00325910254200875
hard_2of3_at_dense_norm,DLG5,True,0.029765899460156394,0.10940669166932285,0.27206653456008506,16.374975176333727,149.67069131224994,85,0.047058823529411764,0.058823529411764705,0.8,0.9702285243421435,0.9159353859302309,0.01980678702407763
hard_2of3_at_dense_norm,NDUFB6,True,0.011624348732936659,0.07488015104432431,0.1552393868176866,12.401014668544057,165.61150712961893,12,0.08333333333333333,0.08333333333333333,1.0,0.9970749378583948,0.8833048659977141,0.028836575167047785
hard_2of3_at_dense_norm,STAT6,True,-0.0004818282834274452,0.26271751395326487,-0.0018340166065714152,40.132366207970875,152.75862504968006,73,0.0,0.0,,0.9970730183580702,0.964199799002375,0.01971703923677223
hard_2of3_at_dense_norm,ZNF714,True,-0.004623394485303785,0.175313137073129,-0.026372207824763363,26.41090410817363,150.64988596465963,8,0.125,0.125,1.0,0.9885778994115061,,0.017219496314763622
hard_2of3_at_dense_norm,SAFB,True,-0.007743955685530117,0.14149354866853556,-0.054730097297023765,22.48072077847951,158.88159559234117,165,0.024242424242424242,0.024242424242424242,1.0,0.9830101502156139,0.9381212588009615,0.013763902030107956
hard_2of3_at_dense_norm,SOX2,True,0.0008090154614635749,0.2353331101114906,0.0034377460149160417,38.89309158706028,165.26825132525732,1156,0.03373702422145329,0.06487889273356401,0.52,0.9366061034339539,1.0245056517130835,0.038603024583460675
hard_2of3_at_dense_norm,SLC25A3,True,0.0011243983301864305,0.10709927657019418,0.010498654764016879,17.79961032045955,166.19729740931973,21,0.0,0.0,,0.9996406627050871,0.9687361350829923,0.014790839833439493
hard_2of3_at_dense_norm,ZNF593,True,-0.0036100904366931754,0.08737708701717786,-0.041316214123543075,13.871148081821179,158.75040648922283,21,0.0,0.0,,0.9996743935313218,0.9911154370998991,0.0018376580178708197
hard_2of3_at_dense_norm,RAF1,True,-0.00258342294155091,0.12009535701048336,-0.02151143063195522,19.771417178357353,164.63098716323785,38,0.0,0.0,,0.9967975055727231,0.9915456220189562,0.0037118032289121337
hard_2of3_at_dense_norm,METTL17,True,-0.003226614292815815,0.10263162843551311,-0.03143879077046122,16.062449727474664,156.5058449556536,81,0.024691358024691357,0.024691358024691357,1.0,0.9882105546638641,0.9426038061758107,0.025518373703083415
hard_2of3_at_dense_norm,IKBKG,True,-0.002573801843834889,0.10652605903836229,-0.024161241550370395,16.35191985598221,153.50159391603455,12,0.0,0.0,,0.9998568735065386,1.0132687592888836,0.007060376768966257
hard_2of3_at_dense_norm,SMAGP,True,0.03851518126387505,0.09485874928682429,0.40602666125627207,14.417226442375474,151.98625905115114,79,0.0759493670886076,0.0759493670886076,1.0,0.959737232207152,0.9225289941736515,0.011216689405832798
hard_2of3_at_dense_norm,MAP1B,True,0.003912914556211047,0.09842754418708333,0.03975426379402179,15.998643452746169,162.5423410172381,3,0.3333333333333333,0.3333333333333333,1.0,0.9918896479606887,,0.006755382900276595
hard_2of3_at_dense_norm,TAZ,True,0.007807313852466622,0.14440969209365004,0.054063641707674026,22.78129450876971,157.75460897732535,22,0.0,0.0,,0.9940786069536742,0.8690226238881563,0.027870029444115815
hard_2of3_at_dense_norm,OXCT1,True,0.028189884974821593,0.10361733703511176,0.27205760909749277,16.226604635634565,156.60125129577514,129,0.13953488372093023,0.13953488372093023,1.0,0.776652608523544,0.8357082733348432,0.0037045472309824544
hard_2of3_at_dense_norm,WSB2,True,-0.0006296261814976154,0.12670155762021348,-0.00496936417612886,19.089209770055607,150.66278685598564,106,0.03773584905660377,0.03773584905660377,1.0,0.9827053450834523,0.9503818056886459,0.004094400772039538
hard_2of3_at_dense_norm,C1QBP,True,0.005279476836160513,0.113061050444177,0.0466958056326145,17.88080225132268,158.15174351445802,66,0.030303030303030304,0.045454545454545456,0.6666666666666666,0.9915519614323804,0.9657699159937082,0.0030731503726778167
hard_2of3_at_dense_norm,CALM3,True,-0.003384379833721862,0.16870075234067924,-0.020061438889657973,25.667372781779438,152.14735219405537,1,0.0,0.0,,0.997045837525491,,0.0026378335356667024
hard_2of3_at_dense_norm,SIX4,True,-0.01019122230365973,0.08899780625195211,-0.11451093833491197,15.081803190403058,169.46263987346595,25,0.04,0.04,1.0,0.9932932838952754,0.9556340842210954,0.004111195965373583
hard_2of3_at_dense_norm,RRM1,True,-0.0010117698433578506,0.16822129967259608,-0.006014516861580711,26.86659410702423,159.709823662722,5,0.0,0.0,,0.9986710147460139,,0.019246461148244035
hard_2of3_at_dense_norm,MBTPS1,True,0.02234423305929471,0.10851872093244347,0.20590210488386365,19.235241081555856,177.25274419268575,384,0.08854166666666667,0.09375,0.9444444444444444,0.9193833744958979,0.9103326011648224,0.008433092345361326
hard_2of3_at_dense_norm,RAB3B,False,0.0025140539510058275,0.017607332895210947,0.14278448450813522,2.839889097689345,161.29013488816196,0,,,,,,0.00630561040681677
hard_2of3_at_dense_norm,XRCC4,True,-0.0035824902447330006,0.10023977212656632,-0.03573920978401288,15.553074311534896,155.158715763011,14,0.07142857142857142,0.07142857142857142,1.0,0.978829182290296,0.8042753296092432,0.00401864046481627
hard_2of3_at_dense_norm,TRAPPC6A,True,0.011982100808437582,0.12685342685786305,0.0944562642510502,19.898974131350236,156.86587760570848,230,0.04782608695652174,0.05652173913043478,0.8461538461538461,0.9548925092792833,0.9415379050048573,0.015411411626155376
hard_2of3_at_dense_norm,SIN3B,True,0.02888417178697039,0.1763846755262437,0.16375669655424688,25.337948066468858,143.65164088588244,1161,0.07062876830318691,0.09474590869939707,0.7454545454545455,0.898367839077025,0.9521152800444768,0.023157337693345034
hard_2of3_at_dense_norm,SV2A,False,-0.0035898411817860223,0.018534739787831395,-0.19368176855349542,2.8381832769922695,153.12776491502842,18,0.0,0.0,,0.9984840045324718,1.001557197083591,0.0063567059768457074
hard_2of3_at_dense_norm,EWSR1,True,0.019008049940359907,0.1320722405206941,0.14392161339446333,19.553843515718857,148.05415156605153,178,0.02247191011235955,0.02247191011235955,1.0,0.9852714069551266,0.9521956443792499,0.00764013148900202
hard_2of3_at_dense_norm,TXNDC9,True,-0.006402358475208837,0.24723702559603605,-0.02589562974952521,36.99558214252695,149.63609133113636,24,0.0,0.0,,0.9997006879455864,0.9566396385716698,0.004666488759134081
hard_2of3_at_dense_norm,TMBIM6,True,0.0039116487357945505,0.12108580832710555,0.03230476626317332,18.79957371178927,155.25827486738518,6,0.16666666666666666,0.16666666666666666,1.0,0.9931598379085493,,0.011810221093723705
hard_2of3_at_dense_norm,METTL3,True,0.0653024026991158,0.11189044309139955,0.583628064157119,18.150862721574946,162.2199557003105,2926,0.23615857826384143,0.2819548872180451,0.8375757575757575,0.6656243701879978,0.919766597368397,0.0017041777629496322
hard_2of3_at_dense_norm,METTL14,True,0.0814893656560064,0.13486170348521637,0.6042439295225076,21.009542036556237,155.7858272112017,3008,0.2456781914893617,0.2892287234042553,0.8494252873563218,0.6475985082279114,0.9072637875572572,0.01491886117710555
hard_2of3_at_dense_norm,MED24,True,0.01920984412009449,0.22585052530189412,0.08505556537633337,36.694344403185966,162.47181340019768,647,0.03863987635239567,0.05409582689335394,0.7142857142857143,0.9570495321916606,0.9855468066519716,0.05059847270435357
hard_2of3_at_dense_norm,ATM,True,0.008238241530241053,0.1322377291366417,0.06229872203664697,18.407314043316145,139.1986550547598,76,0.0,0.0,,0.9963004593046505,0.9676987813442909,0.00759363333017219
hard_2of3_at_dense_norm,PHF10,True,-0.009533562123338163,0.14370639998737864,-0.06634055354650503,24.466350467595873,170.25233719406157,120,0.075,0.08333333333333333,0.9,0.9504119993221793,0.8902941429687812,0.0604730141245371
hard_2of3_at_dense_norm,DZIP3,False,-0.005414345404874157,0.01872570149467503,-0.2891397903792185,2.830277544709942,151.1440063014344,1,0.0,0.0,,0.9999632337274313,,0.006400618946391289
hard_2of3_at_dense_norm,ZNF562,True,-0.004342605082851192,0.12802604683757046,-0.03391969985889475,20.92514800029949,163.44445928919214,10,0.0,0.0,,0.9996438198693276,0.938069252267532,0.005608512503236805
hard_2of3_at_dense_norm,MED1,True,0.00043719054181407365,0.1205474380727952,0.003626709524511559,21.651603378523106,179.61064726608552,302,0.0,0.006622516556291391,0.0,0.990200601837724,0.9724180537774276,0.029461295851037354
