model,target_gene,metric,value,aggregate_contribution,direction,eligible,n_de
null,RAB3B,pds_cosine,0.17599999999999999,0.0013968253968253967,higher,True,2
null,TMSB4X,pds_cosine,0.61599999999999988,0.0048888888888888879,higher,True,3
null,LAD1,pds_cosine,0.80800000000000005,0.0064126984126984133,higher,True,3
null,PLCB3,pds_cosine,0.17599999999999999,0.0013968253968253967,higher,True,3
null,PMS1,pds_cosine,0.1999999999999999,0.0015873015873015864,higher,True,3
null,CAMSAP2,pds_cosine,0.4479999999999999,0.0035555555555555549,higher,True,4
null,DZIP3,pds_cosine,0.872,0.0069206349206349209,higher,True,4
null,NCK2,pds_cosine,0.41599999999999998,0.0033015873015873015,higher,True,5
null,ZNF286A,pds_cosine,0.53600000000000003,0.0042539682539682539,higher,True,5
null,ATP1B1,pds_cosine,0.86399999999999988,0.0068571428571428559,higher,True,6
null,ANTXR1,pds_cosine,0.1999999999999999,0.0015873015873015864,higher,True,6
null,PTPN1,pds_cosine,0.70399999999999985,0.0055873015873015861,higher,True,7
null,HMGN1,pds_cosine,0.83199999999999985,0.0066031746031746021,higher,True,7
null,WFS1,pds_cosine,0.30399999999999999,0.0024126984126984128,higher,True,8
null,IDE,pds_cosine,0.48799999999999988,0.0038730158730158719,higher,True,10
null,ZNF426,pds_cosine,0.432,0.0034285714285714284,higher,True,10
null,IGF2R,pds_cosine,0.184,0.0014603174603174602,higher,True,11
null,TSC22D4,pds_cosine,0.71199999999999986,0.0056507936507936493,higher,True,11
null,EID2,pds_cosine,0.90400000000000003,0.0071746031746031747,higher,True,12
null,KIF1B,pds_cosine,0.71999999999999986,0.0057142857142857134,higher,True,13
null,MAPKAPK2,pds_cosine,0.94399999999999995,0.0074920634920634917,higher,True,13
null,KDR,pds_cosine,0.93600000000000005,0.0074285714285714293,higher,True,14
null,TWF2,pds_cosine,0.88,0.0069841269841269841,higher,True,14
null,MKI67,pds_cosine,1,0.0079365079365079361,higher,True,14
null,STAT1,pds_cosine,0.74399999999999988,0.005904761904761904,higher,True,15
null,MAP1B,pds_cosine,0.59999999999999987,0.0047619047619047606,higher,True,15
null,CALM3,pds_cosine,1,0.0079365079365079361,higher,True,15
null,PRCP,pds_cosine,0.28799999999999998,0.0022857142857142855,higher,True,16
null,POLB,pds_cosine,0.21599999999999989,0.0017142857142857133,higher,True,16
null,CREG1,pds_cosine,0.056000000000000001,0.00044444444444444447,higher,True,17
null,CASP2,pds_cosine,0.63200000000000001,0.0050158730158730161,higher,True,20
null,NRAS,pds_cosine,0.51200000000000001,0.0040634920634920633,higher,True,21
null,IRF3,pds_cosine,0.46399999999999991,0.0036825396825396818,higher,True,24
null,MAST2,pds_cosine,0.21599999999999989,0.0017142857142857133,higher,True,25
null,ZNF714,pds_cosine,0.43999999999999989,0.0034920634920634912,higher,True,27
null,CLDN6,pds_cosine,0.16,0.0012698412698412698,higher,True,29
null,RRM1,pds_cosine,0.376,0.002984126984126984,higher,True,34
null,MAP3K7,pds_cosine,0.33599999999999991,0.0026666666666666661,higher,True,43
null,PBX1,pds_cosine,0.47199999999999992,0.0037460317460317454,higher,True,48
null,ZNF562,pds_cosine,0.248,0.0019682539682539684,higher,True,49
null,NISCH,pds_cosine,0.65600000000000003,0.0052063492063492067,higher,True,56
null,CENPO,pds_cosine,0.97599999999999998,0.0077460317460317455,higher,True,73
null,TMBIM6,pds_cosine,0.19199999999999989,0.001523809523809523,higher,True,73
null,TRAM2,pds_cosine,0.063999999999999904,0.00050793650793650716,higher,True,85
null,SV2A,pds_cosine,0.504,0.0040000000000000001,higher,True,104
null,SRC,pds_cosine,0.39200000000000002,0.0031111111111111114,higher,True,127
null,TCF3,pds_cosine,0.11199999999999991,0.00088888888888888817,higher,True,127
null,CLDN7,pds_cosine,0.33599999999999991,0.0026666666666666661,higher,True,160
null,CDCA2,pds_cosine,0.35999999999999988,0.0028571428571428563,higher,True,205
null,TARBP2,pds_cosine,0.34399999999999992,0.0027301587301587294,higher,True,211
null,IKBKG,pds_cosine,0.35199999999999992,0.002793650793650793,higher,True,238
null,KLF10,pds_cosine,0.504,0.0040000000000000001,higher,True,247
null,SIX4,pds_cosine,0.64800000000000002,0.0051428571428571426,higher,True,282
null,STX4,pds_cosine,0.3199999999999999,0.0025396825396825388,higher,True,287
null,TAZ,pds_cosine,0.40000000000000002,0.0031746031746031746,higher,True,297
null,DHCR24,pds_cosine,0.64800000000000002,0.0051428571428571426,higher,True,307
null,HIRA,pds_cosine,0.032000000000000001,0.00025396825396825396,higher,True,364
null,ACVR1B,pds_cosine,0.0080000000000000002,6.3492063492063489e-05,higher,True,374
null,FOXH1,pds_cosine,0.58399999999999996,0.004634920634920635,higher,True,397
null,HMGB2,pds_cosine,0.46399999999999991,0.0036825396825396818,higher,True,399
null,PAGR1,pds_cosine,0.91200000000000003,0.0072380952380952388,higher,True,467
null,MED13L,pds_cosine,0.71199999999999986,0.0056507936507936493,higher,True,521
null,TET1,pds_cosine,0.1999999999999999,0.0015873015873015864,higher,True,522
null,PHF14,pds_cosine,0.872,0.0069206349206349209,higher,True,522
null,DAXX,pds_cosine,0.128,0.0010158730158730158,higher,True,541
null,RAF1,pds_cosine,0.77600000000000002,0.0061587301587301586,higher,True,542
null,HAT1,pds_cosine,0.95999999999999996,0.007619047619047619,higher,True,545
null,AKT2,pds_cosine,0.23999999999999991,0.0019047619047619041,higher,True,583
null,TXNDC9,pds_cosine,0.3279999999999999,0.0026031746031746025,higher,True,600
null,ZNF593,pds_cosine,0.38400000000000001,0.0030476190476190477,higher,True,632
null,MTA1,pds_cosine,0.152,0.0012063492063492064,higher,True,695
null,CAST,pds_cosine,0.024,0.00019047619047619048,higher,True,706
null,NDUFB6,pds_cosine,0.079999999999999905,0.00063492063492063416,higher,True,738
null,USP22,pds_cosine,0.54400000000000004,0.004317460317460318,higher,True,768
null,NDUFB4,pds_cosine,0.1039999999999999,0.00082539682539682462,higher,True,806
null,UBE3C,pds_cosine,0.91200000000000003,0.0072380952380952388,higher,True,834
null,DLG5,pds_cosine,0.3279999999999999,0.0026031746031746025,higher,True,924
null,STAT6,pds_cosine,0.35199999999999992,0.002793650793650793,higher,True,1007
null,XRCC4,pds_cosine,0.67999999999999994,0.0053968253968253964,higher,True,1146
null,SLC25A3,pds_cosine,0.095999999999999905,0.00076190476190476117,higher,True,1198
null,PRR12,pds_cosine,0.28000000000000003,0.0022222222222222222,higher,True,1244
null,KDM2B,pds_cosine,0.872,0.0069206349206349209,higher,True,1301
null,SMAGP,pds_cosine,0.41599999999999998,0.0033015873015873015,higher,True,1345
null,BIRC2,pds_cosine,0.95999999999999996,0.007619047619047619,higher,True,1502
null,MED12,pds_cosine,0.496,0.0039365079365079369,higher,True,1664
null,UQCRQ,pds_cosine,0.66399999999999992,0.0052698412698412691,higher,True,1676
null,SSBP1,pds_cosine,0.36799999999999988,0.0029206349206349195,higher,True,1703
null,ATM,pds_cosine,0.48799999999999988,0.0038730158730158719,higher,True,1711
null,WSB2,pds_cosine,0.67199999999999993,0.0053333333333333332,higher,True,1901
null,CHMP3,pds_cosine,0.504,0.0040000000000000001,higher,True,1918
null,MED13,pds_cosine,0.47999999999999993,0.0038095238095238091,higher,True,2015
null,GSK3B,pds_cosine,0.056000000000000001,0.00044444444444444447,higher,True,2126
null,PHF10,pds_cosine,0.152,0.0012063492063492064,higher,True,2151
null,OXCT1,pds_cosine,0.3199999999999999,0.0025396825396825388,higher,True,2363
null,C1QBP,pds_cosine,0.68799999999999994,0.0054603174603174596,higher,True,2425
null,TGFBR2,pds_cosine,0.071999999999999897,0.0005714285714285706,higher,True,2528
null,TRAPPC6A,pds_cosine,0.83999999999999986,0.0066666666666666654,higher,True,2545
null,ARID1A,pds_cosine,0.38400000000000001,0.0030476190476190477,higher,True,2588
null,TFAM,pds_cosine,0.2319999999999999,0.0018412698412698404,higher,True,2602
null,SAFB,pds_cosine,0.80800000000000005,0.0064126984126984133,higher,True,2779
null,METTL17,pds_cosine,0.12,0.00095238095238095238,higher,True,2785
null,LRPPRC,pds_cosine,0.12,0.00095238095238095238,higher,True,2908
null,LZTR1,pds_cosine,0.23999999999999991,0.0019047619047619041,higher,True,2933
null,EIF4B,pds_cosine,0.312,0.002476190476190476,higher,True,3245
null,TMSB10,pds_cosine,0.88,0.0069841269841269841,higher,True,3245
null,EWSR1,pds_cosine,0.77600000000000002,0.0061587301587301586,higher,True,3433
null,ACAT2,pds_cosine,0.89600000000000002,0.0071111111111111115,higher,True,3607
null,RNF2,pds_cosine,0.1039999999999999,0.00082539682539682462,higher,True,3769
null,NIT1,pds_cosine,0.19199999999999989,0.001523809523809523,higher,True,3994
null,MED1,pds_cosine,0.40000000000000002,0.0031746031746031746,higher,True,4046
null,CASP3,pds_cosine,0.048000000000000001,0.00038095238095238096,higher,True,4341
null,INSIG1,pds_cosine,0.93600000000000005,0.0074285714285714293,higher,True,4400
null,MBTPS1,pds_cosine,1,0.0079365079365079361,higher,True,4475
null,STAG2,pds_cosine,0.504,0.0040000000000000001,higher,True,4563
null,MED24,pds_cosine,0.42399999999999999,0.0033650793650793652,higher,True,4915
null,TADA1,pds_cosine,0.84799999999999986,0.0067301587301587295,higher,True,5463
null,SOX2,pds_cosine,0.152,0.0012063492063492064,higher,True,5828
null,SMARCA5,pds_cosine,0.21599999999999989,0.0017142857142857133,higher,True,6020
null,MAU2,pds_cosine,0.624,0.004952380952380952,higher,True,6092
null,KAT2A,pds_cosine,0.94399999999999995,0.0074920634920634917,higher,True,6471
null,DNMT1,pds_cosine,0.66399999999999992,0.0052698412698412691,higher,True,6689
null,SIN3B,pds_cosine,0.43999999999999989,0.0034920634920634912,higher,True,7038
null,DHX36,pds_cosine,0.34399999999999992,0.0027301587301587294,higher,True,7128
null,SMARCA4,pds_cosine,0.95199999999999996,0.0075555555555555549,higher,True,7631
null,METTL14,pds_cosine,0.53600000000000003,0.0042539682539682539,higher,True,8468
null,METTL3,pds_cosine,0.93600000000000005,0.0074285714285714293,higher,True,8511
global,RAB3B,pds_cosine,0.17599999999999999,0.0013968253968253967,higher,True,2
global,TMSB4X,pds_cosine,0.41599999999999998,0.0033015873015873015,higher,True,3
global,LAD1,pds_cosine,0.48799999999999988,0.0038730158730158719,higher,True,3
global,PLCB3,pds_cosine,0.14399999999999999,0.0011428571428571427,higher,True,3
global,PMS1,pds_cosine,0.056000000000000001,0.00044444444444444447,higher,True,3
global,CAMSAP2,pds_cosine,0.3199999999999999,0.0025396825396825388,higher,True,4
global,DZIP3,pds_cosine,0.59199999999999997,0.0046984126984126982,higher,True,4
global,NCK2,pds_cosine,0.22399999999999989,0.001777777777777777,higher,True,5
global,ZNF286A,pds_cosine,0.22399999999999989,0.001777777777777777,higher,True,5
global,ATP1B1,pds_cosine,0.47999999999999993,0.0038095238095238091,higher,True,6
global,ANTXR1,pds_cosine,0.1039999999999999,0.00082539682539682462,higher,True,6
global,PTPN1,pds_cosine,0.42399999999999999,0.0033650793650793652,higher,True,7
global,HMGN1,pds_cosine,0.42399999999999999,0.0033650793650793652,higher,True,7
global,WFS1,pds_cosine,0.16,0.0012698412698412698,higher,True,8
global,IDE,pds_cosine,0.35999999999999988,0.0028571428571428563,higher,True,10
global,ZNF426,pds_cosine,0.21599999999999989,0.0017142857142857133,higher,True,10
global,IGF2R,pds_cosine,0.12,0.00095238095238095238,higher,True,11
global,TSC22D4,pds_cosine,0.66399999999999992,0.0052698412698412691,higher,True,11
global,EID2,pds_cosine,0.43999999999999989,0.0034920634920634912,higher,True,12
global,KIF1B,pds_cosine,0.35199999999999992,0.002793650793650793,higher,True,13
global,MAPKAPK2,pds_cosine,0.73599999999999988,0.0058412698412698399,higher,True,13
global,KDR,pds_cosine,0.73599999999999988,0.0058412698412698399,higher,True,14
global,TWF2,pds_cosine,0.39200000000000002,0.0031111111111111114,higher,True,14
global,MKI67,pds_cosine,0.99199999999999999,0.0078730158730158737,higher,True,14
global,STAT1,pds_cosine,0.52800000000000002,0.0041904761904761906,higher,True,15
global,MAP1B,pds_cosine,0.43999999999999989,0.0034920634920634912,higher,True,15
global,CALM3,pds_cosine,0.89600000000000002,0.0071111111111111115,higher,True,15
global,PRCP,pds_cosine,0.184,0.0014603174603174602,higher,True,16
global,POLB,pds_cosine,0.12,0.00095238095238095238,higher,True,16
global,CREG1,pds_cosine,0.079999999999999905,0.00063492063492063416,higher,True,17
global,CASP2,pds_cosine,0.56000000000000005,0.0044444444444444444,higher,True,20
global,NRAS,pds_cosine,0.33599999999999991,0.0026666666666666661,higher,True,21
global,IRF3,pds_cosine,0.128,0.0010158730158730158,higher,True,24
global,MAST2,pds_cosine,0.12,0.00095238095238095238,higher,True,25
global,ZNF714,pds_cosine,0.26400000000000001,0.0020952380952380953,higher,True,27
global,CLDN6,pds_cosine,0.13600000000000001,0.0010793650793650795,higher,True,29
global,RRM1,pds_cosine,0.184,0.0014603174603174602,higher,True,34
global,MAP3K7,pds_cosine,0.152,0.0012063492063492064,higher,True,43
global,PBX1,pds_cosine,0.040000000000000001,0.00031746031746031746,higher,True,48
global,ZNF562,pds_cosine,0.17599999999999999,0.0013968253968253967,higher,True,49
global,NISCH,pds_cosine,0.59199999999999997,0.0046984126984126982,higher,True,56
global,CENPO,pds_cosine,0.94399999999999995,0.0074920634920634917,higher,True,73
global,TMBIM6,pds_cosine,0.23999999999999991,0.0019047619047619041,higher,True,73
global,TRAM2,pds_cosine,0.0080000000000000002,6.3492063492063489e-05,higher,True,85
global,SV2A,pds_cosine,0.56799999999999995,0.0045079365079365077,higher,True,104
global,SRC,pds_cosine,0.39200000000000002,0.0031111111111111114,higher,True,127
global,TCF3,pds_cosine,0.063999999999999904,0.00050793650793650716,higher,True,127
global,CLDN7,pds_cosine,0.16800000000000001,0.0013333333333333335,higher,True,160
global,CDCA2,pds_cosine,0.20799999999999991,0.0016507936507936501,higher,True,205
global,TARBP2,pds_cosine,0.13600000000000001,0.0010793650793650795,higher,True,211
global,IKBKG,pds_cosine,0.312,0.002476190476190476,higher,True,238
global,KLF10,pds_cosine,0.40799999999999997,0.0032380952380952378,higher,True,247
global,SIX4,pds_cosine,0.52800000000000002,0.0041904761904761906,higher,True,282
global,STX4,pds_cosine,0.30399999999999999,0.0024126984126984128,higher,True,287
global,TAZ,pds_cosine,0.67999999999999994,0.0053968253968253964,higher,True,297
global,DHCR24,pds_cosine,0.4479999999999999,0.0035555555555555549,higher,True,307
global,HIRA,pds_cosine,0.35199999999999992,0.002793650793650793,higher,True,364
global,ACVR1B,pds_cosine,0.0080000000000000002,6.3492063492063489e-05,higher,True,374
global,FOXH1,pds_cosine,0.056000000000000001,0.00044444444444444447,higher,True,397
global,HMGB2,pds_cosine,0.67999999999999994,0.0053968253968253964,higher,True,399
global,PAGR1,pds_cosine,0.71999999999999986,0.0057142857142857134,higher,True,467
global,MED13L,pds_cosine,0.73599999999999988,0.0058412698412698399,higher,True,521
global,TET1,pds_cosine,0.22399999999999989,0.001777777777777777,higher,True,522
global,PHF14,pds_cosine,0.85599999999999987,0.0067936507936507927,higher,True,522
global,DAXX,pds_cosine,0.13600000000000001,0.0010793650793650795,higher,True,541
global,RAF1,pds_cosine,0.752,0.0059682539682539681,higher,True,542
global,HAT1,pds_cosine,0.83199999999999985,0.0066031746031746021,higher,True,545
global,AKT2,pds_cosine,0.17599999999999999,0.0013968253968253967,higher,True,583
global,TXNDC9,pds_cosine,0.57599999999999996,0.0045714285714285709,higher,True,600
global,ZNF593,pds_cosine,0.63200000000000001,0.0050158730158730161,higher,True,632
global,MTA1,pds_cosine,0.17599999999999999,0.0013968253968253967,higher,True,695
global,CAST,pds_cosine,0.063999999999999904,0.00050793650793650716,higher,True,706
global,NDUFB6,pds_cosine,0.25600000000000001,0.0020317460317460317,higher,True,738
global,USP22,pds_cosine,0.42399999999999999,0.0033650793650793652,higher,True,768
global,NDUFB4,pds_cosine,0.35999999999999988,0.0028571428571428563,higher,True,806
global,UBE3C,pds_cosine,0.95199999999999996,0.0075555555555555549,higher,True,834
global,DLG5,pds_cosine,0.30399999999999999,0.0024126984126984128,higher,True,924
global,STAT6,pds_cosine,0.376,0.002984126984126984,higher,True,1007
global,XRCC4,pds_cosine,0.63200000000000001,0.0050158730158730161,higher,True,1146
global,SLC25A3,pds_cosine,0.248,0.0019682539682539684,higher,True,1198
global,PRR12,pds_cosine,0.45599999999999991,0.0036190476190476181,higher,True,1244
global,KDM2B,pds_cosine,0.97599999999999998,0.0077460317460317455,higher,True,1301
global,SMAGP,pds_cosine,0.56000000000000005,0.0044444444444444444,higher,True,1345
global,BIRC2,pds_cosine,0.95199999999999996,0.0075555555555555549,higher,True,1502
global,MED12,pds_cosine,0.61599999999999988,0.0048888888888888879,higher,True,1664
global,UQCRQ,pds_cosine,0.83999999999999986,0.0066666666666666654,higher,True,1676
global,SSBP1,pds_cosine,0.59199999999999997,0.0046984126984126982,higher,True,1703
global,ATM,pds_cosine,0.54400000000000004,0.004317460317460318,higher,True,1711
global,WSB2,pds_cosine,0.69599999999999995,0.0055238095238095237,higher,True,1901
global,CHMP3,pds_cosine,0.51200000000000001,0.0040634920634920633,higher,True,1918
global,MED13,pds_cosine,0.52000000000000002,0.0041269841269841274,higher,True,2015
global,GSK3B,pds_cosine,0.27200000000000002,0.002158730158730159,higher,True,2126
global,PHF10,pds_cosine,0.26400000000000001,0.0020952380952380953,higher,True,2151
global,OXCT1,pds_cosine,0.28000000000000003,0.0022222222222222222,higher,True,2363
global,C1QBP,pds_cosine,0.89600000000000002,0.0071111111111111115,higher,True,2425
global,TGFBR2,pds_cosine,0.0080000000000000002,6.3492063492063489e-05,higher,True,2528
global,TRAPPC6A,pds_cosine,0.85599999999999987,0.0067936507936507927,higher,True,2545
global,ARID1A,pds_cosine,0.071999999999999897,0.0005714285714285706,higher,True,2588
global,TFAM,pds_cosine,0.47999999999999993,0.0038095238095238091,higher,True,2602
global,SAFB,pds_cosine,0.83999999999999986,0.0066666666666666654,higher,True,2779
global,METTL17,pds_cosine,0.51200000000000001,0.0040634920634920633,higher,True,2785
global,LRPPRC,pds_cosine,0.33599999999999991,0.0026666666666666661,higher,True,2908
global,LZTR1,pds_cosine,0.65600000000000003,0.0052063492063492067,higher,True,2933
global,EIF4B,pds_cosine,0.128,0.0010158730158730158,higher,True,3245
global,TMSB10,pds_cosine,0.76000000000000001,0.0060317460317460322,higher,True,3245
global,EWSR1,pds_cosine,0.83999999999999986,0.0066666666666666654,higher,True,3433
global,ACAT2,pds_cosine,0.53600000000000003,0.0042539682539682539,higher,True,3607
global,RNF2,pds_cosine,0.39200000000000002,0.0031111111111111114,higher,True,3769
global,NIT1,pds_cosine,0.312,0.002476190476190476,higher,True,3994
global,MED1,pds_cosine,0.55200000000000005,0.0043809523809523812,higher,True,4046
global,CASP3,pds_cosine,0.312,0.002476190476190476,higher,True,4341
global,INSIG1,pds_cosine,0.84799999999999986,0.0067301587301587295,higher,True,4400
global,MBTPS1,pds_cosine,1,0.0079365079365079361,higher,True,4475
global,STAG2,pds_cosine,0.46399999999999991,0.0036825396825396818,higher,True,4563
global,MED24,pds_cosine,0.60799999999999987,0.0048253968253968247,higher,True,4915
global,TADA1,pds_cosine,0.95199999999999996,0.0075555555555555549,higher,True,5463
global,SOX2,pds_cosine,0.079999999999999905,0.00063492063492063416,higher,True,5828
global,SMARCA5,pds_cosine,0.248,0.0019682539682539684,higher,True,6020
global,MAU2,pds_cosine,0.83999999999999986,0.0066666666666666654,higher,True,6092
global,KAT2A,pds_cosine,0.94399999999999995,0.0074920634920634917,higher,True,6471
global,DNMT1,pds_cosine,0.71999999999999986,0.0057142857142857134,higher,True,6689
global,SIN3B,pds_cosine,0.74399999999999988,0.005904761904761904,higher,True,7038
global,DHX36,pds_cosine,0.54400000000000004,0.004317460317460318,higher,True,7128
global,SMARCA4,pds_cosine,0.88,0.0069841269841269841,higher,True,7631
global,METTL14,pds_cosine,0.38400000000000001,0.0030476190476190477,higher,True,8468
global,METTL3,pds_cosine,0.89600000000000002,0.0071111111111111115,higher,True,8511
LR,RAB3B,pds_cosine,0.88800000000000001,0.0070476190476190474,higher,True,2
LR,TMSB4X,pds_cosine,1,0.0079365079365079361,higher,True,3
LR,LAD1,pds_cosine,0.063999999999999904,0.00050793650793650716,higher,True,3
LR,PLCB3,pds_cosine,0,0,higher,True,3
LR,PMS1,pds_cosine,0.48799999999999988,0.0038730158730158719,higher,True,3
LR,CAMSAP2,pds_cosine,0.3199999999999999,0.0025396825396825388,higher,True,4
LR,DZIP3,pds_cosine,0.97599999999999998,0.0077460317460317455,higher,True,4
LR,NCK2,pds_cosine,0.13600000000000001,0.0010793650793650795,higher,True,5
LR,ZNF286A,pds_cosine,0.67199999999999993,0.0053333333333333332,higher,True,5
LR,ATP1B1,pds_cosine,0.67199999999999993,0.0053333333333333332,higher,True,6
LR,ANTXR1,pds_cosine,0.88,0.0069841269841269841,higher,True,6
LR,PTPN1,pds_cosine,0.78400000000000003,0.0062222222222222227,higher,True,7
LR,HMGN1,pds_cosine,0.89600000000000002,0.0071111111111111115,higher,True,7
LR,WFS1,pds_cosine,0.28799999999999998,0.0022857142857142855,higher,True,8
LR,IDE,pds_cosine,0.52800000000000002,0.0041904761904761906,higher,True,10
LR,ZNF426,pds_cosine,0.12,0.00095238095238095238,higher,True,10
LR,IGF2R,pds_cosine,0.96799999999999997,0.0076825396825396823,higher,True,11
LR,TSC22D4,pds_cosine,0.69599999999999995,0.0055238095238095237,higher,True,11
LR,EID2,pds_cosine,0.71199999999999986,0.0056507936507936493,higher,True,12
LR,KIF1B,pds_cosine,0.90400000000000003,0.0071746031746031747,higher,True,13
LR,MAPKAPK2,pds_cosine,0.66399999999999992,0.0052698412698412691,higher,True,13
LR,KDR,pds_cosine,0.28799999999999998,0.0022857142857142855,higher,True,14
LR,TWF2,pds_cosine,0.3279999999999999,0.0026031746031746025,higher,True,14
LR,MKI67,pds_cosine,0.36799999999999988,0.0029206349206349195,higher,True,14
LR,STAT1,pds_cosine,0.88800000000000001,0.0070476190476190474,higher,True,15
LR,MAP1B,pds_cosine,0.28000000000000003,0.0022222222222222222,higher,True,15
LR,CALM3,pds_cosine,1,0.0079365079365079361,higher,True,15
LR,PRCP,pds_cosine,0.74399999999999988,0.005904761904761904,higher,True,16
LR,POLB,pds_cosine,0.67199999999999993,0.0053333333333333332,higher,True,16
LR,CREG1,pds_cosine,0.13600000000000001,0.0010793650793650795,higher,True,17
LR,CASP2,pds_cosine,0.53600000000000003,0.0042539682539682539,higher,True,20
LR,NRAS,pds_cosine,0.70399999999999985,0.0055873015873015861,higher,True,21
LR,IRF3,pds_cosine,0.48799999999999988,0.0038730158730158719,higher,True,24
LR,MAST2,pds_cosine,0.89600000000000002,0.0071111111111111115,higher,True,25
LR,ZNF714,pds_cosine,0.095999999999999905,0.00076190476190476117,higher,True,27
LR,CLDN6,pds_cosine,0.30399999999999999,0.0024126984126984128,higher,True,29
LR,RRM1,pds_cosine,0.36799999999999988,0.0029206349206349195,higher,True,34
LR,MAP3K7,pds_cosine,0.152,0.0012063492063492064,higher,True,43
LR,PBX1,pds_cosine,0.3199999999999999,0.0025396825396825388,higher,True,48
LR,ZNF562,pds_cosine,0.67999999999999994,0.0053968253968253964,higher,True,49
LR,NISCH,pds_cosine,0.79200000000000004,0.006285714285714286,higher,True,56
LR,CENPO,pds_cosine,0.59199999999999997,0.0046984126984126982,higher,True,73
LR,TMBIM6,pds_cosine,0.17599999999999999,0.0013968253968253967,higher,True,73
LR,TRAM2,pds_cosine,0.13600000000000001,0.0010793650793650795,higher,True,85
LR,SV2A,pds_cosine,0.33599999999999991,0.0026666666666666661,higher,True,104
LR,SRC,pds_cosine,0.024,0.00019047619047619048,higher,True,127
LR,TCF3,pds_cosine,0.47999999999999993,0.0038095238095238091,higher,True,127
LR,CLDN7,pds_cosine,0.087999999999999898,0.00069841269841269761,higher,True,160
LR,CDCA2,pds_cosine,0.92800000000000005,0.0073650793650793652,higher,True,205
LR,TARBP2,pds_cosine,0.92000000000000004,0.007301587301587302,higher,True,211
LR,IKBKG,pds_cosine,0.22399999999999989,0.001777777777777777,higher,True,238
LR,KLF10,pds_cosine,0.48799999999999988,0.0038730158730158719,higher,True,247
LR,SIX4,pds_cosine,0.42399999999999999,0.0033650793650793652,higher,True,282
LR,STX4,pds_cosine,0.61599999999999988,0.0048888888888888879,higher,True,287
LR,TAZ,pds_cosine,0.45599999999999991,0.0036190476190476181,higher,True,297
LR,DHCR24,pds_cosine,0,0,higher,True,307
LR,HIRA,pds_cosine,0.48799999999999988,0.0038730158730158719,higher,True,364
LR,ACVR1B,pds_cosine,0.12,0.00095238095238095238,higher,True,374
LR,FOXH1,pds_cosine,0.23999999999999991,0.0019047619047619041,higher,True,397
LR,HMGB2,pds_cosine,0.4479999999999999,0.0035555555555555549,higher,True,399
LR,PAGR1,pds_cosine,0.19199999999999989,0.001523809523809523,higher,True,467
LR,MED13L,pds_cosine,0.77600000000000002,0.0061587301587301586,higher,True,521
LR,TET1,pds_cosine,0.84799999999999986,0.0067301587301587295,higher,True,522
LR,PHF14,pds_cosine,0.88,0.0069841269841269841,higher,True,522
LR,DAXX,pds_cosine,0.65600000000000003,0.0052063492063492067,higher,True,541
LR,RAF1,pds_cosine,0.35999999999999988,0.0028571428571428563,higher,True,542
LR,HAT1,pds_cosine,0.432,0.0034285714285714284,higher,True,545
LR,AKT2,pds_cosine,0.53600000000000003,0.0042539682539682539,higher,True,583
LR,TXNDC9,pds_cosine,0.40000000000000002,0.0031746031746031746,higher,True,600
LR,ZNF593,pds_cosine,0.29599999999999999,0.0023492063492063491,higher,True,632
LR,MTA1,pds_cosine,0.64800000000000002,0.0051428571428571426,higher,True,695
LR,CAST,pds_cosine,0.2319999999999999,0.0018412698412698404,higher,True,706
LR,NDUFB6,pds_cosine,0.016,0.00012698412698412698,higher,True,738
LR,USP22,pds_cosine,0.38400000000000001,0.0030476190476190477,higher,True,768
LR,NDUFB4,pds_cosine,0.11199999999999991,0.00088888888888888817,higher,True,806
LR,UBE3C,pds_cosine,0.66399999999999992,0.0052698412698412691,higher,True,834
LR,DLG5,pds_cosine,0.61599999999999988,0.0048888888888888879,higher,True,924
LR,STAT6,pds_cosine,0.80800000000000005,0.0064126984126984133,higher,True,1007
LR,XRCC4,pds_cosine,0.35999999999999988,0.0028571428571428563,higher,True,1146
LR,SLC25A3,pds_cosine,0.071999999999999897,0.0005714285714285706,higher,True,1198
LR,PRR12,pds_cosine,0.76000000000000001,0.0060317460317460322,higher,True,1244
LR,KDM2B,pds_cosine,0.28000000000000003,0.0022222222222222222,higher,True,1301
LR,SMAGP,pds_cosine,0.56799999999999995,0.0045079365079365077,higher,True,1345
LR,BIRC2,pds_cosine,0.97599999999999998,0.0077460317460317455,higher,True,1502
LR,MED12,pds_cosine,0.312,0.002476190476190476,higher,True,1664
LR,UQCRQ,pds_cosine,0.47999999999999993,0.0038095238095238091,higher,True,1676
LR,SSBP1,pds_cosine,0.86399999999999988,0.0068571428571428559,higher,True,1703
LR,ATM,pds_cosine,0.72799999999999987,0.0057777777777777766,higher,True,1711
LR,WSB2,pds_cosine,0.4479999999999999,0.0035555555555555549,higher,True,1901
LR,CHMP3,pds_cosine,0.85599999999999987,0.0067936507936507927,higher,True,1918
LR,MED13,pds_cosine,0.63200000000000001,0.0050158730158730161,higher,True,2015
LR,GSK3B,pds_cosine,0.86399999999999988,0.0068571428571428559,higher,True,2126
LR,PHF10,pds_cosine,0.60799999999999987,0.0048253968253968247,higher,True,2151
LR,OXCT1,pds_cosine,0.248,0.0019682539682539684,higher,True,2363
LR,C1QBP,pds_cosine,0.376,0.002984126984126984,higher,True,2425
LR,TGFBR2,pds_cosine,0.85599999999999987,0.0067936507936507927,higher,True,2528
LR,TRAPPC6A,pds_cosine,0.29599999999999999,0.0023492063492063491,higher,True,2545
LR,ARID1A,pds_cosine,0.78400000000000003,0.0062222222222222227,higher,True,2588
LR,TFAM,pds_cosine,0.77600000000000002,0.0061587301587301586,higher,True,2602
LR,SAFB,pds_cosine,0.53600000000000003,0.0042539682539682539,higher,True,2779
LR,METTL17,pds_cosine,0.14399999999999999,0.0011428571428571427,higher,True,2785
LR,LRPPRC,pds_cosine,0.48799999999999988,0.0038730158730158719,higher,True,2908
LR,LZTR1,pds_cosine,0.36799999999999988,0.0029206349206349195,higher,True,2933
LR,EIF4B,pds_cosine,0.66399999999999992,0.0052698412698412691,higher,True,3245
LR,TMSB10,pds_cosine,0.60799999999999987,0.0048253968253968247,higher,True,3245
LR,EWSR1,pds_cosine,0.92000000000000004,0.007301587301587302,higher,True,3433
LR,ACAT2,pds_cosine,0.0080000000000000002,6.3492063492063489e-05,higher,True,3607
LR,RNF2,pds_cosine,0.42399999999999999,0.0033650793650793652,higher,True,3769
LR,NIT1,pds_cosine,0.83999999999999986,0.0066666666666666654,higher,True,3994
LR,MED1,pds_cosine,0.43999999999999989,0.0034920634920634912,higher,True,4046
LR,CASP3,pds_cosine,0.80000000000000004,0.0063492063492063492,higher,True,4341
LR,INSIG1,pds_cosine,0.032000000000000001,0.00025396825396825396,higher,True,4400
LR,MBTPS1,pds_cosine,0.83999999999999986,0.0066666666666666654,higher,True,4475
LR,STAG2,pds_cosine,0.57599999999999996,0.0045714285714285709,higher,True,4563
LR,MED24,pds_cosine,0.032000000000000001,0.00025396825396825396,higher,True,4915
LR,TADA1,pds_cosine,0.43999999999999989,0.0034920634920634912,higher,True,5463
LR,SOX2,pds_cosine,0.22399999999999989,0.001777777777777777,higher,True,5828
LR,SMARCA5,pds_cosine,0.54400000000000004,0.004317460317460318,higher,True,6020
LR,MAU2,pds_cosine,0.70399999999999985,0.0055873015873015861,higher,True,6092
LR,KAT2A,pds_cosine,0.89600000000000002,0.0071111111111111115,higher,True,6471
LR,DNMT1,pds_cosine,0.504,0.0040000000000000001,higher,True,6689
LR,SIN3B,pds_cosine,0.71999999999999986,0.0057142857142857134,higher,True,7038
LR,DHX36,pds_cosine,0.3279999999999999,0.0026031746031746025,higher,True,7128
LR,SMARCA4,pds_cosine,0.43999999999999989,0.0034920634920634912,higher,True,7631
LR,METTL14,pds_cosine,0.59999999999999987,0.0047619047619047606,higher,True,8468
LR,METTL3,pds_cosine,0.2319999999999999,0.0018412698412698404,higher,True,8511
LR+global,RAB3B,pds_cosine,0.81599999999999995,0.0064761904761904757,higher,True,2
LR+global,TMSB4X,pds_cosine,1,0.0079365079365079361,higher,True,3
LR+global,LAD1,pds_cosine,0.048000000000000001,0.00038095238095238096,higher,True,3
LR+global,PLCB3,pds_cosine,0.0080000000000000002,6.3492063492063489e-05,higher,True,3
LR+global,PMS1,pds_cosine,0.29599999999999999,0.0023492063492063491,higher,True,3
LR+global,CAMSAP2,pds_cosine,0.1999999999999999,0.0015873015873015864,higher,True,4
LR+global,DZIP3,pds_cosine,0.94399999999999995,0.0074920634920634917,higher,True,4
LR+global,NCK2,pds_cosine,0.063999999999999904,0.00050793650793650716,higher,True,5
LR+global,ZNF286A,pds_cosine,0.52800000000000002,0.0041904761904761906,higher,True,5
LR+global,ATP1B1,pds_cosine,0.4479999999999999,0.0035555555555555549,higher,True,6
LR+global,ANTXR1,pds_cosine,0.76000000000000001,0.0060317460317460322,higher,True,6
LR+global,PTPN1,pds_cosine,0.45599999999999991,0.0036190476190476181,higher,True,7
LR+global,HMGN1,pds_cosine,0.84799999999999986,0.0067301587301587295,higher,True,7
LR+global,WFS1,pds_cosine,0.21599999999999989,0.0017142857142857133,higher,True,8
LR+global,IDE,pds_cosine,0.35999999999999988,0.0028571428571428563,higher,True,10
LR+global,ZNF426,pds_cosine,0.087999999999999898,0.00069841269841269761,higher,True,10
LR+global,IGF2R,pds_cosine,0.94399999999999995,0.0074920634920634917,higher,True,11
LR+global,TSC22D4,pds_cosine,0.63200000000000001,0.0050158730158730161,higher,True,11
LR+global,EID2,pds_cosine,0.40000000000000002,0.0031746031746031746,higher,True,12
LR+global,KIF1B,pds_cosine,0.752,0.0059682539682539681,higher,True,13
LR+global,MAPKAPK2,pds_cosine,0.52000000000000002,0.0041269841269841274,higher,True,13
LR+global,KDR,pds_cosine,0.14399999999999999,0.0011428571428571427,higher,True,14
LR+global,TWF2,pds_cosine,0.19199999999999989,0.001523809523809523,higher,True,14
LR+global,MKI67,pds_cosine,0.26400000000000001,0.0020952380952380953,higher,True,14
LR+global,STAT1,pds_cosine,0.83199999999999985,0.0066031746031746021,higher,True,15
LR+global,MAP1B,pds_cosine,0.12,0.00095238095238095238,higher,True,15
LR+global,CALM3,pds_cosine,1,0.0079365079365079361,higher,True,15
LR+global,PRCP,pds_cosine,0.57599999999999996,0.0045714285714285709,higher,True,16
LR+global,POLB,pds_cosine,0.48799999999999988,0.0038730158730158719,higher,True,16
LR+global,CREG1,pds_cosine,0.079999999999999905,0.00063492063492063416,higher,True,17
LR+global,CASP2,pds_cosine,0.60799999999999987,0.0048253968253968247,higher,True,20
LR+global,NRAS,pds_cosine,0.55200000000000005,0.0043809523809523812,higher,True,21
LR+global,IRF3,pds_cosine,0.33599999999999991,0.0026666666666666661,higher,True,24
LR+global,MAST2,pds_cosine,0.63200000000000001,0.0050158730158730161,higher,True,25
LR+global,ZNF714,pds_cosine,0.087999999999999898,0.00069841269841269761,higher,True,27
LR+global,CLDN6,pds_cosine,0.28799999999999998,0.0022857142857142855,higher,True,29
LR+global,RRM1,pds_cosine,0.22399999999999989,0.001777777777777777,higher,True,34
LR+global,MAP3K7,pds_cosine,0.040000000000000001,0.00031746031746031746,higher,True,43
LR+global,PBX1,pds_cosine,0.11199999999999991,0.00088888888888888817,higher,True,48
LR+global,ZNF562,pds_cosine,0.56799999999999995,0.0045079365079365077,higher,True,49
LR+global,NISCH,pds_cosine,0.73599999999999988,0.0058412698412698399,higher,True,56
LR+global,CENPO,pds_cosine,0.57599999999999996,0.0045714285714285709,higher,True,73
LR+global,TMBIM6,pds_cosine,0.19199999999999989,0.001523809523809523,higher,True,73
LR+global,TRAM2,pds_cosine,0.095999999999999905,0.00076190476190476117,higher,True,85
LR+global,SV2A,pds_cosine,0.36799999999999988,0.0029206349206349195,higher,True,104
LR+global,SRC,pds_cosine,0.079999999999999905,0.00063492063492063416,higher,True,127
LR+global,TCF3,pds_cosine,0.312,0.002476190476190476,higher,True,127
LR+global,CLDN7,pds_cosine,0.063999999999999904,0.00050793650793650716,higher,True,160
LR+global,CDCA2,pds_cosine,0.88800000000000001,0.0070476190476190474,higher,True,205
LR+global,TARBP2,pds_cosine,0.74399999999999988,0.005904761904761904,higher,True,211
LR+global,IKBKG,pds_cosine,0.152,0.0012063492063492064,higher,True,238
LR+global,KLF10,pds_cosine,0.4479999999999999,0.0035555555555555549,higher,True,247
LR+global,SIX4,pds_cosine,0.312,0.002476190476190476,higher,True,282
LR+global,STX4,pds_cosine,0.55200000000000005,0.0043809523809523812,higher,True,287
LR+global,TAZ,pds_cosine,0.54400000000000004,0.004317460317460318,higher,True,297
LR+global,DHCR24,pds_cosine,0,0,higher,True,307
LR+global,HIRA,pds_cosine,0.59199999999999997,0.0046984126984126982,higher,True,364
LR+global,ACVR1B,pds_cosine,0.079999999999999905,0.00063492063492063416,higher,True,374
LR+global,FOXH1,pds_cosine,0.13600000000000001,0.0010793650793650795,higher,True,397
LR+global,HMGB2,pds_cosine,0.53600000000000003,0.0042539682539682539,higher,True,399
LR+global,PAGR1,pds_cosine,0.19199999999999989,0.001523809523809523,higher,True,467
LR+global,MED13L,pds_cosine,0.81599999999999995,0.0064761904761904757,higher,True,521
LR+global,TET1,pds_cosine,0.88,0.0069841269841269841,higher,True,522
LR+global,PHF14,pds_cosine,0.84799999999999986,0.0067301587301587295,higher,True,522
LR+global,DAXX,pds_cosine,0.59199999999999997,0.0046984126984126982,higher,True,541
LR+global,RAF1,pds_cosine,0.40799999999999997,0.0032380952380952378,higher,True,542
LR+global,HAT1,pds_cosine,0.35999999999999988,0.0028571428571428563,higher,True,545
LR+global,AKT2,pds_cosine,0.43999999999999989,0.0034920634920634912,higher,True,583
LR+global,TXNDC9,pds_cosine,0.63200000000000001,0.0050158730158730161,higher,True,600
LR+global,ZNF593,pds_cosine,0.45599999999999991,0.0036190476190476181,higher,True,632
LR+global,MTA1,pds_cosine,0.60799999999999987,0.0048253968253968247,higher,True,695
LR+global,CAST,pds_cosine,0.27200000000000002,0.002158730158730159,higher,True,706
LR+global,NDUFB6,pds_cosine,0.079999999999999905,0.00063492063492063416,higher,True,738
LR+global,USP22,pds_cosine,0.35999999999999988,0.0028571428571428563,higher,True,768
LR+global,NDUFB4,pds_cosine,0.17599999999999999,0.0013968253968253967,higher,True,806
LR+global,UBE3C,pds_cosine,0.80000000000000004,0.0063492063492063492,higher,True,834
LR+global,DLG5,pds_cosine,0.59199999999999997,0.0046984126984126982,higher,True,924
LR+global,STAT6,pds_cosine,0.872,0.0069206349206349209,higher,True,1007
LR+global,XRCC4,pds_cosine,0.34399999999999992,0.0027301587301587294,higher,True,1146
LR+global,SLC25A3,pds_cosine,0.087999999999999898,0.00069841269841269761,higher,True,1198
LR+global,PRR12,pds_cosine,0.78400000000000003,0.0062222222222222227,higher,True,1244
LR+global,KDM2B,pds_cosine,0.432,0.0034285714285714284,higher,True,1301
LR+global,SMAGP,pds_cosine,0.61599999999999988,0.0048888888888888879,higher,True,1345
LR+global,BIRC2,pds_cosine,1,0.0079365079365079361,higher,True,1502
LR+global,MED12,pds_cosine,0.52800000000000002,0.0041904761904761906,higher,True,1664
LR+global,UQCRQ,pds_cosine,0.56799999999999995,0.0045079365079365077,higher,True,1676
LR+global,SSBP1,pds_cosine,0.89600000000000002,0.0071111111111111115,higher,True,1703
LR+global,ATM,pds_cosine,0.59199999999999997,0.0046984126984126982,higher,True,1711
LR+global,WSB2,pds_cosine,0.40799999999999997,0.0032380952380952378,higher,True,1901
LR+global,CHMP3,pds_cosine,0.86399999999999988,0.0068571428571428559,higher,True,1918
LR+global,MED13,pds_cosine,0.76800000000000002,0.0060952380952380954,higher,True,2015
LR+global,GSK3B,pds_cosine,0.91200000000000003,0.0072380952380952388,higher,True,2126
LR+global,PHF10,pds_cosine,0.53600000000000003,0.0042539682539682539,higher,True,2151
LR+global,OXCT1,pds_cosine,0.22399999999999989,0.001777777777777777,higher,True,2363
LR+global,C1QBP,pds_cosine,0.52800000000000002,0.0041904761904761906,higher,True,2425
LR+global,TGFBR2,pds_cosine,0.80800000000000005,0.0064126984126984133,higher,True,2528
LR+global,TRAPPC6A,pds_cosine,0.36799999999999988,0.0029206349206349195,higher,True,2545
LR+global,ARID1A,pds_cosine,0.59999999999999987,0.0047619047619047606,higher,True,2588
LR+global,TFAM,pds_cosine,0.80000000000000004,0.0063492063492063492,higher,True,2602
LR+global,SAFB,pds_cosine,0.58399999999999996,0.004634920634920635,higher,True,2779
LR+global,METTL17,pds_cosine,0.57599999999999996,0.0045714285714285709,higher,True,2785
LR+global,LRPPRC,pds_cosine,0.64800000000000002,0.0051428571428571426,higher,True,2908
LR+global,LZTR1,pds_cosine,0.56799999999999995,0.0045079365079365077,higher,True,2933
LR+global,EIF4B,pds_cosine,0.41599999999999998,0.0033015873015873015,higher,True,3245
LR+global,TMSB10,pds_cosine,0.59999999999999987,0.0047619047619047606,higher,True,3245
LR+global,EWSR1,pds_cosine,0.88800000000000001,0.0070476190476190474,higher,True,3433
LR+global,ACAT2,pds_cosine,0.0080000000000000002,6.3492063492063489e-05,higher,True,3607
LR+global,RNF2,pds_cosine,0.54400000000000004,0.004317460317460318,higher,True,3769
LR+global,NIT1,pds_cosine,0.872,0.0069206349206349209,higher,True,3994
LR+global,MED1,pds_cosine,0.64000000000000001,0.0050793650793650794,higher,True,4046
LR+global,CASP3,pds_cosine,0.92800000000000005,0.0073650793650793652,higher,True,4341
LR+global,INSIG1,pds_cosine,0.032000000000000001,0.00025396825396825396,higher,True,4400
LR+global,MBTPS1,pds_cosine,0.92000000000000004,0.007301587301587302,higher,True,4475
LR+global,STAG2,pds_cosine,0.66399999999999992,0.0052698412698412691,higher,True,4563
LR+global,MED24,pds_cosine,0.14399999999999999,0.0011428571428571427,higher,True,4915
LR+global,TADA1,pds_cosine,0.67199999999999993,0.0053333333333333332,higher,True,5463
LR+global,SOX2,pds_cosine,0.29599999999999999,0.0023492063492063491,higher,True,5828
LR+global,SMARCA5,pds_cosine,0.47199999999999992,0.0037460317460317454,higher,True,6020
LR+global,MAU2,pds_cosine,0.82399999999999995,0.0065396825396825389,higher,True,6092
LR+global,KAT2A,pds_cosine,0.94399999999999995,0.0074920634920634917,higher,True,6471
LR+global,DNMT1,pds_cosine,0.40000000000000002,0.0031746031746031746,higher,True,6689
LR+global,SIN3B,pds_cosine,0.70399999999999985,0.0055873015873015861,higher,True,7038
LR+global,DHX36,pds_cosine,0.35999999999999988,0.0028571428571428563,higher,True,7128
LR+global,SMARCA4,pds_cosine,0.52800000000000002,0.0041904761904761906,higher,True,7631
LR+global,METTL14,pds_cosine,0.4479999999999999,0.0035555555555555549,higher,True,8468
LR+global,METTL3,pds_cosine,0.14399999999999999,0.0011428571428571427,higher,True,8511
null,RAB3B,expr_mse_unbiased_capped_norm,7.3444471317128963,0.00012890383978092867,lower,True,2
null,TMSB4X,expr_mse_unbiased_capped_norm,0.70487283709553716,7.9282773612064251e-05,lower,True,3
null,LAD1,expr_mse_unbiased_capped_norm,-1.5981489578582324,-6.414766439441836e-06,lower,True,3
null,PLCB3,expr_mse_unbiased_capped_norm,1.3895224855065984,0.00031378762807605655,lower,True,3
null,PMS1,expr_mse_unbiased_capped_norm,1.0116185790339438,0.00064391731508241061,lower,True,3
null,CAMSAP2,expr_mse_unbiased_capped_norm,1.6829072828528173,0.00013118800453626236,lower,True,4
null,DZIP3,expr_mse_unbiased_capped_norm,0.60206959941676375,0.00013625484562680161,lower,True,4
null,NCK2,expr_mse_unbiased_capped_norm,2.7281175865705669,0.0002267367183934994,lower,True,5
null,ZNF286A,expr_mse_unbiased_capped_norm,0.75517938738030876,0.00010825367012187362,lower,True,5
null,ATP1B1,expr_mse_unbiased_capped_norm,0.91992717626824627,0.00017326911929971869,lower,True,6
null,ANTXR1,expr_mse_unbiased_capped_norm,3.1077962198460094,0.0002066852688105892,lower,True,6
null,PTPN1,expr_mse_unbiased_capped_norm,1.7707565206737546,-2.9741794976200919e-05,lower,True,7
null,HMGN1,expr_mse_unbiased_capped_norm,0.81572807906252964,0.00042656592862636862,lower,True,7
null,WFS1,expr_mse_unbiased_capped_norm,1.2458821556212389,0.00030566624567314314,lower,True,8
null,IDE,expr_mse_unbiased_capped_norm,0.2227865194978487,1.9378545547705053e-05,lower,True,10
null,ZNF426,expr_mse_unbiased_capped_norm,1.130758654585565,0.00054518928123111019,lower,True,10
null,IGF2R,expr_mse_unbiased_capped_norm,1.2271138263754131,0.00047007986719265686,lower,True,11
null,TSC22D4,expr_mse_unbiased_capped_norm,0.81872681330429942,0.00050540443956748136,lower,True,11
null,EID2,expr_mse_unbiased_capped_norm,0.70295910222967251,0.00023524074665926459,lower,True,12
null,KIF1B,expr_mse_unbiased_capped_norm,0.77150696896602844,0.00011845425535639967,lower,True,13
null,MAPKAPK2,expr_mse_unbiased_capped_norm,0.78351927745042937,0.00036174135618210232,lower,True,13
null,KDR,expr_mse_unbiased_capped_norm,0.94150285598590733,0.00077697504417579481,lower,True,14
null,TWF2,expr_mse_unbiased_capped_norm,0.8235360116494238,0.00022726497411842045,lower,True,14
null,MKI67,expr_mse_unbiased_capped_norm,0.7159455652491169,0.0002750493776661216,lower,True,14
null,STAT1,expr_mse_unbiased_capped_norm,0.80221086968770583,0.000234353274560525,lower,True,15
null,MAP1B,expr_mse_unbiased_capped_norm,0.90743165850370933,0.00023061885949321288,lower,True,15
null,CALM3,expr_mse_unbiased_capped_norm,0.64510257632799584,0.00024483350792657116,lower,True,15
null,PRCP,expr_mse_unbiased_capped_norm,1.1739757090832184,0.00062596904809572649,lower,True,16
null,POLB,expr_mse_unbiased_capped_norm,1.3110218686461799,0.00090385870398545425,lower,True,16
null,CREG1,expr_mse_unbiased_capped_norm,1.6568208184741078,0.0003544273320561033,lower,True,17
null,CASP2,expr_mse_unbiased_capped_norm,1.1685899139735789,0.00034267782661835769,lower,True,20
null,NRAS,expr_mse_unbiased_capped_norm,0.95467443555178177,0.00047414096287523219,lower,True,21
null,IRF3,expr_mse_unbiased_capped_norm,0.99835118014208635,0.0007492072191023734,lower,True,24
null,MAST2,expr_mse_unbiased_capped_norm,1.1229796958996721,0.0004286962226430719,lower,True,25
null,ZNF714,expr_mse_unbiased_capped_norm,1.097563448960331,0.0011569454178198013,lower,True,27
null,CLDN6,expr_mse_unbiased_capped_norm,1.3797176827735835,0.00047245186510103159,lower,True,29
null,RRM1,expr_mse_unbiased_capped_norm,1.1035028222345764,0.0011218445160572034,lower,True,34
null,MAP3K7,expr_mse_unbiased_capped_norm,1.104249727904284,0.00046586475478268364,lower,True,43
null,PBX1,expr_mse_unbiased_capped_norm,1.2402921140319971,0.00046140079558515884,lower,True,48
null,ZNF562,expr_mse_unbiased_capped_norm,1.2284746880297379,0.00053748354974895182,lower,True,49
null,NISCH,expr_mse_unbiased_capped_norm,1.0096082217283986,0.0013018402641388567,lower,True,56
null,CENPO,expr_mse_unbiased_capped_norm,0.87944042453615512,0.0011345828035780111,lower,True,73
null,TMBIM6,expr_mse_unbiased_capped_norm,1.1113056402309622,0.0005359394131259457,lower,True,73
null,TRAM2,expr_mse_unbiased_capped_norm,1.4763699867371687,0.00054112034171581696,lower,True,85
null,SV2A,expr_mse_unbiased_capped_norm,0.96868957969035863,0.0017893772660539122,lower,True,104
null,SRC,expr_mse_unbiased_capped_norm,1.124392321306003,0.00089747380591543571,lower,True,127
null,TCF3,expr_mse_unbiased_capped_norm,1.2879250697903217,0.00078927415344586774,lower,True,127
null,CLDN7,expr_mse_unbiased_capped_norm,1.0471797683088462,0.00077831583603780443,lower,True,160
null,CDCA2,expr_mse_unbiased_capped_norm,1.0373241785955658,0.0011214069623225796,lower,True,205
null,TARBP2,expr_mse_unbiased_capped_norm,1.1163717221739329,0.00092683252657697532,lower,True,211
null,IKBKG,expr_mse_unbiased_capped_norm,1.0705282823789244,0.0016398641867586127,lower,True,238
null,KLF10,expr_mse_unbiased_capped_norm,1.0785636370476341,0.0014901557600143461,lower,True,247
null,SIX4,expr_mse_unbiased_capped_norm,1.0259856225834831,0.0012828916884865772,lower,True,282
null,STX4,expr_mse_unbiased_capped_norm,1.0428253312256677,0.0015698739066153113,lower,True,287
null,TAZ,expr_mse_unbiased_capped_norm,0.98996161373845304,0.0015527116752467834,lower,True,297
null,DHCR24,expr_mse_unbiased_capped_norm,0.95730481153129554,0.001717423929728174,lower,True,307
null,HIRA,expr_mse_unbiased_capped_norm,1.0836869787158172,0.0028413247921519453,lower,True,364
null,ACVR1B,expr_mse_unbiased_capped_norm,1.1449859930994195,0.0017145882977179297,lower,True,374
null,FOXH1,expr_mse_unbiased_capped_norm,0.98064856043580417,0.0019555158801662998,lower,True,397
null,HMGB2,expr_mse_unbiased_capped_norm,1.0515487276526807,0.0022948314421462018,lower,True,399
null,PAGR1,expr_mse_unbiased_capped_norm,0.95290481042940522,0.0013889258422042474,lower,True,467
null,MED13L,expr_mse_unbiased_capped_norm,0.99699192608254361,0.0016152531867069063,lower,True,521
null,TET1,expr_mse_unbiased_capped_norm,1.080603010218667,0.0019883412946515486,lower,True,522
null,PHF14,expr_mse_unbiased_capped_norm,0.96031036518590096,0.0016896417501085258,lower,True,522
null,DAXX,expr_mse_unbiased_capped_norm,1.1115511771678006,0.0021916892751921977,lower,True,541
null,RAF1,expr_mse_unbiased_capped_norm,0.99584646325586645,0.0019439316422764541,lower,True,542
null,HAT1,expr_mse_unbiased_capped_norm,0.85789604133273478,0.0014829173655023795,lower,True,545
null,AKT2,expr_mse_unbiased_capped_norm,1.0283110590712088,0.002749863998393407,lower,True,583
null,TXNDC9,expr_mse_unbiased_capped_norm,1.0337359634510237,0.0018683666071262887,lower,True,600
null,ZNF593,expr_mse_unbiased_capped_norm,0.99974267591382115,0.0017741643779097874,lower,True,632
null,MTA1,expr_mse_unbiased_capped_norm,1.0414069141064244,0.0049131996905295346,lower,True,695
null,CAST,expr_mse_unbiased_capped_norm,1.0954203741486308,0.0027419354684833658,lower,True,706
null,NDUFB6,expr_mse_unbiased_capped_norm,1.157202036063353,0.0020955910418026429,lower,True,738
null,USP22,expr_mse_unbiased_capped_norm,1.0054961532730873,0.0019710147645150933,lower,True,768
null,NDUFB4,expr_mse_unbiased_capped_norm,1.0976837588389246,0.0021314566041977425,lower,True,806
null,UBE3C,expr_mse_unbiased_capped_norm,0.94537208018679397,0.0033187196296741391,lower,True,834
null,DLG5,expr_mse_unbiased_capped_norm,1.010626580784741,0.0039645278292219912,lower,True,924
null,STAT6,expr_mse_unbiased_capped_norm,1.0323646139250633,0.0043556999465656958,lower,True,1007
null,XRCC4,expr_mse_unbiased_capped_norm,0.99132264062111941,0.0037237842785221363,lower,True,1146
null,SLC25A3,expr_mse_unbiased_capped_norm,1.0941951687840836,0.0029496266433932392,lower,True,1198
null,PRR12,expr_mse_unbiased_capped_norm,1.0500598856295784,0.0044051890033169174,lower,True,1244
null,KDM2B,expr_mse_unbiased_capped_norm,0.96473435461161317,0.0034330829781938615,lower,True,1301
null,SMAGP,expr_mse_unbiased_capped_norm,1.0385354711534829,0.0053828373987409653,lower,True,1345
null,BIRC2,expr_mse_unbiased_capped_norm,0.93991190326447782,0.0038770772052600395,lower,True,1502
null,MED12,expr_mse_unbiased_capped_norm,1.009477403555747,0.0042472658741546081,lower,True,1664
null,UQCRQ,expr_mse_unbiased_capped_norm,0.9903070427778542,0.0034764902582041157,lower,True,1676
null,SSBP1,expr_mse_unbiased_capped_norm,1.0043809480706176,0.0046268402809791212,lower,True,1703
null,ATM,expr_mse_unbiased_capped_norm,1.0068175513281592,0.004910823675434146,lower,True,1711
null,WSB2,expr_mse_unbiased_capped_norm,0.98332012475602282,0.0051243917652941456,lower,True,1901
null,CHMP3,expr_mse_unbiased_capped_norm,1.0147977470071701,0.0049091314077867971,lower,True,1918
null,MED13,expr_mse_unbiased_capped_norm,0.99881368407192139,0.0051638256926579825,lower,True,2015
null,GSK3B,expr_mse_unbiased_capped_norm,1.0183824758580822,0.0087694476955474197,lower,True,2126
null,PHF10,expr_mse_unbiased_capped_norm,1.0520629898065788,0.0085470420706917037,lower,True,2151
null,OXCT1,expr_mse_unbiased_capped_norm,1.0147802696696548,0.0086749384845201723,lower,True,2363
null,C1QBP,expr_mse_unbiased_capped_norm,1.0140586637764826,0.004103671155105135,lower,True,2425
null,TGFBR2,expr_mse_unbiased_capped_norm,1.0256146167632918,0.0090635733934277384,lower,True,2528
null,TRAPPC6A,expr_mse_unbiased_capped_norm,0.97043933176286923,0.0082221648863601074,lower,True,2545
null,ARID1A,expr_mse_unbiased_capped_norm,1.0121714408691489,0.0086463501277504323,lower,True,2588
null,TFAM,expr_mse_unbiased_capped_norm,1.0081918350285231,0.0075567242900036287,lower,True,2602
null,SAFB,expr_mse_unbiased_capped_norm,0.98394060541765616,0.0075556383290119556,lower,True,2779
null,METTL17,expr_mse_unbiased_capped_norm,1.0602667136887607,0.0074123076239026586,lower,True,2785
null,LRPPRC,expr_mse_unbiased_capped_norm,1.0294507156964832,0.0084228935892130159,lower,True,2908
null,LZTR1,expr_mse_unbiased_capped_norm,1.0145650522534759,0.0098197808687067404,lower,True,2933
null,EIF4B,expr_mse_unbiased_capped_norm,1.0171478095760795,0.0073398249430415017,lower,True,3245
null,TMSB10,expr_mse_unbiased_capped_norm,0.97503471358754445,0.015359533745049007,lower,True,3245
null,EWSR1,expr_mse_unbiased_capped_norm,1.0017178299227569,0.0085367183964194862,lower,True,3433
null,ACAT2,expr_mse_unbiased_capped_norm,0.98434629869006918,0.011074399370851876,lower,True,3607
null,RNF2,expr_mse_unbiased_capped_norm,1.017787029088383,0.014507957498074936,lower,True,3769
null,NIT1,expr_mse_unbiased_capped_norm,1.0157685606093005,0.0081431461011076903,lower,True,3994
null,MED1,expr_mse_unbiased_capped_norm,0.99778589863159395,0.010872573472399477,lower,True,4046
null,CASP3,expr_mse_unbiased_capped_norm,1.0326761253129917,0.017142163442348885,lower,True,4341
null,INSIG1,expr_mse_unbiased_capped_norm,0.95765986429775496,0.01180470209014566,lower,True,4400
null,MBTPS1,expr_mse_unbiased_capped_norm,0.9572526085077655,0.020892686403691574,lower,True,4475
null,STAG2,expr_mse_unbiased_capped_norm,1.0047397788251389,0.017837731236904478,lower,True,4563
null,MED24,expr_mse_unbiased_capped_norm,1.003933560661213,0.022955840175978882,lower,True,4915
null,TADA1,expr_mse_unbiased_capped_norm,0.99059501520642379,0.019866712947562253,lower,True,5463
null,SOX2,expr_mse_unbiased_capped_norm,1.0120429150020911,0.040807838485321386,lower,True,5828
null,SMARCA5,expr_mse_unbiased_capped_norm,1.0083458939995491,0.030672935697379361,lower,True,6020
null,MAU2,expr_mse_unbiased_capped_norm,0.99888750596658982,0.034963504007881729,lower,True,6092
null,KAT2A,expr_mse_unbiased_capped_norm,0.97143324450830726,0.028228922992303566,lower,True,6471
null,DNMT1,expr_mse_unbiased_capped_norm,0.99864309886375979,0.058317741753796858,lower,True,6689
null,SIN3B,expr_mse_unbiased_capped_norm,1.0016690762941398,0.038932326612143742,lower,True,7038
null,DHX36,expr_mse_unbiased_capped_norm,1.001150567467989,0.049948743100077936,lower,True,7128
null,SMARCA4,expr_mse_unbiased_capped_norm,0.98857744879319898,0.091765527064247898,lower,True,7631
null,METTL14,expr_mse_unbiased_capped_norm,1.0016979294050614,0.10183264040531506,lower,True,8468
null,METTL3,expr_mse_unbiased_capped_norm,0.9940553044149385,0.10016879222821518,lower,True,8511
global,RAB3B,expr_mse_unbiased_capped_norm,11.026371674610711,0.000193526023432277,lower,True,2
global,TMSB4X,expr_mse_unbiased_capped_norm,1.1729259143888318,0.00013192850517179048,lower,True,3
global,LAD1,expr_mse_unbiased_capped_norm,9.5992811218582617,3.8530292236204866e-05,lower,True,3
global,PLCB3,expr_mse_unbiased_capped_norm,1.6234516028647978,0.00036661445429829849,lower,True,3
global,PMS1,expr_mse_unbiased_capped_norm,1.1453158739233062,0.00072901856267036235,lower,True,3
global,CAMSAP2,expr_mse_unbiased_capped_norm,1.8909432430933202,0.00014740507292369749,lower,True,4
global,DZIP3,expr_mse_unbiased_capped_norm,0.90733779278084803,0.00020534033109540707,lower,True,4
global,NCK2,expr_mse_unbiased_capped_norm,3.3822046731804285,0.00028109858325281987,lower,True,5
global,ZNF286A,expr_mse_unbiased_capped_norm,1.123206116635916,0.00016100967063067067,lower,True,5
global,ATP1B1,expr_mse_unbiased_capped_norm,1.382694278463634,0.0002604317233696921,lower,True,6
global,ANTXR1,expr_mse_unbiased_capped_norm,3.662339504113179,0.0002435653985449468,lower,True,6
global,PTPN1,expr_mse_unbiased_capped_norm,-0.094930383352266556,1.5944597496673308e-06,lower,True,7
global,HMGN1,expr_mse_unbiased_capped_norm,0.97699812997754276,0.00051089833153597963,lower,True,7
global,WFS1,expr_mse_unbiased_capped_norm,1.585333455111628,0.00038894764097682603,lower,True,8
global,IDE,expr_mse_unbiased_capped_norm,0.93997483375114776,8.1761433189942161e-05,lower,True,10
global,ZNF426,expr_mse_unbiased_capped_norm,1.2987811869392647,0.00062620045304311652,lower,True,10
global,IGF2R,expr_mse_unbiased_capped_norm,1.3461120698782196,0.00051566543333951358,lower,True,11
global,TSC22D4,expr_mse_unbiased_capped_norm,0.81447840337358668,0.00050278187340109548,lower,True,11
global,EID2,expr_mse_unbiased_capped_norm,0.95001374893990087,0.00031791599671779033,lower,True,12
global,KIF1B,expr_mse_unbiased_capped_norm,1.3306439229738818,0.00020430202367663911,lower,True,13
global,MAPKAPK2,expr_mse_unbiased_capped_norm,0.91963329422380224,0.00042458354837833506,lower,True,13
global,KDR,expr_mse_unbiased_capped_norm,1.0114919817161152,0.00083473355622949318,lower,True,14
global,TWF2,expr_mse_unbiased_capped_norm,1.1589152501422788,0.00031981703362493396,lower,True,14
global,MKI67,expr_mse_unbiased_capped_norm,0.8414875680937588,0.00032327965023071556,lower,True,14
global,STAT1,expr_mse_unbiased_capped_norm,0.89639722480130191,0.00026186833521830999,lower,True,15
global,MAP1B,expr_mse_unbiased_capped_norm,1.0976921459424624,0.00027897253572718863,lower,True,15
global,CALM3,expr_mse_unbiased_capped_norm,0.78209984635081631,0.00029682759914067441,lower,True,15
global,PRCP,expr_mse_unbiased_capped_norm,1.3347069659667605,0.00071167166620968321,lower,True,16
global,POLB,expr_mse_unbiased_capped_norm,1.4137269334994231,0.00097466672712457703,lower,True,16
global,CREG1,expr_mse_unbiased_capped_norm,2.0222718093272705,0.00043260465711207174,lower,True,17
global,CASP2,expr_mse_unbiased_capped_norm,1.2855694427837159,0.00037698095572477884,lower,True,20
global,NRAS,expr_mse_unbiased_capped_norm,1.1622756310260203,0.00057724651074644233,lower,True,21
global,IRF3,expr_mse_unbiased_capped_norm,1.0463525577381796,0.00078522959212819947,lower,True,24
global,MAST2,expr_mse_unbiased_capped_norm,1.337367101144006,0.00051053837094377152,lower,True,25
global,ZNF714,expr_mse_unbiased_capped_norm,1.1655749082524394,0.0012286365316791208,lower,True,27
global,CLDN6,expr_mse_unbiased_capped_norm,1.62882489766526,0.00055775277104369277,lower,True,29
global,RRM1,expr_mse_unbiased_capped_norm,1.1770939070874145,0.001196658783233864,lower,True,34
global,MAP3K7,expr_mse_unbiased_capped_norm,1.3450052464744202,0.00056743553880643689,lower,True,43
global,PBX1,expr_mse_unbiased_capped_norm,1.5015270518536301,0.00055858274714470197,lower,True,48
global,ZNF562,expr_mse_unbiased_capped_norm,1.264852527707242,0.00055339962078613527,lower,True,49
global,NISCH,expr_mse_unbiased_capped_norm,0.99610572782130113,0.0012844294607636069,lower,True,56
global,CENPO,expr_mse_unbiased_capped_norm,0.86801693025070903,0.001119845136521286,lower,True,73
global,TMBIM6,expr_mse_unbiased_capped_norm,1.1548856169733701,0.00055695633800586825,lower,True,73
global,TRAM2,expr_mse_unbiased_capped_norm,1.8747613023197596,0.00068713905434292742,lower,True,85
global,SV2A,expr_mse_unbiased_capped_norm,0.94845854939595475,0.0017520062171269423,lower,True,104
global,SRC,expr_mse_unbiased_capped_norm,1.1173013982118463,0.00089181393291899388,lower,True,127
global,TCF3,expr_mse_unbiased_capped_norm,1.3713676900352092,0.00084040997260172168,lower,True,127
global,CLDN7,expr_mse_unbiased_capped_norm,1.1762334519103164,0.00087423492145735041,lower,True,160
global,CDCA2,expr_mse_unbiased_capped_norm,1.1021534640827182,0.0011914911400635435,lower,True,205
global,TARBP2,expr_mse_unbiased_capped_norm,1.1957929167358394,0.0009927694765708634,lower,True,211
global,IKBKG,expr_mse_unbiased_capped_norm,1.043533798472696,0.0015985133059584482,lower,True,238
global,KLF10,expr_mse_unbiased_capped_norm,1.0785891564411236,0.0014901910178979742,lower,True,247
global,SIX4,expr_mse_unbiased_capped_norm,1.0894978810239093,0.0013623073710037116,lower,True,282
global,STX4,expr_mse_unbiased_capped_norm,1.0632103775333868,0.001600561646283104,lower,True,287
global,TAZ,expr_mse_unbiased_capped_norm,0.9338157723242998,0.0014646493683144032,lower,True,297
global,DHCR24,expr_mse_unbiased_capped_norm,1.0035040723475499,0.0018003063252889683,lower,True,307
global,HIRA,expr_mse_unbiased_capped_norm,1.0097592432664881,0.0026474932599056655,lower,True,364
global,ACVR1B,expr_mse_unbiased_capped_norm,1.244770755757689,0.0018640135198390304,lower,True,374
global,FOXH1,expr_mse_unbiased_capped_norm,1.0655692992999724,0.002124856722649704,lower,True,397
global,HMGB2,expr_mse_unbiased_capped_norm,0.98617275281449723,0.0021521591734492296,lower,True,399
global,PAGR1,expr_mse_unbiased_capped_norm,0.97564599720975675,0.0014220727228327441,lower,True,467
global,MED13L,expr_mse_unbiased_capped_norm,0.95805244810038726,0.001552166300791469,lower,True,521
global,TET1,expr_mse_unbiased_capped_norm,1.0887545512949044,0.0020033403697824344,lower,True,522
global,PHF14,expr_mse_unbiased_capped_norm,0.92857309477242156,0.0016338008271432531,lower,True,522
global,DAXX,expr_mse_unbiased_capped_norm,1.0917233270355085,0.0021525939214399855,lower,True,541
global,RAF1,expr_mse_unbiased_capped_norm,0.97042060946924713,0.0018942993711067522,lower,True,542
global,HAT1,expr_mse_unbiased_capped_norm,0.87604551391876462,0.0015142896609505808,lower,True,545
global,AKT2,expr_mse_unbiased_capped_norm,1.0590364967833721,0.0028320286063242711,lower,True,583
global,TXNDC9,expr_mse_unbiased_capped_norm,0.97707196568383137,0.0017659525236488529,lower,True,600
global,ZNF593,expr_mse_unbiased_capped_norm,0.95471934997225993,0.0016942650368243167,lower,True,632
global,MTA1,expr_mse_unbiased_capped_norm,1.0392423895032286,0.0049029877921193052,lower,True,695
global,CAST,expr_mse_unbiased_capped_norm,1.0610816833491901,0.0026559826448311237,lower,True,706
global,NDUFB6,expr_mse_unbiased_capped_norm,1.1068625948642912,0.0020044307441721872,lower,True,738
global,USP22,expr_mse_unbiased_capped_norm,1.0083413022706653,0.0019765919421733239,lower,True,768
global,NDUFB4,expr_mse_unbiased_capped_norm,1.0519024727000976,0.002042559575428286,lower,True,806
global,UBE3C,expr_mse_unbiased_capped_norm,0.88745667635572278,0.0031154081594256169,lower,True,834
global,DLG5,expr_mse_unbiased_capped_norm,1.0053908823645987,0.0039439890145037491,lower,True,924
global,STAT6,expr_mse_unbiased_capped_norm,1.015026991189792,0.004282549935994839,lower,True,1007
global,XRCC4,expr_mse_unbiased_capped_norm,0.9767755985352724,0.0036691400644201198,lower,True,1146
global,SLC25A3,expr_mse_unbiased_capped_norm,1.0443879639434783,0.0028153611461382566,lower,True,1198
global,PRR12,expr_mse_unbiased_capped_norm,1.0280604244682849,0.0043128973295629746,lower,True,1244
global,KDM2B,expr_mse_unbiased_capped_norm,0.91138812011787407,0.0032432462125435661,lower,True,1301
global,SMAGP,expr_mse_unbiased_capped_norm,1.0082056986346257,0.0052256350321925413,lower,True,1345
global,BIRC2,expr_mse_unbiased_capped_norm,0.91380615139390819,0.0037693926284906353,lower,True,1502
global,MED12,expr_mse_unbiased_capped_norm,0.98316540968030697,0.0041365610349234543,lower,True,1664
global,UQCRQ,expr_mse_unbiased_capped_norm,0.94086964621136726,0.0033029394096993265,lower,True,1676
global,SSBP1,expr_mse_unbiased_capped_norm,0.97814658373335295,0.0045059875170007629,lower,True,1703
global,ATM,expr_mse_unbiased_capped_norm,0.98500036350685394,0.0048044088018128787,lower,True,1711
global,WSB2,expr_mse_unbiased_capped_norm,0.96814407862684715,0.0050453045953520407,lower,True,1901
global,CHMP3,expr_mse_unbiased_capped_norm,0.99890610890051046,0.0048322548676282655,lower,True,1918
global,MED13,expr_mse_unbiased_capped_norm,0.98184448158788229,0.0050760956132964675,lower,True,2015
global,GSK3B,expr_mse_unbiased_capped_norm,0.99814662294892409,0.0085951936624424907,lower,True,2126
global,PHF10,expr_mse_unbiased_capped_norm,1.0309368685356195,0.0083754118080145417,lower,True,2151
global,OXCT1,expr_mse_unbiased_capped_norm,1.005121899915663,0.0085923730602792143,lower,True,2363
global,C1QBP,expr_mse_unbiased_capped_norm,0.96518156727317317,0.0039058763546357491,lower,True,2425
global,TGFBR2,expr_mse_unbiased_capped_norm,1.0331371036263015,0.0091300512016313246,lower,True,2528
global,TRAPPC6A,expr_mse_unbiased_capped_norm,0.94729058936665289,0.0080260343600470265,lower,True,2545
global,ARID1A,expr_mse_unbiased_capped_norm,1.029644946302309,0.0087956154002466792,lower,True,2588
global,TFAM,expr_mse_unbiased_capped_norm,0.9861692605313741,0.0073916579624963138,lower,True,2602
global,SAFB,expr_mse_unbiased_capped_norm,0.96701103355321982,0.0074256368620856028,lower,True,2779
global,METTL17,expr_mse_unbiased_capped_norm,1.0084740818057252,0.0070502261634435475,lower,True,2785
global,LRPPRC,expr_mse_unbiased_capped_norm,1.0022843465171052,0.0082006202610057817,lower,True,2908
global,LZTR1,expr_mse_unbiased_capped_norm,0.98059333215430111,0.0094909750948768794,lower,True,2933
global,EIF4B,expr_mse_unbiased_capped_norm,1.0365953321128758,0.0074801599166334221,lower,True,3245
global,TMSB10,expr_mse_unbiased_capped_norm,0.96756912495997405,0.01524192976761736,lower,True,3245
global,EWSR1,expr_mse_unbiased_capped_norm,0.98856456243394442,0.0084246252128995017,lower,True,3433
global,ACAT2,expr_mse_unbiased_capped_norm,0.98955030897562912,0.011132947148507976,lower,True,3607
global,RNF2,expr_mse_unbiased_capped_norm,0.9939917910178766,0.014168770327559815,lower,True,3769
global,NIT1,expr_mse_unbiased_capped_norm,1.0017802307389836,0.0080310053849428267,lower,True,3994
global,MED1,expr_mse_unbiased_capped_norm,0.98366771182100321,0.010718731828008905,lower,True,4046
global,CASP3,expr_mse_unbiased_capped_norm,1.0026044499619269,0.016642981209684247,lower,True,4341
global,INSIG1,expr_mse_unbiased_capped_norm,0.95216950282853885,0.011737024531622483,lower,True,4400
global,MBTPS1,expr_mse_unbiased_capped_norm,0.93967469253240932,0.020509036484287278,lower,True,4475
global,STAG2,expr_mse_unbiased_capped_norm,0.99707754339057741,0.017701699102777756,lower,True,4563
global,MED24,expr_mse_unbiased_capped_norm,0.99111957870461254,0.022662836999932195,lower,True,4915
global,TADA1,expr_mse_unbiased_capped_norm,0.9711305802921405,0.019476347222727675,lower,True,5463
global,SOX2,expr_mse_unbiased_capped_norm,1.0106253244740655,0.040750678058180924,lower,True,5828
global,SMARCA5,expr_mse_unbiased_capped_norm,1.0029397758305936,0.030508486656672617,lower,True,6020
global,MAU2,expr_mse_unbiased_capped_norm,0.98463072050388556,0.034464481672846693,lower,True,6092
global,KAT2A,expr_mse_unbiased_capped_norm,0.95767564930833049,0.027829140405435229,lower,True,6471
global,DNMT1,expr_mse_unbiased_capped_norm,0.99105168211897188,0.057874425936793067,lower,True,6689
global,SIN3B,expr_mse_unbiased_capped_norm,0.98798978686341277,0.038400647461271441,lower,True,7038
global,DHX36,expr_mse_unbiased_capped_norm,0.99325184911377729,0.049554665459097119,lower,True,7128
global,SMARCA4,expr_mse_unbiased_capped_norm,0.98524456660963433,0.091456149492878849,lower,True,7631
global,METTL14,expr_mse_unbiased_capped_norm,1.0000749955193768,0.10166765289966985,lower,True,8468
global,METTL3,expr_mse_unbiased_capped_norm,0.99267371080204625,0.10002957204304139,lower,True,8511
LR,RAB3B,expr_mse_unbiased_capped_norm,196.79358700577981,0.0034539630491411829,lower,True,2
LR,TMSB4X,expr_mse_unbiased_capped_norm,59.079079057681909,0.0066451039161047809,lower,True,3
LR,LAD1,expr_mse_unbiased_capped_norm,819.3748439574789,0.0032888663002886252,lower,True,3
LR,PLCB3,expr_mse_unbiased_capped_norm,7.5464378948492197,0.0017041673468023637,lower,True,3
LR,PMS1,expr_mse_unbiased_capped_norm,6.2431697942899484,0.0039739138988350861,lower,True,3
LR,CAMSAP2,expr_mse_unbiased_capped_norm,22.605792424795968,0.0017621938114990637,lower,True,4
LR,DZIP3,expr_mse_unbiased_capped_norm,3.2629357854398799,0.00073843756961979327,lower,True,4
LR,NCK2,expr_mse_unbiased_capped_norm,20.742018988388985,0.0017238909867499294,lower,True,5
LR,ZNF286A,expr_mse_unbiased_capped_norm,18.584461962594872,0.0026640507517958667,lower,True,5
LR,ATP1B1,expr_mse_unbiased_capped_norm,8.702344724453436,0.0016390945339448467,lower,True,6
LR,ANTXR1,expr_mse_unbiased_capped_norm,23.395079198995155,0.0015558993869066908,lower,True,6
LR,PTPN1,expr_mse_unbiased_capped_norm,-23.356255034161261,0.0003922938814725217,lower,True,7
LR,HMGN1,expr_mse_unbiased_capped_norm,24.900308829251841,0.013021034375867029,lower,True,7
LR,WFS1,expr_mse_unbiased_capped_norm,7.99648841374127,0.0019618682079753304,lower,True,8
LR,IDE,expr_mse_unbiased_capped_norm,4.6774117399994788,0.00040685332601475246,lower,True,10
LR,ZNF426,expr_mse_unbiased_capped_norm,4.6099542465544623,0.0022226649621430324,lower,True,10
LR,IGF2R,expr_mse_unbiased_capped_norm,8.5646327824013682,0.0032809193037919618,lower,True,11
LR,TSC22D4,expr_mse_unbiased_capped_norm,1.7029156990242469,0.0010512189664614415,lower,True,11
LR,EID2,expr_mse_unbiased_capped_norm,2.2386544438006677,0.00074915132502216357,lower,True,12
LR,KIF1B,expr_mse_unbiased_capped_norm,7.8816341991446102,0.001210116236930995,lower,True,13
LR,MAPKAPK2,expr_mse_unbiased_capped_norm,6.6133624267020252,0.003053309295648191,lower,True,13
LR,KDR,expr_mse_unbiased_capped_norm,3.337857318589919,0.0027545660866298231,lower,True,14
LR,TWF2,expr_mse_unbiased_capped_norm,12.796722401242839,0.0035314142237620754,lower,True,14
LR,MKI67,expr_mse_unbiased_capped_norm,37.437159275029735,0.014382472439230045,lower,True,14
LR,STAT1,expr_mse_unbiased_capped_norm,2.1357650463924913,0.00062393013012755811,lower,True,15
LR,MAP1B,expr_mse_unbiased_capped_norm,7.1272728496635285,0.0018113579358655641,lower,True,15
LR,CALM3,expr_mse_unbiased_capped_norm,11.481135509437394,0.0043573949088162849,lower,True,15
LR,PRCP,expr_mse_unbiased_capped_norm,3.0702371130994521,0.0016370640280247925,lower,True,16
LR,POLB,expr_mse_unbiased_capped_norm,3.4330137903381233,0.0023668250465596458,lower,True,16
LR,CREG1,expr_mse_unbiased_capped_norm,11.861043257054547,0.0025373159668958941,lower,True,17
LR,CASP2,expr_mse_unbiased_capped_norm,6.717800099570586,0.001969930691896664,lower,True,20
LR,NRAS,expr_mse_unbiased_capped_norm,6.24661624016397,0.0031023944169108948,lower,True,21
LR,IRF3,expr_mse_unbiased_capped_norm,4.2777396829816601,0.0032102065041626246,lower,True,24
LR,MAST2,expr_mse_unbiased_capped_norm,2.8903799033034177,0.0011033992431687958,lower,True,25
LR,ZNF714,expr_mse_unbiased_capped_norm,4.5594573491935249,0.0048061397205701965,lower,True,27
LR,CLDN6,expr_mse_unbiased_capped_norm,69.738729837924325,0.0238803875554237,lower,True,29
LR,RRM1,expr_mse_unbiased_capped_norm,5.49021627537957,0.0055814710179266707,lower,True,34
LR,MAP3K7,expr_mse_unbiased_capped_norm,2.1133901012960958,0.00089160444093475697,lower,True,43
LR,PBX1,expr_mse_unbiased_capped_norm,4.4512963453342662,0.0016559257709426632,lower,True,48
LR,ZNF562,expr_mse_unbiased_capped_norm,2.4119304497121261,0.0010552703710468942,lower,True,49
LR,NISCH,expr_mse_unbiased_capped_norm,4.4102698226382779,0.0056868265404950279,lower,True,56
LR,CENPO,expr_mse_unbiased_capped_norm,2.5591261034363004,0.0033015772167601333,lower,True,73
LR,TMBIM6,expr_mse_unbiased_capped_norm,8.6393105659735596,0.0041664028930676264,lower,True,73
LR,TRAM2,expr_mse_unbiased_capped_norm,10.224655901269697,0.0037475492897612503,lower,True,85
LR,SV2A,expr_mse_unbiased_capped_norm,1.9567697326986904,0.0036145730768701451,lower,True,104
LR,SRC,expr_mse_unbiased_capped_norm,2.9974525340052991,0.0023925235727507992,lower,True,127
LR,TCF3,expr_mse_unbiased_capped_norm,7.1278534340261102,0.004368134930352029,lower,True,127
LR,CLDN7,expr_mse_unbiased_capped_norm,10.553538236077168,0.0078439119852693473,lower,True,160
LR,CDCA2,expr_mse_unbiased_capped_norm,13.939506658463955,0.015069406595060212,lower,True,205
LR,TARBP2,expr_mse_unbiased_capped_norm,1.7442940211164084,0.0014481452750668587,lower,True,211
LR,IKBKG,expr_mse_unbiased_capped_norm,2.2988243888635931,0.003521401394989316,lower,True,238
LR,KLF10,expr_mse_unbiased_capped_norm,2.1498596084438581,0.0029702704306944065,lower,True,247
LR,SIX4,expr_mse_unbiased_capped_norm,4.5646558285192951,0.0057076423824182028,lower,True,282
LR,STX4,expr_mse_unbiased_capped_norm,1.3127103211298796,0.0019761599746184618,lower,True,287
LR,TAZ,expr_mse_unbiased_capped_norm,2.9638173378377304,0.0046486184109511509,lower,True,297
LR,DHCR24,expr_mse_unbiased_capped_norm,7.8407903476891976,0.014066534304327893,lower,True,307
LR,HIRA,expr_mse_unbiased_capped_norm,1.784896832106714,0.0046798307261272376,lower,True,364
LR,ACVR1B,expr_mse_unbiased_capped_norm,3.9291184954584231,0.0058837580837332827,lower,True,374
LR,FOXH1,expr_mse_unbiased_capped_norm,3.4950015788868454,0.0069693989921141824,lower,True,397
LR,HMGB2,expr_mse_unbiased_capped_norm,3.0644220596106071,0.0066875950771190266,lower,True,399
LR,PAGR1,expr_mse_unbiased_capped_norm,4.3559581274561125,0.0063491156142417562,lower,True,467
LR,MED13L,expr_mse_unbiased_capped_norm,2.5377796803784367,0.0041115244854569907,lower,True,521
LR,TET1,expr_mse_unbiased_capped_norm,3.7264538621983321,0.0068567846163257885,lower,True,522
LR,PHF14,expr_mse_unbiased_capped_norm,1.8617353363429798,0.0032756761417736921,lower,True,522
LR,DAXX,expr_mse_unbiased_capped_norm,3.2805074903733069,0.0064683059417546393,lower,True,541
LR,RAF1,expr_mse_unbiased_capped_norm,1.3453667822234552,0.0026262091144866285,lower,True,542
LR,HAT1,expr_mse_unbiased_capped_norm,3.99575621410724,0.0069068698219059785,lower,True,545
LR,AKT2,expr_mse_unbiased_capped_norm,2.104272634735,0.0056271529028275426,lower,True,583
LR,TXNDC9,expr_mse_unbiased_capped_norm,2.2011065342271272,0.0039782633986616472,lower,True,600
LR,ZNF593,expr_mse_unbiased_capped_norm,1.7737753437596027,0.0031477790286750214,lower,True,632
LR,MTA1,expr_mse_unbiased_capped_norm,1.8485551199187606,0.0087212023658443782,lower,True,695
LR,CAST,expr_mse_unbiased_capped_norm,1.82356281133603,0.0045645413116362846,lower,True,706
LR,NDUFB6,expr_mse_unbiased_capped_norm,2.3821373081593564,0.0043138410128491294,lower,True,738
LR,USP22,expr_mse_unbiased_capped_norm,6.6830710040393102,0.013100429651953753,lower,True,768
LR,NDUFB4,expr_mse_unbiased_capped_norm,4.3064221351778516,0.0083621096026757439,lower,True,806
LR,UBE3C,expr_mse_unbiased_capped_norm,1.1360673309670664,0.0039881534804443843,lower,True,834
LR,DLG5,expr_mse_unbiased_capped_norm,1.2448366989050197,0.0048832969857310338,lower,True,924
LR,STAT6,expr_mse_unbiased_capped_norm,1.7050979162396214,0.0071940618677514044,lower,True,1007
LR,XRCC4,expr_mse_unbiased_capped_norm,1.8570831475116696,0.0069759095023588765,lower,True,1146
LR,SLC25A3,expr_mse_unbiased_capped_norm,5.4252409547252771,0.014624845478589017,lower,True,1198
LR,PRR12,expr_mse_unbiased_capped_norm,1.9905754990837623,0.0083508201949628602,lower,True,1244
LR,KDM2B,expr_mse_unbiased_capped_norm,1.9272644877354734,0.0068583220610878405,lower,True,1301
LR,SMAGP,expr_mse_unbiased_capped_norm,1.2227259128049639,0.0063375156214414419,lower,True,1345
LR,BIRC2,expr_mse_unbiased_capped_norm,1.0550443908765339,0.0043519914411104844,lower,True,1502
LR,MED12,expr_mse_unbiased_capped_norm,1.1536901281317875,0.004854025155296704,lower,True,1664
LR,UQCRQ,expr_mse_unbiased_capped_norm,1.9216251226556582,0.0067458987266146887,lower,True,1676
LR,SSBP1,expr_mse_unbiased_capped_norm,2.632384083247028,0.012126495165775785,lower,True,1703
LR,ATM,expr_mse_unbiased_capped_norm,1.3974219678549062,0.0068160242888702944,lower,True,1711
LR,WSB2,expr_mse_unbiased_capped_norm,1.6397196869634003,0.008545097216789652,lower,True,1901
LR,CHMP3,expr_mse_unbiased_capped_norm,1.1088756520681333,0.0053642376591315748,lower,True,1918
LR,MED13,expr_mse_unbiased_capped_norm,1.4448067659780803,0.0074695915945685787,lower,True,2015
LR,GSK3B,expr_mse_unbiased_capped_norm,1.2344528123429217,0.010630062503128992,lower,True,2126
LR,PHF10,expr_mse_unbiased_capped_norm,1.1933924920716765,0.0096952140084877389,lower,True,2151
LR,OXCT1,expr_mse_unbiased_capped_norm,1.1234038076164266,0.0096035163627301405,lower,True,2363
LR,C1QBP,expr_mse_unbiased_capped_norm,2.3951611167605487,0.009692687354078116,lower,True,2425
LR,TGFBR2,expr_mse_unbiased_capped_norm,1.0634189892941948,0.0093976586330742438,lower,True,2528
LR,TRAPPC6A,expr_mse_unbiased_capped_norm,2.2228136332682449,0.018833057983316151,lower,True,2545
LR,ARID1A,expr_mse_unbiased_capped_norm,1.2645734832463431,0.010802463552051892,lower,True,2588
LR,TFAM,expr_mse_unbiased_capped_norm,1.8322774351234594,0.013733512729381779,lower,True,2602
LR,SAFB,expr_mse_unbiased_capped_norm,1.1133058685791268,0.0085490287180290132,lower,True,2779
LR,METTL17,expr_mse_unbiased_capped_norm,1.2386163856619705,0.0086591473258567711,lower,True,2785
LR,LRPPRC,expr_mse_unbiased_capped_norm,1.4103960543665104,0.011539761645158277,lower,True,2908
LR,LZTR1,expr_mse_unbiased_capped_norm,1.3489635494575873,0.013056359891486664,lower,True,2933
LR,EIF4B,expr_mse_unbiased_capped_norm,1.3692334195834339,0.0098805045946007055,lower,True,3245
LR,TMSB10,expr_mse_unbiased_capped_norm,1.5386701169518451,0.024238373520942779,lower,True,3245
LR,EWSR1,expr_mse_unbiased_capped_norm,1.14012241946374,0.0097162132305830227,lower,True,3433
LR,ACAT2,expr_mse_unbiased_capped_norm,1.8854354657296744,0.021212113423136673,lower,True,3607
LR,RNF2,expr_mse_unbiased_capped_norm,1.2064985158807822,0.017197929124295092,lower,True,3769
LR,NIT1,expr_mse_unbiased_capped_norm,1.0283228606335271,0.0082437905818081893,lower,True,3994
LR,MED1,expr_mse_unbiased_capped_norm,1.017776066655192,0.011090400333713368,lower,True,4046
LR,CASP3,expr_mse_unbiased_capped_norm,1.1037764817448288,0.018322411441589113,lower,True,4341
LR,INSIG1,expr_mse_unbiased_capped_norm,2.1156455958235791,0.026078743526899015,lower,True,4400
LR,MBTPS1,expr_mse_unbiased_capped_norm,1.0165907795215865,0.022187782168113641,lower,True,4475
LR,STAG2,expr_mse_unbiased_capped_norm,1.0866589143779259,0.019292089423915679,lower,True,4563
LR,MED24,expr_mse_unbiased_capped_norm,1.0707904224376874,0.024484582210060741,lower,True,4915
LR,TADA1,expr_mse_unbiased_capped_norm,1.0574792198696201,0.021208097947862128,lower,True,5463
LR,SOX2,expr_mse_unbiased_capped_norm,1.0790391766681613,0.043509277905193884,lower,True,5828
LR,SMARCA5,expr_mse_unbiased_capped_norm,1.2629780469732856,0.038418606802033232,lower,True,6020
LR,MAU2,expr_mse_unbiased_capped_norm,1.1026012107786995,0.038593737154467657,lower,True,6092
LR,KAT2A,expr_mse_unbiased_capped_norm,1.2079279595089834,0.035101233710082155,lower,True,6471
LR,DNMT1,expr_mse_unbiased_capped_norm,1.0658691649155456,0.062243541034433143,lower,True,6689
LR,SIN3B,expr_mse_unbiased_capped_norm,1.0547761270535267,0.040996462457508508,lower,True,7038
LR,DHX36,expr_mse_unbiased_capped_norm,1.1004662195948069,0.054903734042594431,lower,True,7128
LR,SMARCA4,expr_mse_unbiased_capped_norm,1.0324811621857675,0.095840925915865363,lower,True,7631
LR,METTL14,expr_mse_unbiased_capped_norm,1.006834867108696,0.10235486164048264,lower,True,8468
LR,METTL3,expr_mse_unbiased_capped_norm,1.0389972158195848,0.10469749094933958,lower,True,8511
LR+global,RAB3B,expr_mse_unbiased_capped_norm,191.63179199061852,0.0033633673670314577,lower,True,2
LR+global,TMSB4X,expr_mse_unbiased_capped_norm,63.084988466764834,0.0070956810870161239,lower,True,3
LR+global,LAD1,expr_mse_unbiased_capped_norm,991.8312743279846,0.0039810844545270308,lower,True,3
LR+global,PLCB3,expr_mse_unbiased_capped_norm,9.5338935372104618,0.0021529826761171249,lower,True,3
LR+global,PMS1,expr_mse_unbiased_capped_norm,6.4873195507973325,0.0041293205500636454,lower,True,3
LR+global,CAMSAP2,expr_mse_unbiased_capped_norm,26.399092037987735,0.0020578936470950129,lower,True,4
LR+global,DZIP3,expr_mse_unbiased_capped_norm,3.0996545992188866,0.00070148527565933689,lower,True,4
LR+global,NCK2,expr_mse_unbiased_capped_norm,24.263620357554707,0.0020165749758364964,lower,True,5
LR+global,ZNF286A,expr_mse_unbiased_capped_norm,22.886006889307527,0.0032806698403095541,lower,True,5
LR+global,ATP1B1,expr_mse_unbiased_capped_norm,9.6562266805755943,0.0018187590668741196,lower,True,6
LR+global,ANTXR1,expr_mse_unbiased_capped_norm,25.619863385257236,0.0017038595763961776,lower,True,6
LR+global,PTPN1,expr_mse_unbiased_capped_norm,-40.914453711715474,0.00068720305680088534,lower,True,7
LR+global,HMGN1,expr_mse_unbiased_capped_norm,25.294852657031207,0.013227351846848198,lower,True,7
LR+global,WFS1,expr_mse_unbiased_capped_norm,9.4036952540808905,0.002307114048307394,lower,True,8
LR+global,IDE,expr_mse_unbiased_capped_norm,4.9965929567967544,0.00043461653072578827,lower,True,10
LR+global,ZNF426,expr_mse_unbiased_capped_norm,5.2388829439433442,0.0025258995941173806,lower,True,10
LR+global,IGF2R,expr_mse_unbiased_capped_norm,8.6982733606213607,0.0033321140209493453,lower,True,11
LR+global,TSC22D4,expr_mse_unbiased_capped_norm,2.0087705031247856,0.0012400247724317914,lower,True,11
LR+global,EID2,expr_mse_unbiased_capped_norm,2.8940798279778086,0.00096848521836563584,lower,True,12
LR+global,KIF1B,expr_mse_unbiased_capped_norm,8.5467520897470806,0.0013122359164993128,lower,True,13
LR+global,MAPKAPK2,expr_mse_unbiased_capped_norm,7.4371657142802494,0.0034336492911688178,lower,True,13
LR+global,KDR,expr_mse_unbiased_capped_norm,3.2816240355360291,0.0027081595810019734,lower,True,14
LR+global,TWF2,expr_mse_unbiased_capped_norm,14.724264848116785,0.0040633434631690895,lower,True,14
LR+global,MKI67,expr_mse_unbiased_capped_norm,36.279149039628109,0.013937592255542633,lower,True,14
LR+global,STAT1,expr_mse_unbiased_capped_norm,1.8056501587891336,0.00052749226345898072,lower,True,15
LR+global,MAP1B,expr_mse_unbiased_capped_norm,7.5892866103653676,0.0019287762401144154,lower,True,15
LR+global,CALM3,expr_mse_unbiased_capped_norm,11.557862872039403,0.0043865149744138103,lower,True,15
LR+global,PRCP,expr_mse_unbiased_capped_norm,3.3295946170344166,0.0017753545979220485,lower,True,16
LR+global,POLB,expr_mse_unbiased_capped_norm,3.9605122865765079,0.0027304986957693658,lower,True,16
LR+global,CREG1,expr_mse_unbiased_capped_norm,12.696930323717467,0.0027161290404848597,lower,True,17
LR+global,CASP2,expr_mse_unbiased_capped_norm,7.5583442481545537,0.0022164122322294211,lower,True,20
LR+global,NRAS,expr_mse_unbiased_capped_norm,7.0370891032805156,0.0034949843412741635,lower,True,21
LR+global,IRF3,expr_mse_unbiased_capped_norm,4.3901373564279291,0.0032945547275445726,lower,True,24
LR+global,MAST2,expr_mse_unbiased_capped_norm,3.1175524790425366,0.0011901221157755309,lower,True,25
LR+global,ZNF714,expr_mse_unbiased_capped_norm,4.8485380358072456,0.0051108606695729666,lower,True,27
LR+global,CLDN6,expr_mse_unbiased_capped_norm,73.50106836479857,0.025168711881737998,lower,True,29
LR+global,RRM1,expr_mse_unbiased_capped_norm,6.0489570622270321,0.0061494988244645927,lower,True,34
LR+global,MAP3K7,expr_mse_unbiased_capped_norm,2.4720395348916271,0.0010429127240275946,lower,True,43
LR+global,PBX1,expr_mse_unbiased_capped_norm,4.9390578626775765,0.001837377825351373,lower,True,48
LR+global,ZNF562,expr_mse_unbiased_capped_norm,2.2143294829101383,0.00096881578626347039,lower,True,49
LR+global,NISCH,expr_mse_unbiased_capped_norm,4.1478801872524462,0.0053484879801639663,lower,True,56
LR+global,CENPO,expr_mse_unbiased_capped_norm,2.7994263585725512,0.0036115931423036946,lower,True,73
LR+global,TMBIM6,expr_mse_unbiased_capped_norm,9.1416290584059645,0.0044086515313275579,lower,True,73
LR+global,TRAM2,expr_mse_unbiased_capped_norm,10.960156428695916,0.00401712554795424,lower,True,85
LR+global,SV2A,expr_mse_unbiased_capped_norm,2.0671672090310698,0.0038185008763640025,lower,True,104
LR+global,SRC,expr_mse_unbiased_capped_norm,2.9741475795676497,0.0023739218927503977,lower,True,127
LR+global,TCF3,expr_mse_unbiased_capped_norm,7.7126731518639966,0.0047265277425907843,lower,True,127
LR+global,CLDN7,expr_mse_unbiased_capped_norm,11.230147902705744,0.0083468017796393679,lower,True,160
LR+global,CDCA2,expr_mse_unbiased_capped_norm,13.567697067302516,0.014667459091290217,lower,True,205
LR+global,TARBP2,expr_mse_unbiased_capped_norm,2.069740889809101,0.0017183373066149475,lower,True,211
LR+global,IKBKG,expr_mse_unbiased_capped_norm,2.1331616519632708,0.0032676347324966997,lower,True,238
LR+global,KLF10,expr_mse_unbiased_capped_norm,2.0481182600080903,0.0028297034291791404,lower,True,247
LR+global,SIX4,expr_mse_unbiased_capped_norm,4.7760859176978077,0.0059720144146695794,lower,True,282
LR+global,STX4,expr_mse_unbiased_capped_norm,1.3967262651478325,0.0021026379516142996,lower,True,287
LR+global,TAZ,expr_mse_unbiased_capped_norm,2.5634596656160786,0.0040206748388911737,lower,True,297
LR+global,DHCR24,expr_mse_unbiased_capped_norm,8.1848174818176584,0.01468372584615554,lower,True,307
LR+global,HIRA,expr_mse_unbiased_capped_norm,1.8607812210281343,0.0048787924187695493,lower,True,364
LR+global,ACVR1B,expr_mse_unbiased_capped_norm,3.8074417676401993,0.0057015501834802871,lower,True,374
LR+global,FOXH1,expr_mse_unbiased_capped_norm,3.7022665757855542,0.0073827070916620188,lower,True,397
LR+global,HMGB2,expr_mse_unbiased_capped_norm,2.812297330539554,0.0061373744925661937,lower,True,399
LR+global,PAGR1,expr_mse_unbiased_capped_norm,4.3106639601464032,0.0062830961768446155,lower,True,467
LR+global,MED13L,expr_mse_unbiased_capped_norm,2.2745223403010351,0.0036850142536692145,lower,True,521
LR+global,TET1,expr_mse_unbiased_capped_norm,3.545327151644083,0.0065235061461070771,lower,True,522
LR+global,PHF14,expr_mse_unbiased_capped_norm,1.9840840136589242,0.0034909455387915579,lower,True,522
LR+global,DAXX,expr_mse_unbiased_capped_norm,3.5840371956526655,0.0070667874272927478,lower,True,541
LR+global,RAF1,expr_mse_unbiased_capped_norm,1.4005123930382104,0.0027338555256060521,lower,True,542
LR+global,HAT1,expr_mse_unbiased_capped_norm,4.4946485873430202,0.0077692309101314635,lower,True,545
LR+global,AKT2,expr_mse_unbiased_capped_norm,2.138826967184928,0.0057195565718869785,lower,True,583
LR+global,TXNDC9,expr_mse_unbiased_capped_norm,2.1075974407995908,0.0038092557663457391,lower,True,600
LR+global,ZNF593,expr_mse_unbiased_capped_norm,1.7689978844158969,0.0031393008488506307,lower,True,632
LR+global,MTA1,expr_mse_unbiased_capped_norm,1.761641434220107,0.0083111567939424362,lower,True,695
LR+global,CAST,expr_mse_unbiased_capped_norm,1.6776035158662441,0.0041991921008234989,lower,True,706
LR+global,NDUFB6,expr_mse_unbiased_capped_norm,2.4384654473480651,0.0044158463154727141,lower,True,738
LR+global,USP22,expr_mse_unbiased_capped_norm,6.9324257703267076,0.013589225083298569,lower,True,768
LR+global,NDUFB4,expr_mse_unbiased_capped_norm,4.2042816413285955,0.0081637755848696526,lower,True,806
LR+global,UBE3C,expr_mse_unbiased_capped_norm,1.1001664405864244,0.0038621237487376108,lower,True,834
LR+global,DLG5,expr_mse_unbiased_capped_norm,1.2368650023535446,0.004852025284169518,lower,True,924
LR+global,STAT6,expr_mse_unbiased_capped_norm,1.6098138073504036,0.006792044031805459,lower,True,1007
LR+global,XRCC4,expr_mse_unbiased_capped_norm,1.7502773109797338,0.0065747062223825087,lower,True,1146
LR+global,SLC25A3,expr_mse_unbiased_capped_norm,5.3333536951154654,0.014377144595907661,lower,True,1198
LR+global,PRR12,expr_mse_unbiased_capped_norm,1.8965567808543782,0.0079563948585433912,lower,True,1244
LR+global,KDM2B,expr_mse_unbiased_capped_norm,1.793064872556724,0.0063807621894527008,lower,True,1301
LR+global,SMAGP,expr_mse_unbiased_capped_norm,1.1757599519783895,0.0060940861600246865,lower,True,1345
LR+global,BIRC2,expr_mse_unbiased_capped_norm,0.9741033395268609,0.0040181147191882842,lower,True,1502
LR+global,MED12,expr_mse_unbiased_capped_norm,1.0864318163407038,0.0045710431574656415,lower,True,1664
LR+global,UQCRQ,expr_mse_unbiased_capped_norm,2.0042126273125174,0.0070358236115105784,lower,True,1676
LR+global,SSBP1,expr_mse_unbiased_capped_norm,2.6143969201612953,0.012043634443591161,lower,True,1703
LR+global,ATM,expr_mse_unbiased_capped_norm,1.3458980748820808,0.0065647128639475709,lower,True,1711
LR+global,WSB2,expr_mse_unbiased_capped_norm,1.6632634201139054,0.0086677910468489789,lower,True,1901
LR+global,CHMP3,expr_mse_unbiased_capped_norm,1.0639670568874515,0.0051469902364493191,lower,True,1918
LR+global,MED13,expr_mse_unbiased_capped_norm,1.3573729638293601,0.0070175624312298181,lower,True,2015
LR+global,GSK3B,expr_mse_unbiased_capped_norm,1.167969044906932,0.010057560584690541,lower,True,2126
LR+global,PHF10,expr_mse_unbiased_capped_norm,1.1919345060328506,0.0096833692157965532,lower,True,2151
LR+global,OXCT1,expr_mse_unbiased_capped_norm,1.1399677784080766,0.0097451149254650371,lower,True,2363
LR+global,C1QBP,expr_mse_unbiased_capped_norm,2.360394480562221,0.0095519944659607885,lower,True,2425
LR+global,TGFBR2,expr_mse_unbiased_capped_norm,1.0497307425860363,0.0092766927004140094,lower,True,2528
LR+global,TRAPPC6A,expr_mse_unbiased_capped_norm,2.1143935266228451,0.01791445548581036,lower,True,2545
LR+global,ARID1A,expr_mse_unbiased_capped_norm,1.2871305192405136,0.010995154259549418,lower,True,2588
LR+global,TFAM,expr_mse_unbiased_capped_norm,1.8623390899864938,0.013958834567556326,lower,True,2602
LR+global,SAFB,expr_mse_unbiased_capped_norm,1.1014313380065863,0.0084578446995639683,lower,True,2779
LR+global,METTL17,expr_mse_unbiased_capped_norm,1.1604561417365935,0.0081127303116711978,lower,True,2785
LR+global,LRPPRC,expr_mse_unbiased_capped_norm,1.3669305255333049,0.011184129735268089,lower,True,2908
LR+global,LZTR1,expr_mse_unbiased_capped_norm,1.2558298246456845,0.012154936402565984,lower,True,2933
LR+global,EIF4B,expr_mse_unbiased_capped_norm,1.4091230303579292,0.010168351412314329,lower,True,3245
LR+global,TMSB10,expr_mse_unbiased_capped_norm,1.557111738786364,0.024528880832050216,lower,True,3245
LR+global,EWSR1,expr_mse_unbiased_capped_norm,1.1463248452549928,0.0097690707926358974,lower,True,3433
LR+global,ACAT2,expr_mse_unbiased_capped_norm,1.8764376654021169,0.021110883566917212,lower,True,3607
LR+global,RNF2,expr_mse_unbiased_capped_norm,1.1725440649491468,0.016713928329523849,lower,True,3769
LR+global,NIT1,expr_mse_unbiased_capped_norm,0.99683319900223177,0.0079913463486609576,lower,True,3994
LR+global,MED1,expr_mse_unbiased_capped_norm,0.98645223346267696,0.010749073924621119,lower,True,4046
LR+global,CASP3,expr_mse_unbiased_capped_norm,1.0428473234346625,0.017311002767992582,lower,True,4341
LR+global,INSIG1,expr_mse_unbiased_capped_norm,2.0705400710190354,0.025522745199321861,lower,True,4400
LR+global,MBTPS1,expr_mse_unbiased_capped_norm,0.9803252732759834,0.021396262936380615,lower,True,4475
LR+global,STAG2,expr_mse_unbiased_capped_norm,1.0588440277051738,0.018798275519748699,lower,True,4563
LR+global,MED24,expr_mse_unbiased_capped_norm,1.0409168109138902,0.023801495322151638,lower,True,4915
LR+global,TADA1,expr_mse_unbiased_capped_norm,1.0223818466671812,0.020504208439109637,lower,True,5463
LR+global,SOX2,expr_mse_unbiased_capped_norm,1.0696104114189995,0.04312908895895437,lower,True,5828
LR+global,SMARCA5,expr_mse_unbiased_capped_norm,1.2574156191039829,0.038249402966948731,lower,True,6020
LR+global,MAU2,expr_mse_unbiased_capped_norm,1.0598139757604774,0.037096079356057049,lower,True,6092
LR+global,KAT2A,expr_mse_unbiased_capped_norm,1.1617263114505316,0.033758657910321788,lower,True,6471
LR+global,DNMT1,expr_mse_unbiased_capped_norm,1.0662142619872184,0.062263693661461457,lower,True,6689
LR+global,SIN3B,expr_mse_unbiased_capped_norm,1.0326725726169259,0.040137353575163071,lower,True,7038
LR+global,DHX36,expr_mse_unbiased_capped_norm,1.095937476829014,0.054677788998636637,lower,True,7128
LR+global,SMARCA4,expr_mse_unbiased_capped_norm,1.0201809618976114,0.094699149554472187,lower,True,7631
LR+global,METTL14,expr_mse_unbiased_capped_norm,1.0028812199831485,0.1019529337596249,lower,True,8468
LR+global,METTL3,expr_mse_unbiased_capped_norm,1.0365013736358426,0.10444599035774542,lower,True,8511
null,RAB3B,de_wilcoxon_lfc_nmae,,,lower,False,2
null,TMSB4X,de_wilcoxon_lfc_nmae,,,lower,False,3
null,LAD1,de_wilcoxon_lfc_nmae,,,lower,False,3
null,PLCB3,de_wilcoxon_lfc_nmae,,,lower,False,3
null,PMS1,de_wilcoxon_lfc_nmae,,,lower,False,3
null,CAMSAP2,de_wilcoxon_lfc_nmae,,,lower,False,4
null,DZIP3,de_wilcoxon_lfc_nmae,,,lower,False,4
null,NCK2,de_wilcoxon_lfc_nmae,,,lower,False,5
null,ZNF286A,de_wilcoxon_lfc_nmae,,,lower,False,5
null,ATP1B1,de_wilcoxon_lfc_nmae,,,lower,False,6
null,ANTXR1,de_wilcoxon_lfc_nmae,,,lower,False,6
null,PTPN1,de_wilcoxon_lfc_nmae,,,lower,False,7
null,HMGN1,de_wilcoxon_lfc_nmae,,,lower,False,7
null,WFS1,de_wilcoxon_lfc_nmae,,,lower,False,8
null,IDE,de_wilcoxon_lfc_nmae,,,lower,False,10
null,ZNF426,de_wilcoxon_lfc_nmae,,,lower,False,10
null,IGF2R,de_wilcoxon_lfc_nmae,1.0117163579156347,0.0091974214355966793,lower,True,11
null,TSC22D4,de_wilcoxon_lfc_nmae,1.0280505578421923,0.0093459141622017489,lower,True,11
null,EID2,de_wilcoxon_lfc_nmae,0.97880494800444362,0.0088982268000403972,lower,True,12
null,KIF1B,de_wilcoxon_lfc_nmae,1.0070608102477596,0.0091550982749796332,lower,True,13
null,MAPKAPK2,de_wilcoxon_lfc_nmae,1.0040585536943083,0.0091278050335846204,lower,True,13
null,KDR,de_wilcoxon_lfc_nmae,1.0092791161777981,0.009175264692525437,lower,True,14
null,TWF2,de_wilcoxon_lfc_nmae,1.0463654421473607,0.0095124131104305527,lower,True,14
null,MKI67,de_wilcoxon_lfc_nmae,0.9648377110313372,0.008771251918466701,lower,True,14
null,STAT1,de_wilcoxon_lfc_nmae,1.0094202609446592,0.0091765478267696286,lower,True,15
null,MAP1B,de_wilcoxon_lfc_nmae,1.0763661567160987,0.0097851468792372609,lower,True,15
null,CALM3,de_wilcoxon_lfc_nmae,1.0313541515243048,0.0093759468320391334,lower,True,15
null,PRCP,de_wilcoxon_lfc_nmae,0.98643731784634858,0.0089676119804213503,lower,True,16
null,POLB,de_wilcoxon_lfc_nmae,1.018624813508662,0.0092602255773514726,lower,True,16
null,CREG1,de_wilcoxon_lfc_nmae,1.0493652805222848,0.0095396843683844077,lower,True,17
null,CASP2,de_wilcoxon_lfc_nmae,1.0441454521276137,0.0094922313829783056,lower,True,20
null,NRAS,de_wilcoxon_lfc_nmae,1.0038449300044925,0.0091258630000408403,lower,True,21
null,IRF3,de_wilcoxon_lfc_nmae,1.0103691566262987,0.0091851741511481694,lower,True,24
null,MAST2,de_wilcoxon_lfc_nmae,0.93749637390046081,0.008522694308186007,lower,True,25
null,ZNF714,de_wilcoxon_lfc_nmae,0.98586922269963695,0.0089624474790876082,lower,True,27
null,CLDN6,de_wilcoxon_lfc_nmae,0.99040640984730965,0.0090036946349755422,lower,True,29
null,RRM1,de_wilcoxon_lfc_nmae,1.0491704134660456,0.0095379128496913233,lower,True,34
null,MAP3K7,de_wilcoxon_lfc_nmae,1.049705959757907,0.0095427814523446099,lower,True,43
null,PBX1,de_wilcoxon_lfc_nmae,1.04968840622648,0.0095426218747861821,lower,True,48
null,ZNF562,de_wilcoxon_lfc_nmae,1.0190152810956707,0.0092637752826879166,lower,True,49
null,NISCH,de_wilcoxon_lfc_nmae,1.0086194871501564,0.0091692680650014222,lower,True,56
null,CENPO,de_wilcoxon_lfc_nmae,0.99501779585284655,0.0090456163259349694,lower,True,73
null,TMBIM6,de_wilcoxon_lfc_nmae,0.98907923834060485,0.008991629439460044,lower,True,73
null,TRAM2,de_wilcoxon_lfc_nmae,1.0167881840435751,0.0092435289458506816,lower,True,85
null,SV2A,de_wilcoxon_lfc_nmae,1.0438306129763744,0.0094893692088761309,lower,True,104
null,SRC,de_wilcoxon_lfc_nmae,0.99153388506341877,0.0090139444096674435,lower,True,127
null,TCF3,de_wilcoxon_lfc_nmae,1.0112710592853376,0.0091933732662303411,lower,True,127
null,CLDN7,de_wilcoxon_lfc_nmae,1.0005124072065588,0.0090955673382414441,lower,True,160
null,CDCA2,de_wilcoxon_lfc_nmae,1.0045998451273153,0.0091327258647937743,lower,True,205
null,TARBP2,de_wilcoxon_lfc_nmae,1.0080624355180023,0.0091642039592545674,lower,True,211
null,IKBKG,de_wilcoxon_lfc_nmae,1.0004681422417707,0.0090951649294706421,lower,True,238
null,KLF10,de_wilcoxon_lfc_nmae,0.99369142552946543,0.0090335584139042309,lower,True,247
null,SIX4,de_wilcoxon_lfc_nmae,0.99072844628976164,0.0090066222389978325,lower,True,282
null,STX4,de_wilcoxon_lfc_nmae,1.026548025744995,0.0093322547794999541,lower,True,287
null,TAZ,de_wilcoxon_lfc_nmae,1.0052077693258634,0.0091382524484169402,lower,True,297
null,DHCR24,de_wilcoxon_lfc_nmae,0.99778118018716722,0.0090707380017015209,lower,True,307
null,HIRA,de_wilcoxon_lfc_nmae,1.0236320477857279,0.0093057458889611623,lower,True,364
null,ACVR1B,de_wilcoxon_lfc_nmae,1.0146493841980446,0.0092240853108913144,lower,True,374
null,FOXH1,de_wilcoxon_lfc_nmae,1.0000165039241566,0.0090910591265832424,lower,True,397
null,HMGB2,de_wilcoxon_lfc_nmae,1.026996268808638,0.0093363297164421634,lower,True,399
null,PAGR1,de_wilcoxon_lfc_nmae,0.98534173544652404,0.0089576521404229458,lower,True,467
null,MED13L,de_wilcoxon_lfc_nmae,0.98953295646127015,0.0089957541496479103,lower,True,521
null,TET1,de_wilcoxon_lfc_nmae,0.98239690016194603,0.0089308809105631461,lower,True,522
null,PHF14,de_wilcoxon_lfc_nmae,0.98034192013907395,0.008912199273991582,lower,True,522
null,DAXX,de_wilcoxon_lfc_nmae,1.0395982841005365,0.0094508934918230581,lower,True,541
null,RAF1,de_wilcoxon_lfc_nmae,0.99077365385664795,0.0090070332168786186,lower,True,542
null,HAT1,de_wilcoxon_lfc_nmae,0.94831654728332915,0.0086210595207575381,lower,True,545
null,AKT2,de_wilcoxon_lfc_nmae,1.0091203223802001,0.009173821112547274,lower,True,583
null,TXNDC9,de_wilcoxon_lfc_nmae,0.99440649047315999,0.0090400590043014546,lower,True,600
null,ZNF593,de_wilcoxon_lfc_nmae,0.96749721410870682,0.0087954292191700627,lower,True,632
null,MTA1,de_wilcoxon_lfc_nmae,1.0107543700581765,0.0091886760914379681,lower,True,695
null,CAST,de_wilcoxon_lfc_nmae,1.0362625784096813,0.009420568894633467,lower,True,706
null,NDUFB6,de_wilcoxon_lfc_nmae,1.0354698025840847,0.0094133618416734968,lower,True,738
null,USP22,de_wilcoxon_lfc_nmae,0.9993176479688648,0.0090847058906260436,lower,True,768
null,NDUFB4,de_wilcoxon_lfc_nmae,0.99971884812901535,0.0090883531648092309,lower,True,806
null,UBE3C,de_wilcoxon_lfc_nmae,0.97691425914210883,0.0088810387194737158,lower,True,834
null,DLG5,de_wilcoxon_lfc_nmae,1.0110359150330808,0.0091912355912098249,lower,True,924
null,STAT6,de_wilcoxon_lfc_nmae,1.0161002143626883,0.009237274676024438,lower,True,1007
null,XRCC4,de_wilcoxon_lfc_nmae,1.0009695761260626,0.0090997234193278421,lower,True,1146
null,SLC25A3,de_wilcoxon_lfc_nmae,1.0398688709322581,0.0094533533721114366,lower,True,1198
null,PRR12,de_wilcoxon_lfc_nmae,0.99896799449624718,0.0090815272226931563,lower,True,1244
null,KDM2B,de_wilcoxon_lfc_nmae,0.99464715784398439,0.0090422468894907678,lower,True,1301
null,SMAGP,de_wilcoxon_lfc_nmae,1.0063514972990795,0.009148649975446177,lower,True,1345
null,BIRC2,de_wilcoxon_lfc_nmae,0.99288099643976102,0.0090261908767251004,lower,True,1502
null,MED12,de_wilcoxon_lfc_nmae,0.99531104252528402,0.0090482822047753091,lower,True,1664
null,UQCRQ,de_wilcoxon_lfc_nmae,0.98803576309567698,0.0089821433008697906,lower,True,1676
null,SSBP1,de_wilcoxon_lfc_nmae,1.0000559713146928,0.0090914179210426615,lower,True,1703
null,ATM,de_wilcoxon_lfc_nmae,1.0161420176449436,0.0092376547058631246,lower,True,1711
null,WSB2,de_wilcoxon_lfc_nmae,0.99737632148483879,0.0090670574680439889,lower,True,1901
null,CHMP3,de_wilcoxon_lfc_nmae,0.99768331437836999,0.0090698483125306369,lower,True,1918
null,MED13,de_wilcoxon_lfc_nmae,0.99603945629162638,0.0090549041481056951,lower,True,2015
null,GSK3B,de_wilcoxon_lfc_nmae,1.0126300045815544,0.0092057273143777672,lower,True,2126
null,PHF10,de_wilcoxon_lfc_nmae,1.0183764664853108,0.0092579678771391883,lower,True,2151
null,OXCT1,de_wilcoxon_lfc_nmae,1.0088124118338015,0.0091710219257618315,lower,True,2363
null,C1QBP,de_wilcoxon_lfc_nmae,1.0058859100493871,0.0091444173640853367,lower,True,2425
null,TGFBR2,de_wilcoxon_lfc_nmae,1.0145408580842215,0.009223098709856558,lower,True,2528
null,TRAPPC6A,de_wilcoxon_lfc_nmae,0.99250315367924957,0.0090227559425386326,lower,True,2545
null,ARID1A,de_wilcoxon_lfc_nmae,1.0011873748290117,0.009101703407536469,lower,True,2588
null,TFAM,de_wilcoxon_lfc_nmae,1.0031803338268379,0.0091198212166076174,lower,True,2602
null,SAFB,de_wilcoxon_lfc_nmae,0.99086954217469603,0.0090079049288608725,lower,True,2779
null,METTL17,de_wilcoxon_lfc_nmae,1.024005223223222,0.0093091383929383813,lower,True,2785
null,LRPPRC,de_wilcoxon_lfc_nmae,1.0212915749126619,0.0092844688628423815,lower,True,2908
null,LZTR1,de_wilcoxon_lfc_nmae,1.0024423732933434,0.0091131124844849396,lower,True,2933
null,EIF4B,de_wilcoxon_lfc_nmae,1.0047315907193008,0.0091339235519936439,lower,True,3245
null,TMSB10,de_wilcoxon_lfc_nmae,0.98034831785736842,0.0089122574350669857,lower,True,3245
null,EWSR1,de_wilcoxon_lfc_nmae,0.98664748644304923,0.0089695226040277208,lower,True,3433
null,ACAT2,de_wilcoxon_lfc_nmae,0.99567391911416681,0.0090515810828560618,lower,True,3607
null,RNF2,de_wilcoxon_lfc_nmae,1.0065982536651368,0.0091508932151376076,lower,True,3769
null,NIT1,de_wilcoxon_lfc_nmae,1.0074537115686948,0.0091586701051699533,lower,True,3994
null,MED1,de_wilcoxon_lfc_nmae,1.0051770472119936,0.0091379731564726688,lower,True,4046
null,CASP3,de_wilcoxon_lfc_nmae,1.0237562935801454,0.0093068753961831393,lower,True,4341
null,INSIG1,de_wilcoxon_lfc_nmae,0.98413182414765477,0.0089466529467968608,lower,True,4400
null,MBTPS1,de_wilcoxon_lfc_nmae,0.97858874905325965,0.0088962613550296332,lower,True,4475
null,STAG2,de_wilcoxon_lfc_nmae,1.0059140941361171,0.0091446735830556097,lower,True,4563
null,MED24,de_wilcoxon_lfc_nmae,1.0047368973012816,0.0091339717936480148,lower,True,4915
null,TADA1,de_wilcoxon_lfc_nmae,0.99003821134446757,0.009000347375858796,lower,True,5463
null,SOX2,de_wilcoxon_lfc_nmae,1.0005261326536703,0.0090956921150333655,lower,True,5828
null,SMARCA5,de_wilcoxon_lfc_nmae,0.99944911115111645,0.0090859010104646955,lower,True,6020
null,MAU2,de_wilcoxon_lfc_nmae,1.0059251645491318,0.0091447742231739251,lower,True,6092
null,KAT2A,de_wilcoxon_lfc_nmae,0.98432781884946141,0.0089484347168132857,lower,True,6471
null,DNMT1,de_wilcoxon_lfc_nmae,0.99546633438438137,0.0090496939489489222,lower,True,6689
null,SIN3B,de_wilcoxon_lfc_nmae,1.0005049803190669,0.009095499821082426,lower,True,7038
null,DHX36,de_wilcoxon_lfc_nmae,1.0015062090536917,0.0091046019004881063,lower,True,7128
null,SMARCA4,de_wilcoxon_lfc_nmae,0.9896834341112638,0.0089971221282842163,lower,True,7631
null,METTL14,de_wilcoxon_lfc_nmae,1.0015880246580187,0.0091053456787092597,lower,True,8468
null,METTL3,de_wilcoxon_lfc_nmae,0.99873392011264805,0.0090793992737513464,lower,True,8511
global,RAB3B,de_wilcoxon_lfc_nmae,,,lower,False,2
global,TMSB4X,de_wilcoxon_lfc_nmae,,,lower,False,3
global,LAD1,de_wilcoxon_lfc_nmae,,,lower,False,3
global,PLCB3,de_wilcoxon_lfc_nmae,,,lower,False,3
global,PMS1,de_wilcoxon_lfc_nmae,,,lower,False,3
global,CAMSAP2,de_wilcoxon_lfc_nmae,,,lower,False,4
global,DZIP3,de_wilcoxon_lfc_nmae,,,lower,False,4
global,NCK2,de_wilcoxon_lfc_nmae,,,lower,False,5
global,ZNF286A,de_wilcoxon_lfc_nmae,,,lower,False,5
global,ATP1B1,de_wilcoxon_lfc_nmae,,,lower,False,6
global,ANTXR1,de_wilcoxon_lfc_nmae,,,lower,False,6
global,PTPN1,de_wilcoxon_lfc_nmae,,,lower,False,7
global,HMGN1,de_wilcoxon_lfc_nmae,,,lower,False,7
global,WFS1,de_wilcoxon_lfc_nmae,,,lower,False,8
global,IDE,de_wilcoxon_lfc_nmae,,,lower,False,10
global,ZNF426,de_wilcoxon_lfc_nmae,,,lower,False,10
global,IGF2R,de_wilcoxon_lfc_nmae,1.0400032671116797,0.0094545751555607238,lower,True,11
global,TSC22D4,de_wilcoxon_lfc_nmae,1.0112585619120571,0.0091932596537459728,lower,True,11
global,EID2,de_wilcoxon_lfc_nmae,0.98259395119660764,0.0089326722836055236,lower,True,12
global,KIF1B,de_wilcoxon_lfc_nmae,1.0142663959783249,0.0092206035998029529,lower,True,13
global,MAPKAPK2,de_wilcoxon_lfc_nmae,1.0037151564712652,0.009124683240647866,lower,True,13
global,KDR,de_wilcoxon_lfc_nmae,1.007316611724415,0.0091574237429492278,lower,True,14
global,TWF2,de_wilcoxon_lfc_nmae,1.0410885050406844,0.0094644409549153128,lower,True,14
global,MKI67,de_wilcoxon_lfc_nmae,0.94652702022616042,0.0086047910929650945,lower,True,14
global,STAT1,de_wilcoxon_lfc_nmae,1.015755489382574,0.0092341408125688543,lower,True,15
global,MAP1B,de_wilcoxon_lfc_nmae,1.0701546462086002,0.0097286786018963654,lower,True,15
global,CALM3,de_wilcoxon_lfc_nmae,0.99140024582855357,0.009012729507532305,lower,True,15
global,PRCP,de_wilcoxon_lfc_nmae,0.97782656357590636,0.008889332396144603,lower,True,16
global,POLB,de_wilcoxon_lfc_nmae,1.0062623591782691,0.0091478396288933554,lower,True,16
global,CREG1,de_wilcoxon_lfc_nmae,1.0257808451829495,0.009325280410754087,lower,True,17
global,CASP2,de_wilcoxon_lfc_nmae,1.0379480976428672,0.0094358917967533387,lower,True,20
global,NRAS,de_wilcoxon_lfc_nmae,1.0049299513438659,0.0091357268303987813,lower,True,21
global,IRF3,de_wilcoxon_lfc_nmae,1.0174821676669483,0.0092498378878813486,lower,True,24
global,MAST2,de_wilcoxon_lfc_nmae,0.93451967727254881,0.0084956334297504443,lower,True,25
global,ZNF714,de_wilcoxon_lfc_nmae,0.98483399775702718,0.008953036343245702,lower,True,27
global,CLDN6,de_wilcoxon_lfc_nmae,0.98503387567819345,0.0089548534152563038,lower,True,29
global,RRM1,de_wilcoxon_lfc_nmae,1.0556796154312913,0.0095970874130117383,lower,True,34
global,MAP3K7,de_wilcoxon_lfc_nmae,1.0972836327895683,0.0099753057526324393,lower,True,43
global,PBX1,de_wilcoxon_lfc_nmae,1.1355957877526637,0.010323598070478762,lower,True,48
global,ZNF562,de_wilcoxon_lfc_nmae,1.0010215580200796,0.009100195982000724,lower,True,49
global,NISCH,de_wilcoxon_lfc_nmae,0.99520355783540004,0.0090473050712309103,lower,True,56
global,CENPO,de_wilcoxon_lfc_nmae,0.93723594158962897,0.0085203267417238993,lower,True,73
global,TMBIM6,de_wilcoxon_lfc_nmae,0.9684978795117426,0.0088045261773794774,lower,True,73
global,TRAM2,de_wilcoxon_lfc_nmae,1.0299069233663547,0.0093627902124214062,lower,True,85
global,SV2A,de_wilcoxon_lfc_nmae,0.99967346847493921,0.009087940622499447,lower,True,104
global,SRC,de_wilcoxon_lfc_nmae,0.95323050075744276,0.0086657318250676612,lower,True,127
global,TCF3,de_wilcoxon_lfc_nmae,1.0347442736760819,0.0094067661243280171,lower,True,127
global,CLDN7,de_wilcoxon_lfc_nmae,1.0128842086123182,0.009208038260111984,lower,True,160
global,CDCA2,de_wilcoxon_lfc_nmae,0.99925353864615163,0.0090841230786013784,lower,True,205
global,TARBP2,de_wilcoxon_lfc_nmae,1.0230257429213907,0.009300234026558097,lower,True,211
global,IKBKG,de_wilcoxon_lfc_nmae,0.95904871010494042,0.0087186246373176408,lower,True,238
global,KLF10,de_wilcoxon_lfc_nmae,0.98266206050046478,0.0089332914590951346,lower,True,247
global,SIX4,de_wilcoxon_lfc_nmae,0.98989287913479784,0.0089990261739527084,lower,True,282
global,STX4,de_wilcoxon_lfc_nmae,1.0164602948325787,0.0092405481348416252,lower,True,287
global,TAZ,de_wilcoxon_lfc_nmae,0.97318542980173284,0.0088471402709248432,lower,True,297
global,DHCR24,de_wilcoxon_lfc_nmae,0.98993996601328038,0.0089994542364843673,lower,True,307
global,HIRA,de_wilcoxon_lfc_nmae,0.99281168408373244,0.009025560764397568,lower,True,364
global,ACVR1B,de_wilcoxon_lfc_nmae,1.0291202735799878,0.0093556388507271618,lower,True,374
global,FOXH1,de_wilcoxon_lfc_nmae,1.0246611821955098,0.0093151016563228165,lower,True,397
global,HMGB2,de_wilcoxon_lfc_nmae,0.98785566563433003,0.0089805060512211828,lower,True,399
global,PAGR1,de_wilcoxon_lfc_nmae,0.98330690946373522,0.0089391537223975932,lower,True,467
global,MED13L,de_wilcoxon_lfc_nmae,0.96559461007341063,0.0087781328188491874,lower,True,521
global,TET1,de_wilcoxon_lfc_nmae,0.97290643052852677,0.0088446039138956982,lower,True,522
global,PHF14,de_wilcoxon_lfc_nmae,0.95705092792077684,0.008700462981097971,lower,True,522
global,DAXX,de_wilcoxon_lfc_nmae,1.0203038406508385,0.009275489460462168,lower,True,541
global,RAF1,de_wilcoxon_lfc_nmae,0.97636630132404623,0.0088760572847640558,lower,True,542
global,HAT1,de_wilcoxon_lfc_nmae,0.94011251680602315,0.0085464774255093016,lower,True,545
global,AKT2,de_wilcoxon_lfc_nmae,1.0125346394308619,0.00920486035846238,lower,True,583
global,TXNDC9,de_wilcoxon_lfc_nmae,0.95205303844298783,0.0086550276222089797,lower,True,600
global,ZNF593,de_wilcoxon_lfc_nmae,0.92955372602564645,0.0084504884184149684,lower,True,632
global,MTA1,de_wilcoxon_lfc_nmae,0.99276294918499763,0.0090251177198636141,lower,True,695
global,CAST,de_wilcoxon_lfc_nmae,1.0082049387697241,0.0091654994433611279,lower,True,706
global,NDUFB6,de_wilcoxon_lfc_nmae,0.99965983163493655,0.0090878166512266961,lower,True,738
global,USP22,de_wilcoxon_lfc_nmae,0.9892969780944898,0.0089936088917680884,lower,True,768
global,NDUFB4,de_wilcoxon_lfc_nmae,0.96850807039784725,0.008804618821798612,lower,True,806
global,UBE3C,de_wilcoxon_lfc_nmae,0.94836080775420994,0.008621461888674636,lower,True,834
global,DLG5,de_wilcoxon_lfc_nmae,1.0068251537776669,0.0091529559434333357,lower,True,924
global,STAT6,de_wilcoxon_lfc_nmae,1.00345754595295,0.0091223413268449998,lower,True,1007
global,XRCC4,de_wilcoxon_lfc_nmae,0.98618642681604363,0.0089653311528731239,lower,True,1146
global,SLC25A3,de_wilcoxon_lfc_nmae,1.0162097733564859,0.0092382706668771436,lower,True,1198
global,PRR12,de_wilcoxon_lfc_nmae,0.98269007696205557,0.0089335461542005053,lower,True,1244
global,KDM2B,de_wilcoxon_lfc_nmae,0.97093160435965642,0.0088266509487241497,lower,True,1301
global,SMAGP,de_wilcoxon_lfc_nmae,0.98777333466176898,0.0089797575878342636,lower,True,1345
global,BIRC2,de_wilcoxon_lfc_nmae,0.97935639845709277,0.0089032399859735704,lower,True,1502
global,MED12,de_wilcoxon_lfc_nmae,0.9824461315408346,0.0089313284685530424,lower,True,1664
global,UQCRQ,de_wilcoxon_lfc_nmae,0.96882109271346017,0.0088074644792132742,lower,True,1676
global,SSBP1,de_wilcoxon_lfc_nmae,0.98216508816032821,0.0089287735287302567,lower,True,1703
global,ATM,de_wilcoxon_lfc_nmae,1.0097495110900607,0.0091795410099096437,lower,True,1711
global,WSB2,de_wilcoxon_lfc_nmae,0.99136791870628105,0.0090124356246025546,lower,True,1901
global,CHMP3,de_wilcoxon_lfc_nmae,0.98953644967263876,0.0089957859061148976,lower,True,1918
global,MED13,de_wilcoxon_lfc_nmae,0.98757026218763677,0.0089779114744330622,lower,True,2015
global,GSK3B,de_wilcoxon_lfc_nmae,1.002995822262233,0.0091181438387475736,lower,True,2126
global,PHF10,de_wilcoxon_lfc_nmae,1.0078272871898404,0.0091620662471803664,lower,True,2151
global,OXCT1,de_wilcoxon_lfc_nmae,1.0029396716239178,0.0091176333783992529,lower,True,2363
global,C1QBP,de_wilcoxon_lfc_nmae,0.99275573160648045,0.0090250521055134595,lower,True,2425
global,TGFBR2,de_wilcoxon_lfc_nmae,1.0136915440956675,0.0092153776735969771,lower,True,2528
global,TRAPPC6A,de_wilcoxon_lfc_nmae,0.98155887112128481,0.0089232624647389534,lower,True,2545
global,ARID1A,de_wilcoxon_lfc_nmae,1.0038136426180031,0.0091255785692545728,lower,True,2588
global,TFAM,de_wilcoxon_lfc_nmae,0.990758391491663,0.0090068944681060276,lower,True,2602
global,SAFB,de_wilcoxon_lfc_nmae,0.98319043287335062,0.008938094844303187,lower,True,2779
global,METTL17,de_wilcoxon_lfc_nmae,1.0090779179923199,0.0091734356181119997,lower,True,2785
global,LRPPRC,de_wilcoxon_lfc_nmae,1.0074140896702517,0.0091583099060931969,lower,True,2908
global,LZTR1,de_wilcoxon_lfc_nmae,0.98889091877170066,0.0089899174433790974,lower,True,2933
global,EIF4B,de_wilcoxon_lfc_nmae,1.0070163020137068,0.0091546936546700614,lower,True,3245
global,TMSB10,de_wilcoxon_lfc_nmae,0.97322021139002235,0.0088474564671820206,lower,True,3245
global,EWSR1,de_wilcoxon_lfc_nmae,0.98032315974165041,0.0089120287249240954,lower,True,3433
global,ACAT2,de_wilcoxon_lfc_nmae,0.99260897139935844,0.0090237179218123492,lower,True,3607
global,RNF2,de_wilcoxon_lfc_nmae,0.99868092321328417,0.0090789174837571287,lower,True,3769
global,NIT1,de_wilcoxon_lfc_nmae,1.0024127553814539,0.0091128432307404899,lower,True,3994
global,MED1,de_wilcoxon_lfc_nmae,1.0009767576937227,0.0090997887063065698,lower,True,4046
global,CASP3,de_wilcoxon_lfc_nmae,1.0163966101109168,0.0092399691828265167,lower,True,4341
global,INSIG1,de_wilcoxon_lfc_nmae,0.97967715659304322,0.0089061559690276661,lower,True,4400
global,MBTPS1,de_wilcoxon_lfc_nmae,0.97308912392398483,0.0088462647629453158,lower,True,4475
global,STAG2,de_wilcoxon_lfc_nmae,1.0030357085778012,0.0091185064416163756,lower,True,4563
global,MED24,de_wilcoxon_lfc_nmae,1.0018306682351497,0.0091075515294104514,lower,True,4915
global,TADA1,de_wilcoxon_lfc_nmae,0.98549140760369802,0.0089590127963972543,lower,True,5463
global,SOX2,de_wilcoxon_lfc_nmae,1.0006257513699908,0.0090965977397271889,lower,True,5828
global,SMARCA5,de_wilcoxon_lfc_nmae,0.99746122172843077,0.0090678292884402798,lower,True,6020
global,MAU2,de_wilcoxon_lfc_nmae,1.0023995984353664,0.0091127236221396953,lower,True,6092
global,KAT2A,de_wilcoxon_lfc_nmae,0.98089653543308375,0.0089172412312098527,lower,True,6471
global,DNMT1,de_wilcoxon_lfc_nmae,0.99264121019321161,0.0090240110017564684,lower,True,6689
global,SIN3B,de_wilcoxon_lfc_nmae,0.99727546805687362,0.0090661406186988511,lower,True,7038
global,DHX36,de_wilcoxon_lfc_nmae,0.99915116672617243,0.0090831924247833859,lower,True,7128
global,SMARCA4,de_wilcoxon_lfc_nmae,0.98937034268524482,0.0089942758425931354,lower,True,7631
global,METTL14,de_wilcoxon_lfc_nmae,1.0009118312842331,0.0090991984662203013,lower,True,8468
global,METTL3,de_wilcoxon_lfc_nmae,0.99825878871281715,0.009075079897389246,lower,True,8511
LR,RAB3B,de_wilcoxon_lfc_nmae,,,lower,False,2
LR,TMSB4X,de_wilcoxon_lfc_nmae,,,lower,False,3
LR,LAD1,de_wilcoxon_lfc_nmae,,,lower,False,3
LR,PLCB3,de_wilcoxon_lfc_nmae,,,lower,False,3
LR,PMS1,de_wilcoxon_lfc_nmae,,,lower,False,3
LR,CAMSAP2,de_wilcoxon_lfc_nmae,,,lower,False,4
LR,DZIP3,de_wilcoxon_lfc_nmae,,,lower,False,4
LR,NCK2,de_wilcoxon_lfc_nmae,,,lower,False,5
LR,ZNF286A,de_wilcoxon_lfc_nmae,,,lower,False,5
LR,ATP1B1,de_wilcoxon_lfc_nmae,,,lower,False,6
LR,ANTXR1,de_wilcoxon_lfc_nmae,,,lower,False,6
LR,PTPN1,de_wilcoxon_lfc_nmae,,,lower,False,7
LR,HMGN1,de_wilcoxon_lfc_nmae,,,lower,False,7
LR,WFS1,de_wilcoxon_lfc_nmae,,,lower,False,8
LR,IDE,de_wilcoxon_lfc_nmae,,,lower,False,10
LR,ZNF426,de_wilcoxon_lfc_nmae,,,lower,False,10
LR,IGF2R,de_wilcoxon_lfc_nmae,1.0099950139221323,0.0091817728538375661,lower,True,11
LR,TSC22D4,de_wilcoxon_lfc_nmae,0.9419381336134538,0.0085630739419404883,lower,True,11
LR,EID2,de_wilcoxon_lfc_nmae,0.97335055885025801,0.0088486414440932543,lower,True,12
LR,KIF1B,de_wilcoxon_lfc_nmae,0.9478317630422326,0.008616652391293023,lower,True,13
LR,MAPKAPK2,de_wilcoxon_lfc_nmae,1.0043266123845072,0.0091302419307682462,lower,True,13
LR,KDR,de_wilcoxon_lfc_nmae,0.97777060577965957,0.0088888236889059953,lower,True,14
LR,TWF2,de_wilcoxon_lfc_nmae,1.0510627867196645,0.0095551162429060414,lower,True,14
LR,MKI67,de_wilcoxon_lfc_nmae,1.0067933351869078,0.0091526666835173437,lower,True,14
LR,STAT1,de_wilcoxon_lfc_nmae,0.99774196403077464,0.009070381491188861,lower,True,15
LR,MAP1B,de_wilcoxon_lfc_nmae,1.0354499215534807,0.0094131811050316427,lower,True,15
LR,CALM3,de_wilcoxon_lfc_nmae,0.98740119955470018,0.0089763745414063647,lower,True,15
LR,PRCP,de_wilcoxon_lfc_nmae,0.99781438907309805,0.0090710399006645286,lower,True,16
LR,POLB,de_wilcoxon_lfc_nmae,0.99361756895105202,0.0090328869904641087,lower,True,16
LR,CREG1,de_wilcoxon_lfc_nmae,1.0589786678366706,0.009627078798515187,lower,True,17
LR,CASP2,de_wilcoxon_lfc_nmae,1.0177666942155612,0.0092524244928687376,lower,True,20
LR,NRAS,de_wilcoxon_lfc_nmae,1.0125434564298983,0.0092049405129990755,lower,True,21
LR,IRF3,de_wilcoxon_lfc_nmae,1.0060385063599235,0.0091458046032720317,lower,True,24
LR,MAST2,de_wilcoxon_lfc_nmae,0.85990073442311143,0.0078172794038464683,lower,True,25
LR,ZNF714,de_wilcoxon_lfc_nmae,1.0044446776806863,0.0091313152516426035,lower,True,27
LR,CLDN6,de_wilcoxon_lfc_nmae,1.0733663587006732,0.0097578759881879387,lower,True,29
LR,RRM1,de_wilcoxon_lfc_nmae,1.067058261946219,0.0097005296540565358,lower,True,34
LR,MAP3K7,de_wilcoxon_lfc_nmae,1.0634780011327063,0.009667981828479149,lower,True,43
LR,PBX1,de_wilcoxon_lfc_nmae,1.1991569970561591,0.010901427245965083,lower,True,48
LR,ZNF562,de_wilcoxon_lfc_nmae,1.0111901878281369,0.0091926380711648808,lower,True,49
LR,NISCH,de_wilcoxon_lfc_nmae,0.93504785672775115,0.0085004350611613735,lower,True,56
LR,CENPO,de_wilcoxon_lfc_nmae,0.9730696623165136,0.0088460878392410333,lower,True,73
LR,TMBIM6,de_wilcoxon_lfc_nmae,1.256769369064354,0.011425176082403218,lower,True,73
LR,TRAM2,de_wilcoxon_lfc_nmae,0.7241864642845991,0.0065835133116781738,lower,True,85
LR,SV2A,de_wilcoxon_lfc_nmae,1.054914913977379,0.0095901355816125373,lower,True,104
LR,SRC,de_wilcoxon_lfc_nmae,1.0347298447228459,0.0094066349520258719,lower,True,127
LR,TCF3,de_wilcoxon_lfc_nmae,0.99318242617523,0.0090289311470475447,lower,True,127
LR,CLDN7,de_wilcoxon_lfc_nmae,1.1388752990180351,0.010353411809254864,lower,True,160
LR,CDCA2,de_wilcoxon_lfc_nmae,1.0587150725674443,0.0096246824778858583,lower,True,205
LR,TARBP2,de_wilcoxon_lfc_nmae,0.93649528476247745,0.0085135934978407043,lower,True,211
LR,IKBKG,de_wilcoxon_lfc_nmae,1.1103112901919827,0.010093739001745297,lower,True,238
LR,KLF10,de_wilcoxon_lfc_nmae,1.0095648668399353,0.0091778624258175932,lower,True,247
LR,SIX4,de_wilcoxon_lfc_nmae,1.0582278977410948,0.0096202536158281355,lower,True,282
LR,STX4,de_wilcoxon_lfc_nmae,1.0117692200166399,0.0091979020001512722,lower,True,287
LR,TAZ,de_wilcoxon_lfc_nmae,1.0202652206010083,0.0092751383691000756,lower,True,297
LR,DHCR24,de_wilcoxon_lfc_nmae,1.8478284818660935,0.016798440744237215,lower,True,307
LR,HIRA,de_wilcoxon_lfc_nmae,1.0055823932098564,0.0091416581200896036,lower,True,364
LR,ACVR1B,de_wilcoxon_lfc_nmae,1.2794588643773777,0.011631444221612525,lower,True,374
LR,FOXH1,de_wilcoxon_lfc_nmae,1.0480979269503663,0.009528162972276058,lower,True,397
LR,HMGB2,de_wilcoxon_lfc_nmae,1.1112237270588323,0.01010203388235302,lower,True,399
LR,PAGR1,de_wilcoxon_lfc_nmae,1.0707707208470263,0.0097342792804275113,lower,True,467
LR,MED13L,de_wilcoxon_lfc_nmae,0.97530387628604076,0.008866398875327643,lower,True,521
LR,TET1,de_wilcoxon_lfc_nmae,1.0189258939317944,0.0092629626721072219,lower,True,522
LR,PHF14,de_wilcoxon_lfc_nmae,0.92045876292540962,0.0083678069356855414,lower,True,522
LR,DAXX,de_wilcoxon_lfc_nmae,1.0158540469976467,0.0092350367908876976,lower,True,541
LR,RAF1,de_wilcoxon_lfc_nmae,1.0201188239552872,0.009273807490502611,lower,True,542
LR,HAT1,de_wilcoxon_lfc_nmae,0.9849481200171436,0.0089540738183376684,lower,True,545
LR,AKT2,de_wilcoxon_lfc_nmae,1.0003733579233816,0.0090943032538489225,lower,True,583
LR,TXNDC9,de_wilcoxon_lfc_nmae,0.98024588130378998,0.0089113261936708179,lower,True,600
LR,ZNF593,de_wilcoxon_lfc_nmae,0.97872714492147905,0.0088975194992861727,lower,True,632
LR,MTA1,de_wilcoxon_lfc_nmae,1.0444976407952018,0.0094954330981381983,lower,True,695
LR,CAST,de_wilcoxon_lfc_nmae,1.1120556498800356,0.010109596817091232,lower,True,706
LR,NDUFB6,de_wilcoxon_lfc_nmae,1.1195144103867662,0.010177403730788783,lower,True,738
LR,USP22,de_wilcoxon_lfc_nmae,1.2192225992767551,0.011083841811606866,lower,True,768
LR,NDUFB4,de_wilcoxon_lfc_nmae,1.1844685926504677,0.010767896296822434,lower,True,806
LR,UBE3C,de_wilcoxon_lfc_nmae,0.96860715637549177,0.0088055196034135617,lower,True,834
LR,DLG5,de_wilcoxon_lfc_nmae,0.99602966774486201,0.0090548151613169276,lower,True,924
LR,STAT6,de_wilcoxon_lfc_nmae,0.98832425001863244,0.0089847659092602943,lower,True,1007
LR,XRCC4,de_wilcoxon_lfc_nmae,1.0370689613781607,0.0094278996488923704,lower,True,1146
LR,SLC25A3,de_wilcoxon_lfc_nmae,1.3435456277836948,0.012214051161669954,lower,True,1198
LR,PRR12,de_wilcoxon_lfc_nmae,1.0033446647872444,0.0091213151344294949,lower,True,1244
LR,KDM2B,de_wilcoxon_lfc_nmae,1.0625936337172215,0.0096599421247020138,lower,True,1301
LR,SMAGP,de_wilcoxon_lfc_nmae,1.0003301466596095,0.0090939104241782691,lower,True,1345
LR,BIRC2,de_wilcoxon_lfc_nmae,0.97909333905937257,0.0089008485369033875,lower,True,1502
LR,MED12,de_wilcoxon_lfc_nmae,1.0071461428448567,0.0091558740258623345,lower,True,1664
LR,UQCRQ,de_wilcoxon_lfc_nmae,1.0630616303245628,0.0096641966393142074,lower,True,1676
LR,SSBP1,de_wilcoxon_lfc_nmae,1.0578039170180447,0.0096163992456185874,lower,True,1703
LR,ATM,de_wilcoxon_lfc_nmae,1.0203454599536219,0.0092758678177602,lower,True,1711
LR,WSB2,de_wilcoxon_lfc_nmae,1.0360934046724724,0.0094190309515679305,lower,True,1901
LR,CHMP3,de_wilcoxon_lfc_nmae,0.97889986393356143,0.0088990896721232865,lower,True,1918
LR,MED13,de_wilcoxon_lfc_nmae,1.0043913687297517,0.0091308306248159242,lower,True,2015
LR,GSK3B,de_wilcoxon_lfc_nmae,1.0060114278087342,0.0091455584346248568,lower,True,2126
LR,PHF10,de_wilcoxon_lfc_nmae,0.99460387739359279,0.0090418534308508436,lower,True,2151
LR,OXCT1,de_wilcoxon_lfc_nmae,1.0161498163491796,0.0092377256031743599,lower,True,2363
LR,C1QBP,de_wilcoxon_lfc_nmae,1.0632819480897711,0.0096661995280888282,lower,True,2425
LR,TGFBR2,de_wilcoxon_lfc_nmae,1.0045004913786499,0.0091318226488968177,lower,True,2528
LR,TRAPPC6A,de_wilcoxon_lfc_nmae,1.1640594868511311,0.010582358971373919,lower,True,2545
LR,ARID1A,de_wilcoxon_lfc_nmae,0.98611710041869405,0.0089647009128972187,lower,True,2588
LR,TFAM,de_wilcoxon_lfc_nmae,1.0100530803494721,0.0091823007304497467,lower,True,2602
LR,SAFB,de_wilcoxon_lfc_nmae,0.99743106830085115,0.0090675551663713747,lower,True,2779
LR,METTL17,de_wilcoxon_lfc_nmae,1.0204390987566263,0.0092767190796056945,lower,True,2785
LR,LRPPRC,de_wilcoxon_lfc_nmae,1.0251577176912923,0.0093196156153753842,lower,True,2908
LR,LZTR1,de_wilcoxon_lfc_nmae,1.0357170316807125,0.0094156093789155675,lower,True,2933
LR,EIF4B,de_wilcoxon_lfc_nmae,1.0106410815824272,0.0091876461962038837,lower,True,3245
LR,TMSB10,de_wilcoxon_lfc_nmae,1.0430988307658946,0.0094827166433263145,lower,True,3245
LR,EWSR1,de_wilcoxon_lfc_nmae,0.96933589325790037,0.0088121444841627299,lower,True,3433
LR,ACAT2,de_wilcoxon_lfc_nmae,1.1329600758765275,0.010299637053422976,lower,True,3607
LR,RNF2,de_wilcoxon_lfc_nmae,1.0187030427286783,0.0092609367520788931,lower,True,3769
LR,NIT1,de_wilcoxon_lfc_nmae,0.99374444937454864,0.009034040448859533,lower,True,3994
LR,MED1,de_wilcoxon_lfc_nmae,1.0031219873119164,0.0091192907937446936,lower,True,4046
LR,CASP3,de_wilcoxon_lfc_nmae,0.99719589398122321,0.0090654172180111205,lower,True,4341
LR,INSIG1,de_wilcoxon_lfc_nmae,1.1450405986521335,0.010409459987746669,lower,True,4400
LR,MBTPS1,de_wilcoxon_lfc_nmae,0.96712306596811004,0.0087920278724373645,lower,True,4475
LR,STAG2,de_wilcoxon_lfc_nmae,1.0103698812718418,0.0091851807388349249,lower,True,4563
LR,MED24,de_wilcoxon_lfc_nmae,1.0214654507014682,0.0092860495518315295,lower,True,4915
LR,TADA1,de_wilcoxon_lfc_nmae,1.0022841943604226,0.0091116744941856596,lower,True,5463
LR,SOX2,de_wilcoxon_lfc_nmae,1.0156133637987459,0.0092328487618067809,lower,True,5828
LR,SMARCA5,de_wilcoxon_lfc_nmae,1.0283271291624332,0.0093484284469312114,lower,True,6020
LR,MAU2,de_wilcoxon_lfc_nmae,1.0092915733390193,0.0091753779394456308,lower,True,6092
LR,KAT2A,de_wilcoxon_lfc_nmae,1.0123226655810647,0.0092029333234642241,lower,True,6471
LR,DNMT1,de_wilcoxon_lfc_nmae,1.0041598869510608,0.0091287262450096447,lower,True,6689
LR,SIN3B,de_wilcoxon_lfc_nmae,0.99823589082200281,0.0090748717347454797,lower,True,7038
LR,DHX36,de_wilcoxon_lfc_nmae,1.0155092284809444,0.0092319020770994936,lower,True,7128
LR,SMARCA4,de_wilcoxon_lfc_nmae,1.0013445955508606,0.0091031326868260057,lower,True,7631
LR,METTL14,de_wilcoxon_lfc_nmae,1.0023189603097182,0.0091119905482701657,lower,True,8468
LR,METTL3,de_wilcoxon_lfc_nmae,1.0081477265943717,0.0091649793326761056,lower,True,8511
LR+global,RAB3B,de_wilcoxon_lfc_nmae,,,lower,False,2
LR+global,TMSB4X,de_wilcoxon_lfc_nmae,,,lower,False,3
LR+global,LAD1,de_wilcoxon_lfc_nmae,,,lower,False,3
LR+global,PLCB3,de_wilcoxon_lfc_nmae,,,lower,False,3
LR+global,PMS1,de_wilcoxon_lfc_nmae,,,lower,False,3
LR+global,CAMSAP2,de_wilcoxon_lfc_nmae,,,lower,False,4
LR+global,DZIP3,de_wilcoxon_lfc_nmae,,,lower,False,4
LR+global,NCK2,de_wilcoxon_lfc_nmae,,,lower,False,5
LR+global,ZNF286A,de_wilcoxon_lfc_nmae,,,lower,False,5
LR+global,ATP1B1,de_wilcoxon_lfc_nmae,,,lower,False,6
LR+global,ANTXR1,de_wilcoxon_lfc_nmae,,,lower,False,6
LR+global,PTPN1,de_wilcoxon_lfc_nmae,,,lower,False,7
LR+global,HMGN1,de_wilcoxon_lfc_nmae,,,lower,False,7
LR+global,WFS1,de_wilcoxon_lfc_nmae,,,lower,False,8
LR+global,IDE,de_wilcoxon_lfc_nmae,,,lower,False,10
LR+global,ZNF426,de_wilcoxon_lfc_nmae,,,lower,False,10
LR+global,IGF2R,de_wilcoxon_lfc_nmae,1.0358270292338068,0.0094166093566709699,lower,True,11
LR+global,TSC22D4,de_wilcoxon_lfc_nmae,0.93434082510356442,0.0084940075009414945,lower,True,11
LR+global,EID2,de_wilcoxon_lfc_nmae,0.98368433826856283,0.0089425848933505706,lower,True,12
LR+global,KIF1B,de_wilcoxon_lfc_nmae,0.94622583744736222,0.0086020530677032928,lower,True,13
LR+global,MAPKAPK2,de_wilcoxon_lfc_nmae,1.0058330854320239,0.0091439371402911255,lower,True,13
LR+global,KDR,de_wilcoxon_lfc_nmae,0.98262703956435482,0.0089329730869486795,lower,True,14
LR+global,TWF2,de_wilcoxon_lfc_nmae,1.0478168736229962,0.0095256079420272394,lower,True,14
LR+global,MKI67,de_wilcoxon_lfc_nmae,1.0056215654025089,0.009142014230931899,lower,True,14
LR+global,STAT1,de_wilcoxon_lfc_nmae,0.99305833557041345,0.0090278030506401215,lower,True,15
LR+global,MAP1B,de_wilcoxon_lfc_nmae,1.0302602236853715,0.0093660020335033772,lower,True,15
LR+global,CALM3,de_wilcoxon_lfc_nmae,0.94180414618748765,0.008561855874431706,lower,True,15
LR+global,PRCP,de_wilcoxon_lfc_nmae,0.98657476371728925,0.0089688614883389924,lower,True,16
LR+global,POLB,de_wilcoxon_lfc_nmae,0.99632052294359597,0.0090574592994872357,lower,True,16
LR+global,CREG1,de_wilcoxon_lfc_nmae,1.0328302334452375,0.0093893657585930688,lower,True,17
LR+global,CASP2,de_wilcoxon_lfc_nmae,1.0212217208392018,0.0092838338258109249,lower,True,20
LR+global,NRAS,de_wilcoxon_lfc_nmae,1.0103383193323945,0.009184893812112677,lower,True,21
LR+global,IRF3,de_wilcoxon_lfc_nmae,1.0097397142494395,0.0091794519477221784,lower,True,24
LR+global,MAST2,de_wilcoxon_lfc_nmae,0.85488679551058344,0.0077716981410053043,lower,True,25
LR+global,ZNF714,de_wilcoxon_lfc_nmae,0.99734955551114224,0.0090668141410103834,lower,True,27
LR+global,CLDN6,de_wilcoxon_lfc_nmae,1.0621960547427418,0.0096563277703885612,lower,True,29
LR+global,RRM1,de_wilcoxon_lfc_nmae,1.0828404293754099,0.0098440039034128173,lower,True,34
LR+global,MAP3K7,de_wilcoxon_lfc_nmae,1.1320883061382392,0.010291711873983993,lower,True,43
LR+global,PBX1,de_wilcoxon_lfc_nmae,1.3141260315219798,0.011946600286563453,lower,True,48
LR+global,ZNF562,de_wilcoxon_lfc_nmae,0.99582129470417036,0.0090529208609470037,lower,True,49
LR+global,NISCH,de_wilcoxon_lfc_nmae,0.93466909837428835,0.0084969918034026211,lower,True,56
LR+global,CENPO,de_wilcoxon_lfc_nmae,0.9145036005066266,0.008313669095514788,lower,True,73
LR+global,TMBIM6,de_wilcoxon_lfc_nmae,1.2330472452404984,0.011209520411277258,lower,True,73
LR+global,TRAM2,de_wilcoxon_lfc_nmae,0.76609605218985943,0.0069645095653623583,lower,True,85
LR+global,SV2A,de_wilcoxon_lfc_nmae,0.99894966267577101,0.0090813605697797357,lower,True,104
LR+global,SRC,de_wilcoxon_lfc_nmae,0.97971344778038916,0.008906485888912628,lower,True,127
LR+global,TCF3,de_wilcoxon_lfc_nmae,1.0318845112874533,0.0093807682844313928,lower,True,127
LR+global,CLDN7,de_wilcoxon_lfc_nmae,1.1536454944579253,0.010487686313253867,lower,True,160
LR+global,CDCA2,de_wilcoxon_lfc_nmae,1.0709703438012628,0.0097360940345569344,lower,True,205
LR+global,TARBP2,de_wilcoxon_lfc_nmae,0.93889027633511224,0.0085353661485010196,lower,True,211
LR+global,IKBKG,de_wilcoxon_lfc_nmae,1.0739439594255296,0.009763126903868451,lower,True,238
LR+global,KLF10,de_wilcoxon_lfc_nmae,0.98747211793953138,0.0089770192539957404,lower,True,247
LR+global,SIX4,de_wilcoxon_lfc_nmae,1.0700983688235104,0.0097281669893046398,lower,True,282
LR+global,STX4,de_wilcoxon_lfc_nmae,1.0058882661356776,0.0091444387830516144,lower,True,287
LR+global,TAZ,de_wilcoxon_lfc_nmae,0.97159321988039515,0.0088326656352763194,lower,True,297
LR+global,DHCR24,de_wilcoxon_lfc_nmae,1.8698935418283984,0.016999032198439984,lower,True,307
LR+global,HIRA,de_wilcoxon_lfc_nmae,0.96951928773962559,0.0088138117067238682,lower,True,364
LR+global,ACVR1B,de_wilcoxon_lfc_nmae,1.2928959708364767,0.01175359973487706,lower,True,374
LR+global,FOXH1,de_wilcoxon_lfc_nmae,1.089141306324894,0.0099012846029535827,lower,True,397
LR+global,HMGB2,de_wilcoxon_lfc_nmae,1.0408796716713944,0.0094625424697399492,lower,True,399
LR+global,PAGR1,de_wilcoxon_lfc_nmae,1.0534181509342919,0.0095765286448571997,lower,True,467
LR+global,MED13L,de_wilcoxon_lfc_nmae,0.93496168321371442,0.0084996516655792224,lower,True,521
LR+global,TET1,de_wilcoxon_lfc_nmae,0.99487523628510721,0.0090443203298646111,lower,True,522
LR+global,PHF14,de_wilcoxon_lfc_nmae,0.8911116942556796,0.0081010154023243592,lower,True,522
LR+global,DAXX,de_wilcoxon_lfc_nmae,1.0040311196209313,0.0091275556329175576,lower,True,541
LR+global,RAF1,de_wilcoxon_lfc_nmae,1.0051842167455081,0.0091380383340500734,lower,True,542
LR+global,HAT1,de_wilcoxon_lfc_nmae,0.96972697686367537,0.0088156997896697755,lower,True,545
LR+global,AKT2,de_wilcoxon_lfc_nmae,0.99684568343226199,0.0090622334857478355,lower,True,583
LR+global,TXNDC9,de_wilcoxon_lfc_nmae,0.92016794430955284,0.0083651631300868442,lower,True,600
LR+global,ZNF593,de_wilcoxon_lfc_nmae,0.929545272782064,0.0084504115707460369,lower,True,632
LR+global,MTA1,de_wilcoxon_lfc_nmae,1.0222557021347325,0.0092932336557702954,lower,True,695
LR+global,CAST,de_wilcoxon_lfc_nmae,1.0668936430738187,0.0096990331188528973,lower,True,706
LR+global,NDUFB6,de_wilcoxon_lfc_nmae,1.0588170705273015,0.0096256097320663765,lower,True,738
LR+global,USP22,de_wilcoxon_lfc_nmae,1.2088974284003291,0.010989976621821173,lower,True,768
LR+global,NDUFB4,de_wilcoxon_lfc_nmae,1.1233119859331628,0.010211927144846936,lower,True,806
LR+global,UBE3C,de_wilcoxon_lfc_nmae,0.92565507346049458,0.0084150461223681319,lower,True,834
LR+global,DLG5,de_wilcoxon_lfc_nmae,0.98151916227928759,0.0089229014752662504,lower,True,924
LR+global,STAT6,de_wilcoxon_lfc_nmae,0.96436987919207284,0.0087669989017461168,lower,True,1007
LR+global,XRCC4,de_wilcoxon_lfc_nmae,1.0063191845872947,0.0091483562235208614,lower,True,1146
LR+global,SLC25A3,de_wilcoxon_lfc_nmae,1.2927704316544435,0.01175245846958585,lower,True,1198
LR+global,PRR12,de_wilcoxon_lfc_nmae,0.97731993682918161,0.0088847266984471047,lower,True,1244
LR+global,KDM2B,de_wilcoxon_lfc_nmae,1.0246293659464423,0.0093148124176949294,lower,True,1301
LR+global,SMAGP,de_wilcoxon_lfc_nmae,0.97058604805536575,0.0088235095277760522,lower,True,1345
LR+global,BIRC2,de_wilcoxon_lfc_nmae,0.95303520938884645,0.0086639564489895127,lower,True,1502
LR+global,MED12,de_wilcoxon_lfc_nmae,0.98251418947708158,0.0089319471770643779,lower,True,1664
LR+global,UQCRQ,de_wilcoxon_lfc_nmae,1.0273254893780359,0.0093393226307094176,lower,True,1676
LR+global,SSBP1,de_wilcoxon_lfc_nmae,1.0216673221219343,0.0092878847465630403,lower,True,1703
LR+global,ATM,de_wilcoxon_lfc_nmae,1.0171478387322448,0.0092467985339294984,lower,True,1711
LR+global,WSB2,de_wilcoxon_lfc_nmae,1.0298010613071382,0.0093618278300648932,lower,True,1901
LR+global,CHMP3,de_wilcoxon_lfc_nmae,0.96746586230850384,0.00879514420280458,lower,True,1918
LR+global,MED13,de_wilcoxon_lfc_nmae,0.98150664393108356,0.0089227876721007602,lower,True,2015
LR+global,GSK3B,de_wilcoxon_lfc_nmae,0.98965000960875915,0.0089968182691705385,lower,True,2126
LR+global,PHF10,de_wilcoxon_lfc_nmae,0.97763213267571525,0.0088875648425065026,lower,True,2151
LR+global,OXCT1,de_wilcoxon_lfc_nmae,1.0051154707960419,0.0091374133708731087,lower,True,2363
LR+global,C1QBP,de_wilcoxon_lfc_nmae,1.0300300426257791,0.0093639094784161731,lower,True,2425
LR+global,TGFBR2,de_wilcoxon_lfc_nmae,0.99657192298347375,0.0090597447543952162,lower,True,2528
LR+global,TRAPPC6A,de_wilcoxon_lfc_nmae,1.1288538638876335,0.010262307853523941,lower,True,2545
LR+global,ARID1A,de_wilcoxon_lfc_nmae,0.98961078076483344,0.008996461643316668,lower,True,2588
LR+global,TFAM,de_wilcoxon_lfc_nmae,0.98906462291073705,0.0089914965719157906,lower,True,2602
LR+global,SAFB,de_wilcoxon_lfc_nmae,0.98149771524280283,0.0089227065022072991,lower,True,2779
LR+global,METTL17,de_wilcoxon_lfc_nmae,0.98393795056271016,0.0089448904596610007,lower,True,2785
LR+global,LRPPRC,de_wilcoxon_lfc_nmae,0.98992462480511101,0.0089993147709555542,lower,True,2908
LR+global,LZTR1,de_wilcoxon_lfc_nmae,1.00257579601047,0.0091143254182769994,lower,True,2933
LR+global,EIF4B,de_wilcoxon_lfc_nmae,1.0189310322536596,0.0092630093841241778,lower,True,3245
LR+global,TMSB10,de_wilcoxon_lfc_nmae,1.0314745406722321,0.009377041278838474,lower,True,3245
LR+global,EWSR1,de_wilcoxon_lfc_nmae,0.95824239144444123,0.008711294467676739,lower,True,3433
LR+global,ACAT2,de_wilcoxon_lfc_nmae,1.124930198159088,0.010226638165082619,lower,True,3607
LR+global,RNF2,de_wilcoxon_lfc_nmae,1.0009549926328385,0.0090995908421167143,lower,True,3769
LR+global,NIT1,de_wilcoxon_lfc_nmae,0.98476233075598962,0.0089523848250544508,lower,True,3994
LR+global,MED1,de_wilcoxon_lfc_nmae,0.98882177480664835,0.0089892888618786221,lower,True,4046
LR+global,CASP3,de_wilcoxon_lfc_nmae,0.96592102270490821,0.0087811002064082568,lower,True,4341
LR+global,INSIG1,de_wilcoxon_lfc_nmae,1.1276112245786147,0.010251011132532861,lower,True,4400
LR+global,MBTPS1,de_wilcoxon_lfc_nmae,0.9500619940153886,0.008636927218321714,lower,True,4475
LR+global,STAG2,de_wilcoxon_lfc_nmae,0.9940635785081372,0.0090369416228012478,lower,True,4563
LR+global,MED24,de_wilcoxon_lfc_nmae,1.0108247950969953,0.0091893163190635944,lower,True,4915
LR+global,TADA1,de_wilcoxon_lfc_nmae,0.99045716549733798,0.0090041560499758005,lower,True,5463
LR+global,SOX2,de_wilcoxon_lfc_nmae,1.0099823551745175,0.0091816577743137947,lower,True,5828
LR+global,SMARCA5,de_wilcoxon_lfc_nmae,1.0215442894956408,0.0092867662681421891,lower,True,6020
LR+global,MAU2,de_wilcoxon_lfc_nmae,0.99103873720442437,0.0090094430654947665,lower,True,6092
LR+global,KAT2A,de_wilcoxon_lfc_nmae,0.99488003416995197,0.0090443639469995635,lower,True,6471
LR+global,DNMT1,de_wilcoxon_lfc_nmae,1.0012575950346163,0.0091023417730419671,lower,True,6689
LR+global,SIN3B,de_wilcoxon_lfc_nmae,0.99121045642922678,0.0090110041493566065,lower,True,7038
LR+global,DHX36,de_wilcoxon_lfc_nmae,1.0126117711500155,0.0092055615559092328,lower,True,7128
LR+global,SMARCA4,de_wilcoxon_lfc_nmae,0.99563591558222042,0.0090512355962020039,lower,True,7631
LR+global,METTL14,de_wilcoxon_lfc_nmae,1.0011375754361627,0.0091012506857832964,lower,True,8468
LR+global,METTL3,de_wilcoxon_lfc_nmae,1.007699786828774,0.0091609071529888553,lower,True,8511
null,RAB3B,de_wilcoxon_direction_fidelity_yield_raw,0,0,higher,True,2
null,TMSB4X,de_wilcoxon_direction_fidelity_yield_raw,0,0,higher,True,3
null,LAD1,de_wilcoxon_direction_fidelity_yield_raw,0,0,higher,True,3
null,PLCB3,de_wilcoxon_direction_fidelity_yield_raw,0,0,higher,True,3
null,PMS1,de_wilcoxon_direction_fidelity_yield_raw,0,0,higher,True,3
null,CAMSAP2,de_wilcoxon_direction_fidelity_yield_raw,0,0,higher,True,4
null,DZIP3,de_wilcoxon_direction_fidelity_yield_raw,0,0,higher,True,4
null,NCK2,de_wilcoxon_direction_fidelity_yield_raw,0,0,higher,True,5
null,ZNF286A,de_wilcoxon_direction_fidelity_yield_raw,0,0,higher,True,5
null,ATP1B1,de_wilcoxon_direction_fidelity_yield_raw,0,0,higher,True,6
null,ANTXR1,de_wilcoxon_direction_fidelity_yield_raw,0,0,higher,True,6
null,PTPN1,de_wilcoxon_direction_fidelity_yield_raw,0,0,higher,True,7
null,HMGN1,de_wilcoxon_direction_fidelity_yield_raw,0,0,higher,True,7
null,WFS1,de_wilcoxon_direction_fidelity_yield_raw,0,0,higher,True,8
null,IDE,de_wilcoxon_direction_fidelity_yield_raw,0,0,higher,True,10
null,ZNF426,de_wilcoxon_direction_fidelity_yield_raw,0,0,higher,True,10
null,IGF2R,de_wilcoxon_direction_fidelity_yield_raw,0,0,higher,True,11
null,TSC22D4,de_wilcoxon_direction_fidelity_yield_raw,0,0,higher,True,11
null,EID2,de_wilcoxon_direction_fidelity_yield_raw,0,0,higher,True,12
null,KIF1B,de_wilcoxon_direction_fidelity_yield_raw,0,0,higher,True,13
null,MAPKAPK2,de_wilcoxon_direction_fidelity_yield_raw,0,0,higher,True,13
null,KDR,de_wilcoxon_direction_fidelity_yield_raw,0,0,higher,True,14
null,TWF2,de_wilcoxon_direction_fidelity_yield_raw,0,0,higher,True,14
null,MKI67,de_wilcoxon_direction_fidelity_yield_raw,0,0,higher,True,14
null,STAT1,de_wilcoxon_direction_fidelity_yield_raw,0,0,higher,True,15
null,MAP1B,de_wilcoxon_direction_fidelity_yield_raw,0,0,higher,True,15
null,CALM3,de_wilcoxon_direction_fidelity_yield_raw,0,0,higher,True,15
null,PRCP,de_wilcoxon_direction_fidelity_yield_raw,0,0,higher,True,16
null,POLB,de_wilcoxon_direction_fidelity_yield_raw,0,0,higher,True,16
null,CREG1,de_wilcoxon_direction_fidelity_yield_raw,0,0,higher,True,17
null,CASP2,de_wilcoxon_direction_fidelity_yield_raw,0,0,higher,True,20
null,NRAS,de_wilcoxon_direction_fidelity_yield_raw,0,0,higher,True,21
null,IRF3,de_wilcoxon_direction_fidelity_yield_raw,0,0,higher,True,24
null,MAST2,de_wilcoxon_direction_fidelity_yield_raw,0,0,higher,True,25
null,ZNF714,de_wilcoxon_direction_fidelity_yield_raw,0,0,higher,True,27
null,CLDN6,de_wilcoxon_direction_fidelity_yield_raw,0,0,higher,True,29
null,RRM1,de_wilcoxon_direction_fidelity_yield_raw,0,0,higher,True,34
null,MAP3K7,de_wilcoxon_direction_fidelity_yield_raw,0,0,higher,True,43
null,PBX1,de_wilcoxon_direction_fidelity_yield_raw,0,0,higher,True,48
null,ZNF562,de_wilcoxon_direction_fidelity_yield_raw,0,0,higher,True,49
null,NISCH,de_wilcoxon_direction_fidelity_yield_raw,0,0,higher,True,56
null,CENPO,de_wilcoxon_direction_fidelity_yield_raw,0,0,higher,True,73
null,TMBIM6,de_wilcoxon_direction_fidelity_yield_raw,0,0,higher,True,73
null,TRAM2,de_wilcoxon_direction_fidelity_yield_raw,0,0,higher,True,85
null,SV2A,de_wilcoxon_direction_fidelity_yield_raw,0,0,higher,True,104
null,SRC,de_wilcoxon_direction_fidelity_yield_raw,0,0,higher,True,127
null,TCF3,de_wilcoxon_direction_fidelity_yield_raw,0,0,higher,True,127
null,CLDN7,de_wilcoxon_direction_fidelity_yield_raw,0,0,higher,True,160
null,CDCA2,de_wilcoxon_direction_fidelity_yield_raw,0,0,higher,True,205
null,TARBP2,de_wilcoxon_direction_fidelity_yield_raw,0,0,higher,True,211
null,IKBKG,de_wilcoxon_direction_fidelity_yield_raw,0.0042194092827003999,3.3487375259526984e-05,higher,True,238
null,KLF10,de_wilcoxon_direction_fidelity_yield_raw,0,0,higher,True,247
null,SIX4,de_wilcoxon_direction_fidelity_yield_raw,0,0,higher,True,282
null,STX4,de_wilcoxon_direction_fidelity_yield_raw,0,0,higher,True,287
null,TAZ,de_wilcoxon_direction_fidelity_yield_raw,0,0,higher,True,297
null,DHCR24,de_wilcoxon_direction_fidelity_yield_raw,0,0,higher,True,307
null,HIRA,de_wilcoxon_direction_fidelity_yield_raw,0,0,higher,True,364
null,ACVR1B,de_wilcoxon_direction_fidelity_yield_raw,0,0,higher,True,374
null,FOXH1,de_wilcoxon_direction_fidelity_yield_raw,0,0,higher,True,397
null,HMGB2,de_wilcoxon_direction_fidelity_yield_raw,0,0,higher,True,399
null,PAGR1,de_wilcoxon_direction_fidelity_yield_raw,0,0,higher,True,467
null,MED13L,de_wilcoxon_direction_fidelity_yield_raw,0,0,higher,True,521
null,TET1,de_wilcoxon_direction_fidelity_yield_raw,0,0,higher,True,522
null,PHF14,de_wilcoxon_direction_fidelity_yield_raw,0,0,higher,True,522
null,DAXX,de_wilcoxon_direction_fidelity_yield_raw,0,0,higher,True,541
null,RAF1,de_wilcoxon_direction_fidelity_yield_raw,0,0,higher,True,542
null,HAT1,de_wilcoxon_direction_fidelity_yield_raw,0,0,higher,True,545
null,AKT2,de_wilcoxon_direction_fidelity_yield_raw,0,0,higher,True,583
null,TXNDC9,de_wilcoxon_direction_fidelity_yield_raw,0,0,higher,True,600
null,ZNF593,de_wilcoxon_direction_fidelity_yield_raw,0,0,higher,True,632
null,MTA1,de_wilcoxon_direction_fidelity_yield_raw,0,0,higher,True,695
null,CAST,de_wilcoxon_direction_fidelity_yield_raw,0,0,higher,True,706
null,NDUFB6,de_wilcoxon_direction_fidelity_yield_raw,0,0,higher,True,738
null,USP22,de_wilcoxon_direction_fidelity_yield_raw,0,0,higher,True,768
null,NDUFB4,de_wilcoxon_direction_fidelity_yield_raw,0,0,higher,True,806
null,UBE3C,de_wilcoxon_direction_fidelity_yield_raw,0,0,higher,True,834
null,DLG5,de_wilcoxon_direction_fidelity_yield_raw,0,0,higher,True,924
null,STAT6,de_wilcoxon_direction_fidelity_yield_raw,0,0,higher,True,1007
null,XRCC4,de_wilcoxon_direction_fidelity_yield_raw,0,0,higher,True,1146
null,SLC25A3,de_wilcoxon_direction_fidelity_yield_raw,0,0,higher,True,1198
null,PRR12,de_wilcoxon_direction_fidelity_yield_raw,0,0,higher,True,1244
null,KDM2B,de_wilcoxon_direction_fidelity_yield_raw,0,0,higher,True,1301
null,SMAGP,de_wilcoxon_direction_fidelity_yield_raw,0,0,higher,True,1345
null,BIRC2,de_wilcoxon_direction_fidelity_yield_raw,0,0,higher,True,1502
null,MED12,de_wilcoxon_direction_fidelity_yield_raw,0,0,higher,True,1664
null,UQCRQ,de_wilcoxon_direction_fidelity_yield_raw,0,0,higher,True,1676
null,SSBP1,de_wilcoxon_direction_fidelity_yield_raw,0,0,higher,True,1703
null,ATM,de_wilcoxon_direction_fidelity_yield_raw,0,0,higher,True,1711
null,WSB2,de_wilcoxon_direction_fidelity_yield_raw,0,0,higher,True,1901
null,CHMP3,de_wilcoxon_direction_fidelity_yield_raw,0,0,higher,True,1918
null,MED13,de_wilcoxon_direction_fidelity_yield_raw,0,0,higher,True,2015
null,GSK3B,de_wilcoxon_direction_fidelity_yield_raw,0,0,higher,True,2126
null,PHF10,de_wilcoxon_direction_fidelity_yield_raw,0,0,higher,True,2151
null,OXCT1,de_wilcoxon_direction_fidelity_yield_raw,0,0,higher,True,2363
null,C1QBP,de_wilcoxon_direction_fidelity_yield_raw,0,0,higher,True,2425
null,TGFBR2,de_wilcoxon_direction_fidelity_yield_raw,0,0,higher,True,2528
null,TRAPPC6A,de_wilcoxon_direction_fidelity_yield_raw,0,0,higher,True,2545
null,ARID1A,de_wilcoxon_direction_fidelity_yield_raw,0,0,higher,True,2588
null,TFAM,de_wilcoxon_direction_fidelity_yield_raw,0,0,higher,True,2602
null,SAFB,de_wilcoxon_direction_fidelity_yield_raw,0,0,higher,True,2779
null,METTL17,de_wilcoxon_direction_fidelity_yield_raw,0,0,higher,True,2785
null,LRPPRC,de_wilcoxon_direction_fidelity_yield_raw,0,0,higher,True,2908
null,LZTR1,de_wilcoxon_direction_fidelity_yield_raw,0,0,higher,True,2933
null,EIF4B,de_wilcoxon_direction_fidelity_yield_raw,0,0,higher,True,3245
null,TMSB10,de_wilcoxon_direction_fidelity_yield_raw,0,0,higher,True,3245
null,EWSR1,de_wilcoxon_direction_fidelity_yield_raw,0,0,higher,True,3433
null,ACAT2,de_wilcoxon_direction_fidelity_yield_raw,0,0,higher,True,3607
null,RNF2,de_wilcoxon_direction_fidelity_yield_raw,0.0002653927813163,2.1062919152087302e-06,higher,True,3769
null,NIT1,de_wilcoxon_direction_fidelity_yield_raw,0,0,higher,True,3994
null,MED1,de_wilcoxon_direction_fidelity_yield_raw,0,0,higher,True,4046
null,CASP3,de_wilcoxon_direction_fidelity_yield_raw,0,0,higher,True,4341
null,INSIG1,de_wilcoxon_direction_fidelity_yield_raw,0,0,higher,True,4400
null,MBTPS1,de_wilcoxon_direction_fidelity_yield_raw,0,0,higher,True,4475
null,STAG2,de_wilcoxon_direction_fidelity_yield_raw,0,0,higher,True,4563
null,MED24,de_wilcoxon_direction_fidelity_yield_raw,0,0,higher,True,4915
null,TADA1,de_wilcoxon_direction_fidelity_yield_raw,0,0,higher,True,5463
null,SOX2,de_wilcoxon_direction_fidelity_yield_raw,0,0,higher,True,5828
null,SMARCA5,de_wilcoxon_direction_fidelity_yield_raw,0,0,higher,True,6020
null,MAU2,de_wilcoxon_direction_fidelity_yield_raw,0,0,higher,True,6092
null,KAT2A,de_wilcoxon_direction_fidelity_yield_raw,0,0,higher,True,6471
null,DNMT1,de_wilcoxon_direction_fidelity_yield_raw,0,0,higher,True,6689
null,SIN3B,de_wilcoxon_direction_fidelity_yield_raw,0.00014210601108419999,1.1278254847952381e-06,higher,True,7038
null,DHX36,de_wilcoxon_direction_fidelity_yield_raw,0,0,higher,True,7128
null,SMARCA4,de_wilcoxon_direction_fidelity_yield_raw,0,0,higher,True,7631
null,METTL14,de_wilcoxon_direction_fidelity_yield_raw,0,0,higher,True,8468
null,METTL3,de_wilcoxon_direction_fidelity_yield_raw,0,0,higher,True,8511
global,RAB3B,de_wilcoxon_direction_fidelity_yield_raw,0.8571428571428571,0.0068027210884353739,higher,True,2
global,TMSB4X,de_wilcoxon_direction_fidelity_yield_raw,0.59999999999999987,0.0047619047619047606,higher,True,3
global,LAD1,de_wilcoxon_direction_fidelity_yield_raw,0,0,higher,True,3
global,PLCB3,de_wilcoxon_direction_fidelity_yield_raw,0.5714285714285714,0.0045351473922902496,higher,True,3
global,PMS1,de_wilcoxon_direction_fidelity_yield_raw,0.14285714285714279,0.001133786848072562,higher,True,3
global,CAMSAP2,de_wilcoxon_direction_fidelity_yield_raw,0,0,higher,True,4
global,DZIP3,de_wilcoxon_direction_fidelity_yield_raw,0.5,0.003968253968253968,higher,True,4
global,NCK2,de_wilcoxon_direction_fidelity_yield_raw,0.375,0.002976190476190476,higher,True,5
global,ZNF286A,de_wilcoxon_direction_fidelity_yield_raw,0.69999999999999984,0.005555555555555554,higher,True,5
global,ATP1B1,de_wilcoxon_direction_fidelity_yield_raw,0.5,0.003968253968253968,higher,True,6
global,ANTXR1,de_wilcoxon_direction_fidelity_yield_raw,0.40000000000000002,0.0031746031746031746,higher,True,6
global,PTPN1,de_wilcoxon_direction_fidelity_yield_raw,0.1666666666666666,0.0013227513227513222,higher,True,7
global,HMGN1,de_wilcoxon_direction_fidelity_yield_raw,0.1666666666666666,0.0013227513227513222,higher,True,7
global,WFS1,de_wilcoxon_direction_fidelity_yield_raw,0.46153846153846151,0.0036630036630036626,higher,True,8
global,IDE,de_wilcoxon_direction_fidelity_yield_raw,0.33333333333333331,0.0026455026455026454,higher,True,10
global,ZNF426,de_wilcoxon_direction_fidelity_yield_raw,0.26666666666666661,0.0021164021164021161,higher,True,10
global,IGF2R,de_wilcoxon_direction_fidelity_yield_raw,0.72727272727272718,0.0057720057720057711,higher,True,11
global,TSC22D4,de_wilcoxon_direction_fidelity_yield_raw,0.59999999999999987,0.0047619047619047606,higher,True,11
global,EID2,de_wilcoxon_direction_fidelity_yield_raw,0.1818181818181818,0.0014430014430014428,higher,True,12
global,KIF1B,de_wilcoxon_direction_fidelity_yield_raw,0,0,higher,True,13
global,MAPKAPK2,de_wilcoxon_direction_fidelity_yield_raw,0.58333333333333326,0.0046296296296296294,higher,True,13
global,KDR,de_wilcoxon_direction_fidelity_yield_raw,0.2307692307692307,0.0018315018315018308,higher,True,14
global,TWF2,de_wilcoxon_direction_fidelity_yield_raw,0.1538461538461538,0.0012210012210012206,higher,True,14
global,MKI67,de_wilcoxon_direction_fidelity_yield_raw,0.30769230769230771,0.002442002442002442,higher,True,14
global,STAT1,de_wilcoxon_direction_fidelity_yield_raw,0,0,higher,True,15
global,MAP1B,de_wilcoxon_direction_fidelity_yield_raw,0.42857142857142849,0.0034013605442176865,higher,True,15
global,CALM3,de_wilcoxon_direction_fidelity_yield_raw,0.14285714285714279,0.001133786848072562,higher,True,15
global,PRCP,de_wilcoxon_direction_fidelity_yield_raw,0.066666666666666596,0.00052910052910052859,higher,True,16
global,POLB,de_wilcoxon_direction_fidelity_yield_raw,0.26666666666666661,0.0021164021164021161,higher,True,16
global,CREG1,de_wilcoxon_direction_fidelity_yield_raw,0.125,0.00099206349206349201,higher,True,17
global,CASP2,de_wilcoxon_direction_fidelity_yield_raw,0.52631578947368407,0.0041771094402673339,higher,True,20
global,NRAS,de_wilcoxon_direction_fidelity_yield_raw,0.29999999999999988,0.0023809523809523799,higher,True,21
global,IRF3,de_wilcoxon_direction_fidelity_yield_raw,0.086956521739130405,0.00069013112491373341,higher,True,24
global,MAST2,de_wilcoxon_direction_fidelity_yield_raw,0.083333333333333301,0.00066137566137566112,higher,True,25
global,ZNF714,de_wilcoxon_direction_fidelity_yield_raw,0.26923076923076922,0.0021367521367521365,higher,True,27
global,CLDN6,de_wilcoxon_direction_fidelity_yield_raw,0.1071428571428571,0.00085034013605442141,higher,True,29
global,RRM1,de_wilcoxon_direction_fidelity_yield_raw,0.060606060606060601,0.00048100048100048096,higher,True,34
global,MAP3K7,de_wilcoxon_direction_fidelity_yield_raw,0.21428571428571419,0.0017006802721088428,higher,True,43
global,PBX1,de_wilcoxon_direction_fidelity_yield_raw,0,0,higher,True,48
global,ZNF562,de_wilcoxon_direction_fidelity_yield_raw,0.041666666666666602,0.00033068783068783018,higher,True,49
global,NISCH,de_wilcoxon_direction_fidelity_yield_raw,0.072727272727272696,0.00057720057720057698,higher,True,56
global,CENPO,de_wilcoxon_direction_fidelity_yield_raw,0.055555555555555497,0.00044091710758377379,higher,True,73
global,TMBIM6,de_wilcoxon_direction_fidelity_yield_raw,0.0277777777777777,0.00022045855379188652,higher,True,73
global,TRAM2,de_wilcoxon_direction_fidelity_yield_raw,0.011904761904761901,9.4482237339380158e-05,higher,True,85
global,SV2A,de_wilcoxon_direction_fidelity_yield_raw,0.0097087378640775997,7.7053475111726988e-05,higher,True,104
global,SRC,de_wilcoxon_direction_fidelity_yield_raw,0.015873015873015799,0.00012597631645250634,higher,True,127
global,TCF3,de_wilcoxon_direction_fidelity_yield_raw,0,0,higher,True,127
global,CLDN7,de_wilcoxon_direction_fidelity_yield_raw,0.0062893081761005998,4.9915144254766666e-05,higher,True,160
global,CDCA2,de_wilcoxon_direction_fidelity_yield_raw,0.0098039215686274005,7.78089013383127e-05,higher,True,205
global,TARBP2,de_wilcoxon_direction_fidelity_yield_raw,0,0,higher,True,211
global,IKBKG,de_wilcoxon_direction_fidelity_yield_raw,0.0168776371308016,0.00013394950103810794,higher,True,238
global,KLF10,de_wilcoxon_direction_fidelity_yield_raw,0.016260162601626001,0.0001290489095367143,higher,True,247
global,SIX4,de_wilcoxon_direction_fidelity_yield_raw,0.0071174377224198998,5.6487600971586504e-05,higher,True,282
global,STX4,de_wilcoxon_direction_fidelity_yield_raw,0.017482517482517401,0.0001387501387501381,higher,True,287
global,TAZ,de_wilcoxon_direction_fidelity_yield_raw,0.0033783783783783001,2.6812526812526189e-05,higher,True,297
global,DHCR24,de_wilcoxon_direction_fidelity_yield_raw,0.039215686274509803,0.00031123560535325243,higher,True,307
global,HIRA,de_wilcoxon_direction_fidelity_yield_raw,0.0082644628099173001,6.559097468188334e-05,higher,True,364
global,ACVR1B,de_wilcoxon_direction_fidelity_yield_raw,0.0026809651474529999,2.1277501170261903e-05,higher,True,374
global,FOXH1,de_wilcoxon_direction_fidelity_yield_raw,0.0050505050505049998,4.0083373416706345e-05,higher,True,397
global,HMGB2,de_wilcoxon_direction_fidelity_yield_raw,0.0075376884422110003,5.9822924144531751e-05,higher,True,399
global,PAGR1,de_wilcoxon_direction_fidelity_yield_raw,0,0,higher,True,467
global,MED13L,de_wilcoxon_direction_fidelity_yield_raw,0.0076923076923075999,6.1050061050060318e-05,higher,True,521
global,TET1,de_wilcoxon_direction_fidelity_yield_raw,0.0038387715930902002,3.0466441215001589e-05,higher,True,522
global,PHF14,de_wilcoxon_direction_fidelity_yield_raw,0.0038387715930902002,3.0466441215001589e-05,higher,True,522
global,DAXX,de_wilcoxon_direction_fidelity_yield_raw,0,0,higher,True,541
global,RAF1,de_wilcoxon_direction_fidelity_yield_raw,0.016635859519408502,0.00013203063110641669,higher,True,542
global,HAT1,de_wilcoxon_direction_fidelity_yield_raw,0.0073529411764704997,5.8356676003734125e-05,higher,True,545
global,AKT2,de_wilcoxon_direction_fidelity_yield_raw,0.0034364261168383999,2.7273223149511112e-05,higher,True,583
global,TXNDC9,de_wilcoxon_direction_fidelity_yield_raw,0.013355592654424001,0.00010599676709860318,higher,True,600
global,ZNF593,de_wilcoxon_direction_fidelity_yield_raw,0.0047543581616480996,3.7733001282921427e-05,higher,True,632
global,MTA1,de_wilcoxon_direction_fidelity_yield_raw,0.0072046109510086002,5.7179451992131747e-05,higher,True,695
global,CAST,de_wilcoxon_direction_fidelity_yield_raw,0.0070921985815602002,5.6287290329842861e-05,higher,True,706
global,NDUFB6,de_wilcoxon_direction_fidelity_yield_raw,0.010854816824966,8.6149339880682536e-05,higher,True,738
global,USP22,de_wilcoxon_direction_fidelity_yield_raw,0.0039113428943936997,3.1042403923759524e-05,higher,True,768
global,NDUFB4,de_wilcoxon_direction_fidelity_yield_raw,0.0024844720496893999,1.9718032140392063e-05,higher,True,806
global,UBE3C,de_wilcoxon_direction_fidelity_yield_raw,0.0072028811524609002,5.716572343222937e-05,higher,True,834
global,DLG5,de_wilcoxon_direction_fidelity_yield_raw,0.0010834236186348001,8.5986001478952384e-06,higher,True,924
global,STAT6,de_wilcoxon_direction_fidelity_yield_raw,0.0019880715705764998,1.5778345798226188e-05,higher,True,1007
global,XRCC4,de_wilcoxon_direction_fidelity_yield_raw,0.0104803493449781,8.3177375753794446e-05,higher,True,1146
global,SLC25A3,de_wilcoxon_direction_fidelity_yield_raw,0.00083542188805339995,6.6303324448682539e-06,higher,True,1198
global,PRR12,de_wilcoxon_direction_fidelity_yield_raw,0.0016090104585678999,1.2769924274348412e-05,higher,True,1244
global,KDM2B,de_wilcoxon_direction_fidelity_yield_raw,0.0023076923076923001,1.8315018315018254e-05,higher,True,1301
global,SMAGP,de_wilcoxon_direction_fidelity_yield_raw,0.0044642857142857002,3.5430839002267459e-05,higher,True,1345
global,BIRC2,de_wilcoxon_direction_fidelity_yield_raw,0.0019986675549633001,1.5862440912407145e-05,higher,True,1502
global,MED12,de_wilcoxon_direction_fidelity_yield_raw,0.0036079374624173001,2.8634424304899207e-05,higher,True,1664
global,UQCRQ,de_wilcoxon_direction_fidelity_yield_raw,0.0011940298507461999,9.4764273868746026e-06,higher,True,1676
global,SSBP1,de_wilcoxon_direction_fidelity_yield_raw,0.0023487962419259998,1.8641240015285712e-05,higher,True,1703
global,ATM,de_wilcoxon_direction_fidelity_yield_raw,0.0011695906432748,9.2824654228158729e-06,higher,True,1711
global,WSB2,de_wilcoxon_direction_fidelity_yield_raw,0,0,higher,True,1901
global,CHMP3,de_wilcoxon_direction_fidelity_yield_raw,0.001564945226917,1.2420200213626985e-05,higher,True,1918
global,MED13,de_wilcoxon_direction_fidelity_yield_raw,0.0019860973187686001,1.5762677133084127e-05,higher,True,2015
global,GSK3B,de_wilcoxon_direction_fidelity_yield_raw,0.0018823529411764,1.4939309056955555e-05,higher,True,2126
global,PHF10,de_wilcoxon_direction_fidelity_yield_raw,0,0,higher,True,2151
global,OXCT1,de_wilcoxon_direction_fidelity_yield_raw,0.0012701100762065999,1.008023870005238e-05,higher,True,2363
global,C1QBP,de_wilcoxon_direction_fidelity_yield_raw,0,0,higher,True,2425
global,TGFBR2,de_wilcoxon_direction_fidelity_yield_raw,0,0,higher,True,2528
global,TRAPPC6A,de_wilcoxon_direction_fidelity_yield_raw,0.0015723270440251001,1.247878606369127e-05,higher,True,2545
global,ARID1A,de_wilcoxon_direction_fidelity_yield_raw,0.0011596443757247001,9.2035267914658736e-06,higher,True,2588
global,TFAM,de_wilcoxon_direction_fidelity_yield_raw,0.00076893502499029997,6.1026589284944446e-06,higher,True,2602
global,SAFB,de_wilcoxon_direction_fidelity_yield_raw,0,0,higher,True,2779
global,METTL17,de_wilcoxon_direction_fidelity_yield_raw,0.0025143678160919002,1.9955300127713495e-05,higher,True,2785
global,LRPPRC,de_wilcoxon_direction_fidelity_yield_raw,0.00034399724802199998,2.7301368890634921e-06,higher,True,2908
global,LZTR1,de_wilcoxon_direction_fidelity_yield_raw,0,0,higher,True,2933
global,EIF4B,de_wilcoxon_direction_fidelity_yield_raw,0.000616522811344,4.8930381852698413e-06,higher,True,3245
global,TMSB10,de_wilcoxon_direction_fidelity_yield_raw,0.0033908754623921001,2.6911710018984921e-05,higher,True,3245
global,EWSR1,de_wilcoxon_direction_fidelity_yield_raw,0.00087412587412579997,6.9375069375063488e-06,higher,True,3433
global,ACAT2,de_wilcoxon_direction_fidelity_yield_raw,0.00027731558513579999,2.2009173423476189e-06,higher,True,3607
global,RNF2,de_wilcoxon_direction_fidelity_yield_raw,0.00079617834394899996,6.3188757456269841e-06,higher,True,3769
global,NIT1,de_wilcoxon_direction_fidelity_yield_raw,0.0015026296018031001,1.1925631760342064e-05,higher,True,3994
global,MED1,de_wilcoxon_direction_fidelity_yield_raw,0.00074165636588379997,5.8861616339984127e-06,higher,True,4046
global,CASP3,de_wilcoxon_direction_fidelity_yield_raw,0,0,higher,True,4341
global,INSIG1,de_wilcoxon_direction_fidelity_yield_raw,0.0025005683109797002,1.9845780245870636e-05,higher,True,4400
global,MBTPS1,de_wilcoxon_direction_fidelity_yield_raw,0.0017881090746534999,1.4191341862329364e-05,higher,True,4475
global,STAG2,de_wilcoxon_direction_fidelity_yield_raw,0.00021920210434019999,1.739699240795238e-06,higher,True,4563
global,MED24,de_wilcoxon_direction_fidelity_yield_raw,0.00040700040700039999,3.2301619603206347e-06,higher,True,4915
global,TADA1,de_wilcoxon_direction_fidelity_yield_raw,0.0010984987184181,8.7182437969690479e-06,higher,True,5463
global,SOX2,de_wilcoxon_direction_fidelity_yield_raw,0.00034322979234590001,2.7240459709992064e-06,higher,True,5828
global,SMARCA5,de_wilcoxon_direction_fidelity_yield_raw,0.00033228110981889998,2.6371516652293649e-06,higher,True,6020
global,MAU2,de_wilcoxon_direction_fidelity_yield_raw,0.00016414970453050001,1.3027754327817461e-06,higher,True,6092
global,KAT2A,de_wilcoxon_direction_fidelity_yield_raw,0.00092721372276309999,7.3588390695484122e-06,higher,True,6471
global,DNMT1,de_wilcoxon_direction_fidelity_yield_raw,0.00014952153110039999,1.1866788182571427e-06,higher,True,6689
global,SIN3B,de_wilcoxon_direction_fidelity_yield_raw,0.0004263180332528,3.3834764543873018e-06,higher,True,7038
global,DHX36,de_wilcoxon_direction_fidelity_yield_raw,0.0001403114915111,1.1135832659611111e-06,higher,True,7128
global,SMARCA4,de_wilcoxon_direction_fidelity_yield_raw,0.00078636959370900002,6.2410285214999998e-06,higher,True,7631
global,METTL14,de_wilcoxon_direction_fidelity_yield_raw,0,0,higher,True,8468
global,METTL3,de_wilcoxon_direction_fidelity_yield_raw,0.00023501762632190001,1.8652192565230161e-06,higher,True,8511
LR,RAB3B,de_wilcoxon_direction_fidelity_yield_raw,0.63233376792698825,0.0050185219676745097,higher,True,2
LR,TMSB4X,de_wilcoxon_direction_fidelity_yield_raw,0.6731583403895004,0.0053425265110277811,higher,True,3
LR,LAD1,de_wilcoxon_direction_fidelity_yield_raw,0.4088050314465409,0.0032444843765598486,higher,True,3
LR,PLCB3,de_wilcoxon_direction_fidelity_yield_raw,0.23875432525951551,0.0018948755972977422,higher,True,3
LR,PMS1,de_wilcoxon_direction_fidelity_yield_raw,0.46225071225071218,0.0036686564464342235,higher,True,3
LR,CAMSAP2,de_wilcoxon_direction_fidelity_yield_raw,0.43895747599451301,0.0034837894920199445,higher,True,4
LR,DZIP3,de_wilcoxon_direction_fidelity_yield_raw,0.7615062761506276,0.00604370060437006,higher,True,4
LR,NCK2,de_wilcoxon_direction_fidelity_yield_raw,0.31450381679389311,0.0024960620380467709,higher,True,5
LR,ZNF286A,de_wilcoxon_direction_fidelity_yield_raw,0.56901408450704216,0.0045159847976749381,higher,True,5
LR,ATP1B1,de_wilcoxon_direction_fidelity_yield_raw,0.5321100917431193,0.0042230959662152324,higher,True,6
LR,ANTXR1,de_wilcoxon_direction_fidelity_yield_raw,0.61754780652418451,0.0049011730676522579,higher,True,6
LR,PTPN1,de_wilcoxon_direction_fidelity_yield_raw,0.53846153846153844,0.0042735042735042731,higher,True,7
LR,HMGN1,de_wilcoxon_direction_fidelity_yield_raw,0.60754332313965342,0.0048217724058702656,higher,True,7
LR,WFS1,de_wilcoxon_direction_fidelity_yield_raw,0.4546525323910483,0.0036083534316749865,higher,True,8
LR,IDE,de_wilcoxon_direction_fidelity_yield_raw,0.48739495798319321,0.0038682139522475652,higher,True,10
LR,ZNF426,de_wilcoxon_direction_fidelity_yield_raw,0.45748299319727892,0.0036308174063276106,higher,True,10
LR,IGF2R,de_wilcoxon_direction_fidelity_yield_raw,0.65736766809728175,0.0052172037150577917,higher,True,11
LR,TSC22D4,de_wilcoxon_direction_fidelity_yield_raw,0.43307086614173218,0.0034370703662042236,higher,True,11
LR,EID2,de_wilcoxon_direction_fidelity_yield_raw,0.41603053435114501,0.0033018296377075001,higher,True,12
LR,KIF1B,de_wilcoxon_direction_fidelity_yield_raw,0.55555555555555547,0.0044091710758377414,higher,True,13
LR,MAPKAPK2,de_wilcoxon_direction_fidelity_yield_raw,0.46707638279192271,0.0037069554189835137,higher,True,13
LR,KDR,de_wilcoxon_direction_fidelity_yield_raw,0.3966309341500765,0.003147864556746639,higher,True,14
LR,TWF2,de_wilcoxon_direction_fidelity_yield_raw,0.44383775351014038,0.0035225218532550823,higher,True,14
LR,MKI67,de_wilcoxon_direction_fidelity_yield_raw,0.51178451178451168,0.0040617818395596167,higher,True,14
LR,STAT1,de_wilcoxon_direction_fidelity_yield_raw,0.61392405063291144,0.004872413100261202,higher,True,15
LR,MAP1B,de_wilcoxon_direction_fidelity_yield_raw,0.46747352496217848,0.0037101073409696703,higher,True,15
LR,CALM3,de_wilcoxon_direction_fidelity_yield_raw,0.64429928741092635,0.005113486408023225,higher,True,15
LR,PRCP,de_wilcoxon_direction_fidelity_yield_raw,0.64759036144578297,0.0051396060432204998,higher,True,16
LR,POLB,de_wilcoxon_direction_fidelity_yield_raw,0.55405405405405395,0.0043972543972543967,higher,True,16
LR,CREG1,de_wilcoxon_direction_fidelity_yield_raw,0.41633858267716528,0.0033042744656917879,higher,True,17
LR,CASP2,de_wilcoxon_direction_fidelity_yield_raw,0.54969879518072284,0.0043626888506406577,higher,True,20
LR,NRAS,de_wilcoxon_direction_fidelity_yield_raw,0.60213289581624285,0.0047788325064781175,higher,True,21
LR,IRF3,de_wilcoxon_direction_fidelity_yield_raw,0.54946043165467617,0.0043607970766244139,higher,True,24
LR,MAST2,de_wilcoxon_direction_fidelity_yield_raw,0.66027397260273957,0.0052402696238312667,higher,True,25
LR,ZNF714,de_wilcoxon_direction_fidelity_yield_raw,0.4229902329075883,0.0033570653405364153,higher,True,27
LR,CLDN6,de_wilcoxon_direction_fidelity_yield_raw,0.47218299915278172,0.0037474841202601726,higher,True,29
LR,RRM1,de_wilcoxon_direction_fidelity_yield_raw,0.43422053231939162,0.0034461947009475527,higher,True,34
LR,MAP3K7,de_wilcoxon_direction_fidelity_yield_raw,0.5114942528735632,0.0040594781974092314,higher,True,43
LR,PBX1,de_wilcoxon_direction_fidelity_yield_raw,0.47148288973384023,0.0037419276963003194,higher,True,48
LR,ZNF562,de_wilcoxon_direction_fidelity_yield_raw,0.58673469387755095,0.0046566245545837373,higher,True,49
LR,NISCH,de_wilcoxon_direction_fidelity_yield_raw,0.57261410788381728,0.0045445564117763274,higher,True,56
LR,CENPO,de_wilcoxon_direction_fidelity_yield_raw,0.5167410714285714,0.0041011196145124716,higher,True,73
LR,TMBIM6,de_wilcoxon_direction_fidelity_yield_raw,0.4375,0.003472222222222222,higher,True,73
LR,TRAM2,de_wilcoxon_direction_fidelity_yield_raw,0.4785123966942148,0.0037977174340810701,higher,True,85
LR,SV2A,de_wilcoxon_direction_fidelity_yield_raw,0.47707558859975208,0.0037863141952361274,higher,True,104
LR,SRC,de_wilcoxon_direction_fidelity_yield_raw,0.34567901234567888,0.0027434842249657054,higher,True,127
LR,TCF3,de_wilcoxon_direction_fidelity_yield_raw,0.52290909090909077,0.0041500721500721486,higher,True,127
LR,CLDN7,de_wilcoxon_direction_fidelity_yield_raw,0.40895669291338582,0.0032456880389951258,higher,True,160
LR,CDCA2,de_wilcoxon_direction_fidelity_yield_raw,0.55113393239195552,0.0043740788285075837,higher,True,205
LR,TARBP2,de_wilcoxon_direction_fidelity_yield_raw,0.68134715025906734,0.0054075170655481534,higher,True,211
LR,IKBKG,de_wilcoxon_direction_fidelity_yield_raw,0.41315345699831357,0.0032789956904628061,higher,True,238
LR,KLF10,de_wilcoxon_direction_fidelity_yield_raw,0.53396226415094328,0.0042377957472297086,higher,True,247
LR,SIX4,de_wilcoxon_direction_fidelity_yield_raw,0.51867219917012453,0.0041164460251597182,higher,True,282
LR,STX4,de_wilcoxon_direction_fidelity_yield_raw,0.54746835443037967,0.0043449869399236479,higher,True,287
LR,TAZ,de_wilcoxon_direction_fidelity_yield_raw,0.48464491362763912,0.0038463882033939615,higher,True,297
LR,DHCR24,de_wilcoxon_direction_fidelity_yield_raw,0.53757491931765777,0.0042664676136322044,higher,True,307
LR,HIRA,de_wilcoxon_direction_fidelity_yield_raw,0.5437003405221339,0.0043150820676359832,higher,True,364
LR,ACVR1B,de_wilcoxon_direction_fidelity_yield_raw,0.4653812445223488,0.0036935019406535621,higher,True,374
LR,FOXH1,de_wilcoxon_direction_fidelity_yield_raw,0.50842358604091453,0.0040351078257215437,higher,True,397
LR,HMGB2,de_wilcoxon_direction_fidelity_yield_raw,0.46699096594857542,0.0037062775075283765,higher,True,399
LR,PAGR1,de_wilcoxon_direction_fidelity_yield_raw,0.43813775510204078,0.0034772837706511174,higher,True,467
LR,MED13L,de_wilcoxon_direction_fidelity_yield_raw,0.53220696937697987,0.0042238648363252373,higher,True,521
LR,TET1,de_wilcoxon_direction_fidelity_yield_raw,0.56182100362131404,0.0044588968541374131,higher,True,522
LR,PHF14,de_wilcoxon_direction_fidelity_yield_raw,0.67616875712656777,0.0053664187073537125,higher,True,522
LR,DAXX,de_wilcoxon_direction_fidelity_yield_raw,0.59013605442176875,0.0046836194795378469,higher,True,541
LR,RAF1,de_wilcoxon_direction_fidelity_yield_raw,0.24029574861367831,0.0019071091159815739,higher,True,542
LR,HAT1,de_wilcoxon_direction_fidelity_yield_raw,0.54419889502762431,0.0043190388494255896,higher,True,545
LR,AKT2,de_wilcoxon_direction_fidelity_yield_raw,0.5658362989323843,0.0044907642772411454,higher,True,583
LR,TXNDC9,de_wilcoxon_direction_fidelity_yield_raw,0.51933701657458564,0.0041217223537665529,higher,True,600
LR,ZNF593,de_wilcoxon_direction_fidelity_yield_raw,0.41838351822503961,0.0033205041128971397,higher,True,632
LR,MTA1,de_wilcoxon_direction_fidelity_yield_raw,0.52628245725142486,0.0041768448988208319,higher,True,695
LR,CAST,de_wilcoxon_direction_fidelity_yield_raw,0.41076115485564302,0.0032600091655209762,higher,True,706
LR,NDUFB6,de_wilcoxon_direction_fidelity_yield_raw,0.43391188251001328,0.0034437450992858198,higher,True,738
LR,USP22,de_wilcoxon_direction_fidelity_yield_raw,0.4779328555262165,0.0037931179010017185,higher,True,768
LR,NDUFB4,de_wilcoxon_direction_fidelity_yield_raw,0.39005524861878449,0.0030956765763395593,higher,True,806
LR,UBE3C,de_wilcoxon_direction_fidelity_yield_raw,0.21128451380552221,0.0016768612206787476,higher,True,834
LR,DLG5,de_wilcoxon_direction_fidelity_yield_raw,0.39869989165763808,0.0031642848544256989,higher,True,924
LR,STAT6,de_wilcoxon_direction_fidelity_yield_raw,0.54217854217854222,0.0043030043030043031,higher,True,1007
LR,XRCC4,de_wilcoxon_direction_fidelity_yield_raw,0.34672489082969432,0.0027517848478547167,higher,True,1146
LR,SLC25A3,de_wilcoxon_direction_fidelity_yield_raw,0.43136531365313652,0.0034235342353423535,higher,True,1198
LR,PRR12,de_wilcoxon_direction_fidelity_yield_raw,0.54765291607396871,0.0043464517148727672,higher,True,1244
LR,KDM2B,de_wilcoxon_direction_fidelity_yield_raw,0.39000000000000001,0.0030952380952380953,higher,True,1301
LR,SMAGP,de_wilcoxon_direction_fidelity_yield_raw,0.14360119047619041,0.001139691987906273,higher,True,1345
LR,BIRC2,de_wilcoxon_direction_fidelity_yield_raw,0.095269820119919996,0.00075610968349142853,higher,True,1502
LR,MED12,de_wilcoxon_direction_fidelity_yield_raw,0.039085989176187601,0.00031020626330307622,higher,True,1664
LR,UQCRQ,de_wilcoxon_direction_fidelity_yield_raw,0.38328358208955221,0.0030419331911869223,higher,True,1676
LR,SSBP1,de_wilcoxon_direction_fidelity_yield_raw,0.59602036094400745,0.0047303203249524405,higher,True,1703
LR,ATM,de_wilcoxon_direction_fidelity_yield_raw,0.32105263157894731,0.002548036758563074,higher,True,1711
LR,WSB2,de_wilcoxon_direction_fidelity_yield_raw,0.31684210526315781,0.0025146198830409351,higher,True,1901
LR,CHMP3,de_wilcoxon_direction_fidelity_yield_raw,0.095983307250912794,0.00076177227976914912,higher,True,1918
LR,MED13,de_wilcoxon_direction_fidelity_yield_raw,0.22343594836146971,0.0017733011774719819,higher,True,2015
LR,GSK3B,de_wilcoxon_direction_fidelity_yield_raw,0.23058823529411759,0.0018300653594771237,higher,True,2126
LR,PHF10,de_wilcoxon_direction_fidelity_yield_raw,0.20046511627906971,0.0015909929863418232,higher,True,2151
LR,OXCT1,de_wilcoxon_direction_fidelity_yield_raw,0.0601185436071126,0.00047713129846914761,higher,True,2363
LR,C1QBP,de_wilcoxon_direction_fidelity_yield_raw,0.33704620462046198,0.0026749698779401743,higher,True,2425
LR,TGFBR2,de_wilcoxon_direction_fidelity_yield_raw,0.073209339137316906,0.00058102650108981667,higher,True,2528
LR,TRAPPC6A,de_wilcoxon_direction_fidelity_yield_raw,0.34984276729559738,0.0027765298991714077,higher,True,2545
LR,ARID1A,de_wilcoxon_direction_fidelity_yield_raw,0.30305373018940851,0.0024051883348365755,higher,True,2588
LR,TFAM,de_wilcoxon_direction_fidelity_yield_raw,0.51595540176855048,0.0040948841410202415,higher,True,2602
LR,SAFB,de_wilcoxon_direction_fidelity_yield_raw,0.097192224622030199,0.00077136686207960475,higher,True,2779
LR,METTL17,de_wilcoxon_direction_fidelity_yield_raw,0.1063218390804597,0.00084382411968618812,higher,True,2785
LR,LRPPRC,de_wilcoxon_direction_fidelity_yield_raw,0.19435844513243891,0.0015425273423209436,higher,True,2908
LR,LZTR1,de_wilcoxon_direction_fidelity_yield_raw,0.1336971350613915,0.0010610883735031071,higher,True,2933
LR,EIF4B,de_wilcoxon_direction_fidelity_yield_raw,0.18464858199753381,0.0014654649364883635,higher,True,3245
LR,TMSB10,de_wilcoxon_direction_fidelity_yield_raw,0.40228113440197277,0.0031927074158886728,higher,True,3245
LR,EWSR1,de_wilcoxon_direction_fidelity_yield_raw,0.15472027972027971,0.0012279387279387278,higher,True,3433
LR,ACAT2,de_wilcoxon_direction_fidelity_yield_raw,0.1824736550194121,0.0014482036112651753,higher,True,3607
LR,RNF2,de_wilcoxon_direction_fidelity_yield_raw,0.16454352441613579,0.0013059009874296491,higher,True,3769
LR,NIT1,de_wilcoxon_direction_fidelity_yield_raw,0.0262960180315552,0.00020869855580599365,higher,True,3994
LR,MED1,de_wilcoxon_direction_fidelity_yield_raw,0.0096415327564894002,7.6520101241979365e-05,higher,True,4046
LR,CASP3,de_wilcoxon_direction_fidelity_yield_raw,0.12926267281105991,0.0010258942286592056,higher,True,4341
LR,INSIG1,de_wilcoxon_direction_fidelity_yield_raw,0.17344851102523301,0.0013765754843272462,higher,True,4400
LR,MBTPS1,de_wilcoxon_direction_fidelity_yield_raw,0.1061689763075547,0.00084261092307583098,higher,True,4475
LR,STAG2,de_wilcoxon_direction_fidelity_yield_raw,0.080227970188513797,0.00063672992213106188,higher,True,4563
LR,MED24,de_wilcoxon_direction_fidelity_yield_raw,0.0144485144485144,0.00011467074959138413,higher,True,4915
LR,TADA1,de_wilcoxon_direction_fidelity_yield_raw,0.0241669718051995,0.00019180136353332935,higher,True,5463
LR,SOX2,de_wilcoxon_direction_fidelity_yield_raw,0.092672043933413398,0.00073549241216994761,higher,True,5828
LR,SMARCA5,de_wilcoxon_direction_fidelity_yield_raw,0.183585313174946,0.001457026295039254,higher,True,6020
LR,MAU2,de_wilcoxon_direction_fidelity_yield_raw,0.15988181221273801,0.0012689032715296666,higher,True,6092
LR,KAT2A,de_wilcoxon_direction_fidelity_yield_raw,0.23999381857518151,0.001904712845834774,higher,True,6471
LR,DNMT1,de_wilcoxon_direction_fidelity_yield_raw,0.099730861244019101,0.00079151477177792932,higher,True,6689
LR,SIN3B,de_wilcoxon_direction_fidelity_yield_raw,0.083842546539718593,0.00066541703602951267,higher,True,7038
LR,DHX36,de_wilcoxon_direction_fidelity_yield_raw,0.096814929142696696,0.00076837245351346584,higher,True,7128
LR,SMARCA4,de_wilcoxon_direction_fidelity_yield_raw,0.083355176933158498,0.0006615490232790357,higher,True,7631
LR,METTL14,de_wilcoxon_direction_fidelity_yield_raw,0.010393291602692801,8.2486441291212701e-05,higher,True,8468
LR,METTL3,de_wilcoxon_direction_fidelity_yield_raw,0.063337250293772004,0.00050267658963311119,higher,True,8511
LR+global,RAB3B,de_wilcoxon_direction_fidelity_yield_raw,0.63178807947019855,0.0050141911069063374,higher,True,2
LR+global,TMSB4X,de_wilcoxon_direction_fidelity_yield_raw,0.67136344799005376,0.0053282813332543952,higher,True,3
LR+global,LAD1,de_wilcoxon_direction_fidelity_yield_raw,0.41469816272965881,0.0032912552597591971,higher,True,3
LR+global,PLCB3,de_wilcoxon_direction_fidelity_yield_raw,0.29166666666666657,0.0023148148148148143,higher,True,3
LR+global,PMS1,de_wilcoxon_direction_fidelity_yield_raw,0.47006194081211278,0.0037306503239056569,higher,True,3
LR+global,CAMSAP2,de_wilcoxon_direction_fidelity_yield_raw,0.43078758949880658,0.0034189491230064016,higher,True,4
LR+global,DZIP3,de_wilcoxon_direction_fidelity_yield_raw,0.69963369963369948,0.0055526484097912655,higher,True,4
LR+global,NCK2,de_wilcoxon_direction_fidelity_yield_raw,0.36170212765957438,0.002870651806822019,higher,True,5
LR+global,ZNF286A,de_wilcoxon_direction_fidelity_yield_raw,0.57746478873239426,0.0045830538788285257,higher,True,5
LR+global,ATP1B1,de_wilcoxon_direction_fidelity_yield_raw,0.49858356940509913,0.0039570124555960247,higher,True,6
LR+global,ANTXR1,de_wilcoxon_direction_fidelity_yield_raw,0.6268980477223427,0.0049753813311297036,higher,True,6
LR+global,PTPN1,de_wilcoxon_direction_fidelity_yield_raw,0.53157894736842104,0.0042188805346700083,higher,True,7
LR+global,HMGN1,de_wilcoxon_direction_fidelity_yield_raw,0.60749240634492074,0.004821368304324768,higher,True,7
LR+global,WFS1,de_wilcoxon_direction_fidelity_yield_raw,0.4538706256627783,0.0036021478227204629,higher,True,8
LR+global,IDE,de_wilcoxon_direction_fidelity_yield_raw,0.57352941176470584,0.004551820728291316,higher,True,10
LR+global,ZNF426,de_wilcoxon_direction_fidelity_yield_raw,0.47270306258322231,0.0037516116078033517,higher,True,10
LR+global,IGF2R,de_wilcoxon_direction_fidelity_yield_raw,0.66945606694560655,0.0053131433884571946,higher,True,11
LR+global,TSC22D4,de_wilcoxon_direction_fidelity_yield_raw,0.52021563342318045,0.0041286955033585752,higher,True,11
LR+global,EID2,de_wilcoxon_direction_fidelity_yield_raw,0.41284403669724767,0.00327653997378768,higher,True,12
LR+global,KIF1B,de_wilcoxon_direction_fidelity_yield_raw,0.56055900621118016,0.0044488810016760326,higher,True,13
LR+global,MAPKAPK2,de_wilcoxon_direction_fidelity_yield_raw,0.47439999999999988,0.003765079365079364,higher,True,13
LR+global,KDR,de_wilcoxon_direction_fidelity_yield_raw,0.3891625615763547,0.0030885917585424978,higher,True,14
LR+global,TWF2,de_wilcoxon_direction_fidelity_yield_raw,0.44011544011544013,0.0034929796834558741,higher,True,14
LR+global,MKI67,de_wilcoxon_direction_fidelity_yield_raw,0.5100174216027874,0.0040477573143078366,higher,True,14
LR+global,STAT1,de_wilcoxon_direction_fidelity_yield_raw,0.62184873949579833,0.00493530745631586,higher,True,15
LR+global,MAP1B,de_wilcoxon_direction_fidelity_yield_raw,0.47499999999999992,0.003769841269841269,higher,True,15
LR+global,CALM3,de_wilcoxon_direction_fidelity_yield_raw,0.652327637006482,0.0051772034683054127,higher,True,15
LR+global,PRCP,de_wilcoxon_direction_fidelity_yield_raw,0.62931034482758608,0.0049945265462506836,higher,True,16
LR+global,POLB,de_wilcoxon_direction_fidelity_yield_raw,0.56736035049288047,0.0045028599245466707,higher,True,16
LR+global,CREG1,de_wilcoxon_direction_fidelity_yield_raw,0.43069767441860463,0.003418235511258767,higher,True,17
LR+global,CASP2,de_wilcoxon_direction_fidelity_yield_raw,0.59328358208955223,0.0047085998578535893,higher,True,20
LR+global,NRAS,de_wilcoxon_direction_fidelity_yield_raw,0.60986892829606776,0.0048402295896513318,higher,True,21
LR+global,IRF3,de_wilcoxon_direction_fidelity_yield_raw,0.54784081287044872,0.0043479429592892752,higher,True,24
LR+global,MAST2,de_wilcoxon_direction_fidelity_yield_raw,0.64390243902439015,0.00511033681765389,higher,True,25
LR+global,ZNF714,de_wilcoxon_direction_fidelity_yield_raw,0.41750358680057381,0.0033135205301632843,higher,True,27
LR+global,CLDN6,de_wilcoxon_direction_fidelity_yield_raw,0.47258771929824561,0.003750696184906711,higher,True,29
LR+global,RRM1,de_wilcoxon_direction_fidelity_yield_raw,0.44221453287197232,0.0035096391497775581,higher,True,34
LR+global,MAP3K7,de_wilcoxon_direction_fidelity_yield_raw,0.48178137651821862,0.0038236617183985606,higher,True,43
LR+global,PBX1,de_wilcoxon_direction_fidelity_yield_raw,0.47858472998137802,0.0037982915077887144,higher,True,48
LR+global,ZNF562,de_wilcoxon_direction_fidelity_yield_raw,0.63212435233160624,0.0050168599391397324,higher,True,49
LR+global,NISCH,de_wilcoxon_direction_fidelity_yield_raw,0.57969978556111512,0.0046007919488977389,higher,True,56
LR+global,CENPO,de_wilcoxon_direction_fidelity_yield_raw,0.54838709677419351,0.0043522785458269325,higher,True,73
LR+global,TMBIM6,de_wilcoxon_direction_fidelity_yield_raw,0.45903954802259878,0.0036431710160523714,higher,True,73
LR+global,TRAM2,de_wilcoxon_direction_fidelity_yield_raw,0.47468354430379739,0.0037673297166968046,higher,True,85
LR+global,SV2A,de_wilcoxon_direction_fidelity_yield_raw,0.51416122004357301,0.0040806446035204207,higher,True,104
LR+global,SRC,de_wilcoxon_direction_fidelity_yield_raw,0.4174107142857143,0.0033127834467120182,higher,True,127
LR+global,TCF3,de_wilcoxon_direction_fidelity_yield_raw,0.52137351086194805,0.0041378850068408577,higher,True,127
LR+global,CLDN7,de_wilcoxon_direction_fidelity_yield_raw,0.4096271826333176,0.0032510093859787112,higher,True,160
LR+global,CDCA2,de_wilcoxon_direction_fidelity_yield_raw,0.54533333333333334,0.0043280423280423284,higher,True,205
LR+global,TARBP2,de_wilcoxon_direction_fidelity_yield_raw,0.62598425196850394,0.0049681289838770151,higher,True,211
LR+global,IKBKG,de_wilcoxon_direction_fidelity_yield_raw,0.42463235294117641,0.0033700980392156856,higher,True,238
LR+global,KLF10,de_wilcoxon_direction_fidelity_yield_raw,0.5625,0.004464285714285714,higher,True,247
LR+global,SIX4,de_wilcoxon_direction_fidelity_yield_raw,0.51641313050440352,0.0040985169087651074,higher,True,282
LR+global,STX4,de_wilcoxon_direction_fidelity_yield_raw,0.54292929292929293,0.0043089626422959755,higher,True,287
LR+global,TAZ,de_wilcoxon_direction_fidelity_yield_raw,0.51619644723092994,0.0040967972002454757,higher,True,297
LR+global,DHCR24,de_wilcoxon_direction_fidelity_yield_raw,0.54899387576552916,0.0043570942521073746,higher,True,307
LR+global,HIRA,de_wilcoxon_direction_fidelity_yield_raw,0.5746691871455577,0.0045608665646472831,higher,True,364
LR+global,ACVR1B,de_wilcoxon_direction_fidelity_yield_raw,0.46330275229357792,0.0036770059705839519,higher,True,374
LR+global,FOXH1,de_wilcoxon_direction_fidelity_yield_raw,0.4964994165694282,0.0039404715600748269,higher,True,397
LR+global,HMGB2,de_wilcoxon_direction_fidelity_yield_raw,0.51351351351351338,0.0040755040755040741,higher,True,399
LR+global,PAGR1,de_wilcoxon_direction_fidelity_yield_raw,0.46129032258064512,0.0036610343061955963,higher,True,467
LR+global,MED13L,de_wilcoxon_direction_fidelity_yield_raw,0.58061002178649235,0.0046080160459245423,higher,True,521
LR+global,TET1,de_wilcoxon_direction_fidelity_yield_raw,0.57852987837123215,0.0045915069712002552,higher,True,522
LR+global,PHF14,de_wilcoxon_direction_fidelity_yield_raw,0.67957405614714417,0.0053934448900567001,higher,True,522
LR+global,DAXX,de_wilcoxon_direction_fidelity_yield_raw,0.59767687434002115,0.0047434672566668348,higher,True,541
LR+global,RAF1,de_wilcoxon_direction_fidelity_yield_raw,0.3733826247689464,0.0029633541648329078,higher,True,542
LR+global,HAT1,de_wilcoxon_direction_fidelity_yield_raw,0.55367913148371517,0.0043942788212993269,higher,True,545
LR+global,AKT2,de_wilcoxon_direction_fidelity_yield_raw,0.56478102189781021,0.0044823890626810338,higher,True,583
LR+global,TXNDC9,de_wilcoxon_direction_fidelity_yield_raw,0.5853976531942634,0.0046460131205893918,higher,True,600
LR+global,ZNF593,de_wilcoxon_direction_fidelity_yield_raw,0.51393188854489158,0.0040788245122610443,higher,True,632
LR+global,MTA1,de_wilcoxon_direction_fidelity_yield_raw,0.54728370221327971,0.0043435214461371406,higher,True,695
LR+global,CAST,de_wilcoxon_direction_fidelity_yield_raw,0.454031117397454,0.0036034215666464601,higher,True,706
LR+global,NDUFB6,de_wilcoxon_direction_fidelity_yield_raw,0.47488584474885842,0.0037689352757845906,higher,True,738
LR+global,USP22,de_wilcoxon_direction_fidelity_yield_raw,0.48789435069699189,0.0038721773864840627,higher,True,768
LR+global,NDUFB4,de_wilcoxon_direction_fidelity_yield_raw,0.41101015499732763,0.003261985357121648,higher,True,806
LR+global,UBE3C,de_wilcoxon_direction_fidelity_yield_raw,0.33493397358943572,0.0026582061395986961,higher,True,834
LR+global,DLG5,de_wilcoxon_direction_fidelity_yield_raw,0.4983748645720476,0.0039553560680321235,higher,True,924
LR+global,STAT6,de_wilcoxon_direction_fidelity_yield_raw,0.56976744186046513,0.0045219638242894062,higher,True,1007
LR+global,XRCC4,de_wilcoxon_direction_fidelity_yield_raw,0.3589519650655022,0.0028488251195674776,higher,True,1146
LR+global,SLC25A3,de_wilcoxon_direction_fidelity_yield_raw,0.46062138728323693,0.0036557252958987056,higher,True,1198
LR+global,PRR12,de_wilcoxon_direction_fidelity_yield_raw,0.58199581297976266,0.0046190143887282747,higher,True,1244
LR+global,KDM2B,de_wilcoxon_direction_fidelity_yield_raw,0.4276923076923077,0.0033943833943833944,higher,True,1301
LR+global,SMAGP,de_wilcoxon_direction_fidelity_yield_raw,0.18154761904761901,0.0014408541194255477,higher,True,1345
LR+global,BIRC2,de_wilcoxon_direction_fidelity_yield_raw,0.1132578281145902,0.00089887165170309685,higher,True,1502
LR+global,MED12,de_wilcoxon_direction_fidelity_yield_raw,0.054119061936259698,0.00042951636457348968,higher,True,1664
LR+global,UQCRQ,de_wilcoxon_direction_fidelity_yield_raw,0.44656716417910441,0.003544183842691305,higher,True,1676
LR+global,SSBP1,de_wilcoxon_direction_fidelity_yield_raw,0.61936339522546424,0.004915582501789399,higher,True,1703
LR+global,ATM,de_wilcoxon_direction_fidelity_yield_raw,0.29766081871345018,0.0023623874501067475,higher,True,1711
LR+global,WSB2,de_wilcoxon_direction_fidelity_yield_raw,0.33947368421052632,0.0026942355889724313,higher,True,1901
LR+global,CHMP3,de_wilcoxon_direction_fidelity_yield_raw,0.0938967136150234,0.00074521201281764601,higher,True,1918
LR+global,MED13,de_wilcoxon_direction_fidelity_yield_raw,0.2477656405163853,0.0019663939723522641,higher,True,2015
LR+global,GSK3B,de_wilcoxon_direction_fidelity_yield_raw,0.22541176470588231,0.0017889822595704946,higher,True,2126
LR+global,PHF10,de_wilcoxon_direction_fidelity_yield_raw,0.235813953488372,0.0018715393133997779,higher,True,2151
LR+global,OXCT1,de_wilcoxon_direction_fidelity_yield_raw,0.0931414055884843,0.00073921750467051026,higher,True,2363
LR+global,C1QBP,de_wilcoxon_direction_fidelity_yield_raw,0.39933993399339929,0.0031693645555031691,higher,True,2425
LR+global,TGFBR2,de_wilcoxon_direction_fidelity_yield_raw,0.082311040759794202,0.00065326222825233494,higher,True,2528
LR+global,TRAPPC6A,de_wilcoxon_direction_fidelity_yield_raw,0.36084905660377348,0.0028638814016172499,higher,True,2545
LR+global,ARID1A,de_wilcoxon_direction_fidelity_yield_raw,0.30459992269037489,0.0024174597038918643,higher,True,2588
LR+global,TFAM,de_wilcoxon_direction_fidelity_yield_raw,0.57631680123029605,0.0045739428669071113,higher,True,2602
LR+global,SAFB,de_wilcoxon_direction_fidelity_yield_raw,0.1259899208063355,0.00099992000639948821,higher,True,2779
LR+global,METTL17,de_wilcoxon_direction_fidelity_yield_raw,0.1404454022988505,0.0011146460499908771,higher,True,2785
LR+global,LRPPRC,de_wilcoxon_direction_fidelity_yield_raw,0.240454076367389,0.0019083656854554682,higher,True,2908
LR+global,LZTR1,de_wilcoxon_direction_fidelity_yield_raw,0.15245566166439281,0.0012099655687650224,higher,True,2933
LR+global,EIF4B,de_wilcoxon_direction_fidelity_yield_raw,0.1794081381011097,0.001423874111913569,higher,True,3245
LR+global,TMSB10,de_wilcoxon_direction_fidelity_yield_raw,0.42355117139334147,0.0033615172332804879,higher,True,3245
LR+global,EWSR1,de_wilcoxon_direction_fidelity_yield_raw,0.17453379953379949,0.001385188885188885,higher,True,3433
LR+global,ACAT2,de_wilcoxon_direction_fidelity_yield_raw,0.18885191347753741,0.0014988247101391857,higher,True,3607
LR+global,RNF2,de_wilcoxon_direction_fidelity_yield_raw,0.18736730360934181,0.0014870420921376335,higher,True,3769
LR+global,NIT1,de_wilcoxon_direction_fidelity_yield_raw,0.032556974705735001,0.00025838868814075398,higher,True,3994
LR+global,MED1,de_wilcoxon_direction_fidelity_yield_raw,0.0274412855377008,0.00021778798045794286,higher,True,4046
LR+global,CASP3,de_wilcoxon_direction_fidelity_yield_raw,0.1559907834101382,0.0012380220905566523,higher,True,4341
LR+global,INSIG1,de_wilcoxon_direction_fidelity_yield_raw,0.177994998863378,0.0014126587211379207,higher,True,4400
LR+global,MBTPS1,de_wilcoxon_direction_fidelity_yield_raw,0.12986142154671429,0.0010306462027517007,higher,True,4475
LR+global,STAG2,de_wilcoxon_direction_fidelity_yield_raw,0.099079351161771106,0.00078634405683945319,higher,True,4563
LR+global,MED24,de_wilcoxon_direction_fidelity_yield_raw,0.021774521774521698,0.00017281366487715633,higher,True,4915
LR+global,TADA1,de_wilcoxon_direction_fidelity_yield_raw,0.029842548517026699,0.00023684562315100555,higher,True,5463
LR+global,SOX2,de_wilcoxon_direction_fidelity_yield_raw,0.1064012356272524,0.00084445425100993963,higher,True,5828
LR+global,SMARCA5,de_wilcoxon_direction_fidelity_yield_raw,0.20086393088552909,0.0015941581816311832,higher,True,6020
LR+global,MAU2,de_wilcoxon_direction_fidelity_yield_raw,0.1667760998030203,0.0013236198397065103,higher,True,6092
LR+global,KAT2A,de_wilcoxon_direction_fidelity_yield_raw,0.2486478133209705,0.0019733953438172262,higher,True,6471
LR+global,DNMT1,de_wilcoxon_direction_fidelity_yield_raw,0.11722488038277511,0.00093035619351408813,higher,True,6689
LR+global,SIN3B,de_wilcoxon_direction_fidelity_yield_raw,0.087963620861162398,0.00069812397508859042,higher,True,7038
LR+global,DHX36,de_wilcoxon_direction_fidelity_yield_raw,0.1118282587343903,0.00088752586297135162,higher,True,7128
LR+global,SMARCA4,de_wilcoxon_direction_fidelity_yield_raw,0.092136304062909499,0.00073124050843578964,higher,True,7631
LR+global,METTL14,de_wilcoxon_direction_fidelity_yield_raw,0.010747608361875501,8.5298479062503977e-05,higher,True,8468
LR+global,METTL3,de_wilcoxon_direction_fidelity_yield_raw,0.066745005875440605,0.00052972226885270317,higher,True,8511
null,RAB3B,de_wilcoxon_direction_reach_raw,0,0,higher,True,2
null,TMSB4X,de_wilcoxon_direction_reach_raw,0,0,higher,True,3
null,LAD1,de_wilcoxon_direction_reach_raw,0,0,higher,True,3
null,PLCB3,de_wilcoxon_direction_reach_raw,0,0,higher,True,3
null,PMS1,de_wilcoxon_direction_reach_raw,0,0,higher,True,3
null,CAMSAP2,de_wilcoxon_direction_reach_raw,1,0.0079365079365079361,higher,True,4
null,DZIP3,de_wilcoxon_direction_reach_raw,0.33333333333333331,0.0026455026455026454,higher,True,4
null,NCK2,de_wilcoxon_direction_reach_raw,0.25,0.001984126984126984,higher,True,5
null,ZNF286A,de_wilcoxon_direction_reach_raw,0.5,0.003968253968253968,higher,True,5
null,ATP1B1,de_wilcoxon_direction_reach_raw,0.20000000000000001,0.0015873015873015873,higher,True,6
null,ANTXR1,de_wilcoxon_direction_reach_raw,0,0,higher,True,6
null,PTPN1,de_wilcoxon_direction_reach_raw,0,0,higher,True,7
null,HMGN1,de_wilcoxon_direction_reach_raw,0,0,higher,True,7
null,WFS1,de_wilcoxon_direction_reach_raw,0,0,higher,True,8
null,IDE,de_wilcoxon_direction_reach_raw,0.22222222222222221,0.0017636684303350969,higher,True,10
null,ZNF426,de_wilcoxon_direction_reach_raw,0,0,higher,True,10
null,IGF2R,de_wilcoxon_direction_reach_raw,0,0,higher,True,11
null,TSC22D4,de_wilcoxon_direction_reach_raw,0,0,higher,True,11
null,EID2,de_wilcoxon_direction_reach_raw,0,0,higher,True,12
null,KIF1B,de_wilcoxon_direction_reach_raw,0.083333333333333301,0.00066137566137566112,higher,True,13
null,MAPKAPK2,de_wilcoxon_direction_reach_raw,0.1666666666666666,0.0013227513227513222,higher,True,13
null,KDR,de_wilcoxon_direction_reach_raw,0.1538461538461538,0.0012210012210012206,higher,True,14
null,TWF2,de_wilcoxon_direction_reach_raw,0,0,higher,True,14
null,MKI67,de_wilcoxon_direction_reach_raw,0.1538461538461538,0.0012210012210012206,higher,True,14
null,STAT1,de_wilcoxon_direction_reach_raw,0,0,higher,True,15
null,MAP1B,de_wilcoxon_direction_reach_raw,0,0,higher,True,15
null,CALM3,de_wilcoxon_direction_reach_raw,0,0,higher,True,15
null,PRCP,de_wilcoxon_direction_reach_raw,0,0,higher,True,16
null,POLB,de_wilcoxon_direction_reach_raw,0,0,higher,True,16
null,CREG1,de_wilcoxon_direction_reach_raw,0,0,higher,True,17
null,CASP2,de_wilcoxon_direction_reach_raw,0,0,higher,True,20
null,NRAS,de_wilcoxon_direction_reach_raw,0.10000000000000001,0.00079365079365079365,higher,True,21
null,IRF3,de_wilcoxon_direction_reach_raw,0,0,higher,True,24
null,MAST2,de_wilcoxon_direction_reach_raw,0,0,higher,True,25
null,ZNF714,de_wilcoxon_direction_reach_raw,0,0,higher,True,27
null,CLDN6,de_wilcoxon_direction_reach_raw,0,0,higher,True,29
null,RRM1,de_wilcoxon_direction_reach_raw,0.0303030303030303,0.00024050024050024048,higher,True,34
null,MAP3K7,de_wilcoxon_direction_reach_raw,0.023809523809523801,0.00018896447467876032,higher,True,43
null,PBX1,de_wilcoxon_direction_reach_raw,0,0,higher,True,48
null,ZNF562,de_wilcoxon_direction_reach_raw,0,0,higher,True,49
null,NISCH,de_wilcoxon_direction_reach_raw,0.054545454545454501,0.00043290043290043257,higher,True,56
null,CENPO,de_wilcoxon_direction_reach_raw,0.0138888888888888,0.00011022927689594285,higher,True,73
null,TMBIM6,de_wilcoxon_direction_reach_raw,0.0138888888888888,0.00011022927689594285,higher,True,73
null,TRAM2,de_wilcoxon_direction_reach_raw,0,0,higher,True,85
null,SV2A,de_wilcoxon_direction_reach_raw,0.0097087378640775997,7.7053475111726988e-05,higher,True,104
null,SRC,de_wilcoxon_direction_reach_raw,0.0079365079365078996,6.2988158226253172e-05,higher,True,127
null,TCF3,de_wilcoxon_direction_reach_raw,0,0,higher,True,127
null,CLDN7,de_wilcoxon_direction_reach_raw,0.0062893081761005998,4.9915144254766666e-05,higher,True,160
null,CDCA2,de_wilcoxon_direction_reach_raw,0.0049019607843137003,3.890445066915635e-05,higher,True,205
null,TARBP2,de_wilcoxon_direction_reach_raw,0,0,higher,True,211
null,IKBKG,de_wilcoxon_direction_reach_raw,0.0042194092827003999,3.3487375259526984e-05,higher,True,238
null,KLF10,de_wilcoxon_direction_reach_raw,0.0081300813008130003,6.4524454768357149e-05,higher,True,247
null,SIX4,de_wilcoxon_direction_reach_raw,0.0142348754448398,0.00011297520194317301,higher,True,282
null,STX4,de_wilcoxon_direction_reach_raw,0,0,higher,True,287
null,TAZ,de_wilcoxon_direction_reach_raw,0,0,higher,True,297
null,DHCR24,de_wilcoxon_direction_reach_raw,0,0,higher,True,307
null,HIRA,de_wilcoxon_direction_reach_raw,0.0027548209366390999,2.1863658227294445e-05,higher,True,364
null,ACVR1B,de_wilcoxon_direction_reach_raw,0,0,higher,True,374
null,FOXH1,de_wilcoxon_direction_reach_raw,0.0050505050505049998,4.0083373416706345e-05,higher,True,397
null,HMGB2,de_wilcoxon_direction_reach_raw,0,0,higher,True,399
null,PAGR1,de_wilcoxon_direction_reach_raw,0.0064377682403432999,5.1093398732883334e-05,higher,True,467
null,MED13L,de_wilcoxon_direction_reach_raw,0.0019230769230769,1.526251526251508e-05,higher,True,521
null,TET1,de_wilcoxon_direction_reach_raw,0,0,higher,True,522
null,PHF14,de_wilcoxon_direction_reach_raw,0,0,higher,True,522
null,DAXX,de_wilcoxon_direction_reach_raw,0,0,higher,True,541
null,RAF1,de_wilcoxon_direction_reach_raw,0,0,higher,True,542
null,HAT1,de_wilcoxon_direction_reach_raw,0.020220588235294101,0.00016048085901027064,higher,True,545
null,AKT2,de_wilcoxon_direction_reach_raw,0,0,higher,True,583
null,TXNDC9,de_wilcoxon_direction_reach_raw,0,0,higher,True,600
null,ZNF593,de_wilcoxon_direction_reach_raw,0.0015847860538827001,1.2577667094307144e-05,higher,True,632
null,MTA1,de_wilcoxon_direction_reach_raw,0.0014409221902017,1.143589039842619e-05,higher,True,695
null,CAST,de_wilcoxon_direction_reach_raw,0.0028368794326240998,2.2514916131937298e-05,higher,True,706
null,NDUFB6,de_wilcoxon_direction_reach_raw,0.0027137042062414999,2.1537334970170634e-05,higher,True,738
null,USP22,de_wilcoxon_direction_reach_raw,0,0,higher,True,768
null,NDUFB4,de_wilcoxon_direction_reach_raw,0.0012422360248446999,9.8590160701960314e-06,higher,True,806
null,UBE3C,de_wilcoxon_direction_reach_raw,0.0036014405762303998,2.8582861716114285e-05,higher,True,834
null,DLG5,de_wilcoxon_direction_reach_raw,0.0010834236186348001,8.5986001478952384e-06,higher,True,924
null,STAT6,de_wilcoxon_direction_reach_raw,0,0,higher,True,1007
null,XRCC4,de_wilcoxon_direction_reach_raw,0,0,higher,True,1146
null,SLC25A3,de_wilcoxon_direction_reach_raw,0,0,higher,True,1198
null,PRR12,de_wilcoxon_direction_reach_raw,0,0,higher,True,1244
null,KDM2B,de_wilcoxon_direction_reach_raw,0.00076923076923069995,6.1050061050055553e-06,higher,True,1301
null,SMAGP,de_wilcoxon_direction_reach_raw,0,0,higher,True,1345
null,BIRC2,de_wilcoxon_direction_reach_raw,0,0,higher,True,1502
null,MED12,de_wilcoxon_direction_reach_raw,0,0,higher,True,1664
null,UQCRQ,de_wilcoxon_direction_reach_raw,0.00059701492537309997,4.7382136934373013e-06,higher,True,1676
null,SSBP1,de_wilcoxon_direction_reach_raw,0,0,higher,True,1703
null,ATM,de_wilcoxon_direction_reach_raw,0,0,higher,True,1711
null,WSB2,de_wilcoxon_direction_reach_raw,0.00052631578947359996,4.177109440266666e-06,higher,True,1901
null,CHMP3,de_wilcoxon_direction_reach_raw,0.0010432968179447,8.2801334757515869e-06,higher,True,1918
null,MED13,de_wilcoxon_direction_reach_raw,0.00099304865938430005,7.8813385665420636e-06,higher,True,2015
null,GSK3B,de_wilcoxon_direction_reach_raw,0.00047058823529409999,3.7348272642388887e-06,higher,True,2126
null,PHF10,de_wilcoxon_direction_reach_raw,0,0,higher,True,2151
null,OXCT1,de_wilcoxon_direction_reach_raw,0,0,higher,True,2363
null,C1QBP,de_wilcoxon_direction_reach_raw,0,0,higher,True,2425
null,TGFBR2,de_wilcoxon_direction_reach_raw,0.00039572615749900001,3.1406837896746031e-06,higher,True,2528
null,TRAPPC6A,de_wilcoxon_direction_reach_raw,0.00039308176100619999,3.1196965159222221e-06,higher,True,2545
null,ARID1A,de_wilcoxon_direction_reach_raw,0,0,higher,True,2588
null,TFAM,de_wilcoxon_direction_reach_raw,0,0,higher,True,2602
null,SAFB,de_wilcoxon_direction_reach_raw,0.00071994240460760003,5.713828607996826e-06,higher,True,2779
null,METTL17,de_wilcoxon_direction_reach_raw,0,0,higher,True,2785
null,LRPPRC,de_wilcoxon_direction_reach_raw,0.00034399724802199998,2.7301368890634921e-06,higher,True,2908
null,LZTR1,de_wilcoxon_direction_reach_raw,0,0,higher,True,2933
null,EIF4B,de_wilcoxon_direction_reach_raw,0,0,higher,True,3245
null,TMSB10,de_wilcoxon_direction_reach_raw,0.000308261405672,2.4465190926349207e-06,higher,True,3245
null,EWSR1,de_wilcoxon_direction_reach_raw,0.00029137529137519998,2.3125023125015873e-06,higher,True,3433
null,ACAT2,de_wilcoxon_direction_reach_raw,0.00027731558513579999,2.2009173423476189e-06,higher,True,3607
null,RNF2,de_wilcoxon_direction_reach_raw,0,0,higher,True,3769
null,NIT1,de_wilcoxon_direction_reach_raw,0.00050087653393430002,3.9752105867801586e-06,higher,True,3994
null,MED1,de_wilcoxon_direction_reach_raw,0.00049443757725580004,3.9241077559984127e-06,higher,True,4046
null,CASP3,de_wilcoxon_direction_reach_raw,0,0,higher,True,4341
null,INSIG1,de_wilcoxon_direction_reach_raw,0.0011366219595362,9.020809202668255e-06,higher,True,4400
null,MBTPS1,de_wilcoxon_direction_reach_raw,0.0046937863209655,3.7252272388615076e-05,higher,True,4475
null,STAG2,de_wilcoxon_direction_reach_raw,0,0,higher,True,4563
null,MED24,de_wilcoxon_direction_reach_raw,0,0,higher,True,4915
null,TADA1,de_wilcoxon_direction_reach_raw,0,0,higher,True,5463
null,SOX2,de_wilcoxon_direction_reach_raw,0,0,higher,True,5828
null,SMARCA5,de_wilcoxon_direction_reach_raw,0,0,higher,True,6020
null,MAU2,de_wilcoxon_direction_reach_raw,0,0,higher,True,6092
null,KAT2A,de_wilcoxon_direction_reach_raw,0.00030907124092100001,2.452946356515873e-06,higher,True,6471
null,DNMT1,de_wilcoxon_direction_reach_raw,0,0,higher,True,6689
null,SIN3B,de_wilcoxon_direction_reach_raw,0.00014210601108419999,1.1278254847952381e-06,higher,True,7038
null,DHX36,de_wilcoxon_direction_reach_raw,0,0,higher,True,7128
null,SMARCA4,de_wilcoxon_direction_reach_raw,0,0,higher,True,7631
null,METTL14,de_wilcoxon_direction_reach_raw,0,0,higher,True,8468
null,METTL3,de_wilcoxon_direction_reach_raw,0.0001175088131609,9.326096282611111e-07,higher,True,8511
global,RAB3B,de_wilcoxon_direction_reach_raw,0,0,higher,True,2
global,TMSB4X,de_wilcoxon_direction_reach_raw,0,0,higher,True,3
global,LAD1,de_wilcoxon_direction_reach_raw,0,0,higher,True,3
global,PLCB3,de_wilcoxon_direction_reach_raw,0,0,higher,True,3
global,PMS1,de_wilcoxon_direction_reach_raw,0,0,higher,True,3
global,CAMSAP2,de_wilcoxon_direction_reach_raw,1,0.0079365079365079361,higher,True,4
global,DZIP3,de_wilcoxon_direction_reach_raw,0.33333333333333331,0.0026455026455026454,higher,True,4
global,NCK2,de_wilcoxon_direction_reach_raw,0.25,0.001984126984126984,higher,True,5
global,ZNF286A,de_wilcoxon_direction_reach_raw,0.5,0.003968253968253968,higher,True,5
global,ATP1B1,de_wilcoxon_direction_reach_raw,0.40000000000000002,0.0031746031746031746,higher,True,6
global,ANTXR1,de_wilcoxon_direction_reach_raw,0,0,higher,True,6
global,PTPN1,de_wilcoxon_direction_reach_raw,0,0,higher,True,7
global,HMGN1,de_wilcoxon_direction_reach_raw,0,0,higher,True,7
global,WFS1,de_wilcoxon_direction_reach_raw,0.14285714285714279,0.001133786848072562,higher,True,8
global,IDE,de_wilcoxon_direction_reach_raw,0.22222222222222221,0.0017636684303350969,higher,True,10
global,ZNF426,de_wilcoxon_direction_reach_raw,0,0,higher,True,10
global,IGF2R,de_wilcoxon_direction_reach_raw,0,0,higher,True,11
global,TSC22D4,de_wilcoxon_direction_reach_raw,0.10000000000000001,0.00079365079365079365,higher,True,11
global,EID2,de_wilcoxon_direction_reach_raw,0,0,higher,True,12
global,KIF1B,de_wilcoxon_direction_reach_raw,0,0,higher,True,13
global,MAPKAPK2,de_wilcoxon_direction_reach_raw,0.1666666666666666,0.0013227513227513222,higher,True,13
global,KDR,de_wilcoxon_direction_reach_raw,0.0769230769230769,0.00061050061050061028,higher,True,14
global,TWF2,de_wilcoxon_direction_reach_raw,0,0,higher,True,14
global,MKI67,de_wilcoxon_direction_reach_raw,0.2307692307692307,0.0018315018315018308,higher,True,14
global,STAT1,de_wilcoxon_direction_reach_raw,0,0,higher,True,15
global,MAP1B,de_wilcoxon_direction_reach_raw,0,0,higher,True,15
global,CALM3,de_wilcoxon_direction_reach_raw,0,0,higher,True,15
global,PRCP,de_wilcoxon_direction_reach_raw,0.066666666666666596,0.00052910052910052859,higher,True,16
global,POLB,de_wilcoxon_direction_reach_raw,0,0,higher,True,16
global,CREG1,de_wilcoxon_direction_reach_raw,0.125,0.00099206349206349201,higher,True,17
global,CASP2,de_wilcoxon_direction_reach_raw,0,0,higher,True,20
global,NRAS,de_wilcoxon_direction_reach_raw,0,0,higher,True,21
global,IRF3,de_wilcoxon_direction_reach_raw,0,0,higher,True,24
global,MAST2,de_wilcoxon_direction_reach_raw,0,0,higher,True,25
global,ZNF714,de_wilcoxon_direction_reach_raw,0,0,higher,True,27
global,CLDN6,de_wilcoxon_direction_reach_raw,0,0,higher,True,29
global,RRM1,de_wilcoxon_direction_reach_raw,0,0,higher,True,34
global,MAP3K7,de_wilcoxon_direction_reach_raw,0,0,higher,True,43
global,PBX1,de_wilcoxon_direction_reach_raw,0,0,higher,True,48
global,ZNF562,de_wilcoxon_direction_reach_raw,0.041666666666666602,0.00033068783068783018,higher,True,49
global,NISCH,de_wilcoxon_direction_reach_raw,0.072727272727272696,0.00057720057720057698,higher,True,56
global,CENPO,de_wilcoxon_direction_reach_raw,0.083333333333333301,0.00066137566137566112,higher,True,73
global,TMBIM6,de_wilcoxon_direction_reach_raw,0,0,higher,True,73
global,TRAM2,de_wilcoxon_direction_reach_raw,0,0,higher,True,85
global,SV2A,de_wilcoxon_direction_reach_raw,0,0,higher,True,104
global,SRC,de_wilcoxon_direction_reach_raw,0.087301587301587297,0.00069286974048878805,higher,True,127
global,TCF3,de_wilcoxon_direction_reach_raw,0,0,higher,True,127
global,CLDN7,de_wilcoxon_direction_reach_raw,0,0,higher,True,160
global,CDCA2,de_wilcoxon_direction_reach_raw,0,0,higher,True,205
global,TARBP2,de_wilcoxon_direction_reach_raw,0,0,higher,True,211
global,IKBKG,de_wilcoxon_direction_reach_raw,0.042194092827004197,0.00033487375259527138,higher,True,238
global,KLF10,de_wilcoxon_direction_reach_raw,0.044715447154471497,0.00035488450122596424,higher,True,247
global,SIX4,de_wilcoxon_direction_reach_raw,0,0,higher,True,282
global,STX4,de_wilcoxon_direction_reach_raw,0.0069930069930069002,5.5500055500054761e-05,higher,True,287
global,TAZ,de_wilcoxon_direction_reach_raw,0.050675675675675602,0.00040218790218790162,higher,True,297
global,DHCR24,de_wilcoxon_direction_reach_raw,0.0065359477124183,5.1872600892208733e-05,higher,True,307
global,HIRA,de_wilcoxon_direction_reach_raw,0.0055096418732781998,4.3727316454588889e-05,higher,True,364
global,ACVR1B,de_wilcoxon_direction_reach_raw,0,0,higher,True,374
global,FOXH1,de_wilcoxon_direction_reach_raw,0,0,higher,True,397
global,HMGB2,de_wilcoxon_direction_reach_raw,0.057788944723618001,0.0004586424184414127,higher,True,399
global,PAGR1,de_wilcoxon_direction_reach_raw,0.0128755364806867,0.00010218679746576747,higher,True,467
global,MED13L,de_wilcoxon_direction_reach_raw,0.034615384615384603,0.00027472527472527462,higher,True,521
global,TET1,de_wilcoxon_direction_reach_raw,0.0057581573896352996,4.5699661822502377e-05,higher,True,522
global,PHF14,de_wilcoxon_direction_reach_raw,0.0019193857965451001,1.5233220607500795e-05,higher,True,522
global,DAXX,de_wilcoxon_direction_reach_raw,0.011111111111111099,8.8183421516754761e-05,higher,True,541
global,RAF1,de_wilcoxon_direction_reach_raw,0.0036968576709796,2.9340140245869843e-05,higher,True,542
global,HAT1,de_wilcoxon_direction_reach_raw,0,0,higher,True,545
global,AKT2,de_wilcoxon_direction_reach_raw,0,0,higher,True,583
global,TXNDC9,de_wilcoxon_direction_reach_raw,0.035058430717863097,0.00027824151363383412,higher,True,600
global,ZNF593,de_wilcoxon_direction_reach_raw,0.0253565768621236,0.00020124267350891747,higher,True,632
global,MTA1,de_wilcoxon_direction_reach_raw,0.017291066282420699,0.00013723068478111664,higher,True,695
global,CAST,de_wilcoxon_direction_reach_raw,0.028368794326241099,0.0002251491613193738,higher,True,706
global,NDUFB6,de_wilcoxon_direction_reach_raw,0.0284938941655359,0.00022614201718679285,higher,True,738
global,USP22,de_wilcoxon_direction_reach_raw,0.0013037809647979,1.0347467974586509e-05,higher,True,768
global,NDUFB4,de_wilcoxon_direction_reach_raw,0.029813664596273201,0.00023661638568470795,higher,True,806
global,UBE3C,de_wilcoxon_direction_reach_raw,0.038415366146458498,0.0003048838583052262,higher,True,834
global,DLG5,de_wilcoxon_direction_reach_raw,0,0,higher,True,924
global,STAT6,de_wilcoxon_direction_reach_raw,0.0029821073558648002,2.3667518697339683e-05,higher,True,1007
global,XRCC4,de_wilcoxon_direction_reach_raw,0.0096069868995633002,7.6245927774311911e-05,higher,True,1146
global,SLC25A3,de_wilcoxon_direction_reach_raw,0.0083542188805346002,6.6303324448687309e-05,higher,True,1198
global,PRR12,de_wilcoxon_direction_reach_raw,0.0016090104585678999,1.2769924274348412e-05,higher,True,1244
global,KDM2B,de_wilcoxon_direction_reach_raw,0.025384615384615301,0.00020146520146520079,higher,True,1301
global,SMAGP,de_wilcoxon_direction_reach_raw,0.015625,0.0001240079365079365,higher,True,1345
global,BIRC2,de_wilcoxon_direction_reach_raw,0.0039973351099267,3.1724881824815076e-05,higher,True,1502
global,MED12,de_wilcoxon_direction_reach_raw,0.0018039687312085999,1.4317212152449205e-05,higher,True,1664
global,UQCRQ,de_wilcoxon_direction_reach_raw,0.017910447761194,0.00014214641080312698,higher,True,1676
global,SSBP1,de_wilcoxon_direction_reach_raw,0.0123311802701115,9.7866510080249998e-05,higher,True,1703
global,ATM,de_wilcoxon_direction_reach_raw,0,0,higher,True,1711
global,WSB2,de_wilcoxon_direction_reach_raw,0,0,higher,True,1901
global,CHMP3,de_wilcoxon_direction_reach_raw,0.0057381324986957999,4.5540734116633336e-05,higher,True,1918
global,MED13,de_wilcoxon_direction_reach_raw,0.00049652432969210004,3.9406692832706354e-06,higher,True,2015
global,GSK3B,de_wilcoxon_direction_reach_raw,0.00094117647058819998,7.4696545284777774e-06,higher,True,2126
global,PHF10,de_wilcoxon_direction_reach_raw,0,0,higher,True,2151
global,OXCT1,de_wilcoxon_direction_reach_raw,0.0016934801016088,1.3440318266736508e-05,higher,True,2363
global,C1QBP,de_wilcoxon_direction_reach_raw,0.00082508250825080005,6.5482738750063492e-06,higher,True,2425
global,TGFBR2,de_wilcoxon_direction_reach_raw,0,0,higher,True,2528
global,TRAPPC6A,de_wilcoxon_direction_reach_raw,0.0078616352201256994,6.2393930318457928e-05,higher,True,2545
global,ARID1A,de_wilcoxon_direction_reach_raw,0,0,higher,True,2588
global,TFAM,de_wilcoxon_direction_reach_raw,0.0080738177623990003,6.4077918749198414e-05,higher,True,2602
global,SAFB,de_wilcoxon_direction_reach_raw,0,0,higher,True,2779
global,METTL17,de_wilcoxon_direction_reach_raw,0.0061063218390804003,4.8462871738733334e-05,higher,True,2785
global,LRPPRC,de_wilcoxon_direction_reach_raw,0.0085999312005504008,6.8253422226590481e-05,higher,True,2908
global,LZTR1,de_wilcoxon_direction_reach_raw,0.0034106412005457001,2.7068580956711905e-05,higher,True,2933
global,EIF4B,de_wilcoxon_direction_reach_raw,0,0,higher,True,3245
global,TMSB10,de_wilcoxon_direction_reach_raw,0.0030826140567201,2.446519092635e-05,higher,True,3245
global,EWSR1,de_wilcoxon_direction_reach_raw,0,0,higher,True,3433
global,ACAT2,de_wilcoxon_direction_reach_raw,0.00027731558513579999,2.2009173423476189e-06,higher,True,3607
global,RNF2,de_wilcoxon_direction_reach_raw,0.00079617834394899996,6.3188757456269841e-06,higher,True,3769
global,NIT1,de_wilcoxon_direction_reach_raw,0.0012521913348359,9.9380264669515878e-06,higher,True,3994
global,MED1,de_wilcoxon_direction_reach_raw,0.0024721878862793002,1.9620538779994447e-05,higher,True,4046
global,CASP3,de_wilcoxon_direction_reach_raw,0.00023041474654370001,1.8286884646325397e-06,higher,True,4341
global,INSIG1,de_wilcoxon_direction_reach_raw,0.0050011366219595002,3.9691560491742066e-05,higher,True,4400
global,MBTPS1,de_wilcoxon_direction_reach_raw,0.013857845328565,0.00010998289943305556,higher,True,4475
global,STAG2,de_wilcoxon_direction_reach_raw,0.00043840420868039999,3.479398481590476e-06,higher,True,4563
global,MED24,de_wilcoxon_direction_reach_raw,0.00040700040700039999,3.2301619603206347e-06,higher,True,4915
global,TADA1,de_wilcoxon_direction_reach_raw,0.0021969974368362998,1.7436487593938889e-05,higher,True,5463
global,SOX2,de_wilcoxon_direction_reach_raw,0,0,higher,True,5828
global,SMARCA5,de_wilcoxon_direction_reach_raw,0.00016614055490940001,1.3185758326142858e-06,higher,True,6020
global,MAU2,de_wilcoxon_direction_reach_raw,0.0006565988181221,5.2111017311277779e-06,higher,True,6092
global,KAT2A,de_wilcoxon_direction_reach_raw,0.0016998918250656001,1.3491204960838097e-05,higher,True,6471
global,DNMT1,de_wilcoxon_direction_reach_raw,0.0011961722488037999,9.4934305460619038e-06,higher,True,6689
global,SIN3B,de_wilcoxon_direction_reach_raw,0.0002842120221685,2.2556509695912698e-06,higher,True,7038
global,DHX36,de_wilcoxon_direction_reach_raw,0.00028062298302230002,2.2271665319230159e-06,higher,True,7128
global,SMARCA4,de_wilcoxon_direction_reach_raw,0,0,higher,True,7631
global,METTL14,de_wilcoxon_direction_reach_raw,0,0,higher,True,8468
global,METTL3,de_wilcoxon_direction_reach_raw,0,0,higher,True,8511
LR,RAB3B,de_wilcoxon_direction_reach_raw,1,0.0079365079365079361,higher,True,2
LR,TMSB4X,de_wilcoxon_direction_reach_raw,1,0.0079365079365079361,higher,True,3
LR,LAD1,de_wilcoxon_direction_reach_raw,1,0.0079365079365079361,higher,True,3
LR,PLCB3,de_wilcoxon_direction_reach_raw,0,0,higher,True,3
LR,PMS1,de_wilcoxon_direction_reach_raw,0,0,higher,True,3
LR,CAMSAP2,de_wilcoxon_direction_reach_raw,1,0.0079365079365079361,higher,True,4
LR,DZIP3,de_wilcoxon_direction_reach_raw,0.66666666666666663,0.0052910052910052907,higher,True,4
LR,NCK2,de_wilcoxon_direction_reach_raw,0.25,0.001984126984126984,higher,True,5
LR,ZNF286A,de_wilcoxon_direction_reach_raw,0.75,0.0059523809523809521,higher,True,5
LR,ATP1B1,de_wilcoxon_direction_reach_raw,0.59999999999999987,0.0047619047619047606,higher,True,6
LR,ANTXR1,de_wilcoxon_direction_reach_raw,0.40000000000000002,0.0031746031746031746,higher,True,6
LR,PTPN1,de_wilcoxon_direction_reach_raw,0,0,higher,True,7
LR,HMGN1,de_wilcoxon_direction_reach_raw,0,0,higher,True,7
LR,WFS1,de_wilcoxon_direction_reach_raw,0,0,higher,True,8
LR,IDE,de_wilcoxon_direction_reach_raw,0.22222222222222221,0.0017636684303350969,higher,True,10
LR,ZNF426,de_wilcoxon_direction_reach_raw,0,0,higher,True,10
LR,IGF2R,de_wilcoxon_direction_reach_raw,0,0,higher,True,11
LR,TSC22D4,de_wilcoxon_direction_reach_raw,0,0,higher,True,11
LR,EID2,de_wilcoxon_direction_reach_raw,0.090909090909090898,0.00072150072150072139,higher,True,12
LR,KIF1B,de_wilcoxon_direction_reach_raw,0.25,0.001984126984126984,higher,True,13
LR,MAPKAPK2,de_wilcoxon_direction_reach_raw,0.1666666666666666,0.0013227513227513222,higher,True,13
LR,KDR,de_wilcoxon_direction_reach_raw,0.53846153846153844,0.0042735042735042731,higher,True,14
LR,TWF2,de_wilcoxon_direction_reach_raw,0,0,higher,True,14
LR,MKI67,de_wilcoxon_direction_reach_raw,0.0769230769230769,0.00061050061050061028,higher,True,14
LR,STAT1,de_wilcoxon_direction_reach_raw,0,0,higher,True,15
LR,MAP1B,de_wilcoxon_direction_reach_raw,0.14285714285714279,0.001133786848072562,higher,True,15
LR,CALM3,de_wilcoxon_direction_reach_raw,0.21428571428571419,0.0017006802721088428,higher,True,15
LR,PRCP,de_wilcoxon_direction_reach_raw,0.066666666666666596,0.00052910052910052859,higher,True,16
LR,POLB,de_wilcoxon_direction_reach_raw,0.33333333333333331,0.0026455026455026454,higher,True,16
LR,CREG1,de_wilcoxon_direction_reach_raw,0,0,higher,True,17
LR,CASP2,de_wilcoxon_direction_reach_raw,0.052631578947368397,0.00041771094402673331,higher,True,20
LR,NRAS,de_wilcoxon_direction_reach_raw,0,0,higher,True,21
LR,IRF3,de_wilcoxon_direction_reach_raw,0.043478260869565202,0.0003450655624568667,higher,True,24
LR,MAST2,de_wilcoxon_direction_reach_raw,0.041666666666666602,0.00033068783068783018,higher,True,25
LR,ZNF714,de_wilcoxon_direction_reach_raw,0,0,higher,True,27
LR,CLDN6,de_wilcoxon_direction_reach_raw,0,0,higher,True,29
LR,RRM1,de_wilcoxon_direction_reach_raw,0,0,higher,True,34
LR,MAP3K7,de_wilcoxon_direction_reach_raw,0.023809523809523801,0.00018896447467876032,higher,True,43
LR,PBX1,de_wilcoxon_direction_reach_raw,0,0,higher,True,48
LR,ZNF562,de_wilcoxon_direction_reach_raw,0.020833333333333301,0.00016534391534391509,higher,True,49
LR,NISCH,de_wilcoxon_direction_reach_raw,0.27272727272727271,0.0021645021645021645,higher,True,56
LR,CENPO,de_wilcoxon_direction_reach_raw,0.041666666666666602,0.00033068783068783018,higher,True,73
LR,TMBIM6,de_wilcoxon_direction_reach_raw,0,0,higher,True,73
LR,TRAM2,de_wilcoxon_direction_reach_raw,0.5714285714285714,0.0045351473922902496,higher,True,85
LR,SV2A,de_wilcoxon_direction_reach_raw,0.029126213592233,0.00023116042533518255,higher,True,104
LR,SRC,de_wilcoxon_direction_reach_raw,0,0,higher,True,127
LR,TCF3,de_wilcoxon_direction_reach_raw,0,0,higher,True,127
LR,CLDN7,de_wilcoxon_direction_reach_raw,0.0251572327044025,0.00019966057701906745,higher,True,160
LR,CDCA2,de_wilcoxon_direction_reach_raw,0.0049019607843137003,3.890445066915635e-05,higher,True,205
LR,TARBP2,de_wilcoxon_direction_reach_raw,0.10000000000000001,0.00079365079365079365,higher,True,211
LR,IKBKG,de_wilcoxon_direction_reach_raw,0.0042194092827003999,3.3487375259526984e-05,higher,True,238
LR,KLF10,de_wilcoxon_direction_reach_raw,0,0,higher,True,247
LR,SIX4,de_wilcoxon_direction_reach_raw,0,0,higher,True,282
LR,STX4,de_wilcoxon_direction_reach_raw,0,0,higher,True,287
LR,TAZ,de_wilcoxon_direction_reach_raw,0.0033783783783783001,2.6812526812526189e-05,higher,True,297
LR,DHCR24,de_wilcoxon_direction_reach_raw,0,0,higher,True,307
LR,HIRA,de_wilcoxon_direction_reach_raw,0.0110192837465564,8.7454632909177778e-05,higher,True,364
LR,ACVR1B,de_wilcoxon_direction_reach_raw,0,0,higher,True,374
LR,FOXH1,de_wilcoxon_direction_reach_raw,0.0303030303030303,0.00024050024050024048,higher,True,397
LR,HMGB2,de_wilcoxon_direction_reach_raw,0.0025125628140703002,1.9940974714843654e-05,higher,True,399
LR,PAGR1,de_wilcoxon_direction_reach_raw,0,0,higher,True,467
LR,MED13L,de_wilcoxon_direction_reach_raw,0,0,higher,True,521
LR,TET1,de_wilcoxon_direction_reach_raw,0.034548944337811902,0.00027419797093501512,higher,True,522
LR,PHF14,de_wilcoxon_direction_reach_raw,0.0575815738963531,0.0004569966182250246,higher,True,522
LR,DAXX,de_wilcoxon_direction_reach_raw,0.020370370370370299,0.00016166960611404998,higher,True,541
LR,RAF1,de_wilcoxon_direction_reach_raw,0.0018484288354898,1.4670070122934921e-05,higher,True,542
LR,HAT1,de_wilcoxon_direction_reach_raw,0.0018382352941176,1.4589169000933333e-05,higher,True,545
LR,AKT2,de_wilcoxon_direction_reach_raw,0,0,higher,True,583
LR,TXNDC9,de_wilcoxon_direction_reach_raw,0.0033388981636060001,2.6499191774650794e-05,higher,True,600
LR,ZNF593,de_wilcoxon_direction_reach_raw,0,0,higher,True,632
LR,MTA1,de_wilcoxon_direction_reach_raw,0.0072046109510086002,5.7179451992131747e-05,higher,True,695
LR,CAST,de_wilcoxon_direction_reach_raw,0,0,higher,True,706
LR,NDUFB6,de_wilcoxon_direction_reach_raw,0,0,higher,True,738
LR,USP22,de_wilcoxon_direction_reach_raw,0,0,higher,True,768
LR,NDUFB4,de_wilcoxon_direction_reach_raw,0,0,higher,True,806
LR,UBE3C,de_wilcoxon_direction_reach_raw,0.0132052821128451,0.00010480382629242143,higher,True,834
LR,DLG5,de_wilcoxon_direction_reach_raw,0,0,higher,True,924
LR,STAT6,de_wilcoxon_direction_reach_raw,0,0,higher,True,1007
LR,XRCC4,de_wilcoxon_direction_reach_raw,0,0,higher,True,1146
LR,SLC25A3,de_wilcoxon_direction_reach_raw,0,0,higher,True,1198
LR,PRR12,de_wilcoxon_direction_reach_raw,0.0016090104585678999,1.2769924274348412e-05,higher,True,1244
LR,KDM2B,de_wilcoxon_direction_reach_raw,0,0,higher,True,1301
LR,SMAGP,de_wilcoxon_direction_reach_raw,0,0,higher,True,1345
LR,BIRC2,de_wilcoxon_direction_reach_raw,0.00066622251832109997,5.2874803041357136e-06,higher,True,1502
LR,MED12,de_wilcoxon_direction_reach_raw,0,0,higher,True,1664
LR,UQCRQ,de_wilcoxon_direction_reach_raw,0,0,higher,True,1676
LR,SSBP1,de_wilcoxon_direction_reach_raw,0,0,higher,True,1703
LR,ATM,de_wilcoxon_direction_reach_raw,0.00058479532163740002,4.6412327114079365e-06,higher,True,1711
LR,WSB2,de_wilcoxon_direction_reach_raw,0,0,higher,True,1901
LR,CHMP3,de_wilcoxon_direction_reach_raw,0,0,higher,True,1918
LR,MED13,de_wilcoxon_direction_reach_raw,0.00049652432969210004,3.9406692832706354e-06,higher,True,2015
LR,GSK3B,de_wilcoxon_direction_reach_raw,0.0023529411764705,1.8674136321194443e-05,higher,True,2126
LR,PHF10,de_wilcoxon_direction_reach_raw,0,0,higher,True,2151
LR,OXCT1,de_wilcoxon_direction_reach_raw,0.00084674005080439998,6.7201591333682539e-06,higher,True,2363
LR,C1QBP,de_wilcoxon_direction_reach_raw,0.00082508250825080005,6.5482738750063492e-06,higher,True,2425
LR,TGFBR2,de_wilcoxon_direction_reach_raw,0.001187178472497,9.4220513690238085e-06,higher,True,2528
LR,TRAPPC6A,de_wilcoxon_direction_reach_raw,0.00039308176100619999,3.1196965159222221e-06,higher,True,2545
LR,ARID1A,de_wilcoxon_direction_reach_raw,0.0023192887514494999,1.840705358293254e-05,higher,True,2588
LR,TFAM,de_wilcoxon_direction_reach_raw,0.0057670126874279004,4.5769941963713493e-05,higher,True,2602
LR,SAFB,de_wilcoxon_direction_reach_raw,0.00071994240460760003,5.713828607996826e-06,higher,True,2779
LR,METTL17,de_wilcoxon_direction_reach_raw,0.0010775862068965001,8.5522714833055564e-06,higher,True,2785
LR,LRPPRC,de_wilcoxon_direction_reach_raw,0.00034399724802199998,2.7301368890634921e-06,higher,True,2908
LR,LZTR1,de_wilcoxon_direction_reach_raw,0.0013642564802181999,1.0827432382684127e-05,higher,True,2933
LR,EIF4B,de_wilcoxon_direction_reach_raw,0.0015413070283599999,1.2232595463174602e-05,higher,True,3245
LR,TMSB10,de_wilcoxon_direction_reach_raw,0.000616522811344,4.8930381852698413e-06,higher,True,3245
LR,EWSR1,de_wilcoxon_direction_reach_raw,0,0,higher,True,3433
LR,ACAT2,de_wilcoxon_direction_reach_raw,0,0,higher,True,3607
LR,RNF2,de_wilcoxon_direction_reach_raw,0,0,higher,True,3769
LR,NIT1,de_wilcoxon_direction_reach_raw,0,0,higher,True,3994
LR,MED1,de_wilcoxon_direction_reach_raw,0.00024721878862790002,1.9620538779992063e-06,higher,True,4046
LR,CASP3,de_wilcoxon_direction_reach_raw,0.0048387096774193004,3.8402457757296033e-05,higher,True,4341
LR,INSIG1,de_wilcoxon_direction_reach_raw,0,0,higher,True,4400
LR,MBTPS1,de_wilcoxon_direction_reach_raw,0.0026821636119803002,2.1287012793494445e-05,higher,True,4475
LR,STAG2,de_wilcoxon_direction_reach_raw,0,0,higher,True,4563
LR,MED24,de_wilcoxon_direction_reach_raw,0,0,higher,True,4915
LR,TADA1,de_wilcoxon_direction_reach_raw,0,0,higher,True,5463
LR,SOX2,de_wilcoxon_direction_reach_raw,0,0,higher,True,5828
LR,SMARCA5,de_wilcoxon_direction_reach_raw,0.00016614055490940001,1.3185758326142858e-06,higher,True,6020
LR,MAU2,de_wilcoxon_direction_reach_raw,0.00016414970453050001,1.3027754327817461e-06,higher,True,6092
LR,KAT2A,de_wilcoxon_direction_reach_raw,0.00030907124092100001,2.452946356515873e-06,higher,True,6471
LR,DNMT1,de_wilcoxon_direction_reach_raw,0.00029904306220090001,2.3733576365150795e-06,higher,True,6689
LR,SIN3B,de_wilcoxon_direction_reach_raw,0,0,higher,True,7038
LR,DHX36,de_wilcoxon_direction_reach_raw,0.0001403114915111,1.1135832659611111e-06,higher,True,7128
LR,SMARCA4,de_wilcoxon_direction_reach_raw,0.00065530799475750005,5.2008571012500007e-06,higher,True,7631
LR,METTL14,de_wilcoxon_direction_reach_raw,0.0001181055863942,9.3734592376349204e-07,higher,True,8468
LR,METTL3,de_wilcoxon_direction_reach_raw,0.0001175088131609,9.326096282611111e-07,higher,True,8511
LR+global,RAB3B,de_wilcoxon_direction_reach_raw,1,0.0079365079365079361,higher,True,2
LR+global,TMSB4X,de_wilcoxon_direction_reach_raw,1,0.0079365079365079361,higher,True,3
LR+global,LAD1,de_wilcoxon_direction_reach_raw,1,0.0079365079365079361,higher,True,3
LR+global,PLCB3,de_wilcoxon_direction_reach_raw,0,0,higher,True,3
LR+global,PMS1,de_wilcoxon_direction_reach_raw,0,0,higher,True,3
LR+global,CAMSAP2,de_wilcoxon_direction_reach_raw,1,0.0079365079365079361,higher,True,4
LR+global,DZIP3,de_wilcoxon_direction_reach_raw,0.66666666666666663,0.0052910052910052907,higher,True,4
LR+global,NCK2,de_wilcoxon_direction_reach_raw,0.25,0.001984126984126984,higher,True,5
LR+global,ZNF286A,de_wilcoxon_direction_reach_raw,0.5,0.003968253968253968,higher,True,5
LR+global,ATP1B1,de_wilcoxon_direction_reach_raw,0.59999999999999987,0.0047619047619047606,higher,True,6
LR+global,ANTXR1,de_wilcoxon_direction_reach_raw,0.40000000000000002,0.0031746031746031746,higher,True,6
LR+global,PTPN1,de_wilcoxon_direction_reach_raw,0,0,higher,True,7
LR+global,HMGN1,de_wilcoxon_direction_reach_raw,0,0,higher,True,7
LR+global,WFS1,de_wilcoxon_direction_reach_raw,0,0,higher,True,8
LR+global,IDE,de_wilcoxon_direction_reach_raw,0.22222222222222221,0.0017636684303350969,higher,True,10
LR+global,ZNF426,de_wilcoxon_direction_reach_raw,0,0,higher,True,10
LR+global,IGF2R,de_wilcoxon_direction_reach_raw,0,0,higher,True,11
LR+global,TSC22D4,de_wilcoxon_direction_reach_raw,0,0,higher,True,11
LR+global,EID2,de_wilcoxon_direction_reach_raw,0.090909090909090898,0.00072150072150072139,higher,True,12
LR+global,KIF1B,de_wilcoxon_direction_reach_raw,0.083333333333333301,0.00066137566137566112,higher,True,13
LR+global,MAPKAPK2,de_wilcoxon_direction_reach_raw,0.25,0.001984126984126984,higher,True,13
LR+global,KDR,de_wilcoxon_direction_reach_raw,0.46153846153846151,0.0036630036630036626,higher,True,14
LR+global,TWF2,de_wilcoxon_direction_reach_raw,0,0,higher,True,14
LR+global,MKI67,de_wilcoxon_direction_reach_raw,0.0769230769230769,0.00061050061050061028,higher,True,14
LR+global,STAT1,de_wilcoxon_direction_reach_raw,0,0,higher,True,15
LR+global,MAP1B,de_wilcoxon_direction_reach_raw,0.21428571428571419,0.0017006802721088428,higher,True,15
LR+global,CALM3,de_wilcoxon_direction_reach_raw,0.21428571428571419,0.0017006802721088428,higher,True,15
LR+global,PRCP,de_wilcoxon_direction_reach_raw,0.066666666666666596,0.00052910052910052859,higher,True,16
LR+global,POLB,de_wilcoxon_direction_reach_raw,0.33333333333333331,0.0026455026455026454,higher,True,16
LR+global,CREG1,de_wilcoxon_direction_reach_raw,0.0625,0.000496031746031746,higher,True,17
LR+global,CASP2,de_wilcoxon_direction_reach_raw,0.052631578947368397,0.00041771094402673331,higher,True,20
LR+global,NRAS,de_wilcoxon_direction_reach_raw,0.10000000000000001,0.00079365079365079365,higher,True,21
LR+global,IRF3,de_wilcoxon_direction_reach_raw,0.043478260869565202,0.0003450655624568667,higher,True,24
LR+global,MAST2,de_wilcoxon_direction_reach_raw,0.083333333333333301,0.00066137566137566112,higher,True,25
LR+global,ZNF714,de_wilcoxon_direction_reach_raw,0.0769230769230769,0.00061050061050061028,higher,True,27
LR+global,CLDN6,de_wilcoxon_direction_reach_raw,0,0,higher,True,29
LR+global,RRM1,de_wilcoxon_direction_reach_raw,0,0,higher,True,34
LR+global,MAP3K7,de_wilcoxon_direction_reach_raw,0,0,higher,True,43
LR+global,PBX1,de_wilcoxon_direction_reach_raw,0,0,higher,True,48
LR+global,ZNF562,de_wilcoxon_direction_reach_raw,0.041666666666666602,0.00033068783068783018,higher,True,49
LR+global,NISCH,de_wilcoxon_direction_reach_raw,0.1818181818181818,0.0014430014430014428,higher,True,56
LR+global,CENPO,de_wilcoxon_direction_reach_raw,0.055555555555555497,0.00044091710758377379,higher,True,73
LR+global,TMBIM6,de_wilcoxon_direction_reach_raw,0,0,higher,True,73
LR+global,TRAM2,de_wilcoxon_direction_reach_raw,0.48809523809523803,0.0038737717309145873,higher,True,85
LR+global,SV2A,de_wilcoxon_direction_reach_raw,0.029126213592233,0.00023116042533518255,higher,True,104
LR+global,SRC,de_wilcoxon_direction_reach_raw,0.0079365079365078996,6.2988158226253172e-05,higher,True,127
LR+global,TCF3,de_wilcoxon_direction_reach_raw,0,0,higher,True,127
LR+global,CLDN7,de_wilcoxon_direction_reach_raw,0.0251572327044025,0.00019966057701906745,higher,True,160
LR+global,CDCA2,de_wilcoxon_direction_reach_raw,0,0,higher,True,205
LR+global,TARBP2,de_wilcoxon_direction_reach_raw,0.019047619047619001,0.00015117157974300793,higher,True,211
LR+global,IKBKG,de_wilcoxon_direction_reach_raw,0,0,higher,True,238
LR+global,KLF10,de_wilcoxon_direction_reach_raw,0,0,higher,True,247
LR+global,SIX4,de_wilcoxon_direction_reach_raw,0,0,higher,True,282
LR+global,STX4,de_wilcoxon_direction_reach_raw,0.0034965034965035,2.7750027750027777e-05,higher,True,287
LR+global,TAZ,de_wilcoxon_direction_reach_raw,0.010135135135135099,8.043758043758015e-05,higher,True,297
LR+global,DHCR24,de_wilcoxon_direction_reach_raw,0,0,higher,True,307
LR+global,HIRA,de_wilcoxon_direction_reach_raw,0.013774104683195501,0.00010931829113647223,higher,True,364
LR+global,ACVR1B,de_wilcoxon_direction_reach_raw,0,0,higher,True,374
LR+global,FOXH1,de_wilcoxon_direction_reach_raw,0.0101010101010101,8.0166746833413489e-05,higher,True,397
LR+global,HMGB2,de_wilcoxon_direction_reach_raw,0.0025125628140703002,1.9940974714843654e-05,higher,True,399
LR+global,PAGR1,de_wilcoxon_direction_reach_raw,0,0,higher,True,467
LR+global,MED13L,de_wilcoxon_direction_reach_raw,0.042307692307692303,0.00033577533577533572,higher,True,521
LR+global,TET1,de_wilcoxon_direction_reach_raw,0.051823416506717797,0.00041129695640252219,higher,True,522
LR+global,PHF14,de_wilcoxon_direction_reach_raw,0.14203454894433781,0.0011272583249550621,higher,True,522
LR+global,DAXX,de_wilcoxon_direction_reach_raw,0.031481481481481402,0.00024985302763080478,higher,True,541
LR+global,RAF1,de_wilcoxon_direction_reach_raw,0.0036968576709796,2.9340140245869843e-05,higher,True,542
LR+global,HAT1,de_wilcoxon_direction_reach_raw,0.0055147058823528999,4.3767507002800796e-05,higher,True,545
LR+global,AKT2,de_wilcoxon_direction_reach_raw,0.0017182130584191999,1.3636611574755556e-05,higher,True,583
LR+global,TXNDC9,de_wilcoxon_direction_reach_raw,0.026711185308848001,0.00021199353419720636,higher,True,600
LR+global,ZNF593,de_wilcoxon_direction_reach_raw,0.0063391442155309001,5.0310668377229367e-05,higher,True,632
LR+global,MTA1,de_wilcoxon_direction_reach_raw,0.0100864553314121,8.0051232788984917e-05,higher,True,695
LR+global,CAST,de_wilcoxon_direction_reach_raw,0,0,higher,True,706
LR+global,NDUFB6,de_wilcoxon_direction_reach_raw,0,0,higher,True,738
LR+global,USP22,de_wilcoxon_direction_reach_raw,0.0013037809647979,1.0347467974586509e-05,higher,True,768
LR+global,NDUFB4,de_wilcoxon_direction_reach_raw,0,0,higher,True,806
LR+global,UBE3C,de_wilcoxon_direction_reach_raw,0.084033613445378103,0.00066693344004268337,higher,True,834
LR+global,DLG5,de_wilcoxon_direction_reach_raw,0.0021668472372696999,1.719720029579127e-05,higher,True,924
LR+global,STAT6,de_wilcoxon_direction_reach_raw,0,0,higher,True,1007
LR+global,XRCC4,de_wilcoxon_direction_reach_raw,0,0,higher,True,1146
LR+global,SLC25A3,de_wilcoxon_direction_reach_raw,0,0,higher,True,1198
LR+global,PRR12,de_wilcoxon_direction_reach_raw,0.0016090104585678999,1.2769924274348412e-05,higher,True,1244
LR+global,KDM2B,de_wilcoxon_direction_reach_raw,0.0015384615384615001,1.2210012210011905e-05,higher,True,1301
LR+global,SMAGP,de_wilcoxon_direction_reach_raw,0.00074404761904760003,5.9051398337111117e-06,higher,True,1345
LR+global,BIRC2,de_wilcoxon_direction_reach_raw,0.0073284477015323002,5.8162283345494443e-05,higher,True,1502
LR+global,MED12,de_wilcoxon_direction_reach_raw,0,0,higher,True,1664
LR+global,UQCRQ,de_wilcoxon_direction_reach_raw,0,0,higher,True,1676
LR+global,SSBP1,de_wilcoxon_direction_reach_raw,0,0,higher,True,1703
LR+global,ATM,de_wilcoxon_direction_reach_raw,0,0,higher,True,1711
LR+global,WSB2,de_wilcoxon_direction_reach_raw,0,0,higher,True,1901
LR+global,CHMP3,de_wilcoxon_direction_reach_raw,0,0,higher,True,1918
LR+global,MED13,de_wilcoxon_direction_reach_raw,0,0,higher,True,2015
LR+global,GSK3B,de_wilcoxon_direction_reach_raw,0.0070588235294116999,5.6022408963584921e-05,higher,True,2126
LR+global,PHF10,de_wilcoxon_direction_reach_raw,0.00046511627906969998,3.6913990402357143e-06,higher,True,2151
LR+global,OXCT1,de_wilcoxon_direction_reach_raw,0.0042337002540219996,3.3600795666841268e-05,higher,True,2363
LR+global,C1QBP,de_wilcoxon_direction_reach_raw,0.00041254125412540002,3.2741369375031746e-06,higher,True,2425
LR+global,TGFBR2,de_wilcoxon_direction_reach_raw,0.001582904629996,1.2562735158698412e-05,higher,True,2528
LR+global,TRAPPC6A,de_wilcoxon_direction_reach_raw,0.00039308176100619999,3.1196965159222221e-06,higher,True,2545
LR+global,ARID1A,de_wilcoxon_direction_reach_raw,0.0030923850019327001,2.4542738110576985e-05,higher,True,2588
LR+global,TFAM,de_wilcoxon_direction_reach_raw,0.0084582852748942006,6.712924821344604e-05,higher,True,2602
LR+global,SAFB,de_wilcoxon_direction_reach_raw,0.0014398848092152001,1.1427657215993652e-05,higher,True,2779
LR+global,METTL17,de_wilcoxon_direction_reach_raw,0.00071839080459769995,5.7015143222039677e-06,higher,True,2785
LR+global,LRPPRC,de_wilcoxon_direction_reach_raw,0.0020639834881319998,1.6380821334380952e-05,higher,True,2908
LR+global,LZTR1,de_wilcoxon_direction_reach_raw,0.0017053206002728,1.3534290478355555e-05,higher,True,2933
LR+global,EIF4B,de_wilcoxon_direction_reach_raw,0.001233045622688,9.7860763705396826e-06,higher,True,3245
LR+global,TMSB10,de_wilcoxon_direction_reach_raw,0.000308261405672,2.4465190926349207e-06,higher,True,3245
LR+global,EWSR1,de_wilcoxon_direction_reach_raw,0,0,higher,True,3433
LR+global,ACAT2,de_wilcoxon_direction_reach_raw,0,0,higher,True,3607
LR+global,RNF2,de_wilcoxon_direction_reach_raw,0,0,higher,True,3769
LR+global,NIT1,de_wilcoxon_direction_reach_raw,0,0,higher,True,3994
LR+global,MED1,de_wilcoxon_direction_reach_raw,0.00074165636588379997,5.8861616339984127e-06,higher,True,4046
LR+global,CASP3,de_wilcoxon_direction_reach_raw,0.0147465437788018,0.00011703606173652222,higher,True,4341
LR+global,INSIG1,de_wilcoxon_direction_reach_raw,0,0,higher,True,4400
LR+global,MBTPS1,de_wilcoxon_direction_reach_raw,0.0158694680375502,0.0001259481590281762,higher,True,4475
LR+global,STAG2,de_wilcoxon_direction_reach_raw,0.00021920210434019999,1.739699240795238e-06,higher,True,4563
LR+global,MED24,de_wilcoxon_direction_reach_raw,0,0,higher,True,4915
LR+global,TADA1,de_wilcoxon_direction_reach_raw,0,0,higher,True,5463
LR+global,SOX2,de_wilcoxon_direction_reach_raw,0,0,higher,True,5828
LR+global,SMARCA5,de_wilcoxon_direction_reach_raw,0.00016614055490940001,1.3185758326142858e-06,higher,True,6020
LR+global,MAU2,de_wilcoxon_direction_reach_raw,0.00049244911359160005,3.9083262983460323e-06,higher,True,6092
LR+global,KAT2A,de_wilcoxon_direction_reach_raw,0,0,higher,True,6471
LR+global,DNMT1,de_wilcoxon_direction_reach_raw,0.00014952153110039999,1.1866788182571427e-06,higher,True,6689
LR+global,SIN3B,de_wilcoxon_direction_reach_raw,0,0,higher,True,7038
LR+global,DHX36,de_wilcoxon_direction_reach_raw,0.0001403114915111,1.1135832659611111e-06,higher,True,7128
LR+global,SMARCA4,de_wilcoxon_direction_reach_raw,0.00052424639580599998,4.1606856809999999e-06,higher,True,7631
LR+global,METTL14,de_wilcoxon_direction_reach_raw,0.00035431675918270002,2.8120377712912699e-06,higher,True,8468
LR+global,METTL3,de_wilcoxon_direction_reach_raw,0.0001175088131609,9.326096282611111e-07,higher,True,8511
null,RAB3B,de_wilcoxon_sig_jaccard,0,0,higher,True,2
null,TMSB4X,de_wilcoxon_sig_jaccard,0,0,higher,True,3
null,LAD1,de_wilcoxon_sig_jaccard,0,0,higher,True,3
null,PLCB3,de_wilcoxon_sig_jaccard,0,0,higher,True,3
null,PMS1,de_wilcoxon_sig_jaccard,0,0,higher,True,3
null,CAMSAP2,de_wilcoxon_sig_jaccard,0,0,higher,True,4
null,DZIP3,de_wilcoxon_sig_jaccard,0,0,higher,True,4
null,NCK2,de_wilcoxon_sig_jaccard,0,0,higher,True,5
null,ZNF286A,de_wilcoxon_sig_jaccard,0,0,higher,True,5
null,ATP1B1,de_wilcoxon_sig_jaccard,0,0,higher,True,6
null,ANTXR1,de_wilcoxon_sig_jaccard,0,0,higher,True,6
null,PTPN1,de_wilcoxon_sig_jaccard,0,0,higher,True,7
null,HMGN1,de_wilcoxon_sig_jaccard,0,0,higher,True,7
null,WFS1,de_wilcoxon_sig_jaccard,0,0,higher,True,8
null,IDE,de_wilcoxon_sig_jaccard,0,0,higher,True,10
null,ZNF426,de_wilcoxon_sig_jaccard,0,0,higher,True,10
null,IGF2R,de_wilcoxon_sig_jaccard,0,0,higher,True,11
null,TSC22D4,de_wilcoxon_sig_jaccard,0,0,higher,True,11
null,EID2,de_wilcoxon_sig_jaccard,0,0,higher,True,12
null,KIF1B,de_wilcoxon_sig_jaccard,0,0,higher,True,13
null,MAPKAPK2,de_wilcoxon_sig_jaccard,0,0,higher,True,13
null,KDR,de_wilcoxon_sig_jaccard,0,0,higher,True,14
null,TWF2,de_wilcoxon_sig_jaccard,0,0,higher,True,14
null,MKI67,de_wilcoxon_sig_jaccard,0,0,higher,True,14
null,STAT1,de_wilcoxon_sig_jaccard,0,0,higher,True,15
null,MAP1B,de_wilcoxon_sig_jaccard,0,0,higher,True,15
null,CALM3,de_wilcoxon_sig_jaccard,0,0,higher,True,15
null,PRCP,de_wilcoxon_sig_jaccard,0,0,higher,True,16
null,POLB,de_wilcoxon_sig_jaccard,0,0,higher,True,16
null,CREG1,de_wilcoxon_sig_jaccard,0,0,higher,True,17
null,CASP2,de_wilcoxon_sig_jaccard,0,0,higher,True,20
null,NRAS,de_wilcoxon_sig_jaccard,0,0,higher,True,21
null,IRF3,de_wilcoxon_sig_jaccard,0,0,higher,True,24
null,MAST2,de_wilcoxon_sig_jaccard,0,0,higher,True,25
null,ZNF714,de_wilcoxon_sig_jaccard,0,0,higher,True,27
null,CLDN6,de_wilcoxon_sig_jaccard,0,0,higher,True,29
null,RRM1,de_wilcoxon_sig_jaccard,0,0,higher,True,34
null,MAP3K7,de_wilcoxon_sig_jaccard,0,0,higher,True,43
null,PBX1,de_wilcoxon_sig_jaccard,0,0,higher,True,48
null,ZNF562,de_wilcoxon_sig_jaccard,0,0,higher,True,49
null,NISCH,de_wilcoxon_sig_jaccard,0,0,higher,True,56
null,CENPO,de_wilcoxon_sig_jaccard,0,0,higher,True,73
null,TMBIM6,de_wilcoxon_sig_jaccard,0,0,higher,True,73
null,TRAM2,de_wilcoxon_sig_jaccard,0,0,higher,True,85
null,SV2A,de_wilcoxon_sig_jaccard,0,0,higher,True,104
null,SRC,de_wilcoxon_sig_jaccard,0,0,higher,True,127
null,TCF3,de_wilcoxon_sig_jaccard,0,0,higher,True,127
null,CLDN7,de_wilcoxon_sig_jaccard,0,0,higher,True,160
null,CDCA2,de_wilcoxon_sig_jaccard,0,0,higher,True,205
null,TARBP2,de_wilcoxon_sig_jaccard,0,0,higher,True,211
null,IKBKG,de_wilcoxon_sig_jaccard,0,0,higher,True,238
null,KLF10,de_wilcoxon_sig_jaccard,0,0,higher,True,247
null,SIX4,de_wilcoxon_sig_jaccard,0,0,higher,True,282
null,STX4,de_wilcoxon_sig_jaccard,0,0,higher,True,287
null,TAZ,de_wilcoxon_sig_jaccard,0,0,higher,True,297
null,DHCR24,de_wilcoxon_sig_jaccard,0,0,higher,True,307
null,HIRA,de_wilcoxon_sig_jaccard,0,0,higher,True,364
null,ACVR1B,de_wilcoxon_sig_jaccard,0,0,higher,True,374
null,FOXH1,de_wilcoxon_sig_jaccard,0,0,higher,True,397
null,HMGB2,de_wilcoxon_sig_jaccard,0,0,higher,True,399
null,PAGR1,de_wilcoxon_sig_jaccard,0,0,higher,True,467
null,MED13L,de_wilcoxon_sig_jaccard,0,0,higher,True,521
null,TET1,de_wilcoxon_sig_jaccard,0,0,higher,True,522
null,PHF14,de_wilcoxon_sig_jaccard,0,0,higher,True,522
null,DAXX,de_wilcoxon_sig_jaccard,0,0,higher,True,541
null,RAF1,de_wilcoxon_sig_jaccard,0,0,higher,True,542
null,HAT1,de_wilcoxon_sig_jaccard,0,0,higher,True,545
null,AKT2,de_wilcoxon_sig_jaccard,0,0,higher,True,583
null,TXNDC9,de_wilcoxon_sig_jaccard,0,0,higher,True,600
null,ZNF593,de_wilcoxon_sig_jaccard,0,0,higher,True,632
null,MTA1,de_wilcoxon_sig_jaccard,0,0,higher,True,695
null,CAST,de_wilcoxon_sig_jaccard,0,0,higher,True,706
null,NDUFB6,de_wilcoxon_sig_jaccard,0,0,higher,True,738
null,USP22,de_wilcoxon_sig_jaccard,0,0,higher,True,768
null,NDUFB4,de_wilcoxon_sig_jaccard,0,0,higher,True,806
null,UBE3C,de_wilcoxon_sig_jaccard,0,0,higher,True,834
null,DLG5,de_wilcoxon_sig_jaccard,0,0,higher,True,924
null,STAT6,de_wilcoxon_sig_jaccard,0,0,higher,True,1007
null,XRCC4,de_wilcoxon_sig_jaccard,0,0,higher,True,1146
null,SLC25A3,de_wilcoxon_sig_jaccard,0,0,higher,True,1198
null,PRR12,de_wilcoxon_sig_jaccard,0,0,higher,True,1244
null,KDM2B,de_wilcoxon_sig_jaccard,0,0,higher,True,1301
null,SMAGP,de_wilcoxon_sig_jaccard,0,0,higher,True,1345
null,BIRC2,de_wilcoxon_sig_jaccard,0,0,higher,True,1502
null,MED12,de_wilcoxon_sig_jaccard,0,0,higher,True,1664
null,UQCRQ,de_wilcoxon_sig_jaccard,0,0,higher,True,1676
null,SSBP1,de_wilcoxon_sig_jaccard,0,0,higher,True,1703
null,ATM,de_wilcoxon_sig_jaccard,0,0,higher,True,1711
null,WSB2,de_wilcoxon_sig_jaccard,0,0,higher,True,1901
null,CHMP3,de_wilcoxon_sig_jaccard,0,0,higher,True,1918
null,MED13,de_wilcoxon_sig_jaccard,0,0,higher,True,2015
null,GSK3B,de_wilcoxon_sig_jaccard,0,0,higher,True,2126
null,PHF10,de_wilcoxon_sig_jaccard,0,0,higher,True,2151
null,OXCT1,de_wilcoxon_sig_jaccard,0,0,higher,True,2363
null,C1QBP,de_wilcoxon_sig_jaccard,0,0,higher,True,2425
null,TGFBR2,de_wilcoxon_sig_jaccard,0,0,higher,True,2528
null,TRAPPC6A,de_wilcoxon_sig_jaccard,0,0,higher,True,2545
null,ARID1A,de_wilcoxon_sig_jaccard,0,0,higher,True,2588
null,TFAM,de_wilcoxon_sig_jaccard,0,0,higher,True,2602
null,SAFB,de_wilcoxon_sig_jaccard,0,0,higher,True,2779
null,METTL17,de_wilcoxon_sig_jaccard,0,0,higher,True,2785
null,LRPPRC,de_wilcoxon_sig_jaccard,0,0,higher,True,2908
null,LZTR1,de_wilcoxon_sig_jaccard,0,0,higher,True,2933
null,EIF4B,de_wilcoxon_sig_jaccard,0,0,higher,True,3245
null,TMSB10,de_wilcoxon_sig_jaccard,0,0,higher,True,3245
null,EWSR1,de_wilcoxon_sig_jaccard,0,0,higher,True,3433
null,ACAT2,de_wilcoxon_sig_jaccard,0,0,higher,True,3607
null,RNF2,de_wilcoxon_sig_jaccard,0,0,higher,True,3769
null,NIT1,de_wilcoxon_sig_jaccard,0,0,higher,True,3994
null,MED1,de_wilcoxon_sig_jaccard,0,0,higher,True,4046
null,CASP3,de_wilcoxon_sig_jaccard,0,0,higher,True,4341
null,INSIG1,de_wilcoxon_sig_jaccard,0,0,higher,True,4400
null,MBTPS1,de_wilcoxon_sig_jaccard,0,0,higher,True,4475
null,STAG2,de_wilcoxon_sig_jaccard,0,0,higher,True,4563
null,MED24,de_wilcoxon_sig_jaccard,0,0,higher,True,4915
null,TADA1,de_wilcoxon_sig_jaccard,0,0,higher,True,5463
null,SOX2,de_wilcoxon_sig_jaccard,0,0,higher,True,5828
null,SMARCA5,de_wilcoxon_sig_jaccard,0,0,higher,True,6020
null,MAU2,de_wilcoxon_sig_jaccard,0,0,higher,True,6092
null,KAT2A,de_wilcoxon_sig_jaccard,0,0,higher,True,6471
null,DNMT1,de_wilcoxon_sig_jaccard,0,0,higher,True,6689
null,SIN3B,de_wilcoxon_sig_jaccard,0.00014210601108419999,1.1278254847952381e-06,higher,True,7038
null,DHX36,de_wilcoxon_sig_jaccard,0,0,higher,True,7128
null,SMARCA4,de_wilcoxon_sig_jaccard,0,0,higher,True,7631
null,METTL14,de_wilcoxon_sig_jaccard,0,0,higher,True,8468
null,METTL3,de_wilcoxon_sig_jaccard,0,0,higher,True,8511
global,RAB3B,de_wilcoxon_sig_jaccard,0,0,higher,True,2
global,TMSB4X,de_wilcoxon_sig_jaccard,0,0,higher,True,3
global,LAD1,de_wilcoxon_sig_jaccard,0,0,higher,True,3
global,PLCB3,de_wilcoxon_sig_jaccard,0,0,higher,True,3
global,PMS1,de_wilcoxon_sig_jaccard,0,0,higher,True,3
global,CAMSAP2,de_wilcoxon_sig_jaccard,0,0,higher,True,4
global,DZIP3,de_wilcoxon_sig_jaccard,0,0,higher,True,4
global,NCK2,de_wilcoxon_sig_jaccard,0,0,higher,True,5
global,ZNF286A,de_wilcoxon_sig_jaccard,0,0,higher,True,5
global,ATP1B1,de_wilcoxon_sig_jaccard,0,0,higher,True,6
global,ANTXR1,de_wilcoxon_sig_jaccard,0,0,higher,True,6
global,PTPN1,de_wilcoxon_sig_jaccard,0,0,higher,True,7
global,HMGN1,de_wilcoxon_sig_jaccard,0,0,higher,True,7
global,WFS1,de_wilcoxon_sig_jaccard,0,0,higher,True,8
global,IDE,de_wilcoxon_sig_jaccard,0,0,higher,True,10
global,ZNF426,de_wilcoxon_sig_jaccard,0,0,higher,True,10
global,IGF2R,de_wilcoxon_sig_jaccard,0,0,higher,True,11
global,TSC22D4,de_wilcoxon_sig_jaccard,0,0,higher,True,11
global,EID2,de_wilcoxon_sig_jaccard,0,0,higher,True,12
global,KIF1B,de_wilcoxon_sig_jaccard,0,0,higher,True,13
global,MAPKAPK2,de_wilcoxon_sig_jaccard,0,0,higher,True,13
global,KDR,de_wilcoxon_sig_jaccard,0,0,higher,True,14
global,TWF2,de_wilcoxon_sig_jaccard,0,0,higher,True,14
global,MKI67,de_wilcoxon_sig_jaccard,0.052631578947368397,0.00041771094402673331,higher,True,14
global,STAT1,de_wilcoxon_sig_jaccard,0,0,higher,True,15
global,MAP1B,de_wilcoxon_sig_jaccard,0,0,higher,True,15
global,CALM3,de_wilcoxon_sig_jaccard,0,0,higher,True,15
global,PRCP,de_wilcoxon_sig_jaccard,0.052631578947368397,0.00041771094402673331,higher,True,16
global,POLB,de_wilcoxon_sig_jaccard,0,0,higher,True,16
global,CREG1,de_wilcoxon_sig_jaccard,0,0,higher,True,17
global,CASP2,de_wilcoxon_sig_jaccard,0,0,higher,True,20
global,NRAS,de_wilcoxon_sig_jaccard,0,0,higher,True,21
global,IRF3,de_wilcoxon_sig_jaccard,0,0,higher,True,24
global,MAST2,de_wilcoxon_sig_jaccard,0,0,higher,True,25
global,ZNF714,de_wilcoxon_sig_jaccard,0,0,higher,True,27
global,CLDN6,de_wilcoxon_sig_jaccard,0,0,higher,True,29
global,RRM1,de_wilcoxon_sig_jaccard,0,0,higher,True,34
global,MAP3K7,de_wilcoxon_sig_jaccard,0,0,higher,True,43
global,PBX1,de_wilcoxon_sig_jaccard,0,0,higher,True,48
global,ZNF562,de_wilcoxon_sig_jaccard,0,0,higher,True,49
global,NISCH,de_wilcoxon_sig_jaccard,0,0,higher,True,56
global,CENPO,de_wilcoxon_sig_jaccard,0.012987012987012899,0.00010307153164295952,higher,True,73
global,TMBIM6,de_wilcoxon_sig_jaccard,0.013333333333333299,0.00010582010582010555,higher,True,73
global,TRAM2,de_wilcoxon_sig_jaccard,0,0,higher,True,85
global,SV2A,de_wilcoxon_sig_jaccard,0,0,higher,True,104
global,SRC,de_wilcoxon_sig_jaccard,0,0,higher,True,127
global,TCF3,de_wilcoxon_sig_jaccard,0.0078740157480314994,6.2492188476440466e-05,higher,True,127
global,CLDN7,de_wilcoxon_sig_jaccard,0,0,higher,True,160
global,CDCA2,de_wilcoxon_sig_jaccard,0,0,higher,True,205
global,TARBP2,de_wilcoxon_sig_jaccard,0.0046728971962616004,3.7086485684615874e-05,higher,True,211
global,IKBKG,de_wilcoxon_sig_jaccard,0.0083333333333333003,6.6137566137565871e-05,higher,True,238
global,KLF10,de_wilcoxon_sig_jaccard,0.0039682539682539004,3.1494079113126193e-05,higher,True,247
global,SIX4,de_wilcoxon_sig_jaccard,0.0034246575342465001,2.7179821700369048e-05,higher,True,282
global,STX4,de_wilcoxon_sig_jaccard,0.0034013605442176002,2.6994924954107938e-05,higher,True,287
global,TAZ,de_wilcoxon_sig_jaccard,0,0,higher,True,297
global,DHCR24,de_wilcoxon_sig_jaccard,0.015625,0.0001240079365079365,higher,True,307
global,HIRA,de_wilcoxon_sig_jaccard,0,0,higher,True,364
global,ACVR1B,de_wilcoxon_sig_jaccard,0.0026737967914437998,2.1220609455903174e-05,higher,True,374
global,FOXH1,de_wilcoxon_sig_jaccard,0.0049751243781093997,3.9485114111979366e-05,higher,True,397
global,HMGB2,de_wilcoxon_sig_jaccard,0.0025000000000000001,1.9841269841269841e-05,higher,True,399
global,PAGR1,de_wilcoxon_sig_jaccard,0,0,higher,True,467
global,MED13L,de_wilcoxon_sig_jaccard,0.0057471264367815996,4.5612114577631741e-05,higher,True,521
global,TET1,de_wilcoxon_sig_jaccard,0.0019083969465648,1.5146007512419047e-05,higher,True,522
global,PHF14,de_wilcoxon_sig_jaccard,0.0019157088122605001,1.5204038192543651e-05,higher,True,522
global,DAXX,de_wilcoxon_sig_jaccard,0,0,higher,True,541
global,RAF1,de_wilcoxon_sig_jaccard,0.0054545454545454003,4.3290043290042863e-05,higher,True,542
global,HAT1,de_wilcoxon_sig_jaccard,0.0109689213893967,8.7054931661878569e-05,higher,True,545
global,AKT2,de_wilcoxon_sig_jaccard,0.0068493150684931,5.4359643400738888e-05,higher,True,583
global,TXNDC9,de_wilcoxon_sig_jaccard,0.0082644628099173001,6.559097468188334e-05,higher,True,600
global,ZNF593,de_wilcoxon_sig_jaccard,0.0047468354430379002,3.7673297166967462e-05,higher,True,632
global,MTA1,de_wilcoxon_sig_jaccard,0.0028694404591103999,2.2773336977066666e-05,higher,True,695
global,CAST,de_wilcoxon_sig_jaccard,0.0070921985815602002,5.6287290329842861e-05,higher,True,706
global,NDUFB6,de_wilcoxon_sig_jaccard,0.0040376850605651996,3.2045119528295236e-05,higher,True,738
global,USP22,de_wilcoxon_sig_jaccard,0.0012953367875647001,1.0280450694957937e-05,higher,True,768
global,NDUFB4,de_wilcoxon_sig_jaccard,0.0012391573729862999,9.8345823252880937e-06,higher,True,806
global,UBE3C,de_wilcoxon_sig_jaccard,0.0035885167464114001,2.8480291638185716e-05,higher,True,834
global,DLG5,de_wilcoxon_sig_jaccard,0.0010775862068965001,8.5522714833055564e-06,higher,True,924
global,STAT6,de_wilcoxon_sig_jaccard,0.00099009900990089991,7.8579286500071423e-06,higher,True,1007
global,XRCC4,de_wilcoxon_sig_jaccard,0.0078125,6.2003968253968251e-05,higher,True,1146
global,SLC25A3,de_wilcoxon_sig_jaccard,0.00083542188805339995,6.6303324448682539e-06,higher,True,1198
global,PRR12,de_wilcoxon_sig_jaccard,0.0024115755627009002,1.9139488592864288e-05,higher,True,1244
global,KDM2B,de_wilcoxon_sig_jaccard,0.0023076923076923001,1.8315018315018254e-05,higher,True,1301
global,SMAGP,de_wilcoxon_sig_jaccard,0.0022271714922049001,1.7675964223848412e-05,higher,True,1345
global,BIRC2,de_wilcoxon_sig_jaccard,0.0013315579227696,1.0567920021980953e-05,higher,True,1502
global,MED12,de_wilcoxon_sig_jaccard,0.0018007202881151999,1.4291430858057143e-05,higher,True,1664
global,UQCRQ,de_wilcoxon_sig_jaccard,0.00059630292188429996,4.7325628720976191e-06,higher,True,1676
global,SSBP1,de_wilcoxon_sig_jaccard,0.0017605633802816,1.3972725240330158e-05,higher,True,1703
global,ATM,de_wilcoxon_sig_jaccard,0,0,higher,True,1711
global,WSB2,de_wilcoxon_sig_jaccard,0,0,higher,True,1901
global,CHMP3,de_wilcoxon_sig_jaccard,0.001564945226917,1.2420200213626985e-05,higher,True,1918
global,MED13,de_wilcoxon_sig_jaccard,0.0014880952380952001,1.1810279667422223e-05,higher,True,2015
global,GSK3B,de_wilcoxon_sig_jaccard,0.0028235294117647,2.2408963585434127e-05,higher,True,2126
global,PHF10,de_wilcoxon_sig_jaccard,0,0,higher,True,2151
global,OXCT1,de_wilcoxon_sig_jaccard,0.0012684989429175,1.0067451927916666e-05,higher,True,2363
global,C1QBP,de_wilcoxon_sig_jaccard,0,0,higher,True,2425
global,TGFBR2,de_wilcoxon_sig_jaccard,0.00039556962025309999,3.1394414305801588e-06,higher,True,2528
global,TRAPPC6A,de_wilcoxon_sig_jaccard,0.0015704750687081999,1.2464087846890476e-05,higher,True,2545
global,ARID1A,de_wilcoxon_sig_jaccard,0.00077190274025469997,6.1262122242436509e-06,higher,True,2588
global,TFAM,de_wilcoxon_sig_jaccard,0.00076893502499029997,6.1026589284944446e-06,higher,True,2602
global,SAFB,de_wilcoxon_sig_jaccard,0.00035984166966530001,2.8558862671849207e-06,higher,True,2779
global,METTL17,de_wilcoxon_sig_jaccard,0.0025134649910232999,1.9948134849391269e-05,higher,True,2785
global,LRPPRC,de_wilcoxon_sig_jaccard,0.00034399724802199998,2.7301368890634921e-06,higher,True,2908
global,LZTR1,de_wilcoxon_sig_jaccard,0,0,higher,True,2933
global,EIF4B,de_wilcoxon_sig_jaccard,0.0012311480455524,9.7710162345428578e-06,higher,True,3245
global,TMSB10,de_wilcoxon_sig_jaccard,0.0036934441366574,2.9313048703630157e-05,higher,True,3245
global,EWSR1,de_wilcoxon_sig_jaccard,0.0014568764568764,1.1562511562511111e-05,higher,True,3433
global,ACAT2,de_wilcoxon_sig_jaccard,0.00055447740504570005,4.4006143257595243e-06,higher,True,3607
global,RNF2,de_wilcoxon_sig_jaccard,0.0002651816494298,2.1046162653158732e-06,higher,True,3769
global,NIT1,de_wilcoxon_sig_jaccard,0.0015022533800701,1.1922645873572222e-05,higher,True,3994
global,MED1,de_wilcoxon_sig_jaccard,0.00049419322955269996,3.9221684885134921e-06,higher,True,4046
global,CASP3,de_wilcoxon_sig_jaccard,0,0,higher,True,4341
global,INSIG1,de_wilcoxon_sig_jaccard,0.0024988641526578,1.9832255179823811e-05,higher,True,4400
global,MBTPS1,de_wilcoxon_sig_jaccard,0.0017881090746534999,1.4191341862329364e-05,higher,True,4475
global,STAG2,de_wilcoxon_sig_jaccard,0.00021920210434019999,1.739699240795238e-06,higher,True,4563
global,MED24,de_wilcoxon_sig_jaccard,0.000203458799593,1.6147523777222221e-06,higher,True,4915
global,TADA1,de_wilcoxon_sig_jaccard,0.0010982976386599999,8.7166479258730146e-06,higher,True,5463
global,SOX2,de_wilcoxon_sig_jaccard,0.0013726835964310001,1.0894314257388889e-05,higher,True,5828
global,SMARCA5,de_wilcoxon_sig_jaccard,0.00049842166472830005,3.9557274978436509e-06,higher,True,6020
global,MAU2,de_wilcoxon_sig_jaccard,0.00016414970453050001,1.3027754327817461e-06,higher,True,6092
global,KAT2A,de_wilcoxon_sig_jaccard,0.00061785603954270002,4.90361936145e-06,higher,True,6471
global,DNMT1,de_wilcoxon_sig_jaccard,0.00014952153110039999,1.1866788182571427e-06,higher,True,6689
global,SIN3B,de_wilcoxon_sig_jaccard,0.00056842404433699999,4.5113019391825397e-06,higher,True,7038
global,DHX36,de_wilcoxon_sig_jaccard,0,0,higher,True,7128
global,SMARCA4,de_wilcoxon_sig_jaccard,0.0011795543905634999,9.3615427822499989e-06,higher,True,7631
global,METTL14,de_wilcoxon_sig_jaccard,0,0,higher,True,8468
global,METTL3,de_wilcoxon_sig_jaccard,0.00070488721804509995,5.5943430003579359e-06,higher,True,8511
LR,RAB3B,de_wilcoxon_sig_jaccard,0,0,higher,True,2
LR,TMSB4X,de_wilcoxon_sig_jaccard,0.00084674005080439998,6.7201591333682539e-06,higher,True,3
LR,LAD1,de_wilcoxon_sig_jaccard,0,0,higher,True,3
LR,PLCB3,de_wilcoxon_sig_jaccard,0,0,higher,True,3
LR,PMS1,de_wilcoxon_sig_jaccard,0,0,higher,True,3
LR,CAMSAP2,de_wilcoxon_sig_jaccard,0,0,higher,True,4
LR,DZIP3,de_wilcoxon_sig_jaccard,0,0,higher,True,4
LR,NCK2,de_wilcoxon_sig_jaccard,0,0,higher,True,5
LR,ZNF286A,de_wilcoxon_sig_jaccard,0.00093632958801489997,7.4311872064674602e-06,higher,True,5
LR,ATP1B1,de_wilcoxon_sig_jaccard,0.0030441400304414001,2.4159841511439684e-05,higher,True,6
LR,ANTXR1,de_wilcoxon_sig_jaccard,0.0011198208286674,8.8874668941857141e-06,higher,True,6
LR,PTPN1,de_wilcoxon_sig_jaccard,0,0,higher,True,7
LR,HMGN1,de_wilcoxon_sig_jaccard,0.0010183299389002001,8.0819836420650805e-06,higher,True,7
LR,WFS1,de_wilcoxon_sig_jaccard,0.0023419203747072001,1.8586669640533333e-05,higher,True,8
LR,IDE,de_wilcoxon_sig_jaccard,0.0078740157480314994,6.2492188476440466e-05,higher,True,10
LR,ZNF426,de_wilcoxon_sig_jaccard,0.0033613445378150998,2.6677337601707141e-05,higher,True,10
LR,IGF2R,de_wilcoxon_sig_jaccard,0,0,higher,True,11
LR,TSC22D4,de_wilcoxon_sig_jaccard,0.011494252873563199,9.1224229155263483e-05,higher,True,11
LR,EID2,de_wilcoxon_sig_jaccard,0,0,higher,True,12
LR,KIF1B,de_wilcoxon_sig_jaccard,0.0035211267605633001,2.7945450480661113e-05,higher,True,13
LR,MAPKAPK2,de_wilcoxon_sig_jaccard,0,0,higher,True,13
LR,KDR,de_wilcoxon_sig_jaccard,0.0030120481927709999,2.3905144387071427e-05,higher,True,14
LR,TWF2,de_wilcoxon_sig_jaccard,0.0015467904098993999,1.2276114364280952e-05,higher,True,14
LR,MKI67,de_wilcoxon_sig_jaccard,0.0012573344509639,9.9788448489198423e-06,higher,True,14
LR,STAT1,de_wilcoxon_sig_jaccard,0,0,higher,True,15
LR,MAP1B,de_wilcoxon_sig_jaccard,0.0014836795252224999,1.1775234327162698e-05,higher,True,15
LR,CALM3,de_wilcoxon_sig_jaccard,0.0017699115044247,1.4046916701783334e-05,higher,True,15
LR,PRCP,de_wilcoxon_sig_jaccard,0.0029542097488921,2.3446109118191271e-05,higher,True,16
LR,POLB,de_wilcoxon_sig_jaccard,0.0048484848484847999,3.8480038480038096e-05,higher,True,16
LR,CREG1,de_wilcoxon_sig_jaccard,0.0009699321047526,7.6978738472428563e-06,higher,True,17
LR,CASP2,de_wilcoxon_sig_jaccard,0.0029368575624082001,2.3308393352446031e-05,higher,True,20
LR,NRAS,de_wilcoxon_sig_jaccard,0.0024271844660193999,1.9263368777931747e-05,higher,True,21
LR,IRF3,de_wilcoxon_sig_jaccard,0.0026501766784451999,2.1033148241628571e-05,higher,True,24
LR,MAST2,de_wilcoxon_sig_jaccard,0.010389610389610299,8.2457225314367451e-05,higher,True,25
LR,ZNF714,de_wilcoxon_sig_jaccard,0.0022156573116691,1.7584581838643651e-05,higher,True,27
LR,CLDN6,de_wilcoxon_sig_jaccard,0.0036557930258716998,2.901423036406111e-05,higher,True,29
LR,RRM1,de_wilcoxon_sig_jaccard,0.0052199850857568997,4.1428453061562696e-05,higher,True,34
LR,MAP3K7,de_wilcoxon_sig_jaccard,0.0093457943925232996,7.4172971369232534e-05,higher,True,43
LR,PBX1,de_wilcoxon_sig_jaccard,0.0177619893428063,0.00014096816938735158,higher,True,48
LR,ZNF562,de_wilcoxon_sig_jaccard,0.0041152263374485002,3.2660526487686512e-05,higher,True,49
LR,NISCH,de_wilcoxon_sig_jaccard,0.012820512820512799,0.00010175010175010158,higher,True,56
LR,CENPO,de_wilcoxon_sig_jaccard,0.012552301255230099,9.9621438533572222e-05,higher,True,73
LR,TMBIM6,de_wilcoxon_sig_jaccard,0.021645021645021599,0.0001717858860716,higher,True,73
LR,TRAM2,de_wilcoxon_sig_jaccard,0.028616852146263898,0.0002271178741766976,higher,True,85
LR,SV2A,de_wilcoxon_sig_jaccard,0.0088691796008869006,7.0390314292753182e-05,higher,True,104
LR,SRC,de_wilcoxon_sig_jaccard,0.023121387283236899,0.00018350307367648333,higher,True,127
LR,TCF3,de_wilcoxon_sig_jaccard,0.024573378839590401,0.00019502681618722539,higher,True,127
LR,CLDN7,de_wilcoxon_sig_jaccard,0.026710402999062698,0.00021198732538938648,higher,True,160
LR,CDCA2,de_wilcoxon_sig_jaccard,0.027081649151172098,0.00021493372342200079,higher,True,205
LR,TARBP2,de_wilcoxon_sig_jaccard,0.025817555938037799,0.00020490123760347458,higher,True,211
LR,IKBKG,de_wilcoxon_sig_jaccard,0.042713567839195901,0.00033899657015234845,higher,True,238
LR,KLF10,de_wilcoxon_sig_jaccard,0.0223978919631093,0.00017776104732626429,higher,True,247
LR,SIX4,de_wilcoxon_sig_jaccard,0.030513176144244099,0.00024216806463685792,higher,True,282
LR,STX4,de_wilcoxon_sig_jaccard,0.059859154929577399,0.00047507265817124921,higher,True,287
LR,TAZ,de_wilcoxon_sig_jaccard,0.042056074766355103,0.00033377837116154845,higher,True,297
LR,DHCR24,de_wilcoxon_sig_jaccard,0.0723570190641247,0.0005742620560644817,higher,True,307
LR,HIRA,de_wilcoxon_sig_jaccard,0.056924384027187698,0.00045178082561260079,higher,True,364
LR,ACVR1B,de_wilcoxon_sig_jaccard,0.076048329779673005,0.00060355817285454765,higher,True,374
LR,FOXH1,de_wilcoxon_sig_jaccard,0.043610547667342799,0.0003461154576773238,higher,True,397
LR,HMGB2,de_wilcoxon_sig_jaccard,0.070512820512820498,0.00055962555962555955,higher,True,399
LR,PAGR1,de_wilcoxon_sig_jaccard,0.0517063081695966,0.00041036752515552857,higher,True,467
LR,MED13L,de_wilcoxon_sig_jaccard,0.059971098265895903,0.00047596109734838018,higher,True,521
LR,TET1,de_wilcoxon_sig_jaccard,0.0573028866867729,0.00045478481497438812,higher,True,522
LR,PHF14,de_wilcoxon_sig_jaccard,0.055891238670694801,0.00044358125929122859,higher,True,522
LR,DAXX,de_wilcoxon_sig_jaccard,0.069637883008356494,0.00055268161117743252,higher,True,541
LR,RAF1,de_wilcoxon_sig_jaccard,0.039951573849878901,0.00031707598293554681,higher,True,542
LR,HAT1,de_wilcoxon_sig_jaccard,0.0698174006444683,0.00055410635432117696,higher,True,545
LR,AKT2,de_wilcoxon_sig_jaccard,0.058312655086848603,0.00046279884989562382,higher,True,583
LR,TXNDC9,de_wilcoxon_sig_jaccard,0.064360418342719203,0.00051079697097396193,higher,True,600
LR,ZNF593,de_wilcoxon_sig_jaccard,0.0670785525154457,0.00053236946440829924,higher,True,632
LR,MTA1,de_wilcoxon_sig_jaccard,0.084446564885496095,0.00067021083242457217,higher,True,695
LR,CAST,de_wilcoxon_sig_jaccard,0.099700149925037396,0.00079127103115109046,higher,True,706
LR,NDUFB6,de_wilcoxon_sig_jaccard,0.089442815249266797,0.000709863613089419,higher,True,738
LR,USP22,de_wilcoxon_sig_jaccard,0.091664005110188407,0.00072749210404911432,higher,True,768
LR,NDUFB4,de_wilcoxon_sig_jaccard,0.11323967645806721,0.00089872759093704137,higher,True,806
LR,UBE3C,de_wilcoxon_sig_jaccard,0.060606060606060601,0.00048100048100048096,higher,True,834
LR,DLG5,de_wilcoxon_sig_jaccard,0.060796645702306001,0.00048251306112941274,higher,True,924
LR,STAT6,de_wilcoxon_sig_jaccard,0.080543425521591397,0.00063923353588564598,higher,True,1007
LR,XRCC4,de_wilcoxon_sig_jaccard,0.084755090809025796,0.00067265945086528406,higher,True,1146
LR,SLC25A3,de_wilcoxon_sig_jaccard,0.14340064383962531,0.0011381003479335342,higher,True,1198
LR,PRR12,de_wilcoxon_sig_jaccard,0.095080611823067304,0.00075460803034180398,higher,True,1244
LR,KDM2B,de_wilcoxon_sig_jaccard,0.12066636650157581,0.0009576695754093318,higher,True,1301
LR,SMAGP,de_wilcoxon_sig_jaccard,0.045787545787545701,0.00036339322053607697,higher,True,1345
LR,BIRC2,de_wilcoxon_sig_jaccard,0.028268551236749099,0.00022435358124404047,higher,True,1502
LR,MED12,de_wilcoxon_sig_jaccard,0.026800670016750398,0.00021270373029166982,higher,True,1664
LR,UQCRQ,de_wilcoxon_sig_jaccard,0.14777169663799841,0.0011727912431587176,higher,True,1676
LR,SSBP1,de_wilcoxon_sig_jaccard,0.15550239234449759,0.001234145970988076,higher,True,1703
LR,ATM,de_wilcoxon_sig_jaccard,0.099417637271214596,0.00078902886723186184,higher,True,1711
LR,WSB2,de_wilcoxon_sig_jaccard,0.1251798561151079,0.00099349092154847542,higher,True,1901
LR,CHMP3,de_wilcoxon_sig_jaccard,0.042174320524835898,0.00033471682956218965,higher,True,1918
LR,MED13,de_wilcoxon_sig_jaccard,0.101270553064275,0.00080373454812916669,higher,True,2015
LR,GSK3B,de_wilcoxon_sig_jaccard,0.095306341812970194,0.00075639953819817618,higher,True,2126
LR,PHF10,de_wilcoxon_sig_jaccard,0.079731743666169794,0.00063279161639817302,higher,True,2151
LR,OXCT1,de_wilcoxon_sig_jaccard,0.038719873567759702,0.00030730058387110873,higher,True,2363
LR,C1QBP,de_wilcoxon_sig_jaccard,0.14289709172259499,0.0011341039025602776,higher,True,2425
LR,TGFBR2,de_wilcoxon_sig_jaccard,0.059949440231130302,0.00047578920818357385,higher,True,2528
LR,TRAPPC6A,de_wilcoxon_sig_jaccard,0.19600404653515421,0.0015555876709139223,higher,True,2545
LR,ARID1A,de_wilcoxon_sig_jaccard,0.1237609742282639,0.0009822299541925707,higher,True,2588
LR,TFAM,de_wilcoxon_sig_jaccard,0.2188535031847133,0.001736932564958042,higher,True,2602
LR,SAFB,de_wilcoxon_sig_jaccard,0.073178594455190205,0.00058078249567611274,higher,True,2779
LR,METTL17,de_wilcoxon_sig_jaccard,0.086733054930934694,0.00068835757881694198,higher,True,2785
LR,LRPPRC,de_wilcoxon_sig_jaccard,0.1356698699830412,0.0010767449998654063,higher,True,2908
LR,LZTR1,de_wilcoxon_sig_jaccard,0.099769319492502798,0.00079181999597224438,higher,True,2933
LR,EIF4B,de_wilcoxon_sig_jaccard,0.1447265113844543,0.0011486231062258277,higher,True,3245
LR,TMSB10,de_wilcoxon_sig_jaccard,0.21003330557868441,0.0016669309966562255,higher,True,3245
LR,EWSR1,de_wilcoxon_sig_jaccard,0.098962288028347195,0.00078541498435196182,higher,True,3433
LR,ACAT2,de_wilcoxon_sig_jaccard,0.16710934041611331,0.0013262646064770896,higher,True,3607
LR,RNF2,de_wilcoxon_sig_jaccard,0.1281292671825216,0.0010168989458930286,higher,True,3769
LR,NIT1,de_wilcoxon_sig_jaccard,0.023324330959980301,0.00018511373777762143,higher,True,3994
LR,MED1,de_wilcoxon_sig_jaccard,0.0103194103194103,8.190008190008174e-05,higher,True,4046
LR,CASP3,de_wilcoxon_sig_jaccard,0.1149936467598475,0.00091264799015751982,higher,True,4341
LR,INSIG1,de_wilcoxon_sig_jaccard,0.2183016673129119,0.0017325529151818405,higher,True,4400
LR,MBTPS1,de_wilcoxon_sig_jaccard,0.095507976490344204,0.00075799981341543015,higher,True,4475
LR,STAG2,de_wilcoxon_sig_jaccard,0.083299222267703601,0.0006611049386325683,higher,True,4563
LR,MED24,de_wilcoxon_sig_jaccard,0.022800000000000001,0.00018095238095238095,higher,True,4915
LR,TADA1,de_wilcoxon_sig_jaccard,0.035567470956210899,0.00028228151552548331,higher,True,5463
LR,SOX2,de_wilcoxon_sig_jaccard,0.1117336321434288,0.00088677485828118094,higher,True,5828
LR,SMARCA5,de_wilcoxon_sig_jaccard,0.18899242865463009,0.0014999399099573816,higher,True,6020
LR,MAU2,de_wilcoxon_sig_jaccard,0.17002967359050439,0.001349441853892892,higher,True,6092
LR,KAT2A,de_wilcoxon_sig_jaccard,0.24124408384043269,0.0019146355860351801,higher,True,6471
LR,DNMT1,de_wilcoxon_sig_jaccard,0.1234078686668553,0.00097942752910202624,higher,True,6689
LR,SIN3B,de_wilcoxon_sig_jaccard,0.1054431072210065,0.00083685005730957536,higher,True,7038
LR,DHX36,de_wilcoxon_sig_jaccard,0.1442759361159576,0.0011450471120314095,higher,True,7128
LR,SMARCA4,de_wilcoxon_sig_jaccard,0.1212159434914228,0.00096203129755097455,higher,True,7631
LR,METTL14,de_wilcoxon_sig_jaccard,0.0186167079062095,0.00014775165004928174,higher,True,8468
LR,METTL3,de_wilcoxon_sig_jaccard,0.11385853939045421,0.00090363920151154131,higher,True,8511
LR+global,RAB3B,de_wilcoxon_sig_jaccard,0,0,higher,True,2
LR+global,TMSB4X,de_wilcoxon_sig_jaccard,0.00082884376295059995,6.5781251027825394e-06,higher,True,3
LR+global,LAD1,de_wilcoxon_sig_jaccard,0,0,higher,True,3
LR+global,PLCB3,de_wilcoxon_sig_jaccard,0,0,higher,True,3
LR+global,PMS1,de_wilcoxon_sig_jaccard,0,0,higher,True,3
LR+global,CAMSAP2,de_wilcoxon_sig_jaccard,0,0,higher,True,4
LR+global,DZIP3,de_wilcoxon_sig_jaccard,0,0,higher,True,4
LR+global,NCK2,de_wilcoxon_sig_jaccard,0,0,higher,True,5
LR+global,ZNF286A,de_wilcoxon_sig_jaccard,0.0016542597187758001,1.3129045387109524e-05,higher,True,5
LR+global,ATP1B1,de_wilcoxon_sig_jaccard,0.0028208744710860002,2.2387892627666668e-05,higher,True,6
LR+global,ANTXR1,de_wilcoxon_sig_jaccard,0.0021621621621621002,1.7160017160016668e-05,higher,True,6
LR+global,PTPN1,de_wilcoxon_sig_jaccard,0,0,higher,True,7
LR+global,HMGN1,de_wilcoxon_sig_jaccard,0.0010114632501685001,8.0274861124484136e-06,higher,True,7
LR+global,WFS1,de_wilcoxon_sig_jaccard,0.0021097046413502,1.6743687629763492e-05,higher,True,8
LR+global,IDE,de_wilcoxon_sig_jaccard,0.013986013986013899,0.00011100011100011031,higher,True,10
LR+global,ZNF426,de_wilcoxon_sig_jaccard,0.0039630118890356001,3.1452475309806348e-05,higher,True,10
LR+global,IGF2R,de_wilcoxon_sig_jaccard,0,0,higher,True,11
LR+global,TSC22D4,de_wilcoxon_sig_jaccard,0.0079365079365078996,6.2988158226253172e-05,higher,True,11
LR+global,EID2,de_wilcoxon_sig_jaccard,0,0,higher,True,12
LR+global,KIF1B,de_wilcoxon_sig_jaccard,0.0045941807044410001,3.6461751622547617e-05,higher,True,13
LR+global,MAPKAPK2,de_wilcoxon_sig_jaccard,0,0,higher,True,13
LR+global,KDR,de_wilcoxon_sig_jaccard,0.001610305958132,1.2780206016920635e-05,higher,True,14
LR+global,TWF2,de_wilcoxon_sig_jaccard,0.0021489971346704,1.7055532814844446e-05,higher,True,14
LR+global,MKI67,de_wilcoxon_sig_jaccard,0.0013009540329575,1.0325032007599206e-05,higher,True,14
LR+global,STAT1,de_wilcoxon_sig_jaccard,0,0,higher,True,15
LR+global,MAP1B,de_wilcoxon_sig_jaccard,0.0013642564802181999,1.0827432382684127e-05,higher,True,15
LR+global,CALM3,de_wilcoxon_sig_jaccard,0.0017564402810304001,1.3940002230400001e-05,higher,True,15
LR+global,PRCP,de_wilcoxon_sig_jaccard,0.0028208744710860002,2.2387892627666668e-05,higher,True,16
LR+global,POLB,de_wilcoxon_sig_jaccard,0.0043290043290043004,3.4357177214319841e-05,higher,True,16
LR+global,CREG1,de_wilcoxon_sig_jaccard,0,0,higher,True,17
LR+global,CASP2,de_wilcoxon_sig_jaccard,0.0024360535931789999,1.9333758676023808e-05,higher,True,20
LR+global,NRAS,de_wilcoxon_sig_jaccard,0.0022831050228309998,1.8119881133579363e-05,higher,True,21
LR+global,IRF3,de_wilcoxon_sig_jaccard,0.0041701417848205996,3.3096363371592062e-05,higher,True,24
LR+global,MAST2,de_wilcoxon_sig_jaccard,0.0093023255813953001,7.3827980804724611e-05,higher,True,25
LR+global,ZNF714,de_wilcoxon_sig_jaccard,0.0035335689045936001,2.8044197655504761e-05,higher,True,27
LR+global,CLDN6,de_wilcoxon_sig_jaccard,0.0040972411909313998,3.2517787229614281e-05,higher,True,29
LR+global,RRM1,de_wilcoxon_sig_jaccard,0.0040760869565217,3.2349896480330954e-05,higher,True,34
LR+global,MAP3K7,de_wilcoxon_sig_jaccard,0.0104895104895104,8.3250083250082532e-05,higher,True,43
LR+global,PBX1,de_wilcoxon_sig_jaccard,0.0174216027874564,0.0001382666887893365,higher,True,48
LR+global,ZNF562,de_wilcoxon_sig_jaccard,0.0041666666666665998,3.3068783068782536e-05,higher,True,49
LR+global,NISCH,de_wilcoxon_sig_jaccard,0.0132404181184669,0.00010508268347989603,higher,True,56
LR+global,CENPO,de_wilcoxon_sig_jaccard,0.013501350135013499,0.00010715357250010713,higher,True,73
LR+global,TMBIM6,de_wilcoxon_sig_jaccard,0.020576131687242798,0.00016330263243843492,higher,True,73
LR+global,TRAM2,de_wilcoxon_sig_jaccard,0.0235383447228549,0.00018681225970519763,higher,True,85
LR+global,SV2A,de_wilcoxon_sig_jaccard,0.0108910891089108,8.6437215150085721e-05,higher,True,104
LR+global,SRC,de_wilcoxon_sig_jaccard,0.026833631484794201,0.00021296532924439842,higher,True,127
LR+global,TCF3,de_wilcoxon_sig_jaccard,0.0257595772787318,0.00020444108951374446,higher,True,127
LR+global,CLDN7,de_wilcoxon_sig_jaccard,0.024741340530814199,0.00019635984548265238,higher,True,160
LR+global,CDCA2,de_wilcoxon_sig_jaccard,0.025919732441471499,0.00020571216223390078,higher,True,205
LR+global,TARBP2,de_wilcoxon_sig_jaccard,0.031609195402298798,0.0002508666301769746,higher,True,211
LR+global,IKBKG,de_wilcoxon_sig_jaccard,0.046916890080428902,0.00037235627047959446,higher,True,238
LR+global,KLF10,de_wilcoxon_sig_jaccard,0.0284938941655359,0.00022614201718679285,higher,True,247
LR+global,SIX4,de_wilcoxon_sig_jaccard,0.037288135593220299,0.000295937584073177,higher,True,282
LR+global,STX4,de_wilcoxon_sig_jaccard,0.049230769230769203,0.0003907203907203905,higher,True,287
LR+global,TAZ,de_wilcoxon_sig_jaccard,0.051174496644295298,0.0004061467987642484,higher,True,297
LR+global,DHCR24,de_wilcoxon_sig_jaccard,0.069306930693069299,0.00055005500550055003,higher,True,307
LR+global,HIRA,de_wilcoxon_sig_jaccard,0.051813471502590601,0.0004112180277983381,higher,True,364
LR+global,ACVR1B,de_wilcoxon_sig_jaccard,0.078113485630066301,0.00061994829865131987,higher,True,374
LR+global,FOXH1,de_wilcoxon_sig_jaccard,0.045589692765113897,0.00036182295845328487,higher,True,397
LR+global,HMGB2,de_wilcoxon_sig_jaccard,0.073170731707316999,0.00058072009291521432,higher,True,399
LR+global,PAGR1,de_wilcoxon_sig_jaccard,0.0604944765912677,0.00048011489358148969,higher,True,467
LR+global,MED13L,de_wilcoxon_sig_jaccard,0.075542258788331998,0.00059954173641533332,higher,True,521
LR+global,TET1,de_wilcoxon_sig_jaccard,0.058823529411764698,0.00046685340802987853,higher,True,522
LR+global,PHF14,de_wilcoxon_sig_jaccard,0.061475409836065503,0.00048790007806401195,higher,True,522
LR+global,DAXX,de_wilcoxon_sig_jaccard,0.067543859649122795,0.00053606237816764121,higher,True,541
LR+global,RAF1,de_wilcoxon_sig_jaccard,0.057264050901378503,0.00045447659445538497,higher,True,542
LR+global,HAT1,de_wilcoxon_sig_jaccard,0.073622623110677701,0.00058430653262442616,higher,True,545
LR+global,AKT2,de_wilcoxon_sig_jaccard,0.060012634238787103,0.00047629074792688176,higher,True,583
LR+global,TXNDC9,de_wilcoxon_sig_jaccard,0.073899371069182304,0.00058650294499351034,higher,True,600
LR+global,ZNF593,de_wilcoxon_sig_jaccard,0.073109243697478996,0.00058023209283713487,higher,True,632
LR+global,MTA1,de_wilcoxon_sig_jaccard,0.081147946561108297,0.00064403132191355786,higher,True,695
LR+global,CAST,de_wilcoxon_sig_jaccard,0.086153846153846095,0.00068376068376068333,higher,True,706
LR+global,NDUFB6,de_wilcoxon_sig_jaccard,0.093559322033898301,0.00074253430185633571,higher,True,738
LR+global,USP22,de_wilcoxon_sig_jaccard,0.089859594383775304,0.00071317138399821665,higher,True,768
LR+global,NDUFB4,de_wilcoxon_sig_jaccard,0.1030502885408079,0.00081785943286355478,higher,True,806
LR+global,UBE3C,de_wilcoxon_sig_jaccard,0.092801387684301795,0.0007365189498754111,higher,True,834
LR+global,DLG5,de_wilcoxon_sig_jaccard,0.073656270736562696,0.00058457357727430715,higher,True,924
LR+global,STAT6,de_wilcoxon_sig_jaccard,0.084928816887579694,0.00067403822926650548,higher,True,1007
LR+global,XRCC4,de_wilcoxon_sig_jaccard,0.080357142857142794,0.00063775510204081584,higher,True,1146
LR+global,SLC25A3,de_wilcoxon_sig_jaccard,0.14035087719298239,0.0011138958507379555,higher,True,1198
LR+global,PRR12,de_wilcoxon_sig_jaccard,0.10532837670384131,0.00083593949764953416,higher,True,1244
LR+global,KDM2B,de_wilcoxon_sig_jaccard,0.1233560090702947,0.00097901594500233893,higher,True,1301
LR+global,SMAGP,de_wilcoxon_sig_jaccard,0.052852852852852801,0.00041946708613375239,higher,True,1345
LR+global,BIRC2,de_wilcoxon_sig_jaccard,0.039904705181655703,0.00031670400937821989,higher,True,1502
LR+global,MED12,de_wilcoxon_sig_jaccard,0.034636871508379803,0.00027489580562206194,higher,True,1664
LR+global,UQCRQ,de_wilcoxon_sig_jaccard,0.14375928677563141,0.001140946720441519,higher,True,1676
LR+global,SSBP1,de_wilcoxon_sig_jaccard,0.16514839847193649,0.0013107015751740992,higher,True,1703
LR+global,ATM,de_wilcoxon_sig_jaccard,0.1024659863945578,0.00081322211424252218,higher,True,1711
LR+global,WSB2,de_wilcoxon_sig_jaccard,0.12744749021003909,0.0010114880175399927,higher,True,1901
LR+global,CHMP3,de_wilcoxon_sig_jaccard,0.0438512869399428,0.00034802608682494288,higher,True,1918
LR+global,MED13,de_wilcoxon_sig_jaccard,0.1048084147257701,0.00083181281528388969,higher,True,2015
LR+global,GSK3B,de_wilcoxon_sig_jaccard,0.088181485547017893,0.00069985305989696744,higher,True,2126
LR+global,PHF10,de_wilcoxon_sig_jaccard,0.093862815884476494,0.00074494298321013089,higher,True,2151
LR+global,OXCT1,de_wilcoxon_sig_jaccard,0.058936088786834998,0.00046774673640345238,higher,True,2363
LR+global,C1QBP,de_wilcoxon_sig_jaccard,0.15486129814166441,0.0012290579217592414,higher,True,2425
LR+global,TGFBR2,de_wilcoxon_sig_jaccard,0.064818149081742799,0.00051442975461700631,higher,True,2528
LR+global,TRAPPC6A,de_wilcoxon_sig_jaccard,0.19415983606557369,0.0015409510798855054,higher,True,2545
LR+global,ARID1A,de_wilcoxon_sig_jaccard,0.1271594449164542,0.0010092019437813826,higher,True,2588
LR+global,TFAM,de_wilcoxon_sig_jaccard,0.23023543990086739,0.0018272653960386301,higher,True,2602
LR+global,SAFB,de_wilcoxon_sig_jaccard,0.085642317380352606,0.00067970093159010008,higher,True,2779
LR+global,METTL17,de_wilcoxon_sig_jaccard,0.092633575719253805,0.00073518710888296666,higher,True,2785
LR+global,LRPPRC,de_wilcoxon_sig_jaccard,0.14654454621149041,0.0011630519540594476,higher,True,2908
LR+global,LZTR1,de_wilcoxon_sig_jaccard,0.10052295177222539,0.00079780120454147143,higher,True,2933
LR+global,EIF4B,de_wilcoxon_sig_jaccard,0.14323258869908009,0.0011367665769768261,higher,True,3245
LR+global,TMSB10,de_wilcoxon_sig_jaccard,0.21091658084449019,0.0016739411178134142,higher,True,3245
LR+global,EWSR1,de_wilcoxon_sig_jaccard,0.1101969583644976,0.00087457903463886979,higher,True,3433
LR+global,ACAT2,de_wilcoxon_sig_jaccard,0.1632698272042534,0.0012957922793988366,higher,True,3607
LR+global,RNF2,de_wilcoxon_sig_jaccard,0.13324269204622699,0.0010574816829065634,higher,True,3769
LR+global,NIT1,de_wilcoxon_sig_jaccard,0.026289926289926199,0.00020865020865020793,higher,True,3994
LR+global,MED1,de_wilcoxon_sig_jaccard,0.0253658536585365,0.00020131629887727381,higher,True,4046
LR+global,CASP3,de_wilcoxon_sig_jaccard,0.1275478041605379,0.0010122841600042692,higher,True,4341
LR+global,INSIG1,de_wilcoxon_sig_jaccard,0.21157956090926749,0.0016792028643592659,higher,True,4400
LR+global,MBTPS1,de_wilcoxon_sig_jaccard,0.1108559498956158,0.00087980912615568091,higher,True,4475
LR+global,STAG2,de_wilcoxon_sig_jaccard,0.093959731543624095,0.00074571215510812778,higher,True,4563
LR+global,MED24,de_wilcoxon_sig_jaccard,0.027075452916583701,0.00021488454695701349,higher,True,4915
LR+global,TADA1,de_wilcoxon_sig_jaccard,0.037823371989295203,0.00030018549197853334,higher,True,5463
LR+global,SOX2,de_wilcoxon_sig_jaccard,0.1216948072634597,0.00096583180367825156,higher,True,5828
LR+global,SMARCA5,de_wilcoxon_sig_jaccard,0.1999421714616163,0.0015868426306477484,higher,True,6020
LR+global,MAU2,de_wilcoxon_sig_jaccard,0.1728138013087448,0.0013715381056249587,higher,True,6092
LR+global,KAT2A,de_wilcoxon_sig_jaccard,0.24235039263471431,0.0019234158145612246,higher,True,6471
LR+global,DNMT1,de_wilcoxon_sig_jaccard,0.13959034792368119,0.0011078599041561999,higher,True,6689
LR+global,SIN3B,de_wilcoxon_sig_jaccard,0.1068984396386531,0.0008484003145924849,higher,True,7038
LR+global,DHX36,de_wilcoxon_sig_jaccard,0.161354847312975,0.0012805940262934524,higher,True,7128
LR+global,SMARCA4,de_wilcoxon_sig_jaccard,0.12900378310214369,0.0010238395484297119,higher,True,7631
LR+global,METTL14,de_wilcoxon_sig_jaccard,0.0196794720716474,0.00015618628628291588,higher,True,8468
LR+global,METTL3,de_wilcoxon_sig_jaccard,0.1175929122080312,0.00093327708101612061,higher,True,8511
