context,target_gene,guide_id,guide_cells,remainder_cells,positive_cosine,negative_cosine,positive_normalized_absolute_error,negative_normalized_absolute_error,positive_signed_recovery_100,negative_signed_recovery_100,positive_retrieval_score,negative_retrieval_score
K562_essential,ABCF1,ABCF1_+_30539238.23-P1|ABCF1_+_30539469.23-P1,169,160,0.018660598409479166,0.0059984231076269994,1.6782960541267176,1.4815218030003006,0.05,0.03,0.6327821011673151,0.4187743190661478
K562_essential,ABCF1,ABCF1_-_30546354.23-P2|ABCF1_-_30546344.23-P2,160,169,0.018660598409479166,0.01317474234509279,1.2346246404177297,1.2825312851414281,0.05,0.05,0.6191634241245136,0.5734435797665369
K562_essential,ACIN1,ACIN1_-_23540292.23-P2|ACIN1_-_23540730.23-P2,58,133,0.07224751904622785,0.05888734561203645,1.8978047521276107,1.3446658212490799,0.04,0.07,0.9747081712062257,0.9367704280155642
K562_essential,ACIN1,ACIN1_-_23564284.23-P1|ACIN1_+_23563962.23-P1,133,58,0.07224751904622785,0.11249489567078652,1.189791857486262,1.1198398389974684,0.04,0.1,0.8769455252918288,0.955739299610895
K562_essential,ADAT3,ADAT3_+_1907955.23-P2|ADAT3_+_1908004.23-P2,105,20,-0.029868590810058826,0.014812353798993979,1.0789689436274743,1.0496946818190116,0.01,0.05,0.19066147859922178,0.5209143968871595
K562_essential,ADAT3,ADAT3_-_1905438.23-P1|ADAT3_+_1905424.23-P1,20,105,-0.029868590810058826,0.00551835947271574,4.080171391238219,1.3283362244721062,0.01,0.07,0.24270428015564205,0.6162451361867705
K562_essential,AP2M1,AP2M1_+_183894722.23-P2|AP2M1_+_183894728.23-P2,191,24,-0.015132489142080202,0.08642528653822706,1.0399882669187839,1.0128923946639756,0.01,0.04,0.07587548638132291,0.9946498054474708
K562_essential,AP2M1,AP2M1_-_183892660.23-P1|AP2M1_-_183892679.23-P1,24,191,-0.015132489142080202,0.021951501042541535,3.764845983175665,1.797589151040191,0.01,0.02,0.1108949416342413,0.7626459143968871
K562_essential,ARPC2,ARPC2_+_219103598.23-P2|ARPC2_-_219103608.23-P2,70,157,0.019942423625438802,0.009983525821277308,1.7318509944156293,1.392234103750209,0.07,0.06,0.44260700389105057,0.27285992217898836
K562_essential,ARPC2,ARPC2_-_219081923.23-P1|ARPC2_-_219081929.23-P1,157,70,0.019942423625438802,0.02002690166612792,1.2123758081720528,1.2043411442902872,0.07,0.04,0.6104085603112841,0.6113813229571985
K562_essential,ARPC3,ARPC3_+_110888087.23-P1|ARPC3_-_110888115.23-P1,15,126,0.009756324282120369,0.0075795409434952,7.349073353503144,1.310024983227525,0.02,0.03,0.2811284046692607,0.25
K562_essential,ARPC3,ARPC3_-_110883364.23-P2|ARPC3_+_110883121.23-P2,126,15,0.009756324282120369,-0.03195529890101839,1.0225071226179108,1.0211245046362827,0.02,0.02,0.46060311284046696,0.19503891050583655
K562_essential,BCAR1,BCAR1_+_75299843.23-P2|BCAR1_+_75299852.23-P2,49,197,-0.008217406330613564,-0.05970043734799607,2.452449584017088,2.290460965782777,0.03,0.05,0.33900778210116733,0.13618677042801552
K562_essential,BCAR1,BCAR1_-_75285241.23-P1|BCAR1_+_75285561.23-P1,197,49,-0.008217406330613564,-0.011632136049009856,1.1225731979769467,1.3944680830126583,0.03,0.03,0.252431906614786,0.21449416342412453
K562_essential,BCL2L1,BCL2L1_-_30310581.23-P1|BCL2L1_+_30310660.23-P1,66,107,0.04821479597027927,0.14585772224590246,1.613653284183566,1.7512041077382783,0.05,0.06,0.8681906614785992,1.0
K562_essential,BCL2L1,BCL2L1_-_30311293.23-P2|BCL2L1_+_30311683.23-P2,107,66,0.04821479597027927,0.015409199850115863,1.2902340133439958,1.5640649883007474,0.05,0.02,0.9017509727626459,0.6118677042801557
K562_essential,BOP1,BOP1_+_145515084.23-P1|BOP1_+_145515090.23-P1,50,203,0.028247173552827128,-0.01430331157166461,2.657931427063752,2.2672596644379683,0.05,0.04,0.7825875486381323,0.2354085603112841
K562_essential,BOP1,BOP1_-_145512830.23-P2|BOP1_+_145512867.23-P2,203,50,0.028247173552827128,0.04277997420110183,1.0727298873979976,1.2629473594365395,0.05,0.07,0.7266536964980546,0.8044747081712063
K562_essential,C1orf109,C1orf109_+_38156159.23-P1|C1orf109_-_38156166.23-P1,63,177,0.011688469360884964,0.012642299514442465,1.957381218979009,1.3947221685950666,0.04,0.03,0.4547665369649806,0.46108949416342415
K562_essential,C1orf109,C1orf109_+_38157864.23-P2|C1orf109_-_38157872.23-P2,177,63,0.011688469360884964,0.02391463908127395,1.179811647638455,1.1558294606606063,0.04,0.04,0.5714980544747081,0.8039883268482491
K562_essential,CACNB3,CACNB3_+_49209404.23-P2|CACNB3_-_49209408.23-P2,192,124,0.0306641096378858,0.031184227041262783,1.2874202606732288,2.2567525363395844,0.06,0.03,0.7203307392996109,0.7261673151750972
K562_essential,CACNB3,CACNB3_+_49212320.23-P1|CACNB3_+_49212331.23-P1,124,192,0.0306641096378858,-0.004175813526059554,1.6063920189228913,2.7338461999499852,0.06,0.04,0.7563229571984436,0.252431906614786
K562_essential,CCDC130,CCDC130_+_13842618.23-P2|CCDC130_-_13842623.23-P2,55,58,0.026757806536288033,0.018426528109249746,1.4369826293967636,1.1509169014540512,0.05,0.1,0.7388132295719845,0.6079766536964981
K562_essential,CCDC130,CCDC130_-_13858696.23-P1|CCDC130_-_13858757.23-P1,58,55,0.026757806536288033,0.01986365970623847,1.4020492875108685,1.1443961958950692,0.05,0.06,0.8467898832684825,0.7490272373540856
K562_essential,CCDC144NL,CCDC144NL_+_20771514.23-P1|CCDC144NL_+_20771332.23-P1,53,34,0.04677746958162331,0.01992632559928786,1.2469839760601866,1.2664936317255882,0.11,0.03,0.9002918287937743,0.7033073929961089
K562_essential,CCDC144NL,CCDC144NL_-_20799255.23-P2|CCDC144NL_+_20799243.23-P2,34,53,0.04677746958162331,0.012072138370491009,1.833010155974185,1.4691084323883377,0.11,0.03,0.8540856031128404,0.4649805447470817
K562_essential,CCND1,CCND1_-_69455972.23-P1|CCND1_+_69455918.23-P1,72,74,-0.0036275419083020024,-0.018353838558435035,1.4743922922375792,1.6962867367496353,0.03,0.02,0.31663424124513617,0.1580739299610895
K562_essential,CCND1,CCND1_-_69467368.23-P2|CCND1_+_69467581.23-P2,74,72,-0.0036275419083020024,0.005126521342423603,1.3887264899260225,1.5837768220834914,0.03,0.01,0.2354085603112841,0.41391050583657585
K562_essential,CCNK,CCNK_+_99969115.23-P2|CCNK_+_99969150.23-P2,179,148,0.13103916259548143,-0.039129941922989464,1.1534152023805546,1.304141293657915,0.06,0.02,0.9732490272373541,0.08657587548638135
K562_essential,CCNK,CCNK_-_99947816.23-P1|CCNK_-_99947838.23-P1,148,179,0.13103916259548143,0.02003102381210569,1.6033668697581804,1.4812913709478788,0.06,0.05,1.0,0.6313229571984436
K562_essential,CENPA,CENPA_+_26987565.23-P1|CENPA_-_26987167.23-P1,46,30,0.041717219187117086,0.04358629155129863,1.317202697733951,1.1219319473099503,0.05,0.01,0.8579766536964981,0.8706225680933852
K562_essential,CENPA,CENPA_-_27008953.23-P2|CENPA_-_27008942.23-P2,30,46,0.041717219187117086,-0.0037779073545019747,1.6582821408460746,1.1958594172704062,0.05,0.02,0.870136186770428,0.2840466926070039
K562_essential,CFDP1,CFDP1_+_75467325.23-P1|CFDP1_-_75467319.23-P1,84,73,0.05926751685097037,0.017094246664875877,1.5025663752628837,2.8445922499283167,0.08,0.06,0.9849221789883269,0.7679961089494163
K562_essential,CFDP1,CFDP1_-_75448185.23-P2|CFDP1_-_75448478.23-P2,73,84,0.05926751685097037,0.05761041540035283,1.3476684224063167,2.5787158732547115,0.08,0.03,0.7991245136186771,0.7840466926070039
K562_essential,CKAP5,CKAP5_+_46867805.23-P1|CKAP5_-_46867793.23-P1,182,133,0.006235940158452048,0.03467671924173615,1.3497480972365286,1.470636358246394,0.03,0.04,0.4649805447470817,0.833171206225681
K562_essential,CKAP5,CKAP5_-_46848384.23-P2|CKAP5_-_46848381.23-P2,133,182,0.006235940158452048,0.0030080510593756883,1.4939766310185367,1.5638916387918498,0.03,0.03,0.2801556420233463,0.2534046692607004
K562_essential,COPG1,COPG1_-_128968486.23-P1|COPG1_+_128968468.23-P1,80,181,0.03769377620326009,0.007921692701425287,1.8324967162811303,3.0047566693406638,0.04,0.03,0.8020428015564203,0.49027237354085607
K562_essential,COPG1,COPG1_-_128984635.23-P2|COPG1_-_128984639.23-P2,181,80,0.03769377620326009,-0.0014358590887782823,1.1840547124935128,2.0926698245781274,0.04,0.05,0.8346303501945526,0.2821011673151751
K562_essential,COPZ1,COPZ1_+_54695041.23-P2|COPZ1_+_54694980.23-P2,110,97,0.0932861567773153,0.008076299855388984,1.1666975405001654,1.3469848168857772,0.02,0.02,0.6969844357976653,0.4041828793774319
K562_essential,COPZ1,COPZ1_-_54719176.23-P1|COPZ1_+_54719129.23-P1,97,110,0.0932861567773153,-0.014300814029140603,1.6927828991302145,1.6524270146894915,0.02,0.04,0.9912451361867705,0.12256809338521402
K562_essential,CSH2,CSH2_+_61950403.23-P1|CSH2_+_61950460.23-P1,78,101,0.03311340796895068,0.022064254545186672,1.4967312099343995,1.370674973818906,0.02,0.03,0.7636186770428015,0.5924124513618677
K562_essential,CSH2,CSH2_-_61973880.23-P2|CSH2_+_61973860.23-P2,101,78,0.03311340796895068,-0.012789856056702598,1.3196150307913648,1.3104607100350016,0.02,0.01,0.75,0.10749027237354081
K562_essential,DDB1,DDB1_+_61100555.23-P1|DDB1_+_61100263.23-P1,85,92,-0.0016666930247944613,0.03388594897824016,1.733969732347987,1.1650761474579814,0.05,0.05,0.3433852140077821,0.9002918287937743
K562_essential,DDB1,DDB1_-_61081132.23-P2|DDB1_-_61081136.23-P2,92,85,-0.0016666930247944613,0.01348600414429508,1.2618943893364931,1.109304963276259,0.05,0.02,0.17704280155642027,0.30739299610894943
K562_essential,DDX19B,DDX19B_+_70333136.23-P1|DDX19B_+_70333144.23-P1,152,133,-0.005957750421838883,0.026151338174773803,1.429032845170098,1.6667572962026593,0.01,0.05,0.3278210116731517,0.7971789883268483
K562_essential,DDX19B,DDX19B_-_70328715.23-P2|DDX19B_+_70328743.23-P2,133,152,-0.005957750421838883,0.026812535212574495,1.4179632381678782,1.6671759787621823,0.01,0.02,0.3443579766536965,0.6643968871595332
K562_essential,DDX46,DDX46_-_134094510.23-P1|DDX46_-_134094650.23-P1,147,67,0.03777756107018882,-0.009332933819435743,1.5293822729898576,1.7847321778308476,0.03,0.0,0.9051556420233463,0.16488326848249024
K562_essential,DDX46,DDX46_-_134109485.23-P2|DDX46_-_134109475.23-P2,67,147,0.03777756107018882,-0.08669177012073863,1.3033696098035292,1.6677813800693757,0.03,0.02,0.5627431906614786,0.020428015564202373
K562_essential,DDX54,DDX54_+_113623252.23-P1|DDX54_-_113623260.23-P1,55,40,2.5620495431578343e-05,0.04776094852994932,1.4044301953439955,1.11827880398175,0.03,0.07,0.4396887159533074,0.8852140077821011
K562_essential,DDX54,DDX54_-_113599205.23-P2|DDX54_-_113599226.23-P2,40,55,2.5620495431578343e-05,0.16519079735586215,1.5937212735838115,0.9897431873735274,0.03,0.12,0.38180933852140075,0.9445525291828794
K562_essential,DHODH,DHODH_+_72049721.23-P2|DHODH_-_72049691.23-P2,80,143,0.005274058621636244,-0.008737738929838252,1.4715117807770273,1.5993824134658612,0.03,0.06,0.3249027237354085,0.1580739299610895
K562_essential,DHODH,DHODH_-_72042709.23-P1|DHODH_-_72042714.23-P1,143,80,0.005274058621636244,0.039832156746392115,1.3840676060934916,1.5264524744478944,0.03,0.05,0.502431906614786,0.8351167315175098
K562_essential,DNAJA1,DNAJA1_-_33025322.23-P1|DNAJA1_-_33025302.23-P1,238,54,0.00973786181498037,-0.02837141259902716,1.1057461592411877,1.3124138249463193,0.03,0.03,0.5194552529182879,0.08365758754863817
K562_essential,DNAJA1,DNAJA1_-_33026888.23-P2|DNAJA1_-_33027087.23-P2,54,238,0.00973786181498037,0.07420964357932887,2.3704543715268045,1.9261182824844585,0.03,0.06,0.36575875486381326,0.8025291828793775
K562_essential,DPH1,DPH1_+_1936832.23-P2|DPH1_+_1936853.23-P2,184,151,0.11155032781444367,0.06893156836965322,1.2640399605524881,1.424287548316676,0.07,0.07,0.9980544747081712,0.960603112840467
K562_essential,DPH1,DPH1_-_1933503.23-P1|DPH1_-_1933469.23-P1,151,184,0.11155032781444367,0.019482297012943486,1.4798547318365112,1.6020364407655248,0.07,0.0,0.9985408560311284,0.6284046692607004
K562_essential,DYNLRB1,DYNLRB1_+_33114045.23-P2|DYNLRB1_+_33114412.23-P2,107,175,-0.0006111104149937481,-0.021768307839121724,1.3770621582793456,1.3134727077957544,0.01,0.03,0.394455252918288,0.28745136186770426
K562_essential,DYNLRB1,DYNLRB1_-_33104256.23-P1|DYNLRB1_-_33104419.23-P1,175,107,-0.0006111104149937481,0.010690818103332788,1.4316128041086278,1.3221996003322374,0.01,0.0,0.1726653696498055,0.3234435797665369
K562_essential,EEF2,EEF2_+_3984171.23-P2|EEF2_+_3984167.23-P2,108,213,0.015924385136788347,-0.019038179293990588,1.2534067994115492,1.4527483823612186,0.02,0.01,0.5880350194552529,0.27237354085603116
K562_essential,EEF2,EEF2_-_3985443.23-P1|EEF2_+_3985431.23-P1,213,108,0.015924385136788347,-0.018224765357717488,1.6672423979819107,1.748771240376577,0.02,0.04,0.6600194552529183,0.25924124513618674
K562_essential,EGLN2,EGLN2_-_41284213.23-P2|EGLN2_-_41284185.23-P2,204,158,0.05253934910616558,0.012299255417363238,1.3803702789530568,1.6987930572488326,0.05,0.04,0.8964007782101168,0.45963035019455256
K562_essential,EGLN2,EGLN2_-_41305141.23-P1|EGLN2_-_41305138.23-P1,158,204,0.05253934910616558,-0.008470328508225971,1.3872476892522119,1.7355763376012092,0.05,0.05,0.752431906614786,0.188715953307393
K562_essential,EIF4G2,EIF4G2_+_10830441.23-P1|EIF4G2_+_10830444.23-P1,196,146,0.09353935823860585,0.0523163532036827,1.5506713036633872,1.4176683810135904,0.04,0.07,1.0,0.9469844357976653
K562_essential,EIF4G2,EIF4G2_-_10828931.23-P2|EIF4G2_+_10828816.23-P2,146,196,0.09353935823860585,0.013617104320661969,1.2242570816385794,1.2645997627696717,0.04,0.02,0.8545719844357976,0.24708171206225682
K562_essential,EIF5,EIF5_-_103800558.23-P1|EIF5_-_103800597.23-P1,113,62,0.040619195289888735,0.04711948265996878,1.343674796347521,1.3788827476195906,0.02,0.04,0.7947470817120623,0.8604085603112841
K562_essential,EIF5,EIF5_-_103803091.23-P2|EIF5_+_103803074.23-P2,62,113,0.040619195289888735,0.0864175820461595,1.4622171899141219,1.3899884361522947,0.02,0.08,0.6639105058365758,0.8492217898832685
K562_essential,EMC3,EMC3_+_10028469.23-P1|EMC3_+_10028457.23-P1,175,20,0.012846573661605248,0.04814885707121549,1.0258176939673918,1.0948749626952088,0.04,0.02,0.5379377431906615,0.8501945525291829
K562_essential,EMC3,EMC3_+_10052774.23-P2|EMC3_+_10052758.23-P2,20,175,0.012846573661605248,0.03900766068472237,5.876117838669959,2.177402348433044,0.04,0.07,0.4343385214007782,0.7602140077821011
K562_essential,ERVW-1,ERVW-1_-_92100569.23-ENST00000493463.2|ERVW-1_-_92100632.23-ENST00000493463.2,34,141,-0.0012385466404503667,-0.047706334420247604,2.7960194503078433,1.6868164216594908,0.02,0.03,0.33949416342412453,0.09241245136186771
K562_essential,ERVW-1,ERVW-1_-_92107250.23-ENST00000603053.1|ERVW-1_+_92106817.23-ENST00000603053.1,141,34,-0.0012385466404503667,-0.018500481074383852,1.0977945997346017,1.1674518756586574,0.02,0.02,0.4250972762645915,0.2704280155642024
K562_essential,ESF1,ESF1_+_13763214.23-P2|ESF1_+_13763379.23-P2,56,93,-0.04740034392546031,-0.0684358627124957,1.3970684033652605,1.2253425042137112,0.02,0.02,0.27237354085603116,0.14785992217898836
K562_essential,ESF1,ESF1_+_13765524.23-P1|ESF1_+_13765535.23-P1,93,56,-0.04740034392546031,0.0292852113760719,1.5329756179306109,1.207919535176294,0.02,0.01,0.09484435797665369,0.7738326848249028
K562_essential,ESPN,ESPN_-_6484873.23-P1|ESPN_+_6484906.23-P1,204,217,0.03323031165635429,-0.021258487098244114,1.4497575922140804,3.319995050546857,0.04,0.02,0.7543774319066148,0.17607003891050588
K562_essential,ESPN,ESPN_-_6508158.23-P2|ESPN_+_6508187.23-P2,217,204,0.03323031165635429,-0.009505664741900881,1.346148467654395,3.104827011074986,0.04,0.02,0.8015564202334631,0.2782101167315175
K562_essential,FOLR3,FOLR3_-_71825990.23-P1|FOLR3_-_71825982.23-P1,188,116,-0.00020840644769529719,0.024227179851786095,1.124623230881952,1.2739162439231648,0.03,0.02,0.44552529182879375,0.5763618677042801
K562_essential,FOLR3,FOLR3_-_71846819.23-P2|FOLR3_+_71846807.23-P2,116,188,-0.00020840644769529719,0.01193834193454059,2.2105402898985216,1.8249860103902629,0.03,0.03,0.15126459143968873,0.3268482490272373
K562_essential,GAPDH,GAPDH_-_6643761.23-P1|GAPDH_-_6643770.23-P1,123,60,-0.010044150338225383,0.000898773986496558,1.2373427949563238,1.2092368476319957,0.03,0.03,0.22227626459143968,0.3472762645914397
K562_essential,GAPDH,GAPDH_-_6647118.23-P2|GAPDH_-_6647239.23-P2,60,123,-0.010044150338225383,0.03965786554722429,1.7416737913168152,1.3269911980077937,0.03,0.04,0.13764591439688711,0.7285992217898833
K562_essential,GON4L,GON4L_+_155829080.23-P2|GON4L_+_155829093.23-P2,135,102,-0.012902787707418983,0.017822060141648517,1.3107996998361544,1.442703479482897,0.04,0.04,0.1702334630350194,0.4713035019455253
K562_essential,GON4L,GON4L_-_155826980.23-P1|GON4L_+_155826818.23-P1,102,135,-0.012902787707418983,0.014538800059972408,1.592548706889481,1.6198376999621786,0.04,0.05,0.2538910505836576,0.5029182879377432
K562_essential,GRB2,GRB2_-_73389861.23-P2|GRB2_+_73389905.23-P2,106,63,-0.01375661238450245,-0.02254771987807214,1.151379728818803,1.2711183284780583,0.05,0.03,0.1707198443579766,0.10165369649805445
K562_essential,GRB2,GRB2_-_73401305.23-P1|GRB2_+_73401721.23-P1,63,106,-0.01375661238450245,0.02519353357861482,2.045749734895817,1.6494417918341238,0.05,0.03,0.05642023346303504,0.7232490272373541
K562_essential,HAUS7,HAUS7_+_152735963.23-P1|HAUS7_+_152736011.23-P1,163,76,0.014424905507944638,-0.007004705461009039,1.1926649277516774,1.2982816698496165,0.01,0.03,0.49562256809338523,0.3244163424124513
K562_essential,HAUS7,HAUS7_-_152760909.23-P2|HAUS7_+_152760894.23-P2,76,163,0.014424905507944638,0.059198002012083605,1.8492030556617347,1.5264372691866204,0.01,0.04,0.44406614785992216,0.9445525291828794
K562_essential,HIRA,HIRA_+_19419212.23-P2|HIRA_+_19419231.23-P2,221,120,0.011494897608927067,0.024904870021511073,1.3063638469578998,1.5158477850619507,0.02,0.03,0.5632295719844358,0.7402723735408561
K562_essential,HIRA,HIRA_+_19435207.23-P1|HIRA_-_19435159.23-P1,120,221,0.011494897608927067,-0.04522454337994414,1.5752220508871517,1.7079383272698694,0.02,0.01,0.453307392996109,0.0476653696498055
K562_essential,HMGB1,HMGB1_-_31040100.23-P1|HMGB1_+_31040082.23-P1,107,134,0.024788033412186078,-0.0010134728479704543,1.481146277153503,1.3678425924319897,0.05,0.04,0.8394941634241245,0.3784046692607004
K562_essential,HMGB1,HMGB1_-_31191681.23-P2|HMGB1_-_31191644.23-P2,134,107,0.024788033412186078,0.044469290943100204,1.3540603540488705,1.2937168859807904,0.05,0.03,0.6454280155642023,0.9095330739299611
K562_essential,HNRNPL,HNRNPL_+_39342928.23-P2|HNRNPL_-_39342945.23-P2,11,69,0.020179881614644478,0.1562565598680134,7.743830418208105,1.0342418597553884,0.02,0.1,0.2777237354085603,0.9576848249027238
K562_essential,HNRNPL,HNRNPL_-_39340587.23-P1|HNRNPL_+_39340578.23-P1,69,11,0.020179881614644478,0.03510873812871245,1.0359490788593615,1.00848140841676,0.02,0.0,0.49075875486381326,0.5938715953307393
K562_essential,HNRNPM,HNRNPM_-_8509903.23-P1|HNRNPM_-_8509876.23-P1,117,141,0.03884268148033015,0.004147972386015281,1.8708754337747897,1.4428673566912593,0.04,0.04,0.8939688715953308,0.32247081712062253
K562_essential,HNRNPM,HNRNPM_-_8536287.23-P2|HNRNPM_+_8536305.23-P2,141,117,0.03884268148033015,0.02312293574522736,1.1847335970408546,1.1965629896060233,0.04,0.05,0.4713035019455253,0.31760700389105057
K562_essential,IK,IK_+_140027496.23-P1|IK_-_140027453.23-P1,204,85,-0.052240735404069594,0.054788240094611265,1.373734847079377,1.9443611628358708,0.0,0.06,0.1104085603112841,0.8370622568093385
K562_essential,IK,IK_-_140038581.23-P2|IK_+_140038551.23-P2,85,204,-0.052240735404069594,0.004110297757586428,1.5564942220755196,2.126299223251512,0.0,0.03,0.13375486381322954,0.42704280155642027
K562_essential,KAT8,KAT8_+_31141409.23-P2|KAT8_+_31141331.23-P2,89,198,0.055325532661417834,-0.016675894831584756,1.1143205209593956,1.0661271465670457,0.02,0.0,0.5958171206225681,0.28745136186770426
K562_essential,KAT8,KAT8_-_31129050.23-P1|KAT8_-_31129029.23-P1,198,89,0.055325532661417834,-0.010857007003801121,2.293603096632184,1.2555055274997462,0.02,0.03,0.9494163424124513,0.2519455252918288
K562_essential,KRT10,KRT10_+_38975898.23-P2|KRT10_-_38975915.23-P2,64,118,0.055039391246504206,0.006680006573598467,1.7655319811516368,1.554598934918838,0.06,0.05,0.9455252918287937,0.44455252918287935
K562_essential,KRT10,KRT10_-_38978838.23-P1|KRT10_-_38978663.23-P1,118,64,0.055039391246504206,-0.027359239713889847,1.2226995568038352,1.2995302647910556,0.06,0.07,0.7874513618677043,0.09241245136186771
K562_essential,KRT8,KRT8_-_53298844.23-P1|KRT8_-_53298430.23-P1,189,158,0.05779923842227086,0.022827156027406113,1.3393126486098479,1.482805688832099,0.05,0.02,0.9751945525291829,0.7208171206225681
K562_essential,KRT8,KRT8_-_53343612.23-P2|KRT8_-_53343631.23-P2,158,189,0.05779923842227086,0.03071126507922326,1.4532461411569941,1.542565011458831,0.05,0.04,0.9328793774319066,0.6926070038910506
K562_essential,LIN54,LIN54_+_83931965.23-P2|LIN54_+_83931898.23-P2,205,101,0.01895162117161664,0.01820355258632095,1.1665213826630685,1.360757050921014,0.02,0.02,0.4990272373540856,0.4854085603112841
K562_essential,LIN54,LIN54_+_83933961.23-P1|LIN54_+_83933984.23-P1,101,205,0.01895162117161664,0.06953021453395498,1.9219973086838487,1.7964999105141808,0.02,0.06,0.5821984435797665,0.9965953307392996
K562_essential,LSM5,LSM5_+_32534880.23-P2|LSM5_-_32534855.23-P2,160,42,0.1213786336583563,0.2713523695193731,0.9803660575323161,0.8348415867480161,0.05,0.13,0.9576848249027238,0.9965953307392996
K562_essential,LSM5,LSM5_-_32529957.23-P1|LSM5_-_32529937.23-P1,42,160,0.1213786336583563,0.29337981353430864,2.8411299437188706,2.046480626991388,0.05,0.08,0.9562256809338522,1.0
K562_essential,LST1,LST1_+_31554051.23-P1|LST1_-_31554050.23-P1,72,77,0.05481798436339663,0.036928204676029135,1.4228357732404437,1.1558723845250918,0.09,0.03,0.7937743190661479,0.6658560311284047
K562_essential,LST1,LST1_+_31555054.23-P2|LST1_+_31555066.23-P2,77,72,0.05481798436339663,0.002762493879790552,1.3717920069302085,1.1638757707311511,0.09,0.03,0.943579766536965,0.39785992217898836
K562_essential,MFN2,MFN2_-_12040716.23-P1|MFN2_-_12040541.23-P1,42,93,0.024780800909016364,-0.018995144283585556,2.041603777319233,1.5826142826887193,0.05,0.03,0.7461089494163424,0.30593385214007784
K562_essential,MFN2,MFN2_-_12042038.23-P2|MFN2_+_12042061.23-P2,93,42,0.024780800909016364,0.058372647141736046,1.1663130682071803,1.1620380894885352,0.05,0.05,0.6269455252918288,0.9197470817120622
K562_essential,NCL,NCL_+_232326465.23-P2|NCL_+_232326222.23-P2,152,146,0.01985094334424693,0.023868220230982024,1.2808214645565317,1.3019603923387506,0.06,0.07,0.5311284046692607,0.5729571984435797
K562_essential,NCL,NCL_-_232329157.23-P1|NCL_-_232329135.23-P1,146,152,0.01985094334424693,0.041182664397178645,1.5840244718183847,1.4294169226440212,0.06,0.04,0.6133268482490273,0.8312256809338521
K562_essential,NDUFS5,NDUFS5_-_39492036.23-P1|NDUFS5_-_39492056.23-P1,103,92,0.0007423670969270348,0.005327755575065988,1.4269765277480426,1.3488288369333068,0.02,0.02,0.38326848249027234,0.4353112840466926
K562_essential,NDUFS5,NDUFS5_-_39494549.23-P2|NDUFS5_-_39494612.23-P2,92,103,0.0007423670969270348,0.029988176948284248,1.4739017307148263,1.3492896229813878,0.02,0.04,0.2495136186770428,0.6055447470817121
K562_essential,NXF1,NXF1_+_62572883.23-P1|NXF1_-_62572847.23-P1,13,238,0.007599749342990643,0.047582365095342985,14.663906417258236,2.464574981000634,0.01,0.04,0.4800583657587548,0.9479571984435797
K562_essential,NXF1,NXF1_-_62566496.23-P2|NXF1_+_62566715.23-P2,238,13,0.007599749342990643,-0.038047098989552275,1.007784747822481,1.0491006301621573,0.01,0.0,0.4173151750972762,0.19357976653696496
K562_essential,PCBP2,PCBP2_+_53846112.23-P1|PCBP2_+_53846301.23-P1,110,62,0.0441350581449032,0.026292417173618913,1.3009797784016144,1.2409085042244665,0.01,0.03,0.870136186770428,0.6551556420233463
K562_essential,PCBP2,PCBP2_-_53836012.23-P2|PCBP2_-_53835509.23-P2,62,110,0.0441350581449032,0.030908491623656484,1.5732184134304954,1.333994912969015,0.01,0.04,0.7227626459143969,0.5992217898832685
K562_essential,PCID2,PCID2_+_113862955.23-P1|PCID2_+_113862975.23-P1,162,145,-0.03890445454434915,-0.03188505005700383,1.497194302844554,2.3599333035755836,0.02,0.01,0.061770428015564205,0.08463035019455256
K562_essential,PCID2,PCID2_-_113841577.23-P2|PCID2_-_113841606.23-P2,145,162,-0.03890445454434915,0.08948393978108576,1.39219316214764,2.1251611971042363,0.02,0.1,0.033560311284046684,0.9114785992217899
K562_essential,PELO,PELO_-_52083812.23-P2|PELO_-_52084090.23-P2,121,165,0.022113704949815526,-0.02307788866134057,1.2051637460352085,1.5344921745145625,0.03,0.02,0.438715953307393,0.17558365758754868
K562_essential,PELO,PELO_-_52095976.23-P1|PELO_+_52095956.23-P1,165,121,0.022113704949815526,0.029965269555669603,1.7346138499780155,2.011135965061357,0.03,0.03,0.47422178988326846,0.5836575875486381
K562_essential,PHAX,PHAX_+_125939292.23-P2|PHAX_-_125939291.23-P2,160,252,-0.023837678961672677,0.21429782748298573,1.1186217253020694,1.269608302425731,0.01,0.07,0.23832684824902728,0.8915369649805447
K562_essential,PHAX,PHAX_-_125936686.23-P1|PHAX_-_125936678.23-P1,252,160,-0.023837678961672677,-0.10963398804846389,2.5318651127796388,2.7405669858742856,0.01,0.0,0.22519455252918286,0.0077821011673151474
K562_essential,PKM,PKM_+_72500912.23-P2|PKM_-_72500954.23-P2,115,34,0.027655428225544763,-0.0002985856598544021,1.114266847279521,1.150357842507998,0.05,0.04,0.7363813229571985,0.18968871595330739
K562_essential,PKM,PKM_+_72523549.23-P1|PKM_-_72523504.23-P1,34,115,0.027655428225544763,0.03961561539386839,2.366040057603636,1.5059936781994168,0.05,0.05,0.7329766536964981,0.8574902723735409
K562_essential,PMPCB,PMPCB_+_102937876.23-P1|PMPCB_-_102938097.23-P1,503,50,-0.0021547402891004246,-0.006902996457084615,1.2958560775567758,1.1624998897565197,0.02,0.01,0.3934824902723736,0.3419260700389105
K562_essential,PMPCB,PMPCB_-_102940675.23-P2|PMPCB_-_102941127.23-P2,50,503,-0.0021547402891004246,0.03558315129977748,1.7979065797110174,1.2233143754571272,0.02,0.03,0.27626459143968873,0.44455252918287935
K562_essential,PNISR,PNISR_+_99848916.23-P2|PNISR_+_99848928.23-P2,98,98,-0.00033782840159348235,0.06941725684927823,1.2764120479323031,1.116123453958606,0.03,0.04,0.28696498054474706,0.7436770428015564
K562_essential,PNISR,PNISR_+_99873121.23-P1|PNISR_+_99873109.23-P1,98,98,-0.00033782840159348235,0.012823084679764363,1.667302400591359,1.235810696615571,0.03,0.05,0.35262645914396884,0.4961089494163424
K562_essential,POLR1C,POLR1C_-_43477509.23-P2|POLR1C_+_43477492.23-P2,51,136,0.02591642977094951,0.5063909099343619,1.6173127635787938,0.8777514608146106,0.09,0.28,0.6050583657587549,0.9965953307392996
K562_essential,POLR1C,POLR1C_-_43484871.23-P1|POLR1C_-_43484868.23-P1,136,51,0.02591642977094951,-0.001575004058840882,1.2795551856931282,1.1779419548525276,0.09,0.04,0.6614785992217899,0.3545719844357976
K562_essential,POLR2D,POLR2D_+_128605175.23-P2|POLR2D_+_128604811.23-P2,103,178,-0.06713232141065424,0.2074316868151809,1.3025619800915067,1.0460841660085758,0.03,0.08,0.06857976653696496,0.9134241245136187
K562_essential,POLR2D,POLR2D_-_128615513.23-P1|POLR2D_+_128615628.23-P1,178,103,-0.06713232141065424,0.0070089267234885065,1.696555311498764,1.2640541477029654,0.03,0.02,0.10408560311284043,0.4868677042801557
K562_essential,POLR2E,POLR2E_+_1089911.23-P2|POLR2E_+_1089885.23-P2,70,155,-0.0013173694098767745,0.28752161988334113,1.7283625389595278,1.2573932785034014,0.02,0.12,0.3321984435797666,0.9985408560311284
K562_essential,POLR2E,POLR2E_+_1095301.23-P1|POLR2E_+_1095334.23-P1,155,70,-0.0013173694098767745,-0.04483013394250141,1.237291898953753,1.3267782729415585,0.02,0.01,0.3857003891050583,0.07052529182879375
K562_essential,PPP1CA,PPP1CA_+_67168941.23-P1|PPP1CA_+_67168772.23-P1,100,148,0.07441571121046912,0.03160847350919815,1.8868997697783336,1.3712793397320426,0.03,0.06,0.9678988326848249,0.6191634241245136
K562_essential,PPP1CA,PPP1CA_-_67188610.23-P2|PPP1CA_-_67188663.23-P2,148,100,0.07441571121046912,0.008168303440465496,1.142603217077266,1.1684273180231393,0.03,0.02,0.7660505836575875,0.29134241245136183
K562_essential,PPP2R1A,PPP2R1A_+_52716201.23-P2|PPP2R1A_+_52716105.23-P2,215,240,0.026486771343763274,0.03030135182901514,1.3341912061672099,2.141451129589425,0.06,0.04,0.625,0.6609922178988327
K562_essential,PPP2R1A,PPP2R1A_-_52693331.23-P1|PPP2R1A_-_52693691.23-P1,240,215,0.026486771343763274,0.050614155506941164,1.5382464539811935,2.3532801371787375,0.06,0.11,0.6994163424124513,0.8978599221789884
K562_essential,PRKRIP1,PRKRIP1_+_102004333.23-P2|PRKRIP1_-_102004751.23-P2,149,33,-0.004571469356612511,0.0462437618494617,1.0774349978760962,1.2288266599482276,0.02,0.02,0.3414396887159533,0.8039883268482491
K562_essential,PRKRIP1,PRKRIP1_+_102036866.23-P1|PRKRIP1_-_102036882.23-P1,33,149,-0.004571469356612511,0.0552457646250912,3.276349102159106,2.2413867557655314,0.02,0.03,0.27529182879377434,0.936284046692607
K562_essential,PRMT5,PRMT5_+_23398587.23-P1|PRMT5_+_23398566.23-P1,88,39,0.011440660654858334,-0.0065200375138456425,1.265646403742915,1.0414067025576546,0.06,0.03,0.5447470817120623,0.2976653696498055
K562_essential,PRMT5,PRMT5_-_23395618.23-P2|PRMT5_+_23395600.23-P2,39,88,0.011440660654858334,0.031144190140101898,1.7226341489104977,1.061886560354865,0.06,0.05,0.35165369649805445,0.5904669260700389
K562_essential,PRODH,PRODH_+_18905892.23-P2|PRODH_+_18905874.23-P2,215,164,0.016226116443225694,0.06938749607110478,1.3050933422764854,2.4431082006445153,0.04,0.06,0.5977626459143969,0.9766536964980544
K562_essential,PRODH,PRODH_-_18923767.23-P1|PRODH_-_18923755.23-P1,164,215,0.016226116443225694,0.048720078073885974,1.54110249126142,2.8023539393660504,0.04,0.02,0.47859922178988323,0.9499027237354085
K562_essential,PSMB6,PSMB6_+_4700842.23-P2|PSMB6_+_4700995.23-P2,75,125,0.05959227691645725,0.5337368688851718,1.1961890432639661,0.8465242997953858,0.05,0.35,0.6575875486381323,0.9956225680933852
K562_essential,PSMB6,PSMB6_-_4699495.23-P1|PSMB6_-_4699534.23-P1,125,75,0.05959227691645725,0.04778108629592585,1.7562748521548914,1.1985195326575147,0.05,0.04,0.9173151750972762,0.8414396887159533
K562_essential,PSMG3,PSMG3_+_1610218.23-P2|PSMG3_+_1610222.23-P2,141,298,0.010230333234801537,-0.025064779497760266,1.6043413064981926,2.656080244850407,0.02,0.01,0.4056420233463035,0.14396887159533078
K562_essential,PSMG3,PSMG3_-_1609603.23-P1|PSMG3_+_1609624.23-P1,298,141,0.010230333234801537,0.025083123532993107,1.2942404160554861,2.179688172321751,0.02,0.04,0.41050583657587547,0.6449416342412451
K562_essential,PSTK,PSTK_+_124739974.23-P1|PSTK_-_124739917.23-P1,198,181,0.026986773155758335,-0.01292434638481406,1.3583639014517066,1.8672313034891532,0.06,0.04,0.7417315175097277,0.20768482490272377
K562_essential,PSTK,PSTK_-_124714003.23-P2|PSTK_+_124713944.23-P2,181,198,0.026986773155758335,0.01789383059518879,1.4446812307933308,1.9209349261891173,0.06,0.01,0.6673151750972763,0.5466926070038911
K562_essential,PTCD1,PTCD1_+_99063727.23-P1|PTCD1_-_99063736.23-P1,117,150,0.20080880455851963,0.06593512123245651,1.2703219475062961,1.590909817134974,0.08,0.05,0.9839494163424125,0.7859922178988327
K562_essential,PTCD1,PTCD1_-_99036387.23-P2|PTCD1_+_99036338.23-P2,150,117,0.20080880455851963,0.08122962212995956,1.2267454807924583,1.5473795333900155,0.08,0.06,0.9722762645914397,0.8662451361867705
K562_essential,RBM4,RBM4_+_66384103.23-P1|RBM4_-_66384112.23-P1,51,170,0.012548161714568915,0.06992156698966648,1.912071655970298,1.8046484512953995,0.08,0.03,0.3424124513618677,0.8278210116731517
K562_essential,RBM4,RBM4_-_66406629.23-P2|RBM4_+_66406241.23-P2,170,51,0.012548161714568915,-0.025701092643542325,1.2118667621081003,1.45929274757845,0.08,0.03,0.6016536964980546,0.1084630350194552
K562_essential,RCC1,RCC1_+_28832591.23-P1|RCC1_-_28832596.23-P1,65,161,-0.005408209761468762,-0.08829294999991899,1.7875899209125459,2.0970035605768556,0.04,0.03,0.252431906614786,0.02675097276264593
K562_essential,RCC1,RCC1_-_28844804.23-P2|RCC1_-_28844824.23-P2,161,65,-0.005408209761468762,0.05377393428567843,1.244878229563372,1.4751387211556082,0.04,0.04,0.36478599221789887,0.9907587548638133
K562_essential,RPL13A,RPL13A_+_49991194.23-P1|RPL13A_-_49991095.23-P1,96,62,-0.01897587616124897,-0.075548992091478,1.3362092693528833,1.7749332165052434,0.02,0.01,0.1386186770428015,0.030642023346303504
K562_essential,RPL13A,RPL13A_+_49994249.23-P2|RPL13A_+_49994109.23-P2,62,96,-0.01897587616124897,0.3165305140596336,1.572328279001129,1.5964100972565587,0.02,0.11,0.19066147859922178,0.9844357976653697
K562_essential,RPS29,RPS29_+_50065387.23-P2|RPS29_-_50065393.23-P2,110,293,-0.03872702586637999,0.8580934019602688,1.216631583930425,0.6651453492589747,0.01,0.53,0.39883268482490275,0.9990272373540856
K562_essential,RPS29,RPS29_-_50052902.23-P1|RPS29_-_50052869.23-P1,293,110,-0.03872702586637999,-0.048957836862085345,1.81824591145842,2.281374039384563,0.01,0.02,0.1108949416342413,0.06420233463035019
K562_essential,RPS3,RPS3_+_75111893.23-P2|RPS3_-_75111920.23-P2,15,261,-0.1792064211637933,0.7897980061710218,4.608103483666726,0.5790227001132603,0.0,0.4,0.020428015564202373,0.982976653696498
K562_essential,RPS3,RPS3_-_75110633.23-P1|RPS3_-_75110586.23-P1,261,15,-0.1792064211637933,-0.14797611344574685,1.1119957369191609,1.069669671071389,0.0,0.0,0.0024319066147859836,0.02237354085603116
K562_essential,RSL1D1,RSL1D1_+_11933720.23-P2|RSL1D1_-_11933355.23-P2,103,108,0.010651926358380795,0.44334042665588796,1.2784845480419194,0.9631198645827975,0.04,0.18,0.46400778210116733,0.9917315175097277
K562_essential,RSL1D1,RSL1D1_-_11945349.23-P1|RSL1D1_+_11945362.23-P1,108,103,0.010651926358380795,-0.07931434807400088,1.6368245517062288,1.6111043372641463,0.04,0.02,0.507295719844358,0.05690661478599224
K562_essential,SEC61A1,SEC61A1_+_127783820.23-P2|SEC61A1_+_127783788.23-P2,62,118,0.0017742091000960572,0.07438021909339011,1.3354685489016391,1.207063134630126,0.0,0.04,0.24513618677042803,0.6133268482490273
K562_essential,SEC61A1,SEC61A1_-_127771295.23-P1|SEC61A1_-_127771292.23-P1,118,62,0.0017742091000960572,0.043326803728067784,1.5908070377664656,1.3558921021410888,0.0,0.08,0.4075875486381323,0.8745136186770428
K562_essential,SF3A1,SF3A1_+_30752830.23-P1|SF3A1_-_30752688.23-P1,83,249,0.02574940946653539,-0.00642626637685101,2.633301693034634,2.1753851357487086,0.03,0.03,0.6678015564202335,0.3107976653696498
K562_essential,SF3A1,SF3A1_-_30736749.23-P2|SF3A1_-_30736509.23-P2,249,83,0.02574940946653539,0.29288992453984886,1.0759854444896892,1.0559519927475531,0.03,0.08,0.4489299610894941,0.980544747081712
K562_essential,SF3A2,SF3A2_+_2243491.23-P2|SF3A2_+_2243552.23-P2,99,222,0.061729488894438876,0.039682190667604304,1.1450524047312731,2.549229571569261,0.02,0.05,0.617704280155642,0.5364785992217899
K562_essential,SF3A2,SF3A2_-_2236876.23-P1|SF3A2_-_2236863.23-P1,222,99,0.061729488894438876,0.03575583721288278,1.9180883921943848,4.1551635405942235,0.02,0.03,0.9450389105058365,0.8073929961089494
K562_essential,SIN3A,SIN3A_+_75747995.23-P2|SIN3A_-_75748095.23-P2,135,172,0.0928222276294277,0.0007318716907163719,1.4108164192578927,1.5476179207824363,0.1,0.03,0.9250972762645915,0.33657587548638135
K562_essential,SIN3A,SIN3A_-_75743971.23-P1|SIN3A_-_75743934.23-P1,172,135,0.0928222276294277,-0.03655086928778547,1.465646483172639,1.618816903581713,0.1,0.04,0.919260700389105,0.14834630350194555
K562_essential,SLC1A5,SLC1A5_+_47288025.23-P2|SLC1A5_-_47288033.23-P2,101,389,0.011488882825087811,0.020376532708881942,2.1450843288773127,1.7288833101532068,0.04,0.04,0.3915369649805448,0.5194552529182879
K562_essential,SLC1A5,SLC1A5_+_47291839.23-P1|SLC1A5_+_47291829.23-P1,389,101,0.011488882825087811,-0.031893152064377275,1.1225847543369745,1.2730772780172062,0.04,0.01,0.4348249027237354,0.06371595330739299
K562_essential,SLC4A5,SLC4A5_+_74517447.23-P1|SLC4A5_+_74517243.23-P1,129,97,0.007828070634651232,-0.0681921579990391,1.3405921736965045,1.2442913926947254,0.05,0.0,0.4683852140077821,0.08317120622568097
K562_essential,SLC4A5,SLC4A5_-_74590469.23-P2|SLC4A5_+_74590462.23-P2,97,129,0.007828070634651232,0.036349554453803695,1.5287426865716702,1.2480542387682918,0.05,0.01,0.35408560311284043,0.8059338521400778
K562_essential,SMARCB1,SMARCB1_+_24129228.23-P1|SMARCB1_-_24129238.23-P1,96,86,0.05957399104802001,0.01712038733165141,1.477182379525014,2.942619232871947,0.05,0.05,0.938715953307393,0.4990272373540856
K562_essential,SMARCB1,SMARCB1_-_24134004.23-P2|SMARCB1_+_24133953.23-P2,86,96,0.05957399104802001,0.08228674736079836,1.3722631170477586,2.6288777174021383,0.05,0.12,0.8608949416342413,0.9309338521400778
K562_essential,SMC4,SMC4_-_160117471.23-P1|SMC4_-_160117489.23-P1,249,91,-0.01529035562584194,0.017260821428633055,1.2203032347822576,1.3275846202898414,0.02,0.02,0.21060311284046696,0.5792801556420233
K562_essential,SMC4,SMC4_-_160122206.23-P2|SMC4_-_160122169.23-P2,91,249,-0.01529035562584194,0.052245336995678605,1.7485652403503436,1.5641701279880902,0.02,0.03,0.19455252918287935,0.5554474708171206
K562_essential,SNW1,SNW1_+_78221331.23-P2|SNW1_+_78221318.23-P2,104,122,-0.009763812415871107,0.09007763866270484,1.3250205839513196,1.042633243527835,0.05,0.02,0.18385214007782102,0.8535992217898832
K562_essential,SNW1,SNW1_+_78227421.23-P1|SNW1_+_78227503.23-P1,122,104,-0.009763812415871107,0.034867960420671286,1.5970767965798818,1.1083564133188353,0.05,0.02,0.21206225680933855,0.6736381322957199
K562_essential,SNX15,SNX15_+_64781852.23-P1|SNX15_-_64781624.23-P1,391,246,0.05774560199077106,-0.004582790270672481,1.4307786711803319,1.6532043126097933,0.04,0.01,0.9635214007782101,0.08949416342412453
K562_essential,SNX15,SNX15_-_64795079.23-P2|SNX15_+_64794991.23-P2,246,391,0.05774560199077106,0.026270730166148892,1.3283885255538759,1.5594146258711916,0.04,0.06,0.6449416342412451,0.46303501945525294
K562_essential,SON,SON_-_34915392.23-P1|SON_-_34915373.23-P1,500,15,-0.06038404023627709,0.03156953507618842,1.0447226792820337,1.0337527087189642,0.0,0.02,0.12256809338521402,0.6823929961089494
K562_essential,SON,SON_-_34921974.23-P2|SON_+_34922044.23-P2,15,500,-0.06038404023627709,-0.002673796065174448,5.230626476945923,1.3395221365341432,0.0,0.03,0.10505836575875482,0.3428988326848249
K562_essential,SPCS3,SPCS3_+_177241168.23-P1|SPCS3_+_177241171.23-P1,105,62,0.3778602960996407,0.02385598186122717,1.2749414598432538,1.2893547431981334,0.06,0.03,0.9961089494163424,0.6702334630350195
K562_essential,SPCS3,SPCS3_-_177242413.23-P2|SPCS3_-_177242377.23-P2,62,105,0.3778602960996407,-0.003211224112414445,1.609856033809512,1.407613132870351,0.06,0.01,0.9849221789883269,0.28891050583657585
K562_essential,SPDYE2,SPDYE2_+_102191744.23-ENST00000432940.1-ENST00000507918.1|SPDYE2_+_102191690.23-ENST00000432940.1-ENST00000507918.1,94,88,-0.004363246954501227,0.007014724460928767,1.391981323536468,1.2835177969018292,0.03,0.04,0.4265564202334631,0.5301556420233463
K562_essential,SPDYE2,SPDYE2_-_102196628.23-ENST00000341656.4|SPDYE2_+_102196618.23-ENST00000341656.4,88,94,-0.004363246954501227,0.012888950776461652,1.4827876429668785,1.309792286438364,0.03,0.02,0.27237354085603116,0.4961089494163424
K562_essential,SRSF11,SRSF11_+_70671425.23-P1|SRSF11_+_70671413.23-P1,281,156,0.054921672212136105,-0.03409296494999089,1.175624936677534,1.988603916851915,0.08,0.08,0.9586575875486382,0.05350194552529186
K562_essential,SRSF11,SRSF11_+_70687220.23-P2|SRSF11_-_70687171.23-P2,156,281,0.054921672212136105,0.0019926335656877685,1.7873041169128103,2.7534313686324103,0.08,0.06,0.955739299610895,0.2991245136186771
K562_essential,SRSF6,SRSF6_+_42086965.23-P1|SRSF6_-_42086572.23-P1,205,26,0.03289230736103533,0.0045682870418404424,1.0398915940879712,1.1983038744625472,0.04,0.04,0.7358949416342413,0.4250972762645915
K562_essential,SRSF6,SRSF6_-_42090460.23-P2|SRSF6_-_42090114.23-P2,26,205,0.03289230736103533,0.019189560791332702,3.8678799672195074,2.2928357400407693,0.04,0.03,0.8657587548638133,0.6425097276264591
K562_essential,TACC3,TACC3_+_1725320.23-P2|TACC3_+_1725283.23-P2,98,34,-0.017833577845168834,0.09130194124026382,1.1064339614575196,1.2938001901584937,0.02,0.06,0.09192607003891051,0.997568093385214
K562_essential,TACC3,TACC3_-_1723252.23-P1|TACC3_-_1723216.23-P1,34,98,-0.017833577845168834,-0.00833594764310391,2.411366680221356,2.008115216485072,0.02,0.01,0.2198443579766537,0.3399805447470817
K562_essential,TAF1D,TAF1D_-_93471390.23-P2|TAF1D_+_93471338.23-P2,38,103,-0.011305441121749825,0.034255001573643584,1.8431581273310158,1.6369647052134753,0.04,0.02,0.3000972762645915,0.6162451361867705
K562_essential,TAF1D,TAF1D_-_93474665.23-P1|TAF1D_+_93474608.23-P1,103,38,-0.011305441121749825,-0.020617392834588143,1.2152700313929437,1.4158958035708709,0.04,0.0,0.3098249027237354,0.232976653696498
K562_essential,TBC1D28,TBC1D28_+_18547242.23-ENST00000405044.1|TBC1D28_+_18547665.23-ENST00000405044.1,23,55,0.051194360952412796,0.04578972918828267,2.3913227411548688,2.2325086395616727,0.06,0.03,0.8613813229571985,0.8146887159533074
K562_essential,TBC1D28,TBC1D28_-_18545637.23-ENST00000345096.4|TBC1D28_+_18545467.23-ENST00000345096.4,55,23,0.051194360952412796,0.03745565951830296,1.145465083726033,1.4913454355055646,0.06,0.03,0.936284046692607,0.8623540856031129
K562_essential,TKT,TKT_+_53269134.23-P2|TKT_-_53269130.23-P2,111,91,-0.000781435444403294,0.035736213508227706,1.3293876007995467,1.2293625971939914,0.06,0.08,0.3103112840466926,0.8613813229571985
K562_essential,TKT,TKT_-_53289752.23-P1|TKT_+_53289954.23-P1,91,111,-0.000781435444403294,0.032257146045781,1.5190867181515764,1.283038183277009,0.06,0.03,0.4357976653696498,0.8876459143968871
K562_essential,TSR1,TSR1_+_2239717.23-P1|TSR1_+_2239506.23-P1,95,93,-0.03210421591386476,-0.07459766583918971,1.7469869453458844,2.0738313913761246,0.04,0.0,0.13375486381322954,0.005836575875486361
K562_essential,TSR1,TSR1_-_2241289.23-P2|TSR1_-_2241066.23-P2,93,95,-0.03210421591386476,0.5976959705347028,1.2554111586877483,0.9609438785649448,0.04,0.16,0.375,0.9995136186770428
K562_essential,TUBB,TUBB_+_30688145.23-P1|TUBB_+_30688173.23-P1,26,81,0.012852669423833975,0.014440330949910266,2.530747710120539,1.1878784760906174,0.02,0.02,0.33706225680933855,0.3584630350194552
K562_essential,TUBB,TUBB_+_30689505.23-P2|TUBB_+_30689619.23-P2,81,26,0.012852669423833975,0.030569508192092917,1.0724888216475736,1.0397974322721124,0.02,0.04,0.4406614785992218,0.7295719844357977
K562_essential,TUT1,TUT1_+_62358999.23-P1|TUT1_+_62358953.23-P1,41,167,0.0038908634977603772,0.05544093110553017,3.21666599704219,1.6128703077627922,0.01,0.04,0.3142023346303502,0.9601167315175098
K562_essential,TUT1,TUT1_-_62344700.23-P2|TUT1_-_62344688.23-P2,167,41,0.0038908634977603772,8.365456018924424e-05,1.0434018525088613,1.1133673701474278,0.01,0.05,0.3244163424124513,0.2845330739299611
K562_essential,UBA1,UBA1_+_47050450.23-P2|UBA1_-_47050478.23-P2,39,248,0.029718143097057136,0.03829153369113253,1.3109194678170943,1.1153238188823538,0.03,0.05,0.5666342412451362,0.6172178988326849
K562_essential,UBA1,UBA1_-_47053260.23-P1|UBA1_-_47053257.23-P1,248,39,0.029718143097057136,0.008296937593348536,1.5716620615555459,1.2100782151556724,0.03,0.03,0.8278210116731517,0.49513618677042803
K562_essential,UBA52,UBA52_+_18684266.23-P2|UBA52_-_18684292.23-P2,30,28,0.0026974906467599467,-0.004185009818244951,1.5741171127588314,1.1065715859005296,0.03,0.04,0.31760700389105057,0.2324902723735408
K562_essential,UBA52,UBA52_-_18682701.23-P1|UBA52_+_18682887.23-P1,28,30,0.0026974906467599467,-0.016182191783827325,1.5812690969478342,1.162284979587635,0.03,0.01,0.4820038910505836,0.2947470817120622
K562_essential,UNC45A,UNC45A_+_91478755.23-P1|UNC45A_+_91478544.23-P1,19,159,0.02174262692464423,-0.0022008483022747647,5.495877850477317,1.6737164028062794,0.05,0.01,0.622568093385214,0.27285992217898836
K562_essential,UNC45A,UNC45A_-_91473443.23-P2|UNC45A_+_91473462.23-P2,159,19,0.02174262692464423,0.020699372860439404,1.026587210549765,1.0478084648636854,0.05,0.02,0.6191634241245136,0.6070038910505837
K562_essential,UQCRC1,UQCRC1_+_48647028.23-P1|UQCRC1_-_48647042.23-P1,98,218,0.04192772623439603,0.007264594331457562,1.8365842437557878,2.256988198954475,0.04,0.02,0.9625486381322957,0.5248054474708171
K562_essential,UQCRC1,UQCRC1_-_48643052.23-P2|UQCRC1_+_48643236.23-P2,218,98,0.04192772623439603,0.10594155387333706,1.1697395375939268,1.4995934293987492,0.04,0.09,0.7174124513618677,0.9571984435797666
K562_essential,USP39,USP39_-_85829973.23-P2|USP39_-_85830050.23-P2,61,159,-0.011404214532108471,0.04271770074216292,1.2772285298060906,1.0711155628230422,0.02,0.01,0.2023346303501945,0.6142996108949417
K562_essential,USP39,USP39_-_85843325.23-P1|USP39_+_85843306.23-P1,159,61,-0.011404214532108471,-0.0282411366279734,1.8294442375992925,1.1917951572636076,0.02,0.02,0.27529182879377434,0.169260700389105
K562_essential,USP5,USP5_+_6961501.23-P1|USP5_+_6961472.23-P1,98,101,-0.019386591395050917,0.02158011844220815,1.6099880591217226,1.1697840071847556,0.0,0.02,0.21206225680933855,0.6152723735408561
K562_essential,USP5,USP5_-_6965971.23-P2|USP5_+_6966012.23-P2,101,98,-0.019386591395050917,0.03709772208134781,1.296231158896513,1.1029203999700123,0.0,0.03,0.2529182879377432,0.7076848249027237
K562_essential,VPS41,VPS41_+_38948746.23-P1|VPS41_+_38948736.23-P1,265,67,0.05113366986887908,0.020077784513047082,1.1058056211309328,1.270393001171659,0.04,0.04,0.8998054474708171,0.5340466926070039
K562_essential,VPS41,VPS41_+_38969081.23-P2|VPS41_-_38969076.23-P2,67,265,0.05113366986887908,0.03871084050275261,2.1468158382726084,1.8357347303788583,0.04,0.03,0.7446498054474708,0.6094357976653697
K562_essential,WBP11,WBP11_+_14956444.23-P1|WBP11_+_14956413.23-P1,213,99,0.16431430227604576,0.012381866893385756,1.5820111713305063,1.2279712048432536,0.08,0.05,1.0,0.394455252918288
K562_essential,WBP11,WBP11_-_14946707.23-P2|WBP11_+_14946647.23-P2,99,213,0.16431430227604576,-0.09704808186494085,1.138084932513306,1.1615294240784753,0.08,0.01,0.8516536964980544,0.022859922178988357
K562_essential,WDR74,WDR74_+_62607006.23-P1|WDR74_+_62607035.23-P1,84,94,0.018409212160623637,-0.11918259468950183,1.6030898986251747,1.9364474654525974,0.04,0.0,0.5539883268482491,0.03258754863813229
K562_essential,WDR74,WDR74_+_62609282.23-P2|WDR74_-_62609072.23-P2,94,84,0.018409212160623637,0.3416803850610312,1.289598057166668,1.2395942973747816,0.04,0.15,0.5938715953307393,0.9703307392996109
K562_essential,YJEFN3,YJEFN3_-_19627479.23-P1|YJEFN3_+_19627083.23-P1,76,103,0.037254436948547694,0.0021774016153003556,1.5122772204597357,1.6762910636620085,0.05,0.03,0.872568093385214,0.438715953307393
K562_essential,YJEFN3,YJEFN3_-_19639774.23-P2|YJEFN3_-_19639771.23-P2,103,76,0.037254436948547694,0.02085492172273923,1.3183865200484395,1.517066685562158,0.05,0.03,0.7285992217898833,0.47324902723735407
K562_essential,ZMAT2,ZMAT2_+_140083724.23-P2|ZMAT2_-_140083696.23-P2,101,335,-0.000499933431798896,-0.0011915506576956423,1.254491220369447,1.3343784844059776,0.01,0.02,0.3122568093385214,0.30690661478599224
K562_essential,ZMAT2,ZMAT2_-_140080084.23-P1|ZMAT2_-_140080067.23-P1,335,101,-0.000499933431798896,0.0703437222357339,1.7703983610871892,1.6080367938780924,0.01,0.05,0.3565175097276264,0.9567120622568094
K562_essential,ZNF207,ZNF207_+_30687693.23-P2|ZNF207_+_30687708.23-P2,193,90,-0.04535041404755435,0.01105325473654475,1.1073840704682374,1.2790744022645268,0.02,0.02,0.08219844357976658,0.44503891050583655
K562_essential,ZNF207,ZNF207_-_30677224.23-P1|ZNF207_-_30677213.23-P1,90,193,-0.04535041404755435,-0.02465141578684368,2.7401399434005906,2.3641385035064837,0.02,0.05,0.14931906614785995,0.23881322957198448
K562_essential,ZNF574,ZNF574_-_42580351.23-P1|ZNF574_-_42580345.23-P1,112,202,0.06005735861765274,0.07451536561291576,1.8864009410566178,1.6388809863321876,0.06,0.05,0.8535992217898832,0.931420233463035
K562_essential,ZNF574,ZNF574_-_42583382.23-P2|ZNF574_-_42583385.23-P2,202,112,0.06005735861765274,0.03169496120002073,1.1539073066955332,1.301396503333948,0.06,0.04,0.8740272373540856,0.6804474708171206
K562_essential,ZNF718,ZNF718_+_124420.23-ENST00000510175.1-ENST00000511079.1-ENST00000513304.1-ENST00000513889.1|ZNF718_+_124436.23-ENST00000510175.1-ENST00000511079.1-ENST00000513304.1-ENST00000513889.1,215,115,0.006761434370396089,0.048184694253506535,1.2497985963312794,1.6010804546943083,0.03,0.04,0.2650778210116731,0.9547665369649806
K562_essential,ZNF718,ZNF718_-_154794.23-ENST00000502662.1|ZNF718_-_154974.23-ENST00000502662.1,58,272,0.009668658422109734,0.03732643039452927,2.3546902197774453,2.122955537666164,0.03,0.06,0.3239299610894941,0.7412451361867705
K562_essential,ZNF718,ZNF718_-_154974.23-ENST00000400172.3|ZNF718_+_155065.23-ENST00000400172.3,57,273,0.041658188282037475,0.03638116536451605,2.643467942848142,2.1665305919704085,0.06,0.06,0.7645914396887159,0.688715953307393
RPE1,ABCF1,ABCF1_+_30539238.23-P1|ABCF1_+_30539469.23-P1,66,91,0.029758924907501264,0.00908977458563216,2.6122060750420903,1.511344910920153,0.02,0.05,0.6605351170568562,0.32859531772575246
RPE1,ABCF1,ABCF1_-_30546354.23-P2|ABCF1_-_30546344.23-P2,91,66,0.029758924907501264,0.06613085092776969,1.1149386557542769,1.105415867678419,0.02,0.02,0.1287625418060201,0.21321070234113715
RPE1,ACIN1,ACIN1_-_23540292.23-P2|ACIN1_-_23540730.23-P2,61,101,0.11474617633913149,-0.05567734370575911,1.6973935219477496,1.3113029165872068,0.08,0.02,0.9979096989966555,0.0025083612040134318
RPE1,ACIN1,ACIN1_-_23564284.23-P1|ACIN1_+_23563962.23-P1,101,61,0.11474617633913149,-0.14769203829741526,1.2137981867584289,1.1440448362480833,0.08,0.03,0.7930602006688963,0.0
RPE1,ADAM10,ADAM10_+_59041877.23-P1P2|ADAM10_+_59041978.23-P1P2,109,275,-0.0697013477120334,-0.022459925146975826,1.3649768357668068,1.5531049613120969,0.0,0.01,0.04096989966555187,0.11413043478260865
RPE1,ADAM10,ADAM10_+_59041886.23-P1P2|ADAM10_-_59041703.23-P1P2,150,234,-0.049560577093102534,0.03623039155940765,3.0659138448951873,2.197299291016863,0.04,0.04,0.12541806020066892,0.7972408026755853
RPE1,ADAM10,ADAM10_-_59041501.23-P1P2|ADAM10_+_59041561.23-P1P2,125,259,-0.00044223849369524724,-0.01644763524174993,1.2729569888670065,1.5484213195787053,0.04,0.0,0.18143812709030105,0.1350334448160535
RPE1,ADAT3,ADAT3_+_1907955.23-P2|ADAT3_+_1908004.23-P2,173,113,0.12347535966664787,0.05368803917958868,1.2283361655051144,4.244807492818916,0.05,0.08,0.8862876254180602,0.5229933110367893
RPE1,ADAT3,ADAT3_-_1905438.23-P1|ADAT3_+_1905424.23-P1,113,173,0.12347535966664787,0.05597349957710642,1.4574447436657858,4.891322681305204,0.05,0.04,0.6375418060200668,0.24832775919732442
RPE1,AP2M1,AP2M1_+_183894722.23-P2|AP2M1_+_183894728.23-P2,84,140,-0.00707143059572448,0.11662505588966894,1.4368999409153635,1.6157318879529703,0.04,0.18,0.0735785953177257,0.6542642140468227
RPE1,AP2M1,AP2M1_-_183892660.23-P1|AP2M1_-_183892679.23-P1,140,84,-0.00707143059572448,0.4044208355871754,1.4064113448758953,1.6637069869258019,0.04,0.1,0.3595317725752508,0.9882943143812709
RPE1,ARPC2,ARPC2_+_219103598.23-P2|ARPC2_-_219103608.23-P2,73,67,0.04719154701181426,0.15525566022056625,1.1205073008440545,1.0018451911510615,0.03,0.04,0.2399665551839465,0.6287625418060201
RPE1,ARPC2,ARPC2_-_219081923.23-P1|ARPC2_-_219081929.23-P1,67,73,0.04719154701181426,0.09110641448613932,2.048145179375167,1.4472453839989567,0.03,0.06,0.7470735785953178,0.9331103678929766
RPE1,ARPC3,ARPC3_+_110888087.23-P1|ARPC3_-_110888115.23-P1,39,41,0.006503438091907689,-0.028813243194373006,2.3573614451001386,1.6398042962632688,0.03,0.02,0.3214882943143813,0.03051839464882944
RPE1,ARPC3,ARPC3_-_110883364.23-P2|ARPC3_+_110883121.23-P2,41,39,0.006503438091907689,0.07383268674720217,1.1788068487190237,1.0155138430653974,0.03,0.04,0.10869565217391308,0.5384615384615384
RPE1,BCAR1,BCAR1_+_75299843.23-P2|BCAR1_+_75299852.23-P2,873,49,0.019970617238030158,0.023239097159193558,1.0218431539946893,1.762868103415767,0.03,0.03,0.1567725752508361,0.17516722408026753
RPE1,BCAR1,BCAR1_-_75285241.23-P1|BCAR1_+_75285561.23-P1,49,873,0.019970617238030158,-0.027106629487656714,5.285170435049082,7.83919256418392,0.03,0.02,0.8014214046822743,0.32441471571906355
RPE1,BCL2L1,BCL2L1_-_30310581.23-P1|BCL2L1_+_30310660.23-P1,159,255,-0.03501919500051372,0.003306161220145748,1.5142374322941772,1.9772682279710414,0.03,0.05,0.022575250836120442,0.08904682274247488
RPE1,BCL2L1,BCL2L1_-_30311293.23-P2|BCL2L1_+_30311683.23-P2,255,159,-0.03501919500051372,0.05619922000593603,1.379709885799732,1.8515552771802508,0.03,0.06,0.04013377926421402,0.8214882943143813
RPE1,BOP1,BOP1_+_145515084.23-P1|BOP1_+_145515090.23-P1,33,133,-0.017663492406959785,-0.0654897373332531,5.031721280373504,2.4884265176110962,0.02,0.01,0.4364548494983278,0.08486622073578598
RPE1,BOP1,BOP1_-_145512830.23-P2|BOP1_+_145512867.23-P2,133,33,-0.017663492406959785,0.2037055439640299,1.0553104979271055,0.8898487236171199,0.02,0.12,0.028846153846153855,0.8553511705685619
RPE1,C1orf109,C1orf109_+_38156159.23-P1|C1orf109_-_38156166.23-P1,76,138,0.016655549946540154,0.07035430174511907,1.7094556343473304,12.306350651491341,0.01,0.01,0.27466555183946484,0.9452341137123745
RPE1,C1orf109,C1orf109_+_38157864.23-P2|C1orf109_-_38157872.23-P2,138,76,0.016655549946540154,0.07669949836311064,1.234514515176802,8.949740783417095,0.01,0.0,0.45568561872909696,0.9765886287625418
RPE1,C7orf26,C7orf26_+_6629646.23-P1P2|C7orf26_+_6629634.23-P1P2,64,316,0.40984086091372485,-0.006171860959821588,1.369578547763606,1.4314275485624985,0.13,0.02,0.9987458193979933,0.11371237458193983
RPE1,C7orf26,C7orf26_+_6629657.23-P1P2|C7orf26_+_6629704.23-P1P2,286,94,0.5557796104089401,0.005133164154083993,0.8315819144184371,1.2466608549423481,0.28,0.01,1.0,0.11998327759197325
RPE1,C7orf26,C7orf26_-_6630121.23-P1P2|C7orf26_+_6630358.23-P1P2,30,350,0.11245576529117388,-0.00033947687399666314,2.2540862660587817,1.4173997672472884,0.05,0.01,0.5380434782608696,0.13419732441471577
RPE1,CACNB3,CACNB3_+_49209404.23-P2|CACNB3_-_49209408.23-P2,140,104,-0.028077254003852307,0.018718307092568165,1.3303927924061556,3.585391118548203,0.04,0.04,0.047658862876254204,0.27466555183946484
RPE1,CACNB3,CACNB3_+_49212320.23-P1|CACNB3_+_49212331.23-P1,104,140,-0.028077254003852307,-0.03139425307158193,1.5815381837488984,4.311568894079877,0.04,0.0,0.32650501672240806,0.30225752508361203
RPE1,CCDC130,CCDC130_+_13842618.23-P2|CCDC130_-_13842623.23-P2,71,43,0.20082394019880836,0.09591245477046408,1.1155167281783787,1.20064112139866,0.04,0.06,0.9460702341137124,0.5054347826086957
RPE1,CCDC130,CCDC130_-_13858696.23-P1|CCDC130_-_13858757.23-P1,43,71,0.20082394019880836,0.2366211030952891,1.2198785214878711,1.1459856571821427,0.04,0.1,0.5501672240802675,0.6413043478260869
RPE1,CCDC144NL,CCDC144NL_+_20771514.23-P1|CCDC144NL_+_20771332.23-P1,114,136,0.07728338250736644,-0.013146859070544721,1.458636312302259,5.017309451887378,0.06,0.03,0.9669732441471572,0.5514214046822743
RPE1,CCDC144NL,CCDC144NL_-_20799255.23-P2|CCDC144NL_+_20799243.23-P2,136,114,0.07728338250736644,0.0024494704838467956,1.3655234161936118,4.699896386497326,0.06,0.02,0.8599498327759197,0.4247491638795987
RPE1,CCDC6,CCDC6_+_61666146.23-P1P2|CCDC6_-_61666258.23-P1P2,224,862,0.3412761471079123,-0.09115402248278623,1.4497191327202041,1.7119355863224806,0.13,0.07,0.9995819397993311,0.532190635451505
RPE1,CCDC6,CCDC6_-_61666340.23-P1P2|CCDC6_+_61666039.23-P1P2,728,358,0.3705880506175926,-0.07210077673207577,1.036181913929616,1.5078318376795943,0.23,0.05,1.0,0.5225752508361203
RPE1,CCDC6,CCDC6_-_61666417.23-P1P2|CCDC6_-_61666322.23-P1P2,134,952,0.27356225801467415,-0.11172985513012733,1.678213582575695,1.7492127546795064,0.11,0.07,0.9995819397993311,0.49749163879598657
RPE1,CCND1,CCND1_-_69455972.23-P1|CCND1_+_69455918.23-P1,11,51,0.08137497535724335,0.008863999541002221,7.3749658179572855,1.2486629925653325,0.01,0.04,0.9209866220735786,0.15342809364548493
RPE1,CCND1,CCND1_-_69467368.23-P2|CCND1_+_69467581.23-P2,51,11,0.08137497535724335,0.04924438987351644,1.0072409386482504,1.0116660292602724,0.01,0.01,0.33026755852842804,0.18311036789297663
RPE1,CCNK,CCNK_+_99969115.23-P2|CCNK_+_99969150.23-P2,194,155,0.06724272969329763,0.08939253501838135,1.2685498560834505,1.9880509861080216,0.07,0.06,0.6989966555183946,0.8566053511705686
RPE1,CCNK,CCNK_-_99947816.23-P1|CCNK_-_99947838.23-P1,155,194,0.06724272969329763,-0.04726016208055164,1.6176319352706285,2.5693755079970146,0.07,0.05,0.8570234113712375,0.1806020066889632
RPE1,CENPA,CENPA_+_26987565.23-P1|CENPA_-_26987167.23-P1,74,87,0.018887571074865366,0.1369901180478913,1.4929934222667658,2.3629497119851264,0.05,0.04,0.09698996655518399,0.7303511705685619
RPE1,CENPA,CENPA_-_27008953.23-P2|CENPA_-_27008942.23-P2,87,74,0.018887571074865366,-0.03570580100321439,1.418503111591421,2.5449240825837403,0.05,0.0,0.7031772575250836,0.278010033444816
RPE1,CFDP1,CFDP1_+_75467325.23-P1|CFDP1_-_75467319.23-P1,64,42,0.0284892250673415,0.036251826470104345,1.8624492897155265,1.1211104243990284,0.05,0.07,0.43311036789297663,0.5100334448160535
RPE1,CFDP1,CFDP1_-_75448185.23-P2|CFDP1_-_75448478.23-P2,42,64,0.0284892250673415,0.07956939937854526,1.2037164964351124,1.0208345758621948,0.05,0.03,0.15217391304347827,0.4168060200668896
RPE1,CKAP5,CKAP5_+_46867805.23-P1|CKAP5_-_46867793.23-P1,69,104,-0.06038141718921298,-0.060551668958572044,2.0971985252329937,1.41902545469429,0.02,0.01,0.16220735785953178,0.1605351170568562
RPE1,CKAP5,CKAP5_-_46848384.23-P2|CKAP5_-_46848381.23-P2,104,69,-0.06038141718921298,0.2477826637109789,1.23359467580416,0.9847686512381694,0.02,0.04,0.03260869565217395,0.7650501672240803
RPE1,CLOCK,CLOCK_+_56412980.23-P1P2|CLOCK_-_56412962.23-P1P2,135,583,0.006761047201289585,0.00011805237885480338,1.1919210420437196,2.7375921817973206,0.03,0.0,0.5029264214046822,0.4360367892976589
RPE1,CLOCK,CLOCK_-_56412906.23-P1P2|CLOCK_+_56412972.23-P1P2,41,677,-0.018108986301582412,-0.0030882970102217,1.936318054787662,3.00270637453524,0.0,0.0,0.2817725752508361,0.41137123745819393
RPE1,CLOCK,CLOCK_-_56412950.23-P1P2|CLOCK_-_56412965.23-P1P2,542,176,0.015111677650125123,0.014483259885177882,2.1528968303458336,4.578144084987091,0.03,0.03,0.2658862876254181,0.2596153846153846
RPE1,COPG1,COPG1_-_128968486.23-P1|COPG1_+_128968468.23-P1,3,106,0.0897008744608614,0.05184316683739712,59.214857713679294,3.175459055887826,0.0,0.01,0.9644648829431438,0.6793478260869565
RPE1,COPG1,COPG1_-_128984635.23-P2|COPG1_-_128984639.23-P2,106,3,0.0897008744608614,0.22495261730030056,1.0001969289364594,0.988101617147075,0.0,0.09,0.26045150501672243,0.7934782608695652
RPE1,COPZ1,COPZ1_+_54695041.23-P2|COPZ1_+_54694980.23-P2,123,22,-0.020825578460111734,-0.041924863843947724,1.0533856943691777,1.0428077519621204,0.01,0.04,0.03219063545150502,0.010451505016722429
RPE1,COPZ1,COPZ1_-_54719176.23-P1|COPZ1_+_54719129.23-P1,22,123,-0.020825578460111734,0.016434589581858047,4.78723966471779,1.2938453288762302,0.01,0.05,0.3474080267558528,0.7102842809364549
RPE1,CSH2,CSH2_+_61950403.23-P1|CSH2_+_61950460.23-P1,198,130,0.02295729269792905,0.05292818952601355,1.3456331114222393,9.61687547352735,0.06,0.02,0.21279264214046822,0.5564381270903009
RPE1,CSH2,CSH2_-_61973880.23-P2|CSH2_+_61973860.23-P2,130,198,0.02295729269792905,0.06932131006626467,1.5159724743766687,10.799706305364234,0.06,0.02,0.6521739130434783,0.9297658862876255
RPE1,DDB1,DDB1_+_61100555.23-P1|DDB1_+_61100263.23-P1,42,83,0.054718810808611816,0.042660032363795876,2.943687108467978,1.1240242219288217,0.04,0.04,0.850334448160535,0.7709030100334449
RPE1,DDB1,DDB1_-_61081132.23-P2|DDB1_-_61081136.23-P2,83,42,0.054718810808611816,0.047838751283415026,1.0633877098270936,1.0073897436269221,0.04,0.02,0.21948160535117056,0.2002508361204013
RPE1,DDX19B,DDX19B_+_70333136.23-P1|DDX19B_+_70333144.23-P1,251,118,0.07686489194915375,-0.020577330355542395,1.1726355228248548,3.160529333154633,0.06,0.02,0.8795986622073578,0.3971571906354515
RPE1,DDX19B,DDX19B_-_70328715.23-P2|DDX19B_+_70328743.23-P2,118,251,0.07686489194915375,0.004775385679851543,1.8451406563973964,4.675963173854308,0.06,0.01,0.9770066889632107,0.20484949832775923
RPE1,DDX46,DDX46_-_134094510.23-P1|DDX46_-_134094650.23-P1,84,141,0.005941016938328142,0.015874580217746573,3.213438121165705,3.4764083692409713,0.03,0.01,0.14632107023411367,0.2755016722408027
RPE1,DDX46,DDX46_-_134109485.23-P2|DDX46_-_134109475.23-P2,141,84,0.005941016938328142,0.3914219205252829,1.0644991065494627,1.0464111090440344,0.03,0.41,0.10827759197324416,0.9289297658862876
RPE1,DDX54,DDX54_+_113623252.23-P1|DDX54_-_113623260.23-P1,32,88,-0.04008412224545685,-0.07219961253249378,3.9686639052254877,2.3703231594421226,0.01,0.0,0.2161371237458194,0.04724080267558528
RPE1,DDX54,DDX54_-_113599205.23-P2|DDX54_-_113599226.23-P2,88,32,-0.04008412224545685,0.28335589384210624,1.081895160655549,0.8116193344003443,0.01,0.14,0.02341137123745818,0.9025919732441472
RPE1,DHODH,DHODH_+_72049721.23-P2|DHODH_-_72049691.23-P2,43,141,0.040263819932728775,0.027304229916058673,2.2628084943539215,1.8440088398480188,0.04,0.07,0.6964882943143813,0.48954849498327757
RPE1,DHODH,DHODH_-_72042709.23-P1|DHODH_-_72042714.23-P1,141,43,0.040263819932728775,-0.017199961430611622,1.1254767141283404,1.301392816704284,0.04,0.03,0.4201505016722408,0.04974916387959871
RPE1,DNAJA1,DNAJA1_-_33025322.23-P1|DNAJA1_-_33025302.23-P1,138,38,0.041542434125505893,0.007863117121767979,1.130533107383625,1.132790411196336,0.05,0.03,0.7316053511705686,0.1826923076923077
RPE1,DNAJA1,DNAJA1_-_33026888.23-P2|DNAJA1_-_33027087.23-P2,38,138,0.041542434125505893,0.030412784018908484,2.30621900158066,1.3831901712120744,0.05,0.05,0.9360367892976589,0.882943143812709
RPE1,DPH1,DPH1_+_1936832.23-P2|DPH1_+_1936853.23-P2,112,127,0.05255636957331824,0.019083836351686118,1.2780416442653313,2.042088914683279,0.08,0.04,0.9749163879598662,0.7759197324414716
RPE1,DPH1,DPH1_-_1933503.23-P1|DPH1_-_1933469.23-P1,127,112,0.05255636957331824,0.005789601732084083,1.4956346715371074,2.3413526230884685,0.08,0.04,0.9134615384615384,0.5280100334448161
RPE1,DYNLRB1,DYNLRB1_+_33114045.23-P2|DYNLRB1_+_33114412.23-P2,170,72,-0.032043465570480927,-0.03090760569220259,1.079488387074646,1.091843017727796,0.02,0.01,0.04138795986622068,0.04389632107023411
RPE1,DYNLRB1,DYNLRB1_-_33104256.23-P1|DYNLRB1_-_33104419.23-P1,72,170,-0.032043465570480927,0.04258148719728787,3.194093331272811,1.4261014648137618,0.02,0.04,0.1270903010033445,0.907608695652174
RPE1,EEF2,EEF2_+_3984171.23-P2|EEF2_+_3984167.23-P2,47,62,0.037488713222664456,0.07559415597857967,1.1144541548418725,1.4095365440484666,0.01,0.09,0.17934782608695654,0.28093645484949836
RPE1,EEF2,EEF2_-_3985443.23-P1|EEF2_+_3985431.23-P1,62,47,0.037488713222664456,0.005008671258672593,2.28468499019863,2.4684550136728793,0.01,0.04,0.7236622073578596,0.11663879598662208
RPE1,EIF4G2,EIF4G2_+_10830441.23-P1|EIF4G2_+_10830444.23-P1,128,49,0.06577057257972822,0.011448715130364683,1.218151077095678,1.1156123759185546,0.04,0.04,0.725334448160535,0.16638795986622068
RPE1,EIF4G2,EIF4G2_-_10828931.23-P2|EIF4G2_+_10828816.23-P2,49,128,0.06577057257972822,0.09838956342760757,1.4853786775798803,1.1344187408298465,0.04,0.04,0.26295986622073575,0.38001672240802675
RPE1,EIF5,EIF5_-_103800558.23-P1|EIF5_-_103800597.23-P1,14,19,0.12662354826867628,0.07739500405976844,4.313109687911715,1.201530110076067,0.0,0.03,0.9782608695652174,0.8720735785953178
RPE1,EIF5,EIF5_-_103803091.23-P2|EIF5_+_103803074.23-P2,19,14,0.12662354826867628,0.2018445595309842,1.081899789643138,0.9935255694131644,0.0,0.1,0.39757525083612044,0.6935618729096991
RPE1,EMC3,EMC3_+_10028469.23-P1|EMC3_+_10028457.23-P1,92,61,0.03793348472807174,0.05354785330020751,1.2834627456658683,1.2543672670466832,0.05,0.05,0.5501672240802675,0.7119565217391304
RPE1,EMC3,EMC3_+_10052774.23-P2|EMC3_+_10052758.23-P2,61,92,0.03793348472807174,0.16672146207773844,1.536482423893666,1.2266586873183851,0.05,0.07,0.2399665551839465,0.8453177257525084
RPE1,EPS8L1,EPS8L1_+_55587297.23-P1|EPS8L1_-_55587352.23-P1,97,543,-0.007843236434448005,0.03227727180969885,2.077925803651041,1.8795816955321245,0.03,0.04,0.15844481605351168,0.4168060200668896
RPE1,EPS8L1,EPS8L1_-_55587247.23-P1|EPS8L1_-_55587306.23-P1,157,483,0.0009540215549387594,0.05150200566315911,1.7056079320476971,1.7842448097246335,0.04,0.03,0.21488294314381273,0.5384615384615384
RPE1,EPS8L1,EPS8L1_-_55591767.23-P2|EPS8L1_-_55591980.23-P2,92,548,-0.01886777442443401,0.04490657011030352,2.28323425052755,1.8722263878674907,0.02,0.02,0.09908026755852839,0.4301839464882943
RPE1,EPS8L1,EPS8L1_-_55591777.23-P2|EPS8L1_-_55592168.23-P2,236,404,-0.05271497557718319,0.0007375468866182062,2.4031029564150925,2.0129323443340903,0.02,0.06,0.3808528428093646,0.7520903010033445
RPE1,EPS8L1,EPS8L1_-_55591802.23-P2|EPS8L1_-_55591798.23-P2,58,582,-0.01527173503246055,0.02914320191697083,2.6816783088702727,1.9363937512171379,0.02,0.05,0.0974080267558528,0.3177257525083612
RPE1,ERVW-1,ERVW-1_-_92100569.23-ENST00000493463.2|ERVW-1_-_92100632.23-ENST00000493463.2,47,85,0.036840337290373046,0.0802357440218763,1.8953690991853325,1.4611897021218454,0.08,0.06,0.3515886287625418,0.8494983277591973
RPE1,ERVW-1,ERVW-1_-_92107250.23-ENST00000603053.1|ERVW-1_+_92106817.23-ENST00000603053.1,85,47,0.036840337290373046,0.06076229780015129,1.1927588313766697,1.1886689697954178,0.08,0.05,0.45903010033444813,0.6847826086956521
RPE1,ESF1,ESF1_+_13763214.23-P2|ESF1_+_13763379.23-P2,71,23,0.06644919286141264,0.16639935669227846,1.017075821011671,1.0291415494130287,0.04,0.15,0.31856187290969895,0.814799331103679
RPE1,ESF1,ESF1_+_13765524.23-P1|ESF1_+_13765535.23-P1,23,71,0.06644919286141264,0.06991176227754176,4.079195296453017,2.4815323859209624,0.04,0.04,0.4736622073578596,0.5091973244147157
RPE1,ESPN,ESPN_-_6484873.23-P1|ESPN_+_6484906.23-P1,162,188,0.00011789886373900178,0.009740819347234196,1.794632859514184,2.4779827795349165,0.07,0.04,0.4707357859531772,0.6199832775919732
RPE1,ESPN,ESPN_-_6508158.23-P2|ESPN_+_6508187.23-P2,188,162,0.00011789886373900178,0.2193234159136832,1.238533030713721,1.5778637455936144,0.07,0.07,0.10576923076923073,0.6755852842809364
RPE1,FAM136A,FAM136A_+_70529139.23-P1P2|FAM136A_-_70529189.23-P1P2,386,142,0.036289178693382926,-0.09049142601184204,1.1243627914302332,1.328097580399854,0.03,0.01,0.39172240802675584,0.022993311036789255
RPE1,FAM136A,FAM136A_+_70529182.23-P1P2|FAM136A_-_70528740.23-P1P2,78,450,0.05188995928381296,-0.054594605452165566,2.3463084332930606,1.813577977560096,0.02,0.02,0.7796822742474916,0.03428093645484953
RPE1,FAM136A,FAM136A_-_70528767.23-P1P2|FAM136A_-_70529195.23-P1P2,64,464,0.062430400003749574,0.008281316482779322,3.2607914856038933,1.8810120563143244,0.02,0.04,0.9067725752508361,0.28678929765886285
RPE1,FBXO42,FBXO42_+_16678481.23-P1P2|FBXO42_-_16678698.23-P1P2,117,766,0.08434142040938412,-0.034186732736851654,2.432122792782574,26.699236792233624,0.07,0.0,0.9711538461538461,0.6935618729096991
RPE1,FBXO42,FBXO42_+_16678912.23-P1P2|FBXO42_+_16678915.23-P1P2,583,300,0.25372753490694666,-0.030488308966464716,1.099127782085415,19.577382955387705,0.14,0.0,0.9995819397993311,0.6103678929765886
RPE1,FBXO42,FBXO42_-_16678549.23-P1P2|FBXO42_+_16678568.23-P1P2,183,700,0.2632795016914773,-0.036585916615135036,1.7146634691179279,27.13339902647455,0.13,0.0,0.9995819397993311,0.6642976588628762
RPE1,FOLR3,FOLR3_-_71825990.23-P1|FOLR3_-_71825982.23-P1,179,40,-0.008928632230763154,0.005860692791700394,1.0627752480318333,1.0865991314062557,0.03,0.02,0.06605351170568563,0.11454849498327757
RPE1,FOLR3,FOLR3_-_71846819.23-P2|FOLR3_+_71846807.23-P2,40,179,-0.008928632230763154,-0.0022643210973436936,3.2037219626961893,1.6589387680564291,0.03,0.03,0.29682274247491636,0.4051003344481605
RPE1,GAPDH,GAPDH_-_6643761.23-P1|GAPDH_-_6643770.23-P1,96,35,0.15697943048101906,0.04757993404675996,1.1599563843645198,2.057427251866026,0.09,0.03,0.9749163879598662,0.7809364548494984
RPE1,GAPDH,GAPDH_-_6647118.23-P2|GAPDH_-_6647239.23-P2,35,96,0.15697943048101906,0.14849558025545279,2.201953136064196,3.088779592713219,0.09,0.05,0.9385451505016722,0.935200668896321
RPE1,GON4L,GON4L_+_155829080.23-P2|GON4L_+_155829093.23-P2,53,69,-0.0036899442389206646,0.07719308537462541,1.3162099002769114,2.872555932194336,0.0,0.05,0.12040133779264217,0.2834448160535117
RPE1,GON4L,GON4L_-_155826980.23-P1|GON4L_+_155826818.23-P1,69,53,-0.0036899442389206646,-0.01719072634356154,1.6174186652846017,3.802333573728618,0.0,0.0,0.1826923076923077,0.056020066889632125
RPE1,GRB2,GRB2_-_73389861.23-P2|GRB2_+_73389905.23-P2,113,73,0.04994140269827977,0.12803683038307961,1.1200569127863294,1.2753432438409895,0.04,0.12,0.2796822742474916,0.6024247491638797
RPE1,GRB2,GRB2_-_73401305.23-P1|GRB2_+_73401721.23-P1,73,113,0.04994140269827977,0.04809694651933231,2.264883399810488,2.44414386922018,0.04,0.04,0.6877090301003345,0.6672240802675585
RPE1,HAUS7,HAUS7_+_152735963.23-P1|HAUS7_+_152736011.23-P1,48,69,0.020977123570438762,-0.04940005451605653,2.0900981514667176,1.6696168629920747,0.04,0.03,0.7976588628762542,0.10785953177257523
RPE1,HAUS7,HAUS7_-_152760909.23-P2|HAUS7_+_152760894.23-P2,69,48,0.020977123570438762,0.25801992695242837,1.2354231940868814,0.8913439713146976,0.04,0.17,0.11956521739130432,0.9841137123745819
RPE1,HIRA,HIRA_+_19419212.23-P2|HIRA_+_19419231.23-P2,107,137,0.1730328990335163,0.04818418451016287,1.4185473359915461,1.5874506619223476,0.04,0.02,0.6642976588628762,0.2006688963210702
RPE1,HIRA,HIRA_+_19435207.23-P1|HIRA_-_19435159.23-P1,137,107,0.1730328990335163,0.0332428425482144,1.1307640372900525,1.4208680799350668,0.04,0.02,0.8189799331103679,0.19941471571906355
RPE1,HMGB1,HMGB1_-_31040100.23-P1|HMGB1_+_31040082.23-P1,57,76,0.0014515474905823652,0.1663182618057475,1.2925717661244356,1.1376290774061568,0.02,0.1,0.05183946488294311,0.512123745819398
RPE1,HMGB1,HMGB1_-_31191681.23-P2|HMGB1_-_31191644.23-P2,76,57,0.0014515474905823652,0.03816981628349792,1.7088637101074835,1.5946652121205527,0.02,0.06,0.3967391304347826,0.7035953177257526
RPE1,HNRNPL,HNRNPL_+_39342928.23-P2|HNRNPL_-_39342945.23-P2,69,43,-0.031135485361046315,0.08861628429090239,1.1180794396708342,0.992733446579832,0.04,0.05,0.04515050167224077,0.31856187290969895
RPE1,HNRNPL,HNRNPL_-_39340587.23-P1|HNRNPL_+_39340578.23-P1,43,69,-0.031135485361046315,-0.028032738761286487,3.113832731368632,1.3727638637831765,0.04,0.09,0.2554347826086957,0.2796822742474916
RPE1,HNRNPM,HNRNPM_-_8509903.23-P1|HNRNPM_-_8509876.23-P1,30,78,0.12355366848098104,0.010911242620179479,2.7131712591916126,1.977263054221515,0.07,0.03,0.9682274247491639,0.3566053511705686
RPE1,HNRNPM,HNRNPM_-_8536287.23-P2|HNRNPM_+_8536305.23-P2,78,30,0.12355366848098104,0.023312632341523417,1.074830767812978,1.2054215160122141,0.07,0.03,0.9038461538461539,0.17182274247491636
RPE1,IK,IK_+_140027496.23-P1|IK_-_140027453.23-P1,154,311,0.050900746195398076,0.14163442887253494,4.119860020183432,3.4214088100463553,0.02,0.02,0.4602842809364549,0.9653010033444817
RPE1,IK,IK_-_140038581.23-P2|IK_+_140038551.23-P2,311,154,0.050900746195398076,0.43019558312443823,1.0180464497696202,0.9511887029356302,0.02,0.17,0.18812709030100339,0.9034280936454849
RPE1,INTS13,ASUN_-_27090711.23-P1P2|ASUN_-_27090828.23-P1P2,60,245,0.4124518142991156,0.6278338307564848,1.4052151434582574,0.8391110824509374,0.17,0.37,0.9991638795986622,0.9995819397993311
RPE1,INTS13,ASUN_-_27090837.23-P1P2|ASUN_-_27090687.23-P1P2,48,257,0.1655939063764305,0.6608206654646558,1.787091971031845,0.7906826864469064,0.07,0.42,0.8285953177257526,0.9995819397993311
RPE1,INTS13,ASUN_-_27090898.23-P1P2|ASUN_+_27090863.23-P1P2,197,108,0.4979963878810124,0.5650446552489221,0.8744317941330919,0.8158890037290568,0.2,0.22,0.9991638795986622,0.9995819397993311
RPE1,INTS14,VWA9_+_65903426.23-P1P2|VWA9_+_65903046.23-P1P2,134,221,0.463129675025931,0.2905469111696969,1.0168534580831725,2.194630328362945,0.24,0.12,0.9983277591973244,0.9368729096989966
RPE1,INTS14,VWA9_-_65903266.23-P1P2|VWA9_+_65903279.23-P1P2,72,283,0.4010851731871816,0.14228440735169592,1.7519680090328258,2.7807516065586775,0.1,0.04,0.9987458193979933,0.9326923076923077
RPE1,INTS14,VWA9_-_65903523.23-P1P2|VWA9_-_65903414.23-P1P2,149,206,0.5260184572732043,0.26022858521357023,0.9151221427492047,2.185799256508772,0.21,0.09,0.9991638795986622,0.9347826086956522
RPE1,KAT8,KAT8_+_31141409.23-P2|KAT8_+_31141331.23-P2,25,31,0.07106094604839955,0.019994145078100004,1.2124332580638462,1.048389834636508,0.05,0.01,0.3110367892976589,0.10075250836120397
RPE1,KAT8,KAT8_-_31129050.23-P1|KAT8_-_31129029.23-P1,31,25,0.07106094604839955,0.1250198926916273,2.2206858970437064,1.1057858174044153,0.05,0.1,0.7984949832775919,0.9866220735785953
RPE1,KRT10,KRT10_+_38975898.23-P2|KRT10_-_38975915.23-P2,140,61,0.08616902576478354,0.025468816742067347,1.1877755955065146,1.0365290043703232,0.04,0.08,0.8716555183946488,0.6141304347826086
RPE1,KRT10,KRT10_-_38978838.23-P1|KRT10_-_38978663.23-P1,61,140,0.08616902576478354,0.06176434244860588,1.8762616616715972,1.0898853068880658,0.04,0.08,0.9636287625418061,0.8666387959866221
RPE1,KRT8,KRT8_-_53298844.23-P1|KRT8_-_53298430.23-P1,101,115,0.0325536765842761,0.0805241927547505,1.4919404327947754,1.5113576687000687,0.08,0.07,0.3319397993311036,0.882943143812709
RPE1,KRT8,KRT8_-_53343612.23-P2|KRT8_-_53343631.23-P2,115,101,0.0325536765842761,-0.02526211286685387,1.3496531127803966,1.5222917955252795,0.08,0.06,0.7817725752508361,0.2382943143812709
RPE1,LAMTOR1,LAMTOR1_+_71814088.23-P1P2|LAMTOR1_-_71814365.23-P1P2,96,275,0.45464072284897095,0.09670843367996619,1.2742622119499674,3.0427377100819446,0.23,0.04,0.9995819397993311,0.7437290969899666
RPE1,LAMTOR1,LAMTOR1_+_71814301.23-P1P2|LAMTOR1_+_71814145.23-P1P2,200,171,0.4710932024331109,0.10168873128030737,1.0882751593604842,3.049400909252745,0.26,0.03,1.0,0.8561872909698997
RPE1,LAMTOR1,LAMTOR1_-_71813943.23-P1P2|LAMTOR1_+_71814265.23-P1P2,75,296,0.2595855977397798,0.10870238823771641,1.328390930737316,2.8367074480681556,0.1,0.05,0.9945652173913043,0.8189799331103679
RPE1,LIN54,LIN54_+_83931965.23-P2|LIN54_+_83931898.23-P2,67,96,0.10328807242575944,0.1830528917838024,1.1453159496543919,1.020231736329682,0.04,0.06,0.33277591973244147,0.5622909698996655
RPE1,LIN54,LIN54_+_83933961.23-P1|LIN54_+_83933984.23-P1,96,67,0.10328807242575944,0.06571700580921759,1.6194311997939634,1.1536756661577319,0.04,0.04,0.8419732441471572,0.5936454849498327
RPE1,LSM5,LSM5_+_32534880.23-P2|LSM5_-_32534855.23-P2,12,73,0.13145063726812142,0.2583221423284801,2.8645160561643963,0.8384571764032842,0.03,0.15,0.39381270903010035,0.7215719063545151
RPE1,LSM5,LSM5_-_32529957.23-P1|LSM5_-_32529937.23-P1,73,12,0.13145063726812142,0.09691764610878463,1.0271271422753823,1.047873150266011,0.03,0.02,0.794732441471572,0.5564381270903009
RPE1,LST1,LST1_+_31554051.23-P1|LST1_-_31554050.23-P1,97,60,-0.0037499088673774218,-0.04386653356135785,1.2796397801533874,1.223381589231377,0.03,0.03,0.6785117056856187,0.32274247491638797
RPE1,LST1,LST1_+_31555054.23-P2|LST1_+_31555066.23-P2,60,97,-0.0037499088673774218,-0.008701201774410328,1.7531998568343354,1.3494784304837848,0.03,0.04,0.09573578595317722,0.0735785953177257
RPE1,MFN2,MFN2_-_12040716.23-P1|MFN2_-_12040541.23-P1,101,123,-0.1012629421426946,0.04089533486589586,2.0608092831224263,1.2778356840935008,0.05,0.06,0.04222408026755853,0.8319397993311037
RPE1,MFN2,MFN2_-_12042038.23-P2|MFN2_+_12042061.23-P2,123,101,-0.1012629421426946,-0.045652157857512914,1.2175636121293585,1.138288506758531,0.05,0.01,0.03051839464882944,0.07650501672240806
RPE1,NCL,NCL_+_232326465.23-P2|NCL_+_232326222.23-P2,67,27,0.028349452943757878,0.030561735833717574,1.0972591626080748,1.0452741933498355,0.03,0.04,0.18143812709030105,0.18729096989966554
RPE1,NCL,NCL_-_232329157.23-P1|NCL_-_232329135.23-P1,27,67,0.028349452943757878,0.007410395924463361,2.825219435462571,1.2348397697224691,0.03,0.04,0.36454849498327757,0.1446488294314381
RPE1,NDUFS5,NDUFS5_-_39492036.23-P1|NDUFS5_-_39492056.23-P1,61,48,0.01802094246164587,0.05110481912477094,1.2666762655586936,1.3346233705340107,0.04,0.05,0.34406354515050164,0.8624581939799332
RPE1,NDUFS5,NDUFS5_-_39494549.23-P2|NDUFS5_-_39494612.23-P2,48,61,0.01802094246164587,0.034079699496462015,1.6282445131337047,1.502022116930385,0.04,0.03,0.1647157190635451,0.3060200668896321
RPE1,NXF1,NXF1_+_62572883.23-P1|NXF1_-_62572847.23-P1,29,167,0.02896007323563705,-0.009450352787267384,3.918488117710517,3.64400474275784,0.04,0.0,0.9009197324414716,0.46697324414715724
RPE1,NXF1,NXF1_-_62566496.23-P2|NXF1_+_62566715.23-P2,167,29,0.02896007323563705,0.018068578122839008,1.0476957211567317,1.4306585389970845,0.04,0.01,0.49707357859531776,0.31438127090301005
RPE1,PCBP2,PCBP2_+_53846112.23-P1|PCBP2_+_53846301.23-P1,207,137,-0.03991838946107464,0.017844140945339974,1.4290036770307284,2.7803558814249953,0.05,0.03,0.05351170568561869,0.6036789297658862
RPE1,PCBP2,PCBP2_-_53836012.23-P2|PCBP2_-_53835509.23-P2,137,207,-0.03991838946107464,0.065725396527182,1.3601336975040232,2.5649673907436283,0.05,0.03,0.017140468227424766,0.6103678929765886
RPE1,PCID2,PCID2_+_113862955.23-P1|PCID2_+_113862975.23-P1,130,40,-0.011186653204986829,0.012020195600034677,1.2019180162078793,1.819998995750968,0.03,0.04,0.07107023411371238,0.34824414715719065
RPE1,PCID2,PCID2_-_113841577.23-P2|PCID2_-_113841606.23-P2,40,130,-0.011186653204986829,0.08080201421716963,2.1767231387137826,2.463529274464581,0.03,0.05,0.10075250836120397,0.4005016722408027
RPE1,PELO,PELO_-_52083812.23-P2|PELO_-_52084090.23-P2,69,52,0.020716032661688543,0.038587211892876706,1.3621521615565992,2.0616004230879734,0.02,0.02,0.221989966555184,0.4306020066889632
RPE1,PELO,PELO_-_52095976.23-P1|PELO_+_52095956.23-P1,52,69,0.020716032661688543,0.07712979394783627,1.4873242142399155,2.13216388890119,0.02,0.03,0.20150501672240806,0.7955685618729097
RPE1,PHAX,PHAX_+_125939292.23-P2|PHAX_-_125939291.23-P2,84,78,0.07624657431920263,0.3430456796355332,1.0606589796704027,1.0169905574727625,0.05,0.24,0.2520903010033445,0.859113712374582
RPE1,PHAX,PHAX_-_125936686.23-P1|PHAX_-_125936678.23-P1,78,84,0.07624657431920263,0.10851153525821661,2.7210908319030525,2.6989251414013142,0.05,0.03,0.6785117056856187,0.9021739130434783
RPE1,PKM,PKM_+_72500912.23-P2|PKM_-_72500954.23-P2,143,89,0.07038666379754631,0.029066411545315706,1.2158235407644529,1.3818319483617099,0.1,0.03,0.7897157190635451,0.5409698996655519
RPE1,PKM,PKM_+_72523549.23-P1|PKM_-_72523504.23-P1,89,143,0.07038666379754631,0.015811313273240063,1.7008005834332802,1.6598337298822967,0.1,0.02,0.9469063545150501,0.2224080267558528
RPE1,PMPCB,PMPCB_+_102937876.23-P1|PMPCB_-_102938097.23-P1,126,70,0.002868224871730574,0.029941590601802303,1.658267841883975,1.227793155043432,0.03,0.03,0.15719063545150502,0.5050167224080268
RPE1,PMPCB,PMPCB_-_102940675.23-P2|PMPCB_-_102941127.23-P2,70,126,0.002868224871730574,0.21735928146461983,1.3061337200419012,1.0451106968584238,0.03,0.08,0.10869565217391308,0.6158026755852843
RPE1,PNISR,PNISR_+_99848916.23-P2|PNISR_+_99848928.23-P2,98,54,-0.020362035579331524,0.21383007136280346,1.1525141705316986,1.1741247785303894,0.03,0.05,0.05183946488294311,0.9230769230769231
RPE1,PNISR,PNISR_+_99873121.23-P1|PNISR_+_99873109.23-P1,54,98,-0.020362035579331524,0.04329832357764934,2.164837999880978,1.9391535883247044,0.03,0.01,0.00836120401337792,0.7972408026755853
RPE1,POGLUT3,KDELC2_-_108369101.23-P1P2|KDELC2_-_108369130.23-P1P2,261,523,0.010742850513695154,-0.004546895164511438,1.2664259928540367,1.5166493853333445,0.02,0.03,0.1626254180602007,0.12959866220735783
RPE1,POGLUT3,KDELC2_-_108369114.23-P1P2|KDELC2_-_108369098.23-P1P2,332,452,0.09043824946388283,0.01177292998118731,1.713346636336118,1.748756930396421,0.03,0.04,0.48745819397993306,0.14757525083612044
RPE1,POGLUT3,KDELC2_-_108369127.23-P1P2|KDELC2_-_108369140.23-P1P2,191,593,0.11780662153329775,0.009716126148264234,2.1131944141897785,1.7982405227715899,0.03,0.05,0.6183110367892977,0.17182274247491636
RPE1,POLR1C,POLR1C_-_43477509.23-P2|POLR1C_+_43477492.23-P2,193,40,0.08966776252101925,0.14779918617537408,1.011447916820272,1.6090970840793744,0.03,0.14,0.38628762541806017,0.6517558528428093
RPE1,POLR1C,POLR1C_-_43484871.23-P1|POLR1C_-_43484868.23-P1,40,193,0.08966776252101925,0.09542401993758563,3.219752772574912,5.163199593425863,0.03,0.04,0.604933110367893,0.6421404682274248
RPE1,POLR2D,POLR2D_+_128605175.23-P2|POLR2D_+_128604811.23-P2,60,22,0.010266595011900652,0.12048299351650117,1.0771132642658023,0.9592310889147214,0.06,0.06,0.08361204013377932,0.8787625418060201
RPE1,POLR2D,POLR2D_-_128615513.23-P1|POLR2D_+_128615628.23-P1,22,60,0.010266595011900652,-0.03612843884557503,3.6465331879538385,1.5113454300689146,0.06,0.02,0.7215719063545151,0.0735785953177257
RPE1,POLR2E,POLR2E_+_1089911.23-P2|POLR2E_+_1089885.23-P2,20,67,0.03863530764215724,0.3563502202496918,3.129003020549566,0.960526402693623,0.05,0.15,0.19774247491638797,0.9067725752508361
RPE1,POLR2E,POLR2E_+_1095301.23-P1|POLR2E_+_1095334.23-P1,67,20,0.03863530764215724,0.05505423030689409,1.0488684694213135,1.0279391631852823,0.05,0.05,0.33988294314381273,0.5112876254180603
RPE1,PPP1CA,PPP1CA_+_67168941.23-P1|PPP1CA_+_67168772.23-P1,68,109,0.039519583382491334,0.0646446882760745,2.819096418870175,3.2837654349810994,0.05,0.05,0.7679765886287625,0.9214046822742474
RPE1,PPP1CA,PPP1CA_-_67188610.23-P2|PPP1CA_-_67188663.23-P2,109,68,0.039519583382491334,0.0729388344130561,1.075814408093838,1.6465291624558327,0.05,0.06,0.7792642140468228,0.9289297658862876
RPE1,PPP1R37,PPP1R37_-_45596468.23-P1P2|PPP1R37_-_45596454.23-P1P2,99,260,0.07335405915382077,0.1668802287888964,1.3374036781370282,1.5032217152236313,0.07,0.04,0.2562709030100334,0.5225752508361203
RPE1,PPP1R37,PPP1R37_-_45596471.23-P1P2|PPP1R37_-_45596868.23-P1P2,85,274,0.11800488142330957,0.1669860139818292,1.5274112968666473,1.6292199508394214,0.05,0.04,0.403010033444816,0.5714882943143813
RPE1,PPP1R37,PPP1R37_-_45596486.23-P1P2|PPP1R37_-_45596434.23-P1P2,175,184,0.14762108621328818,0.09292511609268547,2.0232272947168104,2.0400780114445025,0.07,0.05,0.8913043478260869,0.6513377926421404
RPE1,PPP2R1A,PPP2R1A_+_52716201.23-P2|PPP2R1A_+_52716105.23-P2,110,186,0.2183163546973612,0.11375979486834101,1.0967145100926305,1.1337159737833955,0.02,0.02,0.5259197324414715,0.2972408026755853
RPE1,PPP2R1A,PPP2R1A_-_52693331.23-P1|PPP2R1A_-_52693691.23-P1,186,110,0.2183163546973612,0.02665124753842281,1.556348891607787,1.3178241326961724,0.02,0.06,0.995819397993311,0.18729096989966554
RPE1,PRKRIP1,PRKRIP1_+_102004333.23-P2|PRKRIP1_-_102004751.23-P2,141,45,0.04071957255883513,0.04457696341404507,1.1287399447336806,2.4263647282291,0.03,0.03,0.7332775919732442,0.7566889632107023
RPE1,PRKRIP1,PRKRIP1_+_102036866.23-P1|PRKRIP1_-_102036882.23-P1,45,141,0.04071957255883513,0.024370850552610228,2.2769119351882874,4.233270092472701,0.03,0.02,0.7086120401337792,0.40928093645484953
RPE1,PRMT5,PRMT5_+_23398587.23-P1|PRMT5_+_23398566.23-P1,45,127,0.03163451084325807,0.048853708718775354,2.740800011398276,1.1891403909643292,0.05,0.07,0.26463210702341133,0.3971571906354515
RPE1,PRMT5,PRMT5_-_23395618.23-P2|PRMT5_+_23395600.23-P2,127,45,0.03163451084325807,-0.0086933133032167,1.0497169155784951,1.0308882642487263,0.05,0.03,0.17976588628762546,0.06479933110367897
RPE1,PRODH,PRODH_+_18905892.23-P2|PRODH_+_18905874.23-P2,141,155,0.025476940891668506,-0.012025424743013801,1.3900877288587588,1.4640116198257576,0.05,0.04,0.2399665551839465,0.05685618729096986
RPE1,PRODH,PRODH_-_18923767.23-P1|PRODH_-_18923755.23-P1,155,141,0.025476940891668506,0.025243687051872427,1.4431537004578199,1.464044744426109,0.05,0.05,0.7729933110367893,0.7717391304347826
RPE1,PRSS50,PRSS50_-_46759320.23-P2|PRSS50_-_46759323.23-P2,64,86,0.04145889379409785,0.06482921525995636,1.8741577857803617,1.6978545448322975,0.01,0.06,0.6358695652173914,0.7637959866220736
RPE1,PRSS50,PRSS50_-_46854052.23-P1|PRSS50_-_46854008.23-P1,86,64,0.04145889379409785,0.0874924712851046,1.2046106445184217,1.2489437147957274,0.01,0.05,0.2382943143812709,0.6061872909698997
RPE1,PSMB6,PSMB6_+_4700842.23-P2|PSMB6_+_4700995.23-P2,25,43,0.2663916373805745,0.20074553762455824,1.0713119214706406,0.942270134237383,0.17,0.07,0.8758361204013378,0.7061036789297659
RPE1,PSMB6,PSMB6_-_4699495.23-P1|PSMB6_-_4699534.23-P1,43,25,0.2663916373805745,0.15383131076632237,1.402641198790121,1.1152588445321505,0.17,0.08,0.9974916387959866,0.7081939799331103
RPE1,PSMG3,PSMG3_+_1610218.23-P2|PSMG3_+_1610222.23-P2,196,70,0.026739089839095845,0.11018471369633805,1.0385751958335518,1.4061874269452077,0.01,0.06,0.14005016722408026,0.32065217391304346
RPE1,PSMG3,PSMG3_-_1609603.23-P1|PSMG3_+_1609624.23-P1,70,196,0.026739089839095845,0.003417297420508979,3.7717095847886437,4.7183810882359785,0.01,0.04,0.7713210702341138,0.4682274247491639
RPE1,PSTK,PSTK_+_124739974.23-P1|PSTK_-_124739917.23-P1,78,209,0.04676434442230123,0.0064545742575225955,2.7626250649478394,3.6318471866975015,0.03,0.01,0.729933110367893,0.1864548494983278
RPE1,PSTK,PSTK_-_124714003.23-P2|PSTK_+_124713944.23-P2,209,78,0.04676434442230123,0.3524148219510789,1.0446341845101843,1.2572631018256037,0.03,0.15,0.19272575250836121,0.8566053511705686
RPE1,RBM14-RBM4,RBM14-RBM4_+_66384103.23-P1|RBM14-RBM4_-_66384112.23-P1,222,35,0.11027868328556416,0.030166083954244083,1.0458536931639486,1.069210507508932,0.01,0.01,0.8156354515050167,0.2341137123745819
RPE1,RBM14-RBM4,RBM14-RBM4_+_66406421.23-P2|RBM14-RBM4_-_66406629.23-P2,35,222,0.11027868328556416,-0.007552984697641553,1.6525988387913568,1.1557523757910215,0.01,0.03,0.34448160535117056,0.10576923076923073
RPE1,RCC1,RCC1_+_28832591.23-P1|RCC1_-_28832596.23-P1,45,141,0.2354166472059214,0.44602568971898926,1.335013710710872,1.0132998603917196,0.1,0.12,0.5501672240802675,0.887123745819398
RPE1,RCC1,RCC1_-_28844804.23-P2|RCC1_-_28844824.23-P2,141,45,0.2354166472059214,0.18487218046999426,0.949267129710392,1.0007131295032066,0.1,0.08,0.971989966555184,0.8800167224080268
RPE1,RPL13A,RPL13A_+_49991194.23-P1|RPL13A_-_49991095.23-P1,34,19,0.08740033657151591,0.1639647379070907,1.157730243208138,1.4018364940581267,0.04,0.14,0.4807692307692307,0.9243311036789298
RPE1,RPL13A,RPL13A_+_49994249.23-P2|RPL13A_+_49994109.23-P2,19,34,0.08740033657151591,0.13499887303999367,2.3044094694934034,2.059538164880515,0.04,0.02,0.8198160535117057,0.9937290969899666
RPE1,RPS29,RPS29_+_50065387.23-P2|RPS29_-_50065393.23-P2,94,41,0.21273746040111988,0.16806599641865036,0.9647597158208727,0.9986150830493523,0.13,0.15,0.8804347826086957,0.754180602006689
RPE1,RPS29,RPS29_-_50052902.23-P1|RPS29_-_50052869.23-P1,41,94,0.21273746040111988,0.19220624307154516,1.8203046445654523,1.983932881104906,0.13,0.05,0.6362876254180603,0.5790133779264214
RPE1,RPS3,RPS3_+_75111893.23-P2|RPS3_-_75111920.23-P2,10,40,0.02287573857302375,0.18696760892823522,4.399413432166001,0.9942266048913201,0.01,0.15,0.15008361204013376,0.6743311036789298
RPE1,RPS3,RPS3_-_75110633.23-P1|RPS3_-_75110586.23-P1,40,10,0.02287573857302375,0.028464615277548004,1.139439982876581,1.089957695759163,0.01,0.02,0.22575250836120397,0.2663043478260869
RPE1,RSL1D1,RSL1D1_+_11933720.23-P2|RSL1D1_-_11933355.23-P2,176,52,0.009715142813426102,0.2293264486921102,1.0244437364334282,2.616964259846119,0.01,0.11,0.11956521739130432,0.6918896321070234
RPE1,RSL1D1,RSL1D1_-_11945349.23-P1|RSL1D1_+_11945362.23-P1,52,176,0.009715142813426102,-0.012034964898470136,4.544546939527734,12.312746325485064,0.01,0.0,0.47324414715719065,0.11872909698996659
RPE1,SEC61A1,SEC61A1_+_127783820.23-P2|SEC61A1_+_127783788.23-P2,73,17,0.06809040762656599,0.1733561528455155,1.0075525889811874,0.9738856682208603,0.0,0.07,0.27132107023411367,0.714046822742475
RPE1,SEC61A1,SEC61A1_-_127771295.23-P1|SEC61A1_-_127771292.23-P1,17,73,0.06809040762656599,0.05822854565942615,12.617623433899233,2.1715712396514406,0.0,0.02,0.9214046822742474,0.8440635451505016
RPE1,SF3A1,SF3A1_+_30752830.23-P1|SF3A1_-_30752688.23-P1,36,52,0.08370986542954212,-0.02207408632578154,2.0522360073449613,1.3084326356241451,0.05,0.02,0.8152173913043479,0.015050167224080258
RPE1,SF3A1,SF3A1_-_30736749.23-P2|SF3A1_-_30736509.23-P2,52,36,0.08370986542954212,-0.05416160933335873,1.2218282778887213,1.198325354749552,0.05,0.0,0.9297658862876255,0.004598662207357829
RPE1,SF3A2,SF3A2_+_2243491.23-P2|SF3A2_+_2243552.23-P2,107,49,0.10969186322603257,0.2632416331759546,0.9848371413722992,1.2296204146597793,0.03,0.15,0.4243311036789298,0.8390468227424749
RPE1,SF3A2,SF3A2_-_2236876.23-P1|SF3A2_-_2236863.23-P1,49,107,0.10969186322603257,0.10494254380579297,3.939289711410094,5.087764092026209,0.03,0.04,0.7144648829431438,0.6835284280936456
RPE1,SIN3A,SIN3A_+_75747995.23-P2|SIN3A_-_75748095.23-P2,35,112,0.07577900551846349,0.21707731321120494,2.1247192733044264,1.2150822971713073,0.05,0.06,0.4740802675585284,0.9627926421404682
RPE1,SIN3A,SIN3A_-_75743971.23-P1|SIN3A_-_75743934.23-P1,112,35,0.07577900551846349,0.1239957668978943,1.06141797492215,0.9361551020810611,0.05,0.04,0.33653846153846156,0.6304347826086957
RPE1,SIRT7,SIRT7_+_79875555.23-P1P2|SIRT7_-_79875677.23-P1P2,54,201,0.20727023711066456,0.27275670263917534,1.3014602308517453,1.3038359860325566,0.05,0.14,0.5422240802675585,0.7035953177257526
RPE1,SIRT7,SIRT7_+_79875631.23-P1P2|SIRT7_-_79875986.23-P1P2,111,144,0.3423155831207091,0.28123940187205315,1.0123356558070717,1.134255241060896,0.06,0.09,0.8281772575250836,0.7165551839464883
RPE1,SIRT7,SIRT7_+_79875714.23-P1P2|SIRT7_+_79875815.23-P1P2,90,165,0.2958159977231662,0.23318476703173693,2.1856721170553866,1.605967606721394,0.07,0.04,0.8528428093645485,0.7249163879598662
RPE1,SLC1A5,SLC1A5_+_47288025.23-P2|SLC1A5_-_47288033.23-P2,183,1779,0.06417153012739978,0.06414646083988478,2.660648449986618,2.462415982087327,0.08,0.06,0.8733277591973244,0.8724916387959867
RPE1,SLC1A5,SLC1A5_+_47291839.23-P1|SLC1A5_+_47291829.23-P1,1779,183,0.06417153012739978,0.013128992572199814,1.057160397492653,1.355526618930748,0.08,0.03,0.9945652173913043,0.8060200668896321
RPE1,SLC35G2,SLC35G2_+_136537951.23-P1P2|SLC35G2_+_136537984.23-P1P2,118,275,0.005230249470277991,0.028333624360576133,2.2802951257824176,1.7592125809619352,0.02,0.05,0.5104515050167224,0.8064381270903009
RPE1,SLC35G2,SLC35G2_+_136537956.23-P1P2|SLC35G2_+_136537981.23-P1P2,132,261,-0.041292507730139205,0.00732337726511998,1.5864848671051281,1.5604241502674432,0.01,0.04,0.02968227424749159,0.1112040133779264
RPE1,SLC35G2,SLC35G2_+_136537960.23-P1P2|SLC35G2_-_136537974.23-P1P2,143,250,0.019393868866797573,0.01576486405884004,1.5693365260636436,1.5922323771401585,0.03,0.04,0.18896321070234112,0.1630434782608695
RPE1,SLC4A5,SLC4A5_+_74517447.23-P1|SLC4A5_+_74517243.23-P1,69,38,0.004694186577832575,0.049912686774660826,1.2690667971768979,1.072857124575312,0.03,0.02,0.5957357859531773,0.9711538461538461
RPE1,SLC4A5,SLC4A5_-_74590469.23-P2|SLC4A5_+_74590462.23-P2,38,69,0.004694186577832575,0.019647282261758967,1.6980446587111169,1.129917655267684,0.03,0.03,0.09615384615384615,0.16638795986622068
RPE1,SMARCB1,SMARCB1_+_24129228.23-P1|SMARCB1_-_24129238.23-P1,62,79,0.054486979700672025,0.031518435219031145,1.923941374932165,1.4675421212917936,0.04,0.04,0.8967391304347826,0.5785953177257526
RPE1,SMARCB1,SMARCB1_-_24134004.23-P2|SMARCB1_+_24133953.23-P2,79,62,0.054486979700672025,0.2038848328577227,1.1496483310707757,1.0030633208877209,0.04,0.09,0.23453177257525082,0.6567725752508361
RPE1,SMC4,SMC4_-_160117471.23-P1|SMC4_-_160117489.23-P1,49,34,0.010614751212354251,0.09122054927347101,1.991898804566845,1.6864292873530193,0.0,0.05,0.33403010033444813,0.9260033444816054
RPE1,SMC4,SMC4_-_160122206.23-P2|SMC4_-_160122169.23-P2,34,49,0.010614751212354251,0.4128078231417558,1.2874021444511767,0.8148421568794815,0.0,0.41,0.13461538461538458,0.9138795986622074
RPE1,SNW1,SNW1_+_78221331.23-P2|SNW1_+_78221318.23-P2,151,41,-0.01286497766965622,0.02776769927263127,1.0335307282010302,1.0008568264486999,0.0,0.03,0.04807692307692313,0.1843645484949833
RPE1,SNW1,SNW1_+_78227421.23-P1|SNW1_+_78227503.23-P1,41,151,-0.01286497766965622,-0.004843971730064796,6.40050732283552,1.2531880197544913,0.0,0.04,0.5451505016722409,0.6024247491638797
RPE1,SNX15,SNX15_+_64781852.23-P1|SNX15_-_64781624.23-P1,116,195,0.024981435223484418,-0.03166840880753171,1.758088941599068,9.802513924353548,0.05,0.02,0.8390468227424749,0.16220735785953178
RPE1,SNX15,SNX15_-_64795079.23-P2|SNX15_+_64794991.23-P2,195,116,0.024981435223484418,0.11479165927710896,1.2225553122945503,6.695769952777383,0.05,0.04,0.12792642140468224,0.5355351170568562
RPE1,SON,SON_-_34915392.23-P1|SON_-_34915373.23-P1,67,101,0.01923238196018806,-0.005674860027643716,3.246257307703759,1.4162656414786479,0.03,0.04,0.5898829431438127,0.15510033444816052
RPE1,SON,SON_-_34921974.23-P2|SON_+_34922044.23-P2,101,67,0.01923238196018806,0.004988066392404571,1.0467698980503461,1.054492422438099,0.03,0.07,0.12834448160535117,0.10033444816053516
RPE1,SPCS3,SPCS3_+_177241168.23-P1|SPCS3_+_177241171.23-P1,79,66,0.07919667482745549,0.042725779479845655,1.3544307683579215,8.181416708202864,0.11,0.0,0.8674749163879598,0.7161371237458194
RPE1,SPCS3,SPCS3_-_177242413.23-P2|SPCS3_-_177242377.23-P2,66,79,0.07919667482745549,0.10270658697166912,1.2964266537160423,7.635875827031766,0.11,0.0,0.4243311036789298,0.5627090301003345
RPE1,SPDYE2,SPDYE2_+_102191744.23-ENST00000432940.1-ENST00000507918.1|SPDYE2_+_102191690.23-ENST00000432940.1-ENST00000507918.1,28,55,0.0038210128582691896,-0.003303691052990494,3.4737579692573677,1.25427853654217,0.01,0.01,0.3850334448160535,0.28051839464882944
RPE1,SPDYE2,SPDYE2_-_102196628.23-ENST00000341656.4|SPDYE2_+_102196618.23-ENST00000341656.4,55,28,0.0038210128582691896,0.04461939951207267,1.0970982532353006,1.0249642544539879,0.01,0.03,0.07065217391304346,0.26045150501672243
RPE1,SRSF11,SRSF11_+_70671425.23-P1|SRSF11_+_70671413.23-P1,154,163,0.011128462142734854,0.04954356674407378,1.3649248062597819,2.906446739690581,0.03,0.07,0.1546822742474916,0.44774247491638797
RPE1,SRSF11,SRSF11_+_70687220.23-P2|SRSF11_-_70687171.23-P2,163,154,0.011128462142734854,-0.025536223325339502,1.488718655617472,3.31700744624613,0.03,0.03,0.7094481605351171,0.39757525083612044
RPE1,SRSF6,SRSF6_+_42086965.23-P1|SRSF6_-_42086572.23-P1,140,35,0.009115414924910503,0.036290884791815935,1.12193731174516,1.4799885855474844,0.03,0.0,0.16220735785953178,0.552675585284281
RPE1,SRSF6,SRSF6_-_42090460.23-P2|SRSF6_-_42090114.23-P2,35,140,0.009115414924910503,0.4222570397653769,2.1483345582699864,1.847685305843737,0.03,0.11,0.14841137123745818,0.9928929765886287
RPE1,TACC3,TACC3_+_1725320.23-P2|TACC3_+_1725283.23-P2,88,506,0.18460721698793486,0.03053000855458423,2.1450609020094245,2.407160740656982,0.09,0.04,0.7612876254180602,0.19523411371237454
RPE1,TACC3,TACC3_-_1723252.23-P1|TACC3_-_1723216.23-P1,506,88,0.18460721698793486,-0.00830743073149174,1.0190297688383594,1.4679938405282924,0.09,0.04,0.8515886287625418,0.059364548494983294
RPE1,TAF1D,TAF1D_-_93471390.23-P2|TAF1D_+_93471338.23-P2,47,43,0.06384818731227988,0.12302035298596341,1.0766884299344832,1.1689322694273474,0.03,0.04,0.25334448160535117,0.41764214046822745
RPE1,TAF1D,TAF1D_-_93474665.23-P1|TAF1D_+_93474608.23-P1,43,47,0.06384818731227988,0.022554189368181068,2.2807938874049785,2.150321268488531,0.03,0.05,0.7119565217391304,0.22366220735785958
RPE1,TBC1D28,TBC1D28_+_18547242.23-ENST00000405044.1|TBC1D28_+_18547665.23-ENST00000405044.1,44,121,-0.01817705577503676,0.0440614950381925,2.138332806630588,1.5972827159461755,0.06,0.08,0.3770903010033445,0.8812709030100334
RPE1,TBC1D28,TBC1D28_-_18545637.23-ENST00000345096.4|TBC1D28_+_18545467.23-ENST00000345096.4,121,44,-0.01817705577503676,-0.026014244739455423,1.149207281651738,1.2656395753701537,0.06,0.01,0.02132107023411367,0.014214046822742521
RPE1,TKT,TKT_+_53269134.23-P2|TKT_-_53269130.23-P2,87,170,0.04892295423818506,-0.004992825003154223,1.7652761014378509,1.5335733088847139,0.04,0.03,0.9443979933110368,0.21362876254180607
RPE1,TKT,TKT_-_53289752.23-P1|TKT_+_53289954.23-P1,170,87,0.04892295423818506,-0.026262414410779106,1.2189623808715215,1.2728029904273845,0.04,0.03,0.7107023411371238,0.04222408026755853
RPE1,TMEM214,TMEM214_+_27256031.23-P1P2|TMEM214_-_27255898.23-P1P2,129,576,0.03615367611707417,0.10421586434620325,1.4361919038704754,1.5599851888633487,0.02,0.04,0.22700668896321075,0.7311872909698997
RPE1,TMEM214,TMEM214_-_27255873.23-P1P2|TMEM214_-_27255853.23-P1P2,515,190,0.04426706436915385,0.07059270208491436,1.6634153604438855,1.7524433120766876,0.02,0.06,0.2834448160535117,0.5275919732441472
RPE1,TMEM214,TMEM214_-_27255902.23-P1P2|TMEM214_-_27255939.23-P1P2,61,644,0.004651648095952024,0.10360680738569172,1.9221259959830923,1.6524123028105868,0.05,0.05,0.09824414715719065,0.7587792642140468
RPE1,TMEM242,TMEM242_+_157744285.23-P1P2|TMEM242_-_157744366.23-P1P2,210,400,0.12626177343650857,0.10907842619528674,1.7943216845673435,3.096122513274873,0.06,0.04,0.7997491638795986,0.7102842809364549
RPE1,TMEM242,TMEM242_+_157744504.23-P1P2|TMEM242_-_157744573.23-P1P2,319,291,0.058803576237448855,0.1901434881614388,1.2052101984261356,2.0861364136793275,0.04,0.03,0.1806020066889632,0.7441471571906355
RPE1,TMEM242,TMEM242_-_157744354.23-P1P2|TMEM242_+_157745057.23-P1P2,81,529,0.12569708032916146,0.06808059965911051,3.111862394140272,3.3988061971429095,0.07,0.03,0.9581939799331104,0.600752508361204
RPE1,TSR1,TSR1_+_2239717.23-P1|TSR1_+_2239506.23-P1,73,134,-0.017875486564619677,-0.03218554787549165,3.028711114346185,3.0850446392251945,0.01,0.01,0.278010033444816,0.1070234113712375
RPE1,TSR1,TSR1_-_2241289.23-P2|TSR1_-_2241066.23-P2,134,73,-0.017875486564619677,0.49325613859750733,1.1212224999176241,0.7725811563055567,0.01,0.46,0.09531772575250841,0.93938127090301
RPE1,TUBB,TUBB_+_30688145.23-P1|TUBB_+_30688173.23-P1,119,158,0.25451878046349424,0.21264400962513677,1.2648837803315576,1.252217495410127,0.09,0.07,0.8390468227424749,0.7303511705685619
RPE1,TUBB,TUBB_+_30689505.23-P2|TUBB_+_30689619.23-P2,158,119,0.25451878046349424,0.19433391861814464,1.1476783434530031,1.2006687125761997,0.09,0.01,0.8996655518394648,0.7667224080267558
RPE1,TUT1,TUT1_+_62358999.23-P1|TUT1_+_62358953.23-P1,57,165,0.021760949126590337,0.010656949016215595,3.4099396128004837,1.6330353728067646,0.02,0.04,0.6124581939799332,0.379180602006689
RPE1,TUT1,TUT1_-_62344700.23-P2|TUT1_-_62344688.23-P2,165,57,0.021760949126590337,-0.04935086342661889,1.0501444203051071,1.1098012464616733,0.02,0.02,0.13001672240802675,0.03678929765886285
RPE1,UBA1,UBA1_+_47050450.23-P2|UBA1_-_47050478.23-P2,40,56,-0.009917704442748192,0.055276307103292496,1.7630917097466041,1.3216275059467608,0.01,0.07,0.0873745819397993,0.564799331103679
RPE1,UBA1,UBA1_-_47053260.23-P1|UBA1_-_47053257.23-P1,56,40,-0.009917704442748192,-0.011434405857586762,1.3265969006430556,1.1885489438897365,0.01,0.02,0.05309364548494988,0.04807692307692313
RPE1,UBA52,UBA52_+_18684266.23-P2|UBA52_-_18684292.23-P2,101,55,0.32701790065969466,0.13889108847486467,0.92269681771014,1.3588053674660256,0.17,0.05,0.9122073578595318,0.4778428093645485
RPE1,UBA52,UBA52_-_18682701.23-P1|UBA52_+_18682887.23-P1,55,101,0.32701790065969466,0.14306204513284312,2.030861585175099,2.6148476597259105,0.17,0.1,0.8524247491638796,0.41387959866220736
RPE1,UNC45A,UNC45A_+_91478755.23-P1|UNC45A_+_91478544.23-P1,34,77,0.04377025560935039,0.14074891954186586,2.1978426555865247,1.924199740850343,0.03,0.05,0.6304347826086957,0.9845317725752508
RPE1,UNC45A,UNC45A_-_91473443.23-P2|UNC45A_+_91473462.23-P2,77,34,0.04377025560935039,0.08542287578038697,1.092562559673922,1.2521686606579254,0.03,0.04,0.15844481605351168,0.36245819397993306
RPE1,UQCRC1,UQCRC1_+_48647028.23-P1|UQCRC1_-_48647042.23-P1,82,106,0.05374814030709181,0.030615142386260296,1.6182921414080556,1.6364714424599165,0.05,0.05,0.8649665551839465,0.5213210702341138
RPE1,UQCRC1,UQCRC1_-_48643052.23-P2|UQCRC1_+_48643236.23-P2,106,82,0.05374814030709181,0.1081273535124844,1.2424911820836009,1.3513283230906283,0.05,0.07,0.2161371237458194,0.5004180602006689
RPE1,USP39,USP39_-_85829973.23-P2|USP39_-_85830050.23-P2,87,35,0.0018996426161388654,0.20007491924148318,1.0593162742713613,0.9481030956360668,0.02,0.08,0.07692307692307687,0.8030936454849498
RPE1,USP39,USP39_-_85843325.23-P1|USP39_+_85843306.23-P1,35,87,0.0018996426161388654,-0.0959107347880477,4.311953397979372,1.5683698602592764,0.02,0.02,0.604933110367893,0.018394648829431426
RPE1,USP5,USP5_+_6961501.23-P1|USP5_+_6961472.23-P1,58,116,-0.009804665962477713,-0.00104726034129885,3.227125218973842,1.8910224777170686,0.02,0.02,0.19983277591973247,0.3030936454849499
RPE1,USP5,USP5_-_6965971.23-P2|USP5_+_6966012.23-P2,116,58,-0.009804665962477713,0.36190107470562394,1.0711945886390264,0.8929821677692354,0.02,0.14,0.0974080267558528,0.9230769230769231
RPE1,VPS41,VPS41_+_38948746.23-P1|VPS41_+_38948736.23-P1,203,69,0.012343768828290157,0.022928935828770022,1.2248528407346404,1.8019503443560057,0.04,0.03,0.2575250836120402,0.367056856187291
RPE1,VPS41,VPS41_+_38969081.23-P2|VPS41_-_38969076.23-P2,69,203,0.012343768828290157,-0.01077205232798911,1.8310270734788336,2.4996780839114763,0.04,0.02,0.20484949832775923,0.04264214046822745
RPE1,WBP11,WBP11_+_14956444.23-P1|WBP11_+_14956413.23-P1,69,99,-0.00936724988906923,-0.016878920648680837,2.449794558996874,1.3573553721787965,0.03,0.01,0.43938127090301005,0.3311036789297659
RPE1,WBP11,WBP11_-_14946707.23-P2|WBP11_+_14946647.23-P2,99,69,-0.00936724988906923,0.11338417546529712,1.1105800883724832,1.0478562573929322,0.03,0.05,0.08110367892976589,0.3035117056856187
RPE1,WDR74,WDR74_+_62607006.23-P1|WDR74_+_62607035.23-P1,13,60,0.022406730178989566,0.027675005004569306,11.448526200197216,5.480050026077194,0.0,0.02,0.709866220735786,0.7512541806020067
RPE1,WDR74,WDR74_+_62609282.23-P2|WDR74_-_62609072.23-P2,60,13,0.022406730178989566,0.23023158825111564,1.024342658095846,1.0666892399245542,0.0,0.07,0.09489966555183948,0.7959866220735786
RPE1,YJEFN3,YJEFN3_-_19627479.23-P1|YJEFN3_+_19627083.23-P1,31,206,0.04747440688632796,0.09549965874760646,3.8331997777062035,4.762159250934785,0.0,0.08,0.2755016722408027,0.6948160535117056
RPE1,YJEFN3,YJEFN3_-_19639774.23-P2|YJEFN3_-_19639771.23-P2,206,31,0.04747440688632796,0.11156316760584847,1.0204527896979572,1.4331733553914836,0.0,0.08,0.28428093645484953,0.660953177257525
RPE1,ZBTB17,ZBTB17_+_16302567.23-P1P2|ZBTB17_+_16302564.23-P1P2,115,170,0.28380420066975076,0.012007366569032696,1.2209889380584966,2.511697880606459,0.17,0.02,0.9736622073578596,0.137123745819398
RPE1,ZBTB17,ZBTB17_-_16302530.23-P1P2|ZBTB17_-_16302582.23-P1P2,96,189,0.19755672237225197,0.022271277491818193,1.5130903754614011,2.6215469963051685,0.15,0.03,0.725334448160535,0.132943143812709
RPE1,ZBTB17,ZBTB17_-_16302540.23-P1P2|ZBTB17_-_16302519.23-P1P2,74,211,0.17509454658752097,0.002639060998893966,2.098518952928587,3.1550925108612016,0.14,0.03,0.9987458193979933,0.22366220735785958
RPE1,ZDHHC7,ZDHHC7_+_85045079.23-P1P2|ZDHHC7_-_85045124.23-P1P2,108,297,0.15914401293604805,0.28934538238015034,1.2505810985899604,1.3950949489787015,0.03,0.03,0.42391304347826086,0.7027591973244147
RPE1,ZDHHC7,ZDHHC7_-_85045069.23-P1P2|ZDHHC7_-_85045057.23-P1P2,120,285,0.004424122984574138,0.31024225840353387,1.2643191068606727,1.2935089512039197,0.02,0.05,0.132943143812709,0.7236622073578596
RPE1,ZDHHC7,ZDHHC7_-_85045072.23-P1P2|ZDHHC7_+_85045041.23-P1P2,177,228,0.12802372880536872,0.04644230938456922,2.8851749964392117,2.5656658507613406,0.04,0.01,0.992056856187291,0.5468227424749164
RPE1,ZMAT2,ZMAT2_+_140083724.23-P2|ZMAT2_-_140083696.23-P2,31,183,0.11459362480378793,0.2706986769000621,1.4541095057750493,1.0125764252167604,0.03,0.11,0.262123745819398,0.5999163879598662
RPE1,ZMAT2,ZMAT2_-_140080084.23-P1|ZMAT2_-_140080067.23-P1,183,31,0.11459362480378793,0.018736864192554593,1.2451509441541664,1.3576700327359819,0.03,0.02,0.9657190635451505,0.25501672240802675
RPE1,ZNF207,ZNF207_+_30687693.23-P2|ZNF207_+_30687708.23-P2,64,70,-0.04036199227217261,0.5098648038000935,1.1820929463498824,0.8903945792178014,0.01,0.25,0.06020066889632103,0.9811872909698997
RPE1,ZNF207,ZNF207_-_30677224.23-P1|ZNF207_-_30677213.23-P1,70,64,-0.04036199227217261,-0.015363000614119274,2.2939241637886094,1.8245997651880965,0.01,0.0,0.07692307692307687,0.22324414715719065
RPE1,ZNF574,ZNF574_-_42580351.23-P1|ZNF574_-_42580345.23-P1,44,124,0.07969499691640453,-0.041480724399903204,3.0389014295798282,1.6785548565270663,0.01,0.01,0.701505016722408,0.019648829431438086
RPE1,ZNF574,ZNF574_-_42583382.23-P2|ZNF574_-_42583385.23-P2,124,44,0.07969499691640453,-0.004440322435855387,1.0313071029250116,1.1576576145303379,0.01,0.04,0.2972408026755853,0.0773411371237458
RPE1,ZNF718,ZNF718_+_124420.23-ENST00000510175.1-ENST00000511079.1-ENST00000513304.1-ENST00000513889.1|ZNF718_+_124436.23-ENST00000510175.1-ENST00000511079.1-ENST00000513304.1-ENST00000513889.1,139,296,0.02237552435632789,0.06364795382442247,1.9358475082214694,2.8751118724579148,0.04,0.05,0.46362876254180607,0.9067725752508361
RPE1,ZNF718,ZNF718_-_154794.23-ENST00000502662.1|ZNF718_-_154974.23-ENST00000502662.1,208,227,0.007777774855013249,0.049089949254134915,1.4125478460115228,2.403176061202769,0.05,0.04,0.132943143812709,0.689799331103679
RPE1,ZNF718,ZNF718_-_154974.23-ENST00000400172.3|ZNF718_+_155065.23-ENST00000400172.3,88,347,0.03509174242428031,0.03779241204076066,2.1397350696582667,2.944341458089759,0.05,0.05,0.7157190635451505,0.745819397993311
HepG2,ABCF1,ABCF1_+_30539238.23-P1|ABCF1_+_30539469.23-P1,64,32,0.0018400223092628963,0.023685482196906624,1.4964899602680444,1.267112504607054,0.04,0.06,0.2997491638795987,0.5033444816053512
HepG2,ABCF1,ABCF1_-_30546354.23-P2|ABCF1_-_30546344.23-P2,32,64,0.0018400223092628963,0.2276765661794637,1.4749299104022762,1.2209692550882323,0.04,0.06,0.11371237458193983,0.8762541806020067
HepG2,ACIN1,ACIN1_-_23540292.23-P2|ACIN1_-_23540730.23-P2,35,43,0.03668071423333458,0.2558185655861661,1.4147467390863793,1.1455569387327404,0.06,0.04,0.48118729096989965,0.9891304347826086
HepG2,ACIN1,ACIN1_-_23564284.23-P1|ACIN1_+_23563962.23-P1,43,35,0.03668071423333458,0.02087932939231401,1.3495322239301357,1.1476615827364216,0.06,0.06,0.6463210702341138,0.4644648829431438
HepG2,ADAM10,ADAM10_+_59041877.23-P1P2|ADAM10_+_59041978.23-P1P2,35,126,-0.04446414519218323,-0.111756786814595,1.9433349600875922,2.562809486285627,0.02,0.0,0.30685618729096986,0.03219063545150502
HepG2,ADAM10,ADAM10_+_59041886.23-P1P2|ADAM10_-_59041703.23-P1P2,80,81,-0.009739365471529437,0.029375969278695922,1.9992949034808865,2.824780239243604,0.01,0.04,0.28051839464882944,0.6881270903010033
HepG2,ADAM10,ADAM10_-_59041501.23-P1P2|ADAM10_+_59041561.23-P1P2,46,115,-0.028536143321570263,-0.1045932593540328,1.6115429572495936,2.493296411019773,0.03,0.0,0.37416387959866215,0.03386287625418061
HepG2,ADAT3,ADAT3_+_1907955.23-P2|ADAT3_+_1908004.23-P2,74,45,0.017978581355665726,0.05316896870411634,1.3114549997704594,3.9419608423710737,0.08,0.03,0.5986622073578596,0.8089464882943144
HepG2,ADAT3,ADAT3_-_1905438.23-P1|ADAT3_+_1905424.23-P1,45,74,0.017978581355665726,0.08853765932480356,1.6159055793963346,4.693366740729624,0.08,0.06,0.4364548494983278,0.7629598662207357
HepG2,AP2M1,AP2M1_+_183894722.23-P2|AP2M1_+_183894728.23-P2,23,21,0.06172011349419674,0.1167306898147183,1.4608353525358095,1.934285941130545,0.06,0.07,0.6889632107023411,0.9832775919732442
HepG2,AP2M1,AP2M1_-_183892660.23-P1|AP2M1_-_183892679.23-P1,21,23,0.06172011349419674,0.05435217219426067,1.7632016863465105,2.431163484021487,0.06,0.02,0.709866220735786,0.6467391304347826
HepG2,ARPC2,ARPC2_+_219103598.23-P2|ARPC2_-_219103608.23-P2,37,62,-0.008345723915591017,0.03919789321496746,1.5839098954812707,1.6029545654823305,0.02,0.04,0.06479933110367897,0.7144648829431438
HepG2,ARPC2,ARPC2_-_219081923.23-P1|ARPC2_-_219081929.23-P1,62,37,-0.008345723915591017,0.13003501765851583,1.3440827895820096,1.4740136645571555,0.02,0.09,0.2537625418060201,0.8787625418060201
HepG2,ARPC3,ARPC3_+_110888087.23-P1|ARPC3_-_110888115.23-P1,24,19,0.07133885028859499,0.059476165077376145,1.3195094817829032,1.0691256494146761,0.01,0.03,0.6028428093645485,0.5225752508361203
HepG2,ARPC3,ARPC3_-_110883364.23-P2|ARPC3_+_110883121.23-P2,19,24,0.07133885028859499,0.10981287792199992,2.1284411112946118,1.1117345055361525,0.01,0.04,0.7454013377926421,0.93938127090301
HepG2,BCAR1,BCAR1_+_75299843.23-P2|BCAR1_+_75299852.23-P2,301,45,0.0022352510758393883,0.06636428781617743,1.0554474825310567,9.965474026223959,0.03,0.0,0.2382943143812709,0.6212374581939799
HepG2,BCAR1,BCAR1_-_75285241.23-P1|BCAR1_+_75285561.23-P1,45,301,0.0022352510758393883,0.06260534194576212,3.087116459851072,28.62675986709511,0.03,0.01,0.09991638795986624,0.867056856187291
HepG2,BCL2L1,BCL2L1_-_30310581.23-P1|BCL2L1_+_30310660.23-P1,28,91,0.011444788131179197,-0.006748306717342307,3.2425563454110438,2.1388318004240916,0.06,0.05,0.6086956521739131,0.38168896321070234
HepG2,BCL2L1,BCL2L1_-_30311293.23-P2|BCL2L1_+_30311683.23-P2,91,28,0.011444788131179197,0.0056777546595979545,1.0893783288868253,1.2708060996513282,0.06,0.07,0.270066889632107,0.22491638795986624
HepG2,BOP1,BOP1_+_145515084.23-P1|BOP1_+_145515090.23-P1,87,39,-0.01362264715326536,-0.0007393411584491008,1.5854665610680898,1.270623441873035,0.0,0.05,0.1112040133779264,0.20150501672240806
HepG2,BOP1,BOP1_-_145512830.23-P2|BOP1_+_145512867.23-P2,39,87,-0.01362264715326536,0.04130830442848966,1.336210314988347,1.1220242358291013,0.0,0.03,0.27508361204013376,0.5029264214046822
HepG2,C1orf109,C1orf109_+_38156159.23-P1|C1orf109_-_38156166.23-P1,34,46,0.026514495038549007,-0.025400346943514947,1.8240318157416924,2.5471708570691267,0.05,0.02,0.673494983277592,0.12834448160535117
HepG2,C1orf109,C1orf109_+_38157864.23-P2|C1orf109_-_38157872.23-P2,46,34,0.026514495038549007,0.02105777837409134,1.2640803762647097,1.9098762290958724,0.05,0.02,0.4364548494983278,0.40593645484949836
HepG2,C7orf26,C7orf26_+_6629646.23-P1P2|C7orf26_+_6629634.23-P1P2,53,163,0.06238816532620875,-0.034899059571978,1.5426716553384536,2.410988494870123,0.03,0.01,0.6793478260869565,0.0932274247491639
HepG2,C7orf26,C7orf26_+_6629657.23-P1P2|C7orf26_+_6629704.23-P1P2,132,84,0.22887680488837156,-0.011754615313226245,1.317159432779039,2.3905758621086117,0.05,0.05,1.0,0.11580267558528423
HepG2,C7orf26,C7orf26_-_6630121.23-P1P2|C7orf26_+_6630358.23-P1P2,31,185,0.10139968465493109,-0.05187802222984556,2.0912227923940496,2.625091960111169,0.09,0.0,0.8561872909698997,0.04682274247491636
HepG2,CACNB3,CACNB3_+_49209404.23-P2|CACNB3_-_49209408.23-P2,36,39,0.093137889437972,0.03865429794961854,1.431277196284758,3.2609665633716443,0.06,0.05,0.8678929765886287,0.5593645484949833
HepG2,CACNB3,CACNB3_+_49212320.23-P1|CACNB3_+_49212331.23-P1,39,36,0.093137889437972,0.06667400057624269,1.527731230093806,3.302631214065415,0.06,0.01,0.9464882943143813,0.8469899665551839
HepG2,CCDC130,CCDC130_+_13842618.23-P2|CCDC130_-_13842623.23-P2,66,79,0.0026715094056429466,0.10817863076911793,1.4795442706933248,2.524591520488292,0.06,0.08,0.2282608695652174,0.8649665551839465
HepG2,CCDC130,CCDC130_-_13858696.23-P1|CCDC130_-_13858757.23-P1,79,66,0.0026715094056429466,0.060846023749187156,1.4097575948276995,2.462667779652385,0.06,0.02,0.26086956521739135,0.584866220735786
HepG2,CCDC144NL,CCDC144NL_+_20771514.23-P1|CCDC144NL_+_20771332.23-P1,38,42,0.00930558668428332,-0.003936613267560031,1.4541455158559806,1.445144721007936,0.05,0.04,0.35618729096989965,0.18687290969899661
HepG2,CCDC144NL,CCDC144NL_-_20799255.23-P2|CCDC144NL_+_20799243.23-P2,42,38,0.00930558668428332,-0.01285525355624058,1.534273510942344,1.506627082207349,0.05,0.03,0.36204013377926425,0.23453177257525082
HepG2,CCDC6,CCDC6_+_61666146.23-P1P2|CCDC6_-_61666258.23-P1P2,70,343,0.16584492307319013,-0.01863299150173565,1.7596194740954751,1.3999626769429654,0.09,0.06,0.9995819397993311,0.4903846153846154
HepG2,CCDC6,CCDC6_-_61666340.23-P1P2|CCDC6_+_61666039.23-P1P2,280,133,0.2829433592460741,0.005235103362644654,1.110741156313244,1.249303837930441,0.18,0.05,1.0,0.5192307692307692
HepG2,CCDC6,CCDC6_-_61666417.23-P1P2|CCDC6_-_61666322.23-P1P2,63,350,0.1138148384299852,0.00203428177236056,1.9373310717883576,1.3833874558687036,0.15,0.05,0.9849498327759197,0.5936454849498327
HepG2,CCND1,CCND1_-_69455972.23-P1|CCND1_+_69455918.23-P1,19,21,0.10055027680644664,0.06836060185067099,1.9815100837892323,1.1670020480261132,0.09,0.11,0.9155518394648829,0.7487458193979932
HepG2,CCND1,CCND1_-_69467368.23-P2|CCND1_+_69467581.23-P2,21,19,0.10055027680644664,0.055807789293600196,1.3488480917155428,1.100179760754165,0.09,0.05,0.8754180602006689,0.4845317725752508
HepG2,CCNK,CCNK_+_99969115.23-P2|CCNK_+_99969150.23-P2,50,46,0.0034276767238258215,-0.014405180729527811,1.4114994925286732,1.9077717286316787,0.07,0.02,0.36245819397993306,0.13461538461538458
HepG2,CCNK,CCNK_-_99947816.23-P1|CCNK_-_99947838.23-P1,46,50,0.0034276767238258215,0.10944243975621618,1.4820947356068344,1.8811144319919055,0.07,0.1,0.2734113712374582,0.7801003344481605
HepG2,CENPA,CENPA_+_26987565.23-P1|CENPA_-_26987167.23-P1,14,30,0.052522913914823034,0.09139947117675604,2.999639050920085,1.319136117747988,0.02,0.04,0.6659698996655519,0.8900501672240803
HepG2,CENPA,CENPA_-_27008953.23-P2|CENPA_-_27008942.23-P2,30,14,0.052522913914823034,0.01609625581755094,1.1702059364897042,1.1169287916663164,0.02,0.02,0.467809364548495,0.19690635451505012
HepG2,CFDP1,CFDP1_+_75467325.23-P1|CFDP1_-_75467319.23-P1,39,13,0.0838179553928448,0.05067693560824127,1.1280305796170376,1.082732537776213,0.02,0.03,0.705267558528428,0.4389632107023411
HepG2,CFDP1,CFDP1_-_75448185.23-P2|CFDP1_-_75448478.23-P2,13,39,0.0838179553928448,0.07831688229493595,3.4498224539931277,1.3859920078975505,0.02,0.04,0.7491638795986622,0.7148829431438127
HepG2,CKAP5,CKAP5_+_46867805.23-P1|CKAP5_-_46867793.23-P1,17,43,0.01215081014260679,-0.0201136740615628,3.579590441070603,1.1875544403440146,0.04,0.07,0.3616220735785953,0.1981605351170569
HepG2,CKAP5,CKAP5_-_46848384.23-P2|CKAP5_-_46848381.23-P2,43,17,0.01215081014260679,0.03348689662920377,1.1055420680611359,1.0291541321959001,0.04,0.03,0.20275919732441472,0.49540133779264217
HepG2,CLOCK,CLOCK_+_56412980.23-P1P2|CLOCK_-_56412962.23-P1P2,35,193,-0.0012708992402739336,-0.035952763771335466,2.209156620525289,12.20198304576351,0.03,0.01,0.3595317725752508,0.08904682274247488
HepG2,CLOCK,CLOCK_-_56412906.23-P1P2|CLOCK_+_56412972.23-P1P2,15,213,-0.03313083526142483,-0.04353470826517209,5.517759431270231,13.043746580636524,0.01,0.0,0.09991638795986624,0.06020066889632103
HepG2,CLOCK,CLOCK_-_56412950.23-P1P2|CLOCK_-_56412965.23-P1P2,178,50,0.00145096416838106,0.025868412089336226,1.3085710309989023,8.779906767315065,0.02,0.02,0.354933110367893,0.5091973244147157
HepG2,COPG1,COPG1_-_128968486.23-P1|COPG1_+_128968468.23-P1,4,28,0.0713895536211281,0.08415439100221637,17.529580190357354,1.3457958052128038,0.0,0.05,0.762123745819398,0.830267558528428
HepG2,COPG1,COPG1_-_128984635.23-P2|COPG1_-_128984639.23-P2,28,4,0.0713895536211281,0.10304028895353189,1.005796784584041,0.9946498020093498,0.0,0.01,0.36622073578595316,0.6379598662207357
HepG2,COPZ1,COPZ1_+_54695041.23-P2|COPZ1_+_54694980.23-P2,44,11,0.05576346128025643,0.04593777967657955,1.0187453325003764,1.003412016191099,0.01,0.01,0.274247491638796,0.18520066889632103
HepG2,COPZ1,COPZ1_-_54719176.23-P1|COPZ1_+_54719129.23-P1,11,44,0.05576346128025643,-0.011634851411289867,12.162163125897342,1.286052149707055,0.01,0.03,0.5560200668896321,0.1525919732441472
HepG2,CSH2,CSH2_+_61950403.23-P1|CSH2_+_61950460.23-P1,42,37,0.05233799033823049,0.06839792872725166,1.6200906546630762,1.5853294220106675,0.05,0.02,0.6714046822742474,0.7775919732441472
HepG2,CSH2,CSH2_-_61973880.23-P2|CSH2_+_61973860.23-P2,37,42,0.05233799033823049,0.06550693815113331,1.3905462046573724,1.5016543105304636,0.05,0.12,0.45903010033444813,0.5259197324414715
HepG2,DDB1,DDB1_+_61100555.23-P1|DDB1_+_61100263.23-P1,60,34,0.0138470509592665,0.06393908824966998,1.587112400144512,1.1234742552287447,0.04,0.04,0.34615384615384615,0.6421404682274248
HepG2,DDB1,DDB1_-_61081132.23-P2|DDB1_-_61081136.23-P2,34,60,0.0138470509592665,0.019153244210006835,1.382968478879023,1.1009217599901555,0.04,0.03,0.2834448160535117,0.3290133779264214
HepG2,DDX19B,DDX19B_+_70333136.23-P1|DDX19B_+_70333144.23-P1,99,46,0.016747888510300516,0.01484089732804256,1.160522917231212,2.2066902962095503,0.04,0.03,0.37583612040133785,0.3566053511705686
HepG2,DDX19B,DDX19B_-_70328715.23-P2|DDX19B_+_70328743.23-P2,46,99,0.016747888510300516,0.018385809020760927,2.192774204730942,3.6628403891884647,0.04,0.03,0.4581939799331104,0.48285953177257523
HepG2,DDX46,DDX46_-_134094510.23-P1|DDX46_-_134094650.23-P1,89,77,0.07173642367641415,-0.08840267144539936,1.9018707103030295,2.3425289275924643,0.02,0.01,0.8160535117056856,0.010451505016722429
HepG2,DDX46,DDX46_-_134109485.23-P2|DDX46_-_134109475.23-P2,77,89,0.07173642367641415,0.15577804664985367,1.1370718815553997,1.43706995114533,0.02,0.06,0.6994147157190636,0.9214046822742474
HepG2,DDX54,DDX54_+_113623252.23-P1|DDX54_-_113623260.23-P1,54,34,-0.0004356460299670733,-0.033859599931016525,1.791757005012402,1.4458287728005565,0.01,0.01,0.23954849498327757,0.05267558528428096
HepG2,DDX54,DDX54_-_113599205.23-P2|DDX54_-_113599226.23-P2,34,54,-0.0004356460299670733,0.5980926537937692,1.2641881813090428,0.7086788200851543,0.01,0.31,0.262123745819398,0.9949832775919732
HepG2,DHODH,DHODH_+_72049721.23-P2|DHODH_-_72049691.23-P2,11,34,0.07934158759519888,0.048739725586836355,5.249596255447245,1.6013649499749223,0.02,0.05,0.8704013377926422,0.7190635451505016
HepG2,DHODH,DHODH_-_72042709.23-P1|DHODH_-_72042714.23-P1,34,11,0.07934158759519888,0.06917720581303516,1.061973078834393,1.083038779669559,0.02,0.02,0.6743311036789298,0.5990802675585285
HepG2,DNAJA1,DNAJA1_-_33025322.23-P1|DNAJA1_-_33025302.23-P1,52,13,0.11981020451792393,0.03553296563918096,1.0310489204780913,1.0588568894430987,0.0,0.02,0.8733277591973244,0.3290133779264214
HepG2,DNAJA1,DNAJA1_-_33026888.23-P2|DNAJA1_-_33027087.23-P2,13,52,0.11981020451792393,0.029039732928582106,5.608420239353453,1.4818170436363354,0.0,0.05,0.9055183946488294,0.5459866220735786
HepG2,DPH1,DPH1_+_1936832.23-P2|DPH1_+_1936853.23-P2,57,27,0.07197123282320912,0.09827163642450323,1.1518036902950195,1.1729736381571645,0.07,0.06,0.7805183946488294,0.9163879598662208
HepG2,DPH1,DPH1_-_1933503.23-P1|DPH1_-_1933469.23-P1,27,57,0.07197123282320912,0.21248288376055582,2.364354794284901,1.5261420784898814,0.07,0.09,0.689799331103679,0.9372909698996655
HepG2,DYNLRB1,DYNLRB1_+_33114045.23-P2|DYNLRB1_+_33114412.23-P2,59,65,-0.044990442346322,0.013097824286313257,1.4170655880389436,1.369649792075242,0.04,0.04,0.060618729096989954,0.4063545150501672
HepG2,DYNLRB1,DYNLRB1_-_33104256.23-P1|DYNLRB1_-_33104419.23-P1,65,59,-0.044990442346322,0.34672470179300935,1.508157657564777,1.399824424078175,0.04,0.04,0.1091137123745819,0.9744983277591973
HepG2,EEF2,EEF2_+_3984171.23-P2|EEF2_+_3984167.23-P2,32,44,0.02094289601081004,-0.010837690560398216,1.5430838258989612,1.13203167046637,0.01,0.06,0.33612040133779264,0.06521739130434778
HepG2,EEF2,EEF2_-_3985443.23-P1|EEF2_+_3985431.23-P1,44,32,0.02094289601081004,-0.009309262358211551,1.588249936123319,1.2018527520588866,0.01,0.04,0.3448996655518395,0.1943979933110368
HepG2,EIF4G2,EIF4G2_+_10830441.23-P1|EIF4G2_+_10830444.23-P1,38,27,0.022107347904802364,0.006433477226247697,1.3267465744616254,1.2074119787407933,0.06,0.03,0.3394648829431438,0.24665551839464883
HepG2,EIF4G2,EIF4G2_-_10828931.23-P2|EIF4G2_+_10828816.23-P2,27,38,0.022107347904802364,0.0048199745434743865,1.8118759562769213,1.295386159068546,0.06,0.03,0.3566053511705686,0.1505016722408027
HepG2,EIF5,EIF5_-_103800558.23-P1|EIF5_-_103800597.23-P1,33,15,0.07588148355905344,0.018019312353087638,1.1969680514406018,1.0691095921142073,0.04,0.02,0.7173913043478262,0.2203177257525084
HepG2,EIF5,EIF5_-_103803091.23-P2|EIF5_+_103803074.23-P2,15,33,0.07588148355905344,-0.006876620184155499,2.7962501310835868,1.1783192092140806,0.04,0.03,0.6885451505016722,0.17725752508361203
HepG2,EMC3,EMC3_+_10028469.23-P1|EMC3_+_10028457.23-P1,80,23,0.019075860014953486,0.08044055238587915,1.1145445996136718,1.1419161458860299,0.06,0.03,0.2796822742474916,0.8273411371237458
HepG2,EMC3,EMC3_+_10052774.23-P2|EMC3_+_10052758.23-P2,23,80,0.019075860014953486,0.029757316941541347,2.6079895962637223,1.4626648615369313,0.06,0.07,0.49498327759197325,0.6300167224080268
HepG2,EPS8L1,EPS8L1_+_55587297.23-P1|EPS8L1_-_55587352.23-P1,51,218,0.004719352769794658,0.01385985748130074,2.4949107372995742,2.93355369538978,0.07,0.02,0.278010033444816,0.4243311036789298
HepG2,EPS8L1,EPS8L1_-_55587247.23-P1|EPS8L1_-_55587306.23-P1,50,219,-0.028137475161983696,0.01447014394444064,2.3503194841238804,2.8966152875934386,0.03,0.02,0.010869565217391353,0.3152173913043478
HepG2,EPS8L1,EPS8L1_-_55591767.23-P2|EPS8L1_-_55591980.23-P2,35,234,0.033141835961907784,0.013455893515276925,2.7240506137324867,3.007915519446904,0.03,0.02,0.5163043478260869,0.2161371237458194
HepG2,EPS8L1,EPS8L1_-_55591777.23-P2|EPS8L1_-_55592168.23-P2,102,167,-0.03579060592396385,0.02084796683844331,2.0280399650131815,2.7936101627231,0.02,0.05,0.18603678929765888,0.5953177257525084
HepG2,EPS8L1,EPS8L1_-_55591802.23-P2|EPS8L1_-_55591798.23-P2,31,238,-0.029133088042441423,0.01928279415400608,3.4391447745304893,3.0054491327790624,0.03,0.04,0.03637123745819393,0.45192307692307687
HepG2,ERVW-1,ERVW-1_-_92100569.23-ENST00000493463.2|ERVW-1_-_92100632.23-ENST00000493463.2,25,35,0.12688185215797934,0.007674547625132458,1.8279138681409177,1.1216027354533324,0.07,0.04,0.9443979933110368,0.2972408026755853
HepG2,ERVW-1,ERVW-1_-_92107250.23-ENST00000603053.1|ERVW-1_+_92106817.23-ENST00000603053.1,35,25,0.12688185215797934,0.08888707325122848,1.306625027197842,1.062457729116883,0.07,0.08,0.8574414715719063,0.6592809364548495
HepG2,ESF1,ESF1_+_13763214.23-P2|ESF1_+_13763379.23-P2,27,138,0.06162279808670851,-0.009908362182960536,4.2917154130605395,43.73138959452235,0.02,0.0,0.6195652173913043,0.12416387959866215
HepG2,ESF1,ESF1_+_13765524.23-P1|ESF1_+_13765535.23-P1,138,27,0.06162279808670851,0.136517275043723,1.036314312372875,10.549674106000875,0.02,0.0,0.5192307692307692,0.9636287625418061
HepG2,ESPN,ESPN_-_6484873.23-P1|ESPN_+_6484906.23-P1,64,79,0.04772466515625254,-0.0437438205030235,1.5273180453571986,1.8460231775176723,0.04,0.03,0.8925585284280937,0.0008361204013378476
HepG2,ESPN,ESPN_-_6508158.23-P2|ESPN_+_6508187.23-P2,79,64,0.04772466515625254,-0.0038524188728891406,1.3326601544394134,1.6865949083839438,0.04,0.02,0.6024247491638797,0.2913879598662207
HepG2,FAM136A,FAM136A_+_70529139.23-P1P2|FAM136A_-_70529189.23-P1P2,152,139,-0.01627170742308853,-0.060053768294950245,1.181559882732278,1.4341815383028662,0.04,0.02,0.32023411371237454,0.10075250836120397
HepG2,FAM136A,FAM136A_+_70529182.23-P1P2|FAM136A_-_70528740.23-P1P2,45,246,-0.04599794440890271,-0.03534548224110887,2.2477028761531397,1.8943528398850744,0.0,0.01,0.22575250836120397,0.27257525083612044
HepG2,FAM136A,FAM136A_-_70528767.23-P1P2|FAM136A_-_70529195.23-P1P2,94,197,-0.00505530950724811,0.05648740580924056,3.2101191317695466,2.057589412915816,0.03,0.06,0.2182274247491639,0.9389632107023411
HepG2,FBXO42,FBXO42_+_16678481.23-P1P2|FBXO42_-_16678698.23-P1P2,52,224,0.08073848625881283,0.041954429304518676,2.382445021258937,3.235290782786695,0.05,0.06,0.947742474916388,0.7462374581939799
HepG2,FBXO42,FBXO42_+_16678912.23-P1P2|FBXO42_+_16678915.23-P1P2,173,103,0.1070444593357079,-0.010720199866199015,1.1870769342781176,2.3931237608365263,0.05,0.04,0.9882943143812709,0.2006688963210702
HepG2,FBXO42,FBXO42_-_16678549.23-P1P2|FBXO42_+_16678568.23-P1P2,51,225,0.10668511769180683,0.049335184099928125,2.231144339110309,3.217525537521355,0.03,0.09,0.9979096989966555,0.8758361204013378
HepG2,FOLR3,FOLR3_-_71825990.23-P1|FOLR3_-_71825982.23-P1,56,49,0.003851898565644481,-0.00866643212385545,1.1933864075466636,1.565772158358061,0.02,0.03,0.2102842809364549,0.11371237458193983
HepG2,FOLR3,FOLR3_-_71846819.23-P2|FOLR3_+_71846807.23-P2,49,56,0.003851898565644481,0.11128149780576962,1.9480964894532722,2.0224164887938136,0.02,0.05,0.13586956521739135,0.9038461538461539
HepG2,GAPDH,GAPDH_-_6643761.23-P1|GAPDH_-_6643770.23-P1,28,26,0.037884108078287834,-0.006243385572357744,1.4892860640340277,1.2859691737461423,0.05,0.06,0.5255016722408027,0.22157190635451507
HepG2,GAPDH,GAPDH_-_6647118.23-P2|GAPDH_-_6647239.23-P2,26,28,0.037884108078287834,0.13686416828204462,1.592688119481736,1.245009428979968,0.05,0.03,0.6613712374581939,0.9912207357859532
HepG2,GON4L,GON4L_+_155829080.23-P2|GON4L_+_155829093.23-P2,30,39,0.06972768833742042,-0.00897464852728628,1.5925472292173632,1.6057081463008787,0.03,0.07,0.8265050167224081,0.1747491638795987
HepG2,GON4L,GON4L_-_155826980.23-P1|GON4L_+_155826818.23-P1,39,30,0.06972768833742042,0.09935256897456507,1.3738545966804392,1.5214888381752354,0.03,0.05,0.7077759197324415,0.8733277591973244
HepG2,GRB2,GRB2_-_73389861.23-P2|GRB2_+_73389905.23-P2,63,15,0.022427873534426903,0.060091677765657076,1.0431458194988514,1.03293653865467,0.02,0.01,0.19732441471571904,0.5965719063545151
HepG2,GRB2,GRB2_-_73401305.23-P1|GRB2_+_73401721.23-P1,15,63,0.022427873534426903,0.02346091920084236,6.496867306029626,1.646825203737076,0.02,0.08,0.5037625418060201,0.5112876254180603
HepG2,HAUS7,HAUS7_+_152735963.23-P1|HAUS7_+_152736011.23-P1,11,28,0.14205448425484796,0.06334926659402516,3.7832841533940247,1.1398945680346466,0.0,0.06,0.9690635451505016,0.6107859531772575
HepG2,HAUS7,HAUS7_-_152760909.23-P2|HAUS7_+_152760894.23-P2,28,11,0.14205448425484796,0.04435487014297443,1.068759962770545,1.019055709697794,0.0,0.03,0.9155518394648829,0.2880434782608695
HepG2,HIRA,HIRA_+_19419212.23-P2|HIRA_+_19419231.23-P2,48,81,-0.026253354076002027,0.008134480229349096,1.8139972399829578,4.231897427122357,0.02,0.04,0.16137123745819393,0.4816053511705686
HepG2,HIRA,HIRA_+_19435207.23-P1|HIRA_-_19435159.23-P1,81,48,-0.026253354076002027,0.06036662763147951,1.194403481258174,2.980756179473559,0.02,0.06,0.050167224080267525,0.645066889632107
HepG2,HMGB1,HMGB1_-_31040100.23-P1|HMGB1_+_31040082.23-P1,16,43,0.054195820683361345,0.009878268017951445,3.4826107397789494,1.4555183779135255,0.03,0.01,0.7951505016722408,0.25250836120401343
HepG2,HMGB1,HMGB1_-_31191681.23-P2|HMGB1_-_31191644.23-P2,43,16,0.054195820683361345,0.1314850623384176,1.085243593177069,1.0877274699330377,0.03,0.02,0.45317725752508364,0.93938127090301
HepG2,HNRNPL,HNRNPL_+_39342928.23-P2|HNRNPL_-_39342945.23-P2,18,160,0.046290836850462036,0.054798421946542324,3.429397617936395,1.777311665960645,0.06,0.09,0.6350334448160535,0.7194816053511706
HepG2,HNRNPL,HNRNPL_-_39340587.23-P1|HNRNPL_+_39340578.23-P1,160,18,0.046290836850462036,0.06249002933024629,1.0993495100148218,1.1671465455853884,0.06,0.04,0.5171404682274248,0.6367056856187291
HepG2,HNRNPM,HNRNPM_-_8509903.23-P1|HNRNPM_-_8509876.23-P1,33,13,0.1416556959693356,0.09609840099750991,1.119783024454577,1.3226723681082728,0.03,0.03,0.9343645484949833,0.7416387959866221
HepG2,HNRNPM,HNRNPM_-_8536287.23-P2|HNRNPM_+_8536305.23-P2,13,33,0.1416556959693356,0.09919424094841367,2.9735568576122913,2.0630532016701446,0.03,0.05,0.9644648829431438,0.8135451505016722
HepG2,IK,IK_+_140027496.23-P1|IK_-_140027453.23-P1,72,104,-0.05353293130997046,-0.020224156509205032,2.157636819677829,2.491518020965064,0.03,0.06,0.1312709030100334,0.2341137123745819
HepG2,IK,IK_-_140038581.23-P2|IK_+_140038551.23-P2,104,72,-0.05353293130997046,0.11312020039901295,1.171370382349059,1.4283402658902342,0.03,0.07,0.11956521739130432,0.7813545150501673
HepG2,INTS13,ASUN_-_27090711.23-P1P2|ASUN_-_27090828.23-P1P2,33,124,0.051399091658073055,0.243220304874478,2.725066795322649,1.2253565841085736,0.02,0.17,0.592809364548495,0.9995819397993311
HepG2,INTS13,ASUN_-_27090837.23-P1P2|ASUN_-_27090687.23-P1P2,29,128,0.08071954234966505,0.2227636314335411,2.496795261424005,1.261366004028392,0.07,0.17,0.8971571906354515,0.9995819397993311
HepG2,INTS13,ASUN_-_27090898.23-P1P2|ASUN_+_27090863.23-P1P2,95,62,0.17458495004520852,0.17637860321244134,1.1005931235441406,1.0435911423991857,0.06,0.08,0.9928929765886287,0.9933110367892977
HepG2,INTS14,VWA9_+_65903426.23-P1P2|VWA9_+_65903046.23-P1P2,31,101,0.14900019548822782,0.1595918539270538,1.8112702642699245,1.7606036419554536,0.04,0.08,0.9523411371237458,0.9611204013377926
HepG2,INTS14,VWA9_-_65903266.23-P1P2|VWA9_+_65903279.23-P1P2,25,107,0.12265813917392025,0.21609985799019416,2.946658394921338,1.7670134585672546,0.11,0.08,0.8900501672240803,0.9928929765886287
HepG2,INTS14,VWA9_-_65903523.23-P1P2|VWA9_-_65903414.23-P1P2,76,56,0.3182369532228407,0.04296233549985766,1.1052661353510895,1.626977924187703,0.18,0.07,0.9912207357859532,0.5769230769230769
HepG2,KAT8,KAT8_+_31141409.23-P2|KAT8_+_31141331.23-P2,23,17,0.08627877068915915,0.10465590541972512,1.0941286715383356,1.101509673177925,0.01,0.02,0.6266722408026756,0.7516722408026756
HepG2,KAT8,KAT8_-_31129050.23-P1|KAT8_-_31129029.23-P1,17,23,0.08627877068915915,0.07587702268390714,4.226250963411451,1.6795148212781692,0.01,0.07,0.7190635451505016,0.640886287625418
HepG2,KRT10,KRT10_+_38975898.23-P2|KRT10_-_38975915.23-P2,50,23,0.09021241550138594,0.02041428908560236,1.1525707949706476,1.0428611845319653,0.1,0.06,0.7888795986622074,0.3319397993311036
HepG2,KRT10,KRT10_-_38978838.23-P1|KRT10_-_38978663.23-P1,23,50,0.09021241550138594,0.012054131811380271,2.3830301033308623,1.11569828380035,0.1,0.07,0.7349498327759197,0.3586956521739131
HepG2,KRT8,KRT8_-_53298844.23-P1|KRT8_-_53298430.23-P1,23,41,-0.0004933667474292572,0.10556385388188443,2.2437000205489968,1.4052799333091561,0.01,0.04,0.30894648829431437,0.8214882943143813
HepG2,KRT8,KRT8_-_53343612.23-P2|KRT8_-_53343631.23-P2,41,23,-0.0004933667474292572,0.053881499308924836,1.2369802150504334,1.1723469169251632,0.01,0.08,0.07566889632107021,0.7362040133779264
HepG2,LAMTOR1,LAMTOR1_+_71814088.23-P1P2|LAMTOR1_-_71814365.23-P1P2,34,92,0.19979245745336036,0.08331212413600551,1.829872836193843,3.197708142675008,0.1,0.04,0.8511705685618729,0.6396321070234114
HepG2,LAMTOR1,LAMTOR1_+_71814301.23-P1P2|LAMTOR1_+_71814145.23-P1P2,58,68,0.33249475107270193,0.032253554644602625,1.485297634131146,3.0654091869345117,0.1,0.09,0.9594481605351171,0.5438963210702341
HepG2,LAMTOR1,LAMTOR1_-_71813943.23-P1P2|LAMTOR1_+_71814265.23-P1P2,34,92,0.12083886688799853,0.09299960663502942,2.4036132287014875,3.2223082186693426,0.04,0.08,0.7696488294314381,0.709866220735786
HepG2,LIN54,LIN54_+_83931965.23-P2|LIN54_+_83931898.23-P2,35,104,0.09283468501786524,0.09365528509577083,2.347386417312285,1.3735772745244794,0.07,0.1,0.8913043478260869,0.8954849498327759
HepG2,LIN54,LIN54_+_83933961.23-P1|LIN54_+_83933984.23-P1,104,35,0.09283468501786524,0.10131551299923441,1.1143532727967538,1.116085545067183,0.07,0.07,0.7629598662207357,0.8047658862876255
HepG2,LSM5,LSM5_+_32534880.23-P2|LSM5_-_32534855.23-P2,38,84,-0.022241355186322684,0.2862957127333521,1.3438387826749423,1.054235151630184,0.02,0.22,0.07483277591973247,0.9694816053511706
HepG2,LSM5,LSM5_-_32529957.23-P1|LSM5_-_32529937.23-P1,84,38,-0.022241355186322684,-0.007409094539964812,1.773710046422725,2.35095850412933,0.02,0.0,0.09573578595317722,0.18478260869565222
HepG2,LST1,LST1_+_31554051.23-P1|LST1_-_31554050.23-P1,49,23,0.08454801502564946,0.017084324527510675,1.1265048801356103,1.1486799059498578,0.06,0.06,0.7771739130434783,0.2834448160535117
HepG2,LST1,LST1_+_31555054.23-P2|LST1_+_31555066.23-P2,23,49,0.08454801502564946,0.06169911207565061,2.5511932580707555,1.3685431128422434,0.06,0.1,0.677257525083612,0.5944816053511706
HepG2,MFN2,MFN2_-_12040716.23-P1|MFN2_-_12040541.23-P1,83,56,0.014282229816858448,-0.036740890939831974,1.33694098365165,1.4343326223902946,0.05,0.03,0.40342809364548493,0.117056856187291
HepG2,MFN2,MFN2_-_12042038.23-P2|MFN2_+_12042061.23-P2,56,83,0.014282229816858448,0.03510738855269099,1.6357317846333335,1.5220764592939005,0.05,0.06,0.45526755852842804,0.6233277591973244
HepG2,NCL,NCL_+_232326465.23-P2|NCL_+_232326222.23-P2,25,62,-0.03635863046663315,-0.032046500641108235,2.3049634175419067,1.8779624141738878,0.02,0.02,0.11036789297658867,0.13210702341137126
HepG2,NCL,NCL_-_232329157.23-P1|NCL_-_232329135.23-P1,62,25,-0.03635863046663315,0.07506295712322199,1.246846573917181,1.3836683820615712,0.02,0.05,0.05058528428093645,0.7692307692307692
HepG2,NDUFS5,NDUFS5_-_39492036.23-P1|NDUFS5_-_39492056.23-P1,9,21,0.11923400743168384,0.0895824467150107,3.607259833966651,1.5053454339999957,0.0,0.04,0.9423076923076923,0.830685618729097
HepG2,NDUFS5,NDUFS5_-_39494549.23-P2|NDUFS5_-_39494612.23-P2,21,9,0.11923400743168384,0.15540664664302048,1.1156582868975542,1.0654919385931316,0.0,0.0,0.8294314381270903,0.9176421404682275
HepG2,NXF1,NXF1_+_62572883.23-P1|NXF1_-_62572847.23-P1,24,55,0.046001594107755575,0.04137885865129579,3.329498524519957,1.6733818388933293,0.07,0.03,0.7119565217391304,0.6488294314381271
HepG2,NXF1,NXF1_-_62566496.23-P2|NXF1_+_62566715.23-P2,55,24,0.046001594107755575,0.09677029360378987,1.072766306428588,1.1241863483128058,0.07,0.08,0.4126254180602007,0.7872073578595318
HepG2,PCBP2,PCBP2_+_53846112.23-P1|PCBP2_+_53846301.23-P1,57,39,0.017283953872234047,0.053107051647026796,1.2670720549150423,1.6400416568670901,0.07,0.05,0.3319397993311036,0.5183946488294314
HepG2,PCBP2,PCBP2_-_53836012.23-P2|PCBP2_-_53835509.23-P2,39,57,0.017283953872234047,0.19761709327244414,1.8732413726326775,1.8999566247724315,0.07,0.08,0.25292642140468224,0.9966555183946488
HepG2,PCID2,PCID2_+_113862955.23-P1|PCID2_+_113862975.23-P1,52,15,0.09850787643821741,0.06178143432828044,1.060593026387517,1.1866179390381049,0.03,0.03,0.8474080267558528,0.5635451505016722
HepG2,PCID2,PCID2_-_113841577.23-P2|PCID2_-_113841606.23-P2,15,52,0.09850787643821741,0.006604406149139911,4.242886305456244,2.04400140928799,0.03,0.05,0.9832775919732442,0.38419732441471577
HepG2,PELO,PELO_-_52083812.23-P2|PELO_-_52084090.23-P2,39,20,0.06451495837374728,0.018166183871440266,1.1711278693545488,1.2271850244299896,0.05,0.03,0.625,0.20484949832775923
HepG2,PELO,PELO_-_52095976.23-P1|PELO_+_52095956.23-P1,20,39,0.06451495837374728,-0.010741659484803691,2.6607303668539366,1.8371474835327304,0.05,0.01,0.7993311036789298,0.15593645484949836
HepG2,PHAX,PHAX_+_125939292.23-P2|PHAX_-_125939291.23-P2,42,55,-0.02909284378793156,0.15734255130344543,1.3091307666624916,1.4949931516067292,0.01,0.11,0.07775919732441472,0.8837792642140468
HepG2,PHAX,PHAX_-_125936686.23-P1|PHAX_-_125936678.23-P1,55,42,-0.02909284378793156,0.07314111357774443,1.7276107402035756,2.1684362828994743,0.01,0.02,0.03511705685618727,0.6521739130434783
HepG2,PKM,PKM_+_72500912.23-P2|PKM_-_72500954.23-P2,47,38,0.13771260891300946,0.05491971186209622,1.342550518460168,3.3660573596904095,0.08,0.02,0.8779264214046822,0.524665551839465
HepG2,PKM,PKM_+_72523549.23-P1|PKM_-_72523504.23-P1,38,47,0.13771260891300946,0.03026081885441114,1.5373341512054477,3.8324800919292907,0.08,0.01,0.8678929765886287,0.45568561872909696
HepG2,PMPCB,PMPCB_+_102937876.23-P1|PMPCB_-_102938097.23-P1,104,22,0.05211143168447725,0.04975644807255248,1.1838446268273526,1.1732000760028942,0.06,0.04,0.6354515050167224,0.6153846153846154
HepG2,PMPCB,PMPCB_-_102940675.23-P2|PMPCB_-_102941127.23-P2,22,104,0.05211143168447725,0.016108076137264955,1.9848415828602748,1.3346485793498357,0.06,0.02,0.44523411371237454,0.22533444816053516
HepG2,PNISR,PNISR_+_99848916.23-P2|PNISR_+_99848928.23-P2,33,16,0.10047715369880031,0.026567233508504026,1.0795993267761488,1.0883568665390664,0.02,0.03,0.8219063545150502,0.254180602006689
HepG2,PNISR,PNISR_+_99873121.23-P1|PNISR_+_99873109.23-P1,16,33,0.10047715369880031,0.01954233288840752,3.4945987216819896,1.4315423424064573,0.02,0.07,0.8741638795986622,0.38001672240802675
HepG2,POGLUT3,KDELC2_-_108369101.23-P1P2|KDELC2_-_108369130.23-P1P2,99,287,0.047124784042757294,0.008134770095506212,1.8610667148141031,4.108593912896364,0.05,0.06,0.8331939799331104,0.4498327759197325
HepG2,POGLUT3,KDELC2_-_108369114.23-P1P2|KDELC2_-_108369098.23-P1P2,185,201,0.0679958904965784,0.030152531345082455,1.3819771107283072,3.5297130017644136,0.07,0.04,0.9862040133779264,0.850334448160535
HepG2,POGLUT3,KDELC2_-_108369127.23-P1P2|KDELC2_-_108369140.23-P1P2,102,284,-0.0045697615969068775,0.001589693096185167,1.9863395109977415,4.23171109917106,0.07,0.02,0.38001672240802675,0.4665551839464883
HepG2,POLR1C,POLR1C_-_43477509.23-P2|POLR1C_+_43477492.23-P2,83,105,-0.02184594844338656,0.1474600675784491,1.564380215807945,2.077085773993306,0.02,0.03,0.045568561872909696,0.9903846153846154
HepG2,POLR1C,POLR1C_-_43484871.23-P1|POLR1C_-_43484868.23-P1,105,83,-0.02184594844338656,0.11321927731674622,1.3333400498280918,1.8872976187616672,0.02,0.06,0.016304347826086918,0.9306020066889632
HepG2,POLR2D,POLR2D_+_128605175.23-P2|POLR2D_+_128604811.23-P2,30,61,-0.01332763895066287,0.33198517336417077,1.4165439638331467,0.7585104822688864,0.03,0.09,0.05225752508361203,0.9995819397993311
HepG2,POLR2D,POLR2D_-_128615513.23-P1|POLR2D_+_128615628.23-P1,61,30,-0.01332763895066287,-0.05081013512633718,1.8804639138357344,1.4016674194155019,0.03,0.01,0.13001672240802675,0.020484949832775934
HepG2,POLR2E,POLR2E_+_1089911.23-P2|POLR2E_+_1089885.23-P2,28,115,-0.0011695691101033985,0.47986553421547484,1.604580413546965,0.8337931972963407,0.03,0.19,0.3457357859531772,0.9949832775919732
HepG2,POLR2E,POLR2E_+_1095301.23-P1|POLR2E_+_1095334.23-P1,115,28,-0.0011695691101033985,0.011974045309916671,1.3866812483745221,1.2331346325920007,0.03,0.0,0.16513377926421402,0.3315217391304348
HepG2,PPP1CA,PPP1CA_+_67168941.23-P1|PPP1CA_+_67168772.23-P1,13,25,0.07761870064959614,0.04871595849290898,5.308757429500512,1.5007101855226659,0.01,0.05,0.6764214046822743,0.5016722408026756
HepG2,PPP1CA,PPP1CA_-_67188610.23-P2|PPP1CA_-_67188663.23-P2,25,13,0.07761870064959614,0.08000063725768604,1.0512238114249972,1.045277405916131,0.01,0.0,0.6158026755852843,0.6341973244147157
HepG2,PPP1R37,PPP1R37_-_45596468.23-P1P2|PPP1R37_-_45596454.23-P1P2,40,244,0.0334991212798161,0.049383691673485525,2.857760471145685,6.101759550374138,0.07,0.06,0.5840301003344481,0.757943143812709
HepG2,PPP1R37,PPP1R37_-_45596471.23-P1P2|PPP1R37_-_45596868.23-P1P2,35,249,0.059460110981751926,0.03895599910577145,3.0507047240158527,6.05692182207851,0.06,0.04,0.8720735785953178,0.7123745819397993
HepG2,PPP1R37,PPP1R37_-_45596486.23-P1P2|PPP1R37_-_45596434.23-P1P2,209,75,0.03986066645268208,0.12323180666095707,1.192982753888541,3.583044382770733,0.05,0.08,0.649665551839465,0.8411371237458194
HepG2,PPP2R1A,PPP2R1A_+_52716201.23-P2|PPP2R1A_+_52716105.23-P2,71,127,0.04957066411268582,0.024530127550626748,1.493693850083623,1.8927512199897083,0.07,0.09,0.7228260869565217,0.5380434782608696
HepG2,PPP2R1A,PPP2R1A_-_52693331.23-P1|PPP2R1A_-_52693691.23-P1,127,71,0.04957066411268582,0.04061218474945603,1.249624765604124,1.658705164051506,0.07,0.1,0.794732441471572,0.7215719063545151
HepG2,PRKRIP1,PRKRIP1_+_102004333.23-P2|PRKRIP1_-_102004751.23-P2,70,13,0.0748873861306609,0.13143177346354978,1.0725818347547538,1.2739289158071703,0.04,0.05,0.6956521739130435,0.9703177257525084
HepG2,PRKRIP1,PRKRIP1_+_102036866.23-P1|PRKRIP1_-_102036882.23-P1,13,70,0.0748873861306609,0.04947529175319822,3.93672794319574,2.642265593123109,0.04,0.1,0.7441471571906355,0.6479933110367893
HepG2,PRMT5,PRMT5_+_23398587.23-P1|PRMT5_+_23398566.23-P1,57,49,0.25371447771216876,0.012234710090032939,1.5478484227428975,1.174476097684158,0.05,0.02,0.9983277591973244,0.3674749163879598
HepG2,PRMT5,PRMT5_-_23395618.23-P2|PRMT5_+_23395600.23-P2,49,57,0.25371447771216876,-0.04199893441689914,1.321520702002296,1.1572567339260273,0.05,0.02,0.9795150501672241,0.02466555183946484
HepG2,PRODH,PRODH_+_18905892.23-P2|PRODH_+_18905874.23-P2,49,62,8.680175693534039e-05,0.019948688139320537,1.6980200925832707,1.8776715229942382,0.06,0.05,0.4147157190635451,0.6032608695652174
HepG2,PRODH,PRODH_-_18923767.23-P1|PRODH_-_18923755.23-P1,62,49,8.680175693534039e-05,0.005321710355572598,1.325778903388226,1.62170904529985,0.06,0.03,0.08779264214046822,0.1312709030100334
HepG2,PRSS50,PRSS50_-_46759320.23-P2|PRSS50_-_46759323.23-P2,29,50,0.002662079940765226,0.010198602649043797,2.2574923675341596,4.7041491216461635,0.05,0.01,0.36454849498327757,0.471989966555184
HepG2,PRSS50,PRSS50_-_46854052.23-P1|PRSS50_-_46854008.23-P1,50,29,0.002662079940765226,0.07252412573050117,1.193365982751781,2.752621401622801,0.05,0.06,0.19481605351170572,0.7775919732441472
HepG2,PSMB6,PSMB6_+_4700842.23-P2|PSMB6_+_4700995.23-P2,41,20,0.07513391695182242,0.14820125595291078,1.0096752677374525,0.9833244684093498,0.01,0.0,0.37583612040133785,0.7750836120401338
HepG2,PSMB6,PSMB6_-_4699495.23-P1|PSMB6_-_4699534.23-P1,20,41,0.07513391695182242,0.08397031944443806,10.103010115517543,1.844145776499454,0.01,0.06,0.8666387959866221,0.8988294314381271
HepG2,PSMG3,PSMG3_+_1610218.23-P2|PSMG3_+_1610222.23-P2,63,66,0.006948357808659242,-0.004611125052286761,1.2277606604963154,1.611102048468854,0.07,0.06,0.13419732441471577,0.05351170568561869
HepG2,PSMG3,PSMG3_-_1609603.23-P1|PSMG3_+_1609624.23-P1,66,63,0.006948357808659242,0.01812185611650801,1.8122411024315341,2.0761213155134306,0.07,0.06,0.28260869565217395,0.40384615384615385
HepG2,PSTK,PSTK_+_124739974.23-P1|PSTK_-_124739917.23-P1,46,62,-0.007248988296879181,0.0344304413304573,1.6554684616113475,1.8069157427154854,0.05,0.05,0.0735785953177257,0.6525919732441472
HepG2,PSTK,PSTK_-_124714003.23-P2|PSTK_+_124713944.23-P2,62,46,-0.007248988296879181,0.11421417400821704,1.3123832194210068,1.5170178027856411,0.05,0.06,0.05225752508361203,0.8210702341137124
HepG2,RBM14-RBM4,RBM14-RBM4_+_66384103.23-P1|RBM14-RBM4_-_66384112.23-P1,205,62,-0.0569858884386925,0.021905052960398803,1.3043222621780632,1.4138295791776885,0.02,0.07,0.04389632107023411,0.6626254180602007
HepG2,RBM14-RBM4,RBM14-RBM4_+_66406421.23-P2|RBM14-RBM4_-_66406629.23-P2,62,205,-0.0569858884386925,-0.022252492516165272,1.692706520633913,1.606490170496286,0.02,0.01,0.07274247491638797,0.3076923076923077
HepG2,RCC1,RCC1_+_28832591.23-P1|RCC1_-_28832596.23-P1,33,137,0.04586908699137244,-0.031605945129477585,2.482869449740641,1.8719084827235584,0.05,0.04,0.7474916387959867,0.04974916387959871
HepG2,RCC1,RCC1_-_28844804.23-P2|RCC1_-_28844824.23-P2,137,33,0.04586908699137244,-0.005840191193049142,1.1193385915105047,1.2623805358576483,0.05,0.06,0.532190635451505,0.21321070234113715
HepG2,RPL13A,RPL13A_+_49991194.23-P1|RPL13A_-_49991095.23-P1,29,19,0.0951247413773998,0.08623786099790902,1.130537784616804,1.2247861510156617,0.05,0.06,0.8030936454849498,0.7391304347826086
HepG2,RPL13A,RPL13A_+_49994249.23-P2|RPL13A_+_49994109.23-P2,19,29,0.0951247413773998,0.28687877124080446,2.0270407488166664,0.9813931147405791,0.05,0.21,0.7587792642140468,0.9853678929765887
HepG2,RPS29,RPS29_+_50065387.23-P2|RPS29_-_50065393.23-P2,37,62,-0.03871950414350299,0.3381535889256837,1.3211837782781093,0.7157012849241232,0.01,0.4,0.11872909698996659,0.9561036789297659
HepG2,RPS29,RPS29_-_50052902.23-P1|RPS29_-_50052869.23-P1,62,37,-0.03871950414350299,-0.038590247783099885,1.8796060498543634,1.8513316493021352,0.01,0.01,0.07566889632107021,0.07650501672240806
HepG2,RPS3,RPS3_+_75111893.23-P2|RPS3_-_75111920.23-P2,7,47,0.00031848165307205614,0.2684858647116526,5.9588640106763835,0.7784913070927008,0.01,0.27,0.29473244147157196,0.9423076923076923
HepG2,RPS3,RPS3_-_75110633.23-P1|RPS3_-_75110586.23-P1,47,7,0.00031848165307205614,-0.04154912066471983,1.0916376524117932,1.0645719376603848,0.01,0.02,0.12123745819397991,0.05811036789297663
HepG2,RSL1D1,RSL1D1_+_11933720.23-P2|RSL1D1_-_11933355.23-P2,64,102,0.028651934670172494,0.3756264283353463,1.2271890676516464,1.2439795075633882,0.04,0.29,0.4644648829431438,0.9172240802675585
HepG2,RSL1D1,RSL1D1_-_11945349.23-P1|RSL1D1_+_11945362.23-P1,102,64,0.028651934670172494,-0.007446456353626585,1.7598404557708551,2.646927315330771,0.04,0.02,0.6939799331103679,0.2437290969899666
HepG2,SEC61A1,SEC61A1_+_127783820.23-P2|SEC61A1_+_127783788.23-P2,37,73,0.053694846505921066,0.10802044780987374,1.1548790804830464,1.0744654910498632,0.06,0.14,0.5405518394648829,0.8612040133779264
HepG2,SEC61A1,SEC61A1_-_127771295.23-P1|SEC61A1_-_127771292.23-P1,73,37,0.053694846505921066,0.054280133288712756,1.7039556255530475,1.3071284103720358,0.06,0.13,0.5150501672240803,0.5192307692307692
HepG2,SF3A1,SF3A1_+_30752830.23-P1|SF3A1_-_30752688.23-P1,1,30,0.04133286330082334,0.014612496697119068,53.906617186988846,1.2911766868750358,0.01,0.11,0.790133779264214,0.6032608695652174
HepG2,SF3A1,SF3A1_-_30736749.23-P2|SF3A1_-_30736509.23-P2,30,1,0.04133286330082334,-0.026709383888923924,0.9988340931037603,1.001407172966293,0.01,0.01,0.19021739130434778,0.0693979933110368
HepG2,SF3A2,SF3A2_+_2243491.23-P2|SF3A2_+_2243552.23-P2,58,45,0.04801817550442304,0.11427635845423387,1.0228649888139658,1.413320174043153,0.03,0.06,0.5192307692307692,0.7692307692307692
HepG2,SF3A2,SF3A2_-_2236876.23-P1|SF3A2_-_2236863.23-P1,45,58,0.04801817550442304,0.08014832749205698,2.558891540666081,3.3561134258239504,0.03,0.07,0.6367056856187291,0.7830267558528428
HepG2,SIN3A,SIN3A_+_75747995.23-P2|SIN3A_-_75748095.23-P2,52,38,-0.008576484314362197,0.0014327518034838668,1.2344333510382652,1.0355855232092748,0.07,0.05,0.15175585284280935,0.25919732441471577
HepG2,SIN3A,SIN3A_-_75743971.23-P1|SIN3A_-_75743934.23-P1,38,52,-0.008576484314362197,0.07103257728890439,1.8724018600421872,1.13249972829868,0.07,0.04,0.07608695652173914,0.9740802675585284
HepG2,SIRT7,SIRT7_+_79875555.23-P1P2|SIRT7_-_79875677.23-P1P2,50,192,-0.005200808035057814,-0.017405186599228857,2.0690155732935387,2.881669022139368,0.03,0.02,0.2161371237458194,0.13795986622073575
HepG2,SIRT7,SIRT7_+_79875631.23-P1P2|SIRT7_-_79875986.23-P1P2,104,138,0.006661721487228163,-0.009347298235840622,1.4211822190399708,2.436527635127402,0.04,0.05,0.2792642140468228,0.17224080267558528
HepG2,SIRT7,SIRT7_+_79875714.23-P1P2|SIRT7_+_79875815.23-P1P2,88,154,0.010292804386038181,0.05355476574092531,2.099592437731805,2.992292234892298,0.02,0.08,0.28051839464882944,0.8060200668896321
HepG2,SLC1A5,SLC1A5_+_47288025.23-P2|SLC1A5_-_47288033.23-P2,34,597,0.030645798008156654,0.010667649676633272,6.078796524643209,4.239258764639394,0.07,0.0,0.5827759197324415,0.407190635451505
HepG2,SLC1A5,SLC1A5_+_47291839.23-P1|SLC1A5_+_47291829.23-P1,597,34,0.030645798008156654,0.09711347531393424,1.0202290104469784,1.2262425528540721,0.07,0.1,0.3691471571906354,0.8340301003344481
HepG2,SLC35G2,SLC35G2_+_136537951.23-P1P2|SLC35G2_+_136537984.23-P1P2,76,98,0.023192406801762433,0.08281724687956818,1.5281518940537677,4.004326939412626,0.03,0.05,0.7077759197324415,0.987876254180602
HepG2,SLC35G2,SLC35G2_+_136537956.23-P1P2|SLC35G2_+_136537981.23-P1P2,38,136,0.04419517121361535,0.019284422346649288,2.2143988171694966,4.600875265127257,0.05,0.07,0.8545150501672241,0.5857023411371238
HepG2,SLC35G2,SLC35G2_+_136537960.23-P1P2|SLC35G2_-_136537974.23-P1P2,60,114,-0.026471767137543126,-0.004653638350398778,1.8297631889998227,4.239908839301651,0.04,0.06,0.09239130434782605,0.2692307692307693
HepG2,SLC4A5,SLC4A5_+_74517447.23-P1|SLC4A5_+_74517243.23-P1,37,12,0.052262868569069185,0.03457449328624017,1.0729804805212049,1.0142958848545005,0.02,0.01,0.47282608695652173,0.35367892976588633
HepG2,SLC4A5,SLC4A5_-_74590469.23-P2|SLC4A5_+_74590462.23-P2,12,37,0.052262868569069185,-0.021019338147945675,4.711931810030181,1.106942917483081,0.02,0.03,0.7449832775919732,0.037207357859531776
HepG2,SMARCB1,SMARCB1_+_24129228.23-P1|SMARCB1_-_24129238.23-P1,46,35,0.07132209350093852,0.02581214789108454,1.4169148660098447,2.077250418288753,0.05,0.02,0.7123745819397993,0.4364548494983278
HepG2,SMARCB1,SMARCB1_-_24134004.23-P2|SMARCB1_+_24133953.23-P2,35,46,0.07132209350093852,0.0889549318300281,1.6084756055102738,2.073032524952016,0.05,0.07,0.7081939799331103,0.7930602006688963
HepG2,SMC4,SMC4_-_160117471.23-P1|SMC4_-_160117489.23-P1,23,13,0.1076105697818605,0.05900152545715121,1.2491423841384317,1.0185578179013222,0.01,0.01,0.7905518394648829,0.3971571906354515
HepG2,SMC4,SMC4_-_160122206.23-P2|SMC4_-_160122169.23-P2,13,23,0.1076105697818605,0.03959912941800003,2.4085716030477275,1.0387798989132122,0.01,0.05,0.9239130434782609,0.3591137123745819
HepG2,SNW1,SNW1_+_78221331.23-P2|SNW1_+_78221318.23-P2,41,12,0.07022604547503043,0.04613373906325861,1.0293806458747154,1.0043223420076834,0.02,0.04,0.4761705685618729,0.24749163879598657
HepG2,SNW1,SNW1_+_78227421.23-P1|SNW1_+_78227503.23-P1,12,41,0.07022604547503043,0.015068040636595132,7.881193320998433,1.1171990302703056,0.02,0.05,0.6112040133779264,0.3239966555183946
HepG2,SNX15,SNX15_+_64781852.23-P1|SNX15_-_64781624.23-P1,58,67,0.013529583938281053,0.07093253485911137,1.4879991234931025,2.91776916634425,0.07,0.06,0.3432274247491639,0.7922240802675585
HepG2,SNX15,SNX15_-_64795079.23-P2|SNX15_+_64794991.23-P2,67,58,0.013529583938281053,0.06913141330892711,1.3883787770008948,2.786964051330778,0.07,0.05,0.2801003344481605,0.7023411371237458
HepG2,SON,SON_-_34915392.23-P1|SON_-_34915373.23-P1,31,30,0.03427463051075513,0.01316750589992383,2.3448673311171424,1.1889415519568283,0.04,0.01,0.46948160535117056,0.31688963210702337
HepG2,SON,SON_-_34921974.23-P2|SON_+_34922044.23-P2,30,31,0.03427463051075513,0.038276158496605074,1.2426983543588213,1.0207362736134227,0.04,0.04,0.2734113712374582,0.31229096989966554
HepG2,SPCS3,SPCS3_+_177241168.23-P1|SPCS3_+_177241171.23-P1,28,24,0.11450274607190836,0.11059210142031961,1.2061666480044975,2.825708982706259,0.04,0.01,0.8695652173913043,0.8494983277591973
HepG2,SPCS3,SPCS3_-_177242413.23-P2|SPCS3_-_177242377.23-P2,24,28,0.11450274607190836,0.08394599461925256,2.1496677195190395,4.545164280881171,0.04,0.01,0.8214882943143813,0.6509197324414715
HepG2,SPDYE2,SPDYE2_+_102191744.23-ENST00000432940.1-ENST00000507918.1|SPDYE2_+_102191690.23-ENST00000432940.1-ENST00000507918.1,28,12,0.05729814369346242,0.12224954844268603,1.214991511976637,1.1659086274935466,0.07,0.03,0.5882107023411371,0.9464882943143813
HepG2,SPDYE2,SPDYE2_-_102196628.23-ENST00000341656.4|SPDYE2_+_102196618.23-ENST00000341656.4,12,28,0.05729814369346242,0.005520744392622466,2.575914588003546,1.5357517620509888,0.07,0.0,0.7604515050167224,0.22700668896321075
HepG2,SRSF11,SRSF11_+_70671425.23-P1|SRSF11_+_70671413.23-P1,60,58,-0.02567794456018079,6.50399481291432e-05,1.3637511012286632,1.7411597056934263,0.06,0.05,0.0831939799331104,0.2558528428093646
HepG2,SRSF11,SRSF11_+_70687220.23-P2|SRSF11_-_70687171.23-P2,58,60,-0.02567794456018079,0.004502042113041003,1.5520529106267744,1.8416557252680805,0.06,0.05,0.10284280936454848,0.3051839464882943
HepG2,SRSF6,SRSF6_+_42086965.23-P1|SRSF6_-_42086572.23-P1,110,9,-0.009287002214794527,-0.006424355174661945,1.0152827148500618,1.0439511462051054,0.05,0.01,0.11078595317725748,0.11831103678929766
HepG2,SRSF6,SRSF6_-_42090460.23-P2|SRSF6_-_42090114.23-P2,9,110,-0.009287002214794527,0.1022651545093539,11.664224562528855,1.799431153368835,0.05,0.04,0.12416387959866215,0.9962374581939799
HepG2,TACC3,TACC3_+_1725320.23-P2|TACC3_+_1725283.23-P2,17,51,0.014219228918725657,0.05877175723844711,3.548973435413492,1.2266576945753072,0.01,0.07,0.40217391304347827,0.6914715719063544
HepG2,TACC3,TACC3_-_1723252.23-P1|TACC3_-_1723216.23-P1,51,17,0.014219228918725657,-0.01303721775173819,1.0895737086110666,1.0869587986696134,0.01,0.0,0.13043478260869568,0.040551839464882944
HepG2,TAF1D,TAF1D_-_93471390.23-P2|TAF1D_+_93471338.23-P2,25,89,-0.047438616433047275,0.00024043726985936942,2.4557894990779348,2.705513880338427,0.02,0.04,0.13419732441471577,0.42558528428093645
HepG2,TAF1D,TAF1D_-_93474665.23-P1|TAF1D_+_93474608.23-P1,89,25,-0.047438616433047275,0.07917182915762373,1.1460715983188265,1.7403620104271547,0.02,0.08,0.059364548494983294,0.7094481605351171
HepG2,TBC1D28,TBC1D28_+_18547242.23-ENST00000405044.1|TBC1D28_+_18547665.23-ENST00000405044.1,22,39,0.0380797857045097,0.013899030790744277,2.1332214671232044,1.501548945508462,0.05,0.04,0.7951505016722408,0.4448160535117057
HepG2,TBC1D28,TBC1D28_-_18545637.23-ENST00000345096.4|TBC1D28_+_18545467.23-ENST00000345096.4,39,22,0.0380797857045097,0.04126445774430523,1.2225228681133589,1.2263470295455257,0.05,0.02,0.4481605351170569,0.479933110367893
HepG2,TKT,TKT_+_53269134.23-P2|TKT_-_53269130.23-P2,43,46,0.006541053675706267,0.18963941346445423,1.710207874531331,1.2964821946805114,0.02,0.08,0.3557692307692307,0.9790969899665551
HepG2,TKT,TKT_-_53289752.23-P1|TKT_+_53289954.23-P1,46,43,0.006541053675706267,0.09656894208533699,1.3195725936161686,1.2204005301939282,0.02,0.02,0.2261705685618729,0.9531772575250836
HepG2,TMEM214,TMEM214_+_27256031.23-P1P2|TMEM214_-_27255898.23-P1P2,46,203,0.0696966909954963,0.049004989299280814,2.035208354701387,2.7489181150046584,0.05,0.06,0.8189799331103679,0.6488294314381271
HepG2,TMEM214,TMEM214_-_27255873.23-P1P2|TMEM214_-_27255853.23-P1P2,175,74,0.05841492217533549,0.008055981327071825,1.2962117186999407,2.1290711540409144,0.06,0.02,0.7755016722408027,0.34030100334448166
HepG2,TMEM214,TMEM214_-_27255902.23-P1P2|TMEM214_-_27255939.23-P1P2,28,221,0.049554617318386236,0.04158672648694897,3.8532460257368553,2.9006169838096447,0.1,0.03,0.7190635451505016,0.6329431438127091
HepG2,TMEM242,TMEM242_+_157744285.23-P1P2|TMEM242_-_157744366.23-P1P2,71,144,0.038555993564796574,0.031767730148881984,1.5047692130602826,4.263031743033519,0.07,0.01,0.36413043478260865,0.2934782608695652
HepG2,TMEM242,TMEM242_+_157744504.23-P1P2|TMEM242_-_157744573.23-P1P2,92,123,0.14606904419984745,0.04475123639549361,1.5240806534157976,4.603016913571983,0.07,0.02,0.9853678929765887,0.600752508361204
HepG2,TMEM242,TMEM242_-_157744354.23-P1P2|TMEM242_+_157745057.23-P1P2,52,163,0.10771211669190074,0.02054241933511923,1.77987308394792,4.486078680731464,0.06,0.02,0.8787625418060201,0.2462374581939799
HepG2,TSR1,TSR1_+_2239717.23-P1|TSR1_+_2239506.23-P1,129,53,-0.03715080514484162,-0.030994180982072926,1.6631938934442487,2.181158737473816,0.01,0.01,0.05685618729096986,0.07650501672240806
HepG2,TSR1,TSR1_-_2241289.23-P2|TSR1_-_2241066.23-P2,53,129,-0.03715080514484162,0.5046438941707319,1.3352516624690873,1.0473473252662389,0.01,0.45,0.29264214046822745,0.9665551839464883
HepG2,TUBB,TUBB_+_30688145.23-P1|TUBB_+_30688173.23-P1,51,46,0.0023785949043525845,0.03235739696896848,1.4979273488241474,1.2484599106390253,0.03,0.05,0.20192307692307687,0.4661371237458194
HepG2,TUBB,TUBB_+_30689505.23-P2|TUBB_+_30689619.23-P2,46,51,0.0023785949043525845,0.007425172120347705,1.3617471308853986,1.222411515756567,0.03,0.07,0.16931438127090304,0.22575250836120397
HepG2,TUT1,TUT1_+_62358999.23-P1|TUT1_+_62358953.23-P1,64,50,-0.11052710779503505,0.016646007680579358,1.6672697044840377,1.9967294687945367,0.03,0.07,0.02591973244147161,0.43979933110367897
HepG2,TUT1,TUT1_-_62344700.23-P2|TUT1_-_62344688.23-P2,50,64,-0.11052710779503505,-0.01830815527755323,1.4279961777539827,1.7232688665000635,0.03,0.01,0.0058528428093646,0.282190635451505
HepG2,UBA1,UBA1_+_47050450.23-P2|UBA1_-_47050478.23-P2,22,26,0.08106167776445462,0.04153154849026199,2.0849428841742443,1.1546727763296176,0.05,0.05,0.7357859531772575,0.46906354515050164
HepG2,UBA1,UBA1_-_47053260.23-P1|UBA1_-_47053257.23-P1,26,22,0.08106167776445462,0.03331479455474108,1.294793972131637,1.0987885325361415,0.05,0.02,0.7817725752508361,0.4285117056856187
HepG2,UBA52,UBA52_+_18684266.23-P2|UBA52_-_18684292.23-P2,68,38,0.1179069546092543,0.17873475716159387,1.0546208522443532,1.1030128495404459,0.02,0.12,0.7420568561872909,0.8336120401337792
HepG2,UBA52,UBA52_-_18682701.23-P1|UBA52_+_18682887.23-P1,38,68,0.1179069546092543,0.04853155713125433,2.480247882807396,2.3665361981223274,0.02,0.03,0.9590301003344481,0.5530936454849498
HepG2,UNC45A,UNC45A_+_91478755.23-P1|UNC45A_+_91478544.23-P1,33,34,0.0010137747815469314,0.04741759777318082,1.409605597305776,2.6996466879681438,0.02,0.01,0.27466555183946484,0.6835284280936456
HepG2,UNC45A,UNC45A_-_91473443.23-P2|UNC45A_+_91473462.23-P2,34,33,0.0010137747815469314,0.007964695855906485,1.6803990257144585,3.0451799987441883,0.02,0.02,0.2441471571906354,0.33821070234113715
HepG2,UQCRC1,UQCRC1_+_48647028.23-P1|UQCRC1_-_48647042.23-P1,22,31,0.05392978422023678,0.06907173846475978,1.8702413180223556,4.282076919553606,0.05,0.01,0.5572742474916388,0.6630434782608696
HepG2,UQCRC1,UQCRC1_-_48643052.23-P2|UQCRC1_+_48643236.23-P2,31,22,0.05392978422023678,0.16395563851312084,1.3610873207480163,3.0670910204193316,0.05,0.03,0.4937290969899666,0.9836956521739131
HepG2,USP39,USP39_-_85829973.23-P2|USP39_-_85830050.23-P2,22,55,-0.009695280362970722,0.08324323183530209,1.9037039498267565,1.0315143408001146,0.04,0.03,0.1488294314381271,0.6810200668896321
HepG2,USP39,USP39_-_85843325.23-P1|USP39_+_85843306.23-P1,55,22,-0.009695280362970722,0.018783214480703962,1.307415733354403,1.069243753065465,0.04,0.05,0.12625418060200666,0.2520903010033445
HepG2,USP5,USP5_+_6961501.23-P1|USP5_+_6961472.23-P1,57,41,0.005670725085676042,0.005179177624062499,1.5297932413004478,1.947655572110685,0.03,0.03,0.34615384615384615,0.33862876254180607
HepG2,USP5,USP5_-_6965971.23-P2|USP5_+_6966012.23-P2,41,57,0.005670725085676042,0.06860560861205227,1.4840576390208668,1.725049347163954,0.03,0.05,0.16931438127090304,0.6931438127090301
HepG2,VPS41,VPS41_+_38948746.23-P1|VPS41_+_38948736.23-P1,50,21,-0.012120632750664845,0.06941484910661734,1.1740005259258282,1.5134053692653173,0.01,0.05,0.09531772575250841,0.7600334448160535
HepG2,VPS41,VPS41_+_38969081.23-P2|VPS41_-_38969076.23-P2,21,50,-0.012120632750664845,-0.017039391526514902,2.5667270419346173,2.4116802967536075,0.01,0.04,0.028010033444816007,0.016304347826086918
HepG2,WBP11,WBP11_+_14956444.23-P1|WBP11_+_14956413.23-P1,43,19,0.0843195987451777,0.015162560000958981,1.1984181517739991,1.168091219695533,0.04,0.06,0.7863712374581939,0.23704013377926425
HepG2,WBP11,WBP11_-_14946707.23-P2|WBP11_+_14946647.23-P2,19,43,0.0843195987451777,0.0039331369525082045,2.462484851946276,1.3189178767935457,0.04,0.02,0.7671404682274248,0.24247491638795982
HepG2,WDR74,WDR74_+_62607006.23-P1|WDR74_+_62607035.23-P1,43,36,-0.00646162410428514,-0.00028475284912119576,1.853825942445425,1.8334952848599924,0.03,0.04,0.2002508361204013,0.2437290969899666
HepG2,WDR74,WDR74_+_62609282.23-P2|WDR74_-_62609072.23-P2,36,43,-0.00646162410428514,0.20959692803655597,1.2581563487366711,1.0008568190740197,0.03,0.17,0.11162207357859533,0.9260033444816054
HepG2,YJEFN3,YJEFN3_-_19627479.23-P1|YJEFN3_+_19627083.23-P1,40,58,0.03476672866329369,0.03775434466938181,1.6709557108455928,6.1603240114560185,0.05,0.03,0.6337792642140468,0.6923076923076923
HepG2,YJEFN3,YJEFN3_-_19639774.23-P2|YJEFN3_-_19639771.23-P2,58,40,0.03476672866329369,0.1067716825228728,1.2188862174067734,4.540807310999622,0.05,0.05,0.6755852842809364,0.9866220735785953
HepG2,ZBTB17,ZBTB17_+_16302567.23-P1P2|ZBTB17_+_16302564.23-P1P2,41,89,0.036371335878202696,0.05870884134293437,1.9372992341963324,2.7502570834791595,0.07,0.03,0.3369565217391305,0.5622909698996655
HepG2,ZBTB17,ZBTB17_-_16302530.23-P1P2|ZBTB17_-_16302582.23-P1P2,35,95,0.11060469614740713,0.02723024916990556,2.1862036756689815,3.1125652889741917,0.1,0.02,0.9887123745819398,0.3566053511705686
HepG2,ZBTB17,ZBTB17_-_16302540.23-P1P2|ZBTB17_-_16302519.23-P1P2,54,76,0.07574369421121852,0.004899376765054392,1.5548163017042071,2.8388610011092146,0.14,0.03,0.660953177257525,0.30811036789297663
HepG2,ZDHHC7,ZDHHC7_+_85045079.23-P1P2|ZDHHC7_-_85045124.23-P1P2,48,418,-0.013128187412470845,0.1395428330932115,1.9947900658855509,2.0954493641926204,0.02,0.3,0.46906354515050164,0.895066889632107
HepG2,ZDHHC7,ZDHHC7_-_85045069.23-P1P2|ZDHHC7_-_85045057.23-P1P2,61,405,-0.009454825180631342,0.14046077421079264,1.8955216204960936,2.1128303805783517,0.01,0.31,0.459866220735786,0.8854515050167224
HepG2,ZDHHC7,ZDHHC7_-_85045072.23-P1P2|ZDHHC7_+_85045041.23-P1P2,357,109,-0.03679270119196692,0.008859588046795245,1.470763014119189,2.2265954587588785,0.01,0.01,0.08946488294314381,0.342809364548495
HepG2,ZMAT2,ZMAT2_+_140083724.23-P2|ZMAT2_-_140083696.23-P2,21,143,0.00029769193265759123,-0.02651774987382538,2.8880458947695744,1.733699807061595,0.0,0.02,0.29682274247491636,0.1525919732441472
HepG2,ZMAT2,ZMAT2_-_140080084.23-P1|ZMAT2_-_140080067.23-P1,143,21,0.00029769193265759123,0.02725923124358632,1.1563524261862004,1.2420858901371348,0.0,0.04,0.17391304347826086,0.33444816053511706
HepG2,ZNF207,ZNF207_+_30687693.23-P2|ZNF207_+_30687708.23-P2,20,66,-0.03394240801482642,0.1796880440910413,2.360649498549029,1.1724966374931896,0.03,0.03,0.11287625418060199,0.9092809364548495
HepG2,ZNF207,ZNF207_-_30677224.23-P1|ZNF207_-_30677213.23-P1,66,20,-0.03394240801482642,-0.047117861813897,1.218425547629896,1.1930963700100519,0.03,0.02,0.05978260869565222,0.03219063545150502
HepG2,ZNF574,ZNF574_-_42580351.23-P1|ZNF574_-_42580345.23-P1,24,40,0.016172627292178523,0.09634163912921129,1.8534384696630082,1.535354572044624,0.05,0.03,0.3352842809364549,0.8946488294314381
HepG2,ZNF574,ZNF574_-_42583382.23-P2|ZNF574_-_42583385.23-P2,40,24,0.016172627292178523,0.0038804690249075397,1.1957625438922541,1.3040928409867003,0.05,0.0,0.31270903010033446,0.1864548494983278
HepG2,ZNF718,ZNF718_+_124420.23-ENST00000510175.1-ENST00000511079.1-ENST00000513304.1-ENST00000513889.1|ZNF718_+_124436.23-ENST00000510175.1-ENST00000511079.1-ENST00000513304.1-ENST00000513889.1,55,100,0.03420965453835386,0.015710660603357893,1.768778072613533,1.7479698113971798,0.04,0.04,0.7466555183946488,0.45108695652173914
HepG2,ZNF718,ZNF718_-_154794.23-ENST00000502662.1|ZNF718_-_154974.23-ENST00000502662.1,71,84,0.019427669546519345,-4.490410433548564e-05,1.497284498003337,1.6524067087693086,0.03,0.07,0.5480769230769231,0.33862876254180607
HepG2,ZNF718,ZNF718_-_154974.23-ENST00000400172.3|ZNF718_+_155065.23-ENST00000400172.3,29,126,0.020834719767223345,0.009184272396944776,3.3083511207183864,1.9245282759616247,0.06,0.05,0.387123745819398,0.2437290969899666
Jurkat,ABCF1,ABCF1_+_30539238.23-P1|ABCF1_+_30539469.23-P1,74,71,0.04666910946700995,0.02746940450562387,1.642217254833767,1.2567982728236413,0.04,0.06,0.8959030100334449,0.6785117056856187
Jurkat,ABCF1,ABCF1_-_30546354.23-P2|ABCF1_-_30546344.23-P2,71,74,0.04666910946700995,-0.013923330264437869,1.2425985007404878,1.165706785722659,0.04,0.02,0.5510033444816054,0.08193979933110362
Jurkat,ACIN1,ACIN1_-_23540292.23-P2|ACIN1_-_23540730.23-P2,83,140,0.05379174311804223,0.002701134489354085,1.732328389109062,1.3279668833898313,0.05,0.01,0.9469063545150501,0.35451505016722407
Jurkat,ACIN1,ACIN1_-_23564284.23-P1|ACIN1_+_23563962.23-P1,140,83,0.05379174311804223,0.0243244702636468,1.1846311836398267,1.1490940444051425,0.05,0.04,0.8536789297658862,0.6337792642140468
Jurkat,ADAM10,ADAM10_+_59041877.23-P1P2|ADAM10_+_59041978.23-P1P2,94,196,0.12235582558777089,-0.010081849524429387,1.6197325971402063,1.6701031457617623,0.1,0.01,0.9117892976588629,0.19105351170568563
Jurkat,ADAM10,ADAM10_+_59041886.23-P1P2|ADAM10_-_59041703.23-P1P2,87,203,0.13425638762613723,-0.0033237366351772757,1.7743693123944138,1.7165248063491507,0.15,0.04,0.995819397993311,0.07817725752508364
Jurkat,ADAM10,ADAM10_-_59041501.23-P1P2|ADAM10_+_59041561.23-P1P2,109,181,0.13608758200847682,-0.030821639605997295,1.441220078465287,1.6256063338042512,0.11,0.03,0.9565217391304348,0.039715719063545096
Jurkat,ADAT3,ADAT3_+_1907955.23-P2|ADAT3_+_1908004.23-P2,246,118,0.04152284426594688,0.009134412939444603,1.2063060134390446,1.9144994175757453,0.03,0.01,0.9335284280936454,0.6358695652173914
Jurkat,ADAT3,ADAT3_-_1905438.23-P1|ADAT3_+_1905424.23-P1,118,246,0.04152284426594688,-0.007421295394727714,1.7605187853532365,2.5722042777712817,0.03,0.05,0.919314381270903,0.18018394648829428
Jurkat,AP2M1,AP2M1_+_183894722.23-P2|AP2M1_+_183894728.23-P2,112,34,0.05546065874933332,0.023056603619019622,1.1009935301112563,1.444844463731227,0.03,0.06,0.9201505016722408,0.6337792642140468
Jurkat,AP2M1,AP2M1_-_183892660.23-P1|AP2M1_-_183892679.23-P1,34,112,0.05546065874933332,0.020005001939793893,2.6449625287120475,3.085691269206072,0.03,0.02,0.919732441471572,0.6287625418060201
Jurkat,ARPC2,ARPC2_+_219103598.23-P2|ARPC2_-_219103608.23-P2,75,65,-0.008912736802580024,0.06147968006154613,1.3906519062511302,1.165308832770553,0.0,0.03,0.09908026755852839,0.8938127090301003
Jurkat,ARPC2,ARPC2_-_219081923.23-P1|ARPC2_-_219081929.23-P1,65,75,-0.008912736802580024,-0.03157911407221875,1.5352162130882363,1.2544421320642052,0.0,0.03,0.27717391304347827,0.12541806020066892
Jurkat,ARPC3,ARPC3_+_110888087.23-P1|ARPC3_-_110888115.23-P1,44,84,-0.002619648866402105,-0.05994200660387736,1.7414380725930874,1.5568304873021817,0.02,0.02,0.3135451505016722,0.017976588628762502
Jurkat,ARPC3,ARPC3_-_110883364.23-P2|ARPC3_+_110883121.23-P2,84,44,-0.002619648866402105,0.0013127631719355869,1.2464735400177105,1.2791790624916182,0.02,0.01,0.1885451505016722,0.2261705685618729
Jurkat,BCAR1,BCAR1_+_75299843.23-P2|BCAR1_+_75299852.23-P2,687,95,0.015740823275848945,0.005038418592181919,1.0611425613528365,4.93151194966154,0.06,0.01,0.6283444816053512,0.4464882943143813
Jurkat,BCAR1,BCAR1_-_75285241.23-P1|BCAR1_+_75285561.23-P1,95,687,0.015740823275848945,0.02892603103426342,2.9365402217118786,13.276325049516197,0.06,0.04,0.4807692307692307,0.6818561872909699
Jurkat,BCL2L1,BCL2L1_-_30310581.23-P1|BCL2L1_+_30310660.23-P1,36,58,0.025350936762879778,-0.010783037950403921,1.6867670731094158,1.5024823630242556,0.01,0.05,0.6969063545150502,0.2817725752508361
Jurkat,BCL2L1,BCL2L1_-_30311293.23-P2|BCL2L1_+_30311683.23-P2,58,36,0.025350936762879778,0.006968806871398066,1.276629126580128,1.3319663224733307,0.01,0.01,0.8198160535117057,0.5459866220735786
Jurkat,BOP1,BOP1_+_145515084.23-P1|BOP1_+_145515090.23-P1,228,100,-0.020312241359411124,0.04996508728114031,1.7163122616752033,5.772497629183332,0.01,0.04,0.18143812709030105,0.842809364548495
Jurkat,BOP1,BOP1_-_145512830.23-P2|BOP1_+_145512867.23-P2,100,228,-0.020312241359411124,-0.019704934026607304,1.2765579608163415,4.4715486844218715,0.01,0.02,0.22575250836120397,0.23578595317725748
Jurkat,C1orf109,C1orf109_+_38156159.23-P1|C1orf109_-_38156166.23-P1,89,76,0.014855543745058734,-0.005290885154603357,1.33761622398948,2.026341076864498,0.05,0.02,0.4765886287625418,0.24038461538461542
Jurkat,C1orf109,C1orf109_+_38157864.23-P2|C1orf109_-_38157872.23-P2,76,89,0.014855543745058734,0.019061002828104454,1.5463281025782056,2.2135062277193125,0.05,0.03,0.6053511705685619,0.6847826086956521
Jurkat,C7orf26,C7orf26_+_6629646.23-P1P2|C7orf26_+_6629634.23-P1P2,96,350,0.3115447311481805,0.022341386734962575,1.509485219071811,1.5560952532071428,0.1,0.06,0.9987458193979933,0.7412207357859532
Jurkat,C7orf26,C7orf26_+_6629657.23-P1P2|C7orf26_+_6629704.23-P1P2,299,147,0.35320018320502566,0.03909398721265736,1.0382287129177707,1.3593084489165235,0.17,0.04,1.0,0.8979933110367893
Jurkat,C7orf26,C7orf26_-_6630121.23-P1P2|C7orf26_+_6630358.23-P1P2,51,395,0.1900300983171219,0.01987759878657651,1.9783879261288309,1.5667456996937565,0.04,0.05,0.9983277591973244,0.7575250836120402
Jurkat,CACNB3,CACNB3_+_49209404.23-P2|CACNB3_-_49209408.23-P2,107,106,0.031720564629580124,0.0099348693452097,1.4108409508190571,2.702906920266542,0.02,0.05,0.7759197324414716,0.44523411371237454
Jurkat,CACNB3,CACNB3_+_49212320.23-P1|CACNB3_+_49212331.23-P1,106,107,0.031720564629580124,-0.010299993182638112,1.3977872568174121,2.699796898545981,0.02,0.04,0.7683946488294314,0.2876254180602007
Jurkat,CCDC130,CCDC130_+_13842618.23-P2|CCDC130_-_13842623.23-P2,149,34,0.051097096555146035,-0.015247382058418142,1.1455374855700264,1.1891567665685951,0.06,0.02,0.8913043478260869,0.18561872909698995
Jurkat,CCDC130,CCDC130_-_13858696.23-P1|CCDC130_-_13858757.23-P1,34,149,0.051097096555146035,-0.013915003885363698,1.8954053742880677,1.435408853278999,0.06,0.05,0.7863712374581939,0.20192307692307687
Jurkat,CCDC144NL,CCDC144NL_+_20771514.23-P1|CCDC144NL_+_20771332.23-P1,157,91,0.04927431515575073,0.03470300225248509,1.235302662979744,4.791546397367071,0.02,0.05,0.8641304347826086,0.7433110367892977
Jurkat,CCDC144NL,CCDC144NL_-_20799255.23-P2|CCDC144NL_+_20799243.23-P2,91,157,0.04927431515575073,0.05759364762886343,1.6312346807670357,6.177882275240705,0.02,0.04,0.8720735785953178,0.9201505016722408
Jurkat,CCDC6,CCDC6_+_61666146.23-P1P2|CCDC6_-_61666258.23-P1P2,163,633,0.11377056458523513,-0.02730982360737973,1.9062502280743343,1.7576008044418658,0.05,0.02,0.9845317725752508,0.05100334448160537
Jurkat,CCDC6,CCDC6_-_61666340.23-P1P2|CCDC6_+_61666039.23-P1P2,516,280,0.12740345387984636,0.031021150747548864,1.1913195818155027,1.4292307193927587,0.03,0.04,1.0,0.7165551839464883
Jurkat,CCDC6,CCDC6_-_61666417.23-P1P2|CCDC6_-_61666322.23-P1P2,117,679,0.1060174386678235,-0.009990996988610112,2.2439419368904847,1.7833566003678938,0.04,0.02,0.987876254180602,0.1647157190635451
Jurkat,CCND1,CCND1_-_69455972.23-P1|CCND1_+_69455918.23-P1,243,41,0.0140059149189713,0.07867443471755875,1.0606463231149614,7.045385206265903,0.07,0.01,0.5183946488294314,0.9347826086956522
Jurkat,CCND1,CCND1_-_69467368.23-P2|CCND1_+_69467581.23-P2,41,243,0.0140059149189713,0.055707090243086524,3.090153131722135,19.988947466215098,0.07,0.0,0.5175585284280937,0.9289297658862876
Jurkat,CCNK,CCNK_+_99969115.23-P2|CCNK_+_99969150.23-P2,141,97,0.0025492766605341513,0.10215482549477282,1.2357261308523002,1.4576843371844679,0.05,0.11,0.2061036789297659,0.9644648829431438
Jurkat,CCNK,CCNK_-_99947816.23-P1|CCNK_-_99947838.23-P1,97,141,0.0025492766605341513,-0.0038767362535000755,1.7715815281602212,1.9920579395257036,0.05,0.03,0.43561872909698995,0.37583612040133785
Jurkat,CENPA,CENPA_+_26987565.23-P1|CENPA_-_26987167.23-P1,62,62,0.016453476488439273,0.023272368687510068,1.3969028963911032,1.6291921759475867,0.06,0.08,0.5104515050167224,0.5986622073578596
Jurkat,CENPA,CENPA_-_27008953.23-P2|CENPA_-_27008942.23-P2,62,62,0.016453476488439273,0.01222791644570275,1.4833646641399987,1.7278122543771492,0.06,0.03,0.6329431438127091,0.5627090301003345
Jurkat,CFDP1,CFDP1_+_75467325.23-P1|CFDP1_-_75467319.23-P1,50,36,0.029789375909413954,0.04465888321630161,1.7560396258073647,2.8124066980970333,0.06,0.08,0.8060200668896321,0.8883779264214047
Jurkat,CFDP1,CFDP1_-_75448185.23-P2|CFDP1_-_75448478.23-P2,36,50,0.029789375909413954,0.03135224557333343,1.3014112995061344,2.274919903474576,0.06,0.04,0.7019230769230769,0.7132107023411371
Jurkat,CKAP5,CKAP5_+_46867805.23-P1|CKAP5_-_46867793.23-P1,33,97,0.04846412215776323,-0.02068212419471087,2.7057773429923504,1.3152155484287997,0.05,0.03,0.9343645484949833,0.26254180602006694
Jurkat,CKAP5,CKAP5_-_46848384.23-P2|CKAP5_-_46848381.23-P2,97,33,0.04846412215776323,0.017029766016055155,1.0915959198917382,1.0720178934207005,0.05,0.02,0.8444816053511706,0.5618729096989967
Jurkat,CLOCK,CLOCK_+_56412980.23-P1P2|CLOCK_-_56412962.23-P1P2,124,318,-0.03777551305400639,-0.010831818158652527,1.3027063731926714,3.0979258451224054,0.01,0.01,0.09698996655518399,0.28637123745819393
Jurkat,CLOCK,CLOCK_-_56412906.23-P1P2|CLOCK_+_56412972.23-P1P2,37,405,-0.03711180392387744,-0.018810171564718717,2.267883758799956,3.7292191471180907,0.0,0.01,0.09155518394648832,0.21906354515050164
Jurkat,CLOCK,CLOCK_-_56412950.23-P1P2|CLOCK_-_56412965.23-P1P2,281,161,-0.060506944811673555,0.028834669961717484,2.0294161876385566,4.509632835151586,0.01,0.02,0.10618729096989965,0.6701505016722409
Jurkat,COPG1,COPG1_-_128968486.23-P1|COPG1_+_128968468.23-P1,108,61,0.025383189127689772,0.04135082914544026,1.3013170610736093,1.516525334857956,0.07,0.03,0.68938127090301,0.8244147157190636
Jurkat,COPG1,COPG1_-_128984635.23-P2|COPG1_-_128984639.23-P2,61,108,0.025383189127689772,-0.011192150982552117,1.6473325646837935,1.8115674571711606,0.07,0.01,0.6341973244147157,0.17349498327759194
Jurkat,COPZ1,COPZ1_+_54695041.23-P2|COPZ1_+_54694980.23-P2,114,19,0.026724792970801943,-0.01983932101156707,1.0348597225994192,1.036839850961441,0.06,0.01,0.5614548494983278,0.137123745819398
Jurkat,COPZ1,COPZ1_-_54719176.23-P1|COPZ1_+_54719129.23-P1,19,114,0.026724792970801943,0.014427034215933018,5.779277366192396,1.4362672719433613,0.06,0.02,0.68561872909699,0.5012541806020068
Jurkat,CSH2,CSH2_+_61950403.23-P1|CSH2_+_61950460.23-P1,104,101,0.025658705556642517,0.006010865336816381,1.461192571791155,1.7060128044693434,0.04,0.03,0.7938963210702341,0.43938127090301005
Jurkat,CSH2,CSH2_-_61973880.23-P2|CSH2_+_61973860.23-P2,101,104,0.025658705556642517,0.03938683397506561,1.3752338630642398,1.6283134704622468,0.04,0.02,0.689799331103679,0.8202341137123745
Jurkat,DDB1,DDB1_+_61100555.23-P1|DDB1_+_61100263.23-P1,76,62,-0.06390982761699136,0.0038745870076791677,1.554697692059481,1.1022528335119195,0.01,0.04,0.03887959866220736,0.4682274247491639
Jurkat,DDB1,DDB1_-_61081132.23-P2|DDB1_-_61081136.23-P2,62,76,-0.06390982761699136,0.011863027380341024,1.5275474823018593,1.1053465339590638,0.01,0.04,0.02717391304347827,0.33026755852842804
Jurkat,DDX19B,DDX19B_+_70333136.23-P1|DDX19B_+_70333144.23-P1,239,92,-0.005695453721883382,0.03417841120014752,1.14343810839959,1.9901521973996306,0.1,0.03,0.2362040133779264,0.8311036789297659
Jurkat,DDX19B,DDX19B_-_70328715.23-P2|DDX19B_+_70328743.23-P2,92,239,-0.005695453721883382,0.057971668954234064,2.132467639221111,3.2882219246995628,0.1,0.06,0.12374581939799334,0.9510869565217391
Jurkat,DDX46,DDX46_-_134094510.23-P1|DDX46_-_134094650.23-P1,109,141,-0.03209799827907976,-0.01916347471015242,2.611911529375402,2.4905006161161896,0.0,0.0,0.02968227424749159,0.08486622073578598
Jurkat,DDX46,DDX46_-_134109485.23-P2|DDX46_-_134109475.23-P2,141,109,-0.03209799827907976,0.14743570235402798,1.095514293247616,1.2111097363938008,0.0,0.08,0.132943143812709,0.8566053511705686
Jurkat,DDX54,DDX54_+_113623252.23-P1|DDX54_-_113623260.23-P1,122,130,-0.031267528728944415,0.0075066992902839995,2.020968370556106,1.5527295519496511,0.02,0.03,0.13963210702341133,0.44147157190635455
Jurkat,DDX54,DDX54_-_113599205.23-P2|DDX54_-_113599226.23-P2,130,122,-0.031267528728944415,0.5376536871107566,1.1825648714624797,0.833953418468117,0.02,0.27,0.12541806020066892,0.9962374581939799
Jurkat,DHODH,DHODH_+_72049721.23-P2|DHODH_-_72049691.23-P2,45,95,0.02830416434992816,-0.0035013474999515985,1.5155289726707222,1.6315325470905295,0.04,0.06,0.6906354515050167,0.3377926421404682
Jurkat,DHODH,DHODH_-_72042709.23-P1|DHODH_-_72042714.23-P1,95,45,0.02830416434992816,-0.020372189734530078,1.2314262503295599,1.4711386181835322,0.04,0.04,0.7537625418060201,0.046404682274247544
Jurkat,DNAJA1,DNAJA1_-_33025322.23-P1|DNAJA1_-_33025302.23-P1,134,25,0.011018928633186393,-0.0534437937663783,1.0617292980634396,1.1174095719673813,0.04,0.01,0.4481605351170569,0.017976588628762502
Jurkat,DNAJA1,DNAJA1_-_33026888.23-P2|DNAJA1_-_33027087.23-P2,25,134,0.011018928633186393,-0.009509816426877309,3.52780527741944,1.6781955107389048,0.04,0.0,0.46488294314381273,0.2462374581939799
Jurkat,DPH1,DPH1_+_1936832.23-P2|DPH1_+_1936853.23-P2,121,98,0.02396065408793387,0.04785146028381363,1.2441827503288143,1.651792050044191,0.03,0.05,0.5514214046822743,0.850334448160535
Jurkat,DPH1,DPH1_-_1933503.23-P1|DPH1_-_1933469.23-P1,98,121,0.02396065408793387,0.021606035157018172,1.6615806073879582,2.098805091741123,0.03,0.04,0.6747491638795986,0.6367056856187291
Jurkat,DYNLRB1,DYNLRB1_+_33114045.23-P2|DYNLRB1_+_33114412.23-P2,156,68,0.014315908127752363,0.015149505037582566,1.1527892154333543,1.233762634912835,0.03,0.05,0.3846153846153846,0.39632107023411367
Jurkat,DYNLRB1,DYNLRB1_-_33104256.23-P1|DYNLRB1_-_33104419.23-P1,68,156,0.014315908127752363,0.01257210394499801,1.9734572509635475,1.5879565713107857,0.03,0.07,0.4979096989966555,0.46153846153846156
Jurkat,EEF2,EEF2_+_3984171.23-P2|EEF2_+_3984167.23-P2,89,94,0.0278043633456261,0.015192249873683715,1.1795469458286976,1.4238857131565463,0.01,0.03,0.6237458193979932,0.5075250836120402
Jurkat,EEF2,EEF2_-_3985443.23-P1|EEF2_+_3985431.23-P1,94,89,0.0278043633456261,0.006983181816071559,1.8599887995212645,1.9001933771312745,0.01,0.02,0.7855351170568562,0.45903010033444813
Jurkat,EIF4G2,EIF4G2_+_10830441.23-P1|EIF4G2_+_10830444.23-P1,76,53,0.12367565054572678,0.03291773988060533,1.1807503349852688,1.137883930915417,0.1,0.03,0.992056856187291,0.8056020066889632
Jurkat,EIF4G2,EIF4G2_-_10828931.23-P2|EIF4G2_+_10828816.23-P2,53,76,0.12367565054572678,0.06701403201171127,1.4210302348012709,1.193452234217782,0.1,0.03,0.9870401337792643,0.8762541806020067
Jurkat,EIF5,EIF5_-_103800558.23-P1|EIF5_-_103800597.23-P1,25,46,0.06085303953060837,0.01752697489389403,4.315622696685117,1.691090657197173,0.04,0.06,0.9519230769230769,0.6877090301003345
Jurkat,EIF5,EIF5_-_103803091.23-P2|EIF5_+_103803074.23-P2,46,25,0.06085303953060837,0.047208157074051134,1.065741344840103,1.1075849488239857,0.04,0.01,0.7792642140468228,0.6701505016722409
Jurkat,EMC3,EMC3_+_10028469.23-P1|EMC3_+_10028457.23-P1,53,33,-0.00794920477672825,-0.010392934382932097,1.268707535510475,1.2825406512654167,0.03,0.01,0.1425585284280937,0.12583612040133785
Jurkat,EMC3,EMC3_+_10052774.23-P2|EMC3_+_10052758.23-P2,33,53,-0.00794920477672825,0.175568800984204,1.7796216904861921,1.2439951516137238,0.03,0.1,0.23913043478260865,0.987876254180602
Jurkat,EPS8L1,EPS8L1_+_55587297.23-P1|EPS8L1_-_55587352.23-P1,123,366,0.01333276143879711,0.015799344788505677,1.8182513802672853,1.6920852983584196,0.01,0.02,0.36371237458193983,0.38545150501672243
Jurkat,EPS8L1,EPS8L1_-_55587247.23-P1|EPS8L1_-_55587306.23-P1,104,385,-0.008135628335304651,-0.0037601743377357055,1.9525836766108071,1.7302983271903623,0.05,0.03,0.1270903010033445,0.16722408026755853
Jurkat,EPS8L1,EPS8L1_-_55591767.23-P2|EPS8L1_-_55591980.23-P2,68,421,-0.030489185917094333,0.017655873538740523,2.497940150006737,1.768428203237296,0.03,0.03,0.04222408026755853,0.39799331103678925
Jurkat,EPS8L1,EPS8L1_-_55591777.23-P2|EPS8L1_-_55592168.23-P2,141,348,-0.04409901323410527,6.53546959473212e-05,2.8330588918017003,1.8551249728979737,0.02,0.02,0.06814381270903014,0.3177257525083612
Jurkat,EPS8L1,EPS8L1_-_55591802.23-P2|EPS8L1_-_55591798.23-P2,53,436,-0.017225006215030748,0.01632228940721071,2.92870105068179,1.8008573968290702,0.03,0.03,0.11287625418060199,0.4025919732441472
Jurkat,ERVW-1,ERVW-1_-_92100569.23-ENST00000493463.2|ERVW-1_-_92100632.23-ENST00000493463.2,86,81,0.007362347534872301,-0.08596893641957035,1.3656035306571241,1.398722686460551,0.04,0.02,0.4841137123745819,0.04473244147157196
Jurkat,ERVW-1,ERVW-1_-_92107250.23-ENST00000603053.1|ERVW-1_+_92106817.23-ENST00000603053.1,81,86,0.007362347534872301,-0.06345958627409788,1.480458190759012,1.4493202830644916,0.04,0.0,0.3553511705685619,0.012541806020066937
Jurkat,ESF1,ESF1_+_13763214.23-P2|ESF1_+_13763379.23-P2,83,155,-0.006338167331057909,-0.11570035462995429,1.241294638384384,1.99773686719279,0.02,0.02,0.5426421404682275,0.046404682274247544
Jurkat,ESF1,ESF1_+_13765524.23-P1|ESF1_+_13765535.23-P1,155,83,-0.006338167331057909,0.04394060083686768,1.7134271715601852,2.357043528535824,0.02,0.03,0.2324414715719063,0.9460702341137124
Jurkat,ESPN,ESPN_-_6484873.23-P1|ESPN_+_6484906.23-P1,168,181,0.01549823380238295,-5.298674204572629e-05,1.5259130278140545,1.7946853056906407,0.02,0.03,0.5677257525083612,0.24080267558528423
Jurkat,ESPN,ESPN_-_6508158.23-P2|ESPN_+_6508187.23-P2,181,168,0.01549823380238295,0.017390912804007973,1.3196126437309859,1.6443131768545296,0.02,0.04,0.2813545150501672,0.30852842809364545
Jurkat,FAM136A,FAM136A_+_70529139.23-P1P2|FAM136A_-_70529189.23-P1P2,254,248,0.07791875775505618,-0.009803174451470588,1.3149586938251887,1.5549235486462254,0.05,0.03,0.8043478260869565,0.18185618729096986
Jurkat,FAM136A,FAM136A_+_70529182.23-P1P2|FAM136A_-_70528740.23-P1P2,87,415,0.0036296490521946327,-0.001781425215050042,1.9867908326089194,1.7396642099400674,0.03,0.04,0.26086956521739135,0.2240802675585284
Jurkat,FAM136A,FAM136A_-_70528767.23-P1P2|FAM136A_-_70529195.23-P1P2,161,341,0.08055611560049253,0.010314385113182483,1.9310359474895005,1.7722502452941336,0.04,0.03,0.8795986622073578,0.2663043478260869
Jurkat,FBXO42,FBXO42_+_16678481.23-P1P2|FBXO42_-_16678698.23-P1P2,53,443,-0.041441214113290235,0.06105319292462796,3.9628358165731807,13.343622010891245,0.03,0.03,0.12123745819397991,0.9301839464882943
Jurkat,FBXO42,FBXO42_+_16678912.23-P1P2|FBXO42_+_16678915.23-P1P2,317,179,-0.020133380447429374,-0.04744181422843919,1.2371546465134886,8.32376211146782,0.06,0.02,0.1509197324414716,0.025083612040133763
Jurkat,FBXO42,FBXO42_-_16678549.23-P1P2|FBXO42_+_16678568.23-P1P2,126,370,0.017366281336846263,0.013603429803536324,1.9761536501038255,12.377140383461281,0.05,0.05,0.4565217391304348,0.387123745819398
Jurkat,FOLR3,FOLR3_-_71825990.23-P1|FOLR3_-_71825982.23-P1,147,39,0.010138444290248154,-0.005724061565090517,1.0720258090477741,1.0908239774761552,0.03,0.03,0.4226588628762542,0.16555183946488294
Jurkat,FOLR3,FOLR3_-_71846819.23-P2|FOLR3_+_71846807.23-P2,39,147,0.010138444290248154,0.02807073695991814,3.0864212323235902,1.5503114453781404,0.03,0.06,0.4527591973244147,0.6981605351170568
Jurkat,GAPDH,GAPDH_-_6643761.23-P1|GAPDH_-_6643770.23-P1,41,42,0.0842066846602613,0.017212280932870565,1.730258827024146,1.2682955315938165,0.07,0.02,0.9744983277591973,0.6467391304347826
Jurkat,GAPDH,GAPDH_-_6647118.23-P2|GAPDH_-_6647239.23-P2,42,41,0.0842066846602613,-0.010918427084466824,1.3290456138716276,1.1597108858185634,0.07,0.02,0.9795150501672241,0.13168896321070234
Jurkat,GON4L,GON4L_+_155829080.23-P2|GON4L_+_155829093.23-P2,62,39,0.02955253324046859,0.051348046584642246,1.1494395138418545,2.2615631171699073,0.06,0.08,0.6082775919732442,0.8214882943143813
Jurkat,GON4L,GON4L_-_155826980.23-P1|GON4L_+_155826818.23-P1,39,62,0.02955253324046859,0.0668727481120919,2.2262684606616947,3.869107287949255,0.06,0.05,0.6216555183946488,0.9222408026755853
Jurkat,GRB2,GRB2_-_73389861.23-P2|GRB2_+_73389905.23-P2,101,46,0.017471532290691646,0.02725095216787197,1.1258819447674309,1.1976372363264205,0.02,0.0,0.6099498327759197,0.7516722408026756
Jurkat,GRB2,GRB2_-_73401305.23-P1|GRB2_+_73401721.23-P1,46,101,0.017471532290691646,-0.04341724579343558,2.4582632247402967,1.9376232951782846,0.02,0.0,0.6116220735785953,0.02006688963210701
Jurkat,HAUS7,HAUS7_+_152735963.23-P1|HAUS7_+_152736011.23-P1,50,70,0.025604456609197766,-0.02604340348637361,1.5155440765444146,1.3929416434307325,0.05,0.03,0.5392976588628762,0.08026755852842804
Jurkat,HAUS7,HAUS7_-_152760909.23-P2|HAUS7_+_152760894.23-P2,70,50,0.025604456609197766,0.041995007266253444,1.3192464395670775,1.2656943525575266,0.05,0.07,0.7353678929765886,0.9209866220735786
Jurkat,HIRA,HIRA_+_19419212.23-P2|HIRA_+_19419231.23-P2,65,168,0.07531177039099554,0.039826148636834334,1.7642860384738945,1.6153080489674472,0.05,0.02,0.8248327759197325,0.5790133779264214
Jurkat,HIRA,HIRA_+_19435207.23-P1|HIRA_-_19435159.23-P1,168,65,0.07531177039099554,-5.681452916405789e-05,1.1424097126424326,1.3328852834484644,0.05,0.0,0.9285117056856187,0.3097826086956522
Jurkat,HMGB1,HMGB1_-_31040100.23-P1|HMGB1_+_31040082.23-P1,69,61,0.02664727969276888,0.04006559125541434,1.2720074922000122,1.336266664661802,0.05,0.03,0.6626254180602007,0.8010033444816054
Jurkat,HMGB1,HMGB1_-_31191681.23-P2|HMGB1_-_31191644.23-P2,61,69,0.02664727969276888,0.02233993759845734,1.6515240168798864,1.5860536256335396,0.05,0.02,0.7320234113712374,0.6680602006688963
Jurkat,HNRNPL,HNRNPL_+_39342928.23-P2|HNRNPL_-_39342945.23-P2,52,171,0.013723466268927668,0.11426456024242737,1.5934246093528068,1.1846950920314574,0.05,0.03,0.4816053511705686,0.9803511705685619
Jurkat,HNRNPL,HNRNPL_-_39340587.23-P1|HNRNPL_+_39340578.23-P1,171,52,0.013723466268927668,0.007958474908277273,1.2997952602828395,1.199472007135779,0.05,0.03,0.5836120401337792,0.5
Jurkat,HNRNPM,HNRNPM_-_8509903.23-P1|HNRNPM_-_8509876.23-P1,74,81,0.0010162051971113347,0.04927852748611529,1.7366726901475882,1.533941757887174,0.04,0.05,0.30476588628762546,0.8373745819397993
Jurkat,HNRNPM,HNRNPM_-_8536287.23-P2|HNRNPM_+_8536305.23-P2,81,74,0.0010162051971113347,0.03142683884228935,1.2164233510978562,1.2584132366036385,0.04,0.03,0.16722408026755853,0.4995819397993311
Jurkat,IK,IK_+_140027496.23-P1|IK_-_140027453.23-P1,70,291,-0.0156641177157599,0.02962696968649584,2.3314925243969955,2.553609119068439,0.0,0.03,0.06981605351170572,0.7207357859531773
Jurkat,IK,IK_-_140038581.23-P2|IK_+_140038551.23-P2,291,70,-0.0156641177157599,-0.0008898031422970759,1.0996544391336764,1.5005178625220954,0.0,0.03,0.10994983277591974,0.24749163879598657
Jurkat,INTS13,ASUN_-_27090711.23-P1P2|ASUN_-_27090828.23-P1P2,72,258,0.29048393729673494,0.5062990900957648,1.5823852711103443,0.9403424590976697,0.15,0.36,0.9987458193979933,1.0
Jurkat,INTS13,ASUN_-_27090837.23-P1P2|ASUN_-_27090687.23-P1P2,33,297,0.06582708456203032,0.5319494855437573,2.929302400685102,0.9239922800177618,0.03,0.41,0.947324414715719,1.0
Jurkat,INTS13,ASUN_-_27090898.23-P1P2|ASUN_+_27090863.23-P1P2,225,105,0.31683398670024415,0.3418033870017751,1.042774157572478,0.9792497923510851,0.16,0.2,0.9991638795986622,0.9995819397993311
Jurkat,INTS14,VWA9_+_65903426.23-P1P2|VWA9_+_65903046.23-P1P2,154,256,0.38208545285996065,0.013091366251395823,1.1727781695888457,2.117593473058778,0.22,0.04,0.9991638795986622,0.6224916387959867
Jurkat,INTS14,VWA9_-_65903266.23-P1P2|VWA9_+_65903279.23-P1P2,87,323,0.26646891557423147,0.015958905313096763,1.5537183694962888,2.201402950207972,0.08,0.04,0.9983277591973244,0.7148829431438127
Jurkat,INTS14,VWA9_-_65903523.23-P1P2|VWA9_-_65903414.23-P1P2,169,241,0.25650382242413844,-0.005176946448494548,1.1903353937343095,2.103424458749962,0.22,0.02,0.9987458193979933,0.4724080267558528
Jurkat,KAT8,KAT8_+_31141409.23-P2|KAT8_+_31141331.23-P2,48,62,0.03744922701416809,0.052322309685744785,1.1328592717935726,1.0854751861301555,0.02,0.04,0.5551839464882944,0.6914715719063544
Jurkat,KAT8,KAT8_-_31129050.23-P1|KAT8_-_31129029.23-P1,62,48,0.03744922701416809,0.05347583700111378,2.139819184527894,1.2730894235955998,0.02,0.05,0.8160535117056856,0.9243311036789298
Jurkat,KRT10,KRT10_+_38975898.23-P2|KRT10_-_38975915.23-P2,142,66,0.006419464356312013,0.011279868042170698,1.1922832619044368,1.0850373707133232,0.06,0.04,0.49540133779264217,0.572324414715719
Jurkat,KRT10,KRT10_-_38978838.23-P1|KRT10_-_38978663.23-P1,66,142,0.006419464356312013,0.018582164469275495,1.823224273905758,1.1607247433006445,0.06,0.05,0.4527591973244147,0.6488294314381271
Jurkat,KRT8,KRT8_-_53298844.23-P1|KRT8_-_53298430.23-P1,129,64,0.01935190023720448,-0.00956830346093358,1.2043073311482733,1.248795870716404,0.03,0.05,0.6630434782608696,0.18478260869565222
Jurkat,KRT8,KRT8_-_53343612.23-P2|KRT8_-_53343631.23-P2,64,129,0.01935190023720448,0.009223821066435186,1.7534635272068286,1.4505346202395215,0.03,0.04,0.6647157190635451,0.4816053511705686
Jurkat,LAMTOR1,LAMTOR1_+_71814088.23-P1P2|LAMTOR1_-_71814365.23-P1P2,72,221,0.08670994290987576,0.11458933633785395,1.9161211581187205,1.5019697777849108,0.05,0.08,0.9594481605351171,0.987876254180602
Jurkat,LAMTOR1,LAMTOR1_+_71814301.23-P1P2|LAMTOR1_+_71814145.23-P1P2,158,135,0.09424045884901086,0.06678059019193515,1.299921453678968,1.3576948109236742,0.04,0.05,0.9753344481605352,0.9126254180602007
Jurkat,LAMTOR1,LAMTOR1_-_71813943.23-P1P2|LAMTOR1_+_71814265.23-P1P2,63,230,0.015023037738818386,0.12576877046895832,2.0223618404992987,1.485883252823677,0.04,0.09,0.4260033444816054,0.9903846153846154
Jurkat,LIN54,LIN54_+_83931965.23-P2|LIN54_+_83931898.23-P2,95,176,0.024079158673381937,0.06376181472805366,1.4807362620346176,1.2287122932642476,0.04,0.03,0.4682274247491639,0.7587792642140468
Jurkat,LIN54,LIN54_+_83933961.23-P1|LIN54_+_83933984.23-P1,176,95,0.024079158673381937,-0.0022001314981839677,1.3427892249394562,1.238116750947401,0.04,0.01,0.7562709030100334,0.229933110367893
Jurkat,LSM5,LSM5_+_32534880.23-P2|LSM5_-_32534855.23-P2,77,49,0.06232712130190152,0.2865482140207108,1.1529993775923286,1.1869265155719555,0.04,0.04,0.7759197324414716,0.9983277591973244
Jurkat,LSM5,LSM5_-_32529957.23-P1|LSM5_-_32529937.23-P1,49,77,0.06232712130190152,0.11341596825034986,1.7591360652761248,1.9301985658063145,0.04,0.03,0.9565217391304348,1.0
Jurkat,LST1,LST1_+_31554051.23-P1|LST1_-_31554050.23-P1,83,53,0.03385795604729117,-0.002291179361705075,1.3064898143810113,1.238340440348988,0.02,0.02,0.8595317725752508,0.17809364548494988
Jurkat,LST1,LST1_+_31555054.23-P2|LST1_+_31555066.23-P2,53,83,0.03385795604729117,0.028714670643534126,1.5736272621380654,1.3313919784788266,0.02,0.05,0.915133779264214,0.8632943143812709
Jurkat,MFN2,MFN2_-_12040716.23-P1|MFN2_-_12040541.23-P1,63,114,0.015245326134207756,0.05750909377421051,1.7532121645365373,1.2928310105707028,0.06,0.07,0.5355351170568562,0.9448160535117057
Jurkat,MFN2,MFN2_-_12042038.23-P2|MFN2_+_12042061.23-P2,114,63,0.015245326134207756,0.03599757220362474,1.221304625690214,1.1454552392953419,0.06,0.06,0.3570234113712375,0.6818561872909699
Jurkat,NCL,NCL_+_232326465.23-P2|NCL_+_232326222.23-P2,61,128,-0.04758928773800341,-0.033251255174233336,1.5052816629034604,1.4977617795366618,0.0,0.02,0.15593645484949836,0.254180602006689
Jurkat,NCL,NCL_-_232329157.23-P1|NCL_-_232329135.23-P1,128,61,-0.04758928773800341,0.012453034323409908,1.4804819728642107,1.4263826837955353,0.0,0.04,0.06270903010033446,0.44774247491638797
Jurkat,NDUFS5,NDUFS5_-_39492036.23-P1|NDUFS5_-_39492056.23-P1,13,66,0.06360841734928491,-0.0072195467959897995,11.655286002441587,1.6913614644717083,0.0,0.05,0.9510869565217391,0.29096989966555187
Jurkat,NDUFS5,NDUFS5_-_39494549.23-P2|NDUFS5_-_39494612.23-P2,66,13,0.06360841734928491,0.047235123927373675,1.0167092176554997,1.017348568160057,0.0,0.01,0.7391304347826086,0.6036789297658862
Jurkat,NXF1,NXF1_+_62572883.23-P1|NXF1_-_62572847.23-P1,32,113,0.03825256641126167,-0.025922957257541717,2.3513516621876915,2.4911006651328096,0.05,0.01,0.7650501672240803,0.08988294314381273
Jurkat,NXF1,NXF1_-_62566496.23-P2|NXF1_+_62566715.23-P2,113,32,0.03825256641126167,0.007063469259968798,1.1178958915374253,1.5280453667047473,0.05,0.01,0.8160535117056856,0.3290133779264214
Jurkat,PCBP2,PCBP2_+_53846112.23-P1|PCBP2_+_53846301.23-P1,205,122,-0.0005603377367627968,0.0002581759429703453,1.5094475599568211,2.4982887008931933,0.03,0.06,0.3566053511705686,0.36454849498327757
Jurkat,PCBP2,PCBP2_-_53836012.23-P2|PCBP2_-_53835509.23-P2,122,205,-0.0005603377367627968,0.03202102807924655,1.3704211759214042,2.2014989842646244,0.03,0.04,0.19690635451505012,0.5137959866220736
Jurkat,PCID2,PCID2_+_113862955.23-P1|PCID2_+_113862975.23-P1,92,32,-0.03428326380923127,0.044155215283547,1.2439573718323518,1.7662033783327367,0.03,0.02,0.041806020066889604,0.8365384615384616
Jurkat,PCID2,PCID2_-_113841577.23-P2|PCID2_-_113841606.23-P2,32,92,-0.03428326380923127,0.006987587104491522,1.9391251286417708,2.3327354332907912,0.03,0.01,0.04096989966555187,0.3390468227424749
Jurkat,PELO,PELO_-_52083812.23-P2|PELO_-_52084090.23-P2,60,47,0.01323773844228752,0.01292755392231768,1.345863859660911,1.2394210043958243,0.07,0.03,0.49874581939799334,0.49289297658862874
Jurkat,PELO,PELO_-_52095976.23-P1|PELO_+_52095956.23-P1,47,60,0.01323773844228752,0.043805338330167407,1.590935350456065,1.3154387713533484,0.07,0.04,0.4209866220735786,0.8290133779264214
Jurkat,PHAX,PHAX_+_125939292.23-P2|PHAX_-_125939291.23-P2,91,101,0.018593968497343575,0.12130381755107211,1.1429518956128606,1.3684884672429027,0.01,0.04,0.3060200668896321,0.8365384615384616
Jurkat,PHAX,PHAX_-_125936686.23-P1|PHAX_-_125936678.23-P1,101,91,0.018593968497343575,-0.010402513942856179,2.0814898774795796,2.348137144119031,0.01,0.04,0.5334448160535117,0.17391304347826086
Jurkat,PKM,PKM_+_72500912.23-P2|PKM_-_72500954.23-P2,162,44,0.008162587881200858,-0.02696522193950415,1.0676830913202429,1.097437509714716,0.04,0.02,0.2763377926421404,0.010033444816053505
Jurkat,PKM,PKM_+_72523549.23-P1|PKM_-_72523504.23-P1,44,162,0.008162587881200858,0.02419640222321238,3.4862799781978038,1.6650499556269005,0.04,0.01,0.43979933110367897,0.6404682274247492
Jurkat,PMPCB,PMPCB_+_102937876.23-P1|PMPCB_-_102938097.23-P1,236,58,-0.09208704350293082,-0.03243547285374685,1.309891216663931,1.2322830459348768,0.02,0.04,0.022575250836120442,0.15426421404682278
Jurkat,PMPCB,PMPCB_-_102940675.23-P2|PMPCB_-_102941127.23-P2,58,236,-0.09208704350293082,0.08084573779279325,1.8706598593600126,1.311737500273137,0.02,0.02,0.02842809364548493,0.7165551839464883
Jurkat,PNISR,PNISR_+_99848916.23-P2|PNISR_+_99848928.23-P2,88,67,-0.014905956616593491,-0.010118269701574137,1.21267222680646,1.170628794484499,0.03,0.01,0.14172240802675584,0.17516722408026753
Jurkat,PNISR,PNISR_+_99873121.23-P1|PNISR_+_99873109.23-P1,67,88,-0.014905956616593491,0.11278686820191026,1.8621847982835453,1.3576193488263206,0.03,0.02,0.24247491638795982,0.9954013377926422
Jurkat,POGLUT3,KDELC2_-_108369101.23-P1P2|KDELC2_-_108369130.23-P1P2,302,677,-0.06383070912369694,0.05349614524888871,1.5326040497552207,1.9564258984905405,0.03,0.04,0.014214046822742521,0.5919732441471572
Jurkat,POGLUT3,KDELC2_-_108369114.23-P1P2|KDELC2_-_108369098.23-P1P2,514,465,-0.008587605722269236,0.004158095596726527,1.5839571942905033,2.1006924007262553,0.05,0.02,0.1505016722408027,0.2663043478260869
Jurkat,POGLUT3,KDELC2_-_108369127.23-P1P2|KDELC2_-_108369140.23-P1P2,163,816,0.034633379736499506,0.12089531507284,2.6102778462815266,2.393337630669782,0.06,0.04,0.5430602006688963,0.9510869565217391
Jurkat,POLR1C,POLR1C_-_43477509.23-P2|POLR1C_+_43477492.23-P2,197,115,-0.034923076107181476,0.24299353180136202,1.1196423432931462,1.1952019367529627,0.02,0.13,0.2654682274247492,0.9214046822742474
Jurkat,POLR1C,POLR1C_-_43484871.23-P1|POLR1C_-_43484868.23-P1,115,197,-0.034923076107181476,-0.032854647086388675,2.3515654186117487,2.6358846679704193,0.02,0.03,0.04515050167224077,0.05434782608695654
Jurkat,POLR2D,POLR2D_+_128605175.23-P2|POLR2D_+_128604811.23-P2,71,35,0.00478937765347507,0.03690440298751004,1.1219918027273432,1.7863895071903015,0.02,0.02,0.23160535117056857,0.697324414715719
Jurkat,POLR2D,POLR2D_-_128615513.23-P1|POLR2D_+_128615628.23-P1,35,71,0.00478937765347507,0.02071591266649465,2.9463137684118825,3.5934936887481057,0.02,0.04,0.39966555183946484,0.6295986622073579
Jurkat,POLR2E,POLR2E_+_1089911.23-P2|POLR2E_+_1089885.23-P2,7,17,0.18045260593526438,0.029307977496812097,3.8524571872630684,1.106993775682563,0.0,0.02,0.9949832775919732,0.48913043478260865
Jurkat,POLR2E,POLR2E_+_1095301.23-P1|POLR2E_+_1095334.23-P1,17,7,0.18045260593526438,0.012885113531275642,1.0568761978680774,1.028114335447392,0.0,0.0,0.9644648829431438,0.3239966555183946
Jurkat,PPP1CA,PPP1CA_+_67168941.23-P1|PPP1CA_+_67168772.23-P1,52,94,0.047397674185857976,0.044997813148780035,2.2338185412683482,1.5130551435707835,0.02,0.01,0.8645484949832776,0.8469899665551839
Jurkat,PPP1CA,PPP1CA_-_67188610.23-P2|PPP1CA_-_67188663.23-P2,94,52,0.047397674185857976,-0.00572667305321672,1.1108864161695342,1.1818184957745952,0.02,0.06,0.8783444816053512,0.2303511705685619
Jurkat,PPP1R37,PPP1R37_-_45596468.23-P1P2|PPP1R37_-_45596454.23-P1P2,85,393,0.019372908952445173,0.04498142764842053,1.7460372807869047,1.7809853444253165,0.02,0.01,0.3691471571906354,0.592809364548495
Jurkat,PPP1R37,PPP1R37_-_45596471.23-P1P2|PPP1R37_-_45596868.23-P1P2,95,383,0.07906217800281175,0.03361245002599434,1.6591639301244665,1.7929869750164444,0.02,0.02,0.7612876254180602,0.475752508361204
Jurkat,PPP1R37,PPP1R37_-_45596486.23-P1P2|PPP1R37_-_45596434.23-P1P2,298,180,0.0737390517371658,0.013910490181854805,1.5648899367750178,1.8096678048114048,0.02,0.04,0.9895484949832776,0.5125418060200668
Jurkat,PPP2R1A,PPP2R1A_+_52716201.23-P2|PPP2R1A_+_52716105.23-P2,158,371,0.030387354959692994,-0.031126097950520324,1.6246288004756737,2.4260842717707103,0.04,0.02,0.7454013377926421,0.2203177257525084
Jurkat,PPP2R1A,PPP2R1A_-_52693331.23-P1|PPP2R1A_-_52693691.23-P1,371,158,0.030387354959692994,0.009001125355986909,1.2214016693504013,1.9447850441501908,0.04,0.03,0.8770903010033445,0.56061872909699
Jurkat,PRKRIP1,PRKRIP1_+_102004333.23-P2|PRKRIP1_-_102004751.23-P2,134,36,-0.02503929451004366,0.01882625562097508,1.1180688981982387,1.53052861208469,0.03,0.03,0.03678929765886285,0.7190635451505016
Jurkat,PRKRIP1,PRKRIP1_+_102036866.23-P1|PRKRIP1_-_102036882.23-P1,36,134,-0.02503929451004366,0.013875699577739748,2.4071853992570547,2.551149453884473,0.03,0.01,0.0773411371237458,0.5472408026755853
Jurkat,PRMT5,PRMT5_+_23398587.23-P1|PRMT5_+_23398566.23-P1,160,99,0.003987759707872441,0.050603605457061634,1.6036951271532105,1.1814445886309024,0.04,0.03,0.4778428093645485,0.9832775919732442
Jurkat,PRMT5,PRMT5_-_23395618.23-P2|PRMT5_+_23395600.23-P2,99,160,0.003987759707872441,0.0010114400036072531,1.3127537838284036,1.155280304483701,0.04,0.02,0.30685618729096986,0.2855351170568562
Jurkat,PRODH,PRODH_+_18905892.23-P2|PRODH_+_18905874.23-P2,117,130,0.019426687802085413,0.00625751391614524,1.4203810274685602,1.6588808409759805,0.03,0.01,0.5974080267558528,0.3653846153846154
Jurkat,PRODH,PRODH_-_18923767.23-P1|PRODH_-_18923755.23-P1,130,117,0.019426687802085413,0.025214915126425125,1.3704244921725017,1.6202028714436865,0.03,0.04,0.5388795986622074,0.637123745819398
Jurkat,PRSS50,PRSS50_-_46759320.23-P2|PRSS50_-_46759323.23-P2,80,77,0.011945694447203357,-0.025192692465296294,1.5123075738284415,1.4484850421131108,0.02,0.01,0.5706521739130435,0.14924749163879603
Jurkat,PRSS50,PRSS50_-_46854052.23-P1|PRSS50_-_46854008.23-P1,77,80,0.011945694447203357,0.02060427663673514,1.3767444093480343,1.3793865087082529,0.02,0.04,0.38210702341137126,0.4820234113712375
Jurkat,PSMB6,PSMB6_+_4700842.23-P2|PSMB6_+_4700995.23-P2,78,39,0.07958758053255932,0.037622510251722044,1.1480672223020898,2.124767040500377,0.06,0.02,0.9661371237458194,0.7926421404682275
Jurkat,PSMB6,PSMB6_-_4699495.23-P1|PSMB6_-_4699534.23-P1,39,78,0.07958758053255932,0.09084182113858447,1.6709228535963874,2.8235676959070273,0.06,0.06,0.9431438127090301,0.9694816053511706
Jurkat,PSMG3,PSMG3_+_1610218.23-P2|PSMG3_+_1610222.23-P2,162,115,0.050006489201492636,0.030543668682045975,1.1250808048621082,1.8464943601675337,0.03,0.04,0.6764214046822743,0.47867892976588633
Jurkat,PSMG3,PSMG3_-_1609603.23-P1|PSMG3_+_1609624.23-P1,115,162,0.050006489201492636,-0.031251918196190207,2.0495701468335064,2.996470551421931,0.03,0.04,0.9577759197324415,0.08152173913043481
Jurkat,PSTK,PSTK_+_124739974.23-P1|PSTK_-_124739917.23-P1,130,172,0.03197120082353471,0.017850091546015932,1.661203626330292,2.1266590795776543,0.04,0.01,0.774247491638796,0.6120401337792643
Jurkat,PSTK,PSTK_-_124714003.23-P2|PSTK_+_124713944.23-P2,172,130,0.03197120082353471,-0.0072756570874326475,1.242227199374534,1.7460493593998359,0.04,0.02,0.734113712374582,0.26128762541806017
Jurkat,RBM14-RBM4,RBM14-RBM4_+_66384103.23-P1|RBM14-RBM4_-_66384112.23-P1,209,36,-0.0012592528280505012,0.003616708134885927,1.2304741400806911,1.1588268558502266,0.02,0.02,0.27717391304347827,0.37834448160535117
Jurkat,RBM14-RBM4,RBM14-RBM4_+_66406421.23-P2|RBM14-RBM4_-_66406629.23-P2,36,209,-0.0012592528280505012,0.055335397409968574,1.713591928979916,1.2350379119230457,0.02,0.03,0.23369565217391308,0.5409698996655519
Jurkat,RCC1,RCC1_+_28832591.23-P1|RCC1_-_28832596.23-P1,59,86,0.021108999319795884,0.026290065493125674,1.7293344760966165,1.7774590034615838,0.02,0.04,0.5530936454849498,0.6220735785953178
Jurkat,RCC1,RCC1_-_28844804.23-P2|RCC1_-_28844824.23-P2,86,59,0.021108999319795884,-0.02345193768302965,1.194825573682383,1.5074580812632685,0.02,0.05,0.7470735785953178,0.15760869565217395
Jurkat,RPL13A,RPL13A_+_49991194.23-P1|RPL13A_-_49991095.23-P1,21,64,0.012747858832051989,0.0032793344989688867,3.317743892964129,1.770372437691798,0.03,0.08,0.36831103678929766,0.23662207357859533
Jurkat,RPL13A,RPL13A_+_49994249.23-P2|RPL13A_+_49994109.23-P2,64,21,0.012747858832051989,0.10939390238536825,1.098641469868458,1.059180067254088,0.03,0.06,0.3436454849498328,0.9615384615384616
Jurkat,RPS29,RPS29_+_50065387.23-P2|RPS29_-_50065393.23-P2,73,98,0.020111011275102564,0.5727550826336253,1.162583937030319,0.818664583091874,0.05,0.29,0.5760869565217391,0.9899665551839465
Jurkat,RPS29,RPS29_-_50052902.23-P1|RPS29_-_50052869.23-P1,98,73,0.020111011275102564,0.0505033579447932,1.9437807439744714,1.7510945766506354,0.05,0.03,0.6061872909698997,0.9009197324414716
Jurkat,RPS3,RPS3_+_75111893.23-P2|RPS3_-_75111920.23-P2,9,92,-0.0767398706923113,0.4428919626672516,6.025664265397601,0.8258648433505198,0.0,0.32,0.038461538461538436,0.9908026755852842
Jurkat,RPS3,RPS3_-_75110633.23-P1|RPS3_-_75110586.23-P1,92,9,-0.0767398706923113,-0.08081992442759774,1.0671169444489388,1.0498212792107786,0.0,0.0,0.060618729096989954,0.05267558528428096
Jurkat,RSL1D1,RSL1D1_+_11933720.23-P2|RSL1D1_-_11933355.23-P2,118,156,-0.04792126659289462,0.21896131674244554,1.2708622464373016,1.4510084263920906,0.02,0.16,0.06479933110367897,0.9105351170568562
Jurkat,RSL1D1,RSL1D1_-_11945349.23-P1|RSL1D1_+_11945362.23-P1,156,118,-0.04792126659289462,0.010955191372406019,1.81973298934074,2.5724201405586866,0.02,0.02,0.08235785953177255,0.4247491638795987
Jurkat,SEC61A1,SEC61A1_+_127783820.23-P2|SEC61A1_+_127783788.23-P2,71,92,-0.04033059967044034,0.09514997751474691,1.233119199758054,1.3525122519765185,0.03,0.07,0.050167224080267525,0.7186454849498327
Jurkat,SEC61A1,SEC61A1_-_127771295.23-P1|SEC61A1_-_127771292.23-P1,92,71,-0.04033059967044034,0.027040042880271852,1.8921014756668482,2.0575101017600854,0.03,0.04,0.09824414715719065,0.7044314381270903
Jurkat,SF3A1,SF3A1_+_30752830.23-P1|SF3A1_-_30752688.23-P1,2,86,0.013767840257167726,-0.026132769570506285,84.05321827624613,1.3500673026879966,0.0,0.04,0.6241638795986622,0.06897993311036787
Jurkat,SF3A1,SF3A1_-_30736749.23-P2|SF3A1_-_30736509.23-P2,86,2,0.013767840257167726,0.07185793304302732,1.000201360612619,0.999621465623426,0.0,0.0,0.3010033444816054,0.5794314381270903
Jurkat,SF3A2,SF3A2_+_2243491.23-P2|SF3A2_+_2243552.23-P2,132,37,0.06980617086801541,0.05615094533230998,1.0551617407892129,1.3413815546796957,0.06,0.13,0.9498327759197325,0.9013377926421404
Jurkat,SF3A2,SF3A2_-_2236876.23-P1|SF3A2_-_2236863.23-P1,37,132,0.06980617086801541,0.05427993735553548,2.337570304125219,2.5174561598215695,0.06,0.07,0.8298494983277592,0.7366220735785953
Jurkat,SIN3A,SIN3A_+_75747995.23-P2|SIN3A_-_75748095.23-P2,43,55,0.020079354475848108,0.031575618595897775,1.3539318130497884,1.124088478689727,0.06,0.05,0.6258361204013378,0.7897157190635451
Jurkat,SIN3A,SIN3A_-_75743971.23-P1|SIN3A_-_75743934.23-P1,55,43,0.020079354475848108,-0.01764674319642425,1.4926067874694153,1.1654892026232981,0.06,0.02,0.629180602006689,0.0932274247491639
Jurkat,SIRT7,SIRT7_+_79875555.23-P1P2|SIRT7_-_79875677.23-P1P2,84,187,0.0949520907762443,-0.06488815434353078,1.3921578909700263,1.315118595516778,0.07,0.02,0.7734113712374582,0.0071070234113712605
Jurkat,SIRT7,SIRT7_+_79875631.23-P1P2|SIRT7_-_79875986.23-P1P2,48,223,0.02582177323395842,-0.07148049618168961,1.8239375560948785,1.368113907472581,0.02,0.0,0.4205685618729097,0.015050167224080258
Jurkat,SIRT7,SIRT7_+_79875714.23-P1P2|SIRT7_+_79875815.23-P1P2,139,132,0.08883289869680337,-0.02735723401500238,1.859414489056091,1.371657950882857,0.03,0.04,0.8260869565217391,0.11413043478260865
Jurkat,SLC1A5,SLC1A5_+_47288025.23-P2|SLC1A5_-_47288033.23-P2,107,1633,0.022253408799900683,0.05654815727575434,3.769431722939336,3.8970666747866334,0.03,0.09,0.6057692307692308,0.8933946488294314
Jurkat,SLC1A5,SLC1A5_+_47291839.23-P1|SLC1A5_+_47291829.23-P1,1633,107,0.022253408799900683,0.011405904404893842,1.032390762764503,1.460275455212525,0.03,0.06,0.6233277591973244,0.4439799331103679
Jurkat,SLC35G2,SLC35G2_+_136537951.23-P1P2|SLC35G2_+_136537984.23-P1P2,138,212,-0.025556607672137896,0.015623301290924022,2.1997798612220913,2.001548420320318,0.03,0.03,0.14841137123745818,0.5234113712374582
Jurkat,SLC35G2,SLC35G2_+_136537956.23-P1P2|SLC35G2_+_136537981.23-P1P2,82,268,0.005878250386402461,-0.012068431218440177,1.8822642208749483,1.9090277396282607,0.02,0.02,0.35200668896321075,0.19941471571906355
Jurkat,SLC35G2,SLC35G2_+_136537960.23-P1P2|SLC35G2_-_136537974.23-P1P2,130,220,0.01907857731507045,-0.017449534387491597,1.4017291352899293,1.7004788262819248,0.03,0.03,0.5012541806020068,0.17976588628762546
Jurkat,SLC4A5,SLC4A5_+_74517447.23-P1|SLC4A5_+_74517243.23-P1,67,27,0.03755918333862688,0.01585233975612455,1.1714727351543526,1.0434610209680129,0.07,0.01,0.81438127090301,0.6183110367892977
Jurkat,SLC4A5,SLC4A5_-_74590469.23-P2|SLC4A5_+_74590462.23-P2,27,67,0.03755918333862688,0.009529615395852339,2.0940692606997193,1.130826820433042,0.07,0.05,0.8795986622073578,0.4824414715719063
Jurkat,SMARCB1,SMARCB1_+_24129228.23-P1|SMARCB1_-_24129238.23-P1,111,93,0.047764033777719025,0.013481340866665944,1.4076981015949968,3.738833968489505,0.02,0.02,0.8745819397993311,0.4724080267558528
Jurkat,SMARCB1,SMARCB1_-_24134004.23-P2|SMARCB1_+_24133953.23-P2,93,111,0.047764033777719025,0.09125475241021898,1.3966650975890218,3.510836538643059,0.02,0.07,0.8198160535117057,0.9816053511705686
Jurkat,SMC4,SMC4_-_160117471.23-P1|SMC4_-_160117489.23-P1,54,37,0.004752279523618898,0.017790780756841037,1.2526654570888935,1.207283404353687,0.04,0.02,0.38545150501672243,0.6074414715719063
Jurkat,SMC4,SMC4_-_160122206.23-P2|SMC4_-_160122169.23-P2,37,54,0.004752279523618898,0.10624721064716332,1.864162921722545,1.28916081153012,0.04,0.05,0.3135451505016722,0.9519230769230769
Jurkat,SNW1,SNW1_+_78221331.23-P2|SNW1_+_78221318.23-P2,123,26,0.02738042186963777,0.0299156327366853,1.0594508066246178,1.026426783201213,0.04,0.04,0.5827759197324415,0.6183110367892977
Jurkat,SNW1,SNW1_+_78227421.23-P1|SNW1_+_78227503.23-P1,26,123,0.02738042186963777,0.03536991236557792,3.576150111025764,1.2870789601936565,0.04,0.05,0.6538461538461539,0.7290969899665551
Jurkat,SNX15,SNX15_+_64781852.23-P1|SNX15_-_64781624.23-P1,48,143,0.03217286990281704,0.015481267686854941,2.153143558236239,1.8751704556399293,0.05,0.01,0.709866220735786,0.4581939799331104
Jurkat,SNX15,SNX15_-_64795079.23-P2|SNX15_+_64794991.23-P2,143,48,0.03217286990281704,0.01922662191352443,1.113791242307881,1.29401968896772,0.05,0.05,0.8528428093645485,0.6969063545150502
Jurkat,SON,SON_-_34915392.23-P1|SON_-_34915373.23-P1,45,70,-0.010121035038944286,0.03442746460720923,1.5078396758309753,1.2381471699746145,0.04,0.05,0.2583612040133779,0.8051839464882943
Jurkat,SON,SON_-_34921974.23-P2|SON_+_34922044.23-P2,70,45,-0.010121035038944286,0.012296607203568111,1.33924420233381,1.170774383808785,0.04,0.03,0.1467391304347826,0.3933946488294314
Jurkat,SPCS3,SPCS3_+_177241168.23-P1|SPCS3_+_177241171.23-P1,69,57,0.044787079657515605,0.02334922223965316,1.4423368307416011,3.2374053376645393,0.05,0.03,0.9005016722408027,0.7236622073578596
Jurkat,SPCS3,SPCS3_-_177242413.23-P2|SPCS3_-_177242377.23-P2,57,69,0.044787079657515605,0.01822595848868283,1.2779975811083233,2.9213256817876507,0.05,0.03,0.802675585284281,0.42558528428093645
Jurkat,SPDYE2,SPDYE2_+_102191744.23-ENST00000432940.1-ENST00000507918.1|SPDYE2_+_102191690.23-ENST00000432940.1-ENST00000507918.1,52,35,0.021806533783592482,0.01041219146871684,1.3311377617383044,1.2416675400853616,0.03,0.03,0.6672240802675585,0.43938127090301005
Jurkat,SPDYE2,SPDYE2_-_102196628.23-ENST00000341656.4|SPDYE2_+_102196618.23-ENST00000341656.4,35,52,0.021806533783592482,0.010893127748177371,1.6237868517463192,1.3243113654833754,0.03,0.05,0.5756688963210702,0.3770903010033445
Jurkat,SRSF11,SRSF11_+_70671425.23-P1|SRSF11_+_70671413.23-P1,131,133,0.04066847681451069,0.004020925739167503,1.2952625762788945,2.2543353390011687,0.01,0.03,0.8403010033444815,0.370819397993311
Jurkat,SRSF11,SRSF11_+_70687220.23-P2|SRSF11_-_70687171.23-P2,133,131,0.04066847681451069,0.047648790036210927,1.5022009195141364,2.5344195225463797,0.01,0.04,0.7922240802675585,0.8432274247491639
Jurkat,SRSF6,SRSF6_+_42086965.23-P1|SRSF6_-_42086572.23-P1,190,31,0.015732164457215973,0.0681416931652291,1.0869609078066282,2.2321471211095587,0.03,0.09,0.6400501672240803,0.9615384615384616
Jurkat,SRSF6,SRSF6_-_42090460.23-P2|SRSF6_-_42090114.23-P2,31,190,0.015732164457215973,-0.002478520314750523,2.8648990641472616,4.967695215276527,0.03,0.02,0.504180602006689,0.18561872909698995
Jurkat,TACC3,TACC3_+_1725320.23-P2|TACC3_+_1725283.23-P2,44,104,0.01879223535210288,0.001481277220830464,2.1099090301771803,1.3628980190416944,0.05,0.04,0.7311872909698997,0.4502508361204013
Jurkat,TACC3,TACC3_-_1723252.23-P1|TACC3_-_1723216.23-P1,104,44,0.01879223535210288,-0.029747631780436504,1.1515335283582138,1.1522671651683336,0.05,0.04,0.68938127090301,0.09531772575250841
Jurkat,TAF1D,TAF1D_-_93471390.23-P2|TAF1D_+_93471338.23-P2,34,145,-0.0209746513272163,0.05604868469557272,2.3813051468000097,1.5685702927475742,0.04,0.03,0.3586956521739131,0.757943143812709
Jurkat,TAF1D,TAF1D_-_93474665.23-P1|TAF1D_+_93474608.23-P1,145,34,-0.0209746513272163,-0.0037208464357811784,1.1409684773602708,1.2998348862679394,0.04,0.01,0.14590301003344486,0.28678929765886285
Jurkat,TBC1D28,TBC1D28_+_18547242.23-ENST00000405044.1|TBC1D28_+_18547665.23-ENST00000405044.1,64,92,0.02676358474602874,0.018028811392475513,1.5439306828516295,1.3359142598788871,0.02,0.08,0.7834448160535117,0.6843645484949833
Jurkat,TBC1D28,TBC1D28_-_18545637.23-ENST00000345096.4|TBC1D28_+_18545467.23-ENST00000345096.4,92,64,0.02676358474602874,0.06420805888341787,1.2989286124779504,1.2080275883485692,0.02,0.07,0.6751672240802675,0.9406354515050167
Jurkat,TKT,TKT_+_53269134.23-P2|TKT_-_53269130.23-P2,68,116,0.0023072765742120356,0.020642959855983058,1.7820791299009222,1.3934849491850134,0.03,0.04,0.38001672240802675,0.7010869565217391
Jurkat,TKT,TKT_-_53289752.23-P1|TKT_+_53289954.23-P1,116,68,0.0023072765742120356,0.030680355788403103,1.2327095581106844,1.2078847649637643,0.03,0.05,0.3231605351170569,0.6994147157190636
Jurkat,TMEM214,TMEM214_+_27256031.23-P1P2|TMEM214_-_27255898.23-P1P2,108,347,0.03299018466766998,-0.026237368853597506,1.5944749024939249,1.6850513914599523,0.01,0.02,0.5137959866220736,0.14005016722408026
Jurkat,TMEM214,TMEM214_-_27255873.23-P1P2|TMEM214_-_27255853.23-P1P2,283,172,-0.0007125848696858677,0.027516718688929367,1.5644032376510333,1.647944712838389,0.01,0.05,0.31605351170568563,0.7445652173913043
Jurkat,TMEM214,TMEM214_-_27255902.23-P1P2|TMEM214_-_27255939.23-P1P2,64,391,-0.041999880314337636,-0.03792868012072343,2.1321556452200245,1.7676542164413829,0.0,0.0,0.07023411371237454,0.08821070234113715
Jurkat,TMEM242,TMEM242_+_157744285.23-P1P2|TMEM242_-_157744366.23-P1P2,130,352,0.07952175398491895,0.02708571090114103,1.9303312394488534,1.9563690991349434,0.03,0.01,0.8603678929765887,0.504180602006689
Jurkat,TMEM242,TMEM242_+_157744504.23-P1P2|TMEM242_-_157744573.23-P1P2,255,227,0.07294981744255005,0.029632455472520695,1.2361325898741355,1.5798077159993322,0.06,0.03,0.7571070234113713,0.4506688963210702
Jurkat,TMEM242,TMEM242_-_157744354.23-P1P2|TMEM242_+_157745057.23-P1P2,97,385,0.07353320306332455,-0.00597415816398086,2.15116398620004,2.0157366149905718,0.05,0.03,0.8089464882943144,0.17307692307692313
Jurkat,TSR1,TSR1_+_2239717.23-P1|TSR1_+_2239506.23-P1,278,138,-0.0094614479013939,-0.04349071147368906,1.8305956807095949,1.9482411109750708,0.03,0.01,0.23913043478260865,0.022575250836120442
Jurkat,TSR1,TSR1_-_2241289.23-P2|TSR1_-_2241066.23-P2,138,278,-0.0094614479013939,0.7125823617702818,1.216185339074675,0.7279725893190052,0.03,0.44,0.504180602006689,0.9991638795986622
Jurkat,TUBB,TUBB_+_30688145.23-P1|TUBB_+_30688173.23-P1,26,62,0.0275139484987693,0.03008893685831536,1.8420716938275827,1.136071015147841,0.02,0.02,0.7198996655518395,0.7537625418060201
Jurkat,TUBB,TUBB_+_30689505.23-P2|TUBB_+_30689619.23-P2,62,26,0.0275139484987693,0.022537095524955628,1.1791411341480451,1.0544662406147365,0.02,0.04,0.7115384615384616,0.6329431438127091
Jurkat,TUT1,TUT1_+_62358999.23-P1|TUT1_+_62358953.23-P1,54,95,0.015610954627814023,0.007454358859512865,1.9811704886964538,1.4738116737053109,0.03,0.04,0.5179765886287626,0.41596989966555187
Jurkat,TUT1,TUT1_-_62344700.23-P2|TUT1_-_62344688.23-P2,95,54,0.015610954627814023,-0.003416630201381466,1.1289425673563822,1.1999579038950787,0.03,0.04,0.3001672240802675,0.12374581939799334
Jurkat,UBA1,UBA1_+_47050450.23-P2|UBA1_-_47050478.23-P2,32,94,0.005726711472232331,-0.01825253905352758,2.7614814912638748,1.5226497800733931,0.03,0.04,0.3357023411371237,0.19272575250836121
Jurkat,UBA1,UBA1_-_47053260.23-P1|UBA1_-_47053257.23-P1,94,32,0.005726711472232331,0.01260251318501504,1.0983490614984475,1.1365186135691252,0.03,0.02,0.38001672240802675,0.47282608695652173
Jurkat,UBA52,UBA52_+_18684266.23-P2|UBA52_-_18684292.23-P2,228,55,0.09237316935718119,-0.012736991981368713,1.0301302551948552,1.9026717095195633,0.07,0.03,0.9180602006688963,0.10493311036789299
Jurkat,UBA52,UBA52_-_18682701.23-P1|UBA52_+_18682887.23-P1,55,228,0.09237316935718119,-0.027564992180971526,2.5607656941144317,4.088992361749719,0.07,0.03,0.9481605351170569,0.0635451505016722
Jurkat,UNC45A,UNC45A_+_91478755.23-P1|UNC45A_+_91478544.23-P1,39,85,-0.0040229601598212985,0.0021853385263250584,1.9686749153863052,1.803166532768744,0.07,0.06,0.3649665551839465,0.4682274247491639
Jurkat,UNC45A,UNC45A_-_91473443.23-P2|UNC45A_+_91473462.23-P2,85,39,-0.0040229601598212985,0.005948610311781114,1.176126037174856,1.3557026407257236,0.07,0.06,0.2755016722408027,0.41346153846153844
Jurkat,UQCRC1,UQCRC1_+_48647028.23-P1|UQCRC1_-_48647042.23-P1,69,69,0.041059914138755364,0.04630467010005234,1.4344643501565513,1.43450290898608,0.04,0.06,0.8344481605351171,0.8804347826086957
Jurkat,UQCRC1,UQCRC1_-_48643052.23-P2|UQCRC1_+_48643236.23-P2,69,69,0.041059914138755364,0.1040483123691206,1.3368546428892685,1.3450914518084078,0.04,0.06,0.8076923076923077,0.9832775919732442
Jurkat,USP39,USP39_-_85829973.23-P2|USP39_-_85830050.23-P2,73,26,0.003880378945305866,0.029623896215507785,1.0775610218913496,1.0455426036329212,0.02,0.07,0.274247491638796,0.5798494983277591
Jurkat,USP39,USP39_-_85843325.23-P1|USP39_+_85843306.23-P1,26,73,0.003880378945305866,0.027635869336832573,3.4734113763261876,1.2767435453336238,0.02,0.05,0.33235785953177255,0.7006688963210702
Jurkat,USP5,USP5_+_6961501.23-P1|USP5_+_6961472.23-P1,17,85,0.03921605830580904,-0.03465312327776955,10.698171820034272,1.2849006598931416,0.01,0.03,0.9510869565217391,0.0852842809364549
Jurkat,USP5,USP5_-_6965971.23-P2|USP5_+_6966012.23-P2,85,17,0.03921605830580904,0.033231307557619674,1.0179737808171938,1.0084370890786554,0.01,0.02,0.5480769230769231,0.4903846153846154
Jurkat,VPS41,VPS41_+_38948746.23-P1|VPS41_+_38948736.23-P1,128,39,-0.024444644672852116,0.03784251185250759,1.1700742834676978,1.3072851254873152,0.06,0.02,0.1705685618729097,0.7955685618729097
Jurkat,VPS41,VPS41_+_38969081.23-P2|VPS41_-_38969076.23-P2,39,128,-0.024444644672852116,0.04004960359267247,2.1178528688128675,1.714641792465528,0.06,0.01,0.03051839464882944,0.8653846153846154
Jurkat,WBP11,WBP11_+_14956444.23-P1|WBP11_+_14956413.23-P1,36,89,0.03638757074526156,0.06187871673702485,2.03249336301435,1.3729575722256115,0.03,0.07,0.7144648829431438,0.9067725752508361
Jurkat,WBP11,WBP11_-_14946707.23-P2|WBP11_+_14946647.23-P2,89,36,0.03638757074526156,-0.005382471944520321,1.1485019280335769,1.153485841165124,0.03,0.04,0.8168896321070234,0.20986622073578598
Jurkat,WDR74,WDR74_+_62607006.23-P1|WDR74_+_62607035.23-P1,105,33,0.01607760520520806,-0.08687756702002185,1.2205888513229637,1.4101281327926092,0.07,0.02,0.5923913043478262,0.0029264214046822445
Jurkat,WDR74,WDR74_+_62609282.23-P2|WDR74_-_62609072.23-P2,33,105,0.01607760520520806,0.200187035367267,1.9640890523885153,1.4596632176151265,0.07,0.07,0.56438127090301,0.9569397993311037
Jurkat,YJEFN3,YJEFN3_-_19627479.23-P1|YJEFN3_+_19627083.23-P1,27,118,-0.008262671829462317,0.010696276039019058,4.01455796350793,1.8517800313395303,0.03,0.04,0.11998327759197325,0.37583612040133785
Jurkat,YJEFN3,YJEFN3_-_19639774.23-P2|YJEFN3_-_19639771.23-P2,118,27,-0.008262671829462317,0.00689185096757917,1.0585501304999443,1.1191850792843585,0.03,0.04,0.21362876254180607,0.38419732441471577
Jurkat,ZBTB17,ZBTB17_+_16302567.23-P1P2|ZBTB17_+_16302564.23-P1P2,110,297,0.14970437951811463,0.06683552198327704,1.489679385635574,2.3757103736607164,0.09,0.08,0.9924749163879598,0.8632943143812709
Jurkat,ZBTB17,ZBTB17_-_16302530.23-P1P2|ZBTB17_-_16302582.23-P1P2,128,279,0.31799963632275285,0.06993453208945566,1.3917178125941885,2.559293794515266,0.28,0.05,1.0,0.9535953177257526
Jurkat,ZBTB17,ZBTB17_-_16302540.23-P1P2|ZBTB17_-_16302519.23-P1P2,169,238,0.29609359532727986,0.04870665161182144,1.452108851191922,2.635989774696042,0.22,0.08,1.0,0.8812709030100334
Jurkat,ZDHHC7,ZDHHC7_+_85045079.23-P1P2|ZDHHC7_-_85045124.23-P1P2,120,503,0.016413867706086663,0.34837162194677845,1.4388705019981096,1.5837394888968166,0.01,0.59,0.5188127090301003,0.9916387959866221
Jurkat,ZDHHC7,ZDHHC7_-_85045069.23-P1P2|ZDHHC7_-_85045057.23-P1P2,107,516,-0.04335207660683469,0.34938419172574053,1.3862484241755708,1.554608100959412,0.01,0.58,0.2537625418060201,0.9895484949832776
Jurkat,ZDHHC7,ZDHHC7_-_85045072.23-P1P2|ZDHHC7_+_85045041.23-P1P2,396,227,0.02398726484912089,-0.019268874652418472,2.1226713783363444,2.63700261424465,0.0,0.02,0.4983277591973244,0.03302675585284276
Jurkat,ZMAT2,ZMAT2_+_140083724.23-P2|ZMAT2_-_140083696.23-P2,24,55,0.08965657081714844,0.009036187422888062,2.2479849663880644,1.603352463205731,0.05,0.0,0.9009197324414716,0.26295986622073575
Jurkat,ZMAT2,ZMAT2_-_140080084.23-P1|ZMAT2_-_140080067.23-P1,55,24,0.08965657081714844,0.0489873749416477,1.0946249406715234,1.2336730710074666,0.05,0.05,0.9410535117056856,0.8056020066889632
Jurkat,ZNF207,ZNF207_+_30687693.23-P2|ZNF207_+_30687708.23-P2,61,22,0.02952851062855379,-0.040364240812016186,1.09286888626357,1.0457306262921735,0.04,0.02,0.6329431438127091,0.022575250836120442
Jurkat,ZNF207,ZNF207_-_30677224.23-P1|ZNF207_-_30677213.23-P1,22,61,0.02952851062855379,-0.015417899656664472,3.1908521116755786,1.3242984293553846,0.04,0.02,0.75,0.13963210702341133
Jurkat,ZNF574,ZNF574_-_42580351.23-P1|ZNF574_-_42580345.23-P1,119,86,-0.012839095914716039,-0.01493579361991638,1.3633873944058206,1.4772196428816746,0.04,0.04,0.229933110367893,0.21404682274247488
Jurkat,ZNF574,ZNF574_-_42583382.23-P2|ZNF574_-_42583385.23-P2,86,119,-0.012839095914716039,0.03536946822209346,1.4974637373125599,1.5111492475843853,0.04,0.01,0.1287625418060201,0.8687290969899666
Jurkat,ZNF718,ZNF718_+_124420.23-ENST00000510175.1-ENST00000511079.1-ENST00000513304.1-ENST00000513889.1|ZNF718_+_124436.23-ENST00000510175.1-ENST00000511079.1-ENST00000513304.1-ENST00000513889.1,103,278,-0.0007641033902536524,0.03405400848065491,1.8942109266823024,1.75780776171031,0.04,0.03,0.3833612040133779,0.9109531772575251
Jurkat,ZNF718,ZNF718_-_154794.23-ENST00000502662.1|ZNF718_-_154974.23-ENST00000502662.1,188,193,0.014864402609306632,0.031888742103699595,1.4176333663133693,1.575331845044265,0.01,0.04,0.5342809364548495,0.8139632107023411
Jurkat,ZNF718,ZNF718_-_154974.23-ENST00000400172.3|ZNF718_+_155065.23-ENST00000400172.3,90,291,0.023987946587365732,0.0257245793470267,2.1405170798430193,1.8217727453674966,0.08,0.03,0.7537625418060201,0.7805183946488294
HCT116,CAST,CAST_P1-1|CAST_P1-2,55,63,0.8571570118311741,0.7645281503021256,0.24967080786956114,0.3745081144399263,0.05,0.0,0.8958837772397095,0.029055690072639195
HCT116,CAST,CAST_P2-1|CAST_P2-2,63,55,0.8571570118311741,0.7518087129686876,0.23850751027986666,0.39152817760189285,0.05,0.0,0.7941888619854721,0.0266343825665859
HCT116,CAT,CAT_P1-1|CAT_P1-2,192,255,0.8117216248169606,0.811659446820589,0.3370322626146157,0.36518117357795843,0.0,0.0,0.6150121065375302,0.6101694915254237
HCT116,CAT,CAT_P2-1|CAT_P2-2,255,192,0.8117216248169606,0.8276013863639625,0.3176217870605376,0.3189121176350229,0.0,0.03,0.261501210653753,0.9539951573849879
HCT116,DAXX,DAXX_P1-1|DAXX_P1-2,55,270,0.7931204894476344,0.8153757487720455,0.43704262347863704,0.34290577643279035,0.0,0.04,0.18644067796610164,0.9927360774818402
HCT116,DAXX,DAXX_P2-1|DAXX_P2-2,270,55,0.7931204894476344,0.8257650541807177,0.3307826306998858,0.28285592153700057,0.0,0.0,0.16222760290556903,0.4309927360774818
HCT116,KDM2B,KDM2B_ENST00000377069.4-1|KDM2B_ENST00000377069.4-2,182,54,0.8230092543251373,0.8178273335441698,0.28661455104178857,0.2930698036743267,0.0,0.0,0.3922518159806295,0.33171912832929784
HCT116,KDM2B,KDM2B_ENST00000377071.4-1|KDM2B_ENST00000377071.4-2,54,182,0.8230092543251373,0.8274625464394955,0.34941491379566353,0.2975721171438443,0.0,0.11,0.4067796610169492,0.6004842615012107
HCT116,KLF10,KLF10_P1-1|KLF10_P1-2,133,294,0.8015599203083362,0.7667183649773333,0.38892171474816406,0.5237973538850896,0.0,0.0,0.5907990314769975,0.08232445520581111
HCT116,KLF10,KLF10_P2-1|KLF10_P2-2,294,133,0.8015599203083362,0.8349075877976988,0.3219220191954376,0.31621095647117087,0.0,0.0,0.1404358353510896,0.6150121065375302
HCT116,MED15,MED15_P1-1|MED15_P1-2,200,129,0.817174342543506,0.8299405773946363,0.30408037819686995,0.2879685534501045,0.03,0.08,0.24455205811138014,0.4552058111380145
HCT116,MED15,MED15_P2-1|MED15_P2-2,129,200,0.817174342543506,0.8192873239628301,0.3319707858264671,0.3188470506996603,0.03,0.07,0.8765133171912833,0.9612590799031477
HCT116,MYD88,MYD88_P1-1|MYD88_P1-2,155,182,0.8207527890813383,0.8195962121528382,0.3128531314609275,0.32056566803271236,0.04,0.02,0.6852300242130751,0.5883777239709442
HCT116,MYD88,MYD88_P2-1|MYD88_P2-2,182,155,0.8207527890813383,0.8295215464478429,0.3043664847957217,0.2978507961492128,0.04,0.04,0.423728813559322,0.8571428571428572
HCT116,MYRF,MYRF_P1-1|MYRF_P1-2,160,488,0.7827553688389912,0.7869802587332637,0.45013008624504197,0.39651782949943887,0.0,0.04,0.6537530266343825,0.8426150121065376
HCT116,MYRF,MYRF_P2-1|MYRF_P2-2,488,160,0.7827553688389912,0.8045932601160144,0.35164276845948045,0.3212976057213708,0.0,0.0,0.03874092009685226,0.12106537530266348
HCT116,NABP2,NABP2_P1-1|NABP2_P1-2,185,143,0.8290029209372507,0.8041197729927313,0.2887938326705602,0.32064559940087967,0.04,0.0,0.49636803874092006,0.1452784503631961
HCT116,NABP2,NABP2_P2-1|NABP2_P2-2,143,185,0.8290029209372507,0.7990219636984244,0.30222015501156174,0.33217499686406926,0.04,0.01,0.9249394673123487,0.13075060532687655
HCT116,PBLD,PBLD_P1-1|PBLD_P1-2,185,139,0.829978092949263,0.8357028629858713,0.28718667299526607,0.2848590422410829,0.02,0.1,0.49636803874092006,0.7215496368038741
HCT116,PBLD,PBLD_P2-1|PBLD_P2-2,139,185,0.829978092949263,0.8275469204054897,0.30254853314995817,0.309352600685389,0.02,0.03,0.9200968523002422,0.774818401937046
HCT116,PDCD4,PDCD4_P1-1|PDCD4_P1-2,26,90,0.83713726285996,0.8474076667382346,0.31367479379889035,0.2688589617201457,0.0,0.03,0.6077481840193705,0.9515738498789347
HCT116,PDCD4,PDCD4_P2-1|PDCD4_P2-2,90,26,0.83713726285996,0.8555872369330358,0.2620898297738012,0.2348811211314867,0.0,0.0,0.6513317191283293,0.7869249394673123
HCT116,PRCP,PRCP_P1-1|PRCP_P1-2,92,330,0.7825914528453811,0.7892855510442486,0.4487065947666324,0.4074776898904033,0.0,0.0,0.3704600484261501,0.5835351089588378
HCT116,PRCP,PRCP_P2-1|PRCP_P2-2,330,92,0.7825914528453811,0.8296189703019213,0.3466885896953308,0.2823897005750329,0.0,0.0,0.053268765133171914,0.4527845036319612
HCT116,PSMB9,PSMB9_P1-1|PSMB9_P1-2,232,102,0.8192556976050485,0.7826884947849743,0.29861252903030017,0.34904275137045876,0.02,0.0,0.3147699757869249,0.05569007263922521
HCT116,PSMB9,PSMB9_P2-1|PSMB9_P2-2,102,232,0.8192556976050485,0.7903743229329501,0.33830718615008804,0.34633878144307895,0.02,0.01,0.8571428571428572,0.09200968523002417
HCT116,STAG2,STAG2_P1-1|STAG2_P1-2,12,110,0.8077366068170081,0.7955692858423173,0.405423856705234,0.33054541974950247,0.0,0.0,0.19370460048426152,0.10653753026634383
HCT116,STAG2,STAG2_P2-1|STAG2_P2-2,110,12,0.8077366068170081,0.715924584747207,0.30327662261761,0.43596546434165107,0.0,0.0,0.6440677966101696,0.07506053268765134
HCT116,TMSB4X,TMSB4X_P1-1|TMSB4X_P1-2,214,28,0.7885361051509636,0.7996682218981689,0.3351141325079261,0.31936768978140884,0.0,0.0,0.24939467312348673,0.32445520581113807
HCT116,TMSB4X,TMSB4X_P2-1|TMSB4X_P2-2,28,214,0.7885361051509636,0.8201419633390283,0.46267984163720965,0.31639603920957365,0.0,0.06,0.0847457627118644,0.8595641646489104
HCT116,ZNF514,ZNF514_P1-1|ZNF514_P1-2,61,242,0.8102611762734825,0.8168695528224396,0.3790990141922648,0.318576109459068,0.01,0.09,0.3680387409200968,0.7094430992736078
HCT116,ZNF514,ZNF514_P2-1|ZNF514_P2-2,242,61,0.8102611762734825,0.8111971284240583,0.3077286052120033,0.3055417759163752,0.01,0.0,0.24213075060532685,0.2590799031476998
HCT116,ZNF768,ZNF768_P1-1|ZNF768_P1-2,34,297,0.780806946955611,0.8039831667534574,0.48653092976962925,0.3405352844725106,0.0,0.05,0.0871670702179177,0.38014527845036317
HCT116,ZNF768,ZNF768_P2-1|ZNF768_P2-2,297,34,0.780806946955611,0.7779690846416338,0.3479355816924736,0.35151819490201647,0.0,0.0,0.1694915254237288,0.15980629539951574
HEK293T,CAST,CAST_P1-1|CAST_P1-2,67,64,0.8293156076952696,0.6872618640031527,0.2980160392884039,0.4831893686091439,0.08,0.0,0.9443099273607748,0.009685230024213065
HEK293T,CAST,CAST_P2-1|CAST_P2-2,64,67,0.8293156076952696,0.6815685711837638,0.2894970628212351,0.4900353285734394,0.08,0.0,0.8523002421307506,0.009685230024213065
HEK293T,CAT,CAT_P1-1|CAT_P1-2,251,368,0.7660308299939866,0.7547431641604583,0.44138924564430215,0.5049380270724573,0.03,0.0,0.8861985472154964,0.38740920096852305
HEK293T,CAT,CAT_P2-1|CAT_P2-2,368,251,0.7660308299939866,0.7829649912394265,0.3920052464534186,0.4089053385564807,0.03,0.03,0.21307506053268765,0.7167070217917675
HEK293T,DAXX,DAXX_P1-1|DAXX_P1-2,68,304,0.740775885967506,0.7700239754776776,0.5892777418750146,0.4373909168613631,0.0,0.01,0.13559322033898302,0.7481840193704601
HEK293T,DAXX,DAXX_P2-1|DAXX_P2-2,304,68,0.740775885967506,0.7928725236833178,0.407063939494328,0.33567984959266967,0.0,0.0,0.1428571428571429,0.4939467312348669
HEK293T,KDM2B,KDM2B_ENST00000377069.4-1|KDM2B_ENST00000377069.4-2,336,66,0.7538787960583807,0.79727613914141,0.3910030381407699,0.3290102401952327,0.0,0.0,0.21307506053268765,0.5375302663438257
HEK293T,KDM2B,KDM2B_ENST00000377071.4-1|KDM2B_ENST00000377071.4-2,66,336,0.7538787960583807,0.7801868330516796,0.5630259859199407,0.41883875852609215,0.0,0.02,0.15980629539951574,0.9443099273607748
HEK293T,KLF10,KLF10_P1-1|KLF10_P1-2,169,373,0.7727930182191609,0.7228679599819557,0.4610782949155871,0.6838687832867022,0.0,0.0,0.7869249394673123,0.06779661016949157
HEK293T,KLF10,KLF10_P2-1|KLF10_P2-2,373,169,0.7727930182191609,0.7986973753578803,0.3713516355678044,0.4140889190343013,0.0,0.0,0.19370460048426152,0.4842615012106537
HEK293T,MED15,MED15_P1-1|MED15_P1-2,194,172,0.796076542996116,0.7950697324159639,0.35517786247288774,0.35528901854915024,0.07,0.05,0.6368038740920097,0.612590799031477
HEK293T,MED15,MED15_P2-1|MED15_P2-2,172,194,0.796076542996116,0.7937123142331586,0.3579300858885128,0.3554248834310914,0.07,0.04,0.6610169491525424,0.576271186440678
HEK293T,MYD88,MYD88_P1-1|MYD88_P1-2,172,276,0.7855597766917175,0.7783664586361941,0.3987606208093604,0.4052304270784187,0.01,0.06,0.9685230024213075,0.6150121065375302
HEK293T,MYD88,MYD88_P2-1|MYD88_P2-2,276,172,0.7855597766917175,0.7904207204695863,0.36228589125814986,0.36026189857850127,0.01,0.09,0.35351089588377727,0.44552058111380144
HEK293T,MYRF,MYRF_P1-1|MYRF_P1-2,243,576,0.7483662729592307,0.7532853348217962,0.5323811864016713,0.46754734762515615,0.0,0.03,0.7094430992736078,0.8837772397094431
HEK293T,MYRF,MYRF_P2-1|MYRF_P2-2,576,243,0.7483662729592307,0.7687675445245129,0.40771109935830546,0.3838209398827088,0.0,0.02,0.05084745762711862,0.15254237288135597
HEK293T,NABP2,NABP2_P1-1|NABP2_P1-2,261,144,0.7851308733208526,0.7743519460984355,0.3551743387913491,0.36950636259855624,0.0,0.0,0.3414043583535109,0.2300242130750605
HEK293T,NABP2,NABP2_P2-1|NABP2_P2-2,144,261,0.7851308733208526,0.7766687413174722,0.4119208351654329,0.3847097784109094,0.0,0.01,0.6537530266343825,0.35351089588377727
HEK293T,PBLD,PBLD_P1-1|PBLD_P1-2,198,188,0.7956602349171302,0.7975711729845908,0.3561654399744784,0.3594107739286035,0.08,0.08,0.7990314769975787,0.8983050847457628
HEK293T,PBLD,PBLD_P2-1|PBLD_P2-2,188,198,0.7956602349171302,0.7982061199932804,0.3557123168042132,0.3580899653707766,0.08,0.07,0.6004842615012107,0.6973365617433414
HEK293T,PDCD4,PDCD4_P1-1|PDCD4_P1-2,56,125,0.7989211101053948,0.8085454909676304,0.39642799715100396,0.35987682426854384,0.0,0.02,0.602905569007264,0.9225181598062954
HEK293T,PDCD4,PDCD4_P2-1|PDCD4_P2-2,125,56,0.7989211101053948,0.8298952975111612,0.32466926122058387,0.28507109651366896,0.0,0.01,0.5835351089588378,0.837772397094431
HEK293T,PRCP,PRCP_P1-1|PRCP_P1-2,150,412,0.7557292740589052,0.7620955279296346,0.49959486781325196,0.464112681064346,0.0,0.0,0.5472154963680387,0.8353510895883778
HEK293T,PRCP,PRCP_P2-1|PRCP_P2-2,412,150,0.7557292740589052,0.7917237318019333,0.39565397099948174,0.3535925115334495,0.0,0.05,0.09443099273607747,0.4576271186440678
HEK293T,PSMB9,PSMB9_P1-1|PSMB9_P1-2,339,139,0.7765198364921897,0.7311848530018615,0.36687464896817684,0.42724003629191565,0.0,0.0,0.2542372881355932,0.0266343825665859
HEK293T,PSMB9,PSMB9_P2-1|PSMB9_P2-2,139,339,0.7765198364921897,0.7534278980663377,0.44308007234409363,0.40924907279719025,0.0,0.0,0.6949152542372881,0.1428571428571429
HEK293T,STAG2,STAG2_P1-1|STAG2_P1-2,26,108,0.8153395840873517,0.725188426908043,0.3682420580300091,0.43209887142093745,0.0,0.0,0.7409200968523002,0.03631961259079908
HEK293T,STAG2,STAG2_P2-1|STAG2_P2-2,108,26,0.8153395840873517,0.6679270549062074,0.2979300302141716,0.5044381979943859,0.0,0.0,0.8038740920096852,0.03147699757869249
HEK293T,TMSB4X,TMSB4X_P1-1|TMSB4X_P1-2,295,50,0.7328974898086383,0.7672040196902897,0.4190598195863611,0.3712177728741868,0.0,0.0,0.19612590799031482,0.3704600484261501
HEK293T,TMSB4X,TMSB4X_P2-1|TMSB4X_P2-2,50,295,0.7328974898086383,0.78266295415922,0.6444841199125966,0.4005425717679769,0.0,0.03,0.07263922518159804,0.9927360774818402
HEK293T,ZNF514,ZNF514_P1-1|ZNF514_P1-2,76,335,0.76142328170509,0.7604472172432887,0.5201157280381186,0.4261724502259846,0.0,0.02,0.22033898305084743,0.2033898305084746
HEK293T,ZNF514,ZNF514_P2-1|ZNF514_P2-2,335,76,0.76142328170509,0.763305421833828,0.3813234589766364,0.3775994357174695,0.0,0.0,0.21065375302663436,0.225181598062954
HEK293T,ZNF768,ZNF768_P1-1|ZNF768_P1-2,52,336,0.7467036512050891,0.7622380199974912,0.5938967091287533,0.40196761036909906,0.0,0.03,0.08958837772397099,0.18886198547215494
HEK293T,ZNF768,ZNF768_P2-1|ZNF768_P2-2,336,52,0.7467036512050891,0.7076887871451667,0.40064831242852644,0.45365063608536826,0.0,0.0,0.23728813559322037,0.06779661016949157
