source,model,target_gene,n_strong,signed_recovery,unsigned_recall,sign_given_recovered,non_strong_energy_fraction,strong_de_lfc_nmae
K562_GWPS,unchanged,ACAT2,313,0.0,0.03194888178913738,0.0,,1.0
K562_GWPS,direct,ACAT2,313,0.06070287539936102,0.0670926517571885,0.9047619047619048,0.9563455195800806,0.9127659535848361
K562_GWPS,global_median,ACAT2,313,0.06070287539936102,0.0670926517571885,0.9047619047619048,0.9558357249276545,0.9961580752757463
K562_GWPS,context_interaction,ACAT2,313,0.04153354632587859,0.06070287539936102,0.6842105263157895,0.9414988702569449,0.9970100675854902
K562_GWPS,unchanged,ACVR1B,25,0.0,0.0,,,1.0
K562_GWPS,direct,ACVR1B,25,0.04,0.04,1.0,0.9907032633321077,0.9327549112001264
K562_GWPS,global_median,ACVR1B,25,0.04,0.04,1.0,0.9907436164900382,0.9965013953754548
K562_GWPS,context_interaction,ACVR1B,25,0.04,0.04,1.0,0.9681967177369373,0.9943446393538002
K562_GWPS,unchanged,AKT2,50,0.0,0.02,0.0,,1.0
K562_GWPS,direct,AKT2,50,0.02,0.02,1.0,0.966363759869329,0.9737122791271386
K562_GWPS,global_median,AKT2,50,0.02,0.02,1.0,0.9666277240954373,0.9896822868514247
K562_GWPS,context_interaction,AKT2,50,0.04,0.04,1.0,0.9927676965548499,0.9943264242604114
K562_GWPS,unchanged,ARID1A,220,0.0,0.01818181818181818,0.0,,1.0
K562_GWPS,direct,ARID1A,220,0.013636363636363636,0.031818181818181815,0.42857142857142855,0.9632334312907168,0.9931345063768986
K562_GWPS,global_median,ARID1A,220,0.013636363636363636,0.031818181818181815,0.42857142857142855,0.9631986623960103,0.999442862585679
K562_GWPS,context_interaction,ARID1A,220,0.031818181818181815,0.06818181818181818,0.4666666666666667,0.9045582742330489,0.9996464547974092
K562_GWPS,unchanged,ATM,76,0.0,0.0,,,1.0
K562_GWPS,direct,ATM,76,0.0,0.0,,0.9963374883511641,0.9765289096990065
K562_GWPS,global_median,ATM,76,0.0,0.0,,0.996420595605427,0.9980229190919528
K562_GWPS,context_interaction,ATM,76,0.0,0.013157894736842105,0.0,0.990230895989628,1.0002944712398
K562_GWPS,unchanged,BIRC2,75,0.0,0.0,,,1.0
K562_GWPS,direct,BIRC2,75,0.02666666666666667,0.02666666666666667,1.0,0.955096825377475,0.9080944479527462
K562_GWPS,global_median,BIRC2,75,0.02666666666666667,0.02666666666666667,1.0,0.9552366802911956,0.9949099617146665
K562_GWPS,context_interaction,BIRC2,75,0.02666666666666667,0.04,0.6666666666666666,0.98278809353216,0.9979501162620404
K562_GWPS,unchanged,C1QBP,66,0.0,0.0,,,1.0
K562_GWPS,direct,C1QBP,66,0.030303030303030304,0.045454545454545456,0.6666666666666666,0.9922292930036859,0.9674255775347395
K562_GWPS,global_median,C1QBP,66,0.030303030303030304,0.045454545454545456,0.6666666666666666,0.9920663266133206,0.9973239547363784
K562_GWPS,context_interaction,C1QBP,66,0.030303030303030304,0.030303030303030304,1.0,0.9896484246419105,0.9941786765605481
K562_GWPS,unchanged,CALM3,1,0.0,0.0,,,
K562_GWPS,direct,CALM3,1,0.0,0.0,,0.9987792195092674,
K562_GWPS,global_median,CALM3,1,0.0,0.0,,0.9988030310718242,
K562_GWPS,context_interaction,CALM3,1,0.0,0.0,,0.99896542999706,
K562_GWPS,unchanged,CASP2,2,0.0,0.0,,,
K562_GWPS,direct,CASP2,2,0.0,0.0,,0.9999970736287963,
K562_GWPS,global_median,CASP2,2,0.0,0.0,,0.9999952392650557,
K562_GWPS,context_interaction,CASP2,2,0.0,0.0,,0.9999880595689807,
K562_GWPS,unchanged,CASP3,417,0.0,0.03836930455635491,0.0,,1.0
K562_GWPS,direct,CASP3,417,0.03357314148681055,0.050359712230215826,0.6666666666666666,0.9130631559490894,0.9664104917324957
K562_GWPS,global_median,CASP3,417,0.03597122302158273,0.05275779376498801,0.6818181818181818,0.9133048971793688,0.9972505346490455
K562_GWPS,context_interaction,CASP3,417,0.047961630695443645,0.07673860911270983,0.625,0.893716497935766,0.9976462400424863
K562_GWPS,unchanged,CAST,38,0.0,0.02631578947368421,0.0,,1.0
K562_GWPS,direct,CAST,38,0.07894736842105263,0.13157894736842105,0.6,0.9668834879178546,1.0207407306827547
K562_GWPS,global_median,CAST,38,0.07894736842105263,0.13157894736842105,0.6,0.9672515248256498,0.9901021235308897
K562_GWPS,context_interaction,CAST,38,0.0,0.10526315789473684,0.0,0.8922317892350782,1.0259258386932297
K562_GWPS,unchanged,CDCA2,8,0.0,0.0,,,
K562_GWPS,direct,CDCA2,8,0.125,0.125,1.0,0.9827904056423624,
K562_GWPS,global_median,CDCA2,8,0.125,0.125,1.0,0.9828397864866882,
K562_GWPS,context_interaction,CDCA2,8,0.125,0.125,1.0,0.9887971677147565,
K562_GWPS,unchanged,CENPO,5,0.0,0.0,,,
K562_GWPS,direct,CENPO,5,0.2,0.2,1.0,0.9915130744630137,
K562_GWPS,global_median,CENPO,5,0.2,0.2,1.0,0.9916099433431582,
K562_GWPS,context_interaction,CENPO,5,0.0,0.0,,0.9842485990469519,
K562_GWPS,unchanged,CHMP3,98,0.0,0.0,,,1.0
K562_GWPS,direct,CHMP3,98,0.02040816326530612,0.04081632653061224,0.5,0.9920965321025806,1.0942695824813482
K562_GWPS,global_median,CHMP3,98,0.02040816326530612,0.04081632653061224,0.5,0.9917106422672554,1.002143942208938
K562_GWPS,context_interaction,CHMP3,98,0.02040816326530612,0.04081632653061224,0.5,0.9674800988278244,1.0038461550270474
K562_GWPS,unchanged,CLDN6,4,0.0,0.0,,,
K562_GWPS,direct,CLDN6,4,0.0,0.0,,0.999789890997138,
K562_GWPS,global_median,CLDN6,4,0.0,0.0,,0.9997692969016274,
K562_GWPS,context_interaction,CLDN6,4,0.0,0.0,,0.999262647536493,
K562_GWPS,unchanged,CLDN7,7,0.0,0.0,,,
K562_GWPS,direct,CLDN7,7,0.0,0.0,,0.9999404493160872,
K562_GWPS,global_median,CLDN7,7,0.0,0.0,,0.9999434349209121,
K562_GWPS,context_interaction,CLDN7,7,0.0,0.0,,0.9996770872462585,
K562_GWPS,unchanged,CREG1,4,0.0,0.0,,,
K562_GWPS,direct,CREG1,4,0.0,0.0,,0.9998379898381441,
K562_GWPS,global_median,CREG1,4,0.0,0.0,,0.9998480881949676,
K562_GWPS,context_interaction,CREG1,4,0.0,0.0,,0.9999196153468013,
K562_GWPS,unchanged,DAXX,28,0.0,0.0,,,1.0
K562_GWPS,direct,DAXX,28,0.03571428571428571,0.03571428571428571,1.0,0.9972339017905678,0.9801022726832676
K562_GWPS,global_median,DAXX,28,0.03571428571428571,0.03571428571428571,1.0,0.9971950085422847,0.9985270459927126
K562_GWPS,context_interaction,DAXX,28,0.0,0.0,,0.9996281545629985,0.9993330171566182
K562_GWPS,unchanged,DHCR24,32,0.0,0.0,,,1.0
K562_GWPS,direct,DHCR24,32,0.0,0.0,,0.9976953466458102,0.9193551368915417
K562_GWPS,global_median,DHCR24,32,0.0,0.0,,0.9975766960754188,0.9959443998941724
K562_GWPS,context_interaction,DHCR24,32,0.0,0.0,,0.9965447960020571,0.9948253114105575
K562_GWPS,unchanged,DHX36,1387,0.0,0.12977649603460706,0.0,,1.0
K562_GWPS,direct,DHX36,1387,0.16870944484498918,0.18168709444844988,0.9285714285714286,0.8066646553629816,0.8939052624331746
K562_GWPS,global_median,DHX36,1387,0.16943042537851477,0.18240807498197548,0.9288537549407114,0.8055371890697294,0.9935834477812908
K562_GWPS,context_interaction,DHX36,1387,0.14203316510454217,0.16366258111031,0.8678414096916299,0.747572213474277,0.9928961345037842
K562_GWPS,unchanged,DLG5,85,0.0,0.011764705882352941,0.0,,1.0
K562_GWPS,direct,DLG5,85,0.047058823529411764,0.058823529411764705,0.8,0.972283428215819,0.9133128617831635
K562_GWPS,global_median,DLG5,85,0.047058823529411764,0.058823529411764705,0.8,0.9726138886032767,0.9950595686300225
K562_GWPS,context_interaction,DLG5,85,0.058823529411764705,0.07058823529411765,0.8333333333333334,0.9678581288980798,0.9947502555458008
K562_GWPS,unchanged,DNMT1,1279,0.0,0.11415168100078187,0.0,,1.0
K562_GWPS,direct,DNMT1,1279,0.08835027365129007,0.127443315089914,0.6932515337423313,0.8284937152613248,0.9594468702315792
K562_GWPS,global_median,DNMT1,1279,0.08678655199374512,0.12431587177482409,0.6981132075471698,0.8306486035338702,0.9974684376873293
K562_GWPS,context_interaction,DNMT1,1279,0.08287724784988272,0.13213448006254885,0.6272189349112426,0.7819216473739763,0.997819555353281
K562_GWPS,unchanged,EID2,4,0.0,0.0,,,
K562_GWPS,direct,EID2,4,0.0,0.0,,0.9993568737078379,
K562_GWPS,global_median,EID2,4,0.0,0.0,,0.999323587467907,
K562_GWPS,context_interaction,EID2,4,0.0,0.0,,0.9978288776178259,
K562_GWPS,unchanged,EIF4B,124,0.0,0.0,,,1.0
K562_GWPS,direct,EIF4B,124,0.008064516129032258,0.008064516129032258,1.0,0.9881005853110681,0.9589555521171089
K562_GWPS,global_median,EIF4B,124,0.008064516129032258,0.008064516129032258,1.0,0.9880219564555601,0.9954528384337661
K562_GWPS,context_interaction,EIF4B,124,0.016129032258064516,0.03225806451612903,0.5,0.9823814626161703,0.9961637978069771
K562_GWPS,unchanged,EWSR1,178,0.0,0.033707865168539325,0.0,,1.0
K562_GWPS,direct,EWSR1,178,0.028089887640449437,0.028089887640449437,1.0,0.9852506732747985,0.9504207807640944
K562_GWPS,global_median,EWSR1,178,0.028089887640449437,0.028089887640449437,1.0,0.9854614268871391,0.9964490473106367
K562_GWPS,context_interaction,EWSR1,178,0.02247191011235955,0.033707865168539325,0.6666666666666666,0.9747691173167986,0.996384085551228
K562_GWPS,unchanged,FOXH1,32,0.0,0.0,,,1.0
K562_GWPS,direct,FOXH1,32,0.0,0.0,,0.9979800257871786,1.0033736167087715
K562_GWPS,global_median,FOXH1,32,0.0,0.0,,0.9979984936980993,1.0003211036138002
K562_GWPS,context_interaction,FOXH1,32,0.0,0.0,,0.9959161089652935,0.9994081740869907
K562_GWPS,unchanged,GSK3B,217,0.0,0.018433179723502304,0.0,,1.0
K562_GWPS,direct,GSK3B,217,0.027649769585253458,0.041474654377880185,0.6666666666666666,0.9649810967671473,0.9572322475642044
K562_GWPS,global_median,GSK3B,217,0.027649769585253458,0.041474654377880185,0.6666666666666666,0.9657060488549758,0.9975980132122138
K562_GWPS,context_interaction,GSK3B,217,0.027649769585253458,0.04608294930875576,0.6,0.9581977219946964,0.9974238554172836
K562_GWPS,unchanged,HAT1,29,0.0,0.0,,,1.0
K562_GWPS,direct,HAT1,29,0.0,0.0,,0.9998738130904725,1.13595788176043
K562_GWPS,global_median,HAT1,29,0.0,0.0,,0.9998843552968721,1.0068987433515366
K562_GWPS,context_interaction,HAT1,29,0.0,0.0,,0.9996983734158766,1.0098364271551876
K562_GWPS,unchanged,HIRA,32,0.0,0.03125,0.0,,1.0
K562_GWPS,direct,HIRA,32,0.0,0.0,,0.9981897640959133,0.9835300437071115
K562_GWPS,global_median,HIRA,32,0.0,0.0,,0.9981648878409984,0.9989301124851488
K562_GWPS,context_interaction,HIRA,32,0.03125,0.03125,1.0,0.9918697237466699,0.9961175466470338
K562_GWPS,unchanged,HMGB2,26,0.0,0.0,,,1.0
K562_GWPS,direct,HMGB2,26,0.07692307692307693,0.07692307692307693,1.0,0.9758308293097048,0.8464879799871696
K562_GWPS,global_median,HMGB2,26,0.07692307692307693,0.07692307692307693,1.0,0.9760234356612135,0.9915847253345201
K562_GWPS,context_interaction,HMGB2,26,0.11538461538461539,0.11538461538461539,1.0,0.9416425914993501,0.9867928124543572
K562_GWPS,unchanged,HMGN1,3,0.0,0.0,,,
K562_GWPS,direct,HMGN1,3,0.0,0.0,,0.9999989905440306,
K562_GWPS,global_median,HMGN1,3,0.0,0.0,,0.9999999616996308,
K562_GWPS,context_interaction,HMGN1,3,0.0,0.0,,0.9999999882659136,
K562_GWPS,unchanged,IDE,0,,,,,
K562_GWPS,direct,IDE,0,,,,,
K562_GWPS,global_median,IDE,0,,,,,
K562_GWPS,context_interaction,IDE,0,,,,,
K562_GWPS,unchanged,IGF2R,6,0.0,0.0,,,
K562_GWPS,direct,IGF2R,6,0.0,0.0,,0.9972920045882907,
K562_GWPS,global_median,IGF2R,6,0.0,0.0,,0.9973251434620161,
K562_GWPS,context_interaction,IGF2R,6,0.0,0.0,,0.997114721362037,
K562_GWPS,unchanged,IKBKG,12,0.0,0.0,,,1.0
K562_GWPS,direct,IKBKG,12,0.0,0.0,,0.9998458382732752,1.0044890629399181
K562_GWPS,global_median,IKBKG,12,0.0,0.0,,0.9998259094883282,1.0000958488177656
K562_GWPS,context_interaction,IKBKG,12,0.0,0.0,,0.9999805517098402,0.9996607343566248
K562_GWPS,unchanged,INSIG1,219,0.0,0.0182648401826484,0.0,,1.0
K562_GWPS,direct,INSIG1,219,0.0365296803652968,0.0365296803652968,1.0,0.9697247953643024,0.9659465204800585
K562_GWPS,global_median,INSIG1,219,0.0365296803652968,0.0365296803652968,1.0,0.9691142222659535,0.9945828178282965
K562_GWPS,context_interaction,INSIG1,219,0.0365296803652968,0.045662100456621,0.8,0.9603600266771527,0.9957351513234024
K562_GWPS,unchanged,IRF3,4,0.0,0.0,,,
K562_GWPS,direct,IRF3,4,0.25,0.25,1.0,0.9831303195586896,
K562_GWPS,global_median,IRF3,4,0.25,0.25,1.0,0.9831692541588807,
K562_GWPS,context_interaction,IRF3,4,0.25,0.25,1.0,0.9790444561962595,
K562_GWPS,unchanged,KAT2A,738,0.0,0.06368563685636856,0.0,,1.0
K562_GWPS,direct,KAT2A,738,0.02710027100271003,0.05420054200542006,0.5,0.9492767485836344,1.0103364746883687
K562_GWPS,global_median,KAT2A,738,0.025745257452574527,0.051490514905149054,0.5,0.9496291800519598,1.000141316054912
K562_GWPS,context_interaction,KAT2A,738,0.06097560975609756,0.09349593495934959,0.6521739130434783,0.9168515967614794,0.9980373124943718
K562_GWPS,unchanged,KDM2B,44,0.0,0.022727272727272728,0.0,,1.0
K562_GWPS,direct,KDM2B,44,0.022727272727272728,0.022727272727272728,1.0,0.9958115692658229,0.9883182292318871
K562_GWPS,global_median,KDM2B,44,0.022727272727272728,0.022727272727272728,1.0,0.9958519305028302,0.9992099901049148
K562_GWPS,context_interaction,KDM2B,44,0.045454545454545456,0.045454545454545456,1.0,0.9823326427535896,0.9982504830464792
K562_GWPS,unchanged,KIF1B,2,0.0,0.0,,,
K562_GWPS,direct,KIF1B,2,0.0,0.0,,0.9999986935600083,
K562_GWPS,global_median,KIF1B,2,0.0,0.0,,0.999999551810054,
K562_GWPS,context_interaction,KIF1B,2,0.0,0.0,,0.9999996662139589,
K562_GWPS,unchanged,KLF10,15,0.0,0.0,,,1.0
K562_GWPS,direct,KLF10,15,0.0,0.0,,0.9991005381136217,0.9846589349819814
K562_GWPS,global_median,KLF10,15,0.0,0.0,,0.9991048691143034,0.9993243546999875
K562_GWPS,context_interaction,KLF10,15,0.0,0.0,,0.9983594582149593,1.0003520963134476
K562_GWPS,unchanged,LRPPRC,98,0.0,0.02040816326530612,0.0,,1.0
K562_GWPS,direct,LRPPRC,98,0.07142857142857142,0.07142857142857142,1.0,0.9477835458524437,0.8660932259839026
K562_GWPS,global_median,LRPPRC,98,0.08163265306122448,0.08163265306122448,1.0,0.9477804577837616,0.9829082950628083
K562_GWPS,context_interaction,LRPPRC,98,0.09183673469387756,0.10204081632653061,0.9,0.519943081564483,0.9494561142852852
K562_GWPS,unchanged,LZTR1,191,0.0,0.015706806282722512,0.0,,1.0
K562_GWPS,direct,LZTR1,191,0.041884816753926704,0.04712041884816754,0.8888888888888888,0.9402925878501918,0.9463072453556062
K562_GWPS,global_median,LZTR1,191,0.03664921465968586,0.041884816753926704,0.875,0.9406645994157644,0.9956786549681549
K562_GWPS,context_interaction,LZTR1,191,0.03664921465968586,0.07853403141361257,0.4666666666666667,0.9182362982580975,0.9975355474381504
K562_GWPS,unchanged,MAP1B,3,0.0,0.0,,,
K562_GWPS,direct,MAP1B,3,0.3333333333333333,0.3333333333333333,1.0,0.9924772262652425,
K562_GWPS,global_median,MAP1B,3,0.3333333333333333,0.3333333333333333,1.0,0.9925303979565124,
K562_GWPS,context_interaction,MAP1B,3,0.0,0.0,,0.9960670638998941,
K562_GWPS,unchanged,MAP3K7,1,0.0,0.0,,,
K562_GWPS,direct,MAP3K7,1,0.0,0.0,,0.9999994474534475,
K562_GWPS,global_median,MAP3K7,1,0.0,0.0,,0.9999999117030423,
K562_GWPS,context_interaction,MAP3K7,1,0.0,0.0,,0.9999999628682522,
K562_GWPS,unchanged,MAPKAPK2,5,0.0,0.0,,,
K562_GWPS,direct,MAPKAPK2,5,0.0,0.0,,0.9994200955410613,
K562_GWPS,global_median,MAPKAPK2,5,0.0,0.0,,0.9994563768307595,
K562_GWPS,context_interaction,MAPKAPK2,5,0.0,0.0,,0.9992921353183926,
K562_GWPS,unchanged,MAST2,0,,,,,
K562_GWPS,direct,MAST2,0,,,,,
K562_GWPS,global_median,MAST2,0,,,,,
K562_GWPS,context_interaction,MAST2,0,,,,,
K562_GWPS,unchanged,MAU2,902,0.0,0.11197339246119734,0.0,,1.0
K562_GWPS,direct,MAU2,902,0.0565410199556541,0.07982261640798226,0.7083333333333334,0.93638314428039,0.9632252322602103
K562_GWPS,global_median,MAU2,902,0.0565410199556541,0.07982261640798226,0.7083333333333334,0.9365111983456317,0.9971757645827295
K562_GWPS,context_interaction,MAU2,902,0.06430155210643015,0.08980044345898004,0.7160493827160493,0.9013652691631344,0.9961576591992688
K562_GWPS,unchanged,MBTPS1,384,0.0,0.036458333333333336,0.0,,1.0
K562_GWPS,direct,MBTPS1,384,0.0859375,0.09114583333333333,0.9428571428571428,0.9239756936346836,0.9090478780647812
K562_GWPS,global_median,MBTPS1,384,0.08854166666666667,0.09375,0.9444444444444444,0.925517960583873,0.9938443256348503
K562_GWPS,context_interaction,MBTPS1,384,0.0546875,0.06510416666666667,0.84,0.903064470751822,0.9955518001539451
K562_GWPS,unchanged,MED1,302,0.0,0.023178807947019868,0.0,,1.0
K562_GWPS,direct,MED1,302,0.0033112582781456954,0.009933774834437087,0.3333333333333333,0.9902735507579387,0.9639858306522423
K562_GWPS,global_median,MED1,302,0.0,0.006622516556291391,0.0,0.990553054716085,0.9980467623288659
K562_GWPS,context_interaction,MED1,302,0.019867549668874173,0.033112582781456956,0.6,0.9805093299619044,0.9986242241850212
K562_GWPS,unchanged,MED12,68,0.0,0.0,,,1.0
K562_GWPS,direct,MED12,68,0.0,0.0,,0.9962314154442997,0.9952071584189226
K562_GWPS,global_median,MED12,68,0.0,0.0,,0.9968161910662937,0.9955578111334743
K562_GWPS,context_interaction,MED12,68,0.0,0.014705882352941176,0.0,0.991751441537987,0.9966465840034892
K562_GWPS,unchanged,MED13,113,0.0,0.008849557522123894,0.0,,1.0
K562_GWPS,direct,MED13,113,0.0,0.008849557522123894,0.0,0.9945701695159215,0.9934245637105631
K562_GWPS,global_median,MED13,113,0.0,0.008849557522123894,0.0,0.994580505085362,0.999853627297097
K562_GWPS,context_interaction,MED13,113,0.02654867256637168,0.035398230088495575,0.75,0.987339623801368,0.9985002925509203
K562_GWPS,unchanged,MED13L,16,0.0,0.0,,,1.0
K562_GWPS,direct,MED13L,16,0.0,0.0,,0.9997999557556088,0.9863745485153687
K562_GWPS,global_median,MED13L,16,0.0,0.0,,0.9998190424410044,0.9996660132138868
K562_GWPS,context_interaction,MED13L,16,0.0,0.0,,0.999442859627297,0.9999018194965844
K562_GWPS,unchanged,MED24,647,0.0,0.06800618238021638,0.0,,1.0
K562_GWPS,direct,MED24,647,0.03400309119010819,0.04945904173106646,0.6875,0.9906450895259756,0.9940452041926059
K562_GWPS,global_median,MED24,647,0.03863987635239567,0.05255023183925812,0.7352941176470589,0.9909252713939389,0.9968227846694059
K562_GWPS,context_interaction,MED24,647,0.04791344667697063,0.0695517774343122,0.6888888888888889,0.9837053778682137,0.9954139114802376
K562_GWPS,unchanged,METTL14,3008,0.0,0.26628989361702127,0.0,,1.0
K562_GWPS,direct,METTL14,3008,0.24368351063829788,0.2912234042553192,0.83675799086758,0.6545672203046486,0.9037364592420838
K562_GWPS,global_median,METTL14,3008,0.24335106382978725,0.2892287234042553,0.8413793103448276,0.6550691092137126,0.9934098333911737
K562_GWPS,context_interaction,METTL14,3008,0.22440159574468085,0.28257978723404253,0.7941176470588235,0.6216891071890374,0.9939798189221011
K562_GWPS,unchanged,METTL17,81,0.0,0.024691358024691357,0.0,,1.0
K562_GWPS,direct,METTL17,81,0.024691358024691357,0.024691358024691357,1.0,0.9892033106927669,0.9407210677828289
K562_GWPS,global_median,METTL17,81,0.024691358024691357,0.024691358024691357,1.0,0.98908904922899,0.9972456995414445
K562_GWPS,context_interaction,METTL17,81,0.024691358024691357,0.07407407407407407,0.3333333333333333,0.9384719477437445,1.0018893381471716
K562_GWPS,unchanged,METTL3,2926,0.0,0.2573479152426521,0.0,,1.0
K562_GWPS,direct,METTL3,2926,0.23581681476418317,0.2822966507177033,0.8353510895883777,0.6730738493701434,0.9167882820925854
K562_GWPS,global_median,METTL3,2926,0.23444976076555024,0.28161312371838687,0.8325242718446602,0.6731681002369435,0.9953222810936941
K562_GWPS,context_interaction,METTL3,2926,0.21838687628161313,0.27101845522898155,0.8058007566204287,0.6297421259584268,0.9952381458604589
K562_GWPS,unchanged,MKI67,5,0.0,0.0,,,
K562_GWPS,direct,MKI67,5,0.0,0.0,,0.9999816203120215,
K562_GWPS,global_median,MKI67,5,0.0,0.0,,0.9999742331110495,
K562_GWPS,context_interaction,MKI67,5,0.0,0.0,,0.9999452039280174,
K562_GWPS,unchanged,MTA1,28,0.0,0.0,,,1.0
K562_GWPS,direct,MTA1,28,0.17857142857142858,0.17857142857142858,1.0,0.9224546601500992,0.6269466165732361
K562_GWPS,global_median,MTA1,28,0.17857142857142858,0.17857142857142858,1.0,0.9229236481924622,0.9836132205721927
K562_GWPS,context_interaction,MTA1,28,0.10714285714285714,0.10714285714285714,1.0,0.9637408876509518,0.9914473831664384
K562_GWPS,unchanged,NCK2,2,0.0,0.0,,,
K562_GWPS,direct,NCK2,2,0.5,0.5,1.0,0.9891479470216774,
K562_GWPS,global_median,NCK2,2,0.5,0.5,1.0,0.9891942295974241,
K562_GWPS,context_interaction,NCK2,2,0.5,0.5,1.0,0.9666416625990465,
K562_GWPS,unchanged,NDUFB4,17,0.0,0.058823529411764705,0.0,,1.0
K562_GWPS,direct,NDUFB4,17,0.058823529411764705,0.058823529411764705,1.0,0.9910436872459318,0.8764101623224017
K562_GWPS,global_median,NDUFB4,17,0.058823529411764705,0.058823529411764705,1.0,0.991136806554066,0.9897453575056276
K562_GWPS,context_interaction,NDUFB4,17,0.058823529411764705,0.058823529411764705,1.0,0.9268330555163522,0.9729770078000362
K562_GWPS,unchanged,NDUFB6,12,0.0,0.0,,,1.0
K562_GWPS,direct,NDUFB6,12,0.08333333333333333,0.08333333333333333,1.0,0.9973638804978647,0.8857679888432275
K562_GWPS,global_median,NDUFB6,12,0.08333333333333333,0.08333333333333333,1.0,0.9973843804074676,0.994899212682952
K562_GWPS,context_interaction,NDUFB6,12,0.08333333333333333,0.08333333333333333,1.0,0.9720266872959248,0.9827954132909733
K562_GWPS,unchanged,NISCH,6,0.0,0.0,,,
K562_GWPS,direct,NISCH,6,0.16666666666666666,0.16666666666666666,1.0,0.9725591785030313,
K562_GWPS,global_median,NISCH,6,0.16666666666666666,0.16666666666666666,1.0,0.9726088288699146,
K562_GWPS,context_interaction,NISCH,6,0.16666666666666666,0.16666666666666666,1.0,0.9808694937664563,
K562_GWPS,unchanged,NIT1,143,0.0,0.03496503496503497,0.0,,1.0
K562_GWPS,direct,NIT1,143,0.013986013986013986,0.013986013986013986,1.0,0.9886177683019265,0.9853766583121311
K562_GWPS,global_median,NIT1,143,0.013986013986013986,0.013986013986013986,1.0,0.9886879860649816,0.9987962736057784
K562_GWPS,context_interaction,NIT1,143,0.03496503496503497,0.04195804195804196,0.8333333333333334,0.9805243015857819,0.9980760739541829
K562_GWPS,unchanged,NRAS,5,0.0,0.0,,,
K562_GWPS,direct,NRAS,5,0.2,0.2,1.0,0.9885338309039599,
K562_GWPS,global_median,NRAS,5,0.2,0.2,1.0,0.9886406020602329,
K562_GWPS,context_interaction,NRAS,5,0.2,0.2,1.0,0.9912836571228284,
K562_GWPS,unchanged,OXCT1,129,0.0,0.0,,,1.0
K562_GWPS,direct,OXCT1,129,0.13953488372093023,0.13953488372093023,1.0,0.7787047076013869,0.8366636959956889
K562_GWPS,global_median,OXCT1,129,0.13953488372093023,0.13953488372093023,1.0,0.7802070250893818,0.9902877380216718
K562_GWPS,context_interaction,OXCT1,129,0.10077519379844961,0.10852713178294573,0.9285714285714286,0.6964372931438014,0.9924367169224995
K562_GWPS,unchanged,PAGR1,18,0.0,0.0,,,1.0
K562_GWPS,direct,PAGR1,18,0.0,0.0,,0.998926262624131,0.9506440937498293
K562_GWPS,global_median,PAGR1,18,0.0,0.0,,0.9989491894581788,0.99721654268935
K562_GWPS,context_interaction,PAGR1,18,0.05555555555555555,0.05555555555555555,1.0,0.9954955699773982,0.9937427800962276
K562_GWPS,unchanged,PBX1,5,0.0,0.0,,,
K562_GWPS,direct,PBX1,5,0.0,0.0,,0.9999999386308143,
K562_GWPS,global_median,PBX1,5,0.0,0.0,,0.9999989553039961,
K562_GWPS,context_interaction,PBX1,5,0.0,0.0,,0.9999996368837534,
K562_GWPS,unchanged,PHF10,120,0.0,0.016666666666666666,0.0,,1.0
K562_GWPS,direct,PHF10,120,0.075,0.08333333333333333,0.9,0.9475120996172609,0.8757537600675325
K562_GWPS,global_median,PHF10,120,0.075,0.08333333333333333,0.9,0.9482360238942443,0.9894569612718411
K562_GWPS,context_interaction,PHF10,120,0.058333333333333334,0.06666666666666667,0.875,0.9462744861517638,0.9912883132635578
K562_GWPS,unchanged,PHF14,24,0.0,0.0,,,1.0
K562_GWPS,direct,PHF14,24,0.0,0.0,,0.9997217690287334,1.009302074595807
K562_GWPS,global_median,PHF14,24,0.0,0.0,,0.9996959499304041,1.0005153454661875
K562_GWPS,context_interaction,PHF14,24,0.0,0.0,,0.9991411671365124,1.0016767473399337
K562_GWPS,unchanged,PLCB3,2,0.0,0.0,,,
K562_GWPS,direct,PLCB3,2,0.0,0.0,,0.9992859232096344,
K562_GWPS,global_median,PLCB3,2,0.0,0.0,,0.9993222045986663,
K562_GWPS,context_interaction,PLCB3,2,0.0,0.0,,0.9973726827121911,
K562_GWPS,unchanged,PMS1,1,0.0,0.0,,,
K562_GWPS,direct,PMS1,1,0.0,0.0,,0.9979772542481624,
K562_GWPS,global_median,PMS1,1,0.0,0.0,,0.9980216643058601,
K562_GWPS,context_interaction,PMS1,1,0.0,0.0,,0.9979249582945948,
K562_GWPS,unchanged,POLB,3,0.0,0.0,,,
K562_GWPS,direct,POLB,3,0.0,0.0,,0.9950458222257713,
K562_GWPS,global_median,POLB,3,0.0,0.0,,0.9950895095587479,
K562_GWPS,context_interaction,POLB,3,0.0,0.0,,0.9984157114375325,
K562_GWPS,unchanged,PRCP,6,0.0,0.0,,,
K562_GWPS,direct,PRCP,6,0.16666666666666666,0.16666666666666666,1.0,0.969659689956969,
K562_GWPS,global_median,PRCP,6,0.16666666666666666,0.16666666666666666,1.0,0.9697133611694437,
K562_GWPS,context_interaction,PRCP,6,0.0,0.0,,0.9989578230075155,
K562_GWPS,unchanged,PRR12,105,0.0,0.009523809523809525,0.0,,1.0
K562_GWPS,direct,PRR12,105,0.02857142857142857,0.02857142857142857,1.0,0.9826832352644717,0.9756961827899254
K562_GWPS,global_median,PRR12,105,0.02857142857142857,0.02857142857142857,1.0,0.9827570762748374,0.9977337366441827
K562_GWPS,context_interaction,PRR12,105,0.02857142857142857,0.0380952380952381,0.75,0.9449074172376858,0.995079034781196
K562_GWPS,unchanged,PTPN1,2,0.0,0.0,,,
K562_GWPS,direct,PTPN1,2,0.0,0.0,,0.9998877540439534,
K562_GWPS,global_median,PTPN1,2,0.0,0.0,,0.9998964444608014,
K562_GWPS,context_interaction,PTPN1,2,0.0,0.0,,0.9999429371687762,
K562_GWPS,unchanged,RAF1,38,0.0,0.0,,,1.0
K562_GWPS,direct,RAF1,38,0.0,0.0,,0.9968049729645414,0.9645613772138616
K562_GWPS,global_median,RAF1,38,0.0,0.0,,0.9967960426486138,0.9977136691096595
K562_GWPS,context_interaction,RAF1,38,0.0,0.0,,0.997013898459113,0.999911875817271
K562_GWPS,unchanged,RNF2,377,0.0,0.034482758620689655,0.0,,1.0
K562_GWPS,direct,RNF2,377,0.015915119363395226,0.029177718832891247,0.5454545454545454,0.9813966691008125,0.9971530516072238
K562_GWPS,global_median,RNF2,377,0.013262599469496022,0.026525198938992044,0.5,0.9812465725098093,0.9995446708637455
K562_GWPS,context_interaction,RNF2,377,0.034482758620689655,0.05305039787798409,0.65,0.9494469007136451,0.9988822040294432
K562_GWPS,unchanged,RRM1,5,0.0,0.0,,,
K562_GWPS,direct,RRM1,5,0.0,0.0,,0.9987575579721293,
K562_GWPS,global_median,RRM1,5,0.0,0.0,,0.9987984659283703,
K562_GWPS,context_interaction,RRM1,5,0.0,0.0,,0.9959476523446238,
K562_GWPS,unchanged,SAFB,165,0.0,0.012121212121212121,0.0,,1.0
K562_GWPS,direct,SAFB,165,0.024242424242424242,0.024242424242424242,1.0,0.9832014383063342,0.9220688388881323
K562_GWPS,global_median,SAFB,165,0.024242424242424242,0.024242424242424242,1.0,0.9833904789045324,0.9949873231255039
K562_GWPS,context_interaction,SAFB,165,0.024242424242424242,0.024242424242424242,1.0,0.9824657835445693,0.9951873585042564
K562_GWPS,unchanged,SIN3B,1161,0.0,0.10766580534022395,0.0,,1.0
K562_GWPS,direct,SIN3B,1161,0.0714900947459087,0.09646856158484066,0.7410714285714286,0.900363575197211,0.9451712352740941
K562_GWPS,global_median,SIN3B,1161,0.07407407407407407,0.09905254091300603,0.7478260869565218,0.8987032281916907,0.9974772837256017
K562_GWPS,context_interaction,SIN3B,1161,0.09474590869939707,0.1326442721791559,0.7142857142857143,0.8376486267818071,0.9962079281418149
K562_GWPS,unchanged,SIX4,25,0.0,0.0,,,1.0
K562_GWPS,direct,SIX4,25,0.04,0.04,1.0,0.9940141764133844,0.9555743129045875
K562_GWPS,global_median,SIX4,25,0.04,0.04,1.0,0.9940714691580493,0.9943395959568733
K562_GWPS,context_interaction,SIX4,25,0.04,0.04,1.0,0.9926952953661968,0.9923806022418273
K562_GWPS,unchanged,SLC25A3,21,0.0,0.0,,,1.0
K562_GWPS,direct,SLC25A3,21,0.0,0.0,,0.9993402029196009,0.9905236591167226
K562_GWPS,global_median,SLC25A3,21,0.0,0.0,,0.9993015957261009,0.999411428707862
K562_GWPS,context_interaction,SLC25A3,21,0.0,0.0,,0.9986945987279152,0.9983598073390946
K562_GWPS,unchanged,SMAGP,79,0.0,0.0,,,1.0
K562_GWPS,direct,SMAGP,79,0.0759493670886076,0.0759493670886076,1.0,0.9627491799244696,0.9240105536304263
K562_GWPS,global_median,SMAGP,79,0.0759493670886076,0.0759493670886076,1.0,0.9630197390189352,0.994638698743422
K562_GWPS,context_interaction,SMAGP,79,0.0379746835443038,0.06329113924050633,0.6,0.951660364872535,0.9977408511679453
K562_GWPS,unchanged,SMARCA4,2229,0.0,0.2126514131897712,0.0,,1.0
K562_GWPS,direct,SMARCA4,2229,0.09062359802602064,0.1525347689546882,0.5941176470588235,0.8322180196996765,0.9868695107314231
K562_GWPS,global_median,SMARCA4,2229,0.09286675639300135,0.15343203230148048,0.6052631578947368,0.8311265907174324,0.9989796880971807
K562_GWPS,context_interaction,SMARCA4,2229,0.09959623149394348,0.180349932705249,0.5522388059701493,0.7412978206148477,0.999428542283551
K562_GWPS,unchanged,SMARCA5,953,0.0,0.08289611752360965,0.0,,1.0
K562_GWPS,direct,SMARCA5,953,0.046169989506820566,0.07450157397691501,0.6197183098591549,0.9267149867409286,0.9898038917562507
K562_GWPS,global_median,SMARCA5,953,0.04302203567681007,0.07030430220356768,0.6119402985074627,0.9259774075489449,0.999099352363913
K562_GWPS,context_interaction,SMARCA5,953,0.05141657922350472,0.09024134312696747,0.5697674418604651,0.8756103132291798,0.9993922577431567
K562_GWPS,unchanged,SOX2,1156,0.0,0.11764705882352941,0.0,,1.0
K562_GWPS,direct,SOX2,1156,0.0328719723183391,0.061418685121107264,0.5352112676056338,0.933199394738955,2.760541854208649
K562_GWPS,global_median,SOX2,1156,0.03546712802768166,0.07179930795847751,0.4939759036144578,0.9324952100797967,1.0794601110794972
K562_GWPS,context_interaction,SOX2,1156,0.02768166089965398,0.07179930795847751,0.3855421686746988,0.893266118295663,1.0616044313455775
K562_GWPS,unchanged,SSBP1,59,0.0,0.01694915254237288,0.0,,1.0
K562_GWPS,direct,SSBP1,59,0.1016949152542373,0.1016949152542373,1.0,0.9436720991289336,0.8259338662783445
K562_GWPS,global_median,SSBP1,59,0.1016949152542373,0.1016949152542373,1.0,0.9436206091386055,0.9829579641632706
K562_GWPS,context_interaction,SSBP1,59,0.11864406779661017,0.13559322033898305,0.875,0.529860460774614,0.9445593886059891
K562_GWPS,unchanged,STAG2,453,0.0,0.037527593818984545,0.0,,1.0
K562_GWPS,direct,STAG2,453,0.024282560706401765,0.033112582781456956,0.7333333333333333,0.9717011540816027,0.9745742050614157
K562_GWPS,global_median,STAG2,453,0.02207505518763797,0.02869757174392936,0.7692307692307693,0.9726145802428199,0.9985654846724202
K562_GWPS,context_interaction,STAG2,453,0.019867549668874173,0.03532008830022075,0.5625,0.9644028234570581,0.9992689455573847
K562_GWPS,unchanged,STAT1,8,0.0,0.0,,,
K562_GWPS,direct,STAT1,8,0.25,0.25,1.0,0.9734063124054464,
K562_GWPS,global_median,STAT1,8,0.25,0.25,1.0,0.9735402072595047,
K562_GWPS,context_interaction,STAT1,8,0.25,0.25,1.0,0.9810166199073592,
K562_GWPS,unchanged,STAT6,73,0.0,0.0,,,1.0
K562_GWPS,direct,STAT6,73,0.0,0.0,,0.9998737249590272,0.9373343410379781
K562_GWPS,global_median,STAT6,73,0.0,0.0,,0.9998737022297608,1.0007418167633368
K562_GWPS,context_interaction,STAT6,73,0.0,0.0,,0.9997783112313082,0.9984126965979183
K562_GWPS,unchanged,STX4,19,0.0,0.0,,,1.0
K562_GWPS,direct,STX4,19,0.0,0.0,,0.9990409259473112,0.9775541317744881
K562_GWPS,global_median,STX4,19,0.0,0.0,,0.9990584482766448,0.9992457949688821
K562_GWPS,context_interaction,STX4,19,0.0,0.0,,0.9986744640546397,1.000176458432786
K562_GWPS,unchanged,TADA1,533,0.0,0.054409005628517824,0.0,,1.0
K562_GWPS,direct,TADA1,533,0.01876172607879925,0.04127579737335835,0.45454545454545453,0.9501740596066557,0.9855236137317495
K562_GWPS,global_median,TADA1,533,0.020637898686679174,0.043151969981238276,0.4782608695652174,0.9505145443718757,0.9988156219220347
K562_GWPS,context_interaction,TADA1,533,0.04878048780487805,0.07692307692307693,0.6341463414634146,0.9235227057442053,0.9976181825341046
K562_GWPS,unchanged,TARBP2,4,0.0,0.0,,,
K562_GWPS,direct,TARBP2,4,0.0,0.0,,0.999131536237534,
K562_GWPS,global_median,TARBP2,4,0.0,0.0,,0.9991314760736394,
K562_GWPS,context_interaction,TARBP2,4,0.0,0.0,,0.995406967209327,
K562_GWPS,unchanged,TAZ,22,0.0,0.0,,,1.0
K562_GWPS,direct,TAZ,22,0.0,0.0,,0.9945802957516551,0.8479621093538365
K562_GWPS,global_median,TAZ,22,0.0,0.0,,0.9945014952867903,0.9870748903139909
K562_GWPS,context_interaction,TAZ,22,0.0,0.0,,0.9952619355429569,0.9896472122652986
K562_GWPS,unchanged,TCF3,6,0.0,0.0,,,
K562_GWPS,direct,TCF3,6,0.0,0.0,,0.9999973664230292,
K562_GWPS,global_median,TCF3,6,0.0,0.0,,0.9999999954319805,
K562_GWPS,context_interaction,TCF3,6,0.0,0.0,,0.9999999622742795,
K562_GWPS,unchanged,TET1,46,0.0,0.0,,,1.0
K562_GWPS,direct,TET1,46,0.0,0.0,,0.9975450392703398,1.0000686061470927
K562_GWPS,global_median,TET1,46,0.0,0.0,,0.9975353704018952,1.0003794728096667
K562_GWPS,context_interaction,TET1,46,0.0,0.021739130434782608,0.0,0.9885451037076511,1.0007129019790733
K562_GWPS,unchanged,TFAM,98,0.0,0.02040816326530612,0.0,,1.0
K562_GWPS,direct,TFAM,98,0.08163265306122448,0.08163265306122448,1.0,0.9233903946696728,0.9144168367318042
K562_GWPS,global_median,TFAM,98,0.08163265306122448,0.08163265306122448,1.0,0.9233181945361081,0.9858943378361159
K562_GWPS,context_interaction,TFAM,98,0.09183673469387756,0.09183673469387756,1.0,0.3951727784934874,0.9466217033100294
K562_GWPS,unchanged,TMBIM6,6,0.0,0.0,,,
K562_GWPS,direct,TMBIM6,6,0.16666666666666666,0.16666666666666666,1.0,0.9935520786413878,
K562_GWPS,global_median,TMBIM6,6,0.16666666666666666,0.16666666666666666,1.0,0.9936247611501826,
K562_GWPS,context_interaction,TMBIM6,6,0.0,0.0,,0.9944677301344124,
K562_GWPS,unchanged,TMSB10,263,0.0,0.019011406844106463,0.0,,1.0
K562_GWPS,direct,TMSB10,263,0.12547528517110265,0.12927756653992395,0.9705882352941176,0.8724282391414777,0.8869121031939586
K562_GWPS,global_median,TMSB10,263,0.12927756653992395,0.13307984790874525,0.9714285714285714,0.8724541199277446,0.9934503875095658
K562_GWPS,context_interaction,TMSB10,263,0.09125475285171103,0.09885931558935361,0.9230769230769231,0.8682051884622404,0.9938448448026629
K562_GWPS,unchanged,TMSB4X,0,,,,,
K562_GWPS,direct,TMSB4X,0,,,,,
K562_GWPS,global_median,TMSB4X,0,,,,,
K562_GWPS,context_interaction,TMSB4X,0,,,,,
K562_GWPS,unchanged,TRAM2,1,0.0,0.0,,,
K562_GWPS,direct,TRAM2,1,0.0,0.0,,0.9999992802947845,
K562_GWPS,global_median,TRAM2,1,0.0,0.0,,0.999998573197092,
K562_GWPS,context_interaction,TRAM2,1,0.0,0.0,,0.9999999670166105,
K562_GWPS,unchanged,TRAPPC6A,230,0.0,0.017391304347826087,0.0,,1.0
K562_GWPS,direct,TRAPPC6A,230,0.04782608695652174,0.05652173913043478,0.8461538461538461,0.9557970096468409,0.9453880904901273
K562_GWPS,global_median,TRAPPC6A,230,0.04782608695652174,0.05652173913043478,0.8461538461538461,0.9560175139209873,0.9961299267220346
K562_GWPS,context_interaction,TRAPPC6A,230,0.0391304347826087,0.05217391304347826,0.75,0.9450521322627028,0.9960222710370491
K562_GWPS,unchanged,TSC22D4,3,0.0,0.0,,,
K562_GWPS,direct,TSC22D4,3,0.3333333333333333,0.3333333333333333,1.0,0.9695579018126194,
K562_GWPS,global_median,TSC22D4,3,0.3333333333333333,0.3333333333333333,1.0,0.9697195713792102,
K562_GWPS,context_interaction,TSC22D4,3,0.3333333333333333,0.3333333333333333,1.0,0.9738337476722525,
K562_GWPS,unchanged,TWF2,4,0.0,0.0,,,
K562_GWPS,direct,TWF2,4,0.0,0.0,,0.999994672834159,
K562_GWPS,global_median,TWF2,4,0.0,0.0,,0.9999905065901679,
K562_GWPS,context_interaction,TWF2,4,0.0,0.0,,0.9999967797080315,
K562_GWPS,unchanged,TXNDC9,24,0.0,0.0,,,1.0
K562_GWPS,direct,TXNDC9,24,0.0,0.0,,0.9999460813427377,1.0073593094455153
K562_GWPS,global_median,TXNDC9,24,0.0,0.0,,0.9999415973359551,1.0000194572324734
K562_GWPS,context_interaction,TXNDC9,24,0.0,0.0,,0.9998293254777587,1.0020331600809071
K562_GWPS,unchanged,UBE3C,37,0.0,0.0,,,1.0
K562_GWPS,direct,UBE3C,37,0.10810810810810811,0.10810810810810811,1.0,0.9483468400422578,0.7435556246303608
K562_GWPS,global_median,UBE3C,37,0.10810810810810811,0.10810810810810811,1.0,0.948949778274549,0.9873674866749399
K562_GWPS,context_interaction,UBE3C,37,0.08108108108108109,0.08108108108108109,1.0,0.8582636751312865,0.979121187803344
K562_GWPS,unchanged,UQCRQ,48,0.0,0.020833333333333332,0.0,,1.0
K562_GWPS,direct,UQCRQ,48,0.0,0.020833333333333332,0.0,0.9959813329320947,1.033847406979312
K562_GWPS,global_median,UQCRQ,48,0.0,0.0,,0.996117570957883,1.0017277421721151
K562_GWPS,context_interaction,UQCRQ,48,0.0,0.041666666666666664,0.0,0.9857974512360617,1.0023495027626035
K562_GWPS,unchanged,USP22,21,0.0,0.0,,,1.0
K562_GWPS,direct,USP22,21,0.0,0.0,,0.9998255223133974,0.9800417689497767
K562_GWPS,global_median,USP22,21,0.0,0.0,,0.9998393759928845,0.9988679349720105
K562_GWPS,context_interaction,USP22,21,0.0,0.0,,0.9994064314066323,0.9974716227955435
K562_GWPS,unchanged,WSB2,106,0.0,0.009433962264150943,0.0,,1.0
K562_GWPS,direct,WSB2,106,0.03773584905660377,0.03773584905660377,1.0,0.983830041132563,0.9457794649037045
K562_GWPS,global_median,WSB2,106,0.03773584905660377,0.03773584905660377,1.0,0.9839266622949631,0.9961998427477189
K562_GWPS,context_interaction,WSB2,106,0.03773584905660377,0.04716981132075472,0.8,0.976902146411879,0.99663859811647
K562_GWPS,unchanged,XRCC4,14,0.0,0.0,,,1.0
K562_GWPS,direct,XRCC4,14,0.07142857142857142,0.07142857142857142,1.0,0.9799857048536579,0.8037770853718581
K562_GWPS,global_median,XRCC4,14,0.07142857142857142,0.07142857142857142,1.0,0.9800664495022411,0.9876389888776821
K562_GWPS,context_interaction,XRCC4,14,0.07142857142857142,0.07142857142857142,1.0,0.9933339542727405,0.9926643587977315
K562_GWPS,unchanged,ZNF286A,2,0.0,0.0,,,
K562_GWPS,direct,ZNF286A,2,0.0,0.0,,0.9999998809862742,
K562_GWPS,global_median,ZNF286A,2,0.0,0.0,,0.9999998553024195,
K562_GWPS,context_interaction,ZNF286A,2,0.0,0.0,,0.999999999400832,
K562_GWPS,unchanged,ZNF426,3,0.0,0.0,,,
K562_GWPS,direct,ZNF426,3,0.0,0.0,,0.9999980752768334,
K562_GWPS,global_median,ZNF426,3,0.0,0.0,,0.9999955256406714,
K562_GWPS,context_interaction,ZNF426,3,0.0,0.0,,0.9999991850639772,
K562_GWPS,unchanged,ZNF562,10,0.0,0.0,,,1.0
K562_GWPS,direct,ZNF562,10,0.0,0.0,,0.9997005925970203,0.9392205779385802
K562_GWPS,global_median,ZNF562,10,0.0,0.0,,0.9996753028081561,0.9970380902226571
K562_GWPS,context_interaction,ZNF562,10,0.0,0.0,,0.9996849411650311,0.9968327596375754
K562_GWPS,unchanged,ZNF593,21,0.0,0.0,,,1.0
K562_GWPS,direct,ZNF593,21,0.0,0.0,,0.999690601335522,0.9971490932025092
K562_GWPS,global_median,ZNF593,21,0.0,0.0,,0.9997017075693468,0.9998913812259917
K562_GWPS,context_interaction,ZNF593,21,0.0,0.0,,0.9989192921285,0.9994807083443151
K562_GWPS,unchanged,ZNF714,8,0.0,0.0,,,
K562_GWPS,direct,ZNF714,8,0.125,0.125,1.0,0.9846328876829961,
K562_GWPS,global_median,ZNF714,8,0.125,0.125,1.0,0.9847802842803116,
K562_GWPS,context_interaction,ZNF714,8,0.125,0.125,1.0,0.9877416864614228,
CD4T,unchanged,ACAT2,313,0.0,0.03194888178913738,0.0,,1.0
CD4T,direct,ACAT2,313,0.0670926517571885,0.08945686900958466,0.75,0.9060029549765812,7.591424262491624
CD4T,global_median,ACAT2,313,0.0670926517571885,0.08945686900958466,0.75,0.9060562746598166,3.100522853313551
CD4T,context_interaction,ACAT2,313,0.10223642172523961,0.13099041533546327,0.7804878048780488,0.9695767859476783,14.173721428354805
CD4T,unchanged,ACVR1B,25,0.0,0.0,,,1.0
CD4T,direct,ACVR1B,25,0.0,0.0,,0.9898757852186469,8.454709172388487
CD4T,global_median,ACVR1B,25,0.0,0.0,,0.9898786332960757,3.4207462108416085
CD4T,context_interaction,ACVR1B,25,0.0,0.04,0.0,0.9974734866977812,15.099675208367895
CD4T,unchanged,AKT2,50,0.0,0.02,0.0,,1.0
CD4T,direct,AKT2,50,0.0,0.0,,0.9824264227283951,5.895515027663204
CD4T,global_median,AKT2,50,0.0,0.0,,0.9824333227489928,2.603884234331497
CD4T,context_interaction,AKT2,50,0.02,0.04,0.5,0.9951098333857457,12.624271157288973
CD4T,unchanged,ARID1A,220,0.0,0.01818181818181818,0.0,,1.0
CD4T,direct,ARID1A,220,0.02727272727272727,0.07272727272727272,0.375,0.912732399074799,14.125893963202296
CD4T,global_median,ARID1A,220,0.02727272727272727,0.07272727272727272,0.375,0.9128270572768088,5.3602509335285005
CD4T,context_interaction,ARID1A,220,0.06818181818181818,0.13636363636363635,0.5,0.9786016391209025,24.959540311936333
CD4T,unchanged,ATM,76,0.0,0.0,,,1.0
CD4T,direct,ATM,76,0.0,0.02631578947368421,0.0,0.9657456492188645,8.308522769025064
CD4T,global_median,ATM,76,0.0,0.02631578947368421,0.0,0.9657776860049618,3.518251134503734
CD4T,context_interaction,ATM,76,0.013157894736842105,0.07894736842105263,0.16666666666666666,0.9921778533413985,12.19211838038496
CD4T,unchanged,ATP1B1,2,0.0,0.0,,,
CD4T,direct,ATP1B1,2,0.0,0.0,,0.9982711499593965,
CD4T,global_median,ATP1B1,2,0.0,0.0,,0.998272394677769,
CD4T,context_interaction,ATP1B1,2,0.0,0.0,,0.9998740896142954,
CD4T,unchanged,BIRC2,75,0.0,0.0,,,1.0
CD4T,direct,BIRC2,75,0.0,0.013333333333333334,0.0,0.9704663956738808,9.14767179715257
CD4T,global_median,BIRC2,75,0.0,0.013333333333333334,0.0,0.9705036997308342,3.687554361487179
CD4T,context_interaction,BIRC2,75,0.02666666666666667,0.06666666666666667,0.4,0.992482525390311,14.165436987885629
CD4T,unchanged,C1QBP,66,0.0,0.0,,,1.0
CD4T,direct,C1QBP,66,0.0,0.015151515151515152,0.0,0.9793435605971672,9.533779898681935
CD4T,global_median,C1QBP,66,0.0,0.015151515151515152,0.0,0.9793771241683488,3.8200784389013633
CD4T,context_interaction,C1QBP,66,0.0,0.030303030303030304,0.0,0.9933189080188473,21.312453915036997
CD4T,unchanged,CALM3,1,0.0,0.0,,,
CD4T,direct,CALM3,1,0.0,0.0,,0.9983883720421153,
CD4T,global_median,CALM3,1,0.0,0.0,,0.9983887414215074,
CD4T,context_interaction,CALM3,1,0.0,0.0,,0.9999663969403347,
CD4T,unchanged,CAMSAP2,2,0.0,0.0,,,
CD4T,direct,CAMSAP2,2,0.0,0.0,,0.9999907987547517,
CD4T,global_median,CAMSAP2,2,0.0,0.0,,0.9999920481905258,
CD4T,context_interaction,CAMSAP2,2,0.0,0.0,,0.9997986383065568,
CD4T,unchanged,CASP2,2,0.0,0.0,,,
CD4T,direct,CASP2,2,0.0,0.0,,0.9978819779025574,
CD4T,global_median,CASP2,2,0.0,0.0,,0.9978806544083868,
CD4T,context_interaction,CASP2,2,0.0,0.0,,0.9997142892349404,
CD4T,unchanged,CASP3,417,0.0,0.03836930455635491,0.0,,1.0
CD4T,direct,CASP3,417,0.04316546762589928,0.14628297362110312,0.29508196721311475,0.8599261050580725,4.530964988360152
CD4T,global_median,CASP3,417,0.04316546762589928,0.14628297362110312,0.29508196721311475,0.8598931208014756,2.1258205877680676
CD4T,context_interaction,CASP3,417,0.023980815347721823,0.14388489208633093,0.16666666666666666,0.959837041453618,10.849921503402248
CD4T,unchanged,CAST,38,0.0,0.02631578947368421,0.0,,1.0
CD4T,direct,CAST,38,0.0,0.0,,0.9940670192713713,4.596347043615984
CD4T,global_median,CAST,38,0.0,0.0,,0.9940681768512626,2.2123542377237095
CD4T,context_interaction,CAST,38,0.02631578947368421,0.05263157894736842,0.5,0.9961430093779119,12.864843176304017
CD4T,unchanged,CDCA2,8,0.0,0.0,,,
CD4T,direct,CDCA2,8,0.0,0.0,,0.9969856037359034,
CD4T,global_median,CDCA2,8,0.0,0.0,,0.9969882643407985,
CD4T,context_interaction,CDCA2,8,0.0,0.0,,0.999100378726151,
CD4T,unchanged,CENPO,5,0.0,0.0,,,
CD4T,direct,CENPO,5,0.0,0.0,,0.9999905619350649,
CD4T,global_median,CENPO,5,0.0,0.0,,0.9999893379984258,
CD4T,context_interaction,CENPO,5,0.0,0.0,,0.9995350243090214,
CD4T,unchanged,CHMP3,98,0.0,0.0,,,1.0
CD4T,direct,CHMP3,98,0.02040816326530612,0.02040816326530612,1.0,0.9658889302061726,23.980556077460466
CD4T,global_median,CHMP3,98,0.02040816326530612,0.02040816326530612,1.0,0.9659760319540192,8.558604387659768
CD4T,context_interaction,CHMP3,98,0.01020408163265306,0.01020408163265306,1.0,0.9901990512239444,27.129440328980927
CD4T,unchanged,CLDN7,7,0.0,0.0,,,
CD4T,direct,CLDN7,7,0.0,0.0,,0.9999969778840141,
CD4T,global_median,CLDN7,7,0.0,0.0,,0.9999965732221,
CD4T,context_interaction,CLDN7,7,0.0,0.0,,0.9993500598739163,
CD4T,unchanged,CREG1,4,0.0,0.0,,,
CD4T,direct,CREG1,4,0.0,0.0,,0.9986688804592333,
CD4T,global_median,CREG1,4,0.0,0.0,,0.9986704072277134,
CD4T,context_interaction,CREG1,4,0.0,0.0,,0.9995786739197697,
CD4T,unchanged,DAXX,28,0.0,0.0,,,1.0
CD4T,direct,DAXX,28,0.0,0.0,,0.9895948008701613,10.74036293867849
CD4T,global_median,DAXX,28,0.0,0.0,,0.989590317445861,4.254623521436919
CD4T,context_interaction,DAXX,28,0.0,0.0,,0.9971062543535607,18.15753112688159
CD4T,unchanged,DHCR24,32,0.0,0.0,,,1.0
CD4T,direct,DHCR24,32,0.0,0.0,,0.991789572090583,6.33220920347058
CD4T,global_median,DHCR24,32,0.0,0.0,,0.9917886045144138,2.833907747011575
CD4T,context_interaction,DHCR24,32,0.0,0.0,,0.9971244866316331,15.384973869723668
CD4T,unchanged,DHX36,1387,0.0,0.12977649603460706,0.0,,1.0
CD4T,direct,DHX36,1387,0.10598413842826243,0.2638788752703677,0.4016393442622951,0.7392733625891502,6.763609597222173
CD4T,global_median,DHX36,1387,0.11391492429704397,0.26892573900504685,0.42359249329758714,0.7394029437379184,2.8789028258048286
CD4T,context_interaction,DHX36,1387,0.1110310021629416,0.2350396539293439,0.4723926380368098,0.8680413214886427,17.868391836857136
CD4T,unchanged,DLG5,85,0.0,0.011764705882352941,0.0,,1.0
CD4T,direct,DLG5,85,0.023529411764705882,0.023529411764705882,1.0,0.9732014815041334,8.948894369889198
CD4T,global_median,DLG5,85,0.023529411764705882,0.023529411764705882,1.0,0.973233118469237,3.4974528099741997
CD4T,context_interaction,DLG5,85,0.023529411764705882,0.03529411764705882,0.6666666666666666,0.9922761903933423,14.816128279946833
CD4T,unchanged,DNMT1,1279,0.0,0.11415168100078187,0.0,,1.0
CD4T,direct,DNMT1,1279,0.19937451133698203,0.2971071149335418,0.6710526315789473,0.7032309248621664,11.513176391103807
CD4T,global_median,DNMT1,1279,0.19937451133698203,0.2971071149335418,0.6710526315789473,0.7035006679586997,4.38626500457491
CD4T,context_interaction,DNMT1,1279,0.18451915559030493,0.2939796716184519,0.6276595744680851,0.8740228242195419,21.03720764660146
CD4T,unchanged,DZIP3,1,0.0,0.0,,,
CD4T,direct,DZIP3,1,0.0,0.0,,0.9999930476745631,
CD4T,global_median,DZIP3,1,0.0,0.0,,0.999994244162501,
CD4T,context_interaction,DZIP3,1,0.0,0.0,,0.9998972820437456,
CD4T,unchanged,EID2,4,0.0,0.0,,,
CD4T,direct,EID2,4,0.0,0.0,,0.9999906318503289,
CD4T,global_median,EID2,4,0.0,0.0,,0.9999925307861953,
CD4T,context_interaction,EID2,4,0.0,0.0,,0.9996058990518445,
CD4T,unchanged,EIF4B,124,0.0,0.0,,,1.0
CD4T,direct,EIF4B,124,0.04032258064516129,0.04838709677419355,0.8333333333333334,0.9589551194825192,8.68325657660503
CD4T,global_median,EIF4B,124,0.04032258064516129,0.04838709677419355,0.8333333333333334,0.9589563285974675,3.4718215082697794
CD4T,context_interaction,EIF4B,124,0.056451612903225805,0.0967741935483871,0.5833333333333334,0.9878276633624065,16.235702844334135
CD4T,unchanged,EWSR1,178,0.0,0.033707865168539325,0.0,,1.0
CD4T,direct,EWSR1,178,0.011235955056179775,0.0449438202247191,0.25,0.9393460976953536,8.018650406730636
CD4T,global_median,EWSR1,178,0.011235955056179775,0.0449438202247191,0.25,0.9394049814852315,3.2938001451175096
CD4T,context_interaction,EWSR1,178,0.033707865168539325,0.08426966292134831,0.4,0.9828392654878679,19.139376010427423
CD4T,unchanged,FOXH1,32,0.0,0.0,,,1.0
CD4T,direct,FOXH1,32,0.03125,0.03125,1.0,0.9891646127955299,7.608318979404184
CD4T,global_median,FOXH1,32,0.03125,0.03125,1.0,0.9891785345243941,2.9320403921346476
CD4T,context_interaction,FOXH1,32,0.0,0.0,,0.9969704801940529,10.977267171516019
CD4T,unchanged,GSK3B,217,0.0,0.018433179723502304,0.0,,1.0
CD4T,direct,GSK3B,217,0.03686635944700461,0.05069124423963134,0.7272727272727273,0.927059427218942,6.985226565655962
CD4T,global_median,GSK3B,217,0.03686635944700461,0.05069124423963134,0.7272727272727273,0.9271175687360149,2.8378569033177685
CD4T,context_interaction,GSK3B,217,0.07834101382488479,0.11981566820276497,0.6538461538461539,0.979005931675475,12.637836824162724
CD4T,unchanged,HAT1,29,0.0,0.0,,,1.0
CD4T,direct,HAT1,29,0.0,0.0,,0.9910406002432127,7.534801808359648
CD4T,global_median,HAT1,29,0.0,0.0,,0.9910517517557561,3.18775099019483
CD4T,context_interaction,HAT1,29,0.0,0.034482758620689655,0.0,0.9970269558932525,18.57779153027035
CD4T,unchanged,HIRA,32,0.0,0.03125,0.0,,1.0
CD4T,direct,HIRA,32,0.0,0.0,,0.9895964058612967,6.370943966914738
CD4T,global_median,HIRA,32,0.0,0.0,,0.9896081756794112,2.7637399777732616
CD4T,context_interaction,HIRA,32,0.0,0.0625,0.0,0.9968320788192014,12.461074477780729
CD4T,unchanged,HMGB2,26,0.0,0.0,,,1.0
CD4T,direct,HMGB2,26,0.0,0.0,,0.9982460620220911,1.639215191026029
CD4T,global_median,HMGB2,26,0.0,0.0,,0.9982474899376481,1.1751722301271956
CD4T,context_interaction,HMGB2,26,0.038461538461538464,0.038461538461538464,1.0,0.9974527325601585,7.633284986694472
CD4T,unchanged,HMGN1,3,0.0,0.0,,,
CD4T,direct,HMGN1,3,0.0,0.0,,0.9999814238775023,
CD4T,global_median,HMGN1,3,0.0,0.0,,0.9999830222620053,
CD4T,context_interaction,HMGN1,3,0.0,0.0,,0.9997232023490605,
CD4T,unchanged,IDE,0,,,,,
CD4T,direct,IDE,0,,,,,
CD4T,global_median,IDE,0,,,,,
CD4T,context_interaction,IDE,0,,,,,
CD4T,unchanged,IGF2R,6,0.0,0.0,,,
CD4T,direct,IGF2R,6,0.0,0.0,,0.9982363532467394,
CD4T,global_median,IGF2R,6,0.0,0.0,,0.9982351156058266,
CD4T,context_interaction,IGF2R,6,0.0,0.0,,0.9993965952262316,
CD4T,unchanged,IKBKG,12,0.0,0.0,,,1.0
CD4T,direct,IKBKG,12,0.0,0.0,,0.9976138780618864,8.877544637800503
CD4T,global_median,IKBKG,12,0.0,0.0,,0.9976225464705973,3.3685728989172623
CD4T,context_interaction,IKBKG,12,0.0,0.0,,0.9989536814806913,16.891522950746374
CD4T,unchanged,INSIG1,219,0.0,0.0182648401826484,0.0,,1.0
CD4T,direct,INSIG1,219,0.0228310502283105,0.0365296803652968,0.625,0.9312708543082899,9.49852416156629
CD4T,global_median,INSIG1,219,0.0228310502283105,0.0365296803652968,0.625,0.9313369014009879,3.8736272144906634
CD4T,context_interaction,INSIG1,219,0.045662100456621,0.1141552511415525,0.4,0.978463428732591,15.669702882989093
CD4T,unchanged,IRF3,4,0.0,0.0,,,
CD4T,direct,IRF3,4,0.0,0.0,,0.9999898405825809,
CD4T,global_median,IRF3,4,0.0,0.0,,0.9999916715017835,
CD4T,context_interaction,IRF3,4,0.0,0.0,,0.9996163635534456,
CD4T,unchanged,KAT2A,738,0.0,0.06368563685636856,0.0,,1.0
CD4T,direct,KAT2A,738,0.07452574525745258,0.1856368563685637,0.40145985401459855,0.8239953260046051,6.642464273287955
CD4T,global_median,KAT2A,738,0.07452574525745258,0.1856368563685637,0.40145985401459855,0.8241029324606376,2.8454626896601383
CD4T,context_interaction,KAT2A,738,0.05962059620596206,0.18292682926829268,0.32592592592592595,0.929033726877327,14.507729156391095
CD4T,unchanged,KDM2B,44,0.0,0.022727272727272728,0.0,,1.0
CD4T,direct,KDM2B,44,0.0,0.0,,0.9912864108162454,4.843178441809257
CD4T,global_median,KDM2B,44,0.0,0.0,,0.9912821856707033,2.2337969579760277
CD4T,context_interaction,KDM2B,44,0.022727272727272728,0.022727272727272728,1.0,0.995687241562377,15.050392920812598
CD4T,unchanged,KIF1B,2,0.0,0.0,,,
CD4T,direct,KIF1B,2,0.0,0.0,,0.9988555028569384,
CD4T,global_median,KIF1B,2,0.0,0.0,,0.9988581646962259,
CD4T,context_interaction,KIF1B,2,0.0,0.0,,0.9998152019015267,
CD4T,unchanged,KLF10,15,0.0,0.0,,,1.0
CD4T,direct,KLF10,15,0.0,0.0,,0.9990621909840037,2.554953317429442
CD4T,global_median,KLF10,15,0.0,0.0,,0.9990569282063471,1.377674242228222
CD4T,context_interaction,KLF10,15,0.0,0.0,,0.9985654596983644,14.308548312817301
CD4T,unchanged,LRPPRC,98,0.0,0.02040816326530612,0.0,,1.0
CD4T,direct,LRPPRC,98,0.0,0.01020408163265306,0.0,0.9839072809712004,5.138640631185287
CD4T,global_median,LRPPRC,98,0.0,0.01020408163265306,0.0,0.9839459085685192,2.3270280577762557
CD4T,context_interaction,LRPPRC,98,0.02040816326530612,0.04081632653061224,0.5,0.9902227277884078,17.4961050366361
CD4T,unchanged,LZTR1,191,0.0,0.015706806282722512,0.0,,1.0
CD4T,direct,LZTR1,191,0.041884816753926704,0.07329842931937172,0.5714285714285714,0.9394748747828772,8.485495641954147
CD4T,global_median,LZTR1,191,0.041884816753926704,0.07329842931937172,0.5714285714285714,0.9395108394870794,3.4052089636946974
CD4T,context_interaction,LZTR1,191,0.05759162303664921,0.11518324607329843,0.5,0.9815130316679063,19.933064393905152
CD4T,unchanged,MAP3K7,1,0.0,0.0,,,
CD4T,direct,MAP3K7,1,0.0,0.0,,0.999260681357302,
CD4T,global_median,MAP3K7,1,0.0,0.0,,0.9992603536838569,
CD4T,context_interaction,MAP3K7,1,0.0,0.0,,0.9998531881022148,
CD4T,unchanged,MAPKAPK2,5,0.0,0.0,,,
CD4T,direct,MAPKAPK2,5,0.0,0.0,,0.9999999232156539,
CD4T,global_median,MAPKAPK2,5,0.0,0.0,,0.9999996020323246,
CD4T,context_interaction,MAPKAPK2,5,0.0,0.0,,0.9995335897193828,
CD4T,unchanged,MAST2,0,,,,,
CD4T,direct,MAST2,0,,,,,
CD4T,global_median,MAST2,0,,,,,
CD4T,context_interaction,MAST2,0,,,,,
CD4T,unchanged,MAU2,902,0.0,0.11197339246119734,0.0,,1.0
CD4T,direct,MAU2,902,0.15631929046563192,0.270509977827051,0.5778688524590164,0.7232432491828795,5.370398798404339
CD4T,global_median,MAU2,902,0.14966740576496673,0.26274944567627495,0.569620253164557,0.7233294390988272,2.337946281992079
CD4T,context_interaction,MAU2,902,0.14079822616407983,0.22394678492239467,0.6287128712871287,0.9151163912747372,13.64610731959774
CD4T,unchanged,MBTPS1,384,0.0,0.036458333333333336,0.0,,1.0
CD4T,direct,MBTPS1,384,0.06510416666666667,0.10416666666666667,0.625,0.901122262457885,7.663138008770019
CD4T,global_median,MBTPS1,384,0.06510416666666667,0.10416666666666667,0.625,0.9012242310229673,3.171046660721765
CD4T,context_interaction,MBTPS1,384,0.1015625,0.1640625,0.6190476190476191,0.9616742814797923,16.178747639703108
CD4T,unchanged,MED1,302,0.0,0.023178807947019868,0.0,,1.0
CD4T,direct,MED1,302,0.07947019867549669,0.11258278145695365,0.7058823529411765,0.8758764864784695,14.862539404283238
CD4T,global_median,MED1,302,0.07947019867549669,0.11258278145695365,0.7058823529411765,0.8760380106972986,5.467421380327908
CD4T,context_interaction,MED1,302,0.1456953642384106,0.20198675496688742,0.7213114754098361,0.9701643129249563,25.455243010784447
CD4T,unchanged,MED12,68,0.0,0.0,,,1.0
CD4T,direct,MED12,68,0.0,0.014705882352941176,0.0,0.9729988468138588,15.2868100660819
CD4T,global_median,MED12,68,0.0,0.014705882352941176,0.0,0.9730271100933496,5.7232827342558386
CD4T,context_interaction,MED12,68,0.014705882352941176,0.04411764705882353,0.3333333333333333,0.992996137944555,17.138895280757616
CD4T,unchanged,MED13,113,0.0,0.008849557522123894,0.0,,1.0
CD4T,direct,MED13,113,0.061946902654867256,0.07964601769911504,0.7777777777777778,0.9321151120110578,12.842061439433195
CD4T,global_median,MED13,113,0.061946902654867256,0.07964601769911504,0.7777777777777778,0.9321529975980634,4.786973714789114
CD4T,context_interaction,MED13,113,0.061946902654867256,0.11504424778761062,0.5384615384615384,0.9887594835279,12.166821855390097
CD4T,unchanged,MED13L,16,0.0,0.0,,,1.0
CD4T,direct,MED13L,16,0.0,0.0,,0.9912947598458896,18.438140116522913
CD4T,global_median,MED13L,16,0.0,0.0,,0.9913139828299901,6.694104027292753
CD4T,context_interaction,MED13L,16,0.0,0.0,,0.9982373038009061,18.224897803692762
CD4T,unchanged,MED24,647,0.0,0.06800618238021638,0.0,,1.0
CD4T,direct,MED24,647,0.14219474497681608,0.24574961360123648,0.5786163522012578,0.7584826624598732,7.989611086797463
CD4T,global_median,MED24,647,0.14064914992272023,0.24420401854714066,0.5759493670886076,0.7586838522049077,3.1684026357465407
CD4T,context_interaction,MED24,647,0.14528593508500773,0.22102009273570325,0.6573426573426573,0.9387162929500286,13.486301970669745
CD4T,unchanged,METTL14,3008,0.0,0.26628989361702127,0.0,,1.0
CD4T,direct,METTL14,3008,0.2220744680851064,0.37300531914893614,0.5953654188948306,0.5856862016368285,5.714355039919704
CD4T,global_median,METTL14,3008,0.2440159574468085,0.38430851063829785,0.6349480968858131,0.5857945905440807,2.5157563479689684
CD4T,context_interaction,METTL14,3008,0.19847074468085107,0.3115026595744681,0.6371398078975453,0.7187445208408562,16.479033693859392
CD4T,unchanged,METTL17,81,0.0,0.024691358024691357,0.0,,1.0
CD4T,direct,METTL17,81,0.012345679012345678,0.037037037037037035,0.3333333333333333,0.9779725979652101,6.047175451112898
CD4T,global_median,METTL17,81,0.012345679012345678,0.037037037037037035,0.3333333333333333,0.9779647439586635,2.5835331053278088
CD4T,context_interaction,METTL17,81,0.037037037037037035,0.06172839506172839,0.6,0.9918236134355811,14.768545885989983
CD4T,unchanged,METTL3,2926,0.0,0.2573479152426521,0.0,,1.0
CD4T,direct,METTL3,2926,0.18215994531784005,0.32911825017088175,0.553478712357217,0.5815062348921927,5.697168462529354
CD4T,global_median,METTL3,2926,0.21052631578947367,0.3735475051264525,0.5635864592863677,0.5788489722970382,2.329693584857819
CD4T,context_interaction,METTL3,2926,0.18386876281613124,0.30314422419685577,0.6065388951521984,0.7268772130152845,16.374246266749605
CD4T,unchanged,MKI67,5,0.0,0.0,,,
CD4T,direct,MKI67,5,0.0,0.0,,0.9988589902871234,
CD4T,global_median,MKI67,5,0.0,0.0,,0.9988622876864764,
CD4T,context_interaction,MKI67,5,0.0,0.0,,0.9994821300512938,
CD4T,unchanged,MTA1,28,0.0,0.0,,,1.0
CD4T,direct,MTA1,28,0.0,0.0,,0.9942266009649976,3.4045222822589882
CD4T,global_median,MTA1,28,0.0,0.0,,0.9942158415970191,1.8189825548805232
CD4T,context_interaction,MTA1,28,0.03571428571428571,0.03571428571428571,1.0,0.9972641911291447,9.291865893559457
CD4T,unchanged,NCK2,2,0.0,0.0,,,
CD4T,direct,NCK2,2,0.0,0.0,,0.9999999508798693,
CD4T,global_median,NCK2,2,0.0,0.0,,0.9999997358038425,
CD4T,context_interaction,NCK2,2,0.0,0.0,,0.9998131873528705,
CD4T,unchanged,NDUFB4,17,0.0,0.058823529411764705,0.0,,1.0
CD4T,direct,NDUFB4,17,0.0,0.0,,0.9956841514307496,7.380455971531841
CD4T,global_median,NDUFB4,17,0.0,0.0,,0.9956821273569084,3.2126984055373904
CD4T,context_interaction,NDUFB4,17,0.0,0.058823529411764705,0.0,0.9982956965212954,21.178874496272346
CD4T,unchanged,NDUFB6,12,0.0,0.0,,,1.0
CD4T,direct,NDUFB6,12,0.0,0.0,,0.9980105136707113,3.865840687352942
CD4T,global_median,NDUFB6,12,0.0,0.0,,0.9980103587277086,1.9465705906739383
CD4T,context_interaction,NDUFB6,12,0.0,0.0,,0.9988403280895356,13.584787281514124
CD4T,unchanged,NISCH,6,0.0,0.0,,,
CD4T,direct,NISCH,6,0.0,0.0,,0.9981603375366777,
CD4T,global_median,NISCH,6,0.0,0.0,,0.9981630341291614,
CD4T,context_interaction,NISCH,6,0.0,0.0,,0.9995169371065127,
CD4T,unchanged,NIT1,143,0.0,0.03496503496503497,0.0,,1.0
CD4T,direct,NIT1,143,0.02097902097902098,0.027972027972027972,0.75,0.9677435596143593,9.84508288940556
CD4T,global_median,NIT1,143,0.02097902097902098,0.027972027972027972,0.75,0.9677544208214217,3.8907620334803883
CD4T,context_interaction,NIT1,143,0.04195804195804196,0.06993006993006994,0.6,0.9858856467465451,27.621214241880356
CD4T,unchanged,NRAS,5,0.0,0.0,,,
CD4T,direct,NRAS,5,0.0,0.0,,0.9999943053603756,
CD4T,global_median,NRAS,5,0.0,0.0,,0.9999943532297666,
CD4T,context_interaction,NRAS,5,0.0,0.0,,0.9995384229049823,
CD4T,unchanged,OXCT1,129,0.0,0.0,,,1.0
CD4T,direct,OXCT1,129,0.031007751937984496,0.05426356589147287,0.5714285714285714,0.9543095372930792,6.311360751829149
CD4T,global_median,OXCT1,129,0.031007751937984496,0.05426356589147287,0.5714285714285714,0.9543279812833201,2.682106276901288
CD4T,context_interaction,OXCT1,129,0.046511627906976744,0.06976744186046512,0.6666666666666666,0.9874731674577794,9.049869951245622
CD4T,unchanged,PAGR1,18,0.0,0.0,,,1.0
CD4T,direct,PAGR1,18,0.0,0.0,,0.9885545572572219,15.883803671591249
CD4T,global_median,PAGR1,18,0.0,0.0,,0.9885625620896303,5.920896685463029
CD4T,context_interaction,PAGR1,18,0.0,0.0,,0.998082760797557,18.132129340787742
CD4T,unchanged,PBX1,5,0.0,0.0,,,
CD4T,direct,PBX1,5,0.0,0.0,,0.998492516990955,
CD4T,global_median,PBX1,5,0.0,0.0,,0.9984943888547296,
CD4T,context_interaction,PBX1,5,0.0,0.0,,0.9994898488780222,
CD4T,unchanged,PHF10,120,0.0,0.016666666666666666,0.0,,1.0
CD4T,direct,PHF10,120,0.016666666666666666,0.016666666666666666,1.0,0.9659549804063987,13.404166540826239
CD4T,global_median,PHF10,120,0.016666666666666666,0.016666666666666666,1.0,0.966020905177956,5.096868466691942
CD4T,context_interaction,PHF10,120,0.05,0.08333333333333333,0.6,0.9877511890709676,22.5093956587138
CD4T,unchanged,PHF14,24,0.0,0.0,,,1.0
CD4T,direct,PHF14,24,0.0,0.0,,0.9840042458896606,15.281172177095048
CD4T,global_median,PHF14,24,0.0,0.0,,0.9840211658977802,5.620742716570666
CD4T,context_interaction,PHF14,24,0.0,0.0,,0.997152163624028,15.628444007499942
CD4T,unchanged,PLCB3,2,0.0,0.0,,,
CD4T,direct,PLCB3,2,0.0,0.0,,0.9999998704582133,
CD4T,global_median,PLCB3,2,0.0,0.0,,0.999999942111548,
CD4T,context_interaction,PLCB3,2,0.0,0.0,,0.9998131032589995,
CD4T,unchanged,PMS1,1,0.0,0.0,,,
CD4T,direct,PMS1,1,0.0,0.0,,0.9999985922097236,
CD4T,global_median,PMS1,1,0.0,0.0,,0.9999990756106595,
CD4T,context_interaction,PMS1,1,0.0,0.0,,0.999900636045127,
CD4T,unchanged,POLB,3,0.0,0.0,,,
CD4T,direct,POLB,3,0.0,0.0,,0.9999997150926949,
CD4T,global_median,POLB,3,0.0,0.0,,0.9999992101084875,
CD4T,context_interaction,POLB,3,0.0,0.0,,0.9997228549029873,
CD4T,unchanged,PRCP,6,0.0,0.0,,,
CD4T,direct,PRCP,6,0.16666666666666666,0.16666666666666666,1.0,0.9943081111756781,
CD4T,global_median,PRCP,6,0.16666666666666666,0.16666666666666666,1.0,0.9943050407937266,
CD4T,context_interaction,PRCP,6,0.0,0.0,,0.9995800377637432,
CD4T,unchanged,PRR12,105,0.0,0.009523809523809525,0.0,,1.0
CD4T,direct,PRR12,105,0.05714285714285714,0.05714285714285714,1.0,0.9319099643808604,9.36405806621759
CD4T,global_median,PRR12,105,0.05714285714285714,0.05714285714285714,1.0,0.9319283865352959,3.5451918897958783
CD4T,context_interaction,PRR12,105,0.10476190476190476,0.11428571428571428,0.9166666666666666,0.9897919688281223,11.284238034060028
CD4T,unchanged,PTPN1,2,0.0,0.0,,,
CD4T,direct,PTPN1,2,0.0,0.0,,0.9999989973584326,
CD4T,global_median,PTPN1,2,0.0,0.0,,0.9999987740190792,
CD4T,context_interaction,PTPN1,2,0.0,0.0,,0.9998145792058919,
CD4T,unchanged,RAB3B,0,,,,,
CD4T,direct,RAB3B,0,,,,,
CD4T,global_median,RAB3B,0,,,,,
CD4T,context_interaction,RAB3B,0,,,,,
CD4T,unchanged,RAF1,38,0.0,0.0,,,1.0
CD4T,direct,RAF1,38,0.0,0.0,,0.9809050201457062,10.51167913523848
CD4T,global_median,RAF1,38,0.0,0.0,,0.9809152437393411,4.057846893815519
CD4T,context_interaction,RAF1,38,0.0,0.05263157894736842,0.0,0.9963149659868124,16.362526087234667
CD4T,unchanged,RNF2,377,0.0,0.034482758620689655,0.0,,1.0
CD4T,direct,RNF2,377,0.0636604774535809,0.15915119363395225,0.4,0.8598439643512965,9.902577077952618
CD4T,global_median,RNF2,377,0.0636604774535809,0.15915119363395225,0.4,0.8599019791524383,3.9519467933477506
CD4T,context_interaction,RNF2,377,0.07692307692307693,0.20159151193633953,0.3815789473684211,0.9624186281229891,15.365040124905999
CD4T,unchanged,RRM1,5,0.0,0.0,,,
CD4T,direct,RRM1,5,0.0,0.0,,0.9988937007959389,
CD4T,global_median,RRM1,5,0.0,0.0,,0.998896923792085,
CD4T,context_interaction,RRM1,5,0.0,0.0,,0.999595130721446,
CD4T,unchanged,SAFB,165,0.0,0.012121212121212121,0.0,,1.0
CD4T,direct,SAFB,165,0.01818181818181818,0.04242424242424243,0.42857142857142855,0.9464030924467515,9.020495801642108
CD4T,global_median,SAFB,165,0.01818181818181818,0.04242424242424243,0.42857142857142855,0.9464585598069907,3.5765879689494415
CD4T,context_interaction,SAFB,165,0.07272727272727272,0.13333333333333333,0.5454545454545454,0.9839126369889619,23.78753008510205
CD4T,unchanged,SIN3B,1161,0.0,0.10766580534022395,0.0,,1.0
CD4T,direct,SIN3B,1161,0.18518518518518517,0.24375538329026702,0.7597173144876325,0.729371138104137,5.7226412618776425
CD4T,global_median,SIN3B,1161,0.18949181739879414,0.24892334194659776,0.7612456747404844,0.7295391984436543,2.4739716101555067
CD4T,context_interaction,SIN3B,1161,0.18690783807062877,0.2360034453057709,0.791970802919708,0.8905047547431515,13.765953072705496
CD4T,unchanged,SIX4,25,0.0,0.0,,,1.0
CD4T,direct,SIX4,25,0.0,0.0,,0.9886191300085299,11.27954226257151
CD4T,global_median,SIX4,25,0.0,0.0,,0.9886296695132352,4.077592209551703
CD4T,context_interaction,SIX4,25,0.04,0.04,1.0,0.9973786407859132,15.9312785988401
CD4T,unchanged,SLC25A3,21,0.0,0.0,,,1.0
CD4T,direct,SLC25A3,21,0.0,0.0,,0.9954055197470393,5.145527722578833
CD4T,global_median,SLC25A3,21,0.0,0.0,,0.9954106495654936,2.374890713459137
CD4T,context_interaction,SLC25A3,21,0.0,0.0,,0.9979837710290184,14.841095749441466
CD4T,unchanged,SMAGP,79,0.0,0.0,,,1.0
CD4T,direct,SMAGP,79,0.02531645569620253,0.05063291139240506,0.5,0.9661056345304826,7.523707138063674
CD4T,global_median,SMAGP,79,0.02531645569620253,0.05063291139240506,0.5,0.9661339523805094,3.0596552650947397
CD4T,context_interaction,SMAGP,79,0.06329113924050633,0.08860759493670886,0.7142857142857143,0.9919601639192928,13.019720351913797
CD4T,unchanged,SMARCA4,2229,0.0,0.2126514131897712,0.0,,1.0
CD4T,direct,SMARCA4,2229,0.22521310004486317,0.44010767160161507,0.5117227319062182,0.5007654007303313,6.058058308291309
CD4T,global_median,SMARCA4,2229,0.21399730820995963,0.41408703454463885,0.5167930660888408,0.5010630553724749,2.576223267071205
CD4T,context_interaction,SMARCA4,2229,0.15926424405563033,0.35172723194257516,0.4528061224489796,0.7920601494599074,15.171288502784538
CD4T,unchanged,SMARCA5,953,0.0,0.08289611752360965,0.0,,1.0
CD4T,direct,SMARCA5,953,0.18048268625393493,0.2990556138509968,0.6035087719298246,0.6905718146207669,8.698242940717138
CD4T,global_median,SMARCA5,953,0.18153200419727178,0.3001049317943337,0.6048951048951049,0.6903715205455141,3.4010946464143257
CD4T,context_interaction,SMARCA5,953,0.12906610703043023,0.22245540398740818,0.5801886792452831,0.9096329873572827,13.699899302209927
CD4T,unchanged,SOX2,1156,0.0,0.11764705882352941,0.0,,1.0
CD4T,direct,SOX2,1156,0.20242214532871972,0.3468858131487889,0.5835411471321695,0.645097502857298,7.152050250760478
CD4T,global_median,SOX2,1156,0.19982698961937717,0.3416955017301038,0.5848101265822785,0.6453427227703035,2.9222948919830456
CD4T,context_interaction,SOX2,1156,0.18339100346020762,0.2629757785467128,0.6973684210526315,0.8909368259330613,12.740341092708672
CD4T,unchanged,SRC,6,0.0,0.0,,,
CD4T,direct,SRC,6,0.0,0.0,,0.9999936910401943,
CD4T,global_median,SRC,6,0.0,0.0,,0.9999933549588496,
CD4T,context_interaction,SRC,6,0.0,0.0,,0.999427875595847,
CD4T,unchanged,SSBP1,59,0.0,0.01694915254237288,0.0,,1.0
CD4T,direct,SSBP1,59,0.0,0.0,,0.9959499211339428,2.8490496341137503
CD4T,global_median,SSBP1,59,0.0,0.0,,0.9959789021436999,1.3962153731285374
CD4T,context_interaction,SSBP1,59,0.0,0.0,,0.99404687820186,16.666152252335312
CD4T,unchanged,STAG2,453,0.0,0.037527593818984545,0.0,,1.0
CD4T,direct,STAG2,453,0.10375275938189846,0.15011037527593818,0.6911764705882353,0.8229640719759443,8.55222840769741
CD4T,global_median,STAG2,453,0.10375275938189846,0.15011037527593818,0.6911764705882353,0.8231157339967374,3.3594391855393755
CD4T,context_interaction,STAG2,453,0.12582781456953643,0.18101545253863136,0.6951219512195121,0.9574035430122048,12.451453583132103
CD4T,unchanged,STAT1,8,0.0,0.0,,,
CD4T,direct,STAT1,8,0.0,0.0,,0.9967784468437177,
CD4T,global_median,STAT1,8,0.0,0.0,,0.9967773642721636,
CD4T,context_interaction,STAT1,8,0.0,0.0,,0.9992658293334635,
CD4T,unchanged,STAT6,73,0.0,0.0,,,1.0
CD4T,direct,STAT6,73,0.0273972602739726,0.0273972602739726,1.0,0.9666231554099746,7.287514804857163
CD4T,global_median,STAT6,73,0.0273972602739726,0.0273972602739726,1.0,0.9666567408805927,2.8622964655425105
CD4T,context_interaction,STAT6,73,0.0410958904109589,0.0410958904109589,1.0,0.9926899174231776,12.50413817575491
CD4T,unchanged,STX4,19,0.0,0.0,,,1.0
CD4T,direct,STX4,19,0.0,0.0,,0.9943193202296144,5.665117917268746
CD4T,global_median,STX4,19,0.0,0.0,,0.9942947829630001,2.50824330443872
CD4T,context_interaction,STX4,19,0.0,0.0,,0.9982348062614128,8.740827326821702
CD4T,unchanged,SV2A,18,0.0,0.0,,,1.0
CD4T,direct,SV2A,18,0.0,0.0,,0.9986179165386283,2.3678177378473677
CD4T,global_median,SV2A,18,0.0,0.0,,0.9986143372222888,1.4264800656228163
CD4T,context_interaction,SV2A,18,0.05555555555555555,0.05555555555555555,1.0,0.9982215539934696,12.489883853681393
CD4T,unchanged,TADA1,533,0.0,0.054409005628517824,0.0,,1.0
CD4T,direct,TADA1,533,0.13883677298311445,0.19136960600375236,0.7254901960784313,0.8059371931683368,9.14803149774159
CD4T,global_median,TADA1,533,0.13883677298311445,0.19136960600375236,0.7254901960784313,0.8061186086686135,3.5708082639928653
CD4T,context_interaction,TADA1,533,0.12382739212007504,0.18386491557223264,0.673469387755102,0.9495274989096295,18.178738068542064
CD4T,unchanged,TARBP2,4,0.0,0.0,,,
CD4T,direct,TARBP2,4,0.0,0.0,,0.9999861383331611,
CD4T,global_median,TARBP2,4,0.0,0.0,,0.9999871544991111,
CD4T,context_interaction,TARBP2,4,0.0,0.0,,0.999618577487384,
CD4T,unchanged,TCF3,6,0.0,0.0,,,
CD4T,direct,TCF3,6,0.0,0.0,,0.9986169206489499,
CD4T,global_median,TCF3,6,0.0,0.0,,0.998613804202615,
CD4T,context_interaction,TCF3,6,0.0,0.0,,0.9994356479120085,
CD4T,unchanged,TET1,46,0.0,0.0,,,1.0
CD4T,direct,TET1,46,0.021739130434782608,0.043478260869565216,0.5,0.9799916117399416,9.34684422570765
CD4T,global_median,TET1,46,0.021739130434782608,0.043478260869565216,0.5,0.9799890538930202,3.7123237154643887
CD4T,context_interaction,TET1,46,0.0,0.0,,0.9950263943742017,11.20935411349921
CD4T,unchanged,TFAM,98,0.0,0.02040816326530612,0.0,,1.0
CD4T,direct,TFAM,98,0.0,0.02040816326530612,0.0,0.9849488429093411,4.233108617896236
CD4T,global_median,TFAM,98,0.0,0.02040816326530612,0.0,0.984984140649931,1.9486044669819669
CD4T,context_interaction,TFAM,98,0.01020408163265306,0.02040816326530612,0.5,0.9898163675366453,11.197566471370939
CD4T,unchanged,TGFBR2,260,0.0,0.015384615384615385,0.0,,1.0
CD4T,direct,TGFBR2,260,0.05384615384615385,0.11538461538461539,0.4666666666666667,0.8739279062033134,11.470514809255482
CD4T,global_median,TGFBR2,260,0.05384615384615385,0.11538461538461539,0.4666666666666667,0.8740115946096104,4.469624874012541
CD4T,context_interaction,TGFBR2,260,0.06923076923076923,0.18461538461538463,0.375,0.9749768511792909,14.311598822325427
CD4T,unchanged,TMBIM6,6,0.0,0.0,,,
CD4T,direct,TMBIM6,6,0.0,0.0,,0.9988011274782113,
CD4T,global_median,TMBIM6,6,0.0,0.0,,0.9988034369842363,
CD4T,context_interaction,TMBIM6,6,0.0,0.0,,0.9993814550551687,
CD4T,unchanged,TMSB10,263,0.0,0.019011406844106463,0.0,,1.0
CD4T,direct,TMSB10,263,0.026615969581749048,0.057034220532319393,0.4666666666666667,0.9375574917229128,4.270521295702328
CD4T,global_median,TMSB10,263,0.026615969581749048,0.057034220532319393,0.4666666666666667,0.9375653546569398,2.0639549459180015
CD4T,context_interaction,TMSB10,263,0.03802281368821293,0.06463878326996197,0.5882352941176471,0.9755637202397589,12.14545000252879
CD4T,unchanged,TMSB4X,0,,,,,
CD4T,direct,TMSB4X,0,,,,,
CD4T,global_median,TMSB4X,0,,,,,
CD4T,context_interaction,TMSB4X,0,,,,,
CD4T,unchanged,TRAM2,1,0.0,0.0,,,
CD4T,direct,TRAM2,1,0.0,0.0,,0.9999998939699442,
CD4T,global_median,TRAM2,1,0.0,0.0,,0.9999996933936721,
CD4T,context_interaction,TRAM2,1,0.0,0.0,,0.9999067574132031,
CD4T,unchanged,TRAPPC6A,230,0.0,0.017391304347826087,0.0,,1.0
CD4T,direct,TRAPPC6A,230,0.034782608695652174,0.09130434782608696,0.38095238095238093,0.9184550590083118,7.841270308146374
CD4T,global_median,TRAPPC6A,230,0.034782608695652174,0.09130434782608696,0.38095238095238093,0.918502396808368,3.2339598901145723
CD4T,context_interaction,TRAPPC6A,230,0.06521739130434782,0.14347826086956522,0.45454545454545453,0.9776963398557593,17.24705334555169
CD4T,unchanged,TSC22D4,3,0.0,0.0,,,
CD4T,direct,TSC22D4,3,0.0,0.0,,0.9999953176385235,
CD4T,global_median,TSC22D4,3,0.0,0.0,,0.9999960464591924,
CD4T,context_interaction,TSC22D4,3,0.0,0.0,,0.9997211697960833,
CD4T,unchanged,TWF2,4,0.0,0.0,,,
CD4T,direct,TWF2,4,0.0,0.0,,0.9979812452520445,
CD4T,global_median,TWF2,4,0.0,0.0,,0.997980689417521,
CD4T,context_interaction,TWF2,4,0.0,0.0,,0.9995542205903283,
CD4T,unchanged,TXNDC9,24,0.0,0.0,,,1.0
CD4T,direct,TXNDC9,24,0.0,0.0,,0.9969890423463179,3.3928364988284194
CD4T,global_median,TXNDC9,24,0.0,0.0,,0.9969870902416208,1.7179595914567571
CD4T,context_interaction,TXNDC9,24,0.0,0.0,,0.9977804969184662,12.827069204466229
CD4T,unchanged,UBE3C,37,0.0,0.0,,,1.0
CD4T,direct,UBE3C,37,0.0,0.0,,0.99681474658303,2.1935183547625487
CD4T,global_median,UBE3C,37,0.0,0.0,,0.9968126732894796,1.3726995977911653
CD4T,context_interaction,UBE3C,37,0.0,0.0,,0.9965008406146689,9.56126823502369
CD4T,unchanged,UQCRQ,48,0.0,0.020833333333333332,0.0,,1.0
CD4T,direct,UQCRQ,48,0.020833333333333332,0.020833333333333332,1.0,0.9813398201319397,12.988414035942771
CD4T,global_median,UQCRQ,48,0.020833333333333332,0.020833333333333332,1.0,0.9813424749968176,5.031020097800489
CD4T,context_interaction,UQCRQ,48,0.020833333333333332,0.041666666666666664,0.5,0.9950929120137315,20.516284891556676
CD4T,unchanged,USP22,21,0.0,0.0,,,1.0
CD4T,direct,USP22,21,0.0,0.0,,0.9899513460863477,12.389454730135443
CD4T,global_median,USP22,21,0.0,0.0,,0.9899684269917749,4.782640892185814
CD4T,context_interaction,USP22,21,0.0,0.0,,0.9979105282847246,16.146251772155964
CD4T,unchanged,WSB2,106,0.0,0.009433962264150943,0.0,,1.0
CD4T,direct,WSB2,106,0.03773584905660377,0.04716981132075472,0.8,0.963707119930834,8.095644423580177
CD4T,global_median,WSB2,106,0.03773584905660377,0.04716981132075472,0.8,0.9637088714880374,3.2753219546576204
CD4T,context_interaction,WSB2,106,0.03773584905660377,0.0660377358490566,0.5714285714285714,0.9893726182676005,13.741441557839327
CD4T,unchanged,XRCC4,14,0.0,0.0,,,1.0
CD4T,direct,XRCC4,14,0.0,0.0,,0.9977456363422358,4.1255929116059535
CD4T,global_median,XRCC4,14,0.0,0.0,,0.9977491961464632,2.1105902515086123
CD4T,context_interaction,XRCC4,14,0.0,0.0,,0.9985838130407063,10.278013746787211
CD4T,unchanged,ZNF286A,2,0.0,0.0,,,
CD4T,direct,ZNF286A,2,0.0,0.0,,0.9999982375457855,
CD4T,global_median,ZNF286A,2,0.0,0.0,,0.9999979360641297,
CD4T,context_interaction,ZNF286A,2,0.0,0.0,,0.9998112799386472,
CD4T,unchanged,ZNF426,3,0.0,0.0,,,
CD4T,direct,ZNF426,3,0.0,0.0,,0.9999934557498137,
CD4T,global_median,ZNF426,3,0.0,0.0,,0.999993007007923,
CD4T,context_interaction,ZNF426,3,0.0,0.0,,0.9997182946887199,
CD4T,unchanged,ZNF562,10,0.0,0.0,,,1.0
CD4T,direct,ZNF562,10,0.0,0.0,,0.999982857505165,1.2151740032552196
CD4T,global_median,ZNF562,10,0.0,0.0,,0.999980073121836,0.8870919177467268
CD4T,context_interaction,ZNF562,10,0.0,0.0,,0.9990763990601343,17.145514274320455
CD4T,unchanged,ZNF593,21,0.0,0.0,,,1.0
CD4T,direct,ZNF593,21,0.0,0.0,,0.9916744215466439,9.984847269501367
CD4T,global_median,ZNF593,21,0.0,0.0,,0.991678784939171,4.003817652828833
CD4T,context_interaction,ZNF593,21,0.0,0.0,,0.9977659997319668,19.741705655517116
CD4T,unchanged,ZNF714,8,0.0,0.0,,,
CD4T,direct,ZNF714,8,0.0,0.0,,0.999994929155916,
CD4T,global_median,ZNF714,8,0.0,0.0,,0.9999968210559285,
CD4T,context_interaction,ZNF714,8,0.0,0.0,,0.9992340252245248,
HCT116,unchanged,ACAT2,313,0.0,0.03194888178913738,0.0,,1.0
HCT116,direct,ACAT2,313,0.06389776357827476,0.09584664536741214,0.6666666666666666,0.9096820235725409,8.41999723271422
HCT116,global_median,ACAT2,313,0.06389776357827476,0.09584664536741214,0.6666666666666666,0.9097435806384412,2.8614542568941994
HCT116,context_interaction,ACAT2,313,0.10862619808306709,0.1501597444089457,0.723404255319149,0.9682395175104539,13.130227962348949
HCT116,unchanged,ACVR1B,25,0.0,0.0,,,1.0
HCT116,direct,ACVR1B,25,0.0,0.0,,0.9895013456505343,10.114420860328364
HCT116,global_median,ACVR1B,25,0.0,0.0,,0.9895137917498481,3.3017187218031285
HCT116,context_interaction,ACVR1B,25,0.0,0.0,,0.9974589422996747,12.687004548678745
HCT116,unchanged,AKT2,50,0.0,0.02,0.0,,1.0
HCT116,direct,AKT2,50,0.0,0.0,,0.9892274758909853,5.2870559694217025
HCT116,global_median,AKT2,50,0.0,0.0,,0.9892436668392361,1.973330840161809
HCT116,context_interaction,AKT2,50,0.02,0.02,1.0,0.9952615302675982,10.445521192605561
HCT116,unchanged,ANTXR1,2,0.0,0.0,,,
HCT116,direct,ANTXR1,2,0.0,0.0,,0.9999934351356403,
HCT116,global_median,ANTXR1,2,0.0,0.0,,0.9999919655393744,
HCT116,context_interaction,ANTXR1,2,0.0,0.0,,0.9998165352524664,
HCT116,unchanged,ARID1A,220,0.0,0.01818181818181818,0.0,,1.0
HCT116,direct,ARID1A,220,0.013636363636363636,0.045454545454545456,0.3,0.9176597304049163,17.69172493615915
HCT116,global_median,ARID1A,220,0.013636363636363636,0.045454545454545456,0.3,0.9177402698875239,5.373489133764148
HCT116,context_interaction,ARID1A,220,0.03636363636363636,0.10454545454545454,0.34782608695652173,0.976221706594929,16.40691424421669
HCT116,unchanged,ATM,76,0.0,0.0,,,1.0
HCT116,direct,ATM,76,0.0,0.0,,0.9766800504441465,19.75394999430452
HCT116,global_median,ATM,76,0.0,0.0,,0.9767725059222587,6.304217269249716
HCT116,context_interaction,ATM,76,0.0,0.0,,0.9916012867975461,17.580053291365722
HCT116,unchanged,ATP1B1,2,0.0,0.0,,,
HCT116,direct,ATP1B1,2,0.0,0.0,,0.9984318366418592,
HCT116,global_median,ATP1B1,2,0.0,0.0,,0.998429824007143,
HCT116,context_interaction,ATP1B1,2,0.0,0.0,,0.9998522794975728,
HCT116,unchanged,BIRC2,75,0.0,0.0,,,1.0
HCT116,direct,BIRC2,75,0.013333333333333334,0.02666666666666667,0.5,0.977626171547379,10.430213758800985
HCT116,global_median,BIRC2,75,0.013333333333333334,0.02666666666666667,0.5,0.9776553946829374,3.417258560548386
HCT116,context_interaction,BIRC2,75,0.04,0.04,1.0,0.9923490192443091,15.279108389511032
HCT116,unchanged,C1QBP,66,0.0,0.0,,,1.0
HCT116,direct,C1QBP,66,0.0,0.015151515151515152,0.0,0.973645978490521,11.842800868794043
HCT116,global_median,C1QBP,66,0.0,0.015151515151515152,0.0,0.9736872413063358,3.8483077470863454
HCT116,context_interaction,C1QBP,66,0.015151515151515152,0.045454545454545456,0.3333333333333333,0.9932379569889122,17.898829644505867
HCT116,unchanged,CALM3,1,0.0,0.0,,,
HCT116,direct,CALM3,1,0.0,0.0,,0.9999998762346107,
HCT116,global_median,CALM3,1,0.0,0.0,,0.9999999995330546,
HCT116,context_interaction,CALM3,1,0.0,0.0,,0.9999064491990813,
HCT116,unchanged,CAMSAP2,2,0.0,0.0,,,
HCT116,direct,CAMSAP2,2,0.0,0.0,,0.9993686431307964,
HCT116,global_median,CAMSAP2,2,0.0,0.0,,0.9993738595274958,
HCT116,context_interaction,CAMSAP2,2,0.0,0.0,,0.999819297240363,
HCT116,unchanged,CASP2,2,0.0,0.0,,,
HCT116,direct,CASP2,2,0.0,0.0,,0.9999999249851463,
HCT116,global_median,CASP2,2,0.0,0.0,,0.9999999962466983,
HCT116,context_interaction,CASP2,2,0.0,0.0,,0.9998116206572265,
HCT116,unchanged,CASP3,417,0.0,0.03836930455635491,0.0,,1.0
HCT116,direct,CASP3,417,0.026378896882494004,0.10071942446043165,0.2619047619047619,0.8946138285529799,4.611159829800168
HCT116,global_median,CASP3,417,0.026378896882494004,0.10071942446043165,0.2619047619047619,0.8946388274862995,1.9276732799240495
HCT116,context_interaction,CASP3,417,0.047961630695443645,0.14148681055155876,0.3389830508474576,0.9598648374073719,9.403766897377347
HCT116,unchanged,CAST,38,0.0,0.02631578947368421,0.0,,1.0
HCT116,direct,CAST,38,0.02631578947368421,0.02631578947368421,1.0,0.9918496072384433,6.251631900354845
HCT116,global_median,CAST,38,0.02631578947368421,0.02631578947368421,1.0,0.9918474386319112,2.422059581215692
HCT116,context_interaction,CAST,38,0.0,0.0,,0.9961197194279757,11.86510574789041
HCT116,unchanged,CDCA2,8,0.0,0.0,,,
HCT116,direct,CDCA2,8,0.0,0.0,,0.9963987779753893,
HCT116,global_median,CDCA2,8,0.0,0.0,,0.9964002352122115,
HCT116,context_interaction,CDCA2,8,0.0,0.0,,0.9990615111611953,
HCT116,unchanged,CENPO,5,0.0,0.0,,,
HCT116,direct,CENPO,5,0.0,0.0,,0.9999888412135144,
HCT116,global_median,CENPO,5,0.0,0.0,,0.9999886518967045,
HCT116,context_interaction,CENPO,5,0.0,0.0,,0.9995315330730028,
HCT116,unchanged,CHMP3,98,0.0,0.0,,,1.0
HCT116,direct,CHMP3,98,0.02040816326530612,0.02040816326530612,1.0,0.9644679300132456,12.439145458833668
HCT116,global_median,CHMP3,98,0.02040816326530612,0.02040816326530612,1.0,0.9644857087277687,4.044404287220024
HCT116,context_interaction,CHMP3,98,0.0,0.02040816326530612,0.0,0.9903754593724386,14.258792782711662
HCT116,unchanged,CLDN6,4,0.0,0.0,,,
HCT116,direct,CLDN6,4,0.0,0.0,,0.9988780685687347,
HCT116,global_median,CLDN6,4,0.0,0.0,,0.9987870591631663,
HCT116,context_interaction,CLDN6,4,0.0,0.0,,0.999554457200672,
HCT116,unchanged,CLDN7,7,0.0,0.0,,,
HCT116,direct,CLDN7,7,0.0,0.0,,0.9973006683476171,
HCT116,global_median,CLDN7,7,0.0,0.0,,0.9973032292704568,
HCT116,context_interaction,CLDN7,7,0.0,0.0,,0.9993837220058668,
HCT116,unchanged,CREG1,4,0.0,0.0,,,
HCT116,direct,CREG1,4,0.0,0.0,,0.9999991673425765,
HCT116,global_median,CREG1,4,0.0,0.0,,0.9999990974811912,
HCT116,context_interaction,CREG1,4,0.0,0.0,,0.9996266359335754,
HCT116,unchanged,DAXX,28,0.0,0.0,,,1.0
HCT116,direct,DAXX,28,0.0,0.03571428571428571,0.0,0.9832926842195582,14.44964831482037
HCT116,global_median,DAXX,28,0.0,0.03571428571428571,0.0,0.9833085307192566,4.4825709066208494
HCT116,context_interaction,DAXX,28,0.07142857142857142,0.07142857142857142,1.0,0.9970574214763575,16.995747506291593
HCT116,unchanged,DHCR24,32,0.0,0.0,,,1.0
HCT116,direct,DHCR24,32,0.0,0.0,,0.9936608886155369,6.29950383956066
HCT116,global_median,DHCR24,32,0.0,0.0,,0.9936785419431514,2.3452032729579044
HCT116,context_interaction,DHCR24,32,0.0,0.0,,0.9968670855598016,15.253084345541549
HCT116,unchanged,DHX36,1387,0.0,0.12977649603460706,0.0,,1.0
HCT116,direct,DHX36,1387,0.110310021629416,0.2653208363374189,0.4157608695652174,0.7139832262460817,6.1914239114592124
HCT116,global_median,DHX36,1387,0.1254506128334535,0.2725306416726748,0.4603174603174603,0.71416308120858,2.3700575708402347
HCT116,context_interaction,DHX36,1387,0.07065609228550829,0.21557317952415284,0.3277591973244147,0.8682985199047479,15.030818904229784
HCT116,unchanged,DLG5,85,0.0,0.011764705882352941,0.0,,1.0
HCT116,direct,DLG5,85,0.023529411764705882,0.023529411764705882,1.0,0.9748054332000976,8.197315358593427
HCT116,global_median,DLG5,85,0.023529411764705882,0.023529411764705882,1.0,0.9748234934360981,2.759099227222163
HCT116,context_interaction,DLG5,85,0.011764705882352941,0.023529411764705882,0.5,0.9922334193175604,11.707742248459066
HCT116,unchanged,DNMT1,1279,0.0,0.11415168100078187,0.0,,1.0
HCT116,direct,DNMT1,1279,0.19155590304925724,0.2611415168100078,0.7335329341317365,0.7107436374352684,5.458911511849352
HCT116,global_median,DNMT1,1279,0.19390148553557468,0.3033620015637217,0.6391752577319587,0.6760534326558194,1.6876020400230956
HCT116,context_interaction,DNMT1,1279,0.1751368256450352,0.236903831118061,0.7392739273927392,0.8760512198067145,5.5945263606897635
HCT116,unchanged,DZIP3,1,0.0,0.0,,,
HCT116,direct,DZIP3,1,0.0,0.0,,0.9999966709853996,
HCT116,global_median,DZIP3,1,0.0,0.0,,0.9999976142472873,
HCT116,context_interaction,DZIP3,1,0.0,0.0,,0.9998980009653062,
HCT116,unchanged,EID2,4,0.0,0.0,,,
HCT116,direct,EID2,4,0.0,0.0,,0.9985551527150506,
HCT116,global_median,EID2,4,0.0,0.0,,0.9985558774051329,
HCT116,context_interaction,EID2,4,0.0,0.0,,0.9995682273662627,
HCT116,unchanged,EIF4B,124,0.0,0.0,,,1.0
HCT116,direct,EIF4B,124,0.016129032258064516,0.04838709677419355,0.3333333333333333,0.9497103964566717,14.545730344908927
HCT116,global_median,EIF4B,124,0.016129032258064516,0.04838709677419355,0.3333333333333333,0.9497562043066409,4.531578249497111
HCT116,context_interaction,EIF4B,124,0.024193548387096774,0.08064516129032258,0.3,0.9869343436336133,17.44274210814786
HCT116,unchanged,EWSR1,178,0.0,0.033707865168539325,0.0,,1.0
HCT116,direct,EWSR1,178,0.016853932584269662,0.033707865168539325,0.5,0.9391852431568333,12.395177591593221
HCT116,global_median,EWSR1,178,0.016853932584269662,0.033707865168539325,0.5,0.9392296019344226,4.103100115361876
HCT116,context_interaction,EWSR1,178,0.02247191011235955,0.07865168539325842,0.2857142857142857,0.9819738583795388,16.703081910514626
HCT116,unchanged,FOXH1,32,0.0,0.0,,,1.0
HCT116,direct,FOXH1,32,0.0,0.0,,0.9804883307733275,11.65948991116605
HCT116,global_median,FOXH1,32,0.0,0.0,,0.9804972772854549,3.464985647964287
HCT116,context_interaction,FOXH1,32,0.0,0.03125,0.0,0.9967422644285312,9.503890560192982
HCT116,unchanged,GSK3B,217,0.0,0.018433179723502304,0.0,,1.0
HCT116,direct,GSK3B,217,0.055299539170506916,0.09216589861751152,0.6,0.9143773700913267,7.90034523996312
HCT116,global_median,GSK3B,217,0.055299539170506916,0.09216589861751152,0.6,0.9144102272514402,2.72709890465561
HCT116,context_interaction,GSK3B,217,0.0967741935483871,0.1382488479262673,0.7,0.9784325171927089,10.728661275021555
HCT116,unchanged,HAT1,29,0.0,0.0,,,1.0
HCT116,direct,HAT1,29,0.0,0.0,,0.9901535623231302,10.117776931741126
HCT116,global_median,HAT1,29,0.0,0.0,,0.9901677240818063,3.482139799227377
HCT116,context_interaction,HAT1,29,0.0,0.034482758620689655,0.0,0.9969062721553015,16.141493584305962
HCT116,unchanged,HIRA,32,0.0,0.03125,0.0,,1.0
HCT116,direct,HIRA,32,0.0,0.0,,0.9927410282272461,5.555975516453582
HCT116,global_median,HIRA,32,0.0,0.0,,0.9927532232820939,2.1750032212413317
HCT116,context_interaction,HIRA,32,0.0,0.0,,0.9968508590320012,9.646857587916847
HCT116,unchanged,HMGB2,26,0.0,0.0,,,1.0
HCT116,direct,HMGB2,26,0.038461538461538464,0.038461538461538464,1.0,0.9964291676926456,2.789151843542744
HCT116,global_median,HMGB2,26,0.038461538461538464,0.038461538461538464,1.0,0.9964242059240785,1.466865983399035
HCT116,context_interaction,HMGB2,26,0.0,0.0,,0.9975585695854097,9.26363450407212
HCT116,unchanged,HMGN1,3,0.0,0.0,,,
HCT116,direct,HMGN1,3,0.0,0.0,,0.9984953534287779,
HCT116,global_median,HMGN1,3,0.0,0.0,,0.9984940537802823,
HCT116,context_interaction,HMGN1,3,0.0,0.0,,0.9996595761967133,
HCT116,unchanged,IDE,0,,,,,
HCT116,direct,IDE,0,,,,,
HCT116,global_median,IDE,0,,,,,
HCT116,context_interaction,IDE,0,,,,,
HCT116,unchanged,IGF2R,6,0.0,0.0,,,
HCT116,direct,IGF2R,6,0.0,0.0,,0.9990128141363611,
HCT116,global_median,IGF2R,6,0.0,0.0,,0.9990135428495902,
HCT116,context_interaction,IGF2R,6,0.0,0.0,,0.9994057300097985,
HCT116,unchanged,IKBKG,12,0.0,0.0,,,1.0
HCT116,direct,IKBKG,12,0.0,0.0,,0.9974865489096885,4.9800732370255565
HCT116,global_median,IKBKG,12,0.0,0.0,,0.9974872184025283,1.9879601741166393
HCT116,context_interaction,IKBKG,12,0.0,0.0,,0.9987703496926789,11.423924257510073
HCT116,unchanged,INSIG1,219,0.0,0.0182648401826484,0.0,,1.0
HCT116,direct,INSIG1,219,0.0319634703196347,0.0867579908675799,0.3684210526315789,0.929229987685379,11.00077384032991
HCT116,global_median,INSIG1,219,0.0319634703196347,0.0867579908675799,0.3684210526315789,0.929291168352722,3.692437086506007
HCT116,context_interaction,INSIG1,219,0.0410958904109589,0.1095890410958904,0.375,0.9779455044219488,13.698404481978065
HCT116,unchanged,IRF3,4,0.0,0.0,,,
HCT116,direct,IRF3,4,0.0,0.0,,0.9999918498604717,
HCT116,global_median,IRF3,4,0.0,0.0,,0.9999938289328127,
HCT116,context_interaction,IRF3,4,0.0,0.0,,0.9996159492907007,
HCT116,unchanged,KAT2A,738,0.0,0.06368563685636856,0.0,,1.0
HCT116,direct,KAT2A,738,0.07181571815718157,0.15989159891598917,0.4491525423728814,0.8363649907468171,6.0696918256252115
HCT116,global_median,KAT2A,738,0.07181571815718157,0.16124661246612465,0.44537815126050423,0.8364130303592805,2.281128568509065
HCT116,context_interaction,KAT2A,738,0.05420054200542006,0.16666666666666666,0.3252032520325203,0.929875798104064,15.217073116437279
HCT116,unchanged,KDM2B,44,0.0,0.022727272727272728,0.0,,1.0
HCT116,direct,KDM2B,44,0.0,0.0,,0.9933365431427527,4.4814010107444
HCT116,global_median,KDM2B,44,0.0,0.0,,0.9933422937447899,1.8813289459013969
HCT116,context_interaction,KDM2B,44,0.022727272727272728,0.022727272727272728,1.0,0.995665129788922,12.496235308952553
HCT116,unchanged,KDR,7,0.0,0.0,,,
HCT116,direct,KDR,7,0.0,0.0,,0.9981822709707248,
HCT116,global_median,KDR,7,0.0,0.0,,0.9981904674021859,
HCT116,context_interaction,KDR,7,0.0,0.0,,0.999423738037977,
HCT116,unchanged,KIF1B,2,0.0,0.0,,,
HCT116,direct,KIF1B,2,0.0,0.0,,0.9999991458569618,
HCT116,global_median,KIF1B,2,0.0,0.0,,0.9999993440004618,
HCT116,context_interaction,KIF1B,2,0.0,0.0,,0.9998140469910407,
HCT116,unchanged,KLF10,15,0.0,0.0,,,1.0
HCT116,direct,KLF10,15,0.0,0.0,,0.9962184491856457,4.882304052594122
HCT116,global_median,KLF10,15,0.0,0.0,,0.9962094288750154,1.87509177367574
HCT116,context_interaction,KLF10,15,0.0,0.0,,0.9986909859710933,9.909590322469427
HCT116,unchanged,LAD1,2,0.0,0.0,,,
HCT116,direct,LAD1,2,0.0,0.0,,0.9982685217206387,
HCT116,global_median,LAD1,2,0.0,0.0,,0.9982674810917265,
HCT116,context_interaction,LAD1,2,0.0,0.0,,0.999801457735328,
HCT116,unchanged,LRPPRC,98,0.0,0.02040816326530612,0.0,,1.0
HCT116,direct,LRPPRC,98,0.0,0.01020408163265306,0.0,0.9827681902011728,7.226488066589693
HCT116,global_median,LRPPRC,98,0.0,0.01020408163265306,0.0,0.9827956965040945,2.5583887909131757
HCT116,context_interaction,LRPPRC,98,0.01020408163265306,0.030612244897959183,0.3333333333333333,0.9902570796251327,15.83037719682728
HCT116,unchanged,LZTR1,191,0.0,0.015706806282722512,0.0,,1.0
HCT116,direct,LZTR1,191,0.0,0.031413612565445025,0.0,0.9313476655204442,9.224775686992743
HCT116,global_median,LZTR1,191,0.0,0.031413612565445025,0.0,0.9314556287291147,3.0044664437595765
HCT116,context_interaction,LZTR1,191,0.07329842931937172,0.1099476439790576,0.6666666666666666,0.981190654137356,10.748103598088578
HCT116,unchanged,MAP1B,3,0.0,0.0,,,
HCT116,direct,MAP1B,3,0.0,0.0,,0.9999988182336599,
HCT116,global_median,MAP1B,3,0.0,0.0,,0.999999847874432,
HCT116,context_interaction,MAP1B,3,0.0,0.0,,0.9997169885197684,
HCT116,unchanged,MAP3K7,1,0.0,0.0,,,
HCT116,direct,MAP3K7,1,0.0,0.0,,0.9999704988091089,
HCT116,global_median,MAP3K7,1,0.0,0.0,,0.999966261812597,
HCT116,context_interaction,MAP3K7,1,0.0,0.0,,0.9999156090364242,
HCT116,unchanged,MAPKAPK2,5,0.0,0.0,,,
HCT116,direct,MAPKAPK2,5,0.0,0.0,,0.9999998040095883,
HCT116,global_median,MAPKAPK2,5,0.0,0.0,,0.999999371756846,
HCT116,context_interaction,MAPKAPK2,5,0.0,0.0,,0.9995497310047381,
HCT116,unchanged,MAST2,0,,,,,
HCT116,direct,MAST2,0,,,,,
HCT116,global_median,MAST2,0,,,,,
HCT116,context_interaction,MAST2,0,,,,,
HCT116,unchanged,MAU2,902,0.0,0.11197339246119734,0.0,,1.0
HCT116,direct,MAU2,902,0.17738359201773837,0.26940133037694014,0.6584362139917695,0.7262586470884296,7.524464542392605
HCT116,global_median,MAU2,902,0.1729490022172949,0.2660753880266075,0.65,0.7265186862766768,2.5746832643540505
HCT116,context_interaction,MAU2,902,0.13414634146341464,0.21507760532150777,0.6237113402061856,0.9148954735128356,12.842478046495275
HCT116,unchanged,MBTPS1,384,0.0,0.036458333333333336,0.0,,1.0
HCT116,direct,MBTPS1,384,0.0078125,0.026041666666666668,0.3,0.9360751377162524,12.510464475375734
HCT116,global_median,MBTPS1,384,0.0078125,0.026041666666666668,0.3,0.9362626609116668,3.9197190638674693
HCT116,context_interaction,MBTPS1,384,0.015625,0.0390625,0.4,0.9616848381656049,15.010542846688313
HCT116,unchanged,MED1,302,0.0,0.023178807947019868,0.0,,1.0
HCT116,direct,MED1,302,0.059602649006622516,0.10264900662251655,0.5806451612903226,0.8928115727705075,9.946476393220253
HCT116,global_median,MED1,302,0.059602649006622516,0.10264900662251655,0.5806451612903226,0.8928751491367417,3.2782540703272067
HCT116,context_interaction,MED1,302,0.10927152317880795,0.152317880794702,0.717391304347826,0.9703031259885521,11.567704624345138
HCT116,unchanged,MED12,68,0.0,0.0,,,1.0
HCT116,direct,MED12,68,0.0,0.0,,0.9767648738764589,13.647931784847922
HCT116,global_median,MED12,68,0.0,0.0,,0.976803990809619,4.293130779032776
HCT116,context_interaction,MED12,68,0.0,0.0,,0.9936670587094001,16.510474549589013
HCT116,unchanged,MED13,113,0.0,0.008849557522123894,0.0,,1.0
HCT116,direct,MED13,113,0.04424778761061947,0.05309734513274336,0.8333333333333334,0.9478687376682542,12.280247292142375
HCT116,global_median,MED13,113,0.04424778761061947,0.05309734513274336,0.8333333333333334,0.9479001599171928,3.7782009238410184
HCT116,context_interaction,MED13,113,0.07079646017699115,0.07964601769911504,0.8888888888888888,0.9889320459050164,12.58532844089438
HCT116,unchanged,MED13L,16,0.0,0.0,,,1.0
HCT116,direct,MED13L,16,0.0,0.0,,0.9912031599913103,13.369671801492311
HCT116,global_median,MED13L,16,0.0,0.0,,0.99120737450632,4.2438211540226005
HCT116,context_interaction,MED13L,16,0.0,0.0,,0.9983715442428673,11.757344246871668
HCT116,unchanged,MED24,647,0.0,0.06800618238021638,0.0,,1.0
HCT116,direct,MED24,647,0.1267387944358578,0.20247295208655333,0.6259541984732825,0.7962024031458095,7.72721281398426
HCT116,global_median,MED24,647,0.1267387944358578,0.20247295208655333,0.6259541984732825,0.7963839324019277,2.6491850573019713
HCT116,context_interaction,MED24,647,0.11901081916537867,0.1839258114374034,0.6470588235294118,0.9395174735854778,13.055698667110747
HCT116,unchanged,METTL14,3008,0.0,0.26628989361702127,0.0,,1.0
HCT116,direct,METTL14,3008,0.1934840425531915,0.3494015957446808,0.5537583254043768,0.6101564883165922,3.838195610289843
HCT116,global_median,METTL14,3008,0.2144281914893617,0.3517287234042553,0.6096408317580341,0.6101394750589328,1.7033985296100658
HCT116,context_interaction,METTL14,3008,0.17719414893617022,0.308843085106383,0.573735199138859,0.7181339280553998,11.20537155660121
HCT116,unchanged,METTL17,81,0.0,0.024691358024691357,0.0,,1.0
HCT116,direct,METTL17,81,0.012345679012345678,0.012345679012345678,1.0,0.9839746321811743,6.626712777048027
HCT116,global_median,METTL17,81,0.012345679012345678,0.012345679012345678,1.0,0.9839748802400091,2.416288433381375
HCT116,context_interaction,METTL17,81,0.04938271604938271,0.04938271604938271,1.0,0.9919369182077524,15.426209654499063
HCT116,unchanged,METTL3,2926,0.0,0.2573479152426521,0.0,,1.0
HCT116,direct,METTL3,2926,0.20300751879699247,0.36021872863978127,0.5635673624288425,0.5870372638833086,5.391582102182531
HCT116,global_median,METTL3,2926,0.20745044429254955,0.34962406015037595,0.5933528836754643,0.5871901826782616,2.1092398591391612
HCT116,context_interaction,METTL3,2926,0.1825017088174983,0.322282980177717,0.5662778366914104,0.7247153941509688,13.80899567864415
HCT116,unchanged,MKI67,5,0.0,0.0,,,
HCT116,direct,MKI67,5,0.0,0.0,,0.9979749741009472,
HCT116,global_median,MKI67,5,0.0,0.0,,0.997983397013724,
HCT116,context_interaction,MKI67,5,0.0,0.0,,0.9994959932947391,
HCT116,unchanged,MTA1,28,0.0,0.0,,,1.0
HCT116,direct,MTA1,28,0.0,0.0,,0.9937830351634005,4.224334219222285
HCT116,global_median,MTA1,28,0.0,0.0,,0.9937966326425182,1.8189672965886843
HCT116,context_interaction,MTA1,28,0.0,0.0,,0.9971342564919787,8.557100506606798
HCT116,unchanged,NCK2,2,0.0,0.0,,,
HCT116,direct,NCK2,2,0.0,0.0,,0.9999996518745607,
HCT116,global_median,NCK2,2,0.0,0.0,,0.9999997204296086,
HCT116,context_interaction,NCK2,2,0.0,0.0,,0.9998110343044807,
HCT116,unchanged,NDUFB4,17,0.0,0.058823529411764705,0.0,,1.0
HCT116,direct,NDUFB4,17,0.0,0.0,,0.9984292594646438,4.885339198583283
HCT116,global_median,NDUFB4,17,0.0,0.0,,0.9984343985651425,1.7389888726286566
HCT116,context_interaction,NDUFB4,17,0.0,0.0,,0.9983858141301688,17.77583161448476
HCT116,unchanged,NDUFB6,12,0.0,0.0,,,1.0
HCT116,direct,NDUFB6,12,0.0,0.0,,0.9967470144758585,9.92210974522414
HCT116,global_median,NDUFB6,12,0.0,0.0,,0.9967554146397289,3.2935304804377887
HCT116,context_interaction,NDUFB6,12,0.0,0.0,,0.9988204943480695,18.25756364117908
HCT116,unchanged,NISCH,6,0.0,0.0,,,
HCT116,direct,NISCH,6,0.0,0.0,,0.9968880105596508,
HCT116,global_median,NISCH,6,0.0,0.0,,0.9968964286058455,
HCT116,context_interaction,NISCH,6,0.0,0.0,,0.9994891365339341,
HCT116,unchanged,NIT1,143,0.0,0.03496503496503497,0.0,,1.0
HCT116,direct,NIT1,143,0.013986013986013986,0.03496503496503497,0.4,0.9600002508857157,7.977976487461464
HCT116,global_median,NIT1,143,0.013986013986013986,0.03496503496503497,0.4,0.9600187815654722,2.903900448803184
HCT116,context_interaction,NIT1,143,0.03496503496503497,0.09090909090909091,0.38461538461538464,0.9858729733735566,13.303783995126572
HCT116,unchanged,NRAS,5,0.0,0.0,,,
HCT116,direct,NRAS,5,0.0,0.0,,0.9973689796801841,
HCT116,global_median,NRAS,5,0.0,0.0,,0.9973653983870937,
HCT116,context_interaction,NRAS,5,0.0,0.0,,0.9993673801418446,
HCT116,unchanged,OXCT1,129,0.0,0.0,,,1.0
HCT116,direct,OXCT1,129,0.03875968992248062,0.046511627906976744,0.8333333333333334,0.9648506847065784,6.594646105482754
HCT116,global_median,OXCT1,129,0.03875968992248062,0.046511627906976744,0.8333333333333334,0.9648690728639941,2.391173662979838
HCT116,context_interaction,OXCT1,129,0.05426356589147287,0.06976744186046512,0.7777777777777778,0.9869776904181279,10.442300382804175
HCT116,unchanged,PAGR1,18,0.0,0.0,,,1.0
HCT116,direct,PAGR1,18,0.0,0.0,,0.9942876625996641,11.742794787157232
HCT116,global_median,PAGR1,18,0.0,0.0,,0.9942893000946113,3.7084855765092004
HCT116,context_interaction,PAGR1,18,0.0,0.0,,0.9982769314627401,16.706227449045315
HCT116,unchanged,PBX1,5,0.0,0.0,,,
HCT116,direct,PBX1,5,0.0,0.0,,0.9960645689382969,
HCT116,global_median,PBX1,5,0.0,0.0,,0.9960659895281168,
HCT116,context_interaction,PBX1,5,0.0,0.0,,0.9995108973452491,
HCT116,unchanged,PHF10,120,0.0,0.016666666666666666,0.0,,1.0
HCT116,direct,PHF10,120,0.008333333333333333,0.025,0.3333333333333333,0.9585523116276132,11.284565833832756
HCT116,global_median,PHF10,120,0.008333333333333333,0.025,0.3333333333333333,0.9585813984839752,3.6896027964453144
HCT116,context_interaction,PHF10,120,0.025,0.06666666666666667,0.375,0.98730159926388,11.387332274171158
HCT116,unchanged,PHF14,24,0.0,0.0,,,1.0
HCT116,direct,PHF14,24,0.0,0.0,,0.988169516329141,13.249719815806257
HCT116,global_median,PHF14,24,0.0,0.0,,0.9881811736690885,4.303539576350134
HCT116,context_interaction,PHF14,24,0.041666666666666664,0.041666666666666664,1.0,0.9973228874141804,15.731944227239557
HCT116,unchanged,PLCB3,2,0.0,0.0,,,
HCT116,direct,PLCB3,2,0.0,0.0,,0.9999999134265738,
HCT116,global_median,PLCB3,2,0.0,0.0,,0.9999989412038408,
HCT116,context_interaction,PLCB3,2,0.0,0.0,,0.9998833762739682,
HCT116,unchanged,PMS1,1,0.0,0.0,,,
HCT116,direct,PMS1,1,0.0,0.0,,0.999998810540864,
HCT116,global_median,PMS1,1,0.0,0.0,,0.9999993568387407,
HCT116,context_interaction,PMS1,1,0.0,0.0,,0.9999042736287536,
HCT116,unchanged,POLB,3,0.0,0.0,,,
HCT116,direct,POLB,3,0.0,0.0,,0.9999980676829349,
HCT116,global_median,POLB,3,0.0,0.0,,0.9999984092306294,
HCT116,context_interaction,POLB,3,0.0,0.0,,0.9997227523044885,
HCT116,unchanged,PRCP,6,0.0,0.0,,,
HCT116,direct,PRCP,6,0.0,0.0,,0.9981297249245482,
HCT116,global_median,PRCP,6,0.0,0.0,,0.9981313167334328,
HCT116,context_interaction,PRCP,6,0.0,0.0,,0.9994818310018445,
HCT116,unchanged,PRR12,105,0.0,0.009523809523809525,0.0,,1.0
HCT116,direct,PRR12,105,0.009523809523809525,0.0380952380952381,0.25,0.9553103588545817,10.8546285192735
HCT116,global_median,PRR12,105,0.009523809523809525,0.0380952380952381,0.25,0.9553563490000739,3.557858057908425
HCT116,context_interaction,PRR12,105,0.0380952380952381,0.0761904761904762,0.5,0.9898568973667669,14.51259365332394
HCT116,unchanged,PTPN1,2,0.0,0.0,,,
HCT116,direct,PTPN1,2,0.0,0.0,,0.9999987118659026,
HCT116,global_median,PTPN1,2,0.0,0.0,,0.9999993041655797,
HCT116,context_interaction,PTPN1,2,0.0,0.0,,0.9998098473752763,
HCT116,unchanged,RAB3B,0,,,,,
HCT116,direct,RAB3B,0,,,,,
HCT116,global_median,RAB3B,0,,,,,
HCT116,context_interaction,RAB3B,0,,,,,
HCT116,unchanged,RAF1,38,0.0,0.0,,,1.0
HCT116,direct,RAF1,38,0.02631578947368421,0.02631578947368421,1.0,0.9863068940353972,17.51179212997245
HCT116,global_median,RAF1,38,0.02631578947368421,0.02631578947368421,1.0,0.98632493668118,5.350765676898705
HCT116,context_interaction,RAF1,38,0.02631578947368421,0.02631578947368421,1.0,0.9960248915705234,18.439591745303538
HCT116,unchanged,RNF2,377,0.0,0.034482758620689655,0.0,,1.0
HCT116,direct,RNF2,377,0.04774535809018567,0.14323607427055704,0.3333333333333333,0.864907253573175,8.329032126893539
HCT116,global_median,RNF2,377,0.04774535809018567,0.14323607427055704,0.3333333333333333,0.8649666583529844,2.9360751091905404
HCT116,context_interaction,RNF2,377,0.0636604774535809,0.16710875331564987,0.38095238095238093,0.9628895421510446,11.549563640132913
HCT116,unchanged,RRM1,5,0.0,0.0,,,
HCT116,direct,RRM1,5,0.0,0.0,,0.9992313718033488,
HCT116,global_median,RRM1,5,0.0,0.0,,0.9992379667345298,
HCT116,context_interaction,RRM1,5,0.0,0.0,,0.9995985550811975,
HCT116,unchanged,SAFB,165,0.0,0.012121212121212121,0.0,,1.0
HCT116,direct,SAFB,165,0.03636363636363636,0.08484848484848485,0.42857142857142855,0.9377579356029271,8.633939159769351
HCT116,global_median,SAFB,165,0.03636363636363636,0.08484848484848485,0.42857142857142855,0.9378070463454988,3.010330648927485
HCT116,context_interaction,SAFB,165,0.048484848484848485,0.12121212121212122,0.4,0.983520820286034,14.568424003077046
HCT116,unchanged,SIN3B,1161,0.0,0.10766580534022395,0.0,,1.0
HCT116,direct,SIN3B,1161,0.1843238587424634,0.2454780361757106,0.7508771929824561,0.7485050966516986,7.649376891313358
HCT116,global_median,SIN3B,1161,0.181739879414298,0.24806201550387597,0.7326388888888888,0.7485721765594797,2.6293711003075173
HCT116,context_interaction,SIN3B,1161,0.18087855297157623,0.21963824289405684,0.8235294117647058,0.8880240885938333,14.80444203469681
HCT116,unchanged,SIX4,25,0.0,0.0,,,1.0
HCT116,direct,SIX4,25,0.0,0.0,,0.9872967994395282,11.135079570834149
HCT116,global_median,SIX4,25,0.0,0.0,,0.9873044367626754,3.4190105596053906
HCT116,context_interaction,SIX4,25,0.0,0.0,,0.9974163342364756,12.469818560973652
HCT116,unchanged,SLC25A3,21,0.0,0.0,,,1.0
HCT116,direct,SLC25A3,21,0.0,0.0,,0.9940739228789237,7.985074306867434
HCT116,global_median,SLC25A3,21,0.0,0.0,,0.9940885524327971,2.8389859753563087
HCT116,context_interaction,SLC25A3,21,0.0,0.0,,0.9979273600113063,15.16920914478235
HCT116,unchanged,SMAGP,79,0.0,0.0,,,1.0
HCT116,direct,SMAGP,79,0.012658227848101266,0.02531645569620253,0.5,0.9770430849404366,7.367708885718915
HCT116,global_median,SMAGP,79,0.012658227848101266,0.02531645569620253,0.5,0.9770592229906749,2.6665235361464226
HCT116,context_interaction,SMAGP,79,0.0379746835443038,0.06329113924050633,0.6,0.9920374982183922,12.50380338190559
HCT116,unchanged,SMARCA4,2229,0.0,0.2126514131897712,0.0,,1.0
HCT116,direct,SMARCA4,2229,0.2095109914759982,0.38492597577388965,0.5442890442890443,0.5139952871058953,6.050212585871095
HCT116,global_median,SMARCA4,2229,0.231045311799013,0.3916554508748318,0.5899198167239404,0.514263761022632,2.1788197527043964
HCT116,context_interaction,SMARCA4,2229,0.15298340062808435,0.3032750112157918,0.5044378698224852,0.7880789693229197,10.384806569626711
HCT116,unchanged,SMARCA5,953,0.0,0.08289611752360965,0.0,,1.0
HCT116,direct,SMARCA5,953,0.16998950682056663,0.28961175236096537,0.5869565217391305,0.6971565012871106,6.254199427599839
HCT116,global_median,SMARCA5,953,0.1794333683105981,0.2969569779643232,0.6042402826855123,0.6973031707684321,2.271655733839839
HCT116,context_interaction,SMARCA5,953,0.1521511017838405,0.2465897166841553,0.6170212765957447,0.9083378331922781,8.594063731489605
HCT116,unchanged,SOX2,1156,0.0,0.11764705882352941,0.0,,1.0
HCT116,direct,SOX2,1156,0.2179930795847751,0.3416955017301038,0.6379746835443038,0.6533312294411864,9.060516527694823
HCT116,global_median,SOX2,1156,0.21972318339100347,0.3477508650519031,0.6318407960199005,0.6535930160310717,2.9436907410433246
HCT116,context_interaction,SOX2,1156,0.1652249134948097,0.25951557093425603,0.6366666666666667,0.888457757155764,11.926107042499003
HCT116,unchanged,SRC,6,0.0,0.0,,,
HCT116,direct,SRC,6,0.0,0.0,,0.9983451371646339,
HCT116,global_median,SRC,6,0.0,0.0,,0.9983445428808062,
HCT116,context_interaction,SRC,6,0.0,0.0,,0.9994444090405932,
HCT116,unchanged,SSBP1,59,0.0,0.01694915254237288,0.0,,1.0
HCT116,direct,SSBP1,59,0.0,0.0,,0.9916870631102812,4.59853798717177
HCT116,global_median,SSBP1,59,0.0,0.0,,0.9917102812575896,1.923039562009124
HCT116,context_interaction,SSBP1,59,0.0,0.0,,0.9942840195145779,13.785285923495355
HCT116,unchanged,STAG2,453,0.0,0.037527593818984545,0.0,,1.0
HCT116,direct,STAG2,453,0.10154525386313466,0.17218543046357615,0.5897435897435898,0.8272563905158125,10.565098089624778
HCT116,global_median,STAG2,453,0.10154525386313466,0.17218543046357615,0.5897435897435898,0.8274030328439677,3.3759400247926328
HCT116,context_interaction,STAG2,453,0.10596026490066225,0.17218543046357615,0.6153846153846154,0.9571096149587734,11.460879174591557
HCT116,unchanged,STAT1,8,0.0,0.0,,,
HCT116,direct,STAT1,8,0.0,0.0,,0.998063229244947,
HCT116,global_median,STAT1,8,0.0,0.0,,0.9980626955621229,
HCT116,context_interaction,STAT1,8,0.0,0.0,,0.9992139883659426,
HCT116,unchanged,STAT6,73,0.0,0.0,,,1.0
HCT116,direct,STAT6,73,0.0,0.0136986301369863,0.0,0.9772471693250471,5.551335319067869
HCT116,global_median,STAT6,73,0.0,0.0136986301369863,0.0,0.9772787525072013,2.107839423970483
HCT116,context_interaction,STAT6,73,0.0273972602739726,0.0410958904109589,0.6666666666666666,0.992629587763889,10.559387118178819
HCT116,unchanged,STX4,19,0.0,0.0,,,1.0
HCT116,direct,STX4,19,0.0,0.0,,0.994607155746539,4.724219266889105
HCT116,global_median,STX4,19,0.0,0.0,,0.9946058286010205,1.8180468124908336
HCT116,context_interaction,STX4,19,0.0,0.0,,0.9982212942072427,9.71638188471663
HCT116,unchanged,SV2A,18,0.0,0.0,,,1.0
HCT116,direct,SV2A,18,0.0,0.0,,0.9983567799433777,3.146388395109001
HCT116,global_median,SV2A,18,0.0,0.0,,0.9983602589677009,1.4828071496088417
HCT116,context_interaction,SV2A,18,0.0,0.0,,0.9982418945716816,10.558276994575886
HCT116,unchanged,TADA1,533,0.0,0.054409005628517824,0.0,,1.0
HCT116,direct,TADA1,533,0.1200750469043152,0.1651031894934334,0.7272727272727273,0.828629579369401,9.902072229374488
HCT116,global_median,TADA1,533,0.1200750469043152,0.16322701688555347,0.735632183908046,0.8287377978826191,3.2168140329242423
HCT116,context_interaction,TADA1,533,0.13696060037523453,0.19887429643527205,0.6886792452830188,0.9484726598422166,13.115388026828157
HCT116,unchanged,TARBP2,4,0.0,0.0,,,
HCT116,direct,TARBP2,4,0.0,0.0,,0.9985314017488942,
HCT116,global_median,TARBP2,4,0.0,0.0,,0.9985345045793729,
HCT116,context_interaction,TARBP2,4,0.0,0.0,,0.999578946573478,
HCT116,unchanged,TCF3,6,0.0,0.0,,,
HCT116,direct,TCF3,6,0.0,0.0,,0.9988171357379193,
HCT116,global_median,TCF3,6,0.0,0.0,,0.9988174288584375,
HCT116,context_interaction,TCF3,6,0.0,0.0,,0.9993786660889564,
HCT116,unchanged,TET1,46,0.0,0.0,,,1.0
HCT116,direct,TET1,46,0.0,0.0,,0.98000688684851,12.110712653424336
HCT116,global_median,TET1,46,0.0,0.0,,0.980026360605749,3.684340557256725
HCT116,context_interaction,TET1,46,0.021739130434782608,0.043478260869565216,0.5,0.9950684413724996,12.735064394885875
HCT116,unchanged,TFAM,98,0.0,0.02040816326530612,0.0,,1.0
HCT116,direct,TFAM,98,0.0,0.01020408163265306,0.0,0.982256667487435,6.169556393690039
HCT116,global_median,TFAM,98,0.0,0.01020408163265306,0.0,0.9822825374521411,2.356536527005186
HCT116,context_interaction,TFAM,98,0.0,0.01020408163265306,0.0,0.9904849528307231,14.319093088217494
HCT116,unchanged,TGFBR2,260,0.0,0.015384615384615385,0.0,,1.0
HCT116,direct,TGFBR2,260,0.04230769230769231,0.08846153846153847,0.4782608695652174,0.8949963367506343,10.215947032542532
HCT116,global_median,TGFBR2,260,0.04230769230769231,0.08846153846153847,0.4782608695652174,0.8951131648203016,3.3705215594859617
HCT116,context_interaction,TGFBR2,260,0.06153846153846154,0.15384615384615385,0.4,0.9751910545436058,14.063315672700378
HCT116,unchanged,TMBIM6,6,0.0,0.0,,,
HCT116,direct,TMBIM6,6,0.0,0.0,,0.9996003302765856,
HCT116,global_median,TMBIM6,6,0.0,0.0,,0.9996014544971403,
HCT116,context_interaction,TMBIM6,6,0.0,0.0,,0.9994739163121648,
HCT116,unchanged,TMSB10,263,0.0,0.019011406844106463,0.0,,1.0
HCT116,direct,TMSB10,263,0.019011406844106463,0.060836501901140684,0.3125,0.9300139188250975,7.394991851886978
HCT116,global_median,TMSB10,263,0.019011406844106463,0.060836501901140684,0.3125,0.9300361145780613,2.614682529300438
HCT116,context_interaction,TMSB10,263,0.045627376425855515,0.09885931558935361,0.46153846153846156,0.9744857597165644,12.537871737123305
HCT116,unchanged,TMSB4X,0,,,,,
HCT116,direct,TMSB4X,0,,,,,
HCT116,global_median,TMSB4X,0,,,,,
HCT116,context_interaction,TMSB4X,0,,,,,
HCT116,unchanged,TRAM2,1,0.0,0.0,,,
HCT116,direct,TRAM2,1,0.0,0.0,,0.999013689247606,
HCT116,global_median,TRAM2,1,0.0,0.0,,0.9990177924258222,
HCT116,context_interaction,TRAM2,1,0.0,0.0,,0.999936720143332,
HCT116,unchanged,TRAPPC6A,230,0.0,0.017391304347826087,0.0,,1.0
HCT116,direct,TRAPPC6A,230,0.030434782608695653,0.08260869565217391,0.3684210526315789,0.9153766264547927,8.575921618825097
HCT116,global_median,TRAPPC6A,230,0.030434782608695653,0.08260869565217391,0.3684210526315789,0.9154102572544776,2.9037003676047917
HCT116,context_interaction,TRAPPC6A,230,0.06521739130434782,0.13478260869565217,0.4838709677419355,0.9774587061747694,13.948423768935056
HCT116,unchanged,TSC22D4,3,0.0,0.0,,,
HCT116,direct,TSC22D4,3,0.0,0.0,,0.9991053190798928,
HCT116,global_median,TSC22D4,3,0.0,0.0,,0.9991079810482982,
HCT116,context_interaction,TSC22D4,3,0.0,0.0,,0.9997568438652881,
HCT116,unchanged,TWF2,4,0.0,0.0,,,
HCT116,direct,TWF2,4,0.0,0.0,,0.9990017902312058,
HCT116,global_median,TWF2,4,0.0,0.0,,0.9990040934495282,
HCT116,context_interaction,TWF2,4,0.0,0.0,,0.9995954744001393,
HCT116,unchanged,TXNDC9,24,0.0,0.0,,,1.0
HCT116,direct,TXNDC9,24,0.0,0.0,,0.9991762972974164,1.8279101631325037
HCT116,global_median,TXNDC9,24,0.0,0.0,,0.9991767847974947,1.1250966941225884
HCT116,context_interaction,TXNDC9,24,0.0,0.0,,0.9977243507393957,13.377072364520954
HCT116,unchanged,UBE3C,37,0.0,0.0,,,1.0
HCT116,direct,UBE3C,37,0.0,0.0,,0.9897490653220042,5.932469963512883
HCT116,global_median,UBE3C,37,0.0,0.0,,0.9897441647432541,2.2170572527219354
HCT116,context_interaction,UBE3C,37,0.02702702702702703,0.02702702702702703,1.0,0.9962317260845804,9.395691672377781
HCT116,unchanged,UQCRQ,48,0.0,0.020833333333333332,0.0,,1.0
HCT116,direct,UQCRQ,48,0.041666666666666664,0.0625,0.6666666666666666,0.9784537312602374,12.54287600138339
HCT116,global_median,UQCRQ,48,0.041666666666666664,0.0625,0.6666666666666666,0.9784698829732126,3.985991854377601
HCT116,context_interaction,UQCRQ,48,0.041666666666666664,0.08333333333333333,0.5,0.9949366538209012,17.01611947758904
HCT116,unchanged,USP22,21,0.0,0.0,,,1.0
HCT116,direct,USP22,21,0.0,0.0,,0.9916570894683068,16.475137565398366
HCT116,global_median,USP22,21,0.0,0.0,,0.9916680894939931,5.1125385489355235
HCT116,context_interaction,USP22,21,0.0,0.0,,0.9978944781024951,19.52915580759153
HCT116,unchanged,WFS1,4,0.0,0.0,,,
HCT116,direct,WFS1,4,0.0,0.0,,0.9999981765793069,
HCT116,global_median,WFS1,4,0.0,0.0,,0.9999994201066081,
HCT116,context_interaction,WFS1,4,0.0,0.0,,0.9996170485594076,
HCT116,unchanged,WSB2,106,0.0,0.009433962264150943,0.0,,1.0
HCT116,direct,WSB2,106,0.009433962264150943,0.02830188679245283,0.3333333333333333,0.9656958854268054,9.87476743890912
HCT116,global_median,WSB2,106,0.009433962264150943,0.02830188679245283,0.3333333333333333,0.9657349605827986,3.2938101644368882
HCT116,context_interaction,WSB2,106,0.018867924528301886,0.0660377358490566,0.2857142857142857,0.9890389057202136,12.543584368817504
HCT116,unchanged,XRCC4,14,0.0,0.0,,,1.0
HCT116,direct,XRCC4,14,0.0,0.0,,0.9973646701598049,4.081766953231313
HCT116,global_median,XRCC4,14,0.0,0.0,,0.9973693855951246,1.875436902835602
HCT116,context_interaction,XRCC4,14,0.0,0.0,,0.9985835066121738,8.404430046841098
HCT116,unchanged,ZNF286A,2,0.0,0.0,,,
HCT116,direct,ZNF286A,2,0.0,0.0,,0.9999982796055118,
HCT116,global_median,ZNF286A,2,0.0,0.0,,0.9999989566321119,
HCT116,context_interaction,ZNF286A,2,0.0,0.0,,0.9998152385476858,
HCT116,unchanged,ZNF426,3,0.0,0.0,,,
HCT116,direct,ZNF426,3,0.0,0.0,,0.9976333021276464,
HCT116,global_median,ZNF426,3,0.0,0.0,,0.9976370752709217,
HCT116,context_interaction,ZNF426,3,0.0,0.0,,0.9997489814145417,
HCT116,unchanged,ZNF562,10,0.0,0.0,,,1.0
HCT116,direct,ZNF562,10,0.0,0.0,,0.9967500145886854,8.732628497754233
HCT116,global_median,ZNF562,10,0.0,0.0,,0.9967526837997722,3.1631783350418807
HCT116,context_interaction,ZNF562,10,0.0,0.0,,0.9990226575389728,18.00669971742205
HCT116,unchanged,ZNF593,21,0.0,0.0,,,1.0
HCT116,direct,ZNF593,21,0.0,0.0,,0.9953598727623265,5.928452354581951
HCT116,global_median,ZNF593,21,0.0,0.0,,0.9952877285923308,2.1912779982605093
HCT116,context_interaction,ZNF593,21,0.0,0.047619047619047616,0.0,0.9978696420414835,14.05325958511569
HCT116,unchanged,ZNF714,8,0.0,0.0,,,
HCT116,direct,ZNF714,8,0.0,0.0,,0.9987131620959226,
HCT116,global_median,ZNF714,8,0.0,0.0,,0.9987180322384179,
HCT116,context_interaction,ZNF714,8,0.0,0.0,,0.9993023441466625,
HEK293T,unchanged,ACAT2,313,0.0,0.03194888178913738,0.0,,1.0
HEK293T,direct,ACAT2,313,0.0926517571884984,0.134185303514377,0.6904761904761905,0.8643651912884861,6.961470802006174
HEK293T,global_median,ACAT2,313,0.0926517571884984,0.134185303514377,0.6904761904761905,0.8643751452517847,2.986496136162963
HEK293T,context_interaction,ACAT2,313,0.10862619808306709,0.14376996805111822,0.7555555555555555,0.9704285641294959,18.498649142741645
HEK293T,unchanged,ACVR1B,25,0.0,0.0,,,1.0
HEK293T,direct,ACVR1B,25,0.0,0.04,0.0,0.9778457372083369,9.25068309837773
HEK293T,global_median,ACVR1B,25,0.0,0.04,0.0,0.9778493268427118,3.7920153797027782
HEK293T,context_interaction,ACVR1B,25,0.0,0.04,0.0,0.9975100896878787,16.507623754891767
HEK293T,unchanged,AKT2,50,0.0,0.02,0.0,,1.0
HEK293T,direct,AKT2,50,0.02,0.02,1.0,0.9842019197941784,3.3309667238844436
HEK293T,global_median,AKT2,50,0.02,0.02,1.0,0.984210274531989,1.7488414532660532
HEK293T,context_interaction,AKT2,50,0.0,0.02,0.0,0.9952894657740184,16.791756122784484
HEK293T,unchanged,ANTXR1,2,0.0,0.0,,,
HEK293T,direct,ANTXR1,2,0.0,0.0,,0.9999995907509875,
HEK293T,global_median,ANTXR1,2,0.0,0.0,,0.9999997519078935,
HEK293T,context_interaction,ANTXR1,2,0.0,0.0,,0.9998121480107234,
HEK293T,unchanged,ARID1A,220,0.0,0.01818181818181818,0.0,,1.0
HEK293T,direct,ARID1A,220,0.05909090909090909,0.11818181818181818,0.5,0.8782870548889051,11.85709602756621
HEK293T,global_median,ARID1A,220,0.05909090909090909,0.11818181818181818,0.5,0.8783061373480897,4.697218924495424
HEK293T,context_interaction,ARID1A,220,0.08181818181818182,0.17727272727272728,0.46153846153846156,0.9786098204978122,24.243875305754283
HEK293T,unchanged,ATM,76,0.0,0.0,,,1.0
HEK293T,direct,ATM,76,0.0,0.013157894736842105,0.0,0.9735513631378595,17.547318765844324
HEK293T,global_median,ATM,76,0.0,0.013157894736842105,0.0,0.9735821401202541,6.9188004178722755
HEK293T,context_interaction,ATM,76,0.0,0.013157894736842105,0.0,0.9920074797541382,27.467987038524605
HEK293T,unchanged,ATP1B1,2,0.0,0.0,,,
HEK293T,direct,ATP1B1,2,0.0,0.0,,0.9999996337821041,
HEK293T,global_median,ATP1B1,2,0.0,0.0,,0.9999996462783187,
HEK293T,context_interaction,ATP1B1,2,0.0,0.0,,0.999814797926641,
HEK293T,unchanged,BIRC2,75,0.0,0.0,,,1.0
HEK293T,direct,BIRC2,75,0.0,0.013333333333333334,0.0,0.9727507278094828,5.974425390674608
HEK293T,global_median,BIRC2,75,0.0,0.013333333333333334,0.0,0.9727665359788881,2.641381603679032
HEK293T,context_interaction,BIRC2,75,0.02666666666666667,0.02666666666666667,1.0,0.9929388914055656,18.508286569054402
HEK293T,unchanged,C1QBP,66,0.0,0.0,,,1.0
HEK293T,direct,C1QBP,66,0.015151515151515152,0.030303030303030304,0.5,0.9669664440076313,5.690210453621843
HEK293T,global_median,C1QBP,66,0.015151515151515152,0.030303030303030304,0.5,0.9669759072784541,2.6187216853508835
HEK293T,context_interaction,C1QBP,66,0.06060606060606061,0.09090909090909091,0.6666666666666666,0.9937566187306038,20.812911690201393
HEK293T,unchanged,CALM3,1,0.0,0.0,,,
HEK293T,direct,CALM3,1,0.0,0.0,,0.9999999111496636,
HEK293T,global_median,CALM3,1,0.0,0.0,,0.9999999691474653,
HEK293T,context_interaction,CALM3,1,0.0,0.0,,0.9999056252709886,
HEK293T,unchanged,CAMSAP2,2,0.0,0.0,,,
HEK293T,direct,CAMSAP2,2,0.0,0.0,,0.9965947560749986,
HEK293T,global_median,CAMSAP2,2,0.0,0.0,,0.9965925550187854,
HEK293T,context_interaction,CAMSAP2,2,0.0,0.0,,0.9997581981797187,
HEK293T,unchanged,CASP2,2,0.0,0.0,,,
HEK293T,direct,CASP2,2,0.0,0.0,,0.99999962772285,
HEK293T,global_median,CASP2,2,0.0,0.0,,0.9999997555820294,
HEK293T,context_interaction,CASP2,2,0.0,0.0,,0.9998127850555195,
HEK293T,unchanged,CASP3,417,0.0,0.03836930455635491,0.0,,1.0
HEK293T,direct,CASP3,417,0.06474820143884892,0.12949640287769784,0.5,0.8910046346470775,2.3054540545531745
HEK293T,global_median,CASP3,417,0.07194244604316546,0.14148681055155876,0.5084745762711864,0.8910208600022541,1.4319321045680604
HEK293T,context_interaction,CASP3,417,0.05515587529976019,0.1342925659472422,0.4107142857142857,0.9610300536143136,17.769972558573592
HEK293T,unchanged,CAST,38,0.0,0.02631578947368421,0.0,,1.0
HEK293T,direct,CAST,38,0.0,0.0,,0.994191241769126,2.835785603147838
HEK293T,global_median,CAST,38,0.0,0.0,,0.9941943780386016,1.6510601240550555
HEK293T,context_interaction,CAST,38,0.0,0.0,,0.9964357887945213,18.628580456887722
HEK293T,unchanged,CDCA2,8,0.0,0.0,,,
HEK293T,direct,CDCA2,8,0.0,0.0,,0.9999924046773219,
HEK293T,global_median,CDCA2,8,0.0,0.0,,0.9999914363756153,
HEK293T,context_interaction,CDCA2,8,0.0,0.0,,0.9992625988079192,
HEK293T,unchanged,CENPO,5,0.0,0.0,,,
HEK293T,direct,CENPO,5,0.0,0.0,,0.9999800101805587,
HEK293T,global_median,CENPO,5,0.0,0.0,,0.9999796824208784,
HEK293T,context_interaction,CENPO,5,0.0,0.0,,0.9995270392914789,
HEK293T,unchanged,CHMP3,98,0.0,0.0,,,1.0
HEK293T,direct,CHMP3,98,0.04081632653061224,0.09183673469387756,0.4444444444444444,0.9376940909063393,9.97080765752195
HEK293T,global_median,CHMP3,98,0.04081632653061224,0.09183673469387756,0.4444444444444444,0.9376805856862074,4.082633863255224
HEK293T,context_interaction,CHMP3,98,0.061224489795918366,0.09183673469387756,0.6666666666666666,0.9907939654924061,19.694037078983534
HEK293T,unchanged,CLDN6,4,0.0,0.0,,,
HEK293T,direct,CLDN6,4,0.0,0.0,,0.9957614364015319,
HEK293T,global_median,CLDN6,4,0.0,0.0,,0.9957619963774648,
HEK293T,context_interaction,CLDN6,4,0.0,0.0,,0.9995813457190449,
HEK293T,unchanged,CLDN7,7,0.0,0.0,,,
HEK293T,direct,CLDN7,7,0.0,0.0,,0.9967041968608472,
HEK293T,global_median,CLDN7,7,0.0,0.0,,0.9967053106353635,
HEK293T,context_interaction,CLDN7,7,0.0,0.0,,0.9993324527683382,
HEK293T,unchanged,CREG1,4,0.0,0.0,,,
HEK293T,direct,CREG1,4,0.0,0.0,,0.9967636504139228,
HEK293T,global_median,CREG1,4,0.0,0.0,,0.996763528871998,
HEK293T,context_interaction,CREG1,4,0.0,0.0,,0.9995894765223822,
HEK293T,unchanged,DAXX,28,0.0,0.0,,,1.0
HEK293T,direct,DAXX,28,0.0,0.03571428571428571,0.0,0.9878716765891401,4.570748506299658
HEK293T,global_median,DAXX,28,0.0,0.03571428571428571,0.0,0.987877889799775,2.1708845117839854
HEK293T,context_interaction,DAXX,28,0.0,0.0,,0.9973628674118568,20.500120653091216
HEK293T,unchanged,DHCR24,32,0.0,0.0,,,1.0
HEK293T,direct,DHCR24,32,0.0,0.0,,0.9930285410134589,3.322342014053991
HEK293T,global_median,DHCR24,32,0.0,0.0,,0.993028714528537,1.7951818536691149
HEK293T,context_interaction,DHCR24,32,0.0,0.0,,0.997055956445583,21.688167567794185
HEK293T,unchanged,DHX36,1387,0.0,0.12977649603460706,0.0,,1.0
HEK293T,direct,DHX36,1387,0.11968276856524873,0.2465753424657534,0.4853801169590643,0.6938005322779144,3.2168394690621778
HEK293T,global_median,DHX36,1387,0.136986301369863,0.25522710886806055,0.536723163841808,0.6938125490830602,1.7600098529755914
HEK293T,context_interaction,DHX36,1387,0.07570295602018745,0.21485219899062724,0.3523489932885906,0.8710970612856055,16.10764429985645
HEK293T,unchanged,DLG5,85,0.0,0.011764705882352941,0.0,,1.0
HEK293T,direct,DLG5,85,0.047058823529411764,0.047058823529411764,1.0,0.9526164718254503,6.913010743877959
HEK293T,global_median,DLG5,85,0.047058823529411764,0.047058823529411764,1.0,0.9526311148715066,2.901623922709347
HEK293T,context_interaction,DLG5,85,0.03529411764705882,0.03529411764705882,1.0,0.9921945722555459,14.47665988498417
HEK293T,unchanged,DNMT1,1279,0.0,0.11415168100078187,0.0,,1.0
HEK293T,direct,DNMT1,1279,0.1923377638780297,0.28537920250195464,0.673972602739726,0.5613721957136202,2.137586594524317
HEK293T,global_median,DNMT1,1279,0.18999218139171228,0.3158717748240813,0.6014851485148515,0.5586546176238714,1.3477279031481892
HEK293T,context_interaction,DNMT1,1279,0.163408913213448,0.21344800625488664,0.7655677655677655,0.8812094649697283,5.518249577348824
HEK293T,unchanged,DZIP3,1,0.0,0.0,,,
HEK293T,direct,DZIP3,1,0.0,0.0,,0.9999961813760289,
HEK293T,global_median,DZIP3,1,0.0,0.0,,0.9999966288494513,
HEK293T,context_interaction,DZIP3,1,0.0,0.0,,0.9999007087102365,
HEK293T,unchanged,EID2,4,0.0,0.0,,,
HEK293T,direct,EID2,4,0.0,0.0,,0.9999988301343833,
HEK293T,global_median,EID2,4,0.0,0.0,,0.9999992458155352,
HEK293T,context_interaction,EID2,4,0.0,0.0,,0.9996230360709131,
HEK293T,unchanged,EIF4B,124,0.0,0.0,,,1.0
HEK293T,direct,EIF4B,124,0.008064516129032258,0.024193548387096774,0.3333333333333333,0.9411198470225456,9.581437412962178
HEK293T,global_median,EIF4B,124,0.008064516129032258,0.024193548387096774,0.3333333333333333,0.9411398801770805,3.93332430309161
HEK293T,context_interaction,EIF4B,124,0.04032258064516129,0.10483870967741936,0.38461538461538464,0.987715643040902,21.64982766512239
HEK293T,unchanged,EWSR1,178,0.0,0.033707865168539325,0.0,,1.0
HEK293T,direct,EWSR1,178,0.02247191011235955,0.06741573033707865,0.3333333333333333,0.9244210982631824,7.7150790400665805
HEK293T,global_median,EWSR1,178,0.02247191011235955,0.06741573033707865,0.3333333333333333,0.9243936489576735,3.3512238598623987
HEK293T,context_interaction,EWSR1,178,0.028089887640449437,0.09550561797752809,0.29411764705882354,0.9832054066247881,20.867195345859898
HEK293T,unchanged,FOXH1,32,0.0,0.0,,,1.0
HEK293T,direct,FOXH1,32,0.0,0.0,,0.9913469874330746,2.973990032423592
HEK293T,global_median,FOXH1,32,0.0,0.0,,0.9913521620114729,1.55011339539761
HEK293T,context_interaction,FOXH1,32,0.0,0.0,,0.9970052419462071,13.8536942652881
HEK293T,unchanged,GSK3B,217,0.0,0.018433179723502304,0.0,,1.0
HEK293T,direct,GSK3B,217,0.08755760368663594,0.10599078341013825,0.8260869565217391,0.9006880981793453,3.7231012345798313
HEK293T,global_median,GSK3B,217,0.08755760368663594,0.10599078341013825,0.8260869565217391,0.900711582376239,1.8163093719656185
HEK293T,context_interaction,GSK3B,217,0.07834101382488479,0.1152073732718894,0.68,0.9797764637987394,15.480466594881328
HEK293T,unchanged,HAT1,29,0.0,0.0,,,1.0
HEK293T,direct,HAT1,29,0.0,0.034482758620689655,0.0,0.9888788161731021,5.480050811663189
HEK293T,global_median,HAT1,29,0.0,0.034482758620689655,0.0,0.988880461160755,2.5026854626630466
HEK293T,context_interaction,HAT1,29,0.0,0.034482758620689655,0.0,0.9971404289705553,19.682944815980676
HEK293T,unchanged,HIRA,32,0.0,0.03125,0.0,,1.0
HEK293T,direct,HIRA,32,0.0,0.0,,0.9943396993702184,2.2699167890156633
HEK293T,global_median,HIRA,32,0.0,0.0,,0.9943401545431604,1.4160203486204321
HEK293T,context_interaction,HIRA,32,0.03125,0.03125,1.0,0.9970103220438912,11.91070857882991
HEK293T,unchanged,HMGB2,26,0.0,0.0,,,1.0
HEK293T,direct,HMGB2,26,0.0,0.038461538461538464,0.0,0.9905761629491412,3.7809837775913393
HEK293T,global_median,HMGB2,26,0.0,0.038461538461538464,0.0,0.9905760951810779,1.9886540483528734
HEK293T,context_interaction,HMGB2,26,0.0,0.0,,0.9975287856137867,12.050715608886915
HEK293T,unchanged,HMGN1,3,0.0,0.0,,,
HEK293T,direct,HMGN1,3,0.0,0.0,,0.9973337773273369,
HEK293T,global_median,HMGN1,3,0.0,0.0,,0.997333610881984,
HEK293T,context_interaction,HMGN1,3,0.0,0.0,,0.9996892858232722,
HEK293T,unchanged,IDE,0,,,,,
HEK293T,direct,IDE,0,,,,,
HEK293T,global_median,IDE,0,,,,,
HEK293T,context_interaction,IDE,0,,,,,
HEK293T,unchanged,IGF2R,6,0.0,0.0,,,
HEK293T,direct,IGF2R,6,0.0,0.0,,0.9975596180926046,
HEK293T,global_median,IGF2R,6,0.0,0.0,,0.9975594472956951,
HEK293T,context_interaction,IGF2R,6,0.0,0.0,,0.9994470404788995,
HEK293T,unchanged,IKBKG,12,0.0,0.0,,,1.0
HEK293T,direct,IKBKG,12,0.0,0.0,,0.9999882527927393,1.0270719813882117
HEK293T,global_median,IKBKG,12,0.0,0.0,,0.9999874912107588,0.9637478901600556
HEK293T,context_interaction,IKBKG,12,0.0,0.0,,0.9988832961631069,13.332038282651348
HEK293T,unchanged,INSIG1,219,0.0,0.0182648401826484,0.0,,1.0
HEK293T,direct,INSIG1,219,0.0228310502283105,0.091324200913242,0.25,0.9020342587485666,5.770353963501853
HEK293T,global_median,INSIG1,219,0.0228310502283105,0.091324200913242,0.25,0.9020607724730116,2.6589167089990395
HEK293T,context_interaction,INSIG1,219,0.0228310502283105,0.1004566210045662,0.22727272727272727,0.9796372481694753,17.6932481203787
HEK293T,unchanged,IRF3,4,0.0,0.0,,,
HEK293T,direct,IRF3,4,0.0,0.0,,0.9999923257970746,
HEK293T,global_median,IRF3,4,0.0,0.0,,0.9999933123139507,
HEK293T,context_interaction,IRF3,4,0.0,0.0,,0.9996186363386329,
HEK293T,unchanged,KAT2A,738,0.0,0.06368563685636856,0.0,,1.0
HEK293T,direct,KAT2A,738,0.09349593495934959,0.17073170731707318,0.5476190476190477,0.8229185613415937,3.1704569492589108
HEK293T,global_median,KAT2A,738,0.0948509485094851,0.16802168021680217,0.5645161290322581,0.8229363430848551,1.7282113626215292
HEK293T,context_interaction,KAT2A,738,0.03929539295392954,0.12737127371273713,0.30851063829787234,0.9314419021018473,18.943980368631102
HEK293T,unchanged,KDM2B,44,0.0,0.022727272727272728,0.0,,1.0
HEK293T,direct,KDM2B,44,0.0,0.0,,0.9887418041953341,3.02519915272078
HEK293T,global_median,KDM2B,44,0.0,0.0,,0.9887440843969221,1.6397453348509525
HEK293T,context_interaction,KDM2B,44,0.06818181818181818,0.06818181818181818,1.0,0.9957984412244661,16.665849234554397
HEK293T,unchanged,KDR,7,0.0,0.0,,,
HEK293T,direct,KDR,7,0.0,0.0,,0.9999791357479907,
HEK293T,global_median,KDR,7,0.0,0.0,,0.9999814764583923,
HEK293T,context_interaction,KDR,7,0.0,0.0,,0.999347050857005,
HEK293T,unchanged,KIF1B,2,0.0,0.0,,,
HEK293T,direct,KIF1B,2,0.0,0.0,,0.9999999971423225,
HEK293T,global_median,KIF1B,2,0.0,0.0,,0.9999999788460596,
HEK293T,context_interaction,KIF1B,2,0.0,0.0,,0.9998145243679352,
HEK293T,unchanged,KLF10,15,0.0,0.0,,,1.0
HEK293T,direct,KLF10,15,0.0,0.0,,0.9999933892375378,0.94426135253861
HEK293T,global_median,KLF10,15,0.0,0.0,,0.9999929587366452,0.9787619041087029
HEK293T,context_interaction,KLF10,15,0.0,0.0,,0.9986144945731797,7.705833996308087
HEK293T,unchanged,LAD1,2,0.0,0.0,,,
HEK293T,direct,LAD1,2,0.0,0.0,,0.9971990172742752,
HEK293T,global_median,LAD1,2,0.0,0.0,,0.9972003867797945,
HEK293T,context_interaction,LAD1,2,0.0,0.0,,0.9998242905277758,
HEK293T,unchanged,LRPPRC,98,0.0,0.02040816326530612,0.0,,1.0
HEK293T,direct,LRPPRC,98,0.0,0.01020408163265306,0.0,0.976646209894076,5.182910515192171
HEK293T,global_median,LRPPRC,98,0.0,0.01020408163265306,0.0,0.9766529269239537,2.433989800639105
HEK293T,context_interaction,LRPPRC,98,0.01020408163265306,0.02040816326530612,0.5,0.9907610233475324,22.33078491786491
HEK293T,unchanged,LZTR1,191,0.0,0.015706806282722512,0.0,,1.0
HEK293T,direct,LZTR1,191,0.031413612565445025,0.03664921465968586,0.8571428571428571,0.9257111883451772,5.325125394839055
HEK293T,global_median,LZTR1,191,0.031413612565445025,0.03664921465968586,0.8571428571428571,0.9257447951791379,2.3967077327451856
HEK293T,context_interaction,LZTR1,191,0.09947643979057591,0.12041884816753927,0.8260869565217391,0.981909154742085,19.40331784377033
HEK293T,unchanged,MAP1B,3,0.0,0.0,,,
HEK293T,direct,MAP1B,3,0.0,0.0,,0.9971918451573986,
HEK293T,global_median,MAP1B,3,0.0,0.0,,0.9971932125642952,
HEK293T,context_interaction,MAP1B,3,0.0,0.0,,0.9997570850957608,
HEK293T,unchanged,MAP3K7,1,0.0,0.0,,,
HEK293T,direct,MAP3K7,1,0.0,0.0,,0.9999949789887224,
HEK293T,global_median,MAP3K7,1,0.0,0.0,,0.9999955133125941,
HEK293T,context_interaction,MAP3K7,1,0.0,0.0,,0.9999024074917349,
HEK293T,unchanged,MAPKAPK2,5,0.0,0.0,,,
HEK293T,direct,MAPKAPK2,5,0.0,0.0,,0.9999971454270576,
HEK293T,global_median,MAPKAPK2,5,0.0,0.0,,0.9999970268044421,
HEK293T,context_interaction,MAPKAPK2,5,0.0,0.0,,0.9995390300932778,
HEK293T,unchanged,MAST2,0,,,,,
HEK293T,direct,MAST2,0,,,,,
HEK293T,global_median,MAST2,0,,,,,
HEK293T,context_interaction,MAST2,0,,,,,
HEK293T,unchanged,MAU2,902,0.0,0.11197339246119734,0.0,,1.0
HEK293T,direct,MAU2,902,0.12971175166297116,0.22283813747228381,0.582089552238806,0.7178711295338351,4.078295234456238
HEK293T,global_median,MAU2,902,0.12971175166297116,0.21507760532150777,0.6030927835051546,0.7179195672130179,1.9895898333559952
HEK293T,context_interaction,MAU2,902,0.09645232815964523,0.1762749445676275,0.5471698113207547,0.9162106982771206,16.400428678872796
HEK293T,unchanged,MBTPS1,384,0.0,0.036458333333333336,0.0,,1.0
HEK293T,direct,MBTPS1,384,0.0234375,0.044270833333333336,0.5294117647058824,0.922653131896019,11.343744516229405
HEK293T,global_median,MBTPS1,384,0.0234375,0.044270833333333336,0.5294117647058824,0.9227626447848308,4.452032817256055
HEK293T,context_interaction,MBTPS1,384,0.036458333333333336,0.0703125,0.5185185185185185,0.9613576718322095,22.553062412914556
HEK293T,unchanged,MED1,302,0.0,0.023178807947019868,0.0,,1.0
HEK293T,direct,MED1,302,0.09933774834437085,0.1291390728476821,0.7692307692307693,0.8545111479116346,6.9942319192395495
HEK293T,global_median,MED1,302,0.09933774834437085,0.1291390728476821,0.7692307692307693,0.8545337358976823,2.971130334064312
HEK293T,context_interaction,MED1,302,0.10264900662251655,0.15562913907284767,0.6595744680851063,0.9717272503079665,24.32163776803816
HEK293T,unchanged,MED12,68,0.0,0.0,,,1.0
HEK293T,direct,MED12,68,0.0,0.014705882352941176,0.0,0.9697555219970577,13.226120419021463
HEK293T,global_median,MED12,68,0.0,0.014705882352941176,0.0,0.969781785465644,5.165301960145795
HEK293T,context_interaction,MED12,68,0.029411764705882353,0.04411764705882353,0.6666666666666666,0.9935594857483957,27.25272801260459
HEK293T,unchanged,MED13,113,0.0,0.008849557522123894,0.0,,1.0
HEK293T,direct,MED13,113,0.061946902654867256,0.07079646017699115,0.875,0.9266458439860621,9.2920753769074
HEK293T,global_median,MED13,113,0.061946902654867256,0.07079646017699115,0.875,0.9266773860617695,3.772482366830883
HEK293T,context_interaction,MED13,113,0.07964601769911504,0.09734513274336283,0.8181818181818182,0.9894818109643864,25.665954038338793
HEK293T,unchanged,MED13L,16,0.0,0.0,,,1.0
HEK293T,direct,MED13L,16,0.0,0.0,,0.9907624769182058,7.134545811537026
HEK293T,global_median,MED13L,16,0.0,0.0,,0.9907642616220661,3.094482507562638
HEK293T,context_interaction,MED13L,16,0.0625,0.0625,1.0,0.9985097678650271,15.003302403702444
HEK293T,unchanged,MED24,647,0.0,0.06800618238021638,0.0,,1.0
HEK293T,direct,MED24,647,0.13446676970633695,0.21638330757341576,0.6214285714285714,0.7663320813987693,4.586121602198362
HEK293T,global_median,MED24,647,0.12982998454404945,0.21792890262751158,0.5957446808510638,0.7663810906002035,2.1666058169024796
HEK293T,context_interaction,MED24,647,0.09119010819165378,0.125193199381762,0.7283950617283951,0.9403250105984222,15.790202962884866
HEK293T,unchanged,METTL14,3008,0.0,0.26628989361702127,0.0,,1.0
HEK293T,direct,METTL14,3008,0.20711436170212766,0.3513962765957447,0.5894039735099338,0.5892270372181775,2.2905992744556825
HEK293T,global_median,METTL14,3008,0.21642287234042554,0.35305851063829785,0.6129943502824858,0.5892264348973884,1.427901444920559
HEK293T,context_interaction,METTL14,3008,0.17586436170212766,0.29388297872340424,0.5984162895927602,0.7209998581563233,16.294934646143975
HEK293T,unchanged,METTL17,81,0.0,0.024691358024691357,0.0,,1.0
HEK293T,direct,METTL17,81,0.0,0.012345679012345678,0.0,0.966729704690818,5.640575734965761
HEK293T,global_median,METTL17,81,0.0,0.012345679012345678,0.0,0.9667393832496689,2.550001822572097
HEK293T,context_interaction,METTL17,81,0.024691358024691357,0.024691358024691357,1.0,0.9923511678690705,18.893623250838314
HEK293T,unchanged,METTL3,2926,0.0,0.2573479152426521,0.0,,1.0
HEK293T,direct,METTL3,2926,0.20300751879699247,0.3509911141490089,0.578383641674781,0.57683365160861,2.9333181856264603
HEK293T,global_median,METTL3,2926,0.21872863978127136,0.36158578263841423,0.6049149338374291,0.5768497550028308,1.6487050820133053
HEK293T,context_interaction,METTL3,2926,0.15892002734107996,0.2836637047163363,0.5602409638554217,0.7285023090731788,17.251105064643014
HEK293T,unchanged,MKI67,5,0.0,0.0,,,
HEK293T,direct,MKI67,5,0.2,0.2,1.0,0.9971913463953538,
HEK293T,global_median,MKI67,5,0.2,0.2,1.0,0.9971882709407118,
HEK293T,context_interaction,MKI67,5,0.0,0.0,,0.9994952681998379,
HEK293T,unchanged,MTA1,28,0.0,0.0,,,1.0
HEK293T,direct,MTA1,28,0.03571428571428571,0.03571428571428571,1.0,0.9840032916427016,4.739473173542839
HEK293T,global_median,MTA1,28,0.03571428571428571,0.03571428571428571,1.0,0.9840046264497982,2.3158294643394246
HEK293T,context_interaction,MTA1,28,0.0,0.0,,0.99725481956375,10.807653820807346
HEK293T,unchanged,NCK2,2,0.0,0.0,,,
HEK293T,direct,NCK2,2,0.0,0.0,,0.9999954191210337,
HEK293T,global_median,NCK2,2,0.0,0.0,,0.9999959879387268,
HEK293T,context_interaction,NCK2,2,0.0,0.0,,0.9998113336720621,
HEK293T,unchanged,NDUFB4,17,0.0,0.058823529411764705,0.0,,1.0
HEK293T,direct,NDUFB4,17,0.0,0.0,,0.995632481713081,5.4878308784063545
HEK293T,global_median,NDUFB4,17,0.0,0.0,,0.99563546284584,2.5686902724442895
HEK293T,context_interaction,NDUFB4,17,0.0,0.0,,0.9983902565815099,22.131863873337593
HEK293T,unchanged,NDUFB6,12,0.0,0.0,,,1.0
HEK293T,direct,NDUFB6,12,0.0,0.0,,0.9945855175892472,7.691161518594238
HEK293T,global_median,NDUFB6,12,0.0,0.0,,0.9945869764797425,3.4240711641725237
HEK293T,context_interaction,NDUFB6,12,0.0,0.0,,0.9988606697938337,22.58971642092084
HEK293T,unchanged,NISCH,6,0.0,0.0,,,
HEK293T,direct,NISCH,6,0.0,0.0,,0.9950233420935439,
HEK293T,global_median,NISCH,6,0.0,0.0,,0.995025385636699,
HEK293T,context_interaction,NISCH,6,0.0,0.0,,0.9994776827424163,
HEK293T,unchanged,NIT1,143,0.0,0.03496503496503497,0.0,,1.0
HEK293T,direct,NIT1,143,0.013986013986013986,0.04895104895104895,0.2857142857142857,0.9497223993325932,4.566637115830187
HEK293T,global_median,NIT1,143,0.013986013986013986,0.04895104895104895,0.2857142857142857,0.9497333299933748,2.221845948668085
HEK293T,context_interaction,NIT1,143,0.027972027972027972,0.07692307692307693,0.36363636363636365,0.9866415977639215,20.917984119809983
HEK293T,unchanged,NRAS,5,0.0,0.0,,,
HEK293T,direct,NRAS,5,0.0,0.0,,0.996820341060792,
HEK293T,global_median,NRAS,5,0.0,0.0,,0.9968198799200316,
HEK293T,context_interaction,NRAS,5,0.0,0.0,,0.9995131694353167,
HEK293T,unchanged,OXCT1,129,0.0,0.0,,,1.0
HEK293T,direct,OXCT1,129,0.023255813953488372,0.03875968992248062,0.6,0.9331948144436015,6.217313107430605
HEK293T,global_median,OXCT1,129,0.023255813953488372,0.03875968992248062,0.6,0.9332308956271989,2.701797025415479
HEK293T,context_interaction,OXCT1,129,0.06201550387596899,0.09302325581395349,0.6666666666666666,0.9878399762826804,12.927079202078966
HEK293T,unchanged,PAGR1,18,0.0,0.0,,,1.0
HEK293T,direct,PAGR1,18,0.0,0.0,,0.9881221934390452,11.747751801196996
HEK293T,global_median,PAGR1,18,0.0,0.0,,0.9881245304472351,4.551643788583592
HEK293T,context_interaction,PAGR1,18,0.0,0.0,,0.9983520395306068,15.837189352752274
HEK293T,unchanged,PBX1,5,0.0,0.0,,,
HEK293T,direct,PBX1,5,0.0,0.0,,0.9940126011917388,
HEK293T,global_median,PBX1,5,0.0,0.0,,0.9940131068873559,
HEK293T,context_interaction,PBX1,5,0.0,0.0,,0.9995351989070014,
HEK293T,unchanged,PHF10,120,0.0,0.016666666666666666,0.0,,1.0
HEK293T,direct,PHF10,120,0.0,0.025,0.0,0.9511938039081289,9.812858501370496
HEK293T,global_median,PHF10,120,0.0,0.025,0.0,0.9512260525069343,3.9973700580532654
HEK293T,context_interaction,PHF10,120,0.016666666666666666,0.058333333333333334,0.2857142857142857,0.9882703031048237,21.510168602543143
HEK293T,unchanged,PHF14,24,0.0,0.0,,,1.0
HEK293T,direct,PHF14,24,0.0,0.041666666666666664,0.0,0.9813409918328205,8.885543176417988
HEK293T,global_median,PHF14,24,0.0,0.041666666666666664,0.0,0.9813469962628389,3.581660089819872
HEK293T,context_interaction,PHF14,24,0.0,0.041666666666666664,0.0,0.997632753840935,19.50102440187342
HEK293T,unchanged,PLCB3,2,0.0,0.0,,,
HEK293T,direct,PLCB3,2,0.0,0.0,,0.9999996167910717,
HEK293T,global_median,PLCB3,2,0.0,0.0,,0.9999988238213848,
HEK293T,context_interaction,PLCB3,2,0.0,0.0,,0.9998640763846508,
HEK293T,unchanged,PMS1,1,0.0,0.0,,,
HEK293T,direct,PMS1,1,0.0,0.0,,0.9999965406442609,
HEK293T,global_median,PMS1,1,0.0,0.0,,0.9999969671440556,
HEK293T,context_interaction,PMS1,1,0.0,0.0,,0.9999032973839674,
HEK293T,unchanged,POLB,3,0.0,0.0,,,
HEK293T,direct,POLB,3,0.0,0.0,,0.9999985545764455,
HEK293T,global_median,POLB,3,0.0,0.0,,0.9999989386339885,
HEK293T,context_interaction,POLB,3,0.0,0.0,,0.9997172198345631,
HEK293T,unchanged,PRCP,6,0.0,0.0,,,
HEK293T,direct,PRCP,6,0.0,0.0,,0.9873600995345694,
HEK293T,global_median,PRCP,6,0.0,0.0,,0.9873631774060269,
HEK293T,context_interaction,PRCP,6,0.0,0.0,,0.9995557688051758,
HEK293T,unchanged,PRR12,105,0.0,0.009523809523809525,0.0,,1.0
HEK293T,direct,PRR12,105,0.047619047619047616,0.10476190476190476,0.45454545454545453,0.8919669549347858,9.418928036477949
HEK293T,global_median,PRR12,105,0.047619047619047616,0.10476190476190476,0.45454545454545453,0.8919875996498859,3.9166982752659023
HEK293T,context_interaction,PRR12,105,0.05714285714285714,0.13333333333333333,0.42857142857142855,0.990187817448788,18.44376336473661
HEK293T,unchanged,PTPN1,2,0.0,0.0,,,
HEK293T,direct,PTPN1,2,0.0,0.0,,0.9999993403286872,
HEK293T,global_median,PTPN1,2,0.0,0.0,,0.9999996463586935,
HEK293T,context_interaction,PTPN1,2,0.0,0.0,,0.9998120035923193,
HEK293T,unchanged,RAB3B,0,,,,,
HEK293T,direct,RAB3B,0,,,,,
HEK293T,global_median,RAB3B,0,,,,,
HEK293T,context_interaction,RAB3B,0,,,,,
HEK293T,unchanged,RAF1,38,0.0,0.0,,,1.0
HEK293T,direct,RAF1,38,0.0,0.0,,0.9832073071498634,13.071097276690251
HEK293T,global_median,RAF1,38,0.0,0.0,,0.9832138995198958,5.189848118658156
HEK293T,context_interaction,RAF1,38,0.0,0.0,,0.9963907463635304,27.426884982791517
HEK293T,unchanged,RNF2,377,0.0,0.034482758620689655,0.0,,1.0
HEK293T,direct,RNF2,377,0.0636604774535809,0.16710875331564987,0.38095238095238093,0.8259788564700237,4.791455167297299
HEK293T,global_median,RNF2,377,0.06631299734748011,0.16976127320954906,0.390625,0.8259873996422952,2.2873289137424533
HEK293T,context_interaction,RNF2,377,0.042440318302387266,0.13527851458885942,0.3137254901960784,0.9646175048514399,18.38389349761195
HEK293T,unchanged,RRM1,5,0.0,0.0,,,
HEK293T,direct,RRM1,5,0.0,0.0,,0.9999959283991854,
HEK293T,global_median,RRM1,5,0.0,0.0,,0.9999958123227841,
HEK293T,context_interaction,RRM1,5,0.0,0.0,,0.9995249721841366,
HEK293T,unchanged,SAFB,165,0.0,0.012121212121212121,0.0,,1.0
HEK293T,direct,SAFB,165,0.006060606060606061,0.030303030303030304,0.2,0.9547660129857289,3.152889693425022
HEK293T,global_median,SAFB,165,0.006060606060606061,0.030303030303030304,0.2,0.9547735300964078,1.7180422765667598
HEK293T,context_interaction,SAFB,165,0.030303030303030304,0.06666666666666667,0.45454545454545453,0.9845579675822042,18.711983031341337
HEK293T,unchanged,SIN3B,1161,0.0,0.10766580534022395,0.0,,1.0
HEK293T,direct,SIN3B,1161,0.14900947459086994,0.25925925925925924,0.574750830564784,0.7002403917335747,5.456531643663003
HEK293T,global_median,SIN3B,1161,0.14556416881998277,0.26098191214470284,0.5577557755775577,0.7003343731684559,2.4868385448398627
HEK293T,context_interaction,SIN3B,1161,0.1326442721791559,0.1920757967269595,0.6905829596412556,0.8916074071201666,18.3514698738619
HEK293T,unchanged,SIX4,25,0.0,0.0,,,1.0
HEK293T,direct,SIX4,25,0.04,0.04,1.0,0.9768069617830584,8.793296461461766
HEK293T,global_median,SIX4,25,0.04,0.04,1.0,0.9768094103304273,3.564263863002675
HEK293T,context_interaction,SIX4,25,0.0,0.0,,0.997687876386593,17.028540590356712
HEK293T,unchanged,SLC25A3,21,0.0,0.0,,,1.0
HEK293T,direct,SLC25A3,21,0.0,0.0,,0.9908623013372033,5.317348898897718
HEK293T,global_median,SLC25A3,21,0.0,0.0,,0.9908694495528011,2.521324265442193
HEK293T,context_interaction,SLC25A3,21,0.0,0.0,,0.9980532692924058,18.482470316770453
HEK293T,unchanged,SMAGP,79,0.0,0.0,,,1.0
HEK293T,direct,SMAGP,79,0.012658227848101266,0.02531645569620253,0.5,0.9714176951897262,3.7528871741046337
HEK293T,global_median,SMAGP,79,0.012658227848101266,0.02531645569620253,0.5,0.9714251440343395,1.9090744121699617
HEK293T,context_interaction,SMAGP,79,0.02531645569620253,0.02531645569620253,1.0,0.9925380108283957,7.480627788956366
HEK293T,unchanged,SMARCA4,2229,0.0,0.2126514131897712,0.0,,1.0
HEK293T,direct,SMARCA4,2229,0.21354867653656348,0.3633916554508748,0.5876543209876544,0.5230139559948579,3.0310063952489004
HEK293T,global_median,SMARCA4,2229,0.2180349932705249,0.360699865410498,0.6044776119402985,0.5230723512254294,1.6140883035946432
HEK293T,context_interaction,SMARCA4,2229,0.12157918349035442,0.27052489905787347,0.4494195688225539,0.7933345249162205,18.414402606254658
HEK293T,unchanged,SMARCA5,953,0.0,0.08289611752360965,0.0,,1.0
HEK293T,direct,SMARCA5,953,0.17523609653725078,0.2801678908709339,0.6254681647940075,0.6606898007460426,3.1015371612038054
HEK293T,global_median,SMARCA5,953,0.16998950682056663,0.2707240293809024,0.627906976744186,0.6607584668961852,1.6636517491853033
HEK293T,context_interaction,SMARCA5,953,0.13641133263378805,0.2025183630640084,0.6735751295336787,0.9114873060351879,16.003056306353916
HEK293T,unchanged,SOX2,1156,0.0,0.11764705882352941,0.0,,1.0
HEK293T,direct,SOX2,1156,0.18252595155709342,0.2820069204152249,0.647239263803681,0.6476868059034573,5.863566203755561
HEK293T,global_median,SOX2,1156,0.17906574394463667,0.27768166089965396,0.6448598130841121,0.6476095384533007,2.556723175541816
HEK293T,context_interaction,SOX2,1156,0.1513840830449827,0.23961937716262977,0.631768953068592,0.8905280434099857,15.414836044194049
HEK293T,unchanged,SRC,6,0.0,0.0,,,
HEK293T,direct,SRC,6,0.0,0.0,,0.9999966332106552,
HEK293T,global_median,SRC,6,0.0,0.0,,0.9999961757588949,
HEK293T,context_interaction,SRC,6,0.0,0.0,,0.9994400500640165,
HEK293T,unchanged,SSBP1,59,0.0,0.01694915254237288,0.0,,1.0
HEK293T,direct,SSBP1,59,0.0,0.01694915254237288,0.0,0.9835631624898467,4.270092446640679
HEK293T,global_median,SSBP1,59,0.0,0.01694915254237288,0.0,0.9835643424173101,2.1097703190769406
HEK293T,context_interaction,SSBP1,59,0.0,0.01694915254237288,0.0,0.9942493548779863,17.226947727043246
HEK293T,unchanged,STAG2,453,0.0,0.037527593818984545,0.0,,1.0
HEK293T,direct,STAG2,453,0.08388520971302428,0.15011037527593818,0.5588235294117647,0.8552933981173907,4.8673196606730045
HEK293T,global_median,STAG2,453,0.08167770419426049,0.15011037527593818,0.5441176470588235,0.8553184692050786,2.2704357004209204
HEK293T,context_interaction,STAG2,453,0.08830022075055188,0.1479028697571744,0.5970149253731343,0.9577469744759302,21.374527798257493
HEK293T,unchanged,STAT1,8,0.0,0.0,,,
HEK293T,direct,STAT1,8,0.0,0.0,,0.9999836106234089,
HEK293T,global_median,STAT1,8,0.0,0.0,,0.9999850552019565,
HEK293T,context_interaction,STAT1,8,0.0,0.0,,0.9992509230254615,
HEK293T,unchanged,STAT6,73,0.0,0.0,,,1.0
HEK293T,direct,STAT6,73,0.0136986301369863,0.0136986301369863,1.0,0.9643517144045749,3.8056360874060773
HEK293T,global_median,STAT6,73,0.0136986301369863,0.0136986301369863,1.0,0.9643704036512343,1.7920661697598566
HEK293T,context_interaction,STAT6,73,0.0684931506849315,0.0684931506849315,1.0,0.9931624156136131,13.213189283936481
HEK293T,unchanged,STX4,19,0.0,0.0,,,1.0
HEK293T,direct,STX4,19,0.0,0.0,,0.9955908085288829,2.1406729546996863
HEK293T,global_median,STX4,19,0.0,0.0,,0.9955919483700698,1.3332961845584828
HEK293T,context_interaction,STX4,19,0.0,0.0,,0.9982009927286761,12.745680903148314
HEK293T,unchanged,SV2A,18,0.0,0.0,,,1.0
HEK293T,direct,SV2A,18,0.0,0.05555555555555555,0.0,0.9919314563180224,4.94615375420879
HEK293T,global_median,SV2A,18,0.0,0.05555555555555555,0.0,0.991927128402879,2.342626609213515
HEK293T,context_interaction,SV2A,18,0.0,0.05555555555555555,0.0,0.9980647205387676,13.75575870044347
HEK293T,unchanged,TADA1,533,0.0,0.054409005628517824,0.0,,1.0
HEK293T,direct,TADA1,533,0.13133208255159476,0.2026266416510319,0.6481481481481481,0.7899179050167087,6.504467835775138
HEK293T,global_median,TADA1,533,0.13320825515947468,0.20825515947467166,0.6396396396396397,0.7899402970751846,2.843290525721092
HEK293T,context_interaction,TADA1,533,0.08630393996247655,0.13696060037523453,0.6301369863013698,0.9504782424490422,19.700845782797447
HEK293T,unchanged,TARBP2,4,0.0,0.0,,,
HEK293T,direct,TARBP2,4,0.0,0.0,,0.9953581269603681,
HEK293T,global_median,TARBP2,4,0.0,0.0,,0.9953571586636678,
HEK293T,context_interaction,TARBP2,4,0.0,0.0,,0.9995893050807406,
HEK293T,unchanged,TCF3,6,0.0,0.0,,,
HEK293T,direct,TCF3,6,0.0,0.0,,0.9958024241054821,
HEK293T,global_median,TCF3,6,0.0,0.0,,0.9958026663319901,
HEK293T,context_interaction,TCF3,6,0.0,0.0,,0.9994523597569765,
HEK293T,unchanged,TET1,46,0.0,0.0,,,1.0
HEK293T,direct,TET1,46,0.021739130434782608,0.021739130434782608,1.0,0.9678522123749358,8.928022503892501
HEK293T,global_median,TET1,46,0.021739130434782608,0.021739130434782608,1.0,0.967861935646156,3.546576256619449
HEK293T,context_interaction,TET1,46,0.0,0.021739130434782608,0.0,0.9955185117703778,18.99890926272566
HEK293T,unchanged,TFAM,98,0.0,0.02040816326530612,0.0,,1.0
HEK293T,direct,TFAM,98,0.02040816326530612,0.02040816326530612,1.0,0.9733142135357404,4.289897837559451
HEK293T,global_median,TFAM,98,0.02040816326530612,0.02040816326530612,1.0,0.9733311084033232,2.11205264787774
HEK293T,context_interaction,TFAM,98,0.05102040816326531,0.05102040816326531,1.0,0.990723599027701,16.538646442018887
HEK293T,unchanged,TGFBR2,260,0.0,0.015384615384615385,0.0,,1.0
HEK293T,direct,TGFBR2,260,0.038461538461538464,0.09230769230769231,0.4166666666666667,0.906178061312197,4.643489315573475
HEK293T,global_median,TGFBR2,260,0.038461538461538464,0.09230769230769231,0.4166666666666667,0.9061988471106571,2.2377226796291807
HEK293T,context_interaction,TGFBR2,260,0.06538461538461539,0.11538461538461539,0.5666666666666667,0.9756794502004246,15.883783210273247
HEK293T,unchanged,TMBIM6,6,0.0,0.0,,,
HEK293T,direct,TMBIM6,6,0.0,0.0,,0.9989686162398996,
HEK293T,global_median,TMBIM6,6,0.0,0.0,,0.9989680828592897,
HEK293T,context_interaction,TMBIM6,6,0.0,0.0,,0.9994553846948951,
HEK293T,unchanged,TMSB10,263,0.0,0.019011406844106463,0.0,,1.0
HEK293T,direct,TMSB10,263,0.04182509505703422,0.09885931558935361,0.4230769230769231,0.9031224852611877,5.263154118044042
HEK293T,global_median,TMSB10,263,0.04182509505703422,0.09885931558935361,0.4230769230769231,0.903133724814489,2.4339505472677323
HEK293T,context_interaction,TMSB10,263,0.04182509505703422,0.09125475285171103,0.4583333333333333,0.9755378076595275,15.402259852213867
HEK293T,unchanged,TMSB4X,0,,,,,
HEK293T,direct,TMSB4X,0,,,,,
HEK293T,global_median,TMSB4X,0,,,,,
HEK293T,context_interaction,TMSB4X,0,,,,,
HEK293T,unchanged,TRAM2,1,0.0,0.0,,,
HEK293T,direct,TRAM2,1,0.0,0.0,,0.9999999620369782,
HEK293T,global_median,TRAM2,1,0.0,0.0,,0.9999998960965834,
HEK293T,context_interaction,TRAM2,1,0.0,0.0,,0.999907383697146,
HEK293T,unchanged,TRAPPC6A,230,0.0,0.017391304347826087,0.0,,1.0
HEK293T,direct,TRAPPC6A,230,0.06521739130434782,0.13043478260869565,0.5,0.870453120912506,5.311602039893734
HEK293T,global_median,TRAPPC6A,230,0.06521739130434782,0.13043478260869565,0.5,0.8704725370691518,2.4284798311930205
HEK293T,context_interaction,TRAPPC6A,230,0.08260869565217391,0.14347826086956522,0.5757575757575758,0.9783566401402998,17.694622406230234
HEK293T,unchanged,TSC22D4,3,0.0,0.0,,,
HEK293T,direct,TSC22D4,3,0.0,0.0,,0.9979319807288684,
HEK293T,global_median,TSC22D4,3,0.0,0.0,,0.9979338051843522,
HEK293T,context_interaction,TSC22D4,3,0.0,0.0,,0.9997558720907934,
HEK293T,unchanged,TWF2,4,0.0,0.0,,,
HEK293T,direct,TWF2,4,0.0,0.0,,0.9953433989528424,
HEK293T,global_median,TWF2,4,0.0,0.0,,0.9953429578756633,
HEK293T,context_interaction,TWF2,4,0.0,0.0,,0.9995716467807886,
HEK293T,unchanged,TXNDC9,24,0.0,0.0,,,1.0
HEK293T,direct,TXNDC9,24,0.0,0.0,,0.9981354550738953,1.9581689785912817
HEK293T,global_median,TXNDC9,24,0.0,0.0,,0.9981370332251952,1.1593994431752355
HEK293T,context_interaction,TXNDC9,24,0.0,0.0,,0.9977735879716544,16.014325551443218
HEK293T,unchanged,UBE3C,37,0.0,0.0,,,1.0
HEK293T,direct,UBE3C,37,0.0,0.0,,0.991988840846279,2.8561686773809396
HEK293T,global_median,UBE3C,37,0.0,0.0,,0.9919938586992691,1.652881452715004
HEK293T,context_interaction,UBE3C,37,0.0,0.0,,0.9965148931405862,13.311964056204301
HEK293T,unchanged,UQCRQ,48,0.0,0.020833333333333332,0.0,,1.0
HEK293T,direct,UQCRQ,48,0.0,0.0,,0.9783010678320548,5.887553406588908
HEK293T,global_median,UQCRQ,48,0.0,0.0,,0.9783173640248582,2.6503048335179407
HEK293T,context_interaction,UQCRQ,48,0.041666666666666664,0.041666666666666664,1.0,0.9954152546114373,18.66037795312534
HEK293T,unchanged,USP22,21,0.0,0.0,,,1.0
HEK293T,direct,USP22,21,0.0,0.047619047619047616,0.0,0.9856930928052198,15.279507171389398
HEK293T,global_median,USP22,21,0.0,0.047619047619047616,0.0,0.9857027233165288,5.839229732588139
HEK293T,context_interaction,USP22,21,0.0,0.047619047619047616,0.0,0.9979622634665303,23.998008795606506
HEK293T,unchanged,WFS1,4,0.0,0.0,,,
HEK293T,direct,WFS1,4,0.0,0.0,,0.9999990824535043,
HEK293T,global_median,WFS1,4,0.0,0.0,,0.9999993337795728,
HEK293T,context_interaction,WFS1,4,0.0,0.0,,0.9996236821857261,
HEK293T,unchanged,WSB2,106,0.0,0.009433962264150943,0.0,,1.0
HEK293T,direct,WSB2,106,0.02830188679245283,0.03773584905660377,0.75,0.9595305073173435,4.822955024412382
HEK293T,global_median,WSB2,106,0.02830188679245283,0.03773584905660377,0.75,0.9595377974004983,2.294293714932606
HEK293T,context_interaction,WSB2,106,0.07547169811320754,0.09433962264150944,0.8,0.9897692159744258,18.228884284653244
HEK293T,unchanged,XRCC4,14,0.0,0.0,,,1.0
HEK293T,direct,XRCC4,14,0.0,0.0,,0.991841711883477,4.1985306193197856
HEK293T,global_median,XRCC4,14,0.0,0.0,,0.9918432336377004,2.1646578934536946
HEK293T,context_interaction,XRCC4,14,0.0,0.0,,0.9985629861149649,5.959090715972444
HEK293T,unchanged,ZNF286A,2,0.0,0.0,,,
HEK293T,direct,ZNF286A,2,0.0,0.0,,0.9999971161056952,
HEK293T,global_median,ZNF286A,2,0.0,0.0,,0.9999971855361889,
HEK293T,context_interaction,ZNF286A,2,0.0,0.0,,0.999818113610245,
HEK293T,unchanged,ZNF426,3,0.0,0.0,,,
HEK293T,direct,ZNF426,3,0.0,0.0,,0.9999997204753175,
HEK293T,global_median,ZNF426,3,0.0,0.0,,0.9999997330782951,
HEK293T,context_interaction,ZNF426,3,0.0,0.0,,0.9997213926418844,
HEK293T,unchanged,ZNF562,10,0.0,0.0,,,1.0
HEK293T,direct,ZNF562,10,0.0,0.0,,0.9964328088993468,4.3406083668307565
HEK293T,global_median,ZNF562,10,0.0,0.0,,0.9964335088201477,2.1782296324336428
HEK293T,context_interaction,ZNF562,10,0.0,0.0,,0.9990573557819373,22.775232450938898
HEK293T,unchanged,ZNF593,21,0.0,0.0,,,1.0
HEK293T,direct,ZNF593,21,0.0,0.0,,0.9864731141868872,7.01392915166266
HEK293T,global_median,ZNF593,21,0.0,0.0,,0.9864811197171295,2.9755800620782162
HEK293T,context_interaction,ZNF593,21,0.0,0.0,,0.9979461624333387,24.740939072411358
HEK293T,unchanged,ZNF714,8,0.0,0.0,,,
HEK293T,direct,ZNF714,8,0.0,0.0,,0.9968576004409929,
HEK293T,global_median,ZNF714,8,0.0,0.0,,0.9968610693491059,
HEK293T,context_interaction,ZNF714,8,0.0,0.0,,0.9993072136838014,
KOLF2.1J,unchanged,ACAT2,313,0.0,0.03194888178913738,0.0,,1.0
KOLF2.1J,direct,ACAT2,313,0.0670926517571885,0.0926517571884984,0.7241379310344828,0.8982775703329569,4.324581149308259
KOLF2.1J,global_median,ACAT2,313,0.07028753993610223,0.09584664536741214,0.7333333333333333,0.8982744436296183,1.9852382914720557
KOLF2.1J,context_interaction,ACAT2,313,0.05750798722044728,0.07028753993610223,0.8181818181818182,0.9708017591637462,11.793675017068718
KOLF2.1J,unchanged,ACVR1B,25,0.0,0.0,,,1.0
KOLF2.1J,direct,ACVR1B,25,0.0,0.0,,0.9998137416021006,0.6421321269677578
KOLF2.1J,global_median,ACVR1B,25,0.0,0.0,,0.9998200676825633,0.8456575447817027
KOLF2.1J,context_interaction,ACVR1B,25,0.0,0.0,,0.9975869310536607,10.016917327445885
KOLF2.1J,unchanged,AKT2,50,0.0,0.02,0.0,,1.0
KOLF2.1J,direct,AKT2,50,0.02,0.04,0.5,0.9509750935807721,2.321945942412713
KOLF2.1J,global_median,AKT2,50,0.02,0.04,0.5,0.9509548001424216,1.4283810988234797
KOLF2.1J,context_interaction,AKT2,50,0.02,0.04,0.5,0.9953369616616119,8.18947198561403
KOLF2.1J,unchanged,ANTXR1,2,0.0,0.0,,,
KOLF2.1J,direct,ANTXR1,2,0.0,0.0,,0.9999949965551888,
KOLF2.1J,global_median,ANTXR1,2,0.0,0.0,,0.9999946046520968,
KOLF2.1J,context_interaction,ANTXR1,2,0.0,0.0,,0.9998219253671952,
KOLF2.1J,unchanged,ARID1A,220,0.0,0.01818181818181818,0.0,,1.0
KOLF2.1J,direct,ARID1A,220,0.07272727272727272,0.09090909090909091,0.8,0.9618527233124889,1.320638765722139
KOLF2.1J,global_median,ARID1A,220,0.07727272727272727,0.09545454545454546,0.8095238095238095,0.9618467295235428,1.010661886222845
KOLF2.1J,context_interaction,ARID1A,220,0.06363636363636363,0.07727272727272727,0.8235294117647058,0.9796290230739886,12.261020764573916
KOLF2.1J,unchanged,ATM,76,0.0,0.0,,,1.0
KOLF2.1J,direct,ATM,76,0.0,0.013157894736842105,0.0,0.9991149695157726,1.0066757812946163
KOLF2.1J,global_median,ATM,76,0.0,0.013157894736842105,0.0,0.9991138153803419,0.9696070059215204
KOLF2.1J,context_interaction,ATM,76,0.013157894736842105,0.05263157894736842,0.25,0.992902737988748,12.862065487557693
KOLF2.1J,unchanged,ATP1B1,2,0.0,0.0,,,
KOLF2.1J,direct,ATP1B1,2,0.0,0.0,,0.999998371835471,
KOLF2.1J,global_median,ATP1B1,2,0.0,0.0,,0.9999982479739291,
KOLF2.1J,context_interaction,ATP1B1,2,0.0,0.0,,0.9998187843046153,
KOLF2.1J,unchanged,BIRC2,75,0.0,0.0,,,1.0
KOLF2.1J,direct,BIRC2,75,0.02666666666666667,0.02666666666666667,1.0,0.979793848815202,1.597075655883539
KOLF2.1J,global_median,BIRC2,75,0.02666666666666667,0.02666666666666667,1.0,0.979799653782185,1.1323530968421698
KOLF2.1J,context_interaction,BIRC2,75,0.013333333333333334,0.04,0.3333333333333333,0.9930374076355217,11.877492984379247
KOLF2.1J,unchanged,C1QBP,66,0.0,0.0,,,1.0
KOLF2.1J,direct,C1QBP,66,0.0,0.0,,0.9884604334744931,1.6357307628506603
KOLF2.1J,global_median,C1QBP,66,0.0,0.0,,0.988458352344115,1.1184502794597182
KOLF2.1J,context_interaction,C1QBP,66,0.0,0.0,,0.9939649224803211,13.938561217932087
KOLF2.1J,unchanged,CALM3,1,0.0,0.0,,,
KOLF2.1J,direct,CALM3,1,0.0,0.0,,0.9999968344641553,
KOLF2.1J,global_median,CALM3,1,0.0,0.0,,0.9999964746629953,
KOLF2.1J,context_interaction,CALM3,1,0.0,0.0,,0.999910243609462,
KOLF2.1J,unchanged,CAMSAP2,2,0.0,0.0,,,
KOLF2.1J,direct,CAMSAP2,2,0.0,0.0,,0.9999974716687006,
KOLF2.1J,global_median,CAMSAP2,2,0.0,0.0,,0.9999971941828029,
KOLF2.1J,context_interaction,CAMSAP2,2,0.0,0.0,,0.999819202664029,
KOLF2.1J,unchanged,CASP2,2,0.0,0.0,,,
KOLF2.1J,direct,CASP2,2,0.0,0.0,,0.9999991850209089,
KOLF2.1J,global_median,CASP2,2,0.0,0.0,,0.999999353490395,
KOLF2.1J,context_interaction,CASP2,2,0.0,0.0,,0.9998095061798493,
KOLF2.1J,unchanged,CASP3,417,0.0,0.03836930455635491,0.0,,1.0
KOLF2.1J,direct,CASP3,417,0.1342925659472422,0.15827338129496402,0.8484848484848485,0.8516579070246866,1.3564788634438547
KOLF2.1J,global_median,CASP3,417,0.1366906474820144,0.1606714628297362,0.8507462686567164,0.8515223376824252,1.0624246534564596
KOLF2.1J,context_interaction,CASP3,417,0.026378896882494004,0.06474820143884892,0.4074074074074074,0.9620028951275732,11.642062455883126
KOLF2.1J,unchanged,CDCA2,8,0.0,0.0,,,
KOLF2.1J,direct,CDCA2,8,0.0,0.0,,0.9999170157919481,
KOLF2.1J,global_median,CDCA2,8,0.0,0.0,,0.9999166075064685,
KOLF2.1J,context_interaction,CDCA2,8,0.0,0.0,,0.9992526573474472,
KOLF2.1J,unchanged,CENPO,5,0.0,0.0,,,
KOLF2.1J,direct,CENPO,5,0.0,0.0,,0.9886453962135783,
KOLF2.1J,global_median,CENPO,5,0.0,0.0,,0.9886415546460656,
KOLF2.1J,context_interaction,CENPO,5,0.0,0.0,,0.9994861164829829,
KOLF2.1J,unchanged,CLDN6,4,0.0,0.0,,,
KOLF2.1J,direct,CLDN6,4,0.0,0.0,,0.9999754064340317,
KOLF2.1J,global_median,CLDN6,4,0.0,0.0,,0.999973649601381,
KOLF2.1J,context_interaction,CLDN6,4,0.0,0.0,,0.9996408642729954,
KOLF2.1J,unchanged,CLDN7,7,0.0,0.0,,,
KOLF2.1J,direct,CLDN7,7,0.0,0.0,,0.9999339072071624,
KOLF2.1J,global_median,CLDN7,7,0.0,0.0,,0.9999344470673383,
KOLF2.1J,context_interaction,CLDN7,7,0.0,0.0,,0.9993483009455061,
KOLF2.1J,unchanged,CREG1,4,0.0,0.0,,,
KOLF2.1J,direct,CREG1,4,0.0,0.0,,0.9999531187092203,
KOLF2.1J,global_median,CREG1,4,0.0,0.0,,0.9999538034592124,
KOLF2.1J,context_interaction,CREG1,4,0.0,0.0,,0.9996289883075151,
KOLF2.1J,unchanged,DAXX,28,0.0,0.0,,,1.0
KOLF2.1J,direct,DAXX,28,0.0,0.0,,0.9864026430914161,4.263699863775144
KOLF2.1J,global_median,DAXX,28,0.0,0.0,,0.9863914104744466,1.980595704148227
KOLF2.1J,context_interaction,DAXX,28,0.03571428571428571,0.03571428571428571,1.0,0.9971723506697696,14.143732138252654
KOLF2.1J,unchanged,DHCR24,32,0.0,0.0,,,1.0
KOLF2.1J,direct,DHCR24,32,0.0,0.0,,0.9998941227723441,0.7916596105048656
KOLF2.1J,global_median,DHCR24,32,0.0,0.0,,0.9998892878847161,0.9018114008771791
KOLF2.1J,context_interaction,DHCR24,32,0.0,0.0,,0.9970659641874506,13.907541815616808
KOLF2.1J,unchanged,DHX36,1387,0.0,0.12977649603460706,0.0,,1.0
KOLF2.1J,direct,DHX36,1387,0.23936553713049746,0.28550829127613553,0.8383838383838383,0.6191351531445786,1.0429917878026427
KOLF2.1J,global_median,DHX36,1387,0.24152847873107425,0.2876712328767123,0.8395989974937343,0.6188711736697332,0.9897171572695098
KOLF2.1J,context_interaction,DHX36,1387,0.10021629416005767,0.17519826964671953,0.5720164609053497,0.8717601354422864,11.81662946784983
KOLF2.1J,unchanged,DLG5,85,0.0,0.011764705882352941,0.0,,1.0
KOLF2.1J,direct,DLG5,85,0.011764705882352941,0.023529411764705882,0.5,0.9715835424502641,2.872771705421974
KOLF2.1J,global_median,DLG5,85,0.011764705882352941,0.023529411764705882,0.5,0.9715872265232056,1.5375771181404996
KOLF2.1J,context_interaction,DLG5,85,0.011764705882352941,0.03529411764705882,0.3333333333333333,0.9922621527102101,9.23090081205445
KOLF2.1J,unchanged,DNMT1,1279,0.0,0.11415168100078187,0.0,,1.0
KOLF2.1J,direct,DNMT1,1279,0.2978889757623143,0.33307271305707586,0.8943661971830986,0.5480756043173148,1.6361885545585209
KOLF2.1J,global_median,DNMT1,1279,0.2955433932759969,0.33698201720093823,0.877030162412993,0.5480359600132638,1.1110044304267646
KOLF2.1J,context_interaction,DNMT1,1279,0.19468334636434714,0.2251759186864738,0.8645833333333334,0.8815457927729236,10.071070346365264
KOLF2.1J,unchanged,DZIP3,1,0.0,0.0,,,
KOLF2.1J,direct,DZIP3,1,0.0,0.0,,0.9999762063311125,
KOLF2.1J,global_median,DZIP3,1,0.0,0.0,,0.9999768733640572,
KOLF2.1J,context_interaction,DZIP3,1,0.0,0.0,,0.999899517388549,
KOLF2.1J,unchanged,EID2,4,0.0,0.0,,,
KOLF2.1J,direct,EID2,4,0.0,0.0,,0.9999891790932879,
KOLF2.1J,global_median,EID2,4,0.0,0.0,,0.9999895618495294,
KOLF2.1J,context_interaction,EID2,4,0.0,0.0,,0.9996333909323013,
KOLF2.1J,unchanged,EIF4B,124,0.0,0.0,,,1.0
KOLF2.1J,direct,EIF4B,124,0.0967741935483871,0.11290322580645161,0.8571428571428571,0.8443613929906553,3.216997922692739
KOLF2.1J,global_median,EIF4B,124,0.10483870967741936,0.12096774193548387,0.8666666666666667,0.8443306115757658,1.5738319709284951
KOLF2.1J,context_interaction,EIF4B,124,0.04838709677419355,0.04838709677419355,1.0,0.9886899386818571,12.825980059236741
KOLF2.1J,unchanged,EWSR1,178,0.0,0.033707865168539325,0.0,,1.0
KOLF2.1J,direct,EWSR1,178,0.028089887640449437,0.05056179775280899,0.5555555555555556,0.9430714142633497,2.225517918593266
KOLF2.1J,global_median,EWSR1,178,0.028089887640449437,0.05056179775280899,0.5555555555555556,0.9430685621911967,1.3022438311909394
KOLF2.1J,context_interaction,EWSR1,178,0.0449438202247191,0.056179775280898875,0.8,0.9838254431754027,12.969357410554666
KOLF2.1J,unchanged,FOXH1,32,0.0,0.0,,,1.0
KOLF2.1J,direct,FOXH1,32,0.03125,0.03125,1.0,0.9664783866553409,1.5077747156158254
KOLF2.1J,global_median,FOXH1,32,0.03125,0.03125,1.0,0.9664747187235212,1.1264216419401922
KOLF2.1J,context_interaction,FOXH1,32,0.125,0.125,1.0,0.9969407039761686,8.825543186971535
KOLF2.1J,unchanged,GSK3B,217,0.0,0.018433179723502304,0.0,,1.0
KOLF2.1J,direct,GSK3B,217,0.03686635944700461,0.055299539170506916,0.6666666666666666,0.9106534420258869,1.59704499932707
KOLF2.1J,global_median,GSK3B,217,0.03686635944700461,0.059907834101382486,0.6153846153846154,0.91068043503223,1.177940602900928
KOLF2.1J,context_interaction,GSK3B,217,0.027649769585253458,0.04608294930875576,0.6,0.9800150080322333,9.92693764460936
KOLF2.1J,unchanged,HAT1,29,0.0,0.0,,,1.0
KOLF2.1J,direct,HAT1,29,0.0,0.0,,0.9887804755038574,2.4119580567811405
KOLF2.1J,global_median,HAT1,29,0.0,0.0,,0.988784956385943,1.4463633518152397
KOLF2.1J,context_interaction,HAT1,29,0.0,0.0,,0.997279209812782,11.944358163459288
KOLF2.1J,unchanged,HIRA,32,0.0,0.03125,0.0,,1.0
KOLF2.1J,direct,HIRA,32,0.0,0.0,,0.9953175948662152,1.7524530434403516
KOLF2.1J,global_median,HIRA,32,0.0,0.0,,0.995318080052953,1.2187336494675174
KOLF2.1J,context_interaction,HIRA,32,0.0,0.0,,0.9971567714470508,7.75740667029853
KOLF2.1J,unchanged,HMGB2,26,0.0,0.0,,,1.0
KOLF2.1J,direct,HMGB2,26,0.0,0.0,,0.9997866628002613,1.1759489070088618
KOLF2.1J,global_median,HMGB2,26,0.0,0.0,,0.9997914758423521,1.061680850321251
KOLF2.1J,context_interaction,HMGB2,26,0.0,0.0,,0.9975861734758896,7.6722209068777145
KOLF2.1J,unchanged,HMGN1,3,0.0,0.0,,,
KOLF2.1J,direct,HMGN1,3,0.0,0.0,,0.9999905345662741,
KOLF2.1J,global_median,HMGN1,3,0.0,0.0,,0.9999900842985625,
KOLF2.1J,context_interaction,HMGN1,3,0.0,0.0,,0.9997241747810821,
KOLF2.1J,unchanged,IDE,0,,,,,
KOLF2.1J,direct,IDE,0,,,,,
KOLF2.1J,global_median,IDE,0,,,,,
KOLF2.1J,context_interaction,IDE,0,,,,,
KOLF2.1J,unchanged,IGF2R,6,0.0,0.0,,,
KOLF2.1J,direct,IGF2R,6,0.0,0.0,,0.9998080937479986,
KOLF2.1J,global_median,IGF2R,6,0.0,0.0,,0.999810795399116,
KOLF2.1J,context_interaction,IGF2R,6,0.0,0.0,,0.9994292552854014,
KOLF2.1J,unchanged,IKBKG,12,0.0,0.0,,,1.0
KOLF2.1J,direct,IKBKG,12,0.0,0.0,,0.9999432288400637,1.1006825694871172
KOLF2.1J,global_median,IKBKG,12,0.0,0.0,,0.9999429673701666,1.0143458242041656
KOLF2.1J,context_interaction,IKBKG,12,0.0,0.0,,0.9988815882276838,8.716729070468666
KOLF2.1J,unchanged,INSIG1,219,0.0,0.0182648401826484,0.0,,1.0
KOLF2.1J,direct,INSIG1,219,0.0228310502283105,0.091324200913242,0.25,0.9023760126881706,3.427308313804548
KOLF2.1J,global_median,INSIG1,219,0.0228310502283105,0.091324200913242,0.25,0.9023771916275725,1.7896060918758365
KOLF2.1J,context_interaction,INSIG1,219,0.0228310502283105,0.0593607305936073,0.38461538461538464,0.9796646970827064,12.694646198067616
KOLF2.1J,unchanged,IRF3,4,0.0,0.0,,,
KOLF2.1J,direct,IRF3,4,0.0,0.0,,0.9998822831444928,
KOLF2.1J,global_median,IRF3,4,0.0,0.0,,0.9998843904108214,
KOLF2.1J,context_interaction,IRF3,4,0.0,0.0,,0.9995954250706046,
KOLF2.1J,unchanged,KAT2A,738,0.0,0.06368563685636856,0.0,,1.0
KOLF2.1J,direct,KAT2A,738,0.22357723577235772,0.24796747967479674,0.9016393442622951,0.9866636163934347,0.674517360503295
KOLF2.1J,global_median,KAT2A,738,0.22764227642276422,0.25203252032520324,0.9032258064516129,0.9864976628418806,0.8601729240484379
KOLF2.1J,context_interaction,KAT2A,738,0.08265582655826559,0.12330623306233063,0.6703296703296703,0.932073630298141,12.712065964391398
KOLF2.1J,unchanged,KDM2B,44,0.0,0.022727272727272728,0.0,,1.0
KOLF2.1J,direct,KDM2B,44,0.0,0.0,,0.9997306007167569,1.1045624155443943
KOLF2.1J,global_median,KDM2B,44,0.0,0.0,,0.9997312905065115,1.0193322350967806
KOLF2.1J,context_interaction,KDM2B,44,0.022727272727272728,0.045454545454545456,0.5,0.9959375583419018,12.508386040861117
KOLF2.1J,unchanged,KDR,7,0.0,0.0,,,
KOLF2.1J,direct,KDR,7,0.0,0.0,,0.999930191624775,
KOLF2.1J,global_median,KDR,7,0.0,0.0,,0.999932547050405,
KOLF2.1J,context_interaction,KDR,7,0.0,0.0,,0.9993426515563973,
KOLF2.1J,unchanged,KIF1B,2,0.0,0.0,,,
KOLF2.1J,direct,KIF1B,2,0.0,0.0,,0.9999997909272024,
KOLF2.1J,global_median,KIF1B,2,0.0,0.0,,0.9999997916396163,
KOLF2.1J,context_interaction,KIF1B,2,0.0,0.0,,0.9998129633658546,
KOLF2.1J,unchanged,KLF10,15,0.0,0.0,,,1.0
KOLF2.1J,direct,KLF10,15,0.0,0.0,,0.9997858451339503,0.9219517756037031
KOLF2.1J,global_median,KLF10,15,0.0,0.0,,0.99978367713413,0.9285386002713188
KOLF2.1J,context_interaction,KLF10,15,0.0,0.06666666666666667,0.0,0.9986005844625537,11.185289998155358
KOLF2.1J,unchanged,LAD1,2,0.0,0.0,,,
KOLF2.1J,direct,LAD1,2,0.0,0.0,,0.9999955038376551,
KOLF2.1J,global_median,LAD1,2,0.0,0.0,,0.9999959311069276,
KOLF2.1J,context_interaction,LAD1,2,0.0,0.0,,0.9998056141677139,
KOLF2.1J,unchanged,LRPPRC,98,0.0,0.02040816326530612,0.0,,1.0
KOLF2.1J,direct,LRPPRC,98,0.01020408163265306,0.02040816326530612,0.5,0.9786832352826661,1.2197425861881699
KOLF2.1J,global_median,LRPPRC,98,0.01020408163265306,0.02040816326530612,0.5,0.9786859565354092,1.0477766092568002
KOLF2.1J,context_interaction,LRPPRC,98,0.07142857142857142,0.08163265306122448,0.875,0.9908054375431951,11.713962512417638
KOLF2.1J,unchanged,LZTR1,191,0.0,0.015706806282722512,0.0,,1.0
KOLF2.1J,direct,LZTR1,191,0.020942408376963352,0.07853403141361257,0.26666666666666666,0.8621007811743341,2.067022766543991
KOLF2.1J,global_median,LZTR1,191,0.02617801047120419,0.08376963350785341,0.3125,0.8620970708531264,1.3537642350045411
KOLF2.1J,context_interaction,LZTR1,191,0.02617801047120419,0.041884816753926704,0.625,0.9825323857850168,9.799327081384893
KOLF2.1J,unchanged,MAP1B,3,0.0,0.0,,,
KOLF2.1J,direct,MAP1B,3,0.0,0.0,,0.9999970508868457,
KOLF2.1J,global_median,MAP1B,3,0.0,0.0,,0.999996739067529,
KOLF2.1J,context_interaction,MAP1B,3,0.0,0.0,,0.9997229343218309,
KOLF2.1J,unchanged,MAP3K7,1,0.0,0.0,,,
KOLF2.1J,direct,MAP3K7,1,0.0,0.0,,0.999974165644784,
KOLF2.1J,global_median,MAP3K7,1,0.0,0.0,,0.9999734771681287,
KOLF2.1J,context_interaction,MAP3K7,1,0.0,0.0,,0.9999139707461944,
KOLF2.1J,unchanged,MAPKAPK2,5,0.0,0.0,,,
KOLF2.1J,direct,MAPKAPK2,5,0.0,0.0,,0.999993496444044,
KOLF2.1J,global_median,MAPKAPK2,5,0.0,0.0,,0.9999931642740821,
KOLF2.1J,context_interaction,MAPKAPK2,5,0.0,0.0,,0.9995354109246906,
KOLF2.1J,unchanged,MAST2,0,,,,,
KOLF2.1J,direct,MAST2,0,,,,,
KOLF2.1J,global_median,MAST2,0,,,,,
KOLF2.1J,context_interaction,MAST2,0,,,,,
KOLF2.1J,unchanged,MAU2,902,0.0,0.11197339246119734,0.0,,1.0
KOLF2.1J,direct,MAU2,902,0.15964523281596452,0.20842572062084258,0.7659574468085106,0.7152454164387687,2.6993256965644794
KOLF2.1J,global_median,MAU2,902,0.16186252771618626,0.21286031042128603,0.7604166666666666,0.7152651726596623,1.4858328796872782
KOLF2.1J,context_interaction,MAU2,902,0.11086474501108648,0.15631929046563192,0.7092198581560284,0.9161742804027191,10.724165629683524
KOLF2.1J,unchanged,MBTPS1,384,0.0,0.036458333333333336,0.0,,1.0
KOLF2.1J,direct,MBTPS1,384,0.078125,0.10416666666666667,0.75,0.8646554909798433,2.478976086348386
KOLF2.1J,global_median,MBTPS1,384,0.07552083333333333,0.10416666666666667,0.725,0.8646228953828397,1.445751671990661
KOLF2.1J,context_interaction,MBTPS1,384,0.06770833333333333,0.09114583333333333,0.7428571428571429,0.9638142932085828,10.344242108885954
KOLF2.1J,unchanged,MED1,302,0.0,0.023178807947019868,0.0,,1.0
KOLF2.1J,direct,MED1,302,0.09933774834437085,0.12251655629139073,0.8108108108108109,0.8307398028476203,1.9024040897134538
KOLF2.1J,global_median,MED1,302,0.09933774834437085,0.12251655629139073,0.8108108108108109,0.8307764222675192,1.2263896918133526
KOLF2.1J,context_interaction,MED1,302,0.09271523178807947,0.10264900662251655,0.9032258064516129,0.9721744993073378,12.074567371527584
KOLF2.1J,unchanged,MED12,68,0.0,0.0,,,1.0
KOLF2.1J,direct,MED12,68,0.014705882352941176,0.014705882352941176,1.0,0.9901981524245846,1.4924143309655078
KOLF2.1J,global_median,MED12,68,0.014705882352941176,0.014705882352941176,1.0,0.9901876540851675,1.1204680126788615
KOLF2.1J,context_interaction,MED12,68,0.029411764705882353,0.029411764705882353,1.0,0.9936417897911618,12.965172749163678
KOLF2.1J,unchanged,MED13,113,0.0,0.008849557522123894,0.0,,1.0
KOLF2.1J,direct,MED13,113,0.035398230088495575,0.035398230088495575,1.0,0.9465953275525961,1.5060485219083808
KOLF2.1J,global_median,MED13,113,0.035398230088495575,0.035398230088495575,1.0,0.9465940916640511,1.1110299670223358
KOLF2.1J,context_interaction,MED13,113,0.061946902654867256,0.061946902654867256,1.0,0.9894853101788929,13.28628148599381
KOLF2.1J,unchanged,MED13L,16,0.0,0.0,,,1.0
KOLF2.1J,direct,MED13L,16,0.0,0.0,,0.9999310624919613,0.9202727698321763
KOLF2.1J,global_median,MED13L,16,0.0,0.0,,0.999930982019905,0.968741558189715
KOLF2.1J,context_interaction,MED13L,16,0.0,0.0,,0.9984918792270092,10.997894248160176
KOLF2.1J,unchanged,MED24,647,0.0,0.06800618238021638,0.0,,1.0
KOLF2.1J,direct,MED24,647,0.1391035548686244,0.16228748068006182,0.8571428571428571,0.6579795211674387,1.5248888452186362
KOLF2.1J,global_median,MED24,647,0.1375579598145286,0.160741885625966,0.8557692307692307,0.6579344097213364,1.137116965902397
KOLF2.1J,context_interaction,MED24,647,0.1437403400309119,0.16537867078825347,0.8691588785046729,0.9397699207564425,10.509735282795003
KOLF2.1J,unchanged,METTL14,3008,0.0,0.26628989361702127,0.0,,1.0
KOLF2.1J,direct,METTL14,3008,0.24767287234042554,0.3620345744680851,0.6841138659320477,0.4928958937163298,1.200110386888661
KOLF2.1J,global_median,METTL14,3008,0.24966755319148937,0.36336436170212766,0.687099725526075,0.49282447774422866,1.055660614016339
KOLF2.1J,context_interaction,METTL14,3008,0.1918218085106383,0.3098404255319149,0.619098712446352,0.7204644487197993,10.791182347748933
KOLF2.1J,unchanged,METTL17,81,0.0,0.024691358024691357,0.0,,1.0
KOLF2.1J,direct,METTL17,81,0.037037037037037035,0.037037037037037035,1.0,0.9625411487129903,1.891734633467314
KOLF2.1J,global_median,METTL17,81,0.037037037037037035,0.037037037037037035,1.0,0.9625404001772704,1.2249717102775306
KOLF2.1J,context_interaction,METTL17,81,0.024691358024691357,0.024691358024691357,1.0,0.9925042582233882,11.960538175596263
KOLF2.1J,unchanged,METTL3,2926,0.0,0.2573479152426521,0.0,,1.0
KOLF2.1J,direct,METTL3,2926,0.3274094326725906,0.398838004101162,0.8209083119108826,0.664292590785678,0.9763260902207969
KOLF2.1J,global_median,METTL3,2926,0.3287764866712235,0.3998632946001367,0.8222222222222222,0.6642649849674856,0.9753782402234517
KOLF2.1J,context_interaction,METTL3,2926,0.21462747778537253,0.3198906356801094,0.6709401709401709,0.7281772252163334,11.027005774560191
KOLF2.1J,unchanged,MKI67,5,0.0,0.0,,,
KOLF2.1J,direct,MKI67,5,0.0,0.0,,0.9999548228910337,
KOLF2.1J,global_median,MKI67,5,0.0,0.0,,0.9999552271911311,
KOLF2.1J,context_interaction,MKI67,5,0.0,0.0,,0.9995444525226805,
KOLF2.1J,unchanged,MTA1,28,0.0,0.0,,,1.0
KOLF2.1J,direct,MTA1,28,0.07142857142857142,0.07142857142857142,1.0,0.9269533657974807,2.7327125371317127
KOLF2.1J,global_median,MTA1,28,0.07142857142857142,0.07142857142857142,1.0,0.9268858993224588,1.5327062330875763
KOLF2.1J,context_interaction,MTA1,28,0.03571428571428571,0.03571428571428571,1.0,0.9973445281352917,6.998273934427426
KOLF2.1J,unchanged,NCK2,2,0.0,0.0,,,
KOLF2.1J,direct,NCK2,2,0.0,0.0,,0.9999889078863955,
KOLF2.1J,global_median,NCK2,2,0.0,0.0,,0.9999889477450905,
KOLF2.1J,context_interaction,NCK2,2,0.0,0.0,,0.999809404061571,
KOLF2.1J,unchanged,NDUFB4,17,0.0,0.058823529411764705,0.0,,1.0
KOLF2.1J,direct,NDUFB4,17,0.0,0.0,,0.9998817724622786,1.0869283623230783
KOLF2.1J,global_median,NDUFB4,17,0.0,0.0,,0.9998844677788575,0.8985885896848497
KOLF2.1J,context_interaction,NDUFB4,17,0.0,0.0,,0.9983879621758665,14.353259224945733
KOLF2.1J,unchanged,NDUFB6,12,0.0,0.0,,,1.0
KOLF2.1J,direct,NDUFB6,12,0.0,0.0,,0.9999407341565649,1.6897425645990798
KOLF2.1J,global_median,NDUFB6,12,0.0,0.0,,0.9999405981871087,0.9484060562588429
KOLF2.1J,context_interaction,NDUFB6,12,0.0,0.0,,0.998847172115687,14.379078684058323
KOLF2.1J,unchanged,NISCH,6,0.0,0.0,,,
KOLF2.1J,direct,NISCH,6,0.0,0.0,,0.9999905687053076,
KOLF2.1J,global_median,NISCH,6,0.0,0.0,,0.9999900915341089,
KOLF2.1J,context_interaction,NISCH,6,0.0,0.0,,0.9994427938528234,
KOLF2.1J,unchanged,NIT1,143,0.0,0.03496503496503497,0.0,,1.0
KOLF2.1J,direct,NIT1,143,0.02097902097902098,0.06293706293706294,0.3333333333333333,0.9350006278511325,2.512544264935125
KOLF2.1J,global_median,NIT1,143,0.02097902097902098,0.06293706293706294,0.3333333333333333,0.9349837187184756,1.4581437746858452
KOLF2.1J,context_interaction,NIT1,143,0.02097902097902098,0.06993006993006994,0.3,0.9866797366507939,13.774920621639719
KOLF2.1J,unchanged,NRAS,5,0.0,0.0,,,
KOLF2.1J,direct,NRAS,5,0.0,0.0,,0.9999772331967031,
KOLF2.1J,global_median,NRAS,5,0.0,0.0,,0.9999770601063607,
KOLF2.1J,context_interaction,NRAS,5,0.0,0.0,,0.9995392930095087,
KOLF2.1J,unchanged,OXCT1,129,0.0,0.0,,,1.0
KOLF2.1J,direct,OXCT1,129,0.031007751937984496,0.05426356589147287,0.5714285714285714,0.9480494903031365,2.442965017376448
KOLF2.1J,global_median,OXCT1,129,0.031007751937984496,0.05426356589147287,0.5714285714285714,0.9480767082180982,1.4040977081183572
KOLF2.1J,context_interaction,OXCT1,129,0.03875968992248062,0.05426356589147287,0.7142857142857143,0.9881032586041677,7.8104114620250495
KOLF2.1J,unchanged,PAGR1,18,0.0,0.0,,,1.0
KOLF2.1J,direct,PAGR1,18,0.0,0.0,,0.9998284715690456,0.8602929554241912
KOLF2.1J,global_median,PAGR1,18,0.0,0.0,,0.9998277883431103,0.8714796549147157
KOLF2.1J,context_interaction,PAGR1,18,0.0,0.0,,0.9983693698296525,13.316944998351783
KOLF2.1J,unchanged,PBX1,5,0.0,0.0,,,
KOLF2.1J,direct,PBX1,5,0.0,0.0,,0.9999613662629581,
KOLF2.1J,global_median,PBX1,5,0.0,0.0,,0.9999621201969421,
KOLF2.1J,context_interaction,PBX1,5,0.0,0.0,,0.9995160892801727,
KOLF2.1J,unchanged,PHF10,120,0.0,0.016666666666666666,0.0,,1.0
KOLF2.1J,direct,PHF10,120,0.05,0.075,0.6666666666666666,0.9334080567250774,2.5792200687425906
KOLF2.1J,global_median,PHF10,120,0.05,0.075,0.6666666666666666,0.9333971141952868,1.4810915047782136
KOLF2.1J,context_interaction,PHF10,120,0.025,0.05,0.5,0.9887646599501617,10.86140790653602
KOLF2.1J,unchanged,PHF14,24,0.0,0.0,,,1.0
KOLF2.1J,direct,PHF14,24,0.0,0.0,,0.9805803985317398,2.8522595155116255
KOLF2.1J,global_median,PHF14,24,0.0,0.0,,0.9805783198579331,1.6149255491283796
KOLF2.1J,context_interaction,PHF14,24,0.0,0.0,,0.9977935226835056,11.982670231321018
KOLF2.1J,unchanged,PLCB3,2,0.0,0.0,,,
KOLF2.1J,direct,PLCB3,2,0.0,0.0,,0.9999976793348027,
KOLF2.1J,global_median,PLCB3,2,0.0,0.0,,0.9999974901660871,
KOLF2.1J,context_interaction,PLCB3,2,0.0,0.0,,0.999816333250794,
KOLF2.1J,unchanged,PMS1,1,0.0,0.0,,,
KOLF2.1J,direct,PMS1,1,0.0,0.0,,0.9999695338235814,
KOLF2.1J,global_median,PMS1,1,0.0,0.0,,0.9999702388480783,
KOLF2.1J,context_interaction,PMS1,1,0.0,0.0,,0.9999045941368809,
KOLF2.1J,unchanged,POLB,3,0.0,0.0,,,
KOLF2.1J,direct,POLB,3,0.0,0.0,,0.999996575497337,
KOLF2.1J,global_median,POLB,3,0.0,0.0,,0.9999962311836502,
KOLF2.1J,context_interaction,POLB,3,0.0,0.0,,0.9997258679722968,
KOLF2.1J,unchanged,PRCP,6,0.0,0.0,,,
KOLF2.1J,direct,PRCP,6,0.0,0.0,,0.9999970443810273,
KOLF2.1J,global_median,PRCP,6,0.0,0.0,,0.9999974055768979,
KOLF2.1J,context_interaction,PRCP,6,0.0,0.0,,0.999443144345501,
KOLF2.1J,unchanged,PRR12,105,0.0,0.009523809523809525,0.0,,1.0
KOLF2.1J,direct,PRR12,105,0.02857142857142857,0.0380952380952381,0.75,0.961222764760269,4.509259521760803
KOLF2.1J,global_median,PRR12,105,0.02857142857142857,0.0380952380952381,0.75,0.9612357378085252,2.1206920413678407
KOLF2.1J,context_interaction,PRR12,105,0.009523809523809525,0.0380952380952381,0.25,0.9902058197025049,11.835284228402564
KOLF2.1J,unchanged,PTPN1,2,0.0,0.0,,,
KOLF2.1J,direct,PTPN1,2,0.0,0.0,,0.9999957496664038,
KOLF2.1J,global_median,PTPN1,2,0.0,0.0,,0.9999950397780775,
KOLF2.1J,context_interaction,PTPN1,2,0.0,0.0,,0.9998202282447005,
KOLF2.1J,unchanged,RAB3B,0,,,,,
KOLF2.1J,direct,RAB3B,0,,,,,
KOLF2.1J,global_median,RAB3B,0,,,,,
KOLF2.1J,context_interaction,RAB3B,0,,,,,
KOLF2.1J,unchanged,RAF1,38,0.0,0.0,,,1.0
KOLF2.1J,direct,RAF1,38,0.0,0.0,,0.9997932369519004,1.047869634052244
KOLF2.1J,global_median,RAF1,38,0.0,0.0,,0.9997890441975874,0.9317770045679846
KOLF2.1J,context_interaction,RAF1,38,0.0,0.0,,0.9964812892170333,13.133262104109235
KOLF2.1J,unchanged,RNF2,377,0.0,0.034482758620689655,0.0,,1.0
KOLF2.1J,direct,RNF2,377,0.10344827586206896,0.14058355437665782,0.7358490566037735,0.7934386907101036,1.5707707675509246
KOLF2.1J,global_median,RNF2,377,0.10875331564986737,0.14058355437665782,0.7735849056603774,0.7933669706699928,1.1584484120801377
KOLF2.1J,context_interaction,RNF2,377,0.0610079575596817,0.08488063660477453,0.71875,0.9652858240130664,11.551554039098093
KOLF2.1J,unchanged,RRM1,5,0.0,0.0,,,
KOLF2.1J,direct,RRM1,5,0.0,0.0,,0.9999434887546319,
KOLF2.1J,global_median,RRM1,5,0.0,0.0,,0.999941515557316,
KOLF2.1J,context_interaction,RRM1,5,0.0,0.0,,0.9995487643999396,
KOLF2.1J,unchanged,SAFB,165,0.0,0.012121212121212121,0.0,,1.0
KOLF2.1J,direct,SAFB,165,0.024242424242424242,0.06666666666666667,0.36363636363636365,0.9170484713118958,3.1597833475137933
KOLF2.1J,global_median,SAFB,165,0.024242424242424242,0.06666666666666667,0.36363636363636365,0.9170524954179369,1.7063464792226675
KOLF2.1J,context_interaction,SAFB,165,0.030303030303030304,0.08484848484848485,0.35714285714285715,0.9846323904402193,11.85949127434345
KOLF2.1J,unchanged,SIN3B,1161,0.0,0.10766580534022395,0.0,,1.0
KOLF2.1J,direct,SIN3B,1161,0.22136089577950044,0.26012058570198104,0.8509933774834437,0.720875545875951,1.145597437193751
KOLF2.1J,global_median,SIN3B,1161,0.2222222222222222,0.26270456503014644,0.8459016393442623,0.7208538010421661,1.008213505831225
KOLF2.1J,context_interaction,SIN3B,1161,0.16106804478897502,0.18863049095607234,0.8538812785388128,0.8925549976732243,11.696417272011232
KOLF2.1J,unchanged,SIX4,25,0.0,0.0,,,1.0
KOLF2.1J,direct,SIX4,25,0.04,0.04,1.0,0.9696194225916989,2.1672507213432386
KOLF2.1J,global_median,SIX4,25,0.04,0.04,1.0,0.9696240637133808,1.2976923189974259
KOLF2.1J,context_interaction,SIX4,25,0.04,0.04,1.0,0.9976696793032288,11.487357385485746
KOLF2.1J,unchanged,SLC25A3,21,0.0,0.0,,,1.0
KOLF2.1J,direct,SLC25A3,21,0.0,0.0,,0.9850946382533045,3.1115830200430397
KOLF2.1J,global_median,SLC25A3,21,0.0,0.0,,0.9850925526514243,1.6561548222656228
KOLF2.1J,context_interaction,SLC25A3,21,0.0,0.0,,0.998145166916569,11.668691892785159
KOLF2.1J,unchanged,SMAGP,79,0.0,0.0,,,1.0
KOLF2.1J,direct,SMAGP,79,0.02531645569620253,0.02531645569620253,1.0,0.9691560648075597,2.7712391471723805
KOLF2.1J,global_median,SMAGP,79,0.02531645569620253,0.02531645569620253,1.0,0.9691613045604275,1.5816900811429473
KOLF2.1J,context_interaction,SMAGP,79,0.02531645569620253,0.06329113924050633,0.4,0.9926471457437146,9.728309496745085
KOLF2.1J,unchanged,SMARCA4,2229,0.0,0.2126514131897712,0.0,,1.0
KOLF2.1J,direct,SMARCA4,2229,0.17362045760430686,0.3144908030506954,0.5520684736091298,0.5661302881074946,1.0802377605342166
KOLF2.1J,global_median,SMARCA4,2229,0.17362045760430686,0.3135935397039031,0.5536480686695279,0.5661269198545059,1.0197670393599914
KOLF2.1J,context_interaction,SMARCA4,2229,0.13369223867205024,0.2812920592193809,0.47527910685805425,0.7932835090305705,9.615420093508058
KOLF2.1J,unchanged,SMARCA5,953,0.0,0.08289611752360965,0.0,,1.0
KOLF2.1J,direct,SMARCA5,953,0.19517313746065057,0.24134312696747115,0.808695652173913,0.6495807922590351,1.6934927485259177
KOLF2.1J,global_median,SMARCA5,953,0.19622245540398742,0.24239244491080797,0.8095238095238095,0.6494807773956162,1.182535428980311
KOLF2.1J,context_interaction,SMARCA5,953,0.1311647429171039,0.1657922350472193,0.7911392405063291,0.9112768762579565,10.471190721253235
KOLF2.1J,unchanged,SOX2,1156,0.0,0.11764705882352941,0.0,,1.0
KOLF2.1J,direct,SOX2,1156,0.17301038062283736,0.24740484429065743,0.6993006993006993,0.6448623802220177,1.348922228995831
KOLF2.1J,global_median,SOX2,1156,0.17128027681660898,0.24826989619377163,0.6898954703832753,0.6448270438456594,1.0880980768409059
KOLF2.1J,context_interaction,SOX2,1156,0.1522491349480969,0.21453287197231835,0.7096774193548387,0.8920958424405193,9.598717381337215
KOLF2.1J,unchanged,SRC,6,0.0,0.0,,,
KOLF2.1J,direct,SRC,6,0.0,0.0,,0.9999893206955007,
KOLF2.1J,global_median,SRC,6,0.0,0.0,,0.9999903622987092,
KOLF2.1J,context_interaction,SRC,6,0.0,0.0,,0.9994200905911089,
KOLF2.1J,unchanged,SSBP1,59,0.0,0.01694915254237288,0.0,,1.0
KOLF2.1J,direct,SSBP1,59,0.01694915254237288,0.05084745762711865,0.3333333333333333,0.9559657216181814,2.777722492128104
KOLF2.1J,global_median,SSBP1,59,0.01694915254237288,0.05084745762711865,0.3333333333333333,0.955954090563933,1.5812700675752942
KOLF2.1J,context_interaction,SSBP1,59,0.1016949152542373,0.11864406779661017,0.8571428571428571,0.9944128201678993,11.100669505187396
KOLF2.1J,unchanged,STAG2,453,0.0,0.037527593818984545,0.0,,1.0
KOLF2.1J,direct,STAG2,453,0.09492273730684327,0.11699779249448124,0.8113207547169812,0.9059441800544992,1.7152410289038074
KOLF2.1J,global_median,STAG2,453,0.09933774834437085,0.12141280353200883,0.8181818181818182,0.9059611041339822,1.1659131400914617
KOLF2.1J,context_interaction,STAG2,453,0.10596026490066225,0.13024282560706402,0.8135593220338984,0.9577974971481313,11.010090682398001
KOLF2.1J,unchanged,STAT1,8,0.0,0.0,,,
KOLF2.1J,direct,STAT1,8,0.0,0.0,,0.9999933638901275,
KOLF2.1J,global_median,STAT1,8,0.0,0.0,,0.9999933883541231,
KOLF2.1J,context_interaction,STAT1,8,0.0,0.0,,0.9992468610144445,
KOLF2.1J,unchanged,STAT6,73,0.0,0.0,,,1.0
KOLF2.1J,direct,STAT6,73,0.0,0.0,,0.9995590296963556,1.0054045927875879
KOLF2.1J,global_median,STAT6,73,0.0,0.0,,0.9995618692571043,0.993279359041774
KOLF2.1J,context_interaction,STAT6,73,0.0273972602739726,0.0273972602739726,1.0,0.9932154261968819,8.103627197985068
KOLF2.1J,unchanged,STX4,19,0.0,0.0,,,1.0
KOLF2.1J,direct,STX4,19,0.0,0.0,,0.992388510337096,2.426384212400295
KOLF2.1J,global_median,STX4,19,0.0,0.0,,0.9923912019945257,1.4074903986502165
KOLF2.1J,context_interaction,STX4,19,0.0,0.0,,0.9982788748124898,7.77365396608077
KOLF2.1J,unchanged,SV2A,18,0.0,0.0,,,1.0
KOLF2.1J,direct,SV2A,18,0.0,0.0,,0.9998756176431206,0.6963353284605094
KOLF2.1J,global_median,SV2A,18,0.0,0.0,,0.9998712586305691,0.8938322886694909
KOLF2.1J,context_interaction,SV2A,18,0.0,0.0,,0.9983664376911324,7.996379560436853
KOLF2.1J,unchanged,TADA1,533,0.0,0.054409005628517824,0.0,,1.0
KOLF2.1J,direct,TADA1,533,0.13133208255159476,0.15572232645403378,0.8433734939759037,0.9163246959237061,0.9632072151781255
KOLF2.1J,global_median,TADA1,533,0.13133208255159476,0.15572232645403378,0.8433734939759037,0.9162988730367276,0.9282919767936691
KOLF2.1J,context_interaction,TADA1,533,0.1050656660412758,0.12382739212007504,0.8484848484848485,0.9504074569848496,12.59359214429144
KOLF2.1J,unchanged,TARBP2,4,0.0,0.0,,,
KOLF2.1J,direct,TARBP2,4,0.0,0.0,,0.9999486177149096,
KOLF2.1J,global_median,TARBP2,4,0.0,0.0,,0.9999501483058033,
KOLF2.1J,context_interaction,TARBP2,4,0.0,0.0,,0.9996121656619058,
KOLF2.1J,unchanged,TCF3,6,0.0,0.0,,,
KOLF2.1J,direct,TCF3,6,0.0,0.0,,0.9999243949450708,
KOLF2.1J,global_median,TCF3,6,0.0,0.0,,0.9999264715855442,
KOLF2.1J,context_interaction,TCF3,6,0.0,0.0,,0.9994180964204115,
KOLF2.1J,unchanged,TET1,46,0.0,0.0,,,1.0
KOLF2.1J,direct,TET1,46,0.0,0.0,,0.9873166067864335,2.0592110219426
KOLF2.1J,global_median,TET1,46,0.0,0.0,,0.9873187104065623,1.2831429974686013
KOLF2.1J,context_interaction,TET1,46,0.0,0.0,,0.9957173207949254,12.397513192382783
KOLF2.1J,unchanged,TFAM,98,0.0,0.02040816326530612,0.0,,1.0
KOLF2.1J,direct,TFAM,98,0.04081632653061224,0.04081632653061224,1.0,0.9328319393052985,2.041865073396989
KOLF2.1J,global_median,TFAM,98,0.04081632653061224,0.04081632653061224,1.0,0.9328093860972838,1.3020509233603952
KOLF2.1J,context_interaction,TFAM,98,0.09183673469387756,0.10204081632653061,0.9,0.990751831109907,11.457752662059072
KOLF2.1J,unchanged,TGFBR2,260,0.0,0.015384615384615385,0.0,,1.0
KOLF2.1J,direct,TGFBR2,260,0.16923076923076924,0.18076923076923077,0.9361702127659575,0.9096912131908284,1.0765095108163485
KOLF2.1J,global_median,TGFBR2,260,0.16923076923076924,0.18076923076923077,0.9361702127659575,0.9096939982340164,0.9013637357684178
KOLF2.1J,context_interaction,TGFBR2,260,0.1076923076923077,0.12307692307692308,0.875,0.9759734093983293,12.219631883240442
KOLF2.1J,unchanged,TMBIM6,6,0.0,0.0,,,
KOLF2.1J,direct,TMBIM6,6,0.0,0.0,,0.9999625439455724,
KOLF2.1J,global_median,TMBIM6,6,0.0,0.0,,0.99996255406124,
KOLF2.1J,context_interaction,TMBIM6,6,0.0,0.0,,0.999433534541301,
KOLF2.1J,unchanged,TMSB10,263,0.0,0.019011406844106463,0.0,,1.0
KOLF2.1J,direct,TMSB10,263,0.03802281368821293,0.07984790874524715,0.47619047619047616,0.9220881492972246,1.9777138149756925
KOLF2.1J,global_median,TMSB10,263,0.04182509505703422,0.08365019011406843,0.5,0.9221036813679521,1.2961845100450606
KOLF2.1J,context_interaction,TMSB10,263,0.026615969581749048,0.060836501901140684,0.4375,0.9757210257159089,9.993175932410832
KOLF2.1J,unchanged,TMSB4X,0,,,,,
KOLF2.1J,direct,TMSB4X,0,,,,,
KOLF2.1J,global_median,TMSB4X,0,,,,,
KOLF2.1J,context_interaction,TMSB4X,0,,,,,
KOLF2.1J,unchanged,TRAM2,1,0.0,0.0,,,
KOLF2.1J,direct,TRAM2,1,0.0,0.0,,0.9999997405028429,
KOLF2.1J,global_median,TRAM2,1,0.0,0.0,,0.9999996595834149,
KOLF2.1J,context_interaction,TRAM2,1,0.0,0.0,,0.9999101888362404,
KOLF2.1J,unchanged,TRAPPC6A,230,0.0,0.017391304347826087,0.0,,1.0
KOLF2.1J,direct,TRAPPC6A,230,0.034782608695652174,0.07391304347826087,0.47058823529411764,0.911180688025517,3.6063685168602446
KOLF2.1J,global_median,TRAPPC6A,230,0.034782608695652174,0.07391304347826087,0.47058823529411764,0.9111932438934084,1.8456096259180652
KOLF2.1J,context_interaction,TRAPPC6A,230,0.017391304347826087,0.0782608695652174,0.2222222222222222,0.9782821525494259,11.277529169469023
KOLF2.1J,unchanged,TSC22D4,3,0.0,0.0,,,
KOLF2.1J,direct,TSC22D4,3,0.0,0.0,,0.9999993837383351,
KOLF2.1J,global_median,TSC22D4,3,0.0,0.0,,0.9999995043251673,
KOLF2.1J,context_interaction,TSC22D4,3,0.0,0.0,,0.9997231173794315,
KOLF2.1J,unchanged,TWF2,4,0.0,0.0,,,
KOLF2.1J,direct,TWF2,4,0.0,0.0,,0.9999875613525482,
KOLF2.1J,global_median,TWF2,4,0.0,0.0,,0.9999873126712593,
KOLF2.1J,context_interaction,TWF2,4,0.0,0.0,,0.9996323336550975,
KOLF2.1J,unchanged,TXNDC9,24,0.0,0.0,,,1.0
KOLF2.1J,direct,TXNDC9,24,0.0,0.0,,0.9926947646866309,2.492707675112969
KOLF2.1J,global_median,TXNDC9,24,0.0,0.0,,0.9927005994399707,1.4716074460440083
KOLF2.1J,context_interaction,TXNDC9,24,0.0,0.0,,0.9978415431875794,10.60249211656316
KOLF2.1J,unchanged,UBE3C,37,0.0,0.0,,,1.0
KOLF2.1J,direct,UBE3C,37,0.02702702702702703,0.05405405405405406,0.5,0.9349068248069603,2.4636143188156336
KOLF2.1J,global_median,UBE3C,37,0.02702702702702703,0.05405405405405406,0.5,0.9348769574936808,1.4831829584799971
KOLF2.1J,context_interaction,UBE3C,37,0.02702702702702703,0.02702702702702703,1.0,0.9965161702638659,8.44060166802073
KOLF2.1J,unchanged,UQCRQ,48,0.0,0.020833333333333332,0.0,,1.0
KOLF2.1J,direct,UQCRQ,48,0.0,0.0,,0.9718052565786098,3.76679336314054
KOLF2.1J,global_median,UQCRQ,48,0.0,0.0,,0.9718015289425382,1.8534236297206033
KOLF2.1J,context_interaction,UQCRQ,48,0.020833333333333332,0.020833333333333332,1.0,0.9955635735608691,13.39790160954376
KOLF2.1J,unchanged,USP22,21,0.0,0.0,,,1.0
KOLF2.1J,direct,USP22,21,0.0,0.0,,0.9998933508976142,1.2758846541243973
KOLF2.1J,global_median,USP22,21,0.0,0.0,,0.9998935767432259,1.0606659818351416
KOLF2.1J,context_interaction,USP22,21,0.0,0.0,,0.9980381678355003,14.84101215700709
KOLF2.1J,unchanged,WFS1,4,0.0,0.0,,,
KOLF2.1J,direct,WFS1,4,0.0,0.0,,0.9999988328738483,
KOLF2.1J,global_median,WFS1,4,0.0,0.0,,0.999998671876464,
KOLF2.1J,context_interaction,WFS1,4,0.0,0.0,,0.9996302579142345,
KOLF2.1J,unchanged,WSB2,106,0.0,0.009433962264150943,0.0,,1.0
KOLF2.1J,direct,WSB2,106,0.02830188679245283,0.04716981132075472,0.6,0.9616083179794428,3.3594326975359428
KOLF2.1J,global_median,WSB2,106,0.02830188679245283,0.04716981132075472,0.6,0.9615722544890519,1.7248367429014788
KOLF2.1J,context_interaction,WSB2,106,0.02830188679245283,0.04716981132075472,0.6,0.9895151708122569,11.206876246236199
KOLF2.1J,unchanged,XRCC4,14,0.0,0.0,,,1.0
KOLF2.1J,direct,XRCC4,14,0.0,0.0,,0.9999141786908747,0.7795628573578166
KOLF2.1J,global_median,XRCC4,14,0.0,0.0,,0.9999151272236145,0.8724943571573089
KOLF2.1J,context_interaction,XRCC4,14,0.0,0.0,,0.9987096947107064,7.95532748400124
KOLF2.1J,unchanged,ZNF286A,2,0.0,0.0,,,
KOLF2.1J,direct,ZNF286A,2,0.0,0.0,,0.9999909604637444,
KOLF2.1J,global_median,ZNF286A,2,0.0,0.0,,0.999991357530422,
KOLF2.1J,context_interaction,ZNF286A,2,0.0,0.0,,0.9998183966829143,
KOLF2.1J,unchanged,ZNF426,3,0.0,0.0,,,
KOLF2.1J,direct,ZNF426,3,0.0,0.0,,0.9999470080376559,
KOLF2.1J,global_median,ZNF426,3,0.0,0.0,,0.9999462838936383,
KOLF2.1J,context_interaction,ZNF426,3,0.0,0.0,,0.9997313392487643,
KOLF2.1J,unchanged,ZNF562,10,0.0,0.0,,,1.0
KOLF2.1J,direct,ZNF562,10,0.0,0.0,,0.9997974726626777,0.8268303024462194
KOLF2.1J,global_median,ZNF562,10,0.0,0.0,,0.9997967586447079,0.8832725391222552
KOLF2.1J,context_interaction,ZNF562,10,0.0,0.0,,0.9991017238487591,14.166530884789113
KOLF2.1J,unchanged,ZNF593,21,0.0,0.0,,,1.0
KOLF2.1J,direct,ZNF593,21,0.0,0.0,,0.9892062288827888,3.1626378349610818
KOLF2.1J,global_median,ZNF593,21,0.0,0.0,,0.9892103611947021,1.6062743639390984
KOLF2.1J,context_interaction,ZNF593,21,0.0,0.0,,0.9980420833367273,12.266875231595993
KOLF2.1J,unchanged,ZNF714,8,0.0,0.0,,,
KOLF2.1J,direct,ZNF714,8,0.0,0.0,,0.9999717607114512,
KOLF2.1J,global_median,ZNF714,8,0.0,0.0,,0.9999722261441064,
KOLF2.1J,context_interaction,ZNF714,8,0.0,0.0,,0.9992524286703824,
