source,model,target_gene,expected_pds,null_pds,expected_squared_error,null_squared_error,control_squared_error
K562_GWPS,unchanged,ACAT2,0.8947368421052632,0.8947368421052632,68.72425678346772,68.72425678346772,63.823993167303065
K562_GWPS,unchanged,ACVR1B,0.00877192982456143,0.00877192982456143,20.68136694748383,20.68136694748383,13.878055231177221
K562_GWPS,unchanged,AKT2,0.2192982456140351,0.2192982456140351,26.278126106593533,26.278126106593533,19.92126449010161
K562_GWPS,unchanged,ARID1A,0.368421052631579,0.368421052631579,56.274553211650804,56.274553211650804,50.151019074599915
K562_GWPS,unchanged,ATM,0.5,0.5,37.23326245092056,37.23326245092056,31.214710354574386
K562_GWPS,unchanged,BIRC2,0.9649122807017544,0.9649122807017544,32.148582835766916,32.148582835766916,27.575008205006146
K562_GWPS,unchanged,C1QBP,0.7017543859649122,0.7017543859649122,33.3519532058239,33.3519532058239,27.246315046403467
K562_GWPS,unchanged,CALM3,1.0,1.0,12.513839824196296,12.513839824196296,7.668907631249635
K562_GWPS,unchanged,CASP2,0.5877192982456141,0.5877192982456141,13.705437374658084,13.705437374658084,7.571316353042958
K562_GWPS,unchanged,CASP3,0.052631578947368474,0.052631578947368474,101.74486343694795,101.74486343694795,93.096917428216
K562_GWPS,unchanged,CAST,0.01754385964912286,0.01754385964912286,26.126811953783445,26.126811953783445,19.036779608535355
K562_GWPS,unchanged,CDCA2,0.3421052631578947,0.3421052631578947,17.57380296248305,17.57380296248305,11.553744821816656
K562_GWPS,unchanged,CENPO,0.9824561403508771,0.9824561403508771,17.576221008660823,17.576221008660823,12.712498568271283
K562_GWPS,unchanged,CHMP3,0.5175438596491229,0.5175438596491229,37.41126510421567,37.41126510421567,31.048268339340723
K562_GWPS,unchanged,CLDN6,0.16666666666666663,0.16666666666666663,14.216036629063513,14.216036629063513,7.745522345894296
K562_GWPS,unchanged,CLDN7,0.33333333333333337,0.33333333333333337,15.850007542894101,15.850007542894101,9.9111158847012
K562_GWPS,unchanged,CREG1,0.04385964912280704,0.04385964912280704,13.690558896947618,13.690558896947618,7.165422732358011
K562_GWPS,unchanged,DAXX,0.1228070175438597,0.1228070175438597,23.388210317014124,23.388210317014124,16.433843420496565
K562_GWPS,unchanged,DHCR24,0.631578947368421,0.631578947368421,20.81226424584701,20.81226424584701,15.320563005308445
K562_GWPS,unchanged,DHX36,0.3508771929824561,0.3508771929824561,269.0209485995772,269.0209485995772,262.7078528374011
K562_GWPS,unchanged,DLG5,0.29824561403508776,0.29824561403508776,32.3818248347648,32.3818248347648,26.37263871043414
K562_GWPS,unchanged,DNMT1,0.6578947368421053,0.6578947368421053,312.22997326613483,312.22997326613483,306.79122207922876
K562_GWPS,unchanged,EID2,0.9035087719298246,0.9035087719298246,13.080570776418433,13.080570776418433,7.747696612926591
K562_GWPS,unchanged,EIF4B,0.29824561403508776,0.29824561403508776,49.785007373543294,49.785007373543294,43.2144350796261
K562_GWPS,unchanged,EWSR1,0.7807017543859649,0.7807017543859649,54.975346226984556,54.975346226984556,49.444539756297004
K562_GWPS,unchanged,FOXH1,0.5964912280701755,0.5964912280701755,22.143707879647827,22.143707879647827,16.447873103770036
K562_GWPS,unchanged,GSK3B,0.06140350877192979,0.06140350877192979,57.20830825770211,57.20830825770211,50.51204185568798
K562_GWPS,unchanged,HAT1,0.9649122807017544,0.9649122807017544,20.1456875112981,20.1456875112981,15.359708088433294
K562_GWPS,unchanged,HIRA,0.02631578947368418,0.02631578947368418,26.46993459746193,26.46993459746193,19.718398906007412
K562_GWPS,unchanged,HMGB2,0.4736842105263158,0.4736842105263158,24.319349069533253,24.319349069533253,17.77840860197794
K562_GWPS,unchanged,HMGN1,0.8245614035087719,0.8245614035087719,14.16781630173195,14.16781630173195,8.767702876729786
K562_GWPS,unchanged,IDE,0.4649122807017544,0.4649122807017544,11.96613445471269,11.96613445471269,6.533869203868278
K562_GWPS,unchanged,IGF2R,0.17543859649122806,0.17543859649122806,13.890852078371424,13.890852078371424,7.79724164125766
K562_GWPS,unchanged,IKBKG,0.3421052631578947,0.3421052631578947,20.273592043253977,20.273592043253977,13.898733510708421
K562_GWPS,unchanged,INSIG1,0.9385964912280702,0.9385964912280702,72.96745057222142,72.96745057222142,69.81162038772018
K562_GWPS,unchanged,IRF3,0.45614035087719296,0.45614035087719296,15.639638176987553,15.639638176987553,9.907302767320234
K562_GWPS,unchanged,KAT2A,0.9473684210526316,0.9473684210526316,157.04467792614903,157.04467792614903,155.4813703225395
K562_GWPS,unchanged,KDM2B,0.868421052631579,0.868421052631579,29.798452588851646,29.798452588851646,24.624651878801934
K562_GWPS,unchanged,KIF1B,0.7192982456140351,0.7192982456140351,12.458651518974538,12.458651518974538,6.811285229692616
K562_GWPS,unchanged,KLF10,0.5,0.5,19.724597321644147,19.724597321644147,13.483078652868969
K562_GWPS,unchanged,LRPPRC,0.1228070175438597,0.1228070175438597,55.381696088390626,55.381696088390626,48.3090043471921
K562_GWPS,unchanged,LZTR1,0.23684210526315785,0.23684210526315785,62.32623957416016,62.32623957416016,55.77028724958677
K562_GWPS,unchanged,MAP1B,0.5964912280701755,0.5964912280701755,12.991007844025008,12.991007844025008,7.389600224473633
K562_GWPS,unchanged,MAP3K7,0.3421052631578947,0.3421052631578947,14.334534140803385,14.334534140803385,8.259359031729572
K562_GWPS,unchanged,MAPKAPK2,0.9473684210526316,0.9473684210526316,13.661776217017135,13.661776217017135,8.366075938236852
K562_GWPS,unchanged,MAST2,0.2192982456140351,0.2192982456140351,14.11454326227749,14.11454326227749,8.00968574439458
K562_GWPS,unchanged,MAU2,0.6666666666666667,0.6666666666666667,192.63471970286474,192.63471970286474,186.64603469011934
K562_GWPS,unchanged,MBTPS1,1.0,1.0,120.00355105762571,120.00355105762571,118.89400894950823
K562_GWPS,unchanged,MED1,0.4122807017543859,0.4122807017543859,68.23205169193395,68.23205169193395,62.446655436667214
K562_GWPS,unchanged,MED12,0.4736842105263158,0.4736842105263158,34.02550925980458,34.02550925980458,27.81722175091442
K562_GWPS,unchanged,MED13,0.45614035087719296,0.45614035087719296,38.67634061227669,38.67634061227669,32.846402572383866
K562_GWPS,unchanged,MED13L,0.7280701754385965,0.7280701754385965,20.21361963913758,20.21361963913758,14.375469046459878
K562_GWPS,unchanged,MED24,0.42105263157894735,0.42105263157894735,130.43685650565038,130.43685650565038,124.24959495342435
K562_GWPS,unchanged,METTL14,0.5350877192982456,0.5350877192982456,537.1457992622506,537.1457992622506,530.4222302305569
K562_GWPS,unchanged,METTL17,0.13157894736842102,0.13157894736842102,50.51072529218274,50.51072529218274,42.39760445873569
K562_GWPS,unchanged,METTL3,0.9298245614035088,0.9298245614035088,528.3990350916545,528.3990350916545,525.7638719721672
K562_GWPS,unchanged,MKI67,1.0,1.0,12.64723080648937,12.64723080648937,7.68178853039728
K562_GWPS,unchanged,MTA1,0.16666666666666663,0.16666666666666663,37.4185896872314,37.4185896872314,30.426109758362266
K562_GWPS,unchanged,NCK2,0.4035087719298246,0.4035087719298246,13.219275422948957,13.219275422948957,6.581988417391036
K562_GWPS,unchanged,NDUFB4,0.0964912280701754,0.0964912280701754,22.658169962113583,22.658169962113583,15.92391748590023
K562_GWPS,unchanged,NDUFB6,0.08771929824561409,0.08771929824561409,22.412343987993367,22.412343987993367,15.220309520428781
K562_GWPS,unchanged,NISCH,0.6666666666666667,0.6666666666666667,18.609954184729364,18.609954184729364,12.732734515899292
K562_GWPS,unchanged,NIT1,0.1842105263157895,0.1842105263157895,54.51086706063437,54.51086706063437,48.147302378947956
K562_GWPS,unchanged,NRAS,0.49122807017543857,0.49122807017543857,14.399536089363021,14.399536089363021,8.626178311292012
K562_GWPS,unchanged,OXCT1,0.3157894736842105,0.3157894736842105,56.805040154865644,56.805040154865644,50.21696889805045
K562_GWPS,unchanged,PAGR1,0.9210526315789473,0.9210526315789473,19.019557815793533,19.019557815793533,13.524452636952525
K562_GWPS,unchanged,PBX1,0.4473684210526315,0.4473684210526315,13.966462895597585,13.966462895597585,7.800750745183667
K562_GWPS,unchanged,PHF10,0.14035087719298245,0.14035087719298245,56.17113189930002,56.17113189930002,48.17169271274442
K562_GWPS,unchanged,PHF14,0.868421052631579,0.868421052631579,20.929812480680006,20.929812480680006,15.330271512071196
K562_GWPS,unchanged,PLCB3,0.16666666666666663,0.16666666666666663,13.257060884661723,13.257060884661723,7.074092090044102
K562_GWPS,unchanged,PMS1,0.21052631578947367,0.21052631578947367,15.13557769014468,15.13557769014468,9.407428947572757
K562_GWPS,unchanged,POLB,0.23684210526315785,0.23684210526315785,15.967791875077479,15.967791875077479,9.295243756572287
K562_GWPS,unchanged,PRCP,0.2894736842105263,0.2894736842105263,15.292145135326042,15.292145135326042,8.870409678130237
K562_GWPS,unchanged,PRR12,0.27192982456140347,0.27192982456140347,34.83424584406919,34.83424584406919,27.761396524034232
K562_GWPS,unchanged,PTPN1,0.7192982456140351,0.7192982456140351,11.87620235017105,11.87620235017105,6.061392983649327
K562_GWPS,unchanged,RAF1,0.7807017543859649,0.7807017543859649,21.692713445546406,21.692713445546406,16.03821832628783
K562_GWPS,unchanged,RNF2,0.10526315789473684,0.10526315789473684,86.67249735542839,86.67249735542839,79.59025307769406
K562_GWPS,unchanged,RRM1,0.35964912280701755,0.35964912280701755,17.17234573345412,17.17234573345412,11.01940845629964
K562_GWPS,unchanged,SAFB,0.8157894736842105,0.8157894736842105,50.90311795062404,50.90311795062404,45.71354522202782
K562_GWPS,unchanged,SIN3B,0.4473684210526315,0.4473684210526315,212.672336400856,212.672336400856,206.4518060436085
K562_GWPS,unchanged,SIX4,0.6403508771929824,0.6403508771929824,18.694304459506174,18.694304459506174,12.569903584082397
K562_GWPS,unchanged,SLC25A3,0.10526315789473684,0.10526315789473684,27.1531551770951,27.1531551770951,19.970082783534505
K562_GWPS,unchanged,SMAGP,0.4122807017543859,0.4122807017543859,39.58868775818416,39.58868775818416,32.69661702452238
K562_GWPS,unchanged,SMARCA4,0.9473684210526316,0.9473684210526316,484.86993612824966,484.86993612824966,484.4304872738811
K562_GWPS,unchanged,SMARCA5,0.21052631578947367,0.21052631578947367,169.7953587750537,169.7953587750537,162.61374354814865
K562_GWPS,unchanged,SOX2,0.14912280701754388,0.14912280701754388,225.0288016550113,225.0288016550113,216.794226507899
K562_GWPS,unchanged,SSBP1,0.3771929824561403,0.3771929824561403,35.88487883939926,35.88487883939926,29.89468066397671
K562_GWPS,unchanged,STAG2,0.49122807017543857,0.49122807017543857,103.88389334306963,103.88389334306963,97.59358736098605
K562_GWPS,unchanged,STAT1,0.736842105263158,0.736842105263158,13.14832338790347,13.14832338790347,7.638578273439544
K562_GWPS,unchanged,STAT6,0.35964912280701755,0.35964912280701755,34.196677186560734,34.196677186560734,27.68360045018143
K562_GWPS,unchanged,STX4,0.3157894736842105,0.3157894736842105,19.469303089128065,19.469303089128065,13.528960806793432
K562_GWPS,unchanged,TADA1,0.8508771929824561,0.8508771929824561,114.24118145315123,114.24118145315123,109.49723299662573
K562_GWPS,unchanged,TARBP2,0.35964912280701755,0.35964912280701755,16.479953840547704,16.479953840547704,10.216975656530703
K562_GWPS,unchanged,TAZ,0.39473684210526316,0.39473684210526316,19.72561916641212,19.72561916641212,14.02619773382514
K562_GWPS,unchanged,TCF3,0.11403508771929827,0.11403508771929827,16.00082000758384,16.00082000758384,9.213989679186959
K562_GWPS,unchanged,TET1,0.20175438596491224,0.20175438596491224,22.16306145347317,22.16306145347317,15.521752657106195
K562_GWPS,unchanged,TFAM,0.24561403508771928,0.24561403508771928,51.16995785441977,51.16995785441977,44.972581879196014
K562_GWPS,unchanged,TMBIM6,0.17543859649122806,0.17543859649122806,14.26699890971044,14.26699890971044,8.325994733415104
K562_GWPS,unchanged,TMSB10,0.8771929824561404,0.8771929824561404,90.87029765110834,90.87029765110834,87.02789850854882
K562_GWPS,unchanged,TMSB4X,0.6403508771929824,0.6403508771929824,12.365276953734016,12.365276953734016,6.742777888406805
K562_GWPS,unchanged,TRAM2,0.07017543859649122,0.07017543859649122,14.987120719988058,14.987120719988058,8.079439234873547
K562_GWPS,unchanged,TRAPPC6A,0.8333333333333334,0.8333333333333334,54.14858589402861,54.14858589402861,49.5873407361575
K562_GWPS,unchanged,TSC22D4,0.7017543859649122,0.7017543859649122,14.817678236475492,14.817678236475492,9.53530162695704
K562_GWPS,unchanged,TWF2,0.868421052631579,0.868421052631579,12.914874611143265,12.914874611143265,7.383385368631316
K562_GWPS,unchanged,TXNDC9,0.32456140350877194,0.32456140350877194,21.583217961918834,21.583217961918834,15.602141838709976
K562_GWPS,unchanged,UBE3C,0.9122807017543859,0.9122807017543859,29.708350320598925,29.708350320598925,24.61961056633454
K562_GWPS,unchanged,UQCRQ,0.6491228070175439,0.6491228070175439,30.449792310652615,30.449792310652615,24.750956574071726
K562_GWPS,unchanged,USP22,0.543859649122807,0.543859649122807,21.90840768676596,21.90840768676596,16.075041916998714
K562_GWPS,unchanged,WSB2,0.6666666666666667,0.6666666666666667,38.55256942308864,38.55256942308864,33.07173520675026
K562_GWPS,unchanged,XRCC4,0.6754385964912281,0.6754385964912281,31.477156405707575,31.477156405707575,25.647688014340318
K562_GWPS,unchanged,ZNF286A,0.5263157894736843,0.5263157894736843,12.649572062348657,12.649572062348657,6.9659576354463875
K562_GWPS,unchanged,ZNF426,0.4298245614035088,0.4298245614035088,14.423722351769335,14.423722351769335,8.433872996149372
K562_GWPS,unchanged,ZNF562,0.26315789473684215,0.26315789473684215,14.922653168376431,14.922653168376431,8.421431382516431
K562_GWPS,unchanged,ZNF593,0.38596491228070173,0.38596491228070173,21.143546753681747,21.143546753681747,15.237870214330183
K562_GWPS,unchanged,ZNF714,0.4385964912280702,0.4385964912280702,17.53312651520624,17.53312651520624,11.302698798313452
K562_GWPS,direct,ACAT2,1.0,0.8947368421052632,135.35188185745372,68.72425678346772,63.823993167303065
K562_GWPS,direct,ACVR1B,0.48245614035087714,0.00877192982456143,76.7856904478185,20.68136694748383,13.878055231177221
K562_GWPS,direct,AKT2,0.9912280701754386,0.2192982456140351,172.44475561265898,26.278126106593533,19.92126449010161
K562_GWPS,direct,ARID1A,0.9912280701754386,0.368421052631579,110.0162687547313,56.274553211650804,50.151019074599915
K562_GWPS,direct,ATM,0.9736842105263158,0.5,111.82510896046719,37.23326245092056,31.214710354574386
K562_GWPS,direct,BIRC2,1.0,0.9649122807017544,73.78109918391493,32.148582835766916,27.575008205006146
K562_GWPS,direct,C1QBP,0.9912280701754386,0.7017543859649122,92.38795743141293,33.3519532058239,27.246315046403467
K562_GWPS,direct,CALM3,0.9122807017543859,1.0,174.92356080016646,12.513839824196296,7.668907631249635
K562_GWPS,direct,CASP2,0.631578947368421,0.5877192982456141,89.51099528870026,13.705437374658084,7.571316353042958
K562_GWPS,direct,CASP3,0.9035087719298246,0.052631578947368474,151.28909513987858,101.74486343694795,93.096917428216
K562_GWPS,direct,CAST,0.9649122807017544,0.01754385964912286,124.88338087621844,26.126811953783445,19.036779608535355
K562_GWPS,direct,CDCA2,0.9122807017543859,0.3421052631578947,116.452346285257,17.57380296248305,11.553744821816656
K562_GWPS,direct,CENPO,1.0,0.9824561403508771,75.54832782843415,17.576221008660823,12.712498568271283
K562_GWPS,direct,CHMP3,0.27192982456140347,0.5175438596491229,424.8507143896014,37.41126510421567,31.048268339340723
K562_GWPS,direct,CLDN6,0.6228070175438596,0.16666666666666663,129.7240824118736,14.216036629063513,7.745522345894296
K562_GWPS,direct,CLDN7,0.5,0.33333333333333337,106.65024264144415,15.850007542894101,9.9111158847012
K562_GWPS,direct,CREG1,0.26315789473684215,0.04385964912280704,57.14817846297445,13.690558896947618,7.165422732358011
K562_GWPS,direct,DAXX,1.0,0.1228070175438597,68.51117638963873,23.388210317014124,16.433843420496565
K562_GWPS,direct,DHCR24,0.956140350877193,0.631578947368421,96.90110083977882,20.81226424584701,15.320563005308445
K562_GWPS,direct,DHX36,1.0,0.3508771929824561,275.05391700817427,269.0209485995772,262.7078528374011
K562_GWPS,direct,DLG5,1.0,0.29824561403508776,88.22289292208055,32.3818248347648,26.37263871043414
K562_GWPS,direct,DNMT1,1.0,0.6578947368421053,376.8881006690119,312.22997326613483,306.79122207922876
K562_GWPS,direct,EID2,0.7894736842105263,0.9035087719298246,111.44854996149994,13.080570776418433,7.747696612926591
K562_GWPS,direct,EIF4B,1.0,0.29824561403508776,164.0248382145087,49.785007373543294,43.2144350796261
K562_GWPS,direct,EWSR1,1.0,0.7807017543859649,125.21497625517608,54.975346226984556,49.444539756297004
K562_GWPS,direct,FOXH1,0.3421052631578947,0.5964912280701755,65.02400745255149,22.143707879647827,16.447873103770036
K562_GWPS,direct,GSK3B,0.8596491228070176,0.06140350877192979,141.93436150798192,57.20830825770211,50.51204185568798
K562_GWPS,direct,HAT1,0.5614035087719298,0.9649122807017544,507.1719653738586,20.1456875112981,15.359708088433294
K562_GWPS,direct,HIRA,0.7894736842105263,0.02631578947368418,53.95023387325499,26.46993459746193,19.718398906007412
K562_GWPS,direct,HMGB2,0.9736842105263158,0.4736842105263158,68.71492002948689,24.319349069533253,17.77840860197794
K562_GWPS,direct,HMGN1,0.543859649122807,0.8245614035087719,78.53009863690733,14.16781630173195,8.767702876729786
K562_GWPS,direct,IDE,0.9035087719298246,0.4649122807017544,53.7020455870603,11.96613445471269,6.533869203868278
K562_GWPS,direct,IGF2R,0.7105263157894737,0.17543859649122806,61.29570585106286,13.890852078371424,7.79724164125766
K562_GWPS,direct,IKBKG,0.5,0.3421052631578947,82.03760860914582,20.273592043253977,13.898733510708421
K562_GWPS,direct,INSIG1,0.9912280701754386,0.9385964912280702,169.30164367542676,72.96745057222142,69.81162038772018
K562_GWPS,direct,IRF3,1.0,0.45614035087719296,47.70451864241625,15.639638176987553,9.907302767320234
K562_GWPS,direct,KAT2A,1.0,0.9473684210526316,258.9086928698756,157.04467792614903,155.4813703225395
K562_GWPS,direct,KDM2B,0.4035087719298246,0.868421052631579,67.19467127193425,29.798452588851646,24.624651878801934
K562_GWPS,direct,KIF1B,0.7631578947368421,0.7192982456140351,53.25160497747312,12.458651518974538,6.811285229692616
K562_GWPS,direct,KLF10,0.7807017543859649,0.5,43.39233215322848,19.724597321644147,13.483078652868969
K562_GWPS,direct,LRPPRC,1.0,0.1228070175438597,159.44854498285696,55.381696088390626,48.3090043471921
K562_GWPS,direct,LZTR1,1.0,0.23684210526315785,125.83873451818424,62.32623957416016,55.77028724958677
K562_GWPS,direct,MAP1B,0.8596491228070176,0.5964912280701755,71.00566164960354,12.991007844025008,7.389600224473633
K562_GWPS,direct,MAP3K7,0.32456140350877194,0.3421052631578947,84.91983673388356,14.334534140803385,8.259359031729572
K562_GWPS,direct,MAPKAPK2,0.9736842105263158,0.9473684210526316,103.59526403999593,13.661776217017135,8.366075938236852
K562_GWPS,direct,MAST2,0.7017543859649122,0.2192982456140351,93.79278278138686,14.11454326227749,8.00968574439458
K562_GWPS,direct,MAU2,1.0,0.6666666666666667,333.0667404219693,192.63471970286474,186.64603469011934
K562_GWPS,direct,MBTPS1,1.0,1.0,176.29032691605119,120.00355105762571,118.89400894950823
K562_GWPS,direct,MED1,1.0,0.4122807017543859,160.914166713042,68.23205169193395,62.446655436667214
K562_GWPS,direct,MED12,0.8947368421052632,0.4736842105263158,714.0739423134111,34.02550925980458,27.81722175091442
K562_GWPS,direct,MED13,0.8157894736842105,0.45614035087719296,92.72659903145684,38.67634061227669,32.846402572383866
K562_GWPS,direct,MED13L,0.7807017543859649,0.7280701754385965,122.0719906319861,20.21361963913758,14.375469046459878
K562_GWPS,direct,MED24,0.9122807017543859,0.42105263157894735,494.27202806937026,130.43685650565038,124.24959495342435
K562_GWPS,direct,METTL14,0.9912280701754386,0.5350877192982456,485.27632264054193,537.1457992622506,530.4222302305569
K562_GWPS,direct,METTL17,0.9736842105263158,0.13157894736842102,100.10039289194984,50.51072529218274,42.39760445873569
K562_GWPS,direct,METTL3,1.0,0.9298245614035088,479.8544231262291,528.3990350916545,525.7638719721672
K562_GWPS,direct,MKI67,0.9210526315789473,1.0,71.63461901211765,12.64723080648937,7.68178853039728
K562_GWPS,direct,MTA1,1.0,0.16666666666666663,106.684911117263,37.4185896872314,30.426109758362266
K562_GWPS,direct,NCK2,0.7105263157894737,0.4035087719298246,53.076620669239176,13.219275422948957,6.581988417391036
K562_GWPS,direct,NDUFB4,0.8596491228070176,0.0964912280701754,72.65753114475604,22.658169962113583,15.92391748590023
K562_GWPS,direct,NDUFB6,0.5877192982456141,0.08771929824561409,54.449189176213636,22.412343987993367,15.220309520428781
K562_GWPS,direct,NISCH,1.0,0.6666666666666667,46.502912647343294,18.609954184729364,12.732734515899292
K562_GWPS,direct,NIT1,0.6754385964912281,0.1842105263157895,103.55397109188793,54.51086706063437,48.147302378947956
K562_GWPS,direct,NRAS,1.0,0.49122807017543857,64.46310984995561,14.399536089363021,8.626178311292012
K562_GWPS,direct,OXCT1,1.0,0.3157894736842105,84.55960132991989,56.805040154865644,50.21696889805045
K562_GWPS,direct,PAGR1,0.9649122807017544,0.9210526315789473,66.56579511414317,19.019557815793533,13.524452636952525
K562_GWPS,direct,PBX1,0.4385964912280702,0.4473684210526315,59.1990088210955,13.966462895597585,7.800750745183667
K562_GWPS,direct,PHF10,1.0,0.14035087719298245,170.87338450575956,56.17113189930002,48.17169271274442
K562_GWPS,direct,PHF14,0.9912280701754386,0.868421052631579,101.88988431023574,20.929812480680006,15.330271512071196
K562_GWPS,direct,PLCB3,0.21052631578947367,0.16666666666666663,142.0329558316014,13.257060884661723,7.074092090044102
K562_GWPS,direct,PMS1,1.0,0.21052631578947367,143.40545180364842,15.13557769014468,9.407428947572757
K562_GWPS,direct,POLB,0.7719298245614035,0.23684210526315785,177.89903673235239,15.967791875077479,9.295243756572287
K562_GWPS,direct,PRCP,1.0,0.2894736842105263,46.149052572791746,15.292145135326042,8.870409678130237
K562_GWPS,direct,PRR12,0.631578947368421,0.27192982456140347,115.42014207198271,34.83424584406919,27.761396524034232
K562_GWPS,direct,PTPN1,0.6578947368421053,0.7192982456140351,198.6149828246554,11.87620235017105,6.061392983649327
K562_GWPS,direct,RAF1,0.6666666666666667,0.7807017543859649,114.21146014491347,21.692713445546406,16.03821832628783
K562_GWPS,direct,RNF2,0.6403508771929824,0.10526315789473684,187.60178990815686,86.67249735542839,79.59025307769406
K562_GWPS,direct,RRM1,0.9473684210526316,0.35964912280701755,194.59767148571882,17.17234573345412,11.01940845629964
K562_GWPS,direct,SAFB,1.0,0.8157894736842105,159.7889098230135,50.90311795062404,45.71354522202782
K562_GWPS,direct,SIN3B,1.0,0.4473684210526315,316.24609876875684,212.672336400856,206.4518060436085
K562_GWPS,direct,SIX4,0.6842105263157895,0.6403508771929824,70.07626411402691,18.694304459506174,12.569903584082397
K562_GWPS,direct,SLC25A3,0.8070175438596492,0.10526315789473684,98.36752845374562,27.1531551770951,19.970082783534505
K562_GWPS,direct,SMAGP,1.0,0.4122807017543859,78.79827260093305,39.58868775818416,32.69661702452238
K562_GWPS,direct,SMARCA4,1.0,0.9473684210526316,574.4410638365091,484.86993612824966,484.4304872738811
K562_GWPS,direct,SMARCA5,1.0,0.21052631578947367,263.4344730962008,169.7953587750537,162.61374354814865
K562_GWPS,direct,SOX2,0.27192982456140347,0.14912280701754388,2630.3233012981673,225.0288016550113,216.794226507899
K562_GWPS,direct,SSBP1,0.9736842105263158,0.3771929824561403,108.52159139508802,35.88487883939926,29.89468066397671
K562_GWPS,direct,STAG2,0.9649122807017544,0.49122807017543857,160.25773143109154,103.88389334306963,97.59358736098605
K562_GWPS,direct,STAT1,1.0,0.736842105263158,100.8079545357434,13.14832338790347,7.638578273439544
K562_GWPS,direct,STAT6,0.8771929824561404,0.35964912280701755,719.5373885690724,34.196677186560734,27.68360045018143
K562_GWPS,direct,STX4,0.5263157894736843,0.3157894736842105,110.2299602982639,19.469303089128065,13.528960806793432
K562_GWPS,direct,TADA1,1.0,0.8508771929824561,166.83412298070348,114.24118145315123,109.49723299662573
K562_GWPS,direct,TARBP2,0.5350877192982456,0.35964912280701755,143.01577587168583,16.479953840547704,10.216975656530703
K562_GWPS,direct,TAZ,0.9649122807017544,0.39473684210526316,137.45206703375914,19.72561916641212,14.02619773382514
K562_GWPS,direct,TCF3,0.1842105263157895,0.11403508771929827,176.3946482438074,16.00082000758384,9.213989679186959
K562_GWPS,direct,TET1,0.9210526315789473,0.20175438596491224,100.3802746961934,22.16306145347317,15.521752657106195
K562_GWPS,direct,TFAM,0.9912280701754386,0.24561403508771928,131.04638989238396,51.16995785441977,44.972581879196014
K562_GWPS,direct,TMBIM6,0.956140350877193,0.17543859649122806,96.68023189668443,14.26699890971044,8.325994733415104
K562_GWPS,direct,TMSB10,1.0,0.8771929824561404,101.47990247365787,90.87029765110834,87.02789850854882
K562_GWPS,direct,TMSB4X,0.7894736842105263,0.6403508771929824,77.934057461798,12.365276953734016,6.742777888406805
K562_GWPS,direct,TRAM2,0.14035087719298245,0.07017543859649122,61.685559908181844,14.987120719988058,8.079439234873547
K562_GWPS,direct,TRAPPC6A,1.0,0.8333333333333334,134.46449347363045,54.14858589402861,49.5873407361575
K562_GWPS,direct,TSC22D4,1.0,0.7017543859649122,55.47031248456116,14.817678236475492,9.53530162695704
K562_GWPS,direct,TWF2,0.9649122807017544,0.868421052631579,56.20482969002463,12.914874611143265,7.383385368631316
K562_GWPS,direct,TXNDC9,0.9824561403508771,0.32456140350877194,504.6733730191271,21.583217961918834,15.602141838709976
K562_GWPS,direct,UBE3C,1.0,0.9122807017543859,129.91945543104737,29.708350320598925,24.61961056633454
K562_GWPS,direct,UQCRQ,0.8421052631578947,0.6491228070175439,134.01793950968448,30.449792310652615,24.750956574071726
K562_GWPS,direct,USP22,0.9210526315789473,0.543859649122807,73.68393840674901,21.90840768676596,16.075041916998714
K562_GWPS,direct,WSB2,0.9122807017543859,0.6666666666666667,119.50803579284823,38.55256942308864,33.07173520675026
K562_GWPS,direct,XRCC4,1.0,0.6754385964912281,82.68358335533938,31.477156405707575,25.647688014340318
K562_GWPS,direct,ZNF286A,0.543859649122807,0.5263157894736843,107.32442337472673,12.649572062348657,6.9659576354463875
K562_GWPS,direct,ZNF426,0.7105263157894737,0.4298245614035088,73.57658841676124,14.423722351769335,8.433872996149372
K562_GWPS,direct,ZNF562,0.868421052631579,0.26315789473684215,120.0177966705352,14.922653168376431,8.421431382516431
K562_GWPS,direct,ZNF593,0.9824561403508771,0.38596491228070173,62.752731501148716,21.143546753681747,15.237870214330183
K562_GWPS,direct,ZNF714,0.9824561403508771,0.4385964912280702,192.71242040879545,17.53312651520624,11.302698798313452
K562_GWPS,global_median,ACAT2,1.0,0.8947368421052632,68.09319032702092,68.72425678346772,63.823993167303065
K562_GWPS,global_median,ACVR1B,0.01754385964912286,0.00877192982456143,20.762559886411424,20.68136694748383,13.878055231177221
K562_GWPS,global_median,AKT2,0.49122807017543857,0.2192982456140351,26.442426019537873,26.278126106593533,19.92126449010161
K562_GWPS,global_median,ARID1A,0.5614035087719298,0.368421052631579,56.047596548814184,56.274553211650804,50.151019074599915
K562_GWPS,global_median,ATM,0.5701754385964912,0.5,37.46138117542101,37.23326245092056,31.214710354574386
K562_GWPS,global_median,BIRC2,1.0,0.9649122807017544,31.855339730966058,32.148582835766916,27.575008205006146
K562_GWPS,global_median,C1QBP,0.9298245614035088,0.7017543859649122,32.52148213890261,33.3519532058239,27.246315046403467
K562_GWPS,global_median,CALM3,0.9912280701754386,1.0,13.229394907708453,12.513839824196296,7.668907631249635
K562_GWPS,global_median,CASP2,0.6228070175438596,0.5877192982456141,13.923556624432901,13.705437374658084,7.571316353042958
K562_GWPS,global_median,CASP3,0.08771929824561409,0.052631578947368474,101.51981563833857,101.74486343694795,93.096917428216
K562_GWPS,global_median,CAST,0.052631578947368474,0.01754385964912286,26.024437869741057,26.126811953783445,19.036779608535355
K562_GWPS,global_median,CDCA2,0.4122807017543859,0.3421052631578947,17.65242580510179,17.57380296248305,11.553744821816656
K562_GWPS,global_median,CENPO,0.9912280701754386,0.9824561403508771,17.623899337538,17.576221008660823,12.712498568271283
K562_GWPS,global_median,CHMP3,0.35964912280701755,0.5175438596491229,39.00414854550112,37.41126510421567,31.048268339340723
K562_GWPS,global_median,CLDN6,0.17543859649122806,0.16666666666666663,14.56561393377623,14.216036629063513,7.745522345894296
K562_GWPS,global_median,CLDN7,0.3070175438596491,0.33333333333333337,16.18353211323458,15.850007542894101,9.9111158847012
K562_GWPS,global_median,CREG1,0.04385964912280704,0.04385964912280704,13.78821935350723,13.690558896947618,7.165422732358011
K562_GWPS,global_median,DAXX,0.21052631578947367,0.1228070175438597,23.277644096506908,23.388210317014124,16.433843420496565
K562_GWPS,global_median,DHCR24,0.6842105263157895,0.631578947368421,20.90424287735257,20.81226424584701,15.320563005308445
K562_GWPS,global_median,DHX36,0.9649122807017544,0.3508771929824561,264.3310350694165,269.0209485995772,262.7078528374011
K562_GWPS,global_median,DLG5,0.5,0.29824561403508776,32.2564763611114,32.3818248347648,26.37263871043414
K562_GWPS,global_median,DNMT1,0.9122807017543859,0.6578947368421053,310.1174032980358,312.22997326613483,306.79122207922876
K562_GWPS,global_median,EID2,0.9298245614035088,0.9035087719298246,13.45716981897861,13.080570776418433,7.747696612926591
K562_GWPS,global_median,EIF4B,0.5789473684210527,0.29824561403508776,49.522573639366385,49.785007373543294,43.2144350796261
K562_GWPS,global_median,EWSR1,0.9473684210526316,0.7807017543859649,54.14712930136386,54.975346226984556,49.444539756297004
K562_GWPS,global_median,FOXH1,0.5526315789473684,0.5964912280701755,22.341032884602903,22.143707879647827,16.447873103770036
K562_GWPS,global_median,GSK3B,0.20175438596491224,0.06140350877192979,57.04823102393022,57.20830825770211,50.51204185568798
K562_GWPS,global_median,HAT1,0.956140350877193,0.9649122807017544,33.231591651073224,20.1456875112981,15.359708088433294
K562_GWPS,global_median,HIRA,0.052631578947368474,0.02631578947368418,26.474202840420368,26.46993459746193,19.718398906007412
K562_GWPS,global_median,HMGB2,0.5263157894736843,0.4736842105263158,24.33494796890683,24.319349069533253,17.77840860197794
K562_GWPS,global_median,HMGN1,0.8157894736842105,0.8245614035087719,14.278295352276716,14.16781630173195,8.767702876729786
K562_GWPS,global_median,IDE,0.5263157894736843,0.4649122807017544,12.011303226157004,11.96613445471269,6.533869203868278
K562_GWPS,global_median,IGF2R,0.22807017543859653,0.17543859649122806,13.980530515757223,13.890852078371424,7.79724164125766
K562_GWPS,global_median,IKBKG,0.3421052631578947,0.3421052631578947,20.406436155910136,20.273592043253977,13.898733510708421
K562_GWPS,global_median,INSIG1,0.9912280701754386,0.9385964912280702,71.94332878615108,72.96745057222142,69.81162038772018
K562_GWPS,global_median,IRF3,0.6052631578947368,0.45614035087719296,15.544667116783108,15.639638176987553,9.907302767320234
K562_GWPS,global_median,KAT2A,0.9649122807017544,0.9473684210526316,156.81475435114288,157.04467792614903,155.4813703225395
K562_GWPS,global_median,KDM2B,0.8508771929824561,0.868421052631579,29.93447581265285,29.798452588851646,24.624651878801934
K562_GWPS,global_median,KIF1B,0.736842105263158,0.7192982456140351,12.567332020197682,12.458651518974538,6.811285229692616
K562_GWPS,global_median,KLF10,0.5175438596491229,0.5,19.738727111518227,19.724597321644147,13.483078652868969
K562_GWPS,global_median,LRPPRC,0.6140350877192983,0.1228070175438597,54.17023902096362,55.381696088390626,48.3090043471921
K562_GWPS,global_median,LZTR1,0.5175438596491229,0.23684210526315785,61.84676144336998,62.32623957416016,55.77028724958677
K562_GWPS,global_median,MAP1B,0.6578947368421053,0.5964912280701755,13.115874580883661,12.991007844025008,7.389600224473633
K562_GWPS,global_median,MAP3K7,0.33333333333333337,0.3421052631578947,14.573327490554608,14.334534140803385,8.259359031729572
K562_GWPS,global_median,MAPKAPK2,0.9385964912280702,0.9473684210526316,13.759218736400406,13.661776217017135,8.366075938236852
K562_GWPS,global_median,MAST2,0.27192982456140347,0.2192982456140351,14.31038858212661,14.11454326227749,8.00968574439458
K562_GWPS,global_median,MAU2,0.9824561403508771,0.6666666666666667,190.48832893323424,192.63471970286474,186.64603469011934
K562_GWPS,global_median,MBTPS1,1.0,1.0,118.28760498306212,120.00355105762571,118.89400894950823
K562_GWPS,global_median,MED1,0.8070175438596492,0.4122807017543859,67.36987823627152,68.23205169193395,62.446655436667214
K562_GWPS,global_median,MED12,0.736842105263158,0.4736842105263158,34.53832321512021,34.02550925980458,27.81722175091442
K562_GWPS,global_median,MED13,0.49122807017543857,0.45614035087719296,38.76516274969667,38.67634061227669,32.846402572383866
K562_GWPS,global_median,MED13L,0.7280701754385965,0.7280701754385965,20.275974777164357,20.21361963913758,14.375469046459878
K562_GWPS,global_median,MED24,0.7631578947368421,0.42105263157894735,133.25667269746054,130.43685650565038,124.24959495342435
K562_GWPS,global_median,METTL14,1.0,0.5350877192982456,527.4735947705949,537.1457992622506,530.4222302305569
K562_GWPS,global_median,METTL17,0.20175438596491224,0.13157894736842102,50.079014565025545,50.51072529218274,42.39760445873569
K562_GWPS,global_median,METTL3,0.9912280701754386,0.9298245614035088,521.8712424508122,528.3990350916545,525.7638719721672
K562_GWPS,global_median,MKI67,1.0,1.0,12.908492703662633,12.64723080648937,7.68178853039728
K562_GWPS,global_median,MTA1,0.6491228070175439,0.16666666666666663,36.45810941414973,37.4185896872314,30.426109758362266
K562_GWPS,global_median,NCK2,0.4473684210526315,0.4035087719298246,13.29498438422212,13.219275422948957,6.581988417391036
K562_GWPS,global_median,NDUFB4,0.19298245614035092,0.0964912280701754,22.59868249408331,22.658169962113583,15.92391748590023
K562_GWPS,global_median,NDUFB6,0.08771929824561409,0.08771929824561409,22.3619922842677,22.412343987993367,15.220309520428781
K562_GWPS,global_median,NISCH,0.8508771929824561,0.6666666666666667,18.501963428786574,18.609954184729364,12.732734515899292
K562_GWPS,global_median,NIT1,0.20175438596491224,0.1842105263157895,54.617475619476664,54.51086706063437,48.147302378947956
K562_GWPS,global_median,NRAS,0.5877192982456141,0.49122807017543857,14.484117971120064,14.399536089363021,8.626178311292012
K562_GWPS,global_median,OXCT1,0.6140350877192983,0.3157894736842105,55.56938197735052,56.805040154865644,50.21696889805045
K562_GWPS,global_median,PAGR1,0.9298245614035088,0.9210526315789473,19.137383561756188,19.019557815793533,13.524452636952525
K562_GWPS,global_median,PBX1,0.4385964912280702,0.4473684210526315,14.197111080760482,13.966462895597585,7.800750745183667
K562_GWPS,global_median,PHF10,0.5,0.14035087719298245,55.404053726951716,56.17113189930002,48.17169271274442
K562_GWPS,global_median,PHF14,0.956140350877193,0.868421052631579,21.079858916077164,20.929812480680006,15.330271512071196
K562_GWPS,global_median,PLCB3,0.16666666666666663,0.16666666666666663,13.650795630124552,13.257060884661723,7.074092090044102
K562_GWPS,global_median,PMS1,0.3421052631578947,0.21052631578947367,15.418893593612033,15.13557769014468,9.407428947572757
K562_GWPS,global_median,POLB,0.32456140350877194,0.23684210526315785,16.407102707678078,15.967791875077479,9.295243756572287
K562_GWPS,global_median,PRCP,0.3771929824561403,0.2894736842105263,15.243655212902407,15.292145135326042,8.870409678130237
K562_GWPS,global_median,PRR12,0.2894736842105263,0.27192982456140347,34.968299017085386,34.83424584406919,27.761396524034232
K562_GWPS,global_median,PTPN1,0.7456140350877193,0.7192982456140351,12.522785019422887,11.87620235017105,6.061392983649327
K562_GWPS,global_median,RAF1,0.7807017543859649,0.7807017543859649,21.912442457853174,21.692713445546406,16.03821832628783
K562_GWPS,global_median,RNF2,0.1578947368421053,0.10526315789473684,86.83952670784198,86.67249735542839,79.59025307769406
K562_GWPS,global_median,RRM1,0.5087719298245614,0.35964912280701755,17.63067054154256,17.17234573345412,11.01940845629964
K562_GWPS,global_median,SAFB,0.9824561403508771,0.8157894736842105,50.59977578085031,50.90311795062404,45.71354522202782
K562_GWPS,global_median,SIN3B,0.8333333333333334,0.4473684210526315,210.47908941787284,212.672336400856,206.4518060436085
K562_GWPS,global_median,SIX4,0.631578947368421,0.6403508771929824,18.926073267401204,18.694304459506174,12.569903584082397
K562_GWPS,global_median,SLC25A3,0.13157894736842102,0.10526315789473684,27.30770131844386,27.1531551770951,19.970082783534505
K562_GWPS,global_median,SMAGP,0.5263157894736843,0.4122807017543859,39.37258780263112,39.58868775818416,32.69661702452238
K562_GWPS,global_median,SMARCA4,0.9736842105263158,0.9473684210526316,484.1582543438196,484.86993612824966,484.4304872738811
K562_GWPS,global_median,SMARCA5,0.4473684210526315,0.21052631578947367,168.9585600424724,169.7953587750537,162.61374354814865
K562_GWPS,global_median,SOX2,0.13157894736842102,0.14912280701754388,734.8570491882283,225.0288016550113,216.794226507899
K562_GWPS,global_median,SSBP1,0.7807017543859649,0.3771929824561403,35.37389420768612,35.88487883939926,29.89468066397671
K562_GWPS,global_median,STAG2,0.6228070175438596,0.49122807017543857,103.74810698007187,103.88389334306963,97.59358736098605
K562_GWPS,global_median,STAT1,0.8333333333333334,0.736842105263158,13.328455899881853,13.14832338790347,7.638578273439544
K562_GWPS,global_median,STAT6,0.42105263157894735,0.35964912280701755,67.50386822235365,34.196677186560734,27.68360045018143
K562_GWPS,global_median,STX4,0.3157894736842105,0.3157894736842105,19.775230284263568,19.469303089128065,13.528960806793432
K562_GWPS,global_median,TADA1,0.9736842105263158,0.8508771929824561,113.52591304649769,114.24118145315123,109.49723299662573
K562_GWPS,global_median,TARBP2,0.39473684210526316,0.35964912280701755,16.962816449537918,16.479953840547704,10.216975656530703
K562_GWPS,global_median,TAZ,0.736842105263158,0.39473684210526316,19.80715525974772,19.72561916641212,14.02619773382514
K562_GWPS,global_median,TCF3,0.0964912280701754,0.11403508771929827,16.562551238471936,16.00082000758384,9.213989679186959
K562_GWPS,global_median,TET1,0.2894736842105263,0.20175438596491224,22.292372668784846,22.16306145347317,15.521752657106195
K562_GWPS,global_median,TFAM,0.6403508771929824,0.24561403508771928,50.39924536586854,51.16995785441977,44.972581879196014
K562_GWPS,global_median,TMBIM6,0.2807017543859649,0.17543859649122806,14.426322508129422,14.26699890971044,8.325994733415104
K562_GWPS,global_median,TMSB10,0.9912280701754386,0.8771929824561404,89.23181244740886,90.87029765110834,87.02789850854882
K562_GWPS,global_median,TMSB4X,0.6578947368421053,0.6403508771929824,12.578571952940894,12.365276953734016,6.742777888406805
K562_GWPS,global_median,TRAM2,0.07017543859649122,0.07017543859649122,15.109940291498077,14.987120719988058,8.079439234873547
K562_GWPS,global_median,TRAPPC6A,0.9122807017543859,0.8333333333333334,53.914412161853974,54.14858589402861,49.5873407361575
K562_GWPS,global_median,TSC22D4,0.8947368421052632,0.7017543859649122,14.760115854439597,14.817678236475492,9.53530162695704
K562_GWPS,global_median,TWF2,0.9122807017543859,0.868421052631579,13.016876814672615,12.914874611143265,7.383385368631316
K562_GWPS,global_median,TXNDC9,0.6754385964912281,0.32456140350877194,31.37289827459709,21.583217961918834,15.602141838709976
K562_GWPS,global_median,UBE3C,0.9912280701754386,0.9122807017543859,29.39896849107381,29.708350320598925,24.61961056633454
K562_GWPS,global_median,UQCRQ,0.7105263157894737,0.6491228070175439,30.578526020599938,30.449792310652615,24.750956574071726
K562_GWPS,global_median,USP22,0.6403508771929824,0.543859649122807,21.95376888537861,21.90840768676596,16.075041916998714
K562_GWPS,global_median,WSB2,0.7807017543859649,0.6666666666666667,38.7828117326515,38.55256942308864,33.07173520675026
K562_GWPS,global_median,XRCC4,0.7719298245614035,0.6754385964912281,31.38945579425289,31.477156405707575,25.647688014340318
K562_GWPS,global_median,ZNF286A,0.5526315789473684,0.5263157894736843,13.026284575522597,12.649572062348657,6.9659576354463875
K562_GWPS,global_median,ZNF426,0.4736842105263158,0.4298245614035088,14.665403597177251,14.423722351769335,8.433872996149372
K562_GWPS,global_median,ZNF562,0.2894736842105263,0.26315789473684215,15.098502128524842,14.922653168376431,8.421431382516431
K562_GWPS,global_median,ZNF593,0.4385964912280702,0.38596491228070173,21.142263306831907,21.143546753681747,15.237870214330183
K562_GWPS,global_median,ZNF714,0.631578947368421,0.4385964912280702,17.93786031824799,17.53312651520624,11.302698798313452
K562_GWPS,context_interaction,ACAT2,0.9473684210526316,0.8947368421052632,68.3768017877754,68.72425678346772,63.823993167303065
K562_GWPS,context_interaction,ACVR1B,0.01754385964912286,0.00877192982456143,20.663178790716998,20.68136694748383,13.878055231177221
K562_GWPS,context_interaction,AKT2,0.3421052631578947,0.2192982456140351,26.46358983290235,26.278126106593533,19.92126449010161
K562_GWPS,context_interaction,ARID1A,0.4035087719298246,0.368421052631579,56.1205334589019,56.274553211650804,50.151019074599915
K562_GWPS,context_interaction,ATM,0.5175438596491229,0.5,37.39093311636012,37.23326245092056,31.214710354574386
K562_GWPS,context_interaction,BIRC2,0.9824561403508771,0.9649122807017544,32.15300946035002,32.148582835766916,27.575008205006146
K562_GWPS,context_interaction,C1QBP,0.8947368421052632,0.7017543859649122,32.79809834729318,33.3519532058239,27.246315046403467
K562_GWPS,context_interaction,CALM3,0.9912280701754386,1.0,13.106832893271317,12.513839824196296,7.668907631249635
K562_GWPS,context_interaction,CASP2,0.6228070175438596,0.5877192982456141,13.852744064966544,13.705437374658084,7.571316353042958
K562_GWPS,context_interaction,CASP3,0.07894736842105265,0.052631578947368474,101.3987325449802,101.74486343694795,93.096917428216
K562_GWPS,context_interaction,CAST,0.01754385964912286,0.01754385964912286,26.99973581674505,26.126811953783445,19.036779608535355
K562_GWPS,context_interaction,CDCA2,0.4736842105263158,0.3421052631578947,17.596060867901862,17.57380296248305,11.553744821816656
K562_GWPS,context_interaction,CENPO,0.9912280701754386,0.9824561403508771,17.44119542987206,17.576221008660823,12.712498568271283
K562_GWPS,context_interaction,CHMP3,0.4035087719298246,0.5175438596491229,38.49410322000726,37.41126510421567,31.048268339340723
K562_GWPS,context_interaction,CLDN6,0.1842105263157895,0.16666666666666663,14.428161751182117,14.216036629063513,7.745522345894296
K562_GWPS,context_interaction,CLDN7,0.3157894736842105,0.33333333333333337,16.038668832359335,15.850007542894101,9.9111158847012
K562_GWPS,context_interaction,CREG1,0.04385964912280704,0.04385964912280704,13.78187059463394,13.690558896947618,7.165422732358011
K562_GWPS,context_interaction,DAXX,0.17543859649122806,0.1228070175438597,23.324008105088396,23.388210317014124,16.433843420496565
K562_GWPS,context_interaction,DHCR24,0.6578947368421053,0.631578947368421,20.92680354983411,20.81226424584701,15.320563005308445
K562_GWPS,context_interaction,DHX36,0.9122807017543859,0.3508771929824561,265.496405471377,269.0209485995772,262.7078528374011
K562_GWPS,context_interaction,DLG5,0.39473684210526316,0.29824561403508776,32.30867711314414,32.3818248347648,26.37263871043414
K562_GWPS,context_interaction,DNMT1,0.8508771929824561,0.6578947368421053,310.8939145517063,312.22997326613483,306.79122207922876
K562_GWPS,context_interaction,EID2,0.9298245614035088,0.9035087719298246,13.2599599050181,13.080570776418433,7.747696612926591
K562_GWPS,context_interaction,EIF4B,0.5350877192982456,0.29824561403508776,49.59318961870238,49.785007373543294,43.2144350796261
K562_GWPS,context_interaction,EWSR1,0.9385964912280702,0.7807017543859649,54.326701126844775,54.975346226984556,49.444539756297004
K562_GWPS,context_interaction,FOXH1,0.5087719298245614,0.5964912280701755,22.339015301452967,22.143707879647827,16.447873103770036
K562_GWPS,context_interaction,GSK3B,0.13157894736842102,0.06140350877192979,57.177504362209184,57.20830825770211,50.51204185568798
K562_GWPS,context_interaction,HAT1,0.9298245614035088,0.9649122807017544,25.315833474442144,20.1456875112981,15.359708088433294
K562_GWPS,context_interaction,HIRA,0.052631578947368474,0.02631578947368418,26.446246967111865,26.46993459746193,19.718398906007412
K562_GWPS,context_interaction,HMGB2,0.5877192982456141,0.4736842105263158,24.202132081933154,24.319349069533253,17.77840860197794
K562_GWPS,context_interaction,HMGN1,0.8421052631578947,0.8245614035087719,14.250895088312861,14.16781630173195,8.767702876729786
K562_GWPS,context_interaction,IDE,0.49122807017543857,0.4649122807017544,12.024339541975955,11.96613445471269,6.533869203868278
K562_GWPS,context_interaction,IGF2R,0.22807017543859653,0.17543859649122806,13.931693303542588,13.890852078371424,7.79724164125766
K562_GWPS,context_interaction,IKBKG,0.3421052631578947,0.3421052631578947,20.39634946838877,20.273592043253977,13.898733510708421
K562_GWPS,context_interaction,INSIG1,0.9912280701754386,0.9385964912280702,72.28375653032145,72.96745057222142,69.81162038772018
K562_GWPS,context_interaction,IRF3,0.6578947368421053,0.45614035087719296,15.499045842361522,15.639638176987553,9.907302767320234
K562_GWPS,context_interaction,KAT2A,0.9824561403508771,0.9473684210526316,156.54345002783475,157.04467792614903,155.4813703225395
K562_GWPS,context_interaction,KDM2B,0.868421052631579,0.868421052631579,29.86888452906684,29.798452588851646,24.624651878801934
K562_GWPS,context_interaction,KIF1B,0.736842105263158,0.7192982456140351,12.53049358427975,12.458651518974538,6.811285229692616
K562_GWPS,context_interaction,KLF10,0.5087719298245614,0.5,19.751422564735943,19.724597321644147,13.483078652868969
K562_GWPS,context_interaction,LRPPRC,0.9824561403508771,0.1228070175438597,53.03730328675772,55.381696088390626,48.3090043471921
K562_GWPS,context_interaction,LZTR1,0.32456140350877194,0.23684210526315785,62.21360196942481,62.32623957416016,55.77028724958677
K562_GWPS,context_interaction,MAP1B,0.6228070175438596,0.5964912280701755,13.07488763038388,12.991007844025008,7.389600224473633
K562_GWPS,context_interaction,MAP3K7,0.3421052631578947,0.3421052631578947,14.470149476182895,14.334534140803385,8.259359031729572
K562_GWPS,context_interaction,MAPKAPK2,0.9473684210526316,0.9473684210526316,13.743341094525043,13.661776217017135,8.366075938236852
K562_GWPS,context_interaction,MAST2,0.22807017543859653,0.2192982456140351,14.27282263409127,14.11454326227749,8.00968574439458
K562_GWPS,context_interaction,MAU2,0.9649122807017544,0.6666666666666667,190.7029698656293,192.63471970286474,186.64603469011934
K562_GWPS,context_interaction,MBTPS1,1.0,1.0,119.22438348474302,120.00355105762571,118.89400894950823
K562_GWPS,context_interaction,MED1,0.7894736842105263,0.4122807017543859,67.33577626926945,68.23205169193395,62.446655436667214
K562_GWPS,context_interaction,MED12,0.7807017543859649,0.4736842105263158,34.768298364055184,34.02550925980458,27.81722175091442
K562_GWPS,context_interaction,MED13,0.49122807017543857,0.45614035087719296,38.66184248093023,38.67634061227669,32.846402572383866
K562_GWPS,context_interaction,MED13L,0.7192982456140351,0.7280701754385965,20.28236869289078,20.21361963913758,14.375469046459878
K562_GWPS,context_interaction,MED24,0.868421052631579,0.42105263157894735,130.39741483048496,130.43685650565038,124.24959495342435
K562_GWPS,context_interaction,METTL14,0.9912280701754386,0.5350877192982456,529.7873817339464,537.1457992622506,530.4222302305569
K562_GWPS,context_interaction,METTL17,0.1578947368421053,0.13157894736842102,50.352067965404174,50.51072529218274,42.39760445873569
K562_GWPS,context_interaction,METTL3,0.9912280701754386,0.9298245614035088,523.1156000888035,528.3990350916545,525.7638719721672
K562_GWPS,context_interaction,MKI67,1.0,1.0,12.817628527919211,12.64723080648937,7.68178853039728
K562_GWPS,context_interaction,MTA1,0.368421052631579,0.16666666666666663,36.96495615494351,37.4185896872314,30.426109758362266
K562_GWPS,context_interaction,NCK2,0.4385964912280702,0.4035087719298246,13.247169070980554,13.219275422948957,6.581988417391036
K562_GWPS,context_interaction,NDUFB4,0.1578947368421053,0.0964912280701754,22.599087048898056,22.658169962113583,15.92391748590023
K562_GWPS,context_interaction,NDUFB6,0.08771929824561409,0.08771929824561409,22.34638656222382,22.412343987993367,15.220309520428781
K562_GWPS,context_interaction,NISCH,0.8070175438596492,0.6666666666666667,18.49320684991045,18.609954184729364,12.732734515899292
K562_GWPS,context_interaction,NIT1,0.21052631578947367,0.1842105263157895,54.59120340045671,54.51086706063437,48.147302378947956
K562_GWPS,context_interaction,NRAS,0.5877192982456141,0.49122807017543857,14.40898405318988,14.399536089363021,8.626178311292012
K562_GWPS,context_interaction,OXCT1,0.5175438596491229,0.3157894736842105,57.11339054458298,56.805040154865644,50.21696889805045
K562_GWPS,context_interaction,PAGR1,0.9210526315789473,0.9210526315789473,19.11458372523189,19.019557815793533,13.524452636952525
K562_GWPS,context_interaction,PBX1,0.4385964912280702,0.4473684210526315,14.158271989671174,13.966462895597585,7.800750745183667
K562_GWPS,context_interaction,PHF10,0.29824561403508776,0.14035087719298245,56.13820876633759,56.17113189930002,48.17169271274442
K562_GWPS,context_interaction,PHF14,0.956140350877193,0.868421052631579,20.986731053237076,20.929812480680006,15.330271512071196
K562_GWPS,context_interaction,PLCB3,0.17543859649122806,0.16666666666666663,13.551650474229165,13.257060884661723,7.074092090044102
K562_GWPS,context_interaction,PMS1,0.45614035087719296,0.21052631578947367,15.277619736210752,15.13557769014468,9.407428947572757
K562_GWPS,context_interaction,POLB,0.2894736842105263,0.23684210526315785,16.310500986178464,15.967791875077479,9.295243756572287
K562_GWPS,context_interaction,PRCP,0.3070175438596491,0.2894736842105263,15.356223443253704,15.292145135326042,8.870409678130237
K562_GWPS,context_interaction,PRR12,0.3157894736842105,0.27192982456140347,34.881176452971474,34.83424584406919,27.761396524034232
K562_GWPS,context_interaction,PTPN1,0.7192982456140351,0.7192982456140351,12.661224366776242,11.87620235017105,6.061392983649327
K562_GWPS,context_interaction,RAF1,0.7807017543859649,0.7807017543859649,21.863898000170902,21.692713445546406,16.03821832628783
K562_GWPS,context_interaction,RNF2,0.16666666666666663,0.10526315789473684,86.72281822129938,86.67249735542839,79.59025307769406
K562_GWPS,context_interaction,RRM1,0.5,0.35964912280701755,17.50276538670106,17.17234573345412,11.01940845629964
K562_GWPS,context_interaction,SAFB,0.9824561403508771,0.8157894736842105,50.57517493400495,50.90311795062404,45.71354522202782
K562_GWPS,context_interaction,SIN3B,0.8333333333333334,0.4473684210526315,210.65578925962336,212.672336400856,206.4518060436085
K562_GWPS,context_interaction,SIX4,0.6491228070175439,0.6403508771929824,18.8756499878013,18.694304459506174,12.569903584082397
K562_GWPS,context_interaction,SLC25A3,0.1578947368421053,0.10526315789473684,27.15088162735355,27.1531551770951,19.970082783534505
K562_GWPS,context_interaction,SMAGP,0.49122807017543857,0.4122807017543859,39.38697857238853,39.58868775818416,32.69661702452238
K562_GWPS,context_interaction,SMARCA4,0.956140350877193,0.9473684210526316,484.64270674811166,484.86993612824966,484.4304872738811
K562_GWPS,context_interaction,SMARCA5,0.3771929824561403,0.21052631578947367,169.36332416560853,169.7953587750537,162.61374354814865
K562_GWPS,context_interaction,SOX2,0.052631578947368474,0.14912280701754388,566.5833531628107,225.0288016550113,216.794226507899
K562_GWPS,context_interaction,SSBP1,0.9385964912280702,0.3771929824561403,34.73967983556878,35.88487883939926,29.89468066397671
K562_GWPS,context_interaction,STAG2,0.5877192982456141,0.49122807017543857,103.72679256802145,103.88389334306963,97.59358736098605
K562_GWPS,context_interaction,STAT1,0.8245614035087719,0.736842105263158,13.252694254775875,13.14832338790347,7.638578273439544
K562_GWPS,context_interaction,STAT6,0.631578947368421,0.35964912280701755,43.98877852141927,34.196677186560734,27.68360045018143
K562_GWPS,context_interaction,STX4,0.33333333333333337,0.3157894736842105,19.67652216952193,19.469303089128065,13.528960806793432
K562_GWPS,context_interaction,TADA1,0.9824561403508771,0.8508771929824561,113.06951209156634,114.24118145315123,109.49723299662573
K562_GWPS,context_interaction,TARBP2,0.35964912280701755,0.35964912280701755,16.890165839439618,16.479953840547704,10.216975656530703
K562_GWPS,context_interaction,TAZ,0.6140350877192983,0.39473684210526316,19.792343700234504,19.72561916641212,14.02619773382514
K562_GWPS,context_interaction,TCF3,0.10526315789473684,0.11403508771929827,16.41515420185459,16.00082000758384,9.213989679186959
K562_GWPS,context_interaction,TET1,0.24561403508771928,0.20175438596491224,22.21350473112618,22.16306145347317,15.521752657106195
K562_GWPS,context_interaction,TFAM,0.9385964912280702,0.24561403508771928,49.30655699308704,51.16995785441977,44.972581879196014
K562_GWPS,context_interaction,TMBIM6,0.27192982456140347,0.17543859649122806,14.344630741082492,14.26699890971044,8.325994733415104
K562_GWPS,context_interaction,TMSB10,0.9912280701754386,0.8771929824561404,89.84086806084342,90.87029765110834,87.02789850854882
K562_GWPS,context_interaction,TMSB4X,0.6578947368421053,0.6403508771929824,12.522456042008344,12.365276953734016,6.742777888406805
K562_GWPS,context_interaction,TRAM2,0.06140350877192979,0.07017543859649122,15.042326454347222,14.987120719988058,8.079439234873547
K562_GWPS,context_interaction,TRAPPC6A,0.8947368421052632,0.8333333333333334,53.928217532758424,54.14858589402861,49.5873407361575
K562_GWPS,context_interaction,TSC22D4,0.8859649122807017,0.7017543859649122,14.703514735671877,14.817678236475492,9.53530162695704
K562_GWPS,context_interaction,TWF2,0.9122807017543859,0.868421052631579,12.970429579921728,12.914874611143265,7.383385368631316
K562_GWPS,context_interaction,TXNDC9,0.5263157894736843,0.32456140350877194,24.968383452269066,21.583217961918834,15.602141838709976
K562_GWPS,context_interaction,UBE3C,0.956140350877193,0.9122807017543859,29.706572855463264,29.708350320598925,24.61961056633454
K562_GWPS,context_interaction,UQCRQ,0.6228070175438596,0.6491228070175439,30.685883513630053,30.449792310652615,24.750956574071726
K562_GWPS,context_interaction,USP22,0.6578947368421053,0.543859649122807,21.902518319768664,21.90840768676596,16.075041916998714
K562_GWPS,context_interaction,WSB2,0.7719298245614035,0.6666666666666667,38.62805258001093,38.55256942308864,33.07173520675026
K562_GWPS,context_interaction,XRCC4,0.7105263157894737,0.6754385964912281,31.492407026227212,31.477156405707575,25.647688014340318
K562_GWPS,context_interaction,ZNF286A,0.5701754385964912,0.5263157894736843,12.91968028014832,12.649572062348657,6.9659576354463875
K562_GWPS,context_interaction,ZNF426,0.4385964912280702,0.4298245614035088,14.609410908643014,14.423722351769335,8.433872996149372
K562_GWPS,context_interaction,ZNF562,0.2894736842105263,0.26315789473684215,15.11700530626502,14.922653168376431,8.421431382516431
K562_GWPS,context_interaction,ZNF593,0.4122807017543859,0.38596491228070173,21.149050102169184,21.143546753681747,15.237870214330183
K562_GWPS,context_interaction,ZNF714,0.6491228070175439,0.4385964912280702,17.79209963594066,17.53312651520624,11.302698798313452
CD4T,unchanged,ACAT2,0.9152542372881356,0.9152542372881356,68.72425678346772,68.72425678346772,63.823993167303065
CD4T,unchanged,ACVR1B,0.008474576271186418,0.008474576271186418,20.68136694748383,20.68136694748383,13.878055231177221
CD4T,unchanged,AKT2,0.22881355932203384,0.22881355932203384,26.278126106593533,26.278126106593533,19.92126449010161
CD4T,unchanged,ARID1A,0.39830508474576276,0.39830508474576276,56.274553211650804,56.274553211650804,50.151019074599915
CD4T,unchanged,ATM,0.5,0.5,37.23326245092056,37.23326245092056,31.214710354574386
CD4T,unchanged,ATP1B1,0.864406779661017,0.864406779661017,12.880776413170125,12.880776413170125,7.103657420279447
CD4T,unchanged,BIRC2,0.9576271186440678,0.9576271186440678,32.148582835766916,32.148582835766916,27.575008205006146
CD4T,unchanged,C1QBP,0.6864406779661016,0.6864406779661016,33.3519532058239,33.3519532058239,27.246315046403467
CD4T,unchanged,CALM3,1.0,1.0,12.513839824196296,12.513839824196296,7.668907631249635
CD4T,unchanged,CAMSAP2,0.4576271186440678,0.4576271186440678,12.665646478565733,12.665646478565733,6.611342316310343
CD4T,unchanged,CASP2,0.6101694915254237,0.6101694915254237,13.705437374658084,13.705437374658084,7.571316353042958
CD4T,unchanged,CASP3,0.05084745762711862,0.05084745762711862,101.74486343694795,101.74486343694795,93.096917428216
CD4T,unchanged,CAST,0.016949152542372836,0.016949152542372836,26.126811953783445,26.126811953783445,19.036779608535355
CD4T,unchanged,CDCA2,0.3389830508474576,0.3389830508474576,17.57380296248305,17.57380296248305,11.553744821816656
CD4T,unchanged,CENPO,0.9745762711864406,0.9745762711864406,17.576221008660823,17.576221008660823,12.712498568271283
CD4T,unchanged,CHMP3,0.5084745762711864,0.5084745762711864,37.41126510421567,37.41126510421567,31.048268339340723
CD4T,unchanged,CLDN7,0.3389830508474576,0.3389830508474576,15.850007542894101,15.850007542894101,9.9111158847012
CD4T,unchanged,CREG1,0.05084745762711862,0.05084745762711862,13.690558896947618,13.690558896947618,7.165422732358011
CD4T,unchanged,DAXX,0.11864406779661019,0.11864406779661019,23.388210317014124,23.388210317014124,16.433843420496565
CD4T,unchanged,DHCR24,0.6271186440677966,0.6271186440677966,20.81226424584701,20.81226424584701,15.320563005308445
CD4T,unchanged,DHX36,0.3305084745762712,0.3305084745762712,269.0209485995772,269.0209485995772,262.7078528374011
CD4T,unchanged,DLG5,0.31355932203389836,0.31355932203389836,32.3818248347648,32.3818248347648,26.37263871043414
CD4T,unchanged,DNMT1,0.6779661016949152,0.6779661016949152,312.22997326613483,312.22997326613483,306.79122207922876
CD4T,unchanged,DZIP3,0.8898305084745762,0.8898305084745762,12.475892323843393,12.475892323843393,7.190090262250995
CD4T,unchanged,EID2,0.8983050847457628,0.8983050847457628,13.080570776418433,13.080570776418433,7.747696612926591
CD4T,unchanged,EIF4B,0.31355932203389836,0.31355932203389836,49.785007373543294,49.785007373543294,43.2144350796261
CD4T,unchanged,EWSR1,0.7627118644067796,0.7627118644067796,54.975346226984556,54.975346226984556,49.444539756297004
CD4T,unchanged,FOXH1,0.6016949152542372,0.6016949152542372,22.143707879647827,22.143707879647827,16.447873103770036
CD4T,unchanged,GSK3B,0.05932203389830504,0.05932203389830504,57.20830825770211,57.20830825770211,50.51204185568798
CD4T,unchanged,HAT1,0.9576271186440678,0.9576271186440678,20.1456875112981,20.1456875112981,15.359708088433294
CD4T,unchanged,HIRA,0.03389830508474578,0.03389830508474578,26.46993459746193,26.46993459746193,19.718398906007412
CD4T,unchanged,HMGB2,0.48305084745762716,0.48305084745762716,24.319349069533253,24.319349069533253,17.77840860197794
CD4T,unchanged,HMGN1,0.8305084745762712,0.8305084745762712,14.16781630173195,14.16781630173195,8.767702876729786
CD4T,unchanged,IDE,0.4661016949152542,0.4661016949152542,11.96613445471269,11.96613445471269,6.533869203868278
CD4T,unchanged,IGF2R,0.2033898305084746,0.2033898305084746,13.890852078371424,13.890852078371424,7.79724164125766
CD4T,unchanged,IKBKG,0.35593220338983056,0.35593220338983056,20.273592043253977,20.273592043253977,13.898733510708421
CD4T,unchanged,INSIG1,0.9491525423728814,0.9491525423728814,72.96745057222142,72.96745057222142,69.81162038772018
CD4T,unchanged,IRF3,0.47457627118644063,0.47457627118644063,15.639638176987553,15.639638176987553,9.907302767320234
CD4T,unchanged,KAT2A,0.9491525423728814,0.9491525423728814,157.04467792614903,157.04467792614903,155.4813703225395
CD4T,unchanged,KDM2B,0.864406779661017,0.864406779661017,29.798452588851646,29.798452588851646,24.624651878801934
CD4T,unchanged,KIF1B,0.7203389830508475,0.7203389830508475,12.458651518974538,12.458651518974538,6.811285229692616
CD4T,unchanged,KLF10,0.5084745762711864,0.5084745762711864,19.724597321644147,19.724597321644147,13.483078652868969
CD4T,unchanged,LRPPRC,0.11864406779661019,0.11864406779661019,55.381696088390626,55.381696088390626,48.3090043471921
CD4T,unchanged,LZTR1,0.2457627118644068,0.2457627118644068,62.32623957416016,62.32623957416016,55.77028724958677
CD4T,unchanged,MAP3K7,0.35593220338983056,0.35593220338983056,14.334534140803385,14.334534140803385,8.259359031729572
CD4T,unchanged,MAPKAPK2,0.9491525423728814,0.9491525423728814,13.661776217017135,13.661776217017135,8.366075938236852
CD4T,unchanged,MAST2,0.22881355932203384,0.22881355932203384,14.11454326227749,14.11454326227749,8.00968574439458
CD4T,unchanged,MAU2,0.6355932203389831,0.6355932203389831,192.63471970286474,192.63471970286474,186.64603469011934
CD4T,unchanged,MBTPS1,1.0,1.0,120.00355105762571,120.00355105762571,118.89400894950823
CD4T,unchanged,MED1,0.4067796610169492,0.4067796610169492,68.23205169193395,68.23205169193395,62.446655436667214
CD4T,unchanged,MED12,0.48305084745762716,0.48305084745762716,34.02550925980458,34.02550925980458,27.81722175091442
CD4T,unchanged,MED13,0.4661016949152542,0.4661016949152542,38.67634061227669,38.67634061227669,32.846402572383866
CD4T,unchanged,MED13L,0.7203389830508475,0.7203389830508475,20.21361963913758,20.21361963913758,14.375469046459878
CD4T,unchanged,MED24,0.4152542372881356,0.4152542372881356,130.43685650565038,130.43685650565038,124.24959495342435
CD4T,unchanged,METTL14,0.5423728813559322,0.5423728813559322,537.1457992622506,537.1457992622506,530.4222302305569
CD4T,unchanged,METTL17,0.11864406779661019,0.11864406779661019,50.51072529218274,50.51072529218274,42.39760445873569
CD4T,unchanged,METTL3,0.9322033898305084,0.9322033898305084,528.3990350916545,528.3990350916545,525.7638719721672
CD4T,unchanged,MKI67,1.0,1.0,12.64723080648937,12.64723080648937,7.68178853039728
CD4T,unchanged,MTA1,0.14406779661016944,0.14406779661016944,37.4185896872314,37.4185896872314,30.426109758362266
CD4T,unchanged,NCK2,0.4152542372881356,0.4152542372881356,13.219275422948957,13.219275422948957,6.581988417391036
CD4T,unchanged,NDUFB4,0.10169491525423724,0.10169491525423724,22.658169962113583,22.658169962113583,15.92391748590023
CD4T,unchanged,NDUFB6,0.07627118644067798,0.07627118644067798,22.412343987993367,22.412343987993367,15.220309520428781
CD4T,unchanged,NISCH,0.6779661016949152,0.6779661016949152,18.609954184729364,18.609954184729364,12.732734515899292
CD4T,unchanged,NIT1,0.18644067796610164,0.18644067796610164,54.51086706063437,54.51086706063437,48.147302378947956
CD4T,unchanged,NRAS,0.5084745762711864,0.5084745762711864,14.399536089363021,14.399536089363021,8.626178311292012
CD4T,unchanged,OXCT1,0.35593220338983056,0.35593220338983056,56.805040154865644,56.805040154865644,50.21696889805045
CD4T,unchanged,PAGR1,0.9152542372881356,0.9152542372881356,19.019557815793533,19.019557815793533,13.524452636952525
CD4T,unchanged,PBX1,0.48305084745762716,0.48305084745762716,13.966462895597585,13.966462895597585,7.800750745183667
CD4T,unchanged,PHF10,0.15254237288135597,0.15254237288135597,56.17113189930002,56.17113189930002,48.17169271274442
CD4T,unchanged,PHF14,0.8813559322033898,0.8813559322033898,20.929812480680006,20.929812480680006,15.330271512071196
CD4T,unchanged,PLCB3,0.17796610169491522,0.17796610169491522,13.257060884661723,13.257060884661723,7.074092090044102
CD4T,unchanged,PMS1,0.211864406779661,0.211864406779661,15.13557769014468,15.13557769014468,9.407428947572757
CD4T,unchanged,POLB,0.22881355932203384,0.22881355932203384,15.967791875077479,15.967791875077479,9.295243756572287
CD4T,unchanged,PRCP,0.2966101694915254,0.2966101694915254,15.292145135326042,15.292145135326042,8.870409678130237
CD4T,unchanged,PRR12,0.27118644067796616,0.27118644067796616,34.83424584406919,34.83424584406919,27.761396524034232
CD4T,unchanged,PTPN1,0.6864406779661016,0.6864406779661016,11.87620235017105,11.87620235017105,6.061392983649327
CD4T,unchanged,RAB3B,0.18644067796610164,0.18644067796610164,12.527265726858394,12.527265726858394,6.114280479955408
CD4T,unchanged,RAF1,0.771186440677966,0.771186440677966,21.692713445546406,21.692713445546406,16.03821832628783
CD4T,unchanged,RNF2,0.10169491525423724,0.10169491525423724,86.67249735542839,86.67249735542839,79.59025307769406
CD4T,unchanged,RRM1,0.364406779661017,0.364406779661017,17.17234573345412,17.17234573345412,11.01940845629964
CD4T,unchanged,SAFB,0.8050847457627118,0.8050847457627118,50.90311795062404,50.90311795062404,45.71354522202782
CD4T,unchanged,SIN3B,0.44067796610169496,0.44067796610169496,212.672336400856,212.672336400856,206.4518060436085
CD4T,unchanged,SIX4,0.6355932203389831,0.6355932203389831,18.694304459506174,18.694304459506174,12.569903584082397
CD4T,unchanged,SLC25A3,0.10169491525423724,0.10169491525423724,27.1531551770951,27.1531551770951,19.970082783534505
CD4T,unchanged,SMAGP,0.423728813559322,0.423728813559322,39.58868775818416,39.58868775818416,32.69661702452238
CD4T,unchanged,SMARCA4,0.9491525423728814,0.9491525423728814,484.86993612824966,484.86993612824966,484.4304872738811
CD4T,unchanged,SMARCA5,0.22033898305084743,0.22033898305084743,169.7953587750537,169.7953587750537,162.61374354814865
CD4T,unchanged,SOX2,0.1610169491525424,0.1610169491525424,225.0288016550113,225.0288016550113,216.794226507899
CD4T,unchanged,SRC,0.35593220338983056,0.35593220338983056,16.371917008593446,16.371917008593446,10.073852301362164
CD4T,unchanged,SSBP1,0.3728813559322034,0.3728813559322034,35.88487883939926,35.88487883939926,29.89468066397671
CD4T,unchanged,STAG2,0.4915254237288136,0.4915254237288136,103.88389334306963,103.88389334306963,97.59358736098605
CD4T,unchanged,STAT1,0.7372881355932204,0.7372881355932204,13.14832338790347,13.14832338790347,7.638578273439544
CD4T,unchanged,STAT6,0.34745762711864403,0.34745762711864403,34.196677186560734,34.196677186560734,27.68360045018143
CD4T,unchanged,STX4,0.31355932203389836,0.31355932203389836,19.469303089128065,19.469303089128065,13.528960806793432
CD4T,unchanged,SV2A,0.48305084745762716,0.48305084745762716,21.55946134762736,21.55946134762736,16.015553868989947
CD4T,unchanged,TADA1,0.864406779661017,0.864406779661017,114.24118145315123,114.24118145315123,109.49723299662573
CD4T,unchanged,TARBP2,0.35593220338983056,0.35593220338983056,16.479953840547704,16.479953840547704,10.216975656530703
CD4T,unchanged,TCF3,0.11864406779661019,0.11864406779661019,16.00082000758384,16.00082000758384,9.213989679186959
CD4T,unchanged,TET1,0.2033898305084746,0.2033898305084746,22.16306145347317,22.16306145347317,15.521752657106195
CD4T,unchanged,TFAM,0.22033898305084743,0.22033898305084743,51.16995785441977,51.16995785441977,44.972581879196014
CD4T,unchanged,TGFBR2,0.07627118644067798,0.07627118644067798,58.95710141260986,58.95710141260986,51.8950602888024
CD4T,unchanged,TMBIM6,0.2033898305084746,0.2033898305084746,14.26699890971044,14.26699890971044,8.325994733415104
CD4T,unchanged,TMSB10,0.8728813559322034,0.8728813559322034,90.87029765110834,90.87029765110834,87.02789850854882
CD4T,unchanged,TMSB4X,0.6355932203389831,0.6355932203389831,12.365276953734016,12.365276953734016,6.742777888406805
CD4T,unchanged,TRAM2,0.06779661016949157,0.06779661016949157,14.987120719988058,14.987120719988058,8.079439234873547
CD4T,unchanged,TRAPPC6A,0.8389830508474576,0.8389830508474576,54.14858589402861,54.14858589402861,49.5873407361575
CD4T,unchanged,TSC22D4,0.7033898305084746,0.7033898305084746,14.817678236475492,14.817678236475492,9.53530162695704
CD4T,unchanged,TWF2,0.8813559322033898,0.8813559322033898,12.914874611143265,12.914874611143265,7.383385368631316
CD4T,unchanged,TXNDC9,0.3305084745762712,0.3305084745762712,21.583217961918834,21.583217961918834,15.602141838709976
CD4T,unchanged,UBE3C,0.9067796610169492,0.9067796610169492,29.708350320598925,29.708350320598925,24.61961056633454
CD4T,unchanged,UQCRQ,0.6694915254237288,0.6694915254237288,30.449792310652615,30.449792310652615,24.750956574071726
CD4T,unchanged,USP22,0.5508474576271186,0.5508474576271186,21.90840768676596,21.90840768676596,16.075041916998714
CD4T,unchanged,WSB2,0.6864406779661016,0.6864406779661016,38.55256942308864,38.55256942308864,33.07173520675026
CD4T,unchanged,XRCC4,0.6779661016949152,0.6779661016949152,31.477156405707575,31.477156405707575,25.647688014340318
CD4T,unchanged,ZNF286A,0.5338983050847458,0.5338983050847458,12.649572062348657,12.649572062348657,6.9659576354463875
CD4T,unchanged,ZNF426,0.44067796610169496,0.44067796610169496,14.423722351769335,14.423722351769335,8.433872996149372
CD4T,unchanged,ZNF562,0.27118644067796616,0.27118644067796616,14.922653168376431,14.922653168376431,8.421431382516431
CD4T,unchanged,ZNF593,0.39830508474576276,0.39830508474576276,21.143546753681747,21.143546753681747,15.237870214330183
CD4T,unchanged,ZNF714,0.44067796610169496,0.44067796610169496,17.53312651520624,17.53312651520624,11.302698798313452
CD4T,direct,ACAT2,0.9067796610169492,0.9152542372881356,1285.9188503303453,68.72425678346772,63.823993167303065
CD4T,direct,ACVR1B,0.10169491525423724,0.008474576271186418,1178.2483943506943,20.68136694748383,13.878055231177221
CD4T,direct,AKT2,0.6440677966101696,0.22881355932203384,1279.3556114583844,26.278126106593533,19.92126449010161
CD4T,direct,ARID1A,0.03389830508474578,0.39830508474576276,1847.1023456103699,56.274553211650804,50.151019074599915
CD4T,direct,ATM,0.11864406779661019,0.5,1267.68901896438,37.23326245092056,31.214710354574386
CD4T,direct,ATP1B1,0.8728813559322034,0.864406779661017,1034.8834348169958,12.880776413170125,7.103657420279447
CD4T,direct,BIRC2,0.8220338983050848,0.9576271186440678,1198.8563048127355,32.148582835766916,27.575008205006146
CD4T,direct,C1QBP,0.847457627118644,0.6864406779661016,1228.1055246751203,33.3519532058239,27.246315046403467
CD4T,direct,CALM3,0.27118644067796616,1.0,1124.1703983990647,12.513839824196296,7.668907631249635
CD4T,direct,CAMSAP2,0.9576271186440678,0.4576271186440678,927.9435471467532,12.665646478565733,6.611342316310343
CD4T,direct,CASP2,0.211864406779661,0.6101694915254237,1034.7457081128123,13.705437374658084,7.571316353042958
CD4T,direct,CASP3,0.8898305084745762,0.05084745762711862,1026.7308039203394,101.74486343694795,93.096917428216
CD4T,direct,CAST,0.7203389830508475,0.016949152542372836,1349.6975377542678,26.126811953783445,19.036779608535355
CD4T,direct,CDCA2,0.47457627118644063,0.3389830508474576,1295.5991464217473,17.57380296248305,11.553744821816656
CD4T,direct,CENPO,0.9745762711864406,0.9745762711864406,1109.6730684029972,17.576221008660823,12.712498568271283
CD4T,direct,CHMP3,0.288135593220339,0.5084745762711864,3079.7143839226765,37.41126510421567,31.048268339340723
CD4T,direct,CLDN7,0.5593220338983051,0.3389830508474576,1286.002720410334,15.850007542894101,9.9111158847012
CD4T,direct,CREG1,0.7542372881355932,0.05084745762711862,1335.7774116121302,13.690558896947618,7.165422732358011
CD4T,direct,DAXX,0.44067796610169496,0.11864406779661019,1656.701318085431,23.388210317014124,16.433843420496565
CD4T,direct,DHCR24,0.48305084745762716,0.6271186440677966,1124.096852858069,20.81226424584701,15.320563005308445
CD4T,direct,DHX36,1.0,0.3305084745762712,2130.042175863575,269.0209485995772,262.7078528374011
CD4T,direct,DLG5,0.8898305084745762,0.31355932203389836,1645.3425017238912,32.3818248347648,26.37263871043414
CD4T,direct,DNMT1,0.9745762711864406,0.6779661016949152,3254.621411113144,312.22997326613483,306.79122207922876
CD4T,direct,DZIP3,0.6016949152542372,0.8898305084745762,1283.2893583774085,12.475892323843393,7.190090262250995
CD4T,direct,EID2,0.5593220338983051,0.8983050847457628,1269.0015178666727,13.080570776418433,7.747696612926591
CD4T,direct,EIF4B,0.47457627118644063,0.31355932203389836,1419.5074626138935,49.785007373543294,43.2144350796261
CD4T,direct,EWSR1,0.7627118644067796,0.7627118644067796,1247.1842686879947,54.975346226984556,49.444539756297004
CD4T,direct,FOXH1,0.19491525423728817,0.6016949152542372,1400.6613035153125,22.143707879647827,16.447873103770036
CD4T,direct,GSK3B,0.711864406779661,0.05932203389830504,1192.324904730012,57.20830825770211,50.51204185568798
CD4T,direct,HAT1,0.2627118644067796,0.9576271186440678,1117.110976199729,20.1456875112981,15.359708088433294
CD4T,direct,HIRA,0.2966101694915254,0.03389830508474578,1486.7684431784742,26.46993459746193,19.718398906007412
CD4T,direct,HMGB2,0.6779661016949152,0.48305084745762716,1220.4462670511753,24.319349069533253,17.77840860197794
CD4T,direct,HMGN1,0.44067796610169496,0.8305084745762712,995.9659914437984,14.16781630173195,8.767702876729786
CD4T,direct,IDE,0.6271186440677966,0.4661016949152542,1240.5545239629764,11.96613445471269,6.533869203868278
CD4T,direct,IGF2R,0.6271186440677966,0.2033898305084746,1044.5594290041677,13.890852078371424,7.79724164125766
CD4T,direct,IKBKG,0.6355932203389831,0.35593220338983056,2831.3462015106397,20.273592043253977,13.898733510708421
CD4T,direct,INSIG1,0.288135593220339,0.9491525423728814,1582.2833116993543,72.96745057222142,69.81162038772018
CD4T,direct,IRF3,0.6271186440677966,0.47457627118644063,1318.0954507159554,15.639638176987553,9.907302767320234
CD4T,direct,KAT2A,0.8559322033898304,0.9491525423728814,1469.7434925233604,157.04467792614903,155.4813703225395
CD4T,direct,KDM2B,0.5508474576271186,0.864406779661017,1129.5694614753907,29.798452588851646,24.624651878801934
CD4T,direct,KIF1B,0.711864406779661,0.7203389830508475,1172.5508002034894,12.458651518974538,6.811285229692616
CD4T,direct,KLF10,0.5677966101694916,0.5084745762711864,1212.3691536821984,19.724597321644147,13.483078652868969
CD4T,direct,LRPPRC,0.2627118644067796,0.11864406779661019,1586.0760288035558,55.381696088390626,48.3090043471921
CD4T,direct,LZTR1,0.35593220338983056,0.2457627118644068,1591.0755280379594,62.32623957416016,55.77028724958677
CD4T,direct,MAP3K7,0.15254237288135597,0.35593220338983056,2797.5867140291657,14.334534140803385,8.259359031729572
CD4T,direct,MAPKAPK2,0.4491525423728814,0.9491525423728814,1217.5997688494638,13.661776217017135,8.366075938236852
CD4T,direct,MAST2,0.13559322033898302,0.22881355932203384,1452.8818545616637,14.11454326227749,8.00968574439458
CD4T,direct,MAU2,0.9745762711864406,0.6355932203389831,1305.8529048127757,192.63471970286474,186.64603469011934
CD4T,direct,MBTPS1,0.923728813559322,1.0,1796.7211450466266,120.00355105762571,118.89400894950823
CD4T,direct,MED1,0.9152542372881356,0.4067796610169492,1850.405902975796,68.23205169193395,62.446655436667214
CD4T,direct,MED12,0.9576271186440678,0.48305084745762716,2077.9371315579738,34.02550925980458,27.81722175091442
CD4T,direct,MED13,1.0,0.4661016949152542,937.8480211508213,38.67634061227669,32.846402572383866
CD4T,direct,MED13L,0.9661016949152542,0.7203389830508475,1775.170402493376,20.21361963913758,14.375469046459878
CD4T,direct,MED24,0.9152542372881356,0.4152542372881356,1349.7254906451628,130.43685650565038,124.24959495342435
CD4T,direct,METTL14,0.9661016949152542,0.5423728813559322,2709.7121691957545,537.1457992622506,530.4222302305569
CD4T,direct,METTL17,0.22033898305084743,0.11864406779661019,1213.4606634939646,50.51072529218274,42.39760445873569
CD4T,direct,METTL3,0.9745762711864406,0.9322033898305084,4321.447445062296,528.3990350916545,525.7638719721672
CD4T,direct,MKI67,0.6864406779661016,1.0,1200.1847974897291,12.64723080648937,7.68178853039728
CD4T,direct,MTA1,0.6016949152542372,0.14406779661016944,1244.5549108697319,37.4185896872314,30.426109758362266
CD4T,direct,NCK2,0.6949152542372881,0.4152542372881356,1258.854162767675,13.219275422948957,6.581988417391036
CD4T,direct,NDUFB4,0.6610169491525424,0.10169491525423724,1282.112691462939,22.658169962113583,15.92391748590023
CD4T,direct,NDUFB6,0.2033898305084746,0.07627118644067798,1091.7888841330891,22.412343987993367,15.220309520428781
CD4T,direct,NISCH,0.15254237288135597,0.6779661016949152,949.6015507264257,18.609954184729364,12.732734515899292
CD4T,direct,NIT1,0.923728813559322,0.18644067796610164,2026.7458603341286,54.51086706063437,48.147302378947956
CD4T,direct,NRAS,0.07627118644067798,0.5084745762711864,1143.147720707963,14.399536089363021,8.626178311292012
CD4T,direct,OXCT1,0.31355932203389836,0.35593220338983056,1247.3350030996226,56.805040154865644,50.21696889805045
CD4T,direct,PAGR1,0.9745762711864406,0.9152542372881356,1149.8597217957997,19.019557815793533,13.524452636952525
CD4T,direct,PBX1,0.48305084745762716,0.48305084745762716,1021.5291174519359,13.966462895597585,7.800750745183667
CD4T,direct,PHF10,0.5677966101694916,0.15254237288135597,2732.9341645591544,56.17113189930002,48.17169271274442
CD4T,direct,PHF14,0.008474576271186418,0.8813559322033898,1261.7708977462626,20.929812480680006,15.330271512071196
CD4T,direct,PLCB3,0.423728813559322,0.17796610169491522,1053.0948520126067,13.257060884661723,7.074092090044102
CD4T,direct,PMS1,0.43220338983050843,0.211864406779661,1246.822254335586,15.13557769014468,9.407428947572757
CD4T,direct,POLB,0.11864406779661019,0.22881355932203384,1053.1250092510336,15.967791875077479,9.295243756572287
CD4T,direct,PRCP,0.9322033898305084,0.2966101694915254,1111.1871421963115,15.292145135326042,8.870409678130237
CD4T,direct,PRR12,0.8898305084745762,0.27118644067796616,855.4691337850595,34.83424584406919,27.761396524034232
CD4T,direct,PTPN1,0.34745762711864403,0.6864406779661016,1976.2746195423144,11.87620235017105,6.061392983649327
CD4T,direct,RAB3B,0.6949152542372881,0.18644067796610164,1084.7593766404243,12.527265726858394,6.114280479955408
CD4T,direct,RAF1,0.43220338983050843,0.771186440677966,1076.3893242402175,21.692713445546406,16.03821832628783
CD4T,direct,RNF2,0.03389830508474578,0.10169491525423724,1641.1544826229242,86.67249735542839,79.59025307769406
CD4T,direct,RRM1,0.423728813559322,0.364406779661017,2929.9163600515976,17.17234573345412,11.01940845629964
CD4T,direct,SAFB,0.8050847457627118,0.8050847457627118,1511.2096376885193,50.90311795062404,45.71354522202782
CD4T,direct,SIN3B,1.0,0.44067796610169496,1334.3735080784795,212.672336400856,206.4518060436085
CD4T,direct,SIX4,0.2542372881355932,0.6355932203389831,1260.5700039691137,18.694304459506174,12.569903584082397
CD4T,direct,SLC25A3,0.5169491525423728,0.10169491525423724,1111.456492417979,27.1531551770951,19.970082783534505
CD4T,direct,SMAGP,0.8983050847457628,0.423728813559322,1124.8288707046354,39.58868775818416,32.69661702452238
CD4T,direct,SMARCA4,0.38983050847457623,0.9491525423728814,2201.251846324237,484.86993612824966,484.4304872738811
CD4T,direct,SMARCA5,1.0,0.22033898305084743,2303.0291169705165,169.7953587750537,162.61374354814865
CD4T,direct,SOX2,0.7966101694915254,0.1610169491525424,1595.6074811016051,225.0288016550113,216.794226507899
CD4T,direct,SRC,0.8389830508474576,0.35593220338983056,854.2857218272899,16.371917008593446,10.073852301362164
CD4T,direct,SSBP1,0.44067796610169496,0.3728813559322034,1523.6737862243833,35.88487883939926,29.89468066397671
CD4T,direct,STAG2,0.923728813559322,0.4915254237288136,1300.2448842094748,103.88389334306963,97.59358736098605
CD4T,direct,STAT1,0.31355932203389836,0.7372881355932204,1259.1854052048247,13.14832338790347,7.638578273439544
CD4T,direct,STAT6,0.6440677966101696,0.34745762711864403,1199.1816377041541,34.196677186560734,27.68360045018143
CD4T,direct,STX4,0.6271186440677966,0.31355932203389836,1430.4049391636697,19.469303089128065,13.528960806793432
CD4T,direct,SV2A,0.11864406779661019,0.48305084745762716,1801.2484355316753,21.55946134762736,16.015553868989947
CD4T,direct,TADA1,1.0,0.864406779661017,1527.5410454977416,114.24118145315123,109.49723299662573
CD4T,direct,TARBP2,0.6355932203389831,0.35593220338983056,1332.8479775073247,16.479953840547704,10.216975656530703
CD4T,direct,TCF3,0.364406779661017,0.11864406779661019,1346.2196004663426,16.00082000758384,9.213989679186959
CD4T,direct,TET1,0.2966101694915254,0.2033898305084746,1083.9442876408175,22.16306145347317,15.521752657106195
CD4T,direct,TFAM,0.5423728813559322,0.22033898305084743,1246.5914027105418,51.16995785441977,44.972581879196014
CD4T,direct,TGFBR2,0.03389830508474578,0.07627118644067798,1233.424147390455,58.95710141260986,51.8950602888024
CD4T,direct,TMBIM6,0.0847457627118644,0.2033898305084746,1167.6414142246708,14.26699890971044,8.325994733415104
CD4T,direct,TMSB10,0.5,0.8728813559322034,1079.8051041015494,90.87029765110834,87.02789850854882
CD4T,direct,TMSB4X,0.23728813559322037,0.6355932203389831,1140.72284750585,12.365276953734016,6.742777888406805
CD4T,direct,TRAM2,0.7796610169491526,0.06779661016949157,1123.7732106693038,14.987120719988058,8.079439234873547
CD4T,direct,TRAPPC6A,0.07627118644067798,0.8389830508474576,1203.046815694317,54.14858589402861,49.5873407361575
CD4T,direct,TSC22D4,0.3728813559322034,0.7033898305084746,1030.2681563541837,14.817678236475492,9.53530162695704
CD4T,direct,TWF2,0.6271186440677966,0.8813559322033898,876.2830475324846,12.914874611143265,7.383385368631316
CD4T,direct,TXNDC9,0.771186440677966,0.3305084745762712,1233.5649407898677,21.583217961918834,15.602141838709976
CD4T,direct,UBE3C,0.6440677966101696,0.9067796610169492,1079.37783969084,29.708350320598925,24.61961056633454
CD4T,direct,UQCRQ,0.4067796610169492,0.6694915254237288,1678.9385648196612,30.449792310652615,24.750956574071726
CD4T,direct,USP22,0.8559322033898304,0.5508474576271186,1120.156509220074,21.90840768676596,16.075041916998714
CD4T,direct,WSB2,0.9830508474576272,0.6864406779661016,1354.8734948801693,38.55256942308864,33.07173520675026
CD4T,direct,XRCC4,0.0423728813559322,0.6779661016949152,1482.580134531899,31.477156405707575,25.647688014340318
CD4T,direct,ZNF286A,0.8559322033898304,0.5338983050847458,1061.521809594964,12.649572062348657,6.9659576354463875
CD4T,direct,ZNF426,0.05932203389830504,0.44067796610169496,1104.0559545131673,14.423722351769335,8.433872996149372
CD4T,direct,ZNF562,0.8220338983050848,0.27118644067796616,1223.9212966666146,14.922653168376431,8.421431382516431
CD4T,direct,ZNF593,0.864406779661017,0.39830508474576276,1244.5947223650126,21.143546753681747,15.237870214330183
CD4T,direct,ZNF714,0.48305084745762716,0.44067796610169496,1135.870993025684,17.53312651520624,11.302698798313452
CD4T,global_median,ACAT2,0.7796610169491526,0.9152542372881356,990.3618362490123,68.72425678346772,63.823993167303065
CD4T,global_median,ACVR1B,0.11864406779661019,0.008474576271186418,910.5278210379342,20.68136694748383,13.878055231177221
CD4T,global_median,AKT2,0.4576271186440678,0.22881355932203384,885.3804379836972,26.278126106593533,19.92126449010161
CD4T,global_median,ARID1A,0.025423728813559365,0.39830508474576276,1488.6460147705188,56.274553211650804,50.151019074599915
CD4T,global_median,ATM,0.016949152542372836,0.5,709.2151185491098,37.23326245092056,31.214710354574386
CD4T,global_median,ATP1B1,0.8728813559322034,0.864406779661017,741.1857732518238,12.880776413170125,7.103657420279447
CD4T,global_median,BIRC2,0.8559322033898304,0.9576271186440678,847.6124623046575,32.148582835766916,27.575008205006146
CD4T,global_median,C1QBP,0.8389830508474576,0.6864406779661016,974.8545891210085,33.3519532058239,27.246315046403467
CD4T,global_median,CALM3,0.27118644067796616,1.0,782.8725673135607,12.513839824196296,7.668907631249635
CD4T,global_median,CAMSAP2,0.771186440677966,0.4576271186440678,567.7462094204794,12.665646478565733,6.611342316310343
CD4T,global_median,CASP2,0.2796610169491526,0.6101694915254237,711.9916384236477,13.705437374658084,7.571316353042958
CD4T,global_median,CASP3,0.5338983050847458,0.05084745762711862,570.550496991841,101.74486343694795,93.096917428216
CD4T,global_median,CAST,0.6694915254237288,0.016949152542372836,1010.5023740075004,26.126811953783445,19.036779608535355
CD4T,global_median,CDCA2,0.2966101694915254,0.3389830508474576,862.37315570853,17.57380296248305,11.553744821816656
CD4T,global_median,CENPO,0.9661016949152542,0.9745762711864406,844.0502485774444,17.576221008660823,12.712498568271283
CD4T,global_median,CHMP3,0.30508474576271183,0.5084745762711864,2408.151177670415,37.41126510421567,31.048268339340723
CD4T,global_median,CLDN7,0.5932203389830508,0.3389830508474576,962.977330080176,15.850007542894101,9.9111158847012
CD4T,global_median,CREG1,0.7372881355932204,0.05084745762711862,968.0702102914173,13.690558896947618,7.165422732358011
CD4T,global_median,DAXX,0.4067796610169492,0.11864406779661019,1045.5482590998959,23.388210317014124,16.433843420496565
CD4T,global_median,DHCR24,0.39830508474576276,0.6271186440677966,830.1185315784109,20.81226424584701,15.320563005308445
CD4T,global_median,DHX36,0.6271186440677966,0.3305084745762712,1642.1535732342877,269.0209485995772,262.7078528374011
CD4T,global_median,DLG5,0.9152542372881356,0.31355932203389836,1267.8041817475773,32.3818248347648,26.37263871043414
CD4T,global_median,DNMT1,0.8728813559322034,0.6779661016949152,2482.681406234773,312.22997326613483,306.79122207922876
CD4T,global_median,DZIP3,0.5677966101694916,0.8898305084745762,928.9788780913218,12.475892323843393,7.190090262250995
CD4T,global_median,EID2,0.6610169491525424,0.8983050847457628,936.8561773302736,13.080570776418433,7.747696612926591
CD4T,global_median,EIF4B,0.3728813559322034,0.31355932203389836,993.4719730784184,49.785007373543294,43.2144350796261
CD4T,global_median,EWSR1,0.13559322033898302,0.7627118644067796,910.0966051798107,54.975346226984556,49.444539756297004
CD4T,global_median,FOXH1,0.15254237288135597,0.6016949152542372,1109.2741758021655,22.143707879647827,16.447873103770036
CD4T,global_median,GSK3B,0.7033898305084746,0.05932203389830504,898.5462866186041,57.20830825770211,50.51204185568798
CD4T,global_median,HAT1,0.211864406779661,0.9576271186440678,840.8063142621096,20.1456875112981,15.359708088433294
CD4T,global_median,HIRA,0.10169491525423724,0.03389830508474578,1150.6954262785248,26.46993459746193,19.718398906007412
CD4T,global_median,HMGB2,0.5847457627118644,0.48305084745762716,907.7503372266651,24.319349069533253,17.77840860197794
CD4T,global_median,HMGN1,0.47457627118644063,0.8305084745762712,749.2342433528845,14.16781630173195,8.767702876729786
CD4T,global_median,IDE,0.7542372881355932,0.4661016949152542,900.737516139753,11.96613445471269,6.533869203868278
CD4T,global_median,IGF2R,0.576271186440678,0.2033898305084746,783.7381127014088,13.890852078371424,7.79724164125766
CD4T,global_median,IKBKG,0.5593220338983051,0.35593220338983056,2204.8460447547213,20.273592043253977,13.898733510708421
CD4T,global_median,INSIG1,0.2966101694915254,0.9491525423728814,1160.2327834180214,72.96745057222142,69.81162038772018
CD4T,global_median,IRF3,0.5847457627118644,0.47457627118644063,973.5700291121649,15.639638176987553,9.907302767320234
CD4T,global_median,KAT2A,0.8389830508474576,0.9491525423728814,1051.7628259792336,157.04467792614903,155.4813703225395
CD4T,global_median,KDM2B,0.6186440677966102,0.864406779661017,811.1240519803735,29.798452588851646,24.624651878801934
CD4T,global_median,KIF1B,0.6694915254237288,0.7203389830508475,908.0223655616816,12.458651518974538,6.811285229692616
CD4T,global_median,KLF10,0.4661016949152542,0.5084745762711864,899.0468141160361,19.724597321644147,13.483078652868969
CD4T,global_median,LRPPRC,0.15254237288135597,0.11864406779661019,1142.2886012331962,55.381696088390626,48.3090043471921
CD4T,global_median,LZTR1,0.3220338983050848,0.2457627118644068,1278.5083787716294,62.32623957416016,55.77028724958677
CD4T,global_median,MAP3K7,0.18644067796610164,0.35593220338983056,2234.0145303823506,14.334534140803385,8.259359031729572
CD4T,global_median,MAPKAPK2,0.4661016949152542,0.9491525423728814,970.595754575288,13.661776217017135,8.366075938236852
CD4T,global_median,MAST2,0.11864406779661019,0.22881355932203384,1065.6241185469714,14.11454326227749,8.00968574439458
CD4T,global_median,MAU2,0.923728813559322,0.6355932203389831,846.7369400086399,192.63471970286474,186.64603469011934
CD4T,global_median,MBTPS1,0.8050847457627118,1.0,1412.8202574909906,120.00355105762571,118.89400894950823
CD4T,global_median,MED1,0.864406779661017,0.4067796610169492,1437.5277840845226,68.23205169193395,62.446655436667214
CD4T,global_median,MED12,0.940677966101695,0.48305084745762716,1310.7628923409516,34.02550925980458,27.81722175091442
CD4T,global_median,MED13,1.0,0.4661016949152542,692.5546864547345,38.67634061227669,32.846402572383866
CD4T,global_median,MED13L,0.9745762711864406,0.7203389830508475,1352.2642314742957,20.21361963913758,14.375469046459878
CD4T,global_median,MED24,0.8983050847457628,0.4152542372881356,982.2401628934447,130.43685650565038,124.24959495342435
CD4T,global_median,METTL14,0.5,0.5423728813559322,2154.7686787762964,537.1457992622506,530.4222302305569
CD4T,global_median,METTL17,0.13559322033898302,0.11864406779661019,898.2488659852017,50.51072529218274,42.39760445873569
CD4T,global_median,METTL3,0.4576271186440678,0.9322033898305084,1882.8014766341025,528.3990350916545,525.7638719721672
CD4T,global_median,MKI67,0.711864406779661,1.0,871.5597858708379,12.64723080648937,7.68178853039728
CD4T,global_median,MTA1,0.7033898305084746,0.14406779661016944,895.5763156761304,37.4185896872314,30.426109758362266
CD4T,global_median,NCK2,0.6779661016949152,0.4152542372881356,895.1070547290428,13.219275422948957,6.581988417391036
CD4T,global_median,NDUFB4,0.6016949152542372,0.10169491525423724,992.184188912131,22.658169962113583,15.92391748590023
CD4T,global_median,NDUFB6,0.22033898305084743,0.07627118644067798,702.5853892748971,22.412343987993367,15.220309520428781
CD4T,global_median,NISCH,0.15254237288135597,0.6779661016949152,683.0017956207216,18.609954184729364,12.732734515899292
CD4T,global_median,NIT1,0.8898305084745762,0.18644067796610164,1561.5804874492806,54.51086706063437,48.147302378947956
CD4T,global_median,NRAS,0.11864406779661019,0.5084745762711864,696.77549995563,14.399536089363021,8.626178311292012
CD4T,global_median,OXCT1,0.3305084745762712,0.35593220338983056,933.2865170920264,56.805040154865644,50.21696889805045
CD4T,global_median,PAGR1,0.9661016949152542,0.9152542372881356,844.9842038129672,19.019557815793533,13.524452636952525
CD4T,global_median,PBX1,0.4491525423728814,0.48305084745762716,733.0595328736314,13.966462895597585,7.800750745183667
CD4T,global_median,PHF10,0.3220338983050848,0.15254237288135597,2193.5350255964845,56.17113189930002,48.17169271274442
CD4T,global_median,PHF14,0.0,0.8813559322033898,861.4626450137321,20.929812480680006,15.330271512071196
CD4T,global_median,PLCB3,0.5338983050847458,0.17796610169491522,767.5213604649624,13.257060884661723,7.074092090044102
CD4T,global_median,PMS1,0.39830508474576276,0.211864406779661,914.6501430519545,15.13557769014468,9.407428947572757
CD4T,global_median,POLB,0.13559322033898302,0.22881355932203384,741.2134066935905,15.967791875077479,9.295243756572287
CD4T,global_median,PRCP,0.8559322033898304,0.2966101694915254,807.4749932915634,15.292145135326042,8.870409678130237
CD4T,global_median,PRR12,0.7627118644067796,0.27118644067796616,555.5060318453637,34.83424584406919,27.761396524034232
CD4T,global_median,PTPN1,0.4661016949152542,0.6864406779661016,1474.554591976542,11.87620235017105,6.061392983649327
CD4T,global_median,RAB3B,0.711864406779661,0.18644067796610164,785.7494851314709,12.527265726858394,6.114280479955408
CD4T,global_median,RAF1,0.5084745762711864,0.771186440677966,682.7528199091206,21.692713445546406,16.03821832628783
CD4T,global_median,RNF2,0.025423728813559365,0.10169491525423724,1166.081862535536,86.67249735542839,79.59025307769406
CD4T,global_median,RRM1,0.44067796610169496,0.364406779661017,2390.750893113523,17.17234573345412,11.01940845629964
CD4T,global_median,SAFB,0.7542372881355932,0.8050847457627118,1131.0882259410203,50.90311795062404,45.71354522202782
CD4T,global_median,SIN3B,0.9915254237288136,0.44067796610169496,1010.565088761375,212.672336400856,206.4518060436085
CD4T,global_median,SIX4,0.15254237288135597,0.6355932203389831,970.7838870380147,18.694304459506174,12.569903584082397
CD4T,global_median,SLC25A3,0.423728813559322,0.10169491525423724,822.0988511137103,27.1531551770951,19.970082783534505
CD4T,global_median,SMAGP,0.8135593220338984,0.423728813559322,810.7135306399559,39.58868775818416,32.69661702452238
CD4T,global_median,SMARCA4,0.5423728813559322,0.9491525423728814,1704.9610255105804,484.86993612824966,484.4304872738811
CD4T,global_median,SMARCA5,0.9745762711864406,0.22033898305084743,1255.850385470375,169.7953587750537,162.61374354814865
CD4T,global_median,SOX2,0.7966101694915254,0.1610169491525424,1279.3402363703985,225.0288016550113,216.794226507899
CD4T,global_median,SRC,0.8559322033898304,0.35593220338983056,621.3440005887121,16.371917008593446,10.073852301362164
CD4T,global_median,SSBP1,0.39830508474576276,0.3728813559322034,1092.199885270441,35.88487883939926,29.89468066397671
CD4T,global_median,STAG2,0.8898305084745762,0.4915254237288136,925.7607408739818,103.88389334306963,97.59358736098605
CD4T,global_median,STAT1,0.31355932203389836,0.7372881355932204,943.8406425977142,13.14832338790347,7.638578273439544
CD4T,global_median,STAT6,0.6101694915254237,0.34745762711864403,870.3924833338718,34.196677186560734,27.68360045018143
CD4T,global_median,STX4,0.3813559322033898,0.31355932203389836,908.9113762134468,19.469303089128065,13.528960806793432
CD4T,global_median,SV2A,0.15254237288135597,0.48305084745762716,1340.1871786494357,21.55946134762736,16.015553868989947
CD4T,global_median,TADA1,1.0,0.864406779661017,955.6708739341672,114.24118145315123,109.49723299662573
CD4T,global_median,TARBP2,0.47457627118644063,0.35593220338983056,913.5819294145936,16.479953840547704,10.216975656530703
CD4T,global_median,TCF3,0.27118644067796616,0.11864406779661019,992.2476886782391,16.00082000758384,9.213989679186959
CD4T,global_median,TET1,0.2966101694915254,0.2033898305084746,711.287586562383,22.16306145347317,15.521752657106195
CD4T,global_median,TFAM,0.4067796610169492,0.22033898305084743,900.2948146713247,51.16995785441977,44.972581879196014
CD4T,global_median,TGFBR2,0.025423728813559365,0.07627118644067798,915.8151005510888,58.95710141260986,51.8950602888024
CD4T,global_median,TMBIM6,0.06779661016949157,0.2033898305084746,829.8138837536899,14.26699890971044,8.325994733415104
CD4T,global_median,TMSB10,0.6101694915254237,0.8728813559322034,800.1661205074613,90.87029765110834,87.02789850854882
CD4T,global_median,TMSB4X,0.23728813559322037,0.6355932203389831,857.7418340217564,12.365276953734016,6.742777888406805
CD4T,global_median,TRAM2,0.728813559322034,0.06779661016949157,852.4642977681104,14.987120719988058,8.079439234873547
CD4T,global_median,TRAPPC6A,0.05084745762711862,0.8389830508474576,947.1872119302068,54.14858589402861,49.5873407361575
CD4T,global_median,TSC22D4,0.3220338983050848,0.7033898305084746,730.8014931031782,14.817678236475492,9.53530162695704
CD4T,global_median,TWF2,0.771186440677966,0.8813559322033898,632.2000874005821,12.914874611143265,7.383385368631316
CD4T,global_median,TXNDC9,0.6271186440677966,0.3305084745762712,921.6621796660842,21.583217961918834,15.602141838709976
CD4T,global_median,UBE3C,0.6610169491525424,0.9067796610169492,795.4494476665366,29.708350320598925,24.61961056633454
CD4T,global_median,UQCRQ,0.38983050847457623,0.6694915254237288,1256.7354775430904,30.449792310652615,24.750956574071726
CD4T,global_median,USP22,0.8983050847457628,0.5508474576271186,714.7157771003529,21.90840768676596,16.075041916998714
CD4T,global_median,WSB2,0.9745762711864406,0.6864406779661016,947.2550710226487,38.55256942308864,33.07173520675026
CD4T,global_median,XRCC4,0.05084745762711862,0.6779661016949152,1107.7169140987703,31.477156405707575,25.647688014340318
CD4T,global_median,ZNF286A,0.8728813559322034,0.5338983050847458,805.98603529916,12.649572062348657,6.9659576354463875
CD4T,global_median,ZNF426,0.09322033898305082,0.44067796610169496,739.9448881381303,14.423722351769335,8.433872996149372
CD4T,global_median,ZNF562,0.728813559322034,0.27118644067796616,893.3002472662661,14.922653168376431,8.421431382516431
CD4T,global_median,ZNF593,0.771186440677966,0.39830508474576276,941.2752134466921,21.143546753681747,15.237870214330183
CD4T,global_median,ZNF714,0.44067796610169496,0.44067796610169496,881.0272317291551,17.53312651520624,11.302698798313452
CD4T,context_interaction,ACAT2,0.7627118644067796,0.9152542372881356,25561.97067862514,68.72425678346772,63.823993167303065
CD4T,context_interaction,ACVR1B,0.771186440677966,0.008474576271186418,25781.868656983926,20.68136694748383,13.878055231177221
CD4T,context_interaction,AKT2,0.3813559322033898,0.22881355932203384,25823.141489849404,26.278126106593533,19.92126449010161
CD4T,context_interaction,ARID1A,0.8813559322033898,0.39830508474576276,25804.24762967792,56.274553211650804,50.151019074599915
CD4T,context_interaction,ATM,0.4067796610169492,0.5,25147.95946768438,37.23326245092056,31.214710354574386
CD4T,context_interaction,ATP1B1,0.6610169491525424,0.864406779661017,25891.746651276124,12.880776413170125,7.103657420279447
CD4T,context_interaction,BIRC2,0.2542372881355932,0.9576271186440678,25656.407289002775,32.148582835766916,27.575008205006146
CD4T,context_interaction,C1QBP,0.06779661016949157,0.6864406779661016,25895.54258914043,33.3519532058239,27.246315046403467
CD4T,context_interaction,CALM3,0.5338983050847458,1.0,25601.635597104632,12.513839824196296,7.668907631249635
CD4T,context_interaction,CAMSAP2,0.7457627118644068,0.4576271186440678,23253.524635922968,12.665646478565733,6.611342316310343
CD4T,context_interaction,CASP2,0.05932203389830504,0.6101694915254237,25538.145438459105,13.705437374658084,7.571316353042958
CD4T,context_interaction,CASP3,0.07627118644067798,0.05084745762711862,25376.851007817135,101.74486343694795,93.096917428216
CD4T,context_interaction,CAST,0.48305084745762716,0.016949152542372836,25429.17466855841,26.126811953783445,19.036779608535355
CD4T,context_interaction,CDCA2,0.9322033898305084,0.3389830508474576,25579.572376327094,17.57380296248305,11.553744821816656
CD4T,context_interaction,CENPO,0.1610169491525424,0.9745762711864406,25633.836224578008,17.576221008660823,12.712498568271283
CD4T,context_interaction,CHMP3,0.6101694915254237,0.5084745762711864,25736.633623383932,37.41126510421567,31.048268339340723
CD4T,context_interaction,CLDN7,0.4067796610169492,0.3389830508474576,25709.541325512775,15.850007542894101,9.9111158847012
CD4T,context_interaction,CREG1,0.9745762711864406,0.05084745762711862,25705.047960331074,13.690558896947618,7.165422732358011
CD4T,context_interaction,DAXX,0.48305084745762716,0.11864406779661019,25690.023339935273,23.388210317014124,16.433843420496565
CD4T,context_interaction,DHCR24,0.9067796610169492,0.6271186440677966,25470.96511593433,20.81226424584701,15.320563005308445
CD4T,context_interaction,DHX36,0.8559322033898304,0.3305084745762712,25744.134954844372,269.0209485995772,262.7078528374011
CD4T,context_interaction,DLG5,0.5677966101694916,0.31355932203389836,25731.13784388316,32.3818248347648,26.37263871043414
CD4T,context_interaction,DNMT1,0.9830508474576272,0.6779661016949152,25642.737887251205,312.22997326613483,306.79122207922876
CD4T,context_interaction,DZIP3,0.6949152542372881,0.8898305084745762,25933.93413701054,12.475892323843393,7.190090262250995
CD4T,context_interaction,EID2,0.5169491525423728,0.8983050847457628,25825.099107043665,13.080570776418433,7.747696612926591
CD4T,context_interaction,EIF4B,0.44067796610169496,0.31355932203389836,25638.25463971124,49.785007373543294,43.2144350796261
CD4T,context_interaction,EWSR1,0.7966101694915254,0.7627118644067796,25803.423061580383,54.975346226984556,49.444539756297004
CD4T,context_interaction,FOXH1,0.771186440677966,0.6016949152542372,25570.16711348729,22.143707879647827,16.447873103770036
CD4T,context_interaction,GSK3B,0.8898305084745762,0.05932203389830504,25628.56714663735,57.20830825770211,50.51204185568798
CD4T,context_interaction,HAT1,0.652542372881356,0.9576271186440678,25848.900687068948,20.1456875112981,15.359708088433294
CD4T,context_interaction,HIRA,0.6186440677966102,0.03389830508474578,25774.15413773701,26.46993459746193,19.718398906007412
CD4T,context_interaction,HMGB2,0.1694915254237288,0.48305084745762716,25310.172577965735,24.319349069533253,17.77840860197794
CD4T,context_interaction,HMGN1,0.1271186440677966,0.8305084745762712,25634.701596319923,14.16781630173195,8.767702876729786
CD4T,context_interaction,IDE,0.576271186440678,0.4661016949152542,25699.622486536347,11.96613445471269,6.533869203868278
CD4T,context_interaction,IGF2R,0.5338983050847458,0.2033898305084746,25722.772889893327,13.890852078371424,7.79724164125766
CD4T,context_interaction,IKBKG,0.711864406779661,0.35593220338983056,25746.85801476801,20.273592043253977,13.898733510708421
CD4T,context_interaction,INSIG1,0.288135593220339,0.9491525423728814,25673.2925315596,72.96745057222142,69.81162038772018
CD4T,context_interaction,IRF3,0.3305084745762712,0.47457627118644063,25701.045054288086,15.639638176987553,9.907302767320234
CD4T,context_interaction,KAT2A,0.008474576271186418,0.9491525423728814,25946.34349795604,157.04467792614903,155.4813703225395
CD4T,context_interaction,KDM2B,0.43220338983050843,0.864406779661017,25683.57777188111,29.798452588851646,24.624651878801934
CD4T,context_interaction,KIF1B,0.6271186440677966,0.7203389830508475,25544.921268302343,12.458651518974538,6.811285229692616
CD4T,context_interaction,KLF10,0.1610169491525424,0.5084745762711864,25761.052665335428,19.724597321644147,13.483078652868969
CD4T,context_interaction,LRPPRC,0.7203389830508475,0.11864406779661019,25758.242653640566,55.381696088390626,48.3090043471921
CD4T,context_interaction,LZTR1,0.923728813559322,0.2457627118644068,25864.697476513167,62.32623957416016,55.77028724958677
CD4T,context_interaction,MAP3K7,0.22881355932203384,0.35593220338983056,25781.487443560924,14.334534140803385,8.259359031729572
CD4T,context_interaction,MAPKAPK2,0.2796610169491526,0.9491525423728814,25694.433606042538,13.661776217017135,8.366075938236852
CD4T,context_interaction,MAST2,0.8135593220338984,0.22881355932203384,25697.130585757033,14.11454326227749,8.00968574439458
CD4T,context_interaction,MAU2,0.288135593220339,0.6355932203389831,26015.06898336614,192.63471970286474,186.64603469011934
CD4T,context_interaction,MBTPS1,0.4915254237288136,1.0,25790.13325550651,120.00355105762571,118.89400894950823
CD4T,context_interaction,MED1,0.016949152542372836,0.4067796610169492,26076.567634861392,68.23205169193395,62.446655436667214
CD4T,context_interaction,MED12,0.016949152542372836,0.48305084745762716,25665.29445803124,34.02550925980458,27.81722175091442
CD4T,context_interaction,MED13,0.05084745762711862,0.4661016949152542,25206.58534686487,38.67634061227669,32.846402572383866
CD4T,context_interaction,MED13L,0.1271186440677966,0.7203389830508475,25733.485387924826,20.21361963913758,14.375469046459878
CD4T,context_interaction,MED24,0.09322033898305082,0.4152542372881356,25901.84166231982,130.43685650565038,124.24959495342435
CD4T,context_interaction,METTL14,0.9915254237288136,0.5423728813559322,25551.3103893695,537.1457992622506,530.4222302305569
CD4T,context_interaction,METTL17,0.788135593220339,0.11864406779661019,25604.67718452037,50.51072529218274,42.39760445873569
CD4T,context_interaction,METTL3,1.0,0.9322033898305084,25574.29064106341,528.3990350916545,525.7638719721672
CD4T,context_interaction,MKI67,0.5169491525423728,1.0,25690.93080712978,12.64723080648937,7.68178853039728
CD4T,context_interaction,MTA1,0.1271186440677966,0.14406779661016944,25807.26376826762,37.4185896872314,30.426109758362266
CD4T,context_interaction,NCK2,0.864406779661017,0.4152542372881356,25567.120067338903,13.219275422948957,6.581988417391036
CD4T,context_interaction,NDUFB4,0.9067796610169492,0.10169491525423724,25758.230088886863,22.658169962113583,15.92391748590023
CD4T,context_interaction,NDUFB6,0.9491525423728814,0.07627118644067798,25073.21333054875,22.412343987993367,15.220309520428781
CD4T,context_interaction,NISCH,0.6101694915254237,0.6779661016949152,25707.966523309602,18.609954184729364,12.732734515899292
CD4T,context_interaction,NIT1,0.364406779661017,0.18644067796610164,25850.69244777559,54.51086706063437,48.147302378947956
CD4T,context_interaction,NRAS,0.3389830508474576,0.5084745762711864,25792.964022203774,14.399536089363021,8.626178311292012
CD4T,context_interaction,OXCT1,0.7542372881355932,0.35593220338983056,25497.109534503947,56.805040154865644,50.21696889805045
CD4T,context_interaction,PAGR1,0.11864406779661019,0.9152542372881356,25742.560297529224,19.019557815793533,13.524452636952525
CD4T,context_interaction,PBX1,0.288135593220339,0.48305084745762716,22819.035922153933,13.966462895597585,7.800750745183667
CD4T,context_interaction,PHF10,0.4661016949152542,0.15254237288135597,25748.83250909311,56.17113189930002,48.17169271274442
CD4T,context_interaction,PHF14,0.3305084745762712,0.8813559322033898,25591.42260585533,20.929812480680006,15.330271512071196
CD4T,context_interaction,PLCB3,0.22033898305084743,0.17796610169491522,23831.409374598617,13.257060884661723,7.074092090044102
CD4T,context_interaction,PMS1,0.788135593220339,0.211864406779661,25626.588181686133,15.13557769014468,9.407428947572757
CD4T,context_interaction,POLB,0.44067796610169496,0.22881355932203384,25715.596683934513,15.967791875077479,9.295243756572287
CD4T,context_interaction,PRCP,0.5677966101694916,0.2966101694915254,25587.084862620424,15.292145135326042,8.870409678130237
CD4T,context_interaction,PRR12,0.13559322033898302,0.27118644067796616,25307.269133905524,34.83424584406919,27.761396524034232
CD4T,context_interaction,PTPN1,0.6610169491525424,0.6864406779661016,25823.222879835415,11.87620235017105,6.061392983649327
CD4T,context_interaction,RAB3B,0.38983050847457623,0.18644067796610164,25581.503612849487,12.527265726858394,6.114280479955408
CD4T,context_interaction,RAF1,0.30508474576271183,0.771186440677966,25683.30369355139,21.692713445546406,16.03821832628783
CD4T,context_interaction,RNF2,0.6101694915254237,0.10169491525423724,25708.52806697288,86.67249735542839,79.59025307769406
CD4T,context_interaction,RRM1,0.5932203389830508,0.364406779661017,25687.701478750037,17.17234573345412,11.01940845629964
CD4T,context_interaction,SAFB,0.4067796610169492,0.8050847457627118,25949.82472988524,50.90311795062404,45.71354522202782
CD4T,context_interaction,SIN3B,0.940677966101695,0.44067796610169496,25550.20001235282,212.672336400856,206.4518060436085
CD4T,context_interaction,SIX4,0.923728813559322,0.6355932203389831,25679.021976348835,18.694304459506174,12.569903584082397
CD4T,context_interaction,SLC25A3,0.6694915254237288,0.10169491525423724,25671.792648528288,27.1531551770951,19.970082783534505
CD4T,context_interaction,SMAGP,0.847457627118644,0.423728813559322,25682.993159440222,39.58868775818416,32.69661702452238
CD4T,context_interaction,SMARCA4,0.39830508474576276,0.9491525423728814,26241.426322733598,484.86993612824966,484.4304872738811
CD4T,context_interaction,SMARCA5,0.711864406779661,0.22033898305084743,25754.77745682646,169.7953587750537,162.61374354814865
CD4T,context_interaction,SOX2,0.22033898305084743,0.1610169491525424,25924.87426825527,225.0288016550113,216.794226507899
CD4T,context_interaction,SRC,0.211864406779661,0.35593220338983056,18728.469873625945,16.371917008593446,10.073852301362164
CD4T,context_interaction,SSBP1,0.9576271186440678,0.3728813559322034,25700.81749400223,35.88487883939926,29.89468066397671
CD4T,context_interaction,STAG2,0.0847457627118644,0.4915254237288136,25766.991832117586,103.88389334306963,97.59358736098605
CD4T,context_interaction,STAT1,0.35593220338983056,0.7372881355932204,25708.73557098589,13.14832338790347,7.638578273439544
CD4T,context_interaction,STAT6,0.6355932203389831,0.34745762711864403,25821.423925021714,34.196677186560734,27.68360045018143
CD4T,context_interaction,STX4,0.8728813559322034,0.31355932203389836,25468.178597370454,19.469303089128065,13.528960806793432
CD4T,context_interaction,SV2A,0.2796610169491526,0.48305084745762716,25713.488629585983,21.55946134762736,16.015553868989947
CD4T,context_interaction,TADA1,0.0423728813559322,0.864406779661017,26062.68265333323,114.24118145315123,109.49723299662573
CD4T,context_interaction,TARBP2,0.19491525423728817,0.35593220338983056,25743.43212078011,16.479953840547704,10.216975656530703
CD4T,context_interaction,TCF3,0.6779661016949152,0.11864406779661019,25731.62498454316,16.00082000758384,9.213989679186959
CD4T,context_interaction,TET1,0.48305084745762716,0.2033898305084746,24689.349064663125,22.16306145347317,15.521752657106195
CD4T,context_interaction,TFAM,0.8305084745762712,0.22033898305084743,24966.04309723805,51.16995785441977,44.972581879196014
CD4T,context_interaction,TGFBR2,0.48305084745762716,0.07627118644067798,25670.022751250464,58.95710141260986,51.8950602888024
CD4T,context_interaction,TMBIM6,0.2457627118644068,0.2033898305084746,25697.119392601217,14.26699890971044,8.325994733415104
CD4T,context_interaction,TMSB10,0.728813559322034,0.8728813559322034,25728.3845500207,90.87029765110834,87.02789850854882
CD4T,context_interaction,TMSB4X,0.0,0.6355932203389831,25616.14038551595,12.365276953734016,6.742777888406805
CD4T,context_interaction,TRAM2,0.27118644067796616,0.06779661016949157,25649.348277295932,14.987120719988058,8.079439234873547
CD4T,context_interaction,TRAPPC6A,0.8813559322033898,0.8389830508474576,25815.35274485858,54.14858589402861,49.5873407361575
CD4T,context_interaction,TSC22D4,0.4576271186440678,0.7033898305084746,25568.795654306225,14.817678236475492,9.53530162695704
CD4T,context_interaction,TWF2,0.8050847457627118,0.8813559322033898,24982.80722614796,12.914874611143265,7.383385368631316
CD4T,context_interaction,TXNDC9,0.09322033898305082,0.3305084745762712,25647.82288896336,21.583217961918834,15.602141838709976
CD4T,context_interaction,UBE3C,0.17796610169491522,0.9067796610169492,25627.35581591569,29.708350320598925,24.61961056633454
CD4T,context_interaction,UQCRQ,0.9576271186440678,0.6694915254237288,25663.329216679966,30.449792310652615,24.750956574071726
CD4T,context_interaction,USP22,0.0423728813559322,0.5508474576271186,25543.92288234157,21.90840768676596,16.075041916998714
CD4T,context_interaction,WSB2,0.2627118644067796,0.6864406779661016,25672.922910438698,38.55256942308864,33.07173520675026
CD4T,context_interaction,XRCC4,0.34745762711864403,0.6779661016949152,25597.38908230941,31.477156405707575,25.647688014340318
CD4T,context_interaction,ZNF286A,0.7203389830508475,0.5338983050847458,25828.206634830884,12.649572062348657,6.9659576354463875
CD4T,context_interaction,ZNF426,0.22881355932203384,0.44067796610169496,25683.471666241923,14.423722351769335,8.433872996149372
CD4T,context_interaction,ZNF562,0.6864406779661016,0.27118644067796616,25615.095980637663,14.922653168376431,8.421431382516431
CD4T,context_interaction,ZNF593,0.5423728813559322,0.39830508474576276,25822.908900468,21.143546753681747,15.237870214330183
CD4T,context_interaction,ZNF714,0.5677966101694916,0.44067796610169496,25728.346733893755,17.53312651520624,11.302698798313452
HCT116,unchanged,ACAT2,0.8951612903225806,0.8951612903225806,68.72425678346772,68.72425678346772,63.823993167303065
HCT116,unchanged,ACVR1B,0.008064516129032251,0.008064516129032251,20.68136694748383,20.68136694748383,13.878055231177221
HCT116,unchanged,AKT2,0.24193548387096775,0.24193548387096775,26.278126106593533,26.278126106593533,19.92126449010161
HCT116,unchanged,ANTXR1,0.2016129032258065,0.2016129032258065,12.759350373217305,12.759350373217305,6.281648783679424
HCT116,unchanged,ARID1A,0.3870967741935484,0.3870967741935484,56.274553211650804,56.274553211650804,50.151019074599915
HCT116,unchanged,ATM,0.49193548387096775,0.49193548387096775,37.23326245092056,37.23326245092056,31.214710354574386
HCT116,unchanged,ATP1B1,0.8629032258064516,0.8629032258064516,12.880776413170125,12.880776413170125,7.103657420279447
HCT116,unchanged,BIRC2,0.9596774193548387,0.9596774193548387,32.148582835766916,32.148582835766916,27.575008205006146
HCT116,unchanged,C1QBP,0.685483870967742,0.685483870967742,33.3519532058239,33.3519532058239,27.246315046403467
HCT116,unchanged,CALM3,1.0,1.0,12.513839824196296,12.513839824196296,7.668907631249635
HCT116,unchanged,CAMSAP2,0.44354838709677424,0.44354838709677424,12.665646478565733,12.665646478565733,6.611342316310343
HCT116,unchanged,CASP2,0.6370967741935484,0.6370967741935484,13.705437374658084,13.705437374658084,7.571316353042958
HCT116,unchanged,CASP3,0.048387096774193505,0.048387096774193505,101.74486343694795,101.74486343694795,93.096917428216
HCT116,unchanged,CAST,0.016129032258064502,0.016129032258064502,26.126811953783445,26.126811953783445,19.036779608535355
HCT116,unchanged,CDCA2,0.3548387096774194,0.3548387096774194,17.57380296248305,17.57380296248305,11.553744821816656
HCT116,unchanged,CENPO,0.9758064516129032,0.9758064516129032,17.576221008660823,17.576221008660823,12.712498568271283
HCT116,unchanged,CHMP3,0.5080645161290323,0.5080645161290323,37.41126510421567,37.41126510421567,31.048268339340723
HCT116,unchanged,CLDN6,0.16129032258064513,0.16129032258064513,14.216036629063513,14.216036629063513,7.745522345894296
HCT116,unchanged,CLDN7,0.33870967741935487,0.33870967741935487,15.850007542894101,15.850007542894101,9.9111158847012
HCT116,unchanged,CREG1,0.056451612903225756,0.056451612903225756,13.690558896947618,13.690558896947618,7.165422732358011
HCT116,unchanged,DAXX,0.12903225806451613,0.12903225806451613,23.388210317014124,23.388210317014124,16.433843420496565
HCT116,unchanged,DHCR24,0.6451612903225806,0.6451612903225806,20.81226424584701,20.81226424584701,15.320563005308445
HCT116,unchanged,DHX36,0.3467741935483871,0.3467741935483871,269.0209485995772,269.0209485995772,262.7078528374011
HCT116,unchanged,DLG5,0.3306451612903226,0.3306451612903226,32.3818248347648,32.3818248347648,26.37263871043414
HCT116,unchanged,DNMT1,0.6612903225806452,0.6612903225806452,312.22997326613483,312.22997326613483,306.79122207922876
HCT116,unchanged,DZIP3,0.8709677419354839,0.8709677419354839,12.475892323843393,12.475892323843393,7.190090262250995
HCT116,unchanged,EID2,0.9032258064516129,0.9032258064516129,13.080570776418433,13.080570776418433,7.747696612926591
HCT116,unchanged,EIF4B,0.30645161290322576,0.30645161290322576,49.785007373543294,49.785007373543294,43.2144350796261
HCT116,unchanged,EWSR1,0.7741935483870968,0.7741935483870968,54.975346226984556,54.975346226984556,49.444539756297004
HCT116,unchanged,FOXH1,0.5806451612903225,0.5806451612903225,22.143707879647827,22.143707879647827,16.447873103770036
HCT116,unchanged,GSK3B,0.056451612903225756,0.056451612903225756,57.20830825770211,57.20830825770211,50.51204185568798
HCT116,unchanged,HAT1,0.9596774193548387,0.9596774193548387,20.1456875112981,20.1456875112981,15.359708088433294
HCT116,unchanged,HIRA,0.040322580645161255,0.040322580645161255,26.46993459746193,26.46993459746193,19.718398906007412
HCT116,unchanged,HMGB2,0.467741935483871,0.467741935483871,24.319349069533253,24.319349069533253,17.77840860197794
HCT116,unchanged,HMGN1,0.8387096774193549,0.8387096774193549,14.16781630173195,14.16781630173195,8.767702876729786
HCT116,unchanged,IDE,0.5,0.5,11.96613445471269,11.96613445471269,6.533869203868278
HCT116,unchanged,IGF2R,0.18548387096774188,0.18548387096774188,13.890852078371424,13.890852078371424,7.79724164125766
HCT116,unchanged,IKBKG,0.3467741935483871,0.3467741935483871,20.273592043253977,20.273592043253977,13.898733510708421
HCT116,unchanged,INSIG1,0.935483870967742,0.935483870967742,72.96745057222142,72.96745057222142,69.81162038772018
HCT116,unchanged,IRF3,0.45967741935483875,0.45967741935483875,15.639638176987553,15.639638176987553,9.907302767320234
HCT116,unchanged,KAT2A,0.9435483870967742,0.9435483870967742,157.04467792614903,157.04467792614903,155.4813703225395
HCT116,unchanged,KDM2B,0.8709677419354839,0.8709677419354839,29.798452588851646,29.798452588851646,24.624651878801934
HCT116,unchanged,KDR,0.935483870967742,0.935483870967742,15.87806002195816,15.87806002195816,10.33903276139317
HCT116,unchanged,KIF1B,0.717741935483871,0.717741935483871,12.458651518974538,12.458651518974538,6.811285229692616
HCT116,unchanged,KLF10,0.5,0.5,19.724597321644147,19.724597321644147,13.483078652868969
HCT116,unchanged,LAD1,0.814516129032258,0.814516129032258,11.736799537477,11.736799537477,5.997040754115741
HCT116,unchanged,LRPPRC,0.11290322580645162,0.11290322580645162,55.381696088390626,55.381696088390626,48.3090043471921
HCT116,unchanged,LZTR1,0.2338709677419355,0.2338709677419355,62.32623957416016,62.32623957416016,55.77028724958677
HCT116,unchanged,MAP1B,0.6048387096774194,0.6048387096774194,12.991007844025008,12.991007844025008,7.389600224473633
HCT116,unchanged,MAP3K7,0.3306451612903226,0.3306451612903226,14.334534140803385,14.334534140803385,8.259359031729572
HCT116,unchanged,MAPKAPK2,0.9435483870967742,0.9435483870967742,13.661776217017135,13.661776217017135,8.366075938236852
HCT116,unchanged,MAST2,0.217741935483871,0.217741935483871,14.11454326227749,14.11454326227749,8.00968574439458
HCT116,unchanged,MAU2,0.6129032258064516,0.6129032258064516,192.63471970286474,192.63471970286474,186.64603469011934
HCT116,unchanged,MBTPS1,1.0,1.0,120.00355105762571,120.00355105762571,118.89400894950823
HCT116,unchanged,MED1,0.3951612903225806,0.3951612903225806,68.23205169193395,68.23205169193395,62.446655436667214
HCT116,unchanged,MED12,0.49193548387096775,0.49193548387096775,34.02550925980458,34.02550925980458,27.81722175091442
HCT116,unchanged,MED13,0.47580645161290325,0.47580645161290325,38.67634061227669,38.67634061227669,32.846402572383866
HCT116,unchanged,MED13L,0.7096774193548387,0.7096774193548387,20.21361963913758,20.21361963913758,14.375469046459878
HCT116,unchanged,MED24,0.42741935483870963,0.42741935483870963,130.43685650565038,130.43685650565038,124.24959495342435
HCT116,unchanged,METTL14,0.5403225806451613,0.5403225806451613,537.1457992622506,537.1457992622506,530.4222302305569
HCT116,unchanged,METTL17,0.12096774193548387,0.12096774193548387,50.51072529218274,50.51072529218274,42.39760445873569
HCT116,unchanged,METTL3,0.935483870967742,0.935483870967742,528.3990350916545,528.3990350916545,525.7638719721672
HCT116,unchanged,MKI67,1.0,1.0,12.64723080648937,12.64723080648937,7.68178853039728
HCT116,unchanged,MTA1,0.16129032258064513,0.16129032258064513,37.4185896872314,37.4185896872314,30.426109758362266
HCT116,unchanged,NCK2,0.4193548387096774,0.4193548387096774,13.219275422948957,13.219275422948957,6.581988417391036
HCT116,unchanged,NDUFB4,0.09677419354838712,0.09677419354838712,22.658169962113583,22.658169962113583,15.92391748590023
HCT116,unchanged,NDUFB6,0.08064516129032262,0.08064516129032262,22.412343987993367,22.412343987993367,15.220309520428781
HCT116,unchanged,NISCH,0.6451612903225806,0.6451612903225806,18.609954184729364,18.609954184729364,12.732734515899292
HCT116,unchanged,NIT1,0.18548387096774188,0.18548387096774188,54.51086706063437,54.51086706063437,48.147302378947956
HCT116,unchanged,NRAS,0.5080645161290323,0.5080645161290323,14.399536089363021,14.399536089363021,8.626178311292012
HCT116,unchanged,OXCT1,0.3145161290322581,0.3145161290322581,56.805040154865644,56.805040154865644,50.21696889805045
HCT116,unchanged,PAGR1,0.9112903225806451,0.9112903225806451,19.019557815793533,19.019557815793533,13.524452636952525
HCT116,unchanged,PBX1,0.47580645161290325,0.47580645161290325,13.966462895597585,13.966462895597585,7.800750745183667
HCT116,unchanged,PHF10,0.15322580645161288,0.15322580645161288,56.17113189930002,56.17113189930002,48.17169271274442
HCT116,unchanged,PHF14,0.8709677419354839,0.8709677419354839,20.929812480680006,20.929812480680006,15.330271512071196
HCT116,unchanged,PLCB3,0.17741935483870963,0.17741935483870963,13.257060884661723,13.257060884661723,7.074092090044102
HCT116,unchanged,PMS1,0.2016129032258065,0.2016129032258065,15.13557769014468,15.13557769014468,9.407428947572757
HCT116,unchanged,POLB,0.217741935483871,0.217741935483871,15.967791875077479,15.967791875077479,9.295243756572287
HCT116,unchanged,PRCP,0.29032258064516125,0.29032258064516125,15.292145135326042,15.292145135326042,8.870409678130237
HCT116,unchanged,PRR12,0.282258064516129,0.282258064516129,34.83424584406919,34.83424584406919,27.761396524034232
HCT116,unchanged,PTPN1,0.7016129032258065,0.7016129032258065,11.87620235017105,11.87620235017105,6.061392983649327
HCT116,unchanged,RAB3B,0.17741935483870963,0.17741935483870963,12.527265726858394,12.527265726858394,6.114280479955408
HCT116,unchanged,RAF1,0.7741935483870968,0.7741935483870968,21.692713445546406,21.692713445546406,16.03821832628783
HCT116,unchanged,RNF2,0.09677419354838712,0.09677419354838712,86.67249735542839,86.67249735542839,79.59025307769406
HCT116,unchanged,RRM1,0.3790322580645161,0.3790322580645161,17.17234573345412,17.17234573345412,11.01940845629964
HCT116,unchanged,SAFB,0.8064516129032258,0.8064516129032258,50.90311795062404,50.90311795062404,45.71354522202782
HCT116,unchanged,SIN3B,0.4354838709677419,0.4354838709677419,212.672336400856,212.672336400856,206.4518060436085
HCT116,unchanged,SIX4,0.6532258064516129,0.6532258064516129,18.694304459506174,18.694304459506174,12.569903584082397
HCT116,unchanged,SLC25A3,0.09677419354838712,0.09677419354838712,27.1531551770951,27.1531551770951,19.970082783534505
HCT116,unchanged,SMAGP,0.41129032258064513,0.41129032258064513,39.58868775818416,39.58868775818416,32.69661702452238
HCT116,unchanged,SMARCA4,0.9516129032258065,0.9516129032258065,484.86993612824966,484.86993612824966,484.4304872738811
HCT116,unchanged,SMARCA5,0.217741935483871,0.217741935483871,169.7953587750537,169.7953587750537,162.61374354814865
HCT116,unchanged,SOX2,0.15322580645161288,0.15322580645161288,225.0288016550113,225.0288016550113,216.794226507899
HCT116,unchanged,SRC,0.3709677419354839,0.3709677419354839,16.371917008593446,16.371917008593446,10.073852301362164
HCT116,unchanged,SSBP1,0.3629032258064516,0.3629032258064516,35.88487883939926,35.88487883939926,29.89468066397671
HCT116,unchanged,STAG2,0.5080645161290323,0.5080645161290323,103.88389334306963,103.88389334306963,97.59358736098605
HCT116,unchanged,STAT1,0.75,0.75,13.14832338790347,13.14832338790347,7.638578273439544
HCT116,unchanged,STAT6,0.3467741935483871,0.3467741935483871,34.196677186560734,34.196677186560734,27.68360045018143
HCT116,unchanged,STX4,0.3145161290322581,0.3145161290322581,19.469303089128065,19.469303089128065,13.528960806793432
HCT116,unchanged,SV2A,0.5,0.5,21.55946134762736,21.55946134762736,16.015553868989947
HCT116,unchanged,TADA1,0.8548387096774194,0.8548387096774194,114.24118145315123,114.24118145315123,109.49723299662573
HCT116,unchanged,TARBP2,0.33870967741935487,0.33870967741935487,16.479953840547704,16.479953840547704,10.216975656530703
HCT116,unchanged,TCF3,0.11290322580645162,0.11290322580645162,16.00082000758384,16.00082000758384,9.213989679186959
HCT116,unchanged,TET1,0.2016129032258065,0.2016129032258065,22.16306145347317,22.16306145347317,15.521752657106195
HCT116,unchanged,TFAM,0.22580645161290325,0.22580645161290325,51.16995785441977,51.16995785441977,44.972581879196014
HCT116,unchanged,TGFBR2,0.07258064516129037,0.07258064516129037,58.95710141260986,58.95710141260986,51.8950602888024
HCT116,unchanged,TMBIM6,0.19354838709677424,0.19354838709677424,14.26699890971044,14.26699890971044,8.325994733415104
HCT116,unchanged,TMSB10,0.8790322580645161,0.8790322580645161,90.87029765110834,90.87029765110834,87.02789850854882
HCT116,unchanged,TMSB4X,0.6129032258064516,0.6129032258064516,12.365276953734016,12.365276953734016,6.742777888406805
HCT116,unchanged,TRAM2,0.06451612903225812,0.06451612903225812,14.987120719988058,14.987120719988058,8.079439234873547
HCT116,unchanged,TRAPPC6A,0.8467741935483871,0.8467741935483871,54.14858589402861,54.14858589402861,49.5873407361575
HCT116,unchanged,TSC22D4,0.717741935483871,0.717741935483871,14.817678236475492,14.817678236475492,9.53530162695704
HCT116,unchanged,TWF2,0.8790322580645161,0.8790322580645161,12.914874611143265,12.914874611143265,7.383385368631316
HCT116,unchanged,TXNDC9,0.32258064516129037,0.32258064516129037,21.583217961918834,21.583217961918834,15.602141838709976
HCT116,unchanged,UBE3C,0.9112903225806451,0.9112903225806451,29.708350320598925,29.708350320598925,24.61961056633454
HCT116,unchanged,UQCRQ,0.6612903225806452,0.6612903225806452,30.449792310652615,30.449792310652615,24.750956574071726
HCT116,unchanged,USP22,0.5403225806451613,0.5403225806451613,21.90840768676596,21.90840768676596,16.075041916998714
HCT116,unchanged,WFS1,0.30645161290322576,0.30645161290322576,13.366927099946544,13.366927099946544,7.250599235861278
HCT116,unchanged,WSB2,0.6693548387096775,0.6693548387096775,38.55256942308864,38.55256942308864,33.07173520675026
HCT116,unchanged,XRCC4,0.6774193548387097,0.6774193548387097,31.477156405707575,31.477156405707575,25.647688014340318
HCT116,unchanged,ZNF286A,0.532258064516129,0.532258064516129,12.649572062348657,12.649572062348657,6.9659576354463875
HCT116,unchanged,ZNF426,0.4354838709677419,0.4354838709677419,14.423722351769335,14.423722351769335,8.433872996149372
HCT116,unchanged,ZNF562,0.25,0.25,14.922653168376431,14.922653168376431,8.421431382516431
HCT116,unchanged,ZNF593,0.3790322580645161,0.3790322580645161,21.143546753681747,21.143546753681747,15.237870214330183
HCT116,unchanged,ZNF714,0.44354838709677424,0.44354838709677424,17.53312651520624,17.53312651520624,11.302698798313452
HCT116,direct,ACAT2,0.8951612903225806,0.8951612903225806,1378.151205785235,68.72425678346772,63.823993167303065
HCT116,direct,ACVR1B,0.18548387096774188,0.008064516129032251,1314.983081053526,20.68136694748383,13.878055231177221
HCT116,direct,AKT2,0.7580645161290323,0.24193548387096775,1477.422926173998,26.278126106593533,19.92126449010161
HCT116,direct,ANTXR1,0.32258064516129037,0.2016129032258065,1083.4097803275129,12.759350373217305,6.281648783679424
HCT116,direct,ARID1A,0.032258064516129004,0.3870967741935484,2187.3270082976187,56.274553211650804,50.151019074599915
HCT116,direct,ATM,0.0,0.49193548387096775,2638.5087669348654,37.23326245092056,31.214710354574386
HCT116,direct,ATP1B1,0.9032258064516129,0.8629032258064516,1520.0916922186648,12.880776413170125,7.103657420279447
HCT116,direct,BIRC2,0.782258064516129,0.9596774193548387,1574.2039608895855,32.148582835766916,27.575008205006146
HCT116,direct,C1QBP,0.8790322580645161,0.685483870967742,1290.3949680259454,33.3519532058239,27.246315046403467
HCT116,direct,CALM3,0.217741935483871,1.0,1848.142091870597,12.513839824196296,7.668907631249635
HCT116,direct,CAMSAP2,0.6774193548387097,0.44354838709677424,1555.3400506775206,12.665646478565733,6.611342316310343
HCT116,direct,CASP2,0.2983870967741935,0.6370967741935484,953.8773998006205,13.705437374658084,7.571316353042958
HCT116,direct,CASP3,0.5967741935483871,0.048387096774193505,993.9817680130967,101.74486343694795,93.096917428216
HCT116,direct,CAST,0.42741935483870963,0.016129032258064502,1386.452280238403,26.126811953783445,19.036779608535355
HCT116,direct,CDCA2,0.564516129032258,0.3548387096774194,1643.244117965798,17.57380296248305,11.553744821816656
HCT116,direct,CENPO,0.9435483870967742,0.9758064516129032,1358.1450314668662,17.576221008660823,12.712498568271283
HCT116,direct,CHMP3,0.41129032258064513,0.5080645161290323,1574.98285188631,37.41126510421567,31.048268339340723
HCT116,direct,CLDN6,0.25,0.16129032258064513,12419.888075265453,14.216036629063513,7.745522345894296
HCT116,direct,CLDN7,0.7903225806451613,0.33870967741935487,1145.8518083880404,15.850007542894101,9.9111158847012
HCT116,direct,CREG1,0.7580645161290323,0.056451612903225756,1342.7998802901645,13.690558896947618,7.165422732358011
HCT116,direct,DAXX,0.5483870967741935,0.12903225806451613,1095.1704882834229,23.388210317014124,16.433843420496565
HCT116,direct,DHCR24,0.5,0.6451612903225806,1231.9120209722932,20.81226424584701,15.320563005308445
HCT116,direct,DHX36,0.6290322580645161,0.3467741935483871,1626.0240805571736,269.0209485995772,262.7078528374011
HCT116,direct,DLG5,0.8951612903225806,0.3306451612903226,1506.6203992376295,32.3818248347648,26.37263871043414
HCT116,direct,DNMT1,1.0,0.6612903225806452,10439.112106866049,312.22997326613483,306.79122207922876
HCT116,direct,DZIP3,0.6048387096774194,0.8709677419354839,1216.0212265563364,12.475892323843393,7.190090262250995
HCT116,direct,EID2,0.7016129032258065,0.9032258064516129,1397.808170314077,13.080570776418433,7.747696612926591
HCT116,direct,EIF4B,0.7419354838709677,0.30645161290322576,1603.0471779119016,49.785007373543294,43.2144350796261
HCT116,direct,EWSR1,0.12903225806451613,0.7741935483870968,1637.8938812922531,54.975346226984556,49.444539756297004
HCT116,direct,FOXH1,0.09677419354838712,0.5806451612903225,1275.7953888182458,22.143707879647827,16.447873103770036
HCT116,direct,GSK3B,0.9274193548387096,0.056451612903225756,1256.9337656171228,57.20830825770211,50.51204185568798
HCT116,direct,HAT1,0.3709677419354839,0.9596774193548387,1420.7906775901138,20.1456875112981,15.359708088433294
HCT116,direct,HIRA,0.10483870967741937,0.040322580645161255,1541.3297982717913,26.46993459746193,19.718398906007412
HCT116,direct,HMGB2,0.8306451612903226,0.467741935483871,1332.075131057149,24.319349069533253,17.77840860197794
HCT116,direct,HMGN1,0.3870967741935484,0.8387096774193549,1473.2609443095093,14.16781630173195,8.767702876729786
HCT116,direct,IDE,0.7983870967741935,0.5,1328.2886400829063,11.96613445471269,6.533869203868278
HCT116,direct,IGF2R,0.8225806451612903,0.18548387096774188,1643.0867663431673,13.890852078371424,7.79724164125766
HCT116,direct,IKBKG,0.4838709677419355,0.3467741935483871,1295.355475645565,20.273592043253977,13.898733510708421
HCT116,direct,INSIG1,0.16129032258064513,0.935483870967742,1523.3944828431954,72.96745057222142,69.81162038772018
HCT116,direct,IRF3,0.6935483870967742,0.45967741935483875,1514.407590723652,15.639638176987553,9.907302767320234
HCT116,direct,KAT2A,0.9919354838709677,0.9435483870967742,1362.032008461258,157.04467792614903,155.4813703225395
HCT116,direct,KDM2B,0.6048387096774194,0.8709677419354839,1132.8094121116656,29.798452588851646,24.624651878801934
HCT116,direct,KDR,0.685483870967742,0.935483870967742,1451.0483047383705,15.87806002195816,10.33903276139317
HCT116,direct,KIF1B,0.6532258064516129,0.717741935483871,1191.6057016906236,12.458651518974538,6.811285229692616
HCT116,direct,KLF10,0.3790322580645161,0.5,1227.921032520413,19.724597321644147,13.483078652868969
HCT116,direct,LAD1,0.3548387096774194,0.814516129032258,1196.0210066574198,11.736799537477,5.997040754115741
HCT116,direct,LRPPRC,0.5080645161290323,0.11290322580645162,1892.0913713519458,55.381696088390626,48.3090043471921
HCT116,direct,LZTR1,0.6774193548387097,0.2338709677419355,1480.3330291286404,62.32623957416016,55.77028724958677
HCT116,direct,MAP1B,0.17741935483870963,0.6048387096774194,1657.9490401016549,12.991007844025008,7.389600224473633
HCT116,direct,MAP3K7,0.25,0.3306451612903226,1548.2544254329903,14.334534140803385,8.259359031729572
HCT116,direct,MAPKAPK2,0.3145161290322581,0.9435483870967742,2336.472270844809,13.661776217017135,8.366075938236852
HCT116,direct,MAST2,0.33870967741935487,0.217741935483871,1685.5625062235617,14.11454326227749,8.00968574439458
HCT116,direct,MAU2,0.9838709677419355,0.6129032258064516,1441.470263237451,192.63471970286474,186.64603469011934
HCT116,direct,MBTPS1,0.6451612903225806,1.0,3725.86961446438,120.00355105762571,118.89400894950823
HCT116,direct,MED1,0.9193548387096774,0.3951612903225806,1419.8444214945778,68.23205169193395,62.446655436667214
HCT116,direct,MED12,0.9758064516129032,0.49193548387096775,1922.2281908207283,34.02550925980458,27.81722175091442
HCT116,direct,MED13,1.0,0.47580645161290325,1259.9198621938804,38.67634061227669,32.846402572383866
HCT116,direct,MED13L,0.9596774193548387,0.7096774193548387,1262.0329144182197,20.21361963913758,14.375469046459878
HCT116,direct,MED24,0.9516129032258065,0.42741935483870963,1472.1150351115316,130.43685650565038,124.24959495342435
HCT116,direct,METTL14,0.9516129032258065,0.5403225806451613,1763.9815035437282,537.1457992622506,530.4222302305569
HCT116,direct,METTL17,0.32258064516129037,0.12096774193548387,1577.6802238079513,50.51072529218274,42.39760445873569
HCT116,direct,METTL3,0.9596774193548387,0.935483870967742,2197.6880816065773,528.3990350916545,525.7638719721672
HCT116,direct,MKI67,0.7016129032258065,1.0,2276.1521126644784,12.64723080648937,7.68178853039728
HCT116,direct,MTA1,0.9274193548387096,0.16129032258064513,1249.2854766695145,37.4185896872314,30.426109758362266
HCT116,direct,NCK2,0.5806451612903225,0.4193548387096774,1121.0657353548786,13.219275422948957,6.581988417391036
HCT116,direct,NDUFB4,0.6451612903225806,0.09677419354838712,1578.5378795776232,22.658169962113583,15.92391748590023
HCT116,direct,NDUFB6,0.4354838709677419,0.08064516129032262,1361.1188692980068,22.412343987993367,15.220309520428781
HCT116,direct,NISCH,0.5241935483870968,0.6451612903225806,1640.9576611045193,18.609954184729364,12.732734515899292
HCT116,direct,NIT1,0.7096774193548387,0.18548387096774188,1189.5837824059363,54.51086706063437,48.147302378947956
HCT116,direct,NRAS,0.24193548387096775,0.5080645161290323,1714.345453343601,14.399536089363021,8.626178311292012
HCT116,direct,OXCT1,0.8387096774193549,0.3145161290322581,1612.4019004485294,56.805040154865644,50.21696889805045
HCT116,direct,PAGR1,0.9193548387096774,0.9112903225806451,1622.0720938854283,19.019557815793533,13.524452636952525
HCT116,direct,PBX1,0.15322580645161288,0.47580645161290325,1392.3676475783436,13.966462895597585,7.800750745183667
HCT116,direct,PHF10,0.41129032258064513,0.15322580645161288,1694.8654750236817,56.17113189930002,48.17169271274442
HCT116,direct,PHF14,0.024193548387096753,0.8709677419354839,1252.1330487124158,20.929812480680006,15.330271512071196
HCT116,direct,PLCB3,0.3951612903225806,0.17741935483870963,7253.377050639741,13.257060884661723,7.074092090044102
HCT116,direct,PMS1,0.19354838709677424,0.2016129032258065,1413.4260163224824,15.13557769014468,9.407428947572757
HCT116,direct,POLB,0.048387096774193505,0.217741935483871,1071.025024615975,15.967791875077479,9.295243756572287
HCT116,direct,PRCP,0.7258064516129032,0.29032258064516125,962.8032072239738,15.292145135326042,8.870409678130237
HCT116,direct,PRR12,0.8306451612903226,0.282258064516129,1245.9327567255937,34.83424584406919,27.761396524034232
HCT116,direct,PTPN1,0.42741935483870963,0.7016129032258065,1693.3523647409947,11.87620235017105,6.061392983649327
HCT116,direct,RAB3B,0.5564516129032258,0.17741935483870963,6261.624031733683,12.527265726858394,6.114280479955408
HCT116,direct,RAF1,0.5887096774193548,0.7741935483870968,1923.4962896356783,21.692713445546406,16.03821832628783
HCT116,direct,RNF2,0.25,0.09677419354838712,1287.645472130021,86.67249735542839,79.59025307769406
HCT116,direct,RRM1,0.6290322580645161,0.3790322580645161,2401.406598951183,17.17234573345412,11.01940845629964
HCT116,direct,SAFB,0.935483870967742,0.8064516129032258,1222.5970585295213,50.90311795062404,45.71354522202782
HCT116,direct,SIN3B,1.0,0.4354838709677419,1648.3371839255,212.672336400856,206.4518060436085
HCT116,direct,SIX4,0.24193548387096775,0.6532258064516129,1161.4650591334375,18.694304459506174,12.569903584082397
HCT116,direct,SLC25A3,0.4516129032258065,0.09677419354838712,1157.919861438554,27.1531551770951,19.970082783534505
HCT116,direct,SMAGP,0.7580645161290323,0.41129032258064513,1346.7371121151923,39.58868775818416,32.69661702452238
HCT116,direct,SMARCA4,0.8709677419354839,0.9516129032258065,2048.7671715208144,484.86993612824966,484.4304872738811
HCT116,direct,SMARCA5,1.0,0.217741935483871,1214.7982719504168,169.7953587750537,162.61374354814865
HCT116,direct,SOX2,0.9516129032258065,0.15322580645161288,1853.6946613394275,225.0288016550113,216.794226507899
HCT116,direct,SRC,0.8629032258064516,0.3709677419354839,1211.3102973109303,16.371917008593446,10.073852301362164
HCT116,direct,SSBP1,0.6774193548387097,0.3629032258064516,1457.8874525850297,35.88487883939926,29.89468066397671
HCT116,direct,STAG2,0.9193548387096774,0.5080645161290323,1387.2353715839815,103.88389334306963,97.59358736098605
HCT116,direct,STAT1,0.6129032258064516,0.75,1081.3938077319176,13.14832338790347,7.638578273439544
HCT116,direct,STAT6,0.5241935483870968,0.3467741935483871,1184.536510529817,34.196677186560734,27.68360045018143
HCT116,direct,STX4,0.27419354838709675,0.3145161290322581,1065.3749620032995,19.469303089128065,13.528960806793432
HCT116,direct,SV2A,0.4838709677419355,0.5,1820.1124251667586,21.55946134762736,16.015553868989947
HCT116,direct,TADA1,1.0,0.8548387096774194,1507.9566727961424,114.24118145315123,109.49723299662573
HCT116,direct,TARBP2,0.532258064516129,0.33870967741935487,1140.150131301979,16.479953840547704,10.216975656530703
HCT116,direct,TCF3,0.217741935483871,0.11290322580645162,1393.9387099997398,16.00082000758384,9.213989679186959
HCT116,direct,TET1,0.32258064516129037,0.2016129032258065,1260.2319455455583,22.16306145347317,15.521752657106195
HCT116,direct,TFAM,0.4516129032258065,0.22580645161290325,1532.1977524984832,51.16995785441977,44.972581879196014
HCT116,direct,TGFBR2,0.07258064516129037,0.07258064516129037,1333.016569996159,58.95710141260986,51.8950602888024
HCT116,direct,TMBIM6,0.10483870967741937,0.19354838709677424,3770.6658887339127,14.26699890971044,8.325994733415104
HCT116,direct,TMSB10,0.9112903225806451,0.8790322580645161,1613.4104084514915,90.87029765110834,87.02789850854882
HCT116,direct,TMSB4X,0.15322580645161288,0.6129032258064516,1101.5014261020924,12.365276953734016,6.742777888406805
HCT116,direct,TRAM2,0.7096774193548387,0.06451612903225812,1206.39862385411,14.987120719988058,8.079439234873547
HCT116,direct,TRAPPC6A,0.3870967741935484,0.8467741935483871,1206.8122591262088,54.14858589402861,49.5873407361575
HCT116,direct,TSC22D4,0.29032258064516125,0.717741935483871,1575.9730806371206,14.817678236475492,9.53530162695704
HCT116,direct,TWF2,0.8467741935483871,0.8790322580645161,1592.1402303175478,12.914874611143265,7.383385368631316
HCT116,direct,TXNDC9,0.7983870967741935,0.32258064516129037,1587.8360725781718,21.583217961918834,15.602141838709976
HCT116,direct,UBE3C,0.8225806451612903,0.9112903225806451,1471.377077174907,29.708350320598925,24.61961056633454
HCT116,direct,UQCRQ,0.5,0.6612903225806452,1205.2306754313706,30.449792310652615,24.750956574071726
HCT116,direct,USP22,0.9516129032258065,0.5403225806451613,1590.6624503508006,21.90840768676596,16.075041916998714
HCT116,direct,WFS1,0.2338709677419355,0.30645161290322576,1320.8359928419686,13.366927099946544,7.250599235861278
HCT116,direct,WSB2,0.9032258064516129,0.6693548387096775,1529.4216439326287,38.55256942308864,33.07173520675026
HCT116,direct,XRCC4,0.08064516129032262,0.6774193548387097,1159.4292561296436,31.477156405707575,25.647688014340318
HCT116,direct,ZNF286A,0.5806451612903225,0.532258064516129,1223.3346472868766,12.649572062348657,6.9659576354463875
HCT116,direct,ZNF426,0.032258064516129004,0.4354838709677419,1314.9128143778034,14.423722351769335,8.433872996149372
HCT116,direct,ZNF562,0.8951612903225806,0.25,1112.5602617648929,14.922653168376431,8.421431382516431
HCT116,direct,ZNF593,0.9596774193548387,0.3790322580645161,1693.0594792705188,21.143546753681747,15.237870214330183
HCT116,direct,ZNF714,0.8548387096774194,0.44354838709677424,1286.6105986245561,17.53312651520624,11.302698798313452
HCT116,global_median,ACAT2,0.6209677419354839,0.8951612903225806,1040.6193538697885,68.72425678346772,63.823993167303065
HCT116,global_median,ACVR1B,0.17741935483870963,0.008064516129032251,936.1328837525255,20.68136694748383,13.878055231177221
HCT116,global_median,AKT2,0.5887096774193548,0.24193548387096775,1077.5064218409743,26.278126106593533,19.92126449010161
HCT116,global_median,ANTXR1,0.44354838709677424,0.2016129032258065,805.3868643842436,12.759350373217305,6.281648783679424
HCT116,global_median,ARID1A,0.016129032258064502,0.3870967741935484,1521.04442838224,56.274553211650804,50.151019074599915
HCT116,global_median,ATM,0.0,0.49193548387096775,1776.5318584999272,37.23326245092056,31.214710354574386
HCT116,global_median,ATP1B1,0.8870967741935484,0.8629032258064516,1105.5260905384234,12.880776413170125,7.103657420279447
HCT116,global_median,BIRC2,0.8629032258064516,0.9596774193548387,1167.05932046002,32.148582835766916,27.575008205006146
HCT116,global_median,C1QBP,0.8709677419354839,0.685483870967742,947.097126078799,33.3519532058239,27.246315046403467
HCT116,global_median,CALM3,0.16935483870967738,1.0,1189.3133813347345,12.513839824196296,7.668907631249635
HCT116,global_median,CAMSAP2,0.5806451612903225,0.44354838709677424,1134.5643366478382,12.665646478565733,6.611342316310343
HCT116,global_median,CASP2,0.33870967741935487,0.6370967741935484,728.094693168724,13.705437374658084,7.571316353042958
HCT116,global_median,CASP3,0.24193548387096775,0.048387096774193505,735.1502552157783,101.74486343694795,93.096917428216
HCT116,global_median,CAST,0.5,0.016129032258064502,1003.6241568487048,26.126811953783445,19.036779608535355
HCT116,global_median,CDCA2,0.30645161290322576,0.3548387096774194,1147.565892756012,17.57380296248305,11.553744821816656
HCT116,global_median,CENPO,0.935483870967742,0.9758064516129032,946.2724020822187,17.576221008660823,12.712498568271283
HCT116,global_median,CHMP3,0.30645161290322576,0.5080645161290323,1055.5422289391126,37.41126510421567,31.048268339340723
HCT116,global_median,CLDN6,0.2016129032258065,0.16129032258064513,772.0959653143916,14.216036629063513,7.745522345894296
HCT116,global_median,CLDN7,0.7258064516129032,0.33870967741935487,845.0325938933149,15.850007542894101,9.9111158847012
HCT116,global_median,CREG1,0.685483870967742,0.056451612903225756,1034.8424713619418,13.690558896947618,7.165422732358011
HCT116,global_median,DAXX,0.5080645161290323,0.12903225806451613,819.3397887034384,23.388210317014124,16.433843420496565
HCT116,global_median,DHCR24,0.4838709677419355,0.6451612903225806,874.3228570784592,20.81226424584701,15.320563005308445
HCT116,global_median,DHX36,0.2016129032258065,0.3467741935483871,1271.173587189553,269.0209485995772,262.7078528374011
HCT116,global_median,DLG5,0.8467741935483871,0.3306451612903226,1121.2731557798052,32.3818248347648,26.37263871043414
HCT116,global_median,DNMT1,1.0,0.6612903225806452,861.7942491200286,312.22997326613483,306.79122207922876
HCT116,global_median,DZIP3,0.47580645161290325,0.8709677419354839,874.6089947606627,12.475892323843393,7.190090262250995
HCT116,global_median,EID2,0.6612903225806452,0.9032258064516129,972.7391308986787,13.080570776418433,7.747696612926591
HCT116,global_median,EIF4B,0.6451612903225806,0.30645161290322576,1171.864500056396,49.785007373543294,43.2144350796261
HCT116,global_median,EWSR1,0.056451612903225756,0.7741935483870968,1162.774050181512,54.975346226984556,49.444539756297004
HCT116,global_median,FOXH1,0.08064516129032262,0.5806451612903225,965.7175781555175,22.143707879647827,16.447873103770036
HCT116,global_median,GSK3B,0.6774193548387097,0.056451612903225756,851.6247251745879,57.20830825770211,50.51204185568798
HCT116,global_median,HAT1,0.41129032258064513,0.9596774193548387,1025.9860729071806,20.1456875112981,15.359708088433294
HCT116,global_median,HIRA,0.07258064516129037,0.040322580645161255,1140.2690330305795,26.46993459746193,19.718398906007412
HCT116,global_median,HMGB2,0.6532258064516129,0.467741935483871,973.3034054962094,24.319349069533253,17.77840860197794
HCT116,global_median,HMGN1,0.4193548387096774,0.8387096774193549,1091.1062883230834,14.16781630173195,8.767702876729786
HCT116,global_median,IDE,0.7580645161290323,0.5,979.9378439418876,11.96613445471269,6.533869203868278
HCT116,global_median,IGF2R,0.7258064516129032,0.18548387096774188,1128.2995443998943,13.890852078371424,7.79724164125766
HCT116,global_median,IKBKG,0.4032258064516129,0.3467741935483871,970.2821026913746,20.273592043253977,13.898733510708421
HCT116,global_median,INSIG1,0.3306451612903226,0.935483870967742,1105.4479288346065,72.96745057222142,69.81162038772018
HCT116,global_median,IRF3,0.5,0.45967741935483875,1058.6890399309145,15.639638176987553,9.907302767320234
HCT116,global_median,KAT2A,0.9193548387096774,0.9435483870967742,972.3688791813063,157.04467792614903,155.4813703225395
HCT116,global_median,KDM2B,0.6612903225806452,0.8709677419354839,845.8159161049819,29.798452588851646,24.624651878801934
HCT116,global_median,KDR,0.4516129032258065,0.935483870967742,1056.5036230339056,15.87806002195816,10.33903276139317
HCT116,global_median,KIF1B,0.5403225806451613,0.717741935483871,871.187078517313,12.458651518974538,6.811285229692616
HCT116,global_median,KLF10,0.6612903225806452,0.5,706.6796262996434,19.724597321644147,13.483078652868969
HCT116,global_median,LAD1,0.3951612903225806,0.814516129032258,884.8409671775885,11.736799537477,5.997040754115741
HCT116,global_median,LRPPRC,0.20967741935483875,0.11290322580645162,1365.4939772042117,55.381696088390626,48.3090043471921
HCT116,global_median,LZTR1,0.3548387096774194,0.2338709677419355,1066.9520759610878,62.32623957416016,55.77028724958677
HCT116,global_median,MAP1B,0.45967741935483875,0.6048387096774194,1067.3196562878295,12.991007844025008,7.389600224473633
HCT116,global_median,MAP3K7,0.13709677419354838,0.3306451612903226,1086.3462002402205,14.334534140803385,8.259359031729572
HCT116,global_median,MAPKAPK2,0.32258064516129037,0.9435483870967742,1563.832326213921,13.661776217017135,8.366075938236852
HCT116,global_median,MAST2,0.10483870967741937,0.217741935483871,1176.706226827037,14.11454326227749,8.00968574439458
HCT116,global_median,MAU2,0.9596774193548387,0.6129032258064516,1071.2465075175035,192.63471970286474,186.64603469011934
HCT116,global_median,MBTPS1,0.5483870967741935,1.0,2494.2998326231705,120.00355105762571,118.89400894950823
HCT116,global_median,MED1,0.8870967741935484,0.3951612903225806,954.7902362813677,68.23205169193395,62.446655436667214
HCT116,global_median,MED12,0.967741935483871,0.49193548387096775,1193.432626259268,34.02550925980458,27.81722175091442
HCT116,global_median,MED13,1.0,0.47580645161290325,874.9673476006094,38.67634061227669,32.846402572383866
HCT116,global_median,MED13L,0.9596774193548387,0.7096774193548387,866.938808644871,20.21361963913758,14.375469046459878
HCT116,global_median,MED24,0.9516129032258065,0.42741935483870963,1024.6707143360122,130.43685650565038,124.24959495342435
HCT116,global_median,METTL14,0.7419354838709677,0.5403225806451613,1382.0408235708883,537.1457992622506,530.4222302305569
HCT116,global_median,METTL17,0.15322580645161288,0.12096774193548387,1126.584904263136,50.51072529218274,42.39760445873569
HCT116,global_median,METTL3,0.6935483870967742,0.935483870967742,1716.7776441713088,528.3990350916545,525.7638719721672
HCT116,global_median,MKI67,0.7661290322580645,1.0,1456.98242255949,12.64723080648937,7.68178853039728
HCT116,global_median,MTA1,0.8790322580645161,0.16129032258064513,868.8111138588866,37.4185896872314,30.426109758362266
HCT116,global_median,NCK2,0.5483870967741935,0.4193548387096774,813.371388343036,13.219275422948957,6.581988417391036
HCT116,global_median,NDUFB4,0.5,0.09677419354838712,1149.2738513284394,22.658169962113583,15.92391748590023
HCT116,global_median,NDUFB6,0.29032258064516125,0.08064516129032262,1010.5751196501482,22.412343987993367,15.220309520428781
HCT116,global_median,NISCH,0.29032258064516125,0.6451612903225806,1145.5293118196503,18.609954184729364,12.732734515899292
HCT116,global_median,NIT1,0.6612903225806452,0.18548387096774188,898.4597676004161,54.51086706063437,48.147302378947956
HCT116,global_median,NRAS,0.25806451612903225,0.5080645161290323,1243.391096840959,14.399536089363021,8.626178311292012
HCT116,global_median,OXCT1,0.44354838709677424,0.3145161290322581,1172.221709352895,56.805040154865644,50.21696889805045
HCT116,global_median,PAGR1,0.9274193548387096,0.9112903225806451,1058.22005190867,19.019557815793533,13.524452636952525
HCT116,global_median,PBX1,0.4032258064516129,0.47580645161290325,989.194311335096,13.966462895597585,7.800750745183667
HCT116,global_median,PHF10,0.18548387096774188,0.15322580645161288,1219.9362144770573,56.17113189930002,48.17169271274442
HCT116,global_median,PHF14,0.008064516129032251,0.8709677419354839,934.8907855266423,20.929812480680006,15.330271512071196
HCT116,global_median,PLCB3,0.532258064516129,0.17741935483870963,5614.701395348706,13.257060884661723,7.074092090044102
HCT116,global_median,PMS1,0.25,0.2016129032258065,1020.9648337532158,15.13557769014468,9.407428947572757
HCT116,global_median,POLB,0.07258064516129037,0.217741935483871,765.9143443009757,15.967791875077479,9.295243756572287
HCT116,global_median,PRCP,0.6935483870967742,0.29032258064516125,686.1482631738716,15.292145135326042,8.870409678130237
HCT116,global_median,PRR12,0.7903225806451613,0.282258064516129,937.32365181109,34.83424584406919,27.761396524034232
HCT116,global_median,PTPN1,0.44354838709677424,0.7016129032258065,1207.7547501804795,11.87620235017105,6.061392983649327
HCT116,global_median,RAB3B,0.6612903225806452,0.17741935483870963,3837.208558832481,12.527265726858394,6.114280479955408
HCT116,global_median,RAF1,0.4838709677419355,0.7741935483870968,1299.5650435733523,21.692713445546406,16.03821832628783
HCT116,global_median,RNF2,0.10483870967741937,0.09677419354838712,917.0164200622254,86.67249735542839,79.59025307769406
HCT116,global_median,RRM1,0.49193548387096775,0.3790322580645161,1383.9690428189806,17.17234573345412,11.01940845629964
HCT116,global_median,SAFB,0.8548387096774194,0.8064516129032258,872.497843216905,50.90311795062404,45.71354522202782
HCT116,global_median,SIN3B,0.9838709677419355,0.4354838709677419,1211.7671011512073,212.672336400856,206.4518060436085
HCT116,global_median,SIX4,0.14516129032258063,0.6532258064516129,819.6863266125745,18.694304459506174,12.569903584082397
HCT116,global_median,SLC25A3,0.49193548387096775,0.09677419354838712,872.0395730519328,27.1531551770951,19.970082783534505
HCT116,global_median,SMAGP,0.7016129032258065,0.41129032258064513,983.6666861155262,39.58868775818416,32.69661702452238
HCT116,global_median,SMARCA4,0.814516129032258,0.9516129032258065,1545.4155303327163,484.86993612824966,484.4304872738811
HCT116,global_median,SMARCA5,0.935483870967742,0.217741935483871,865.6744588856052,169.7953587750537,162.61374354814865
HCT116,global_median,SOX2,0.9596774193548387,0.15322580645161288,1292.697421704338,225.0288016550113,216.794226507899
HCT116,global_median,SRC,0.8951612903225806,0.3709677419354839,918.3301080706108,16.371917008593446,10.073852301362164
HCT116,global_median,SSBP1,0.4354838709677419,0.3629032258064516,1046.330148534675,35.88487883939926,29.89468066397671
HCT116,global_median,STAG2,0.9112903225806451,0.5080645161290323,1042.1803587275353,103.88389334306963,97.59358736098605
HCT116,global_median,STAT1,0.5483870967741935,0.75,731.0251085096529,13.14832338790347,7.638578273439544
HCT116,global_median,STAT6,0.45967741935483875,0.3467741935483871,869.0777730621548,34.196677186560734,27.68360045018143
HCT116,global_median,STX4,0.19354838709677424,0.3145161290322581,786.8132429518988,19.469303089128065,13.528960806793432
HCT116,global_median,SV2A,0.2016129032258065,0.5,1289.6680809706395,21.55946134762736,16.015553868989947
HCT116,global_median,TADA1,1.0,0.8548387096774194,1028.670662588486,114.24118145315123,109.49723299662573
HCT116,global_median,TARBP2,0.4354838709677419,0.33870967741935487,833.6146312963763,16.479953840547704,10.216975656530703
HCT116,global_median,TCF3,0.2338709677419355,0.11290322580645162,1003.2096075109243,16.00082000758384,9.213989679186959
HCT116,global_median,TET1,0.3467741935483871,0.2016129032258065,931.5807936046644,22.16306145347317,15.521752657106195
HCT116,global_median,TFAM,0.3548387096774194,0.22580645161290325,1111.1840439789262,51.16995785441977,44.972581879196014
HCT116,global_median,TGFBR2,0.040322580645161255,0.07258064516129037,938.1944611860783,58.95710141260986,51.8950602888024
HCT116,global_median,TMBIM6,0.048387096774193505,0.19354838709677424,2334.9888464067026,14.26699890971044,8.325994733415104
HCT116,global_median,TMSB10,0.7258064516129032,0.8790322580645161,1143.685462419551,90.87029765110834,87.02789850854882
HCT116,global_median,TMSB4X,0.24193548387096775,0.6129032258064516,782.7116025877008,12.365276953734016,6.742777888406805
HCT116,global_median,TRAM2,0.6774193548387097,0.06451612903225812,905.598298226854,14.987120719988058,8.079439234873547
HCT116,global_median,TRAPPC6A,0.15322580645161288,0.8467741935483871,913.2083378939363,54.14858589402861,49.5873407361575
HCT116,global_median,TSC22D4,0.17741935483870963,0.717741935483871,1114.1647112780145,14.817678236475492,9.53530162695704
HCT116,global_median,TWF2,0.8306451612903226,0.8790322580645161,1130.4516834663787,12.914874611143265,7.383385368631316
HCT116,global_median,TXNDC9,0.6935483870967742,0.32258064516129037,1133.9621105892984,21.583217961918834,15.602141838709976
HCT116,global_median,UBE3C,0.782258064516129,0.9112903225806451,1001.9165483137579,29.708350320598925,24.61961056633454
HCT116,global_median,UQCRQ,0.3548387096774194,0.6612903225806452,905.8975222770155,30.449792310652615,24.750956574071726
HCT116,global_median,USP22,0.9435483870967742,0.5403225806451613,1095.6716386408507,21.90840768676596,16.075041916998714
HCT116,global_median,WFS1,0.22580645161290325,0.30645161290322576,883.7022376728809,13.366927099946544,7.250599235861278
HCT116,global_median,WSB2,0.8870967741935484,0.6693548387096775,1123.372055110607,38.55256942308864,33.07173520675026
HCT116,global_median,XRCC4,0.07258064516129037,0.6774193548387097,885.4845188575823,31.477156405707575,25.647688014340318
HCT116,global_median,ZNF286A,0.5806451612903225,0.532258064516129,885.4571182362283,12.649572062348657,6.9659576354463875
HCT116,global_median,ZNF426,0.040322580645161255,0.4354838709677419,945.7028129568389,14.423722351769335,8.433872996149372
HCT116,global_median,ZNF562,0.8709677419354839,0.25,826.367536630562,14.922653168376431,8.421431382516431
HCT116,global_median,ZNF593,0.8790322580645161,0.3790322580645161,909.2134828526434,21.143546753681747,15.237870214330183
HCT116,global_median,ZNF714,0.8387096774193549,0.44354838709677424,925.8285868923294,17.53312651520624,11.302698798313452
HCT116,context_interaction,ACAT2,0.7983870967741935,0.8951612903225806,25377.2501727474,68.72425678346772,63.823993167303065
HCT116,context_interaction,ACVR1B,0.8064516129032258,0.008064516129032251,25618.462466412875,20.68136694748383,13.878055231177221
HCT116,context_interaction,AKT2,0.2983870967741935,0.24193548387096775,25634.729637202836,26.278126106593533,19.92126449010161
HCT116,context_interaction,ANTXR1,0.7258064516129032,0.2016129032258065,25619.046337573225,12.759350373217305,6.281648783679424
HCT116,context_interaction,ARID1A,0.8870967741935484,0.3870967741935484,25517.472549445818,56.274553211650804,50.151019074599915
HCT116,context_interaction,ATM,0.41129032258064513,0.49193548387096775,25591.14396009184,37.23326245092056,31.214710354574386
HCT116,context_interaction,ATP1B1,0.6693548387096775,0.8629032258064516,25596.41904267652,12.880776413170125,7.103657420279447
HCT116,context_interaction,BIRC2,0.282258064516129,0.9596774193548387,25639.741865905242,32.148582835766916,27.575008205006146
HCT116,context_interaction,C1QBP,0.06451612903225812,0.685483870967742,25731.847921019704,33.3519532058239,27.246315046403467
HCT116,context_interaction,CALM3,0.5403225806451613,1.0,25579.175225346997,12.513839824196296,7.668907631249635
HCT116,context_interaction,CAMSAP2,0.7338709677419355,0.44354838709677424,25586.867526248665,12.665646478565733,6.611342316310343
HCT116,context_interaction,CASP2,0.056451612903225756,0.6370967741935484,24907.206349108288,13.705437374658084,7.571316353042958
HCT116,context_interaction,CASP3,0.07258064516129037,0.048387096774193505,24436.501602222474,101.74486343694795,93.096917428216
HCT116,context_interaction,CAST,0.5887096774193548,0.016129032258064502,25162.46895368756,26.126811953783445,19.036779608535355
HCT116,context_interaction,CDCA2,0.9193548387096774,0.3548387096774194,25543.348420005597,17.57380296248305,11.553744821816656
HCT116,context_interaction,CENPO,0.16129032258064513,0.9758064516129032,25055.180981853562,17.576221008660823,12.712498568271283
HCT116,context_interaction,CHMP3,0.6129032258064516,0.5080645161290323,25405.57109213291,37.41126510421567,31.048268339340723
HCT116,context_interaction,CLDN6,0.18548387096774188,0.16129032258064513,25102.70631043682,14.216036629063513,7.745522345894296
HCT116,context_interaction,CLDN7,0.41129032258064513,0.33870967741935487,25636.575648135004,15.850007542894101,9.9111158847012
HCT116,context_interaction,CREG1,0.9758064516129032,0.056451612903225756,25564.770746730723,13.690558896947618,7.165422732358011
HCT116,context_interaction,DAXX,0.5080645161290323,0.12903225806451613,25654.85425359033,23.388210317014124,16.433843420496565
HCT116,context_interaction,DHCR24,0.9112903225806451,0.6451612903225806,25335.678115380324,20.81226424584701,15.320563005308445
HCT116,context_interaction,DHX36,0.8548387096774194,0.3467741935483871,25701.43531599122,269.0209485995772,262.7078528374011
HCT116,context_interaction,DLG5,0.6129032258064516,0.3306451612903226,25600.6149105011,32.3818248347648,26.37263871043414
HCT116,context_interaction,DNMT1,0.9919354838709677,0.6612903225806452,20630.935723923874,312.22997326613483,306.79122207922876
HCT116,context_interaction,DZIP3,0.7096774193548387,0.8709677419354839,25624.8456011296,12.475892323843393,7.190090262250995
HCT116,context_interaction,EID2,0.5725806451612903,0.9032258064516129,25607.97238593225,13.080570776418433,7.747696612926591
HCT116,context_interaction,EIF4B,0.4193548387096774,0.30645161290322576,25634.890359408168,49.785007373543294,43.2144350796261
HCT116,context_interaction,EWSR1,0.7741935483870968,0.7741935483870968,25583.725128918773,54.975346226984556,49.444539756297004
HCT116,context_interaction,FOXH1,0.7741935483870968,0.5806451612903225,25358.915274656978,22.143707879647827,16.447873103770036
HCT116,context_interaction,GSK3B,0.8951612903225806,0.056451612903225756,25342.159959485587,57.20830825770211,50.51204185568798
HCT116,context_interaction,HAT1,0.6451612903225806,0.9596774193548387,25624.441639257297,20.1456875112981,15.359708088433294
HCT116,context_interaction,HIRA,0.6209677419354839,0.040322580645161255,25560.731584627516,26.46993459746193,19.718398906007412
HCT116,context_interaction,HMGB2,0.16129032258064513,0.467741935483871,25630.623002671462,24.319349069533253,17.77840860197794
HCT116,context_interaction,HMGN1,0.12096774193548387,0.8387096774193549,25612.54184787156,14.16781630173195,8.767702876729786
HCT116,context_interaction,IDE,0.5887096774193548,0.5,25627.662350273567,11.96613445471269,6.533869203868278
HCT116,context_interaction,IGF2R,0.5241935483870968,0.18548387096774188,25623.83355221581,13.890852078371424,7.79724164125766
HCT116,context_interaction,IKBKG,0.7419354838709677,0.3467741935483871,25614.863124539323,20.273592043253977,13.898733510708421
HCT116,context_interaction,INSIG1,0.3951612903225806,0.935483870967742,25418.20634350726,72.96745057222142,69.81162038772018
HCT116,context_interaction,IRF3,0.3870967741935484,0.45967741935483875,25357.632014999734,15.639638176987553,9.907302767320234
HCT116,context_interaction,KAT2A,0.008064516129032251,0.9435483870967742,26042.41104569569,157.04467792614903,155.4813703225395
HCT116,context_interaction,KDM2B,0.44354838709677424,0.8709677419354839,25232.220274779233,29.798452588851646,24.624651878801934
HCT116,context_interaction,KDR,0.5,0.935483870967742,25608.079685185672,15.87806002195816,10.33903276139317
HCT116,context_interaction,KIF1B,0.6451612903225806,0.717741935483871,25625.008321732974,12.458651518974538,6.811285229692616
HCT116,context_interaction,KLF10,0.12903225806451613,0.5,25155.18684263694,19.724597321644147,13.483078652868969
HCT116,context_interaction,LAD1,0.45967741935483875,0.814516129032258,25041.85082433158,11.736799537477,5.997040754115741
HCT116,context_interaction,LRPPRC,0.7419354838709677,0.11290322580645162,25622.100464513464,55.381696088390626,48.3090043471921
HCT116,context_interaction,LZTR1,0.935483870967742,0.2338709677419355,25336.015334740812,62.32623957416016,55.77028724958677
HCT116,context_interaction,MAP1B,0.08064516129032262,0.6048387096774194,25628.522916705377,12.991007844025008,7.389600224473633
HCT116,context_interaction,MAP3K7,0.2338709677419355,0.3306451612903226,25618.45574561897,14.334534140803385,8.259359031729572
HCT116,context_interaction,MAPKAPK2,0.3629032258064516,0.9435483870967742,25604.689995055698,13.661776217017135,8.366075938236852
HCT116,context_interaction,MAST2,0.8387096774193549,0.217741935483871,25572.823572393794,14.11454326227749,8.00968574439458
HCT116,context_interaction,MAU2,0.24193548387096775,0.6129032258064516,25807.845519366616,192.63471970286474,186.64603469011934
HCT116,context_interaction,MBTPS1,0.5,1.0,25631.116783066558,120.00355105762571,118.89400894950823
HCT116,context_interaction,MED1,0.032258064516129004,0.3951612903225806,25226.0156798868,68.23205169193395,62.446655436667214
HCT116,context_interaction,MED12,0.024193548387096753,0.49193548387096775,25715.75111302342,34.02550925980458,27.81722175091442
HCT116,context_interaction,MED13,0.048387096774193505,0.47580645161290325,25209.98496412363,38.67634061227669,32.846402572383866
HCT116,context_interaction,MED13L,0.11290322580645162,0.7096774193548387,25359.816697901653,20.21361963913758,14.375469046459878
HCT116,context_interaction,MED24,0.08870967741935487,0.42741935483870963,25847.952463330796,130.43685650565038,124.24959495342435
HCT116,context_interaction,METTL14,0.9919354838709677,0.5403225806451613,25307.561658321472,537.1457992622506,530.4222302305569
HCT116,context_interaction,METTL17,0.8225806451612903,0.12096774193548387,25582.348689045954,50.51072529218274,42.39760445873569
HCT116,context_interaction,METTL3,1.0,0.935483870967742,25505.504405058113,528.3990350916545,525.7638719721672
HCT116,context_interaction,MKI67,0.5080645161290323,1.0,25565.636283410764,12.64723080648937,7.68178853039728
HCT116,context_interaction,MTA1,0.12903225806451613,0.16129032258064513,25683.371766002412,37.4185896872314,30.426109758362266
HCT116,context_interaction,NCK2,0.8709677419354839,0.4193548387096774,24889.374302278873,13.219275422948957,6.581988417391036
HCT116,context_interaction,NDUFB4,0.9274193548387096,0.09677419354838712,25542.49283151741,22.658169962113583,15.92391748590023
HCT116,context_interaction,NDUFB6,0.9516129032258065,0.08064516129032262,25573.536178892056,22.412343987993367,15.220309520428781
HCT116,context_interaction,NISCH,0.6290322580645161,0.6451612903225806,25576.138582235482,18.609954184729364,12.732734515899292
HCT116,context_interaction,NIT1,0.282258064516129,0.18548387096774188,25163.134531392454,54.51086706063437,48.147302378947956
HCT116,context_interaction,NRAS,0.33870967741935487,0.5080645161290323,25590.398353028766,14.399536089363021,8.626178311292012
HCT116,context_interaction,OXCT1,0.6693548387096775,0.3145161290322581,25618.01417913216,56.805040154865644,50.21696889805045
HCT116,context_interaction,PAGR1,0.13709677419354838,0.9112903225806451,25635.23005494404,19.019557815793533,13.524452636952525
HCT116,context_interaction,PBX1,0.25,0.47580645161290325,25657.434427075452,13.966462895597585,7.800750745183667
HCT116,context_interaction,PHF10,0.467741935483871,0.15322580645161288,25218.85060852283,56.17113189930002,48.17169271274442
HCT116,context_interaction,PHF14,0.2983870967741935,0.8709677419354839,25601.5078365413,20.929812480680006,15.330271512071196
HCT116,context_interaction,PLCB3,0.20967741935483875,0.17741935483870963,25562.79510141503,13.257060884661723,7.074092090044102
HCT116,context_interaction,PMS1,0.7903225806451613,0.2016129032258065,25576.34802212329,15.13557769014468,9.407428947572757
HCT116,context_interaction,POLB,0.467741935483871,0.217741935483871,22948.39756871541,15.967791875077479,9.295243756572287
HCT116,context_interaction,PRCP,0.5806451612903225,0.29032258064516125,24873.707105503036,15.292145135326042,8.870409678130237
HCT116,context_interaction,PRR12,0.15322580645161288,0.282258064516129,25646.215240779602,34.83424584406919,27.761396524034232
HCT116,context_interaction,PTPN1,0.6612903225806452,0.7016129032258065,25574.897948145524,11.87620235017105,6.061392983649327
HCT116,context_interaction,RAB3B,0.3790322580645161,0.17741935483870963,25571.157848097,12.527265726858394,6.114280479955408
HCT116,context_interaction,RAF1,0.32258064516129037,0.7741935483870968,25590.82529127451,21.692713445546406,16.03821832628783
HCT116,context_interaction,RNF2,0.5403225806451613,0.09677419354838712,25246.519099311743,86.67249735542839,79.59025307769406
HCT116,context_interaction,RRM1,0.5483870967741935,0.3790322580645161,25614.84640912633,17.17234573345412,11.01940845629964
HCT116,context_interaction,SAFB,0.3629032258064516,0.8064516129032258,25687.886765130606,50.90311795062404,45.71354522202782
HCT116,context_interaction,SIN3B,0.9516129032258065,0.4354838709677419,25565.022762240824,212.672336400856,206.4518060436085
HCT116,context_interaction,SIX4,0.9032258064516129,0.6532258064516129,25357.873158377348,18.694304459506174,12.569903584082397
HCT116,context_interaction,SLC25A3,0.7016129032258065,0.09677419354838712,25628.284891438903,27.1531551770951,19.970082783534505
HCT116,context_interaction,SMAGP,0.8467741935483871,0.41129032258064513,25559.06843429467,39.58868775818416,32.69661702452238
HCT116,context_interaction,SMARCA4,0.3790322580645161,0.9516129032258065,25860.259044535334,484.86993612824966,484.4304872738811
HCT116,context_interaction,SMARCA5,0.717741935483871,0.217741935483871,24380.75010608845,169.7953587750537,162.61374354814865
HCT116,context_interaction,SOX2,0.19354838709677424,0.15322580645161288,25864.579555801298,225.0288016550113,216.794226507899
HCT116,context_interaction,SRC,0.2338709677419355,0.3709677419354839,25597.202871654044,16.371917008593446,10.073852301362164
HCT116,context_interaction,SSBP1,0.967741935483871,0.3629032258064516,25559.121966236664,35.88487883939926,29.89468066397671
HCT116,context_interaction,STAG2,0.09677419354838712,0.5080645161290323,25544.113220650295,103.88389334306963,97.59358736098605
HCT116,context_interaction,STAT1,0.3145161290322581,0.75,25679.229715418463,13.14832338790347,7.638578273439544
HCT116,context_interaction,STAT6,0.5887096774193548,0.3467741935483871,25665.19857511046,34.196677186560734,27.68360045018143
HCT116,context_interaction,STX4,0.8467741935483871,0.3145161290322581,25658.260586189102,19.469303089128065,13.528960806793432
HCT116,context_interaction,SV2A,0.29032258064516125,0.5,25611.029471214126,21.55946134762736,16.015553868989947
HCT116,context_interaction,TADA1,0.032258064516129004,0.8548387096774194,25631.60891097525,114.24118145315123,109.49723299662573
HCT116,context_interaction,TARBP2,0.2016129032258065,0.33870967741935487,25028.99510592318,16.479953840547704,10.216975656530703
HCT116,context_interaction,TCF3,0.6935483870967742,0.11290322580645162,25616.900319390566,16.00082000758384,9.213989679186959
HCT116,context_interaction,TET1,0.45967741935483875,0.2016129032258065,25099.699359750164,22.16306145347317,15.521752657106195
HCT116,context_interaction,TFAM,0.8790322580645161,0.22580645161290325,25537.00553651635,51.16995785441977,44.972581879196014
HCT116,context_interaction,TGFBR2,0.4838709677419355,0.07258064516129037,25635.89011239753,58.95710141260986,51.8950602888024
HCT116,context_interaction,TMBIM6,0.25806451612903225,0.19354838709677424,25536.685531345487,14.26699890971044,8.325994733415104
HCT116,context_interaction,TMSB10,0.7258064516129032,0.8790322580645161,25636.48960799797,90.87029765110834,87.02789850854882
HCT116,context_interaction,TMSB4X,0.0,0.6129032258064516,24753.912156028455,12.365276953734016,6.742777888406805
HCT116,context_interaction,TRAM2,0.29032258064516125,0.06451612903225812,25673.28290641195,14.987120719988058,8.079439234873547
HCT116,context_interaction,TRAPPC6A,0.8306451612903226,0.8467741935483871,25610.95570630594,54.14858589402861,49.5873407361575
HCT116,context_interaction,TSC22D4,0.47580645161290325,0.717741935483871,25594.379927440612,14.817678236475492,9.53530162695704
HCT116,context_interaction,TWF2,0.8064516129032258,0.8790322580645161,25372.3461055359,12.914874611143265,7.383385368631316
HCT116,context_interaction,TXNDC9,0.10483870967741937,0.32258064516129037,25614.385544509376,21.583217961918834,15.602141838709976
HCT116,context_interaction,UBE3C,0.18548387096774188,0.9112903225806451,25468.573099019486,29.708350320598925,24.61961056633454
HCT116,context_interaction,UQCRQ,0.9596774193548387,0.6612903225806452,25562.295376882066,30.449792310652615,24.750956574071726
HCT116,context_interaction,USP22,0.040322580645161255,0.5403225806451613,25696.925328522742,21.90840768676596,16.075041916998714
HCT116,context_interaction,WFS1,0.6532258064516129,0.30645161290322576,25663.607626880952,13.366927099946544,7.250599235861278
HCT116,context_interaction,WSB2,0.29032258064516125,0.6693548387096775,25423.646044013483,38.55256942308864,33.07173520675026
HCT116,context_interaction,XRCC4,0.3145161290322581,0.6774193548387097,25301.744754449985,31.477156405707575,25.647688014340318
HCT116,context_interaction,ZNF286A,0.7661290322580645,0.532258064516129,25656.997353694198,12.649572062348657,6.9659576354463875
HCT116,context_interaction,ZNF426,0.20967741935483875,0.4354838709677419,25597.084702673113,14.423722351769335,8.433872996149372
HCT116,context_interaction,ZNF562,0.6935483870967742,0.25,25671.785141423345,14.922653168376431,8.421431382516431
HCT116,context_interaction,ZNF593,0.5403225806451613,0.3790322580645161,25450.14917918993,21.143546753681747,15.237870214330183
HCT116,context_interaction,ZNF714,0.5403225806451613,0.44354838709677424,25404.635167342865,17.53312651520624,11.302698798313452
HEK293T,unchanged,ACAT2,0.8951612903225806,0.8951612903225806,68.72425678346772,68.72425678346772,63.823993167303065
HEK293T,unchanged,ACVR1B,0.008064516129032251,0.008064516129032251,20.68136694748383,20.68136694748383,13.878055231177221
HEK293T,unchanged,AKT2,0.24193548387096775,0.24193548387096775,26.278126106593533,26.278126106593533,19.92126449010161
HEK293T,unchanged,ANTXR1,0.2016129032258065,0.2016129032258065,12.759350373217305,12.759350373217305,6.281648783679424
HEK293T,unchanged,ARID1A,0.3870967741935484,0.3870967741935484,56.274553211650804,56.274553211650804,50.151019074599915
HEK293T,unchanged,ATM,0.49193548387096775,0.49193548387096775,37.23326245092056,37.23326245092056,31.214710354574386
HEK293T,unchanged,ATP1B1,0.8629032258064516,0.8629032258064516,12.880776413170125,12.880776413170125,7.103657420279447
HEK293T,unchanged,BIRC2,0.9596774193548387,0.9596774193548387,32.148582835766916,32.148582835766916,27.575008205006146
HEK293T,unchanged,C1QBP,0.685483870967742,0.685483870967742,33.3519532058239,33.3519532058239,27.246315046403467
HEK293T,unchanged,CALM3,1.0,1.0,12.513839824196296,12.513839824196296,7.668907631249635
HEK293T,unchanged,CAMSAP2,0.44354838709677424,0.44354838709677424,12.665646478565733,12.665646478565733,6.611342316310343
HEK293T,unchanged,CASP2,0.6370967741935484,0.6370967741935484,13.705437374658084,13.705437374658084,7.571316353042958
HEK293T,unchanged,CASP3,0.048387096774193505,0.048387096774193505,101.74486343694795,101.74486343694795,93.096917428216
HEK293T,unchanged,CAST,0.016129032258064502,0.016129032258064502,26.126811953783445,26.126811953783445,19.036779608535355
HEK293T,unchanged,CDCA2,0.3548387096774194,0.3548387096774194,17.57380296248305,17.57380296248305,11.553744821816656
HEK293T,unchanged,CENPO,0.9758064516129032,0.9758064516129032,17.576221008660823,17.576221008660823,12.712498568271283
HEK293T,unchanged,CHMP3,0.5080645161290323,0.5080645161290323,37.41126510421567,37.41126510421567,31.048268339340723
HEK293T,unchanged,CLDN6,0.16129032258064513,0.16129032258064513,14.216036629063513,14.216036629063513,7.745522345894296
HEK293T,unchanged,CLDN7,0.33870967741935487,0.33870967741935487,15.850007542894101,15.850007542894101,9.9111158847012
HEK293T,unchanged,CREG1,0.056451612903225756,0.056451612903225756,13.690558896947618,13.690558896947618,7.165422732358011
HEK293T,unchanged,DAXX,0.12903225806451613,0.12903225806451613,23.388210317014124,23.388210317014124,16.433843420496565
HEK293T,unchanged,DHCR24,0.6451612903225806,0.6451612903225806,20.81226424584701,20.81226424584701,15.320563005308445
HEK293T,unchanged,DHX36,0.3467741935483871,0.3467741935483871,269.0209485995772,269.0209485995772,262.7078528374011
HEK293T,unchanged,DLG5,0.3306451612903226,0.3306451612903226,32.3818248347648,32.3818248347648,26.37263871043414
HEK293T,unchanged,DNMT1,0.6612903225806452,0.6612903225806452,312.22997326613483,312.22997326613483,306.79122207922876
HEK293T,unchanged,DZIP3,0.8709677419354839,0.8709677419354839,12.475892323843393,12.475892323843393,7.190090262250995
HEK293T,unchanged,EID2,0.9032258064516129,0.9032258064516129,13.080570776418433,13.080570776418433,7.747696612926591
HEK293T,unchanged,EIF4B,0.30645161290322576,0.30645161290322576,49.785007373543294,49.785007373543294,43.2144350796261
HEK293T,unchanged,EWSR1,0.7741935483870968,0.7741935483870968,54.975346226984556,54.975346226984556,49.444539756297004
HEK293T,unchanged,FOXH1,0.5806451612903225,0.5806451612903225,22.143707879647827,22.143707879647827,16.447873103770036
HEK293T,unchanged,GSK3B,0.056451612903225756,0.056451612903225756,57.20830825770211,57.20830825770211,50.51204185568798
HEK293T,unchanged,HAT1,0.9596774193548387,0.9596774193548387,20.1456875112981,20.1456875112981,15.359708088433294
HEK293T,unchanged,HIRA,0.040322580645161255,0.040322580645161255,26.46993459746193,26.46993459746193,19.718398906007412
HEK293T,unchanged,HMGB2,0.467741935483871,0.467741935483871,24.319349069533253,24.319349069533253,17.77840860197794
HEK293T,unchanged,HMGN1,0.8387096774193549,0.8387096774193549,14.16781630173195,14.16781630173195,8.767702876729786
HEK293T,unchanged,IDE,0.5,0.5,11.96613445471269,11.96613445471269,6.533869203868278
HEK293T,unchanged,IGF2R,0.18548387096774188,0.18548387096774188,13.890852078371424,13.890852078371424,7.79724164125766
HEK293T,unchanged,IKBKG,0.3467741935483871,0.3467741935483871,20.273592043253977,20.273592043253977,13.898733510708421
HEK293T,unchanged,INSIG1,0.935483870967742,0.935483870967742,72.96745057222142,72.96745057222142,69.81162038772018
HEK293T,unchanged,IRF3,0.45967741935483875,0.45967741935483875,15.639638176987553,15.639638176987553,9.907302767320234
HEK293T,unchanged,KAT2A,0.9435483870967742,0.9435483870967742,157.04467792614903,157.04467792614903,155.4813703225395
HEK293T,unchanged,KDM2B,0.8709677419354839,0.8709677419354839,29.798452588851646,29.798452588851646,24.624651878801934
HEK293T,unchanged,KDR,0.935483870967742,0.935483870967742,15.87806002195816,15.87806002195816,10.33903276139317
HEK293T,unchanged,KIF1B,0.717741935483871,0.717741935483871,12.458651518974538,12.458651518974538,6.811285229692616
HEK293T,unchanged,KLF10,0.5,0.5,19.724597321644147,19.724597321644147,13.483078652868969
HEK293T,unchanged,LAD1,0.814516129032258,0.814516129032258,11.736799537477,11.736799537477,5.997040754115741
HEK293T,unchanged,LRPPRC,0.11290322580645162,0.11290322580645162,55.381696088390626,55.381696088390626,48.3090043471921
HEK293T,unchanged,LZTR1,0.2338709677419355,0.2338709677419355,62.32623957416016,62.32623957416016,55.77028724958677
HEK293T,unchanged,MAP1B,0.6048387096774194,0.6048387096774194,12.991007844025008,12.991007844025008,7.389600224473633
HEK293T,unchanged,MAP3K7,0.3306451612903226,0.3306451612903226,14.334534140803385,14.334534140803385,8.259359031729572
HEK293T,unchanged,MAPKAPK2,0.9435483870967742,0.9435483870967742,13.661776217017135,13.661776217017135,8.366075938236852
HEK293T,unchanged,MAST2,0.217741935483871,0.217741935483871,14.11454326227749,14.11454326227749,8.00968574439458
HEK293T,unchanged,MAU2,0.6129032258064516,0.6129032258064516,192.63471970286474,192.63471970286474,186.64603469011934
HEK293T,unchanged,MBTPS1,1.0,1.0,120.00355105762571,120.00355105762571,118.89400894950823
HEK293T,unchanged,MED1,0.3951612903225806,0.3951612903225806,68.23205169193395,68.23205169193395,62.446655436667214
HEK293T,unchanged,MED12,0.49193548387096775,0.49193548387096775,34.02550925980458,34.02550925980458,27.81722175091442
HEK293T,unchanged,MED13,0.47580645161290325,0.47580645161290325,38.67634061227669,38.67634061227669,32.846402572383866
HEK293T,unchanged,MED13L,0.7096774193548387,0.7096774193548387,20.21361963913758,20.21361963913758,14.375469046459878
HEK293T,unchanged,MED24,0.42741935483870963,0.42741935483870963,130.43685650565038,130.43685650565038,124.24959495342435
HEK293T,unchanged,METTL14,0.5403225806451613,0.5403225806451613,537.1457992622506,537.1457992622506,530.4222302305569
HEK293T,unchanged,METTL17,0.12096774193548387,0.12096774193548387,50.51072529218274,50.51072529218274,42.39760445873569
HEK293T,unchanged,METTL3,0.935483870967742,0.935483870967742,528.3990350916545,528.3990350916545,525.7638719721672
HEK293T,unchanged,MKI67,1.0,1.0,12.64723080648937,12.64723080648937,7.68178853039728
HEK293T,unchanged,MTA1,0.16129032258064513,0.16129032258064513,37.4185896872314,37.4185896872314,30.426109758362266
HEK293T,unchanged,NCK2,0.4193548387096774,0.4193548387096774,13.219275422948957,13.219275422948957,6.581988417391036
HEK293T,unchanged,NDUFB4,0.09677419354838712,0.09677419354838712,22.658169962113583,22.658169962113583,15.92391748590023
HEK293T,unchanged,NDUFB6,0.08064516129032262,0.08064516129032262,22.412343987993367,22.412343987993367,15.220309520428781
HEK293T,unchanged,NISCH,0.6451612903225806,0.6451612903225806,18.609954184729364,18.609954184729364,12.732734515899292
HEK293T,unchanged,NIT1,0.18548387096774188,0.18548387096774188,54.51086706063437,54.51086706063437,48.147302378947956
HEK293T,unchanged,NRAS,0.5080645161290323,0.5080645161290323,14.399536089363021,14.399536089363021,8.626178311292012
HEK293T,unchanged,OXCT1,0.3145161290322581,0.3145161290322581,56.805040154865644,56.805040154865644,50.21696889805045
HEK293T,unchanged,PAGR1,0.9112903225806451,0.9112903225806451,19.019557815793533,19.019557815793533,13.524452636952525
HEK293T,unchanged,PBX1,0.47580645161290325,0.47580645161290325,13.966462895597585,13.966462895597585,7.800750745183667
HEK293T,unchanged,PHF10,0.15322580645161288,0.15322580645161288,56.17113189930002,56.17113189930002,48.17169271274442
HEK293T,unchanged,PHF14,0.8709677419354839,0.8709677419354839,20.929812480680006,20.929812480680006,15.330271512071196
HEK293T,unchanged,PLCB3,0.17741935483870963,0.17741935483870963,13.257060884661723,13.257060884661723,7.074092090044102
HEK293T,unchanged,PMS1,0.2016129032258065,0.2016129032258065,15.13557769014468,15.13557769014468,9.407428947572757
HEK293T,unchanged,POLB,0.217741935483871,0.217741935483871,15.967791875077479,15.967791875077479,9.295243756572287
HEK293T,unchanged,PRCP,0.29032258064516125,0.29032258064516125,15.292145135326042,15.292145135326042,8.870409678130237
HEK293T,unchanged,PRR12,0.282258064516129,0.282258064516129,34.83424584406919,34.83424584406919,27.761396524034232
HEK293T,unchanged,PTPN1,0.7016129032258065,0.7016129032258065,11.87620235017105,11.87620235017105,6.061392983649327
HEK293T,unchanged,RAB3B,0.17741935483870963,0.17741935483870963,12.527265726858394,12.527265726858394,6.114280479955408
HEK293T,unchanged,RAF1,0.7741935483870968,0.7741935483870968,21.692713445546406,21.692713445546406,16.03821832628783
HEK293T,unchanged,RNF2,0.09677419354838712,0.09677419354838712,86.67249735542839,86.67249735542839,79.59025307769406
HEK293T,unchanged,RRM1,0.3790322580645161,0.3790322580645161,17.17234573345412,17.17234573345412,11.01940845629964
HEK293T,unchanged,SAFB,0.8064516129032258,0.8064516129032258,50.90311795062404,50.90311795062404,45.71354522202782
HEK293T,unchanged,SIN3B,0.4354838709677419,0.4354838709677419,212.672336400856,212.672336400856,206.4518060436085
HEK293T,unchanged,SIX4,0.6532258064516129,0.6532258064516129,18.694304459506174,18.694304459506174,12.569903584082397
HEK293T,unchanged,SLC25A3,0.09677419354838712,0.09677419354838712,27.1531551770951,27.1531551770951,19.970082783534505
HEK293T,unchanged,SMAGP,0.41129032258064513,0.41129032258064513,39.58868775818416,39.58868775818416,32.69661702452238
HEK293T,unchanged,SMARCA4,0.9516129032258065,0.9516129032258065,484.86993612824966,484.86993612824966,484.4304872738811
HEK293T,unchanged,SMARCA5,0.217741935483871,0.217741935483871,169.7953587750537,169.7953587750537,162.61374354814865
HEK293T,unchanged,SOX2,0.15322580645161288,0.15322580645161288,225.0288016550113,225.0288016550113,216.794226507899
HEK293T,unchanged,SRC,0.3709677419354839,0.3709677419354839,16.371917008593446,16.371917008593446,10.073852301362164
HEK293T,unchanged,SSBP1,0.3629032258064516,0.3629032258064516,35.88487883939926,35.88487883939926,29.89468066397671
HEK293T,unchanged,STAG2,0.5080645161290323,0.5080645161290323,103.88389334306963,103.88389334306963,97.59358736098605
HEK293T,unchanged,STAT1,0.75,0.75,13.14832338790347,13.14832338790347,7.638578273439544
HEK293T,unchanged,STAT6,0.3467741935483871,0.3467741935483871,34.196677186560734,34.196677186560734,27.68360045018143
HEK293T,unchanged,STX4,0.3145161290322581,0.3145161290322581,19.469303089128065,19.469303089128065,13.528960806793432
HEK293T,unchanged,SV2A,0.5,0.5,21.55946134762736,21.55946134762736,16.015553868989947
HEK293T,unchanged,TADA1,0.8548387096774194,0.8548387096774194,114.24118145315123,114.24118145315123,109.49723299662573
HEK293T,unchanged,TARBP2,0.33870967741935487,0.33870967741935487,16.479953840547704,16.479953840547704,10.216975656530703
HEK293T,unchanged,TCF3,0.11290322580645162,0.11290322580645162,16.00082000758384,16.00082000758384,9.213989679186959
HEK293T,unchanged,TET1,0.2016129032258065,0.2016129032258065,22.16306145347317,22.16306145347317,15.521752657106195
HEK293T,unchanged,TFAM,0.22580645161290325,0.22580645161290325,51.16995785441977,51.16995785441977,44.972581879196014
HEK293T,unchanged,TGFBR2,0.07258064516129037,0.07258064516129037,58.95710141260986,58.95710141260986,51.8950602888024
HEK293T,unchanged,TMBIM6,0.19354838709677424,0.19354838709677424,14.26699890971044,14.26699890971044,8.325994733415104
HEK293T,unchanged,TMSB10,0.8790322580645161,0.8790322580645161,90.87029765110834,90.87029765110834,87.02789850854882
HEK293T,unchanged,TMSB4X,0.6129032258064516,0.6129032258064516,12.365276953734016,12.365276953734016,6.742777888406805
HEK293T,unchanged,TRAM2,0.06451612903225812,0.06451612903225812,14.987120719988058,14.987120719988058,8.079439234873547
HEK293T,unchanged,TRAPPC6A,0.8467741935483871,0.8467741935483871,54.14858589402861,54.14858589402861,49.5873407361575
HEK293T,unchanged,TSC22D4,0.717741935483871,0.717741935483871,14.817678236475492,14.817678236475492,9.53530162695704
HEK293T,unchanged,TWF2,0.8790322580645161,0.8790322580645161,12.914874611143265,12.914874611143265,7.383385368631316
HEK293T,unchanged,TXNDC9,0.32258064516129037,0.32258064516129037,21.583217961918834,21.583217961918834,15.602141838709976
HEK293T,unchanged,UBE3C,0.9112903225806451,0.9112903225806451,29.708350320598925,29.708350320598925,24.61961056633454
HEK293T,unchanged,UQCRQ,0.6612903225806452,0.6612903225806452,30.449792310652615,30.449792310652615,24.750956574071726
HEK293T,unchanged,USP22,0.5403225806451613,0.5403225806451613,21.90840768676596,21.90840768676596,16.075041916998714
HEK293T,unchanged,WFS1,0.30645161290322576,0.30645161290322576,13.366927099946544,13.366927099946544,7.250599235861278
HEK293T,unchanged,WSB2,0.6693548387096775,0.6693548387096775,38.55256942308864,38.55256942308864,33.07173520675026
HEK293T,unchanged,XRCC4,0.6774193548387097,0.6774193548387097,31.477156405707575,31.477156405707575,25.647688014340318
HEK293T,unchanged,ZNF286A,0.532258064516129,0.532258064516129,12.649572062348657,12.649572062348657,6.9659576354463875
HEK293T,unchanged,ZNF426,0.4354838709677419,0.4354838709677419,14.423722351769335,14.423722351769335,8.433872996149372
HEK293T,unchanged,ZNF562,0.25,0.25,14.922653168376431,14.922653168376431,8.421431382516431
HEK293T,unchanged,ZNF593,0.3790322580645161,0.3790322580645161,21.143546753681747,21.143546753681747,15.237870214330183
HEK293T,unchanged,ZNF714,0.44354838709677424,0.44354838709677424,17.53312651520624,17.53312651520624,11.302698798313452
HEK293T,direct,ACAT2,0.9838709677419355,0.8951612903225806,688.3065708488613,68.72425678346772,63.823993167303065
HEK293T,direct,ACVR1B,0.4838709677419355,0.008064516129032251,578.8730882846403,20.68136694748383,13.878055231177221
HEK293T,direct,AKT2,0.7903225806451613,0.24193548387096775,560.8576694896353,26.278126106593533,19.92126449010161
HEK293T,direct,ANTXR1,0.15322580645161288,0.2016129032258065,359.5997692114016,12.759350373217305,6.281648783679424
HEK293T,direct,ARID1A,0.024193548387096753,0.3870967741935484,1021.3996170015598,56.274553211650804,50.151019074599915
HEK293T,direct,ATM,0.20967741935483875,0.49193548387096775,2129.5258517183684,37.23326245092056,31.214710354574386
HEK293T,direct,ATP1B1,0.6612903225806452,0.8629032258064516,726.0055265124396,12.880776413170125,7.103657420279447
HEK293T,direct,BIRC2,1.0,0.9596774193548387,603.8364714645901,32.148582835766916,27.575008205006146
HEK293T,direct,C1QBP,0.9435483870967742,0.685483870967742,394.98889610720107,33.3519532058239,27.246315046403467
HEK293T,direct,CALM3,0.15322580645161288,1.0,580.2506111455035,12.513839824196296,7.668907631249635
HEK293T,direct,CAMSAP2,0.6209677419354839,0.44354838709677424,608.4981951517881,12.665646478565733,6.611342316310343
HEK293T,direct,CASP2,0.6048387096774194,0.6370967741935484,382.1632691857197,13.705437374658084,7.571316353042958
HEK293T,direct,CASP3,0.11290322580645162,0.048387096774193505,377.93525225858605,101.74486343694795,93.096917428216
HEK293T,direct,CAST,0.25806451612903225,0.016129032258064502,619.5117883926946,26.126811953783445,19.036779608535355
HEK293T,direct,CDCA2,0.22580645161290325,0.3548387096774194,766.310287949839,17.57380296248305,11.553744821816656
HEK293T,direct,CENPO,0.8790322580645161,0.9758064516129032,587.0300639178636,17.576221008660823,12.712498568271283
HEK293T,direct,CHMP3,0.44354838709677424,0.5080645161290323,763.306564627703,37.41126510421567,31.048268339340723
HEK293T,direct,CLDN6,0.5080645161290323,0.16129032258064513,395.6913043985311,14.216036629063513,7.745522345894296
HEK293T,direct,CLDN7,0.5403225806451613,0.33870967741935487,453.48992472035457,15.850007542894101,9.9111158847012
HEK293T,direct,CREG1,0.6451612903225806,0.056451612903225756,608.4952675170608,13.690558896947618,7.165422732358011
HEK293T,direct,DAXX,0.29032258064516125,0.12903225806451613,410.6844960002661,23.388210317014124,16.433843420496565
HEK293T,direct,DHCR24,0.4193548387096774,0.6451612903225806,477.3671221786208,20.81226424584701,15.320563005308445
HEK293T,direct,DHX36,0.9516129032258065,0.3467741935483871,733.0050273922154,269.0209485995772,262.7078528374011
HEK293T,direct,DLG5,0.9435483870967742,0.3306451612903226,613.4473082627339,32.3818248347648,26.37263871043414
HEK293T,direct,DNMT1,1.0,0.6612903225806452,1127.9410958321537,312.22997326613483,306.79122207922876
HEK293T,direct,DZIP3,0.9193548387096774,0.8709677419354839,557.5696681237935,12.475892323843393,7.190090262250995
HEK293T,direct,EID2,0.6048387096774194,0.9032258064516129,521.0582902500778,13.080570776418433,7.747696612926591
HEK293T,direct,EIF4B,0.7580645161290323,0.30645161290322576,789.5159740919124,49.785007373543294,43.2144350796261
HEK293T,direct,EWSR1,0.2016129032258065,0.7741935483870968,773.0839239534442,54.975346226984556,49.444539756297004
HEK293T,direct,FOXH1,0.29032258064516125,0.5806451612903225,549.757037098026,22.143707879647827,16.447873103770036
HEK293T,direct,GSK3B,0.8306451612903226,0.056451612903225756,403.5988844486268,57.20830825770211,50.51204185568798
HEK293T,direct,HAT1,0.5483870967741935,0.9596774193548387,504.7215421930898,20.1456875112981,15.359708088433294
HEK293T,direct,HIRA,0.5403225806451613,0.040322580645161255,595.7283038159308,26.46993459746193,19.718398906007412
HEK293T,direct,HMGB2,0.5403225806451613,0.467741935483871,643.8410743541363,24.319349069533253,17.77840860197794
HEK293T,direct,HMGN1,0.532258064516129,0.8387096774193549,688.1209816065618,14.16781630173195,8.767702876729786
HEK293T,direct,IDE,0.3306451612903226,0.5,577.2984605532542,11.96613445471269,6.533869203868278
HEK293T,direct,IGF2R,0.7258064516129032,0.18548387096774188,950.4707797793412,13.890852078371424,7.79724164125766
HEK293T,direct,IKBKG,0.6129032258064516,0.3467741935483871,456.9508615078231,20.273592043253977,13.898733510708421
HEK293T,direct,INSIG1,0.5080645161290323,0.935483870967742,580.0139999856385,72.96745057222142,69.81162038772018
HEK293T,direct,IRF3,0.42741935483870963,0.45967741935483875,706.116788803364,15.639638176987553,9.907302767320234
HEK293T,direct,KAT2A,0.9596774193548387,0.9435483870967742,596.4071323003018,157.04467792614903,155.4813703225395
HEK293T,direct,KDM2B,0.7903225806451613,0.8709677419354839,392.23005944670206,29.798452588851646,24.624651878801934
HEK293T,direct,KDR,0.7096774193548387,0.935483870967742,623.510989578818,15.87806002195816,10.33903276139317
HEK293T,direct,KIF1B,0.9032258064516129,0.717741935483871,478.36165024526883,12.458651518974538,6.811285229692616
HEK293T,direct,KLF10,0.3145161290322581,0.5,322.18876482305393,19.724597321644147,13.483078652868969
HEK293T,direct,LAD1,0.5887096774193548,0.814516129032258,621.5351995112514,11.736799537477,5.997040754115741
HEK293T,direct,LRPPRC,0.9919354838709677,0.11290322580645162,973.0404680204044,55.381696088390626,48.3090043471921
HEK293T,direct,LZTR1,0.7096774193548387,0.2338709677419355,688.3892170460106,62.32623957416016,55.77028724958677
HEK293T,direct,MAP1B,0.217741935483871,0.6048387096774194,576.4384382505598,12.991007844025008,7.389600224473633
HEK293T,direct,MAP3K7,0.18548387096774188,0.3306451612903226,638.2939557557099,14.334534140803385,8.259359031729572
HEK293T,direct,MAPKAPK2,0.33870967741935487,0.9435483870967742,1205.7243448233708,13.661776217017135,8.366075938236852
HEK293T,direct,MAST2,0.5483870967741935,0.217741935483871,888.0334767735275,14.11454326227749,8.00968574439458
HEK293T,direct,MAU2,0.9193548387096774,0.6129032258064516,733.9997388449206,192.63471970286474,186.64603469011934
HEK293T,direct,MBTPS1,0.8870967741935484,1.0,2795.981211890766,120.00355105762571,118.89400894950823
HEK293T,direct,MED1,0.9193548387096774,0.3951612903225806,663.7068498414669,68.23205169193395,62.446655436667214
HEK293T,direct,MED12,0.967741935483871,0.49193548387096775,1298.273004145789,34.02550925980458,27.81722175091442
HEK293T,direct,MED13,0.9435483870967742,0.47580645161290325,636.3845256277014,38.67634061227669,32.846402572383866
HEK293T,direct,MED13L,0.814516129032258,0.7096774193548387,608.5473037473055,20.21361963913758,14.375469046459878
HEK293T,direct,MED24,0.967741935483871,0.42741935483870963,671.7855701774631,130.43685650565038,124.24959495342435
HEK293T,direct,METTL14,1.0,0.5403225806451613,1007.7348817271015,537.1457992622506,530.4222302305569
HEK293T,direct,METTL17,0.3306451612903226,0.12096774193548387,635.550308643782,50.51072529218274,42.39760445873569
HEK293T,direct,METTL3,1.0,0.935483870967742,1188.6206498606844,528.3990350916545,525.7638719721672
HEK293T,direct,MKI67,0.9032258064516129,1.0,833.2861307276456,12.64723080648937,7.68178853039728
HEK293T,direct,MTA1,0.935483870967742,0.16129032258064513,546.8099352441336,37.4185896872314,30.426109758362266
HEK293T,direct,NCK2,0.8467741935483871,0.4193548387096774,493.76401894009626,13.219275422948957,6.581988417391036
HEK293T,direct,NDUFB4,0.8467741935483871,0.09677419354838712,708.1542247969808,22.658169962113583,15.92391748590023
HEK293T,direct,NDUFB6,0.3790322580645161,0.08064516129032262,609.8323610787991,22.412343987993367,15.220309520428781
HEK293T,direct,NISCH,0.7741935483870968,0.6451612903225806,705.6965026959417,18.609954184729364,12.732734515899292
HEK293T,direct,NIT1,0.8709677419354839,0.18548387096774188,504.7573151695578,54.51086706063437,48.147302378947956
HEK293T,direct,NRAS,0.20967741935483875,0.5080645161290323,723.9003999365594,14.399536089363021,8.626178311292012
HEK293T,direct,OXCT1,0.3951612903225806,0.3145161290322581,724.1674003160501,56.805040154865644,50.21696889805045
HEK293T,direct,PAGR1,0.7661290322580645,0.9112903225806451,621.2694519642457,19.019557815793533,13.524452636952525
HEK293T,direct,PBX1,0.814516129032258,0.47580645161290325,540.7949392870491,13.966462895597585,7.800750745183667
HEK293T,direct,PHF10,0.29032258064516125,0.15322580645161288,1290.7347770379786,56.17113189930002,48.17169271274442
HEK293T,direct,PHF14,0.5725806451612903,0.8709677419354839,561.1943774498102,20.929812480680006,15.330271512071196
HEK293T,direct,PLCB3,0.3951612903225806,0.17741935483870963,5577.158593157135,13.257060884661723,7.074092090044102
HEK293T,direct,PMS1,0.7983870967741935,0.2016129032258065,605.7774170587213,15.13557769014468,9.407428947572757
HEK293T,direct,POLB,0.14516129032258063,0.217741935483871,466.5089847109065,15.967791875077479,9.295243756572287
HEK293T,direct,PRCP,0.7661290322580645,0.29032258064516125,357.9726278344219,15.292145135326042,8.870409678130237
HEK293T,direct,PRR12,0.06451612903225812,0.282258064516129,468.8190326284689,34.83424584406919,27.761396524034232
HEK293T,direct,PTPN1,0.16129032258064513,0.7016129032258065,846.1739654453257,11.87620235017105,6.061392983649327
HEK293T,direct,RAB3B,0.3709677419354839,0.17741935483870963,1783.9617108807026,12.527265726858394,6.114280479955408
HEK293T,direct,RAF1,0.7338709677419355,0.7741935483870968,1162.3471020776897,21.692713445546406,16.03821832628783
HEK293T,direct,RNF2,0.7258064516129032,0.09677419354838712,538.3689339572777,86.67249735542839,79.59025307769406
HEK293T,direct,RRM1,0.06451612903225812,0.3790322580645161,980.6894613519137,17.17234573345412,11.01940845629964
HEK293T,direct,SAFB,0.8790322580645161,0.8064516129032258,455.51399864987343,50.90311795062404,45.71354522202782
HEK293T,direct,SIN3B,0.9516129032258065,0.4354838709677419,1038.318859841522,212.672336400856,206.4518060436085
HEK293T,direct,SIX4,0.6370967741935484,0.6532258064516129,424.4093431981263,18.694304459506174,12.569903584082397
HEK293T,direct,SLC25A3,0.8629032258064516,0.09677419354838712,469.7693000617047,27.1531551770951,19.970082783534505
HEK293T,direct,SMAGP,0.8387096774193549,0.41129032258064513,441.0836860754793,39.58868775818416,32.69661702452238
HEK293T,direct,SMARCA4,1.0,0.9516129032258065,1087.3686132612852,484.86993612824966,484.4304872738811
HEK293T,direct,SMARCA5,1.0,0.217741935483871,503.1342961301327,169.7953587750537,162.61374354814865
HEK293T,direct,SOX2,0.5725806451612903,0.15322580645161288,1183.4397302124685,225.0288016550113,216.794226507899
HEK293T,direct,SRC,0.8467741935483871,0.3709677419354839,470.67779468361914,16.371917008593446,10.073852301362164
HEK293T,direct,SSBP1,0.9193548387096774,0.3629032258064516,631.9752475836781,35.88487883939926,29.89468066397671
HEK293T,direct,STAG2,0.3548387096774194,0.5080645161290323,758.5953193928447,103.88389334306963,97.59358736098605
HEK293T,direct,STAT1,0.7661290322580645,0.75,381.91576271668777,13.14832338790347,7.638578273439544
HEK293T,direct,STAT6,0.8225806451612903,0.3467741935483871,498.6770250488511,34.196677186560734,27.68360045018143
HEK293T,direct,STX4,0.07258064516129037,0.3145161290322581,422.2418967855204,19.469303089128065,13.528960806793432
HEK293T,direct,SV2A,0.25,0.5,704.6921776337529,21.55946134762736,16.015553868989947
HEK293T,direct,TADA1,0.9919354838709677,0.8548387096774194,767.6713698674432,114.24118145315123,109.49723299662573
HEK293T,direct,TARBP2,0.3145161290322581,0.33870967741935487,459.5225617932245,16.479953840547704,10.216975656530703
HEK293T,direct,TCF3,0.16935483870967738,0.11290322580645162,506.7845601392635,16.00082000758384,9.213989679186959
HEK293T,direct,TET1,0.7903225806451613,0.2016129032258065,478.71325976515715,22.16306145347317,15.521752657106195
HEK293T,direct,TFAM,0.967741935483871,0.22580645161290325,610.7171773639969,51.16995785441977,44.972581879196014
HEK293T,direct,TGFBR2,0.3790322580645161,0.07258064516129037,537.211076728744,58.95710141260986,51.8950602888024
HEK293T,direct,TMBIM6,0.040322580645161255,0.19354838709677424,1780.634252297542,14.26699890971044,8.325994733415104
HEK293T,direct,TMSB10,0.8548387096774194,0.8790322580645161,814.6197323970127,90.87029765110834,87.02789850854882
HEK293T,direct,TMSB4X,0.3951612903225806,0.6129032258064516,390.15830855233213,12.365276953734016,6.742777888406805
HEK293T,direct,TRAM2,0.6209677419354839,0.06451612903225812,469.80310159364427,14.987120719988058,8.079439234873547
HEK293T,direct,TRAPPC6A,0.75,0.8467741935483871,438.00769442429555,54.14858589402861,49.5873407361575
HEK293T,direct,TSC22D4,0.717741935483871,0.717741935483871,697.1674608299609,14.817678236475492,9.53530162695704
HEK293T,direct,TWF2,0.8064516129032258,0.8790322580645161,803.0524671437017,12.914874611143265,7.383385368631316
HEK293T,direct,TXNDC9,0.5,0.32258064516129037,569.1415570951142,21.583217961918834,15.602141838709976
HEK293T,direct,UBE3C,0.782258064516129,0.9112903225806451,625.8190662883381,29.708350320598925,24.61961056633454
HEK293T,direct,UQCRQ,0.9596774193548387,0.6612903225806452,522.9367985731186,30.449792310652615,24.750956574071726
HEK293T,direct,USP22,0.9516129032258065,0.5403225806451613,843.8599623737341,21.90840768676596,16.075041916998714
HEK293T,direct,WFS1,0.08064516129032262,0.30645161290322576,583.9073892741686,13.366927099946544,7.250599235861278
HEK293T,direct,WSB2,0.782258064516129,0.6693548387096775,580.6415395381191,38.55256942308864,33.07173520675026
HEK293T,direct,XRCC4,0.282258064516129,0.6774193548387097,364.32458689208204,31.477156405707575,25.647688014340318
HEK293T,direct,ZNF286A,0.3548387096774194,0.532258064516129,425.32341862136315,12.649572062348657,6.9659576354463875
HEK293T,direct,ZNF426,0.16129032258064513,0.4354838709677419,548.0218889467666,14.423722351769335,8.433872996149372
HEK293T,direct,ZNF562,0.9193548387096774,0.25,449.98332171345464,14.922653168376431,8.421431382516431
HEK293T,direct,ZNF593,0.3629032258064516,0.3790322580645161,477.81985155817654,21.143546753681747,15.237870214330183
HEK293T,direct,ZNF714,0.9596774193548387,0.44354838709677424,507.5354677619178,17.53312651520624,11.302698798313452
HEK293T,global_median,ACAT2,0.8548387096774194,0.8951612903225806,498.1936964605475,68.72425678346772,63.823993167303065
HEK293T,global_median,ACVR1B,0.3790322580645161,0.008064516129032251,409.090604331253,20.68136694748383,13.878055231177221
HEK293T,global_median,AKT2,0.6370967741935484,0.24193548387096775,407.6008212256278,26.278126106593533,19.92126449010161
HEK293T,global_median,ANTXR1,0.17741935483870963,0.2016129032258065,262.37332725523413,12.759350373217305,6.281648783679424
HEK293T,global_median,ARID1A,0.008064516129032251,0.3870967741935484,706.664290314199,56.274553211650804,50.151019074599915
HEK293T,global_median,ATM,0.0,0.49193548387096775,1318.087514137281,37.23326245092056,31.214710354574386
HEK293T,global_median,ATP1B1,0.7338709677419355,0.8629032258064516,517.1068528103278,12.880776413170125,7.103657420279447
HEK293T,global_median,BIRC2,0.9838709677419355,0.9596774193548387,433.25975466501984,32.148582835766916,27.575008205006146
HEK293T,global_median,C1QBP,0.9596774193548387,0.685483870967742,289.10320875737364,33.3519532058239,27.246315046403467
HEK293T,global_median,CALM3,0.16935483870967738,1.0,442.6203903004757,12.513839824196296,7.668907631249635
HEK293T,global_median,CAMSAP2,0.5241935483870968,0.44354838709677424,425.5415459214033,12.665646478565733,6.611342316310343
HEK293T,global_median,CASP2,0.6693548387096775,0.6370967741935484,275.0103977537215,13.705437374658084,7.571316353042958
HEK293T,global_median,CASP3,0.16129032258064513,0.048387096774193505,297.04445457456904,101.74486343694795,93.096917428216
HEK293T,global_median,CAST,0.2661290322580645,0.016129032258064502,471.0262259597661,26.126811953783445,19.036779608535355
HEK293T,global_median,CDCA2,0.11290322580645162,0.3548387096774194,496.3924440985513,17.57380296248305,11.553744821816656
HEK293T,global_median,CENPO,0.8951612903225806,0.9758064516129032,421.0208537902238,17.576221008660823,12.712498568271283
HEK293T,global_median,CHMP3,0.4354838709677419,0.5080645161290323,469.8825780346374,37.41126510421567,31.048268339340723
HEK293T,global_median,CLDN6,0.25806451612903225,0.16129032258064513,282.2457470631869,14.216036629063513,7.745522345894296
HEK293T,global_median,CLDN7,0.47580645161290325,0.33870967741935487,334.89756222615415,15.850007542894101,9.9111158847012
HEK293T,global_median,CREG1,0.5,0.056451612903225756,430.98057609206785,13.690558896947618,7.165422732358011
HEK293T,global_median,DAXX,0.24193548387096775,0.12903225806451613,287.29544839791333,23.388210317014124,16.433843420496565
HEK293T,global_median,DHCR24,0.3709677419354839,0.6451612903225806,347.4694634423744,20.81226424584701,15.320563005308445
HEK293T,global_median,DHX36,0.7016129032258065,0.3467741935483871,604.1488620509143,269.0209485995772,262.7078528374011
HEK293T,global_median,DLG5,0.8629032258064516,0.3306451612903226,441.92153977095245,32.3818248347648,26.37263871043414
HEK293T,global_median,DNMT1,0.9919354838709677,0.6612903225806452,471.3595951167563,312.22997326613483,306.79122207922876
HEK293T,global_median,DZIP3,0.7258064516129032,0.8709677419354839,383.03739114282746,12.475892323843393,7.190090262250995
HEK293T,global_median,EID2,0.49193548387096775,0.9032258064516129,377.0277454725109,13.080570776418433,7.747696612926591
HEK293T,global_median,EIF4B,0.3709677419354839,0.30645161290322576,562.2955281450643,49.785007373543294,43.2144350796261
HEK293T,global_median,EWSR1,0.016129032258064502,0.7741935483870968,537.1916726173727,54.975346226984556,49.444539756297004
HEK293T,global_median,FOXH1,0.09677419354838712,0.5806451612903225,400.6852226313065,22.143707879647827,16.447873103770036
HEK293T,global_median,GSK3B,0.6774193548387097,0.056451612903225756,299.137451936112,57.20830825770211,50.51204185568798
HEK293T,global_median,HAT1,0.3790322580645161,0.9596774193548387,384.524154923113,20.1456875112981,15.359708088433294
HEK293T,global_median,HIRA,0.17741935483870963,0.040322580645161255,405.4698162405501,26.46993459746193,19.718398906007412
HEK293T,global_median,HMGB2,0.5403225806451613,0.467741935483871,439.89038008868636,24.319349069533253,17.77840860197794
HEK293T,global_median,HMGN1,0.6451612903225806,0.8387096774193549,495.3367713937042,14.16781630173195,8.767702876729786
HEK293T,global_median,IDE,0.4032258064516129,0.5,425.1449757836568,11.96613445471269,6.533869203868278
HEK293T,global_median,IGF2R,0.7096774193548387,0.18548387096774188,597.1045261993859,13.890852078371424,7.79724164125766
HEK293T,global_median,IKBKG,0.4516129032258065,0.3467741935483871,318.9349422259686,20.273592043253977,13.898733510708421
HEK293T,global_median,INSIG1,0.20967741935483875,0.935483870967742,438.8894368052056,72.96745057222142,69.81162038772018
HEK293T,global_median,IRF3,0.3870967741935484,0.45967741935483875,488.7707951193313,15.639638176987553,9.907302767320234
HEK293T,global_median,KAT2A,0.8709677419354839,0.9435483870967742,462.7381293250086,157.04467792614903,155.4813703225395
HEK293T,global_median,KDM2B,0.8064516129032258,0.8709677419354839,291.00043773236007,29.798452588851646,24.624651878801934
HEK293T,global_median,KDR,0.24193548387096775,0.935483870967742,423.9831638592167,15.87806002195816,10.33903276139317
HEK293T,global_median,KIF1B,0.8064516129032258,0.717741935483871,280.25027431884376,12.458651518974538,6.811285229692616
HEK293T,global_median,KLF10,0.27419354838709675,0.5,241.47179816623017,19.724597321644147,13.483078652868969
HEK293T,global_median,LAD1,0.6209677419354839,0.814516129032258,424.38141767834253,11.736799537477,5.997040754115741
HEK293T,global_median,LRPPRC,0.7419354838709677,0.11290322580645162,663.8700779497528,55.381696088390626,48.3090043471921
HEK293T,global_median,LZTR1,0.4193548387096774,0.2338709677419355,521.9199238837491,62.32623957416016,55.77028724958677
HEK293T,global_median,MAP1B,0.3145161290322581,0.6048387096774194,401.7186708505599,12.991007844025008,7.389600224473633
HEK293T,global_median,MAP3K7,0.09677419354838712,0.3306451612903226,444.8140807763911,14.334534140803385,8.259359031729572
HEK293T,global_median,MAPKAPK2,0.3145161290322581,0.9435483870967742,790.7524549218524,13.661776217017135,8.366075938236852
HEK293T,global_median,MAST2,0.10483870967741937,0.217741935483871,558.1249017818329,14.11454326227749,8.00968574439458
HEK293T,global_median,MAU2,0.8951612903225806,0.6129032258064516,554.5141524761298,192.63471970286474,186.64603469011934
HEK293T,global_median,MBTPS1,0.8548387096774194,1.0,1788.4284657375497,120.00355105762571,118.89400894950823
HEK293T,global_median,MED1,0.9193548387096774,0.3951612903225806,489.9013365399598,68.23205169193395,62.446655436667214
HEK293T,global_median,MED12,0.9596774193548387,0.49193548387096775,799.3143285222404,34.02550925980458,27.81722175091442
HEK293T,global_median,MED13,0.967741935483871,0.47580645161290325,448.57080874878244,38.67634061227669,32.846402572383866
HEK293T,global_median,MED13L,0.935483870967742,0.7096774193548387,382.7800502127706,20.21361963913758,14.375469046459878
HEK293T,global_median,MED24,0.9838709677419355,0.42741935483870963,481.85215626395257,130.43685650565038,124.24959495342435
HEK293T,global_median,METTL14,0.8951612903225806,0.5403225806451613,863.7715737856906,537.1457992622506,530.4222302305569
HEK293T,global_median,METTL17,0.30645161290322576,0.12096774193548387,449.8906833661667,50.51072529218274,42.39760445873569
HEK293T,global_median,METTL3,0.8709677419354839,0.935483870967742,963.7189890709185,528.3990350916545,525.7638719721672
HEK293T,global_median,MKI67,0.9032258064516129,1.0,573.6678399450774,12.64723080648937,7.68178853039728
HEK293T,global_median,MTA1,0.6129032258064516,0.16129032258064513,406.66503134217294,37.4185896872314,30.426109758362266
HEK293T,global_median,NCK2,0.6693548387096775,0.4193548387096774,356.3616367729665,13.219275422948957,6.581988417391036
HEK293T,global_median,NDUFB4,0.8306451612903226,0.09677419354838712,490.90174830213584,22.658169962113583,15.92391748590023
HEK293T,global_median,NDUFB6,0.3709677419354839,0.08064516129032262,446.21787157573954,22.412343987993367,15.220309520428781
HEK293T,global_median,NISCH,0.564516129032258,0.6451612903225806,493.5842331227718,18.609954184729364,12.732734515899292
HEK293T,global_median,NIT1,0.782258064516129,0.18548387096774188,366.51957070197994,54.51086706063437,48.147302378947956
HEK293T,global_median,NRAS,0.27419354838709675,0.5080645161290323,504.60095703864425,14.399536089363021,8.626178311292012
HEK293T,global_median,OXCT1,0.12903225806451613,0.3145161290322581,534.2972962188219,56.805040154865644,50.21696889805045
HEK293T,global_median,PAGR1,0.8225806451612903,0.9112903225806451,453.66665253461014,19.019557815793533,13.524452636952525
HEK293T,global_median,PBX1,0.7741935483870968,0.47580645161290325,398.4788307107059,13.966462895597585,7.800750745183667
HEK293T,global_median,PHF10,0.09677419354838712,0.15322580645161288,827.7544667215949,56.17113189930002,48.17169271274442
HEK293T,global_median,PHF14,0.30645161290322576,0.8709677419354839,403.640264299231,20.929812480680006,15.330271512071196
HEK293T,global_median,PLCB3,0.3870967741935484,0.17741935483870963,4304.947176504688,13.257060884661723,7.074092090044102
HEK293T,global_median,PMS1,0.5241935483870968,0.2016129032258065,450.28134228017774,15.13557769014468,9.407428947572757
HEK293T,global_median,POLB,0.14516129032258063,0.217741935483871,359.23068600609577,15.967791875077479,9.295243756572287
HEK293T,global_median,PRCP,0.7338709677419355,0.29032258064516125,267.686407493135,15.292145135326042,8.870409678130237
HEK293T,global_median,PRR12,0.08870967741935487,0.282258064516129,333.1565905387887,34.83424584406919,27.761396524034232
HEK293T,global_median,PTPN1,0.16129032258064513,0.7016129032258065,564.8413023318602,11.87620235017105,6.061392983649327
HEK293T,global_median,RAB3B,0.532258064516129,0.17741935483870963,1142.63417871445,12.527265726858394,6.114280479955408
HEK293T,global_median,RAF1,0.8467741935483871,0.7741935483870968,759.7986017096982,21.692713445546406,16.03821832628783
HEK293T,global_median,RNF2,0.25806451612903225,0.09677419354838712,386.6034655740979,86.67249735542839,79.59025307769406
HEK293T,global_median,RRM1,0.016129032258064502,0.3790322580645161,559.3508961420516,17.17234573345412,11.01940845629964
HEK293T,global_median,SAFB,0.6774193548387097,0.8064516129032258,340.5362119150321,50.90311795062404,45.71354522202782
HEK293T,global_median,SIN3B,0.9274193548387096,0.4354838709677419,725.882443823484,212.672336400856,206.4518060436085
HEK293T,global_median,SIX4,0.25,0.6532258064516129,313.7631165746009,18.694304459506174,12.569903584082397
HEK293T,global_median,SLC25A3,0.8548387096774194,0.09677419354838712,341.3803076572781,27.1531551770951,19.970082783534505
HEK293T,global_median,SMAGP,0.685483870967742,0.41129032258064513,335.1329970648378,39.58868775818416,32.69661702452238
HEK293T,global_median,SMARCA4,0.9838709677419355,0.9516129032258065,873.945512833318,484.86993612824966,484.4304872738811
HEK293T,global_median,SMARCA5,0.9516129032258065,0.217741935483871,390.4297040528261,169.7953587750537,162.61374354814865
HEK293T,global_median,SOX2,0.9193548387096774,0.15322580645161288,778.5394655824052,225.0288016550113,216.794226507899
HEK293T,global_median,SRC,0.8790322580645161,0.3709677419354839,365.81485789628687,16.371917008593446,10.073852301362164
HEK293T,global_median,SSBP1,0.8306451612903226,0.3629032258064516,461.3894028868036,35.88487883939926,29.89468066397671
HEK293T,global_median,STAG2,0.5887096774193548,0.5080645161290323,551.5069091486856,103.88389334306963,97.59358736098605
HEK293T,global_median,STAT1,0.5967741935483871,0.75,268.9380416688472,13.14832338790347,7.638578273439544
HEK293T,global_median,STAT6,0.7419354838709677,0.3467741935483871,358.5143292093073,34.196677186560734,27.68360045018143
HEK293T,global_median,STX4,0.08870967741935487,0.3145161290322581,303.0877567134627,19.469303089128065,13.528960806793432
HEK293T,global_median,SV2A,0.10483870967741937,0.5,495.5417640312995,21.55946134762736,16.015553868989947
HEK293T,global_median,TADA1,0.9758064516129032,0.8548387096774194,546.4136995378942,114.24118145315123,109.49723299662573
HEK293T,global_median,TARBP2,0.27419354838709675,0.33870967741935487,330.9853191550793,16.479953840547704,10.216975656530703
HEK293T,global_median,TCF3,0.12903225806451613,0.11290322580645162,346.98384956205774,16.00082000758384,9.213989679186959
HEK293T,global_median,TET1,0.7903225806451613,0.2016129032258065,357.5594239389862,22.16306145347317,15.521752657106195
HEK293T,global_median,TFAM,0.7983870967741935,0.22580645161290325,432.5328927171289,51.16995785441977,44.972581879196014
HEK293T,global_median,TGFBR2,0.3790322580645161,0.07258064516129037,393.6003792852102,58.95710141260986,51.8950602888024
HEK293T,global_median,TMBIM6,0.056451612903225756,0.19354838709677424,1163.2467681896915,14.26699890971044,8.325994733415104
HEK293T,global_median,TMSB10,0.5,0.8790322580645161,598.3263540783463,90.87029765110834,87.02789850854882
HEK293T,global_median,TMSB4X,0.22580645161290325,0.6129032258064516,284.7692186800075,12.365276953734016,6.742777888406805
HEK293T,global_median,TRAM2,0.5403225806451613,0.06451612903225812,339.56168467623024,14.987120719988058,8.079439234873547
HEK293T,global_median,TRAPPC6A,0.7741935483870968,0.8467741935483871,346.74721185561873,54.14858589402861,49.5873407361575
HEK293T,global_median,TSC22D4,0.6532258064516129,0.717741935483871,492.8204193856431,14.817678236475492,9.53530162695704
HEK293T,global_median,TWF2,0.6774193548387097,0.8790322580645161,567.3437849976153,12.914874611143265,7.383385368631316
HEK293T,global_median,TXNDC9,0.5806451612903225,0.32258064516129037,421.75723099008815,21.583217961918834,15.602141838709976
HEK293T,global_median,UBE3C,0.7419354838709677,0.9112903225806451,447.2849489795555,29.708350320598925,24.61961056633454
HEK293T,global_median,UQCRQ,0.7258064516129032,0.6612903225806452,369.56691800640345,30.449792310652615,24.750956574071726
HEK293T,global_median,USP22,0.967741935483871,0.5403225806451613,531.9469577742192,21.90840768676596,16.075041916998714
HEK293T,global_median,WFS1,0.12096774193548387,0.30645161290322576,421.6013456264974,13.366927099946544,7.250599235861278
HEK293T,global_median,WSB2,0.7661290322580645,0.6693548387096775,422.89945894783534,38.55256942308864,33.07173520675026
HEK293T,global_median,XRCC4,0.19354838709677424,0.6774193548387097,277.7871871493763,31.477156405707575,25.647688014340318
HEK293T,global_median,ZNF286A,0.6209677419354839,0.532258064516129,304.75118803452017,12.649572062348657,6.9659576354463875
HEK293T,global_median,ZNF426,0.16129032258064513,0.4354838709677419,399.3970333329266,14.423722351769335,8.433872996149372
HEK293T,global_median,ZNF562,0.8548387096774194,0.25,315.9998019175804,14.922653168376431,8.421431382516431
HEK293T,global_median,ZNF593,0.4032258064516129,0.3790322580645161,359.01545556372105,21.143546753681747,15.237870214330183
HEK293T,global_median,ZNF714,0.9193548387096774,0.44354838709677424,343.6751419087624,17.53312651520624,11.302698798313452
HEK293T,context_interaction,ACAT2,0.7983870967741935,0.8951612903225806,25944.691901042184,68.72425678346772,63.823993167303065
HEK293T,context_interaction,ACVR1B,0.782258064516129,0.008064516129032251,25948.775635424932,20.68136694748383,13.878055231177221
HEK293T,context_interaction,AKT2,0.3548387096774194,0.24193548387096775,26009.623869433206,26.278126106593533,19.92126449010161
HEK293T,context_interaction,ANTXR1,0.7338709677419355,0.2016129032258065,25952.74056647368,12.759350373217305,6.281648783679424
HEK293T,context_interaction,ARID1A,0.8870967741935484,0.3870967741935484,25923.91447930543,56.274553211650804,50.151019074599915
HEK293T,context_interaction,ATM,0.3629032258064516,0.49193548387096775,25955.458191737245,37.23326245092056,31.214710354574386
HEK293T,context_interaction,ATP1B1,0.6774193548387097,0.8629032258064516,25963.812017533557,12.880776413170125,7.103657420279447
HEK293T,context_interaction,BIRC2,0.2661290322580645,0.9596774193548387,26010.858922293202,32.148582835766916,27.575008205006146
HEK293T,context_interaction,C1QBP,0.06451612903225812,0.685483870967742,26076.45142229009,33.3519532058239,27.246315046403467
HEK293T,context_interaction,CALM3,0.532258064516129,1.0,25965.889381414443,12.513839824196296,7.668907631249635
HEK293T,context_interaction,CAMSAP2,0.7258064516129032,0.44354838709677424,25952.003676943976,12.665646478565733,6.611342316310343
HEK293T,context_interaction,CASP2,0.048387096774193505,0.6370967741935484,25986.1764143552,13.705437374658084,7.571316353042958
HEK293T,context_interaction,CASP3,0.07258064516129037,0.048387096774193505,26217.556447361705,101.74486343694795,93.096917428216
HEK293T,context_interaction,CAST,0.5806451612903225,0.016129032258064502,25973.45268181793,26.126811953783445,19.036779608535355
HEK293T,context_interaction,CDCA2,0.9274193548387096,0.3548387096774194,25921.403834852306,17.57380296248305,11.553744821816656
HEK293T,context_interaction,CENPO,0.17741935483870963,0.9758064516129032,26044.92306337158,17.576221008660823,12.712498568271283
HEK293T,context_interaction,CHMP3,0.6129032258064516,0.5080645161290323,25956.675165542754,37.41126510421567,31.048268339340723
HEK293T,context_interaction,CLDN6,0.16129032258064513,0.16129032258064513,25980.6262178512,14.216036629063513,7.745522345894296
HEK293T,context_interaction,CLDN7,0.41129032258064513,0.33870967741935487,26004.666327502928,15.850007542894101,9.9111158847012
HEK293T,context_interaction,CREG1,0.9758064516129032,0.056451612903225756,25918.776822251777,13.690558896947618,7.165422732358011
HEK293T,context_interaction,DAXX,0.4838709677419355,0.12903225806451613,26020.120120118827,23.388210317014124,16.433843420496565
HEK293T,context_interaction,DHCR24,0.9193548387096774,0.6451612903225806,25936.24060275304,20.81226424584701,15.320563005308445
HEK293T,context_interaction,DHX36,0.8548387096774194,0.3467741935483871,26006.3572353824,269.0209485995772,262.7078528374011
HEK293T,context_interaction,DLG5,0.6129032258064516,0.3306451612903226,25959.745676794955,32.3818248347648,26.37263871043414
HEK293T,context_interaction,DNMT1,0.9919354838709677,0.6612903225806452,20903.499256736122,312.22997326613483,306.79122207922876
HEK293T,context_interaction,DZIP3,0.7096774193548387,0.8709677419354839,25952.163427805008,12.475892323843393,7.190090262250995
HEK293T,context_interaction,EID2,0.6209677419354839,0.9032258064516129,25977.50682805572,13.080570776418433,7.747696612926591
HEK293T,context_interaction,EIF4B,0.3709677419354839,0.30645161290322576,25988.95974153177,49.785007373543294,43.2144350796261
HEK293T,context_interaction,EWSR1,0.7903225806451613,0.7741935483870968,25943.718931438903,54.975346226984556,49.444539756297004
HEK293T,context_interaction,FOXH1,0.7580645161290323,0.5806451612903225,25963.311719344438,22.143707879647827,16.447873103770036
HEK293T,context_interaction,GSK3B,0.8951612903225806,0.056451612903225756,25941.408806758176,57.20830825770211,50.51204185568798
HEK293T,context_interaction,HAT1,0.6370967741935484,0.9596774193548387,25973.168282673094,20.1456875112981,15.359708088433294
HEK293T,context_interaction,HIRA,0.6290322580645161,0.040322580645161255,25962.665403748655,26.46993459746193,19.718398906007412
HEK293T,context_interaction,HMGB2,0.16129032258064513,0.467741935483871,26000.333371934124,24.319349069533253,17.77840860197794
HEK293T,context_interaction,HMGN1,0.09677419354838712,0.8387096774193549,26020.776842329873,14.16781630173195,8.767702876729786
HEK293T,context_interaction,IDE,0.564516129032258,0.5,25963.096358954117,11.96613445471269,6.533869203868278
HEK293T,context_interaction,IGF2R,0.5483870967741935,0.18548387096774188,25970.09075371929,13.890852078371424,7.79724164125766
HEK293T,context_interaction,IKBKG,0.717741935483871,0.3467741935483871,25971.07274026851,20.273592043253977,13.898733510708421
HEK293T,context_interaction,INSIG1,0.41129032258064513,0.935483870967742,26022.629294657287,72.96745057222142,69.81162038772018
HEK293T,context_interaction,IRF3,0.3306451612903226,0.45967741935483875,25968.69659597461,15.639638176987553,9.907302767320234
HEK293T,context_interaction,KAT2A,0.016129032258064502,0.9435483870967742,26367.27762834348,157.04467792614903,155.4813703225395
HEK293T,context_interaction,KDM2B,0.45967741935483875,0.8709677419354839,25955.46217225321,29.798452588851646,24.624651878801934
HEK293T,context_interaction,KDR,0.49193548387096775,0.935483870967742,25955.166982370443,15.87806002195816,10.33903276139317
HEK293T,context_interaction,KIF1B,0.6129032258064516,0.717741935483871,23699.12816948413,12.458651518974538,6.811285229692616
HEK293T,context_interaction,KLF10,0.14516129032258063,0.5,23530.452955985507,19.724597321644147,13.483078652868969
HEK293T,context_interaction,LAD1,0.44354838709677424,0.814516129032258,25995.16553840295,11.736799537477,5.997040754115741
HEK293T,context_interaction,LRPPRC,0.7338709677419355,0.11290322580645162,25952.30707694299,55.381696088390626,48.3090043471921
HEK293T,context_interaction,LZTR1,0.935483870967742,0.2338709677419355,25933.133526330537,62.32623957416016,55.77028724958677
HEK293T,context_interaction,MAP1B,0.08064516129032262,0.6048387096774194,25998.294849492035,12.991007844025008,7.389600224473633
HEK293T,context_interaction,MAP3K7,0.217741935483871,0.3306451612903226,25988.478842537632,14.334534140803385,8.259359031729572
HEK293T,context_interaction,MAPKAPK2,0.3467741935483871,0.9435483870967742,25968.24036186478,13.661776217017135,8.366075938236852
HEK293T,context_interaction,MAST2,0.8225806451612903,0.217741935483871,25928.58053847315,14.11454326227749,8.00968574439458
HEK293T,context_interaction,MAU2,0.3145161290322581,0.6129032258064516,26172.81151649273,192.63471970286474,186.64603469011934
HEK293T,context_interaction,MBTPS1,0.5080645161290323,1.0,25981.277952730274,120.00355105762571,118.89400894950823
HEK293T,context_interaction,MED1,0.016129032258064502,0.3951612903225806,26195.432824199346,68.23205169193395,62.446655436667214
HEK293T,context_interaction,MED12,0.016129032258064502,0.49193548387096775,26089.298292073647,34.02550925980458,27.81722175091442
HEK293T,context_interaction,MED13,0.056451612903225756,0.47580645161290325,26104.281456869554,38.67634061227669,32.846402572383866
HEK293T,context_interaction,MED13L,0.12096774193548387,0.7096774193548387,25965.26302009727,20.21361963913758,14.375469046459878
HEK293T,context_interaction,MED24,0.08870967741935487,0.42741935483870963,26154.754998251236,130.43685650565038,124.24959495342435
HEK293T,context_interaction,METTL14,0.9919354838709677,0.5403225806451613,25939.919330273195,537.1457992622506,530.4222302305569
HEK293T,context_interaction,METTL17,0.7983870967741935,0.12096774193548387,25960.08344546928,50.51072529218274,42.39760445873569
HEK293T,context_interaction,METTL3,1.0,0.935483870967742,25909.56039524958,528.3990350916545,525.7638719721672
HEK293T,context_interaction,MKI67,0.5,1.0,25979.670745688447,12.64723080648937,7.68178853039728
HEK293T,context_interaction,MTA1,0.13709677419354838,0.16129032258064513,26026.72865056536,37.4185896872314,30.426109758362266
HEK293T,context_interaction,NCK2,0.8709677419354839,0.4193548387096774,25948.25938466046,13.219275422948957,6.581988417391036
HEK293T,context_interaction,NDUFB4,0.9112903225806451,0.09677419354838712,25927.5440310736,22.658169962113583,15.92391748590023
HEK293T,context_interaction,NDUFB6,0.9435483870967742,0.08064516129032262,25919.727254244506,22.412343987993367,15.220309520428781
HEK293T,context_interaction,NISCH,0.6129032258064516,0.6451612903225806,25962.490625132723,18.609954184729364,12.732734515899292
HEK293T,context_interaction,NIT1,0.3951612903225806,0.18548387096774188,26026.040028364467,54.51086706063437,48.147302378947956
HEK293T,context_interaction,NRAS,0.2983870967741935,0.5080645161290323,26000.657806200048,14.399536089363021,8.626178311292012
HEK293T,context_interaction,OXCT1,0.6935483870967742,0.3145161290322581,25946.407736975794,56.805040154865644,50.21696889805045
HEK293T,context_interaction,PAGR1,0.12903225806451613,0.9112903225806451,25874.916239828948,19.019557815793533,13.524452636952525
HEK293T,context_interaction,PBX1,0.25,0.47580645161290325,25999.14656390461,13.966462895597585,7.800750745183667
HEK293T,context_interaction,PHF10,0.47580645161290325,0.15322580645161288,25995.48869954019,56.17113189930002,48.17169271274442
HEK293T,context_interaction,PHF14,0.25806451612903225,0.8709677419354839,25996.90502828752,20.929812480680006,15.330271512071196
HEK293T,context_interaction,PLCB3,0.20967741935483875,0.17741935483870963,25924.936796817317,13.257060884661723,7.074092090044102
HEK293T,context_interaction,PMS1,0.7741935483870968,0.2016129032258065,25955.207562469033,15.13557769014468,9.407428947572757
HEK293T,context_interaction,POLB,0.41129032258064513,0.217741935483871,25988.473065001548,15.967791875077479,9.295243756572287
HEK293T,context_interaction,PRCP,0.532258064516129,0.29032258064516125,25989.562767731033,15.292145135326042,8.870409678130237
HEK293T,context_interaction,PRR12,0.14516129032258063,0.282258064516129,26054.488302123686,34.83424584406919,27.761396524034232
HEK293T,context_interaction,PTPN1,0.6693548387096775,0.7016129032258065,25990.53413840198,11.87620235017105,6.061392983649327
HEK293T,context_interaction,RAB3B,0.4032258064516129,0.17741935483870963,25938.09730500474,12.527265726858394,6.114280479955408
HEK293T,context_interaction,RAF1,0.29032258064516125,0.7741935483870968,25969.243801991717,21.692713445546406,16.03821832628783
HEK293T,context_interaction,RNF2,0.5161290322580645,0.09677419354838712,26061.612308392956,86.67249735542839,79.59025307769406
HEK293T,context_interaction,RRM1,0.5725806451612903,0.3790322580645161,25984.22658365365,17.17234573345412,11.01940845629964
HEK293T,context_interaction,SAFB,0.3709677419354839,0.8064516129032258,26061.669849376012,50.90311795062404,45.71354522202782
HEK293T,context_interaction,SIN3B,0.967741935483871,0.4354838709677419,25878.448712492904,212.672336400856,206.4518060436085
HEK293T,context_interaction,SIX4,0.8951612903225806,0.6532258064516129,25942.101514867012,18.694304459506174,12.569903584082397
HEK293T,context_interaction,SLC25A3,0.7016129032258065,0.09677419354838712,25968.423196559128,27.1531551770951,19.970082783534505
HEK293T,context_interaction,SMAGP,0.8387096774193549,0.41129032258064513,24173.942902089355,39.58868775818416,32.69661702452238
HEK293T,context_interaction,SMARCA4,0.3790322580645161,0.9516129032258065,26453.39628717371,484.86993612824966,484.4304872738811
HEK293T,context_interaction,SMARCA5,0.7983870967741935,0.217741935483871,26048.521496265257,169.7953587750537,162.61374354814865
HEK293T,context_interaction,SOX2,0.217741935483871,0.15322580645161288,26234.256572218084,225.0288016550113,216.794226507899
HEK293T,context_interaction,SRC,0.22580645161290325,0.3709677419354839,25963.33422916177,16.371917008593446,10.073852301362164
HEK293T,context_interaction,SSBP1,0.9596774193548387,0.3629032258064516,25893.388129742663,35.88487883939926,29.89468066397671
HEK293T,context_interaction,STAG2,0.10483870967741937,0.5080645161290323,26163.962537001695,103.88389334306963,97.59358736098605
HEK293T,context_interaction,STAT1,0.30645161290322576,0.75,26010.607623495976,13.14832338790347,7.638578273439544
HEK293T,context_interaction,STAT6,0.5564516129032258,0.3467741935483871,25984.833686885617,34.196677186560734,27.68360045018143
HEK293T,context_interaction,STX4,0.8548387096774194,0.3145161290322581,25973.646913636192,19.469303089128065,13.528960806793432
HEK293T,context_interaction,SV2A,0.282258064516129,0.5,25968.421617893055,21.55946134762736,16.015553868989947
HEK293T,context_interaction,TADA1,0.040322580645161255,0.8548387096774194,26238.20960617651,114.24118145315123,109.49723299662573
HEK293T,context_interaction,TARBP2,0.2016129032258065,0.33870967741935487,25988.051573056266,16.479953840547704,10.216975656530703
HEK293T,context_interaction,TCF3,0.6774193548387097,0.11290322580645162,25971.44748941387,16.00082000758384,9.213989679186959
HEK293T,context_interaction,TET1,0.45967741935483875,0.2016129032258065,25971.37666697594,22.16306145347317,15.521752657106195
HEK293T,context_interaction,TFAM,0.8387096774193549,0.22580645161290325,25949.735243640083,51.16995785441977,44.972581879196014
HEK293T,context_interaction,TGFBR2,0.4032258064516129,0.07258064516129037,25964.292025462502,58.95710141260986,51.8950602888024
HEK293T,context_interaction,TMBIM6,0.24193548387096775,0.19354838709677424,25943.50369530247,14.26699890971044,8.325994733415104
HEK293T,context_interaction,TMSB10,0.7661290322580645,0.8790322580645161,25947.504875737184,90.87029765110834,87.02789850854882
HEK293T,context_interaction,TMSB4X,0.0,0.6129032258064516,26014.73266045304,12.365276953734016,6.742777888406805
HEK293T,context_interaction,TRAM2,0.3145161290322581,0.06451612903225812,25983.42446770278,14.987120719988058,8.079439234873547
HEK293T,context_interaction,TRAPPC6A,0.8306451612903226,0.8467741935483871,25975.71491199512,54.14858589402861,49.5873407361575
HEK293T,context_interaction,TSC22D4,0.4516129032258065,0.717741935483871,25997.10715359395,14.817678236475492,9.53530162695704
HEK293T,context_interaction,TWF2,0.8306451612903226,0.8790322580645161,25943.38812157271,12.914874611143265,7.383385368631316
HEK293T,context_interaction,TXNDC9,0.08870967741935487,0.32258064516129037,26001.073278099313,21.583217961918834,15.602141838709976
HEK293T,context_interaction,UBE3C,0.18548387096774188,0.9112903225806451,26024.92773899786,29.708350320598925,24.61961056633454
HEK293T,context_interaction,UQCRQ,0.9596774193548387,0.6612903225806452,25881.046380537704,30.449792310652615,24.750956574071726
HEK293T,context_interaction,USP22,0.032258064516129004,0.5403225806451613,26030.81176321406,21.90840768676596,16.075041916998714
HEK293T,context_interaction,WFS1,0.6532258064516129,0.30645161290322576,25972.569629057074,13.366927099946544,7.250599235861278
HEK293T,context_interaction,WSB2,0.3467741935483871,0.6693548387096775,26008.197564344016,38.55256942308864,33.07173520675026
HEK293T,context_interaction,XRCC4,0.2983870967741935,0.6774193548387097,23803.82090616192,31.477156405707575,25.647688014340318
HEK293T,context_interaction,ZNF286A,0.7419354838709677,0.532258064516129,25982.144212515414,12.649572062348657,6.9659576354463875
HEK293T,context_interaction,ZNF426,0.19354838709677424,0.4354838709677419,25994.819540576696,14.423722351769335,8.433872996149372
HEK293T,context_interaction,ZNF562,0.6935483870967742,0.25,25984.558342561497,14.922653168376431,8.421431382516431
HEK293T,context_interaction,ZNF593,0.5806451612903225,0.3790322580645161,26009.09370368439,21.143546753681747,15.237870214330183
HEK293T,context_interaction,ZNF714,0.5080645161290323,0.44354838709677424,26028.099807526363,17.53312651520624,11.302698798313452
KOLF2.1J,unchanged,ACAT2,0.9016393442622951,0.9016393442622951,68.72425678346772,68.72425678346772,63.823993167303065
KOLF2.1J,unchanged,ACVR1B,0.008196721311475419,0.008196721311475419,20.68136694748383,20.68136694748383,13.878055231177221
KOLF2.1J,unchanged,AKT2,0.24590163934426235,0.24590163934426235,26.278126106593533,26.278126106593533,19.92126449010161
KOLF2.1J,unchanged,ANTXR1,0.20491803278688525,0.20491803278688525,12.759350373217305,12.759350373217305,6.281648783679424
KOLF2.1J,unchanged,ARID1A,0.39344262295081966,0.39344262295081966,56.274553211650804,56.274553211650804,50.151019074599915
KOLF2.1J,unchanged,ATM,0.4918032786885246,0.4918032786885246,37.23326245092056,37.23326245092056,31.214710354574386
KOLF2.1J,unchanged,ATP1B1,0.860655737704918,0.860655737704918,12.880776413170125,12.880776413170125,7.103657420279447
KOLF2.1J,unchanged,BIRC2,0.9590163934426229,0.9590163934426229,32.148582835766916,32.148582835766916,27.575008205006146
KOLF2.1J,unchanged,C1QBP,0.6885245901639344,0.6885245901639344,33.3519532058239,33.3519532058239,27.246315046403467
KOLF2.1J,unchanged,CALM3,1.0,1.0,12.513839824196296,12.513839824196296,7.668907631249635
KOLF2.1J,unchanged,CAMSAP2,0.43442622950819676,0.43442622950819676,12.665646478565733,12.665646478565733,6.611342316310343
KOLF2.1J,unchanged,CASP2,0.639344262295082,0.639344262295082,13.705437374658084,13.705437374658084,7.571316353042958
KOLF2.1J,unchanged,CASP3,0.049180327868852514,0.049180327868852514,101.74486343694795,101.74486343694795,93.096917428216
KOLF2.1J,unchanged,CDCA2,0.34426229508196726,0.34426229508196726,17.57380296248305,17.57380296248305,11.553744821816656
KOLF2.1J,unchanged,CENPO,0.9754098360655737,0.9754098360655737,17.576221008660823,17.576221008660823,12.712498568271283
KOLF2.1J,unchanged,CLDN6,0.16393442622950816,0.16393442622950816,14.216036629063513,14.216036629063513,7.745522345894296
KOLF2.1J,unchanged,CLDN7,0.33606557377049184,0.33606557377049184,15.850007542894101,15.850007542894101,9.9111158847012
KOLF2.1J,unchanged,CREG1,0.06557377049180324,0.06557377049180324,13.690558896947618,13.690558896947618,7.165422732358011
KOLF2.1J,unchanged,DAXX,0.1311475409836066,0.1311475409836066,23.388210317014124,23.388210317014124,16.433843420496565
KOLF2.1J,unchanged,DHCR24,0.6475409836065573,0.6475409836065573,20.81226424584701,20.81226424584701,15.320563005308445
KOLF2.1J,unchanged,DHX36,0.35245901639344257,0.35245901639344257,269.0209485995772,269.0209485995772,262.7078528374011
KOLF2.1J,unchanged,DLG5,0.34426229508196726,0.34426229508196726,32.3818248347648,32.3818248347648,26.37263871043414
KOLF2.1J,unchanged,DNMT1,0.6557377049180328,0.6557377049180328,312.22997326613483,312.22997326613483,306.79122207922876
KOLF2.1J,unchanged,DZIP3,0.8688524590163934,0.8688524590163934,12.475892323843393,12.475892323843393,7.190090262250995
KOLF2.1J,unchanged,EID2,0.9016393442622951,0.9016393442622951,13.080570776418433,13.080570776418433,7.747696612926591
KOLF2.1J,unchanged,EIF4B,0.30327868852459017,0.30327868852459017,49.785007373543294,49.785007373543294,43.2144350796261
KOLF2.1J,unchanged,EWSR1,0.7704918032786885,0.7704918032786885,54.975346226984556,54.975346226984556,49.444539756297004
KOLF2.1J,unchanged,FOXH1,0.5901639344262295,0.5901639344262295,22.143707879647827,22.143707879647827,16.447873103770036
KOLF2.1J,unchanged,GSK3B,0.05737704918032782,0.05737704918032782,57.20830825770211,57.20830825770211,50.51204185568798
KOLF2.1J,unchanged,HAT1,0.9590163934426229,0.9590163934426229,20.1456875112981,20.1456875112981,15.359708088433294
KOLF2.1J,unchanged,HIRA,0.049180327868852514,0.049180327868852514,26.46993459746193,26.46993459746193,19.718398906007412
KOLF2.1J,unchanged,HMGB2,0.4672131147540983,0.4672131147540983,24.319349069533253,24.319349069533253,17.77840860197794
KOLF2.1J,unchanged,HMGN1,0.8360655737704918,0.8360655737704918,14.16781630173195,14.16781630173195,8.767702876729786
KOLF2.1J,unchanged,IDE,0.5163934426229508,0.5163934426229508,11.96613445471269,11.96613445471269,6.533869203868278
KOLF2.1J,unchanged,IGF2R,0.1885245901639344,0.1885245901639344,13.890852078371424,13.890852078371424,7.79724164125766
KOLF2.1J,unchanged,IKBKG,0.34426229508196726,0.34426229508196726,20.273592043253977,20.273592043253977,13.898733510708421
KOLF2.1J,unchanged,INSIG1,0.9344262295081968,0.9344262295081968,72.96745057222142,72.96745057222142,69.81162038772018
KOLF2.1J,unchanged,IRF3,0.4590163934426229,0.4590163934426229,15.639638176987553,15.639638176987553,9.907302767320234
KOLF2.1J,unchanged,KAT2A,0.9426229508196722,0.9426229508196722,157.04467792614903,157.04467792614903,155.4813703225395
KOLF2.1J,unchanged,KDM2B,0.8770491803278688,0.8770491803278688,29.798452588851646,29.798452588851646,24.624651878801934
KOLF2.1J,unchanged,KDR,0.9344262295081968,0.9344262295081968,15.87806002195816,15.87806002195816,10.33903276139317
KOLF2.1J,unchanged,KIF1B,0.7131147540983607,0.7131147540983607,12.458651518974538,12.458651518974538,6.811285229692616
KOLF2.1J,unchanged,KLF10,0.5,0.5,19.724597321644147,19.724597321644147,13.483078652868969
KOLF2.1J,unchanged,LAD1,0.819672131147541,0.819672131147541,11.736799537477,11.736799537477,5.997040754115741
KOLF2.1J,unchanged,LRPPRC,0.11475409836065575,0.11475409836065575,55.381696088390626,55.381696088390626,48.3090043471921
KOLF2.1J,unchanged,LZTR1,0.2213114754098361,0.2213114754098361,62.32623957416016,62.32623957416016,55.77028724958677
KOLF2.1J,unchanged,MAP1B,0.6147540983606558,0.6147540983606558,12.991007844025008,12.991007844025008,7.389600224473633
KOLF2.1J,unchanged,MAP3K7,0.33606557377049184,0.33606557377049184,14.334534140803385,14.334534140803385,8.259359031729572
KOLF2.1J,unchanged,MAPKAPK2,0.9426229508196722,0.9426229508196722,13.661776217017135,13.661776217017135,8.366075938236852
KOLF2.1J,unchanged,MAST2,0.2213114754098361,0.2213114754098361,14.11454326227749,14.11454326227749,8.00968574439458
KOLF2.1J,unchanged,MAU2,0.6065573770491803,0.6065573770491803,192.63471970286474,192.63471970286474,186.64603469011934
KOLF2.1J,unchanged,MBTPS1,1.0,1.0,120.00355105762571,120.00355105762571,118.89400894950823
KOLF2.1J,unchanged,MED1,0.39344262295081966,0.39344262295081966,68.23205169193395,68.23205169193395,62.446655436667214
KOLF2.1J,unchanged,MED12,0.4918032786885246,0.4918032786885246,34.02550925980458,34.02550925980458,27.81722175091442
KOLF2.1J,unchanged,MED13,0.47540983606557374,0.47540983606557374,38.67634061227669,38.67634061227669,32.846402572383866
KOLF2.1J,unchanged,MED13L,0.7049180327868853,0.7049180327868853,20.21361963913758,20.21361963913758,14.375469046459878
KOLF2.1J,unchanged,MED24,0.42622950819672134,0.42622950819672134,130.43685650565038,130.43685650565038,124.24959495342435
KOLF2.1J,unchanged,METTL14,0.540983606557377,0.540983606557377,537.1457992622506,537.1457992622506,530.4222302305569
KOLF2.1J,unchanged,METTL17,0.12295081967213117,0.12295081967213117,50.51072529218274,50.51072529218274,42.39760445873569
KOLF2.1J,unchanged,METTL3,0.9344262295081968,0.9344262295081968,528.3990350916545,528.3990350916545,525.7638719721672
KOLF2.1J,unchanged,MKI67,1.0,1.0,12.64723080648937,12.64723080648937,7.68178853039728
KOLF2.1J,unchanged,MTA1,0.15573770491803274,0.15573770491803274,37.4185896872314,37.4185896872314,30.426109758362266
KOLF2.1J,unchanged,NCK2,0.4180327868852459,0.4180327868852459,13.219275422948957,13.219275422948957,6.581988417391036
KOLF2.1J,unchanged,NDUFB4,0.0901639344262295,0.0901639344262295,22.658169962113583,22.658169962113583,15.92391748590023
KOLF2.1J,unchanged,NDUFB6,0.07377049180327866,0.07377049180327866,22.412343987993367,22.412343987993367,15.220309520428781
KOLF2.1J,unchanged,NISCH,0.6475409836065573,0.6475409836065573,18.609954184729364,18.609954184729364,12.732734515899292
KOLF2.1J,unchanged,NIT1,0.180327868852459,0.180327868852459,54.51086706063437,54.51086706063437,48.147302378947956
KOLF2.1J,unchanged,NRAS,0.5081967213114754,0.5081967213114754,14.399536089363021,14.399536089363021,8.626178311292012
KOLF2.1J,unchanged,OXCT1,0.3114754098360656,0.3114754098360656,56.805040154865644,56.805040154865644,50.21696889805045
KOLF2.1J,unchanged,PAGR1,0.9098360655737705,0.9098360655737705,19.019557815793533,19.019557815793533,13.524452636952525
KOLF2.1J,unchanged,PBX1,0.48360655737704916,0.48360655737704916,13.966462895597585,13.966462895597585,7.800750745183667
KOLF2.1J,unchanged,PHF10,0.15573770491803274,0.15573770491803274,56.17113189930002,56.17113189930002,48.17169271274442
KOLF2.1J,unchanged,PHF14,0.8688524590163934,0.8688524590163934,20.929812480680006,20.929812480680006,15.330271512071196
KOLF2.1J,unchanged,PLCB3,0.17213114754098358,0.17213114754098358,13.257060884661723,13.257060884661723,7.074092090044102
KOLF2.1J,unchanged,PMS1,0.19672131147540983,0.19672131147540983,15.13557769014468,15.13557769014468,9.407428947572757
KOLF2.1J,unchanged,POLB,0.2213114754098361,0.2213114754098361,15.967791875077479,15.967791875077479,9.295243756572287
KOLF2.1J,unchanged,PRCP,0.28688524590163933,0.28688524590163933,15.292145135326042,15.292145135326042,8.870409678130237
KOLF2.1J,unchanged,PRR12,0.28688524590163933,0.28688524590163933,34.83424584406919,34.83424584406919,27.761396524034232
KOLF2.1J,unchanged,PTPN1,0.7131147540983607,0.7131147540983607,11.87620235017105,11.87620235017105,6.061392983649327
KOLF2.1J,unchanged,RAB3B,0.17213114754098358,0.17213114754098358,12.527265726858394,12.527265726858394,6.114280479955408
KOLF2.1J,unchanged,RAF1,0.7786885245901639,0.7786885245901639,21.692713445546406,21.692713445546406,16.03821832628783
KOLF2.1J,unchanged,RNF2,0.09836065573770492,0.09836065573770492,86.67249735542839,86.67249735542839,79.59025307769406
KOLF2.1J,unchanged,RRM1,0.3688524590163934,0.3688524590163934,17.17234573345412,17.17234573345412,11.01940845629964
KOLF2.1J,unchanged,SAFB,0.8032786885245902,0.8032786885245902,50.90311795062404,50.90311795062404,45.71354522202782
KOLF2.1J,unchanged,SIN3B,0.42622950819672134,0.42622950819672134,212.672336400856,212.672336400856,206.4518060436085
KOLF2.1J,unchanged,SIX4,0.6639344262295082,0.6639344262295082,18.694304459506174,18.694304459506174,12.569903584082397
KOLF2.1J,unchanged,SLC25A3,0.09836065573770492,0.09836065573770492,27.1531551770951,27.1531551770951,19.970082783534505
KOLF2.1J,unchanged,SMAGP,0.4098360655737705,0.4098360655737705,39.58868775818416,39.58868775818416,32.69661702452238
KOLF2.1J,unchanged,SMARCA4,0.9508196721311475,0.9508196721311475,484.86993612824966,484.86993612824966,484.4304872738811
KOLF2.1J,unchanged,SMARCA5,0.2213114754098361,0.2213114754098361,169.7953587750537,169.7953587750537,162.61374354814865
KOLF2.1J,unchanged,SOX2,0.15573770491803274,0.15573770491803274,225.0288016550113,225.0288016550113,216.794226507899
KOLF2.1J,unchanged,SRC,0.360655737704918,0.360655737704918,16.371917008593446,16.371917008593446,10.073852301362164
KOLF2.1J,unchanged,SSBP1,0.35245901639344257,0.35245901639344257,35.88487883939926,35.88487883939926,29.89468066397671
KOLF2.1J,unchanged,STAG2,0.5163934426229508,0.5163934426229508,103.88389334306963,103.88389334306963,97.59358736098605
KOLF2.1J,unchanged,STAT1,0.7622950819672132,0.7622950819672132,13.14832338790347,13.14832338790347,7.638578273439544
KOLF2.1J,unchanged,STAT6,0.34426229508196726,0.34426229508196726,34.196677186560734,34.196677186560734,27.68360045018143
KOLF2.1J,unchanged,STX4,0.3114754098360656,0.3114754098360656,19.469303089128065,19.469303089128065,13.528960806793432
KOLF2.1J,unchanged,SV2A,0.5081967213114754,0.5081967213114754,21.55946134762736,21.55946134762736,16.015553868989947
KOLF2.1J,unchanged,TADA1,0.8524590163934427,0.8524590163934427,114.24118145315123,114.24118145315123,109.49723299662573
KOLF2.1J,unchanged,TARBP2,0.35245901639344257,0.35245901639344257,16.479953840547704,16.479953840547704,10.216975656530703
KOLF2.1J,unchanged,TCF3,0.11475409836065575,0.11475409836065575,16.00082000758384,16.00082000758384,9.213989679186959
KOLF2.1J,unchanged,TET1,0.20491803278688525,0.20491803278688525,22.16306145347317,22.16306145347317,15.521752657106195
KOLF2.1J,unchanged,TFAM,0.2213114754098361,0.2213114754098361,51.16995785441977,51.16995785441977,44.972581879196014
KOLF2.1J,unchanged,TGFBR2,0.07377049180327866,0.07377049180327866,58.95710141260986,58.95710141260986,51.8950602888024
KOLF2.1J,unchanged,TMBIM6,0.19672131147540983,0.19672131147540983,14.26699890971044,14.26699890971044,8.325994733415104
KOLF2.1J,unchanged,TMSB10,0.8770491803278688,0.8770491803278688,90.87029765110834,90.87029765110834,87.02789850854882
KOLF2.1J,unchanged,TMSB4X,0.6065573770491803,0.6065573770491803,12.365276953734016,12.365276953734016,6.742777888406805
KOLF2.1J,unchanged,TRAM2,0.06557377049180324,0.06557377049180324,14.987120719988058,14.987120719988058,8.079439234873547
KOLF2.1J,unchanged,TRAPPC6A,0.8524590163934427,0.8524590163934427,54.14858589402861,54.14858589402861,49.5873407361575
KOLF2.1J,unchanged,TSC22D4,0.7131147540983607,0.7131147540983607,14.817678236475492,14.817678236475492,9.53530162695704
KOLF2.1J,unchanged,TWF2,0.8770491803278688,0.8770491803278688,12.914874611143265,12.914874611143265,7.383385368631316
KOLF2.1J,unchanged,TXNDC9,0.3278688524590164,0.3278688524590164,21.583217961918834,21.583217961918834,15.602141838709976
KOLF2.1J,unchanged,UBE3C,0.9098360655737705,0.9098360655737705,29.708350320598925,29.708350320598925,24.61961056633454
KOLF2.1J,unchanged,UQCRQ,0.6639344262295082,0.6639344262295082,30.449792310652615,30.449792310652615,24.750956574071726
KOLF2.1J,unchanged,USP22,0.540983606557377,0.540983606557377,21.90840768676596,21.90840768676596,16.075041916998714
KOLF2.1J,unchanged,WFS1,0.3114754098360656,0.3114754098360656,13.366927099946544,13.366927099946544,7.250599235861278
KOLF2.1J,unchanged,WSB2,0.680327868852459,0.680327868852459,38.55256942308864,38.55256942308864,33.07173520675026
KOLF2.1J,unchanged,XRCC4,0.680327868852459,0.680327868852459,31.477156405707575,31.477156405707575,25.647688014340318
KOLF2.1J,unchanged,ZNF286A,0.5245901639344263,0.5245901639344263,12.649572062348657,12.649572062348657,6.9659576354463875
KOLF2.1J,unchanged,ZNF426,0.43442622950819676,0.43442622950819676,14.423722351769335,14.423722351769335,8.433872996149372
KOLF2.1J,unchanged,ZNF562,0.24590163934426235,0.24590163934426235,14.922653168376431,14.922653168376431,8.421431382516431
KOLF2.1J,unchanged,ZNF593,0.3770491803278688,0.3770491803278688,21.143546753681747,21.143546753681747,15.237870214330183
KOLF2.1J,unchanged,ZNF714,0.4426229508196722,0.4426229508196722,17.53312651520624,17.53312651520624,11.302698798313452
KOLF2.1J,direct,ACAT2,0.9918032786885246,0.9016393442622951,610.8912384501577,68.72425678346772,63.823993167303065
KOLF2.1J,direct,ACVR1B,0.9344262295081968,0.008196721311475419,292.8099382383029,20.68136694748383,13.878055231177221
KOLF2.1J,direct,AKT2,0.16393442622950816,0.24590163934426235,280.38834275706654,26.278126106593533,19.92126449010161
KOLF2.1J,direct,ANTXR1,0.28688524590163933,0.20491803278688525,241.86474875592086,12.759350373217305,6.281648783679424
KOLF2.1J,direct,ARID1A,1.0,0.39344262295081966,272.85967609447994,56.274553211650804,50.151019074599915
KOLF2.1J,direct,ATM,1.0,0.4918032786885246,218.0789468594509,37.23326245092056,31.214710354574386
KOLF2.1J,direct,ATP1B1,0.8032786885245902,0.860655737704918,353.6831356904726,12.880776413170125,7.103657420279447
KOLF2.1J,direct,BIRC2,0.8360655737704918,0.9590163934426229,210.45664256531728,32.148582835766916,27.575008205006146
KOLF2.1J,direct,C1QBP,0.6639344262295082,0.6885245901639344,324.50947506884506,33.3519532058239,27.246315046403467
KOLF2.1J,direct,CALM3,0.139344262295082,1.0,230.67157852384622,12.513839824196296,7.668907631249635
KOLF2.1J,direct,CAMSAP2,0.1885245901639344,0.43442622950819676,482.8392620872004,12.665646478565733,6.611342316310343
KOLF2.1J,direct,CASP2,0.5819672131147541,0.639344262295082,250.3688670447188,13.705437374658084,7.571316353042958
KOLF2.1J,direct,CASP3,1.0,0.049180327868852514,278.43364295865297,101.74486343694795,93.096917428216
KOLF2.1J,direct,CDCA2,0.040983606557377095,0.34426229508196726,284.3877114727604,17.57380296248305,11.553744821816656
KOLF2.1J,direct,CENPO,0.7377049180327868,0.9754098360655737,269.7478101614857,17.576221008660823,12.712498568271283
KOLF2.1J,direct,CLDN6,0.5573770491803278,0.16393442622950816,222.28988419021368,14.216036629063513,7.745522345894296
KOLF2.1J,direct,CLDN7,0.29508196721311475,0.33606557377049184,223.83868741680638,15.850007542894101,9.9111158847012
KOLF2.1J,direct,CREG1,0.11475409836065575,0.06557377049180324,275.1647347457714,13.690558896947618,7.165422732358011
KOLF2.1J,direct,DAXX,0.8770491803278688,0.1311475409836066,364.61442271453427,23.388210317014124,16.433843420496565
KOLF2.1J,direct,DHCR24,0.9426229508196722,0.6475409836065573,254.13695656662864,20.81226424584701,15.320563005308445
KOLF2.1J,direct,DHX36,1.0,0.35245901639344257,310.7642966719557,269.0209485995772,262.7078528374011
KOLF2.1J,direct,DLG5,1.0,0.34426229508196726,434.72447373619593,32.3818248347648,26.37263871043414
KOLF2.1J,direct,DNMT1,1.0,0.6557377049180328,416.0101295021524,312.22997326613483,306.79122207922876
KOLF2.1J,direct,DZIP3,1.0,0.8688524590163934,227.19713329378314,12.475892323843393,7.190090262250995
KOLF2.1J,direct,EID2,0.9754098360655737,0.9016393442622951,178.48549654037453,13.080570776418433,7.747696612926591
KOLF2.1J,direct,EIF4B,1.0,0.30327868852459017,249.38587461046433,49.785007373543294,43.2144350796261
KOLF2.1J,direct,EWSR1,1.0,0.7704918032786885,295.7526990210794,54.975346226984556,49.444539756297004
KOLF2.1J,direct,FOXH1,1.0,0.5901639344262295,147.96930492833698,22.143707879647827,16.447873103770036
KOLF2.1J,direct,GSK3B,0.9180327868852459,0.05737704918032782,301.0284820444775,57.20830825770211,50.51204185568798
KOLF2.1J,direct,HAT1,1.0,0.9590163934426229,251.76306146447178,20.1456875112981,15.359708088433294
KOLF2.1J,direct,HIRA,1.0,0.049180327868852514,433.9383358868924,26.46993459746193,19.718398906007412
KOLF2.1J,direct,HMGB2,0.14754098360655743,0.4672131147540983,217.9249534838348,24.319349069533253,17.77840860197794
KOLF2.1J,direct,HMGN1,0.9098360655737705,0.8360655737704918,195.42866581017165,14.16781630173195,8.767702876729786
KOLF2.1J,direct,IDE,0.5163934426229508,0.5163934426229508,290.1367783109507,11.96613445471269,6.533869203868278
KOLF2.1J,direct,IGF2R,0.7786885245901639,0.1885245901639344,204.757253695887,13.890852078371424,7.79724164125766
KOLF2.1J,direct,IKBKG,0.5737704918032787,0.34426229508196726,235.12602363826073,20.273592043253977,13.898733510708421
KOLF2.1J,direct,INSIG1,0.008196721311475419,0.9344262295081968,445.14975919727794,72.96745057222142,69.81162038772018
KOLF2.1J,direct,IRF3,0.5081967213114754,0.4590163934426229,177.67929728473126,15.639638176987553,9.907302767320234
KOLF2.1J,direct,KAT2A,1.0,0.9426229508196722,174.09079005006447,157.04467792614903,155.4813703225395
KOLF2.1J,direct,KDM2B,0.42622950819672134,0.8770491803278688,183.623908586621,29.798452588851646,24.624651878801934
KOLF2.1J,direct,KDR,0.8852459016393442,0.9344262295081968,162.82201111618826,15.87806002195816,10.33903276139317
KOLF2.1J,direct,KIF1B,0.4016393442622951,0.7131147540983607,262.77409134531706,12.458651518974538,6.811285229692616
KOLF2.1J,direct,KLF10,0.9918032786885246,0.5,153.2657830344628,19.724597321644147,13.483078652868969
KOLF2.1J,direct,LAD1,0.024590163934426257,0.819672131147541,292.453588080112,11.736799537477,5.997040754115741
KOLF2.1J,direct,LRPPRC,0.9836065573770492,0.11475409836065575,216.1180676112369,55.381696088390626,48.3090043471921
KOLF2.1J,direct,LZTR1,0.319672131147541,0.2213114754098361,220.4938001054768,62.32623957416016,55.77028724958677
KOLF2.1J,direct,MAP1B,0.33606557377049184,0.6147540983606558,250.36756325689356,12.991007844025008,7.389600224473633
KOLF2.1J,direct,MAP3K7,1.0,0.33606557377049184,170.83120069911018,14.334534140803385,8.259359031729572
KOLF2.1J,direct,MAPKAPK2,0.5737704918032787,0.9426229508196722,224.86140932119048,13.661776217017135,8.366075938236852
KOLF2.1J,direct,MAST2,0.6065573770491803,0.2213114754098361,319.6912567761336,14.11454326227749,8.00968574439458
KOLF2.1J,direct,MAU2,1.0,0.6065573770491803,536.8929362546676,192.63471970286474,186.64603469011934
KOLF2.1J,direct,MBTPS1,0.9918032786885246,1.0,427.2006046059921,120.00355105762571,118.89400894950823
KOLF2.1J,direct,MED1,1.0,0.39344262295081966,211.19621583733425,68.23205169193395,62.446655436667214
KOLF2.1J,direct,MED12,1.0,0.4918032786885246,286.4068575756967,34.02550925980458,27.81722175091442
KOLF2.1J,direct,MED13,1.0,0.47540983606557374,175.6533779492664,38.67634061227669,32.846402572383866
KOLF2.1J,direct,MED13L,0.9754098360655737,0.7049180327868853,179.65740902953314,20.21361963913758,14.375469046459878
KOLF2.1J,direct,MED24,1.0,0.42622950819672134,229.43560147158973,130.43685650565038,124.24959495342435
KOLF2.1J,direct,METTL14,0.9918032786885246,0.540983606557377,582.5336167865088,537.1457992622506,530.4222302305569
KOLF2.1J,direct,METTL17,0.9344262295081968,0.12295081967213117,229.29605086109223,50.51072529218274,42.39760445873569
KOLF2.1J,direct,METTL3,1.0,0.9344262295081968,485.05911268632485,528.3990350916545,525.7638719721672
KOLF2.1J,direct,MKI67,0.9508196721311475,1.0,168.99938504505818,12.64723080648937,7.68178853039728
KOLF2.1J,direct,MTA1,0.9754098360655737,0.15573770491803274,188.17636292627571,37.4185896872314,30.426109758362266
KOLF2.1J,direct,NCK2,0.5081967213114754,0.4180327868852459,270.1256845999476,13.219275422948957,6.581988417391036
KOLF2.1J,direct,NDUFB4,0.9426229508196722,0.0901639344262295,296.79104159344615,22.658169962113583,15.92391748590023
KOLF2.1J,direct,NDUFB6,0.9672131147540983,0.07377049180327866,647.9889698954565,22.412343987993367,15.220309520428781
KOLF2.1J,direct,NISCH,0.6229508196721312,0.6475409836065573,268.39602179983206,18.609954184729364,12.732734515899292
KOLF2.1J,direct,NIT1,1.0,0.180327868852459,316.7547473370749,54.51086706063437,48.147302378947956
KOLF2.1J,direct,NRAS,0.23770491803278693,0.5081967213114754,262.41321271363404,14.399536089363021,8.626178311292012
KOLF2.1J,direct,OXCT1,0.14754098360655743,0.3114754098360656,385.67936038027375,56.805040154865644,50.21696889805045
KOLF2.1J,direct,PAGR1,0.9098360655737705,0.9098360655737705,249.49930531619404,19.019557815793533,13.524452636952525
KOLF2.1J,direct,PBX1,0.34426229508196726,0.48360655737704916,231.64270288007646,13.966462895597585,7.800750745183667
KOLF2.1J,direct,PHF10,0.9672131147540983,0.15573770491803274,295.8262929926786,56.17113189930002,48.17169271274442
KOLF2.1J,direct,PHF14,0.6311475409836065,0.8688524590163934,184.27925855594194,20.929812480680006,15.330271512071196
KOLF2.1J,direct,PLCB3,0.29508196721311475,0.17213114754098358,305.30055718116176,13.257060884661723,7.074092090044102
KOLF2.1J,direct,PMS1,0.8934426229508197,0.19672131147540983,185.96212290471806,15.13557769014468,9.407428947572757
KOLF2.1J,direct,POLB,0.8032786885245902,0.2213114754098361,220.2142774835521,15.967791875077479,9.295243756572287
KOLF2.1J,direct,PRCP,0.2622950819672131,0.28688524590163933,280.5995836538335,15.292145135326042,8.870409678130237
KOLF2.1J,direct,PRR12,1.0,0.28688524590163933,528.8648450639705,34.83424584406919,27.761396524034232
KOLF2.1J,direct,PTPN1,0.3114754098360656,0.7131147540983607,277.69687972608165,11.87620235017105,6.061392983649327
KOLF2.1J,direct,RAB3B,0.6557377049180328,0.17213114754098358,262.3981917700113,12.527265726858394,6.114280479955408
KOLF2.1J,direct,RAF1,0.7868852459016393,0.7786885245901639,322.76912454072084,21.692713445546406,16.03821832628783
KOLF2.1J,direct,RNF2,1.0,0.09836065573770492,218.16441586889772,86.67249735542839,79.59025307769406
KOLF2.1J,direct,RRM1,0.0901639344262295,0.3688524590163934,199.89310663573679,17.17234573345412,11.01940845629964
KOLF2.1J,direct,SAFB,1.0,0.8032786885245902,310.4057008895542,50.90311795062404,45.71354522202782
KOLF2.1J,direct,SIN3B,1.0,0.42622950819672134,291.3802869037257,212.672336400856,206.4518060436085
KOLF2.1J,direct,SIX4,1.0,0.6639344262295082,167.85427741169894,18.694304459506174,12.569903584082397
KOLF2.1J,direct,SLC25A3,1.0,0.09836065573770492,299.3431203669833,27.1531551770951,19.970082783534505
KOLF2.1J,direct,SMAGP,0.8934426229508197,0.4098360655737705,372.21303322717193,39.58868775818416,32.69661702452238
KOLF2.1J,direct,SMARCA4,0.9590163934426229,0.9508196721311475,568.0178427917851,484.86993612824966,484.4304872738811
KOLF2.1J,direct,SMARCA5,1.0,0.2213114754098361,316.34756003492964,169.7953587750537,162.61374354814865
KOLF2.1J,direct,SOX2,1.0,0.15573770491803274,365.34029882446407,225.0288016550113,216.794226507899
KOLF2.1J,direct,SRC,0.9098360655737705,0.360655737704918,487.81043804178597,16.371917008593446,10.073852301362164
KOLF2.1J,direct,SSBP1,1.0,0.35245901639344257,238.68766702786615,35.88487883939926,29.89468066397671
KOLF2.1J,direct,STAG2,1.0,0.5163934426229508,379.73093617077944,103.88389334306963,97.59358736098605
KOLF2.1J,direct,STAT1,0.7622950819672132,0.7622950819672132,175.92538531740882,13.14832338790347,7.638578273439544
KOLF2.1J,direct,STAT6,0.8114754098360656,0.34426229508196726,218.130632357669,34.196677186560734,27.68360045018143
KOLF2.1J,direct,STX4,0.9180327868852459,0.3114754098360656,370.8777195973281,19.469303089128065,13.528960806793432
KOLF2.1J,direct,SV2A,0.8278688524590164,0.5081967213114754,221.839454258952,21.55946134762736,16.015553868989947
KOLF2.1J,direct,TADA1,1.0,0.8524590163934427,230.61124643887985,114.24118145315123,109.49723299662573
KOLF2.1J,direct,TARBP2,0.5163934426229508,0.35245901639344257,212.24736406890503,16.479953840547704,10.216975656530703
KOLF2.1J,direct,TCF3,0.8852459016393442,0.11475409836065575,212.68748344283122,16.00082000758384,9.213989679186959
KOLF2.1J,direct,TET1,1.0,0.20491803278688525,238.37644240727667,22.16306145347317,15.521752657106195
KOLF2.1J,direct,TFAM,1.0,0.2213114754098361,219.00766279876683,51.16995785441977,44.972581879196014
KOLF2.1J,direct,TGFBR2,1.0,0.07377049180327866,212.45413500057447,58.95710141260986,51.8950602888024
KOLF2.1J,direct,TMBIM6,0.319672131147541,0.19672131147540983,285.31561888569183,14.26699890971044,8.325994733415104
KOLF2.1J,direct,TMSB10,0.23770491803278693,0.8770491803278688,393.6554024427046,90.87029765110834,87.02789850854882
KOLF2.1J,direct,TMSB4X,0.14754098360655743,0.6065573770491803,196.0524411636278,12.365276953734016,6.742777888406805
KOLF2.1J,direct,TRAM2,0.7459016393442623,0.06557377049180324,318.3053324416386,14.987120719988058,8.079439234873547
KOLF2.1J,direct,TRAPPC6A,0.4918032786885246,0.8524590163934427,448.6665675389893,54.14858589402861,49.5873407361575
KOLF2.1J,direct,TSC22D4,0.1311475409836066,0.7131147540983607,245.8932599828923,14.817678236475492,9.53530162695704
KOLF2.1J,direct,TWF2,0.07377049180327866,0.8770491803278688,268.16591004723887,12.914874611143265,7.383385368631316
KOLF2.1J,direct,TXNDC9,0.540983606557377,0.3278688524590164,374.4697418237664,21.583217961918834,15.602141838709976
KOLF2.1J,direct,UBE3C,0.9180327868852459,0.9098360655737705,209.1261858424725,29.708350320598925,24.61961056633454
KOLF2.1J,direct,UQCRQ,0.9836065573770492,0.6639344262295082,384.753930149021,30.449792310652615,24.750956574071726
KOLF2.1J,direct,USP22,1.0,0.540983606557377,201.83465490068005,21.90840768676596,16.075041916998714
KOLF2.1J,direct,WFS1,0.24590163934426235,0.3114754098360656,237.1442730757575,13.366927099946544,7.250599235861278
KOLF2.1J,direct,WSB2,0.5573770491803278,0.680327868852459,406.9293505955819,38.55256942308864,33.07173520675026
KOLF2.1J,direct,XRCC4,0.9836065573770492,0.680327868852459,210.98592157167514,31.477156405707575,25.647688014340318
KOLF2.1J,direct,ZNF286A,0.8852459016393442,0.5245901639344263,149.96926765654348,12.649572062348657,6.9659576354463875
KOLF2.1J,direct,ZNF426,0.9672131147540983,0.43442622950819676,147.76198714980416,14.423722351769335,8.433872996149372
KOLF2.1J,direct,ZNF562,0.9426229508196722,0.24590163934426235,155.6760076596795,14.922653168376431,8.421431382516431
KOLF2.1J,direct,ZNF593,1.0,0.3770491803278688,278.97568194673977,21.143546753681747,15.237870214330183
KOLF2.1J,direct,ZNF714,0.8524590163934427,0.4426229508196722,196.36095150479917,17.53312651520624,11.302698798313452
KOLF2.1J,global_median,ACAT2,0.9918032786885246,0.9016393442622951,202.78109623344264,68.72425678346772,63.823993167303065
KOLF2.1J,global_median,ACVR1B,0.860655737704918,0.008196721311475419,76.69903029878387,20.68136694748383,13.878055231177221
KOLF2.1J,global_median,AKT2,0.17213114754098358,0.24590163934426235,74.0476228396822,26.278126106593533,19.92126449010161
KOLF2.1J,global_median,ANTXR1,0.25409836065573765,0.20491803278688525,61.28485180986365,12.759350373217305,6.281648783679424
KOLF2.1J,global_median,ARID1A,1.0,0.39344262295081966,99.78423401065714,56.274553211650804,50.151019074599915
KOLF2.1J,global_median,ATM,0.9754098360655737,0.4918032786885246,71.26984363084816,37.23326245092056,31.214710354574386
KOLF2.1J,global_median,ATP1B1,0.9098360655737705,0.860655737704918,91.57307948298327,12.880776413170125,7.103657420279447
KOLF2.1J,global_median,BIRC2,0.9754098360655737,0.9590163934426229,74.06163179164565,32.148582835766916,27.575008205006146
KOLF2.1J,global_median,C1QBP,0.7622950819672132,0.6885245901639344,94.66100993753585,33.3519532058239,27.246315046403467
KOLF2.1J,global_median,CALM3,0.2213114754098361,1.0,54.038472312081076,12.513839824196296,7.668907631249635
KOLF2.1J,global_median,CAMSAP2,0.29508196721311475,0.43442622950819676,138.36883488316207,12.665646478565733,6.611342316310343
KOLF2.1J,global_median,CASP2,0.6147540983606558,0.639344262295082,61.71599903454119,13.705437374658084,7.571316353042958
KOLF2.1J,global_median,CASP3,1.0,0.049180327868852514,123.04029736614048,101.74486343694795,93.096917428216
KOLF2.1J,global_median,CDCA2,0.06557377049180324,0.34426229508196726,69.96408845947758,17.57380296248305,11.553744821816656
KOLF2.1J,global_median,CENPO,0.9918032786885246,0.9754098360655737,78.70293466676245,17.576221008660823,12.712498568271283
KOLF2.1J,global_median,CLDN6,0.5573770491803278,0.16393442622950816,54.25716520091606,14.216036629063513,7.745522345894296
KOLF2.1J,global_median,CLDN7,0.4098360655737705,0.33606557377049184,56.53196800447194,15.850007542894101,9.9111158847012
KOLF2.1J,global_median,CREG1,0.10655737704918034,0.06557377049180324,66.51955820119224,13.690558896947618,7.165422732358011
KOLF2.1J,global_median,DAXX,0.7704918032786885,0.1311475409836066,113.16699900709037,23.388210317014124,16.433843420496565
KOLF2.1J,global_median,DHCR24,0.8934426229508197,0.6475409836065573,66.19017260954138,20.81226424584701,15.320563005308445
KOLF2.1J,global_median,DHX36,1.0,0.35245901639344257,254.45664590385059,269.0209485995772,262.7078528374011
KOLF2.1J,global_median,DLG5,1.0,0.34426229508196726,127.59551130128428,32.3818248347648,26.37263871043414
KOLF2.1J,global_median,DNMT1,1.0,0.6557377049180328,293.3910763110995,312.22997326613483,306.79122207922876
KOLF2.1J,global_median,DZIP3,0.9836065573770492,0.8688524590163934,58.76997303531318,12.475892323843393,7.190090262250995
KOLF2.1J,global_median,EID2,0.9590163934426229,0.9016393442622951,48.200354035101874,13.080570776418433,7.747696612926591
KOLF2.1J,global_median,EIF4B,1.0,0.30327868852459017,85.11539702381656,49.785007373543294,43.2144350796261
KOLF2.1J,global_median,EWSR1,1.0,0.7704918032786885,109.99839762825626,54.975346226984556,49.444539756297004
KOLF2.1J,global_median,FOXH1,1.0,0.5901639344262295,47.33020209309551,22.143707879647827,16.447873103770036
KOLF2.1J,global_median,GSK3B,0.8442622950819672,0.05737704918032782,105.09151613827026,57.20830825770211,50.51204185568798
KOLF2.1J,global_median,HAT1,1.0,0.9590163934426229,72.56861585878568,20.1456875112981,15.359708088433294
KOLF2.1J,global_median,HIRA,1.0,0.049180327868852514,131.5488288925888,26.46993459746193,19.718398906007412
KOLF2.1J,global_median,HMGB2,0.180327868852459,0.4672131147540983,65.72582966492325,24.319349069533253,17.77840860197794
KOLF2.1J,global_median,HMGN1,0.9426229508196722,0.8360655737704918,53.76364326304268,14.16781630173195,8.767702876729786
KOLF2.1J,global_median,IDE,0.4426229508196722,0.5163934426229508,75.84678251742156,11.96613445471269,6.533869203868278
KOLF2.1J,global_median,IGF2R,0.7868852459016393,0.1885245901639344,49.50942523052339,13.890852078371424,7.79724164125766
KOLF2.1J,global_median,IKBKG,0.4508196721311475,0.34426229508196726,64.29893317287429,20.273592043253977,13.898733510708421
KOLF2.1J,global_median,INSIG1,0.008196721311475419,0.9344262295081968,163.98735027223088,72.96745057222142,69.81162038772018
KOLF2.1J,global_median,IRF3,0.5,0.4590163934426229,51.01872642346748,15.639638176987553,9.907302767320234
KOLF2.1J,global_median,KAT2A,1.0,0.9426229508196722,140.81484615263082,157.04467792614903,155.4813703225395
KOLF2.1J,global_median,KDM2B,0.5901639344262295,0.8770491803278688,62.921502931422914,29.798452588851646,24.624651878801934
KOLF2.1J,global_median,KDR,0.8770491803278688,0.9344262295081968,47.99934217608603,15.87806002195816,10.33903276139317
KOLF2.1J,global_median,KIF1B,0.4098360655737705,0.7131147540983607,68.480840960994,12.458651518974538,6.811285229692616
KOLF2.1J,global_median,KLF10,0.9344262295081968,0.5,48.95493163949268,19.724597321644147,13.483078652868969
KOLF2.1J,global_median,LAD1,0.032786885245901676,0.819672131147541,70.62268220881765,11.736799537477,5.997040754115741
KOLF2.1J,global_median,LRPPRC,0.9754098360655737,0.11475409836065575,87.06819043895578,55.381696088390626,48.3090043471921
KOLF2.1J,global_median,LZTR1,0.24590163934426235,0.2213114754098361,99.52704996800864,62.32623957416016,55.77028724958677
KOLF2.1J,global_median,MAP1B,0.42622950819672134,0.6147540983606558,59.68798814787054,12.991007844025008,7.389600224473633
KOLF2.1J,global_median,MAP3K7,0.9918032786885246,0.33606557377049184,48.398238544755515,14.334534140803385,8.259359031729572
KOLF2.1J,global_median,MAPKAPK2,0.7131147540983607,0.9426229508196722,52.01691389042429,13.661776217017135,8.366075938236852
KOLF2.1J,global_median,MAST2,0.5327868852459017,0.2213114754098361,79.63001021756978,14.11454326227749,8.00968574439458
KOLF2.1J,global_median,MAU2,1.0,0.6065573770491803,250.34325900601107,192.63471970286474,186.64603469011934
KOLF2.1J,global_median,MBTPS1,1.0,1.0,183.63538213495488,120.00355105762571,118.89400894950823
KOLF2.1J,global_median,MED1,1.0,0.39344262295081966,90.66575706398896,68.23205169193395,62.446655436667214
KOLF2.1J,global_median,MED12,1.0,0.4918032786885246,93.9073751965769,34.02550925980458,27.81722175091442
KOLF2.1J,global_median,MED13,1.0,0.47540983606557374,64.64936566440711,38.67634061227669,32.846402572383866
KOLF2.1J,global_median,MED13L,0.9672131147540983,0.7049180327868853,54.71279534980951,20.21361963913758,14.375469046459878
KOLF2.1J,global_median,MED24,1.0,0.42622950819672134,139.64418381076712,130.43685650565038,124.24959495342435
KOLF2.1J,global_median,METTL14,1.0,0.540983606557377,531.711710558281,537.1457992622506,530.4222302305569
KOLF2.1J,global_median,METTL17,0.7786885245901639,0.12295081967213117,89.34554254703164,50.51072529218274,42.39760445873569
KOLF2.1J,global_median,METTL3,0.9918032786885246,0.9344262295081968,481.75297618032914,528.3990350916545,525.7638719721672
KOLF2.1J,global_median,MKI67,0.9918032786885246,1.0,48.46873001554566,12.64723080648937,7.68178853039728
KOLF2.1J,global_median,MTA1,0.8770491803278688,0.15573770491803274,67.29786849244658,37.4185896872314,30.426109758362266
KOLF2.1J,global_median,NCK2,0.5245901639344263,0.4180327868852459,71.07352543974426,13.219275422948957,6.581988417391036
KOLF2.1J,global_median,NDUFB4,0.9508196721311475,0.0901639344262295,74.37547287785836,22.658169962113583,15.92391748590023
KOLF2.1J,global_median,NDUFB6,0.9836065573770492,0.07377049180327866,209.90003327826918,22.412343987993367,15.220309520428781
KOLF2.1J,global_median,NISCH,0.680327868852459,0.6475409836065573,65.19971265382463,18.609954184729364,12.732734515899292
KOLF2.1J,global_median,NIT1,1.0,0.180327868852459,108.87690769382996,54.51086706063437,48.147302378947956
KOLF2.1J,global_median,NRAS,0.2295081967213115,0.5081967213114754,62.625238139065154,14.399536089363021,8.626178311292012
KOLF2.1J,global_median,OXCT1,0.06557377049180324,0.3114754098360656,132.47345676754966,56.805040154865644,50.21696889805045
KOLF2.1J,global_median,PAGR1,0.9590163934426229,0.9098360655737705,61.263031677958224,19.019557815793533,13.524452636952525
KOLF2.1J,global_median,PBX1,0.28688524590163933,0.48360655737704916,63.33653597390919,13.966462895597585,7.800750745183667
KOLF2.1J,global_median,PHF10,0.7786885245901639,0.15573770491803274,110.39283294559638,56.17113189930002,48.17169271274442
KOLF2.1J,global_median,PHF14,0.6639344262295082,0.8688524590163934,56.49881539563507,20.929812480680006,15.330271512071196
KOLF2.1J,global_median,PLCB3,0.3688524590163934,0.17213114754098358,75.48426174811922,13.257060884661723,7.074092090044102
KOLF2.1J,global_median,PMS1,0.819672131147541,0.19672131147540983,54.255986374894654,15.13557769014468,9.407428947572757
KOLF2.1J,global_median,POLB,0.680327868852459,0.2213114754098361,62.24357082984813,15.967791875077479,9.295243756572287
KOLF2.1J,global_median,PRCP,0.29508196721311475,0.28688524590163933,71.3748323929498,15.292145135326042,8.870409678130237
KOLF2.1J,global_median,PRR12,1.0,0.28688524590163933,157.38567984351516,34.83424584406919,27.761396524034232
KOLF2.1J,global_median,PTPN1,0.360655737704918,0.7131147540983607,54.97622874814916,11.87620235017105,6.061392983649327
KOLF2.1J,global_median,RAB3B,0.5573770491803278,0.17213114754098358,66.19088539425047,12.527265726858394,6.114280479955408
KOLF2.1J,global_median,RAF1,0.819672131147541,0.7786885245901639,83.61984760837368,21.692713445546406,16.03821832628783
KOLF2.1J,global_median,RNF2,1.0,0.09836065573770492,112.24266230041547,86.67249735542839,79.59025307769406
KOLF2.1J,global_median,RRM1,0.049180327868852514,0.3688524590163934,51.26090487545352,17.17234573345412,11.01940845629964
KOLF2.1J,global_median,SAFB,0.9918032786885246,0.8032786885245902,110.31431060141708,50.90311795062404,45.71354522202782
KOLF2.1J,global_median,SIN3B,1.0,0.42622950819672134,207.96133108623053,212.672336400856,206.4518060436085
KOLF2.1J,global_median,SIX4,1.0,0.6639344262295082,50.82159163988603,18.694304459506174,12.569903584082397
KOLF2.1J,global_median,SLC25A3,1.0,0.09836065573770492,78.75405521986711,27.1531551770951,19.970082783534505
KOLF2.1J,global_median,SMAGP,0.819672131147541,0.4098360655737705,114.3315020018232,39.58868775818416,32.69661702452238
KOLF2.1J,global_median,SMARCA4,0.9836065573770492,0.9508196721311475,505.0588921137552,484.86993612824966,484.4304872738811
KOLF2.1J,global_median,SMARCA5,1.0,0.2213114754098361,189.34638593549656,169.7953587750537,162.61374354814865
KOLF2.1J,global_median,SOX2,1.0,0.15573770491803274,248.84103024621947,225.0288016550113,216.794226507899
KOLF2.1J,global_median,SRC,0.819672131147541,0.360655737704918,142.90573374771645,16.371917008593446,10.073852301362164
KOLF2.1J,global_median,SSBP1,0.9836065573770492,0.35245901639344257,81.84289946084947,35.88487883939926,29.89468066397671
KOLF2.1J,global_median,STAG2,1.0,0.5163934426229508,152.60794342921443,103.88389334306963,97.59358736098605
KOLF2.1J,global_median,STAT1,0.8442622950819672,0.7622950819672132,49.33648387265288,13.14832338790347,7.638578273439544
KOLF2.1J,global_median,STAT6,0.6885245901639344,0.34426229508196726,71.02715577736524,34.196677186560734,27.68360045018143
KOLF2.1J,global_median,STX4,0.9262295081967213,0.3114754098360656,93.2011584429086,19.469303089128065,13.528960806793432
KOLF2.1J,global_median,SV2A,0.7622950819672132,0.5081967213114754,59.932971706855696,21.55946134762736,16.015553868989947
KOLF2.1J,global_median,TADA1,1.0,0.8524590163934427,123.53617175744947,114.24118145315123,109.49723299662573
KOLF2.1J,global_median,TARBP2,0.43442622950819676,0.35245901639344257,58.721146098390086,16.479953840547704,10.216975656530703
KOLF2.1J,global_median,TCF3,0.5737704918032787,0.11475409836065575,57.85659331218673,16.00082000758384,9.213989679186959
KOLF2.1J,global_median,TET1,1.0,0.20491803278688525,70.95779437832195,22.16306145347317,15.521752657106195
KOLF2.1J,global_median,TFAM,1.0,0.2213114754098361,84.07786717680887,51.16995785441977,44.972581879196014
KOLF2.1J,global_median,TGFBR2,1.0,0.07377049180327866,75.17573379440836,58.95710141260986,51.8950602888024
KOLF2.1J,global_median,TMBIM6,0.2622950819672131,0.19672131147540983,70.86550568217436,14.26699890971044,8.325994733415104
KOLF2.1J,global_median,TMSB10,0.24590163934426235,0.8770491803278688,156.545730852269,90.87029765110834,87.02789850854882
KOLF2.1J,global_median,TMSB4X,0.20491803278688525,0.6065573770491803,48.20809391796475,12.365276953734016,6.742777888406805
KOLF2.1J,global_median,TRAM2,0.5655737704918034,0.06557377049180324,81.78922217826664,14.987120719988058,8.079439234873547
KOLF2.1J,global_median,TRAPPC6A,0.3688524590163934,0.8524590163934427,151.09905433679006,54.14858589402861,49.5873407361575
KOLF2.1J,global_median,TSC22D4,0.1885245901639344,0.7131147540983607,67.8251623519193,14.817678236475492,9.53530162695704
KOLF2.1J,global_median,TWF2,0.08196721311475408,0.8770491803278688,63.74116904802635,12.914874611143265,7.383385368631316
KOLF2.1J,global_median,TXNDC9,0.42622950819672134,0.3278688524590164,101.53447830524877,21.583217961918834,15.602141838709976
KOLF2.1J,global_median,UBE3C,0.9672131147540983,0.9098360655737705,66.1740393380083,29.708350320598925,24.61961056633454
KOLF2.1J,global_median,UQCRQ,0.9590163934426229,0.6639344262295082,101.9172864684279,30.449792310652615,24.750956574071726
KOLF2.1J,global_median,USP22,1.0,0.540983606557377,59.783735387661686,21.90840768676596,16.075041916998714
KOLF2.1J,global_median,WFS1,0.180327868852459,0.3114754098360656,57.00474406732313,13.366927099946544,7.250599235861278
KOLF2.1J,global_median,WSB2,0.5,0.680327868852459,129.31283515652046,38.55256942308864,33.07173520675026
KOLF2.1J,global_median,XRCC4,1.0,0.680327868852459,70.70162617995001,31.477156405707575,25.647688014340318
KOLF2.1J,global_median,ZNF286A,0.8852459016393442,0.5245901639344263,43.15006062297577,12.649572062348657,6.9659576354463875
KOLF2.1J,global_median,ZNF426,0.9344262295081968,0.43442622950819676,43.604673196864155,14.423722351769335,8.433872996149372
KOLF2.1J,global_median,ZNF562,0.8278688524590164,0.24590163934426235,44.77762403234917,14.922653168376431,8.421431382516431
KOLF2.1J,global_median,ZNF593,0.9836065573770492,0.3770491803278688,78.08779205431223,21.143546753681747,15.237870214330183
KOLF2.1J,global_median,ZNF714,0.8360655737704918,0.4426229508196722,54.158618303922054,17.53312651520624,11.302698798313452
KOLF2.1J,context_interaction,ACAT2,0.8032786885245902,0.9016393442622951,25706.895595543465,68.72425678346772,63.823993167303065
KOLF2.1J,context_interaction,ACVR1B,0.7868852459016393,0.008196721311475419,25656.86839069706,20.68136694748383,13.878055231177221
KOLF2.1J,context_interaction,AKT2,0.360655737704918,0.24590163934426235,25710.287641760777,26.278126106593533,19.92126449010161
KOLF2.1J,context_interaction,ANTXR1,0.7295081967213115,0.20491803278688525,25652.2763935473,12.759350373217305,6.281648783679424
KOLF2.1J,context_interaction,ARID1A,0.8360655737704918,0.39344262295081966,25694.555265035695,56.274553211650804,50.151019074599915
KOLF2.1J,context_interaction,ATM,0.3770491803278688,0.4918032786885246,25807.229499853485,37.23326245092056,31.214710354574386
KOLF2.1J,context_interaction,ATP1B1,0.6721311475409837,0.860655737704918,25726.671409828497,12.880776413170125,7.103657420279447
KOLF2.1J,context_interaction,BIRC2,0.28688524590163933,0.9590163934426229,25790.033900655275,32.148582835766916,27.575008205006146
KOLF2.1J,context_interaction,C1QBP,0.08196721311475408,0.6885245901639344,25847.05796480894,33.3519532058239,27.246315046403467
KOLF2.1J,context_interaction,CALM3,0.5327868852459017,1.0,25641.917350511558,12.513839824196296,7.668907631249635
KOLF2.1J,context_interaction,CAMSAP2,0.7459016393442623,0.43442622950819676,25724.30683816878,12.665646478565733,6.611342316310343
KOLF2.1J,context_interaction,CASP2,0.049180327868852514,0.639344262295082,25761.31631061471,13.705437374658084,7.571316353042958
KOLF2.1J,context_interaction,CASP3,0.06557377049180324,0.049180327868852514,25957.026081449538,101.74486343694795,93.096917428216
KOLF2.1J,context_interaction,CDCA2,0.9098360655737705,0.34426229508196726,25611.370928498363,17.57380296248305,11.553744821816656
KOLF2.1J,context_interaction,CENPO,0.180327868852459,0.9754098360655737,25798.57274497429,17.576221008660823,12.712498568271283
KOLF2.1J,context_interaction,CLDN6,0.1311475409836066,0.16393442622950816,25750.35386674504,14.216036629063513,7.745522345894296
KOLF2.1J,context_interaction,CLDN7,0.4016393442622951,0.33606557377049184,25781.671588284797,15.850007542894101,9.9111158847012
KOLF2.1J,context_interaction,CREG1,0.9754098360655737,0.06557377049180324,25696.33418007673,13.690558896947618,7.165422732358011
KOLF2.1J,context_interaction,DAXX,0.5245901639344263,0.1311475409836066,25771.175673914746,23.388210317014124,16.433843420496565
KOLF2.1J,context_interaction,DHCR24,0.9262295081967213,0.6475409836065573,25611.369682227763,20.81226424584701,15.320563005308445
KOLF2.1J,context_interaction,DHX36,0.8442622950819672,0.35245901639344257,25718.792001192196,269.0209485995772,262.7078528374011
KOLF2.1J,context_interaction,DLG5,0.6065573770491803,0.34426229508196726,25675.22186947649,32.3818248347648,26.37263871043414
KOLF2.1J,context_interaction,DNMT1,0.9836065573770492,0.6557377049180328,25608.455368381696,312.22997326613483,306.79122207922876
KOLF2.1J,context_interaction,DZIP3,0.7049180327868853,0.8688524590163934,25625.162455414917,12.475892323843393,7.190090262250995
KOLF2.1J,context_interaction,EID2,0.6229508196721312,0.9016393442622951,25631.863025403625,13.080570776418433,7.747696612926591
KOLF2.1J,context_interaction,EIF4B,0.39344262295081966,0.30327868852459017,25722.598734072282,49.785007373543294,43.2144350796261
KOLF2.1J,context_interaction,EWSR1,0.8114754098360656,0.7704918032786885,25729.589190889536,54.975346226984556,49.444539756297004
KOLF2.1J,context_interaction,FOXH1,0.7377049180327868,0.5901639344262295,25725.897833363408,22.143707879647827,16.447873103770036
KOLF2.1J,context_interaction,GSK3B,0.8934426229508197,0.05737704918032782,25668.060230170682,57.20830825770211,50.51204185568798
KOLF2.1J,context_interaction,HAT1,0.6229508196721312,0.9590163934426229,25653.172814906855,20.1456875112981,15.359708088433294
KOLF2.1J,context_interaction,HIRA,0.6229508196721312,0.049180327868852514,25822.601393094206,26.46993459746193,19.718398906007412
KOLF2.1J,context_interaction,HMGB2,0.16393442622950816,0.4672131147540983,25795.60590125669,24.319349069533253,17.77840860197794
KOLF2.1J,context_interaction,HMGN1,0.09836065573770492,0.8360655737704918,25659.04503839829,14.16781630173195,8.767702876729786
KOLF2.1J,context_interaction,IDE,0.5983606557377049,0.5163934426229508,25748.998806588177,11.96613445471269,6.533869203868278
KOLF2.1J,context_interaction,IGF2R,0.540983606557377,0.1885245901639344,25692.608518705525,13.890852078371424,7.79724164125766
KOLF2.1J,context_interaction,IKBKG,0.7213114754098361,0.34426229508196726,25645.949131996385,20.273592043253977,13.898733510708421
KOLF2.1J,context_interaction,INSIG1,0.4180327868852459,0.9344262295081968,25813.21928570752,72.96745057222142,69.81162038772018
KOLF2.1J,context_interaction,IRF3,0.3278688524590164,0.4590163934426229,25476.491077594892,15.639638176987553,9.907302767320234
KOLF2.1J,context_interaction,KAT2A,0.008196721311475419,0.9426229508196722,26141.509886188418,157.04467792614903,155.4813703225395
KOLF2.1J,context_interaction,KDM2B,0.4672131147540983,0.8770491803278688,25732.891009299055,29.798452588851646,24.624651878801934
KOLF2.1J,context_interaction,KDR,0.5245901639344263,0.9344262295081968,25682.033546233637,15.87806002195816,10.33903276139317
KOLF2.1J,context_interaction,KIF1B,0.639344262295082,0.7131147540983607,25734.796269653,12.458651518974538,6.811285229692616
KOLF2.1J,context_interaction,KLF10,0.15573770491803274,0.5,25796.61826044,19.724597321644147,13.483078652868969
KOLF2.1J,context_interaction,LAD1,0.4426229508196722,0.819672131147541,25685.96190726069,11.736799537477,5.997040754115741
KOLF2.1J,context_interaction,LRPPRC,0.7131147540983607,0.11475409836065575,25706.110600813678,55.381696088390626,48.3090043471921
KOLF2.1J,context_interaction,LZTR1,0.9344262295081968,0.2213114754098361,25682.885113603188,62.32623957416016,55.77028724958677
KOLF2.1J,context_interaction,MAP1B,0.07377049180327866,0.6147540983606558,25690.61924683524,12.991007844025008,7.389600224473633
KOLF2.1J,context_interaction,MAP3K7,0.20491803278688525,0.33606557377049184,25744.96297281021,14.334534140803385,8.259359031729572
KOLF2.1J,context_interaction,MAPKAPK2,0.34426229508196726,0.9426229508196722,25693.73379325967,13.661776217017135,8.366075938236852
KOLF2.1J,context_interaction,MAST2,0.819672131147541,0.2213114754098361,25636.694485259504,14.11454326227749,8.00968574439458
KOLF2.1J,context_interaction,MAU2,0.35245901639344257,0.6065573770491803,25930.731857598184,192.63471970286474,186.64603469011934
KOLF2.1J,context_interaction,MBTPS1,0.4918032786885246,1.0,25772.140754401706,120.00355105762571,118.89400894950823
KOLF2.1J,context_interaction,MED1,0.016393442622950838,0.39344262295081966,25876.31393407017,68.23205169193395,62.446655436667214
KOLF2.1J,context_interaction,MED12,0.024590163934426257,0.4918032786885246,25710.107735409958,34.02550925980458,27.81722175091442
KOLF2.1J,context_interaction,MED13,0.05737704918032782,0.47540983606557374,25865.21733392529,38.67634061227669,32.846402572383866
KOLF2.1J,context_interaction,MED13L,0.180327868852459,0.7049180327868853,25705.015857798717,20.21361963913758,14.375469046459878
KOLF2.1J,context_interaction,MED24,0.10655737704918034,0.42622950819672134,25837.70523662782,130.43685650565038,124.24959495342435
KOLF2.1J,context_interaction,METTL14,0.9918032786885246,0.540983606557377,25673.221797767495,537.1457992622506,530.4222302305569
KOLF2.1J,context_interaction,METTL17,0.7950819672131147,0.12295081967213117,25657.733289711083,50.51072529218274,42.39760445873569
KOLF2.1J,context_interaction,METTL3,1.0,0.9344262295081968,25638.300887010966,528.3990350916545,525.7638719721672
KOLF2.1J,context_interaction,MKI67,0.5163934426229508,1.0,25726.60671839364,12.64723080648937,7.68178853039728
KOLF2.1J,context_interaction,MTA1,0.12295081967213117,0.15573770491803274,25823.466797854122,37.4185896872314,30.426109758362266
KOLF2.1J,context_interaction,NCK2,0.8852459016393442,0.4180327868852459,25635.7390890494,13.219275422948957,6.581988417391036
KOLF2.1J,context_interaction,NDUFB4,0.9180327868852459,0.0901639344262295,25688.35470221479,22.658169962113583,15.92391748590023
KOLF2.1J,context_interaction,NDUFB6,0.9426229508196722,0.07377049180327866,25578.510758281016,22.412343987993367,15.220309520428781
KOLF2.1J,context_interaction,NISCH,0.5819672131147541,0.6475409836065573,25693.108011930613,18.609954184729364,12.732734515899292
KOLF2.1J,context_interaction,NIT1,0.43442622950819676,0.180327868852459,25785.915884906073,54.51086706063437,48.147302378947956
KOLF2.1J,context_interaction,NRAS,0.30327868852459017,0.5081967213114754,25663.219750436932,14.399536089363021,8.626178311292012
KOLF2.1J,context_interaction,OXCT1,0.680327868852459,0.3114754098360656,25686.689554600533,56.805040154865644,50.21696889805045
KOLF2.1J,context_interaction,PAGR1,0.17213114754098358,0.9098360655737705,25729.042849098823,19.019557815793533,13.524452636952525
KOLF2.1J,context_interaction,PBX1,0.25409836065573765,0.48360655737704916,25616.807807604964,13.966462895597585,7.800750745183667
KOLF2.1J,context_interaction,PHF10,0.4590163934426229,0.15573770491803274,25790.856596142094,56.17113189930002,48.17169271274442
KOLF2.1J,context_interaction,PHF14,0.23770491803278693,0.8688524590163934,25694.8792796247,20.929812480680006,15.330271512071196
KOLF2.1J,context_interaction,PLCB3,0.21311475409836067,0.17213114754098358,25731.499729966978,13.257060884661723,7.074092090044102
KOLF2.1J,context_interaction,PMS1,0.7622950819672132,0.19672131147540983,25712.23462343884,15.13557769014468,9.407428947572757
KOLF2.1J,context_interaction,POLB,0.38524590163934425,0.2213114754098361,25699.115384031604,15.967791875077479,9.295243756572287
KOLF2.1J,context_interaction,PRCP,0.5573770491803278,0.28688524590163933,25634.17261448884,15.292145135326042,8.870409678130237
KOLF2.1J,context_interaction,PRR12,0.1311475409836066,0.28688524590163933,25760.099286176264,34.83424584406919,27.761396524034232
KOLF2.1J,context_interaction,PTPN1,0.6639344262295082,0.7131147540983607,25723.885424269625,11.87620235017105,6.061392983649327
KOLF2.1J,context_interaction,RAB3B,0.3688524590163934,0.17213114754098358,25749.211450534553,12.527265726858394,6.114280479955408
KOLF2.1J,context_interaction,RAF1,0.319672131147541,0.7786885245901639,25480.955972661897,21.692713445546406,16.03821832628783
KOLF2.1J,context_interaction,RNF2,0.5081967213114754,0.09836065573770492,25736.883077924755,86.67249735542839,79.59025307769406
KOLF2.1J,context_interaction,RRM1,0.5737704918032787,0.3688524590163934,25580.422625727264,17.17234573345412,11.01940845629964
KOLF2.1J,context_interaction,SAFB,0.4016393442622951,0.8032786885245902,25821.654081880635,50.90311795062404,45.71354522202782
KOLF2.1J,context_interaction,SIN3B,0.9672131147540983,0.42622950819672134,25654.46122505783,212.672336400856,206.4518060436085
KOLF2.1J,context_interaction,SIX4,0.9016393442622951,0.6639344262295082,25717.85601140414,18.694304459506174,12.569903584082397
KOLF2.1J,context_interaction,SLC25A3,0.6967213114754098,0.09836065573770492,25662.549328210163,27.1531551770951,19.970082783534505
KOLF2.1J,context_interaction,SMAGP,0.8524590163934427,0.4098360655737705,25638.94313427186,39.58868775818416,32.69661702452238
KOLF2.1J,context_interaction,SMARCA4,0.4508196721311475,0.9508196721311475,26173.671870476523,484.86993612824966,484.4304872738811
KOLF2.1J,context_interaction,SMARCA5,0.7540983606557377,0.2213114754098361,25739.928140474876,169.7953587750537,162.61374354814865
KOLF2.1J,context_interaction,SOX2,0.2786885245901639,0.15573770491803274,25949.87255677614,225.0288016550113,216.794226507899
KOLF2.1J,context_interaction,SRC,0.25409836065573765,0.360655737704918,25752.895090599315,16.371917008593446,10.073852301362164
KOLF2.1J,context_interaction,SSBP1,0.9508196721311475,0.35245901639344257,25659.24727142727,35.88487883939926,29.89468066397671
KOLF2.1J,context_interaction,STAG2,0.11475409836065575,0.5163934426229508,25906.975246336457,103.88389334306963,97.59358736098605
KOLF2.1J,context_interaction,STAT1,0.3114754098360656,0.7622950819672132,25440.560108735324,13.14832338790347,7.638578273439544
KOLF2.1J,context_interaction,STAT6,0.5327868852459017,0.34426229508196726,25726.692958017164,34.196677186560734,27.68360045018143
KOLF2.1J,context_interaction,STX4,0.8360655737704918,0.3114754098360656,25694.773756573464,19.469303089128065,13.528960806793432
KOLF2.1J,context_interaction,SV2A,0.2704918032786885,0.5081967213114754,25703.66982562233,21.55946134762736,16.015553868989947
KOLF2.1J,context_interaction,TADA1,0.040983606557377095,0.8524590163934427,26004.869405005673,114.24118145315123,109.49723299662573
KOLF2.1J,context_interaction,TARBP2,0.2213114754098361,0.35245901639344257,25768.904579573886,16.479953840547704,10.216975656530703
KOLF2.1J,context_interaction,TCF3,0.6557377049180328,0.11475409836065575,25623.886839153325,16.00082000758384,9.213989679186959
KOLF2.1J,context_interaction,TET1,0.47540983606557374,0.20491803278688525,25710.858457366645,22.16306145347317,15.521752657106195
KOLF2.1J,context_interaction,TFAM,0.8442622950819672,0.2213114754098361,25643.255467988594,51.16995785441977,44.972581879196014
KOLF2.1J,context_interaction,TGFBR2,0.4426229508196722,0.07377049180327866,25787.637039154783,58.95710141260986,51.8950602888024
KOLF2.1J,context_interaction,TMBIM6,0.23770491803278693,0.19672131147540983,25633.567759308262,14.26699890971044,8.325994733415104
KOLF2.1J,context_interaction,TMSB10,0.7786885245901639,0.8770491803278688,25751.440122438045,90.87029765110834,87.02789850854882
KOLF2.1J,context_interaction,TMSB4X,0.0,0.6065573770491803,25796.907515100895,12.365276953734016,6.742777888406805
KOLF2.1J,context_interaction,TRAM2,0.30327868852459017,0.06557377049180324,25772.581023858773,14.987120719988058,8.079439234873547
KOLF2.1J,context_interaction,TRAPPC6A,0.8770491803278688,0.8524590163934427,25662.933162361747,54.14858589402861,49.5873407361575
KOLF2.1J,context_interaction,TSC22D4,0.47540983606557374,0.7131147540983607,25757.78590513507,14.817678236475492,9.53530162695704
KOLF2.1J,context_interaction,TWF2,0.8688524590163934,0.8770491803278688,25601.201461200886,12.914874611143265,7.383385368631316
KOLF2.1J,context_interaction,TXNDC9,0.10655737704918034,0.3278688524590164,25775.100756882166,21.583217961918834,15.602141838709976
KOLF2.1J,context_interaction,UBE3C,0.17213114754098358,0.9098360655737705,25781.05256672475,29.708350320598925,24.61961056633454
KOLF2.1J,context_interaction,UQCRQ,0.9590163934426229,0.6639344262295082,25704.466090083206,30.449792310652615,24.750956574071726
KOLF2.1J,context_interaction,USP22,0.032786885245901676,0.540983606557377,25735.58477295033,21.90840768676596,16.075041916998714
KOLF2.1J,context_interaction,WFS1,0.6475409836065573,0.3114754098360656,25681.98759513589,13.366927099946544,7.250599235861278
KOLF2.1J,context_interaction,WSB2,0.3278688524590164,0.680327868852459,25774.884235029145,38.55256942308864,33.07173520675026
KOLF2.1J,context_interaction,XRCC4,0.2622950819672131,0.680327868852459,25750.29324812107,31.477156405707575,25.647688014340318
KOLF2.1J,context_interaction,ZNF286A,0.7622950819672132,0.5245901639344263,25654.41217938045,12.649572062348657,6.9659576354463875
KOLF2.1J,context_interaction,ZNF426,0.19672131147540983,0.43442622950819676,25639.82520046093,14.423722351769335,8.433872996149372
KOLF2.1J,context_interaction,ZNF562,0.6885245901639344,0.24590163934426235,25682.997854425288,14.922653168376431,8.421431382516431
KOLF2.1J,context_interaction,ZNF593,0.5901639344262295,0.3770491803278688,25662.463304285884,21.143546753681747,15.237870214330183
KOLF2.1J,context_interaction,ZNF714,0.5491803278688525,0.4426229508196722,25737.335948938053,17.53312651520624,11.302698798313452
