edge,target_gene
K562_essential->RPE1,AAAS
K562_essential->RPE1,AAMP
K562_essential->RPE1,AARS
K562_essential->RPE1,AARS2
K562_essential->RPE1,AASDHPPT
K562_essential->RPE1,AATF
K562_essential->RPE1,ABCB10
K562_essential->RPE1,ABCB7
K562_essential->RPE1,ABCE1
K562_essential->RPE1,ABCF1
K562_essential->RPE1,ABCG1
K562_essential->RPE1,ABHD11
K562_essential->RPE1,ABHD17A
K562_essential->RPE1,ABT1
K562_essential->RPE1,ACD
K562_essential->RPE1,ACIN1
K562_essential->RPE1,ACOT12
K562_essential->RPE1,ACTB
K562_essential->RPE1,ACTL6A
K562_essential->RPE1,ACTR10
K562_essential->RPE1,ACTR1A
K562_essential->RPE1,ACTR1B
K562_essential->RPE1,ACTR2
K562_essential->RPE1,ACTR3
K562_essential->RPE1,ACTR6
K562_essential->RPE1,ACTR8
K562_essential->RPE1,ADAT2
K562_essential->RPE1,ADAT3
K562_essential->RPE1,ADRM1
K562_essential->RPE1,ADSL
K562_essential->RPE1,AFG3L2
K562_essential->RPE1,AHCTF1
K562_essential->RPE1,AHCY
K562_essential->RPE1,AIFM1
K562_essential->RPE1,AKIRIN2
K562_essential->RPE1,ALDOA
K562_essential->RPE1,ALG1
K562_essential->RPE1,ALG11
K562_essential->RPE1,ALG13
K562_essential->RPE1,ALG14
K562_essential->RPE1,ALG1L
K562_essential->RPE1,ALG2
K562_essential->RPE1,ALYREF
K562_essential->RPE1,ANAPC1
K562_essential->RPE1,ANAPC10
K562_essential->RPE1,ANAPC11
K562_essential->RPE1,ANAPC13
K562_essential->RPE1,ANAPC15
K562_essential->RPE1,ANAPC2
K562_essential->RPE1,ANAPC4
K562_essential->RPE1,ANAPC5
K562_essential->RPE1,ANKLE2
K562_essential->RPE1,ANKRD11
K562_essential->RPE1,ANKRD49
K562_essential->RPE1,ANKS6
K562_essential->RPE1,ANLN
K562_essential->RPE1,AP2M1
K562_essential->RPE1,AP2S1
K562_essential->RPE1,AQP7
K562_essential->RPE1,AQR
K562_essential->RPE1,ARCN1
K562_essential->RPE1,ARF4
K562_essential->RPE1,ARFRP1
K562_essential->RPE1,ARGFX
K562_essential->RPE1,ARGLU1
K562_essential->RPE1,ARHGAP11B
K562_essential->RPE1,ARID3A
K562_essential->RPE1,ARIH1
K562_essential->RPE1,ARL2
K562_essential->RPE1,ARL4D
K562_essential->RPE1,ARMC6
K562_essential->RPE1,ARMC7
K562_essential->RPE1,ARPC2
K562_essential->RPE1,ARPC3
K562_essential->RPE1,ARPC4
K562_essential->RPE1,ASF1B
K562_essential->RPE1,ATF4
K562_essential->RPE1,ATF5
K562_essential->RPE1,ATL2
K562_essential->RPE1,ATP1A1
K562_essential->RPE1,ATP2A2
K562_essential->RPE1,ATP6AP1
K562_essential->RPE1,ATP6AP2
K562_essential->RPE1,ATP6V0B
K562_essential->RPE1,ATP6V0C
K562_essential->RPE1,ATP6V0D1
K562_essential->RPE1,ATP6V1A
K562_essential->RPE1,ATP6V1B2
K562_essential->RPE1,ATP6V1C1
K562_essential->RPE1,ATP6V1D
K562_essential->RPE1,ATP6V1E1
K562_essential->RPE1,ATP6V1F
K562_essential->RPE1,ATP6V1G1
K562_essential->RPE1,ATP6V1H
K562_essential->RPE1,ATR
K562_essential->RPE1,ATRIP
K562_essential->RPE1,AURKA
K562_essential->RPE1,AURKAIP1
K562_essential->RPE1,AURKB
K562_essential->RPE1,BANF1
K562_essential->RPE1,BANP
K562_essential->RPE1,BAP1
K562_essential->RPE1,BARD1
K562_essential->RPE1,BCAR1
K562_essential->RPE1,BCAS2
K562_essential->RPE1,BCL2L1
K562_essential->RPE1,BCLAF1
K562_essential->RPE1,BCR
K562_essential->RPE1,BCS1L
K562_essential->RPE1,BDP1
K562_essential->RPE1,BET1
K562_essential->RPE1,BGLAP
K562_essential->RPE1,BIRC5
K562_essential->RPE1,BMS1
K562_essential->RPE1,BNIP1
K562_essential->RPE1,BOP1
K562_essential->RPE1,BORA
K562_essential->RPE1,BPTF
K562_essential->RPE1,BRCA1
K562_essential->RPE1,BRCA2
K562_essential->RPE1,BRD4
K562_essential->RPE1,BRD8
K562_essential->RPE1,BRF1
K562_essential->RPE1,BRF2
K562_essential->RPE1,BRIP1
K562_essential->RPE1,BRIX1
K562_essential->RPE1,BRK1
K562_essential->RPE1,BTF3
K562_essential->RPE1,BTF3L4
K562_essential->RPE1,BUB1
K562_essential->RPE1,BUB1B
K562_essential->RPE1,BUB3
K562_essential->RPE1,BUD13
K562_essential->RPE1,BUD31
K562_essential->RPE1,BYSL
K562_essential->RPE1,C12orf45
K562_essential->RPE1,C12orf60
K562_essential->RPE1,C14orf178
K562_essential->RPE1,C16orf86
K562_essential->RPE1,C17orf58
K562_essential->RPE1,C19orf25
K562_essential->RPE1,C19orf53
K562_essential->RPE1,C1D
K562_essential->RPE1,C1QBP
K562_essential->RPE1,C1QTNF4
K562_essential->RPE1,C1orf109
K562_essential->RPE1,C6orf15
K562_essential->RPE1,C7orf26
K562_essential->RPE1,C7orf50
K562_essential->RPE1,C9orf16
K562_essential->RPE1,C9orf78
K562_essential->RPE1,CA5A
K562_essential->RPE1,CACNB3
K562_essential->RPE1,CACTIN
K562_essential->RPE1,CADM4
K562_essential->RPE1,CAMLG
K562_essential->RPE1,CAP1
K562_essential->RPE1,CAPZB
K562_essential->RPE1,CARS
K562_essential->RPE1,CASP8AP2
K562_essential->RPE1,CBLL1
K562_essential->RPE1,CBLN1
K562_essential->RPE1,CBX1
K562_essential->RPE1,CCAR1
K562_essential->RPE1,CCDC115
K562_essential->RPE1,CCDC130
K562_essential->RPE1,CCDC137
K562_essential->RPE1,CCDC144A
K562_essential->RPE1,CCDC144NL
K562_essential->RPE1,CCDC174
K562_essential->RPE1,CCDC59
K562_essential->RPE1,CCDC78
K562_essential->RPE1,CCDC84
K562_essential->RPE1,CCDC86
K562_essential->RPE1,CCNA2
K562_essential->RPE1,CCNB1
K562_essential->RPE1,CCND1
K562_essential->RPE1,CCNH
K562_essential->RPE1,CCNK
K562_essential->RPE1,CCNL1
K562_essential->RPE1,CCP110
K562_essential->RPE1,CCT2
K562_essential->RPE1,CCT3
K562_essential->RPE1,CCT4
K562_essential->RPE1,CCT5
K562_essential->RPE1,CCT6A
K562_essential->RPE1,CCT7
K562_essential->RPE1,CCT8
K562_essential->RPE1,CD2BP2
K562_essential->RPE1,CD3EAP
K562_essential->RPE1,CD8B
K562_essential->RPE1,CDAN1
K562_essential->RPE1,CDC123
K562_essential->RPE1,CDC16
K562_essential->RPE1,CDC20
K562_essential->RPE1,CDC23
K562_essential->RPE1,CDC26
K562_essential->RPE1,CDC27
K562_essential->RPE1,CDC37
K562_essential->RPE1,CDC40
K562_essential->RPE1,CDC42
K562_essential->RPE1,CDC45
K562_essential->RPE1,CDC5L
K562_essential->RPE1,CDC6
K562_essential->RPE1,CDC7
K562_essential->RPE1,CDC73
K562_essential->RPE1,CDCA5
K562_essential->RPE1,CDCA8
K562_essential->RPE1,CDIPT
K562_essential->RPE1,CDK1
K562_essential->RPE1,CDK11A
K562_essential->RPE1,CDK2
K562_essential->RPE1,CDK7
K562_essential->RPE1,CDK9
K562_essential->RPE1,CDT1
K562_essential->RPE1,CEBPZ
K562_essential->RPE1,CENPA
K562_essential->RPE1,CENPC
K562_essential->RPE1,CENPE
K562_essential->RPE1,CENPH
K562_essential->RPE1,CENPI
K562_essential->RPE1,CENPJ
K562_essential->RPE1,CENPK
K562_essential->RPE1,CENPN
K562_essential->RPE1,CENPT
K562_essential->RPE1,CENPW
K562_essential->RPE1,CEP152
K562_essential->RPE1,CEP192
K562_essential->RPE1,CEP68
K562_essential->RPE1,CEP85
K562_essential->RPE1,CEP97
K562_essential->RPE1,CFDP1
K562_essential->RPE1,CFL1
K562_essential->RPE1,CHAF1A
K562_essential->RPE1,CHAF1B
K562_essential->RPE1,CHCHD1
K562_essential->RPE1,CHCHD2
K562_essential->RPE1,CHCHD4
K562_essential->RPE1,CHD4
K562_essential->RPE1,CHEK1
K562_essential->RPE1,CHERP
K562_essential->RPE1,CHMP1A
K562_essential->RPE1,CHMP2A
K562_essential->RPE1,CHMP3
K562_essential->RPE1,CHMP4B
K562_essential->RPE1,CHMP5
K562_essential->RPE1,CHMP6
K562_essential->RPE1,CHMP7
K562_essential->RPE1,CHORDC1
K562_essential->RPE1,CHTF18
K562_essential->RPE1,CHTF8
K562_essential->RPE1,CHTOP
K562_essential->RPE1,CIAO1
K562_essential->RPE1,CIAPIN1
K562_essential->RPE1,CINP
K562_essential->RPE1,CKAP5
K562_essential->RPE1,CLASRP
K562_essential->RPE1,CLCC1
K562_essential->RPE1,CLK2
K562_essential->RPE1,CLNS1A
K562_essential->RPE1,CLP1
K562_essential->RPE1,CLSPN
K562_essential->RPE1,CLTC
K562_essential->RPE1,CMPK1
K562_essential->RPE1,CMTR1
K562_essential->RPE1,CNIH4
K562_essential->RPE1,CNN2
K562_essential->RPE1,CNOT1
K562_essential->RPE1,CNOT2
K562_essential->RPE1,CNOT3
K562_essential->RPE1,COA5
K562_essential->RPE1,COASY
K562_essential->RPE1,COG1
K562_essential->RPE1,COG2
K562_essential->RPE1,COG3
K562_essential->RPE1,COG4
K562_essential->RPE1,COG6
K562_essential->RPE1,COG8
K562_essential->RPE1,COPA
K562_essential->RPE1,COPB1
K562_essential->RPE1,COPB2
K562_essential->RPE1,COPE
K562_essential->RPE1,COPG1
K562_essential->RPE1,COPS2
K562_essential->RPE1,COPS3
K562_essential->RPE1,COPS4
K562_essential->RPE1,COPS5
K562_essential->RPE1,COPS6
K562_essential->RPE1,COPS8
K562_essential->RPE1,COPZ1
K562_essential->RPE1,COQ2
K562_essential->RPE1,COQ4
K562_essential->RPE1,COQ5
K562_essential->RPE1,COX10
K562_essential->RPE1,COX11
K562_essential->RPE1,COX15
K562_essential->RPE1,COX17
K562_essential->RPE1,COX5A
K562_essential->RPE1,COX5B
K562_essential->RPE1,COX6C
K562_essential->RPE1,COX7B
K562_essential->RPE1,COX7C
K562_essential->RPE1,CPAMD8
K562_essential->RPE1,CPNE7
K562_essential->RPE1,CPOX
K562_essential->RPE1,CPSF1
K562_essential->RPE1,CPSF2
K562_essential->RPE1,CPSF3
K562_essential->RPE1,CPSF4
K562_essential->RPE1,CPSF6
K562_essential->RPE1,CRCP
K562_essential->RPE1,CRKL
K562_essential->RPE1,CRLS1
K562_essential->RPE1,CRNKL1
K562_essential->RPE1,CS
K562_essential->RPE1,CSE1L
K562_essential->RPE1,CSH2
K562_essential->RPE1,CSNK1A1
K562_essential->RPE1,CSNK2B
K562_essential->RPE1,CSTF1
K562_essential->RPE1,CSTF3
K562_essential->RPE1,CTBP2
K562_essential->RPE1,CTCF
K562_essential->RPE1,CTDP1
K562_essential->RPE1,CTNNBL1
K562_essential->RPE1,CTPS1
K562_essential->RPE1,CTR9
K562_essential->RPE1,CTU2
K562_essential->RPE1,CUL1
K562_essential->RPE1,CUL2
K562_essential->RPE1,CUL3
K562_essential->RPE1,CUL7
K562_essential->RPE1,CWC15
K562_essential->RPE1,CWC22
K562_essential->RPE1,CWC25
K562_essential->RPE1,CWF19L2
K562_essential->RPE1,CXXC1
K562_essential->RPE1,CYC1
K562_essential->RPE1,CYCS
K562_essential->RPE1,CYFIP1
K562_essential->RPE1,CYP2A13
K562_essential->RPE1,CYP4F11
K562_essential->RPE1,CYS1
K562_essential->RPE1,DAD1
K562_essential->RPE1,DAP3
K562_essential->RPE1,DARS
K562_essential->RPE1,DBF4
K562_essential->RPE1,DBR1
K562_essential->RPE1,DCAF6
K562_essential->RPE1,DCLRE1B
K562_essential->RPE1,DCTN1
K562_essential->RPE1,DCTN2
K562_essential->RPE1,DCTN3
K562_essential->RPE1,DCTN4
K562_essential->RPE1,DCTN5
K562_essential->RPE1,DCTN6
K562_essential->RPE1,DCUN1D5
K562_essential->RPE1,DDB1
K562_essential->RPE1,DDN
K562_essential->RPE1,DDOST
K562_essential->RPE1,DDX1
K562_essential->RPE1,DDX10
K562_essential->RPE1,DDX11
K562_essential->RPE1,DDX18
K562_essential->RPE1,DDX19A
K562_essential->RPE1,DDX19B
K562_essential->RPE1,DDX20
K562_essential->RPE1,DDX21
K562_essential->RPE1,DDX23
K562_essential->RPE1,DDX24
K562_essential->RPE1,DDX27
K562_essential->RPE1,DDX3X
K562_essential->RPE1,DDX41
K562_essential->RPE1,DDX42
K562_essential->RPE1,DDX46
K562_essential->RPE1,DDX47
K562_essential->RPE1,DDX49
K562_essential->RPE1,DDX5
K562_essential->RPE1,DDX51
K562_essential->RPE1,DDX52
K562_essential->RPE1,DDX54
K562_essential->RPE1,DDX55
K562_essential->RPE1,DDX56
K562_essential->RPE1,DDX59
K562_essential->RPE1,DDX6
K562_essential->RPE1,DENR
K562_essential->RPE1,DERL2
K562_essential->RPE1,DHDDS
K562_essential->RPE1,DHFR
K562_essential->RPE1,DHODH
K562_essential->RPE1,DHPS
K562_essential->RPE1,DHX15
K562_essential->RPE1,DHX16
K562_essential->RPE1,DHX33
K562_essential->RPE1,DHX36
K562_essential->RPE1,DHX37
K562_essential->RPE1,DHX8
K562_essential->RPE1,DHX9
K562_essential->RPE1,DICER1
K562_essential->RPE1,DIMT1
K562_essential->RPE1,DIS3
K562_essential->RPE1,DKC1
K562_essential->RPE1,DLD
K562_essential->RPE1,DMAP1
K562_essential->RPE1,DMRTA2
K562_essential->RPE1,DNAJA1
K562_essential->RPE1,DNAJA3
K562_essential->RPE1,DNAJC11
K562_essential->RPE1,DNAJC17
K562_essential->RPE1,DNAJC19
K562_essential->RPE1,DNAJC8
K562_essential->RPE1,DNAJC9
K562_essential->RPE1,DNLZ
K562_essential->RPE1,DNM1
K562_essential->RPE1,DNM1L
K562_essential->RPE1,DNM2
K562_essential->RPE1,DNMT1
K562_essential->RPE1,DNTTIP2
K562_essential->RPE1,DOHH
K562_essential->RPE1,DOLK
K562_essential->RPE1,DONSON
K562_essential->RPE1,DPAGT1
K562_essential->RPE1,DPH1
K562_essential->RPE1,DPH2
K562_essential->RPE1,DPH3
K562_essential->RPE1,DPH6
K562_essential->RPE1,DPM2
K562_essential->RPE1,DPPA2
K562_essential->RPE1,DPY19L2
K562_essential->RPE1,DR1
K562_essential->RPE1,DRAP1
K562_essential->RPE1,DRG1
K562_essential->RPE1,DSN1
K562_essential->RPE1,DTL
K562_essential->RPE1,DTYMK
K562_essential->RPE1,DUT
K562_essential->RPE1,DYNC1H1
K562_essential->RPE1,DYNC1I2
K562_essential->RPE1,DYNLL1
K562_essential->RPE1,DYNLRB1
K562_essential->RPE1,E2F6
K562_essential->RPE1,E4F1
K562_essential->RPE1,EARS2
K562_essential->RPE1,EBNA1BP2
K562_essential->RPE1,ECD
K562_essential->RPE1,ECT2
K562_essential->RPE1,EDC4
K562_essential->RPE1,EEF1A1
K562_essential->RPE1,EEF1B2
K562_essential->RPE1,EEF1G
K562_essential->RPE1,EEF2
K562_essential->RPE1,EFTUD2
K562_essential->RPE1,EGLN2
K562_essential->RPE1,EIF1
K562_essential->RPE1,EIF1AD
K562_essential->RPE1,EIF1AX
K562_essential->RPE1,EIF2B1
K562_essential->RPE1,EIF2B2
K562_essential->RPE1,EIF2B3
K562_essential->RPE1,EIF2B4
K562_essential->RPE1,EIF2B5
K562_essential->RPE1,EIF2S1
K562_essential->RPE1,EIF2S2
K562_essential->RPE1,EIF2S3
K562_essential->RPE1,EIF3A
K562_essential->RPE1,EIF3B
K562_essential->RPE1,EIF3CL
K562_essential->RPE1,EIF3D
K562_essential->RPE1,EIF3E
K562_essential->RPE1,EIF3F
K562_essential->RPE1,EIF3G
K562_essential->RPE1,EIF3H
K562_essential->RPE1,EIF3I
K562_essential->RPE1,EIF3J
K562_essential->RPE1,EIF3L
K562_essential->RPE1,EIF3M
K562_essential->RPE1,EIF4A1
K562_essential->RPE1,EIF4A3
K562_essential->RPE1,EIF4B
K562_essential->RPE1,EIF4E
K562_essential->RPE1,EIF4G1
K562_essential->RPE1,EIF4G2
K562_essential->RPE1,EIF5
K562_essential->RPE1,EIF5A
K562_essential->RPE1,EIF6
K562_essential->RPE1,ELAC2
K562_essential->RPE1,ELL
K562_essential->RPE1,ELOVL1
K562_essential->RPE1,ELP2
K562_essential->RPE1,ELP3
K562_essential->RPE1,ELP5
K562_essential->RPE1,ELP6
K562_essential->RPE1,EMC1
K562_essential->RPE1,EMC3
K562_essential->RPE1,EMC4
K562_essential->RPE1,EMC7
K562_essential->RPE1,ENO1
K562_essential->RPE1,EP400
K562_essential->RPE1,EPRS
K562_essential->RPE1,ERAL1
K562_essential->RPE1,ERCC2
K562_essential->RPE1,ERCC3
K562_essential->RPE1,ERH
K562_essential->RPE1,ERVW-1
K562_essential->RPE1,ESF1
K562_essential->RPE1,ESPL1
K562_essential->RPE1,ESPN
K562_essential->RPE1,ETF1
K562_essential->RPE1,EWSR1
K562_essential->RPE1,EXOC1
K562_essential->RPE1,EXOC2
K562_essential->RPE1,EXOC3
K562_essential->RPE1,EXOC4
K562_essential->RPE1,EXOC5
K562_essential->RPE1,EXOC7
K562_essential->RPE1,EXOC8
K562_essential->RPE1,EXOSC1
K562_essential->RPE1,EXOSC10
K562_essential->RPE1,EXOSC2
K562_essential->RPE1,EXOSC3
K562_essential->RPE1,EXOSC4
K562_essential->RPE1,EXOSC5
K562_essential->RPE1,EXOSC6
K562_essential->RPE1,EXOSC7
K562_essential->RPE1,EXOSC8
K562_essential->RPE1,EXOSC9
K562_essential->RPE1,F8A1
K562_essential->RPE1,FAF2
K562_essential->RPE1,FAM133B
K562_essential->RPE1,FAM136A
K562_essential->RPE1,FAM207A
K562_essential->RPE1,FAM229A
K562_essential->RPE1,FAM32A
K562_essential->RPE1,FAM50A
K562_essential->RPE1,FAM72D
K562_essential->RPE1,FARS2
K562_essential->RPE1,FARSA
K562_essential->RPE1,FARSB
K562_essential->RPE1,FASTKD5
K562_essential->RPE1,FAU
K562_essential->RPE1,FBL
K562_essential->RPE1,FBLIM1
K562_essential->RPE1,FBXO5
K562_essential->RPE1,FCF1
K562_essential->RPE1,FDPS
K562_essential->RPE1,FDXR
K562_essential->RPE1,FEN1
K562_essential->RPE1,FGFR1OP
K562_essential->RPE1,FIP1L1
K562_essential->RPE1,FNBP4
K562_essential->RPE1,FNTA
K562_essential->RPE1,FNTB
K562_essential->RPE1,FOLR3
K562_essential->RPE1,FOXD4
K562_essential->RPE1,FOXL2
K562_essential->RPE1,FRG2
K562_essential->RPE1,FTSJ3
K562_essential->RPE1,FXN
K562_essential->RPE1,GAB2
K562_essential->RPE1,GABPA
K562_essential->RPE1,GAK
K562_essential->RPE1,GAPDH
K562_essential->RPE1,GAR1
K562_essential->RPE1,GARS
K562_essential->RPE1,GATA1
K562_essential->RPE1,GBF1
K562_essential->RPE1,GCOM1
K562_essential->RPE1,GEMIN4
K562_essential->RPE1,GEMIN5
K562_essential->RPE1,GEMIN6
K562_essential->RPE1,GEMIN7
K562_essential->RPE1,GEMIN8
K562_essential->RPE1,GET1
K562_essential->RPE1,GET3
K562_essential->RPE1,GFER
K562_essential->RPE1,GFM1
K562_essential->RPE1,GGPS1
K562_essential->RPE1,GINS1
K562_essential->RPE1,GINS2
K562_essential->RPE1,GINS3
K562_essential->RPE1,GINS4
K562_essential->RPE1,GIT2
K562_essential->RPE1,GJA3
K562_essential->RPE1,GLE1
K562_essential->RPE1,GLI4
K562_essential->RPE1,GLMN
K562_essential->RPE1,GLRX3
K562_essential->RPE1,GLRX5
K562_essential->RPE1,GMPPB
K562_essential->RPE1,GMPS
K562_essential->RPE1,GNB1L
K562_essential->RPE1,GNL2
K562_essential->RPE1,GNL3
K562_essential->RPE1,GNL3L
K562_essential->RPE1,GNPNAT1
K562_essential->RPE1,GOLGA6L1
K562_essential->RPE1,GOLT1B
K562_essential->RPE1,GON4L
K562_essential->RPE1,GOSR2
K562_essential->RPE1,GPKOW
K562_essential->RPE1,GPN1
K562_essential->RPE1,GPN2
K562_essential->RPE1,GPN3
K562_essential->RPE1,GPR61
K562_essential->RPE1,GPS1
K562_essential->RPE1,GRB2
K562_essential->RPE1,GRPEL1
K562_essential->RPE1,GRSF1
K562_essential->RPE1,GRWD1
K562_essential->RPE1,GSDMA
K562_essential->RPE1,GSPT1
K562_essential->RPE1,GTF2A1
K562_essential->RPE1,GTF2A2
K562_essential->RPE1,GTF2B
K562_essential->RPE1,GTF2E1
K562_essential->RPE1,GTF2E2
K562_essential->RPE1,GTF2F1
K562_essential->RPE1,GTF2F2
K562_essential->RPE1,GTF2H1
K562_essential->RPE1,GTF2H2
K562_essential->RPE1,GTF2H2C
K562_essential->RPE1,GTF2H3
K562_essential->RPE1,GTF2H4
K562_essential->RPE1,GTF3A
K562_essential->RPE1,GTF3C1
K562_essential->RPE1,GTF3C2
K562_essential->RPE1,GTF3C3
K562_essential->RPE1,GTF3C4
K562_essential->RPE1,GTF3C5
K562_essential->RPE1,GTF3C6
K562_essential->RPE1,GTPBP4
K562_essential->RPE1,GUCD1
K562_essential->RPE1,GUK1
K562_essential->RPE1,H2AFX
K562_essential->RPE1,H2AFZ
K562_essential->RPE1,H3F3A
K562_essential->RPE1,HAMP
K562_essential->RPE1,HAPLN2
K562_essential->RPE1,HARS
K562_essential->RPE1,HARS2
K562_essential->RPE1,HAUS1
K562_essential->RPE1,HAUS3
K562_essential->RPE1,HAUS4
K562_essential->RPE1,HAUS5
K562_essential->RPE1,HAUS6
K562_essential->RPE1,HAUS7
K562_essential->RPE1,HAUS8
K562_essential->RPE1,HBS1L
K562_essential->RPE1,HCFC1
K562_essential->RPE1,HCRTR1
K562_essential->RPE1,HDAC3
K562_essential->RPE1,HDAC7
K562_essential->RPE1,HEATR1
K562_essential->RPE1,HECTD1
K562_essential->RPE1,HGS
K562_essential->RPE1,HINFP
K562_essential->RPE1,HIRA
K562_essential->RPE1,HIST1H2AB
K562_essential->RPE1,HIST1H2AE
K562_essential->RPE1,HIST1H2AI
K562_essential->RPE1,HIST1H2BB
K562_essential->RPE1,HIST1H2BC
K562_essential->RPE1,HIST1H2BE
K562_essential->RPE1,HIST1H2BJ
K562_essential->RPE1,HIST1H2BL
K562_essential->RPE1,HIST1H2BM
K562_essential->RPE1,HIST1H2BN
K562_essential->RPE1,HIST2H2AA3
K562_essential->RPE1,HIST2H2AC
K562_essential->RPE1,HIST2H2BE
K562_essential->RPE1,HIST2H2BF
K562_essential->RPE1,HIST2H3A
K562_essential->RPE1,HIST2H3D
K562_essential->RPE1,HJURP
K562_essential->RPE1,HLA-C
K562_essential->RPE1,HMGA1
K562_essential->RPE1,HMGB1
K562_essential->RPE1,HMGCR
K562_essential->RPE1,HMGCS1
K562_essential->RPE1,HMGN2
K562_essential->RPE1,HNRNPC
K562_essential->RPE1,HNRNPH1
K562_essential->RPE1,HNRNPK
K562_essential->RPE1,HNRNPL
K562_essential->RPE1,HNRNPM
K562_essential->RPE1,HNRNPR
K562_essential->RPE1,HNRNPU
K562_essential->RPE1,HOXC10
K562_essential->RPE1,HS6ST1
K562_essential->RPE1,HSCB
K562_essential->RPE1,HSD17B10
K562_essential->RPE1,HSD17B12
K562_essential->RPE1,HSF1
K562_essential->RPE1,HSP90B1
K562_essential->RPE1,HSPA14
K562_essential->RPE1,HSPA5
K562_essential->RPE1,HSPA8
K562_essential->RPE1,HSPA9
K562_essential->RPE1,HSPD1
K562_essential->RPE1,HSPE1
K562_essential->RPE1,HTATSF1
K562_essential->RPE1,HUS1
K562_essential->RPE1,HUWE1
K562_essential->RPE1,HYOU1
K562_essential->RPE1,HYPK
K562_essential->RPE1,IARS
K562_essential->RPE1,IARS2
K562_essential->RPE1,ICE1
K562_essential->RPE1,IFITM2
K562_essential->RPE1,IFITM3
K562_essential->RPE1,IGBP1
K562_essential->RPE1,IK
K562_essential->RPE1,ILF2
K562_essential->RPE1,ILF3
K562_essential->RPE1,IMP3
K562_essential->RPE1,IMP4
K562_essential->RPE1,IMPDH2
K562_essential->RPE1,INCENP
K562_essential->RPE1,ING3
K562_essential->RPE1,INO80
K562_essential->RPE1,INO80B
K562_essential->RPE1,INTS1
K562_essential->RPE1,INTS2
K562_essential->RPE1,INTS3
K562_essential->RPE1,INTS4
K562_essential->RPE1,INTS5
K562_essential->RPE1,INTS6
K562_essential->RPE1,INTS7
K562_essential->RPE1,INTS8
K562_essential->RPE1,INTS9
K562_essential->RPE1,IPO11
K562_essential->RPE1,IPO13
K562_essential->RPE1,IPO7
K562_essential->RPE1,IPO9
K562_essential->RPE1,ISCA2
K562_essential->RPE1,ISCU
K562_essential->RPE1,ISG20L2
K562_essential->RPE1,ISY1
K562_essential->RPE1,JAZF1
K562_essential->RPE1,JMJD6
K562_essential->RPE1,KANSL1
K562_essential->RPE1,KANSL2
K562_essential->RPE1,KANSL3
K562_essential->RPE1,KARS
K562_essential->RPE1,KAT5
K562_essential->RPE1,KAT8
K562_essential->RPE1,KATNB1
K562_essential->RPE1,KCMF1
K562_essential->RPE1,KCNA10
K562_essential->RPE1,KCTD10
K562_essential->RPE1,KDM2A
K562_essential->RPE1,KDM8
K562_essential->RPE1,KIAA1143
K562_essential->RPE1,KIF11
K562_essential->RPE1,KIF14
K562_essential->RPE1,KIF18A
K562_essential->RPE1,KIF18B
K562_essential->RPE1,KIF20A
K562_essential->RPE1,KIF23
K562_essential->RPE1,KIF4A
K562_essential->RPE1,KIN
K562_essential->RPE1,KLC2
K562_essential->RPE1,KLF7
K562_essential->RPE1,KLHL11
K562_essential->RPE1,KPNA6
K562_essential->RPE1,KPNB1
K562_essential->RPE1,KRI1
K562_essential->RPE1,KRR1
K562_essential->RPE1,KRT10
K562_essential->RPE1,KRT17
K562_essential->RPE1,KRT8
K562_essential->RPE1,KRTAP4-2
K562_essential->RPE1,KRTAP4-7
K562_essential->RPE1,KTI12
K562_essential->RPE1,KXD1
K562_essential->RPE1,LAMTOR2
K562_essential->RPE1,LAMTOR3
K562_essential->RPE1,LAMTOR4
K562_essential->RPE1,LARS
K562_essential->RPE1,LARS2
K562_essential->RPE1,LAS1L
K562_essential->RPE1,LCE1C
K562_essential->RPE1,LCE1E
K562_essential->RPE1,LCN10
K562_essential->RPE1,LENG8
K562_essential->RPE1,LETM1
K562_essential->RPE1,LIMS1
K562_essential->RPE1,LIN52
K562_essential->RPE1,LIN54
K562_essential->RPE1,LONP1
K562_essential->RPE1,LPA
K562_essential->RPE1,LRPPRC
K562_essential->RPE1,LRR1
K562_essential->RPE1,LRRC37A3
K562_essential->RPE1,LRRC37B
K562_essential->RPE1,LSG1
K562_essential->RPE1,LSM10
K562_essential->RPE1,LSM11
K562_essential->RPE1,LSM12
K562_essential->RPE1,LSM2
K562_essential->RPE1,LSM3
K562_essential->RPE1,LSM4
K562_essential->RPE1,LSM5
K562_essential->RPE1,LSM6
K562_essential->RPE1,LSM7
K562_essential->RPE1,LST1
K562_essential->RPE1,LTB4R2
K562_essential->RPE1,LTBP3
K562_essential->RPE1,LTV1
K562_essential->RPE1,LUC7L3
K562_essential->RPE1,LURAP1
K562_essential->RPE1,LYRM4
K562_essential->RPE1,MAD2L1
K562_essential->RPE1,MAD2L2
K562_essential->RPE1,MAGOH
K562_essential->RPE1,MAK16
K562_essential->RPE1,MANF
K562_essential->RPE1,MARS
K562_essential->RPE1,MARS2
K562_essential->RPE1,MASTL
K562_essential->RPE1,MAT2A
K562_essential->RPE1,MAU2
K562_essential->RPE1,MAX
K562_essential->RPE1,MBTPS1
K562_essential->RPE1,MBTPS2
K562_essential->RPE1,MCL1
K562_essential->RPE1,MCM10
K562_essential->RPE1,MCM2
K562_essential->RPE1,MCM3
K562_essential->RPE1,MCM3AP
K562_essential->RPE1,MCM4
K562_essential->RPE1,MCM5
K562_essential->RPE1,MCM6
K562_essential->RPE1,MCM7
K562_essential->RPE1,MCMBP
K562_essential->RPE1,MCRS1
K562_essential->RPE1,MDN1
K562_essential->RPE1,MED1
K562_essential->RPE1,MED10
K562_essential->RPE1,MED11
K562_essential->RPE1,MED12
K562_essential->RPE1,MED14
K562_essential->RPE1,MED17
K562_essential->RPE1,MED18
K562_essential->RPE1,MED19
K562_essential->RPE1,MED20
K562_essential->RPE1,MED21
K562_essential->RPE1,MED22
K562_essential->RPE1,MED26
K562_essential->RPE1,MED27
K562_essential->RPE1,MED28
K562_essential->RPE1,MED29
K562_essential->RPE1,MED30
K562_essential->RPE1,MED31
K562_essential->RPE1,MED4
K562_essential->RPE1,MED6
K562_essential->RPE1,MED7
K562_essential->RPE1,MED8
K562_essential->RPE1,MED9
K562_essential->RPE1,MEPCE
K562_essential->RPE1,METAP1
K562_essential->RPE1,METAP2
K562_essential->RPE1,METTL1
K562_essential->RPE1,METTL14
K562_essential->RPE1,METTL16
K562_essential->RPE1,METTL17
K562_essential->RPE1,METTL23
K562_essential->RPE1,METTL3
K562_essential->RPE1,MEX3A
K562_essential->RPE1,MFAP1
K562_essential->RPE1,MFN2
K562_essential->RPE1,MICOS10
K562_essential->RPE1,MIOS
K562_essential->RPE1,MIPEP
K562_essential->RPE1,MIS12
K562_essential->RPE1,MIS18A
K562_essential->RPE1,MIS18BP1
K562_essential->RPE1,MKRN1
K562_essential->RPE1,MLST8
K562_essential->RPE1,MMGT1
K562_essential->RPE1,MMS19
K562_essential->RPE1,MMS22L
K562_essential->RPE1,MNAT1
K562_essential->RPE1,MOB4
K562_essential->RPE1,MOCS3
K562_essential->RPE1,MOG
K562_essential->RPE1,MOK
K562_essential->RPE1,MPHOSPH10
K562_essential->RPE1,MRGBP
K562_essential->RPE1,MRPL1
K562_essential->RPE1,MRPL10
K562_essential->RPE1,MRPL13
K562_essential->RPE1,MRPL14
K562_essential->RPE1,MRPL15
K562_essential->RPE1,MRPL16
K562_essential->RPE1,MRPL17
K562_essential->RPE1,MRPL18
K562_essential->RPE1,MRPL19
K562_essential->RPE1,MRPL2
K562_essential->RPE1,MRPL20
K562_essential->RPE1,MRPL21
K562_essential->RPE1,MRPL22
K562_essential->RPE1,MRPL24
K562_essential->RPE1,MRPL27
K562_essential->RPE1,MRPL28
K562_essential->RPE1,MRPL3
K562_essential->RPE1,MRPL32
K562_essential->RPE1,MRPL33
K562_essential->RPE1,MRPL34
K562_essential->RPE1,MRPL35
K562_essential->RPE1,MRPL36
K562_essential->RPE1,MRPL37
K562_essential->RPE1,MRPL38
K562_essential->RPE1,MRPL39
K562_essential->RPE1,MRPL4
K562_essential->RPE1,MRPL41
K562_essential->RPE1,MRPL43
K562_essential->RPE1,MRPL44
K562_essential->RPE1,MRPL45
K562_essential->RPE1,MRPL49
K562_essential->RPE1,MRPL50
K562_essential->RPE1,MRPL51
K562_essential->RPE1,MRPL53
K562_essential->RPE1,MRPL54
K562_essential->RPE1,MRPL55
K562_essential->RPE1,MRPL9
K562_essential->RPE1,MRPS10
K562_essential->RPE1,MRPS11
K562_essential->RPE1,MRPS12
K562_essential->RPE1,MRPS14
K562_essential->RPE1,MRPS16
K562_essential->RPE1,MRPS18A
K562_essential->RPE1,MRPS18B
K562_essential->RPE1,MRPS2
K562_essential->RPE1,MRPS21
K562_essential->RPE1,MRPS22
K562_essential->RPE1,MRPS23
K562_essential->RPE1,MRPS24
K562_essential->RPE1,MRPS25
K562_essential->RPE1,MRPS26
K562_essential->RPE1,MRPS27
K562_essential->RPE1,MRPS28
K562_essential->RPE1,MRPS31
K562_essential->RPE1,MRPS34
K562_essential->RPE1,MRPS35
K562_essential->RPE1,MRPS5
K562_essential->RPE1,MRPS6
K562_essential->RPE1,MRPS7
K562_essential->RPE1,MRPS9
K562_essential->RPE1,MRTO4
K562_essential->RPE1,MSRB1
K562_essential->RPE1,MST1
K562_essential->RPE1,MSTO1
K562_essential->RPE1,MT2A
K562_essential->RPE1,MTBP
K562_essential->RPE1,MTG2
K562_essential->RPE1,MTOR
K562_essential->RPE1,MTPAP
K562_essential->RPE1,MTRNR2L1
K562_essential->RPE1,MVD
K562_essential->RPE1,MVK
K562_essential->RPE1,MYBBP1A
K562_essential->RPE1,MYBL2
K562_essential->RPE1,MYC
K562_essential->RPE1,MYCBP
K562_essential->RPE1,MYO1H
K562_essential->RPE1,MZF1
K562_essential->RPE1,MZT1
K562_essential->RPE1,N6AMT1
K562_essential->RPE1,NAA10
K562_essential->RPE1,NAA15
K562_essential->RPE1,NAA20
K562_essential->RPE1,NAA25
K562_essential->RPE1,NAA35
K562_essential->RPE1,NAA38
K562_essential->RPE1,NAA50
K562_essential->RPE1,NACA
K562_essential->RPE1,NAE1
K562_essential->RPE1,NAF1
K562_essential->RPE1,NAGLU
K562_essential->RPE1,NANOG
K562_essential->RPE1,NAPA
K562_essential->RPE1,NAPG
K562_essential->RPE1,NARS
K562_essential->RPE1,NASP
K562_essential->RPE1,NAT10
K562_essential->RPE1,NBAS
K562_essential->RPE1,NBEAL1
K562_essential->RPE1,NBPF12
K562_essential->RPE1,NBPF15
K562_essential->RPE1,NBPF3
K562_essential->RPE1,NCAPD2
K562_essential->RPE1,NCAPD3
K562_essential->RPE1,NCAPG
K562_essential->RPE1,NCAPG2
K562_essential->RPE1,NCAPH
K562_essential->RPE1,NCAPH2
K562_essential->RPE1,NCBP1
K562_essential->RPE1,NCBP2
K562_essential->RPE1,NCKAP1
K562_essential->RPE1,NCL
K562_essential->RPE1,NCOA4
K562_essential->RPE1,NDC1
K562_essential->RPE1,NDC80
K562_essential->RPE1,NDOR1
K562_essential->RPE1,NDUFA11
K562_essential->RPE1,NDUFA2
K562_essential->RPE1,NDUFA4
K562_essential->RPE1,NDUFA6
K562_essential->RPE1,NDUFA8
K562_essential->RPE1,NDUFAB1
K562_essential->RPE1,NDUFAF3
K562_essential->RPE1,NDUFAF7
K562_essential->RPE1,NDUFB10
K562_essential->RPE1,NDUFB3
K562_essential->RPE1,NDUFB4
K562_essential->RPE1,NDUFB6
K562_essential->RPE1,NDUFB7
K562_essential->RPE1,NDUFB8
K562_essential->RPE1,NDUFS3
K562_essential->RPE1,NDUFS5
K562_essential->RPE1,NEDD1
K562_essential->RPE1,NEDD8
K562_essential->RPE1,NELFA
K562_essential->RPE1,NELFB
K562_essential->RPE1,NELFCD
K562_essential->RPE1,NELFE
K562_essential->RPE1,NEMF
K562_essential->RPE1,NEPRO
K562_essential->RPE1,NFATC2IP
K562_essential->RPE1,NFKBIE
K562_essential->RPE1,NFRKB
K562_essential->RPE1,NFS1
K562_essential->RPE1,NFYB
K562_essential->RPE1,NFYC
K562_essential->RPE1,NHLRC2
K562_essential->RPE1,NHP2
K562_essential->RPE1,NIFK
K562_essential->RPE1,NIP7
K562_essential->RPE1,NISCH
K562_essential->RPE1,NKAP
K562_essential->RPE1,NLE1
K562_essential->RPE1,NMD3
K562_essential->RPE1,NMT1
K562_essential->RPE1,NOB1
K562_essential->RPE1,NOC2L
K562_essential->RPE1,NOC3L
K562_essential->RPE1,NOC4L
K562_essential->RPE1,NOL10
K562_essential->RPE1,NOL11
K562_essential->RPE1,NOL12
K562_essential->RPE1,NOL6
K562_essential->RPE1,NOL7
K562_essential->RPE1,NOL8
K562_essential->RPE1,NOL9
K562_essential->RPE1,NOLC1
K562_essential->RPE1,NOM1
K562_essential->RPE1,NOMO3
K562_essential->RPE1,NOP10
K562_essential->RPE1,NOP14
K562_essential->RPE1,NOP16
K562_essential->RPE1,NOP2
K562_essential->RPE1,NOP56
K562_essential->RPE1,NOP58
K562_essential->RPE1,NOP9
K562_essential->RPE1,NOS1AP
K562_essential->RPE1,NPAT
K562_essential->RPE1,NPB
K562_essential->RPE1,NPEPPS
K562_essential->RPE1,NPLOC4
K562_essential->RPE1,NPM1
K562_essential->RPE1,NPM3
K562_essential->RPE1,NR2C2AP
K562_essential->RPE1,NRBP1
K562_essential->RPE1,NRDE2
K562_essential->RPE1,NRF1
K562_essential->RPE1,NSA2
K562_essential->RPE1,NSF
K562_essential->RPE1,NSL1
K562_essential->RPE1,NSMCE1
K562_essential->RPE1,NSMCE2
K562_essential->RPE1,NSRP1
K562_essential->RPE1,NSUN4
K562_essential->RPE1,NUBP1
K562_essential->RPE1,NUBP2
K562_essential->RPE1,NUDC
K562_essential->RPE1,NUDCD3
K562_essential->RPE1,NUDT21
K562_essential->RPE1,NUF2
K562_essential->RPE1,NUFIP1
K562_essential->RPE1,NUMA1
K562_essential->RPE1,NUP107
K562_essential->RPE1,NUP133
K562_essential->RPE1,NUP153
K562_essential->RPE1,NUP155
K562_essential->RPE1,NUP160
K562_essential->RPE1,NUP205
K562_essential->RPE1,NUP214
K562_essential->RPE1,NUP35
K562_essential->RPE1,NUP43
K562_essential->RPE1,NUP54
K562_essential->RPE1,NUP62
K562_essential->RPE1,NUP85
K562_essential->RPE1,NUP88
K562_essential->RPE1,NUP93
K562_essential->RPE1,NUP98
K562_essential->RPE1,NUS1
K562_essential->RPE1,NUTF2
K562_essential->RPE1,NVL
K562_essential->RPE1,NXF1
K562_essential->RPE1,OGFOD1
K562_essential->RPE1,OGT
K562_essential->RPE1,OIP5
K562_essential->RPE1,OLFML3
K562_essential->RPE1,OPA1
K562_essential->RPE1,OR1D2
K562_essential->RPE1,OR1E2
K562_essential->RPE1,OR2A1
K562_essential->RPE1,OR2T29
K562_essential->RPE1,OR2T5
K562_essential->RPE1,OR4F4
K562_essential->RPE1,OR4K1
K562_essential->RPE1,OR4N2
K562_essential->RPE1,OR7A10
K562_essential->RPE1,OR7A17
K562_essential->RPE1,ORC1
K562_essential->RPE1,ORC3
K562_essential->RPE1,ORC4
K562_essential->RPE1,ORC5
K562_essential->RPE1,ORC6
K562_essential->RPE1,OSBP
K562_essential->RPE1,OSGEP
K562_essential->RPE1,OSTC
K562_essential->RPE1,OTOP1
K562_essential->RPE1,OTX1
K562_essential->RPE1,OVCA2
K562_essential->RPE1,OXA1L
K562_essential->RPE1,PABPC1
K562_essential->RPE1,PABPN1
K562_essential->RPE1,PAF1
K562_essential->RPE1,PAFAH1B1
K562_essential->RPE1,PAK1IP1
K562_essential->RPE1,PALB2
K562_essential->RPE1,PAM16
K562_essential->RPE1,PARN
K562_essential->RPE1,PARS2
K562_essential->RPE1,PAXBP1
K562_essential->RPE1,PC
K562_essential->RPE1,PCBP1
K562_essential->RPE1,PCBP2
K562_essential->RPE1,PCF11
K562_essential->RPE1,PCID2
K562_essential->RPE1,PCNA
K562_essential->RPE1,PDAP1
K562_essential->RPE1,PDCD11
K562_essential->RPE1,PDCD2
K562_essential->RPE1,PDCD5
K562_essential->RPE1,PDCD6
K562_essential->RPE1,PDCD6IP
K562_essential->RPE1,PDCD7
K562_essential->RPE1,PDPK1
K562_essential->RPE1,PDRG1
K562_essential->RPE1,PEF1
K562_essential->RPE1,PELO
K562_essential->RPE1,PELP1
K562_essential->RPE1,PES1
K562_essential->RPE1,PET117
K562_essential->RPE1,PEX1
K562_essential->RPE1,PFDN1
K562_essential->RPE1,PFDN2
K562_essential->RPE1,PFDN4
K562_essential->RPE1,PFDN5
K562_essential->RPE1,PFDN6
K562_essential->RPE1,PFN1
K562_essential->RPE1,PGAM1
K562_essential->RPE1,PGD
K562_essential->RPE1,PGK1
K562_essential->RPE1,PGPEP1
K562_essential->RPE1,PGS1
K562_essential->RPE1,PHAX
K562_essential->RPE1,PHB
K562_essential->RPE1,PHB2
K562_essential->RPE1,PHF12
K562_essential->RPE1,PHF5A
K562_essential->RPE1,PI4KA
K562_essential->RPE1,PIAS4
K562_essential->RPE1,PIGH
K562_essential->RPE1,PIK3C3
K562_essential->RPE1,PIK3R4
K562_essential->RPE1,PKM
K562_essential->RPE1,PKMYT1
K562_essential->RPE1,PLA2G10
K562_essential->RPE1,PLEKHN1
K562_essential->RPE1,PLK1
K562_essential->RPE1,PLK4
K562_essential->RPE1,PLRG1
K562_essential->RPE1,PMF1
K562_essential->RPE1,PMPCA
K562_essential->RPE1,PMPCB
K562_essential->RPE1,PNISR
K562_essential->RPE1,PNKP
K562_essential->RPE1,PNN
K562_essential->RPE1,PNO1
K562_essential->RPE1,PNPT1
K562_essential->RPE1,POGZ
K562_essential->RPE1,POLA1
K562_essential->RPE1,POLA2
K562_essential->RPE1,POLD1
K562_essential->RPE1,POLD2
K562_essential->RPE1,POLD3
K562_essential->RPE1,POLE
K562_essential->RPE1,POLE2
K562_essential->RPE1,POLG2
K562_essential->RPE1,POLR1A
K562_essential->RPE1,POLR1B
K562_essential->RPE1,POLR1C
K562_essential->RPE1,POLR1E
K562_essential->RPE1,POLR2A
K562_essential->RPE1,POLR2B
K562_essential->RPE1,POLR2C
K562_essential->RPE1,POLR2D
K562_essential->RPE1,POLR2E
K562_essential->RPE1,POLR2F
K562_essential->RPE1,POLR2G
K562_essential->RPE1,POLR2H
K562_essential->RPE1,POLR2I
K562_essential->RPE1,POLR2K
K562_essential->RPE1,POLR2L
K562_essential->RPE1,POLR3A
K562_essential->RPE1,POLR3B
K562_essential->RPE1,POLR3C
K562_essential->RPE1,POLR3D
K562_essential->RPE1,POLR3E
K562_essential->RPE1,POLR3F
K562_essential->RPE1,POLR3H
K562_essential->RPE1,POLR3K
K562_essential->RPE1,POLRMT
K562_essential->RPE1,POP1
K562_essential->RPE1,POP4
K562_essential->RPE1,POP5
K562_essential->RPE1,POP7
K562_essential->RPE1,POT1
K562_essential->RPE1,POTEI
K562_essential->RPE1,POU5F1B
K562_essential->RPE1,PPA1
K562_essential->RPE1,PPA2
K562_essential->RPE1,PPAN
K562_essential->RPE1,PPARGC1B
K562_essential->RPE1,PPIA
K562_essential->RPE1,PPIE
K562_essential->RPE1,PPIH
K562_essential->RPE1,PPIL1
K562_essential->RPE1,PPIL2
K562_essential->RPE1,PPIL4
K562_essential->RPE1,PPME1
K562_essential->RPE1,PPP1CA
K562_essential->RPE1,PPP1CB
K562_essential->RPE1,PPP1R10
K562_essential->RPE1,PPP1R11
K562_essential->RPE1,PPP1R12A
K562_essential->RPE1,PPP1R15B
K562_essential->RPE1,PPP1R2
K562_essential->RPE1,PPP1R7
K562_essential->RPE1,PPP1R8
K562_essential->RPE1,PPP2CA
K562_essential->RPE1,PPP2R1A
K562_essential->RPE1,PPP2R3C
K562_essential->RPE1,PPP4C
K562_essential->RPE1,PPP4R2
K562_essential->RPE1,PPP6C
K562_essential->RPE1,PPRC1
K562_essential->RPE1,PPWD1
K562_essential->RPE1,PPY
K562_essential->RPE1,PRC1
K562_essential->RPE1,PRDM10
K562_essential->RPE1,PREB
K562_essential->RPE1,PRELID1
K562_essential->RPE1,PRELID3B
K562_essential->RPE1,PRIM1
K562_essential->RPE1,PRIM2
K562_essential->RPE1,PRKRA
K562_essential->RPE1,PRKRIP1
K562_essential->RPE1,PRMT1
K562_essential->RPE1,PRMT5
K562_essential->RPE1,PRODH
K562_essential->RPE1,PRORP
K562_essential->RPE1,PRPF18
K562_essential->RPE1,PRPF19
K562_essential->RPE1,PRPF3
K562_essential->RPE1,PRPF31
K562_essential->RPE1,PRPF38A
K562_essential->RPE1,PRPF38B
K562_essential->RPE1,PRPF4
K562_essential->RPE1,PRPF40A
K562_essential->RPE1,PRPF4B
K562_essential->RPE1,PRPF6
K562_essential->RPE1,PRPF8
K562_essential->RPE1,PRRC2A
K562_essential->RPE1,PSAT1
K562_essential->RPE1,PSMA1
K562_essential->RPE1,PSMA2
K562_essential->RPE1,PSMA3
K562_essential->RPE1,PSMA4
K562_essential->RPE1,PSMA5
K562_essential->RPE1,PSMA6
K562_essential->RPE1,PSMA7
K562_essential->RPE1,PSMB1
K562_essential->RPE1,PSMB2
K562_essential->RPE1,PSMB3
K562_essential->RPE1,PSMB4
K562_essential->RPE1,PSMB5
K562_essential->RPE1,PSMB6
K562_essential->RPE1,PSMB7
K562_essential->RPE1,PSMC1
K562_essential->RPE1,PSMC2
K562_essential->RPE1,PSMC3
K562_essential->RPE1,PSMC4
K562_essential->RPE1,PSMC5
K562_essential->RPE1,PSMC6
K562_essential->RPE1,PSMD1
K562_essential->RPE1,PSMD11
K562_essential->RPE1,PSMD12
K562_essential->RPE1,PSMD13
K562_essential->RPE1,PSMD14
K562_essential->RPE1,PSMD2
K562_essential->RPE1,PSMD3
K562_essential->RPE1,PSMD4
K562_essential->RPE1,PSMD6
K562_essential->RPE1,PSMD7
K562_essential->RPE1,PSMD8
K562_essential->RPE1,PSMD9
K562_essential->RPE1,PSME1
K562_essential->RPE1,PSME2
K562_essential->RPE1,PSMG1
K562_essential->RPE1,PSMG2
K562_essential->RPE1,PSMG3
K562_essential->RPE1,PSMG4
K562_essential->RPE1,PSTK
K562_essential->RPE1,PTBP1
K562_essential->RPE1,PTCD1
K562_essential->RPE1,PTCD3
K562_essential->RPE1,PTK2
K562_essential->RPE1,PTMA
K562_essential->RPE1,PTPMT1
K562_essential->RPE1,PTPN23
K562_essential->RPE1,PUF60
K562_essential->RPE1,PWP1
K562_essential->RPE1,PWP2
K562_essential->RPE1,PXN
K562_essential->RPE1,PYROXD1
K562_essential->RPE1,QARS
K562_essential->RPE1,QRSL1
K562_essential->RPE1,RAB18
K562_essential->RPE1,RAB4A
K562_essential->RPE1,RAB6A
K562_essential->RPE1,RABGGTA
K562_essential->RPE1,RABGGTB
K562_essential->RPE1,RAC1
K562_essential->RPE1,RAC3
K562_essential->RPE1,RAD17
K562_essential->RPE1,RAD21
K562_essential->RPE1,RAD51
K562_essential->RPE1,RAD51C
K562_essential->RPE1,RAD51D
K562_essential->RPE1,RAD9A
K562_essential->RPE1,RAE1
K562_essential->RPE1,RAN
K562_essential->RPE1,RANBP2
K562_essential->RPE1,RANGAP1
K562_essential->RPE1,RARS
K562_essential->RPE1,RARS2
K562_essential->RPE1,RBBP4
K562_essential->RPE1,RBBP5
K562_essential->RPE1,RBBP6
K562_essential->RPE1,RBBP8
K562_essential->RPE1,RBM10
K562_essential->RPE1,RBM17
K562_essential->RPE1,RBM19
K562_essential->RPE1,RBM22
K562_essential->RPE1,RBM25
K562_essential->RPE1,RBM28
K562_essential->RPE1,RBM39
K562_essential->RPE1,RBM4
K562_essential->RPE1,RBM42
K562_essential->RPE1,RBM48
K562_essential->RPE1,RBM8A
K562_essential->RPE1,RBMX
K562_essential->RPE1,RBMX2
K562_essential->RPE1,RBMXL1
K562_essential->RPE1,RBX1
K562_essential->RPE1,RCC1
K562_essential->RPE1,RCL1
K562_essential->RPE1,RCOR1
K562_essential->RPE1,REV3L
K562_essential->RPE1,REXO2
K562_essential->RPE1,RFC1
K562_essential->RPE1,RFC2
K562_essential->RPE1,RFC3
K562_essential->RPE1,RFC4
K562_essential->RPE1,RFC5
K562_essential->RPE1,RFFL
K562_essential->RPE1,RFT1
K562_essential->RPE1,RGP1
K562_essential->RPE1,RGPD6
K562_essential->RPE1,RHOQ
K562_essential->RPE1,RHPN1
K562_essential->RPE1,RINT1
K562_essential->RPE1,RIOK1
K562_essential->RPE1,RIOK2
K562_essential->RPE1,RMI1
K562_essential->RPE1,RNASEH2C
K562_essential->RPE1,RNF103
K562_essential->RPE1,RNF113A
K562_essential->RPE1,RNF123
K562_essential->RPE1,RNF14
K562_essential->RPE1,RNF168
K562_essential->RPE1,RNF20
K562_essential->RPE1,RNF4
K562_essential->RPE1,RNF40
K562_essential->RPE1,RNF8
K562_essential->RPE1,RNGTT
K562_essential->RPE1,RNMT
K562_essential->RPE1,RNPC3
K562_essential->RPE1,RNPS1
K562_essential->RPE1,ROMO1
K562_essential->RPE1,RPA1
K562_essential->RPE1,RPA2
K562_essential->RPE1,RPA3
K562_essential->RPE1,RPAIN
K562_essential->RPE1,RPAP1
K562_essential->RPE1,RPAP2
K562_essential->RPE1,RPAP3
K562_essential->RPE1,RPE
K562_essential->RPE1,RPF1
K562_essential->RPE1,RPF2
K562_essential->RPE1,RPL10
K562_essential->RPE1,RPL10A
K562_essential->RPE1,RPL11
K562_essential->RPE1,RPL12
K562_essential->RPE1,RPL13
K562_essential->RPE1,RPL13A
K562_essential->RPE1,RPL14
K562_essential->RPE1,RPL15
K562_essential->RPE1,RPL17
K562_essential->RPE1,RPL18
K562_essential->RPE1,RPL18A
K562_essential->RPE1,RPL19
K562_essential->RPE1,RPL21
K562_essential->RPE1,RPL23
K562_essential->RPE1,RPL23A
K562_essential->RPE1,RPL24
K562_essential->RPE1,RPL26
K562_essential->RPE1,RPL26L1
K562_essential->RPE1,RPL27
K562_essential->RPE1,RPL27A
K562_essential->RPE1,RPL28
K562_essential->RPE1,RPL29
K562_essential->RPE1,RPL3
K562_essential->RPE1,RPL30
K562_essential->RPE1,RPL31
K562_essential->RPE1,RPL32
K562_essential->RPE1,RPL34
K562_essential->RPE1,RPL35
K562_essential->RPE1,RPL35A
K562_essential->RPE1,RPL36
K562_essential->RPE1,RPL36A
K562_essential->RPE1,RPL36AL
K562_essential->RPE1,RPL37
K562_essential->RPE1,RPL37A
K562_essential->RPE1,RPL38
K562_essential->RPE1,RPL39
K562_essential->RPE1,RPL4
K562_essential->RPE1,RPL41
K562_essential->RPE1,RPL5
K562_essential->RPE1,RPL6
K562_essential->RPE1,RPL7
K562_essential->RPE1,RPL7A
K562_essential->RPE1,RPL7L1
K562_essential->RPE1,RPL8
K562_essential->RPE1,RPL9
K562_essential->RPE1,RPLP0
K562_essential->RPE1,RPLP1
K562_essential->RPE1,RPLP2
K562_essential->RPE1,RPN1
K562_essential->RPE1,RPN2
K562_essential->RPE1,RPP14
K562_essential->RPE1,RPP21
K562_essential->RPE1,RPP30
K562_essential->RPE1,RPP38
K562_essential->RPE1,RPP40
K562_essential->RPE1,RPS10
K562_essential->RPE1,RPS10-NUDT3
K562_essential->RPE1,RPS11
K562_essential->RPE1,RPS12
K562_essential->RPE1,RPS13
K562_essential->RPE1,RPS14
K562_essential->RPE1,RPS15
K562_essential->RPE1,RPS15A
K562_essential->RPE1,RPS16
K562_essential->RPE1,RPS17
K562_essential->RPE1,RPS18
K562_essential->RPE1,RPS19
K562_essential->RPE1,RPS19BP1
K562_essential->RPE1,RPS2
K562_essential->RPE1,RPS20
K562_essential->RPE1,RPS21
K562_essential->RPE1,RPS23
K562_essential->RPE1,RPS24
K562_essential->RPE1,RPS25
K562_essential->RPE1,RPS26
K562_essential->RPE1,RPS27
K562_essential->RPE1,RPS27A
K562_essential->RPE1,RPS28
K562_essential->RPE1,RPS29
K562_essential->RPE1,RPS3
K562_essential->RPE1,RPS3A
K562_essential->RPE1,RPS4X
K562_essential->RPE1,RPS5
K562_essential->RPE1,RPS6
K562_essential->RPE1,RPS7
K562_essential->RPE1,RPS8
K562_essential->RPE1,RPS9
K562_essential->RPE1,RPSA
K562_essential->RPE1,RPTOR
K562_essential->RPE1,RPUSD3
K562_essential->RPE1,RPUSD4
K562_essential->RPE1,RRM1
K562_essential->RPE1,RRM2
K562_essential->RPE1,RRN3
K562_essential->RPE1,RRP1
K562_essential->RPE1,RRP12
K562_essential->RPE1,RRP15
K562_essential->RPE1,RRP7A
K562_essential->RPE1,RRP9
K562_essential->RPE1,RRS1
K562_essential->RPE1,RSL1D1
K562_essential->RPE1,RSL24D1
K562_essential->RPE1,RSRC2
K562_essential->RPE1,RTCB
K562_essential->RPE1,RTEL1
K562_essential->RPE1,RTF1
K562_essential->RPE1,RTTN
K562_essential->RPE1,RUVBL1
K562_essential->RPE1,RUVBL2
K562_essential->RPE1,SACM1L
K562_essential->RPE1,SAE1
K562_essential->RPE1,SAMM50
K562_essential->RPE1,SAP130
K562_essential->RPE1,SAP18
K562_essential->RPE1,SAP30BP
K562_essential->RPE1,SARNP
K562_essential->RPE1,SARS
K562_essential->RPE1,SARS2
K562_essential->RPE1,SART1
K562_essential->RPE1,SART3
K562_essential->RPE1,SASS6
K562_essential->RPE1,SBDS
K562_essential->RPE1,SBNO1
K562_essential->RPE1,SCAF1
K562_essential->RPE1,SCAP
K562_essential->RPE1,SCD
K562_essential->RPE1,SCFD1
K562_essential->RPE1,SCNM1
K562_essential->RPE1,SDAD1
K562_essential->RPE1,SDC1
K562_essential->RPE1,SDE2
K562_essential->RPE1,SDHA
K562_essential->RPE1,SDHAF2
K562_essential->RPE1,SDHC
K562_essential->RPE1,SDHD
K562_essential->RPE1,SEC13
K562_essential->RPE1,SEC16A
K562_essential->RPE1,SEC61A1
K562_essential->RPE1,SEC61B
K562_essential->RPE1,SEC61G
K562_essential->RPE1,SEC62
K562_essential->RPE1,SEC63
K562_essential->RPE1,SEH1L
K562_essential->RPE1,SEM1
K562_essential->RPE1,SENP6
K562_essential->RPE1,SEPHS2
K562_essential->RPE1,SEPSECS
K562_essential->RPE1,SERBP1
K562_essential->RPE1,SET
K562_essential->RPE1,SETD1A
K562_essential->RPE1,SETD2
K562_essential->RPE1,SETDB1
K562_essential->RPE1,SF1
K562_essential->RPE1,SF3A1
K562_essential->RPE1,SF3A2
K562_essential->RPE1,SF3A3
K562_essential->RPE1,SF3B1
K562_essential->RPE1,SF3B2
K562_essential->RPE1,SF3B3
K562_essential->RPE1,SF3B4
K562_essential->RPE1,SF3B5
K562_essential->RPE1,SFPQ
K562_essential->RPE1,SFSWAP
K562_essential->RPE1,SGPP1
K562_essential->RPE1,SHQ1
K562_essential->RPE1,SIGLEC14
K562_essential->RPE1,SIN3A
K562_essential->RPE1,SKA1
K562_essential->RPE1,SKA3
K562_essential->RPE1,SKP1
K562_essential->RPE1,SKP2
K562_essential->RPE1,SLBP
K562_essential->RPE1,SLC16A5
K562_essential->RPE1,SLC1A5
K562_essential->RPE1,SLC25A10
K562_essential->RPE1,SLC25A26
K562_essential->RPE1,SLC25A3
K562_essential->RPE1,SLC35B1
K562_essential->RPE1,SLC35G6
K562_essential->RPE1,SLC39A10
K562_essential->RPE1,SLC39A7
K562_essential->RPE1,SLC39A9
K562_essential->RPE1,SLC4A5
K562_essential->RPE1,SLC7A5
K562_essential->RPE1,SLC7A6OS
K562_essential->RPE1,SLC9B1
K562_essential->RPE1,SLU7
K562_essential->RPE1,SMAGP
K562_essential->RPE1,SMARCB1
K562_essential->RPE1,SMARCE1
K562_essential->RPE1,SMC1A
K562_essential->RPE1,SMC2
K562_essential->RPE1,SMC3
K562_essential->RPE1,SMC4
K562_essential->RPE1,SMC5
K562_essential->RPE1,SMC6
K562_essential->RPE1,SMG1
K562_essential->RPE1,SMG5
K562_essential->RPE1,SMG6
K562_essential->RPE1,SMN2
K562_essential->RPE1,SMNDC1
K562_essential->RPE1,SMU1
K562_essential->RPE1,SMUG1
K562_essential->RPE1,SNAPC1
K562_essential->RPE1,SNAPC2
K562_essential->RPE1,SNAPC3
K562_essential->RPE1,SNAPC4
K562_essential->RPE1,SNAPC5
K562_essential->RPE1,SNF8
K562_essential->RPE1,SNIP1
K562_essential->RPE1,SNRNP200
K562_essential->RPE1,SNRNP25
K562_essential->RPE1,SNRNP27
K562_essential->RPE1,SNRNP35
K562_essential->RPE1,SNRNP40
K562_essential->RPE1,SNRNP48
K562_essential->RPE1,SNRNP70
K562_essential->RPE1,SNRPA1
K562_essential->RPE1,SNRPB
K562_essential->RPE1,SNRPC
K562_essential->RPE1,SNRPD1
K562_essential->RPE1,SNRPD2
K562_essential->RPE1,SNRPD3
K562_essential->RPE1,SNRPE
K562_essential->RPE1,SNRPF
K562_essential->RPE1,SNRPG
K562_essential->RPE1,SNUPN
K562_essential->RPE1,SNW1
K562_essential->RPE1,SNX15
K562_essential->RPE1,SOD1
K562_essential->RPE1,SOD2
K562_essential->RPE1,SON
K562_essential->RPE1,SP2
K562_essential->RPE1,SPATA5
K562_essential->RPE1,SPATA5L1
K562_essential->RPE1,SPC24
K562_essential->RPE1,SPC25
K562_essential->RPE1,SPCS2
K562_essential->RPE1,SPCS3
K562_essential->RPE1,SPDL1
K562_essential->RPE1,SPDYE2
K562_essential->RPE1,SPRTN
K562_essential->RPE1,SPTLC1
K562_essential->RPE1,SPTSSA
K562_essential->RPE1,SRBD1
K562_essential->RPE1,SRCAP
K562_essential->RPE1,SRF
K562_essential->RPE1,SRFBP1
K562_essential->RPE1,SRP14
K562_essential->RPE1,SRP19
K562_essential->RPE1,SRP54
K562_essential->RPE1,SRP68
K562_essential->RPE1,SRP72
K562_essential->RPE1,SRP9
K562_essential->RPE1,SRPRB
K562_essential->RPE1,SRRM1
K562_essential->RPE1,SRRM2
K562_essential->RPE1,SRRT
K562_essential->RPE1,SRSF1
K562_essential->RPE1,SRSF10
K562_essential->RPE1,SRSF11
K562_essential->RPE1,SRSF2
K562_essential->RPE1,SRSF3
K562_essential->RPE1,SRSF6
K562_essential->RPE1,SRSF7
K562_essential->RPE1,SS18L2
K562_essential->RPE1,SSBP1
K562_essential->RPE1,SSBP3
K562_essential->RPE1,SSRP1
K562_essential->RPE1,SSU72
K562_essential->RPE1,SSX4
K562_essential->RPE1,STARD7
K562_essential->RPE1,STAT5A
K562_essential->RPE1,STIL
K562_essential->RPE1,STRAP
K562_essential->RPE1,STRIP1
K562_essential->RPE1,STX18
K562_essential->RPE1,STX5
K562_essential->RPE1,SUGP1
K562_essential->RPE1,SUGT1
K562_essential->RPE1,SUMO2
K562_essential->RPE1,SUPT16H
K562_essential->RPE1,SUPT4H1
K562_essential->RPE1,SUPT5H
K562_essential->RPE1,SUPT6H
K562_essential->RPE1,SUPV3L1
K562_essential->RPE1,SURF6
K562_essential->RPE1,SYF2
K562_essential->RPE1,SYMPK
K562_essential->RPE1,SYS1
K562_essential->RPE1,TACC3
K562_essential->RPE1,TADA2A
K562_essential->RPE1,TADA3
K562_essential->RPE1,TAF1
K562_essential->RPE1,TAF10
K562_essential->RPE1,TAF12
K562_essential->RPE1,TAF1B
K562_essential->RPE1,TAF1C
K562_essential->RPE1,TAF1D
K562_essential->RPE1,TAF2
K562_essential->RPE1,TAF5
K562_essential->RPE1,TAF6
K562_essential->RPE1,TAF7
K562_essential->RPE1,TAF8
K562_essential->RPE1,TAMM41
K562_essential->RPE1,TANGO6
K562_essential->RPE1,TARDBP
K562_essential->RPE1,TARS
K562_essential->RPE1,TARS2
K562_essential->RPE1,TBC1D28
K562_essential->RPE1,TBC1D3
K562_essential->RPE1,TBCA
K562_essential->RPE1,TBCB
K562_essential->RPE1,TBCC
K562_essential->RPE1,TBCD
K562_essential->RPE1,TBCE
K562_essential->RPE1,TBL3
K562_essential->RPE1,TBP
K562_essential->RPE1,TCERG1
K562_essential->RPE1,TCOF1
K562_essential->RPE1,TCP1
K562_essential->RPE1,TDGF1
K562_essential->RPE1,TEAD3
K562_essential->RPE1,TEFM
K562_essential->RPE1,TELO2
K562_essential->RPE1,TEN1
K562_essential->RPE1,TERF1
K562_essential->RPE1,TERF2
K562_essential->RPE1,TEX10
K562_essential->RPE1,TFAM
K562_essential->RPE1,TFB2M
K562_essential->RPE1,TFDP1
K562_essential->RPE1,TFIP11
K562_essential->RPE1,TFRC
K562_essential->RPE1,TGS1
K562_essential->RPE1,THAP1
K562_essential->RPE1,THAP11
K562_essential->RPE1,THG1L
K562_essential->RPE1,THOC1
K562_essential->RPE1,THOC2
K562_essential->RPE1,THOC3
K562_essential->RPE1,THOC5
K562_essential->RPE1,THOC6
K562_essential->RPE1,THOC7
K562_essential->RPE1,TICRR
K562_essential->RPE1,TIGD1
K562_essential->RPE1,TIMELESS
K562_essential->RPE1,TIMM10
K562_essential->RPE1,TIMM13
K562_essential->RPE1,TIMM22
K562_essential->RPE1,TIMM23B
K562_essential->RPE1,TIMM44
K562_essential->RPE1,TIMM8A
K562_essential->RPE1,TIMM9
K562_essential->RPE1,TINF2
K562_essential->RPE1,TIPIN
K562_essential->RPE1,TKT
K562_essential->RPE1,TLCD1
K562_essential->RPE1,TLN1
K562_essential->RPE1,TM7SF2
K562_essential->RPE1,TMA16
K562_essential->RPE1,TMED2
K562_essential->RPE1,TMEM127
K562_essential->RPE1,TMEM199
K562_essential->RPE1,TMEM240
K562_essential->RPE1,TMEM258
K562_essential->RPE1,TMSB10
K562_essential->RPE1,TMX2
K562_essential->RPE1,TNNT2
K562_essential->RPE1,TNPO3
K562_essential->RPE1,TOE1
K562_essential->RPE1,TOMM20
K562_essential->RPE1,TOMM22
K562_essential->RPE1,TOMM40
K562_essential->RPE1,TONSL
K562_essential->RPE1,TOP1
K562_essential->RPE1,TOP2A
K562_essential->RPE1,TOP3A
K562_essential->RPE1,TOPBP1
K562_essential->RPE1,TOR2A
K562_essential->RPE1,TP53RK
K562_essential->RPE1,TPI1
K562_essential->RPE1,TPR
K562_essential->RPE1,TPRKB
K562_essential->RPE1,TPT1
K562_essential->RPE1,TPX2
K562_essential->RPE1,TRA2B
K562_essential->RPE1,TRAIP
K562_essential->RPE1,TRAPPC1
K562_essential->RPE1,TRAPPC11
K562_essential->RPE1,TRAPPC3
K562_essential->RPE1,TRAPPC4
K562_essential->RPE1,TRAPPC5
K562_essential->RPE1,TRAPPC8
K562_essential->RPE1,TREML2
K562_essential->RPE1,TREX2
K562_essential->RPE1,TRIAP1
K562_essential->RPE1,TRIM49C
K562_essential->RPE1,TRMT10C
K562_essential->RPE1,TRMT112
K562_essential->RPE1,TRMT5
K562_essential->RPE1,TRMT6
K562_essential->RPE1,TRNP1
K562_essential->RPE1,TRNT1
K562_essential->RPE1,TRPM7
K562_essential->RPE1,TRRAP
K562_essential->RPE1,TSEN2
K562_essential->RPE1,TSEN34
K562_essential->RPE1,TSEN54
K562_essential->RPE1,TSFM
K562_essential->RPE1,TSG101
K562_essential->RPE1,TSPYL5
K562_essential->RPE1,TSR1
K562_essential->RPE1,TSR2
K562_essential->RPE1,TSSK3
K562_essential->RPE1,TTC1
K562_essential->RPE1,TTC27
K562_essential->RPE1,TTC4
K562_essential->RPE1,TTF2
K562_essential->RPE1,TTI1
K562_essential->RPE1,TTI2
K562_essential->RPE1,TTK
K562_essential->RPE1,TUBA1B
K562_essential->RPE1,TUBA1C
K562_essential->RPE1,TUBA3D
K562_essential->RPE1,TUBB
K562_essential->RPE1,TUBD1
K562_essential->RPE1,TUBE1
K562_essential->RPE1,TUBG1
K562_essential->RPE1,TUBGCP2
K562_essential->RPE1,TUBGCP3
K562_essential->RPE1,TUBGCP4
K562_essential->RPE1,TUBGCP5
K562_essential->RPE1,TUBGCP6
K562_essential->RPE1,TULP1
K562_essential->RPE1,TUT1
K562_essential->RPE1,TVP23C
K562_essential->RPE1,TWF1
K562_essential->RPE1,TWISTNB
K562_essential->RPE1,TXN
K562_essential->RPE1,TXNL4A
K562_essential->RPE1,TXNL4B
K562_essential->RPE1,U2AF1
K562_essential->RPE1,U2AF2
K562_essential->RPE1,U2SURP
K562_essential->RPE1,UBA1
K562_essential->RPE1,UBA2
K562_essential->RPE1,UBA3
K562_essential->RPE1,UBA5
K562_essential->RPE1,UBA52
K562_essential->RPE1,UBAP1
K562_essential->RPE1,UBC
K562_essential->RPE1,UBE2D3
K562_essential->RPE1,UBE2H
K562_essential->RPE1,UBE2I
K562_essential->RPE1,UBE2L3
K562_essential->RPE1,UBE2M
K562_essential->RPE1,UBE2N
K562_essential->RPE1,UBE2Z
K562_essential->RPE1,UBL5
K562_essential->RPE1,UBQLN4
K562_essential->RPE1,UBR4
K562_essential->RPE1,UBR5
K562_essential->RPE1,UBTF
K562_essential->RPE1,UFL1
K562_essential->RPE1,UFM1
K562_essential->RPE1,UNC45A
K562_essential->RPE1,UNC50
K562_essential->RPE1,UPF1
K562_essential->RPE1,UPF2
K562_essential->RPE1,UPF3A
K562_essential->RPE1,UQCC2
K562_essential->RPE1,UQCRB
K562_essential->RPE1,UQCRC1
K562_essential->RPE1,UQCRC2
K562_essential->RPE1,UQCRFS1
K562_essential->RPE1,UQCRH
K562_essential->RPE1,UQCRQ
K562_essential->RPE1,URB1
K562_essential->RPE1,URB2
K562_essential->RPE1,URI1
K562_essential->RPE1,URM1
K562_essential->RPE1,UROD
K562_essential->RPE1,USF2
K562_essential->RPE1,USP10
K562_essential->RPE1,USP19
K562_essential->RPE1,USP36
K562_essential->RPE1,USP37
K562_essential->RPE1,USP39
K562_essential->RPE1,USP5
K562_essential->RPE1,USP7
K562_essential->RPE1,USP8
K562_essential->RPE1,USP9X
K562_essential->RPE1,USPL1
K562_essential->RPE1,UTP15
K562_essential->RPE1,UTP18
K562_essential->RPE1,UTP20
K562_essential->RPE1,UTP23
K562_essential->RPE1,UTP3
K562_essential->RPE1,UTP6
K562_essential->RPE1,UXS1
K562_essential->RPE1,UXT
K562_essential->RPE1,VARS
K562_essential->RPE1,VARS2
K562_essential->RPE1,VBP1
K562_essential->RPE1,VCP
K562_essential->RPE1,VEZT
K562_essential->RPE1,VHL
K562_essential->RPE1,VMP1
K562_essential->RPE1,VPS13D
K562_essential->RPE1,VPS18
K562_essential->RPE1,VPS25
K562_essential->RPE1,VPS28
K562_essential->RPE1,VPS29
K562_essential->RPE1,VPS33A
K562_essential->RPE1,VPS35
K562_essential->RPE1,VPS37A
K562_essential->RPE1,VPS37C
K562_essential->RPE1,VPS41
K562_essential->RPE1,VPS51
K562_essential->RPE1,VPS54
K562_essential->RPE1,VPS72
K562_essential->RPE1,WAC
K562_essential->RPE1,WARS
K562_essential->RPE1,WBP1
K562_essential->RPE1,WBP11
K562_essential->RPE1,WBP1L
K562_essential->RPE1,WDHD1
K562_essential->RPE1,WDR1
K562_essential->RPE1,WDR12
K562_essential->RPE1,WDR18
K562_essential->RPE1,WDR24
K562_essential->RPE1,WDR25
K562_essential->RPE1,WDR26
K562_essential->RPE1,WDR3
K562_essential->RPE1,WDR33
K562_essential->RPE1,WDR36
K562_essential->RPE1,WDR4
K562_essential->RPE1,WDR43
K562_essential->RPE1,WDR46
K562_essential->RPE1,WDR5
K562_essential->RPE1,WDR54
K562_essential->RPE1,WDR55
K562_essential->RPE1,WDR61
K562_essential->RPE1,WDR7
K562_essential->RPE1,WDR70
K562_essential->RPE1,WDR74
K562_essential->RPE1,WDR75
K562_essential->RPE1,WDR77
K562_essential->RPE1,WDR82
K562_essential->RPE1,WDR83OS
K562_essential->RPE1,WDR92
K562_essential->RPE1,WDTC1
K562_essential->RPE1,WEE1
K562_essential->RPE1,WNK1
K562_essential->RPE1,WTAP
K562_essential->RPE1,XAB2
K562_essential->RPE1,XPO1
K562_essential->RPE1,XPO5
K562_essential->RPE1,XRCC1
K562_essential->RPE1,XRCC2
K562_essential->RPE1,XRCC3
K562_essential->RPE1,XRCC5
K562_essential->RPE1,XRCC6
K562_essential->RPE1,XRN1
K562_essential->RPE1,XRN2
K562_essential->RPE1,YARS
K562_essential->RPE1,YARS2
K562_essential->RPE1,YBX1
K562_essential->RPE1,YEATS2
K562_essential->RPE1,YEATS4
K562_essential->RPE1,YJEFN3
K562_essential->RPE1,YKT6
K562_essential->RPE1,YPEL1
K562_essential->RPE1,YPEL5
K562_essential->RPE1,YRDC
K562_essential->RPE1,YTHDC1
K562_essential->RPE1,YY1
K562_essential->RPE1,ZBTB11
K562_essential->RPE1,ZBTB17
K562_essential->RPE1,ZC3H18
K562_essential->RPE1,ZC3H8
K562_essential->RPE1,ZCCHC9
K562_essential->RPE1,ZCRB1
K562_essential->RPE1,ZFC3H1
K562_essential->RPE1,ZFP69B
K562_essential->RPE1,ZMAT2
K562_essential->RPE1,ZMAT5
K562_essential->RPE1,ZNF100
K562_essential->RPE1,ZNF131
K562_essential->RPE1,ZNF133
K562_essential->RPE1,ZNF207
K562_essential->RPE1,ZNF236
K562_essential->RPE1,ZNF24
K562_essential->RPE1,ZNF253
K562_essential->RPE1,ZNF284
K562_essential->RPE1,ZNF317
K562_essential->RPE1,ZNF335
K562_essential->RPE1,ZNF407
K562_essential->RPE1,ZNF468
K562_essential->RPE1,ZNF492
K562_essential->RPE1,ZNF506
K562_essential->RPE1,ZNF559
K562_essential->RPE1,ZNF574
K562_essential->RPE1,ZNF658
K562_essential->RPE1,ZNF674
K562_essential->RPE1,ZNF676
K562_essential->RPE1,ZNF687
K562_essential->RPE1,ZNF718
K562_essential->RPE1,ZNF720
K562_essential->RPE1,ZNF763
K562_essential->RPE1,ZNF830
K562_essential->RPE1,ZNHIT2
K562_essential->RPE1,ZNHIT3
K562_essential->RPE1,ZNHIT6
K562_essential->RPE1,ZNRD1
K562_essential->RPE1,ZRANB2
K562_essential->RPE1,ZRSR2
K562_essential->RPE1,ZW10
K562_essential->RPE1,ZWINT
RPE1->K562_essential,AAAS
RPE1->K562_essential,AAMP
RPE1->K562_essential,AARS
RPE1->K562_essential,AARS2
RPE1->K562_essential,AASDHPPT
RPE1->K562_essential,AATF
RPE1->K562_essential,ABCB10
RPE1->K562_essential,ABCB7
RPE1->K562_essential,ABCE1
RPE1->K562_essential,ABCF1
RPE1->K562_essential,ABCG1
RPE1->K562_essential,ABHD11
RPE1->K562_essential,ABHD17A
RPE1->K562_essential,ABT1
RPE1->K562_essential,ACD
RPE1->K562_essential,ACIN1
RPE1->K562_essential,ACOT12
RPE1->K562_essential,ACTB
RPE1->K562_essential,ACTL6A
RPE1->K562_essential,ACTR10
RPE1->K562_essential,ACTR1A
RPE1->K562_essential,ACTR1B
RPE1->K562_essential,ACTR2
RPE1->K562_essential,ACTR3
RPE1->K562_essential,ACTR6
RPE1->K562_essential,ACTR8
RPE1->K562_essential,ADAT2
RPE1->K562_essential,ADAT3
RPE1->K562_essential,ADRM1
RPE1->K562_essential,ADSL
RPE1->K562_essential,AFG3L2
RPE1->K562_essential,AHCTF1
RPE1->K562_essential,AHCY
RPE1->K562_essential,AIFM1
RPE1->K562_essential,AKIRIN2
RPE1->K562_essential,ALDOA
RPE1->K562_essential,ALG1
RPE1->K562_essential,ALG11
RPE1->K562_essential,ALG13
RPE1->K562_essential,ALG14
RPE1->K562_essential,ALG1L
RPE1->K562_essential,ALG2
RPE1->K562_essential,ALYREF
RPE1->K562_essential,ANAPC1
RPE1->K562_essential,ANAPC10
RPE1->K562_essential,ANAPC11
RPE1->K562_essential,ANAPC13
RPE1->K562_essential,ANAPC15
RPE1->K562_essential,ANAPC2
RPE1->K562_essential,ANAPC4
RPE1->K562_essential,ANAPC5
RPE1->K562_essential,ANKLE2
RPE1->K562_essential,ANKRD11
RPE1->K562_essential,ANKRD49
RPE1->K562_essential,ANKS6
RPE1->K562_essential,ANLN
RPE1->K562_essential,AP2M1
RPE1->K562_essential,AP2S1
RPE1->K562_essential,AQP7
RPE1->K562_essential,AQR
RPE1->K562_essential,ARCN1
RPE1->K562_essential,ARF4
RPE1->K562_essential,ARFRP1
RPE1->K562_essential,ARGFX
RPE1->K562_essential,ARGLU1
RPE1->K562_essential,ARHGAP11B
RPE1->K562_essential,ARID3A
RPE1->K562_essential,ARIH1
RPE1->K562_essential,ARL2
RPE1->K562_essential,ARL4D
RPE1->K562_essential,ARMC6
RPE1->K562_essential,ARMC7
RPE1->K562_essential,ARPC2
RPE1->K562_essential,ARPC3
RPE1->K562_essential,ARPC4
RPE1->K562_essential,ASF1B
RPE1->K562_essential,ATF4
RPE1->K562_essential,ATF5
RPE1->K562_essential,ATL2
RPE1->K562_essential,ATP1A1
RPE1->K562_essential,ATP2A2
RPE1->K562_essential,ATP6AP1
RPE1->K562_essential,ATP6AP2
RPE1->K562_essential,ATP6V0B
RPE1->K562_essential,ATP6V0C
RPE1->K562_essential,ATP6V0D1
RPE1->K562_essential,ATP6V1A
RPE1->K562_essential,ATP6V1B2
RPE1->K562_essential,ATP6V1C1
RPE1->K562_essential,ATP6V1D
RPE1->K562_essential,ATP6V1E1
RPE1->K562_essential,ATP6V1F
RPE1->K562_essential,ATP6V1G1
RPE1->K562_essential,ATP6V1H
RPE1->K562_essential,ATR
RPE1->K562_essential,ATRIP
RPE1->K562_essential,AURKA
RPE1->K562_essential,AURKAIP1
RPE1->K562_essential,AURKB
RPE1->K562_essential,BANF1
RPE1->K562_essential,BANP
RPE1->K562_essential,BAP1
RPE1->K562_essential,BARD1
RPE1->K562_essential,BCAR1
RPE1->K562_essential,BCAS2
RPE1->K562_essential,BCL2L1
RPE1->K562_essential,BCLAF1
RPE1->K562_essential,BCR
RPE1->K562_essential,BCS1L
RPE1->K562_essential,BDP1
RPE1->K562_essential,BET1
RPE1->K562_essential,BGLAP
RPE1->K562_essential,BIRC5
RPE1->K562_essential,BMS1
RPE1->K562_essential,BNIP1
RPE1->K562_essential,BOP1
RPE1->K562_essential,BORA
RPE1->K562_essential,BPTF
RPE1->K562_essential,BRCA1
RPE1->K562_essential,BRCA2
RPE1->K562_essential,BRD4
RPE1->K562_essential,BRD8
RPE1->K562_essential,BRF1
RPE1->K562_essential,BRF2
RPE1->K562_essential,BRIP1
RPE1->K562_essential,BRIX1
RPE1->K562_essential,BRK1
RPE1->K562_essential,BTF3
RPE1->K562_essential,BTF3L4
RPE1->K562_essential,BUB1
RPE1->K562_essential,BUB1B
RPE1->K562_essential,BUB3
RPE1->K562_essential,BUD13
RPE1->K562_essential,BUD31
RPE1->K562_essential,BYSL
RPE1->K562_essential,C12orf45
RPE1->K562_essential,C12orf60
RPE1->K562_essential,C14orf178
RPE1->K562_essential,C16orf86
RPE1->K562_essential,C17orf58
RPE1->K562_essential,C19orf25
RPE1->K562_essential,C19orf53
RPE1->K562_essential,C1D
RPE1->K562_essential,C1QBP
RPE1->K562_essential,C1QTNF4
RPE1->K562_essential,C1orf109
RPE1->K562_essential,C6orf15
RPE1->K562_essential,C7orf26
RPE1->K562_essential,C7orf50
RPE1->K562_essential,C9orf16
RPE1->K562_essential,C9orf78
RPE1->K562_essential,CA5A
RPE1->K562_essential,CACNB3
RPE1->K562_essential,CACTIN
RPE1->K562_essential,CADM4
RPE1->K562_essential,CAMLG
RPE1->K562_essential,CAP1
RPE1->K562_essential,CAPZB
RPE1->K562_essential,CARS
RPE1->K562_essential,CASP8AP2
RPE1->K562_essential,CBLL1
RPE1->K562_essential,CBLN1
RPE1->K562_essential,CBX1
RPE1->K562_essential,CCAR1
RPE1->K562_essential,CCDC115
RPE1->K562_essential,CCDC130
RPE1->K562_essential,CCDC137
RPE1->K562_essential,CCDC144A
RPE1->K562_essential,CCDC144NL
RPE1->K562_essential,CCDC174
RPE1->K562_essential,CCDC59
RPE1->K562_essential,CCDC78
RPE1->K562_essential,CCDC84
RPE1->K562_essential,CCDC86
RPE1->K562_essential,CCNA2
RPE1->K562_essential,CCNB1
RPE1->K562_essential,CCND1
RPE1->K562_essential,CCNH
RPE1->K562_essential,CCNK
RPE1->K562_essential,CCNL1
RPE1->K562_essential,CCP110
RPE1->K562_essential,CCT2
RPE1->K562_essential,CCT3
RPE1->K562_essential,CCT4
RPE1->K562_essential,CCT5
RPE1->K562_essential,CCT6A
RPE1->K562_essential,CCT7
RPE1->K562_essential,CCT8
RPE1->K562_essential,CD2BP2
RPE1->K562_essential,CD3EAP
RPE1->K562_essential,CD8B
RPE1->K562_essential,CDAN1
RPE1->K562_essential,CDC123
RPE1->K562_essential,CDC16
RPE1->K562_essential,CDC20
RPE1->K562_essential,CDC23
RPE1->K562_essential,CDC26
RPE1->K562_essential,CDC27
RPE1->K562_essential,CDC37
RPE1->K562_essential,CDC40
RPE1->K562_essential,CDC42
RPE1->K562_essential,CDC45
RPE1->K562_essential,CDC5L
RPE1->K562_essential,CDC6
RPE1->K562_essential,CDC7
RPE1->K562_essential,CDC73
RPE1->K562_essential,CDCA5
RPE1->K562_essential,CDCA8
RPE1->K562_essential,CDIPT
RPE1->K562_essential,CDK1
RPE1->K562_essential,CDK11A
RPE1->K562_essential,CDK2
RPE1->K562_essential,CDK7
RPE1->K562_essential,CDK9
RPE1->K562_essential,CDT1
RPE1->K562_essential,CEBPZ
RPE1->K562_essential,CENPA
RPE1->K562_essential,CENPC
RPE1->K562_essential,CENPE
RPE1->K562_essential,CENPH
RPE1->K562_essential,CENPI
RPE1->K562_essential,CENPJ
RPE1->K562_essential,CENPK
RPE1->K562_essential,CENPN
RPE1->K562_essential,CENPT
RPE1->K562_essential,CENPW
RPE1->K562_essential,CEP152
RPE1->K562_essential,CEP192
RPE1->K562_essential,CEP68
RPE1->K562_essential,CEP85
RPE1->K562_essential,CEP97
RPE1->K562_essential,CFDP1
RPE1->K562_essential,CFL1
RPE1->K562_essential,CHAF1A
RPE1->K562_essential,CHAF1B
RPE1->K562_essential,CHCHD1
RPE1->K562_essential,CHCHD2
RPE1->K562_essential,CHCHD4
RPE1->K562_essential,CHD4
RPE1->K562_essential,CHEK1
RPE1->K562_essential,CHERP
RPE1->K562_essential,CHMP1A
RPE1->K562_essential,CHMP2A
RPE1->K562_essential,CHMP3
RPE1->K562_essential,CHMP4B
RPE1->K562_essential,CHMP5
RPE1->K562_essential,CHMP6
RPE1->K562_essential,CHMP7
RPE1->K562_essential,CHORDC1
RPE1->K562_essential,CHTF18
RPE1->K562_essential,CHTF8
RPE1->K562_essential,CHTOP
RPE1->K562_essential,CIAO1
RPE1->K562_essential,CIAPIN1
RPE1->K562_essential,CINP
RPE1->K562_essential,CKAP5
RPE1->K562_essential,CLASRP
RPE1->K562_essential,CLCC1
RPE1->K562_essential,CLK2
RPE1->K562_essential,CLNS1A
RPE1->K562_essential,CLP1
RPE1->K562_essential,CLSPN
RPE1->K562_essential,CLTC
RPE1->K562_essential,CMPK1
RPE1->K562_essential,CMTR1
RPE1->K562_essential,CNIH4
RPE1->K562_essential,CNN2
RPE1->K562_essential,CNOT1
RPE1->K562_essential,CNOT2
RPE1->K562_essential,CNOT3
RPE1->K562_essential,COA5
RPE1->K562_essential,COASY
RPE1->K562_essential,COG1
RPE1->K562_essential,COG2
RPE1->K562_essential,COG3
RPE1->K562_essential,COG4
RPE1->K562_essential,COG6
RPE1->K562_essential,COG8
RPE1->K562_essential,COPA
RPE1->K562_essential,COPB1
RPE1->K562_essential,COPB2
RPE1->K562_essential,COPE
RPE1->K562_essential,COPG1
RPE1->K562_essential,COPS2
RPE1->K562_essential,COPS3
RPE1->K562_essential,COPS4
RPE1->K562_essential,COPS5
RPE1->K562_essential,COPS6
RPE1->K562_essential,COPS8
RPE1->K562_essential,COPZ1
RPE1->K562_essential,COQ2
RPE1->K562_essential,COQ4
RPE1->K562_essential,COQ5
RPE1->K562_essential,COX10
RPE1->K562_essential,COX11
RPE1->K562_essential,COX15
RPE1->K562_essential,COX17
RPE1->K562_essential,COX5A
RPE1->K562_essential,COX5B
RPE1->K562_essential,COX6C
RPE1->K562_essential,COX7B
RPE1->K562_essential,COX7C
RPE1->K562_essential,CPAMD8
RPE1->K562_essential,CPNE7
RPE1->K562_essential,CPOX
RPE1->K562_essential,CPSF1
RPE1->K562_essential,CPSF2
RPE1->K562_essential,CPSF3
RPE1->K562_essential,CPSF4
RPE1->K562_essential,CPSF6
RPE1->K562_essential,CRCP
RPE1->K562_essential,CRKL
RPE1->K562_essential,CRLS1
RPE1->K562_essential,CRNKL1
RPE1->K562_essential,CS
RPE1->K562_essential,CSE1L
RPE1->K562_essential,CSH2
RPE1->K562_essential,CSNK1A1
RPE1->K562_essential,CSNK2B
RPE1->K562_essential,CSTF1
RPE1->K562_essential,CSTF3
RPE1->K562_essential,CTBP2
RPE1->K562_essential,CTCF
RPE1->K562_essential,CTDP1
RPE1->K562_essential,CTNNBL1
RPE1->K562_essential,CTPS1
RPE1->K562_essential,CTR9
RPE1->K562_essential,CTU2
RPE1->K562_essential,CUL1
RPE1->K562_essential,CUL2
RPE1->K562_essential,CUL3
RPE1->K562_essential,CUL7
RPE1->K562_essential,CWC15
RPE1->K562_essential,CWC22
RPE1->K562_essential,CWC25
RPE1->K562_essential,CWF19L2
RPE1->K562_essential,CXXC1
RPE1->K562_essential,CYC1
RPE1->K562_essential,CYCS
RPE1->K562_essential,CYFIP1
RPE1->K562_essential,CYP2A13
RPE1->K562_essential,CYP4F11
RPE1->K562_essential,CYS1
RPE1->K562_essential,DAD1
RPE1->K562_essential,DAP3
RPE1->K562_essential,DARS
RPE1->K562_essential,DBF4
RPE1->K562_essential,DBR1
RPE1->K562_essential,DCAF6
RPE1->K562_essential,DCLRE1B
RPE1->K562_essential,DCTN1
RPE1->K562_essential,DCTN2
RPE1->K562_essential,DCTN3
RPE1->K562_essential,DCTN4
RPE1->K562_essential,DCTN5
RPE1->K562_essential,DCTN6
RPE1->K562_essential,DCUN1D5
RPE1->K562_essential,DDB1
RPE1->K562_essential,DDN
RPE1->K562_essential,DDOST
RPE1->K562_essential,DDX1
RPE1->K562_essential,DDX10
RPE1->K562_essential,DDX11
RPE1->K562_essential,DDX18
RPE1->K562_essential,DDX19A
RPE1->K562_essential,DDX19B
RPE1->K562_essential,DDX20
RPE1->K562_essential,DDX21
RPE1->K562_essential,DDX23
RPE1->K562_essential,DDX24
RPE1->K562_essential,DDX27
RPE1->K562_essential,DDX3X
RPE1->K562_essential,DDX41
RPE1->K562_essential,DDX42
RPE1->K562_essential,DDX46
RPE1->K562_essential,DDX47
RPE1->K562_essential,DDX49
RPE1->K562_essential,DDX5
RPE1->K562_essential,DDX51
RPE1->K562_essential,DDX52
RPE1->K562_essential,DDX54
RPE1->K562_essential,DDX55
RPE1->K562_essential,DDX56
RPE1->K562_essential,DDX59
RPE1->K562_essential,DDX6
RPE1->K562_essential,DENR
RPE1->K562_essential,DERL2
RPE1->K562_essential,DHDDS
RPE1->K562_essential,DHFR
RPE1->K562_essential,DHODH
RPE1->K562_essential,DHPS
RPE1->K562_essential,DHX15
RPE1->K562_essential,DHX16
RPE1->K562_essential,DHX33
RPE1->K562_essential,DHX36
RPE1->K562_essential,DHX37
RPE1->K562_essential,DHX8
RPE1->K562_essential,DHX9
RPE1->K562_essential,DICER1
RPE1->K562_essential,DIMT1
RPE1->K562_essential,DIS3
RPE1->K562_essential,DKC1
RPE1->K562_essential,DLD
RPE1->K562_essential,DMAP1
RPE1->K562_essential,DMRTA2
RPE1->K562_essential,DNAJA1
RPE1->K562_essential,DNAJA3
RPE1->K562_essential,DNAJC11
RPE1->K562_essential,DNAJC17
RPE1->K562_essential,DNAJC19
RPE1->K562_essential,DNAJC8
RPE1->K562_essential,DNAJC9
RPE1->K562_essential,DNLZ
RPE1->K562_essential,DNM1
RPE1->K562_essential,DNM1L
RPE1->K562_essential,DNM2
RPE1->K562_essential,DNMT1
RPE1->K562_essential,DNTTIP2
RPE1->K562_essential,DOHH
RPE1->K562_essential,DOLK
RPE1->K562_essential,DONSON
RPE1->K562_essential,DPAGT1
RPE1->K562_essential,DPH1
RPE1->K562_essential,DPH2
RPE1->K562_essential,DPH3
RPE1->K562_essential,DPH6
RPE1->K562_essential,DPM2
RPE1->K562_essential,DPPA2
RPE1->K562_essential,DPY19L2
RPE1->K562_essential,DR1
RPE1->K562_essential,DRAP1
RPE1->K562_essential,DRG1
RPE1->K562_essential,DSN1
RPE1->K562_essential,DTL
RPE1->K562_essential,DTYMK
RPE1->K562_essential,DUT
RPE1->K562_essential,DYNC1H1
RPE1->K562_essential,DYNC1I2
RPE1->K562_essential,DYNLL1
RPE1->K562_essential,DYNLRB1
RPE1->K562_essential,E2F6
RPE1->K562_essential,E4F1
RPE1->K562_essential,EARS2
RPE1->K562_essential,EBNA1BP2
RPE1->K562_essential,ECD
RPE1->K562_essential,ECT2
RPE1->K562_essential,EDC4
RPE1->K562_essential,EEF1A1
RPE1->K562_essential,EEF1B2
RPE1->K562_essential,EEF1G
RPE1->K562_essential,EEF2
RPE1->K562_essential,EFTUD2
RPE1->K562_essential,EGLN2
RPE1->K562_essential,EIF1
RPE1->K562_essential,EIF1AD
RPE1->K562_essential,EIF1AX
RPE1->K562_essential,EIF2B1
RPE1->K562_essential,EIF2B2
RPE1->K562_essential,EIF2B3
RPE1->K562_essential,EIF2B4
RPE1->K562_essential,EIF2B5
RPE1->K562_essential,EIF2S1
RPE1->K562_essential,EIF2S2
RPE1->K562_essential,EIF2S3
RPE1->K562_essential,EIF3A
RPE1->K562_essential,EIF3B
RPE1->K562_essential,EIF3CL
RPE1->K562_essential,EIF3D
RPE1->K562_essential,EIF3E
RPE1->K562_essential,EIF3F
RPE1->K562_essential,EIF3G
RPE1->K562_essential,EIF3H
RPE1->K562_essential,EIF3I
RPE1->K562_essential,EIF3J
RPE1->K562_essential,EIF3L
RPE1->K562_essential,EIF3M
RPE1->K562_essential,EIF4A1
RPE1->K562_essential,EIF4A3
RPE1->K562_essential,EIF4B
RPE1->K562_essential,EIF4E
RPE1->K562_essential,EIF4G1
RPE1->K562_essential,EIF4G2
RPE1->K562_essential,EIF5
RPE1->K562_essential,EIF5A
RPE1->K562_essential,EIF6
RPE1->K562_essential,ELAC2
RPE1->K562_essential,ELL
RPE1->K562_essential,ELOVL1
RPE1->K562_essential,ELP2
RPE1->K562_essential,ELP3
RPE1->K562_essential,ELP5
RPE1->K562_essential,ELP6
RPE1->K562_essential,EMC1
RPE1->K562_essential,EMC3
RPE1->K562_essential,EMC4
RPE1->K562_essential,EMC7
RPE1->K562_essential,ENO1
RPE1->K562_essential,EP400
RPE1->K562_essential,EPRS
RPE1->K562_essential,ERAL1
RPE1->K562_essential,ERCC2
RPE1->K562_essential,ERCC3
RPE1->K562_essential,ERH
RPE1->K562_essential,ERVW-1
RPE1->K562_essential,ESF1
RPE1->K562_essential,ESPL1
RPE1->K562_essential,ESPN
RPE1->K562_essential,ETF1
RPE1->K562_essential,EWSR1
RPE1->K562_essential,EXOC1
RPE1->K562_essential,EXOC2
RPE1->K562_essential,EXOC3
RPE1->K562_essential,EXOC4
RPE1->K562_essential,EXOC5
RPE1->K562_essential,EXOC7
RPE1->K562_essential,EXOC8
RPE1->K562_essential,EXOSC1
RPE1->K562_essential,EXOSC10
RPE1->K562_essential,EXOSC2
RPE1->K562_essential,EXOSC3
RPE1->K562_essential,EXOSC4
RPE1->K562_essential,EXOSC5
RPE1->K562_essential,EXOSC6
RPE1->K562_essential,EXOSC7
RPE1->K562_essential,EXOSC8
RPE1->K562_essential,EXOSC9
RPE1->K562_essential,F8A1
RPE1->K562_essential,FAF2
RPE1->K562_essential,FAM133B
RPE1->K562_essential,FAM136A
RPE1->K562_essential,FAM207A
RPE1->K562_essential,FAM229A
RPE1->K562_essential,FAM32A
RPE1->K562_essential,FAM50A
RPE1->K562_essential,FAM72D
RPE1->K562_essential,FARS2
RPE1->K562_essential,FARSA
RPE1->K562_essential,FARSB
RPE1->K562_essential,FASTKD5
RPE1->K562_essential,FAU
RPE1->K562_essential,FBL
RPE1->K562_essential,FBLIM1
RPE1->K562_essential,FBXO5
RPE1->K562_essential,FCF1
RPE1->K562_essential,FDPS
RPE1->K562_essential,FDXR
RPE1->K562_essential,FEN1
RPE1->K562_essential,FGFR1OP
RPE1->K562_essential,FIP1L1
RPE1->K562_essential,FNBP4
RPE1->K562_essential,FNTA
RPE1->K562_essential,FNTB
RPE1->K562_essential,FOLR3
RPE1->K562_essential,FOXD4
RPE1->K562_essential,FOXL2
RPE1->K562_essential,FRG2
RPE1->K562_essential,FTSJ3
RPE1->K562_essential,FXN
RPE1->K562_essential,GAB2
RPE1->K562_essential,GABPA
RPE1->K562_essential,GAK
RPE1->K562_essential,GAPDH
RPE1->K562_essential,GAR1
RPE1->K562_essential,GARS
RPE1->K562_essential,GATA1
RPE1->K562_essential,GBF1
RPE1->K562_essential,GCOM1
RPE1->K562_essential,GEMIN4
RPE1->K562_essential,GEMIN5
RPE1->K562_essential,GEMIN6
RPE1->K562_essential,GEMIN7
RPE1->K562_essential,GEMIN8
RPE1->K562_essential,GET1
RPE1->K562_essential,GET3
RPE1->K562_essential,GFER
RPE1->K562_essential,GFM1
RPE1->K562_essential,GGPS1
RPE1->K562_essential,GINS1
RPE1->K562_essential,GINS2
RPE1->K562_essential,GINS3
RPE1->K562_essential,GINS4
RPE1->K562_essential,GIT2
RPE1->K562_essential,GJA3
RPE1->K562_essential,GLE1
RPE1->K562_essential,GLI4
RPE1->K562_essential,GLMN
RPE1->K562_essential,GLRX3
RPE1->K562_essential,GLRX5
RPE1->K562_essential,GMPPB
RPE1->K562_essential,GMPS
RPE1->K562_essential,GNB1L
RPE1->K562_essential,GNL2
RPE1->K562_essential,GNL3
RPE1->K562_essential,GNL3L
RPE1->K562_essential,GNPNAT1
RPE1->K562_essential,GOLGA6L1
RPE1->K562_essential,GOLT1B
RPE1->K562_essential,GON4L
RPE1->K562_essential,GOSR2
RPE1->K562_essential,GPKOW
RPE1->K562_essential,GPN1
RPE1->K562_essential,GPN2
RPE1->K562_essential,GPN3
RPE1->K562_essential,GPR61
RPE1->K562_essential,GPS1
RPE1->K562_essential,GRB2
RPE1->K562_essential,GRPEL1
RPE1->K562_essential,GRSF1
RPE1->K562_essential,GRWD1
RPE1->K562_essential,GSDMA
RPE1->K562_essential,GSPT1
RPE1->K562_essential,GTF2A1
RPE1->K562_essential,GTF2A2
RPE1->K562_essential,GTF2B
RPE1->K562_essential,GTF2E1
RPE1->K562_essential,GTF2E2
RPE1->K562_essential,GTF2F1
RPE1->K562_essential,GTF2F2
RPE1->K562_essential,GTF2H1
RPE1->K562_essential,GTF2H2
RPE1->K562_essential,GTF2H2C
RPE1->K562_essential,GTF2H3
RPE1->K562_essential,GTF2H4
RPE1->K562_essential,GTF3A
RPE1->K562_essential,GTF3C1
RPE1->K562_essential,GTF3C2
RPE1->K562_essential,GTF3C3
RPE1->K562_essential,GTF3C4
RPE1->K562_essential,GTF3C5
RPE1->K562_essential,GTF3C6
RPE1->K562_essential,GTPBP4
RPE1->K562_essential,GUCD1
RPE1->K562_essential,GUK1
RPE1->K562_essential,H2AFX
RPE1->K562_essential,H2AFZ
RPE1->K562_essential,H3F3A
RPE1->K562_essential,HAMP
RPE1->K562_essential,HAPLN2
RPE1->K562_essential,HARS
RPE1->K562_essential,HARS2
RPE1->K562_essential,HAUS1
RPE1->K562_essential,HAUS3
RPE1->K562_essential,HAUS4
RPE1->K562_essential,HAUS5
RPE1->K562_essential,HAUS6
RPE1->K562_essential,HAUS7
RPE1->K562_essential,HAUS8
RPE1->K562_essential,HBS1L
RPE1->K562_essential,HCFC1
RPE1->K562_essential,HCRTR1
RPE1->K562_essential,HDAC3
RPE1->K562_essential,HDAC7
RPE1->K562_essential,HEATR1
RPE1->K562_essential,HECTD1
RPE1->K562_essential,HGS
RPE1->K562_essential,HINFP
RPE1->K562_essential,HIRA
RPE1->K562_essential,HIST1H2AB
RPE1->K562_essential,HIST1H2AE
RPE1->K562_essential,HIST1H2AI
RPE1->K562_essential,HIST1H2BB
RPE1->K562_essential,HIST1H2BC
RPE1->K562_essential,HIST1H2BE
RPE1->K562_essential,HIST1H2BJ
RPE1->K562_essential,HIST1H2BL
RPE1->K562_essential,HIST1H2BM
RPE1->K562_essential,HIST1H2BN
RPE1->K562_essential,HIST2H2AA3
RPE1->K562_essential,HIST2H2AC
RPE1->K562_essential,HIST2H2BE
RPE1->K562_essential,HIST2H2BF
RPE1->K562_essential,HIST2H3A
RPE1->K562_essential,HIST2H3D
RPE1->K562_essential,HJURP
RPE1->K562_essential,HLA-C
RPE1->K562_essential,HMGA1
RPE1->K562_essential,HMGB1
RPE1->K562_essential,HMGCR
RPE1->K562_essential,HMGCS1
RPE1->K562_essential,HMGN2
RPE1->K562_essential,HNRNPC
RPE1->K562_essential,HNRNPH1
RPE1->K562_essential,HNRNPK
RPE1->K562_essential,HNRNPL
RPE1->K562_essential,HNRNPM
RPE1->K562_essential,HNRNPR
RPE1->K562_essential,HNRNPU
RPE1->K562_essential,HOXC10
RPE1->K562_essential,HS6ST1
RPE1->K562_essential,HSCB
RPE1->K562_essential,HSD17B10
RPE1->K562_essential,HSD17B12
RPE1->K562_essential,HSF1
RPE1->K562_essential,HSP90B1
RPE1->K562_essential,HSPA14
RPE1->K562_essential,HSPA5
RPE1->K562_essential,HSPA8
RPE1->K562_essential,HSPA9
RPE1->K562_essential,HSPD1
RPE1->K562_essential,HSPE1
RPE1->K562_essential,HTATSF1
RPE1->K562_essential,HUS1
RPE1->K562_essential,HUWE1
RPE1->K562_essential,HYOU1
RPE1->K562_essential,HYPK
RPE1->K562_essential,IARS
RPE1->K562_essential,IARS2
RPE1->K562_essential,ICE1
RPE1->K562_essential,IFITM2
RPE1->K562_essential,IFITM3
RPE1->K562_essential,IGBP1
RPE1->K562_essential,IK
RPE1->K562_essential,ILF2
RPE1->K562_essential,ILF3
RPE1->K562_essential,IMP3
RPE1->K562_essential,IMP4
RPE1->K562_essential,IMPDH2
RPE1->K562_essential,INCENP
RPE1->K562_essential,ING3
RPE1->K562_essential,INO80
RPE1->K562_essential,INO80B
RPE1->K562_essential,INTS1
RPE1->K562_essential,INTS2
RPE1->K562_essential,INTS3
RPE1->K562_essential,INTS4
RPE1->K562_essential,INTS5
RPE1->K562_essential,INTS6
RPE1->K562_essential,INTS7
RPE1->K562_essential,INTS8
RPE1->K562_essential,INTS9
RPE1->K562_essential,IPO11
RPE1->K562_essential,IPO13
RPE1->K562_essential,IPO7
RPE1->K562_essential,IPO9
RPE1->K562_essential,ISCA2
RPE1->K562_essential,ISCU
RPE1->K562_essential,ISG20L2
RPE1->K562_essential,ISY1
RPE1->K562_essential,JAZF1
RPE1->K562_essential,JMJD6
RPE1->K562_essential,KANSL1
RPE1->K562_essential,KANSL2
RPE1->K562_essential,KANSL3
RPE1->K562_essential,KARS
RPE1->K562_essential,KAT5
RPE1->K562_essential,KAT8
RPE1->K562_essential,KATNB1
RPE1->K562_essential,KCMF1
RPE1->K562_essential,KCNA10
RPE1->K562_essential,KCTD10
RPE1->K562_essential,KDM2A
RPE1->K562_essential,KDM8
RPE1->K562_essential,KIAA1143
RPE1->K562_essential,KIF11
RPE1->K562_essential,KIF14
RPE1->K562_essential,KIF18A
RPE1->K562_essential,KIF18B
RPE1->K562_essential,KIF20A
RPE1->K562_essential,KIF23
RPE1->K562_essential,KIF4A
RPE1->K562_essential,KIN
RPE1->K562_essential,KLC2
RPE1->K562_essential,KLF7
RPE1->K562_essential,KLHL11
RPE1->K562_essential,KPNA6
RPE1->K562_essential,KPNB1
RPE1->K562_essential,KRI1
RPE1->K562_essential,KRR1
RPE1->K562_essential,KRT10
RPE1->K562_essential,KRT17
RPE1->K562_essential,KRT8
RPE1->K562_essential,KRTAP4-2
RPE1->K562_essential,KRTAP4-7
RPE1->K562_essential,KTI12
RPE1->K562_essential,KXD1
RPE1->K562_essential,LAMTOR2
RPE1->K562_essential,LAMTOR3
RPE1->K562_essential,LAMTOR4
RPE1->K562_essential,LARS
RPE1->K562_essential,LARS2
RPE1->K562_essential,LAS1L
RPE1->K562_essential,LCE1C
RPE1->K562_essential,LCE1E
RPE1->K562_essential,LCN10
RPE1->K562_essential,LENG8
RPE1->K562_essential,LETM1
RPE1->K562_essential,LIMS1
RPE1->K562_essential,LIN52
RPE1->K562_essential,LIN54
RPE1->K562_essential,LONP1
RPE1->K562_essential,LPA
RPE1->K562_essential,LRPPRC
RPE1->K562_essential,LRR1
RPE1->K562_essential,LRRC37A3
RPE1->K562_essential,LRRC37B
RPE1->K562_essential,LSG1
RPE1->K562_essential,LSM10
RPE1->K562_essential,LSM11
RPE1->K562_essential,LSM12
RPE1->K562_essential,LSM2
RPE1->K562_essential,LSM3
RPE1->K562_essential,LSM4
RPE1->K562_essential,LSM5
RPE1->K562_essential,LSM6
RPE1->K562_essential,LSM7
RPE1->K562_essential,LST1
RPE1->K562_essential,LTB4R2
RPE1->K562_essential,LTBP3
RPE1->K562_essential,LTV1
RPE1->K562_essential,LUC7L3
RPE1->K562_essential,LURAP1
RPE1->K562_essential,LYRM4
RPE1->K562_essential,MAD2L1
RPE1->K562_essential,MAD2L2
RPE1->K562_essential,MAGOH
RPE1->K562_essential,MAK16
RPE1->K562_essential,MANF
RPE1->K562_essential,MARS
RPE1->K562_essential,MARS2
RPE1->K562_essential,MASTL
RPE1->K562_essential,MAT2A
RPE1->K562_essential,MAU2
RPE1->K562_essential,MAX
RPE1->K562_essential,MBTPS1
RPE1->K562_essential,MBTPS2
RPE1->K562_essential,MCL1
RPE1->K562_essential,MCM10
RPE1->K562_essential,MCM2
RPE1->K562_essential,MCM3
RPE1->K562_essential,MCM3AP
RPE1->K562_essential,MCM4
RPE1->K562_essential,MCM5
RPE1->K562_essential,MCM6
RPE1->K562_essential,MCM7
RPE1->K562_essential,MCMBP
RPE1->K562_essential,MCRS1
RPE1->K562_essential,MDN1
RPE1->K562_essential,MED1
RPE1->K562_essential,MED10
RPE1->K562_essential,MED11
RPE1->K562_essential,MED12
RPE1->K562_essential,MED14
RPE1->K562_essential,MED17
RPE1->K562_essential,MED18
RPE1->K562_essential,MED19
RPE1->K562_essential,MED20
RPE1->K562_essential,MED21
RPE1->K562_essential,MED22
RPE1->K562_essential,MED26
RPE1->K562_essential,MED27
RPE1->K562_essential,MED28
RPE1->K562_essential,MED29
RPE1->K562_essential,MED30
RPE1->K562_essential,MED31
RPE1->K562_essential,MED4
RPE1->K562_essential,MED6
RPE1->K562_essential,MED7
RPE1->K562_essential,MED8
RPE1->K562_essential,MED9
RPE1->K562_essential,MEPCE
RPE1->K562_essential,METAP1
RPE1->K562_essential,METAP2
RPE1->K562_essential,METTL1
RPE1->K562_essential,METTL14
RPE1->K562_essential,METTL16
RPE1->K562_essential,METTL17
RPE1->K562_essential,METTL23
RPE1->K562_essential,METTL3
RPE1->K562_essential,MEX3A
RPE1->K562_essential,MFAP1
RPE1->K562_essential,MFN2
RPE1->K562_essential,MICOS10
RPE1->K562_essential,MIOS
RPE1->K562_essential,MIPEP
RPE1->K562_essential,MIS12
RPE1->K562_essential,MIS18A
RPE1->K562_essential,MIS18BP1
RPE1->K562_essential,MKRN1
RPE1->K562_essential,MLST8
RPE1->K562_essential,MMGT1
RPE1->K562_essential,MMS19
RPE1->K562_essential,MMS22L
RPE1->K562_essential,MNAT1
RPE1->K562_essential,MOB4
RPE1->K562_essential,MOCS3
RPE1->K562_essential,MOG
RPE1->K562_essential,MOK
RPE1->K562_essential,MPHOSPH10
RPE1->K562_essential,MRGBP
RPE1->K562_essential,MRPL1
RPE1->K562_essential,MRPL10
RPE1->K562_essential,MRPL13
RPE1->K562_essential,MRPL14
RPE1->K562_essential,MRPL15
RPE1->K562_essential,MRPL16
RPE1->K562_essential,MRPL17
RPE1->K562_essential,MRPL18
RPE1->K562_essential,MRPL19
RPE1->K562_essential,MRPL2
RPE1->K562_essential,MRPL20
RPE1->K562_essential,MRPL21
RPE1->K562_essential,MRPL22
RPE1->K562_essential,MRPL24
RPE1->K562_essential,MRPL27
RPE1->K562_essential,MRPL28
RPE1->K562_essential,MRPL3
RPE1->K562_essential,MRPL32
RPE1->K562_essential,MRPL33
RPE1->K562_essential,MRPL34
RPE1->K562_essential,MRPL35
RPE1->K562_essential,MRPL36
RPE1->K562_essential,MRPL37
RPE1->K562_essential,MRPL38
RPE1->K562_essential,MRPL39
RPE1->K562_essential,MRPL4
RPE1->K562_essential,MRPL41
RPE1->K562_essential,MRPL43
RPE1->K562_essential,MRPL44
RPE1->K562_essential,MRPL45
RPE1->K562_essential,MRPL49
RPE1->K562_essential,MRPL50
RPE1->K562_essential,MRPL51
RPE1->K562_essential,MRPL53
RPE1->K562_essential,MRPL54
RPE1->K562_essential,MRPL55
RPE1->K562_essential,MRPL9
RPE1->K562_essential,MRPS10
RPE1->K562_essential,MRPS11
RPE1->K562_essential,MRPS12
RPE1->K562_essential,MRPS14
RPE1->K562_essential,MRPS16
RPE1->K562_essential,MRPS18A
RPE1->K562_essential,MRPS18B
RPE1->K562_essential,MRPS2
RPE1->K562_essential,MRPS21
RPE1->K562_essential,MRPS22
RPE1->K562_essential,MRPS23
RPE1->K562_essential,MRPS24
RPE1->K562_essential,MRPS25
RPE1->K562_essential,MRPS26
RPE1->K562_essential,MRPS27
RPE1->K562_essential,MRPS28
RPE1->K562_essential,MRPS31
RPE1->K562_essential,MRPS34
RPE1->K562_essential,MRPS35
RPE1->K562_essential,MRPS5
RPE1->K562_essential,MRPS6
RPE1->K562_essential,MRPS7
RPE1->K562_essential,MRPS9
RPE1->K562_essential,MRTO4
RPE1->K562_essential,MSRB1
RPE1->K562_essential,MST1
RPE1->K562_essential,MSTO1
RPE1->K562_essential,MT2A
RPE1->K562_essential,MTBP
RPE1->K562_essential,MTG2
RPE1->K562_essential,MTOR
RPE1->K562_essential,MTPAP
RPE1->K562_essential,MTRNR2L1
RPE1->K562_essential,MVD
RPE1->K562_essential,MVK
RPE1->K562_essential,MYBBP1A
RPE1->K562_essential,MYBL2
RPE1->K562_essential,MYC
RPE1->K562_essential,MYCBP
RPE1->K562_essential,MYO1H
RPE1->K562_essential,MZF1
RPE1->K562_essential,MZT1
RPE1->K562_essential,N6AMT1
RPE1->K562_essential,NAA10
RPE1->K562_essential,NAA15
RPE1->K562_essential,NAA20
RPE1->K562_essential,NAA25
RPE1->K562_essential,NAA35
RPE1->K562_essential,NAA38
RPE1->K562_essential,NAA50
RPE1->K562_essential,NACA
RPE1->K562_essential,NAE1
RPE1->K562_essential,NAF1
RPE1->K562_essential,NAGLU
RPE1->K562_essential,NANOG
RPE1->K562_essential,NAPA
RPE1->K562_essential,NAPG
RPE1->K562_essential,NARS
RPE1->K562_essential,NASP
RPE1->K562_essential,NAT10
RPE1->K562_essential,NBAS
RPE1->K562_essential,NBEAL1
RPE1->K562_essential,NBPF12
RPE1->K562_essential,NBPF15
RPE1->K562_essential,NBPF3
RPE1->K562_essential,NCAPD2
RPE1->K562_essential,NCAPD3
RPE1->K562_essential,NCAPG
RPE1->K562_essential,NCAPG2
RPE1->K562_essential,NCAPH
RPE1->K562_essential,NCAPH2
RPE1->K562_essential,NCBP1
RPE1->K562_essential,NCBP2
RPE1->K562_essential,NCKAP1
RPE1->K562_essential,NCL
RPE1->K562_essential,NCOA4
RPE1->K562_essential,NDC1
RPE1->K562_essential,NDC80
RPE1->K562_essential,NDOR1
RPE1->K562_essential,NDUFA11
RPE1->K562_essential,NDUFA2
RPE1->K562_essential,NDUFA4
RPE1->K562_essential,NDUFA6
RPE1->K562_essential,NDUFA8
RPE1->K562_essential,NDUFAB1
RPE1->K562_essential,NDUFAF3
RPE1->K562_essential,NDUFAF7
RPE1->K562_essential,NDUFB10
RPE1->K562_essential,NDUFB3
RPE1->K562_essential,NDUFB4
RPE1->K562_essential,NDUFB6
RPE1->K562_essential,NDUFB7
RPE1->K562_essential,NDUFB8
RPE1->K562_essential,NDUFS3
RPE1->K562_essential,NDUFS5
RPE1->K562_essential,NEDD1
RPE1->K562_essential,NEDD8
RPE1->K562_essential,NELFA
RPE1->K562_essential,NELFB
RPE1->K562_essential,NELFCD
RPE1->K562_essential,NELFE
RPE1->K562_essential,NEMF
RPE1->K562_essential,NEPRO
RPE1->K562_essential,NFATC2IP
RPE1->K562_essential,NFKBIE
RPE1->K562_essential,NFRKB
RPE1->K562_essential,NFS1
RPE1->K562_essential,NFYB
RPE1->K562_essential,NFYC
RPE1->K562_essential,NHLRC2
RPE1->K562_essential,NHP2
RPE1->K562_essential,NIFK
RPE1->K562_essential,NIP7
RPE1->K562_essential,NISCH
RPE1->K562_essential,NKAP
RPE1->K562_essential,NLE1
RPE1->K562_essential,NMD3
RPE1->K562_essential,NMT1
RPE1->K562_essential,NOB1
RPE1->K562_essential,NOC2L
RPE1->K562_essential,NOC3L
RPE1->K562_essential,NOC4L
RPE1->K562_essential,NOL10
RPE1->K562_essential,NOL11
RPE1->K562_essential,NOL12
RPE1->K562_essential,NOL6
RPE1->K562_essential,NOL7
RPE1->K562_essential,NOL8
RPE1->K562_essential,NOL9
RPE1->K562_essential,NOLC1
RPE1->K562_essential,NOM1
RPE1->K562_essential,NOMO3
RPE1->K562_essential,NOP10
RPE1->K562_essential,NOP14
RPE1->K562_essential,NOP16
RPE1->K562_essential,NOP2
RPE1->K562_essential,NOP56
RPE1->K562_essential,NOP58
RPE1->K562_essential,NOP9
RPE1->K562_essential,NOS1AP
RPE1->K562_essential,NPAT
RPE1->K562_essential,NPB
RPE1->K562_essential,NPEPPS
RPE1->K562_essential,NPLOC4
RPE1->K562_essential,NPM1
RPE1->K562_essential,NPM3
RPE1->K562_essential,NR2C2AP
RPE1->K562_essential,NRBP1
RPE1->K562_essential,NRDE2
RPE1->K562_essential,NRF1
RPE1->K562_essential,NSA2
RPE1->K562_essential,NSF
RPE1->K562_essential,NSL1
RPE1->K562_essential,NSMCE1
RPE1->K562_essential,NSMCE2
RPE1->K562_essential,NSRP1
RPE1->K562_essential,NSUN4
RPE1->K562_essential,NUBP1
RPE1->K562_essential,NUBP2
RPE1->K562_essential,NUDC
RPE1->K562_essential,NUDCD3
RPE1->K562_essential,NUDT21
RPE1->K562_essential,NUF2
RPE1->K562_essential,NUFIP1
RPE1->K562_essential,NUMA1
RPE1->K562_essential,NUP107
RPE1->K562_essential,NUP133
RPE1->K562_essential,NUP153
RPE1->K562_essential,NUP155
RPE1->K562_essential,NUP160
RPE1->K562_essential,NUP205
RPE1->K562_essential,NUP214
RPE1->K562_essential,NUP35
RPE1->K562_essential,NUP43
RPE1->K562_essential,NUP54
RPE1->K562_essential,NUP62
RPE1->K562_essential,NUP85
RPE1->K562_essential,NUP88
RPE1->K562_essential,NUP93
RPE1->K562_essential,NUP98
RPE1->K562_essential,NUS1
RPE1->K562_essential,NUTF2
RPE1->K562_essential,NVL
RPE1->K562_essential,NXF1
RPE1->K562_essential,OGFOD1
RPE1->K562_essential,OGT
RPE1->K562_essential,OIP5
RPE1->K562_essential,OLFML3
RPE1->K562_essential,OPA1
RPE1->K562_essential,OR1D2
RPE1->K562_essential,OR1E2
RPE1->K562_essential,OR2A1
RPE1->K562_essential,OR2T29
RPE1->K562_essential,OR2T5
RPE1->K562_essential,OR4F4
RPE1->K562_essential,OR4K1
RPE1->K562_essential,OR4N2
RPE1->K562_essential,OR7A10
RPE1->K562_essential,OR7A17
RPE1->K562_essential,ORC1
RPE1->K562_essential,ORC3
RPE1->K562_essential,ORC4
RPE1->K562_essential,ORC5
RPE1->K562_essential,ORC6
RPE1->K562_essential,OSBP
RPE1->K562_essential,OSGEP
RPE1->K562_essential,OSTC
RPE1->K562_essential,OTOP1
RPE1->K562_essential,OTX1
RPE1->K562_essential,OVCA2
RPE1->K562_essential,OXA1L
RPE1->K562_essential,PABPC1
RPE1->K562_essential,PABPN1
RPE1->K562_essential,PAF1
RPE1->K562_essential,PAFAH1B1
RPE1->K562_essential,PAK1IP1
RPE1->K562_essential,PALB2
RPE1->K562_essential,PAM16
RPE1->K562_essential,PARN
RPE1->K562_essential,PARS2
RPE1->K562_essential,PAXBP1
RPE1->K562_essential,PC
RPE1->K562_essential,PCBP1
RPE1->K562_essential,PCBP2
RPE1->K562_essential,PCF11
RPE1->K562_essential,PCID2
RPE1->K562_essential,PCNA
RPE1->K562_essential,PDAP1
RPE1->K562_essential,PDCD11
RPE1->K562_essential,PDCD2
RPE1->K562_essential,PDCD5
RPE1->K562_essential,PDCD6
RPE1->K562_essential,PDCD6IP
RPE1->K562_essential,PDCD7
RPE1->K562_essential,PDPK1
RPE1->K562_essential,PDRG1
RPE1->K562_essential,PEF1
RPE1->K562_essential,PELO
RPE1->K562_essential,PELP1
RPE1->K562_essential,PES1
RPE1->K562_essential,PET117
RPE1->K562_essential,PEX1
RPE1->K562_essential,PFDN1
RPE1->K562_essential,PFDN2
RPE1->K562_essential,PFDN4
RPE1->K562_essential,PFDN5
RPE1->K562_essential,PFDN6
RPE1->K562_essential,PFN1
RPE1->K562_essential,PGAM1
RPE1->K562_essential,PGD
RPE1->K562_essential,PGK1
RPE1->K562_essential,PGPEP1
RPE1->K562_essential,PGS1
RPE1->K562_essential,PHAX
RPE1->K562_essential,PHB
RPE1->K562_essential,PHB2
RPE1->K562_essential,PHF12
RPE1->K562_essential,PHF5A
RPE1->K562_essential,PI4KA
RPE1->K562_essential,PIAS4
RPE1->K562_essential,PIGH
RPE1->K562_essential,PIK3C3
RPE1->K562_essential,PIK3R4
RPE1->K562_essential,PKM
RPE1->K562_essential,PKMYT1
RPE1->K562_essential,PLA2G10
RPE1->K562_essential,PLEKHN1
RPE1->K562_essential,PLK1
RPE1->K562_essential,PLK4
RPE1->K562_essential,PLRG1
RPE1->K562_essential,PMF1
RPE1->K562_essential,PMPCA
RPE1->K562_essential,PMPCB
RPE1->K562_essential,PNISR
RPE1->K562_essential,PNKP
RPE1->K562_essential,PNN
RPE1->K562_essential,PNO1
RPE1->K562_essential,PNPT1
RPE1->K562_essential,POGZ
RPE1->K562_essential,POLA1
RPE1->K562_essential,POLA2
RPE1->K562_essential,POLD1
RPE1->K562_essential,POLD2
RPE1->K562_essential,POLD3
RPE1->K562_essential,POLE
RPE1->K562_essential,POLE2
RPE1->K562_essential,POLG2
RPE1->K562_essential,POLR1A
RPE1->K562_essential,POLR1B
RPE1->K562_essential,POLR1C
RPE1->K562_essential,POLR1E
RPE1->K562_essential,POLR2A
RPE1->K562_essential,POLR2B
RPE1->K562_essential,POLR2C
RPE1->K562_essential,POLR2D
RPE1->K562_essential,POLR2E
RPE1->K562_essential,POLR2F
RPE1->K562_essential,POLR2G
RPE1->K562_essential,POLR2H
RPE1->K562_essential,POLR2I
RPE1->K562_essential,POLR2K
RPE1->K562_essential,POLR2L
RPE1->K562_essential,POLR3A
RPE1->K562_essential,POLR3B
RPE1->K562_essential,POLR3C
RPE1->K562_essential,POLR3D
RPE1->K562_essential,POLR3E
RPE1->K562_essential,POLR3F
RPE1->K562_essential,POLR3H
RPE1->K562_essential,POLR3K
RPE1->K562_essential,POLRMT
RPE1->K562_essential,POP1
RPE1->K562_essential,POP4
RPE1->K562_essential,POP5
RPE1->K562_essential,POP7
RPE1->K562_essential,POT1
RPE1->K562_essential,POTEI
RPE1->K562_essential,POU5F1B
RPE1->K562_essential,PPA1
RPE1->K562_essential,PPA2
RPE1->K562_essential,PPAN
RPE1->K562_essential,PPARGC1B
RPE1->K562_essential,PPIA
RPE1->K562_essential,PPIE
RPE1->K562_essential,PPIH
RPE1->K562_essential,PPIL1
RPE1->K562_essential,PPIL2
RPE1->K562_essential,PPIL4
RPE1->K562_essential,PPME1
RPE1->K562_essential,PPP1CA
RPE1->K562_essential,PPP1CB
RPE1->K562_essential,PPP1R10
RPE1->K562_essential,PPP1R11
RPE1->K562_essential,PPP1R12A
RPE1->K562_essential,PPP1R15B
RPE1->K562_essential,PPP1R2
RPE1->K562_essential,PPP1R7
RPE1->K562_essential,PPP1R8
RPE1->K562_essential,PPP2CA
RPE1->K562_essential,PPP2R1A
RPE1->K562_essential,PPP2R3C
RPE1->K562_essential,PPP4C
RPE1->K562_essential,PPP4R2
RPE1->K562_essential,PPP6C
RPE1->K562_essential,PPRC1
RPE1->K562_essential,PPWD1
RPE1->K562_essential,PPY
RPE1->K562_essential,PRC1
RPE1->K562_essential,PRDM10
RPE1->K562_essential,PREB
RPE1->K562_essential,PRELID1
RPE1->K562_essential,PRELID3B
RPE1->K562_essential,PRIM1
RPE1->K562_essential,PRIM2
RPE1->K562_essential,PRKRA
RPE1->K562_essential,PRKRIP1
RPE1->K562_essential,PRMT1
RPE1->K562_essential,PRMT5
RPE1->K562_essential,PRODH
RPE1->K562_essential,PRORP
RPE1->K562_essential,PRPF18
RPE1->K562_essential,PRPF19
RPE1->K562_essential,PRPF3
RPE1->K562_essential,PRPF31
RPE1->K562_essential,PRPF38A
RPE1->K562_essential,PRPF38B
RPE1->K562_essential,PRPF4
RPE1->K562_essential,PRPF40A
RPE1->K562_essential,PRPF4B
RPE1->K562_essential,PRPF6
RPE1->K562_essential,PRPF8
RPE1->K562_essential,PRRC2A
RPE1->K562_essential,PSAT1
RPE1->K562_essential,PSMA1
RPE1->K562_essential,PSMA2
RPE1->K562_essential,PSMA3
RPE1->K562_essential,PSMA4
RPE1->K562_essential,PSMA5
RPE1->K562_essential,PSMA6
RPE1->K562_essential,PSMA7
RPE1->K562_essential,PSMB1
RPE1->K562_essential,PSMB2
RPE1->K562_essential,PSMB3
RPE1->K562_essential,PSMB4
RPE1->K562_essential,PSMB5
RPE1->K562_essential,PSMB6
RPE1->K562_essential,PSMB7
RPE1->K562_essential,PSMC1
RPE1->K562_essential,PSMC2
RPE1->K562_essential,PSMC3
RPE1->K562_essential,PSMC4
RPE1->K562_essential,PSMC5
RPE1->K562_essential,PSMC6
RPE1->K562_essential,PSMD1
RPE1->K562_essential,PSMD11
RPE1->K562_essential,PSMD12
RPE1->K562_essential,PSMD13
RPE1->K562_essential,PSMD14
RPE1->K562_essential,PSMD2
RPE1->K562_essential,PSMD3
RPE1->K562_essential,PSMD4
RPE1->K562_essential,PSMD6
RPE1->K562_essential,PSMD7
RPE1->K562_essential,PSMD8
RPE1->K562_essential,PSMD9
RPE1->K562_essential,PSME1
RPE1->K562_essential,PSME2
RPE1->K562_essential,PSMG1
RPE1->K562_essential,PSMG2
RPE1->K562_essential,PSMG3
RPE1->K562_essential,PSMG4
RPE1->K562_essential,PSTK
RPE1->K562_essential,PTBP1
RPE1->K562_essential,PTCD1
RPE1->K562_essential,PTCD3
RPE1->K562_essential,PTK2
RPE1->K562_essential,PTMA
RPE1->K562_essential,PTPMT1
RPE1->K562_essential,PTPN23
RPE1->K562_essential,PUF60
RPE1->K562_essential,PWP1
RPE1->K562_essential,PWP2
RPE1->K562_essential,PXN
RPE1->K562_essential,PYROXD1
RPE1->K562_essential,QARS
RPE1->K562_essential,QRSL1
RPE1->K562_essential,RAB18
RPE1->K562_essential,RAB4A
RPE1->K562_essential,RAB6A
RPE1->K562_essential,RABGGTA
RPE1->K562_essential,RABGGTB
RPE1->K562_essential,RAC1
RPE1->K562_essential,RAC3
RPE1->K562_essential,RAD17
RPE1->K562_essential,RAD21
RPE1->K562_essential,RAD51
RPE1->K562_essential,RAD51C
RPE1->K562_essential,RAD51D
RPE1->K562_essential,RAD9A
RPE1->K562_essential,RAE1
RPE1->K562_essential,RAN
RPE1->K562_essential,RANBP2
RPE1->K562_essential,RANGAP1
RPE1->K562_essential,RARS
RPE1->K562_essential,RARS2
RPE1->K562_essential,RBBP4
RPE1->K562_essential,RBBP5
RPE1->K562_essential,RBBP6
RPE1->K562_essential,RBBP8
RPE1->K562_essential,RBM10
RPE1->K562_essential,RBM17
RPE1->K562_essential,RBM19
RPE1->K562_essential,RBM22
RPE1->K562_essential,RBM25
RPE1->K562_essential,RBM28
RPE1->K562_essential,RBM39
RPE1->K562_essential,RBM4
RPE1->K562_essential,RBM42
RPE1->K562_essential,RBM48
RPE1->K562_essential,RBM8A
RPE1->K562_essential,RBMX
RPE1->K562_essential,RBMX2
RPE1->K562_essential,RBMXL1
RPE1->K562_essential,RBX1
RPE1->K562_essential,RCC1
RPE1->K562_essential,RCL1
RPE1->K562_essential,RCOR1
RPE1->K562_essential,REV3L
RPE1->K562_essential,REXO2
RPE1->K562_essential,RFC1
RPE1->K562_essential,RFC2
RPE1->K562_essential,RFC3
RPE1->K562_essential,RFC4
RPE1->K562_essential,RFC5
RPE1->K562_essential,RFFL
RPE1->K562_essential,RFT1
RPE1->K562_essential,RGP1
RPE1->K562_essential,RGPD6
RPE1->K562_essential,RHOQ
RPE1->K562_essential,RHPN1
RPE1->K562_essential,RINT1
RPE1->K562_essential,RIOK1
RPE1->K562_essential,RIOK2
RPE1->K562_essential,RMI1
RPE1->K562_essential,RNASEH2C
RPE1->K562_essential,RNF103
RPE1->K562_essential,RNF113A
RPE1->K562_essential,RNF123
RPE1->K562_essential,RNF14
RPE1->K562_essential,RNF168
RPE1->K562_essential,RNF20
RPE1->K562_essential,RNF4
RPE1->K562_essential,RNF40
RPE1->K562_essential,RNF8
RPE1->K562_essential,RNGTT
RPE1->K562_essential,RNMT
RPE1->K562_essential,RNPC3
RPE1->K562_essential,RNPS1
RPE1->K562_essential,ROMO1
RPE1->K562_essential,RPA1
RPE1->K562_essential,RPA2
RPE1->K562_essential,RPA3
RPE1->K562_essential,RPAIN
RPE1->K562_essential,RPAP1
RPE1->K562_essential,RPAP2
RPE1->K562_essential,RPAP3
RPE1->K562_essential,RPE
RPE1->K562_essential,RPF1
RPE1->K562_essential,RPF2
RPE1->K562_essential,RPL10
RPE1->K562_essential,RPL10A
RPE1->K562_essential,RPL11
RPE1->K562_essential,RPL12
RPE1->K562_essential,RPL13
RPE1->K562_essential,RPL13A
RPE1->K562_essential,RPL14
RPE1->K562_essential,RPL15
RPE1->K562_essential,RPL17
RPE1->K562_essential,RPL18
RPE1->K562_essential,RPL18A
RPE1->K562_essential,RPL19
RPE1->K562_essential,RPL21
RPE1->K562_essential,RPL23
RPE1->K562_essential,RPL23A
RPE1->K562_essential,RPL24
RPE1->K562_essential,RPL26
RPE1->K562_essential,RPL26L1
RPE1->K562_essential,RPL27
RPE1->K562_essential,RPL27A
RPE1->K562_essential,RPL28
RPE1->K562_essential,RPL29
RPE1->K562_essential,RPL3
RPE1->K562_essential,RPL30
RPE1->K562_essential,RPL31
RPE1->K562_essential,RPL32
RPE1->K562_essential,RPL34
RPE1->K562_essential,RPL35
RPE1->K562_essential,RPL35A
RPE1->K562_essential,RPL36
RPE1->K562_essential,RPL36A
RPE1->K562_essential,RPL36AL
RPE1->K562_essential,RPL37
RPE1->K562_essential,RPL37A
RPE1->K562_essential,RPL38
RPE1->K562_essential,RPL39
RPE1->K562_essential,RPL4
RPE1->K562_essential,RPL41
RPE1->K562_essential,RPL5
RPE1->K562_essential,RPL6
RPE1->K562_essential,RPL7
RPE1->K562_essential,RPL7A
RPE1->K562_essential,RPL7L1
RPE1->K562_essential,RPL8
RPE1->K562_essential,RPL9
RPE1->K562_essential,RPLP0
RPE1->K562_essential,RPLP1
RPE1->K562_essential,RPLP2
RPE1->K562_essential,RPN1
RPE1->K562_essential,RPN2
RPE1->K562_essential,RPP14
RPE1->K562_essential,RPP21
RPE1->K562_essential,RPP30
RPE1->K562_essential,RPP38
RPE1->K562_essential,RPP40
RPE1->K562_essential,RPS10
RPE1->K562_essential,RPS10-NUDT3
RPE1->K562_essential,RPS11
RPE1->K562_essential,RPS12
RPE1->K562_essential,RPS13
RPE1->K562_essential,RPS14
RPE1->K562_essential,RPS15
RPE1->K562_essential,RPS15A
RPE1->K562_essential,RPS16
RPE1->K562_essential,RPS17
RPE1->K562_essential,RPS18
RPE1->K562_essential,RPS19
RPE1->K562_essential,RPS19BP1
RPE1->K562_essential,RPS2
RPE1->K562_essential,RPS20
RPE1->K562_essential,RPS21
RPE1->K562_essential,RPS23
RPE1->K562_essential,RPS24
RPE1->K562_essential,RPS25
RPE1->K562_essential,RPS26
RPE1->K562_essential,RPS27
RPE1->K562_essential,RPS27A
RPE1->K562_essential,RPS28
RPE1->K562_essential,RPS29
RPE1->K562_essential,RPS3
RPE1->K562_essential,RPS3A
RPE1->K562_essential,RPS4X
RPE1->K562_essential,RPS5
RPE1->K562_essential,RPS6
RPE1->K562_essential,RPS7
RPE1->K562_essential,RPS8
RPE1->K562_essential,RPS9
RPE1->K562_essential,RPSA
RPE1->K562_essential,RPTOR
RPE1->K562_essential,RPUSD3
RPE1->K562_essential,RPUSD4
RPE1->K562_essential,RRM1
RPE1->K562_essential,RRM2
RPE1->K562_essential,RRN3
RPE1->K562_essential,RRP1
RPE1->K562_essential,RRP12
RPE1->K562_essential,RRP15
RPE1->K562_essential,RRP7A
RPE1->K562_essential,RRP9
RPE1->K562_essential,RRS1
RPE1->K562_essential,RSL1D1
RPE1->K562_essential,RSL24D1
RPE1->K562_essential,RSRC2
RPE1->K562_essential,RTCB
RPE1->K562_essential,RTEL1
RPE1->K562_essential,RTF1
RPE1->K562_essential,RTTN
RPE1->K562_essential,RUVBL1
RPE1->K562_essential,RUVBL2
RPE1->K562_essential,SACM1L
RPE1->K562_essential,SAE1
RPE1->K562_essential,SAMM50
RPE1->K562_essential,SAP130
RPE1->K562_essential,SAP18
RPE1->K562_essential,SAP30BP
RPE1->K562_essential,SARNP
RPE1->K562_essential,SARS
RPE1->K562_essential,SARS2
RPE1->K562_essential,SART1
RPE1->K562_essential,SART3
RPE1->K562_essential,SASS6
RPE1->K562_essential,SBDS
RPE1->K562_essential,SBNO1
RPE1->K562_essential,SCAF1
RPE1->K562_essential,SCAP
RPE1->K562_essential,SCD
RPE1->K562_essential,SCFD1
RPE1->K562_essential,SCNM1
RPE1->K562_essential,SDAD1
RPE1->K562_essential,SDC1
RPE1->K562_essential,SDE2
RPE1->K562_essential,SDHA
RPE1->K562_essential,SDHAF2
RPE1->K562_essential,SDHC
RPE1->K562_essential,SDHD
RPE1->K562_essential,SEC13
RPE1->K562_essential,SEC16A
RPE1->K562_essential,SEC61A1
RPE1->K562_essential,SEC61B
RPE1->K562_essential,SEC61G
RPE1->K562_essential,SEC62
RPE1->K562_essential,SEC63
RPE1->K562_essential,SEH1L
RPE1->K562_essential,SEM1
RPE1->K562_essential,SENP6
RPE1->K562_essential,SEPHS2
RPE1->K562_essential,SEPSECS
RPE1->K562_essential,SERBP1
RPE1->K562_essential,SET
RPE1->K562_essential,SETD1A
RPE1->K562_essential,SETD2
RPE1->K562_essential,SETDB1
RPE1->K562_essential,SF1
RPE1->K562_essential,SF3A1
RPE1->K562_essential,SF3A2
RPE1->K562_essential,SF3A3
RPE1->K562_essential,SF3B1
RPE1->K562_essential,SF3B2
RPE1->K562_essential,SF3B3
RPE1->K562_essential,SF3B4
RPE1->K562_essential,SF3B5
RPE1->K562_essential,SFPQ
RPE1->K562_essential,SFSWAP
RPE1->K562_essential,SGPP1
RPE1->K562_essential,SHQ1
RPE1->K562_essential,SIGLEC14
RPE1->K562_essential,SIN3A
RPE1->K562_essential,SKA1
RPE1->K562_essential,SKA3
RPE1->K562_essential,SKP1
RPE1->K562_essential,SKP2
RPE1->K562_essential,SLBP
RPE1->K562_essential,SLC16A5
RPE1->K562_essential,SLC1A5
RPE1->K562_essential,SLC25A10
RPE1->K562_essential,SLC25A26
RPE1->K562_essential,SLC25A3
RPE1->K562_essential,SLC35B1
RPE1->K562_essential,SLC35G6
RPE1->K562_essential,SLC39A10
RPE1->K562_essential,SLC39A7
RPE1->K562_essential,SLC39A9
RPE1->K562_essential,SLC4A5
RPE1->K562_essential,SLC7A5
RPE1->K562_essential,SLC7A6OS
RPE1->K562_essential,SLC9B1
RPE1->K562_essential,SLU7
RPE1->K562_essential,SMAGP
RPE1->K562_essential,SMARCB1
RPE1->K562_essential,SMARCE1
RPE1->K562_essential,SMC1A
RPE1->K562_essential,SMC2
RPE1->K562_essential,SMC3
RPE1->K562_essential,SMC4
RPE1->K562_essential,SMC5
RPE1->K562_essential,SMC6
RPE1->K562_essential,SMG1
RPE1->K562_essential,SMG5
RPE1->K562_essential,SMG6
RPE1->K562_essential,SMN2
RPE1->K562_essential,SMNDC1
RPE1->K562_essential,SMU1
RPE1->K562_essential,SMUG1
RPE1->K562_essential,SNAPC1
RPE1->K562_essential,SNAPC2
RPE1->K562_essential,SNAPC3
RPE1->K562_essential,SNAPC4
RPE1->K562_essential,SNAPC5
RPE1->K562_essential,SNF8
RPE1->K562_essential,SNIP1
RPE1->K562_essential,SNRNP200
RPE1->K562_essential,SNRNP25
RPE1->K562_essential,SNRNP27
RPE1->K562_essential,SNRNP35
RPE1->K562_essential,SNRNP40
RPE1->K562_essential,SNRNP48
RPE1->K562_essential,SNRNP70
RPE1->K562_essential,SNRPA1
RPE1->K562_essential,SNRPB
RPE1->K562_essential,SNRPC
RPE1->K562_essential,SNRPD1
RPE1->K562_essential,SNRPD2
RPE1->K562_essential,SNRPD3
RPE1->K562_essential,SNRPE
RPE1->K562_essential,SNRPF
RPE1->K562_essential,SNRPG
RPE1->K562_essential,SNUPN
RPE1->K562_essential,SNW1
RPE1->K562_essential,SNX15
RPE1->K562_essential,SOD1
RPE1->K562_essential,SOD2
RPE1->K562_essential,SON
RPE1->K562_essential,SP2
RPE1->K562_essential,SPATA5
RPE1->K562_essential,SPATA5L1
RPE1->K562_essential,SPC24
RPE1->K562_essential,SPC25
RPE1->K562_essential,SPCS2
RPE1->K562_essential,SPCS3
RPE1->K562_essential,SPDL1
RPE1->K562_essential,SPDYE2
RPE1->K562_essential,SPRTN
RPE1->K562_essential,SPTLC1
RPE1->K562_essential,SPTSSA
RPE1->K562_essential,SRBD1
RPE1->K562_essential,SRCAP
RPE1->K562_essential,SRF
RPE1->K562_essential,SRFBP1
RPE1->K562_essential,SRP14
RPE1->K562_essential,SRP19
RPE1->K562_essential,SRP54
RPE1->K562_essential,SRP68
RPE1->K562_essential,SRP72
RPE1->K562_essential,SRP9
RPE1->K562_essential,SRPRB
RPE1->K562_essential,SRRM1
RPE1->K562_essential,SRRM2
RPE1->K562_essential,SRRT
RPE1->K562_essential,SRSF1
RPE1->K562_essential,SRSF10
RPE1->K562_essential,SRSF11
RPE1->K562_essential,SRSF2
RPE1->K562_essential,SRSF3
RPE1->K562_essential,SRSF6
RPE1->K562_essential,SRSF7
RPE1->K562_essential,SS18L2
RPE1->K562_essential,SSBP1
RPE1->K562_essential,SSBP3
RPE1->K562_essential,SSRP1
RPE1->K562_essential,SSU72
RPE1->K562_essential,SSX4
RPE1->K562_essential,STARD7
RPE1->K562_essential,STAT5A
RPE1->K562_essential,STIL
RPE1->K562_essential,STRAP
RPE1->K562_essential,STRIP1
RPE1->K562_essential,STX18
RPE1->K562_essential,STX5
RPE1->K562_essential,SUGP1
RPE1->K562_essential,SUGT1
RPE1->K562_essential,SUMO2
RPE1->K562_essential,SUPT16H
RPE1->K562_essential,SUPT4H1
RPE1->K562_essential,SUPT5H
RPE1->K562_essential,SUPT6H
RPE1->K562_essential,SUPV3L1
RPE1->K562_essential,SURF6
RPE1->K562_essential,SYF2
RPE1->K562_essential,SYMPK
RPE1->K562_essential,SYS1
RPE1->K562_essential,TACC3
RPE1->K562_essential,TADA2A
RPE1->K562_essential,TADA3
RPE1->K562_essential,TAF1
RPE1->K562_essential,TAF10
RPE1->K562_essential,TAF12
RPE1->K562_essential,TAF1B
RPE1->K562_essential,TAF1C
RPE1->K562_essential,TAF1D
RPE1->K562_essential,TAF2
RPE1->K562_essential,TAF5
RPE1->K562_essential,TAF6
RPE1->K562_essential,TAF7
RPE1->K562_essential,TAF8
RPE1->K562_essential,TAMM41
RPE1->K562_essential,TANGO6
RPE1->K562_essential,TARDBP
RPE1->K562_essential,TARS
RPE1->K562_essential,TARS2
RPE1->K562_essential,TBC1D28
RPE1->K562_essential,TBC1D3
RPE1->K562_essential,TBCA
RPE1->K562_essential,TBCB
RPE1->K562_essential,TBCC
RPE1->K562_essential,TBCD
RPE1->K562_essential,TBCE
RPE1->K562_essential,TBL3
RPE1->K562_essential,TBP
RPE1->K562_essential,TCERG1
RPE1->K562_essential,TCOF1
RPE1->K562_essential,TCP1
RPE1->K562_essential,TDGF1
RPE1->K562_essential,TEAD3
RPE1->K562_essential,TEFM
RPE1->K562_essential,TELO2
RPE1->K562_essential,TEN1
RPE1->K562_essential,TERF1
RPE1->K562_essential,TERF2
RPE1->K562_essential,TEX10
RPE1->K562_essential,TFAM
RPE1->K562_essential,TFB2M
RPE1->K562_essential,TFDP1
RPE1->K562_essential,TFIP11
RPE1->K562_essential,TFRC
RPE1->K562_essential,TGS1
RPE1->K562_essential,THAP1
RPE1->K562_essential,THAP11
RPE1->K562_essential,THG1L
RPE1->K562_essential,THOC1
RPE1->K562_essential,THOC2
RPE1->K562_essential,THOC3
RPE1->K562_essential,THOC5
RPE1->K562_essential,THOC6
RPE1->K562_essential,THOC7
RPE1->K562_essential,TICRR
RPE1->K562_essential,TIGD1
RPE1->K562_essential,TIMELESS
RPE1->K562_essential,TIMM10
RPE1->K562_essential,TIMM13
RPE1->K562_essential,TIMM22
RPE1->K562_essential,TIMM23B
RPE1->K562_essential,TIMM44
RPE1->K562_essential,TIMM8A
RPE1->K562_essential,TIMM9
RPE1->K562_essential,TINF2
RPE1->K562_essential,TIPIN
RPE1->K562_essential,TKT
RPE1->K562_essential,TLCD1
RPE1->K562_essential,TLN1
RPE1->K562_essential,TM7SF2
RPE1->K562_essential,TMA16
RPE1->K562_essential,TMED2
RPE1->K562_essential,TMEM127
RPE1->K562_essential,TMEM199
RPE1->K562_essential,TMEM240
RPE1->K562_essential,TMEM258
RPE1->K562_essential,TMSB10
RPE1->K562_essential,TMX2
RPE1->K562_essential,TNNT2
RPE1->K562_essential,TNPO3
RPE1->K562_essential,TOE1
RPE1->K562_essential,TOMM20
RPE1->K562_essential,TOMM22
RPE1->K562_essential,TOMM40
RPE1->K562_essential,TONSL
RPE1->K562_essential,TOP1
RPE1->K562_essential,TOP2A
RPE1->K562_essential,TOP3A
RPE1->K562_essential,TOPBP1
RPE1->K562_essential,TOR2A
RPE1->K562_essential,TP53RK
RPE1->K562_essential,TPI1
RPE1->K562_essential,TPR
RPE1->K562_essential,TPRKB
RPE1->K562_essential,TPT1
RPE1->K562_essential,TPX2
RPE1->K562_essential,TRA2B
RPE1->K562_essential,TRAIP
RPE1->K562_essential,TRAPPC1
RPE1->K562_essential,TRAPPC11
RPE1->K562_essential,TRAPPC3
RPE1->K562_essential,TRAPPC4
RPE1->K562_essential,TRAPPC5
RPE1->K562_essential,TRAPPC8
RPE1->K562_essential,TREML2
RPE1->K562_essential,TREX2
RPE1->K562_essential,TRIAP1
RPE1->K562_essential,TRIM49C
RPE1->K562_essential,TRMT10C
RPE1->K562_essential,TRMT112
RPE1->K562_essential,TRMT5
RPE1->K562_essential,TRMT6
RPE1->K562_essential,TRNP1
RPE1->K562_essential,TRNT1
RPE1->K562_essential,TRPM7
RPE1->K562_essential,TRRAP
RPE1->K562_essential,TSEN2
RPE1->K562_essential,TSEN34
RPE1->K562_essential,TSEN54
RPE1->K562_essential,TSFM
RPE1->K562_essential,TSG101
RPE1->K562_essential,TSPYL5
RPE1->K562_essential,TSR1
RPE1->K562_essential,TSR2
RPE1->K562_essential,TSSK3
RPE1->K562_essential,TTC1
RPE1->K562_essential,TTC27
RPE1->K562_essential,TTC4
RPE1->K562_essential,TTF2
RPE1->K562_essential,TTI1
RPE1->K562_essential,TTI2
RPE1->K562_essential,TTK
RPE1->K562_essential,TUBA1B
RPE1->K562_essential,TUBA1C
RPE1->K562_essential,TUBA3D
RPE1->K562_essential,TUBB
RPE1->K562_essential,TUBD1
RPE1->K562_essential,TUBE1
RPE1->K562_essential,TUBG1
RPE1->K562_essential,TUBGCP2
RPE1->K562_essential,TUBGCP3
RPE1->K562_essential,TUBGCP4
RPE1->K562_essential,TUBGCP5
RPE1->K562_essential,TUBGCP6
RPE1->K562_essential,TULP1
RPE1->K562_essential,TUT1
RPE1->K562_essential,TVP23C
RPE1->K562_essential,TWF1
RPE1->K562_essential,TWISTNB
RPE1->K562_essential,TXN
RPE1->K562_essential,TXNL4A
RPE1->K562_essential,TXNL4B
RPE1->K562_essential,U2AF1
RPE1->K562_essential,U2AF2
RPE1->K562_essential,U2SURP
RPE1->K562_essential,UBA1
RPE1->K562_essential,UBA2
RPE1->K562_essential,UBA3
RPE1->K562_essential,UBA5
RPE1->K562_essential,UBA52
RPE1->K562_essential,UBAP1
RPE1->K562_essential,UBC
RPE1->K562_essential,UBE2D3
RPE1->K562_essential,UBE2H
RPE1->K562_essential,UBE2I
RPE1->K562_essential,UBE2L3
RPE1->K562_essential,UBE2M
RPE1->K562_essential,UBE2N
RPE1->K562_essential,UBE2Z
RPE1->K562_essential,UBL5
RPE1->K562_essential,UBQLN4
RPE1->K562_essential,UBR4
RPE1->K562_essential,UBR5
RPE1->K562_essential,UBTF
RPE1->K562_essential,UFL1
RPE1->K562_essential,UFM1
RPE1->K562_essential,UNC45A
RPE1->K562_essential,UNC50
RPE1->K562_essential,UPF1
RPE1->K562_essential,UPF2
RPE1->K562_essential,UPF3A
RPE1->K562_essential,UQCC2
RPE1->K562_essential,UQCRB
RPE1->K562_essential,UQCRC1
RPE1->K562_essential,UQCRC2
RPE1->K562_essential,UQCRFS1
RPE1->K562_essential,UQCRH
RPE1->K562_essential,UQCRQ
RPE1->K562_essential,URB1
RPE1->K562_essential,URB2
RPE1->K562_essential,URI1
RPE1->K562_essential,URM1
RPE1->K562_essential,UROD
RPE1->K562_essential,USF2
RPE1->K562_essential,USP10
RPE1->K562_essential,USP19
RPE1->K562_essential,USP36
RPE1->K562_essential,USP37
RPE1->K562_essential,USP39
RPE1->K562_essential,USP5
RPE1->K562_essential,USP7
RPE1->K562_essential,USP8
RPE1->K562_essential,USP9X
RPE1->K562_essential,USPL1
RPE1->K562_essential,UTP15
RPE1->K562_essential,UTP18
RPE1->K562_essential,UTP20
RPE1->K562_essential,UTP23
RPE1->K562_essential,UTP3
RPE1->K562_essential,UTP6
RPE1->K562_essential,UXS1
RPE1->K562_essential,UXT
RPE1->K562_essential,VARS
RPE1->K562_essential,VARS2
RPE1->K562_essential,VBP1
RPE1->K562_essential,VCP
RPE1->K562_essential,VEZT
RPE1->K562_essential,VHL
RPE1->K562_essential,VMP1
RPE1->K562_essential,VPS13D
RPE1->K562_essential,VPS18
RPE1->K562_essential,VPS25
RPE1->K562_essential,VPS28
RPE1->K562_essential,VPS29
RPE1->K562_essential,VPS33A
RPE1->K562_essential,VPS35
RPE1->K562_essential,VPS37A
RPE1->K562_essential,VPS37C
RPE1->K562_essential,VPS41
RPE1->K562_essential,VPS51
RPE1->K562_essential,VPS54
RPE1->K562_essential,VPS72
RPE1->K562_essential,WAC
RPE1->K562_essential,WARS
RPE1->K562_essential,WBP1
RPE1->K562_essential,WBP11
RPE1->K562_essential,WBP1L
RPE1->K562_essential,WDHD1
RPE1->K562_essential,WDR1
RPE1->K562_essential,WDR12
RPE1->K562_essential,WDR18
RPE1->K562_essential,WDR24
RPE1->K562_essential,WDR25
RPE1->K562_essential,WDR26
RPE1->K562_essential,WDR3
RPE1->K562_essential,WDR33
RPE1->K562_essential,WDR36
RPE1->K562_essential,WDR4
RPE1->K562_essential,WDR43
RPE1->K562_essential,WDR46
RPE1->K562_essential,WDR5
RPE1->K562_essential,WDR54
RPE1->K562_essential,WDR55
RPE1->K562_essential,WDR61
RPE1->K562_essential,WDR7
RPE1->K562_essential,WDR70
RPE1->K562_essential,WDR74
RPE1->K562_essential,WDR75
RPE1->K562_essential,WDR77
RPE1->K562_essential,WDR82
RPE1->K562_essential,WDR83OS
RPE1->K562_essential,WDR92
RPE1->K562_essential,WDTC1
RPE1->K562_essential,WEE1
RPE1->K562_essential,WNK1
RPE1->K562_essential,WTAP
RPE1->K562_essential,XAB2
RPE1->K562_essential,XPO1
RPE1->K562_essential,XPO5
RPE1->K562_essential,XRCC1
RPE1->K562_essential,XRCC2
RPE1->K562_essential,XRCC3
RPE1->K562_essential,XRCC5
RPE1->K562_essential,XRCC6
RPE1->K562_essential,XRN1
RPE1->K562_essential,XRN2
RPE1->K562_essential,YARS
RPE1->K562_essential,YARS2
RPE1->K562_essential,YBX1
RPE1->K562_essential,YEATS2
RPE1->K562_essential,YEATS4
RPE1->K562_essential,YJEFN3
RPE1->K562_essential,YKT6
RPE1->K562_essential,YPEL1
RPE1->K562_essential,YPEL5
RPE1->K562_essential,YRDC
RPE1->K562_essential,YTHDC1
RPE1->K562_essential,YY1
RPE1->K562_essential,ZBTB11
RPE1->K562_essential,ZBTB17
RPE1->K562_essential,ZC3H18
RPE1->K562_essential,ZC3H8
RPE1->K562_essential,ZCCHC9
RPE1->K562_essential,ZCRB1
RPE1->K562_essential,ZFC3H1
RPE1->K562_essential,ZFP69B
RPE1->K562_essential,ZMAT2
RPE1->K562_essential,ZMAT5
RPE1->K562_essential,ZNF100
RPE1->K562_essential,ZNF131
RPE1->K562_essential,ZNF133
RPE1->K562_essential,ZNF207
RPE1->K562_essential,ZNF236
RPE1->K562_essential,ZNF24
RPE1->K562_essential,ZNF253
RPE1->K562_essential,ZNF284
RPE1->K562_essential,ZNF317
RPE1->K562_essential,ZNF335
RPE1->K562_essential,ZNF407
RPE1->K562_essential,ZNF468
RPE1->K562_essential,ZNF492
RPE1->K562_essential,ZNF506
RPE1->K562_essential,ZNF559
RPE1->K562_essential,ZNF574
RPE1->K562_essential,ZNF658
RPE1->K562_essential,ZNF674
RPE1->K562_essential,ZNF676
RPE1->K562_essential,ZNF687
RPE1->K562_essential,ZNF718
RPE1->K562_essential,ZNF720
RPE1->K562_essential,ZNF763
RPE1->K562_essential,ZNF830
RPE1->K562_essential,ZNHIT2
RPE1->K562_essential,ZNHIT3
RPE1->K562_essential,ZNHIT6
RPE1->K562_essential,ZNRD1
RPE1->K562_essential,ZRANB2
RPE1->K562_essential,ZRSR2
RPE1->K562_essential,ZW10
RPE1->K562_essential,ZWINT
HepG2->Jurkat,AAAS
HepG2->Jurkat,AAMP
HepG2->Jurkat,AAR2
HepG2->Jurkat,AARS
HepG2->Jurkat,AARS2
HepG2->Jurkat,AASDHPPT
HepG2->Jurkat,AATF
HepG2->Jurkat,ABCB10
HepG2->Jurkat,ABCB7
HepG2->Jurkat,ABCE1
HepG2->Jurkat,ABCF1
HepG2->Jurkat,ABCG1
HepG2->Jurkat,ABHD11
HepG2->Jurkat,ABHD17A
HepG2->Jurkat,ABT1
HepG2->Jurkat,AC118549.1
HepG2->Jurkat,ACD
HepG2->Jurkat,ACIN1
HepG2->Jurkat,ACOT12
HepG2->Jurkat,ACSS2
HepG2->Jurkat,ACTB
HepG2->Jurkat,ACTL6A
HepG2->Jurkat,ACTR10
HepG2->Jurkat,ACTR1A
HepG2->Jurkat,ACTR1B
HepG2->Jurkat,ACTR2
HepG2->Jurkat,ACTR3
HepG2->Jurkat,ACTR5
HepG2->Jurkat,ACTR6
HepG2->Jurkat,ACTR8
HepG2->Jurkat,ADAM10
HepG2->Jurkat,ADAT2
HepG2->Jurkat,ADAT3
HepG2->Jurkat,ADNP2
HepG2->Jurkat,ADRM1
HepG2->Jurkat,ADSL
HepG2->Jurkat,AFG3L2
HepG2->Jurkat,AGBL5
HepG2->Jurkat,AHCTF1
HepG2->Jurkat,AHCY
HepG2->Jurkat,AIFM1
HepG2->Jurkat,AKIRIN2
HepG2->Jurkat,ALDOA
HepG2->Jurkat,ALG1
HepG2->Jurkat,ALG11
HepG2->Jurkat,ALG13
HepG2->Jurkat,ALG14
HepG2->Jurkat,ALG1L
HepG2->Jurkat,ALG2
HepG2->Jurkat,ALYREF
HepG2->Jurkat,ANAPC1
HepG2->Jurkat,ANAPC10
HepG2->Jurkat,ANAPC11
HepG2->Jurkat,ANAPC13
HepG2->Jurkat,ANAPC15
HepG2->Jurkat,ANAPC2
HepG2->Jurkat,ANAPC4
HepG2->Jurkat,ANAPC5
HepG2->Jurkat,ANKLE2
HepG2->Jurkat,ANKRD11
HepG2->Jurkat,ANKRD17
HepG2->Jurkat,ANKRD39
HepG2->Jurkat,ANKRD49
HepG2->Jurkat,ANKS6
HepG2->Jurkat,ANLN
HepG2->Jurkat,AP2A1
HepG2->Jurkat,AP2M1
HepG2->Jurkat,AP2S1
HepG2->Jurkat,AQP7
HepG2->Jurkat,AQR
HepG2->Jurkat,ARCN1
HepG2->Jurkat,ARF4
HepG2->Jurkat,ARFRP1
HepG2->Jurkat,ARGFX
HepG2->Jurkat,ARGLU1
HepG2->Jurkat,ARHGAP11B
HepG2->Jurkat,ARHGAP6
HepG2->Jurkat,ARID3A
HepG2->Jurkat,ARID5B
HepG2->Jurkat,ARIH1
HepG2->Jurkat,ARL2
HepG2->Jurkat,ARL4D
HepG2->Jurkat,ARL6IP6
HepG2->Jurkat,ARMC6
HepG2->Jurkat,ARMC7
HepG2->Jurkat,ARPC1B
HepG2->Jurkat,ARPC2
HepG2->Jurkat,ARPC3
HepG2->Jurkat,ARPC4
HepG2->Jurkat,ARRB2
HepG2->Jurkat,ASCC3
HepG2->Jurkat,ASF1B
HepG2->Jurkat,ATF4
HepG2->Jurkat,ATF5
HepG2->Jurkat,ATIC
HepG2->Jurkat,ATL2
HepG2->Jurkat,ATP11B
HepG2->Jurkat,ATP1A1
HepG2->Jurkat,ATP2A2
HepG2->Jurkat,ATP5F1A
HepG2->Jurkat,ATP5F1B
HepG2->Jurkat,ATP5F1C
HepG2->Jurkat,ATP5MD
HepG2->Jurkat,ATP5ME
HepG2->Jurkat,ATP5MF
HepG2->Jurkat,ATP5PD
HepG2->Jurkat,ATP5PO
HepG2->Jurkat,ATP6AP1
HepG2->Jurkat,ATP6AP2
HepG2->Jurkat,ATP6V0B
HepG2->Jurkat,ATP6V0C
HepG2->Jurkat,ATP6V0D1
HepG2->Jurkat,ATP6V1A
HepG2->Jurkat,ATP6V1B2
HepG2->Jurkat,ATP6V1C1
HepG2->Jurkat,ATP6V1D
HepG2->Jurkat,ATP6V1E1
HepG2->Jurkat,ATP6V1F
HepG2->Jurkat,ATP6V1G1
HepG2->Jurkat,ATP6V1H
HepG2->Jurkat,ATR
HepG2->Jurkat,ATRIP
HepG2->Jurkat,ATXN10
HepG2->Jurkat,AURKA
HepG2->Jurkat,AURKAIP1
HepG2->Jurkat,AURKB
HepG2->Jurkat,BAG6
HepG2->Jurkat,BANF1
HepG2->Jurkat,BANP
HepG2->Jurkat,BAP1
HepG2->Jurkat,BARD1
HepG2->Jurkat,BCAR1
HepG2->Jurkat,BCAS2
HepG2->Jurkat,BCL2L1
HepG2->Jurkat,BCLAF1
HepG2->Jurkat,BCR
HepG2->Jurkat,BCS1L
HepG2->Jurkat,BDP1
HepG2->Jurkat,BET1
HepG2->Jurkat,BGLAP
HepG2->Jurkat,BIRC5
HepG2->Jurkat,BMP2K
HepG2->Jurkat,BMS1
HepG2->Jurkat,BNIP1
HepG2->Jurkat,BOD1L1
HepG2->Jurkat,BOP1
HepG2->Jurkat,BORA
HepG2->Jurkat,BPTF
HepG2->Jurkat,BRCA1
HepG2->Jurkat,BRCA2
HepG2->Jurkat,BRD2
HepG2->Jurkat,BRD4
HepG2->Jurkat,BRD8
HepG2->Jurkat,BRF1
HepG2->Jurkat,BRF2
HepG2->Jurkat,BRIP1
HepG2->Jurkat,BRIX1
HepG2->Jurkat,BRK1
HepG2->Jurkat,BTAF1
HepG2->Jurkat,BTF3
HepG2->Jurkat,BTF3L4
HepG2->Jurkat,BUB1
HepG2->Jurkat,BUB1B
HepG2->Jurkat,BUB3
HepG2->Jurkat,BUD13
HepG2->Jurkat,BUD23
HepG2->Jurkat,BUD31
HepG2->Jurkat,BYSL
HepG2->Jurkat,C12orf45
HepG2->Jurkat,C12orf60
HepG2->Jurkat,C14orf178
HepG2->Jurkat,C16orf86
HepG2->Jurkat,C17orf58
HepG2->Jurkat,C18orf21
HepG2->Jurkat,C19orf25
HepG2->Jurkat,C19orf53
HepG2->Jurkat,C1D
HepG2->Jurkat,C1QBP
HepG2->Jurkat,C1QTNF4
HepG2->Jurkat,C1orf109
HepG2->Jurkat,C1orf131
HepG2->Jurkat,C5orf30
HepG2->Jurkat,C6orf15
HepG2->Jurkat,C7orf26
HepG2->Jurkat,C7orf50
HepG2->Jurkat,C9orf16
HepG2->Jurkat,C9orf78
HepG2->Jurkat,CA5A
HepG2->Jurkat,CABIN1
HepG2->Jurkat,CACNB3
HepG2->Jurkat,CACTIN
HepG2->Jurkat,CAD
HepG2->Jurkat,CADM4
HepG2->Jurkat,CALR
HepG2->Jurkat,CAMLG
HepG2->Jurkat,CAP1
HepG2->Jurkat,CAPZB
HepG2->Jurkat,CARF
HepG2->Jurkat,CARS
HepG2->Jurkat,CASC3
HepG2->Jurkat,CASP8AP2
HepG2->Jurkat,CAST
HepG2->Jurkat,CBFA2T3
HepG2->Jurkat,CBLL1
HepG2->Jurkat,CBLN1
HepG2->Jurkat,CBX1
HepG2->Jurkat,CCAR1
HepG2->Jurkat,CCDC115
HepG2->Jurkat,CCDC130
HepG2->Jurkat,CCDC137
HepG2->Jurkat,CCDC144A
HepG2->Jurkat,CCDC144NL
HepG2->Jurkat,CCDC174
HepG2->Jurkat,CCDC59
HepG2->Jurkat,CCDC6
HepG2->Jurkat,CCDC78
HepG2->Jurkat,CCDC84
HepG2->Jurkat,CCDC86
HepG2->Jurkat,CCNA2
HepG2->Jurkat,CCNB1
HepG2->Jurkat,CCNC
HepG2->Jurkat,CCND1
HepG2->Jurkat,CCND3
HepG2->Jurkat,CCNH
HepG2->Jurkat,CCNK
HepG2->Jurkat,CCNL1
HepG2->Jurkat,CCNQ
HepG2->Jurkat,CCP110
HepG2->Jurkat,CCT2
HepG2->Jurkat,CCT3
HepG2->Jurkat,CCT4
HepG2->Jurkat,CCT5
HepG2->Jurkat,CCT6A
HepG2->Jurkat,CCT7
HepG2->Jurkat,CCT8
HepG2->Jurkat,CD2BP2
HepG2->Jurkat,CD3EAP
HepG2->Jurkat,CD8B
HepG2->Jurkat,CDAN1
HepG2->Jurkat,CDC123
HepG2->Jurkat,CDC16
HepG2->Jurkat,CDC20
HepG2->Jurkat,CDC23
HepG2->Jurkat,CDC26
HepG2->Jurkat,CDC27
HepG2->Jurkat,CDC37
HepG2->Jurkat,CDC40
HepG2->Jurkat,CDC42
HepG2->Jurkat,CDC45
HepG2->Jurkat,CDC5L
HepG2->Jurkat,CDC6
HepG2->Jurkat,CDC7
HepG2->Jurkat,CDC73
HepG2->Jurkat,CDCA5
HepG2->Jurkat,CDIPT
HepG2->Jurkat,CDK1
HepG2->Jurkat,CDK11A
HepG2->Jurkat,CDK12
HepG2->Jurkat,CDK2
HepG2->Jurkat,CDK6
HepG2->Jurkat,CDK7
HepG2->Jurkat,CDK9
HepG2->Jurkat,CDT1
HepG2->Jurkat,CEBPG
HepG2->Jurkat,CEBPZ
HepG2->Jurkat,CENPA
HepG2->Jurkat,CENPC
HepG2->Jurkat,CENPE
HepG2->Jurkat,CENPH
HepG2->Jurkat,CENPI
HepG2->Jurkat,CENPJ
HepG2->Jurkat,CENPK
HepG2->Jurkat,CENPN
HepG2->Jurkat,CENPP
HepG2->Jurkat,CENPT
HepG2->Jurkat,CENPW
HepG2->Jurkat,CEP152
HepG2->Jurkat,CEP192
HepG2->Jurkat,CEP68
HepG2->Jurkat,CEP85
HepG2->Jurkat,CEP97
HepG2->Jurkat,CFDP1
HepG2->Jurkat,CFL1
HepG2->Jurkat,CHAF1A
HepG2->Jurkat,CHAF1B
HepG2->Jurkat,CHCHD1
HepG2->Jurkat,CHCHD2
HepG2->Jurkat,CHCHD3
HepG2->Jurkat,CHCHD4
HepG2->Jurkat,CHD4
HepG2->Jurkat,CHEK1
HepG2->Jurkat,CHERP
HepG2->Jurkat,CHMP1A
HepG2->Jurkat,CHMP2A
HepG2->Jurkat,CHMP3
HepG2->Jurkat,CHMP4B
HepG2->Jurkat,CHMP5
HepG2->Jurkat,CHMP6
HepG2->Jurkat,CHMP7
HepG2->Jurkat,CHORDC1
HepG2->Jurkat,CHTF18
HepG2->Jurkat,CHTF8
HepG2->Jurkat,CHTOP
HepG2->Jurkat,CIAO1
HepG2->Jurkat,CIAPIN1
HepG2->Jurkat,CINP
HepG2->Jurkat,CKAP5
HepG2->Jurkat,CLASRP
HepG2->Jurkat,CLCC1
HepG2->Jurkat,CLK2
HepG2->Jurkat,CLNS1A
HepG2->Jurkat,CLOCK
HepG2->Jurkat,CLP1
HepG2->Jurkat,CLPB
HepG2->Jurkat,CLSPN
HepG2->Jurkat,CLTC
HepG2->Jurkat,CMC4
HepG2->Jurkat,CMPK1
HepG2->Jurkat,CMTR1
HepG2->Jurkat,CMTR2
HepG2->Jurkat,CNIH4
HepG2->Jurkat,CNN2
HepG2->Jurkat,CNOT1
HepG2->Jurkat,CNOT10
HepG2->Jurkat,CNOT11
HepG2->Jurkat,CNOT2
HepG2->Jurkat,CNOT3
HepG2->Jurkat,CNOT9
HepG2->Jurkat,COA5
HepG2->Jurkat,COASY
HepG2->Jurkat,COG1
HepG2->Jurkat,COG2
HepG2->Jurkat,COG3
HepG2->Jurkat,COG4
HepG2->Jurkat,COG6
HepG2->Jurkat,COG8
HepG2->Jurkat,COMTD1
HepG2->Jurkat,COPA
HepG2->Jurkat,COPB1
HepG2->Jurkat,COPB2
HepG2->Jurkat,COPE
HepG2->Jurkat,COPG1
HepG2->Jurkat,COPS2
HepG2->Jurkat,COPS3
HepG2->Jurkat,COPS4
HepG2->Jurkat,COPS5
HepG2->Jurkat,COPS6
HepG2->Jurkat,COPS8
HepG2->Jurkat,COPZ1
HepG2->Jurkat,COQ2
HepG2->Jurkat,COQ4
HepG2->Jurkat,COQ5
HepG2->Jurkat,COTL1
HepG2->Jurkat,COX10
HepG2->Jurkat,COX11
HepG2->Jurkat,COX15
HepG2->Jurkat,COX17
HepG2->Jurkat,COX5A
HepG2->Jurkat,COX5B
HepG2->Jurkat,COX6C
HepG2->Jurkat,COX7B
HepG2->Jurkat,COX7C
HepG2->Jurkat,CPAMD8
HepG2->Jurkat,CPEB1
HepG2->Jurkat,CPNE1
HepG2->Jurkat,CPNE7
HepG2->Jurkat,CPOX
HepG2->Jurkat,CPSF1
HepG2->Jurkat,CPSF2
HepG2->Jurkat,CPSF3
HepG2->Jurkat,CPSF4
HepG2->Jurkat,CPSF6
HepG2->Jurkat,CRCP
HepG2->Jurkat,CRKL
HepG2->Jurkat,CRLS1
HepG2->Jurkat,CRNKL1
HepG2->Jurkat,CS
HepG2->Jurkat,CSDE1
HepG2->Jurkat,CSE1L
HepG2->Jurkat,CSH2
HepG2->Jurkat,CSNK1A1
HepG2->Jurkat,CSNK2B
HepG2->Jurkat,CSTF1
HepG2->Jurkat,CSTF3
HepG2->Jurkat,CT45A5
HepG2->Jurkat,CTBP2
HepG2->Jurkat,CTCF
HepG2->Jurkat,CTDP1
HepG2->Jurkat,CTNNBL1
HepG2->Jurkat,CTPS1
HepG2->Jurkat,CTR9
HepG2->Jurkat,CTU2
HepG2->Jurkat,CUL1
HepG2->Jurkat,CUL2
HepG2->Jurkat,CUL3
HepG2->Jurkat,CUL7
HepG2->Jurkat,CWC15
HepG2->Jurkat,CWC22
HepG2->Jurkat,CWC25
HepG2->Jurkat,CWF19L2
HepG2->Jurkat,CXXC1
HepG2->Jurkat,CYC1
HepG2->Jurkat,CYCS
HepG2->Jurkat,CYFIP1
HepG2->Jurkat,CYP2A13
HepG2->Jurkat,CYP4F11
HepG2->Jurkat,CYREN
HepG2->Jurkat,CYS1
HepG2->Jurkat,DAD1
HepG2->Jurkat,DAP3
HepG2->Jurkat,DARS
HepG2->Jurkat,DAXX
HepG2->Jurkat,DBF4
HepG2->Jurkat,DBR1
HepG2->Jurkat,DCAF6
HepG2->Jurkat,DCLRE1B
HepG2->Jurkat,DCTN1
HepG2->Jurkat,DCTN2
HepG2->Jurkat,DCTN3
HepG2->Jurkat,DCTN4
HepG2->Jurkat,DCTN5
HepG2->Jurkat,DCTN6
HepG2->Jurkat,DCUN1D5
HepG2->Jurkat,DDB1
HepG2->Jurkat,DDN
HepG2->Jurkat,DDOST
HepG2->Jurkat,DDX1
HepG2->Jurkat,DDX10
HepG2->Jurkat,DDX11
HepG2->Jurkat,DDX17
HepG2->Jurkat,DDX18
HepG2->Jurkat,DDX19A
HepG2->Jurkat,DDX19B
HepG2->Jurkat,DDX20
HepG2->Jurkat,DDX21
HepG2->Jurkat,DDX23
HepG2->Jurkat,DDX24
HepG2->Jurkat,DDX27
HepG2->Jurkat,DDX3X
HepG2->Jurkat,DDX41
HepG2->Jurkat,DDX42
HepG2->Jurkat,DDX46
HepG2->Jurkat,DDX47
HepG2->Jurkat,DDX49
HepG2->Jurkat,DDX5
HepG2->Jurkat,DDX51
HepG2->Jurkat,DDX52
HepG2->Jurkat,DDX54
HepG2->Jurkat,DDX55
HepG2->Jurkat,DDX56
HepG2->Jurkat,DDX59
HepG2->Jurkat,DDX6
HepG2->Jurkat,DENR
HepG2->Jurkat,DEPDC5
HepG2->Jurkat,DERL2
HepG2->Jurkat,DESI1
HepG2->Jurkat,DGCR8
HepG2->Jurkat,DHDDS
HepG2->Jurkat,DHFR
HepG2->Jurkat,DHODH
HepG2->Jurkat,DHPS
HepG2->Jurkat,DHX15
HepG2->Jurkat,DHX16
HepG2->Jurkat,DHX29
HepG2->Jurkat,DHX30
HepG2->Jurkat,DHX33
HepG2->Jurkat,DHX36
HepG2->Jurkat,DHX37
HepG2->Jurkat,DHX8
HepG2->Jurkat,DHX9
HepG2->Jurkat,DICER1
HepG2->Jurkat,DIMT1
HepG2->Jurkat,DIS3
HepG2->Jurkat,DKC1
HepG2->Jurkat,DLD
HepG2->Jurkat,DMAP1
HepG2->Jurkat,DMRTA2
HepG2->Jurkat,DNAAF3
HepG2->Jurkat,DNAJA1
HepG2->Jurkat,DNAJA3
HepG2->Jurkat,DNAJC11
HepG2->Jurkat,DNAJC17
HepG2->Jurkat,DNAJC19
HepG2->Jurkat,DNAJC8
HepG2->Jurkat,DNAJC9
HepG2->Jurkat,DNLZ
HepG2->Jurkat,DNM1
HepG2->Jurkat,DNM1L
HepG2->Jurkat,DNM2
HepG2->Jurkat,DNMT1
HepG2->Jurkat,DNTTIP2
HepG2->Jurkat,DOHH
HepG2->Jurkat,DOLK
HepG2->Jurkat,DONSON
HepG2->Jurkat,DPAGT1
HepG2->Jurkat,DPH1
HepG2->Jurkat,DPH2
HepG2->Jurkat,DPH3
HepG2->Jurkat,DPH6
HepG2->Jurkat,DPM2
HepG2->Jurkat,DPPA2
HepG2->Jurkat,DPY19L2
HepG2->Jurkat,DPY19L4
HepG2->Jurkat,DR1
HepG2->Jurkat,DRAP1
HepG2->Jurkat,DRG1
HepG2->Jurkat,DROSHA
HepG2->Jurkat,DSN1
HepG2->Jurkat,DSTYK
HepG2->Jurkat,DTL
HepG2->Jurkat,DTYMK
HepG2->Jurkat,DUT
HepG2->Jurkat,DYNC1H1
HepG2->Jurkat,DYNC1I2
HepG2->Jurkat,DYNLL1
HepG2->Jurkat,DYNLL2
HepG2->Jurkat,DYNLRB1
HepG2->Jurkat,E2F6
HepG2->Jurkat,E4F1
HepG2->Jurkat,EARS2
HepG2->Jurkat,EBNA1BP2
HepG2->Jurkat,ECD
HepG2->Jurkat,ECT2
HepG2->Jurkat,EDC4
HepG2->Jurkat,EEF1A1
HepG2->Jurkat,EEF1B2
HepG2->Jurkat,EEF1G
HepG2->Jurkat,EEF2
HepG2->Jurkat,EEFSEC
HepG2->Jurkat,EFR3A
HepG2->Jurkat,EFTUD2
HepG2->Jurkat,EGLN2
HepG2->Jurkat,EHMT2
HepG2->Jurkat,EIF1
HepG2->Jurkat,EIF1AD
HepG2->Jurkat,EIF1AX
HepG2->Jurkat,EIF2B1
HepG2->Jurkat,EIF2B2
HepG2->Jurkat,EIF2B3
HepG2->Jurkat,EIF2B4
HepG2->Jurkat,EIF2B5
HepG2->Jurkat,EIF2S1
HepG2->Jurkat,EIF2S2
HepG2->Jurkat,EIF2S3
HepG2->Jurkat,EIF3A
HepG2->Jurkat,EIF3B
HepG2->Jurkat,EIF3CL
HepG2->Jurkat,EIF3D
HepG2->Jurkat,EIF3E
HepG2->Jurkat,EIF3F
HepG2->Jurkat,EIF3G
HepG2->Jurkat,EIF3H
HepG2->Jurkat,EIF3I
HepG2->Jurkat,EIF3J
HepG2->Jurkat,EIF3L
HepG2->Jurkat,EIF3M
HepG2->Jurkat,EIF4A1
HepG2->Jurkat,EIF4A3
HepG2->Jurkat,EIF4B
HepG2->Jurkat,EIF4E
HepG2->Jurkat,EIF4G1
HepG2->Jurkat,EIF4G2
HepG2->Jurkat,EIF4H
HepG2->Jurkat,EIF5
HepG2->Jurkat,EIF5A
HepG2->Jurkat,EIF6
HepG2->Jurkat,ELAC2
HepG2->Jurkat,ELL
HepG2->Jurkat,ELOB
HepG2->Jurkat,ELOF1
HepG2->Jurkat,ELOVL1
HepG2->Jurkat,ELP2
HepG2->Jurkat,ELP3
HepG2->Jurkat,ELP4
HepG2->Jurkat,ELP5
HepG2->Jurkat,ELP6
HepG2->Jurkat,EMC1
HepG2->Jurkat,EMC3
HepG2->Jurkat,EMC4
HepG2->Jurkat,EMC7
HepG2->Jurkat,EMG1
HepG2->Jurkat,ENO1
HepG2->Jurkat,ENY2
HepG2->Jurkat,EP400
HepG2->Jurkat,EPB41L2
HepG2->Jurkat,EPRS
HepG2->Jurkat,EPS8L1
HepG2->Jurkat,ERAL1
HepG2->Jurkat,ERCC2
HepG2->Jurkat,ERCC3
HepG2->Jurkat,ERH
HepG2->Jurkat,ERVW-1
HepG2->Jurkat,ESF1
HepG2->Jurkat,ESPL1
HepG2->Jurkat,ESPN
HepG2->Jurkat,ESYT1
HepG2->Jurkat,ESYT2
HepG2->Jurkat,ETF1
HepG2->Jurkat,ETV4
HepG2->Jurkat,EWSR1
HepG2->Jurkat,EXOC1
HepG2->Jurkat,EXOC2
HepG2->Jurkat,EXOC3
HepG2->Jurkat,EXOC4
HepG2->Jurkat,EXOC5
HepG2->Jurkat,EXOC7
HepG2->Jurkat,EXOC8
HepG2->Jurkat,EXOSC1
HepG2->Jurkat,EXOSC10
HepG2->Jurkat,EXOSC2
HepG2->Jurkat,EXOSC3
HepG2->Jurkat,EXOSC4
HepG2->Jurkat,EXOSC5
HepG2->Jurkat,EXOSC6
HepG2->Jurkat,EXOSC7
HepG2->Jurkat,EXOSC8
HepG2->Jurkat,EXOSC9
HepG2->Jurkat,F8A1
HepG2->Jurkat,FAF2
HepG2->Jurkat,FAM102B
HepG2->Jurkat,FAM133B
HepG2->Jurkat,FAM136A
HepG2->Jurkat,FAM207A
HepG2->Jurkat,FAM229A
HepG2->Jurkat,FAM32A
HepG2->Jurkat,FAM50A
HepG2->Jurkat,FAM72D
HepG2->Jurkat,FARS2
HepG2->Jurkat,FARSA
HepG2->Jurkat,FARSB
HepG2->Jurkat,FASN
HepG2->Jurkat,FASTKD5
HepG2->Jurkat,FAU
HepG2->Jurkat,FBL
HepG2->Jurkat,FBLIM1
HepG2->Jurkat,FBRSL1
HepG2->Jurkat,FBXL14
HepG2->Jurkat,FBXO42
HepG2->Jurkat,FBXO5
HepG2->Jurkat,FBXW7
HepG2->Jurkat,FCF1
HepG2->Jurkat,FDPS
HepG2->Jurkat,FDXR
HepG2->Jurkat,FEN1
HepG2->Jurkat,FGFR1OP
HepG2->Jurkat,FIP1L1
HepG2->Jurkat,FKBP9
HepG2->Jurkat,FNBP4
HepG2->Jurkat,FNTA
HepG2->Jurkat,FNTB
HepG2->Jurkat,FOLR3
HepG2->Jurkat,FOXD4
HepG2->Jurkat,FOXL2
HepG2->Jurkat,FOXO1
HepG2->Jurkat,FOXS1
HepG2->Jurkat,FRG2
HepG2->Jurkat,FTSJ3
HepG2->Jurkat,FUNDC2
HepG2->Jurkat,FXN
HepG2->Jurkat,FYN
HepG2->Jurkat,GAB2
HepG2->Jurkat,GABPA
HepG2->Jurkat,GABPB1
HepG2->Jurkat,GAK
HepG2->Jurkat,GAPDH
HepG2->Jurkat,GAR1
HepG2->Jurkat,GARS
HepG2->Jurkat,GART
HepG2->Jurkat,GATA1
HepG2->Jurkat,GBF1
HepG2->Jurkat,GCLC
HepG2->Jurkat,GCOM1
HepG2->Jurkat,GEMIN4
HepG2->Jurkat,GEMIN5
HepG2->Jurkat,GEMIN6
HepG2->Jurkat,GEMIN7
HepG2->Jurkat,GEMIN8
HepG2->Jurkat,GET1
HepG2->Jurkat,GET3
HepG2->Jurkat,GFER
HepG2->Jurkat,GFM1
HepG2->Jurkat,GFOD2
HepG2->Jurkat,GGPS1
HepG2->Jurkat,GINS1
HepG2->Jurkat,GINS2
HepG2->Jurkat,GINS3
HepG2->Jurkat,GINS4
HepG2->Jurkat,GIT2
HepG2->Jurkat,GJA3
HepG2->Jurkat,GLB1
HepG2->Jurkat,GLE1
HepG2->Jurkat,GLI4
HepG2->Jurkat,GLMN
HepG2->Jurkat,GLRX3
HepG2->Jurkat,GLRX5
HepG2->Jurkat,GMIP
HepG2->Jurkat,GMPPB
HepG2->Jurkat,GMPS
HepG2->Jurkat,GNB1L
HepG2->Jurkat,GNL2
HepG2->Jurkat,GNL3
HepG2->Jurkat,GNL3L
HepG2->Jurkat,GNPAT
HepG2->Jurkat,GNPNAT1
HepG2->Jurkat,GOLGA6L1
HepG2->Jurkat,GOLT1B
HepG2->Jurkat,GON4L
HepG2->Jurkat,GOSR2
HepG2->Jurkat,GPKOW
HepG2->Jurkat,GPN1
HepG2->Jurkat,GPN2
HepG2->Jurkat,GPN3
HepG2->Jurkat,GPR61
HepG2->Jurkat,GPS1
HepG2->Jurkat,GPS2
HepG2->Jurkat,GRB2
HepG2->Jurkat,GRPEL1
HepG2->Jurkat,GRSF1
HepG2->Jurkat,GRWD1
HepG2->Jurkat,GSDMA
HepG2->Jurkat,GSK3B
HepG2->Jurkat,GSPT1
HepG2->Jurkat,GTF2A1
HepG2->Jurkat,GTF2A2
HepG2->Jurkat,GTF2B
HepG2->Jurkat,GTF2E1
HepG2->Jurkat,GTF2E2
HepG2->Jurkat,GTF2F1
HepG2->Jurkat,GTF2F2
HepG2->Jurkat,GTF2H1
HepG2->Jurkat,GTF2H2
HepG2->Jurkat,GTF2H2C
HepG2->Jurkat,GTF2H3
HepG2->Jurkat,GTF2H4
HepG2->Jurkat,GTF3A
HepG2->Jurkat,GTF3C1
HepG2->Jurkat,GTF3C2
HepG2->Jurkat,GTF3C3
HepG2->Jurkat,GTF3C4
HepG2->Jurkat,GTF3C5
HepG2->Jurkat,GTF3C6
HepG2->Jurkat,GTPBP4
HepG2->Jurkat,GUCD1
HepG2->Jurkat,GUK1
HepG2->Jurkat,GYG1
HepG2->Jurkat,H2AFX
HepG2->Jurkat,H2AFZ
HepG2->Jurkat,H3F3A
HepG2->Jurkat,HAMP
HepG2->Jurkat,HAPLN2
HepG2->Jurkat,HARS
HepG2->Jurkat,HARS2
HepG2->Jurkat,HAUS1
HepG2->Jurkat,HAUS3
HepG2->Jurkat,HAUS4
HepG2->Jurkat,HAUS5
HepG2->Jurkat,HAUS6
HepG2->Jurkat,HAUS7
HepG2->Jurkat,HAUS8
HepG2->Jurkat,HBS1L
HepG2->Jurkat,HCFC1
HepG2->Jurkat,HCRTR1
HepG2->Jurkat,HDAC3
HepG2->Jurkat,HDAC7
HepG2->Jurkat,HEATR1
HepG2->Jurkat,HECTD1
HepG2->Jurkat,HERC1
HepG2->Jurkat,HEXIM1
HepG2->Jurkat,HGS
HepG2->Jurkat,HHEX
HepG2->Jurkat,HINFP
HepG2->Jurkat,HIPK1
HepG2->Jurkat,HIRA
HepG2->Jurkat,HIST1H2AB
HepG2->Jurkat,HIST1H2AE
HepG2->Jurkat,HIST1H2AI
HepG2->Jurkat,HIST1H2BB
HepG2->Jurkat,HIST1H2BC
HepG2->Jurkat,HIST1H2BE
HepG2->Jurkat,HIST1H2BJ
HepG2->Jurkat,HIST1H2BL
HepG2->Jurkat,HIST1H2BM
HepG2->Jurkat,HIST1H2BN
HepG2->Jurkat,HIST2H2AA3
HepG2->Jurkat,HIST2H2AC
HepG2->Jurkat,HIST2H2BE
HepG2->Jurkat,HIST2H2BF
HepG2->Jurkat,HIST2H3A
HepG2->Jurkat,HIST2H3D
HepG2->Jurkat,HJURP
HepG2->Jurkat,HLA-C
HepG2->Jurkat,HMBOX1
HepG2->Jurkat,HMGA1
HepG2->Jurkat,HMGB1
HepG2->Jurkat,HMGB3
HepG2->Jurkat,HMGCR
HepG2->Jurkat,HMGCS1
HepG2->Jurkat,HMGN2
HepG2->Jurkat,HMX3
HepG2->Jurkat,HNRNPA1
HepG2->Jurkat,HNRNPC
HepG2->Jurkat,HNRNPDL
HepG2->Jurkat,HNRNPH1
HepG2->Jurkat,HNRNPK
HepG2->Jurkat,HNRNPL
HepG2->Jurkat,HNRNPM
HepG2->Jurkat,HNRNPR
HepG2->Jurkat,HNRNPU
HepG2->Jurkat,HOXA3
HepG2->Jurkat,HOXC10
HepG2->Jurkat,HPS5
HepG2->Jurkat,HS6ST1
HepG2->Jurkat,HSCB
HepG2->Jurkat,HSD17B10
HepG2->Jurkat,HSD17B12
HepG2->Jurkat,HSF1
HepG2->Jurkat,HSP90B1
HepG2->Jurkat,HSPA14
HepG2->Jurkat,HSPA5
HepG2->Jurkat,HSPA8
HepG2->Jurkat,HSPA9
HepG2->Jurkat,HSPD1
HepG2->Jurkat,HSPE1
HepG2->Jurkat,HSPH1
HepG2->Jurkat,HTATSF1
HepG2->Jurkat,HUS1
HepG2->Jurkat,HUWE1
HepG2->Jurkat,HYOU1
HepG2->Jurkat,HYPK
HepG2->Jurkat,IARS
HepG2->Jurkat,IARS2
HepG2->Jurkat,ICE1
HepG2->Jurkat,IFITM2
HepG2->Jurkat,IFITM3
HepG2->Jurkat,IGBP1
HepG2->Jurkat,IK
HepG2->Jurkat,ILF2
HepG2->Jurkat,ILF3
HepG2->Jurkat,IMP3
HepG2->Jurkat,IMP4
HepG2->Jurkat,IMPA2
HepG2->Jurkat,IMPDH2
HepG2->Jurkat,INF2
HepG2->Jurkat,ING3
HepG2->Jurkat,INO80
HepG2->Jurkat,INO80B
HepG2->Jurkat,INO80C
HepG2->Jurkat,INO80D
HepG2->Jurkat,INO80E
HepG2->Jurkat,INPPL1
HepG2->Jurkat,INTS1
HepG2->Jurkat,INTS10
HepG2->Jurkat,INTS11
HepG2->Jurkat,INTS12
HepG2->Jurkat,INTS13
HepG2->Jurkat,INTS14
HepG2->Jurkat,INTS2
HepG2->Jurkat,INTS3
HepG2->Jurkat,INTS4
HepG2->Jurkat,INTS5
HepG2->Jurkat,INTS6
HepG2->Jurkat,INTS7
HepG2->Jurkat,INTS8
HepG2->Jurkat,INTS9
HepG2->Jurkat,IPO11
HepG2->Jurkat,IPO13
HepG2->Jurkat,IPO7
HepG2->Jurkat,IPO9
HepG2->Jurkat,IRF2BP2
HepG2->Jurkat,ISCA2
HepG2->Jurkat,ISCU
HepG2->Jurkat,ISG20L2
HepG2->Jurkat,IST1
HepG2->Jurkat,ISY1
HepG2->Jurkat,ITGB1BP1
HepG2->Jurkat,IWS1
HepG2->Jurkat,JAZF1
HepG2->Jurkat,JMJD6
HepG2->Jurkat,KANSL1
HepG2->Jurkat,KANSL2
HepG2->Jurkat,KANSL3
HepG2->Jurkat,KARS
HepG2->Jurkat,KAT5
HepG2->Jurkat,KAT7
HepG2->Jurkat,KAT8
HepG2->Jurkat,KATNB1
HepG2->Jurkat,KCMF1
HepG2->Jurkat,KCNA10
HepG2->Jurkat,KCTD10
HepG2->Jurkat,KDM1A
HepG2->Jurkat,KDM2A
HepG2->Jurkat,KDM5C
HepG2->Jurkat,KDM6A
HepG2->Jurkat,KDM8
HepG2->Jurkat,KEAP1
HepG2->Jurkat,KIAA0586
HepG2->Jurkat,KIAA1143
HepG2->Jurkat,KIF11
HepG2->Jurkat,KIF14
HepG2->Jurkat,KIF18A
HepG2->Jurkat,KIF18B
HepG2->Jurkat,KIF20A
HepG2->Jurkat,KIF23
HepG2->Jurkat,KIF4A
HepG2->Jurkat,KIN
HepG2->Jurkat,KLC2
HepG2->Jurkat,KLF7
HepG2->Jurkat,KLHL11
HepG2->Jurkat,KLHL17
HepG2->Jurkat,KPNA6
HepG2->Jurkat,KPNB1
HepG2->Jurkat,KRI1
HepG2->Jurkat,KRR1
HepG2->Jurkat,KRT10
HepG2->Jurkat,KRT17
HepG2->Jurkat,KRT8
HepG2->Jurkat,KRTAP4-2
HepG2->Jurkat,KRTAP4-7
HepG2->Jurkat,KTI12
HepG2->Jurkat,KXD1
HepG2->Jurkat,LAMB1
HepG2->Jurkat,LAMTOR1
HepG2->Jurkat,LAMTOR2
HepG2->Jurkat,LAMTOR3
HepG2->Jurkat,LAMTOR4
HepG2->Jurkat,LARS
HepG2->Jurkat,LARS2
HepG2->Jurkat,LAS1L
HepG2->Jurkat,LCE1C
HepG2->Jurkat,LCE1E
HepG2->Jurkat,LCN10
HepG2->Jurkat,LDB1
HepG2->Jurkat,LENG8
HepG2->Jurkat,LEO1
HepG2->Jurkat,LETM1
HepG2->Jurkat,LIMS1
HepG2->Jurkat,LIN52
HepG2->Jurkat,LIN54
HepG2->Jurkat,LMO2
HepG2->Jurkat,LONP1
HepG2->Jurkat,LPA
HepG2->Jurkat,LPIN1
HepG2->Jurkat,LRP5
HepG2->Jurkat,LRPPRC
HepG2->Jurkat,LRR1
HepG2->Jurkat,LRRC37A3
HepG2->Jurkat,LRRC37B
HepG2->Jurkat,LSG1
HepG2->Jurkat,LSM10
HepG2->Jurkat,LSM11
HepG2->Jurkat,LSM12
HepG2->Jurkat,LSM2
HepG2->Jurkat,LSM3
HepG2->Jurkat,LSM4
HepG2->Jurkat,LSM5
HepG2->Jurkat,LSM6
HepG2->Jurkat,LSM7
HepG2->Jurkat,LST1
HepG2->Jurkat,LTB4R2
HepG2->Jurkat,LTBP3
HepG2->Jurkat,LTBP4
HepG2->Jurkat,LTV1
HepG2->Jurkat,LUC7L3
HepG2->Jurkat,LURAP1
HepG2->Jurkat,LYRM4
HepG2->Jurkat,LZTR1
HepG2->Jurkat,MAD2L1
HepG2->Jurkat,MAD2L2
HepG2->Jurkat,MAGOH
HepG2->Jurkat,MAK16
HepG2->Jurkat,MALSU1
HepG2->Jurkat,MANF
HepG2->Jurkat,MAP2K7
HepG2->Jurkat,MARS
HepG2->Jurkat,MARS2
HepG2->Jurkat,MASTL
HepG2->Jurkat,MAT2A
HepG2->Jurkat,MAU2
HepG2->Jurkat,MAX
HepG2->Jurkat,MBD3
HepG2->Jurkat,MBIP
HepG2->Jurkat,MBNL1
HepG2->Jurkat,MBTPS1
HepG2->Jurkat,MBTPS2
HepG2->Jurkat,MCEE
HepG2->Jurkat,MCL1
HepG2->Jurkat,MCM10
HepG2->Jurkat,MCM2
HepG2->Jurkat,MCM3
HepG2->Jurkat,MCM3AP
HepG2->Jurkat,MCM4
HepG2->Jurkat,MCM5
HepG2->Jurkat,MCM6
HepG2->Jurkat,MCM7
HepG2->Jurkat,MCMBP
HepG2->Jurkat,MCRS1
HepG2->Jurkat,MDN1
HepG2->Jurkat,MED1
HepG2->Jurkat,MED10
HepG2->Jurkat,MED11
HepG2->Jurkat,MED12
HepG2->Jurkat,MED14
HepG2->Jurkat,MED16
HepG2->Jurkat,MED17
HepG2->Jurkat,MED18
HepG2->Jurkat,MED19
HepG2->Jurkat,MED20
HepG2->Jurkat,MED21
HepG2->Jurkat,MED22
HepG2->Jurkat,MED24
HepG2->Jurkat,MED26
HepG2->Jurkat,MED27
HepG2->Jurkat,MED28
HepG2->Jurkat,MED29
HepG2->Jurkat,MED30
HepG2->Jurkat,MED31
HepG2->Jurkat,MED4
HepG2->Jurkat,MED6
HepG2->Jurkat,MED7
HepG2->Jurkat,MED8
HepG2->Jurkat,MED9
HepG2->Jurkat,MEF2A
HepG2->Jurkat,MEIS3
HepG2->Jurkat,MEMO1
HepG2->Jurkat,MEN1
HepG2->Jurkat,MEPCE
HepG2->Jurkat,METAP1
HepG2->Jurkat,METAP2
HepG2->Jurkat,METTL1
HepG2->Jurkat,METTL14
HepG2->Jurkat,METTL16
HepG2->Jurkat,METTL17
HepG2->Jurkat,METTL21A
HepG2->Jurkat,METTL23
HepG2->Jurkat,METTL3
HepG2->Jurkat,MEX3A
HepG2->Jurkat,MFAP1
HepG2->Jurkat,MFN2
HepG2->Jurkat,MICOS10
HepG2->Jurkat,MIER1
HepG2->Jurkat,MIOS
HepG2->Jurkat,MIPEP
HepG2->Jurkat,MIS12
HepG2->Jurkat,MIS18A
HepG2->Jurkat,MIS18BP1
HepG2->Jurkat,MKRN1
HepG2->Jurkat,MLLT6
HepG2->Jurkat,MLST8
HepG2->Jurkat,MMGT1
HepG2->Jurkat,MMP17
HepG2->Jurkat,MMS19
HepG2->Jurkat,MMS22L
HepG2->Jurkat,MNAT1
HepG2->Jurkat,MOB4
HepG2->Jurkat,MOCS3
HepG2->Jurkat,MOG
HepG2->Jurkat,MOK
HepG2->Jurkat,MON1A
HepG2->Jurkat,MPG
HepG2->Jurkat,MPHOSPH10
HepG2->Jurkat,MPHOSPH6
HepG2->Jurkat,MRGBP
HepG2->Jurkat,MRM1
HepG2->Jurkat,MRPL1
HepG2->Jurkat,MRPL10
HepG2->Jurkat,MRPL11
HepG2->Jurkat,MRPL13
HepG2->Jurkat,MRPL14
HepG2->Jurkat,MRPL15
HepG2->Jurkat,MRPL16
HepG2->Jurkat,MRPL17
HepG2->Jurkat,MRPL18
HepG2->Jurkat,MRPL19
HepG2->Jurkat,MRPL2
HepG2->Jurkat,MRPL20
HepG2->Jurkat,MRPL21
HepG2->Jurkat,MRPL22
HepG2->Jurkat,MRPL23
HepG2->Jurkat,MRPL24
HepG2->Jurkat,MRPL27
HepG2->Jurkat,MRPL28
HepG2->Jurkat,MRPL3
HepG2->Jurkat,MRPL32
HepG2->Jurkat,MRPL33
HepG2->Jurkat,MRPL34
HepG2->Jurkat,MRPL35
HepG2->Jurkat,MRPL36
HepG2->Jurkat,MRPL37
HepG2->Jurkat,MRPL38
HepG2->Jurkat,MRPL39
HepG2->Jurkat,MRPL4
HepG2->Jurkat,MRPL41
HepG2->Jurkat,MRPL42
HepG2->Jurkat,MRPL43
HepG2->Jurkat,MRPL44
HepG2->Jurkat,MRPL45
HepG2->Jurkat,MRPL46
HepG2->Jurkat,MRPL49
HepG2->Jurkat,MRPL50
HepG2->Jurkat,MRPL51
HepG2->Jurkat,MRPL53
HepG2->Jurkat,MRPL54
HepG2->Jurkat,MRPL55
HepG2->Jurkat,MRPL9
HepG2->Jurkat,MRPS10
HepG2->Jurkat,MRPS11
HepG2->Jurkat,MRPS12
HepG2->Jurkat,MRPS14
HepG2->Jurkat,MRPS16
HepG2->Jurkat,MRPS17
HepG2->Jurkat,MRPS18A
HepG2->Jurkat,MRPS18B
HepG2->Jurkat,MRPS18C
HepG2->Jurkat,MRPS2
HepG2->Jurkat,MRPS21
HepG2->Jurkat,MRPS22
HepG2->Jurkat,MRPS23
HepG2->Jurkat,MRPS24
HepG2->Jurkat,MRPS25
HepG2->Jurkat,MRPS26
HepG2->Jurkat,MRPS27
HepG2->Jurkat,MRPS28
HepG2->Jurkat,MRPS30
HepG2->Jurkat,MRPS31
HepG2->Jurkat,MRPS33
HepG2->Jurkat,MRPS34
HepG2->Jurkat,MRPS35
HepG2->Jurkat,MRPS5
HepG2->Jurkat,MRPS6
HepG2->Jurkat,MRPS7
HepG2->Jurkat,MRPS9
HepG2->Jurkat,MRTO4
HepG2->Jurkat,MSL1
HepG2->Jurkat,MSRB1
HepG2->Jurkat,MST1
HepG2->Jurkat,MSTO1
HepG2->Jurkat,MT2A
HepG2->Jurkat,MTBP
HepG2->Jurkat,MTCP1
HepG2->Jurkat,MTG2
HepG2->Jurkat,MTHFD1
HepG2->Jurkat,MTOR
HepG2->Jurkat,MTPAP
HepG2->Jurkat,MTREX
HepG2->Jurkat,MTRNR2L1
HepG2->Jurkat,MVD
HepG2->Jurkat,MVK
HepG2->Jurkat,MYB
HepG2->Jurkat,MYBBP1A
HepG2->Jurkat,MYBL2
HepG2->Jurkat,MYC
HepG2->Jurkat,MYCBP
HepG2->Jurkat,MYO1H
HepG2->Jurkat,MYSM1
HepG2->Jurkat,MZF1
HepG2->Jurkat,MZT1
HepG2->Jurkat,N6AMT1
HepG2->Jurkat,NAA10
HepG2->Jurkat,NAA15
HepG2->Jurkat,NAA20
HepG2->Jurkat,NAA25
HepG2->Jurkat,NAA30
HepG2->Jurkat,NAA35
HepG2->Jurkat,NAA38
HepG2->Jurkat,NAA50
HepG2->Jurkat,NACA
HepG2->Jurkat,NAE1
HepG2->Jurkat,NAF1
HepG2->Jurkat,NAGLU
HepG2->Jurkat,NANOG
HepG2->Jurkat,NAPA
HepG2->Jurkat,NAPG
HepG2->Jurkat,NARS
HepG2->Jurkat,NARS2
HepG2->Jurkat,NASP
HepG2->Jurkat,NAT10
HepG2->Jurkat,NBAS
HepG2->Jurkat,NBEAL1
HepG2->Jurkat,NBPF12
HepG2->Jurkat,NBPF15
HepG2->Jurkat,NBPF3
HepG2->Jurkat,NCAPD2
HepG2->Jurkat,NCAPD3
HepG2->Jurkat,NCAPG
HepG2->Jurkat,NCAPG2
HepG2->Jurkat,NCAPH
HepG2->Jurkat,NCAPH2
HepG2->Jurkat,NCBP1
HepG2->Jurkat,NCBP2
HepG2->Jurkat,NCKAP1
HepG2->Jurkat,NCL
HepG2->Jurkat,NCOA4
HepG2->Jurkat,NDC1
HepG2->Jurkat,NDC80
HepG2->Jurkat,NDOR1
HepG2->Jurkat,NDUFA11
HepG2->Jurkat,NDUFA2
HepG2->Jurkat,NDUFA3
HepG2->Jurkat,NDUFA4
HepG2->Jurkat,NDUFA6
HepG2->Jurkat,NDUFA8
HepG2->Jurkat,NDUFAB1
HepG2->Jurkat,NDUFAF3
HepG2->Jurkat,NDUFAF5
HepG2->Jurkat,NDUFAF7
HepG2->Jurkat,NDUFB10
HepG2->Jurkat,NDUFB3
HepG2->Jurkat,NDUFB4
HepG2->Jurkat,NDUFB6
HepG2->Jurkat,NDUFB7
HepG2->Jurkat,NDUFB8
HepG2->Jurkat,NDUFS3
HepG2->Jurkat,NDUFS5
HepG2->Jurkat,NDUFV2
HepG2->Jurkat,NEDD1
HepG2->Jurkat,NEDD8
HepG2->Jurkat,NEDD8-MDP1
HepG2->Jurkat,NELFA
HepG2->Jurkat,NELFB
HepG2->Jurkat,NELFCD
HepG2->Jurkat,NELFE
HepG2->Jurkat,NEMF
HepG2->Jurkat,NEPRO
HepG2->Jurkat,NF1
HepG2->Jurkat,NFATC2IP
HepG2->Jurkat,NFKBIE
HepG2->Jurkat,NFRKB
HepG2->Jurkat,NFS1
HepG2->Jurkat,NFYB
HepG2->Jurkat,NFYC
HepG2->Jurkat,NHLRC2
HepG2->Jurkat,NHP2
HepG2->Jurkat,NIFK
HepG2->Jurkat,NIP7
HepG2->Jurkat,NISCH
HepG2->Jurkat,NKAP
HepG2->Jurkat,NKAPD1
HepG2->Jurkat,NKX6-1
HepG2->Jurkat,NLE1
HepG2->Jurkat,NMD3
HepG2->Jurkat,NMT1
HepG2->Jurkat,NOB1
HepG2->Jurkat,NOC2L
HepG2->Jurkat,NOC3L
HepG2->Jurkat,NOC4L
HepG2->Jurkat,NOL10
HepG2->Jurkat,NOL11
HepG2->Jurkat,NOL12
HepG2->Jurkat,NOL6
HepG2->Jurkat,NOL7
HepG2->Jurkat,NOL8
HepG2->Jurkat,NOL9
HepG2->Jurkat,NOLC1
HepG2->Jurkat,NOM1
HepG2->Jurkat,NOMO1
HepG2->Jurkat,NOMO3
HepG2->Jurkat,NOP10
HepG2->Jurkat,NOP14
HepG2->Jurkat,NOP16
HepG2->Jurkat,NOP2
HepG2->Jurkat,NOP56
HepG2->Jurkat,NOP58
HepG2->Jurkat,NOP9
HepG2->Jurkat,NOS1AP
HepG2->Jurkat,NPAT
HepG2->Jurkat,NPB
HepG2->Jurkat,NPEPPS
HepG2->Jurkat,NPLOC4
HepG2->Jurkat,NPM1
HepG2->Jurkat,NPM3
HepG2->Jurkat,NR2C2AP
HepG2->Jurkat,NRBP1
HepG2->Jurkat,NRDE2
HepG2->Jurkat,NRF1
HepG2->Jurkat,NSA2
HepG2->Jurkat,NSF
HepG2->Jurkat,NSL1
HepG2->Jurkat,NSMCE1
HepG2->Jurkat,NSMCE2
HepG2->Jurkat,NSRP1
HepG2->Jurkat,NSUN4
HepG2->Jurkat,NUB1
HepG2->Jurkat,NUBP1
HepG2->Jurkat,NUBP2
HepG2->Jurkat,NUDC
HepG2->Jurkat,NUDCD3
HepG2->Jurkat,NUDT15
HepG2->Jurkat,NUDT21
HepG2->Jurkat,NUF2
HepG2->Jurkat,NUFIP1
HepG2->Jurkat,NUMA1
HepG2->Jurkat,NUP107
HepG2->Jurkat,NUP133
HepG2->Jurkat,NUP153
HepG2->Jurkat,NUP155
HepG2->Jurkat,NUP160
HepG2->Jurkat,NUP205
HepG2->Jurkat,NUP214
HepG2->Jurkat,NUP35
HepG2->Jurkat,NUP43
HepG2->Jurkat,NUP54
HepG2->Jurkat,NUP62
HepG2->Jurkat,NUP85
HepG2->Jurkat,NUP88
HepG2->Jurkat,NUP93
HepG2->Jurkat,NUP98
HepG2->Jurkat,NUS1
HepG2->Jurkat,NUTF2
HepG2->Jurkat,NVL
HepG2->Jurkat,NXF1
HepG2->Jurkat,OGFOD1
HepG2->Jurkat,OGT
HepG2->Jurkat,OIP5
HepG2->Jurkat,OLFML3
HepG2->Jurkat,OPA1
HepG2->Jurkat,OR1D2
HepG2->Jurkat,OR1E2
HepG2->Jurkat,OR2A1
HepG2->Jurkat,OR2T29
HepG2->Jurkat,OR2T5
HepG2->Jurkat,OR4F4
HepG2->Jurkat,OR4K1
HepG2->Jurkat,OR4N2
HepG2->Jurkat,OR7A10
HepG2->Jurkat,OR7A17
HepG2->Jurkat,ORC1
HepG2->Jurkat,ORC3
HepG2->Jurkat,ORC4
HepG2->Jurkat,ORC5
HepG2->Jurkat,ORC6
HepG2->Jurkat,OSBP
HepG2->Jurkat,OSGEP
HepG2->Jurkat,OSTC
HepG2->Jurkat,OTOP1
HepG2->Jurkat,OTX1
HepG2->Jurkat,OVCA2
HepG2->Jurkat,OXA1L
HepG2->Jurkat,PABPC1
HepG2->Jurkat,PABPC4
HepG2->Jurkat,PABPN1
HepG2->Jurkat,PAF1
HepG2->Jurkat,PAFAH1B1
HepG2->Jurkat,PAK1IP1
HepG2->Jurkat,PALB2
HepG2->Jurkat,PAM16
HepG2->Jurkat,PARN
HepG2->Jurkat,PARS2
HepG2->Jurkat,PAXBP1
HepG2->Jurkat,PC
HepG2->Jurkat,PCBP1
HepG2->Jurkat,PCBP2
HepG2->Jurkat,PCF11
HepG2->Jurkat,PCID2
HepG2->Jurkat,PCM1
HepG2->Jurkat,PCNA
HepG2->Jurkat,PCNX3
HepG2->Jurkat,PDAP1
HepG2->Jurkat,PDCD11
HepG2->Jurkat,PDCD2
HepG2->Jurkat,PDCD5
HepG2->Jurkat,PDCD6
HepG2->Jurkat,PDCD6IP
HepG2->Jurkat,PDCD7
HepG2->Jurkat,PDHA1
HepG2->Jurkat,PDPK1
HepG2->Jurkat,PDRG1
HepG2->Jurkat,PEF1
HepG2->Jurkat,PELO
HepG2->Jurkat,PELP1
HepG2->Jurkat,PES1
HepG2->Jurkat,PET117
HepG2->Jurkat,PEX1
HepG2->Jurkat,PEX19
HepG2->Jurkat,PFDN1
HepG2->Jurkat,PFDN2
HepG2->Jurkat,PFDN4
HepG2->Jurkat,PFDN5
HepG2->Jurkat,PFDN6
HepG2->Jurkat,PFN1
HepG2->Jurkat,PGAM1
HepG2->Jurkat,PGAM5
HepG2->Jurkat,PGD
HepG2->Jurkat,PGK1
HepG2->Jurkat,PGPEP1
HepG2->Jurkat,PGS1
HepG2->Jurkat,PHAX
HepG2->Jurkat,PHB
HepG2->Jurkat,PHB2
HepG2->Jurkat,PHF10
HepG2->Jurkat,PHF12
HepG2->Jurkat,PHF5A
HepG2->Jurkat,PI4KA
HepG2->Jurkat,PIAS1
HepG2->Jurkat,PIAS4
HepG2->Jurkat,PIGH
HepG2->Jurkat,PIK3C3
HepG2->Jurkat,PIK3R4
HepG2->Jurkat,PIP4K2C
HepG2->Jurkat,PITRM1
HepG2->Jurkat,PKM
HepG2->Jurkat,PKMYT1
HepG2->Jurkat,PLA2G10
HepG2->Jurkat,PLEKHN1
HepG2->Jurkat,PLK1
HepG2->Jurkat,PLK4
HepG2->Jurkat,PLRG1
HepG2->Jurkat,PMF1
HepG2->Jurkat,PMPCA
HepG2->Jurkat,PMPCB
HepG2->Jurkat,PNISR
HepG2->Jurkat,PNKP
HepG2->Jurkat,PNN
HepG2->Jurkat,PNO1
HepG2->Jurkat,PNPT1
HepG2->Jurkat,POGLUT3
HepG2->Jurkat,POGZ
HepG2->Jurkat,POLA1
HepG2->Jurkat,POLA2
HepG2->Jurkat,POLD1
HepG2->Jurkat,POLD2
HepG2->Jurkat,POLD3
HepG2->Jurkat,POLE
HepG2->Jurkat,POLE2
HepG2->Jurkat,POLG
HepG2->Jurkat,POLG2
HepG2->Jurkat,POLL
HepG2->Jurkat,POLR1A
HepG2->Jurkat,POLR1B
HepG2->Jurkat,POLR1C
HepG2->Jurkat,POLR1D
HepG2->Jurkat,POLR1E
HepG2->Jurkat,POLR2A
HepG2->Jurkat,POLR2B
HepG2->Jurkat,POLR2C
HepG2->Jurkat,POLR2D
HepG2->Jurkat,POLR2E
HepG2->Jurkat,POLR2F
HepG2->Jurkat,POLR2G
HepG2->Jurkat,POLR2H
HepG2->Jurkat,POLR2I
HepG2->Jurkat,POLR2K
HepG2->Jurkat,POLR2L
HepG2->Jurkat,POLR2M
HepG2->Jurkat,POLR3A
HepG2->Jurkat,POLR3B
HepG2->Jurkat,POLR3C
HepG2->Jurkat,POLR3D
HepG2->Jurkat,POLR3E
HepG2->Jurkat,POLR3F
HepG2->Jurkat,POLR3H
HepG2->Jurkat,POLR3K
HepG2->Jurkat,POLRMT
HepG2->Jurkat,POP1
HepG2->Jurkat,POP4
HepG2->Jurkat,POP5
HepG2->Jurkat,POP7
HepG2->Jurkat,POT1
HepG2->Jurkat,POTEI
HepG2->Jurkat,POU3F1
HepG2->Jurkat,POU5F1B
HepG2->Jurkat,PPA1
HepG2->Jurkat,PPA2
HepG2->Jurkat,PPAN
HepG2->Jurkat,PPARGC1B
HepG2->Jurkat,PPIA
HepG2->Jurkat,PPIE
HepG2->Jurkat,PPIH
HepG2->Jurkat,PPIL1
HepG2->Jurkat,PPIL2
HepG2->Jurkat,PPIL4
HepG2->Jurkat,PPME1
HepG2->Jurkat,PPP1CA
HepG2->Jurkat,PPP1CB
HepG2->Jurkat,PPP1R10
HepG2->Jurkat,PPP1R11
HepG2->Jurkat,PPP1R12A
HepG2->Jurkat,PPP1R15B
HepG2->Jurkat,PPP1R2
HepG2->Jurkat,PPP1R37
HepG2->Jurkat,PPP1R7
HepG2->Jurkat,PPP1R8
HepG2->Jurkat,PPP2CA
HepG2->Jurkat,PPP2CB
HepG2->Jurkat,PPP2R1A
HepG2->Jurkat,PPP2R3C
HepG2->Jurkat,PPP4C
HepG2->Jurkat,PPP4R2
HepG2->Jurkat,PPP6C
HepG2->Jurkat,PPRC1
HepG2->Jurkat,PPWD1
HepG2->Jurkat,PPY
HepG2->Jurkat,PRC1
HepG2->Jurkat,PRDM10
HepG2->Jurkat,PRDM4
HepG2->Jurkat,PRDM8
HepG2->Jurkat,PREB
HepG2->Jurkat,PRELID1
HepG2->Jurkat,PRELID3B
HepG2->Jurkat,PRIM1
HepG2->Jurkat,PRIM2
HepG2->Jurkat,PRKCA
HepG2->Jurkat,PRKRA
HepG2->Jurkat,PRKRIP1
HepG2->Jurkat,PRMT1
HepG2->Jurkat,PRMT5
HepG2->Jurkat,PRODH
HepG2->Jurkat,PRORP
HepG2->Jurkat,PRPF18
HepG2->Jurkat,PRPF19
HepG2->Jurkat,PRPF3
HepG2->Jurkat,PRPF31
HepG2->Jurkat,PRPF38A
HepG2->Jurkat,PRPF38B
HepG2->Jurkat,PRPF39
HepG2->Jurkat,PRPF4
HepG2->Jurkat,PRPF40A
HepG2->Jurkat,PRPF4B
HepG2->Jurkat,PRPF6
HepG2->Jurkat,PRPF8
HepG2->Jurkat,PRRC2A
HepG2->Jurkat,PRSS50
HepG2->Jurkat,PRXL2A
HepG2->Jurkat,PSAT1
HepG2->Jurkat,PSMA1
HepG2->Jurkat,PSMA2
HepG2->Jurkat,PSMA3
HepG2->Jurkat,PSMA4
HepG2->Jurkat,PSMA5
HepG2->Jurkat,PSMA6
HepG2->Jurkat,PSMA7
HepG2->Jurkat,PSMB1
HepG2->Jurkat,PSMB2
HepG2->Jurkat,PSMB3
HepG2->Jurkat,PSMB4
HepG2->Jurkat,PSMB5
HepG2->Jurkat,PSMB6
HepG2->Jurkat,PSMB7
HepG2->Jurkat,PSMC1
HepG2->Jurkat,PSMC2
HepG2->Jurkat,PSMC3
HepG2->Jurkat,PSMC4
HepG2->Jurkat,PSMC5
HepG2->Jurkat,PSMC6
HepG2->Jurkat,PSMD1
HepG2->Jurkat,PSMD11
HepG2->Jurkat,PSMD12
HepG2->Jurkat,PSMD13
HepG2->Jurkat,PSMD14
HepG2->Jurkat,PSMD2
HepG2->Jurkat,PSMD3
HepG2->Jurkat,PSMD4
HepG2->Jurkat,PSMD6
HepG2->Jurkat,PSMD7
HepG2->Jurkat,PSMD8
HepG2->Jurkat,PSMD9
HepG2->Jurkat,PSME1
HepG2->Jurkat,PSME2
HepG2->Jurkat,PSMG1
HepG2->Jurkat,PSMG2
HepG2->Jurkat,PSMG3
HepG2->Jurkat,PSMG4
HepG2->Jurkat,PSTK
HepG2->Jurkat,PTBP1
HepG2->Jurkat,PTCD1
HepG2->Jurkat,PTCD3
HepG2->Jurkat,PTEN
HepG2->Jurkat,PTGR2
HepG2->Jurkat,PTK2
HepG2->Jurkat,PTMA
HepG2->Jurkat,PTPMT1
HepG2->Jurkat,PTPN1
HepG2->Jurkat,PTPN11
HepG2->Jurkat,PTPN23
HepG2->Jurkat,PUF60
HepG2->Jurkat,PUM1
HepG2->Jurkat,PWP1
HepG2->Jurkat,PWP2
HepG2->Jurkat,PXN
HepG2->Jurkat,PYROXD1
HepG2->Jurkat,PYURF
HepG2->Jurkat,QARS
HepG2->Jurkat,QRSL1
HepG2->Jurkat,RAB18
HepG2->Jurkat,RAB4A
HepG2->Jurkat,RAB4B
HepG2->Jurkat,RAB6A
HepG2->Jurkat,RABGGTA
HepG2->Jurkat,RABGGTB
HepG2->Jurkat,RAC1
HepG2->Jurkat,RAC3
HepG2->Jurkat,RACGAP1
HepG2->Jurkat,RACK1
HepG2->Jurkat,RAD17
HepG2->Jurkat,RAD21
HepG2->Jurkat,RAD51
HepG2->Jurkat,RAD51C
HepG2->Jurkat,RAD51D
HepG2->Jurkat,RAD9A
HepG2->Jurkat,RAE1
HepG2->Jurkat,RAMAC
HepG2->Jurkat,RAN
HepG2->Jurkat,RANBP2
HepG2->Jurkat,RANGAP1
HepG2->Jurkat,RARS
HepG2->Jurkat,RARS2
HepG2->Jurkat,RBBP4
HepG2->Jurkat,RBBP5
HepG2->Jurkat,RBBP6
HepG2->Jurkat,RBBP8
HepG2->Jurkat,RBM10
HepG2->Jurkat,RBM12
HepG2->Jurkat,RBM14-RBM4
HepG2->Jurkat,RBM15
HepG2->Jurkat,RBM17
HepG2->Jurkat,RBM19
HepG2->Jurkat,RBM22
HepG2->Jurkat,RBM25
HepG2->Jurkat,RBM28
HepG2->Jurkat,RBM33
HepG2->Jurkat,RBM39
HepG2->Jurkat,RBM4
HepG2->Jurkat,RBM42
HepG2->Jurkat,RBM48
HepG2->Jurkat,RBM8A
HepG2->Jurkat,RBMX
HepG2->Jurkat,RBMX2
HepG2->Jurkat,RBMXL1
HepG2->Jurkat,RBX1
HepG2->Jurkat,RCC1
HepG2->Jurkat,RCCD1
HepG2->Jurkat,RCL1
HepG2->Jurkat,RCOR1
HepG2->Jurkat,RELL2
HepG2->Jurkat,REV3L
HepG2->Jurkat,REXO2
HepG2->Jurkat,RFC1
HepG2->Jurkat,RFC2
HepG2->Jurkat,RFC3
HepG2->Jurkat,RFC4
HepG2->Jurkat,RFC5
HepG2->Jurkat,RFFL
HepG2->Jurkat,RFT1
HepG2->Jurkat,RGP1
HepG2->Jurkat,RGPD6
HepG2->Jurkat,RHOQ
HepG2->Jurkat,RHPN1
HepG2->Jurkat,RINT1
HepG2->Jurkat,RIOK1
HepG2->Jurkat,RIOK2
HepG2->Jurkat,RMI1
HepG2->Jurkat,RNASEH2C
HepG2->Jurkat,RNF103
HepG2->Jurkat,RNF113A
HepG2->Jurkat,RNF123
HepG2->Jurkat,RNF14
HepG2->Jurkat,RNF168
HepG2->Jurkat,RNF20
HepG2->Jurkat,RNF31
HepG2->Jurkat,RNF4
HepG2->Jurkat,RNF40
HepG2->Jurkat,RNF8
HepG2->Jurkat,RNGTT
HepG2->Jurkat,RNMT
HepG2->Jurkat,RNPC3
HepG2->Jurkat,RNPS1
HepG2->Jurkat,ROMO1
HepG2->Jurkat,RPA1
HepG2->Jurkat,RPA2
HepG2->Jurkat,RPA3
HepG2->Jurkat,RPAIN
HepG2->Jurkat,RPAP1
HepG2->Jurkat,RPAP2
HepG2->Jurkat,RPAP3
HepG2->Jurkat,RPE
HepG2->Jurkat,RPF1
HepG2->Jurkat,RPF2
HepG2->Jurkat,RPIA
HepG2->Jurkat,RPL10
HepG2->Jurkat,RPL10A
HepG2->Jurkat,RPL11
HepG2->Jurkat,RPL12
HepG2->Jurkat,RPL13
HepG2->Jurkat,RPL13A
HepG2->Jurkat,RPL14
HepG2->Jurkat,RPL15
HepG2->Jurkat,RPL17
HepG2->Jurkat,RPL18
HepG2->Jurkat,RPL18A
HepG2->Jurkat,RPL19
HepG2->Jurkat,RPL21
HepG2->Jurkat,RPL23
HepG2->Jurkat,RPL23A
HepG2->Jurkat,RPL24
HepG2->Jurkat,RPL26
HepG2->Jurkat,RPL26L1
HepG2->Jurkat,RPL27
HepG2->Jurkat,RPL27A
HepG2->Jurkat,RPL28
HepG2->Jurkat,RPL29
HepG2->Jurkat,RPL3
HepG2->Jurkat,RPL30
HepG2->Jurkat,RPL31
HepG2->Jurkat,RPL32
HepG2->Jurkat,RPL34
HepG2->Jurkat,RPL35
HepG2->Jurkat,RPL35A
HepG2->Jurkat,RPL36
HepG2->Jurkat,RPL36A
HepG2->Jurkat,RPL36AL
HepG2->Jurkat,RPL37
HepG2->Jurkat,RPL37A
HepG2->Jurkat,RPL38
HepG2->Jurkat,RPL39
HepG2->Jurkat,RPL4
HepG2->Jurkat,RPL41
HepG2->Jurkat,RPL5
HepG2->Jurkat,RPL6
HepG2->Jurkat,RPL7
HepG2->Jurkat,RPL7A
HepG2->Jurkat,RPL7L1
HepG2->Jurkat,RPL8
HepG2->Jurkat,RPL9
HepG2->Jurkat,RPLP0
HepG2->Jurkat,RPLP1
HepG2->Jurkat,RPLP2
HepG2->Jurkat,RPN1
HepG2->Jurkat,RPN2
HepG2->Jurkat,RPP14
HepG2->Jurkat,RPP21
HepG2->Jurkat,RPP30
HepG2->Jurkat,RPP38
HepG2->Jurkat,RPP40
HepG2->Jurkat,RPRD1B
HepG2->Jurkat,RPS10
HepG2->Jurkat,RPS10-NUDT3
HepG2->Jurkat,RPS11
HepG2->Jurkat,RPS12
HepG2->Jurkat,RPS13
HepG2->Jurkat,RPS14
HepG2->Jurkat,RPS15
HepG2->Jurkat,RPS15A
HepG2->Jurkat,RPS16
HepG2->Jurkat,RPS17
HepG2->Jurkat,RPS18
HepG2->Jurkat,RPS19
HepG2->Jurkat,RPS19BP1
HepG2->Jurkat,RPS2
HepG2->Jurkat,RPS20
HepG2->Jurkat,RPS21
HepG2->Jurkat,RPS23
HepG2->Jurkat,RPS24
HepG2->Jurkat,RPS25
HepG2->Jurkat,RPS26
HepG2->Jurkat,RPS27
HepG2->Jurkat,RPS27A
HepG2->Jurkat,RPS28
HepG2->Jurkat,RPS29
HepG2->Jurkat,RPS3
HepG2->Jurkat,RPS3A
HepG2->Jurkat,RPS4X
HepG2->Jurkat,RPS5
HepG2->Jurkat,RPS6
HepG2->Jurkat,RPS7
HepG2->Jurkat,RPS8
HepG2->Jurkat,RPS9
HepG2->Jurkat,RPSA
HepG2->Jurkat,RPTOR
HepG2->Jurkat,RPUSD3
HepG2->Jurkat,RPUSD4
HepG2->Jurkat,RRM1
HepG2->Jurkat,RRM2
HepG2->Jurkat,RRN3
HepG2->Jurkat,RRP1
HepG2->Jurkat,RRP12
HepG2->Jurkat,RRP15
HepG2->Jurkat,RRP7A
HepG2->Jurkat,RRP9
HepG2->Jurkat,RRS1
HepG2->Jurkat,RSL1D1
HepG2->Jurkat,RSL24D1
HepG2->Jurkat,RSRC2
HepG2->Jurkat,RTCB
HepG2->Jurkat,RTEL1
HepG2->Jurkat,RTF1
HepG2->Jurkat,RTRAF
HepG2->Jurkat,RTTN
HepG2->Jurkat,RUVBL1
HepG2->Jurkat,RUVBL2
HepG2->Jurkat,S100A1
HepG2->Jurkat,SACM1L
HepG2->Jurkat,SAE1
HepG2->Jurkat,SAMD4B
HepG2->Jurkat,SAMM50
HepG2->Jurkat,SAP130
HepG2->Jurkat,SAP18
HepG2->Jurkat,SAP30BP
HepG2->Jurkat,SARNP
HepG2->Jurkat,SARS
HepG2->Jurkat,SARS2
HepG2->Jurkat,SART1
HepG2->Jurkat,SART3
HepG2->Jurkat,SASS6
HepG2->Jurkat,SBDS
HepG2->Jurkat,SBNO1
HepG2->Jurkat,SCAF1
HepG2->Jurkat,SCAP
HepG2->Jurkat,SCD
HepG2->Jurkat,SCFD1
HepG2->Jurkat,SCNM1
HepG2->Jurkat,SDAD1
HepG2->Jurkat,SDC1
HepG2->Jurkat,SDE2
HepG2->Jurkat,SDHA
HepG2->Jurkat,SDHAF2
HepG2->Jurkat,SDHC
HepG2->Jurkat,SDHD
HepG2->Jurkat,SDR39U1
HepG2->Jurkat,SEC13
HepG2->Jurkat,SEC16A
HepG2->Jurkat,SEC61A1
HepG2->Jurkat,SEC61B
HepG2->Jurkat,SEC61G
HepG2->Jurkat,SEC62
HepG2->Jurkat,SEC63
HepG2->Jurkat,SEH1L
HepG2->Jurkat,SEM1
HepG2->Jurkat,SENP6
HepG2->Jurkat,SEPHS2
HepG2->Jurkat,SEPSECS
HepG2->Jurkat,SERBP1
HepG2->Jurkat,SERF2
HepG2->Jurkat,SERPINB1
HepG2->Jurkat,SET
HepG2->Jurkat,SETD1A
HepG2->Jurkat,SETD2
HepG2->Jurkat,SETD5
HepG2->Jurkat,SETDB1
HepG2->Jurkat,SETX
HepG2->Jurkat,SF1
HepG2->Jurkat,SF3A1
HepG2->Jurkat,SF3A2
HepG2->Jurkat,SF3A3
HepG2->Jurkat,SF3B1
HepG2->Jurkat,SF3B2
HepG2->Jurkat,SF3B3
HepG2->Jurkat,SF3B4
HepG2->Jurkat,SF3B5
HepG2->Jurkat,SFPQ
HepG2->Jurkat,SFSWAP
HepG2->Jurkat,SGPP1
HepG2->Jurkat,SH3KBP1
HepG2->Jurkat,SHC1
HepG2->Jurkat,SHOC2
HepG2->Jurkat,SHQ1
HepG2->Jurkat,SIGLEC14
HepG2->Jurkat,SIN3A
HepG2->Jurkat,SIRT7
HepG2->Jurkat,SKA1
HepG2->Jurkat,SKA3
HepG2->Jurkat,SKP1
HepG2->Jurkat,SKP2
HepG2->Jurkat,SLBP
HepG2->Jurkat,SLC16A5
HepG2->Jurkat,SLC1A5
HepG2->Jurkat,SLC25A10
HepG2->Jurkat,SLC25A26
HepG2->Jurkat,SLC25A3
HepG2->Jurkat,SLC25A42
HepG2->Jurkat,SLC2A8
HepG2->Jurkat,SLC35A4
HepG2->Jurkat,SLC35B1
HepG2->Jurkat,SLC35G2
HepG2->Jurkat,SLC35G6
HepG2->Jurkat,SLC39A10
HepG2->Jurkat,SLC39A7
HepG2->Jurkat,SLC39A9
HepG2->Jurkat,SLC4A5
HepG2->Jurkat,SLC7A5
HepG2->Jurkat,SLC7A6OS
HepG2->Jurkat,SLC9B1
HepG2->Jurkat,SLU7
HepG2->Jurkat,SMAGP
HepG2->Jurkat,SMARCB1
HepG2->Jurkat,SMARCC1
HepG2->Jurkat,SMARCE1
HepG2->Jurkat,SMC1A
HepG2->Jurkat,SMC2
HepG2->Jurkat,SMC3
HepG2->Jurkat,SMC4
HepG2->Jurkat,SMC5
HepG2->Jurkat,SMC6
HepG2->Jurkat,SMG1
HepG2->Jurkat,SMG5
HepG2->Jurkat,SMG6
HepG2->Jurkat,SMG7
HepG2->Jurkat,SMG8
HepG2->Jurkat,SMG9
HepG2->Jurkat,SMN2
HepG2->Jurkat,SMNDC1
HepG2->Jurkat,SMU1
HepG2->Jurkat,SMUG1
HepG2->Jurkat,SNAPC1
HepG2->Jurkat,SNAPC2
HepG2->Jurkat,SNAPC3
HepG2->Jurkat,SNAPC4
HepG2->Jurkat,SNAPC5
HepG2->Jurkat,SNF8
HepG2->Jurkat,SNIP1
HepG2->Jurkat,SNRNP200
HepG2->Jurkat,SNRNP25
HepG2->Jurkat,SNRNP27
HepG2->Jurkat,SNRNP35
HepG2->Jurkat,SNRNP40
HepG2->Jurkat,SNRNP48
HepG2->Jurkat,SNRNP70
HepG2->Jurkat,SNRPA
HepG2->Jurkat,SNRPA1
HepG2->Jurkat,SNRPB
HepG2->Jurkat,SNRPC
HepG2->Jurkat,SNRPD1
HepG2->Jurkat,SNRPD2
HepG2->Jurkat,SNRPD3
HepG2->Jurkat,SNRPE
HepG2->Jurkat,SNRPF
HepG2->Jurkat,SNRPG
HepG2->Jurkat,SNTB2
HepG2->Jurkat,SNUPN
HepG2->Jurkat,SNW1
HepG2->Jurkat,SNX15
HepG2->Jurkat,SOD1
HepG2->Jurkat,SOD2
HepG2->Jurkat,SON
HepG2->Jurkat,SP1
HepG2->Jurkat,SP2
HepG2->Jurkat,SPAG7
HepG2->Jurkat,SPATA5
HepG2->Jurkat,SPATA5L1
HepG2->Jurkat,SPC24
HepG2->Jurkat,SPC25
HepG2->Jurkat,SPCS2
HepG2->Jurkat,SPCS3
HepG2->Jurkat,SPDL1
HepG2->Jurkat,SPDYE2
HepG2->Jurkat,SPEN
HepG2->Jurkat,SPG7
HepG2->Jurkat,SPOUT1
HepG2->Jurkat,SPRTN
HepG2->Jurkat,SPTLC1
HepG2->Jurkat,SPTSSA
HepG2->Jurkat,SRA1
HepG2->Jurkat,SRBD1
HepG2->Jurkat,SRCAP
HepG2->Jurkat,SRF
HepG2->Jurkat,SRFBP1
HepG2->Jurkat,SRP14
HepG2->Jurkat,SRP19
HepG2->Jurkat,SRP54
HepG2->Jurkat,SRP68
HepG2->Jurkat,SRP72
HepG2->Jurkat,SRP9
HepG2->Jurkat,SRPRB
HepG2->Jurkat,SRRM1
HepG2->Jurkat,SRRM2
HepG2->Jurkat,SRRT
HepG2->Jurkat,SRSF1
HepG2->Jurkat,SRSF10
HepG2->Jurkat,SRSF11
HepG2->Jurkat,SRSF2
HepG2->Jurkat,SRSF3
HepG2->Jurkat,SRSF6
HepG2->Jurkat,SRSF7
HepG2->Jurkat,SS18L2
HepG2->Jurkat,SSBP1
HepG2->Jurkat,SSBP3
HepG2->Jurkat,SSRP1
HepG2->Jurkat,SSU72
HepG2->Jurkat,SSX4
HepG2->Jurkat,STAG2
HepG2->Jurkat,STARD7
HepG2->Jurkat,STAT5A
HepG2->Jurkat,STAT5B
HepG2->Jurkat,STIL
HepG2->Jurkat,STRAP
HepG2->Jurkat,STRIP1
HepG2->Jurkat,STT3B
HepG2->Jurkat,STX18
HepG2->Jurkat,STX5
HepG2->Jurkat,STXBP4
HepG2->Jurkat,SUDS3
HepG2->Jurkat,SUGP1
HepG2->Jurkat,SUGT1
HepG2->Jurkat,SUMO2
HepG2->Jurkat,SUPT16H
HepG2->Jurkat,SUPT20H
HepG2->Jurkat,SUPT4H1
HepG2->Jurkat,SUPT5H
HepG2->Jurkat,SUPT6H
HepG2->Jurkat,SUPV3L1
HepG2->Jurkat,SURF6
HepG2->Jurkat,SYF2
HepG2->Jurkat,SYMPK
HepG2->Jurkat,SYNGR3
HepG2->Jurkat,SYS1
HepG2->Jurkat,TACC3
HepG2->Jurkat,TADA1
HepG2->Jurkat,TADA2A
HepG2->Jurkat,TADA2B
HepG2->Jurkat,TADA3
HepG2->Jurkat,TAF1
HepG2->Jurkat,TAF10
HepG2->Jurkat,TAF11
HepG2->Jurkat,TAF12
HepG2->Jurkat,TAF13
HepG2->Jurkat,TAF1A
HepG2->Jurkat,TAF1B
HepG2->Jurkat,TAF1C
HepG2->Jurkat,TAF1D
HepG2->Jurkat,TAF2
HepG2->Jurkat,TAF3
HepG2->Jurkat,TAF5
HepG2->Jurkat,TAF6
HepG2->Jurkat,TAF6L
HepG2->Jurkat,TAF7
HepG2->Jurkat,TAF8
HepG2->Jurkat,TAMM41
HepG2->Jurkat,TANGO6
HepG2->Jurkat,TARDBP
HepG2->Jurkat,TARS
HepG2->Jurkat,TARS2
HepG2->Jurkat,TAZ
HepG2->Jurkat,TBC1D1
HepG2->Jurkat,TBC1D28
HepG2->Jurkat,TBC1D3
HepG2->Jurkat,TBCA
HepG2->Jurkat,TBCB
HepG2->Jurkat,TBCC
HepG2->Jurkat,TBCD
HepG2->Jurkat,TBCE
HepG2->Jurkat,TBL3
HepG2->Jurkat,TBP
HepG2->Jurkat,TBPL1
HepG2->Jurkat,TBRG4
HepG2->Jurkat,TBX1
HepG2->Jurkat,TCERG1
HepG2->Jurkat,TCOF1
HepG2->Jurkat,TCP1
HepG2->Jurkat,TDGF1
HepG2->Jurkat,TEAD3
HepG2->Jurkat,TEFM
HepG2->Jurkat,TELO2
HepG2->Jurkat,TEN1
HepG2->Jurkat,TERF1
HepG2->Jurkat,TERF2
HepG2->Jurkat,TEX10
HepG2->Jurkat,TFAM
HepG2->Jurkat,TFAP4
HepG2->Jurkat,TFB1M
HepG2->Jurkat,TFB2M
HepG2->Jurkat,TFDP1
HepG2->Jurkat,TFIP11
HepG2->Jurkat,TFPT
HepG2->Jurkat,TFRC
HepG2->Jurkat,TGS1
HepG2->Jurkat,THAP1
HepG2->Jurkat,THAP11
HepG2->Jurkat,THG1L
HepG2->Jurkat,THOC1
HepG2->Jurkat,THOC2
HepG2->Jurkat,THOC3
HepG2->Jurkat,THOC5
HepG2->Jurkat,THOC6
HepG2->Jurkat,THOC7
HepG2->Jurkat,THRAP3
HepG2->Jurkat,THUMPD1
HepG2->Jurkat,TICRR
HepG2->Jurkat,TIGD1
HepG2->Jurkat,TIMELESS
HepG2->Jurkat,TIMM10
HepG2->Jurkat,TIMM13
HepG2->Jurkat,TIMM22
HepG2->Jurkat,TIMM23B
HepG2->Jurkat,TIMM44
HepG2->Jurkat,TIMM8A
HepG2->Jurkat,TIMM9
HepG2->Jurkat,TINF2
HepG2->Jurkat,TIPIN
HepG2->Jurkat,TKT
HepG2->Jurkat,TLCD1
HepG2->Jurkat,TLN1
HepG2->Jurkat,TM7SF2
HepG2->Jurkat,TMA16
HepG2->Jurkat,TMED10
HepG2->Jurkat,TMED2
HepG2->Jurkat,TMEM127
HepG2->Jurkat,TMEM161B
HepG2->Jurkat,TMEM199
HepG2->Jurkat,TMEM214
HepG2->Jurkat,TMEM240
HepG2->Jurkat,TMEM242
HepG2->Jurkat,TMEM258
HepG2->Jurkat,TMSB10
HepG2->Jurkat,TMX2
HepG2->Jurkat,TNFSF10
HepG2->Jurkat,TNNT2
HepG2->Jurkat,TNPO3
HepG2->Jurkat,TNRC6A
HepG2->Jurkat,TOE1
HepG2->Jurkat,TOMM20
HepG2->Jurkat,TOMM22
HepG2->Jurkat,TOMM40
HepG2->Jurkat,TONSL
HepG2->Jurkat,TOP1
HepG2->Jurkat,TOP2A
HepG2->Jurkat,TOP3A
HepG2->Jurkat,TOPBP1
HepG2->Jurkat,TOR2A
HepG2->Jurkat,TOX4
HepG2->Jurkat,TP53I13
HepG2->Jurkat,TP53RK
HepG2->Jurkat,TPI1
HepG2->Jurkat,TPP2
HepG2->Jurkat,TPR
HepG2->Jurkat,TPRKB
HepG2->Jurkat,TPT1
HepG2->Jurkat,TPX2
HepG2->Jurkat,TRA2B
HepG2->Jurkat,TRAIP
HepG2->Jurkat,TRAPPC1
HepG2->Jurkat,TRAPPC11
HepG2->Jurkat,TRAPPC3
HepG2->Jurkat,TRAPPC4
HepG2->Jurkat,TRAPPC5
HepG2->Jurkat,TRAPPC8
HepG2->Jurkat,TREML2
HepG2->Jurkat,TREX2
HepG2->Jurkat,TRIAP1
HepG2->Jurkat,TRIM49C
HepG2->Jurkat,TRMT10C
HepG2->Jurkat,TRMT112
HepG2->Jurkat,TRMT5
HepG2->Jurkat,TRMT6
HepG2->Jurkat,TRNP1
HepG2->Jurkat,TRNT1
HepG2->Jurkat,TRPM7
HepG2->Jurkat,TRRAP
HepG2->Jurkat,TSEN2
HepG2->Jurkat,TSEN34
HepG2->Jurkat,TSEN54
HepG2->Jurkat,TSFM
HepG2->Jurkat,TSG101
HepG2->Jurkat,TSPYL5
HepG2->Jurkat,TSR1
HepG2->Jurkat,TSR2
HepG2->Jurkat,TSSK3
HepG2->Jurkat,TTC1
HepG2->Jurkat,TTC27
HepG2->Jurkat,TTC4
HepG2->Jurkat,TTF2
HepG2->Jurkat,TTI1
HepG2->Jurkat,TTI2
HepG2->Jurkat,TTK
HepG2->Jurkat,TUBA1B
HepG2->Jurkat,TUBA1C
HepG2->Jurkat,TUBA3D
HepG2->Jurkat,TUBB
HepG2->Jurkat,TUBB2A
HepG2->Jurkat,TUBD1
HepG2->Jurkat,TUBE1
HepG2->Jurkat,TUBG1
HepG2->Jurkat,TUBGCP2
HepG2->Jurkat,TUBGCP3
HepG2->Jurkat,TUBGCP4
HepG2->Jurkat,TUBGCP5
HepG2->Jurkat,TUBGCP6
HepG2->Jurkat,TUFM
HepG2->Jurkat,TULP1
HepG2->Jurkat,TUT1
HepG2->Jurkat,TVP23C
HepG2->Jurkat,TWF1
HepG2->Jurkat,TWISTNB
HepG2->Jurkat,TWNK
HepG2->Jurkat,TWSG1
HepG2->Jurkat,TXN
HepG2->Jurkat,TXNL4A
HepG2->Jurkat,TXNL4B
HepG2->Jurkat,TYK2
HepG2->Jurkat,U2AF1
HepG2->Jurkat,U2AF2
HepG2->Jurkat,U2SURP
HepG2->Jurkat,UBA1
HepG2->Jurkat,UBA2
HepG2->Jurkat,UBA3
HepG2->Jurkat,UBA5
HepG2->Jurkat,UBA52
HepG2->Jurkat,UBAP1
HepG2->Jurkat,UBC
HepG2->Jurkat,UBE2D3
HepG2->Jurkat,UBE2H
HepG2->Jurkat,UBE2I
HepG2->Jurkat,UBE2L3
HepG2->Jurkat,UBE2M
HepG2->Jurkat,UBE2N
HepG2->Jurkat,UBE2Z
HepG2->Jurkat,UBE3C
HepG2->Jurkat,UBE3D
HepG2->Jurkat,UBL5
HepG2->Jurkat,UBQLN4
HepG2->Jurkat,UBR4
HepG2->Jurkat,UBR5
HepG2->Jurkat,UBTF
HepG2->Jurkat,UCHL5
HepG2->Jurkat,UFL1
HepG2->Jurkat,UFM1
HepG2->Jurkat,UHRF1
HepG2->Jurkat,UMPS
HepG2->Jurkat,UNC45A
HepG2->Jurkat,UNC50
HepG2->Jurkat,UNCX
HepG2->Jurkat,UPF1
HepG2->Jurkat,UPF2
HepG2->Jurkat,UPF3A
HepG2->Jurkat,UQCC2
HepG2->Jurkat,UQCRB
HepG2->Jurkat,UQCRC1
HepG2->Jurkat,UQCRC2
HepG2->Jurkat,UQCRFS1
HepG2->Jurkat,UQCRH
HepG2->Jurkat,UQCRQ
HepG2->Jurkat,URB1
HepG2->Jurkat,URB2
HepG2->Jurkat,URI1
HepG2->Jurkat,URM1
HepG2->Jurkat,UROD
HepG2->Jurkat,USF2
HepG2->Jurkat,USP10
HepG2->Jurkat,USP14
HepG2->Jurkat,USP19
HepG2->Jurkat,USP36
HepG2->Jurkat,USP37
HepG2->Jurkat,USP39
HepG2->Jurkat,USP5
HepG2->Jurkat,USP7
HepG2->Jurkat,USP8
HepG2->Jurkat,USP9X
HepG2->Jurkat,USPL1
HepG2->Jurkat,UTP11
HepG2->Jurkat,UTP15
HepG2->Jurkat,UTP18
HepG2->Jurkat,UTP20
HepG2->Jurkat,UTP23
HepG2->Jurkat,UTP25
HepG2->Jurkat,UTP3
HepG2->Jurkat,UTP6
HepG2->Jurkat,UXS1
HepG2->Jurkat,UXT
HepG2->Jurkat,VARS
HepG2->Jurkat,VARS2
HepG2->Jurkat,VBP1
HepG2->Jurkat,VCP
HepG2->Jurkat,VEZT
HepG2->Jurkat,VHL
HepG2->Jurkat,VMP1
HepG2->Jurkat,VPS13D
HepG2->Jurkat,VPS18
HepG2->Jurkat,VPS25
HepG2->Jurkat,VPS28
HepG2->Jurkat,VPS29
HepG2->Jurkat,VPS33A
HepG2->Jurkat,VPS35
HepG2->Jurkat,VPS37A
HepG2->Jurkat,VPS37C
HepG2->Jurkat,VPS41
HepG2->Jurkat,VPS51
HepG2->Jurkat,VPS54
HepG2->Jurkat,VPS72
HepG2->Jurkat,WAC
HepG2->Jurkat,WARS
HepG2->Jurkat,WBP1
HepG2->Jurkat,WBP11
HepG2->Jurkat,WBP1L
HepG2->Jurkat,WDFY3
HepG2->Jurkat,WDHD1
HepG2->Jurkat,WDR1
HepG2->Jurkat,WDR12
HepG2->Jurkat,WDR18
HepG2->Jurkat,WDR24
HepG2->Jurkat,WDR25
HepG2->Jurkat,WDR26
HepG2->Jurkat,WDR3
HepG2->Jurkat,WDR33
HepG2->Jurkat,WDR36
HepG2->Jurkat,WDR4
HepG2->Jurkat,WDR43
HepG2->Jurkat,WDR44
HepG2->Jurkat,WDR46
HepG2->Jurkat,WDR5
HepG2->Jurkat,WDR54
HepG2->Jurkat,WDR55
HepG2->Jurkat,WDR61
HepG2->Jurkat,WDR7
HepG2->Jurkat,WDR70
HepG2->Jurkat,WDR74
HepG2->Jurkat,WDR75
HepG2->Jurkat,WDR77
HepG2->Jurkat,WDR82
HepG2->Jurkat,WDR83OS
HepG2->Jurkat,WDR92
HepG2->Jurkat,WDTC1
HepG2->Jurkat,WEE1
HepG2->Jurkat,WNK1
HepG2->Jurkat,WTAP
HepG2->Jurkat,XAB2
HepG2->Jurkat,XPO1
HepG2->Jurkat,XPO5
HepG2->Jurkat,XRCC1
HepG2->Jurkat,XRCC2
HepG2->Jurkat,XRCC3
HepG2->Jurkat,XRCC5
HepG2->Jurkat,XRCC6
HepG2->Jurkat,XRN1
HepG2->Jurkat,XRN2
HepG2->Jurkat,YAE1
HepG2->Jurkat,YARS
HepG2->Jurkat,YARS2
HepG2->Jurkat,YBX1
HepG2->Jurkat,YBX3
HepG2->Jurkat,YEATS2
HepG2->Jurkat,YEATS4
HepG2->Jurkat,YJEFN3
HepG2->Jurkat,YKT6
HepG2->Jurkat,YPEL1
HepG2->Jurkat,YPEL5
HepG2->Jurkat,YRDC
HepG2->Jurkat,YTHDC1
HepG2->Jurkat,YY1
HepG2->Jurkat,ZBTB11
HepG2->Jurkat,ZBTB14
HepG2->Jurkat,ZBTB17
HepG2->Jurkat,ZBTB4
HepG2->Jurkat,ZBTB44
HepG2->Jurkat,ZC3H13
HepG2->Jurkat,ZC3H18
HepG2->Jurkat,ZC3H3
HepG2->Jurkat,ZC3H4
HepG2->Jurkat,ZC3H8
HepG2->Jurkat,ZCCHC9
HepG2->Jurkat,ZCRB1
HepG2->Jurkat,ZDHHC7
HepG2->Jurkat,ZFC3H1
HepG2->Jurkat,ZFP69B
HepG2->Jurkat,ZFR
HepG2->Jurkat,ZMAT2
HepG2->Jurkat,ZMAT5
HepG2->Jurkat,ZMYM4
HepG2->Jurkat,ZNF100
HepG2->Jurkat,ZNF131
HepG2->Jurkat,ZNF133
HepG2->Jurkat,ZNF143
HepG2->Jurkat,ZNF207
HepG2->Jurkat,ZNF236
HepG2->Jurkat,ZNF24
HepG2->Jurkat,ZNF253
HepG2->Jurkat,ZNF284
HepG2->Jurkat,ZNF292
HepG2->Jurkat,ZNF317
HepG2->Jurkat,ZNF335
HepG2->Jurkat,ZNF407
HepG2->Jurkat,ZNF468
HepG2->Jurkat,ZNF492
HepG2->Jurkat,ZNF506
HepG2->Jurkat,ZNF559
HepG2->Jurkat,ZNF574
HepG2->Jurkat,ZNF658
HepG2->Jurkat,ZNF674
HepG2->Jurkat,ZNF676
HepG2->Jurkat,ZNF687
HepG2->Jurkat,ZNF706
HepG2->Jurkat,ZNF718
HepG2->Jurkat,ZNF720
HepG2->Jurkat,ZNF763
HepG2->Jurkat,ZNF787
HepG2->Jurkat,ZNF830
HepG2->Jurkat,ZNF84
HepG2->Jurkat,ZNHIT1
HepG2->Jurkat,ZNHIT2
HepG2->Jurkat,ZNHIT3
HepG2->Jurkat,ZNHIT6
HepG2->Jurkat,ZNRD1
HepG2->Jurkat,ZRANB2
HepG2->Jurkat,ZRSR2
HepG2->Jurkat,ZW10
HepG2->Jurkat,ZWINT
Jurkat->HepG2,AAAS
Jurkat->HepG2,AAMP
Jurkat->HepG2,AAR2
Jurkat->HepG2,AARS
Jurkat->HepG2,AARS2
Jurkat->HepG2,AASDHPPT
Jurkat->HepG2,AATF
Jurkat->HepG2,ABCB10
Jurkat->HepG2,ABCB7
Jurkat->HepG2,ABCE1
Jurkat->HepG2,ABCF1
Jurkat->HepG2,ABCG1
Jurkat->HepG2,ABHD11
Jurkat->HepG2,ABHD17A
Jurkat->HepG2,ABT1
Jurkat->HepG2,AC118549.1
Jurkat->HepG2,ACD
Jurkat->HepG2,ACIN1
Jurkat->HepG2,ACOT12
Jurkat->HepG2,ACSS2
Jurkat->HepG2,ACTB
Jurkat->HepG2,ACTL6A
Jurkat->HepG2,ACTR10
Jurkat->HepG2,ACTR1A
Jurkat->HepG2,ACTR1B
Jurkat->HepG2,ACTR2
Jurkat->HepG2,ACTR3
Jurkat->HepG2,ACTR5
Jurkat->HepG2,ACTR6
Jurkat->HepG2,ACTR8
Jurkat->HepG2,ADAM10
Jurkat->HepG2,ADAT2
Jurkat->HepG2,ADAT3
Jurkat->HepG2,ADNP2
Jurkat->HepG2,ADRM1
Jurkat->HepG2,ADSL
Jurkat->HepG2,AFG3L2
Jurkat->HepG2,AGBL5
Jurkat->HepG2,AHCTF1
Jurkat->HepG2,AHCY
Jurkat->HepG2,AIFM1
Jurkat->HepG2,AKIRIN2
Jurkat->HepG2,ALDOA
Jurkat->HepG2,ALG1
Jurkat->HepG2,ALG11
Jurkat->HepG2,ALG13
Jurkat->HepG2,ALG14
Jurkat->HepG2,ALG1L
Jurkat->HepG2,ALG2
Jurkat->HepG2,ALYREF
Jurkat->HepG2,ANAPC1
Jurkat->HepG2,ANAPC10
Jurkat->HepG2,ANAPC11
Jurkat->HepG2,ANAPC13
Jurkat->HepG2,ANAPC15
Jurkat->HepG2,ANAPC2
Jurkat->HepG2,ANAPC4
Jurkat->HepG2,ANAPC5
Jurkat->HepG2,ANKLE2
Jurkat->HepG2,ANKRD11
Jurkat->HepG2,ANKRD17
Jurkat->HepG2,ANKRD39
Jurkat->HepG2,ANKRD49
Jurkat->HepG2,ANKS6
Jurkat->HepG2,ANLN
Jurkat->HepG2,AP2A1
Jurkat->HepG2,AP2M1
Jurkat->HepG2,AP2S1
Jurkat->HepG2,AQP7
Jurkat->HepG2,AQR
Jurkat->HepG2,ARCN1
Jurkat->HepG2,ARF4
Jurkat->HepG2,ARFRP1
Jurkat->HepG2,ARGFX
Jurkat->HepG2,ARGLU1
Jurkat->HepG2,ARHGAP11B
Jurkat->HepG2,ARHGAP6
Jurkat->HepG2,ARID3A
Jurkat->HepG2,ARID5B
Jurkat->HepG2,ARIH1
Jurkat->HepG2,ARL2
Jurkat->HepG2,ARL4D
Jurkat->HepG2,ARL6IP6
Jurkat->HepG2,ARMC6
Jurkat->HepG2,ARMC7
Jurkat->HepG2,ARPC1B
Jurkat->HepG2,ARPC2
Jurkat->HepG2,ARPC3
Jurkat->HepG2,ARPC4
Jurkat->HepG2,ARRB2
Jurkat->HepG2,ASCC3
Jurkat->HepG2,ASF1B
Jurkat->HepG2,ATF4
Jurkat->HepG2,ATF5
Jurkat->HepG2,ATIC
Jurkat->HepG2,ATL2
Jurkat->HepG2,ATP11B
Jurkat->HepG2,ATP1A1
Jurkat->HepG2,ATP2A2
Jurkat->HepG2,ATP5F1A
Jurkat->HepG2,ATP5F1B
Jurkat->HepG2,ATP5F1C
Jurkat->HepG2,ATP5MD
Jurkat->HepG2,ATP5ME
Jurkat->HepG2,ATP5MF
Jurkat->HepG2,ATP5PD
Jurkat->HepG2,ATP5PO
Jurkat->HepG2,ATP6AP1
Jurkat->HepG2,ATP6AP2
Jurkat->HepG2,ATP6V0B
Jurkat->HepG2,ATP6V0C
Jurkat->HepG2,ATP6V0D1
Jurkat->HepG2,ATP6V1A
Jurkat->HepG2,ATP6V1B2
Jurkat->HepG2,ATP6V1C1
Jurkat->HepG2,ATP6V1D
Jurkat->HepG2,ATP6V1E1
Jurkat->HepG2,ATP6V1F
Jurkat->HepG2,ATP6V1G1
Jurkat->HepG2,ATP6V1H
Jurkat->HepG2,ATR
Jurkat->HepG2,ATRIP
Jurkat->HepG2,ATXN10
Jurkat->HepG2,AURKA
Jurkat->HepG2,AURKAIP1
Jurkat->HepG2,AURKB
Jurkat->HepG2,BAG6
Jurkat->HepG2,BANF1
Jurkat->HepG2,BANP
Jurkat->HepG2,BAP1
Jurkat->HepG2,BARD1
Jurkat->HepG2,BCAR1
Jurkat->HepG2,BCAS2
Jurkat->HepG2,BCL2L1
Jurkat->HepG2,BCLAF1
Jurkat->HepG2,BCR
Jurkat->HepG2,BCS1L
Jurkat->HepG2,BDP1
Jurkat->HepG2,BET1
Jurkat->HepG2,BGLAP
Jurkat->HepG2,BIRC5
Jurkat->HepG2,BMP2K
Jurkat->HepG2,BMS1
Jurkat->HepG2,BNIP1
Jurkat->HepG2,BOD1L1
Jurkat->HepG2,BOP1
Jurkat->HepG2,BORA
Jurkat->HepG2,BPTF
Jurkat->HepG2,BRCA1
Jurkat->HepG2,BRCA2
Jurkat->HepG2,BRD2
Jurkat->HepG2,BRD4
Jurkat->HepG2,BRD8
Jurkat->HepG2,BRF1
Jurkat->HepG2,BRF2
Jurkat->HepG2,BRIP1
Jurkat->HepG2,BRIX1
Jurkat->HepG2,BRK1
Jurkat->HepG2,BTAF1
Jurkat->HepG2,BTF3
Jurkat->HepG2,BTF3L4
Jurkat->HepG2,BUB1
Jurkat->HepG2,BUB1B
Jurkat->HepG2,BUB3
Jurkat->HepG2,BUD13
Jurkat->HepG2,BUD23
Jurkat->HepG2,BUD31
Jurkat->HepG2,BYSL
Jurkat->HepG2,C12orf45
Jurkat->HepG2,C12orf60
Jurkat->HepG2,C14orf178
Jurkat->HepG2,C16orf86
Jurkat->HepG2,C17orf58
Jurkat->HepG2,C18orf21
Jurkat->HepG2,C19orf25
Jurkat->HepG2,C19orf53
Jurkat->HepG2,C1D
Jurkat->HepG2,C1QBP
Jurkat->HepG2,C1QTNF4
Jurkat->HepG2,C1orf109
Jurkat->HepG2,C1orf131
Jurkat->HepG2,C5orf30
Jurkat->HepG2,C6orf15
Jurkat->HepG2,C7orf26
Jurkat->HepG2,C7orf50
Jurkat->HepG2,C9orf16
Jurkat->HepG2,C9orf78
Jurkat->HepG2,CA5A
Jurkat->HepG2,CABIN1
Jurkat->HepG2,CACNB3
Jurkat->HepG2,CACTIN
Jurkat->HepG2,CAD
Jurkat->HepG2,CADM4
Jurkat->HepG2,CALR
Jurkat->HepG2,CAMLG
Jurkat->HepG2,CAP1
Jurkat->HepG2,CAPZB
Jurkat->HepG2,CARF
Jurkat->HepG2,CARS
Jurkat->HepG2,CASC3
Jurkat->HepG2,CASP8AP2
Jurkat->HepG2,CAST
Jurkat->HepG2,CBFA2T3
Jurkat->HepG2,CBLL1
Jurkat->HepG2,CBLN1
Jurkat->HepG2,CBX1
Jurkat->HepG2,CCAR1
Jurkat->HepG2,CCDC115
Jurkat->HepG2,CCDC130
Jurkat->HepG2,CCDC137
Jurkat->HepG2,CCDC144A
Jurkat->HepG2,CCDC144NL
Jurkat->HepG2,CCDC174
Jurkat->HepG2,CCDC59
Jurkat->HepG2,CCDC6
Jurkat->HepG2,CCDC78
Jurkat->HepG2,CCDC84
Jurkat->HepG2,CCDC86
Jurkat->HepG2,CCNA2
Jurkat->HepG2,CCNB1
Jurkat->HepG2,CCNC
Jurkat->HepG2,CCND1
Jurkat->HepG2,CCND3
Jurkat->HepG2,CCNH
Jurkat->HepG2,CCNK
Jurkat->HepG2,CCNL1
Jurkat->HepG2,CCNQ
Jurkat->HepG2,CCP110
Jurkat->HepG2,CCT2
Jurkat->HepG2,CCT3
Jurkat->HepG2,CCT4
Jurkat->HepG2,CCT5
Jurkat->HepG2,CCT6A
Jurkat->HepG2,CCT7
Jurkat->HepG2,CCT8
Jurkat->HepG2,CD2BP2
Jurkat->HepG2,CD3EAP
Jurkat->HepG2,CD8B
Jurkat->HepG2,CDAN1
Jurkat->HepG2,CDC123
Jurkat->HepG2,CDC16
Jurkat->HepG2,CDC20
Jurkat->HepG2,CDC23
Jurkat->HepG2,CDC26
Jurkat->HepG2,CDC27
Jurkat->HepG2,CDC37
Jurkat->HepG2,CDC40
Jurkat->HepG2,CDC42
Jurkat->HepG2,CDC45
Jurkat->HepG2,CDC5L
Jurkat->HepG2,CDC6
Jurkat->HepG2,CDC7
Jurkat->HepG2,CDC73
Jurkat->HepG2,CDCA5
Jurkat->HepG2,CDIPT
Jurkat->HepG2,CDK1
Jurkat->HepG2,CDK11A
Jurkat->HepG2,CDK12
Jurkat->HepG2,CDK2
Jurkat->HepG2,CDK6
Jurkat->HepG2,CDK7
Jurkat->HepG2,CDK9
Jurkat->HepG2,CDT1
Jurkat->HepG2,CEBPG
Jurkat->HepG2,CEBPZ
Jurkat->HepG2,CENPA
Jurkat->HepG2,CENPC
Jurkat->HepG2,CENPE
Jurkat->HepG2,CENPH
Jurkat->HepG2,CENPI
Jurkat->HepG2,CENPJ
Jurkat->HepG2,CENPK
Jurkat->HepG2,CENPN
Jurkat->HepG2,CENPP
Jurkat->HepG2,CENPT
Jurkat->HepG2,CENPW
Jurkat->HepG2,CEP152
Jurkat->HepG2,CEP192
Jurkat->HepG2,CEP68
Jurkat->HepG2,CEP85
Jurkat->HepG2,CEP97
Jurkat->HepG2,CFDP1
Jurkat->HepG2,CFL1
Jurkat->HepG2,CHAF1A
Jurkat->HepG2,CHAF1B
Jurkat->HepG2,CHCHD1
Jurkat->HepG2,CHCHD2
Jurkat->HepG2,CHCHD3
Jurkat->HepG2,CHCHD4
Jurkat->HepG2,CHD4
Jurkat->HepG2,CHEK1
Jurkat->HepG2,CHERP
Jurkat->HepG2,CHMP1A
Jurkat->HepG2,CHMP2A
Jurkat->HepG2,CHMP3
Jurkat->HepG2,CHMP4B
Jurkat->HepG2,CHMP5
Jurkat->HepG2,CHMP6
Jurkat->HepG2,CHMP7
Jurkat->HepG2,CHORDC1
Jurkat->HepG2,CHTF18
Jurkat->HepG2,CHTF8
Jurkat->HepG2,CHTOP
Jurkat->HepG2,CIAO1
Jurkat->HepG2,CIAPIN1
Jurkat->HepG2,CINP
Jurkat->HepG2,CKAP5
Jurkat->HepG2,CLASRP
Jurkat->HepG2,CLCC1
Jurkat->HepG2,CLK2
Jurkat->HepG2,CLNS1A
Jurkat->HepG2,CLOCK
Jurkat->HepG2,CLP1
Jurkat->HepG2,CLPB
Jurkat->HepG2,CLSPN
Jurkat->HepG2,CLTC
Jurkat->HepG2,CMC4
Jurkat->HepG2,CMPK1
Jurkat->HepG2,CMTR1
Jurkat->HepG2,CMTR2
Jurkat->HepG2,CNIH4
Jurkat->HepG2,CNN2
Jurkat->HepG2,CNOT1
Jurkat->HepG2,CNOT10
Jurkat->HepG2,CNOT11
Jurkat->HepG2,CNOT2
Jurkat->HepG2,CNOT3
Jurkat->HepG2,CNOT9
Jurkat->HepG2,COA5
Jurkat->HepG2,COASY
Jurkat->HepG2,COG1
Jurkat->HepG2,COG2
Jurkat->HepG2,COG3
Jurkat->HepG2,COG4
Jurkat->HepG2,COG6
Jurkat->HepG2,COG8
Jurkat->HepG2,COMTD1
Jurkat->HepG2,COPA
Jurkat->HepG2,COPB1
Jurkat->HepG2,COPB2
Jurkat->HepG2,COPE
Jurkat->HepG2,COPG1
Jurkat->HepG2,COPS2
Jurkat->HepG2,COPS3
Jurkat->HepG2,COPS4
Jurkat->HepG2,COPS5
Jurkat->HepG2,COPS6
Jurkat->HepG2,COPS8
Jurkat->HepG2,COPZ1
Jurkat->HepG2,COQ2
Jurkat->HepG2,COQ4
Jurkat->HepG2,COQ5
Jurkat->HepG2,COTL1
Jurkat->HepG2,COX10
Jurkat->HepG2,COX11
Jurkat->HepG2,COX15
Jurkat->HepG2,COX17
Jurkat->HepG2,COX5A
Jurkat->HepG2,COX5B
Jurkat->HepG2,COX6C
Jurkat->HepG2,COX7B
Jurkat->HepG2,COX7C
Jurkat->HepG2,CPAMD8
Jurkat->HepG2,CPEB1
Jurkat->HepG2,CPNE1
Jurkat->HepG2,CPNE7
Jurkat->HepG2,CPOX
Jurkat->HepG2,CPSF1
Jurkat->HepG2,CPSF2
Jurkat->HepG2,CPSF3
Jurkat->HepG2,CPSF4
Jurkat->HepG2,CPSF6
Jurkat->HepG2,CRCP
Jurkat->HepG2,CRKL
Jurkat->HepG2,CRLS1
Jurkat->HepG2,CRNKL1
Jurkat->HepG2,CS
Jurkat->HepG2,CSDE1
Jurkat->HepG2,CSE1L
Jurkat->HepG2,CSH2
Jurkat->HepG2,CSNK1A1
Jurkat->HepG2,CSNK2B
Jurkat->HepG2,CSTF1
Jurkat->HepG2,CSTF3
Jurkat->HepG2,CT45A5
Jurkat->HepG2,CTBP2
Jurkat->HepG2,CTCF
Jurkat->HepG2,CTDP1
Jurkat->HepG2,CTNNBL1
Jurkat->HepG2,CTPS1
Jurkat->HepG2,CTR9
Jurkat->HepG2,CTU2
Jurkat->HepG2,CUL1
Jurkat->HepG2,CUL2
Jurkat->HepG2,CUL3
Jurkat->HepG2,CUL7
Jurkat->HepG2,CWC15
Jurkat->HepG2,CWC22
Jurkat->HepG2,CWC25
Jurkat->HepG2,CWF19L2
Jurkat->HepG2,CXXC1
Jurkat->HepG2,CYC1
Jurkat->HepG2,CYCS
Jurkat->HepG2,CYFIP1
Jurkat->HepG2,CYP2A13
Jurkat->HepG2,CYP4F11
Jurkat->HepG2,CYREN
Jurkat->HepG2,CYS1
Jurkat->HepG2,DAD1
Jurkat->HepG2,DAP3
Jurkat->HepG2,DARS
Jurkat->HepG2,DAXX
Jurkat->HepG2,DBF4
Jurkat->HepG2,DBR1
Jurkat->HepG2,DCAF6
Jurkat->HepG2,DCLRE1B
Jurkat->HepG2,DCTN1
Jurkat->HepG2,DCTN2
Jurkat->HepG2,DCTN3
Jurkat->HepG2,DCTN4
Jurkat->HepG2,DCTN5
Jurkat->HepG2,DCTN6
Jurkat->HepG2,DCUN1D5
Jurkat->HepG2,DDB1
Jurkat->HepG2,DDN
Jurkat->HepG2,DDOST
Jurkat->HepG2,DDX1
Jurkat->HepG2,DDX10
Jurkat->HepG2,DDX11
Jurkat->HepG2,DDX17
Jurkat->HepG2,DDX18
Jurkat->HepG2,DDX19A
Jurkat->HepG2,DDX19B
Jurkat->HepG2,DDX20
Jurkat->HepG2,DDX21
Jurkat->HepG2,DDX23
Jurkat->HepG2,DDX24
Jurkat->HepG2,DDX27
Jurkat->HepG2,DDX3X
Jurkat->HepG2,DDX41
Jurkat->HepG2,DDX42
Jurkat->HepG2,DDX46
Jurkat->HepG2,DDX47
Jurkat->HepG2,DDX49
Jurkat->HepG2,DDX5
Jurkat->HepG2,DDX51
Jurkat->HepG2,DDX52
Jurkat->HepG2,DDX54
Jurkat->HepG2,DDX55
Jurkat->HepG2,DDX56
Jurkat->HepG2,DDX59
Jurkat->HepG2,DDX6
Jurkat->HepG2,DENR
Jurkat->HepG2,DEPDC5
Jurkat->HepG2,DERL2
Jurkat->HepG2,DESI1
Jurkat->HepG2,DGCR8
Jurkat->HepG2,DHDDS
Jurkat->HepG2,DHFR
Jurkat->HepG2,DHODH
Jurkat->HepG2,DHPS
Jurkat->HepG2,DHX15
Jurkat->HepG2,DHX16
Jurkat->HepG2,DHX29
Jurkat->HepG2,DHX30
Jurkat->HepG2,DHX33
Jurkat->HepG2,DHX36
Jurkat->HepG2,DHX37
Jurkat->HepG2,DHX8
Jurkat->HepG2,DHX9
Jurkat->HepG2,DICER1
Jurkat->HepG2,DIMT1
Jurkat->HepG2,DIS3
Jurkat->HepG2,DKC1
Jurkat->HepG2,DLD
Jurkat->HepG2,DMAP1
Jurkat->HepG2,DMRTA2
Jurkat->HepG2,DNAAF3
Jurkat->HepG2,DNAJA1
Jurkat->HepG2,DNAJA3
Jurkat->HepG2,DNAJC11
Jurkat->HepG2,DNAJC17
Jurkat->HepG2,DNAJC19
Jurkat->HepG2,DNAJC8
Jurkat->HepG2,DNAJC9
Jurkat->HepG2,DNLZ
Jurkat->HepG2,DNM1
Jurkat->HepG2,DNM1L
Jurkat->HepG2,DNM2
Jurkat->HepG2,DNMT1
Jurkat->HepG2,DNTTIP2
Jurkat->HepG2,DOHH
Jurkat->HepG2,DOLK
Jurkat->HepG2,DONSON
Jurkat->HepG2,DPAGT1
Jurkat->HepG2,DPH1
Jurkat->HepG2,DPH2
Jurkat->HepG2,DPH3
Jurkat->HepG2,DPH6
Jurkat->HepG2,DPM2
Jurkat->HepG2,DPPA2
Jurkat->HepG2,DPY19L2
Jurkat->HepG2,DPY19L4
Jurkat->HepG2,DR1
Jurkat->HepG2,DRAP1
Jurkat->HepG2,DRG1
Jurkat->HepG2,DROSHA
Jurkat->HepG2,DSN1
Jurkat->HepG2,DSTYK
Jurkat->HepG2,DTL
Jurkat->HepG2,DTYMK
Jurkat->HepG2,DUT
Jurkat->HepG2,DYNC1H1
Jurkat->HepG2,DYNC1I2
Jurkat->HepG2,DYNLL1
Jurkat->HepG2,DYNLL2
Jurkat->HepG2,DYNLRB1
Jurkat->HepG2,E2F6
Jurkat->HepG2,E4F1
Jurkat->HepG2,EARS2
Jurkat->HepG2,EBNA1BP2
Jurkat->HepG2,ECD
Jurkat->HepG2,ECT2
Jurkat->HepG2,EDC4
Jurkat->HepG2,EEF1A1
Jurkat->HepG2,EEF1B2
Jurkat->HepG2,EEF1G
Jurkat->HepG2,EEF2
Jurkat->HepG2,EEFSEC
Jurkat->HepG2,EFR3A
Jurkat->HepG2,EFTUD2
Jurkat->HepG2,EGLN2
Jurkat->HepG2,EHMT2
Jurkat->HepG2,EIF1
Jurkat->HepG2,EIF1AD
Jurkat->HepG2,EIF1AX
Jurkat->HepG2,EIF2B1
Jurkat->HepG2,EIF2B2
Jurkat->HepG2,EIF2B3
Jurkat->HepG2,EIF2B4
Jurkat->HepG2,EIF2B5
Jurkat->HepG2,EIF2S1
Jurkat->HepG2,EIF2S2
Jurkat->HepG2,EIF2S3
Jurkat->HepG2,EIF3A
Jurkat->HepG2,EIF3B
Jurkat->HepG2,EIF3CL
Jurkat->HepG2,EIF3D
Jurkat->HepG2,EIF3E
Jurkat->HepG2,EIF3F
Jurkat->HepG2,EIF3G
Jurkat->HepG2,EIF3H
Jurkat->HepG2,EIF3I
Jurkat->HepG2,EIF3J
Jurkat->HepG2,EIF3L
Jurkat->HepG2,EIF3M
Jurkat->HepG2,EIF4A1
Jurkat->HepG2,EIF4A3
Jurkat->HepG2,EIF4B
Jurkat->HepG2,EIF4E
Jurkat->HepG2,EIF4G1
Jurkat->HepG2,EIF4G2
Jurkat->HepG2,EIF4H
Jurkat->HepG2,EIF5
Jurkat->HepG2,EIF5A
Jurkat->HepG2,EIF6
Jurkat->HepG2,ELAC2
Jurkat->HepG2,ELL
Jurkat->HepG2,ELOB
Jurkat->HepG2,ELOF1
Jurkat->HepG2,ELOVL1
Jurkat->HepG2,ELP2
Jurkat->HepG2,ELP3
Jurkat->HepG2,ELP4
Jurkat->HepG2,ELP5
Jurkat->HepG2,ELP6
Jurkat->HepG2,EMC1
Jurkat->HepG2,EMC3
Jurkat->HepG2,EMC4
Jurkat->HepG2,EMC7
Jurkat->HepG2,EMG1
Jurkat->HepG2,ENO1
Jurkat->HepG2,ENY2
Jurkat->HepG2,EP400
Jurkat->HepG2,EPB41L2
Jurkat->HepG2,EPRS
Jurkat->HepG2,EPS8L1
Jurkat->HepG2,ERAL1
Jurkat->HepG2,ERCC2
Jurkat->HepG2,ERCC3
Jurkat->HepG2,ERH
Jurkat->HepG2,ERVW-1
Jurkat->HepG2,ESF1
Jurkat->HepG2,ESPL1
Jurkat->HepG2,ESPN
Jurkat->HepG2,ESYT1
Jurkat->HepG2,ESYT2
Jurkat->HepG2,ETF1
Jurkat->HepG2,ETV4
Jurkat->HepG2,EWSR1
Jurkat->HepG2,EXOC1
Jurkat->HepG2,EXOC2
Jurkat->HepG2,EXOC3
Jurkat->HepG2,EXOC4
Jurkat->HepG2,EXOC5
Jurkat->HepG2,EXOC7
Jurkat->HepG2,EXOC8
Jurkat->HepG2,EXOSC1
Jurkat->HepG2,EXOSC10
Jurkat->HepG2,EXOSC2
Jurkat->HepG2,EXOSC3
Jurkat->HepG2,EXOSC4
Jurkat->HepG2,EXOSC5
Jurkat->HepG2,EXOSC6
Jurkat->HepG2,EXOSC7
Jurkat->HepG2,EXOSC8
Jurkat->HepG2,EXOSC9
Jurkat->HepG2,F8A1
Jurkat->HepG2,FAF2
Jurkat->HepG2,FAM102B
Jurkat->HepG2,FAM133B
Jurkat->HepG2,FAM136A
Jurkat->HepG2,FAM207A
Jurkat->HepG2,FAM229A
Jurkat->HepG2,FAM32A
Jurkat->HepG2,FAM50A
Jurkat->HepG2,FAM72D
Jurkat->HepG2,FARS2
Jurkat->HepG2,FARSA
Jurkat->HepG2,FARSB
Jurkat->HepG2,FASN
Jurkat->HepG2,FASTKD5
Jurkat->HepG2,FAU
Jurkat->HepG2,FBL
Jurkat->HepG2,FBLIM1
Jurkat->HepG2,FBRSL1
Jurkat->HepG2,FBXL14
Jurkat->HepG2,FBXO42
Jurkat->HepG2,FBXO5
Jurkat->HepG2,FBXW7
Jurkat->HepG2,FCF1
Jurkat->HepG2,FDPS
Jurkat->HepG2,FDXR
Jurkat->HepG2,FEN1
Jurkat->HepG2,FGFR1OP
Jurkat->HepG2,FIP1L1
Jurkat->HepG2,FKBP9
Jurkat->HepG2,FNBP4
Jurkat->HepG2,FNTA
Jurkat->HepG2,FNTB
Jurkat->HepG2,FOLR3
Jurkat->HepG2,FOXD4
Jurkat->HepG2,FOXL2
Jurkat->HepG2,FOXO1
Jurkat->HepG2,FOXS1
Jurkat->HepG2,FRG2
Jurkat->HepG2,FTSJ3
Jurkat->HepG2,FUNDC2
Jurkat->HepG2,FXN
Jurkat->HepG2,FYN
Jurkat->HepG2,GAB2
Jurkat->HepG2,GABPA
Jurkat->HepG2,GABPB1
Jurkat->HepG2,GAK
Jurkat->HepG2,GAPDH
Jurkat->HepG2,GAR1
Jurkat->HepG2,GARS
Jurkat->HepG2,GART
Jurkat->HepG2,GATA1
Jurkat->HepG2,GBF1
Jurkat->HepG2,GCLC
Jurkat->HepG2,GCOM1
Jurkat->HepG2,GEMIN4
Jurkat->HepG2,GEMIN5
Jurkat->HepG2,GEMIN6
Jurkat->HepG2,GEMIN7
Jurkat->HepG2,GEMIN8
Jurkat->HepG2,GET1
Jurkat->HepG2,GET3
Jurkat->HepG2,GFER
Jurkat->HepG2,GFM1
Jurkat->HepG2,GFOD2
Jurkat->HepG2,GGPS1
Jurkat->HepG2,GINS1
Jurkat->HepG2,GINS2
Jurkat->HepG2,GINS3
Jurkat->HepG2,GINS4
Jurkat->HepG2,GIT2
Jurkat->HepG2,GJA3
Jurkat->HepG2,GLB1
Jurkat->HepG2,GLE1
Jurkat->HepG2,GLI4
Jurkat->HepG2,GLMN
Jurkat->HepG2,GLRX3
Jurkat->HepG2,GLRX5
Jurkat->HepG2,GMIP
Jurkat->HepG2,GMPPB
Jurkat->HepG2,GMPS
Jurkat->HepG2,GNB1L
Jurkat->HepG2,GNL2
Jurkat->HepG2,GNL3
Jurkat->HepG2,GNL3L
Jurkat->HepG2,GNPAT
Jurkat->HepG2,GNPNAT1
Jurkat->HepG2,GOLGA6L1
Jurkat->HepG2,GOLT1B
Jurkat->HepG2,GON4L
Jurkat->HepG2,GOSR2
Jurkat->HepG2,GPKOW
Jurkat->HepG2,GPN1
Jurkat->HepG2,GPN2
Jurkat->HepG2,GPN3
Jurkat->HepG2,GPR61
Jurkat->HepG2,GPS1
Jurkat->HepG2,GPS2
Jurkat->HepG2,GRB2
Jurkat->HepG2,GRPEL1
Jurkat->HepG2,GRSF1
Jurkat->HepG2,GRWD1
Jurkat->HepG2,GSDMA
Jurkat->HepG2,GSK3B
Jurkat->HepG2,GSPT1
Jurkat->HepG2,GTF2A1
Jurkat->HepG2,GTF2A2
Jurkat->HepG2,GTF2B
Jurkat->HepG2,GTF2E1
Jurkat->HepG2,GTF2E2
Jurkat->HepG2,GTF2F1
Jurkat->HepG2,GTF2F2
Jurkat->HepG2,GTF2H1
Jurkat->HepG2,GTF2H2
Jurkat->HepG2,GTF2H2C
Jurkat->HepG2,GTF2H3
Jurkat->HepG2,GTF2H4
Jurkat->HepG2,GTF3A
Jurkat->HepG2,GTF3C1
Jurkat->HepG2,GTF3C2
Jurkat->HepG2,GTF3C3
Jurkat->HepG2,GTF3C4
Jurkat->HepG2,GTF3C5
Jurkat->HepG2,GTF3C6
Jurkat->HepG2,GTPBP4
Jurkat->HepG2,GUCD1
Jurkat->HepG2,GUK1
Jurkat->HepG2,GYG1
Jurkat->HepG2,H2AFX
Jurkat->HepG2,H2AFZ
Jurkat->HepG2,H3F3A
Jurkat->HepG2,HAMP
Jurkat->HepG2,HAPLN2
Jurkat->HepG2,HARS
Jurkat->HepG2,HARS2
Jurkat->HepG2,HAUS1
Jurkat->HepG2,HAUS3
Jurkat->HepG2,HAUS4
Jurkat->HepG2,HAUS5
Jurkat->HepG2,HAUS6
Jurkat->HepG2,HAUS7
Jurkat->HepG2,HAUS8
Jurkat->HepG2,HBS1L
Jurkat->HepG2,HCFC1
Jurkat->HepG2,HCRTR1
Jurkat->HepG2,HDAC3
Jurkat->HepG2,HDAC7
Jurkat->HepG2,HEATR1
Jurkat->HepG2,HECTD1
Jurkat->HepG2,HERC1
Jurkat->HepG2,HEXIM1
Jurkat->HepG2,HGS
Jurkat->HepG2,HHEX
Jurkat->HepG2,HINFP
Jurkat->HepG2,HIPK1
Jurkat->HepG2,HIRA
Jurkat->HepG2,HIST1H2AB
Jurkat->HepG2,HIST1H2AE
Jurkat->HepG2,HIST1H2AI
Jurkat->HepG2,HIST1H2BB
Jurkat->HepG2,HIST1H2BC
Jurkat->HepG2,HIST1H2BE
Jurkat->HepG2,HIST1H2BJ
Jurkat->HepG2,HIST1H2BL
Jurkat->HepG2,HIST1H2BM
Jurkat->HepG2,HIST1H2BN
Jurkat->HepG2,HIST2H2AA3
Jurkat->HepG2,HIST2H2AC
Jurkat->HepG2,HIST2H2BE
Jurkat->HepG2,HIST2H2BF
Jurkat->HepG2,HIST2H3A
Jurkat->HepG2,HIST2H3D
Jurkat->HepG2,HJURP
Jurkat->HepG2,HLA-C
Jurkat->HepG2,HMBOX1
Jurkat->HepG2,HMGA1
Jurkat->HepG2,HMGB1
Jurkat->HepG2,HMGB3
Jurkat->HepG2,HMGCR
Jurkat->HepG2,HMGCS1
Jurkat->HepG2,HMGN2
Jurkat->HepG2,HMX3
Jurkat->HepG2,HNRNPA1
Jurkat->HepG2,HNRNPC
Jurkat->HepG2,HNRNPDL
Jurkat->HepG2,HNRNPH1
Jurkat->HepG2,HNRNPK
Jurkat->HepG2,HNRNPL
Jurkat->HepG2,HNRNPM
Jurkat->HepG2,HNRNPR
Jurkat->HepG2,HNRNPU
Jurkat->HepG2,HOXA3
Jurkat->HepG2,HOXC10
Jurkat->HepG2,HPS5
Jurkat->HepG2,HS6ST1
Jurkat->HepG2,HSCB
Jurkat->HepG2,HSD17B10
Jurkat->HepG2,HSD17B12
Jurkat->HepG2,HSF1
Jurkat->HepG2,HSP90B1
Jurkat->HepG2,HSPA14
Jurkat->HepG2,HSPA5
Jurkat->HepG2,HSPA8
Jurkat->HepG2,HSPA9
Jurkat->HepG2,HSPD1
Jurkat->HepG2,HSPE1
Jurkat->HepG2,HSPH1
Jurkat->HepG2,HTATSF1
Jurkat->HepG2,HUS1
Jurkat->HepG2,HUWE1
Jurkat->HepG2,HYOU1
Jurkat->HepG2,HYPK
Jurkat->HepG2,IARS
Jurkat->HepG2,IARS2
Jurkat->HepG2,ICE1
Jurkat->HepG2,IFITM2
Jurkat->HepG2,IFITM3
Jurkat->HepG2,IGBP1
Jurkat->HepG2,IK
Jurkat->HepG2,ILF2
Jurkat->HepG2,ILF3
Jurkat->HepG2,IMP3
Jurkat->HepG2,IMP4
Jurkat->HepG2,IMPA2
Jurkat->HepG2,IMPDH2
Jurkat->HepG2,INF2
Jurkat->HepG2,ING3
Jurkat->HepG2,INO80
Jurkat->HepG2,INO80B
Jurkat->HepG2,INO80C
Jurkat->HepG2,INO80D
Jurkat->HepG2,INO80E
Jurkat->HepG2,INPPL1
Jurkat->HepG2,INTS1
Jurkat->HepG2,INTS10
Jurkat->HepG2,INTS11
Jurkat->HepG2,INTS12
Jurkat->HepG2,INTS13
Jurkat->HepG2,INTS14
Jurkat->HepG2,INTS2
Jurkat->HepG2,INTS3
Jurkat->HepG2,INTS4
Jurkat->HepG2,INTS5
Jurkat->HepG2,INTS6
Jurkat->HepG2,INTS7
Jurkat->HepG2,INTS8
Jurkat->HepG2,INTS9
Jurkat->HepG2,IPO11
Jurkat->HepG2,IPO13
Jurkat->HepG2,IPO7
Jurkat->HepG2,IPO9
Jurkat->HepG2,IRF2BP2
Jurkat->HepG2,ISCA2
Jurkat->HepG2,ISCU
Jurkat->HepG2,ISG20L2
Jurkat->HepG2,IST1
Jurkat->HepG2,ISY1
Jurkat->HepG2,ITGB1BP1
Jurkat->HepG2,IWS1
Jurkat->HepG2,JAZF1
Jurkat->HepG2,JMJD6
Jurkat->HepG2,KANSL1
Jurkat->HepG2,KANSL2
Jurkat->HepG2,KANSL3
Jurkat->HepG2,KARS
Jurkat->HepG2,KAT5
Jurkat->HepG2,KAT7
Jurkat->HepG2,KAT8
Jurkat->HepG2,KATNB1
Jurkat->HepG2,KCMF1
Jurkat->HepG2,KCNA10
Jurkat->HepG2,KCTD10
Jurkat->HepG2,KDM1A
Jurkat->HepG2,KDM2A
Jurkat->HepG2,KDM5C
Jurkat->HepG2,KDM6A
Jurkat->HepG2,KDM8
Jurkat->HepG2,KEAP1
Jurkat->HepG2,KIAA0586
Jurkat->HepG2,KIAA1143
Jurkat->HepG2,KIF11
Jurkat->HepG2,KIF14
Jurkat->HepG2,KIF18A
Jurkat->HepG2,KIF18B
Jurkat->HepG2,KIF20A
Jurkat->HepG2,KIF23
Jurkat->HepG2,KIF4A
Jurkat->HepG2,KIN
Jurkat->HepG2,KLC2
Jurkat->HepG2,KLF7
Jurkat->HepG2,KLHL11
Jurkat->HepG2,KLHL17
Jurkat->HepG2,KPNA6
Jurkat->HepG2,KPNB1
Jurkat->HepG2,KRI1
Jurkat->HepG2,KRR1
Jurkat->HepG2,KRT10
Jurkat->HepG2,KRT17
Jurkat->HepG2,KRT8
Jurkat->HepG2,KRTAP4-2
Jurkat->HepG2,KRTAP4-7
Jurkat->HepG2,KTI12
Jurkat->HepG2,KXD1
Jurkat->HepG2,LAMB1
Jurkat->HepG2,LAMTOR1
Jurkat->HepG2,LAMTOR2
Jurkat->HepG2,LAMTOR3
Jurkat->HepG2,LAMTOR4
Jurkat->HepG2,LARS
Jurkat->HepG2,LARS2
Jurkat->HepG2,LAS1L
Jurkat->HepG2,LCE1C
Jurkat->HepG2,LCE1E
Jurkat->HepG2,LCN10
Jurkat->HepG2,LDB1
Jurkat->HepG2,LENG8
Jurkat->HepG2,LEO1
Jurkat->HepG2,LETM1
Jurkat->HepG2,LIMS1
Jurkat->HepG2,LIN52
Jurkat->HepG2,LIN54
Jurkat->HepG2,LMO2
Jurkat->HepG2,LONP1
Jurkat->HepG2,LPA
Jurkat->HepG2,LPIN1
Jurkat->HepG2,LRP5
Jurkat->HepG2,LRPPRC
Jurkat->HepG2,LRR1
Jurkat->HepG2,LRRC37A3
Jurkat->HepG2,LRRC37B
Jurkat->HepG2,LSG1
Jurkat->HepG2,LSM10
Jurkat->HepG2,LSM11
Jurkat->HepG2,LSM12
Jurkat->HepG2,LSM2
Jurkat->HepG2,LSM3
Jurkat->HepG2,LSM4
Jurkat->HepG2,LSM5
Jurkat->HepG2,LSM6
Jurkat->HepG2,LSM7
Jurkat->HepG2,LST1
Jurkat->HepG2,LTB4R2
Jurkat->HepG2,LTBP3
Jurkat->HepG2,LTBP4
Jurkat->HepG2,LTV1
Jurkat->HepG2,LUC7L3
Jurkat->HepG2,LURAP1
Jurkat->HepG2,LYRM4
Jurkat->HepG2,LZTR1
Jurkat->HepG2,MAD2L1
Jurkat->HepG2,MAD2L2
Jurkat->HepG2,MAGOH
Jurkat->HepG2,MAK16
Jurkat->HepG2,MALSU1
Jurkat->HepG2,MANF
Jurkat->HepG2,MAP2K7
Jurkat->HepG2,MARS
Jurkat->HepG2,MARS2
Jurkat->HepG2,MASTL
Jurkat->HepG2,MAT2A
Jurkat->HepG2,MAU2
Jurkat->HepG2,MAX
Jurkat->HepG2,MBD3
Jurkat->HepG2,MBIP
Jurkat->HepG2,MBNL1
Jurkat->HepG2,MBTPS1
Jurkat->HepG2,MBTPS2
Jurkat->HepG2,MCEE
Jurkat->HepG2,MCL1
Jurkat->HepG2,MCM10
Jurkat->HepG2,MCM2
Jurkat->HepG2,MCM3
Jurkat->HepG2,MCM3AP
Jurkat->HepG2,MCM4
Jurkat->HepG2,MCM5
Jurkat->HepG2,MCM6
Jurkat->HepG2,MCM7
Jurkat->HepG2,MCMBP
Jurkat->HepG2,MCRS1
Jurkat->HepG2,MDN1
Jurkat->HepG2,MED1
Jurkat->HepG2,MED10
Jurkat->HepG2,MED11
Jurkat->HepG2,MED12
Jurkat->HepG2,MED14
Jurkat->HepG2,MED16
Jurkat->HepG2,MED17
Jurkat->HepG2,MED18
Jurkat->HepG2,MED19
Jurkat->HepG2,MED20
Jurkat->HepG2,MED21
Jurkat->HepG2,MED22
Jurkat->HepG2,MED24
Jurkat->HepG2,MED26
Jurkat->HepG2,MED27
Jurkat->HepG2,MED28
Jurkat->HepG2,MED29
Jurkat->HepG2,MED30
Jurkat->HepG2,MED31
Jurkat->HepG2,MED4
Jurkat->HepG2,MED6
Jurkat->HepG2,MED7
Jurkat->HepG2,MED8
Jurkat->HepG2,MED9
Jurkat->HepG2,MEF2A
Jurkat->HepG2,MEIS3
Jurkat->HepG2,MEMO1
Jurkat->HepG2,MEN1
Jurkat->HepG2,MEPCE
Jurkat->HepG2,METAP1
Jurkat->HepG2,METAP2
Jurkat->HepG2,METTL1
Jurkat->HepG2,METTL14
Jurkat->HepG2,METTL16
Jurkat->HepG2,METTL17
Jurkat->HepG2,METTL21A
Jurkat->HepG2,METTL23
Jurkat->HepG2,METTL3
Jurkat->HepG2,MEX3A
Jurkat->HepG2,MFAP1
Jurkat->HepG2,MFN2
Jurkat->HepG2,MICOS10
Jurkat->HepG2,MIER1
Jurkat->HepG2,MIOS
Jurkat->HepG2,MIPEP
Jurkat->HepG2,MIS12
Jurkat->HepG2,MIS18A
Jurkat->HepG2,MIS18BP1
Jurkat->HepG2,MKRN1
Jurkat->HepG2,MLLT6
Jurkat->HepG2,MLST8
Jurkat->HepG2,MMGT1
Jurkat->HepG2,MMP17
Jurkat->HepG2,MMS19
Jurkat->HepG2,MMS22L
Jurkat->HepG2,MNAT1
Jurkat->HepG2,MOB4
Jurkat->HepG2,MOCS3
Jurkat->HepG2,MOG
Jurkat->HepG2,MOK
Jurkat->HepG2,MON1A
Jurkat->HepG2,MPG
Jurkat->HepG2,MPHOSPH10
Jurkat->HepG2,MPHOSPH6
Jurkat->HepG2,MRGBP
Jurkat->HepG2,MRM1
Jurkat->HepG2,MRPL1
Jurkat->HepG2,MRPL10
Jurkat->HepG2,MRPL11
Jurkat->HepG2,MRPL13
Jurkat->HepG2,MRPL14
Jurkat->HepG2,MRPL15
Jurkat->HepG2,MRPL16
Jurkat->HepG2,MRPL17
Jurkat->HepG2,MRPL18
Jurkat->HepG2,MRPL19
Jurkat->HepG2,MRPL2
Jurkat->HepG2,MRPL20
Jurkat->HepG2,MRPL21
Jurkat->HepG2,MRPL22
Jurkat->HepG2,MRPL23
Jurkat->HepG2,MRPL24
Jurkat->HepG2,MRPL27
Jurkat->HepG2,MRPL28
Jurkat->HepG2,MRPL3
Jurkat->HepG2,MRPL32
Jurkat->HepG2,MRPL33
Jurkat->HepG2,MRPL34
Jurkat->HepG2,MRPL35
Jurkat->HepG2,MRPL36
Jurkat->HepG2,MRPL37
Jurkat->HepG2,MRPL38
Jurkat->HepG2,MRPL39
Jurkat->HepG2,MRPL4
Jurkat->HepG2,MRPL41
Jurkat->HepG2,MRPL42
Jurkat->HepG2,MRPL43
Jurkat->HepG2,MRPL44
Jurkat->HepG2,MRPL45
Jurkat->HepG2,MRPL46
Jurkat->HepG2,MRPL49
Jurkat->HepG2,MRPL50
Jurkat->HepG2,MRPL51
Jurkat->HepG2,MRPL53
Jurkat->HepG2,MRPL54
Jurkat->HepG2,MRPL55
Jurkat->HepG2,MRPL9
Jurkat->HepG2,MRPS10
Jurkat->HepG2,MRPS11
Jurkat->HepG2,MRPS12
Jurkat->HepG2,MRPS14
Jurkat->HepG2,MRPS16
Jurkat->HepG2,MRPS17
Jurkat->HepG2,MRPS18A
Jurkat->HepG2,MRPS18B
Jurkat->HepG2,MRPS18C
Jurkat->HepG2,MRPS2
Jurkat->HepG2,MRPS21
Jurkat->HepG2,MRPS22
Jurkat->HepG2,MRPS23
Jurkat->HepG2,MRPS24
Jurkat->HepG2,MRPS25
Jurkat->HepG2,MRPS26
Jurkat->HepG2,MRPS27
Jurkat->HepG2,MRPS28
Jurkat->HepG2,MRPS30
Jurkat->HepG2,MRPS31
Jurkat->HepG2,MRPS33
Jurkat->HepG2,MRPS34
Jurkat->HepG2,MRPS35
Jurkat->HepG2,MRPS5
Jurkat->HepG2,MRPS6
Jurkat->HepG2,MRPS7
Jurkat->HepG2,MRPS9
Jurkat->HepG2,MRTO4
Jurkat->HepG2,MSL1
Jurkat->HepG2,MSRB1
Jurkat->HepG2,MST1
Jurkat->HepG2,MSTO1
Jurkat->HepG2,MT2A
Jurkat->HepG2,MTBP
Jurkat->HepG2,MTCP1
Jurkat->HepG2,MTG2
Jurkat->HepG2,MTHFD1
Jurkat->HepG2,MTOR
Jurkat->HepG2,MTPAP
Jurkat->HepG2,MTREX
Jurkat->HepG2,MTRNR2L1
Jurkat->HepG2,MVD
Jurkat->HepG2,MVK
Jurkat->HepG2,MYB
Jurkat->HepG2,MYBBP1A
Jurkat->HepG2,MYBL2
Jurkat->HepG2,MYC
Jurkat->HepG2,MYCBP
Jurkat->HepG2,MYO1H
Jurkat->HepG2,MYSM1
Jurkat->HepG2,MZF1
Jurkat->HepG2,MZT1
Jurkat->HepG2,N6AMT1
Jurkat->HepG2,NAA10
Jurkat->HepG2,NAA15
Jurkat->HepG2,NAA20
Jurkat->HepG2,NAA25
Jurkat->HepG2,NAA30
Jurkat->HepG2,NAA35
Jurkat->HepG2,NAA38
Jurkat->HepG2,NAA50
Jurkat->HepG2,NACA
Jurkat->HepG2,NAE1
Jurkat->HepG2,NAF1
Jurkat->HepG2,NAGLU
Jurkat->HepG2,NANOG
Jurkat->HepG2,NAPA
Jurkat->HepG2,NAPG
Jurkat->HepG2,NARS
Jurkat->HepG2,NARS2
Jurkat->HepG2,NASP
Jurkat->HepG2,NAT10
Jurkat->HepG2,NBAS
Jurkat->HepG2,NBEAL1
Jurkat->HepG2,NBPF12
Jurkat->HepG2,NBPF15
Jurkat->HepG2,NBPF3
Jurkat->HepG2,NCAPD2
Jurkat->HepG2,NCAPD3
Jurkat->HepG2,NCAPG
Jurkat->HepG2,NCAPG2
Jurkat->HepG2,NCAPH
Jurkat->HepG2,NCAPH2
Jurkat->HepG2,NCBP1
Jurkat->HepG2,NCBP2
Jurkat->HepG2,NCKAP1
Jurkat->HepG2,NCL
Jurkat->HepG2,NCOA4
Jurkat->HepG2,NDC1
Jurkat->HepG2,NDC80
Jurkat->HepG2,NDOR1
Jurkat->HepG2,NDUFA11
Jurkat->HepG2,NDUFA2
Jurkat->HepG2,NDUFA3
Jurkat->HepG2,NDUFA4
Jurkat->HepG2,NDUFA6
Jurkat->HepG2,NDUFA8
Jurkat->HepG2,NDUFAB1
Jurkat->HepG2,NDUFAF3
Jurkat->HepG2,NDUFAF5
Jurkat->HepG2,NDUFAF7
Jurkat->HepG2,NDUFB10
Jurkat->HepG2,NDUFB3
Jurkat->HepG2,NDUFB4
Jurkat->HepG2,NDUFB6
Jurkat->HepG2,NDUFB7
Jurkat->HepG2,NDUFB8
Jurkat->HepG2,NDUFS3
Jurkat->HepG2,NDUFS5
Jurkat->HepG2,NDUFV2
Jurkat->HepG2,NEDD1
Jurkat->HepG2,NEDD8
Jurkat->HepG2,NEDD8-MDP1
Jurkat->HepG2,NELFA
Jurkat->HepG2,NELFB
Jurkat->HepG2,NELFCD
Jurkat->HepG2,NELFE
Jurkat->HepG2,NEMF
Jurkat->HepG2,NEPRO
Jurkat->HepG2,NF1
Jurkat->HepG2,NFATC2IP
Jurkat->HepG2,NFKBIE
Jurkat->HepG2,NFRKB
Jurkat->HepG2,NFS1
Jurkat->HepG2,NFYB
Jurkat->HepG2,NFYC
Jurkat->HepG2,NHLRC2
Jurkat->HepG2,NHP2
Jurkat->HepG2,NIFK
Jurkat->HepG2,NIP7
Jurkat->HepG2,NISCH
Jurkat->HepG2,NKAP
Jurkat->HepG2,NKAPD1
Jurkat->HepG2,NKX6-1
Jurkat->HepG2,NLE1
Jurkat->HepG2,NMD3
Jurkat->HepG2,NMT1
Jurkat->HepG2,NOB1
Jurkat->HepG2,NOC2L
Jurkat->HepG2,NOC3L
Jurkat->HepG2,NOC4L
Jurkat->HepG2,NOL10
Jurkat->HepG2,NOL11
Jurkat->HepG2,NOL12
Jurkat->HepG2,NOL6
Jurkat->HepG2,NOL7
Jurkat->HepG2,NOL8
Jurkat->HepG2,NOL9
Jurkat->HepG2,NOLC1
Jurkat->HepG2,NOM1
Jurkat->HepG2,NOMO1
Jurkat->HepG2,NOMO3
Jurkat->HepG2,NOP10
Jurkat->HepG2,NOP14
Jurkat->HepG2,NOP16
Jurkat->HepG2,NOP2
Jurkat->HepG2,NOP56
Jurkat->HepG2,NOP58
Jurkat->HepG2,NOP9
Jurkat->HepG2,NOS1AP
Jurkat->HepG2,NPAT
Jurkat->HepG2,NPB
Jurkat->HepG2,NPEPPS
Jurkat->HepG2,NPLOC4
Jurkat->HepG2,NPM1
Jurkat->HepG2,NPM3
Jurkat->HepG2,NR2C2AP
Jurkat->HepG2,NRBP1
Jurkat->HepG2,NRDE2
Jurkat->HepG2,NRF1
Jurkat->HepG2,NSA2
Jurkat->HepG2,NSF
Jurkat->HepG2,NSL1
Jurkat->HepG2,NSMCE1
Jurkat->HepG2,NSMCE2
Jurkat->HepG2,NSRP1
Jurkat->HepG2,NSUN4
Jurkat->HepG2,NUB1
Jurkat->HepG2,NUBP1
Jurkat->HepG2,NUBP2
Jurkat->HepG2,NUDC
Jurkat->HepG2,NUDCD3
Jurkat->HepG2,NUDT15
Jurkat->HepG2,NUDT21
Jurkat->HepG2,NUF2
Jurkat->HepG2,NUFIP1
Jurkat->HepG2,NUMA1
Jurkat->HepG2,NUP107
Jurkat->HepG2,NUP133
Jurkat->HepG2,NUP153
Jurkat->HepG2,NUP155
Jurkat->HepG2,NUP160
Jurkat->HepG2,NUP205
Jurkat->HepG2,NUP214
Jurkat->HepG2,NUP35
Jurkat->HepG2,NUP43
Jurkat->HepG2,NUP54
Jurkat->HepG2,NUP62
Jurkat->HepG2,NUP85
Jurkat->HepG2,NUP88
Jurkat->HepG2,NUP93
Jurkat->HepG2,NUP98
Jurkat->HepG2,NUS1
Jurkat->HepG2,NUTF2
Jurkat->HepG2,NVL
Jurkat->HepG2,NXF1
Jurkat->HepG2,OGFOD1
Jurkat->HepG2,OGT
Jurkat->HepG2,OIP5
Jurkat->HepG2,OLFML3
Jurkat->HepG2,OPA1
Jurkat->HepG2,OR1D2
Jurkat->HepG2,OR1E2
Jurkat->HepG2,OR2A1
Jurkat->HepG2,OR2T29
Jurkat->HepG2,OR2T5
Jurkat->HepG2,OR4F4
Jurkat->HepG2,OR4K1
Jurkat->HepG2,OR4N2
Jurkat->HepG2,OR7A10
Jurkat->HepG2,OR7A17
Jurkat->HepG2,ORC1
Jurkat->HepG2,ORC3
Jurkat->HepG2,ORC4
Jurkat->HepG2,ORC5
Jurkat->HepG2,ORC6
Jurkat->HepG2,OSBP
Jurkat->HepG2,OSGEP
Jurkat->HepG2,OSTC
Jurkat->HepG2,OTOP1
Jurkat->HepG2,OTX1
Jurkat->HepG2,OVCA2
Jurkat->HepG2,OXA1L
Jurkat->HepG2,PABPC1
Jurkat->HepG2,PABPC4
Jurkat->HepG2,PABPN1
Jurkat->HepG2,PAF1
Jurkat->HepG2,PAFAH1B1
Jurkat->HepG2,PAK1IP1
Jurkat->HepG2,PALB2
Jurkat->HepG2,PAM16
Jurkat->HepG2,PARN
Jurkat->HepG2,PARS2
Jurkat->HepG2,PAXBP1
Jurkat->HepG2,PC
Jurkat->HepG2,PCBP1
Jurkat->HepG2,PCBP2
Jurkat->HepG2,PCF11
Jurkat->HepG2,PCID2
Jurkat->HepG2,PCM1
Jurkat->HepG2,PCNA
Jurkat->HepG2,PCNX3
Jurkat->HepG2,PDAP1
Jurkat->HepG2,PDCD11
Jurkat->HepG2,PDCD2
Jurkat->HepG2,PDCD5
Jurkat->HepG2,PDCD6
Jurkat->HepG2,PDCD6IP
Jurkat->HepG2,PDCD7
Jurkat->HepG2,PDHA1
Jurkat->HepG2,PDPK1
Jurkat->HepG2,PDRG1
Jurkat->HepG2,PEF1
Jurkat->HepG2,PELO
Jurkat->HepG2,PELP1
Jurkat->HepG2,PES1
Jurkat->HepG2,PET117
Jurkat->HepG2,PEX1
Jurkat->HepG2,PEX19
Jurkat->HepG2,PFDN1
Jurkat->HepG2,PFDN2
Jurkat->HepG2,PFDN4
Jurkat->HepG2,PFDN5
Jurkat->HepG2,PFDN6
Jurkat->HepG2,PFN1
Jurkat->HepG2,PGAM1
Jurkat->HepG2,PGAM5
Jurkat->HepG2,PGD
Jurkat->HepG2,PGK1
Jurkat->HepG2,PGPEP1
Jurkat->HepG2,PGS1
Jurkat->HepG2,PHAX
Jurkat->HepG2,PHB
Jurkat->HepG2,PHB2
Jurkat->HepG2,PHF10
Jurkat->HepG2,PHF12
Jurkat->HepG2,PHF5A
Jurkat->HepG2,PI4KA
Jurkat->HepG2,PIAS1
Jurkat->HepG2,PIAS4
Jurkat->HepG2,PIGH
Jurkat->HepG2,PIK3C3
Jurkat->HepG2,PIK3R4
Jurkat->HepG2,PIP4K2C
Jurkat->HepG2,PITRM1
Jurkat->HepG2,PKM
Jurkat->HepG2,PKMYT1
Jurkat->HepG2,PLA2G10
Jurkat->HepG2,PLEKHN1
Jurkat->HepG2,PLK1
Jurkat->HepG2,PLK4
Jurkat->HepG2,PLRG1
Jurkat->HepG2,PMF1
Jurkat->HepG2,PMPCA
Jurkat->HepG2,PMPCB
Jurkat->HepG2,PNISR
Jurkat->HepG2,PNKP
Jurkat->HepG2,PNN
Jurkat->HepG2,PNO1
Jurkat->HepG2,PNPT1
Jurkat->HepG2,POGLUT3
Jurkat->HepG2,POGZ
Jurkat->HepG2,POLA1
Jurkat->HepG2,POLA2
Jurkat->HepG2,POLD1
Jurkat->HepG2,POLD2
Jurkat->HepG2,POLD3
Jurkat->HepG2,POLE
Jurkat->HepG2,POLE2
Jurkat->HepG2,POLG
Jurkat->HepG2,POLG2
Jurkat->HepG2,POLL
Jurkat->HepG2,POLR1A
Jurkat->HepG2,POLR1B
Jurkat->HepG2,POLR1C
Jurkat->HepG2,POLR1D
Jurkat->HepG2,POLR1E
Jurkat->HepG2,POLR2A
Jurkat->HepG2,POLR2B
Jurkat->HepG2,POLR2C
Jurkat->HepG2,POLR2D
Jurkat->HepG2,POLR2E
Jurkat->HepG2,POLR2F
Jurkat->HepG2,POLR2G
Jurkat->HepG2,POLR2H
Jurkat->HepG2,POLR2I
Jurkat->HepG2,POLR2K
Jurkat->HepG2,POLR2L
Jurkat->HepG2,POLR2M
Jurkat->HepG2,POLR3A
Jurkat->HepG2,POLR3B
Jurkat->HepG2,POLR3C
Jurkat->HepG2,POLR3D
Jurkat->HepG2,POLR3E
Jurkat->HepG2,POLR3F
Jurkat->HepG2,POLR3H
Jurkat->HepG2,POLR3K
Jurkat->HepG2,POLRMT
Jurkat->HepG2,POP1
Jurkat->HepG2,POP4
Jurkat->HepG2,POP5
Jurkat->HepG2,POP7
Jurkat->HepG2,POT1
Jurkat->HepG2,POTEI
Jurkat->HepG2,POU3F1
Jurkat->HepG2,POU5F1B
Jurkat->HepG2,PPA1
Jurkat->HepG2,PPA2
Jurkat->HepG2,PPAN
Jurkat->HepG2,PPARGC1B
Jurkat->HepG2,PPIA
Jurkat->HepG2,PPIE
Jurkat->HepG2,PPIH
Jurkat->HepG2,PPIL1
Jurkat->HepG2,PPIL2
Jurkat->HepG2,PPIL4
Jurkat->HepG2,PPME1
Jurkat->HepG2,PPP1CA
Jurkat->HepG2,PPP1CB
Jurkat->HepG2,PPP1R10
Jurkat->HepG2,PPP1R11
Jurkat->HepG2,PPP1R12A
Jurkat->HepG2,PPP1R15B
Jurkat->HepG2,PPP1R2
Jurkat->HepG2,PPP1R37
Jurkat->HepG2,PPP1R7
Jurkat->HepG2,PPP1R8
Jurkat->HepG2,PPP2CA
Jurkat->HepG2,PPP2CB
Jurkat->HepG2,PPP2R1A
Jurkat->HepG2,PPP2R3C
Jurkat->HepG2,PPP4C
Jurkat->HepG2,PPP4R2
Jurkat->HepG2,PPP6C
Jurkat->HepG2,PPRC1
Jurkat->HepG2,PPWD1
Jurkat->HepG2,PPY
Jurkat->HepG2,PRC1
Jurkat->HepG2,PRDM10
Jurkat->HepG2,PRDM4
Jurkat->HepG2,PRDM8
Jurkat->HepG2,PREB
Jurkat->HepG2,PRELID1
Jurkat->HepG2,PRELID3B
Jurkat->HepG2,PRIM1
Jurkat->HepG2,PRIM2
Jurkat->HepG2,PRKCA
Jurkat->HepG2,PRKRA
Jurkat->HepG2,PRKRIP1
Jurkat->HepG2,PRMT1
Jurkat->HepG2,PRMT5
Jurkat->HepG2,PRODH
Jurkat->HepG2,PRORP
Jurkat->HepG2,PRPF18
Jurkat->HepG2,PRPF19
Jurkat->HepG2,PRPF3
Jurkat->HepG2,PRPF31
Jurkat->HepG2,PRPF38A
Jurkat->HepG2,PRPF38B
Jurkat->HepG2,PRPF39
Jurkat->HepG2,PRPF4
Jurkat->HepG2,PRPF40A
Jurkat->HepG2,PRPF4B
Jurkat->HepG2,PRPF6
Jurkat->HepG2,PRPF8
Jurkat->HepG2,PRRC2A
Jurkat->HepG2,PRSS50
Jurkat->HepG2,PRXL2A
Jurkat->HepG2,PSAT1
Jurkat->HepG2,PSMA1
Jurkat->HepG2,PSMA2
Jurkat->HepG2,PSMA3
Jurkat->HepG2,PSMA4
Jurkat->HepG2,PSMA5
Jurkat->HepG2,PSMA6
Jurkat->HepG2,PSMA7
Jurkat->HepG2,PSMB1
Jurkat->HepG2,PSMB2
Jurkat->HepG2,PSMB3
Jurkat->HepG2,PSMB4
Jurkat->HepG2,PSMB5
Jurkat->HepG2,PSMB6
Jurkat->HepG2,PSMB7
Jurkat->HepG2,PSMC1
Jurkat->HepG2,PSMC2
Jurkat->HepG2,PSMC3
Jurkat->HepG2,PSMC4
Jurkat->HepG2,PSMC5
Jurkat->HepG2,PSMC6
Jurkat->HepG2,PSMD1
Jurkat->HepG2,PSMD11
Jurkat->HepG2,PSMD12
Jurkat->HepG2,PSMD13
Jurkat->HepG2,PSMD14
Jurkat->HepG2,PSMD2
Jurkat->HepG2,PSMD3
Jurkat->HepG2,PSMD4
Jurkat->HepG2,PSMD6
Jurkat->HepG2,PSMD7
Jurkat->HepG2,PSMD8
Jurkat->HepG2,PSMD9
Jurkat->HepG2,PSME1
Jurkat->HepG2,PSME2
Jurkat->HepG2,PSMG1
Jurkat->HepG2,PSMG2
Jurkat->HepG2,PSMG3
Jurkat->HepG2,PSMG4
Jurkat->HepG2,PSTK
Jurkat->HepG2,PTBP1
Jurkat->HepG2,PTCD1
Jurkat->HepG2,PTCD3
Jurkat->HepG2,PTEN
Jurkat->HepG2,PTGR2
Jurkat->HepG2,PTK2
Jurkat->HepG2,PTMA
Jurkat->HepG2,PTPMT1
Jurkat->HepG2,PTPN1
Jurkat->HepG2,PTPN11
Jurkat->HepG2,PTPN23
Jurkat->HepG2,PUF60
Jurkat->HepG2,PUM1
Jurkat->HepG2,PWP1
Jurkat->HepG2,PWP2
Jurkat->HepG2,PXN
Jurkat->HepG2,PYROXD1
Jurkat->HepG2,PYURF
Jurkat->HepG2,QARS
Jurkat->HepG2,QRSL1
Jurkat->HepG2,RAB18
Jurkat->HepG2,RAB4A
Jurkat->HepG2,RAB4B
Jurkat->HepG2,RAB6A
Jurkat->HepG2,RABGGTA
Jurkat->HepG2,RABGGTB
Jurkat->HepG2,RAC1
Jurkat->HepG2,RAC3
Jurkat->HepG2,RACGAP1
Jurkat->HepG2,RACK1
Jurkat->HepG2,RAD17
Jurkat->HepG2,RAD21
Jurkat->HepG2,RAD51
Jurkat->HepG2,RAD51C
Jurkat->HepG2,RAD51D
Jurkat->HepG2,RAD9A
Jurkat->HepG2,RAE1
Jurkat->HepG2,RAMAC
Jurkat->HepG2,RAN
Jurkat->HepG2,RANBP2
Jurkat->HepG2,RANGAP1
Jurkat->HepG2,RARS
Jurkat->HepG2,RARS2
Jurkat->HepG2,RBBP4
Jurkat->HepG2,RBBP5
Jurkat->HepG2,RBBP6
Jurkat->HepG2,RBBP8
Jurkat->HepG2,RBM10
Jurkat->HepG2,RBM12
Jurkat->HepG2,RBM14-RBM4
Jurkat->HepG2,RBM15
Jurkat->HepG2,RBM17
Jurkat->HepG2,RBM19
Jurkat->HepG2,RBM22
Jurkat->HepG2,RBM25
Jurkat->HepG2,RBM28
Jurkat->HepG2,RBM33
Jurkat->HepG2,RBM39
Jurkat->HepG2,RBM4
Jurkat->HepG2,RBM42
Jurkat->HepG2,RBM48
Jurkat->HepG2,RBM8A
Jurkat->HepG2,RBMX
Jurkat->HepG2,RBMX2
Jurkat->HepG2,RBMXL1
Jurkat->HepG2,RBX1
Jurkat->HepG2,RCC1
Jurkat->HepG2,RCCD1
Jurkat->HepG2,RCL1
Jurkat->HepG2,RCOR1
Jurkat->HepG2,RELL2
Jurkat->HepG2,REV3L
Jurkat->HepG2,REXO2
Jurkat->HepG2,RFC1
Jurkat->HepG2,RFC2
Jurkat->HepG2,RFC3
Jurkat->HepG2,RFC4
Jurkat->HepG2,RFC5
Jurkat->HepG2,RFFL
Jurkat->HepG2,RFT1
Jurkat->HepG2,RGP1
Jurkat->HepG2,RGPD6
Jurkat->HepG2,RHOQ
Jurkat->HepG2,RHPN1
Jurkat->HepG2,RINT1
Jurkat->HepG2,RIOK1
Jurkat->HepG2,RIOK2
Jurkat->HepG2,RMI1
Jurkat->HepG2,RNASEH2C
Jurkat->HepG2,RNF103
Jurkat->HepG2,RNF113A
Jurkat->HepG2,RNF123
Jurkat->HepG2,RNF14
Jurkat->HepG2,RNF168
Jurkat->HepG2,RNF20
Jurkat->HepG2,RNF31
Jurkat->HepG2,RNF4
Jurkat->HepG2,RNF40
Jurkat->HepG2,RNF8
Jurkat->HepG2,RNGTT
Jurkat->HepG2,RNMT
Jurkat->HepG2,RNPC3
Jurkat->HepG2,RNPS1
Jurkat->HepG2,ROMO1
Jurkat->HepG2,RPA1
Jurkat->HepG2,RPA2
Jurkat->HepG2,RPA3
Jurkat->HepG2,RPAIN
Jurkat->HepG2,RPAP1
Jurkat->HepG2,RPAP2
Jurkat->HepG2,RPAP3
Jurkat->HepG2,RPE
Jurkat->HepG2,RPF1
Jurkat->HepG2,RPF2
Jurkat->HepG2,RPIA
Jurkat->HepG2,RPL10
Jurkat->HepG2,RPL10A
Jurkat->HepG2,RPL11
Jurkat->HepG2,RPL12
Jurkat->HepG2,RPL13
Jurkat->HepG2,RPL13A
Jurkat->HepG2,RPL14
Jurkat->HepG2,RPL15
Jurkat->HepG2,RPL17
Jurkat->HepG2,RPL18
Jurkat->HepG2,RPL18A
Jurkat->HepG2,RPL19
Jurkat->HepG2,RPL21
Jurkat->HepG2,RPL23
Jurkat->HepG2,RPL23A
Jurkat->HepG2,RPL24
Jurkat->HepG2,RPL26
Jurkat->HepG2,RPL26L1
Jurkat->HepG2,RPL27
Jurkat->HepG2,RPL27A
Jurkat->HepG2,RPL28
Jurkat->HepG2,RPL29
Jurkat->HepG2,RPL3
Jurkat->HepG2,RPL30
Jurkat->HepG2,RPL31
Jurkat->HepG2,RPL32
Jurkat->HepG2,RPL34
Jurkat->HepG2,RPL35
Jurkat->HepG2,RPL35A
Jurkat->HepG2,RPL36
Jurkat->HepG2,RPL36A
Jurkat->HepG2,RPL36AL
Jurkat->HepG2,RPL37
Jurkat->HepG2,RPL37A
Jurkat->HepG2,RPL38
Jurkat->HepG2,RPL39
Jurkat->HepG2,RPL4
Jurkat->HepG2,RPL41
Jurkat->HepG2,RPL5
Jurkat->HepG2,RPL6
Jurkat->HepG2,RPL7
Jurkat->HepG2,RPL7A
Jurkat->HepG2,RPL7L1
Jurkat->HepG2,RPL8
Jurkat->HepG2,RPL9
Jurkat->HepG2,RPLP0
Jurkat->HepG2,RPLP1
Jurkat->HepG2,RPLP2
Jurkat->HepG2,RPN1
Jurkat->HepG2,RPN2
Jurkat->HepG2,RPP14
Jurkat->HepG2,RPP21
Jurkat->HepG2,RPP30
Jurkat->HepG2,RPP38
Jurkat->HepG2,RPP40
Jurkat->HepG2,RPRD1B
Jurkat->HepG2,RPS10
Jurkat->HepG2,RPS10-NUDT3
Jurkat->HepG2,RPS11
Jurkat->HepG2,RPS12
Jurkat->HepG2,RPS13
Jurkat->HepG2,RPS14
Jurkat->HepG2,RPS15
Jurkat->HepG2,RPS15A
Jurkat->HepG2,RPS16
Jurkat->HepG2,RPS17
Jurkat->HepG2,RPS18
Jurkat->HepG2,RPS19
Jurkat->HepG2,RPS19BP1
Jurkat->HepG2,RPS2
Jurkat->HepG2,RPS20
Jurkat->HepG2,RPS21
Jurkat->HepG2,RPS23
Jurkat->HepG2,RPS24
Jurkat->HepG2,RPS25
Jurkat->HepG2,RPS26
Jurkat->HepG2,RPS27
Jurkat->HepG2,RPS27A
Jurkat->HepG2,RPS28
Jurkat->HepG2,RPS29
Jurkat->HepG2,RPS3
Jurkat->HepG2,RPS3A
Jurkat->HepG2,RPS4X
Jurkat->HepG2,RPS5
Jurkat->HepG2,RPS6
Jurkat->HepG2,RPS7
Jurkat->HepG2,RPS8
Jurkat->HepG2,RPS9
Jurkat->HepG2,RPSA
Jurkat->HepG2,RPTOR
Jurkat->HepG2,RPUSD3
Jurkat->HepG2,RPUSD4
Jurkat->HepG2,RRM1
Jurkat->HepG2,RRM2
Jurkat->HepG2,RRN3
Jurkat->HepG2,RRP1
Jurkat->HepG2,RRP12
Jurkat->HepG2,RRP15
Jurkat->HepG2,RRP7A
Jurkat->HepG2,RRP9
Jurkat->HepG2,RRS1
Jurkat->HepG2,RSL1D1
Jurkat->HepG2,RSL24D1
Jurkat->HepG2,RSRC2
Jurkat->HepG2,RTCB
Jurkat->HepG2,RTEL1
Jurkat->HepG2,RTF1
Jurkat->HepG2,RTRAF
Jurkat->HepG2,RTTN
Jurkat->HepG2,RUVBL1
Jurkat->HepG2,RUVBL2
Jurkat->HepG2,S100A1
Jurkat->HepG2,SACM1L
Jurkat->HepG2,SAE1
Jurkat->HepG2,SAMD4B
Jurkat->HepG2,SAMM50
Jurkat->HepG2,SAP130
Jurkat->HepG2,SAP18
Jurkat->HepG2,SAP30BP
Jurkat->HepG2,SARNP
Jurkat->HepG2,SARS
Jurkat->HepG2,SARS2
Jurkat->HepG2,SART1
Jurkat->HepG2,SART3
Jurkat->HepG2,SASS6
Jurkat->HepG2,SBDS
Jurkat->HepG2,SBNO1
Jurkat->HepG2,SCAF1
Jurkat->HepG2,SCAP
Jurkat->HepG2,SCD
Jurkat->HepG2,SCFD1
Jurkat->HepG2,SCNM1
Jurkat->HepG2,SDAD1
Jurkat->HepG2,SDC1
Jurkat->HepG2,SDE2
Jurkat->HepG2,SDHA
Jurkat->HepG2,SDHAF2
Jurkat->HepG2,SDHC
Jurkat->HepG2,SDHD
Jurkat->HepG2,SDR39U1
Jurkat->HepG2,SEC13
Jurkat->HepG2,SEC16A
Jurkat->HepG2,SEC61A1
Jurkat->HepG2,SEC61B
Jurkat->HepG2,SEC61G
Jurkat->HepG2,SEC62
Jurkat->HepG2,SEC63
Jurkat->HepG2,SEH1L
Jurkat->HepG2,SEM1
Jurkat->HepG2,SENP6
Jurkat->HepG2,SEPHS2
Jurkat->HepG2,SEPSECS
Jurkat->HepG2,SERBP1
Jurkat->HepG2,SERF2
Jurkat->HepG2,SERPINB1
Jurkat->HepG2,SET
Jurkat->HepG2,SETD1A
Jurkat->HepG2,SETD2
Jurkat->HepG2,SETD5
Jurkat->HepG2,SETDB1
Jurkat->HepG2,SETX
Jurkat->HepG2,SF1
Jurkat->HepG2,SF3A1
Jurkat->HepG2,SF3A2
Jurkat->HepG2,SF3A3
Jurkat->HepG2,SF3B1
Jurkat->HepG2,SF3B2
Jurkat->HepG2,SF3B3
Jurkat->HepG2,SF3B4
Jurkat->HepG2,SF3B5
Jurkat->HepG2,SFPQ
Jurkat->HepG2,SFSWAP
Jurkat->HepG2,SGPP1
Jurkat->HepG2,SH3KBP1
Jurkat->HepG2,SHC1
Jurkat->HepG2,SHOC2
Jurkat->HepG2,SHQ1
Jurkat->HepG2,SIGLEC14
Jurkat->HepG2,SIN3A
Jurkat->HepG2,SIRT7
Jurkat->HepG2,SKA1
Jurkat->HepG2,SKA3
Jurkat->HepG2,SKP1
Jurkat->HepG2,SKP2
Jurkat->HepG2,SLBP
Jurkat->HepG2,SLC16A5
Jurkat->HepG2,SLC1A5
Jurkat->HepG2,SLC25A10
Jurkat->HepG2,SLC25A26
Jurkat->HepG2,SLC25A3
Jurkat->HepG2,SLC25A42
Jurkat->HepG2,SLC2A8
Jurkat->HepG2,SLC35A4
Jurkat->HepG2,SLC35B1
Jurkat->HepG2,SLC35G2
Jurkat->HepG2,SLC35G6
Jurkat->HepG2,SLC39A10
Jurkat->HepG2,SLC39A7
Jurkat->HepG2,SLC39A9
Jurkat->HepG2,SLC4A5
Jurkat->HepG2,SLC7A5
Jurkat->HepG2,SLC7A6OS
Jurkat->HepG2,SLC9B1
Jurkat->HepG2,SLU7
Jurkat->HepG2,SMAGP
Jurkat->HepG2,SMARCB1
Jurkat->HepG2,SMARCC1
Jurkat->HepG2,SMARCE1
Jurkat->HepG2,SMC1A
Jurkat->HepG2,SMC2
Jurkat->HepG2,SMC3
Jurkat->HepG2,SMC4
Jurkat->HepG2,SMC5
Jurkat->HepG2,SMC6
Jurkat->HepG2,SMG1
Jurkat->HepG2,SMG5
Jurkat->HepG2,SMG6
Jurkat->HepG2,SMG7
Jurkat->HepG2,SMG8
Jurkat->HepG2,SMG9
Jurkat->HepG2,SMN2
Jurkat->HepG2,SMNDC1
Jurkat->HepG2,SMU1
Jurkat->HepG2,SMUG1
Jurkat->HepG2,SNAPC1
Jurkat->HepG2,SNAPC2
Jurkat->HepG2,SNAPC3
Jurkat->HepG2,SNAPC4
Jurkat->HepG2,SNAPC5
Jurkat->HepG2,SNF8
Jurkat->HepG2,SNIP1
Jurkat->HepG2,SNRNP200
Jurkat->HepG2,SNRNP25
Jurkat->HepG2,SNRNP27
Jurkat->HepG2,SNRNP35
Jurkat->HepG2,SNRNP40
Jurkat->HepG2,SNRNP48
Jurkat->HepG2,SNRNP70
Jurkat->HepG2,SNRPA
Jurkat->HepG2,SNRPA1
Jurkat->HepG2,SNRPB
Jurkat->HepG2,SNRPC
Jurkat->HepG2,SNRPD1
Jurkat->HepG2,SNRPD2
Jurkat->HepG2,SNRPD3
Jurkat->HepG2,SNRPE
Jurkat->HepG2,SNRPF
Jurkat->HepG2,SNRPG
Jurkat->HepG2,SNTB2
Jurkat->HepG2,SNUPN
Jurkat->HepG2,SNW1
Jurkat->HepG2,SNX15
Jurkat->HepG2,SOD1
Jurkat->HepG2,SOD2
Jurkat->HepG2,SON
Jurkat->HepG2,SP1
Jurkat->HepG2,SP2
Jurkat->HepG2,SPAG7
Jurkat->HepG2,SPATA5
Jurkat->HepG2,SPATA5L1
Jurkat->HepG2,SPC24
Jurkat->HepG2,SPC25
Jurkat->HepG2,SPCS2
Jurkat->HepG2,SPCS3
Jurkat->HepG2,SPDL1
Jurkat->HepG2,SPDYE2
Jurkat->HepG2,SPEN
Jurkat->HepG2,SPG7
Jurkat->HepG2,SPOUT1
Jurkat->HepG2,SPRTN
Jurkat->HepG2,SPTLC1
Jurkat->HepG2,SPTSSA
Jurkat->HepG2,SRA1
Jurkat->HepG2,SRBD1
Jurkat->HepG2,SRCAP
Jurkat->HepG2,SRF
Jurkat->HepG2,SRFBP1
Jurkat->HepG2,SRP14
Jurkat->HepG2,SRP19
Jurkat->HepG2,SRP54
Jurkat->HepG2,SRP68
Jurkat->HepG2,SRP72
Jurkat->HepG2,SRP9
Jurkat->HepG2,SRPRB
Jurkat->HepG2,SRRM1
Jurkat->HepG2,SRRM2
Jurkat->HepG2,SRRT
Jurkat->HepG2,SRSF1
Jurkat->HepG2,SRSF10
Jurkat->HepG2,SRSF11
Jurkat->HepG2,SRSF2
Jurkat->HepG2,SRSF3
Jurkat->HepG2,SRSF6
Jurkat->HepG2,SRSF7
Jurkat->HepG2,SS18L2
Jurkat->HepG2,SSBP1
Jurkat->HepG2,SSBP3
Jurkat->HepG2,SSRP1
Jurkat->HepG2,SSU72
Jurkat->HepG2,SSX4
Jurkat->HepG2,STAG2
Jurkat->HepG2,STARD7
Jurkat->HepG2,STAT5A
Jurkat->HepG2,STAT5B
Jurkat->HepG2,STIL
Jurkat->HepG2,STRAP
Jurkat->HepG2,STRIP1
Jurkat->HepG2,STT3B
Jurkat->HepG2,STX18
Jurkat->HepG2,STX5
Jurkat->HepG2,STXBP4
Jurkat->HepG2,SUDS3
Jurkat->HepG2,SUGP1
Jurkat->HepG2,SUGT1
Jurkat->HepG2,SUMO2
Jurkat->HepG2,SUPT16H
Jurkat->HepG2,SUPT20H
Jurkat->HepG2,SUPT4H1
Jurkat->HepG2,SUPT5H
Jurkat->HepG2,SUPT6H
Jurkat->HepG2,SUPV3L1
Jurkat->HepG2,SURF6
Jurkat->HepG2,SYF2
Jurkat->HepG2,SYMPK
Jurkat->HepG2,SYNGR3
Jurkat->HepG2,SYS1
Jurkat->HepG2,TACC3
Jurkat->HepG2,TADA1
Jurkat->HepG2,TADA2A
Jurkat->HepG2,TADA2B
Jurkat->HepG2,TADA3
Jurkat->HepG2,TAF1
Jurkat->HepG2,TAF10
Jurkat->HepG2,TAF11
Jurkat->HepG2,TAF12
Jurkat->HepG2,TAF13
Jurkat->HepG2,TAF1A
Jurkat->HepG2,TAF1B
Jurkat->HepG2,TAF1C
Jurkat->HepG2,TAF1D
Jurkat->HepG2,TAF2
Jurkat->HepG2,TAF3
Jurkat->HepG2,TAF5
Jurkat->HepG2,TAF6
Jurkat->HepG2,TAF6L
Jurkat->HepG2,TAF7
Jurkat->HepG2,TAF8
Jurkat->HepG2,TAMM41
Jurkat->HepG2,TANGO6
Jurkat->HepG2,TARDBP
Jurkat->HepG2,TARS
Jurkat->HepG2,TARS2
Jurkat->HepG2,TAZ
Jurkat->HepG2,TBC1D1
Jurkat->HepG2,TBC1D28
Jurkat->HepG2,TBC1D3
Jurkat->HepG2,TBCA
Jurkat->HepG2,TBCB
Jurkat->HepG2,TBCC
Jurkat->HepG2,TBCD
Jurkat->HepG2,TBCE
Jurkat->HepG2,TBL3
Jurkat->HepG2,TBP
Jurkat->HepG2,TBPL1
Jurkat->HepG2,TBRG4
Jurkat->HepG2,TBX1
Jurkat->HepG2,TCERG1
Jurkat->HepG2,TCOF1
Jurkat->HepG2,TCP1
Jurkat->HepG2,TDGF1
Jurkat->HepG2,TEAD3
Jurkat->HepG2,TEFM
Jurkat->HepG2,TELO2
Jurkat->HepG2,TEN1
Jurkat->HepG2,TERF1
Jurkat->HepG2,TERF2
Jurkat->HepG2,TEX10
Jurkat->HepG2,TFAM
Jurkat->HepG2,TFAP4
Jurkat->HepG2,TFB1M
Jurkat->HepG2,TFB2M
Jurkat->HepG2,TFDP1
Jurkat->HepG2,TFIP11
Jurkat->HepG2,TFPT
Jurkat->HepG2,TFRC
Jurkat->HepG2,TGS1
Jurkat->HepG2,THAP1
Jurkat->HepG2,THAP11
Jurkat->HepG2,THG1L
Jurkat->HepG2,THOC1
Jurkat->HepG2,THOC2
Jurkat->HepG2,THOC3
Jurkat->HepG2,THOC5
Jurkat->HepG2,THOC6
Jurkat->HepG2,THOC7
Jurkat->HepG2,THRAP3
Jurkat->HepG2,THUMPD1
Jurkat->HepG2,TICRR
Jurkat->HepG2,TIGD1
Jurkat->HepG2,TIMELESS
Jurkat->HepG2,TIMM10
Jurkat->HepG2,TIMM13
Jurkat->HepG2,TIMM22
Jurkat->HepG2,TIMM23B
Jurkat->HepG2,TIMM44
Jurkat->HepG2,TIMM8A
Jurkat->HepG2,TIMM9
Jurkat->HepG2,TINF2
Jurkat->HepG2,TIPIN
Jurkat->HepG2,TKT
Jurkat->HepG2,TLCD1
Jurkat->HepG2,TLN1
Jurkat->HepG2,TM7SF2
Jurkat->HepG2,TMA16
Jurkat->HepG2,TMED10
Jurkat->HepG2,TMED2
Jurkat->HepG2,TMEM127
Jurkat->HepG2,TMEM161B
Jurkat->HepG2,TMEM199
Jurkat->HepG2,TMEM214
Jurkat->HepG2,TMEM240
Jurkat->HepG2,TMEM242
Jurkat->HepG2,TMEM258
Jurkat->HepG2,TMSB10
Jurkat->HepG2,TMX2
Jurkat->HepG2,TNFSF10
Jurkat->HepG2,TNNT2
Jurkat->HepG2,TNPO3
Jurkat->HepG2,TNRC6A
Jurkat->HepG2,TOE1
Jurkat->HepG2,TOMM20
Jurkat->HepG2,TOMM22
Jurkat->HepG2,TOMM40
Jurkat->HepG2,TONSL
Jurkat->HepG2,TOP1
Jurkat->HepG2,TOP2A
Jurkat->HepG2,TOP3A
Jurkat->HepG2,TOPBP1
Jurkat->HepG2,TOR2A
Jurkat->HepG2,TOX4
Jurkat->HepG2,TP53I13
Jurkat->HepG2,TP53RK
Jurkat->HepG2,TPI1
Jurkat->HepG2,TPP2
Jurkat->HepG2,TPR
Jurkat->HepG2,TPRKB
Jurkat->HepG2,TPT1
Jurkat->HepG2,TPX2
Jurkat->HepG2,TRA2B
Jurkat->HepG2,TRAIP
Jurkat->HepG2,TRAPPC1
Jurkat->HepG2,TRAPPC11
Jurkat->HepG2,TRAPPC3
Jurkat->HepG2,TRAPPC4
Jurkat->HepG2,TRAPPC5
Jurkat->HepG2,TRAPPC8
Jurkat->HepG2,TREML2
Jurkat->HepG2,TREX2
Jurkat->HepG2,TRIAP1
Jurkat->HepG2,TRIM49C
Jurkat->HepG2,TRMT10C
Jurkat->HepG2,TRMT112
Jurkat->HepG2,TRMT5
Jurkat->HepG2,TRMT6
Jurkat->HepG2,TRNP1
Jurkat->HepG2,TRNT1
Jurkat->HepG2,TRPM7
Jurkat->HepG2,TRRAP
Jurkat->HepG2,TSEN2
Jurkat->HepG2,TSEN34
Jurkat->HepG2,TSEN54
Jurkat->HepG2,TSFM
Jurkat->HepG2,TSG101
Jurkat->HepG2,TSPYL5
Jurkat->HepG2,TSR1
Jurkat->HepG2,TSR2
Jurkat->HepG2,TSSK3
Jurkat->HepG2,TTC1
Jurkat->HepG2,TTC27
Jurkat->HepG2,TTC4
Jurkat->HepG2,TTF2
Jurkat->HepG2,TTI1
Jurkat->HepG2,TTI2
Jurkat->HepG2,TTK
Jurkat->HepG2,TUBA1B
Jurkat->HepG2,TUBA1C
Jurkat->HepG2,TUBA3D
Jurkat->HepG2,TUBB
Jurkat->HepG2,TUBB2A
Jurkat->HepG2,TUBD1
Jurkat->HepG2,TUBE1
Jurkat->HepG2,TUBG1
Jurkat->HepG2,TUBGCP2
Jurkat->HepG2,TUBGCP3
Jurkat->HepG2,TUBGCP4
Jurkat->HepG2,TUBGCP5
Jurkat->HepG2,TUBGCP6
Jurkat->HepG2,TUFM
Jurkat->HepG2,TULP1
Jurkat->HepG2,TUT1
Jurkat->HepG2,TVP23C
Jurkat->HepG2,TWF1
Jurkat->HepG2,TWISTNB
Jurkat->HepG2,TWNK
Jurkat->HepG2,TWSG1
Jurkat->HepG2,TXN
Jurkat->HepG2,TXNL4A
Jurkat->HepG2,TXNL4B
Jurkat->HepG2,TYK2
Jurkat->HepG2,U2AF1
Jurkat->HepG2,U2AF2
Jurkat->HepG2,U2SURP
Jurkat->HepG2,UBA1
Jurkat->HepG2,UBA2
Jurkat->HepG2,UBA3
Jurkat->HepG2,UBA5
Jurkat->HepG2,UBA52
Jurkat->HepG2,UBAP1
Jurkat->HepG2,UBC
Jurkat->HepG2,UBE2D3
Jurkat->HepG2,UBE2H
Jurkat->HepG2,UBE2I
Jurkat->HepG2,UBE2L3
Jurkat->HepG2,UBE2M
Jurkat->HepG2,UBE2N
Jurkat->HepG2,UBE2Z
Jurkat->HepG2,UBE3C
Jurkat->HepG2,UBE3D
Jurkat->HepG2,UBL5
Jurkat->HepG2,UBQLN4
Jurkat->HepG2,UBR4
Jurkat->HepG2,UBR5
Jurkat->HepG2,UBTF
Jurkat->HepG2,UCHL5
Jurkat->HepG2,UFL1
Jurkat->HepG2,UFM1
Jurkat->HepG2,UHRF1
Jurkat->HepG2,UMPS
Jurkat->HepG2,UNC45A
Jurkat->HepG2,UNC50
Jurkat->HepG2,UNCX
Jurkat->HepG2,UPF1
Jurkat->HepG2,UPF2
Jurkat->HepG2,UPF3A
Jurkat->HepG2,UQCC2
Jurkat->HepG2,UQCRB
Jurkat->HepG2,UQCRC1
Jurkat->HepG2,UQCRC2
Jurkat->HepG2,UQCRFS1
Jurkat->HepG2,UQCRH
Jurkat->HepG2,UQCRQ
Jurkat->HepG2,URB1
Jurkat->HepG2,URB2
Jurkat->HepG2,URI1
Jurkat->HepG2,URM1
Jurkat->HepG2,UROD
Jurkat->HepG2,USF2
Jurkat->HepG2,USP10
Jurkat->HepG2,USP14
Jurkat->HepG2,USP19
Jurkat->HepG2,USP36
Jurkat->HepG2,USP37
Jurkat->HepG2,USP39
Jurkat->HepG2,USP5
Jurkat->HepG2,USP7
Jurkat->HepG2,USP8
Jurkat->HepG2,USP9X
Jurkat->HepG2,USPL1
Jurkat->HepG2,UTP11
Jurkat->HepG2,UTP15
Jurkat->HepG2,UTP18
Jurkat->HepG2,UTP20
Jurkat->HepG2,UTP23
Jurkat->HepG2,UTP25
Jurkat->HepG2,UTP3
Jurkat->HepG2,UTP6
Jurkat->HepG2,UXS1
Jurkat->HepG2,UXT
Jurkat->HepG2,VARS
Jurkat->HepG2,VARS2
Jurkat->HepG2,VBP1
Jurkat->HepG2,VCP
Jurkat->HepG2,VEZT
Jurkat->HepG2,VHL
Jurkat->HepG2,VMP1
Jurkat->HepG2,VPS13D
Jurkat->HepG2,VPS18
Jurkat->HepG2,VPS25
Jurkat->HepG2,VPS28
Jurkat->HepG2,VPS29
Jurkat->HepG2,VPS33A
Jurkat->HepG2,VPS35
Jurkat->HepG2,VPS37A
Jurkat->HepG2,VPS37C
Jurkat->HepG2,VPS41
Jurkat->HepG2,VPS51
Jurkat->HepG2,VPS54
Jurkat->HepG2,VPS72
Jurkat->HepG2,WAC
Jurkat->HepG2,WARS
Jurkat->HepG2,WBP1
Jurkat->HepG2,WBP11
Jurkat->HepG2,WBP1L
Jurkat->HepG2,WDFY3
Jurkat->HepG2,WDHD1
Jurkat->HepG2,WDR1
Jurkat->HepG2,WDR12
Jurkat->HepG2,WDR18
Jurkat->HepG2,WDR24
Jurkat->HepG2,WDR25
Jurkat->HepG2,WDR26
Jurkat->HepG2,WDR3
Jurkat->HepG2,WDR33
Jurkat->HepG2,WDR36
Jurkat->HepG2,WDR4
Jurkat->HepG2,WDR43
Jurkat->HepG2,WDR44
Jurkat->HepG2,WDR46
Jurkat->HepG2,WDR5
Jurkat->HepG2,WDR54
Jurkat->HepG2,WDR55
Jurkat->HepG2,WDR61
Jurkat->HepG2,WDR7
Jurkat->HepG2,WDR70
Jurkat->HepG2,WDR74
Jurkat->HepG2,WDR75
Jurkat->HepG2,WDR77
Jurkat->HepG2,WDR82
Jurkat->HepG2,WDR83OS
Jurkat->HepG2,WDR92
Jurkat->HepG2,WDTC1
Jurkat->HepG2,WEE1
Jurkat->HepG2,WNK1
Jurkat->HepG2,WTAP
Jurkat->HepG2,XAB2
Jurkat->HepG2,XPO1
Jurkat->HepG2,XPO5
Jurkat->HepG2,XRCC1
Jurkat->HepG2,XRCC2
Jurkat->HepG2,XRCC3
Jurkat->HepG2,XRCC5
Jurkat->HepG2,XRCC6
Jurkat->HepG2,XRN1
Jurkat->HepG2,XRN2
Jurkat->HepG2,YAE1
Jurkat->HepG2,YARS
Jurkat->HepG2,YARS2
Jurkat->HepG2,YBX1
Jurkat->HepG2,YBX3
Jurkat->HepG2,YEATS2
Jurkat->HepG2,YEATS4
Jurkat->HepG2,YJEFN3
Jurkat->HepG2,YKT6
Jurkat->HepG2,YPEL1
Jurkat->HepG2,YPEL5
Jurkat->HepG2,YRDC
Jurkat->HepG2,YTHDC1
Jurkat->HepG2,YY1
Jurkat->HepG2,ZBTB11
Jurkat->HepG2,ZBTB14
Jurkat->HepG2,ZBTB17
Jurkat->HepG2,ZBTB4
Jurkat->HepG2,ZBTB44
Jurkat->HepG2,ZC3H13
Jurkat->HepG2,ZC3H18
Jurkat->HepG2,ZC3H3
Jurkat->HepG2,ZC3H4
Jurkat->HepG2,ZC3H8
Jurkat->HepG2,ZCCHC9
Jurkat->HepG2,ZCRB1
Jurkat->HepG2,ZDHHC7
Jurkat->HepG2,ZFC3H1
Jurkat->HepG2,ZFP69B
Jurkat->HepG2,ZFR
Jurkat->HepG2,ZMAT2
Jurkat->HepG2,ZMAT5
Jurkat->HepG2,ZMYM4
Jurkat->HepG2,ZNF100
Jurkat->HepG2,ZNF131
Jurkat->HepG2,ZNF133
Jurkat->HepG2,ZNF143
Jurkat->HepG2,ZNF207
Jurkat->HepG2,ZNF236
Jurkat->HepG2,ZNF24
Jurkat->HepG2,ZNF253
Jurkat->HepG2,ZNF284
Jurkat->HepG2,ZNF292
Jurkat->HepG2,ZNF317
Jurkat->HepG2,ZNF335
Jurkat->HepG2,ZNF407
Jurkat->HepG2,ZNF468
Jurkat->HepG2,ZNF492
Jurkat->HepG2,ZNF506
Jurkat->HepG2,ZNF559
Jurkat->HepG2,ZNF574
Jurkat->HepG2,ZNF658
Jurkat->HepG2,ZNF674
Jurkat->HepG2,ZNF676
Jurkat->HepG2,ZNF687
Jurkat->HepG2,ZNF706
Jurkat->HepG2,ZNF718
Jurkat->HepG2,ZNF720
Jurkat->HepG2,ZNF763
Jurkat->HepG2,ZNF787
Jurkat->HepG2,ZNF830
Jurkat->HepG2,ZNF84
Jurkat->HepG2,ZNHIT1
Jurkat->HepG2,ZNHIT2
Jurkat->HepG2,ZNHIT3
Jurkat->HepG2,ZNHIT6
Jurkat->HepG2,ZNRD1
Jurkat->HepG2,ZRANB2
Jurkat->HepG2,ZRSR2
Jurkat->HepG2,ZW10
Jurkat->HepG2,ZWINT
HCT116->HEK293T,ABCD1
HCT116->HEK293T,ACAT2
HCT116->HEK293T,ACLY
HCT116->HEK293T,ACVR1B
HCT116->HEK293T,ADNP
HCT116->HEK293T,AGO1
HCT116->HEK293T,AKAP1
HCT116->HEK293T,AKIRIN1
HCT116->HEK293T,AKT2
HCT116->HEK293T,ALG12
HCT116->HEK293T,ANKRD52
HCT116->HEK293T,ANKZF1
HCT116->HEK293T,ANP32B
HCT116->HEK293T,ANTXR1
HCT116->HEK293T,AP2A2
HCT116->HEK293T,API5
HCT116->HEK293T,ARID1A
HCT116->HEK293T,ARL14EP
HCT116->HEK293T,ASCC2
HCT116->HEK293T,ATM
HCT116->HEK293T,ATP1B1
HCT116->HEK293T,BCKDK
HCT116->HEK293T,BCL6
HCT116->HEK293T,BCL7C
HCT116->HEK293T,BIRC2
HCT116->HEK293T,BRD1
HCT116->HEK293T,BRPF1
HCT116->HEK293T,C1QBP
HCT116->HEK293T,C5orf22
HCT116->HEK293T,CALM3
HCT116->HEK293T,CAMSAP2
HCT116->HEK293T,CAND1
HCT116->HEK293T,CAPRIN2
HCT116->HEK293T,CARM1
HCT116->HEK293T,CASP2
HCT116->HEK293T,CASP3
HCT116->HEK293T,CAST
HCT116->HEK293T,CAT
HCT116->HEK293T,CCDC112
HCT116->HEK293T,CDCA2
HCT116->HEK293T,CDK8
HCT116->HEK293T,CENPO
HCT116->HEK293T,CHD3
HCT116->HEK293T,CHD6
HCT116->HEK293T,CHKB
HCT116->HEK293T,CHMP3
HCT116->HEK293T,CLCN6
HCT116->HEK293T,CLDN6
HCT116->HEK293T,CLDN7
HCT116->HEK293T,COIL
HCT116->HEK293T,COMMD8
HCT116->HEK293T,COQ10B
HCT116->HEK293T,CREG1
HCT116->HEK293T,CSNK2A1
HCT116->HEK293T,CYTH2
HCT116->HEK293T,DAXX
HCT116->HEK293T,DBF4B
HCT116->HEK293T,DBN1
HCT116->HEK293T,DCAF16
HCT116->HEK293T,DCP2
HCT116->HEK293T,DDHD1
HCT116->HEK293T,DEAF1
HCT116->HEK293T,DEK
HCT116->HEK293T,DHCR24
HCT116->HEK293T,DHRS1
HCT116->HEK293T,DHX35
HCT116->HEK293T,DHX36
HCT116->HEK293T,DLAT
HCT116->HEK293T,DLG5
HCT116->HEK293T,DMTF1
HCT116->HEK293T,DNMT1
HCT116->HEK293T,DNTTIP1
HCT116->HEK293T,DRG2
HCT116->HEK293T,DTNBP1
HCT116->HEK293T,DVL3
HCT116->HEK293T,DZIP3
HCT116->HEK293T,E2F1
HCT116->HEK293T,E2F4
HCT116->HEK293T,EAPP
HCT116->HEK293T,EEF1A2
HCT116->HEK293T,EID2
HCT116->HEK293T,EIF4B
HCT116->HEK293T,ELK1
HCT116->HEK293T,EPC2
HCT116->HEK293T,EPHB2
HCT116->HEK293T,EPM2AIP1
HCT116->HEK293T,EWSR1
HCT116->HEK293T,EZH2
HCT116->HEK293T,FAM120A
HCT116->HEK293T,FCGRT
HCT116->HEK293T,FHL3
HCT116->HEK293T,FOXH1
HCT116->HEK293T,FOXN2
HCT116->HEK293T,FOXO4
HCT116->HEK293T,FUBP3
HCT116->HEK293T,FXYD5
HCT116->HEK293T,FZD2
HCT116->HEK293T,GIGYF2
HCT116->HEK293T,GLI3
HCT116->HEK293T,GLYR1
HCT116->HEK293T,GMEB2
HCT116->HEK293T,GPATCH8
HCT116->HEK293T,GRAMD1A
HCT116->HEK293T,GSK3B
HCT116->HEK293T,GTF2IRD1
HCT116->HEK293T,HAT1
HCT116->HEK293T,HDAC1
HCT116->HEK293T,HDAC8
HCT116->HEK293T,HEATR6
HCT116->HEK293T,HIRA
HCT116->HEK293T,HMGB2
HCT116->HEK293T,HMGN1
HCT116->HEK293T,HMGN3
HCT116->HEK293T,HMGN4
HCT116->HEK293T,HMGXB3
HCT116->HEK293T,HOMEZ
HCT116->HEK293T,HSBP1
HCT116->HEK293T,HSP90AB1
HCT116->HEK293T,IDE
HCT116->HEK293T,IFI27L2
HCT116->HEK293T,IFNAR2
HCT116->HEK293T,IFNGR2
HCT116->HEK293T,IGF2R
HCT116->HEK293T,IKBKG
HCT116->HEK293T,IL10RB
HCT116->HEK293T,INSIG1
HCT116->HEK293T,IREB2
HCT116->HEK293T,IRF3
HCT116->HEK293T,KAT2A
HCT116->HEK293T,KDM2B
HCT116->HEK293T,KDM5A
HCT116->HEK293T,KDR
HCT116->HEK293T,KHDRBS1
HCT116->HEK293T,KHSRP
HCT116->HEK293T,KIF1B
HCT116->HEK293T,KIF21B
HCT116->HEK293T,KIF2A
HCT116->HEK293T,KLF10
HCT116->HEK293T,KMT2A
HCT116->HEK293T,LAD1
HCT116->HEK293T,LDLR
HCT116->HEK293T,LENG1
HCT116->HEK293T,LMAN1
HCT116->HEK293T,LMBRD2
HCT116->HEK293T,LPCAT3
HCT116->HEK293T,LRPPRC
HCT116->HEK293T,LZTR1
HCT116->HEK293T,MAN2A1
HCT116->HEK293T,MAP1B
HCT116->HEK293T,MAP2K2
HCT116->HEK293T,MAP3K7
HCT116->HEK293T,MAPK12
HCT116->HEK293T,MAPK7
HCT116->HEK293T,MAPKAPK2
HCT116->HEK293T,MARCKSL1
HCT116->HEK293T,MAST2
HCT116->HEK293T,MAU2
HCT116->HEK293T,MBD4
HCT116->HEK293T,MBTPS1
HCT116->HEK293T,MED1
HCT116->HEK293T,MED12
HCT116->HEK293T,MED13
HCT116->HEK293T,MED13L
HCT116->HEK293T,MED15
HCT116->HEK293T,MED24
HCT116->HEK293T,MED25
HCT116->HEK293T,METTL14
HCT116->HEK293T,METTL17
HCT116->HEK293T,METTL3
HCT116->HEK293T,MKI67
HCT116->HEK293T,MLKL
HCT116->HEK293T,MLLT10
HCT116->HEK293T,MSANTD4
HCT116->HEK293T,MSI2
HCT116->HEK293T,MTA1
HCT116->HEK293T,MTF1
HCT116->HEK293T,MTHFSD
HCT116->HEK293T,MTM1
HCT116->HEK293T,MYD88
HCT116->HEK293T,MYPOP
HCT116->HEK293T,MYRF
HCT116->HEK293T,NABP2
HCT116->HEK293T,NAIF1
HCT116->HEK293T,NCK2
HCT116->HEK293T,NCLN
HCT116->HEK293T,NDUFB4
HCT116->HEK293T,NDUFB6
HCT116->HEK293T,NFE2L1
HCT116->HEK293T,NGLY1
HCT116->HEK293T,NICN1
HCT116->HEK293T,NIPAL3
HCT116->HEK293T,NIPSNAP3A
HCT116->HEK293T,NISCH
HCT116->HEK293T,NIT1
HCT116->HEK293T,NRAS
HCT116->HEK293T,NT5DC1
HCT116->HEK293T,NUP37
HCT116->HEK293T,OXCT1
HCT116->HEK293T,PAGR1
HCT116->HEK293T,PAN2
HCT116->HEK293T,PAPOLA
HCT116->HEK293T,PARP3
HCT116->HEK293T,PATL1
HCT116->HEK293T,PBLD
HCT116->HEK293T,PBX1
HCT116->HEK293T,PCGF1
HCT116->HEK293T,PCGF6
HCT116->HEK293T,PDCD4
HCT116->HEK293T,PDE6D
HCT116->HEK293T,PDK1
HCT116->HEK293T,PDK3
HCT116->HEK293T,PGLS
HCT116->HEK293T,PHF10
HCT116->HEK293T,PHF11
HCT116->HEK293T,PHF14
HCT116->HEK293T,PHF19
HCT116->HEK293T,PHF23
HCT116->HEK293T,PHF8
HCT116->HEK293T,PI4KB
HCT116->HEK293T,PIM2
HCT116->HEK293T,PIN1
HCT116->HEK293T,PINK1
HCT116->HEK293T,PKN3
HCT116->HEK293T,PLAGL2
HCT116->HEK293T,PLCB3
HCT116->HEK293T,PLCG1
HCT116->HEK293T,PMS1
HCT116->HEK293T,PNP
HCT116->HEK293T,POLB
HCT116->HEK293T,POLD4
HCT116->HEK293T,POR
HCT116->HEK293T,PPIF
HCT116->HEK293T,PPIP5K2
HCT116->HEK293T,PQBP1
HCT116->HEK293T,PRCP
HCT116->HEK293T,PRDX3
HCT116->HEK293T,PRKAB2
HCT116->HEK293T,PRKACA
HCT116->HEK293T,PRMT2
HCT116->HEK293T,PRMT6
HCT116->HEK293T,PRMT7
HCT116->HEK293T,PRNP
HCT116->HEK293T,PRR12
HCT116->HEK293T,PSKH1
HCT116->HEK293T,PSMB9
HCT116->HEK293T,PTMS
HCT116->HEK293T,PTOV1
HCT116->HEK293T,PTPN1
HCT116->HEK293T,PYCR1
HCT116->HEK293T,R3HCC1L
HCT116->HEK293T,RAB11FIP5
HCT116->HEK293T,RAB3B
HCT116->HEK293T,RAB5A
HCT116->HEK293T,RABEP2
HCT116->HEK293T,RAF1
HCT116->HEK293T,RBM18
HCT116->HEK293T,RBM26
HCT116->HEK293T,RBM4B
HCT116->HEK293T,RBM5
HCT116->HEK293T,RC3H2
HCT116->HEK293T,REV1
HCT116->HEK293T,RFK
HCT116->HEK293T,RNF10
HCT116->HEK293T,RNF141
HCT116->HEK293T,RNF2
HCT116->HEK293T,RRM1
HCT116->HEK293T,RSRC1
HCT116->HEK293T,S100A11
HCT116->HEK293T,SAFB
HCT116->HEK293T,SAP30L
HCT116->HEK293T,SCAF8
HCT116->HEK293T,SEMA4F
HCT116->HEK293T,SFXN4
HCT116->HEK293T,SH2D3A
HCT116->HEK293T,SHPRH
HCT116->HEK293T,SIN3B
HCT116->HEK293T,SIX4
HCT116->HEK293T,SLC25A13
HCT116->HEK293T,SLC25A3
HCT116->HEK293T,SLC39A1
HCT116->HEK293T,SLC44A1
HCT116->HEK293T,SLIRP
HCT116->HEK293T,SMAGP
HCT116->HEK293T,SMARCA4
HCT116->HEK293T,SMARCA5
HCT116->HEK293T,SMARCC2
HCT116->HEK293T,SMYD2
HCT116->HEK293T,SND1
HCT116->HEK293T,SNN
HCT116->HEK293T,SNRK
HCT116->HEK293T,SNX4
HCT116->HEK293T,SOCS5
HCT116->HEK293T,SOX2
HCT116->HEK293T,SPATA20
HCT116->HEK293T,SRC
HCT116->HEK293T,SRSF5
HCT116->HEK293T,SSBP1
HCT116->HEK293T,SSR4
HCT116->HEK293T,STAG2
HCT116->HEK293T,STAT1
HCT116->HEK293T,STAT6
HCT116->HEK293T,STK3
HCT116->HEK293T,STT3A
HCT116->HEK293T,STX4
HCT116->HEK293T,SUPT7L
HCT116->HEK293T,SV2A
HCT116->HEK293T,SYVN1
HCT116->HEK293T,TADA1
HCT116->HEK293T,TAF15
HCT116->HEK293T,TAF4
HCT116->HEK293T,TARBP2
HCT116->HEK293T,TBC1D13
HCT116->HEK293T,TBC1D19
HCT116->HEK293T,TBCK
HCT116->HEK293T,TCF3
HCT116->HEK293T,TDRD7
HCT116->HEK293T,TEAD4
HCT116->HEK293T,TESK2
HCT116->HEK293T,TET1
HCT116->HEK293T,TEX2
HCT116->HEK293T,TFAM
HCT116->HEK293T,TFCP2
HCT116->HEK293T,TGFBR2
HCT116->HEK293T,THAP3
HCT116->HEK293T,THAP7
HCT116->HEK293T,TIMM17B
HCT116->HEK293T,TIMM50
HCT116->HEK293T,TMBIM6
HCT116->HEK293T,TMCO6
HCT116->HEK293T,TMED3
HCT116->HEK293T,TMEM104
HCT116->HEK293T,TMEM147
HCT116->HEK293T,TMEM186
HCT116->HEK293T,TMEM209
HCT116->HEK293T,TMEM41B
HCT116->HEK293T,TMEM79
HCT116->HEK293T,TMF1
HCT116->HEK293T,TMSB10
HCT116->HEK293T,TMSB4X
HCT116->HEK293T,TRAM2
HCT116->HEK293T,TRAPPC6A
HCT116->HEK293T,TRIB3
HCT116->HEK293T,TRIM35
HCT116->HEK293T,TRIP4
HCT116->HEK293T,TRMT1
HCT116->HEK293T,TRPC4AP
HCT116->HEK293T,TSC22D4
HCT116->HEK293T,TTBK2
HCT116->HEK293T,TWF2
HCT116->HEK293T,TXNDC16
HCT116->HEK293T,TXNDC9
HCT116->HEK293T,UBE3C
HCT116->HEK293T,UNK
HCT116->HEK293T,UPF3B
HCT116->HEK293T,UQCRQ
HCT116->HEK293T,UROS
HCT116->HEK293T,USP22
HCT116->HEK293T,USP28
HCT116->HEK293T,VAPB
HCT116->HEK293T,VIM
HCT116->HEK293T,WBP4
HCT116->HEK293T,WFS1
HCT116->HEK293T,WSB2
HCT116->HEK293T,XRCC4
HCT116->HEK293T,YIPF6
HCT116->HEK293T,ZBTB34
HCT116->HEK293T,ZBTB41
HCT116->HEK293T,ZBTB48
HCT116->HEK293T,ZC2HC1A
HCT116->HEK293T,ZC3HAV1
HCT116->HEK293T,ZDHHC12
HCT116->HEK293T,ZDHHC4
HCT116->HEK293T,ZFP62
HCT116->HEK293T,ZHX3
HCT116->HEK293T,ZKSCAN1
HCT116->HEK293T,ZKSCAN2
HCT116->HEK293T,ZKSCAN3
HCT116->HEK293T,ZNF16
HCT116->HEK293T,ZNF174
HCT116->HEK293T,ZNF219
HCT116->HEK293T,ZNF22
HCT116->HEK293T,ZNF25
HCT116->HEK293T,ZNF251
HCT116->HEK293T,ZNF280C
HCT116->HEK293T,ZNF282
HCT116->HEK293T,ZNF286A
HCT116->HEK293T,ZNF32
HCT116->HEK293T,ZNF324
HCT116->HEK293T,ZNF397
HCT116->HEK293T,ZNF410
HCT116->HEK293T,ZNF426
HCT116->HEK293T,ZNF444
HCT116->HEK293T,ZNF462
HCT116->HEK293T,ZNF496
HCT116->HEK293T,ZNF507
HCT116->HEK293T,ZNF514
HCT116->HEK293T,ZNF526
HCT116->HEK293T,ZNF530
HCT116->HEK293T,ZNF543
HCT116->HEK293T,ZNF562
HCT116->HEK293T,ZNF593
HCT116->HEK293T,ZNF627
HCT116->HEK293T,ZNF628
HCT116->HEK293T,ZNF641
HCT116->HEK293T,ZNF670
HCT116->HEK293T,ZNF714
HCT116->HEK293T,ZNF740
HCT116->HEK293T,ZNF768
HCT116->HEK293T,ZNF777
HCT116->HEK293T,ZNF783
HCT116->HEK293T,ZNF784
HCT116->HEK293T,ZNF786
HCT116->HEK293T,ZNF821
HCT116->HEK293T,ZRANB3
HEK293T->HCT116,ABCD1
HEK293T->HCT116,ACAT2
HEK293T->HCT116,ACLY
HEK293T->HCT116,ACVR1B
HEK293T->HCT116,ADNP
HEK293T->HCT116,AGO1
HEK293T->HCT116,AKAP1
HEK293T->HCT116,AKIRIN1
HEK293T->HCT116,AKT2
HEK293T->HCT116,ALG12
HEK293T->HCT116,ANKRD52
HEK293T->HCT116,ANKZF1
HEK293T->HCT116,ANP32B
HEK293T->HCT116,ANTXR1
HEK293T->HCT116,AP2A2
HEK293T->HCT116,API5
HEK293T->HCT116,ARID1A
HEK293T->HCT116,ARL14EP
HEK293T->HCT116,ASCC2
HEK293T->HCT116,ATM
HEK293T->HCT116,ATP1B1
HEK293T->HCT116,BCKDK
HEK293T->HCT116,BCL6
HEK293T->HCT116,BCL7C
HEK293T->HCT116,BIRC2
HEK293T->HCT116,BRD1
HEK293T->HCT116,BRPF1
HEK293T->HCT116,C1QBP
HEK293T->HCT116,C5orf22
HEK293T->HCT116,CALM3
HEK293T->HCT116,CAMSAP2
HEK293T->HCT116,CAND1
HEK293T->HCT116,CAPRIN2
HEK293T->HCT116,CARM1
HEK293T->HCT116,CASP2
HEK293T->HCT116,CASP3
HEK293T->HCT116,CAST
HEK293T->HCT116,CAT
HEK293T->HCT116,CCDC112
HEK293T->HCT116,CDCA2
HEK293T->HCT116,CDK8
HEK293T->HCT116,CENPO
HEK293T->HCT116,CHD3
HEK293T->HCT116,CHD6
HEK293T->HCT116,CHKB
HEK293T->HCT116,CHMP3
HEK293T->HCT116,CLCN6
HEK293T->HCT116,CLDN6
HEK293T->HCT116,CLDN7
HEK293T->HCT116,COIL
HEK293T->HCT116,COMMD8
HEK293T->HCT116,COQ10B
HEK293T->HCT116,CREG1
HEK293T->HCT116,CSNK2A1
HEK293T->HCT116,CYTH2
HEK293T->HCT116,DAXX
HEK293T->HCT116,DBF4B
HEK293T->HCT116,DBN1
HEK293T->HCT116,DCAF16
HEK293T->HCT116,DCP2
HEK293T->HCT116,DDHD1
HEK293T->HCT116,DEAF1
HEK293T->HCT116,DEK
HEK293T->HCT116,DHCR24
HEK293T->HCT116,DHRS1
HEK293T->HCT116,DHX35
HEK293T->HCT116,DHX36
HEK293T->HCT116,DLAT
HEK293T->HCT116,DLG5
HEK293T->HCT116,DMTF1
HEK293T->HCT116,DNMT1
HEK293T->HCT116,DNTTIP1
HEK293T->HCT116,DRG2
HEK293T->HCT116,DTNBP1
HEK293T->HCT116,DVL3
HEK293T->HCT116,DZIP3
HEK293T->HCT116,E2F1
HEK293T->HCT116,E2F4
HEK293T->HCT116,EAPP
HEK293T->HCT116,EEF1A2
HEK293T->HCT116,EID2
HEK293T->HCT116,EIF4B
HEK293T->HCT116,ELK1
HEK293T->HCT116,EPC2
HEK293T->HCT116,EPHB2
HEK293T->HCT116,EPM2AIP1
HEK293T->HCT116,EWSR1
HEK293T->HCT116,EZH2
HEK293T->HCT116,FAM120A
HEK293T->HCT116,FCGRT
HEK293T->HCT116,FHL3
HEK293T->HCT116,FOXH1
HEK293T->HCT116,FOXN2
HEK293T->HCT116,FOXO4
HEK293T->HCT116,FUBP3
HEK293T->HCT116,FXYD5
HEK293T->HCT116,FZD2
HEK293T->HCT116,GIGYF2
HEK293T->HCT116,GLI3
HEK293T->HCT116,GLYR1
HEK293T->HCT116,GMEB2
HEK293T->HCT116,GPATCH8
HEK293T->HCT116,GRAMD1A
HEK293T->HCT116,GSK3B
HEK293T->HCT116,GTF2IRD1
HEK293T->HCT116,HAT1
HEK293T->HCT116,HDAC1
HEK293T->HCT116,HDAC8
HEK293T->HCT116,HEATR6
HEK293T->HCT116,HIRA
HEK293T->HCT116,HMGB2
HEK293T->HCT116,HMGN1
HEK293T->HCT116,HMGN3
HEK293T->HCT116,HMGN4
HEK293T->HCT116,HMGXB3
HEK293T->HCT116,HOMEZ
HEK293T->HCT116,HSBP1
HEK293T->HCT116,HSP90AB1
HEK293T->HCT116,IDE
HEK293T->HCT116,IFI27L2
HEK293T->HCT116,IFNAR2
HEK293T->HCT116,IFNGR2
HEK293T->HCT116,IGF2R
HEK293T->HCT116,IKBKG
HEK293T->HCT116,IL10RB
HEK293T->HCT116,INSIG1
HEK293T->HCT116,IREB2
HEK293T->HCT116,IRF3
HEK293T->HCT116,KAT2A
HEK293T->HCT116,KDM2B
HEK293T->HCT116,KDM5A
HEK293T->HCT116,KDR
HEK293T->HCT116,KHDRBS1
HEK293T->HCT116,KHSRP
HEK293T->HCT116,KIF1B
HEK293T->HCT116,KIF21B
HEK293T->HCT116,KIF2A
HEK293T->HCT116,KLF10
HEK293T->HCT116,KMT2A
HEK293T->HCT116,LAD1
HEK293T->HCT116,LDLR
HEK293T->HCT116,LENG1
HEK293T->HCT116,LMAN1
HEK293T->HCT116,LMBRD2
HEK293T->HCT116,LPCAT3
HEK293T->HCT116,LRPPRC
HEK293T->HCT116,LZTR1
HEK293T->HCT116,MAN2A1
HEK293T->HCT116,MAP1B
HEK293T->HCT116,MAP2K2
HEK293T->HCT116,MAP3K7
HEK293T->HCT116,MAPK12
HEK293T->HCT116,MAPK7
HEK293T->HCT116,MAPKAPK2
HEK293T->HCT116,MARCKSL1
HEK293T->HCT116,MAST2
HEK293T->HCT116,MAU2
HEK293T->HCT116,MBD4
HEK293T->HCT116,MBTPS1
HEK293T->HCT116,MED1
HEK293T->HCT116,MED12
HEK293T->HCT116,MED13
HEK293T->HCT116,MED13L
HEK293T->HCT116,MED15
HEK293T->HCT116,MED24
HEK293T->HCT116,MED25
HEK293T->HCT116,METTL14
HEK293T->HCT116,METTL17
HEK293T->HCT116,METTL3
HEK293T->HCT116,MKI67
HEK293T->HCT116,MLKL
HEK293T->HCT116,MLLT10
HEK293T->HCT116,MSANTD4
HEK293T->HCT116,MSI2
HEK293T->HCT116,MTA1
HEK293T->HCT116,MTF1
HEK293T->HCT116,MTHFSD
HEK293T->HCT116,MTM1
HEK293T->HCT116,MYD88
HEK293T->HCT116,MYPOP
HEK293T->HCT116,MYRF
HEK293T->HCT116,NABP2
HEK293T->HCT116,NAIF1
HEK293T->HCT116,NCK2
HEK293T->HCT116,NCLN
HEK293T->HCT116,NDUFB4
HEK293T->HCT116,NDUFB6
HEK293T->HCT116,NFE2L1
HEK293T->HCT116,NGLY1
HEK293T->HCT116,NICN1
HEK293T->HCT116,NIPAL3
HEK293T->HCT116,NIPSNAP3A
HEK293T->HCT116,NISCH
HEK293T->HCT116,NIT1
HEK293T->HCT116,NRAS
HEK293T->HCT116,NT5DC1
HEK293T->HCT116,NUP37
HEK293T->HCT116,OXCT1
HEK293T->HCT116,PAGR1
HEK293T->HCT116,PAN2
HEK293T->HCT116,PAPOLA
HEK293T->HCT116,PARP3
HEK293T->HCT116,PATL1
HEK293T->HCT116,PBLD
HEK293T->HCT116,PBX1
HEK293T->HCT116,PCGF1
HEK293T->HCT116,PCGF6
HEK293T->HCT116,PDCD4
HEK293T->HCT116,PDE6D
HEK293T->HCT116,PDK1
HEK293T->HCT116,PDK3
HEK293T->HCT116,PGLS
HEK293T->HCT116,PHF10
HEK293T->HCT116,PHF11
HEK293T->HCT116,PHF14
HEK293T->HCT116,PHF19
HEK293T->HCT116,PHF23
HEK293T->HCT116,PHF8
HEK293T->HCT116,PI4KB
HEK293T->HCT116,PIM2
HEK293T->HCT116,PIN1
HEK293T->HCT116,PINK1
HEK293T->HCT116,PKN3
HEK293T->HCT116,PLAGL2
HEK293T->HCT116,PLCB3
HEK293T->HCT116,PLCG1
HEK293T->HCT116,PMS1
HEK293T->HCT116,PNP
HEK293T->HCT116,POLB
HEK293T->HCT116,POLD4
HEK293T->HCT116,POR
HEK293T->HCT116,PPIF
HEK293T->HCT116,PPIP5K2
HEK293T->HCT116,PQBP1
HEK293T->HCT116,PRCP
HEK293T->HCT116,PRDX3
HEK293T->HCT116,PRKAB2
HEK293T->HCT116,PRKACA
HEK293T->HCT116,PRMT2
HEK293T->HCT116,PRMT6
HEK293T->HCT116,PRMT7
HEK293T->HCT116,PRNP
HEK293T->HCT116,PRR12
HEK293T->HCT116,PSKH1
HEK293T->HCT116,PSMB9
HEK293T->HCT116,PTMS
HEK293T->HCT116,PTOV1
HEK293T->HCT116,PTPN1
HEK293T->HCT116,PYCR1
HEK293T->HCT116,R3HCC1L
HEK293T->HCT116,RAB11FIP5
HEK293T->HCT116,RAB3B
HEK293T->HCT116,RAB5A
HEK293T->HCT116,RABEP2
HEK293T->HCT116,RAF1
HEK293T->HCT116,RBM18
HEK293T->HCT116,RBM26
HEK293T->HCT116,RBM4B
HEK293T->HCT116,RBM5
HEK293T->HCT116,RC3H2
HEK293T->HCT116,REV1
HEK293T->HCT116,RFK
HEK293T->HCT116,RNF10
HEK293T->HCT116,RNF141
HEK293T->HCT116,RNF2
HEK293T->HCT116,RRM1
HEK293T->HCT116,RSRC1
HEK293T->HCT116,S100A11
HEK293T->HCT116,SAFB
HEK293T->HCT116,SAP30L
HEK293T->HCT116,SCAF8
HEK293T->HCT116,SEMA4F
HEK293T->HCT116,SFXN4
HEK293T->HCT116,SH2D3A
HEK293T->HCT116,SHPRH
HEK293T->HCT116,SIN3B
HEK293T->HCT116,SIX4
HEK293T->HCT116,SLC25A13
HEK293T->HCT116,SLC25A3
HEK293T->HCT116,SLC39A1
HEK293T->HCT116,SLC44A1
HEK293T->HCT116,SLIRP
HEK293T->HCT116,SMAGP
HEK293T->HCT116,SMARCA4
HEK293T->HCT116,SMARCA5
HEK293T->HCT116,SMARCC2
HEK293T->HCT116,SMYD2
HEK293T->HCT116,SND1
HEK293T->HCT116,SNN
HEK293T->HCT116,SNRK
HEK293T->HCT116,SNX4
HEK293T->HCT116,SOCS5
HEK293T->HCT116,SOX2
HEK293T->HCT116,SPATA20
HEK293T->HCT116,SRC
HEK293T->HCT116,SRSF5
HEK293T->HCT116,SSBP1
HEK293T->HCT116,SSR4
HEK293T->HCT116,STAG2
HEK293T->HCT116,STAT1
HEK293T->HCT116,STAT6
HEK293T->HCT116,STK3
HEK293T->HCT116,STT3A
HEK293T->HCT116,STX4
HEK293T->HCT116,SUPT7L
HEK293T->HCT116,SV2A
HEK293T->HCT116,SYVN1
HEK293T->HCT116,TADA1
HEK293T->HCT116,TAF15
HEK293T->HCT116,TAF4
HEK293T->HCT116,TARBP2
HEK293T->HCT116,TBC1D13
HEK293T->HCT116,TBC1D19
HEK293T->HCT116,TBCK
HEK293T->HCT116,TCF3
HEK293T->HCT116,TDRD7
HEK293T->HCT116,TEAD4
HEK293T->HCT116,TESK2
HEK293T->HCT116,TET1
HEK293T->HCT116,TEX2
HEK293T->HCT116,TFAM
HEK293T->HCT116,TFCP2
HEK293T->HCT116,TGFBR2
HEK293T->HCT116,THAP3
HEK293T->HCT116,THAP7
HEK293T->HCT116,TIMM17B
HEK293T->HCT116,TIMM50
HEK293T->HCT116,TMBIM6
HEK293T->HCT116,TMCO6
HEK293T->HCT116,TMED3
HEK293T->HCT116,TMEM104
HEK293T->HCT116,TMEM147
HEK293T->HCT116,TMEM186
HEK293T->HCT116,TMEM209
HEK293T->HCT116,TMEM41B
HEK293T->HCT116,TMEM79
HEK293T->HCT116,TMF1
HEK293T->HCT116,TMSB10
HEK293T->HCT116,TMSB4X
HEK293T->HCT116,TRAM2
HEK293T->HCT116,TRAPPC6A
HEK293T->HCT116,TRIB3
HEK293T->HCT116,TRIM35
HEK293T->HCT116,TRIP4
HEK293T->HCT116,TRMT1
HEK293T->HCT116,TRPC4AP
HEK293T->HCT116,TSC22D4
HEK293T->HCT116,TTBK2
HEK293T->HCT116,TWF2
HEK293T->HCT116,TXNDC16
HEK293T->HCT116,TXNDC9
HEK293T->HCT116,UBE3C
HEK293T->HCT116,UNK
HEK293T->HCT116,UPF3B
HEK293T->HCT116,UQCRQ
HEK293T->HCT116,UROS
HEK293T->HCT116,USP22
HEK293T->HCT116,USP28
HEK293T->HCT116,VAPB
HEK293T->HCT116,VIM
HEK293T->HCT116,WBP4
HEK293T->HCT116,WFS1
HEK293T->HCT116,WSB2
HEK293T->HCT116,XRCC4
HEK293T->HCT116,YIPF6
HEK293T->HCT116,ZBTB34
HEK293T->HCT116,ZBTB41
HEK293T->HCT116,ZBTB48
HEK293T->HCT116,ZC2HC1A
HEK293T->HCT116,ZC3HAV1
HEK293T->HCT116,ZDHHC12
HEK293T->HCT116,ZDHHC4
HEK293T->HCT116,ZFP62
HEK293T->HCT116,ZHX3
HEK293T->HCT116,ZKSCAN1
HEK293T->HCT116,ZKSCAN2
HEK293T->HCT116,ZKSCAN3
HEK293T->HCT116,ZNF16
HEK293T->HCT116,ZNF174
HEK293T->HCT116,ZNF219
HEK293T->HCT116,ZNF22
HEK293T->HCT116,ZNF25
HEK293T->HCT116,ZNF251
HEK293T->HCT116,ZNF280C
HEK293T->HCT116,ZNF282
HEK293T->HCT116,ZNF286A
HEK293T->HCT116,ZNF32
HEK293T->HCT116,ZNF324
HEK293T->HCT116,ZNF397
HEK293T->HCT116,ZNF410
HEK293T->HCT116,ZNF426
HEK293T->HCT116,ZNF444
HEK293T->HCT116,ZNF462
HEK293T->HCT116,ZNF496
HEK293T->HCT116,ZNF507
HEK293T->HCT116,ZNF514
HEK293T->HCT116,ZNF526
HEK293T->HCT116,ZNF530
HEK293T->HCT116,ZNF543
HEK293T->HCT116,ZNF562
HEK293T->HCT116,ZNF593
HEK293T->HCT116,ZNF627
HEK293T->HCT116,ZNF628
HEK293T->HCT116,ZNF641
HEK293T->HCT116,ZNF670
HEK293T->HCT116,ZNF714
HEK293T->HCT116,ZNF740
HEK293T->HCT116,ZNF768
HEK293T->HCT116,ZNF777
HEK293T->HCT116,ZNF783
HEK293T->HCT116,ZNF784
HEK293T->HCT116,ZNF786
HEK293T->HCT116,ZNF821
HEK293T->HCT116,ZRANB3
