arm,target_gene,source_overlap,effect_cosine,predicted_to_truth_norm_ratio,truth_on_prediction_projection,predicted_effect_norm,truth_effect_norm,n_strong,signed_recovery,unsigned_recall,sign_given_recovered,non_strong_energy_fraction,strong_de_lfc_nmae,mean_abs_intended_realized_lfc
dense_unshrunken,TMSB4X,True,-0.004086612452970605,0.11342411831402811,-0.036029483973208716,17.78016771874555,156.75826255505066,0,,,,,,0.01174749634839472
dense_unshrunken,PRCP,True,0.011572035890883025,0.08585504750707942,0.1347857374364486,12.475116680594311,145.30440600554837,6,0.16666666666666666,0.16666666666666666,1.0,0.969659689956969,,0.010413914916968416
dense_unshrunken,TADA1,True,0.02187974369757183,0.11642528901379658,0.1879294772030074,17.649649147798904,151.59635245318046,533,0.01876172607879925,0.04127579737335835,0.45454545454545453,0.9501740596066557,0.9855236137317495,0.04770022207382984
dense_unshrunken,HIRA,True,0.00010931577430218291,0.07909284616258186,0.001382119617714544,11.90736291737845,150.54917726568954,32,0.0,0.0,,0.9981897640959133,0.9835300437071116,0.0075410132379332105
dense_unshrunken,IGF2R,True,0.001008456256384136,0.10036613660657785,0.010047773985135573,15.23279247751277,151.77223107852927,6,0.0,0.0,,0.9972920045882907,,0.01756874882959659
dense_unshrunken,NCK2,True,0.003277590228374767,0.08159039478092384,0.040171275518096655,13.799954887848395,169.13700350270742,2,0.5,0.5,1.0,0.9891479470216774,,0.00870816087411815
dense_unshrunken,MED13,True,0.004679942537053057,0.09884716669841488,0.04734523702972363,16.273889740146835,164.6368862528844,113,0.0,0.008849557522123894,0.0,0.9945701695159215,0.9934245637105636,0.017923094840032634
dense_unshrunken,MED12,True,-0.006897677359836235,0.3101202174452703,-0.02224194674135855,53.61669672910205,172.89003977486334,68,0.0,0.0,,0.9962314154442997,0.9952071584189226,0.18767611455638625
dense_unshrunken,STAT1,True,0.015706136407555128,0.1321812394998881,0.11882273510961006,21.147591465915607,159.98935662827938,8,0.25,0.25,1.0,0.9734063124054464,,0.014352216881693705
dense_unshrunken,USP22,True,-0.012704633666318207,0.10571731226489312,-0.1201755265446452,15.842667157116122,149.85877731567336,21,0.0,0.0,,0.9998255223133974,0.9800417689497765,0.016971260411727775
dense_unshrunken,MED13L,True,-0.005155058508845347,0.1296652921370332,-0.03975665672659238,22.19495837418266,171.1711592854511,16,0.0,0.0,,0.9997999557556088,0.9863745485153697,0.029205098180871754
dense_unshrunken,TET1,True,0.019023251215047537,0.12122765834194425,0.15692170809229902,19.91595998490669,164.28561152876654,46,0.0,0.0,,0.9975450392703398,1.0000686061470923,0.026471238420338203
dense_unshrunken,KIF1B,True,0.00928232167641709,0.0852617167664754,0.10886857582096993,13.93472131899926,163.4346790971296,2,0.0,0.0,,0.9999986935600083,,0.014652940676655898
dense_unshrunken,SRC,False,0.004694041332565224,0.06334788691855893,0.07409941453295767,10.20691055414672,161.1247201863085,6,0.0,0.0,,0.9999399105630522,,0.023044663264734467
dense_unshrunken,PBX1,True,0.015066183977201731,0.09439345848824045,0.15961046685325847,14.718183313921362,155.92376367643055,5,0.0,0.0,,0.9999999386308143,,0.002899837278859528
dense_unshrunken,CAST,True,0.002574055047661796,0.13230193832401332,0.0194559133469218,22.015383678757185,166.4025785082644,38,0.07894736842105263,0.13157894736842105,0.6,0.9668834879178546,1.020740730682755,0.049954729898189054
dense_unshrunken,IDE,True,0.001002616368590361,0.09033948481351146,0.011098318422559861,14.141412944902454,156.53634702582917,0,,,,,,0.010818305466448363
dense_unshrunken,MAPKAPK2,True,-0.005029174904962615,0.1344686438120148,-0.037400354182149174,21.06300859948234,156.63881186254932,5,0.0,0.0,,0.9994200955410613,,0.006338596602541487
dense_unshrunken,PTPN1,True,0.0039982912333931,0.213371733334814,0.01873861720530315,31.3917026060838,147.12212398267982,2,0.0,0.0,,0.9998877540439534,,0.09178949643164326
dense_unshrunken,KDM2B,True,0.008685372332369365,0.0749173632955084,0.11593270171709431,13.267756991926728,177.0985577748194,44,0.022727272727272728,0.022727272727272728,1.0,0.9958115692658229,0.9883182292318868,0.0029975638938807636
dense_unshrunken,ATP1B1,False,0.009268812353823923,0.06655782069712243,0.13925955292320216,10.219728774870362,153.54662559304924,2,0.0,0.0,,0.999989512014656,,0.022923893499665303
dense_unshrunken,KAT2A,True,0.011061080369381766,0.1508475032136778,0.0733262409634555,23.07908380381346,152.99612729500458,738,0.02710027100271003,0.05420054200542006,0.5,0.9492767485836344,1.0103364746883692,0.04478393913910747
dense_unshrunken,NISCH,True,0.003175544244600081,0.07861573762912424,0.040393238559701033,12.090627969442608,153.7939900339175,6,0.16666666666666666,0.16666666666666666,1.0,0.9725591785030313,,0.0010952514127089397
dense_unshrunken,KDR,False,-0.0008040035119776674,0.06217282297147422,-0.012931751745397754,10.20525927358693,164.14341163612997,7,0.0,0.0,,0.9998124503821572,,0.022967002451577238
dense_unshrunken,WFS1,False,0.01152148867815779,0.06626881566411974,0.17385988511631012,10.204119933545748,153.98071975912217,4,0.0,0.0,,0.9984386706951481,,0.0229634982302825
dense_unshrunken,TARBP2,True,-0.005590817739496304,0.1651548050101972,-0.03385198353236595,25.209302603886833,152.64044302150538,4,0.0,0.0,,0.999131536237534,,0.013363848043062183
dense_unshrunken,MAP3K7,True,-0.009291643968080106,0.11880498494699,-0.07820920959020344,18.379823787890803,154.7058298613628,1,0.0,0.0,,0.9999994474534475,,0.0142042120171614
dense_unshrunken,HMGN1,True,-0.0028343413333612746,0.10392205130084906,-0.02727372389095747,17.435260997707257,167.77248696942155,3,0.0,0.0,,0.9999989905440306,,0.010782738697324115
dense_unshrunken,TSC22D4,True,0.006422614898298739,0.09098842591043821,0.07058716352144229,14.506034124537443,159.42724560172118,3,0.3333333333333333,0.3333333333333333,1.0,0.9695579018126194,,0.0229289188172496
dense_unshrunken,FOXH1,True,0.006881770924617682,0.08683410239259903,0.07925193829382202,14.14274153457178,162.8708208513385,32,0.0,0.0,,0.9979800257871786,1.0033736167087717,0.010200284897261333
dense_unshrunken,PAGR1,True,0.0002683880489583208,0.09705943275596925,0.002765192844605974,15.38987033091302,158.56130510886928,18,0.0,0.0,,0.998926262624131,0.9506440937498297,0.002554631720106016
dense_unshrunken,KLF10,True,-0.002944307089010393,0.06875306894672766,-0.042824373284220195,10.680021245757782,155.33882936968305,15,0.0,0.0,,0.9991005381136218,0.9846589349819819,0.0032158987281102466
dense_unshrunken,POLB,True,-0.0055337607574151276,0.19033252195678702,-0.02907417345455817,29.29852830854124,153.9333793685199,3,0.0,0.0,,0.9950458222257713,,0.009022564386727626
dense_unshrunken,RNF2,True,0.013330717922465535,0.1515593081202534,0.08795710463318027,22.53210712093305,148.66857997962848,377,0.015915119363395226,0.029177718832891247,0.5454545454545454,0.9813966691008125,0.9971530516072238,0.0032272635136002333
dense_unshrunken,SMARCA5,True,0.01161747574614047,0.15548504302076488,0.07471764177721561,23.959989916808368,154.09835860294635,953,0.046169989506820566,0.07450157397691501,0.6197183098591549,0.9267149867409286,0.9898038917562507,0.01819150198686224
dense_unshrunken,ACAT2,True,0.009694408859066255,0.14134829003061294,0.06858525743018652,20.117944934852616,142.32888795821663,313,0.06070287539936102,0.0670926517571885,0.9047619047619048,0.9563455195800806,0.9127659535848361,0.004435721563247269
dense_unshrunken,TRAM2,True,0.0010463159361982907,0.09855320905058851,0.01061676170951678,15.010754513591138,152.31116934899546,1,0.0,0.0,,0.9999992802947845,,0.012942743131458252
dense_unshrunken,CAMSAP2,False,0.01975764201118127,0.05679223343850866,0.34789337933986525,10.22260805797073,180.000106335652,2,0.0,0.0,,0.9999892830177772,,0.02294599482419509
dense_unshrunken,CDCA2,True,0.016063556126034575,0.14810181774060463,0.10846292348801116,22.33543232133887,150.8113314345583,8,0.125,0.125,1.0,0.9827904056423624,,0.008043460363523807
dense_unshrunken,CREG1,True,0.014043934626615243,0.09026002648857007,0.15559417798745795,14.369344544710135,159.19942751767056,4,0.0,0.0,,0.9998379898381441,,0.012607430877270148
dense_unshrunken,CASP2,True,0.0031898643188707342,0.1260388234519206,0.025308585335117442,19.3062014511609,153.17662385610524,2,0.0,0.0,,0.9999970736287963,,0.0036555105632893633
dense_unshrunken,UBE3C,True,-0.013188061060301187,0.14516127599345138,-0.09085109627237042,23.567040964782077,162.35074267220722,37,0.10810810810810811,0.10810810810810811,1.0,0.9483468400422578,0.7435556246303614,0.0661753685691324
dense_unshrunken,EIF4B,True,0.030053531090852518,0.1574721705872136,0.1908497925619677,24.668718268731336,156.6544626694463,124,0.008064516129032258,0.008064516129032258,1.0,0.9881005853110681,0.9589555521171089,0.03383389121668555
dense_unshrunken,STAG2,True,0.006584038416879621,0.10122547837396594,0.06504329268324763,17.11195425499216,169.04789712896198,453,0.024282560706401765,0.033112582781456956,0.7333333333333333,0.9717011540816027,0.9745742050614157,0.038628095837643525
dense_unshrunken,HMGB2,True,0.010424727047604925,0.09461591460211147,0.11017942479808025,14.987476503570951,158.4033359144476,26,0.07692307692307693,0.07692307692307693,1.0,0.9758308293097048,0.8464879799871695,0.013931207445443624
dense_unshrunken,TGFBR2,False,0.024567511515080756,0.062284335712778006,0.39444125451338136,10.227526890109036,164.20704777639295,260,0.0,0.0,,0.9962160917017717,0.9922992662430925,0.0229288075481264
dense_unshrunken,ANTXR1,False,0.020442732004300673,0.06173499332773004,0.33113686261821035,10.206303803944731,165.32444977782606,2,0.0,0.0,,0.9999892599445266,,0.023008924962061306
dense_unshrunken,MTA1,True,0.018545706809163086,0.1408648884713773,0.13165599327423197,21.02844893336653,149.28098237652284,28,0.17857142857142858,0.17857142857142858,1.0,0.9224546601500992,0.6269466165732366,0.0019940312548856393
dense_unshrunken,DHCR24,True,0.020578310454723768,0.13554728994444887,0.15181646540596527,19.23488467159261,141.90534299487368,32,0.0,0.0,,0.9976953466458102,0.9193551368915409,0.015741067895970493
dense_unshrunken,NDUFB4,True,-0.012949983204922473,0.08939138097541027,-0.14486836497676156,15.850262813699972,177.313099325091,17,0.058823529411764705,0.058823529411764705,1.0,0.9910436872459318,0.8764101623224008,0.03788520816076913
dense_unshrunken,ACVR1B,True,0.012715348811667087,0.09834619012634054,0.12929172747141807,16.523649507836733,168.01514615471743,25,0.04,0.04,1.0,0.9907032633321077,0.9327549112001264,0.011501411891034137
dense_unshrunken,DHX36,True,0.05200419060523185,0.13674443071862497,0.38030207396335836,20.798749704434275,152.09942807273268,1387,0.16870944484498918,0.18168709444844988,0.9285714285714286,0.8066646553629816,0.8939052624331746,0.0323188989889127
dense_unshrunken,LZTR1,True,0.005413457549077174,0.12773790359808462,0.0423794143836125,19.811785888972608,155.09715856390238,191,0.041884816753926704,0.04712041884816754,0.8888888888888888,0.9402925878501918,0.9463072453556062,0.013406653863781494
dense_unshrunken,INSIG1,True,-0.005604390839922187,0.1585893330862528,-0.03533901512073387,23.68195682600357,149.32881275894854,219,0.0365296803652968,0.0365296803652968,1.0,0.9697247953643026,0.9659465204800591,0.021522449779627487
dense_unshrunken,LAD1,False,0.0037599547691440256,0.06742997398308805,0.055760881208215374,10.187970490274639,151.0896399400934,2,0.0,0.0,,0.9999881246453279,,0.023135060662740646
dense_unshrunken,TCF3,True,0.013627367482581344,0.2015691434531586,0.06760641658304276,28.644575372701937,142.10793815948557,6,0.0,0.0,,0.9999973664230292,,0.020153581329100778
dense_unshrunken,DAXX,True,-0.0061248204326748166,0.09428592977285742,-0.06496006824591978,15.10204215535015,160.1728083048257,28,0.03571428571428571,0.03571428571428571,1.0,0.9972339017905678,0.9801022726832676,0.021274277057762105
dense_unshrunken,CLDN7,True,0.01622242159911761,0.13316763852812846,0.12181954849106237,21.10858297787337,158.51135614614574,7,0.0,0.0,,0.9999404493160872,,0.022870619155763158
dense_unshrunken,NIT1,True,-0.0024179656341507664,0.0947798082296617,-0.025511400363796632,15.361861972887185,162.07947937248127,143,0.013986013986013986,0.013986013986013986,1.0,0.9886177683019265,0.9853766583121311,0.0028791388376378517
dense_unshrunken,PRR12,True,0.020905413503758526,0.12344224943612772,0.16935379579724477,20.140278486324355,163.1554721201469,105,0.02857142857142857,0.02857142857142857,1.0,0.9826832352644717,0.9756961827899256,0.009901431981501712
dense_unshrunken,ARID1A,True,0.021482167946266527,0.11115894232430341,0.1932563183589211,17.538863208857357,157.78184680534443,220,0.013636363636363636,0.031818181818181815,0.42857142857142855,0.9632334312907168,0.9931345063768982,0.023963278743180896
dense_unshrunken,STX4,True,0.0023360718067908506,0.1299326561925041,0.01797909682789676,20.770273225132925,159.85414162826277,19,0.0,0.0,,0.9990409259473112,0.9775541317744876,0.00894505178446281
dense_unshrunken,CENPO,True,0.0024990039407001637,0.11179206444359696,0.02235403696262358,16.9744635109066,151.83961039981344,5,0.2,0.2,1.0,0.9915130744630137,,0.009836786611852109
dense_unshrunken,NRAS,True,0.01933668875634987,0.10684666069413223,0.180976070105781,15.658924052340017,146.55510944948014,5,0.2,0.2,1.0,0.9885338309039599,,0.0024216599196944517
dense_unshrunken,CHMP3,True,0.008563607510531304,0.38153209980468195,0.022445313290586237,53.97255547237412,141.46268557745032,98,0.02040816326530612,0.04081632653061224,0.5,0.9920965321025806,1.0942695824813478,0.08242262504415342
dense_unshrunken,EID2,True,-0.0058181191279868365,0.15058248652399697,-0.038637422334367254,22.079529680929433,146.6274743538042,4,0.0,0.0,,0.9993568737078379,,0.013770905136501194
dense_unshrunken,UQCRQ,True,-0.00465314069506763,0.13276054022352773,-0.035049124440388525,21.87902511487159,164.80066349559945,48,0.0,0.020833333333333332,0.0,0.9959813329320947,1.0338474069793124,0.00585584285080728
dense_unshrunken,ZNF426,True,0.007939266749522956,0.10486299751467075,0.07571085070701151,16.78813118043471,160.0958543845362,3,0.0,0.0,,0.9999980752768334,,0.01391756248275376
dense_unshrunken,BIRC2,True,0.007838245046644193,0.09456929021697846,0.08288361928761687,15.387987775961994,162.71654086285315,75,0.02666666666666667,0.02666666666666667,1.0,0.955096825377475,0.9080944479527462,0.010129073156164436
dense_unshrunken,PLCB3,True,0.019356061191476585,0.15938618016648526,0.12144127659787317,25.673897325251808,161.07982071240048,2,0.0,0.0,,0.9992859232096344,,0.011676603376791047
dense_unshrunken,TFAM,True,0.01592838404238099,0.12328770518584617,0.1291968572078639,21.1538314188045,171.5810298108544,98,0.08163265306122448,0.08163265306122448,1.0,0.9233903946696727,0.9144168367318036,0.07663403665055776
dense_unshrunken,PMS1,True,0.004300879341846866,0.15572845540576008,0.02761781288230632,25.30335932356645,162.4838521491592,1,0.0,0.0,,0.9979772542481624,,0.01909466254583914
dense_unshrunken,ZNF286A,True,0.012073975524108795,0.13169410224420955,0.09168197602136488,21.257918452077938,161.4189101092614,2,0.0,0.0,,0.9999998809862742,,0.006451332904763273
dense_unshrunken,GSK3B,True,0.012186934862721011,0.13999141273052718,0.08705487447419318,21.163904251953493,151.18001768217312,217,0.027649769585253458,0.041474654377880185,0.6666666666666666,0.9649810967671473,0.9572322475642042,0.04488752585627428
dense_unshrunken,LRPPRC,True,0.009940939213469892,0.13918014885645463,0.07142497903003839,24.09772203353819,173.14051056513605,98,0.07142857142857142,0.07142857142857142,1.0,0.9477835458524437,0.8660932259839026,0.0759020158339522
dense_unshrunken,CASP3,True,0.02523851119394665,0.10869777971378683,0.23218975824899474,16.625718163279473,152.953613284989,417,0.03357314148681055,0.050359712230215826,0.6666666666666666,0.9130631559490895,0.9664104917324949,0.009663643431999372
dense_unshrunken,MAST2,True,-0.0023698489177728017,0.12458759202737751,-0.01902154844803517,19.578470353873826,157.14622969494067,0,,,,,,0.010532301243720583
dense_unshrunken,HAT1,True,-0.0011011187916743336,1.2684713419093856,-0.0008680675355399499,202.14481100924155,159.36096018137866,29,0.0,0.0,,0.9998738130904725,1.1359578817604299,0.03508988455042135
dense_unshrunken,MAU2,True,-0.0008701026948858242,0.2044180462558879,-0.004256486698814453,30.21520706465555,147.81085925668492,902,0.0565410199556541,0.07982261640798226,0.7083333333333334,0.93638314428039,0.9632252322602103,0.03212190275416339
dense_unshrunken,SMARCA4,True,0.02036067961946911,0.15153127565158023,0.1343661863329452,23.03823641594171,152.0361807612187,2229,0.09062359802602064,0.1525347689546882,0.5941176470588235,0.8322180196996763,0.9868695107314228,0.009452333726119668
dense_unshrunken,TWF2,True,0.01352991208030631,0.08649381652793908,0.15642635073151043,14.345259351390029,165.85300461052321,4,0.0,0.0,,0.999994672834159,,0.016814026827739192
dense_unshrunken,IRF3,True,0.009246228083461304,0.08149479844416292,0.11345789252790729,12.899006029306282,158.28011450502797,4,0.25,0.25,1.0,0.9831303195586896,,0.00592687688589309
dense_unshrunken,MKI67,True,0.004591447550730377,0.10785170069380098,0.042571860445352085,16.570480566617864,153.6413469608856,5,0.0,0.0,,0.9999816203120215,,0.015372868573646822
dense_unshrunken,AKT2,True,0.006309951379670085,0.16207013169445536,0.038933462407286706,27.19502339478531,167.79787312109457,50,0.02,0.02,1.0,0.966363759869329,0.9737122791271392,0.053707790229110014
dense_unshrunken,SSBP1,True,0.008079021434303713,0.1312785647854592,0.06154105544577502,19.589045132889247,149.2173925339789,59,0.1016949152542373,0.1016949152542373,1.0,0.9436720991289336,0.825933866278345,0.06343050939652423
dense_unshrunken,PHF14,True,0.004867533401176888,0.12537859887550004,0.03882268142117548,20.024846305949605,159.71502701058353,24,0.0,0.0,,0.9997217690287334,1.0093020745958075,0.009092879791759703
dense_unshrunken,DNMT1,True,0.05890660922013055,0.20817623625470671,0.2829650986102825,23.439998458968365,112.59689809306178,1279,0.08835027365129007,0.127443315089914,0.6932515337423313,0.8284937152613248,0.9594468702315789,0.04373436253787322
dense_unshrunken,TMSB10,True,0.03692430812507331,0.08983778932835393,0.41101087194071834,13.842170197109095,154.07959501893413,263,0.12547528517110265,0.12927756653992395,0.9705882352941176,0.8724282391414777,0.8869121031939582,0.016230086962917174
dense_unshrunken,CLDN6,True,0.008783493894505126,0.1475145163487536,0.05954325114512257,24.04728408302792,163.0163910524939,4,0.0,0.0,,0.999789890997138,,0.00249235302290737
dense_unshrunken,DLG5,True,0.03322474365329381,0.11404001743519737,0.2913428496463848,17.068448246787028,149.67069131224994,85,0.047058823529411764,0.058823529411764705,0.8,0.972283428215819,0.9133128617831634,0.02237857154583133
dense_unshrunken,NDUFB6,True,0.010168699550727885,0.0766704441120667,0.13262867678012438,12.697507801696583,165.61150712961893,12,0.08333333333333333,0.08333333333333333,1.0,0.9973638804978647,0.8857679888432276,0.029418850407827362
dense_unshrunken,STAT6,True,-0.0018786377496711687,1.9029869847292495,-0.0009872047285380962,290.69767527467667,152.75862504968006,73,0.0,0.0,,0.9998737249590272,0.9373343410379779,0.01919593532863257
dense_unshrunken,ZNF714,True,-0.0022130809549991306,0.20360687598730723,-0.01086938220660629,30.67335264910843,150.64988596465963,8,0.125,0.125,1.0,0.9846328876829962,,0.018304337905580663
dense_unshrunken,SAFB,True,-0.006759167781830317,0.15356444719191537,-0.04401518649289393,24.39856439610733,158.88159559234117,165,0.024242424242424242,0.024242424242424242,1.0,0.9832014383063342,0.9220688388881318,0.01360016688535468
dense_unshrunken,SOX2,True,0.006723519796578188,6.027225921347448,0.0011155247678313472,996.1090883633556,165.26825132525732,1156,0.0328719723183391,0.061418685121107264,0.5352112676056338,0.933199394738955,2.7605418542086486,0.10019226508166192
dense_unshrunken,SLC25A3,True,-1.7477183803747683e-05,0.11304950450900562,-0.0001545976152629261,18.78852212285944,166.19729740931973,21,0.0,0.0,,0.9993402029196009,0.990523659116723,0.015876934882662064
dense_unshrunken,ZNF593,True,-0.005749156463225832,0.0905687435028106,-0.06347837279035917,14.377824846289343,158.75040648922283,21,0.0,0.0,,0.999690601335522,0.9971490932025094,0.004287722605278317
dense_unshrunken,RAF1,True,-0.002726704321960273,0.12846428803186177,-0.02122538772241508,21.149202553907923,164.63098716323785,38,0.0,0.0,,0.9968049729645414,0.964561377213861,0.0024535638692708673
dense_unshrunken,METTL17,True,-0.003459150118200079,0.10643994841335414,-0.03249860761644346,16.65847406346817,156.5058449556536,81,0.024691358024691357,0.024691358024691357,1.0,0.9892033106927669,0.940721067782829,0.026156315310608063
dense_unshrunken,IKBKG,True,-0.005176606552142305,0.11140004899476467,-0.046468620066635546,17.10008508302072,153.50159391603455,12,0.0,0.0,,0.9998458382732752,1.0044890629399181,0.0072830720814262015
dense_unshrunken,SMAGP,True,0.0421169145832725,0.09797563859761607,0.42987129439641414,14.89095078859924,151.98625905115114,79,0.0759493670886076,0.0759493670886076,1.0,0.9627491799244696,0.9240105536304261,0.01325048461144353
dense_unshrunken,MAP1B,True,0.00599814505337069,0.10331607784443278,0.05805625976629059,16.79323715755331,162.5423410172381,3,0.3333333333333333,0.3333333333333333,1.0,0.9924772262652425,,0.0054693255897419095
dense_unshrunken,TAZ,True,0.006801240323450746,0.1543148614301441,0.0440737869341869,24.34388062430253,157.75460897732535,22,0.0,0.0,,0.9945802957516551,0.8479621093538371,0.0337990722737457
dense_unshrunken,OXCT1,True,0.030647978750459794,0.10782405746586633,0.2842406367443737,16.885382318942234,156.60125129577514,129,0.13953488372093023,0.13953488372093023,1.0,0.778704707601387,0.836663695995689,0.006377727424439058
dense_unshrunken,WSB2,True,-0.006356356359517166,0.1351112398571169,-0.04704535585817399,20.356235932440757,150.66278685598564,106,0.03773584905660377,0.03773584905660377,1.0,0.9838300411325631,0.9457794649037047,0.0033486815584466913
dense_unshrunken,C1QBP,True,0.0020513021325042576,0.11673151916077949,0.017572821353236297,18.46129327836864,158.15174351445802,66,0.030303030303030304,0.045454545454545456,0.6666666666666666,0.9922292930036859,0.9674255775347391,0.004410760147321697
dense_unshrunken,CALM3,True,0.0006155439664799925,0.2912402068835021,0.0021135267450425,44.311426329773745,152.14735219405537,1,0.0,0.0,,0.9987792195092674,,0.005267822631075752
dense_unshrunken,SIX4,True,-0.008661216049805506,0.09240483051690142,-0.09373120432509549,15.659166516454322,169.46263987346595,25,0.04,0.04,1.0,0.9940141764133844,0.9555743129045883,0.004030677295171269
dense_unshrunken,RRM1,True,0.00022077794341631156,0.18996958114005297,0.0011621752392744682,30.340008305159017,159.709823662722,5,0.0,0.0,,0.9987575579721293,,0.02016424068013183
dense_unshrunken,MBTPS1,True,0.018942278420534604,0.11510682279477338,0.16456260333331613,20.403000215674776,177.25274419268575,384,0.0859375,0.09114583333333333,0.9428571428571428,0.9239756936346837,0.9090478780647812,0.007648421854888461
dense_unshrunken,RAB3B,False,0.012834758055072814,0.06342983760942048,0.2023457498678291,10.230607063957637,161.29013488816196,0,,,,,,0.02282561622101884
dense_unshrunken,XRCC4,True,-0.0022463152865732153,0.1046997902362558,-0.021454821270457083,16.245084993714087,155.158715763011,14,0.07142857142857142,0.07142857142857142,1.0,0.9799857048536579,0.8037770853718584,0.005849297324348231
dense_unshrunken,TRAPPC6A,True,0.010895353364055624,0.13457559985336318,0.08096083819003938,21.110319575312467,156.86587760570848,230,0.04782608695652174,0.05652173913043478,0.8461538461538461,0.9557970096468409,0.9453880904901273,0.015509843235905414
dense_unshrunken,SIN3B,True,0.0332828665459825,0.19620849897150489,0.16963009614999464,28.185672833012653,143.65164088588244,1161,0.0714900947459087,0.09646856158484066,0.7410714285714286,0.900363575197211,0.9451712352740942,0.02468769310548285
dense_unshrunken,SV2A,False,0.018445555247892934,0.06677132368874793,0.2762496567220415,10.224543556875862,153.12776491502842,18,0.0,0.0,,0.9990469579570144,0.9851210800389771,0.022910440690411493
dense_unshrunken,EWSR1,True,0.017346759785712932,0.1400188976477782,0.12388870414727327,20.73037909445561,148.05415156605153,178,0.028089887640449437,0.028089887640449437,1.0,0.9852506732747985,0.9504207807640943,0.011517551859471543
dense_unshrunken,TXNDC9,True,-0.001943470651564252,1.1596195006351544,-0.0016759554754811916,173.5209295064087,149.63609133113636,24,0.0,0.0,,0.9999460813427377,1.0073593094455153,0.014256358774180303
dense_unshrunken,TMBIM6,True,0.005735434179116462,0.12924207468645738,0.04437745365068369,20.065901556101124,155.25827486738518,6,0.16666666666666666,0.16666666666666666,1.0,0.9935520786413878,,0.013069259071339014
dense_unshrunken,METTL3,True,0.06700339912183634,0.1150179706043855,0.5825472208364767,18.65821009618303,162.2199557003105,2926,0.23581681476418317,0.2822966507177033,0.8353510895883777,0.6730738493701436,0.9167882820925854,0.0015407687700883842
dense_unshrunken,METTL14,True,0.08040130807089367,0.13899878712429214,0.5784317240048947,21.654041033511586,155.7858272112017,3008,0.24368351063829788,0.2912234042553192,0.83675799086758,0.6545672203046486,0.9037364592420838,0.01670298603099428
dense_unshrunken,MED24,True,0.008810670641773372,0.670960746665008,0.013131424879274335,109.0122092310145,162.47181340019768,647,0.03400309119010819,0.04945904173106646,0.6875,0.9906450895259756,0.9940452041926057,0.06852332238434138
dense_unshrunken,ATM,True,0.00864554713776885,0.1402289715010542,0.06165307386358357,19.519684232658985,139.1986550547598,76,0.0,0.0,,0.9963374883511641,0.9765289096990063,0.006430190526050378
dense_unshrunken,PHF10,True,-0.010638256648779008,0.15378925738399485,-0.0691742507229647,26.182980504964213,170.25233719406157,120,0.075,0.08333333333333333,0.9,0.9475120996172609,0.8757537600675325,0.0661649772304668
dense_unshrunken,DZIP3,False,0.010262160637355421,0.0676056059771251,0.15179452190440693,10.218182135818887,151.1440063014344,1,0.0,0.0,,0.9999980357690306,,0.022954643219881977
dense_unshrunken,ZNF562,True,0.0008207042815410655,0.13920292606929216,0.0058957401594599895,22.751946982868844,163.44445928919214,10,0.0,0.0,,0.9997005925970203,0.9392205779385794,0.0038714329957331975
dense_unshrunken,MED1,True,-0.0002351625860864711,0.12688117457988754,-0.00185340801632008,22.789209892174796,179.61064726608552,302,0.0033112582781456954,0.009933774834437087,0.3333333333333333,0.9902735507579387,0.9639858306522417,0.034257902506487414
shrink_10000,TMSB4X,True,-0.0040911224557813085,0.11284731978757194,-0.036253607648658315,17.689749783893966,156.75826255505066,0,,,,,,0.01169278158353393
shrink_10000,PRCP,True,0.011557704152956722,0.08564642679383375,0.1349467174010444,12.444803171775696,145.30440600554837,6,0.16666666666666666,0.16666666666666666,1.0,0.9698213450733896,,0.010390030292469453
shrink_10000,TADA1,True,0.02188118191982113,0.11606969790164952,0.18851760894873634,17.59574283223264,151.59635245318046,533,0.01876172607879925,0.04127579737335835,0.45454545454545453,0.9501839597476313,0.9855105566104644,0.047552029408657555
shrink_10000,HIRA,True,0.00010653769479796634,0.07898486022297654,0.0013488369099749922,11.891105723014606,150.54917726568954,32,0.0,0.0,,0.9981894809213397,0.9835530674012983,0.007531007361598132
shrink_10000,IGF2R,True,0.0009876541045764902,0.10000301275926185,0.009876243498324184,15.1776803610478,151.77223107852927,6,0.0,0.0,,0.997296995508607,,0.01750752765552107
shrink_10000,NCK2,True,0.0032715705934000957,0.08134854229286362,0.040216708267765695,13.759048682728215,169.13700350270742,2,0.5,0.5,1.0,0.9891856133340114,,0.008683726883025522
shrink_10000,MED13,True,0.004672067866157752,0.09850521015056798,0.04742965228962371,16.217591078875536,164.6368862528844,113,0.0,0.008849557522123894,0.0,0.9945670569209174,0.9934610049732396,0.01786218664090695
shrink_10000,MED12,True,-0.0069925635425239175,0.30720055607368174,-0.022762209912298326,53.111916358438975,172.89003977486334,68,0.0,0.0,,0.9962386792737974,0.9939372239819169,0.18586179797854205
shrink_10000,STAT1,True,0.015640764258298138,0.13120706686210964,0.11920672134783407,20.991734212352558,159.98935662827938,8,0.25,0.25,1.0,0.9739635111243302,,0.014260837613565638
shrink_10000,USP22,True,-0.012712364749667531,0.10537818944196765,-0.12063563453676818,15.791846625512672,149.85877731567336,21,0.0,0.0,,0.9998254917978734,0.9801042600290019,0.01691792593062091
shrink_10000,MED13L,True,-0.005188109336017474,0.12885339696395345,-0.04026365977350865,22.055985336188336,171.1711592854511,16,0.0,0.0,,0.9997999080528928,0.9864697295118174,0.029028520221255554
shrink_10000,TET1,True,0.019006777499220463,0.12048544398162761,0.15775164925415172,19.794024844836635,164.28561152876654,46,0.0,0.0,,0.9975396362097718,1.0000978698497471,0.026325499836026778
shrink_10000,KIF1B,True,0.009280196680175223,0.08499631460236484,0.10918351841006788,13.891345401476167,163.4346790971296,2,0.0,0.0,,0.9999986932260486,,0.014609257897405328
shrink_10000,SRC,False,0.0069929034219204655,0.02067233793543892,0.338273466879255,3.3308246654444065,161.1247201863085,6,0.0,0.0,,0.9993821959451868,,0.007580069035030906
shrink_10000,PBX1,True,0.015061399897666394,0.09408350959710736,0.1600854385870982,14.669854916268553,155.92376367643055,5,0.0,0.0,,0.999999938605317,,0.002890645643934353
shrink_10000,CAST,True,0.0025470841209997534,0.13135922536138872,0.019390218798811785,21.858513810983283,166.4025785082644,38,0.07894736842105263,0.13157894736842105,0.6,0.9672603906681883,1.0174033467407624,0.049627098089142556
shrink_10000,IDE,True,0.0009963372415624542,0.09005563477838203,0.01106357468929447,14.09698009730014,156.53634702582917,0,,,,,,0.010785369966797
shrink_10000,MAPKAPK2,True,-0.005050041752976198,0.13354834772109703,-0.03781433345414896,20.918854513239236,156.63881186254932,5,0.0,0.0,,0.9994202324685993,,0.0062988197326416095
shrink_10000,PTPN1,True,0.003999894966288848,0.21288750535495124,0.01878877278222482,31.32046195719455,147.12212398267982,2,0.0,0.0,,0.999887791713123,,0.09156753252837589
shrink_10000,KDM2B,True,0.008679462908187373,0.07470689737820771,0.1161802084250283,13.230483781512023,177.0985577748194,44,0.022727272727272728,0.022727272727272728,1.0,0.9958119453033423,0.9883475841104261,0.0029891816141103134
shrink_10000,ATP1B1,False,0.005002946553431424,0.021708304591639114,0.2304623344633875,3.333236917392283,153.54662559304924,2,0.0,0.0,,0.9999895211004284,,0.007598755617491966
shrink_10000,KAT2A,True,0.01109565462239032,0.14960244683987917,0.07416760124429046,22.888595000358308,152.99612729500458,738,0.02710027100271003,0.05420054200542006,0.5,0.949285109363377,1.0101654533916362,0.04443766395596425
shrink_10000,NISCH,True,0.0031685831061022108,0.07844591300816016,0.04039194630538121,12.064509963378544,153.7939900339175,6,0.16666666666666666,0.16666666666666666,1.0,0.972674918203665,,0.0010929666080665627
shrink_10000,KDR,False,-0.005622198154272488,0.020256556911145276,-0.2775495450156745,3.3249803593968124,164.14341163612997,7,0.0,0.0,,0.9987354200461646,,0.007645707574868772
shrink_10000,WFS1,False,0.0022807118254346104,0.021585644541629204,0.10565873171107407,3.3237730829846317,153.98071975912217,4,0.0,0.0,,0.9979277899575218,,0.007663657471180054
shrink_10000,TARBP2,True,-0.0056038823862948044,0.16344239824339657,-0.034286589321514765,24.947920076369364,152.64044302150538,4,0.0,0.0,,0.9991291370153315,,0.013239162250136676
shrink_10000,MAP3K7,True,-0.009301619642052074,0.11817540659019167,-0.0787102825404968,18.282424345739564,154.7058298613628,1,0.0,0.0,,0.9999994471397936,,0.014131774103344553
shrink_10000,HMGN1,True,-0.002859078182657698,0.1034019943917642,-0.027650126087755796,17.34800975670446,167.77248696942155,3,0.0,0.0,,0.999998989866935,,0.010732133161040916
shrink_10000,TSC22D4,True,0.006398830912062698,0.09069778231465507,0.07055112869092463,14.459697616609958,159.42724560172118,3,0.3333333333333333,0.3333333333333333,1.0,0.9697617715287064,,0.0228620638575916
shrink_10000,FOXH1,True,0.00687830892598721,0.08656380360668538,0.07945941189506597,14.098717749434902,162.8708208513385,32,0.0,0.0,,0.9979806680208815,1.0033713336986687,0.010170276319703166
shrink_10000,PAGR1,True,0.0002535918454909505,0.0967232511411362,0.002621829213752498,15.336564935311484,158.56130510886928,18,0.0,0.0,,0.9989270626886045,0.9508290561534833,0.0025462430787361085
shrink_10000,KLF10,True,-0.0029449664035622785,0.06862837246665152,-0.042911791402212275,10.660651040516235,155.33882936968305,15,0.0,0.0,,0.9991005757605792,0.9846848618990038,0.0032102145808100804
shrink_10000,POLB,True,-0.005581042227451713,0.18764691645746376,-0.029742253871338394,28.885123978379728,153.9333793685199,3,0.0,0.0,,0.9951393041038961,,0.0089188766157047
shrink_10000,RNF2,True,0.013317688596780612,0.1503123409161764,0.08860010106693363,22.34672227742175,148.66857997962848,377,0.015915119363395226,0.029177718832891247,0.5454545454545454,0.9813742988626719,0.9970117865050733,0.0032016821714694163
shrink_10000,SMARCA5,True,0.011586899446432595,0.1545033922187001,0.07499446633528471,23.808719139488918,154.09835860294635,953,0.046169989506820566,0.07450157397691501,0.6197183098591549,0.92677160273406,0.9897242417562738,0.0180878991731359
shrink_10000,ACAT2,True,0.00967318625662005,0.1405131349007154,0.06884186495059687,19.999078233941702,142.32888795821663,313,0.06070287539936102,0.0670926517571885,0.9047619047619048,0.9563707012295006,0.9131402934799084,0.004411519286547045
shrink_10000,TRAM2,True,0.0010416207341671932,0.09822015934821021,0.010604958707859944,14.960027323970566,152.31116934899546,1,0.0,0.0,,0.9999992800064763,,0.012901433056431327
shrink_10000,CAMSAP2,False,0.0031946282636646007,0.01849272589999008,0.17275053342278296,3.3286926284342804,180.000106335652,2,0.0,0.0,,0.9999891604675263,,0.007612041703168831
shrink_10000,CDCA2,True,0.01597615461499596,0.14690581111501802,0.10875100510821613,22.1550609697296,150.8113314345583,8,0.125,0.125,1.0,0.983223164106345,,0.007988858213347001
shrink_10000,CREG1,True,0.01402601857910039,0.08996693039939159,0.15590193548712253,14.322683815105254,159.19942751767056,4,0.0,0.0,,0.9998380195192949,,0.012567355664108213
shrink_10000,CASP2,True,0.003189260483234314,0.12531731085720527,0.025449480693599997,19.195682587832742,153.17662385610524,2,0.0,0.0,,0.9999970702422251,,0.0036359482261928916
shrink_10000,UBE3C,True,-0.013307224915574074,0.14432330736545898,-0.09220426803189313,23.430996135691498,162.35074267220722,37,0.10810810810810811,0.10810810810810811,1.0,0.9492826912192617,0.7467732724484172,0.06586664439065823
shrink_10000,EIF4B,True,0.030012970299752736,0.15600226236696965,0.19238804517560243,24.438450586315614,156.6544626694463,124,0.008064516129032258,0.008064516129032258,1.0,0.988122917160321,0.9588343991745014,0.03355965286374247
shrink_10000,STAG2,True,0.006571474327084252,0.1009072588050877,0.0651239009452997,17.058159906048008,169.04789712896198,453,0.024282560706401765,0.033112582781456956,0.7333333333333333,0.9717172844090565,0.9746629015014052,0.03851295768256456
shrink_10000,HMGB2,True,0.010416123444414224,0.09428565863582246,0.11047410173636706,14.935162856805123,158.4033359144476,26,0.07692307692307693,0.07692307692307693,1.0,0.9759243300098208,0.847244486919005,0.013885814086360769
shrink_10000,TGFBR2,False,0.006528524908481051,0.020285258294324576,0.32183592704400543,3.330982377892627,164.20704777639295,260,0.015384615384615385,0.015384615384615385,1.0,0.9881854021000881,0.9951358997724441,0.007640465921218258
shrink_10000,ANTXR1,False,0.0002593604336177468,0.020139810084679598,0.012877997981472671,3.329603020879567,165.32444977782606,2,0.0,0.0,,0.9999890405543771,,0.007629683255323031
shrink_10000,MTA1,True,0.01841031443409877,0.1398162810455726,0.13167504024869606,20.871911786715085,149.28098237652284,28,0.17857142857142858,0.17857142857142858,1.0,0.9241231053491902,0.6296873455973461,0.001982053377912743
shrink_10000,DHCR24,True,0.020525222268232498,0.13471066577526722,0.1523652351512683,19.116163231907084,141.90534299487368,32,0.0,0.0,,0.997691044202967,0.919742307406739,0.015650856999351714
shrink_10000,NDUFB4,True,-0.012972478170791887,0.08913651278233299,-0.1455349526907121,15.805071344466054,177.313099325091,17,0.058823529411764705,0.058823529411764705,1.0,0.9910727739186409,0.8758893186494744,0.03778308505815365
shrink_10000,ACVR1B,True,0.01269794654307452,0.09792337312434844,0.12967227473822793,16.452609847450333,168.01514615471743,25,0.04,0.04,1.0,0.9907556981683414,0.9332565835927452,0.01145474145432155
shrink_10000,DHX36,True,0.0519945837861659,0.13646827016506813,0.38100126661878786,20.75674584218203,152.09942807273268,1387,0.16870944484498918,0.18168709444844988,0.9285714285714286,0.8066532910415944,0.8940766065369357,0.03224967294339294
shrink_10000,LZTR1,True,0.005379930910285585,0.12734227952522736,0.04224779806317025,19.75042571941297,155.09715856390238,191,0.041884816753926704,0.04712041884816754,0.8888888888888888,0.940670984819343,0.946260701270293,0.01336844617810061
shrink_10000,INSIG1,True,-0.005615054989741946,0.1573824519709326,-0.03567777042118397,23.501734701911605,149.32881275894854,219,0.0365296803652968,0.0365296803652968,1.0,0.9696331555274013,0.9657673510372419,0.021372667411104104
shrink_10000,LAD1,False,0.004952869099405453,0.02199498576690789,0.2251817369601208,3.323214480009592,151.0896399400934,2,0.0,0.0,,0.9998450592044507,,0.00770252181338537
shrink_10000,TCF3,True,0.01355249337459636,0.19917684834983004,0.06804251340895326,28.304611248098883,142.10793815948557,6,0.0,0.0,,0.9999973552880748,,0.019954333722351905
shrink_10000,DAXX,True,-0.0061355390229466435,0.09401193428123646,-0.06526340586283645,15.058155527994359,160.1728083048257,28,0.03571428571428571,0.03571428571428571,1.0,0.9972301318113932,0.9799893600521837,0.021213546248539192
shrink_10000,CLDN7,True,0.016211148537249805,0.13222236481189356,0.12260519285305956,20.958746359183667,158.51135614614574,7,0.0,0.0,,0.9999403785559803,,0.022720887543889456
shrink_10000,NIT1,True,-0.0024226154976649612,0.09442140522625085,-0.025657481922239284,15.30377220068882,162.07947937248127,143,0.013986013986013986,0.013986013986013986,1.0,0.9886234633670153,0.9853840400063236,0.0028683530100371574
shrink_10000,PRR12,True,0.020870993604118485,0.12272151569321842,0.17006792563002718,20.022686832227066,163.1554721201469,105,0.02857142857142857,0.02857142857142857,1.0,0.9827971310458672,0.975397678295873,0.009848887250490065
shrink_10000,ARID1A,True,0.02140941108275217,0.11078189289404142,0.19325731420052047,17.47937165341372,157.78184680534443,220,0.013636363636363636,0.031818181818181815,0.42857142857142855,0.963310993953302,0.9931693172563906,0.02389191942221525
shrink_10000,STX4,True,0.002324080928377075,0.12904962453881066,0.018009203333080023,20.629116958101175,159.85414162826277,19,0.0,0.0,,0.9990416393716046,0.9773236167164426,0.008890057759495466
shrink_10000,CENPO,True,0.0024852155324063844,0.11127777382746952,0.022333440425035673,16.89637382412153,151.83961039981344,5,0.2,0.2,1.0,0.9915425926014334,,0.009794906370452716
shrink_10000,NRAS,True,0.01931994012451772,0.10643610789080858,0.1815167851152336,15.598755441314129,146.55510944948014,5,0.2,0.2,1.0,0.9885787299703449,,0.002412457148317207
shrink_10000,CHMP3,True,0.011439668029889225,0.29833609975568365,0.03834490039675893,42.203425876141125,141.46268557745032,98,0.02040816326530612,0.04081632653061224,0.5,0.9869049560469371,1.0930134278003478,0.08111575740526186
shrink_10000,EID2,True,-0.0058400691519625274,0.14941272731265032,-0.03908682517883513,21.908010842167574,146.6274743538042,4,0.0,0.0,,0.9993545593645006,,0.01367762090171579
shrink_10000,UQCRQ,True,-0.004664244867865224,0.13210387079142816,-0.035307404998218064,21.7708055567643,164.80066349559945,48,0.0,0.020833333333333332,0.0,0.9959866194808923,1.0336323201208073,0.005828525614790061
shrink_10000,ZNF426,True,0.007927964501900933,0.1043927108995992,0.07594365960594449,16.71284024298922,160.0958543845362,3,0.0,0.0,,0.9999980740227684,,0.013859329361206983
shrink_10000,BIRC2,True,0.00780072834515584,0.09422104639427728,0.08279178213021454,15.331322745755202,162.71654086285315,75,0.02666666666666667,0.02666666666666667,1.0,0.9554988661452366,0.9087213390752328,0.010096874934473195
shrink_10000,PLCB3,True,0.019316486387123268,0.1575884366479927,0.12257553154277905,25.38431712160615,161.07982071240048,2,0.0,0.0,,0.9992853487591218,,0.01156966472774692
shrink_10000,TFAM,True,0.01584208175060542,0.12244031149841293,0.12938616013575532,21.00843473725949,171.5810298108544,98,0.08163265306122448,0.08163265306122448,1.0,0.9243004957817427,0.9124330868002678,0.07616691616378078
shrink_10000,PMS1,True,0.004207203077864019,0.15405923143499284,0.027308996927193546,25.032137382696472,162.4838521491592,1,0.0,0.0,,0.997988920145633,,0.018921124786382703
shrink_10000,ZNF286A,True,0.012038235837061106,0.1307466975514578,0.09207296293142114,21.104989419141553,161.4189101092614,2,0.0,0.0,,0.9999998808417727,,0.006408835214173658
shrink_10000,GSK3B,True,0.012147889635663336,0.13944669958171851,0.08711493116797958,21.08155450848489,151.18001768217312,217,0.027649769585253458,0.041474654377880185,0.6666666666666666,0.9650971394043334,0.9572891939631977,0.04471513537428444
shrink_10000,LRPPRC,True,0.00988754065369152,0.13811033518293503,0.07159160565785976,23.912493947895445,173.14051056513605,98,0.07142857142857142,0.07142857142857142,1.0,0.9483217654732009,0.8643360253130744,0.07535767348626132
shrink_10000,CASP3,True,0.02519727249393585,0.10825951018759604,0.23274881301673264,16.55868325565589,152.953613284989,417,0.03357314148681055,0.050359712230215826,0.6666666666666666,0.9137002706448001,0.9665763207706383,0.009628871390993601
shrink_10000,MAST2,True,-0.0023837894342996864,0.12382540730286867,-0.019251214158893068,19.458695898086184,157.14622969494067,0,,,,,,0.010472468103813222
shrink_10000,HAT1,True,0.0004112495941458905,0.34799685667716224,0.0011817623816280849,55.457113220174186,159.36096018137866,29,0.0,0.0,,0.9986076839797106,1.1304994701887807,0.033095617759492865
shrink_10000,MAU2,True,-0.0008909052185636425,0.20264510086052706,-0.004396381727366895,29.953146482352086,147.81085925668492,902,0.0565410199556541,0.07982261640798226,0.7083333333333334,0.9363712821231751,0.9631627971510737,0.03186530143109433
shrink_10000,SMARCA4,True,0.020376545669335663,0.1504640536150797,0.13542467572662484,22.875980053487957,152.0361807612187,2229,0.0901749663526245,0.15208613728129206,0.5929203539823009,0.832269557388154,0.9868383913201214,0.009389420040682203
shrink_10000,TWF2,True,0.013526151880146617,0.08622031980956228,0.15687893422365268,14.29989909889612,165.85300461052321,4,0.0,0.0,,0.9999946706946532,,0.01676425595535336
shrink_10000,IRF3,True,0.009238770982925793,0.08128239183107269,0.11366263682454764,12.865386286264735,158.28011450502797,4,0.25,0.25,1.0,0.9831960214552479,,0.005911988651263184
shrink_10000,MKI67,True,0.004590050830117792,0.10739605521414675,0.04273947326058925,16.50047458138715,153.6413469608856,5,0.0,0.0,,0.9999816066655838,,0.01531240613174948
shrink_10000,AKT2,True,0.0062189892386515806,0.16034578777336286,0.03878486192254499,26.9056821522967,167.79787312109457,50,0.02,0.02,1.0,0.9690404244930271,0.9688443370711349,0.05325236096281782
shrink_10000,SSBP1,True,0.008040600890274318,0.13066527325341032,0.06153586710587207,19.497531369613743,149.2173925339789,59,0.1016949152542373,0.1016949152542373,1.0,0.9440235232396831,0.825051041392757,0.06314443996958187
shrink_10000,PHF14,True,0.004846677896571933,0.12464413392107467,0.03888412349706626,19.90754121591523,159.71502701058353,24,0.0,0.0,,0.9997212433512606,1.009262224754736,0.009044177942454849
shrink_10000,DNMT1,True,0.058871183829974666,0.20778084820513087,0.28333306143718456,23.39547899104306,112.59689809306178,1279,0.08835027365129007,0.127443315089914,0.6932515337423313,0.8285535099516004,0.9594681704935438,0.043658868236134164
shrink_10000,TMSB10,True,0.03691269200974791,0.08966175376680093,0.41168826683619447,13.815046709076078,154.07959501893413,263,0.12547528517110265,0.12927756653992395,0.9705882352941176,0.8725969444960437,0.887093720995206,0.016200393408887983
shrink_10000,CLDN6,True,0.008770608323162274,0.1460992460721212,0.060031852038666275,23.816571830167444,163.0163910524939,4,0.0,0.0,,0.9997890453550569,,0.0024707275957621573
shrink_10000,DLG5,True,0.03303127025084998,0.11353554598270803,0.29093329287270786,16.992943655745652,149.67069131224994,85,0.047058823529411764,0.058823529411764705,0.8,0.9724364356601422,0.9137470933681394,0.022287833655177773
shrink_10000,NDUFB6,True,0.010165547088021452,0.0764980759429819,0.13288631070405454,12.668961649433278,165.61150712961893,12,0.08333333333333333,0.08333333333333333,1.0,0.9973660213305584,0.8860548177892652,0.029355662904984495
shrink_10000,STAT6,True,-0.001277659680090734,0.43041623982568,-0.002968428144365999,65.74979299482422,152.75862504968006,73,0.0,0.0,,0.9978306198025763,0.9382478598720477,0.013322483430242966
shrink_10000,ZNF714,True,-0.0023379187228593796,0.20023726252168114,-0.011675742533716652,30.165720764766878,150.64988596465963,8,0.125,0.125,1.0,0.9855080077734011,,0.01808495615621426
shrink_10000,SAFB,True,-0.0068145107258705765,0.15228946828654827,-0.044747091197720745,24.195993713276028,158.88159559234117,165,0.024242424242424242,0.024242424242424242,1.0,0.9832463137411448,0.9224563833989557,0.013503409598583586
shrink_10000,SOX2,True,0.005302622344954116,0.6710408316280546,0.007902085976033812,110.901744811015,165.26825132525732,1156,0.03373702422145329,0.0657439446366782,0.5131578947368421,0.9361918631844395,1.165127551827913,0.04372283778332242
shrink_10000,SLC25A3,True,-2.7998671388276143e-05,0.11244530298836085,-0.00024899814082206945,18.688105463037676,166.19729740931973,21,0.0,0.0,,0.9993391298080038,0.9905760273531717,0.01579808908230423
shrink_10000,ZNF593,True,-0.005753413205467175,0.09026769152126571,-0.06373723652954788,14.330032721844704,158.75040648922283,21,0.0,0.0,,0.9996906213651597,0.9971611615755415,0.004274166701818375
shrink_10000,RAF1,True,-0.002736678879475089,0.12758253234884537,-0.021450263050056602,21.00403824537614,164.63098716323785,38,0.0,0.0,,0.9968062521427346,0.9643747519835052,0.00243792260686903
shrink_10000,METTL17,True,-0.0034706304596870976,0.10606546837726996,-0.03272158707999314,16.599865749001793,156.5058449556536,81,0.024691358024691357,0.024691358024691357,1.0,0.98920421639502,0.9409095870892252,0.02606957195519716
shrink_10000,IKBKG,True,-0.0051857232092809204,0.11089674368731083,-0.04676172660130405,17.022826916100154,153.50159391603455,12,0.0,0.0,,0.9998456822501459,1.0044729071690304,0.007252124542412324
shrink_10000,SMAGP,True,0.042047128020685304,0.09765731367516677,0.43055790128064364,14.84256977447342,151.98625905115114,79,0.0759493670886076,0.0759493670886076,1.0,0.9628654999464523,0.9242130976338393,0.013211212831722576
shrink_10000,MAP1B,True,0.00598682980185635,0.10285110056237155,0.05820870918367843,16.717658661607246,162.5423410172381,3,0.3333333333333333,0.3333333333333333,1.0,0.9925147638437369,,0.005446369632782648
shrink_10000,TAZ,True,0.006700432276996943,0.15322996232448183,0.043727950952621254,24.172732790108924,157.75460897732535,22,0.0,0.0,,0.9945693922447157,0.8482128778112028,0.03357030433190199
shrink_10000,OXCT1,True,0.030567590781108628,0.10739585113689318,0.284625434386151,16.818324672012267,156.60125129577514,129,0.13953488372093023,0.13953488372093023,1.0,0.7804654264476683,0.8362946580477448,0.006360846250112374
shrink_10000,WSB2,True,-0.006368916952630055,0.13423887128387718,-0.047444655126469296,20.22480245203088,150.66278685598564,106,0.03773584905660377,0.03773584905660377,1.0,0.9838906474307206,0.9461429732355783,0.0033288398316384774
shrink_10000,C1QBP,True,0.0020409027727609445,0.11635275131580876,0.01754064901500656,18.401390483299306,158.15174351445802,66,0.030303030303030304,0.045454545454545456,0.6666666666666666,0.992218761768002,0.9673713284361698,0.004396365911367194
shrink_10000,CALM3,True,0.0010437877702567694,0.1936291801929556,0.0053906532538980576,29.46016707386383,152.14735219405537,1,0.0,0.0,,0.9972225651385516,,0.005201484267168119
shrink_10000,SIX4,True,-0.008670470761149063,0.09205429041025695,-0.09418866543327324,15.599763064600824,169.46263987346595,25,0.04,0.04,1.0,0.9940276537262763,0.9554485005326738,0.0040162785903611435
shrink_10000,RRM1,True,0.00016410426684537803,0.18742681201547212,0.0008755645207892197,29.933903096657193,159.709823662722,5,0.0,0.0,,0.9987608234382243,,0.01995876555193031
shrink_10000,MBTPS1,True,0.018899115088751344,0.11443383919363621,0.16515320312527226,20.283712025576538,177.25274419268575,384,0.0859375,0.09114583333333333,0.9428571428571428,0.9241610824523544,0.909637723554044,0.007607589039992676
shrink_10000,RAB3B,False,0.002997738421935728,0.020669954485192817,0.14502878678727596,3.3338597470489177,161.29013488816196,0,,,,,,0.007555889282146531
shrink_10000,XRCC4,True,-0.0022645225831270464,0.10424980851303509,-0.021722079065918835,16.175266407422335,155.158715763011,14,0.07142857142857142,0.07142857142857142,1.0,0.9801569572884863,0.8052994316417608,0.005825851861029187
shrink_10000,TRAPPC6A,True,0.010813980481525045,0.13378378216876047,0.0808317742720402,20.986110399313546,156.86587760570848,230,0.04782608695652174,0.05652173913043478,0.8461538461538461,0.956166345885915,0.9452421576723161,0.015431748330039125
shrink_10000,SIN3B,True,0.03328724146295721,0.19401360784058472,0.17157168424138763,27.870373120490104,143.65164088588244,1161,0.0714900947459087,0.09646856158484066,0.7410714285714286,0.9003921789524859,0.9453303457231471,0.0244529725721905
shrink_10000,SV2A,False,4.655672039964716e-05,0.021759604742431007,0.0021395940298888807,3.331999639642913,153.12776491502842,18,0.0,0.0,,0.9985807578518778,0.9986717984439306,0.007610753257767786
shrink_10000,EWSR1,True,0.017298766298644356,0.13919002680278938,0.12428165074753535,20.607661324742956,148.05415156605153,178,0.028089887640449437,0.028089887640449437,1.0,0.9852671588356722,0.9504105180134547,0.011453730379865017
shrink_10000,TXNDC9,True,-0.00739278139109119,0.3560803481469456,-0.020761554041281636,53.28247149653918,149.63609133113636,24,0.0,0.0,,0.999491525835937,1.0072197647205712,0.013703078842238725
shrink_10000,TMBIM6,True,0.005731615248725924,0.12838609053968167,0.044643584243687154,19.933002934158896,155.25827486738518,6,0.16666666666666666,0.16666666666666666,1.0,0.9936081276114049,,0.012989401299545907
shrink_10000,METTL3,True,0.06698675824679796,0.11470201032241258,0.5840068370075365,18.606955033238325,162.2199557003105,2926,0.23581681476418317,0.2822966507177033,0.8353510895883777,0.673075223859833,0.916993360914508,0.0015366424451488212
shrink_10000,METTL14,True,0.08040155284165866,0.13856534679497692,0.580242857982536,21.586517173262518,155.7858272112017,3008,0.24368351063829788,0.2912234042553192,0.83675799086758,0.6545537195379463,0.903981824422727,0.016649991591088036
shrink_10000,MED24,True,0.02105992679531719,0.2851734149130077,0.07384954450169043,46.33264185444333,162.47181340019768,647,0.03400309119010819,0.04945904173106646,0.6875,0.9598342816747005,0.9919794034163438,0.06720201469680454
shrink_10000,ATM,True,0.008646998839653754,0.13940254703404834,0.06202898744412304,19.40464705834742,139.1986550547598,76,0.0,0.0,,0.9963377548961951,0.9766583364487877,0.006396357408479992
shrink_10000,PHF10,True,-0.010744752401447467,0.15266383441908615,-0.07038177995681308,25.99137461485664,170.25233719406157,120,0.075,0.08333333333333333,0.9,0.9480846075552882,0.8757867586833474,0.06578447424394925
shrink_10000,DZIP3,False,-0.00014221623929959817,0.021996974189613386,-0.0064652637255332305,3.3247108055274155,151.1440063014344,1,0.0,0.0,,0.9999998242546789,,0.007653770575072727
shrink_10000,ZNF562,True,0.000802538576391069,0.1380361648272471,0.005813973297472077,22.561246322543205,163.44445928919214,10,0.0,0.0,,0.9996994238958671,0.9396141093881295,0.0038422427075780565
shrink_10000,MED1,True,-0.0002600626508040248,0.12616367901290965,-0.0020613115663614566,22.660340048979354,179.61064726608552,302,0.0033112582781456954,0.009933774834437087,0.3333333333333333,0.9902668785594774,0.964193522063316,0.034066118334316116
shrink_10000_stable_2of3,TMSB4X,True,-0.00369152037189715,0.10545654627145093,-0.03500513246844794,16.531184968568954,156.75826255505066,0,,,,,,0.011253384880575656
shrink_10000_stable_2of3,PRCP,True,0.014142704952658116,0.07997527096910013,0.176838474959621,11.620759243297872,145.30440600554837,6,0.16666666666666666,0.16666666666666666,1.0,0.9653907895749887,,0.007938037061537876
shrink_10000_stable_2of3,TADA1,True,0.018048662022992785,0.11220104352213374,0.16086001926918223,17.009268939396026,151.59635245318046,533,0.020637898686679174,0.043151969981238276,0.4782608695652174,0.948473375366856,0.9844287745427183,0.04239318019720728
shrink_10000_stable_2of3,HIRA,True,0.0008040486458715949,0.07591091396772662,0.010592003229119792,11.428325643327781,150.54917726568954,32,0.0,0.0,,0.9981199657540335,0.9864994878165741,0.007098316171408784
shrink_10000_stable_2of3,IGF2R,True,0.0027843081245593954,0.09324970717790237,0.029858625928416857,14.15271610580979,151.77223107852927,6,0.0,0.0,,0.9969201394052909,,0.012986608692406344
shrink_10000_stable_2of3,NCK2,True,0.008062365481783839,0.07626261473155332,0.10571845077910855,12.898830134976361,169.13700350270742,2,0.5,0.5,1.0,0.9877253887004798,,0.008821194936821881
shrink_10000_stable_2of3,MED13,True,0.005854277606967429,0.0932112072914037,0.06280658492776903,15.34600293232886,164.6368862528844,113,0.0,0.008849557522123894,0.0,0.9949212877249778,1.0060890192478327,0.014247593089987432
shrink_10000_stable_2of3,MED12,True,-0.007976873637144263,0.30528457259189123,-0.02612930476446925,52.78066189806423,172.89003977486334,68,0.0,0.0,,0.9962475436377752,0.9973790261923026,0.18164632537955888
shrink_10000_stable_2of3,STAT1,True,0.018394005282187157,0.12356750008253045,0.14885795431567236,19.769484838368907,159.98935662827938,8,0.25,0.25,1.0,0.9705659456876949,,0.013587079073641956
shrink_10000_stable_2of3,USP22,True,-0.01387496943226266,0.10011940825296288,-0.1385842133346014,15.003772106357754,149.85877731567336,21,0.0,0.0,,0.9998129660593528,0.9798755188038666,0.013923429417800032
shrink_10000_stable_2of3,MED13L,True,-0.0032441746543980785,0.12261019439563128,-0.02645925708208217,20.987329114914726,171.1711592854511,16,0.0,0.0,,0.9999050823601442,1.0043861941895906,0.02490050654713859
shrink_10000_stable_2of3,TET1,True,0.013383480318307743,0.11293950145194409,0.11850132279893613,18.554335061786652,164.28561152876654,46,0.0,0.0,,0.9977059145811191,1.0017814520613177,0.021027987280163113
shrink_10000_stable_2of3,KIF1B,True,0.00541263080294639,0.07933406209931675,0.06822581196170725,12.965936980673584,163.4346790971296,2,0.0,0.0,,0.9999985709905768,,0.011330936657153266
shrink_10000_stable_2of3,SRC,False,0.009225428413784814,0.01980445076490531,0.4658260167523977,3.1909865879388915,161.1247201863085,6,0.0,0.0,,0.9994453733371429,,0.009003618419899214
shrink_10000_stable_2of3,PBX1,True,0.018085916206892386,0.08831438154587563,0.2047901586390831,13.770310757389232,155.92376367643055,5,0.0,0.0,,0.9999998115428381,,0.0036678243669822507
shrink_10000_stable_2of3,CAST,True,0.0029869360090679898,0.12432464219258024,0.024025293428483738,20.687941032962716,166.4025785082644,38,0.07894736842105263,0.13157894736842105,0.6,0.9637586717879991,1.0235113108330207,0.04073783886911173
shrink_10000_stable_2of3,IDE,True,0.0003500684863776769,0.08390705366525046,0.004172098424219314,13.134503670458518,156.53634702582917,0,,,,,,0.007762470628637678
shrink_10000_stable_2of3,MAPKAPK2,True,-0.0033150309086529524,0.12487969751214123,-0.026545795471122548,19.561007444056358,156.63881186254932,5,0.0,0.0,,0.9994845791143322,,0.002560226295877874
shrink_10000_stable_2of3,PTPN1,True,0.004229142596556465,0.2113133626896046,0.02001360700869919,31.088870744816997,147.12212398267982,2,0.0,0.0,,0.9998918654667109,,0.09001374804256537
shrink_10000_stable_2of3,KDM2B,True,0.008444707931427682,0.06967765077075401,0.12119679463952597,12.339811460638069,177.0985577748194,44,0.022727272727272728,0.022727272727272728,1.0,0.995628375489056,0.9892816596750365,0.002053200151629904
shrink_10000_stable_2of3,ATP1B1,False,0.008679671906968913,0.02078381175071193,0.4176169420256416,3.191284161282982,153.54662559304924,2,0.0,0.0,,0.9999836171124812,,0.009031322555793898
shrink_10000_stable_2of3,KAT2A,True,0.005695859293862233,0.13989750332054088,0.040714517119090875,21.403776226282798,152.99612729500458,738,0.024390243902439025,0.04878048780487805,0.5,0.9500745887349823,1.0126640035881929,0.03702663845324132
shrink_10000_stable_2of3,NISCH,True,-0.0020652032146538596,0.07364386576858947,-0.028043112526755874,11.325983958073609,153.7939900339175,6,0.16666666666666666,0.16666666666666666,1.0,0.9690703081824443,,0.0008726899308562884
shrink_10000_stable_2of3,KDR,False,-0.005417448835701471,0.01938104598613708,-0.27952303707325576,3.1812710092412635,164.14341163612997,7,0.0,0.0,,0.9994676282194347,,0.009079422931002598
shrink_10000_stable_2of3,WFS1,False,0.001979465830053269,0.020658222172059423,0.09581975707137706,3.180967918997566,153.98071975912217,4,0.0,0.0,,0.9981155660174291,,0.0090875888639092
shrink_10000_stable_2of3,TARBP2,True,-0.0061297009247430366,0.15252579538765798,-0.04018796236507963,23.281604980179598,152.64044302150538,4,0.0,0.0,,0.9990010501864945,,0.007969052105663336
shrink_10000_stable_2of3,MAP3K7,True,-0.011278844833988624,0.10934652829772858,-0.10314771771517611,16.916545402759088,154.7058298613628,1,0.0,0.0,,0.9999996249003131,,0.010757150319556617
shrink_10000_stable_2of3,HMGN1,True,-0.0010739936860834974,0.09620152103733377,-0.011163999014804592,16.139968434674614,167.77248696942155,3,0.0,0.0,,0.9999993339275547,,0.008155682694641639
shrink_10000_stable_2of3,TSC22D4,True,0.004062346350823624,0.08578621124173166,0.04735430428762717,13.676659368876688,159.42724560172118,3,0.3333333333333333,0.3333333333333333,1.0,0.9661423718902842,,0.021194290640276107
shrink_10000_stable_2of3,FOXH1,True,0.005629154131558672,0.08121518693543125,0.06931159483797081,13.22758416176859,162.8708208513385,32,0.0,0.0,,0.9978283796998774,0.997604842376272,0.01142557275910301
shrink_10000_stable_2of3,PAGR1,True,-0.0006647214721595019,0.09077546972919452,-0.007322699338736873,14.39347695213174,158.56130510886928,18,0.0,0.0,,0.9988178605862613,0.9588879296530486,0.0010943643959502735
shrink_10000_stable_2of3,KLF10,True,-0.0031689831954455653,0.0638651897797194,-0.0496198822296757,9.920743817854259,155.33882936968305,15,0.0,0.0,,0.9990899269374552,0.992986351815991,0.003352517200740152
shrink_10000_stable_2of3,POLB,True,-0.004368870598864242,0.17626490549074741,-0.024785822150476658,27.133052566263526,153.9333793685199,3,0.0,0.0,,0.9944933819735148,,0.0036402111545938546
shrink_10000_stable_2of3,RNF2,True,0.012179694688152849,0.1407122099543139,0.08655748276647293,20.919484439703194,148.66857997962848,377,0.015915119363395226,0.026525198938992044,0.6,0.9830387485656286,0.9977632482386142,0.001742641847168122
shrink_10000_stable_2of3,SMARCA5,True,0.010997726849787474,0.14842247865280186,0.07409744770206925,22.87166034017761,154.09835860294635,953,0.04407135362014691,0.07135362014690451,0.6176470588235294,0.9252167921211891,0.9923872613674095,0.01741588334931828
shrink_10000_stable_2of3,ACAT2,True,0.007911705655269198,0.13200009422466527,0.05993712127056067,18.787426621376422,142.32888795821663,313,0.05750798722044728,0.06389776357827476,0.9,0.9521563381008247,0.9222564491926148,0.0015991281109274174
shrink_10000_stable_2of3,TRAM2,True,0.0008070184754944485,0.09240749596959681,0.008733257697621927,14.074693767741875,152.31116934899546,1,0.0,0.0,,0.999999165978693,,0.01278277944281985
shrink_10000_stable_2of3,CAMSAP2,False,0.006495555130524311,0.017719484970501402,0.3665769711330673,3.1895091789032395,180.000106335652,2,0.0,0.0,,0.9999831901797879,,0.009028175387030123
shrink_10000_stable_2of3,CDCA2,True,0.020123595585440884,0.13824310608980633,0.14556672050154942,20.84862689105259,150.8113314345583,8,0.125,0.125,1.0,0.9810854168600174,,0.008609785596735732
shrink_10000_stable_2of3,CREG1,True,0.014171667731072379,0.08426566102690707,0.1681784437262907,13.415044994881688,159.19942751767056,4,0.0,0.0,,0.9998214710957742,,0.00976844500293739
shrink_10000_stable_2of3,CASP2,True,0.0016188117674167625,0.11736034531765163,0.013793515714658387,17.976861470344545,153.17662385610524,2,0.0,0.0,,0.999999999951238,,0.0011995062087305833
shrink_10000_stable_2of3,UBE3C,True,-0.015882011167008565,0.13809113696976388,-0.11501108264816483,22.419198643490656,162.35074267220722,37,0.10810810810810811,0.10810810810810811,1.0,0.9471921031987951,0.7702033301486857,0.06292563697736227
shrink_10000_stable_2of3,EIF4B,True,0.031575552782614355,0.14767836376892166,0.2138129918071269,23.13447472412345,156.6544626694463,124,0.008064516129032258,0.008064516129032258,1.0,0.9880003590862644,0.9746344175508499,0.0319403016039396
shrink_10000_stable_2of3,STAG2,True,0.00897273098724886,0.09672009801527577,0.0927700774851544,16.35032917958946,169.04789712896198,453,0.024282560706401765,0.033112582781456956,0.7333333333333333,0.9709977207088553,0.9752379678735285,0.03525696149103659
shrink_10000_stable_2of3,HMGB2,True,0.009985003429698448,0.08842445703698566,0.1129212863079496,14.00672897108228,158.4033359144476,26,0.07692307692307693,0.07692307692307693,1.0,0.9727306929335073,0.8495890220361174,0.010846521140658916
shrink_10000_stable_2of3,TGFBR2,False,0.007627032232534928,0.019429026624665162,0.39255863815907305,3.190383103205203,164.20704777639295,260,0.011538461538461539,0.011538461538461539,1.0,0.988133099138387,0.9949063338199253,0.009061215820758972
shrink_10000_stable_2of3,ANTXR1,False,0.0005928431468398653,0.0192702218844841,0.030764728626046987,3.1858388301489566,165.32444977782606,2,0.0,0.0,,0.9999830559869949,,0.009063920416739913
shrink_10000_stable_2of3,MTA1,True,0.02051942410587941,0.1310695060136546,0.1565537609010423,19.566184617323927,149.28098237652284,28,0.17857142857142858,0.17857142857142858,1.0,0.9139054877155863,0.6302317026381687,0.003763497522317281
shrink_10000_stable_2of3,DHCR24,True,0.021259649312035958,0.12572714201197924,0.16909355427812353,17.841353210975107,141.90534299487368,32,0.0,0.0,,0.9974259843890554,0.9154170875585704,0.011806152417852605
shrink_10000_stable_2of3,NDUFB4,True,-0.010921338451213111,0.08565329611104414,-0.1275063418114614,15.187451400859,177.313099325091,17,0.058823529411764705,0.058823529411764705,1.0,0.9903174610211362,0.875802461175011,0.036049190910557964
shrink_10000_stable_2of3,ACVR1B,True,0.011134342302017939,0.09165822750059643,0.12147673597490728,15.39997048979505,168.01514615471743,25,0.04,0.04,1.0,0.989563516342732,0.9301025121918555,0.007536886117409545
shrink_10000_stable_2of3,DHX36,True,0.053614052069697264,0.13454193479199011,0.39849324415163057,20.46375133366059,152.09942807273268,1387,0.16870944484498918,0.18168709444844988,0.9285714285714286,0.8026247989823211,0.8963203024256498,0.03054601502517654
shrink_10000_stable_2of3,LZTR1,True,0.008676080719364055,0.12363185022018805,0.07017674413116018,19.174948677149136,155.09715856390238,191,0.041884816753926704,0.04712041884816754,0.8888888888888888,0.9370232793025908,0.9494826453099914,0.01248068228023279
shrink_10000_stable_2of3,INSIG1,True,-0.005871435192141851,0.14884948738409734,-0.039445451209320984,22.227517230845347,149.32881275894854,219,0.0410958904109589,0.0410958904109589,1.0,0.9671863326341992,0.9694296163108992,0.020596945794332484
shrink_10000_stable_2of3,LAD1,False,0.005211412550706848,0.021052165098396823,0.24754758127484522,3.180764044676177,151.0896399400934,2,0.0,0.0,,0.9998627698005611,,0.009120636592090564
shrink_10000_stable_2of3,TCF3,True,0.014993394455290028,0.18868950346181407,0.07946067046768347,26.814276289295513,142.10793815948557,6,0.0,0.0,,0.999998860289044,,0.012884655605113144
shrink_10000_stable_2of3,DAXX,True,-0.0017262996380253256,0.08914629717189185,-0.019364793522457534,14.27881276799846,160.1728083048257,28,0.03571428571428571,0.03571428571428571,1.0,0.996907082838082,0.9782587028868148,0.018985412687849656
shrink_10000_stable_2of3,CLDN7,True,0.0074340420130088285,0.1237905367145641,0.06005339511654452,19.6222058526848,158.51135614614574,7,0.0,0.0,,0.9999940388439127,,0.018081554013066888
shrink_10000_stable_2of3,NIT1,True,-0.0032581548730603216,0.08834727517843614,-0.036878951461488584,14.319280364898267,162.07947937248127,143,0.013986013986013986,0.013986013986013986,1.0,0.9890634288345475,0.9885515452079041,0.003187898552420185
shrink_10000_stable_2of3,PRR12,True,0.017883788592434603,0.11573169938280216,0.1545280047541767,18.882260052068,163.1554721201469,105,0.02857142857142857,0.02857142857142857,1.0,0.9810024685259461,0.9710093765294903,0.006853171681330982
shrink_10000_stable_2of3,ARID1A,True,0.017860708742061544,0.1067402118113579,0.16732877365492577,16.84166774798969,157.78184680534443,220,0.013636363636363636,0.031818181818181815,0.42857142857142855,0.9606217297855562,0.9933301482991237,0.021771823868792697
shrink_10000_stable_2of3,STX4,True,0.005641161523002922,0.12065817131399238,0.04675324896415641,19.28770840583413,159.85414162826277,19,0.0,0.0,,0.99892007480227,0.9837090519643416,0.01090037100290595
shrink_10000_stable_2of3,CENPO,True,0.004440157436654846,0.10407092855556496,0.04266472393665809,15.802089245823803,151.83961039981344,5,0.2,0.2,1.0,0.9904008866733971,,0.010217171305635072
shrink_10000_stable_2of3,NRAS,True,0.018647170034291796,0.1000485052563304,0.18638129561772668,14.662619638098391,146.55510944948014,5,0.2,0.2,1.0,0.9870805375398731,,0.0012692006516796261
shrink_10000_stable_2of3,CHMP3,True,0.010602171966458674,0.28672699787995193,0.03697653881514721,40.5611711476579,141.46268557745032,98,0.02040816326530612,0.04081632653061224,0.5,0.9858986454521458,1.095074109074682,0.07459407766831976
shrink_10000_stable_2of3,EID2,True,-0.005119442068547721,0.140071016674406,-0.0365489034783536,20.538259405137744,146.6274743538042,4,0.0,0.0,,0.9992685434962991,,0.013408220026646605
shrink_10000_stable_2of3,UQCRQ,True,-0.004853537895981035,0.12662590250359354,-0.038329739808514264,20.8680327483213,164.80066349559945,48,0.0,0.020833333333333332,0.0,0.9956873357287616,1.0363246364840697,0.003545584612726891
shrink_10000_stable_2of3,ZNF426,True,0.006003865908329404,0.09770757780894207,0.06144729040432662,15.642578149166132,160.0958543845362,3,0.0,0.0,,0.9999980517962933,,0.012978623178162995
shrink_10000_stable_2of3,BIRC2,True,0.008828592993056744,0.08909771897623224,0.09908887785793781,14.4976726305831,162.71654086285315,75,0.02666666666666667,0.02666666666666667,1.0,0.9505683354541353,0.9084876237297618,0.010378769246250934
shrink_10000_stable_2of3,PLCB3,True,0.01937822526551695,0.1481175288877055,0.13083006050018864,23.858744997595398,161.07982071240048,2,0.0,0.0,,0.9996568818523444,,0.006115223538229013
shrink_10000_stable_2of3,TFAM,True,0.01728189255260428,0.11672942019219591,0.14805087290033228,20.028554125800916,171.5810298108544,98,0.08163265306122448,0.08163265306122448,1.0,0.9170306240560686,0.9187673594642198,0.06814471473421561
shrink_10000_stable_2of3,PMS1,True,0.004648756777542977,0.14457150410316913,0.03215541545604679,23.490534897680895,162.4838521491592,1,0.0,0.0,,0.9977268252046987,,0.021254996928635285
shrink_10000_stable_2of3,ZNF286A,True,0.011174235564738825,0.12248266166721009,0.09123116213051963,19.77101775360246,161.4189101092614,2,0.0,0.0,,0.9999999694962393,,0.0033232812989006455
shrink_10000_stable_2of3,GSK3B,True,0.012541951702743859,0.13520151467407066,0.09276487569668619,20.43976737908259,151.18001768217312,217,0.027649769585253458,0.041474654377880185,0.6666666666666666,0.963504700706493,0.9596068243074045,0.04102001516422793
shrink_10000_stable_2of3,LRPPRC,True,0.01025475345347601,0.1322888742277879,0.0775178828403844,22.904563225886264,173.14051056513605,98,0.08163265306122448,0.08163265306122448,1.0,0.9439383415350306,0.8717147430487153,0.06719167914214921
shrink_10000_stable_2of3,CASP3,True,0.024395344890464358,0.10212708493882233,0.23887242943512993,15.620706655655855,152.953613284989,417,0.03357314148681055,0.050359712230215826,0.6666666666666666,0.9051224341847535,0.9680402586031424,0.009660309029468558
shrink_10000_stable_2of3,MAST2,True,0.0014441880070054235,0.11535609604960671,0.012519390448029532,18.127775566523134,157.14622969494067,0,,,,,,0.007823598496070113
shrink_10000_stable_2of3,HAT1,True,0.00261269844418858,0.33286743280888753,0.007849065984441423,53.04607370553486,159.36096018137866,29,0.0,0.0,,0.9985172718002755,1.134409648281101,0.016291400743508027
shrink_10000_stable_2of3,MAU2,True,-0.002762315839726341,0.19258585070395617,-0.01434329588403971,28.466280073231403,147.81085925668492,902,0.05543237250554324,0.07760532150776053,0.7142857142857143,0.9358366985067094,0.963577859029033,0.027544839457633568
shrink_10000_stable_2of3,SMARCA4,True,0.020348910642270433,0.14250018532244527,0.1427991872166728,21.665183934190452,152.0361807612187,2229,0.08748317631224764,0.14849708389412292,0.5891238670694864,0.831049325865205,0.9892033098362185,0.01072187139220568
shrink_10000_stable_2of3,TWF2,True,0.010980141641922054,0.0811323160867984,0.1353362281704751,13.456038394006201,165.85300461052321,4,0.0,0.0,,0.9999950513985635,,0.015057760240324479
shrink_10000_stable_2of3,IRF3,True,0.0055151475123380676,0.07583312811265275,0.07272741675834768,12.002876200945133,158.28011450502797,4,0.25,0.25,1.0,0.9807360902829617,,0.003930882367274317
shrink_10000_stable_2of3,MKI67,True,0.003980627926416505,0.10093345577526155,0.03943814165324698,15.507552098728164,153.6413469608856,5,0.0,0.0,,0.9999959624692719,,0.014219326122288635
shrink_10000_stable_2of3,AKT2,True,0.003912639991278743,0.15330046762724442,0.025522687907205004,25.723492416320823,167.79787312109457,50,0.02,0.02,1.0,0.9662028866653617,0.9763873297098581,0.042366988427603745
shrink_10000_stable_2of3,SSBP1,True,0.004740248035372138,0.12547300432869163,0.037779027136024323,18.722754539332016,149.2173925339789,59,0.1016949152542373,0.1016949152542373,1.0,0.9391207328376767,0.8295798565461945,0.05665845751238521
shrink_10000_stable_2of3,PHF14,True,0.0032468992445828914,0.1175329530416012,0.027625437467172633,18.77177876967298,159.71502701058353,24,0.0,0.0,,0.9997184814948461,1.0155387333799726,0.009852527028016443
shrink_10000_stable_2of3,DNMT1,True,0.059133280817272246,0.20578756599335535,0.2873510871846435,23.17104159697306,112.59689809306178,1279,0.08835027365129007,0.12822517591868648,0.6890243902439024,0.8263974171634518,0.9612237806983871,0.042298920158408436
shrink_10000_stable_2of3,TMSB10,True,0.03503421917498248,0.0860962340584249,0.4069192985979881,13.265672876377472,154.07959501893413,263,0.12167300380228137,0.12547528517110265,0.9696969696969697,0.8620779185451823,0.889991587242371,0.014835239749700087
shrink_10000_stable_2of3,CLDN6,True,0.008210183773352978,0.13625203666835478,0.060257328801161573,22.211315291227262,163.0163910524939,4,0.0,0.0,,0.999752430167473,,0.004038606139254465
shrink_10000_stable_2of3,DLG5,True,0.03132987579667203,0.1067012655422005,0.29362234494098877,15.970052177593102,149.67069131224994,85,0.047058823529411764,0.058823529411764705,0.8,0.9688636522945293,0.917037917345596,0.018867036498544508
shrink_10000_stable_2of3,NDUFB6,True,0.011582894975365063,0.0723058843024196,0.16019297858137752,11.974686473663565,165.61150712961893,12,0.08333333333333333,0.08333333333333333,1.0,0.9970560733818162,0.8868923068150059,0.02803207491044338
shrink_10000_stable_2of3,STAT6,True,-0.0007066709609710373,0.4129278879641625,-0.0017113665159674768,63.0782964100738,152.75862504968006,73,0.0,0.0,,0.9979058105637969,0.9499344345873227,0.0276028786043569
shrink_10000_stable_2of3,ZNF714,True,-0.0038167555311778255,0.18872784940453702,-0.020223594679959676,28.431828991148958,150.64988596465963,8,0.125,0.125,1.0,0.9840225935622209,,0.01882741664814364
shrink_10000_stable_2of3,SAFB,True,-0.007326091265278724,0.14357471644784311,-0.05102633281494307,22.811380035951263,158.88159559234117,165,0.024242424242424242,0.024242424242424242,1.0,0.9826262154661749,0.9377794024543421,0.014541981134397603
shrink_10000_stable_2of3,SOX2,True,0.004784961109222674,0.646041640564478,0.007406583119072358,106.77017221939171,165.26825132525732,1156,0.03373702422145329,0.0657439446366782,0.5131578947368421,0.9356170062743976,1.167381236417693,0.07544864741022392
shrink_10000_stable_2of3,SLC25A3,True,0.0011369681710386701,0.10546241089413945,0.010780790628614876,17.527567668877175,166.19729740931973,21,0.0,0.0,,0.999644127959352,0.9694011132540402,0.014972141872780613
shrink_10000_stable_2of3,ZNF593,True,-0.0036238423426957424,0.08462416154067173,-0.04282278579450463,13.434120043391294,158.75040648922283,21,0.0,0.0,,0.9996751970829869,0.9914059094018437,0.0015048919544918347
shrink_10000_stable_2of3,RAF1,True,-0.0025523547858722164,0.11915707365999684,-0.021420086172602004,19.616946664127926,164.63098716323785,38,0.0,0.0,,0.9967865577329639,0.9916826043101626,0.004251209224626783
shrink_10000_stable_2of3,METTL17,True,-0.003184131052517708,0.10088232836617293,-0.03156282278656631,15.788674042041595,156.5058449556536,81,0.024691358024691357,0.024691358024691357,1.0,0.9882013821740747,0.9435680883678265,0.025408046188430476
shrink_10000_stable_2of3,IKBKG,True,-0.0025639731316328667,0.10355132060886206,-0.024760409780939463,15.895292765570645,153.50159391603455,12,0.0,0.0,,0.9998573555793169,1.0126933531624769,0.007252895282963409
shrink_10000_stable_2of3,SMAGP,True,0.039086088320179777,0.09196258133975013,0.42502165283702303,13.97704871051582,151.98625905115114,79,0.0759493670886076,0.0759493670886076,1.0,0.9586630559853315,0.92307967808013,0.010562259270823006
shrink_10000_stable_2of3,MAP1B,True,0.003962222822474756,0.09610837952095119,0.041226611479917935,15.621680998708591,162.5423410172381,3,0.3333333333333333,0.3333333333333333,1.0,0.991546360113075,,0.006939792372325591
shrink_10000_stable_2of3,TAZ,True,0.0086184313226348,0.1460039568374528,0.05902875174971976,23.03279712003465,157.75460897732535,22,0.0,0.0,,0.9941754404177892,0.8677612723694417,0.02740066812233137
shrink_10000_stable_2of3,OXCT1,True,0.02884872240986245,0.10305823703100671,0.27992641093969856,16.13904887539224,156.60125129577514,129,0.13953488372093023,0.13953488372093023,1.0,0.7624847005315885,0.8389214236445603,0.0033840254943077576
shrink_10000_stable_2of3,WSB2,True,-0.0006188813734605691,0.1261187647980346,-0.004907131579124168,19.001404579306474,150.66278685598564,106,0.03773584905660377,0.03773584905660377,1.0,0.9821717998530588,0.9499219667186091,0.0045353841380548375
shrink_10000_stable_2of3,C1QBP,True,0.005341247362139649,0.11216608665883333,0.047619093446539654,17.73926216828828,158.15174351445802,66,0.030303030303030304,0.045454545454545456,0.6666666666666666,0.9916446442471885,0.9651836686034241,0.0027185954582130724
shrink_10000_stable_2of3,CALM3,True,-0.003044758301688738,0.1829435189570571,-0.016643160244465636,27.834372010379212,152.14735219405537,1,0.0,0.0,,0.9969064845196319,,0.0035455136190227876
shrink_10000_stable_2of3,SIX4,True,-0.010169815257933897,0.08594062458992714,-0.11833536591641054,14.563725115383555,169.46263987346595,25,0.04,0.04,1.0,0.9931701585356348,0.9558392907632496,0.004306719586436515
shrink_10000_stable_2of3,RRM1,True,-0.0006029244597961507,0.17850951968922638,-0.003377547936075361,28.509723911683544,159.709823662722,5,0.0,0.0,,0.9986353586021246,,0.02080841482925932
shrink_10000_stable_2of3,MBTPS1,True,0.022627079212331737,0.1082096812692188,0.20910401866942943,19.1804629531849,177.25274419268575,384,0.08854166666666667,0.09375,0.9444444444444444,0.9177995631289146,0.9100164875261378,0.008869935350209445
shrink_10000_stable_2of3,RAB3B,False,0.005380055542908351,0.019798140778304784,0.2717454938397007,3.1932447966675985,161.29013488816196,0,,,,,,0.008983115870200295
shrink_10000_stable_2of3,XRCC4,True,-0.003466770346557885,0.09718427615275248,-0.03567213219871986,15.07898748021889,155.158715763011,14,0.07142857142857142,0.07142857142857142,1.0,0.9772981429443207,0.8047531907369525,0.0035281232505851314
shrink_10000_stable_2of3,TRAPPC6A,True,0.012593671093086295,0.1265766568968197,0.0994944202338363,19.855558368516277,156.86587760570848,230,0.04782608695652174,0.05652173913043478,0.8461538461538461,0.9518430285017195,0.9423663369961951,0.015761708200699092
shrink_10000_stable_2of3,SIN3B,True,0.028847514247099453,0.18443179488386124,0.15641291278038613,26.493929966595164,143.65164088588244,1161,0.06976744186046512,0.09388458225667529,0.7431192660550459,0.8982247014910767,0.9520434010884238,0.024669180962029805
shrink_10000_stable_2of3,SV2A,False,0.002644192822655413,0.020834764893707728,0.12691253470558628,3.1903809807035644,153.12776491502842,18,0.0,0.0,,0.9986958543584806,1.0001133344113204,0.009041837490742145
shrink_10000_stable_2of3,EWSR1,True,0.019328886535082482,0.13175244573547593,0.1467060928332957,19.50649657011813,148.05415156605153,178,0.02247191011235955,0.02247191011235955,1.0,0.985153581548923,0.9521974415549085,0.007109643685959286
shrink_10000_stable_2of3,TXNDC9,True,-0.004933482513060822,0.33928715842881646,-0.014540728673336693,50.76960422613611,149.63609133113636,24,0.0,0.0,,0.9997754623041837,0.9485945062478129,0.003406209383429158
shrink_10000_stable_2of3,TMBIM6,True,0.003904316892744083,0.11985982623740173,0.03257402430244604,18.609229847523544,155.25827486738518,6,0.16666666666666666,0.16666666666666666,1.0,0.9926690357639523,,0.012178244070611934
shrink_10000_stable_2of3,METTL3,True,0.06539282530269123,0.11127709767428631,0.587657538428072,18.05136585518185,162.2199557003105,2926,0.23615857826384143,0.2822966507177033,0.8365617433414043,0.6656116728122563,0.920169121834628,0.00195471532560198
shrink_10000_stable_2of3,METTL14,True,0.08143198621599546,0.1353163172948593,0.6017898494721233,21.080364424953096,155.7858272112017,3008,0.2456781914893617,0.2888962765957447,0.8504027617951668,0.6477288068042943,0.9070383800138261,0.014661162042319768
shrink_10000_stable_2of3,MED24,True,0.018765570868910605,0.27444969380552847,0.06837526618706176,44.59033943971321,162.47181340019768,647,0.03709428129829984,0.05255023183925812,0.7058823529411765,0.9592934969715899,0.9954851203022127,0.054756003361080816
shrink_10000_stable_2of3,ATM,True,0.008194914609269242,0.13096472744883303,0.06257344835441234,18.23011392049074,139.1986550547598,76,0.0,0.0,,0.9963049515107835,0.9677469472998869,0.00792118505484769
shrink_10000_stable_2of3,PHF10,True,-0.008766027331075737,0.14825350595256018,-0.05912863425894823,25.24050588563709,170.25233719406157,120,0.075,0.08333333333333333,0.9,0.9460259642931851,0.8907113448719365,0.06210835429311555
shrink_10000_stable_2of3,DZIP3,False,-0.0015663058405719346,0.021071859409347228,-0.07433163871039969,3.184885251349317,151.1440063014344,1,0.0,0.0,,0.9999743573801099,,0.009075081987163733
shrink_10000_stable_2of3,ZNF562,True,-0.004259608759347556,0.12963256212366678,-0.03285909565903648,21.187724022575324,163.44445928919214,10,0.0,0.0,,0.9996541614045513,0.9379182325514941,0.006229211757723359
shrink_10000_stable_2of3,MED1,True,0.0005979855108937556,0.12114995718248613,0.0049359118632870845,21.75982222580488,179.61064726608552,302,0.0033112582781456954,0.009933774834437087,0.3333333333333333,0.990271765337176,0.9725158997542985,0.029050657488016555
shrink_10000_stable_3of3,TMSB4X,True,-0.005748017732923206,0.09067135484371826,-0.06339397644195928,14.213484048813752,156.75826255505066,0,,,,,,0.011374771541564698
shrink_10000_stable_3of3,PRCP,True,0.014509288105230033,0.06900667827487236,0.21025918748668926,10.026974397146308,145.30440600554837,6,0.16666666666666666,0.16666666666666666,1.0,0.9537283175468337,,0.005590181352371355
shrink_10000_stable_3of3,TADA1,True,0.013496026482881335,0.10360226495685612,0.13026767791709562,15.705725473347346,151.59635245318046,533,0.0225140712945591,0.0450281425891182,0.5,0.9455699379759034,0.9926946924809443,0.03323028398398953
shrink_10000_stable_3of3,HIRA,True,-0.0018591139488554516,0.06900789915876016,-0.026940596243603333,10.38908244318501,150.54917726568954,32,0.0,0.0,,0.9977512873440197,0.9885525511356408,0.0059448032037983075
shrink_10000_stable_3of3,IGF2R,True,0.0031199772948421454,0.07996692381597859,0.03901584737737188,12.136758440037848,151.77223107852927,6,0.0,0.0,,0.995872968057258,,0.006800151703182978
shrink_10000_stable_3of3,NCK2,True,0.0057492461074084835,0.06642529758725127,0.08655205646398055,11.2349757906833,169.13700350270742,2,0.5,0.5,1.0,0.9838169917603176,,0.007634469021776757
shrink_10000_stable_3of3,MED13,True,0.01367703645368461,0.0827972679078421,0.16518705024069033,13.631484378592997,164.6368862528844,113,0.0,0.008849557522123894,0.0,0.9948882385455547,1.0044509578658194,0.008996742802475135
shrink_10000_stable_3of3,MED12,True,-0.007104474645172397,0.29939510007316494,-0.023729428582619536,51.76243076004868,172.89003977486334,68,0.0,0.0,,0.9962769730018951,0.9801102043785949,0.16967221168252036
shrink_10000_stable_3of3,STAT1,True,0.017877513011855466,0.10796245252625189,0.16559009723781898,17.272843319686196,159.98935662827938,8,0.25,0.25,1.0,0.961818236764753,,0.012209672019706703
shrink_10000_stable_3of3,USP22,True,-0.009784395508741155,0.08838853515173085,-0.11069756379540535,13.245797806561802,149.85877731567336,21,0.0,0.0,,0.9998955825413864,0.9915578071112271,0.009344259776553789
shrink_10000_stable_3of3,MED13L,True,-0.007777541825674727,0.10740808977529887,-0.07241113627423773,18.385167243473713,171.1711592854511,16,0.0,0.0,,0.9999876342200331,0.9925120688097876,0.01648214346033392
shrink_10000_stable_3of3,TET1,True,0.019699452840806188,0.09742386361223114,0.20220356810333898,16.00533901103054,164.28561152876654,46,0.0,0.0,,0.9971409266642131,1.0029079353501194,0.011373285701313188
shrink_10000_stable_3of3,KIF1B,True,0.004044380495868405,0.06793437758749579,0.059533635833484484,11.102833200675608,163.4346790971296,2,0.0,0.0,,0.9999996249837164,,0.005121165665134638
shrink_10000_stable_3of3,SRC,False,0.010631998554478338,0.018180836744152384,0.5847914869978673,2.9293822331545094,161.1247201863085,6,0.0,0.0,,0.9996182314167193,,0.00986306615718185
shrink_10000_stable_3of3,PBX1,True,0.00736698383852452,0.07739558483313584,0.09518609949660135,12.067810879121007,155.92376367643055,5,0.0,0.0,,0.999999535875509,,0.004368463337349967
shrink_10000_stable_3of3,CAST,True,0.0017651389225320703,0.10926095779133119,0.016155257634691146,18.181305106760153,166.4025785082644,38,0.07894736842105263,0.13157894736842105,0.6,0.953597978034162,1.01184102812241,0.02950234084818301
shrink_10000_stable_3of3,IDE,True,-0.001880144851371809,0.07049256248980762,-0.02667153505227811,11.034648224644474,156.53634702582917,0,,,,,,0.005289682070490087
shrink_10000_stable_3of3,MAPKAPK2,True,0.0013106158800676106,0.10780979735968031,0.012156741893272186,16.88719856556253,156.63881186254932,5,0.0,0.0,,0.9994047934280631,,0.0037075267430307503
shrink_10000_stable_3of3,PTPN1,True,0.003956441283030018,0.2078492827820056,0.019035145226743808,30.579227951165304,147.12212398267982,2,0.0,0.0,,0.9998904833234028,,0.08641955116727341
shrink_10000_stable_3of3,KDM2B,True,0.015075033032955022,0.05939106349912943,0.25382662213442253,10.518071690408542,177.0985577748194,44,0.022727272727272728,0.022727272727272728,1.0,0.9946700960726158,0.9749992062900305,0.0009508666323239997
shrink_10000_stable_3of3,ATP1B1,False,0.01615441613522374,0.019082871157900853,0.8465401249924256,2.9301104729226,153.54662559304924,2,0.0,0.0,,0.9999766650537958,,0.00987839259815159
shrink_10000_stable_3of3,KAT2A,True,0.0015098083359055727,0.11932685878930335,0.012652711646180653,18.256547277041292,152.99612729500458,738,0.02032520325203252,0.04336043360433604,0.46875,0.9491378953233663,1.0117033669875684,0.02237808424158479
shrink_10000_stable_3of3,NISCH,True,0.00026958859225615815,0.06311004881985313,0.004271722131378721,9.70594621924054,153.7939900339175,6,0.16666666666666666,0.16666666666666666,1.0,0.9578148627164346,,0.0013126492793093054
shrink_10000_stable_3of3,KDR,False,-0.0014121681461286234,0.017767163133115476,-0.0794819147856273,2.9163627717652463,164.14341163612997,7,0.0,0.0,,0.9995799754703404,,0.009928501757983656
shrink_10000_stable_3of3,WFS1,False,0.0036759155925158563,0.01894660535570614,0.19401446979570847,2.91741192966367,153.98071975912217,4,0.0,0.0,,0.9974874329369222,,0.009923587316678126
shrink_10000_stable_3of3,TARBP2,True,-0.0017091573950457704,0.1328672787666913,-0.012863644163639193,20.280920294009615,152.64044302150538,4,0.0,0.0,,0.9987731419706286,,0.0018290845137732198
shrink_10000_stable_3of3,MAP3K7,True,-0.008653068708367257,0.09398784470728648,-0.09206582761117856,14.54046751232165,154.7058298613628,1,0.0,0.0,,0.9999998678162354,,0.005612593612397184
shrink_10000_stable_3of3,HMGN1,True,0.0057753312744392125,0.08237994230965437,0.07010603688857381,13.821087797688188,167.77248696942155,3,0.0,0.0,,0.9999999244668993,,0.002878971579120018
shrink_10000_stable_3of3,TSC22D4,True,0.010318629352860854,0.0751962506966598,0.1372226574764479,11.988331128144981,159.42724560172118,3,0.3333333333333333,0.3333333333333333,1.0,0.9554515334490478,,0.016507025235770335
shrink_10000_stable_3of3,FOXH1,True,0.0077261287218671265,0.07038736187335505,0.10976585165627345,11.464047405873544,162.8708208513385,32,0.0,0.0,,0.9973732353744134,1.003490579198165,0.01019641524752061
shrink_10000_stable_3of3,PAGR1,True,0.0029001344165691433,0.07849710514027856,0.036945749927802383,12.446603438310701,158.56130510886928,18,0.0,0.0,,0.9984120356959498,0.9606117951692397,0.00275726489451653
shrink_10000_stable_3of3,KLF10,True,0.0012362066951770816,0.05385866111274042,0.022952792914576435,8.366341368671568,155.33882936968305,15,0.0,0.0,,0.9999994474185127,1.0001244111208611,0.002065723761816503
shrink_10000_stable_3of3,POLB,True,-0.000533926631129914,0.15575684741442503,-0.003427949653534563,23.976177882289353,153.9333793685199,3,0.0,0.0,,0.9929751597700988,,0.0038537547326637396
shrink_10000_stable_3of3,RNF2,True,0.011069803273402595,0.11907653263593727,0.0929637690009604,17.70293901588268,148.66857997962848,377,0.015915119363395226,0.026525198938992044,0.6,0.9821994163703419,0.9942094001551148,0.00576910824100731
shrink_10000_stable_3of3,SMARCA5,True,0.007823124099191359,0.13276172855914378,0.0589260488251797,20.45836445625396,154.09835860294635,953,0.04302203567681007,0.06925498426023086,0.6212121212121212,0.9193973113302529,0.9947711096023324,0.018754369085316663
shrink_10000_stable_3of3,ACAT2,True,0.010333356526791964,0.11398758629209453,0.0906533497455821,16.223726397995073,142.32888795821663,313,0.04472843450479233,0.04792332268370607,0.9333333333333333,0.9494020190213062,0.9406388745181056,0.0018792919234259338
shrink_10000_stable_3of3,TRAM2,True,0.0011987336260447614,0.08070467859597792,0.014853334985024062,12.292223968888242,152.31116934899546,1,0.0,0.0,,0.9999991107156758,,0.011264367119656895
shrink_10000_stable_3of3,CAMSAP2,False,0.012858934730846849,0.01627023622385823,0.7903348515610888,2.9286442504006587,180.000106335652,2,0.0,0.0,,0.9999761980646598,,0.009870835627234257
shrink_10000_stable_3of3,CDCA2,True,0.019450766603840534,0.12050835436009207,0.16140595983677222,18.174025370033043,150.8113314345583,8,0.125,0.125,1.0,0.9754342113972233,,0.009813989748293504
shrink_10000_stable_3of3,CREG1,True,0.017829896293964427,0.07159185731568814,0.24904922099370244,11.397382699584305,159.19942751767056,4,0.0,0.0,,0.9997652928889792,,0.0053885243773460585
shrink_10000_stable_3of3,CASP2,True,0.0036688995809978434,0.10086157427879067,0.036375593056446526,15.449635424836938,153.17662385610524,2,0.0,0.0,,0.999999993753533,,0.0016185745352857897
shrink_10000_stable_3of3,UBE3C,True,-0.012469068551107394,0.12939807269353898,-0.09636208864283952,21.00787320214831,162.35074267220722,37,0.10810810810810811,0.10810810810810811,1.0,0.9400063362495578,0.7794724508407886,0.05381578447296643
shrink_10000_stable_3of3,EIF4B,True,0.034556651699719686,0.13031482983056022,0.26517819763607425,20.414399644966746,156.6544626694463,124,0.008064516129032258,0.008064516129032258,1.0,0.9855162709519654,0.9848391903323266,0.027931823108739002
shrink_10000_stable_3of3,STAG2,True,0.013864967673744103,0.0869808859435528,0.1594024655341166,14.703935859171688,169.04789712896198,453,0.02207505518763797,0.03090507726269316,0.7142857142857143,0.9697678769019087,0.9815006669547959,0.027170535973884233
shrink_10000_stable_3of3,HMGB2,True,0.010898378704136923,0.07617275648550509,0.14307449548856455,12.06601873310288,158.4033359144476,26,0.07692307692307693,0.07692307692307693,1.0,0.9638571901179567,0.8583104623554008,0.00427824289230455
shrink_10000_stable_3of3,TGFBR2,False,0.013642144025219648,0.017835266109201293,0.7648971392796661,2.9286763940982987,164.20704777639295,260,0.007692307692307693,0.007692307692307693,1.0,0.9885814287452346,0.9956578059503396,0.009914931019079056
shrink_10000_stable_3of3,ANTXR1,False,0.005076098341978175,0.017663950612239954,0.2873705012773741,2.920282915871264,165.32444977782606,2,0.0,0.0,,0.9999760606709513,,0.009918749112044606
shrink_10000_stable_3of3,MTA1,True,0.023835219620437702,0.1158071968833288,0.20581812065143718,17.287812117014717,149.28098237652284,28,0.17857142857142858,0.17857142857142858,1.0,0.8904444162838071,0.6305450789088551,0.005544948253815398
shrink_10000_stable_3of3,DHCR24,True,0.02367954433229765,0.10653645317831764,0.22226706095296336,15.118091929726464,141.90534299487368,32,0.0,0.0,,0.9975043666923537,0.9298597791528359,0.004901608978439191
shrink_10000_stable_3of3,NDUFB4,True,-0.007545939871532792,0.07773812494655474,-0.09706871469720492,13.783987869994796,177.313099325091,17,0.058823529411764705,0.058823529411764705,1.0,0.9885120052199845,0.8557870599230787,0.032491226640819
shrink_10000_stable_3of3,ACVR1B,True,0.01231709640347351,0.0788713010233169,0.15616702455348339,13.251573168845303,168.01514615471743,25,0.04,0.04,1.0,0.9861061222470071,0.9262522211705354,0.00321645208376741
shrink_10000_stable_3of3,DHX36,True,0.04783564972839396,0.12899701949007086,0.3708275580125008,19.62037288752693,152.09942807273268,1387,0.1651045421773612,0.1780821917808219,0.9271255060728745,0.7927108228346277,0.9046372372960912,0.025456163130942424
shrink_10000_stable_3of3,LZTR1,True,0.007076263942988485,0.11504404187965298,0.061509173594499846,17.843004005240765,155.09715856390238,191,0.041884816753926704,0.04712041884816754,0.8888888888888888,0.9289383362590901,0.950073919617108,0.011946663209378941
shrink_10000_stable_3of3,INSIG1,True,-0.005236396960150984,0.1314778410647649,-0.039827220448285114,19.633429910311072,149.32881275894854,219,0.0410958904109589,0.0410958904109589,1.0,0.9606653070231413,0.9714687415682621,0.01666800684314269
shrink_10000_stable_3of3,LAD1,False,0.0068680397034890615,0.01930688568569704,0.3557300651848295,2.917070406616509,151.0896399400934,2,0.0,0.0,,0.9997049487116905,,0.00994862561028547
shrink_10000_stable_3of3,TCF3,True,0.011150701267631622,0.1681719953560045,0.06630533962581953,23.898575516208382,142.10793815948557,6,0.0,0.0,,0.9999996294551441,,0.007289275091824632
shrink_10000_stable_3of3,DAXX,True,0.003422790425928082,0.07778373895170124,0.04400393285354176,12.458839908343448,160.1728083048257,28,0.03571428571428571,0.03571428571428571,1.0,0.9959081620219492,0.9767724845465781,0.013894953555390072
shrink_10000_stable_3of3,CLDN7,True,0.005184779403053343,0.10557669167707005,0.04910912930395803,16.735104575155873,158.51135614614574,7,0.0,0.0,,0.9999971632197686,,0.010766388697918551
shrink_10000_stable_3of3,NIT1,True,-0.004095995856443749,0.07515385573017262,-0.05450147323311978,12.180897809580948,162.07947937248127,143,0.013986013986013986,0.013986013986013986,1.0,0.9886249990312705,0.9885811369844983,0.0026587588631096014
shrink_10000_stable_3of3,PRR12,True,0.01775807305893759,0.1006983048707646,0.1763492750124062,16.429479472888087,163.1554721201469,105,0.02857142857142857,0.02857142857142857,1.0,0.9768009699315712,0.9797306923229823,0.004281944419851773
shrink_10000_stable_3of3,ARID1A,True,0.023543052534550746,0.09705065398135224,0.24258520235293227,15.312831418844208,157.78184680534443,220,0.013636363636363636,0.031818181818181815,0.42857142857142855,0.9530189150252356,0.9929179040137833,0.019538105691970526
shrink_10000_stable_3of3,STX4,True,0.005679376648857249,0.10426333856819323,0.05447146357338887,16.666926490115472,159.85414162826277,19,0.0,0.0,,0.9986704440324424,0.9950482223029502,0.012425847420253886
shrink_10000_stable_3of3,CENPO,True,0.009012809511611606,0.09022624131272965,0.09989122211544488,13.699917328764421,151.83961039981344,5,0.2,0.2,1.0,0.9872708410820754,,0.009288375625425222
shrink_10000_stable_3of3,NRAS,True,0.016543948854542807,0.08610620178908104,0.19213423087767312,12.619303827477795,146.55510944948014,5,0.2,0.2,1.0,0.9825758610587505,,0.0013802884741397593
shrink_10000_stable_3of3,CHMP3,True,0.009940770554751519,0.26133653822470293,0.03803819635126652,36.96936853678048,141.46268557745032,98,0.01020408163265306,0.030612244897959183,0.3333333333333333,0.9872986154764395,1.069952699748466,0.06007031905826141
shrink_10000_stable_3of3,EID2,True,-0.008042877316846461,0.12327232279929787,-0.06524479408034868,18.07510934978792,146.6274743538042,4,0.0,0.0,,0.9994144962245608,,0.011464757109546949
shrink_10000_stable_3of3,UQCRQ,True,-0.006359568349302145,0.11364937522395126,-0.05595779419614341,18.72949244276751,164.80066349559945,48,0.0,0.020833333333333332,0.0,0.994734450398938,1.0332339056455389,0.004726408881633316
shrink_10000_stable_3of3,ZNF426,True,0.0036031176874523558,0.0847880099887049,0.04249560389413961,13.5742089007063,160.0958543845362,3,0.0,0.0,,0.9999980889875223,,0.011046973093066606
shrink_10000_stable_3of3,BIRC2,True,0.009804106357352401,0.07824877662403003,0.1252940528956664,12.73237025901225,162.71654086285315,75,0.02666666666666667,0.02666666666666667,1.0,0.9369767458704007,0.9231638300364088,0.008788357055920208
shrink_10000_stable_3of3,PLCB3,True,0.01919341691538154,0.1288324613754566,0.14897966483343153,20.752309780295807,161.07982071240048,2,0.0,0.0,,0.9995576526568212,,0.0013360825185613201
shrink_10000_stable_3of3,TFAM,True,0.023469696278728427,0.1028549708901381,0.22818242108878703,17.647961826495347,171.5810298108544,98,0.09183673469387756,0.09183673469387756,1.0,0.8953148906015647,0.942370077143845,0.04962789209423877
shrink_10000_stable_3of3,PMS1,True,0.001906431971361189,0.12822998504876593,0.01486728685678449,20.835301931752575,162.4838521491592,1,0.0,0.0,,0.9970939922134373,,0.019117414289044534
shrink_10000_stable_3of3,ZNF286A,True,0.014545222665820435,0.10473471980437472,0.13887679933634473,16.90616432142104,161.4189101092614,2,0.0,0.0,,0.9999999938197351,,0.0014379767228940045
shrink_10000_stable_3of3,GSK3B,True,0.023371396593062584,0.1245233874762574,0.1876868037943375,18.825447920504686,151.18001768217312,217,0.027649769585253458,0.041474654377880185,0.6666666666666666,0.9581337279522016,0.9636378164582085,0.032453945414099475
shrink_10000_stable_3of3,LRPPRC,True,0.013920364852658894,0.11771523915102126,0.11825456884813308,20.381276607904915,173.14051056513605,98,0.08163265306122448,0.08163265306122448,1.0,0.9306496974088108,0.8786456641194607,0.0523723234045754
shrink_10000_stable_3of3,CASP3,True,0.02600302782007524,0.08961760278213325,0.29015536025093686,13.707336159466163,152.953613284989,417,0.03597122302158273,0.05515587529976019,0.6521739130434783,0.8830436048899883,0.9728682977494483,0.007436244000393267
shrink_10000_stable_3of3,MAST2,True,-0.006359471458755656,0.09886247506125814,-0.06432644392945996,15.535865214186817,157.14622969494067,0,,,,,,0.002020152405222003
shrink_10000_stable_3of3,HAT1,True,0.005031386023610815,0.30866263316772447,0.01630059969350681,49.18877359372123,159.36096018137866,29,0.0,0.0,,0.9984563708323,1.1694044082963089,0.0016858181340108763
shrink_10000_stable_3of3,MAU2,True,-0.007769453763429315,0.17512624640285188,-0.04436487347280226,25.885560959203463,147.81085925668492,902,0.04988913525498891,0.06984478935698447,0.7142857142857143,0.9369079213675389,0.9702502103959846,0.022543722144241475
shrink_10000_stable_3of3,SMARCA4,True,0.025368219453092592,0.1256817919514552,0.20184482620116612,19.108179639525325,152.0361807612187,2229,0.08748317631224764,0.14580529385374608,0.6,0.8308323436443944,0.9898741385034641,0.012834387607084394
shrink_10000_stable_3of3,TWF2,True,0.003710982406837021,0.07041192125446642,0.05270389361235649,11.678028700452817,165.85300461052321,4,0.0,0.0,,0.9999953433106754,,0.01251238366551331
shrink_10000_stable_3of3,IRF3,True,0.009222848696386244,0.06413272199184779,0.14380878294170338,10.150934580388792,158.28011450502797,4,0.25,0.25,1.0,0.9731849501865708,,0.0008056174808721232
shrink_10000_stable_3of3,MKI67,True,0.0028655592010110565,0.08838734206590403,0.03242047033017938,13.57995028929804,153.6413469608856,5,0.0,0.0,,0.9999965899358914,,0.011441250904780072
shrink_10000_stable_3of3,AKT2,True,0.012684706118305774,0.1374316953862773,0.09229825829225967,23.060746185243477,167.79787312109457,50,0.02,0.02,1.0,0.9582090518972802,0.991976707916692,0.02762654175383887
shrink_10000_stable_3of3,SSBP1,True,0.006115329353106069,0.11283609775455608,0.054196568959769306,16.83710829064401,149.2173925339789,59,0.1016949152542373,0.1016949152542373,1.0,0.9251893248435062,0.8434969892428893,0.04305608803127135
shrink_10000_stable_3of3,PHF14,True,0.00869329572284709,0.10195813044723677,0.08526338885103293,16.28424555832902,159.71502701058353,24,0.0,0.0,,0.9996202094683736,1.015388131459175,0.010834350151194811
shrink_10000_stable_3of3,DNMT1,True,0.059545185532372515,0.20025588148651952,0.29734550161704426,22.548191080273895,112.59689809306178,1279,0.0875684128225176,0.12587959343236904,0.6956521739130435,0.8204596037473252,0.9637141371824353,0.03863748180040995
shrink_10000_stable_3of3,TMSB10,True,0.03606193894898853,0.07802289812924618,0.4621968654541818,12.021736545957804,154.07959501893413,263,0.12927756653992395,0.13307984790874525,0.9714285714285714,0.8340960205738469,0.8918386160324152,0.013641841174086579
shrink_10000_stable_3of3,CLDN6,True,0.0035598247199335096,0.11714362354379552,0.030388548793717544,19.096330744921502,163.0163910524939,4,0.0,0.0,,0.9996586471244947,,0.0056159464406100625
shrink_10000_stable_3of3,DLG5,True,0.03815342392726328,0.09279675229128438,0.4111504226732158,13.888954066968147,149.67069131224994,85,0.047058823529411764,0.058823529411764705,0.8,0.9604182681495286,0.9265670584061991,0.012149474271489782
shrink_10000_stable_3of3,NDUFB6,True,0.006810081352088109,0.06393741371674228,0.10651168003539156,10.588771447599658,165.61150712961893,12,0.08333333333333333,0.08333333333333333,1.0,0.9962028883097094,0.8913987327925355,0.022057302159844094
shrink_10000_stable_3of3,STAT6,True,-0.0008831057082458147,0.3843278875314481,-0.0022977924238546275,58.709399667552084,152.75862504968006,73,0.0,0.0,,0.9985271265803436,0.958084879337571,0.034676413564337066
shrink_10000_stable_3of3,ZNF714,True,-0.003950485326062415,0.1671490615305484,-0.023634504973516816,25.180987058676994,150.64988596465963,8,0.125,0.125,1.0,0.9795305929738669,,0.018044086511728993
shrink_10000_stable_3of3,SAFB,True,-0.007579458401001406,0.1276785312349822,-0.05936360896141587,20.285768765500546,158.88159559234117,165,0.024242424242424242,0.024242424242424242,1.0,0.9810475187432404,0.9512617255734237,0.015849160857709408
shrink_10000_stable_3of3,SOX2,True,0.007886929989683733,0.6272824476986185,0.012573171812186677,103.66987321817787,165.26825132525732,1156,0.03200692041522491,0.05968858131487889,0.5362318840579711,0.9358227493053969,1.1584343659914793,0.08581844816424274
shrink_10000_stable_3of3,SLC25A3,True,0.001593732147762896,0.09136869166249321,0.017442869310747962,15.185229622131816,166.19729740931973,21,0.0,0.0,,0.9995619221618831,0.9757775754088222,0.013342381609931533
shrink_10000_stable_3of3,ZNF593,True,-0.0036191196310873504,0.07260331135821663,-0.04984785904916951,11.525805190580497,158.75040648922283,21,0.0,0.0,,0.9999405085534083,1.0059926608333343,0.0026627076727777192
shrink_10000_stable_3of3,RAF1,True,-0.00040150668478378023,0.10317027613518337,-0.0038916895430006274,16.985024406039077,164.63098716323785,38,0.0,0.0,,0.9960733265675072,0.9754620039110179,0.005149982545556828
shrink_10000_stable_3of3,METTL17,True,-0.005983360932416189,0.0902869859759655,-0.06627046930117887,14.130441028667727,156.5058449556536,81,0.024691358024691357,0.024691358024691357,1.0,0.987542268725199,0.9561313259420531,0.021401381326489916
shrink_10000_stable_3of3,IKBKG,True,-0.007457575565812945,0.08983642802981794,-0.0830128237438122,13.790034894300176,153.50159391603455,12,0.0,0.0,,0.9998111434400025,1.0127460663885242,0.006611120274278543
shrink_10000_stable_3of3,SMAGP,True,0.04641542992377872,0.08037851975347601,0.5774606208989244,12.216430525399874,151.98625905115114,79,0.0759493670886076,0.0759493670886076,1.0,0.9482084615679258,0.9169262384017711,0.005075066472842525
shrink_10000_stable_3of3,MAP1B,True,0.01034531627784469,0.0825207822362502,0.1253661925819717,13.413121127253824,162.5423410172381,3,0.3333333333333333,0.3333333333333333,1.0,0.9886145601620954,,0.0061522851875615145
shrink_10000_stable_3of3,TAZ,True,0.012135342893867869,0.130906084770456,0.09270266477793762,20.651038215715893,157.75460897732535,22,0.0,0.0,,0.9925970449006888,0.8691557017055795,0.018659173105118488
shrink_10000_stable_3of3,OXCT1,True,0.0280525773109593,0.09346595156615485,0.30013686097341863,14.636884968810165,156.60125129577514,129,0.13953488372093023,0.13953488372093023,1.0,0.7121678170428547,0.8437306662882292,0.0012052390607383185
shrink_10000_stable_3of3,WSB2,True,-0.0021934840130103167,0.10949418130843604,-0.020032881992436236,16.496698500443546,150.66278685598564,106,0.03773584905660377,0.03773584905660377,1.0,0.9772194011745714,0.9527619850968054,0.004512200949727841
shrink_10000_stable_3of3,C1QBP,True,0.006110669559409886,0.10070050580431864,0.060681617342460505,15.925960565740791,158.15174351445802,66,0.030303030303030304,0.045454545454545456,0.6666666666666666,0.9898899994841132,0.9643723775373412,0.0030971291509088285
shrink_10000_stable_3of3,CALM3,True,-0.0037283437756123333,0.16171265801451334,-0.02305536141319081,24.604152733170995,152.14735219405537,1,0.0,0.0,,0.9960699662520747,,0.00683607706750993
shrink_10000_stable_3of3,SIX4,True,-0.012987173629811681,0.0740807093674612,-0.17531114025098812,12.553912573108972,169.46263987346595,25,0.04,0.04,1.0,0.9908625155419764,0.9561931662530038,0.004690835154382973
shrink_10000_stable_3of3,RRM1,True,-0.0019865452862487727,0.16083064738785283,-0.012351783186310871,25.686234333875394,159.709823662722,5,0.0,0.0,,0.9983067967459269,,0.019328283817866717
shrink_10000_stable_3of3,MBTPS1,True,0.029235476710083107,0.09446002101102102,0.3095010608421534,16.74329794070223,177.25274419268575,384,0.08333333333333333,0.08854166666666667,0.9411764705882353,0.9007178190048734,0.9154807248575213,0.01290532278309154
shrink_10000_stable_3of3,RAB3B,False,0.012392497601603441,0.018180674025616596,0.6816302621202268,2.9323633659494033,161.29013488816196,0,,,,,,0.009827771099058172
shrink_10000_stable_3of3,XRCC4,True,-0.0019070199392106563,0.08299256493568374,-0.022978202212312972,12.877019793298988,155.158715763011,14,0.07142857142857142,0.07142857142857142,1.0,0.9692625403060521,0.8205097496193441,0.0015977779246098387
shrink_10000_stable_3of3,TRAPPC6A,True,0.0129042527514908,0.11172435461218111,0.11550080370823528,17.525738936171173,156.86587760570848,230,0.04782608695652174,0.05652173913043478,0.8461538461538461,0.9398628530006987,0.9496336569458597,0.013926963429909367
shrink_10000_stable_3of3,SIN3B,True,0.024378794041424828,0.16462043384198122,0.14809093544745466,23.647995444746456,143.65164088588244,1161,0.06632213608957795,0.08785529715762273,0.7549019607843137,0.8962041400729199,0.9712601706009788,0.024691547734551973
shrink_10000_stable_3of3,SV2A,False,0.014605985865233753,0.019132298169815647,0.7634203552334923,2.9296860564317586,153.12776491502842,18,0.0,0.0,,0.9989410225044324,1.0001256231938522,0.009882260376484982
shrink_10000_stable_3of3,EWSR1,True,0.023156135644933882,0.11501384602823668,0.20133346066219623,17.028277392059067,148.05415156605153,178,0.02247191011235955,0.02247191011235955,1.0,0.9832053258610907,0.9621069285030214,0.0023965722458282645
shrink_10000_stable_3of3,TXNDC9,True,0.003528606165983923,0.31058914440294816,0.01136100932557393,46.47534557833905,149.63609133113636,24,0.0,0.0,,0.9998659486476088,0.9724922281278083,0.017196553672985632
shrink_10000_stable_3of3,TMBIM6,True,0.0020020184133702585,0.10208836215073055,0.019610642890071396,15.850062991559287,155.25827486738518,6,0.16666666666666666,0.16666666666666666,1.0,0.9898981189012134,,0.010983924283778021
shrink_10000_stable_3of3,METTL3,True,0.06679841939076424,0.10272430123749951,0.6502689099468849,16.66393159609252,162.2199557003105,2926,0.22727272727272727,0.2662337662337662,0.8536585365853658,0.6530133282420224,0.9292282293801334,0.003021630963655093
shrink_10000_stable_3of3,METTL14,True,0.0803083707733734,0.12665440277750484,0.6340748447130731,19.730960906634316,155.7858272112017,3008,0.24135638297872342,0.28125,0.8581560283687943,0.6345538077837618,0.9169186222876623,0.009908502461782936
shrink_10000_stable_3of3,MED24,True,0.018612468672604267,0.25207416450512066,0.07383727209468217,40.954946618486694,162.47181340019768,647,0.03400309119010819,0.04636785162287481,0.7333333333333333,0.9586306095390306,0.9974007977765633,0.03854786795272013
shrink_10000_stable_3of3,ATM,True,0.009840095972960013,0.11398793421411421,0.08632576808065001,15.866967135075136,139.1986550547598,76,0.0,0.0,,0.9967949563281883,0.9733255783469099,0.00720683536793607
shrink_10000_stable_3of3,PHF10,True,-0.006123404226055173,0.1385075504113966,-0.044209894752072175,23.58123417656457,170.25233719406157,120,0.075,0.08333333333333333,0.9,0.9371807953079384,0.8887619007866253,0.05540748286164392
shrink_10000_stable_3of3,DZIP3,False,0.00034044654684572696,0.019366837838576838,0.017578840163962692,2.9271814603127155,151.1440063014344,1,0.0,0.0,,0.999964098763892,,0.009908077033493912
shrink_10000_stable_3of3,ZNF562,True,-0.0006322620999497617,0.11310134320965316,-0.005590226269707099,18.485787885783104,163.44445928919214,10,0.0,0.0,,0.9999982333286903,0.9952881208721205,0.008303552758065285
shrink_10000_stable_3of3,MED1,True,0.0017320650149371432,0.10913810899892996,0.015870396058943307,19.602366398694404,179.61064726608552,302,0.0,0.0033112582781456954,0.0,0.99226841313892,0.986269806114381,0.022507010284279063
shrink_100000,TMSB4X,True,-0.004129620594436785,0.10792406816671954,-0.038264130185098354,16.917989413687806,156.75826255505066,0,,,,,,0.011222464975773786
shrink_100000,PRCP,True,0.011435388531370801,0.08381737928988783,0.13643218898339413,12.179034510658903,145.30440600554837,6,0.16666666666666666,0.16666666666666666,1.0,0.9711703549159849,,0.010179905357129721
shrink_100000,TADA1,True,0.021893334055804535,0.11296908524156707,0.19379933907572144,17.12570126259399,151.59635245318046,533,0.01876172607879925,0.04127579737335835,0.45454545454545453,0.950263718131565,0.9854005352893623,0.046258762475136314
shrink_100000,HIRA,True,8.187441902788358e-05,0.07802669314946649,0.001049312943085342,11.746854458414594,150.54917726568954,32,0.0,0.0,,0.9981869861084727,0.9837574170951462,0.0074421385648659666
shrink_100000,IGF2R,True,0.0008085042171203541,0.09685341583964402,0.008347709888301299,14.69965900955934,151.77223107852927,6,0.0,0.0,,0.9973397640103747,,0.01697516847701778
shrink_100000,NCK2,True,0.003219204755919906,0.07923684332201877,0.04062762499052427,13.401882246499767,169.13700350270742,2,0.5,0.5,1.0,0.9895043084823095,,0.008469845289000837
shrink_100000,MED13,True,0.0046033344279925595,0.09553518585938299,0.048184701652940184,15.728615527479407,164.6368862528844,113,0.0,0.008849557522123894,0.0,0.9945399441478127,0.9937743807631704,0.01733213755908035
shrink_100000,MED12,True,-0.0077698909485143875,0.2838515791691734,-0.027373076349466386,49.07511081271616,172.89003977486334,68,0.0,0.0,,0.9963025737012595,0.9836539135228493,0.17097898939399203
shrink_100000,STAT1,True,0.01513490902422986,0.12313596964035539,0.12291216830008775,19.700444560559802,159.98935662827938,8,0.25,0.25,1.0,0.9777250484245762,,0.013488044429309915
shrink_100000,USP22,True,-0.01277948804834276,0.10242510143885286,-0.12476910316727421,15.349300468060306,149.85877731567336,21,0.0,0.0,,0.9998252374472484,0.9806495042321558,0.01645263298605317
shrink_100000,MED13L,True,-0.005466881751607849,0.12201628234207658,-0.0448045264670601,20.885668500194164,171.1711592854511,16,0.0,0.0,,0.9997996046900105,0.9872708485737179,0.0275316242243039
shrink_100000,TET1,True,0.01886253021985395,0.11423424078222195,0.1651215090212206,18.767042104431695,164.28561152876654,46,0.0,0.0,,0.9974937788922043,1.000337033078747,0.02508302441341968
shrink_100000,KIF1B,True,0.009261313101866087,0.08268261964270886,0.11201039761302205,13.513207408216147,163.4346790971296,2,0.0,0.0,,0.99999869037202,,0.014227544963557975
shrink_100000,SRC,False,0.006801357486027172,0.017734136705415595,0.38351782209675844,2.8574078144058306,161.1247201863085,6,0.0,0.0,,0.9992296253043751,,0.004539719150399968
shrink_100000,PBX1,True,0.01501938002986085,0.09138635172087313,0.16435036246698467,14.249303908976584,155.92376367643055,5,0.0,0.0,,0.9999999383860367,,0.00281049038260483
shrink_100000,CAST,True,0.002325016658041693,0.12350970328603553,0.018824566784499494,20.55233309758697,166.4025785082644,38,0.07894736842105263,0.13157894736842105,0.6,0.970017675501013,0.9925061297184957,0.046861373335274584
shrink_100000,IDE,True,0.0009414882340403328,0.08758129909974989,0.010749877470623422,13.70965662885139,156.53634702582917,0,,,,,,0.010497758154840072
shrink_100000,MAPKAPK2,True,-0.005226776888020672,0.12583686220921372,-0.04153613493104065,19.71093658496257,156.63881186254932,5,0.0,0.0,,0.9994216941980655,,0.005962320849397527
shrink_100000,PTPN1,True,0.004012364904903808,0.20866673122466164,0.01922857985724559,30.6994927022952,147.12212398267982,2,0.0,0.0,,0.9998881511239053,,0.0896193328823715
shrink_100000,KDM2B,True,0.00862764943462869,0.07286598487303152,0.11840434805982943,12.904460831855689,177.0985577748194,44,0.022727272727272728,0.022727272727272728,1.0,0.995815193097695,0.9886047257007695,0.0029158115845034248
shrink_100000,ATP1B1,False,0.0014538180811335818,0.018640400596233443,0.07799285608847624,2.8621706112543084,153.54662559304924,2,0.0,0.0,,0.9999950685179941,,0.004545701220813091
shrink_100000,KAT2A,True,0.011377016373126837,0.13932538314505627,0.08165788685671044,21.316244055086315,152.99612729500458,738,0.02710027100271003,0.05420054200542006,0.5,0.9493292330314581,1.0088087867237714,0.04154757469947341
shrink_100000,NISCH,True,0.003108809010676028,0.07695201725357335,0.0403993179338215,11.834757774585908,153.7939900339175,6,0.16666666666666666,0.16666666666666666,1.0,0.9736537041605047,,0.001072833291577627
shrink_100000,KDR,False,-0.007034826274588518,0.01739479556007379,-0.40442132534949304,2.855241087943518,164.14341163612997,7,0.0,0.0,,0.9986750621678494,,0.004589119387414495
shrink_100000,WFS1,False,-0.00017205747782965218,0.018536042358910664,-0.009282320060459969,2.8541931439106407,153.98071975912217,4,0.0,0.0,,0.9981332233258723,,0.004608604686645222
shrink_100000,TARBP2,True,-0.005710522300226453,0.14964469694032534,-0.03816053904338268,22.841832836790168,152.64044302150538,4,0.0,0.0,,0.9991103299862691,,0.01222768144161529
shrink_100000,MAP3K7,True,-0.009386258359082349,0.11281362804710901,-0.08320145820647494,17.45292594669911,154.7058298613628,1,0.0,0.0,,0.9999994446095124,,0.013511726937431356
shrink_100000,HMGN1,True,-0.0030693074272248933,0.09895705666313655,-0.03101655941196026,16.602271499548387,167.77248696942155,3,0.0,0.0,,0.999998984246137,,0.010297247509311571
shrink_100000,TSC22D4,True,0.006197935296003123,0.08817154457154032,0.07029405378029036,14.056946491490065,159.42724560172118,3,0.3333333333333333,0.3333333333333333,1.0,0.9714190773477037,,0.02227751147373247
shrink_100000,FOXH1,True,0.0068478429893807724,0.08420678850950113,0.08132174508244218,13.714828765797506,162.8708208513385,32,0.0,0.0,,0.9979862988857209,1.0033491103759244,0.00990796388881974
shrink_100000,PAGR1,True,0.00012542530854940402,0.0938029409363514,0.001337114884644283,14.873516737918058,158.56130510886928,18,0.0,0.0,,0.9989340384662989,0.9524327904681995,0.0024731776378758828
shrink_100000,KLF10,True,-0.0029507831169762297,0.06752644630173786,-0.04369818461630326,10.489479120006724,155.33882936968305,15,0.0,0.0,,0.9991009139675198,0.9849143164474602,0.003159949603076458
shrink_100000,POLB,True,-0.005939806192193875,0.16701692555814182,-0.03556409730537229,25.70947976290529,153.9333793685199,3,0.0,0.0,,0.9957774203049847,,0.008084529037994346
shrink_100000,RNF2,True,0.01320837683866797,0.1400068496421166,0.09434093312170813,20.81461952371483,148.66857997962848,377,0.015915119363395226,0.029177718832891247,0.5454545454545454,0.9811930977885631,0.9962587018525831,0.0029889928071554156
shrink_100000,SMARCA5,True,0.01132650257095283,0.14625161041248994,0.0774453186464574,22.537133107602276,154.09835860294635,953,0.046169989506820566,0.07450157397691501,0.6197183098591549,0.9272031436402423,0.9892790559857266,0.017206423777740947
shrink_100000,ACAT2,True,0.00949514713673284,0.13344780706606169,0.07115251532033333,18.993477980175204,142.32888795821663,313,0.06070287539936102,0.0670926517571885,0.9047619047619048,0.9565312323806285,0.9163032940456844,0.004205180468132604
shrink_100000,TRAM2,True,0.001000608178738876,0.09532432980568531,0.010496881339512947,14.518960140113231,152.31116934899546,1,0.0,0.0,,0.999999277538903,,0.012541183665899439
shrink_100000,CAMSAP2,False,-0.0018601771792975882,0.015862815787214938,-0.11726651839434762,2.855308528481548,180.000106335652,2,0.0,0.0,,0.9999948312603627,,0.004572076443115729
shrink_100000,CDCA2,True,0.015289956649760492,0.13707501759771837,0.11154444418626867,20.672465910327418,150.8113314345583,8,0.125,0.125,1.0,0.9860794205006289,,0.007529021092568776
shrink_100000,CREG1,True,0.013871173394630834,0.08741475243609864,0.15868229341232587,13.916378544425802,159.19942751767056,4,0.0,0.0,,0.9998382860800158,,0.01221790337464394
shrink_100000,CASP2,True,0.003183518052274688,0.11919970521297542,0.026707432259053508,18.258608409166563,153.17662385610524,2,0.0,0.0,,0.9999970423155407,,0.003468994824847941
shrink_100000,UBE3C,True,-0.01421764839531571,0.13738234026527177,-0.10348963606139502,22.30412497211275,162.35074267220722,37,0.10810810810810811,0.10810810810810811,1.0,0.9556957307425703,0.7707541242816544,0.06321275873992986
shrink_100000,EIF4B,True,0.029667294298992928,0.14404330433849477,0.20596093956076036,22.56502644227842,156.6544626694463,124,0.008064516129032258,0.008064516129032258,1.0,0.9882958501724945,0.9579603537137374,0.03127900709080194
shrink_100000,STAG2,True,0.0064617302437384935,0.09813541747496154,0.06584503750021904,16.589585958015036,169.04789712896198,453,0.024282560706401765,0.033112582781456956,0.7333333333333333,0.9718570956748902,0.9754337444454515,0.03750685103195038
shrink_100000,HMGB2,True,0.010341832035166523,0.09142460544804003,0.11311869473742676,14.481962487631721,158.4033359144476,26,0.07692307692307693,0.07692307692307693,1.0,0.9767083328817435,0.8536964282774616,0.013490246316626807
shrink_100000,TGFBR2,False,-0.0007041464901871012,0.017411332948511382,-0.04044184855171032,2.859063581326893,164.20704777639295,260,0.015384615384615385,0.015384615384615385,1.0,0.9866332972176176,0.9960387429613368,0.0045877750782161
shrink_100000,ANTXR1,False,-0.0055949369643116635,0.017299585777032424,-0.32341450462586857,2.860044499972191,165.32444977782606,2,0.0,0.0,,0.9999947405462618,,0.0045621093228565505
shrink_100000,MTA1,True,0.017431957184872397,0.131276442319821,0.1327881596791293,19.597076272397818,149.28098237652284,28,0.17857142857142858,0.17857142857142858,1.0,0.9353093931214335,0.6733080381794766,0.0018804413782278762
shrink_100000,DHCR24,True,0.02008436357718916,0.1276469552529526,0.15734306813185486,18.113784967421534,141.90534299487368,32,0.0,0.0,,0.9976549143471265,0.9230680920547446,0.014883402801754646
shrink_100000,NDUFB4,True,-0.013169239628023794,0.08690939924312002,-0.15152837026504135,15.41017494027933,177.313099325091,17,0.058823529411764705,0.058823529411764705,1.0,0.991319251612216,0.8714341691170443,0.03688829312584715
shrink_100000,ACVR1B,True,0.01254881461040198,0.09428276795165136,0.13309764746021324,15.84093303726801,168.01514615471743,25,0.04,0.04,1.0,0.9911848926269415,0.9374368392026697,0.011051177250056459
shrink_100000,DHX36,True,0.05190932687205064,0.13403585422130826,0.38727941246483577,20.386776768301157,152.09942807273268,1387,0.16870944484498918,0.18168709444844988,0.9285714285714286,0.8065464108660397,0.8955886115345006,0.031639768374435016
shrink_100000,LZTR1,True,0.005097520510335802,0.12391952824348018,0.04113573205604904,19.219566721143025,155.09715856390238,191,0.041884816753926704,0.04712041884816754,0.8888888888888888,0.943666098795623,0.9459404864125771,0.013034263432964502
shrink_100000,INSIG1,True,-0.005701313141970175,0.14736797095408208,-0.038687600196019724,22.00628414126829,149.32881275894854,219,0.0365296803652968,0.0365296803652968,1.0,0.9688330868406875,0.964667286017867,0.020113978188875555
shrink_100000,LAD1,False,0.004620814663322786,0.018889864691570397,0.24461872749066457,2.854062854766455,151.0896399400934,2,0.0,0.0,,0.9998338555311811,,0.004641421249899507
shrink_100000,TCF3,True,0.012912154276512596,0.18055037758856407,0.0715155207591792,25.65764189302743,142.10793815948557,6,0.0,0.0,,0.9999972782233558,,0.018327565776886906
shrink_100000,DAXX,True,-0.006229233247812399,0.0916180491459673,-0.06799133255815006,14.674720223119122,160.1728083048257,28,0.03571428571428571,0.03571428571428571,1.0,0.9971969099864135,0.9789970478015939,0.020682210181598056
shrink_100000,CLDN7,True,0.016112818069454055,0.12431591355796379,0.12961187034145277,19.705484048619866,158.51135614614574,7,0.0,0.0,,0.9999398095425246,,0.02145668594479574
shrink_100000,NIT1,True,-0.0024628490294962353,0.09131780452678101,-0.026970085869442353,14.80074221513868,162.07947937248127,143,0.013986013986013986,0.013986013986013986,1.0,0.9886725785222196,0.9854493492436421,0.0027748619994607824
shrink_100000,PRR12,True,0.020589247827306388,0.1166233642928638,0.17654479402260093,19.027740061442074,163.1554721201469,105,0.02857142857142857,0.02857142857142857,1.0,0.9836901811945857,0.9730090812636438,0.009400140748747616
shrink_100000,ARID1A,True,0.020800758216558007,0.10751054193123302,0.19347645210329978,16.963211856953368,157.78184680534443,220,0.013636363636363636,0.031818181818181815,0.42857142857142855,0.9639596696487747,0.9934539938689719,0.023268408943982508
shrink_100000,STX4,True,0.0022219355058437766,0.12165121449860097,0.01826480331496674,19.446450471709532,159.85414162826277,19,0.0,0.0,,0.9990480231631715,0.9786170676539916,0.00842409776147866
shrink_100000,CENPO,True,0.0023685375696636092,0.1068651984262164,0.022163787692762612,16.226370094335454,151.83961039981344,5,0.2,0.2,1.0,0.9917890415274152,,0.009433544603608165
shrink_100000,NRAS,True,0.01917550340420602,0.10288563680817202,0.18637687435378683,15.078415763201113,146.55510944948014,5,0.2,0.2,1.0,0.9889525397723252,,0.002332748579747912
shrink_100000,CHMP3,True,0.011194668435577754,0.2571717017354394,0.043529938791998436,36.3801995820183,141.46268557745032,98,0.02040816326530612,0.04081632653061224,0.5,0.9846721308868736,1.0828393337788906,0.07098073765971533
shrink_100000,EID2,True,-0.0060226401127843904,0.1397279444002894,-0.0431026172941532,20.48795558406321,146.6274743538042,4,0.0,0.0,,0.999335467589731,,0.012891889405769597
shrink_100000,UQCRQ,True,-0.004758944068227321,0.12649218972039797,-0.03762243407080414,20.84599679293283,164.80066349559945,48,0.0,0.0,,0.9960317463920102,1.031814919383925,0.005593759454896994
shrink_100000,ZNF426,True,0.007829729771571675,0.10035059373267836,0.07802375133354081,16.065714041628627,160.0958543845362,3,0.0,0.0,,0.9999980634817255,,0.013356420174240151
shrink_100000,BIRC2,True,0.007491777295087403,0.09122427369819627,0.08212482260887032,14.843698258896653,162.71654086285315,75,0.02666666666666667,0.02666666666666667,1.0,0.9586590503302008,0.9138808631522959,0.009816063870319618
shrink_100000,PLCB3,True,0.018945678420763154,0.1435148160618714,0.1320120036428531,23.117340840819374,161.07982071240048,2,0.0,0.0,,0.9992839641573388,,0.010689763802595094
shrink_100000,TFAM,True,0.015145584449850986,0.11539880279617215,0.13124559425978183,19.800245422706922,171.5810298108544,98,0.08163265306122448,0.08163265306122448,1.0,0.9310788344874938,0.8972659404553746,0.072205881792571
shrink_100000,PMS1,True,0.0034806803698700438,0.1406845140378241,0.02474103417618684,22.858961778598122,162.4838521491592,1,0.0,0.0,,0.9980823629272608,,0.017490916105699552
shrink_100000,ZNF286A,True,0.011740670808977088,0.12283201686857592,0.09558314768647833,19.827410289447936,161.4189101092614,2,0.0,0.0,,0.9999998796859288,,0.0060502470789618144
shrink_100000,GSK3B,True,0.011814567945760817,0.1347481819365796,0.08767886717255634,20.371232527812783,151.18001768217312,217,0.027649769585253458,0.041474654377880185,0.6666666666666666,0.9660405074362617,0.9578032807618428,0.043221461399883615
shrink_100000,LRPPRC,True,0.009452754157978957,0.1292652890772046,0.07312677846821844,22.38105814917711,173.14051056513605,98,0.08163265306122448,0.08163265306122448,1.0,0.9522610363972377,0.8517313850106514,0.07078908689014238
shrink_100000,CASP3,True,0.02487396256381439,0.10451273376452093,0.23799934867131364,15.985600263575545,152.953613284989,417,0.03357314148681055,0.050359712230215826,0.6666666666666666,0.9184945440008571,0.9679131413053161,0.009326869213319393
shrink_100000,MAST2,True,-0.002502561385671188,0.11738836491224156,-0.021318649318798157,18.447138956012626,157.14622969494067,0,,,,,,0.009963201172283479
shrink_100000,HAT1,True,-0.002047658735410799,0.23189248180291297,-0.008830207514666726,36.95460855895509,159.36096018137866,29,0.0,0.0,,0.9983474360926532,1.0967089651878028,0.026213187942166195
shrink_100000,MAU2,True,-0.0010805757859660857,0.18821861467857282,-0.005741067576187514,27.820755163742735,147.81085925668492,902,0.0565410199556541,0.07982261640798226,0.7083333333333334,0.936249081421003,0.9630760052444765,0.029729000917223206
shrink_100000,SMARCA4,True,0.02050604114571626,0.1415399848074813,0.1448780793187734,21.51919871513038,152.0361807612187,2229,0.0901749663526245,0.1516375056078959,0.5946745562130178,0.8326576184099059,0.9867105284850229,0.008860737067915108
shrink_100000,TWF2,True,0.01349293772969033,0.08383710447810981,0.16094231562128183,13.904635675540863,165.85300461052321,4,0.0,0.0,,0.9999946522730907,,0.016329243729060403
shrink_100000,IRF3,True,0.009174757500757245,0.07942131184814569,0.11552009513894042,12.570814333464034,158.28011450502797,4,0.25,0.25,1.0,0.9837514179017582,,0.005781295996609917
shrink_100000,MKI67,True,0.0045777346702975995,0.10346872736498088,0.04424268846131512,15.897074640684306,153.6413469608856,5,0.0,0.0,,0.9999814906030379,,0.014788954256585858
shrink_100000,AKT2,True,0.005630141515753138,0.14725820124155078,0.03823312704002065,24.70961296797035,167.79787312109457,50,0.02,0.02,1.0,0.9800115398772373,0.945661009221716,0.04948407590802348
shrink_100000,SSBP1,True,0.007715425741916226,0.1254201111302212,0.06151665528270384,18.714861954173475,149.2173925339789,59,0.1016949152542373,0.1016949152542373,1.0,0.9468085929426673,0.8179921263286956,0.06068149309035082
shrink_100000,PHF14,True,0.0046698882871791594,0.11842402282414327,0.03943362314345483,18.914096004060003,159.71502701058353,24,0.0,0.0,,0.9997168116863241,1.008917954896271,0.008628386738808707
shrink_100000,DNMT1,True,0.05856366197456527,0.20430534368000244,0.2866477250163943,23.0041479622052,112.59689809306178,1279,0.08835027365129007,0.12822517591868648,0.6890243902439024,0.8290628696573634,0.9596622717849563,0.042991034317816576
shrink_100000,TMSB10,True,0.03681233367498864,0.08811098525575219,0.4177950520940906,13.576104924925573,154.07959501893413,263,0.12547528517110265,0.12927756653992395,0.9705882352941176,0.8740370928698,0.8886869692897772,0.015937974465958096
shrink_100000,CLDN6,True,0.008659930994196431,0.13458482485658355,0.06434552337846884,21.939532438552224,163.0163910524939,4,0.0,0.0,,0.9997822087820141,,0.002292414446882622
shrink_100000,DLG5,True,0.031511809643867614,0.10921865219554003,0.28852040389081457,16.34683117829866,149.67069131224994,85,0.047058823529411764,0.058823529411764705,0.8,0.9736626215248125,0.9173862710784345,0.02150328948790898
shrink_100000,NDUFB6,True,0.01013770210441065,0.07498171248891865,0.13520232824648912,12.417834412449587,165.61150712961893,12,0.08333333333333333,0.08333333333333333,1.0,0.9973847430799798,0.8885714491075799,0.02879896141147115
shrink_100000,STAT6,True,-0.0015725126828317628,0.2634901768467601,-0.005968012552309683,40.250397129208125,152.75862504968006,73,0.0,0.0,,0.9970879144153357,0.9574448880090733,0.009819803787711431
shrink_100000,ZNF714,True,-0.0031200421540172056,0.17553647140693104,-0.017774324213139053,26.4445494000929,150.64988596465963,8,0.125,0.125,1.0,0.989628646257865,,0.016325717148945616
shrink_100000,SAFB,True,-0.007277247645997642,0.14182130230434986,-0.05131279665152559,22.532794799098877,158.88159559234117,165,0.024242424242424242,0.024242424242424242,1.0,0.9836114022246985,0.9259669892568769,0.012691317377395225
shrink_100000,SOX2,True,0.0018731057682514207,0.2375330650279567,0.007885663278209136,39.25667428909904,165.26825132525732,1156,0.03546712802768166,0.06920415224913495,0.5125,0.9374895003491569,1.016355764804819,0.021829955958164064
shrink_100000,SLC25A3,True,-0.00011850162951438853,0.10729940102672182,-0.0011044015938623637,17.832870464279953,166.19729740931973,21,0.0,0.0,,0.9993300282103653,0.9910229420292275,0.015122321301819314
shrink_100000,ZNF593,True,-0.005790313823972656,0.08765034002159762,-0.0660615101156012,13.914527107347219,158.75040648922283,21,0.0,0.0,,0.999690816398606,0.9972655558968981,0.004155968297083196
shrink_100000,RAF1,True,-0.0028207650473330045,0.12019486056298893,-0.02346826673054597,19.787798546432594,164.63098716323785,38,0.0,0.0,,0.9968169920208271,0.9628548732899298,0.00230592149773965
shrink_100000,METTL17,True,-0.0035701996400639476,0.10281530081380971,-0.034724400082525586,16.091195528234987,156.5058449556536,81,0.024691358024691357,0.024691358024691357,1.0,0.9892118730762322,0.9425512368075659,0.02531404015920683
shrink_100000,IKBKG,True,-0.0052640165442990735,0.10657264964335589,-0.04939369117606668,16.35907158811024,153.50159391603455,12,0.0,0.0,,0.9998443536474518,1.0043325202533127,0.006985029437674945
shrink_100000,SMAGP,True,0.041456511383849454,0.09489052747289627,0.43688777465896944,14.422056289995986,151.98625905115114,79,0.0759493670886076,0.0759493670886076,1.0,0.9638384909648303,0.9259317143881074,0.012867987096594077
shrink_100000,MAP1B,True,0.005889684065363592,0.09885538910929603,0.05957878592589289,16.06818636799496,162.5423410172381,3,0.3333333333333333,0.3333333333333333,1.0,0.9928235361509019,,0.005248142100208429
shrink_100000,TAZ,True,0.00585863878987027,0.14417580229870633,0.04063538191888972,22.744397315624582,157.75460897732535,22,0.0,0.0,,0.9944777227899948,0.8502395301561275,0.031643160419362555
shrink_100000,OXCT1,True,0.02990696782232121,0.10383213115222281,0.2880319173886182,16.260241663145127,156.60125129577514,129,0.13953488372093023,0.13953488372093023,1.0,0.7939263777874209,0.8336720100930239,0.006212874602947158
shrink_100000,WSB2,True,-0.00647332988203136,0.1269017672536322,-0.05101055739510263,19.119373911381885,150.66278685598564,106,0.03773584905660377,0.03773584905660377,1.0,0.9843811444831377,0.9491343373165194,0.003160501979114327
shrink_100000,C1QBP,True,0.0019502846519963664,0.1130558026083379,0.01725063735784343,17.87997229693505,158.15174351445802,66,0.030303030303030304,0.045454545454545456,0.6666666666666666,0.9921263593912603,0.9672973466491911,0.004270949918417929
shrink_100000,CALM3,True,0.0007776288692540014,0.1690443778607324,0.004600146299421165,25.71965449480183,152.14735219405537,1,0.0,0.0,,0.9973719148642866,,0.004708570518328614
shrink_100000,SIX4,True,-0.008750806435628904,0.08901941895286745,-0.09830221920749828,15.085465735754967,169.46263987346595,25,0.04,0.04,1.0,0.9941420524046034,0.9543901656210404,0.0038911870225825326
shrink_100000,RRM1,True,-0.00031157919573513413,0.16827832088857494,-0.00185157062472382,26.87570095537325,159.709823662722,5,0.0,0.0,,0.9988000253219854,,0.01828460591675754
shrink_100000,MBTPS1,True,0.018531150154970387,0.10874388778275466,0.17041095856340333,19.275152523674738,177.25274419268575,384,0.08854166666666667,0.09375,0.9444444444444444,0.9256929754521386,0.9145943797654469,0.007258978847169145
shrink_100000,RAB3B,False,-0.0006294113257254472,0.0177402069427529,-0.03547936772984318,2.861320370740523,161.29013488816196,0,,,,,,0.004510395559036923
shrink_100000,XRCC4,True,-0.0024141887411569004,0.10038135408749746,-0.02405017110102511,15.57504198676818,155.158715763011,14,0.07142857142857142,0.07142857142857142,1.0,0.981511961740782,0.8178194533683061,0.005623071157399079
shrink_100000,TRAPPC6A,True,0.010144650731940496,0.12713501585609976,0.07979430893706668,19.943145836682753,156.86587760570848,230,0.04782608695652174,0.05652173913043478,0.8461538461538461,0.9589368459233564,0.9452082098689988,0.014762807144428118
shrink_100000,SIN3B,True,0.03324492533645281,0.1766613987808945,0.18818443398427434,25.37769981607073,143.65164088588244,1161,0.07062876830318691,0.09560723514211886,0.7387387387387387,0.900498610148081,0.9471739538475721,0.022536693850928664
shrink_100000,SV2A,False,-0.006258417120524187,0.018684232586856867,-0.3349571405424792,2.8610747751779315,153.12776491502842,18,0.0,0.0,,0.9984272291852773,1.0001540240861884,0.004558520001046703
shrink_100000,EWSR1,True,0.016887085551833513,0.132173247402598,0.12776477754530513,19.568798003921472,148.05415156605153,178,0.028089887640449437,0.028089887640449437,1.0,0.9854059932949825,0.9507796728453819,0.010910115483696189
shrink_100000,TXNDC9,True,-0.009319194985122632,0.24731873710232558,-0.037680909640367896,37.00780913294489,149.63609133113636,24,0.0,0.0,,0.9993308844042933,1.0061341302176203,0.010846549057456571
shrink_100000,TMBIM6,True,0.005698800907985668,0.12119331221787233,0.04702240415494864,18.816264580411254,155.25827486738518,6,0.16666666666666666,0.16666666666666666,1.0,0.9940462821960818,,0.012312377449009622
shrink_100000,METTL3,True,0.06684041032125018,0.11193823158722138,0.5971186910271016,18.15861496925015,162.2199557003105,2926,0.23547505126452495,0.28161312371838687,0.8361650485436893,0.673082174003877,0.9188021854093161,0.0015004938310696496
shrink_100000,METTL14,True,0.0804018006873235,0.1347903884036533,0.5964950590285882,20.998432157582297,155.7858272112017,3008,0.24335106382978725,0.2908909574468085,0.8365714285714285,0.6544283152241492,0.9061704515440807,0.016188029885960596
shrink_100000,MED24,True,0.02152269536794997,0.22534842490833915,0.09550852364157576,36.61276724173614,162.47181340019768,647,0.03709428129829984,0.05255023183925812,0.7058823529411765,0.9579104590742478,0.9804066890489035,0.05744694691674488
shrink_100000,ATM,True,0.00865721226132548,0.1324085900124937,0.06538255758564163,18.43109764743622,139.1986550547598,76,0.0,0.0,,0.9963410691735478,0.9777606001089937,0.006107178971664827
shrink_100000,PHF10,True,-0.011567581107612706,0.14348620317012362,-0.0806180723445422,24.42886144481551,170.25233719406157,120,0.075,0.08333333333333333,0.9,0.9522533345498116,0.8775498512810891,0.06254800819769449
shrink_100000,DZIP3,False,-0.003635380958776349,0.018865166184831483,-0.19270336254442186,2.8513567967177766,151.1440063014344,1,0.0,0.0,,0.9999983727270154,,0.004606407151496635
shrink_100000,ZNF562,True,0.0006497703343452566,0.12841747101492837,0.005059828146512258,20.98912411332047,163.44445928919214,10,0.0,0.0,,0.9996897604505243,0.9429380561408423,0.0035983001182493895
shrink_100000,MED1,True,-0.0004728205300976917,0.12008255810166713,-0.003937462172461227,21.568105986007755,179.61064726608552,302,0.0033112582781456954,0.009933774834437087,0.3333333333333333,0.9902128225903584,0.9659599311488314,0.03243213890627112
shrink_100000_stable_2of3,TMSB4X,True,-0.0037233237582872023,0.10080410774911286,-0.036936230491261594,15.801876789163051,156.75826255505066,0,,,,,,0.010800698589715881
shrink_100000_stable_2of3,PRCP,True,0.014023535349138569,0.07825494671222094,0.17920318060798748,11.370788549015105,145.30440600554837,6,0.16666666666666666,0.16666666666666666,1.0,0.9669297017757195,,0.007777283979903301
shrink_100000_stable_2of3,TADA1,True,0.01806433400073952,0.10921469307876878,0.16540204885903953,16.55654910503496,151.59635245318046,533,0.020637898686679174,0.043151969981238276,0.4782608695652174,0.9485651923861467,0.9843475535071524,0.04123826093726807
shrink_100000_stable_2of3,HIRA,True,0.000779039569017637,0.07498954699189427,0.010388642154377122,11.289614603156446,150.54917726568954,32,0.0,0.0,,0.9981171850263922,0.986668010545417,0.00701460266278838
shrink_100000_stable_2of3,IGF2R,True,0.0026108180056243187,0.09030382543748616,0.028911488444436795,13.70561306157332,151.77223107852927,6,0.0,0.0,,0.9969685363697053,,0.012591226429095983
shrink_100000_stable_2of3,NCK2,True,0.00802715558535262,0.07426710226146455,0.10808494395125634,12.561315135333258,169.13700350270742,2,0.5,0.5,1.0,0.9880822453298651,,0.008604040979655883
shrink_100000_stable_2of3,MED13,True,0.005785498111397895,0.09040061578945129,0.06399843696720699,14.883275898918598,164.6368862528844,113,0.0,0.008849557522123894,0.0,0.9948836759270014,1.006001632857967,0.01382447664455892
shrink_100000_stable_2of3,MED12,True,-0.00873482907350125,0.28215824977076426,-0.030957198949872092,48.78235102567326,172.89003977486334,68,0.0,0.0,,0.9963128709701009,0.9867892893468223,0.16708492238022032
shrink_100000_stable_2of3,STAT1,True,0.01789596004195392,0.11585297452470138,0.1544713039554998,18.535242857679414,159.98935662827938,8,0.25,0.25,1.0,0.9747738743149831,,0.012849514144061146
shrink_100000_stable_2of3,USP22,True,-0.013935992927486367,0.0973119395632103,-0.14320948683212764,14.583048281159398,149.85877731567336,21,0.0,0.0,,0.9998126740354351,0.9804270325729375,0.013540431657208819
shrink_100000_stable_2of3,MED13L,True,-0.0035199195572101195,0.11609204173058345,-0.030320076249316465,19.871609366838936,171.1711592854511,16,0.0,0.0,,0.9999042454642217,1.004204515904282,0.023614509417131477
shrink_100000_stable_2of3,TET1,True,0.01323097317644807,0.10702513681827004,0.12362491251858355,17.5826900511394,164.28561152876654,46,0.0,0.0,,0.9976601281534925,1.001924338208332,0.020033516056310808
shrink_100000_stable_2of3,KIF1B,True,0.005404880523080609,0.07716358697817735,0.07004444369089742,12.611206075761862,163.4346790971296,2,0.0,0.0,,0.9999985676437076,,0.01103412576335905
shrink_100000_stable_2of3,SRC,False,0.009640338426536384,0.016778602279457346,0.5745614721638287,2.703447597394923,161.1247201863085,6,0.0,0.0,,0.9992600430784737,,0.005917501431526076
shrink_100000_stable_2of3,PBX1,True,0.01805147494952557,0.0857621481190862,0.21048300847665277,13.37235691570343,155.92376367643055,5,0.0,0.0,,0.9999998107927649,,0.003567087068017745
shrink_100000_stable_2of3,CAST,True,0.0027580589594171537,0.1168583202984182,0.023601733726567067,19.445525817801443,166.4025785082644,38,0.07894736842105263,0.13157894736842105,0.6,0.9668152151506559,0.9988394668325707,0.038459262239701066
shrink_100000_stable_2of3,IDE,True,0.00029804078646684435,0.08159384986917667,0.0036527359224341953,12.772403198294846,156.53634702582917,0,,,,,,0.007554855564781589
shrink_100000_stable_2of3,MAPKAPK2,True,-0.0034836607362786196,0.11757981495676409,-0.029628050848350247,18.417562513845933,156.63881186254932,5,0.0,0.0,,0.9994859199588405,,0.0024215945016608977
shrink_100000_stable_2of3,PTPN1,True,0.004241313062025496,0.2071329339962263,0.02047628535065683,30.47383719628904,147.12212398267982,2,0.0,0.0,,0.9998922725712607,,0.08809709965994934
shrink_100000_stable_2of3,KDM2B,True,0.00839462451710457,0.0679524370582622,0.1235367689595451,12.034278600302429,177.0985577748194,44,0.022727272727272728,0.022727272727272728,1.0,0.9956310604689623,0.9895208265921419,0.002002198426910526
shrink_100000_stable_2of3,ATP1B1,False,0.005674940012723108,0.01762346707270693,0.3220104187961835,2.7060239002643627,153.54662559304924,2,0.0,0.0,,0.9999902483251902,,0.005932333878365113
shrink_100000_stable_2of3,KAT2A,True,0.00597488031928814,0.13024161713143853,0.045875354213840515,19.926463033748817,152.99612729500458,738,0.024390243902439025,0.04878048780487805,0.5,0.9501250162684675,1.0111834077127413,0.034611626097413785
shrink_100000_stable_2of3,NISCH,True,-0.002127487318012825,0.07223149090024415,-0.029453736749681762,11.108769191647152,153.7939900339175,6,0.16666666666666666,0.16666666666666666,1.0,0.9701700106406207,,0.0008565873854339826
shrink_100000_stable_2of3,KDR,False,-0.0067216881798528175,0.016438748327304947,-0.4088929428214445,2.6983122334715586,164.14341163612997,7,0.0,0.0,,0.9993861851739404,,0.005974568902135154
shrink_100000_stable_2of3,WFS1,False,-0.0005885447795062073,0.017521682214653743,-0.033589513398091145,2.698001238802993,153.98071975912217,4,0.0,0.0,,0.9982992253714483,,0.005988651098147175
shrink_100000_stable_2of3,TARBP2,True,-0.006252696812769203,0.13947894712337414,-0.04482896481315182,21.29012828108495,152.64044302150538,4,0.0,0.0,,0.9989768701448363,,0.007353053740054156
shrink_100000_stable_2of3,MAP3K7,True,-0.011370287728174163,0.10432406687475156,-0.1089900736119212,16.139541340370748,154.7058298613628,1,0.0,0.0,,0.9999996229928733,,0.010284253552402497
shrink_100000_stable_2of3,HMGN1,True,-0.0012743966699864761,0.09203254024751228,-0.01384723997141787,15.440528159438518,167.77248696942155,3,0.0,0.0,,0.9999993297940447,,0.007824262449781391
shrink_100000_stable_2of3,TSC22D4,True,0.0038500245527306747,0.08337192179564691,0.04617891095478736,13.291755852402092,159.42724560172118,3,0.3333333333333333,0.3333333333333333,1.0,0.9679792486570907,,0.020652441014973932
shrink_100000_stable_2of3,FOXH1,True,0.005598584776664683,0.0789864190814406,0.07088034679597446,12.864582911902056,162.8708208513385,32,0.0,0.0,,0.9978341250524182,0.9977313480667306,0.01113094724667328
shrink_100000_stable_2of3,PAGR1,True,-0.0007966970393901063,0.08801595425488196,-0.009051734383098121,13.955924577056619,158.56130510886928,18,0.0,0.0,,0.998825401128165,0.9602578297988971,0.001062495646464187
shrink_100000_stable_2of3,KLF10,True,-0.0031723716142002035,0.06283649181663678,-0.05048613508624102,9.760947080494027,155.33882936968305,15,0.0,0.0,,0.9990904890083814,0.9930909050838728,0.0033000316151137873
shrink_100000_stable_2of3,POLB,True,-0.004672570848751032,0.15649896087993573,-0.02985688098169404,24.0904139159103,153.9333793685199,3,0.0,0.0,,0.9951943428894737,,0.0032875278547197717
shrink_100000_stable_2of3,RNF2,True,0.012083946289809478,0.13094865749086382,0.09228003189458102,19.467950959405464,148.66857997962848,377,0.015915119363395226,0.026525198938992044,0.6,0.9828720777198261,0.9969801376107368,0.0016216429775460287
shrink_100000_stable_2of3,SMARCA5,True,0.010721974763159997,0.14043419854372863,0.07634874463873108,21.64067948730886,154.09835860294635,953,0.04407135362014691,0.07135362014690451,0.6176470588235294,0.9256560913383576,0.9918116741055109,0.016567204762755524
shrink_100000_stable_2of3,ACAT2,True,0.00772515329407997,0.12530695151904994,0.06164983826061352,17.834799063140544,142.32888795821663,313,0.05750798722044728,0.06389776357827476,0.9,0.9523184630546974,0.9250138272639862,0.0015242726883941237
shrink_100000_stable_2of3,TRAM2,True,0.0007683815471221558,0.08966313684004146,0.008569648288046672,13.656697219605709,152.31116934899546,1,0.0,0.0,,0.999999162757059,,0.01242578416525415
shrink_100000_stable_2of3,CAMSAP2,False,0.0016007086951178224,0.015010834007766528,0.10663689267962219,2.7019517175847962,180.000106335652,2,0.0,0.0,,0.9999899301552002,,0.005943946159428456
shrink_100000_stable_2of3,CDCA2,True,0.019465544436720092,0.12883395384538562,0.15109017348082637,19.429620113401036,150.8113314345583,8,0.125,0.125,1.0,0.9842701026310261,,0.008113982619093291
shrink_100000_stable_2of3,CREG1,True,0.014012763561056891,0.08186844525634775,0.17116196010782794,13.033409616572314,159.19942751767056,4,0.0,0.0,,0.999821748824392,,0.00949618505538492
shrink_100000_stable_2of3,CASP2,True,0.0016116933354024057,0.11157330276618957,0.01444515215956126,17.090421830199965,153.17662385610524,2,0.0,0.0,,0.9999999999507975,,0.0011416505162666585
shrink_100000_stable_2of3,UBE3C,True,-0.016873537698667215,0.13121526307061457,-0.12859432129924234,21.30289540944332,162.35074267220722,37,0.10810810810810811,0.10810810810810811,1.0,0.9539754282033628,0.7933152524586987,0.060392303572237085
shrink_100000_stable_2of3,EIF4B,True,0.031253142020027734,0.13618428413498088,0.22949154682966771,21.33387585518863,156.6544626694463,124,0.008064516129032258,0.008064516129032258,1.0,0.9882166864782895,0.972796920116596,0.029769775037792462
shrink_100000_stable_2of3,STAG2,True,0.008863303827419523,0.09405943656618301,0.09423088369430152,15.90054995664823,169.04789712896198,453,0.024282560706401765,0.03090507726269316,0.7857142857142857,0.971149596854758,0.975994605706508,0.03433513658355897
shrink_100000_stable_2of3,HMGB2,True,0.009907752053945604,0.08571933838281012,0.1155836272288876,13.578229152216474,158.4033359144476,26,0.07692307692307693,0.07692307692307693,1.0,0.9736073092163211,0.8559754118127525,0.010536694817267793
shrink_100000_stable_2of3,TGFBR2,False,0.0007193051088765096,0.016469294930196676,0.04367552538983645,2.704374299446312,164.20704777639295,260,0.015384615384615385,0.015384615384615385,1.0,0.9863255221482194,0.9958605653799867,0.005961878141502105
shrink_100000_stable_2of3,ANTXR1,False,-0.005398002164658107,0.016349726798840992,-0.330158554394974,2.7030095870361643,165.32444977782606,2,0.0,0.0,,0.9999898132018317,,0.005953341006543684
shrink_100000_stable_2of3,MTA1,True,0.01950800741656319,0.12288276661309668,0.15875299648798805,18.344060117148054,149.28098237652284,28,0.17857142857142858,0.17857142857142858,1.0,0.9263873850798567,0.673824928498225,0.0035716081937884232
shrink_100000_stable_2of3,DHCR24,True,0.020800483244311618,0.11907643734858529,0.17468177338410049,16.897582684558582,141.90534299487368,32,0.0,0.0,,0.9973827401696929,0.9189766649112873,0.011225093058178209
shrink_100000_stable_2of3,NDUFB4,True,-0.011116136766787424,0.08349910146697181,-0.13312881901111748,14.805484471969026,177.313099325091,17,0.058823529411764705,0.058823529411764705,1.0,0.9905815223497638,0.8713487073817116,0.03519556894620448
shrink_100000_stable_2of3,ACVR1B,True,0.010989383265989104,0.08823149303399236,0.12455170923782623,14.824227197555158,168.01514615471743,25,0.04,0.04,1.0,0.9900490379443376,0.934384769201559,0.007271120347426472
shrink_100000_stable_2of3,DHX36,True,0.05352702359242503,0.13214970319296593,0.40504838300139423,20.099894275631492,152.09942807273268,1387,0.16870944484498918,0.18168709444844988,0.9285714285714286,0.8025214699403139,0.8977909121863564,0.02996795424385292
shrink_100000_stable_2of3,LZTR1,True,0.00839662185191163,0.12029357302389461,0.06980108447060394,18.65719136950535,155.09715856390238,191,0.041884816753926704,0.04712041884816754,0.8888888888888888,0.9402037428366287,0.9490857221079145,0.012168357738198372
shrink_100000_stable_2of3,INSIG1,True,-0.005942989269172283,0.1392774499954663,-0.04267014702929826,20.798136251916805,149.32881275894854,219,0.0365296803652968,0.0365296803652968,1.0,0.9662619914660218,0.9681661561502743,0.019383333486731734
shrink_100000_stable_2of3,LAD1,False,0.005151664184065021,0.01785727775022664,0.2884910150428521,2.6980496655919843,151.0896399400934,2,0.0,0.0,,0.9998486536285212,,0.0060149755895146945
shrink_100000_stable_2of3,TCF3,True,0.01435481295214429,0.1707887737326278,0.08405009672718272,24.270440495930643,142.10793815948557,6,0.0,0.0,,0.9999988242069388,,0.011815360794467905
shrink_100000_stable_2of3,DAXX,True,-0.0018157687053141278,0.0868776154435154,-0.020900305516496055,13.915431644414557,160.1728083048257,28,0.03571428571428571,0.03571428571428571,1.0,0.9968699150523025,0.9773101270473995,0.018509833966248824
shrink_100000_stable_2of3,CLDN7,True,0.007365703222662846,0.11634026347180262,0.06331172891359378,18.441252937315337,158.51135614614574,7,0.0,0.0,,0.9999939830236586,,0.017074343952222838
shrink_100000_stable_2of3,NIT1,True,-0.0032969983571430983,0.08542458329017152,-0.03859542803906698,13.845571985282163,162.07947937248127,143,0.013986013986013986,0.013986013986013986,1.0,0.9891179840129113,0.9885040752524619,0.00308438227631792
shrink_100000_stable_2of3,PRR12,True,0.017586686738083654,0.10991680254708534,0.15999998481169425,17.933527813506675,163.1554721201469,105,0.02857142857142857,0.02857142857142857,1.0,0.9819919863812281,0.9688134593357582,0.006539192561462633
shrink_100000_stable_2of3,ARID1A,True,0.017231693894974677,0.10355618719602802,0.16639946256765634,16.339286463909264,157.78184680534443,220,0.013636363636363636,0.031818181818181815,0.42857142857142855,0.9613085586526363,0.9936064062925918,0.021203715922929904
shrink_100000_stable_2of3,STX4,True,0.005601839776058755,0.11364110705009231,0.04929413239163095,18.166001621178026,159.85414162826277,19,0.0,0.0,,0.998925679158222,0.9848920800513595,0.010327317593144772
shrink_100000_stable_2of3,CENPO,True,0.00432434070721176,0.09989999451241097,0.04328669614365724,15.168776245707981,151.83961039981344,5,0.2,0.2,1.0,0.9906748541389712,,0.009840256635351282
shrink_100000_stable_2of3,NRAS,True,0.018496719285704098,0.096685297468035,0.191308500569275,14.169724352583415,146.55510944948014,5,0.2,0.2,1.0,0.9874969397623041,,0.001225455399329497
shrink_100000_stable_2of3,CHMP3,True,0.010371535235425902,0.24697933621240412,0.04199353433562678,34.93836018274271,141.46268557745032,98,0.02040816326530612,0.04081632653061224,0.5,0.983446308918714,1.0846381197786452,0.06525648899650437
shrink_100000_stable_2of3,EID2,True,-0.005297025064264682,0.130824698515502,-0.04048948802765262,19.182495126425934,146.6274743538042,4,0.0,0.0,,0.9992450919382663,,0.012637669719205257
shrink_100000_stable_2of3,UQCRQ,True,-0.004950253979876937,0.12123021617051082,-0.04083349957006085,19.97882006061513,164.80066349559945,48,0.0,0.0,,0.9957352924896754,1.0344017098642804,0.0034044969178597738
shrink_100000_stable_2of3,ZNF426,True,0.005907436695368083,0.09388530296100506,0.0629218472865952,15.030647791693132,160.0958543845362,3,0.0,0.0,,0.9999980394970489,,0.012507745161150973
shrink_100000_stable_2of3,BIRC2,True,0.008521397899162102,0.08621983764578725,0.09883337909043796,14.029393735479305,162.71654086285315,75,0.02666666666666667,0.02666666666666667,1.0,0.954067652887431,0.9136639801342483,0.010089968951322763
shrink_100000_stable_2of3,PLCB3,True,0.01901821571823012,0.13464335624909152,0.14124882391557617,21.68832768471953,161.07982071240048,2,0.0,0.0,,0.9996544325133888,,0.00564471047757012
shrink_100000_stable_2of3,TFAM,True,0.016564792580590265,0.1099827520317784,0.15061263947827055,18.870953855044377,171.5810298108544,98,0.08163265306122448,0.08163265306122448,1.0,0.9244999521243173,0.9033136627797024,0.06459210199198107
shrink_100000_stable_2of3,PMS1,True,0.003886643160932815,0.13180216347992765,0.029488462543520527,21.415723243811872,162.4838521491592,1,0.0,0.0,,0.997825994875941,,0.019647695314735522
shrink_100000_stable_2of3,ZNF286A,True,0.010863839413516405,0.11499888164590412,0.09446908750789004,18.562994139065786,161.4189101092614,2,0.0,0.0,,0.9999999691692699,,0.0031362624448683066
shrink_100000_stable_2of3,GSK3B,True,0.012199087887620834,0.13065443306852617,0.0933691081206759,19.75233950155409,151.18001768217312,217,0.027649769585253458,0.041474654377880185,0.6666666666666666,0.9645143893131223,0.9600420239091992,0.0396484003162419
shrink_100000_stable_2of3,LRPPRC,True,0.009821274070413041,0.12381782722258372,0.07932035548287907,21.437881822383947,173.14051056513605,98,0.08163265306122448,0.08163265306122448,1.0,0.9482383896302015,0.8587135872297705,0.06310828598823887
shrink_100000_stable_2of3,CASP3,True,0.024047753809540003,0.09854708762809664,0.24402297813501064,15.073133131429815,152.953613284989,417,0.03357314148681055,0.050359712230215826,0.6666666666666666,0.910439789605868,0.9693400407647615,0.009357469065823007
shrink_100000_stable_2of3,MAST2,True,0.0013489136177853374,0.10930244454321848,0.012341111156502755,17.176467056407127,157.14622969494067,0,,,,,,0.00744221375551195
shrink_100000_stable_2of3,HAT1,True,0.0005357108985037176,0.21800052034381173,0.0024573835771531205,34.74077224203001,159.36096018137866,29,0.0,0.0,,0.9981856325351134,1.0998376902201348,0.01289217700212083
shrink_100000_stable_2of3,MAU2,True,-0.0029598266179450025,0.1784863896314372,-0.016582926149477574,26.38222661704619,147.81085925668492,902,0.05543237250554324,0.07760532150776053,0.7142857142857143,0.9356557578778357,0.9634431176782479,0.02569716770403943
shrink_100000_stable_2of3,SMARCA4,True,0.020474808668869464,0.1339584995572694,0.15284441626726455,20.36653865319065,152.0361807612187,2229,0.08793180798564379,0.14849708389412292,0.5921450151057401,0.8314581129162597,0.9889684860646543,0.010120759888029152
shrink_100000_stable_2of3,TWF2,True,0.010950337877767067,0.07887137240217812,0.13883792742859208,13.08105409065674,165.85300461052321,4,0.0,0.0,,0.9999950319660578,,0.014667192422822339
shrink_100000_stable_2of3,IRF3,True,0.005445797018128431,0.07408749858420911,0.07350493837956543,11.726577759299715,158.28011450502797,4,0.25,0.25,1.0,0.9813691685382289,,0.0038434292439782016
shrink_100000_stable_2of3,MKI67,True,0.003974008440787562,0.09720937143878138,0.04088091900985323,14.935378765075415,153.6413469608856,5,0.0,0.0,,0.9999959378623172,,0.013733398515969832
shrink_100000_stable_2of3,AKT2,True,0.0032954541406923048,0.14066830718798312,0.02342712588620549,23.603842761688348,167.79787312109457,50,0.02,0.02,1.0,0.9782276440044271,0.9526765405072976,0.03935166045244199
shrink_100000_stable_2of3,SSBP1,True,0.004409370364086248,0.12044182630469213,0.036609959341960506,17.972015273216552,149.2173925339789,59,0.1016949152542373,0.1016949152542373,1.0,0.9421598113546881,0.8222720912863543,0.05444434375238098
shrink_100000_stable_2of3,PHF14,True,0.003060928503144179,0.1116058533074824,0.02742623628091525,17.825131875543775,159.71502701058353,24,0.0,0.0,,0.9997133097657203,1.0148950811307342,0.009397757193205647
shrink_100000_stable_2of3,DNMT1,True,0.058824523430157497,0.2023428550037484,0.29071707735401764,22.783177824716237,112.59689809306178,1279,0.08835027365129007,0.12822517591868648,0.6890243902439024,0.8269164484371118,0.9613875779462759,0.041651673016434576
shrink_100000_stable_2of3,TMSB10,True,0.034930209183123555,0.08459846627234865,0.4128941187972888,13.03489742246644,154.07959501893413,263,0.12167300380228137,0.12547528517110265,0.9696969696969697,0.8636153304238761,0.8915388461445547,0.014595085322727873
shrink_100000_stable_2of3,CLDN6,True,0.008111867558216251,0.1253570142427893,0.06471012098697027,20.435248054975588,163.0163910524939,4,0.0,0.0,,0.9997438234642887,,0.0037485463565976843
shrink_100000_stable_2of3,DLG5,True,0.02972821354553385,0.10260999733024415,0.28972043971364086,15.357709235965762,149.67069131224994,85,0.047058823529411764,0.058823529411764705,0.8,0.9702473325365187,0.920563754345267,0.018201780898440476
shrink_100000_stable_2of3,NDUFB6,True,0.011566632817307564,0.07086134408805386,0.16322909149076556,11.735453991653113,165.61150712961893,12,0.08333333333333333,0.08333333333333333,1.0,0.9970761165120198,0.8893929122343873,0.027500542102126362
shrink_100000_stable_2of3,STAT6,True,-0.0005849318573871561,0.24693506275433177,-0.0023687679297657582,37.721460662908186,152.75862504968006,73,0.0,0.0,,0.9970770467742703,0.967631063034743,0.020555228067779478
shrink_100000_stable_2of3,ZNF714,True,-0.004697478138657684,0.1648058606754488,-0.028503101281746282,24.827984117063945,150.64988596465963,8,0.125,0.125,1.0,0.9885829084534397,,0.01699411934440413
shrink_100000_stable_2of3,SAFB,True,-0.00781264468812544,0.13356368285651035,-0.058493780053359964,21.220811045431788,158.88159559234117,165,0.024242424242424242,0.024242424242424242,1.0,0.9830174529127006,0.9403131568372475,0.013666261714103541
shrink_100000_stable_2of3,SOX2,True,0.0007406301434653714,0.2177584847038551,0.0034011540100152963,35.988563978243924,165.26825132525732,1156,0.03373702422145329,0.06487889273356401,0.52,0.93650572811008,1.0207099604868195,0.038195220056457764
shrink_100000_stable_2of3,SLC25A3,True,0.0010745118908174498,0.1005908250672775,0.010682006933522923,16.717923270355172,166.19729740931973,21,0.0,0.0,,0.9996394909393185,0.9706621899273895,0.01433152620605016
shrink_100000_stable_2of3,ZNF593,True,-0.003653654734761446,0.08215257402448393,-0.04447401409081286,13.041754520522794,158.75040648922283,21,0.0,0.0,,0.9996753912081546,0.9916648114632917,0.0014618294714671477
shrink_100000_stable_2of3,RAF1,True,-0.0026455039484798016,0.11215585390664995,-0.023587747374129213,18.464328944787667,164.63098716323785,38,0.0,0.0,,0.9967972498221661,0.9887263477067993,0.0040238407043320275
shrink_100000_stable_2of3,METTL17,True,-0.003286220024683754,0.09776988632702488,-0.033611781174541465,15.301558670829232,156.5058449556536,81,0.024691358024691357,0.024691358024691357,1.0,0.9882055228038674,0.9451351762598045,0.02467184968897038
shrink_100000_stable_2of3,IKBKG,True,-0.0026284110525660108,0.09947655557904674,-0.026422417194344905,15.269809838660674,153.50159391603455,12,0.0,0.0,,0.9998559611616666,1.0122597764279047,0.0069856143950788666
shrink_100000_stable_2of3,SMAGP,True,0.03846632773916254,0.08933211520365525,0.43059909251525924,13.577254002930024,151.98625905115114,79,0.0759493670886076,0.0759493670886076,1.0,0.9597515047007193,0.9248296706375885,0.010287210180150413
shrink_100000_stable_2of3,MAP1B,True,0.0038575385427849695,0.09233568733565749,0.0417773306734816,15.008458778973512,162.5423410172381,3,0.3333333333333333,0.3333333333333333,1.0,0.9918917332939022,,0.006687347846791622
shrink_100000_stable_2of3,TAZ,True,0.007744661513583367,0.13736778707508907,0.056379022174608655,21.67040153611116,157.75460897732535,22,0.0,0.0,,0.9940734387132192,0.8686862667935775,0.02582515396034657
shrink_100000_stable_2of3,OXCT1,True,0.028154572394182217,0.09954966636921543,0.2828193546099988,15.589602319496082,156.60125129577514,129,0.13953488372093023,0.13953488372093023,1.0,0.7766901649677427,0.8362417126598352,0.0033042974439557327
shrink_100000_stable_2of3,WSB2,True,-0.0006563031131269325,0.11914212723227409,-0.005508573066245777,17.950284920764833,150.66278685598564,106,0.03773584905660377,0.03773584905660377,1.0,0.9827106901784958,0.952713680090763,0.004307621905994157
shrink_100000_stable_2of3,C1QBP,True,0.005253290066330063,0.10898954249902007,0.04819994603039366,17.236886171063144,158.15174351445802,66,0.030303030303030304,0.045454545454545456,0.6666666666666666,0.9915453783563233,0.9651046670267525,0.002640918260583106
shrink_100000_stable_2of3,CALM3,True,-0.003449009891443109,0.1589993762978622,-0.021691971199823388,24.19133410422598,152.14735219405537,1,0.0,0.0,,0.9970473066844813,,0.0032069496440503514
shrink_100000_stable_2of3,SIX4,True,-0.010250474143618382,0.08308173598027783,-0.12337818923345159,14.079250304488202,169.46263987346595,25,0.04,0.04,1.0,0.993296949164827,0.95476886345011,0.004172823792188715
shrink_100000_stable_2of3,RRM1,True,-0.001098527733628162,0.15993822142509453,-0.006868450354392908,25.543705140731234,159.709823662722,5,0.0,0.0,,0.9986727167361922,,0.019059235360952453
shrink_100000_stable_2of3,MBTPS1,True,0.02229210499018319,0.10278117606296198,0.21688898535785806,18.218245508511597,177.25274419268575,384,0.08854166666666667,0.09375,0.9444444444444444,0.9194545800484754,0.9149560726281049,0.008462871769221964
shrink_100000_stable_2of3,RAB3B,False,0.0023341845296245465,0.01678105042991824,0.1390964492582077,2.7066178874065607,161.29013488816196,0,,,,,,0.005893830779160324
shrink_100000_stable_2of3,XRCC4,True,-0.003626122341147038,0.09353580322462508,-0.03876721229879162,14.51289510619453,155.158715763011,14,0.07142857142857142,0.07142857142857142,1.0,0.9788326877556521,0.8172919646153329,0.0034042503001352254
shrink_100000_stable_2of3,TRAPPC6A,True,0.011908140123364868,0.12018010167003924,0.09908578839498147,18.852157119213977,156.86587760570848,230,0.04782608695652174,0.05652173913043478,0.8461538461538461,0.9549039891877383,0.9424813590551634,0.01507839380663768
shrink_100000_stable_2of3,SIN3B,True,0.028837128330983276,0.1676932434305624,0.1719635671721265,24.089409584276016,143.65164088588244,1161,0.07062876830318691,0.09474590869939707,0.7454545454545455,0.8982889811739669,0.9534203891562888,0.022735864367532208
shrink_100000_stable_2of3,SV2A,False,-0.0035905688371753426,0.01766582420905504,-0.2032494377100679,2.7051281765143984,153.12776491502842,18,0.0,0.0,,0.9984592760338591,1.0015798502472186,0.005942117278095441
shrink_100000_stable_2of3,EWSR1,True,0.01894348525950501,0.12506764827457115,0.15146591081585575,18.51678455365298,148.05415156605153,178,0.02247191011235955,0.02247191011235955,1.0,0.9852805300272004,0.9525783748561942,0.006770640475570874
shrink_100000_stable_2of3,TXNDC9,True,-0.006481709487781734,0.2319105766059301,-0.027949175853224078,34.70219222166145,149.63609133113636,24,0.0,0.0,,0.9997005446643046,0.959128183602919,0.0026138152615304035
shrink_100000_stable_2of3,TMBIM6,True,0.0038703875808045246,0.11308107744494929,0.03422665991742718,17.556773004248008,155.25827486738518,6,0.16666666666666666,0.16666666666666666,1.0,0.993163684925197,,0.011543477601246719
shrink_100000_stable_2of3,METTL3,True,0.06524512597612843,0.1085971963648777,0.6007993591004885,17.61663238348838,162.2199557003105,2926,0.23615857826384143,0.2822966507177033,0.8365617433414043,0.6656163705501019,0.921901502534524,0.001908410658213966
shrink_100000_stable_2of3,METTL14,True,0.08143749289405869,0.13163159671677896,0.6186773914874036,20.50633718165471,155.7858272112017,3008,0.24534574468085107,0.28856382978723405,0.8502304147465438,0.6476022160993502,0.9091468311500455,0.014253867345388116
shrink_100000_stable_2of3,MED24,True,0.019160749380726008,0.21559473891277647,0.0888739190824035,35.02806819070096,162.47181340019768,647,0.03863987635239567,0.05409582689335394,0.7142857142857143,0.9570885421657792,0.983838250865563,0.04678466859915778
shrink_100000_stable_2of3,ATM,True,0.008211994916788671,0.12431601019967345,0.06605742014724217,17.304621421568346,139.1986550547598,76,0.0,0.0,,0.9963043531494243,0.9692914573393506,0.007562299180912137
shrink_100000_stable_2of3,PHF10,True,-0.00958010549364455,0.13920856347582072,-0.06881836328487456,23.70058328918635,170.25233719406157,120,0.075,0.08333333333333333,0.9,0.9504285033037785,0.8915811510853126,0.05905644301664063
shrink_100000_stable_2of3,DZIP3,False,-0.0054551790366489635,0.017847055229959503,-0.30566269708693794,2.6974754281390467,151.1440063014344,1,0.0,0.0,,0.9999646973339745,,0.005985340562023541
shrink_100000_stable_2of3,ZNF562,True,-0.0044062205425717356,0.1204844818805647,-0.036570855215525486,19.692520993707365,163.44445928919214,10,0.0,0.0,,0.9996423935080954,0.9413473545239929,0.005836853125158544
shrink_100000_stable_2of3,MED1,True,0.0003910996579922355,0.1153165049455618,0.0033915323585020584,20.712072093735106,179.61064726608552,302,0.0,0.006622516556291391,0.0,0.9902124309055127,0.9738821639787846,0.0276543513510943
shrink_100000_stable_3of3,TMSB4X,True,-0.005781709109412253,0.08656719780626064,-0.0667886827335205,13.570123522368812,156.75826255505066,0,,,,,,0.010917208516390836
shrink_100000_stable_3of3,PRCP,True,0.014375158042746451,0.06749918045866556,0.2129678900553372,9.807928322407717,145.30440600554837,6,0.16666666666666666,0.16666666666666666,1.0,0.955763701614309,,0.0054770508953404535
shrink_100000_stable_3of3,TADA1,True,0.013509797455429627,0.10085974692473024,0.13394637471688026,15.289969743139988,151.59635245318046,533,0.0225140712945591,0.0450281425891182,0.5,0.945684958262963,0.9924110477531953,0.03232202686543889
shrink_100000_stable_3of3,HIRA,True,-0.0018857396138767227,0.06816828907964312,-0.02766300341898789,10.26267983654996,150.54917726568954,32,0.0,0.0,,0.9977476423383462,0.9886971793411794,0.005874836461786907
shrink_100000_stable_3of3,IGF2R,True,0.0029267346403691508,0.07741552881892881,0.03780552409859063,11.749527528973006,151.77223107852927,6,0.0,0.0,,0.9959352024697333,,0.006592822545010217
shrink_100000_stable_3of3,NCK2,True,0.005717602093409277,0.06465799728479933,0.08842838215704292,10.93605991323715,169.13700350270742,2,0.5,0.5,1.0,0.9842730706463572,,0.007446354401413007
shrink_100000_stable_3of3,MED13,True,0.013624244520562675,0.080293116347489,0.16968135178114488,13.219208662991159,164.6368862528844,113,0.0,0.008849557522123894,0.0,0.9948400423892291,1.0043955780853264,0.008729090682150501
shrink_100000_stable_3of3,MED12,True,-0.00788360933095621,0.27687483225781934,-0.028473549822741487,47.868900761713,172.89003977486334,68,0.0,0.0,,0.9963466647450454,0.9708690003704585,0.15602391278681046
shrink_100000_stable_3of3,STAT1,True,0.01733630483174442,0.10095782644937452,0.17171828516373355,16.152177700224918,159.98935662827938,8,0.25,0.25,1.0,0.9671945968745368,,0.011546605462095185
shrink_100000_stable_3of3,USP22,True,-0.00983206907909315,0.0859003018784998,-0.11445907481209962,12.87291421055922,149.85877731567336,21,0.0,0.0,,0.9998956512199847,0.9918018745315841,0.009087359299381573
shrink_100000_stable_3of3,MED13L,True,-0.008027755391299908,0.10164003048593051,-0.07898222140351628,17.397841848085317,171.1711592854511,16,0.0,0.0,,0.9999875794921973,0.9928985601128252,0.01562690115424981
shrink_100000_stable_3of3,TET1,True,0.019610108836938672,0.09219257030674816,0.21270812573823297,15.145912791252925,164.28561152876654,46,0.0,0.0,,0.9970739660515652,1.0029924163083601,0.01083202342163672
shrink_100000_stable_3of3,KIF1B,True,0.004037706007202108,0.0660484666833007,0.06113247150100727,10.794609957242704,163.4346790971296,2,0.0,0.0,,0.9999996238760942,,0.004985712543080911
shrink_100000_stable_3of3,SRC,False,0.010927492829778198,0.015002309196490744,0.7283873893449879,2.417242871433054,161.1247201863085,6,0.0,0.0,,0.9994639719463981,,0.0069161412030914835
shrink_100000_stable_3of3,PBX1,True,0.00737100675337527,0.07511648550981159,0.09812768400103705,11.712445134835884,155.92376367643055,5,0.0,0.0,,0.9999995335632854,,0.0042496552450141676
shrink_100000_stable_3of3,CAST,True,0.0015197101609584608,0.10257911245496835,0.014815005946026343,17.069428813595955,166.4025785082644,38,0.07894736842105263,0.13157894736842105,0.6,0.9574541028047987,0.9885355414786458,0.027844866761767645
shrink_100000_stable_3of3,IDE,True,-0.0019126048936515291,0.06852373079942424,-0.027911569777919906,10.726454503923172,156.53634702582917,0,,,,,,0.005147858901312137
shrink_100000_stable_3of3,MAPKAPK2,True,0.0012053883804910097,0.10132627175176491,0.011896109070745653,15.87162681765825,156.63881186254932,5,0.0,0.0,,0.999404986609228,,0.0035075174934222947
shrink_100000_stable_3of3,PTPN1,True,0.00396873826391435,0.20375570795478914,0.019477924342590512,29.97697252790319,147.12212398267982,2,0.0,0.0,,0.9998909207331795,,0.08457591891606141
shrink_100000_stable_3of3,KDM2B,True,0.015042458638629285,0.05790405730469165,0.2597824632473634,10.254725037971387,177.0985577748194,44,0.022727272727272728,0.022727272727272728,1.0,0.994670184650164,0.9755952243503233,0.0009265265899821225
shrink_100000_stable_3of3,ATP1B1,False,0.013428778324912828,0.015760722705872886,0.852040770941861,2.420005788394534,153.54662559304924,2,0.0,0.0,,0.9999830842839809,,0.006929586717996018
shrink_100000_stable_3of3,KAT2A,True,0.001737560716336188,0.11094619038583971,0.015661292292177314,16.974337467167746,152.99612729500458,738,0.02032520325203252,0.04336043360433604,0.46875,0.9492882275646933,1.0103585009397742,0.020906467264852204
shrink_100000_stable_3of3,NISCH,True,0.0002032464096298613,0.061878198987515974,0.003284620641122192,9.516495118402796,153.7939900339175,6,0.16666666666666666,0.16666666666666666,1.0,0.9592862629211436,,0.0012884621559651674
shrink_100000_stable_3of3,KDR,False,-0.0028077451598001986,0.014676712537068945,-0.1913061356695978,2.409085667437257,164.14341163612997,7,0.0,0.0,,0.9995234016792691,,0.00697385183849218
shrink_100000_stable_3of3,WFS1,False,0.0007898118343166811,0.01565076723910736,0.05046473583372569,2.4099164042602403,153.98071975912217,4,0.0,0.0,,0.9975501021489315,,0.006976147021881074
shrink_100000_stable_3of3,TARBP2,True,-0.001663478493581094,0.121145760977204,-0.013731215026946844,18.491742625737817,152.64044302150538,4,0.0,0.0,,0.9987350470126329,,0.0016764243318309572
shrink_100000_stable_3of3,MAP3K7,True,-0.008728438166638224,0.08960301678749862,-0.09741232471378142,13.862109070191595,154.7058298613628,1,0.0,0.0,,0.999999866950133,,0.005363240667138073
shrink_100000_stable_3of3,HMGN1,True,0.00561854766225019,0.0787345063628621,0.07136067680866767,13.209483942807118,167.77248696942155,3,0.0,0.0,,0.9999999238776197,,0.0027599502302646573
shrink_100000_stable_3of3,TSC22D4,True,0.010109920725440374,0.07302515286835634,0.13844436236464572,11.64219898144668,159.42724560172118,3,0.3333333333333333,0.3333333333333333,1.0,0.9578020783593769,,0.016085261612862552
shrink_100000_stable_3of3,FOXH1,True,0.007708503201060532,0.06842134274903922,0.1126622613843511,11.143840257286794,162.8708208513385,32,0.0,0.0,,0.9973784062868052,1.0034561386635672,0.00993331862840774
shrink_100000_stable_3of3,PAGR1,True,0.002760427287296617,0.07607522728531314,0.03628549510531054,12.062587324813114,158.56130510886928,18,0.0,0.0,,0.9984208866816892,0.9619327630003002,0.0026784636156076975
shrink_100000_stable_3of3,KLF10,True,0.0012378809223943588,0.05298365466811845,0.02336344916461985,8.230418891873063,155.33882936968305,15,0.0,0.0,,0.9999994468709636,1.0001224614701174,0.002033509604762818
shrink_100000_stable_3of3,POLB,True,-0.0006775201888851268,0.1374943604488418,-0.004927621661524183,21.16497154800358,153.9333793685199,3,0.0,0.0,,0.9937999368892885,,0.0034799961727818057
shrink_100000_stable_3of3,RNF2,True,0.010944653197569392,0.11055219145986532,0.09899987556142405,16.435637317974187,148.66857997962848,377,0.015915119363395226,0.026525198938992044,0.6,0.9819461260145185,0.993906886915701,0.005398129447730014
shrink_100000_stable_3of3,SMARCA5,True,0.007516723164879375,0.12545335789441825,0.05991647645817069,19.332156532757836,154.09835860294635,953,0.04302203567681007,0.06925498426023086,0.6212121212121212,0.9199119732607319,0.9941344943613285,0.017839544780771304
shrink_100000_stable_3of3,ACAT2,True,0.010170523384864462,0.10808781876746146,0.09409500072108196,15.384019047002047,142.32888795821663,313,0.04472843450479233,0.04792332268370607,0.9333333333333333,0.9496181469493771,0.942824295908544,0.0017905841495880642
shrink_100000_stable_3of3,TRAM2,True,0.001158020390048771,0.07825970714346774,0.014797146990671174,11.919827507931505,152.31116934899546,1,0.0,0.0,,0.9999991061890222,,0.010950112028670843
shrink_100000_stable_3of3,CAMSAP2,False,0.008082709174220607,0.013423259685371232,0.6021420551841967,2.4161881707378923,180.000106335652,2,0.0,0.0,,0.9999826884781556,,0.00693190939768649
shrink_100000_stable_3of3,CDCA2,True,0.01873510385710304,0.11200968338350158,0.1672632516329621,16.892329484629194,150.8113314345583,8,0.125,0.125,1.0,0.9794918361659426,,0.00924584841761459
shrink_100000_stable_3of3,CREG1,True,0.01766437630246626,0.0695384753498835,0.25402306009137793,11.0704854661531,159.19942751767056,4,0.0,0.0,,0.9997655751584107,,0.005237039432958488
shrink_100000_stable_3of3,CASP2,True,0.003682726000640117,0.0957463416779344,0.03846335991643255,14.66610136479909,153.17662385610524,2,0.0,0.0,,0.9999999936765986,,0.0015426494087000813
shrink_100000_stable_3of3,UBE3C,True,-0.013490734209741532,0.12276208027640624,-0.10989333334337713,19.930514904859674,162.35074267220722,37,0.10810810810810811,0.10810810810810811,1.0,0.9476551937622468,0.8023003265973855,0.051655705921361046
shrink_100000_stable_3of3,EIF4B,True,0.03429306161777372,0.11979585593532285,0.28626250340653153,18.7665554415744,156.6544626694463,124,0.008064516129032258,0.008064516129032258,1.0,0.98571790641373,0.9822377142427176,0.026034120754611513
shrink_100000_stable_3of3,STAG2,True,0.013752970795035504,0.08457654719076385,0.16260974527625777,14.297487449027045,169.04789712896198,453,0.02207505518763797,0.033112582781456956,0.6666666666666666,0.9699397335395982,0.9820853730686939,0.02645931375228023
shrink_100000_stable_3of3,HMGB2,True,0.010814166846432462,0.07378774923180068,0.1465577546275368,11.688225627935946,158.4033359144476,26,0.07692307692307693,0.07692307692307693,1.0,0.9649891954881079,0.8644460133477772,0.004154527048285436
shrink_100000_stable_3of3,TGFBR2,False,0.006666029456421741,0.014724578582885953,0.452714447404934,2.4178795788472063,164.20704777639295,260,0.015384615384615385,0.015384615384615385,1.0,0.9866687388343902,0.9964668900627877,0.00696384754706009
shrink_100000_stable_3of3,ANTXR1,False,-0.0014840121910816987,0.014596924525065285,-0.10166608647824472,2.413228515554873,165.32444977782606,2,0.0,0.0,,0.9999825531442296,,0.00695990255822062
shrink_100000_stable_3of3,MTA1,True,0.02277663804202883,0.10819744557341414,0.21050994246046617,16.151820965829625,149.28098237652284,28,0.17857142857142858,0.17857142857142858,1.0,0.9057094803269933,0.6740967712244189,0.005262908866094072
shrink_100000_stable_3of3,DHCR24,True,0.023183869106524525,0.10077437577021023,0.23005718397491556,14.30042235876597,141.90534299487368,32,0.0,0.0,,0.9974501513483643,0.9329043455346275,0.004655693454265214
shrink_100000_stable_3of3,NDUFB4,True,-0.007735155051447391,0.07575292493224045,-0.10211031532269334,13.431985902676514,177.313099325091,17,0.058823529411764705,0.058823529411764705,1.0,0.9888261482279108,0.8517742363736301,0.031722297796385385
shrink_100000_stable_3of3,ACVR1B,True,0.012164734466611992,0.0758733557304686,0.16032946413792232,12.74787295230355,168.01514615471743,25,0.04,0.04,1.0,0.9867425023846179,0.9306612043798671,0.003103016370865889
shrink_100000_stable_3of3,DHX36,True,0.04774822033110258,0.12671770043692335,0.3768078190060776,19.27368976314791,152.09942807273268,1387,0.1651045421773612,0.1780821917808219,0.9271255060728745,0.7926188731397603,0.9059479598104161,0.024973779346900926
shrink_100000_stable_3of3,LZTR1,True,0.006777988553996706,0.1119040409381098,0.06056964964960804,17.35599878131944,155.09715856390238,191,0.041884816753926704,0.04712041884816754,0.8888888888888888,0.932639548573494,0.9496483697629506,0.01164740829927626
shrink_100000_stable_3of3,INSIG1,True,-0.005305776736455738,0.12280992460583598,-0.0432031593007232,18.33906023640547,149.32881275894854,219,0.0410958904109589,0.0410958904109589,1.0,0.9593956693868004,0.9700794614720976,0.015687076458588335
shrink_100000_stable_3of3,LAD1,False,0.00677581843629293,0.015950799451693854,0.4247949111775328,2.410000545913064,151.0896399400934,2,0.0,0.0,,0.9996419799032258,,0.0069935803064782795
shrink_100000_stable_3of3,TCF3,True,0.010624925705647468,0.15157614852216283,0.07009629027547123,21.540173940640518,142.10793815948557,6,0.0,0.0,,0.9999996147306027,,0.006662677821314698
shrink_100000_stable_3of3,DAXX,True,0.0033364367245104494,0.07580192081384002,0.04401520025731694,12.141406531652775,160.1728083048257,28,0.03571428571428571,0.03571428571428571,1.0,0.9958585481559605,0.9758612262527947,0.013546776681292656
shrink_100000_stable_3of3,CLDN7,True,0.005133650068906971,0.09907690490030725,0.05181480057408466,15.704814558510416,158.51135614614574,7,0.0,0.0,,0.9999971293133518,,0.010165476855233741
shrink_100000_stable_3of3,NIT1,True,-0.004137117325164189,0.07263140081763275,-0.05696045069476093,11.772059630615926,162.07947937248127,143,0.013986013986013986,0.013986013986013986,1.0,0.9887007322616875,0.9885252487551393,0.002572109171061537
shrink_100000_stable_3of3,PRR12,True,0.01743508845463285,0.09550655394340656,0.18255384300604333,15.582416899204775,163.1554721201469,105,0.02857142857142857,0.02857142857142857,1.0,0.9780506953184467,0.9770994212288258,0.004084800780622131
shrink_100000_stable_3of3,ARID1A,True,0.022896511582447727,0.09408324174141446,0.24336439900081508,14.844627635394042,157.78184680534443,220,0.013636363636363636,0.031818181818181815,0.42857142857142855,0.9538210847242068,0.9932048451591788,0.019028391892981895
shrink_100000_stable_3of3,STX4,True,0.005649958394236429,0.09802488376675121,0.0576380014658362,15.669683652744244,159.85414162826277,19,0.0,0.0,,0.9986736886773323,0.9956472583335643,0.0117701288960016
shrink_100000_stable_3of3,CENPO,True,0.00891716296078325,0.08651709113455765,0.10306822436869302,13.136721410796387,151.83961039981344,5,0.2,0.2,1.0,0.9876073022342815,,0.0089448494354678
shrink_100000_stable_3of3,NRAS,True,0.016399095841989043,0.08316047652020818,0.1971981947217922,12.187592738290034,146.55510944948014,5,0.2,0.2,1.0,0.9831171552629138,,0.0013330022415687355
shrink_100000_stable_3of3,CHMP3,True,0.00964764747888496,0.22434772689118868,0.04300309886163538,31.73683194922392,141.46268557745032,98,0.01020408163265306,0.030612244897959183,0.3333333333333333,0.9849113056446324,1.0629839783796844,0.05251755091513711
shrink_100000_stable_3of3,EID2,True,-0.00826879749101859,0.1148631849583357,-0.07198823098992015,16.842098706674633,146.6274743538042,4,0.0,0.0,,0.9993925763068418,,0.010805798306052801
shrink_100000_stable_3of3,UQCRQ,True,-0.006454978242427926,0.10876148643193553,-0.05934985309774653,17.923965126750613,164.80066349559945,48,0.0,0.0,,0.9947892481078374,1.0314404035047242,0.004535487245925144
shrink_100000_stable_3of3,ZNF426,True,0.0035368365693131385,0.08139463969833716,0.04345294213994037,13.030944384826777,160.0958543845362,3,0.0,0.0,,0.999998073279596,,0.01064622100201546
shrink_100000_stable_3of3,BIRC2,True,0.009472424719213767,0.07561895476606799,0.12526521622147926,12.304454743199146,162.71654086285315,75,0.02666666666666667,0.02666666666666667,1.0,0.941439525311587,0.9279553291864262,0.00854392027569395
shrink_100000_stable_3of3,PLCB3,True,0.018864492314598563,0.11658374387853722,0.16181065804725342,18.779288561935193,161.07982071240048,2,0.0,0.0,,0.9995510666351591,,0.0012242546715848677
shrink_100000_stable_3of3,TFAM,True,0.02279566883148519,0.09677456225463033,0.23555434713831008,16.60467905114411,171.5810298108544,98,0.09183673469387756,0.09183673469387756,1.0,0.9048644213269132,0.925834370773443,0.04702448133507738
shrink_100000_stable_3of3,PMS1,True,0.001069417522752036,0.11650748418774345,0.009178959877193351,18.93058483503181,162.4838521491592,1,0.0,0.0,,0.9972016052220368,,0.0176760534457004
shrink_100000_stable_3of3,ZNF286A,True,0.014253582255644489,0.09816123264984508,0.14520581976073,15.845079189319637,161.4189101092614,2,0.0,0.0,,0.9999999937350669,,0.0013558312687448363
shrink_100000_stable_3of3,GSK3B,True,0.023058037385319093,0.1203254569506222,0.19163058233621658,18.190804709410624,151.18001768217312,217,0.027649769585253458,0.041474654377880185,0.6666666666666666,0.9593240853995588,0.9639370283575558,0.031362443716068944
shrink_100000_stable_3of3,LRPPRC,True,0.013503791776360796,0.110118368555522,0.12262978423578938,19.0659505543029,173.14051056513605,98,0.08163265306122448,0.08163265306122448,1.0,0.9360556478494555,0.8653735254270325,0.04917401466618499
shrink_100000_stable_3of3,CASP3,True,0.025620679855409237,0.0863719390906809,0.29663198632729987,13.21090017035063,152.953613284989,417,0.03597122302158273,0.05515587529976019,0.6521739130434783,0.8897277315510003,0.974031184117799,0.007202259176034729
shrink_100000_stable_3of3,MAST2,True,-0.006487745640703737,0.09355516824483945,-0.06934673692986068,14.70184195815236,157.14622969494067,0,,,,,,0.0019198256951418306
shrink_100000_stable_3of3,HAT1,True,0.003547336705456356,0.19448831061842645,0.01823933116687924,30.99384392420666,159.36096018137866,29,0.0,0.0,,0.9979834815472266,1.1265240370186618,0.0012982052071953268
shrink_100000_stable_3of3,MAU2,True,-0.008064330207408963,0.16210504145841192,-0.04974755957530086,23.9608854678084,147.81085925668492,902,0.04878048780487805,0.06873614190687362,0.7096774193548387,0.9367149087191509,0.9698981478140483,0.021028507848305004
shrink_100000_stable_3of3,SMARCA4,True,0.025494957888700303,0.11795356986113223,0.2161440125866113,17.93321026883814,152.0361807612187,2229,0.08748317631224764,0.14580529385374608,0.6,0.8313896367671205,0.9897226206515541,0.012119248417191648
shrink_100000_stable_3of3,TWF2,True,0.003692884112639477,0.06840902215136475,0.053982413379165727,11.345841866271684,165.85300461052321,4,0.0,0.0,,0.9999953194464679,,0.012187947656986846
shrink_100000_stable_3of3,IRF3,True,0.009154557596203558,0.0626311310487473,0.1461662505995357,9.913262593975135,158.28011450502797,4,0.25,0.25,1.0,0.9740479497469764,,0.0007866948546726372
shrink_100000_stable_3of3,MKI67,True,0.002856984355182845,0.08506373478096593,0.03358639686512014,13.06930678927114,153.6413469608856,5,0.0,0.0,,0.999996564127182,,0.011050242751218839
shrink_100000_stable_3of3,AKT2,True,0.012247285195593895,0.1257419949637702,0.09740011838624545,21.099239316924024,167.79787312109457,50,0.02,0.02,1.0,0.9730966101722899,0.9672733837682588,0.025639131315098027
shrink_100000_stable_3of3,SSBP1,True,0.005764843448103819,0.10829372464781747,0.05323340264499806,16.159307219740008,149.2173925339789,59,0.11864406779661017,0.11864406779661017,1.0,0.9290099791360515,0.8359075079112164,0.04136772686313008
shrink_100000_stable_3of3,PHF14,True,0.008548969221175677,0.09668813920186432,0.08841797237743135,15.442548764228821,159.71502701058353,24,0.0,0.0,,0.9996122712492459,1.0147514238750943,0.01033354216235839
shrink_100000_stable_3of3,DNMT1,True,0.059230015602839865,0.19689565322421135,0.300819315373066,22.169839801053357,112.59689809306178,1279,0.0875684128225176,0.12587959343236904,0.6956521739130435,0.8210024647147879,0.9638362840988657,0.038045675788945986
shrink_100000_stable_3of3,TMSB10,True,0.03595335101453995,0.07664536525577098,0.4690870856256094,11.809486838687477,154.07959501893413,263,0.12927756653992395,0.13307984790874525,0.9714285714285714,0.8358904909252389,0.8933567635575418,0.013421000974946347
shrink_100000_stable_3of3,CLDN6,True,0.0034576570992375225,0.10749283690878499,0.03216639544243847,17.523094336864443,163.0163910524939,4,0.0,0.0,,0.9996449800639159,,0.005210611048638261
shrink_100000_stable_3of3,DLG5,True,0.03636128055879086,0.08914547663888008,0.40788699471636664,13.342465115901208,149.67069131224994,85,0.047058823529411764,0.058823529411764705,0.8,0.9622128665186841,0.9297156277525398,0.011719559162659458
shrink_100000_stable_3of3,NDUFB6,True,0.006799081080233623,0.0626382155589043,0.10854525499437068,10.373609282620086,165.61150712961893,12,0.08333333333333333,0.08333333333333333,1.0,0.9962263636447092,0.8938133013727736,0.02163989785082043
shrink_100000_stable_3of3,STAT6,True,-0.00024442925744324007,0.21921101331503895,-0.001115040954132896,33.48637298975246,152.75862504968006,73,0.0,0.0,,0.997994835204935,0.9714620457583731,0.025870046243257668
shrink_100000_stable_3of3,ZNF714,True,-0.004838225998668289,0.14470884556172403,-0.033434210465072056,21.800371081951265,150.64988596465963,8,0.125,0.125,1.0,0.9851252052165591,,0.016289698071942586
shrink_100000_stable_3of3,SAFB,True,-0.008061424045129047,0.11849883830279667,-0.06802956181333965,18.82728450538717,158.88159559234117,165,0.024242424242424242,0.024242424242424242,1.0,0.981482846551553,0.9528438623851768,0.01489339536573797
shrink_100000_stable_3of3,SOX2,True,0.006409231702271897,0.20168351347336894,0.031778659504155246,33.33188159287766,165.26825132525732,1156,0.03546712802768166,0.061418685121107264,0.5774647887323944,0.9384314398352688,1.0173264860131295,0.04351184452681435
shrink_100000_stable_3of3,SLC25A3,True,0.0015286409225108645,0.0870561849887754,0.017559245477021077,14.468502667900262,166.19729740931973,21,0.0,0.0,,0.9995549123209909,0.9767572892979198,0.012772045134240748
shrink_100000_stable_3of3,ZNF593,True,-0.003647347809448486,0.07043446737902213,-0.051783564853573306,11.181500327271669,158.75040648922283,21,0.0,0.0,,0.9999403438150702,1.005824918065704,0.002587984758594638
shrink_100000_stable_3of3,RAF1,True,-0.000398887210004954,0.09693208707000983,-0.0041151204112303405,15.958025182128642,164.63098716323785,38,0.0,0.0,,0.9960794658088019,0.9733230645401852,0.004874975004753971
shrink_100000_stable_3of3,METTL17,True,-0.00608662998164942,0.08745999113221369,-0.06959330664061276,13.687999811961074,156.5058449556536,81,0.024691358024691357,0.024691358024691357,1.0,0.9875568424419886,0.9573858564164431,0.02078197554092579
shrink_100000_stable_3of3,IKBKG,True,-0.007528770296934367,0.08622994960405232,-0.08731038730168246,13.236434707521363,153.50159391603455,12,0.0,0.0,,0.9998090017990315,1.0123105487135275,0.006368064530049572
shrink_100000_stable_3of3,SMAGP,True,0.04575409845540976,0.0780189963980647,0.586448180158143,11.857815397467089,151.98625905115114,79,0.0759493670886076,0.0759493670886076,1.0,0.9495942818252158,0.918832812533919,0.004941832611610963
shrink_100000_stable_3of3,MAP1B,True,0.010274741527262097,0.07920738851356984,0.12971948349871204,12.874554354857537,162.5423410172381,3,0.3333333333333333,0.3333333333333333,1.0,0.9890598284374501,,0.005928516047985936
shrink_100000_stable_3of3,TAZ,True,0.011201678872634648,0.12309653543729727,0.09099914008823215,19.419045814374304,157.75460897732535,22,0.0,0.0,,0.9924588957446073,0.8700010507639993,0.017584291609736544
shrink_100000_stable_3of3,OXCT1,True,0.0273134929173046,0.09006270518801293,0.3032719576908727,14.103932327525325,156.60125129577514,129,0.13953488372093023,0.13953488372093023,1.0,0.7280044169849567,0.8409372105212659,0.0011754929607912313
shrink_100000_stable_3of3,WSB2,True,-0.0022563039345786565,0.1032708349776538,-0.021848413785623848,15.559071798677921,150.66278685598564,106,0.03773584905660377,0.03773584905660377,1.0,0.9779026009274254,0.9553559919639386,0.00428591286327236
shrink_100000_stable_3of3,C1QBP,True,0.006050618098958824,0.09784484322690175,0.061838906368601024,15.47433255023332,158.15174351445802,66,0.030303030303030304,0.045454545454545456,0.6666666666666666,0.9897662031506629,0.9641639954588003,0.003008400782556651
shrink_100000_stable_3of3,CALM3,True,-0.004004887757835078,0.13901224073805954,-0.028809605086371346,21.150344350858358,152.14735219405537,1,0.0,0.0,,0.996167829372948,,0.006189959643017392
shrink_100000_stable_3of3,SIX4,True,-0.013077361454129383,0.0715682602502617,-0.18272571400227053,12.128146313160585,169.46263987346595,25,0.04,0.04,1.0,0.9910201291347975,0.9551117895893002,0.004545068067149672
shrink_100000_stable_3of3,RRM1,True,-0.002476094083419579,0.14340405670045941,-0.01726655535687957,22.90303660814936,159.709823662722,5,0.0,0.0,,0.9983358155857951,,0.01770698089713023
shrink_100000_stable_3of3,MBTPS1,True,0.028933586412863647,0.08958842241725438,0.3229612223564632,15.879793721351865,177.25274419268575,384,0.08333333333333333,0.08854166666666667,0.9411764705882353,0.9026431561613522,0.9201564814059431,0.012313609521801345
shrink_100000_stable_3of3,RAB3B,False,0.009406301845915588,0.01500966014514036,0.626683199683308,2.4209101094351575,161.29013488816196,0,,,,,,0.006890357154671064
shrink_100000_stable_3of3,XRCC4,True,-0.0020738121478769763,0.0797936622350648,-0.025989685017435545,12.380682158420125,155.158715763011,14,0.07142857142857142,0.07142857142857142,1.0,0.971307895653557,0.832460642401161,0.0015407603585986737
shrink_100000_stable_3of3,TRAPPC6A,True,0.012192877595511216,0.10582459759850533,0.11521780259227206,16.60026837456049,156.86587760570848,230,0.04782608695652174,0.05652173913043478,0.8461538461538461,0.9436669405953715,0.9493793302851409,0.013322281728102073
shrink_100000_stable_3of3,SIN3B,True,0.02446281676757592,0.1491453703928881,0.16401995384190896,21.424977187471086,143.65164088588244,1161,0.06546080964685616,0.08699397071490095,0.7524752475247525,0.8963667149305493,0.9712879463635933,0.022756346640874354
shrink_100000_stable_3of3,SV2A,False,0.00922090536507673,0.015800044731701893,0.5835999531428863,2.4194255353229805,153.12776491502842,18,0.0,0.0,,0.9987349062688626,1.0011778229239545,0.006932239487317136
shrink_100000_stable_3of3,EWSR1,True,0.02301521280373494,0.10904071652072761,0.21106989698990072,16.143930770630664,148.05415156605153,178,0.02247191011235955,0.02247191011235955,1.0,0.9833594646769945,0.9620007854881573,0.0022803607003658425
shrink_100000_stable_3of3,TXNDC9,True,0.004096075978379834,0.20481568729724156,0.019998839114483198,30.647818890459504,149.63609133113636,24,0.0,0.0,,0.9998219567413925,0.9788680634314915,0.013598918742016018
shrink_100000_stable_3of3,TMBIM6,True,0.0019730595037263108,0.09618158102803115,0.020513901753718134,14.93298634442974,155.25827486738518,6,0.16666666666666666,0.16666666666666666,1.0,0.9905532384092157,,0.010411501149091193
shrink_100000_stable_3of3,METTL3,True,0.06665956125863014,0.1002542052930306,0.6649053878966225,16.263232741405258,162.2199557003105,2926,0.22727272727272727,0.2662337662337662,0.8536585365853658,0.6529833835180145,0.9307401063400926,0.0029493398643821254
shrink_100000_stable_3of3,METTL14,True,0.08032800246813117,0.12321052887523297,0.6519572897010607,19.19445416195782,155.7858272112017,3008,0.24168882978723405,0.28158244680851063,0.8583234946871311,0.6343766006784173,0.918781464993364,0.009631495973217856
shrink_100000_stable_3of3,MED24,True,0.019207985579607123,0.19490260301976187,0.09855171394329484,31.666179349039552,162.47181340019768,647,0.03554868624420402,0.04791344667697063,0.7419354838709677,0.9557449957842628,0.9873948195937874,0.03290810651472876
shrink_100000_stable_3of3,ATM,True,0.009882244410206477,0.10804083265229164,0.09146768094624515,15.039138596195373,139.1986550547598,76,0.0,0.0,,0.9967979219645642,0.9746737787268511,0.006880234744066192
shrink_100000_stable_3of3,PHF10,True,-0.006936629850336512,0.12981518675042356,-0.05343465602119839,22.101338947543184,170.25233719406157,120,0.075,0.08333333333333333,0.9,0.9421272684129727,0.8895920912450873,0.05269204618855365
shrink_100000_stable_3of3,DZIP3,False,-0.0038526440555227736,0.015982011970127503,-0.24106126704972286,2.415585317922551,151.1440063014344,1,0.0,0.0,,0.9999493010901401,,0.006965841988491062
shrink_100000_stable_3of3,ZNF562,True,-0.0007323689653439734,0.10487627720577677,-0.006983170883411498,17.14144642016161,163.44445928919214,10,0.0,0.0,,0.9999981917260677,0.9955803959419545,0.007783191735559078
shrink_100000_stable_3of3,MED1,True,0.0015231446672183777,0.1038807026382906,0.014662440939795338,18.658080239319133,179.61064726608552,302,0.0,0.0033112582781456954,0.0,0.9921899350326376,0.9869099683827495,0.021422755511309465
shrink_1000000,TMSB4X,True,-0.004382348531440982,0.0755704252950915,-0.05799025894493182,11.846288569804795,156.75826255505066,0,,,,,,0.008006691392596042
shrink_1000000,PRCP,True,0.010619762511458308,0.06922823911978528,0.1534021758531657,10.059168164110467,145.30440600554837,6,0.16666666666666666,0.16666666666666666,1.0,0.9788350114332955,,0.00846780560086449
shrink_1000000,TADA1,True,0.021964042041802467,0.08935835198651627,0.24579730437639144,13.54640022238328,151.59635245318046,533,0.020637898686679174,0.043151969981238276,0.4782608695652174,0.9505372291375591,0.9858438858304083,0.03637493444803999
shrink_1000000,HIRA,True,-0.00013522032532319844,0.06962351099542984,-0.0019421646996813254,10.48176229871065,150.54917726568954,32,0.0,0.0,,0.9981663381494837,0.9855523076472545,0.006656868620315873
shrink_1000000,IGF2R,True,-0.0004407301152473024,0.0738164237616936,-0.005970624053396847,11.2032833245504,151.77223107852927,6,0.0,0.0,,0.9976263570775402,,0.013017683266901928
shrink_1000000,NCK2,True,0.0028254960682568926,0.06300262056750897,0.044847278459303114,10.656074455606511,169.13700350270742,2,0.5,0.5,1.0,0.9914702275680154,,0.006796285048089707
shrink_1000000,MED13,True,0.004080328247888838,0.07358196230286851,0.055452832734929264,12.114305157921391,164.6368862528844,113,0.0,0.008849557522123894,0.0,0.9943343211843784,0.9959021079733962,0.013367899578549091
shrink_1000000,MED12,True,-0.011994985386245717,0.17026933801026004,-0.07044712528055361,29.437872621033506,172.89003977486334,68,0.0,0.0,,0.9967023079311587,0.9633989644402055,0.09506034330771994
shrink_1000000,STAT1,True,0.012923925120041532,0.07742475497512832,0.16692238966972733,12.387136735572954,159.98935662827938,8,0.25,0.25,1.0,0.9873834079871023,,0.008749971436696166
shrink_1000000,USP22,True,-0.013276218836201564,0.08016631143144638,-0.16560845321609466,12.013625413024045,149.85877731567336,21,0.0,0.0,,0.9998239292482811,0.984809593864981,0.01290597038781781
shrink_1000000,MED13L,True,-0.007159197371658284,0.08052758234378038,-0.08890366708260218,13.783999624239511,171.1711592854511,16,0.0,0.0,,0.9998010615992707,0.9920255114307547,0.018185120494059934
shrink_1000000,TET1,True,0.017837002256329615,0.0760228915967283,0.23462672731455592,12.489467236153637,164.28561152876654,46,0.0,0.021739130434782608,0.0,0.9971978753389548,1.0013977964783822,0.01705077634787515
shrink_1000000,KIF1B,True,0.00909820737303582,0.06510287878918522,0.13975122978044402,10.640068103209812,163.4346790971296,2,0.0,0.0,,0.9999986720323502,,0.011281043560071154
shrink_1000000,SRC,False,0.003680272999780126,0.011355511994245542,0.32409573444553813,1.829653692645083,161.1247201863085,6,0.0,0.0,,0.9992031375201751,,0.0003837705786830021
shrink_1000000,PBX1,True,0.014685632887340722,0.07116697405704256,0.2063546059379977,11.096622444436967,155.92376367643055,5,0.0,0.0,,0.9999999368937785,,0.0022012309870528186
shrink_1000000,CAST,True,0.0010950350660051157,0.07839662882283509,0.013967884620137618,13.04540118247508,166.4025785082644,38,0.07894736842105263,0.13157894736842105,0.6,0.9792471729109921,0.9490154653966096,0.03009882133545633
shrink_1000000,IDE,True,0.0005195831775910974,0.06880489353463982,0.007551543951296332,10.77046669141361,156.53634702582917,0,,,,,,0.008288752246246133
shrink_1000000,MAPKAPK2,True,-0.006321442949598543,0.08055033058748087,-0.07847817511727286,12.617308078358567,156.63881186254932,5,0.0,0.0,,0.9994400385329215,,0.003891449698027764
shrink_1000000,PTPN1,True,0.004036958147547708,0.1760243742790253,0.02293408605531253,25.897079816652397,147.12212398267982,2,0.0,0.0,,0.9998925207488187,,0.07398444249003984
shrink_1000000,KDM2B,True,0.008217094449527488,0.05852665354113873,0.1403991848560356,10.364985933522195,177.0985577748194,44,0.0,0.0,,0.9958377287550303,0.990637356925097,0.002341773628955204
shrink_1000000,ATP1B1,False,-0.006960659132973341,0.011969400539291604,-0.5815378230617135,1.8378610631798498,153.54662559304924,2,0.0,0.0,,0.9999999825335764,,0.000368765958954656
shrink_1000000,KAT2A,True,0.012782613048304515,0.0837127003091448,0.15269622173337224,12.807718952706487,152.99612729500458,738,0.025745257452574527,0.051490514905149054,0.5,0.9489549541874082,1.0036219286958983,0.02519241185541866
shrink_1000000,NISCH,True,0.0026967115592676917,0.06474098547195022,0.0416538540402057,9.95677447445911,153.7939900339175,6,0.16666666666666666,0.16666666666666666,1.0,0.9796770775059837,,0.0009064528662773954
shrink_1000000,KDR,False,-0.011364065545110122,0.0111668776763685,-1.017658281433396,1.8329693991224651,164.14341163612997,7,0.0,0.0,,0.9987510674592586,,0.00039061782638018504
shrink_1000000,WFS1,False,-0.00392788555762706,0.011901719323839675,-0.33002673401643157,1.8326353078558861,153.98071975912217,4,0.0,0.0,,0.9985621227041708,,0.00040625305154462656
shrink_1000000,TARBP2,True,-0.006239408305248348,0.08289782555420948,-0.07526624810162486,12.653560818114004,152.64044302150538,4,0.0,0.0,,0.9990293658483514,,0.006946792834437528
shrink_1000000,MAP3K7,True,-0.009922569714129314,0.07810546134632013,-0.12704066454626742,12.083370214287049,154.7058298613628,1,0.0,0.0,,0.9999994339927173,,0.00939423189052345
shrink_1000000,HMGN1,True,-0.004412006471825823,0.06953875470362696,-0.0634467282399537,11.666689817384055,167.77248696942155,3,0.0,0.0,,0.9999989545529833,,0.007329600423813471
shrink_1000000,TSC22D4,True,0.004923779077757301,0.06924101057950185,0.07111073389236378,11.038903599369617,159.42724560172118,3,0.3333333333333333,0.3333333333333333,1.0,0.9796368224945847,,0.01774333537113117
shrink_1000000,FOXH1,True,0.006600335147902091,0.06627637451842133,0.09958805375009683,10.794487520866015,162.8708208513385,32,0.0,0.0,,0.9980307635352558,1.0030454099667885,0.007877571328172187
shrink_1000000,PAGR1,True,-0.0008030847025902568,0.07220161912766161,-0.011122807387051823,11.448382959855525,158.56130510886928,18,0.0,0.0,,0.9989867257161843,0.9641079822998218,0.0019228123882642607
shrink_1000000,KLF10,True,-0.0029993040027110054,0.058203460606955776,-0.0515313689501233,9.041257435948973,155.33882936968305,15,0.0,0.0,,0.9991041660900855,0.9868797803138387,0.002732297918686256
shrink_1000000,POLB,True,-0.007305801477879574,0.08282448638885416,-0.08820823160411086,12.749453084298299,153.9333793685199,3,0.0,0.0,,0.9974022181337363,,0.0041925505598370254
shrink_1000000,RNF2,True,0.012580382317865176,0.08404513122465106,0.1496860333793525,12.494870313370406,148.66857997962848,377,0.013262599469496022,0.01856763925729443,0.7142857142857143,0.9802862936518594,0.9965897179038465,0.0018041104981133915
shrink_1000000,SMARCA5,True,0.009662004545967823,0.09657640061671245,0.10004519203727524,14.882264814815963,154.09835860294635,953,0.04302203567681007,0.06925498426023086,0.6212121212121212,0.9285449246074579,0.9893788169279468,0.011581237039221814
shrink_1000000,ACAT2,True,0.00842910821454697,0.08949833196622954,0.09418173533924108,12.738198062868761,142.32888795821663,313,0.06070287539936102,0.0670926517571885,0.9047619047619048,0.9560090090791815,0.9410841750845478,0.002869442178069556
shrink_1000000,TRAM2,True,0.0006855788647685194,0.07375888306607324,0.009294865055838463,11.234301729669435,152.31116934899546,1,0.0,0.0,,0.9999992613883518,,0.009803947978423894
shrink_1000000,CAMSAP2,False,-0.009733250899130396,0.01016057588792606,-0.9579428377378236,1.8289047402581524,180.000106335652,2,0.0,0.0,,0.9999999690577674,,0.00039450879159706395
shrink_1000000,CDCA2,True,0.012024714932863117,0.08362542913896531,0.1437925647338794,12.611662310233667,150.8113314345583,8,0.125,0.125,1.0,0.9927937862407116,,0.004782401889484968
shrink_1000000,CREG1,True,0.012765538294922354,0.06820516737557944,0.18716379984272274,10.858223599939148,159.19942751767056,4,0.0,0.0,,0.999840739106269,,0.009562690555225578
shrink_1000000,CASP2,True,0.003124701951906677,0.08066415041492568,0.038737182947240184,12.355862226779367,153.17662385610524,2,0.0,0.0,,0.9999968982968643,,0.0023805649191837807
shrink_1000000,UBE3C,True,-0.01837111933089443,0.09563322318281006,-0.19209976114447866,15.52612480786616,162.35074267220722,37,0.10810810810810811,0.10810810810810811,1.0,0.9725130319228973,0.863716646097259,0.04506633050144994
shrink_1000000,EIF4B,True,0.02769210015382444,0.08303904086349402,0.3334828999210967,13.00843632705685,156.6544626694463,124,0.024193548387096774,0.024193548387096774,1.0,0.9888946309238712,0.9644047015513444,0.018637520398821817
shrink_1000000,STAG2,True,0.005617169258526835,0.07718398126548442,0.07277636067004428,13.04778972497134,169.04789712896198,453,0.02207505518763797,0.02869757174392936,0.7692307692307693,0.9728747334294213,0.9811478274513975,0.029741030232256032
shrink_1000000,HMGB2,True,0.00982279379665538,0.07047193933090462,0.1393858873463372,11.162990278375856,158.4033359144476,26,0.07692307692307693,0.07692307692307693,1.0,0.9812686956034505,0.8960684148537866,0.010500967478183068
shrink_1000000,TGFBR2,False,-0.011055350356251409,0.011171455838783002,-0.989606951483573,1.8344317826509045,164.20704777639295,260,0.015384615384615385,0.019230769230769232,0.8,0.9848242356504948,0.9981839102849654,0.0003981134077946226
shrink_1000000,ANTXR1,False,-0.014185621636817247,0.011106410749777047,-1.277246264019365,1.8361612462134227,165.32444977782606,2,0.0,0.0,,0.9999999612622572,,0.000366483535977005
shrink_1000000,MTA1,True,0.013999447230985862,0.08397004356280188,0.16671954231529681,12.535130593254483,149.28098237652284,28,0.17857142857142858,0.17857142857142858,1.0,0.9639941999537635,0.839005915194461,0.001244321139412296
shrink_1000000,DHCR24,True,0.01762747175935468,0.08433216456791084,0.209024301103521,11.967184738509522,141.90534299487368,32,0.0,0.0,,0.9974404643098591,0.9456545085792701,0.009991274489812864
shrink_1000000,NDUFB4,True,-0.014707212999346202,0.0696694171333538,-0.21109998625645476,12.35330028008756,177.313099325091,17,0.058823529411764705,0.058823529411764705,1.0,0.992854650774102,0.8945338358518271,0.029830291286276168
shrink_1000000,ACVR1B,True,0.011531226795609782,0.06897424681513957,0.16718162688336488,11.588718159557228,168.01514615471743,25,0.04,0.04,1.0,0.9933739926914114,0.9611384813852683,0.008173047149614547
shrink_1000000,DHX36,True,0.051159183304386555,0.11398122988250681,0.4488386671833779,17.336479876155952,152.09942807273268,1387,0.16943042537851477,0.18240807498197548,0.9288537549407114,0.8052480894271987,0.9091454650588068,0.026609804470596268
shrink_1000000,LZTR1,True,0.00326624097752426,0.09864729302981798,0.033110295044152686,15.299914848945422,155.09715856390238,191,0.03664921465968586,0.041884816753926704,0.875,0.9571114266117803,0.9559104680652221,0.010433725007224384
shrink_1000000,INSIG1,True,-0.006095666626292366,0.09141298184581784,-0.0666827238670942,13.650592049791294,149.32881275894854,219,0.0410958904109589,0.0410958904109589,1.0,0.9628136640815268,0.9634088982544651,0.012679080147655198
shrink_1000000,LAD1,False,0.0032228734776999957,0.012118630305436988,0.2659437078672218,1.8309994894155788,151.0896399400934,2,0.0,0.0,,0.9998676650050601,,0.0004376810819061435
shrink_1000000,TCF3,True,0.009457630963377586,0.09710756554684236,0.09739334839792119,13.799755919548865,142.10793815948557,6,0.0,0.0,,0.9999970778459283,,0.010134578397605707
shrink_1000000,DAXX,True,-0.006955088274820246,0.07312953952231564,-0.09510641418298396,11.71336371532804,160.1728083048257,28,0.03571428571428571,0.03571428571428571,1.0,0.9969217773683332,0.9740462251822523,0.016541055640518044
shrink_1000000,CLDN7,True,0.015415191872184918,0.07849531846987597,0.196383582775077,12.442399381783641,158.51135614614574,7,0.0,0.0,,0.9999373484435508,,0.013787725240878396
shrink_1000000,NIT1,True,-0.002751969707687081,0.0688840006829278,-0.039950782190400984,11.164682967782582,162.07947937248127,143,0.013986013986013986,0.013986013986013986,1.0,0.9890157891723699,0.9874161676615988,0.0020950475496498847
shrink_1000000,PRR12,True,0.019122182696293025,0.07857622087488658,0.2433583911695171,12.820140414259063,163.1554721201469,105,0.01904761904761905,0.01904761904761905,1.0,0.987457550220846,0.9699181373901462,0.006463464539733212
shrink_1000000,ARID1A,True,0.01718775752695333,0.08337122958496206,0.2061593383295086,13.154466574347682,157.78184680534443,220,0.013636363636363636,0.031818181818181815,0.42857142857142855,0.9676632841884831,0.9947731207871948,0.018456943001298767
shrink_1000000,STX4,True,0.0015756415598750123,0.07812939496924104,0.02016707745523091,12.489307368743537,159.85414162826277,19,0.0,0.0,,0.9990966189056477,0.9874050813632397,0.00553116879550169
shrink_1000000,CENPO,True,0.0016423076659850685,0.0768753893295656,0.021363243559580275,11.672729165135216,151.83961039981344,5,0.2,0.2,1.0,0.9931934421016482,,0.006894439222480111
shrink_1000000,NRAS,True,0.018152933643979585,0.07740685547063399,0.23451325510653648,11.344370175638854,146.55510944948014,5,0.2,0.2,1.0,0.9910526860702948,,0.0017561605989824614
shrink_1000000,CHMP3,True,0.00914441130170937,0.12166913195293497,0.07515802204659998,17.21164215793935,141.46268557745032,98,0.02040816326530612,0.04081632653061224,0.5,0.9732875422740107,1.039873833611705,0.03160714655115478
shrink_1000000,EID2,True,-0.007071240285985082,0.08605288514767948,-0.08217319237873069,12.61771721006223,146.6274743538042,4,0.0,0.0,,0.9992309917287351,,0.008193146108821575
shrink_1000000,UQCRQ,True,-0.005376974685329268,0.08931731767811742,-0.060200807918424734,14.719553215000984,164.80066349559945,48,0.0,0.0,,0.9963240064688305,1.0207065586456212,0.003990517784006529
shrink_1000000,ZNF426,True,0.00710837617014292,0.07260368775067264,0.09790654428675442,11.62354942191202,160.0958543845362,3,0.0,0.0,,0.9999980025944518,,0.009802136296623824
shrink_1000000,BIRC2,True,0.005763832751953825,0.06987868706774379,0.08248341509859919,11.37041823970106,162.71654086285315,75,0.02666666666666667,0.02666666666666667,1.0,0.9721711847746257,0.9425922443708014,0.007680907283972286
shrink_1000000,PLCB3,True,0.01678452413903373,0.07854967069230617,0.2136803883593843,12.652766872134777,161.07982071240048,2,0.0,0.0,,0.9993167380700697,,0.006085761029362871
shrink_1000000,TFAM,True,0.011701564343539772,0.07469093624087962,0.15666645690183903,12.815547757746991,171.5810298108544,98,0.09183673469387756,0.09183673469387756,1.0,0.9542418686407038,0.8809100471875184,0.047505710292988994
shrink_1000000,PMS1,True,0.0005017116972478767,0.07714466878545997,0.006503517419241783,12.534762957032534,162.4838521491592,1,0.0,0.0,,0.9984911644487787,,0.009967738905316832
shrink_1000000,ZNF286A,True,0.010062112135081054,0.07723824295254737,0.1302737057504387,12.467712996154537,161.4189101092614,2,0.0,0.0,,0.9999998748511725,,0.003882058661935333
shrink_1000000,GSK3B,True,0.009612140441322628,0.10146102755943866,0.09473726683569779,15.33887994048739,151.18001768217312,217,0.027649769585253458,0.041474654377880185,0.6666666666666666,0.9707554646382576,0.9707034317363086,0.032408839903205255
shrink_1000000,LRPPRC,True,0.00714861149023414,0.08020737838699243,0.08912660697801164,13.887146445014928,173.14051056513605,98,0.08163265306122448,0.08163265306122448,1.0,0.9646008967357715,0.8738838576827668,0.04408009067348246
shrink_1000000,CASP3,True,0.023423871875287355,0.07852293085351571,0.2983061332616903,12.010365999772572,152.953613284989,417,0.03597122302158273,0.05275779376498801,0.6818181818181818,0.9361751409747292,0.9759330271685559,0.007101540243799491
shrink_1000000,MAST2,True,-0.0032662489723573056,0.07781981673163815,-0.041971943773922965,12.229090794928196,157.14622969494067,0,,,,,,0.006706695180456391
shrink_1000000,HAT1,True,-0.007323092801135534,0.07067931977828168,-0.1036101199630641,11.263524264833675,159.36096018137866,29,0.0,0.0,,0.9985409717768706,1.028297380187475,0.00857249933846368
shrink_1000000,MAU2,True,-0.002519417816637448,0.1137971144501773,-0.022139558009096096,16.820449267812023,147.81085925668492,902,0.05543237250554324,0.0787139689578714,0.704225352112676,0.9350939070647669,0.9744348439033554,0.017816137756613084
shrink_1000000,SMARCA4,True,0.02116688113259201,0.08977953578354606,0.23576509889318534,13.64973773104551,152.0361807612187,2229,0.0924181247196052,0.15388066397487662,0.6005830903790087,0.8337974740595508,0.9894319122635322,0.005699781721342573
shrink_1000000,TWF2,True,0.013217670357736628,0.06579362169040667,0.2008959230110886,10.912069841562039,165.85300461052321,4,0.0,0.0,,0.9999945258203298,,0.012965461440044493
shrink_1000000,IRF3,True,0.0087350181057658,0.06471230526030822,0.1349823355948886,10.242671086485908,158.28011450502797,4,0.25,0.25,1.0,0.9871580031841779,,0.004735144279227803
shrink_1000000,MKI67,True,0.004478663050256989,0.07599572079665981,0.05893309522309098,11.6760849064622,153.6413469608856,5,0.0,0.0,,0.9999807595026652,,0.0110228246278629
shrink_1000000,AKT2,True,0.0033358256629058853,0.08488024470995005,0.039300377541381486,14.242724532327657,167.79787312109457,50,0.02,0.02,1.0,0.9915638636672194,0.9391426882307401,0.02905677417583697
shrink_1000000,SSBP1,True,0.005644590039284805,0.09020068540351467,0.06257812802678397,13.45951108069019,149.2173925339789,59,0.11864406779661017,0.11864406779661017,1.0,0.9589497318638757,0.8149841317094816,0.04365743607335225
shrink_1000000,PHF14,True,0.0035687735993628674,0.0795537025606047,0.04485993089566315,12.705921753258908,159.71502701058353,24,0.0,0.0,,0.9996899837163872,1.0064879789306023,0.005914710216152912
shrink_1000000,DNMT1,True,0.056273269967575444,0.1759034020943473,0.3199100716505346,19.80617743984009,112.59689809306178,1279,0.0875684128225176,0.127443315089914,0.6871165644171779,0.8322030426131874,0.9625243198403834,0.03729118984077866
shrink_1000000,TMSB10,True,0.036094121580171015,0.0752705485611959,0.47952515652022976,11.59765563916208,154.07959501893413,263,0.12927756653992395,0.13307984790874525,0.9714285714285714,0.8834105609546518,0.9036193804160509,0.01371700616391421
shrink_1000000,CLDN6,True,0.00797892785814136,0.0766034064652106,0.10415891702890506,12.487610864285912,163.0163910524939,4,0.0,0.0,,0.9997494612170235,,0.0013429537997743531
shrink_1000000,DLG5,True,0.024890194413622804,0.07981501786961866,0.3118485101924306,11.945968901645408,149.67069131224994,85,0.047058823529411764,0.058823529411764705,0.8,0.9793922400330212,0.9393666597363959,0.015909358976597416
shrink_1000000,NDUFB6,True,0.009903475063672954,0.0626198875519116,0.158152233273543,10.370573953759344,165.61150712961893,12,0.08333333333333333,0.08333333333333333,1.0,0.9975302531923326,0.9086540597961948,0.02420830300931018
shrink_1000000,STAT6,True,-0.0030551267923192003,0.07441107576487464,-0.04105742002672883,11.366933622309821,152.75862504968006,73,0.0,0.0,,0.9971210256837342,0.9917387711830238,0.0028426993171951657
shrink_1000000,ZNF714,True,-0.005474788226354453,0.08341349627526,-0.06563432143268456,12.56623370178148,150.64988596465963,8,0.125,0.125,1.0,0.9947427049582585,,0.008288641561201087
shrink_1000000,SAFB,True,-0.009949493406595808,0.08560400027752448,-0.11622696806621163,13.600900153180305,158.88159559234117,165,0.024242424242424242,0.024242424242424242,1.0,0.9853097907587552,0.9564555830263279,0.007937829510380419
shrink_1000000,SOX2,True,-0.00043690905908776027,0.040682411788592825,-0.010739507317269416,6.72351105599477,165.26825132525732,1156,0.03633217993079585,0.07179930795847751,0.5060240963855421,0.9339112492732491,1.0005188796944742,0.003759803880226696
shrink_1000000,SLC25A3,True,-0.0007377065110835245,0.07401876971674375,-0.009966478960763494,12.30171948448561,166.19729740931973,21,0.0,0.0,,0.9992729211512407,0.9939244143416335,0.010595411078561738
shrink_1000000,ZNF593,True,-0.006060941532996508,0.06812645064909556,-0.0889660546711158,10.815101733211899,158.75040648922283,21,0.0,0.0,,0.9996933763471781,0.9980096680795153,0.0032578779697658897
shrink_1000000,RAF1,True,-0.0033256474601164603,0.07685333928741452,-0.04327264749914474,12.652441113678302,164.63098716323785,38,0.0,0.0,,0.9968756573553484,0.9690110368759218,0.0015018434544391305
shrink_1000000,METTL17,True,-0.00430092603030603,0.07890255166352073,-0.05450934018772033,12.348710517256423,156.5058449556536,81,0.024691358024691357,0.024691358024691357,1.0,0.989253888954704,0.9549357191972133,0.01962695658992395
shrink_1000000,IKBKG,True,-0.005796342898864114,0.07697377230816638,-0.07530283010761527,11.815596739033461,153.50159391603455,12,0.0,0.0,,0.9998358710596745,1.0032954258138853,0.005106065574970294
shrink_1000000,SMAGP,True,0.037759055155118765,0.07422482654512985,0.5087119352466344,11.281153715314865,151.98625905115114,79,0.06329113924050633,0.06329113924050633,1.0,0.9695100495816911,0.943093805665843,0.010215092966343415
shrink_1000000,MAP1B,True,0.005227441244316136,0.07146136285194941,0.07315059545038519,11.615497210238154,162.5423410172381,3,0.3333333333333333,0.3333333333333333,1.0,0.9944408514295017,,0.003848430824900254
shrink_1000000,TAZ,True,0.0009647849132142454,0.0918968662587099,0.010498561621221814,14.497154202884342,157.75460897732535,22,0.0,0.0,,0.993921391626643,0.8791033217893272,0.020112047772147583
shrink_1000000,OXCT1,True,0.02587202276305107,0.08070308109039422,0.32058283789775305,12.638203482180144,156.60125129577514,129,0.13953488372093023,0.13953488372093023,1.0,0.8509314559256341,0.8563152991737117,0.005041817374331461
shrink_1000000,WSB2,True,-0.00705937877181115,0.08279662706885206,-0.08526167093667607,12.474370576468989,150.66278685598564,106,0.03773584905660377,0.03773584905660377,1.0,0.9867579490592119,0.9667945821737302,0.002103762869983042
shrink_1000000,C1QBP,True,0.001265201492204558,0.08828973233654606,0.014330109048035349,13.963175103449585,158.15174351445802,66,0.030303030303030304,0.045454545454545456,0.6666666666666666,0.991385890456805,0.9728481728196167,0.0033241036452789988
shrink_1000000,CALM3,True,-0.0010336250906138572,0.08236824454249839,-0.012548829908358096,12.53211031201358,152.14735219405537,1,0.0,0.0,,0.9981403772691273,,0.00242687316290784
shrink_1000000,SIX4,True,-0.009340942813742543,0.06711056166474662,-0.13918737352259963,11.372732943098985,169.46263987346595,25,0.04,0.04,1.0,0.9948638634006075,0.9481756212178184,0.0029675406094260537
shrink_1000000,RRM1,True,-0.002818869052145221,0.08825855295278476,-0.03193876352871112,14.095757928816266,159.709823662722,5,0.0,0.0,,0.9990485578256654,,0.009980664620831057
shrink_1000000,MBTPS1,True,0.016169723781336562,0.07331135740034726,0.2205623296951799,12.994639279702314,177.25274419268575,384,0.08333333333333333,0.08854166666666667,0.9411764705882353,0.9339936265433553,0.9440211039403078,0.004983219575500524
shrink_1000000,RAB3B,False,-0.005975628519157901,0.01138039920468346,-0.5250807473167292,1.8355461228045264,161.29013488816196,0,,,,,,0.000346273273307561
shrink_1000000,XRCC4,True,-0.00323050197635537,0.0735998430732591,-0.04389278348242977,11.419657131606025,155.158715763011,14,0.07142857142857142,0.07142857142857142,1.0,0.9873941947934923,0.8856718437549679,0.004173512985461489
shrink_1000000,TRAPPC6A,True,0.0063935377377219195,0.08633273580425649,0.07405693423428726,13.542660368036463,156.86587760570848,230,0.04782608695652174,0.04782608695652174,1.0,0.9690817468796153,0.9602422389176837,0.010300347022084473
shrink_1000000,SIN3B,True,0.03217749513413551,0.09623234781534698,0.33437296153138113,13.823934669975559,143.65164088588244,1161,0.07493540051679587,0.09991386735572783,0.75,0.8987522050791622,0.9675890064373801,0.012656247166302849
shrink_1000000,SV2A,False,-0.013827400400683532,0.011999530224450619,-1.1523284780356138,1.8374612433004527,153.12776491502842,18,0.0,0.0,,0.9982459954911952,1.0013636358333746,0.0003702112179846156
shrink_1000000,EWSR1,True,0.014071744175284734,0.08848475525245601,0.15903015310531873,13.100535365432096,148.05415156605153,178,0.02247191011235955,0.02247191011235955,1.0,0.9862335851573565,0.9626436052889259,0.007408907450148634
shrink_1000000,TXNDC9,True,-0.01210173464265228,0.07865898974559948,-0.1538506238357746,11.770223773587443,149.63609133113636,24,0.0,0.0,,0.9992268741047677,1.0023795912050453,0.003600632202288533
shrink_1000000,TMBIM6,True,0.005471516687168138,0.07832108835485939,0.0698600696453251,12.15999706371152,155.25827486738518,6,0.16666666666666666,0.16666666666666666,1.0,0.9958424148328084,,0.008095691196266235
shrink_1000000,METTL3,True,0.06565189987353634,0.09038126818028275,0.726388345675578,14.66164532034335,162.2199557003105,2926,0.23581681476418317,0.2826384142173616,0.8343409915356711,0.6728349689080968,0.9336996003893975,0.001215611257026088
shrink_1000000,METTL14,True,0.08030660403489069,0.10625930057776689,0.7557607061051331,16.55369303939114,155.7858272112017,3008,0.24335106382978725,0.2902260638297872,0.8384879725085911,0.6530314211652928,0.9244101145458891,0.012682193705157064
shrink_1000000,MED24,True,0.018706253696840036,0.09023920560224703,0.20729630288738088,14.661327373990352,162.47181340019768,647,0.03709428129829984,0.04945904173106646,0.75,0.9577897742735517,0.9840203561600512,0.0234788696281478
shrink_1000000,ATM,True,0.008650307474029229,0.08883073858663232,0.09737966397288254,12.365119338780174,139.1986550547598,76,0.0,0.0,,0.9963967497153177,0.9848548278801295,0.004206474479675569
shrink_1000000,PHF10,True,-0.01521074268846587,0.09291241071728266,-0.16371055891284195,15.818555078951947,170.25233719406157,120,0.06666666666666667,0.075,0.8888888888888888,0.9657939011718688,0.9101435705297442,0.041946840507814734
shrink_1000000,DZIP3,False,-0.009012947368670978,0.012093410618493962,-0.7452775443585652,1.827846530727485,151.1440063014344,1,0.0,0.0,,0.9999999100528437,,0.0004162920930250093
shrink_1000000,ZNF562,True,-0.0002504774370147679,0.07668643854437458,-0.003266254656875599,12.533973482699166,163.44445928919214,10,0.0,0.0,,0.999636820248327,0.9631681008067339,0.0022053261660286076
shrink_1000000,MED1,True,-0.001866945514092983,0.08177123931085897,-0.022831322232938916,14.686985220373357,179.61064726608552,302,0.0,0.006622516556291391,0.0,0.9899637503902278,0.9771977581355529,0.021921169307881724
shrink_1000000_stable_2of3,TMSB4X,True,-0.0039285160388091425,0.0703847680243199,-0.05581486092916767,11.033393945832673,156.75826255505066,0,,,,,,0.007705682694639438
shrink_1000000_stable_2of3,PRCP,True,0.013237858597115947,0.064570687082711,0.20501343868556143,9.382405331923458,145.30440600554837,6,0.16666666666666666,0.16666666666666666,1.0,0.975687830009066,,0.006467867568798668
shrink_1000000_stable_2of3,TADA1,True,0.01816866864147299,0.08646541819936414,0.2101264183974837,13.10784201236245,151.59635245318046,533,0.020637898686679174,0.043151969981238276,0.4782608695652174,0.9489091148354973,0.9849909122387331,0.03241607289241083
shrink_1000000_stable_2of3,HIRA,True,0.0005585006906486762,0.06691235014458598,0.008346750479423504,10.07359926318116,150.54917726568954,32,0.0,0.0,,0.9980941959779832,0.9881473819045284,0.006274847921248499
shrink_1000000_stable_2of3,IGF2R,True,0.0014071169214564738,0.06879126714402596,0.02045487719408396,10.440604093167947,151.77223107852927,6,0.0,0.0,,0.9972941974462554,,0.009653111461136434
shrink_1000000_stable_2of3,NCK2,True,0.007763827198977722,0.05896217724823628,0.13167470336604573,9.972685979762195,169.13700350270742,2,0.5,0.5,1.0,0.9902865438993493,,0.006904625256525191
shrink_1000000_stable_2of3,MED13,True,0.005258586863609661,0.0696416796545286,0.07550919061251721,11.465589291742438,164.6368862528844,113,0.0,0.008849557522123894,0.0,0.9946005314920634,1.0051886861853356,0.010660989292889072
shrink_1000000_stable_2of3,MED12,True,-0.012821526696226502,0.169546648772973,-0.07562241299970979,29.312926850054087,172.89003977486334,68,0.0,0.0,,0.9967177369222195,0.9652409829035589,0.09284906514704237
shrink_1000000_stable_2of3,STAT1,True,0.015721100526374564,0.07253339004860518,0.21674294439898278,11.604570407944385,159.98935662827938,8,0.25,0.25,1.0,0.9856048149224449,,0.008330265721654672
shrink_1000000_stable_2of3,USP22,True,-0.014383591281452668,0.07616736101772795,-0.18884192768743674,11.414347593478192,149.85877731567336,21,0.0,0.0,,0.9998111887507223,0.9846349816388991,0.010621494100855113
shrink_1000000_stable_2of3,MED13L,True,-0.005210709425671612,0.07663284267690963,-0.06799577366117542,13.117332520346213,171.1711592854511,16,0.0,0.0,,0.9999007799241367,1.0029636762808756,0.015592504283707157
shrink_1000000_stable_2of3,TET1,True,0.012199326573204099,0.07108193683425938,0.1716234407293807,11.677739461465459,164.28561152876654,46,0.0,0.021739130434782608,0.0,0.9973631804521429,1.0023966050257564,0.01361135444010089
shrink_1000000_stable_2of3,KIF1B,True,0.005334284360511901,0.06070327426664896,0.08787473863568204,9.921020149914817,163.4346790971296,2,0.0,0.0,,0.9999985462972063,,0.00874450558990133
shrink_1000000_stable_2of3,SRC,False,0.006755100871366722,0.010613061354530433,0.6364893828191381,1.7100265410688404,161.1247201863085,6,0.0,0.0,,0.9991774768400247,,0.0013906162416892783
shrink_1000000_stable_2of3,PBX1,True,0.01776730886919366,0.06667882008128717,0.2664610568623409,10.396812584577853,155.92376367643055,5,0.0,0.0,,0.9999998056695765,,0.002799400802097344
shrink_1000000_stable_2of3,CAST,True,0.00148443552511975,0.07413169626807325,0.02002430269168225,12.335705408198871,166.4025785082644,38,0.07894736842105263,0.13157894736842105,0.6,0.9770841215765178,0.9538433022810582,0.024670632755014937
shrink_1000000_stable_2of3,IDE,True,-0.00010136931933691185,0.0640646332627109,-0.001582297660570771,10.028443664494192,156.53634702582917,0,,,,,,0.005961661193771735
shrink_1000000_stable_2of3,MAPKAPK2,True,-0.004542529814572154,0.07498768192966858,-0.06057701341978568,11.745981401790045,156.63881186254932,5,0.0,0.0,,0.9995032303825725,,0.0015758673774673034
shrink_1000000_stable_2of3,PTPN1,True,0.004260187457404058,0.17481729973023727,0.024369369987855927,25.719492445229267,147.12212398267982,2,0.0,0.0,,0.9998969878566901,,0.07271911725670475
shrink_1000000_stable_2of3,KDM2B,True,0.007996913601088833,0.05453501346852193,0.1466381521241343,9.658072233505585,177.0985577748194,44,0.0,0.0,,0.9956488885833362,0.9914042315174543,0.001604375855063584
shrink_1000000_stable_2of3,ATP1B1,False,-0.0027541130070160946,0.011181744901112248,-0.24630440341579812,1.7169191978080698,153.54662559304924,2,0.0,0.0,,0.9999989041805246,,0.0013827082487649865
shrink_1000000_stable_2of3,KAT2A,True,0.007420279172446909,0.07821287255163165,0.09487286338381788,11.966266605017406,152.99612729500458,738,0.02710027100271003,0.05013550135501355,0.5405405405405406,0.9497019914665097,1.0052436620735896,0.020965567893221404
shrink_1000000_stable_2of3,NISCH,True,-0.0025469142027445854,0.06071138227627397,-0.041951181265393794,9.337045720742635,153.7939900339175,6,0.16666666666666666,0.16666666666666666,1.0,0.9769459452948499,,0.0007236457355249539
shrink_1000000_stable_2of3,KDR,False,-0.01086625808912464,0.010431815118378927,-1.0416459614952631,1.712313723088076,164.14341163612997,7,0.0,0.0,,0.9992183476026747,,0.0014053089568887246
shrink_1000000_stable_2of3,WFS1,False,-0.004559713997560314,0.011120395442608327,-0.4100316415088579,1.712326494258892,153.98071975912217,4,0.0,0.0,,0.9987029303919875,,0.0014152981246027152
shrink_1000000_stable_2of3,TARBP2,True,-0.006849172196140197,0.07696991905833424,-0.08898505130230579,11.748722544393548,152.64044302150538,4,0.0,0.0,,0.9988741381708928,,0.004161578439351099
shrink_1000000_stable_2of3,MAP3K7,True,-0.011935087436697871,0.07195184339070244,-0.16587604812137605,11.131369641813432,154.7058298613628,1,0.0,0.0,,0.9999996150105203,,0.007146637738232838
shrink_1000000_stable_2of3,HMGN1,True,-0.0025472056704773853,0.06454863336634024,-0.03946180635647137,10.829484750348287,167.77248696942155,3,0.0,0.0,,0.9999993079024716,,0.0055651327973544286
shrink_1000000_stable_2of3,TSC22D4,True,0.0025103048189565455,0.0653483466837682,0.03841420550552471,10.418306916419533,159.42724560172118,3,0.3333333333333333,0.3333333333333333,1.0,0.977100803513814,,0.016449481214189703
shrink_1000000_stable_2of3,FOXH1,True,0.005351387885266774,0.0620695758157368,0.08621595709229916,10.10932276300344,162.8708208513385,32,0.0,0.0,,0.9978799836856859,0.9985792637331605,0.008850160267995628
shrink_1000000_stable_2of3,PAGR1,True,-0.0017508065944617736,0.06765224027294259,-0.025879506538115427,10.727027511216583,158.56130510886928,18,0.0,0.0,,0.9988828380956395,0.9701732647158093,0.0008239255511823375
shrink_1000000_stable_2of3,KLF10,True,-0.003199794289874677,0.054139162575667366,-0.059103136022883584,8.409914137559124,155.33882936968305,15,0.0,0.0,,0.9990957107135815,0.9939870809983792,0.0028534703924201856
shrink_1000000_stable_2of3,POLB,True,-0.005788711896639088,0.07707023364450129,-0.07510956724668102,11.863681513619483,153.9333793685199,3,0.0,0.0,,0.997006708636859,,0.0016832603129380344
shrink_1000000_stable_2of3,RNF2,True,0.011545213124225505,0.07830379890228271,0.1474412900277427,11.641314589812762,148.66857997962848,377,0.013262599469496022,0.015915119363395226,0.8333333333333334,0.982059257527215,0.9970829165783924,0.0009639565241010527
shrink_1000000_stable_2of3,SMARCA5,True,0.00895604586875873,0.09256382401935126,0.09675535732929952,14.263933347394008,154.09835860294635,953,0.04197271773347324,0.06925498426023086,0.6060606060606061,0.9269706769400081,0.9910883263930336,0.011151365787397016
shrink_1000000_stable_2of3,ACAT2,True,0.006617792087839619,0.0838668022713439,0.07890836312595198,11.936668703892012,142.32888795821663,313,0.05750798722044728,0.06389776357827476,0.9,0.9516636997137892,0.9471338319091868,0.001042293768832977
shrink_1000000_stable_2of3,TRAM2,True,0.00047092158216026597,0.06927371485067699,0.0067979836677643365,10.551160514055486,152.31116934899546,1,0.0,0.0,,0.999999141520433,,0.00971335035961031
shrink_1000000_stable_2of3,CAMSAP2,False,-0.006471641141733839,0.009497818836247863,-0.6813818260077992,1.7096084004813736,180.000106335652,2,0.0,0.0,,0.9999988070407116,,0.0013993574153649793
shrink_1000000_stable_2of3,CDCA2,True,0.01630643043472898,0.07818271693026659,0.20856822421857188,11.790839635424685,150.8113314345583,8,0.125,0.125,1.0,0.9917805755771973,,0.005152702738654036
shrink_1000000_stable_2of3,CREG1,True,0.012879330596568832,0.06384846969374089,0.20171713838008246,10.164639823122888,159.19942751767056,4,0.0,0.0,,0.9998243893760234,,0.007429317469808139
shrink_1000000_stable_2of3,CASP2,True,0.0015535944014829469,0.075302408737378,0.020631403796141604,11.534568738624042,153.17662385610524,2,0.0,0.0,,0.9999999999486487,,0.0007729861884959745
shrink_1000000_stable_2of3,UBE3C,True,-0.02150433456470125,0.0901423870968476,-0.23855963057198967,14.634683491418798,162.35074267220722,37,0.10810810810810811,0.10810810810810811,1.0,0.9718334549303967,0.8801976563237074,0.043065788369414555
shrink_1000000_stable_2of3,EIF4B,True,0.029338975785593392,0.0780855081821713,0.375728819195828,12.232443326548697,156.6544626694463,124,0.016129032258064516,0.016129032258064516,1.0,0.9890602186366281,0.9736313209338172,0.017739113990444495
shrink_1000000_stable_2of3,STAG2,True,0.008014780918384394,0.07396936379352399,0.1083527085721141,12.504365401262408,169.04789712896198,453,0.02207505518763797,0.02869757174392936,0.7692307692307693,0.9722571436755165,0.9815972135739647,0.027221486772987972
shrink_1000000_stable_2of3,HMGB2,True,0.009368043542522164,0.06598508073568382,0.1419721464015131,10.45225690911647,158.4033359144476,26,0.07692307692307693,0.07692307692307693,1.0,0.9787303870403254,0.8978494485374119,0.00819724356316739
shrink_1000000_stable_2of3,TGFBR2,False,-0.009557107866178494,0.010442546874323612,-0.9152085196455035,1.7147397934992803,164.20704777639295,260,0.019230769230769232,0.023076923076923078,0.8333333333333334,0.9848019479574396,0.998047822229364,0.001403588057127619
shrink_1000000_stable_2of3,ANTXR1,False,-0.014024921154455534,0.010375701047811622,-1.3517082932351432,1.7153570667886697,165.32444977782606,2,0.0,0.0,,0.9999987620673411,,0.0013831084178875016
shrink_1000000_stable_2of3,MTA1,True,0.01591845811319463,0.07818502040746465,0.20359984598373054,11.67153665355481,149.28098237652284,28,0.17857142857142858,0.17857142857142858,1.0,0.9586109199388295,0.8394361016248498,0.0023664023955032405
shrink_1000000_stable_2of3,DHCR24,True,0.01823313015366598,0.07849062276413207,0.23229692301534383,11.1382387452254,141.90534299487368,32,0.0,0.0,,0.9971272914318072,0.9430036549648638,0.007527334381833665
shrink_1000000_stable_2of3,NDUFB4,True,-0.012642462260610512,0.06685469480687926,-0.1891035819867301,11.854213140640828,177.313099325091,17,0.058823529411764705,0.058823529411764705,1.0,0.9922281708114028,0.8942576154388566,0.02846232073078433
shrink_1000000_stable_2of3,ACVR1B,True,0.010009144109882913,0.06447338971410307,0.1552445769373514,10.832505995905082,168.01514615471743,25,0.04,0.04,1.0,0.9925314236403586,0.9588327223862456,0.005376501483706529
shrink_1000000_stable_2of3,DHX36,True,0.052757692850208926,0.11242359441030203,0.46927598363083856,17.099564411687805,152.09942807273268,1387,0.16870944484498918,0.18240807498197548,0.924901185770751,0.8012504237112931,0.9109906461096516,0.025201238835674857
shrink_1000000_stable_2of3,LZTR1,True,0.00656258751979565,0.09572250687470729,0.0685584585492054,14.846288826880713,155.09715856390238,191,0.03664921465968586,0.04712041884816754,0.7777777777777778,0.9545150923857928,0.958464252282703,0.009738869718815353
shrink_1000000_stable_2of3,INSIG1,True,-0.006232438926854597,0.08614645632742958,-0.07234701452101576,12.864148046765669,149.32881275894854,219,0.0410958904109589,0.0410958904109589,1.0,0.9593748715258165,0.9658167413103796,0.012216746691977412
shrink_1000000_stable_2of3,LAD1,False,0.003676742341352934,0.01132229619527379,0.32473468967255054,1.7106816554390063,151.0896399400934,2,0.0,0.0,,0.9998665635191634,,0.0014463424896182177
shrink_1000000_stable_2of3,TCF3,True,0.01079405921954454,0.09153678537912023,0.11792045323460412,13.00810383597412,142.10793815948557,6,0.0,0.0,,0.999998731164197,,0.0064931888738640545
shrink_1000000_stable_2of3,DAXX,True,-0.0025143489475263326,0.06936248418635556,-0.03624940739969829,11.109983883127633,160.1728083048257,28,0.03571428571428571,0.03571428571428571,1.0,0.9965629642319354,0.9725338559204253,0.014803472769545174
shrink_1000000_stable_2of3,CLDN7,True,0.0068999072896941465,0.07334633127478239,0.09407297092808298,11.62622643871022,158.51135614614574,7,0.0,0.0,,0.9999937594669255,,0.010967348538688174
shrink_1000000_stable_2of3,NIT1,True,-0.003573341345668251,0.06434986792521688,-0.05552989401347256,10.429793091007085,162.07947937248127,143,0.013986013986013986,0.013986013986013986,1.0,0.9895024482976778,0.9896825834890656,0.0023306375963830592
shrink_1000000_stable_2of3,PRR12,True,0.01605739145974382,0.07383323414147114,0.21748189208367075,12.046296174509072,163.1554721201469,105,0.01904761904761905,0.01904761904761905,1.0,0.9861807416190044,0.9670962504603783,0.0044901417632142665
shrink_1000000_stable_2of3,ARID1A,True,0.013509242845973391,0.08013577322091703,0.16857942842494733,12.643970293970552,157.78184680534443,220,0.013636363636363636,0.031818181818181815,0.42857142857142855,0.9652245136370251,0.9948678850103508,0.016819982785178295
shrink_1000000_stable_2of3,STX4,True,0.0053136484283845655,0.07266215194767406,0.07312814561576794,11.615345928457838,159.85414162826277,19,0.0,0.0,,0.9989731773575791,0.9914970293913813,0.00677273414982307
shrink_1000000_stable_2of3,CENPO,True,0.003598719047889036,0.0716789805271009,0.05020605791858894,10.883708477090813,151.83961039981344,5,0.2,0.2,1.0,0.9922434933489911,,0.007191662652094617
shrink_1000000_stable_2of3,NRAS,True,0.01743043923915008,0.07262487899332151,0.2400064479384945,10.643547089621485,146.55510944948014,5,0.2,0.2,1.0,0.9898424266564007,,0.0009137803025582418
shrink_1000000_stable_2of3,CHMP3,True,0.008389612276868397,0.1174913930968885,0.07140618606802933,16.620647999721754,141.46268557745032,98,0.02040816326530612,0.04081632653061224,0.5,0.9713143423682407,1.0405921677814556,0.029030803038465565
shrink_1000000_stable_2of3,EID2,True,-0.00631969071833448,0.08007782041365133,-0.07891936475904787,11.741608559011198,146.6274743538042,4,0.0,0.0,,0.9991165427686914,,0.00803048931171208
shrink_1000000_stable_2of3,UQCRQ,True,-0.005579102595377494,0.08555764741159516,-0.06520869570592457,14.09995706055344,164.80066349559945,48,0.0,0.0,,0.9960487498045348,1.0225648822968225,0.002438154635325201
shrink_1000000_stable_2of3,ZNF426,True,0.00520251282895174,0.06775150704476908,0.07678814916270432,10.84673540617223,160.0958543845362,3,0.0,0.0,,0.999997967345314,,0.009179791156302356
shrink_1000000_stable_2of3,BIRC2,True,0.006824718060020121,0.06585982632776594,0.10362490216805931,10.716483121882337,162.71654086285315,75,0.02666666666666667,0.02666666666666667,1.0,0.9690650577271204,0.9424837438978012,0.00789430804854178
shrink_1000000_stable_2of3,PLCB3,True,0.01685128621628386,0.07330438209194852,0.22988102123481022,11.807856724804367,161.07982071240048,2,0.0,0.0,,0.9996640654811316,,0.0032034009894785194
shrink_1000000_stable_2of3,TFAM,True,0.012993897517524689,0.07117252524091783,0.18256901063353537,12.211855175075709,171.5810298108544,98,0.09183673469387756,0.09183673469387756,1.0,0.9501515954472786,0.8856923258286735,0.04246020016263384
shrink_1000000_stable_2of3,PMS1,True,0.000738776563418719,0.07183959626178531,0.010283695926221503,11.672774337455213,162.4838521491592,1,0.0,0.0,,0.9982712170808759,,0.01119371993409055
shrink_1000000_stable_2of3,ZNF286A,True,0.009117196968936666,0.0721209588855103,0.12641535983194457,11.641686579333925,161.4189101092614,2,0.0,0.0,,0.9999999677970032,,0.002008930318647209
shrink_1000000_stable_2of3,GSK3B,True,0.00993178779597054,0.09846050762120129,0.10087077586660695,14.885261283168951,151.18001768217312,217,0.027649769585253458,0.041474654377880185,0.6666666666666666,0.9695689788938654,0.9724298693269279,0.02972297029809586
shrink_1000000_stable_2of3,LRPPRC,True,0.00752606990850508,0.07693213372709277,0.09782739076499401,13.320068912374166,173.14051056513605,98,0.08163265306122448,0.08163265306122448,1.0,0.9617851864080978,0.879139279727765,0.03926177633479949
shrink_1000000_stable_2of3,CASP3,True,0.02246280501113512,0.07388672939712822,0.30401677262504717,11.301242235100977,152.953613284989,417,0.03597122302158273,0.05275779376498801,0.6818181818181818,0.9300990408583811,0.9770705687179243,0.007125613148821142
shrink_1000000_stable_2of3,MAST2,True,0.0007079903182859509,0.07228242375599327,0.00979477833609928,11.358910366466354,157.14622969494067,0,,,,,,0.005006426289150658
shrink_1000000_stable_2of3,HAT1,True,-0.004687534778417168,0.0658542296041336,-0.07118046641187852,10.494593261719704,159.36096018137866,29,0.0,0.0,,0.9983746699017677,1.0293408824408905,0.004229765225394798
shrink_1000000_stable_2of3,MAU2,True,-0.004347185540017906,0.10587686998943122,-0.04105887849208093,15.649751128546145,147.81085925668492,902,0.05321507760532151,0.07649667405764966,0.6956521739130435,0.934180910375677,0.9746656213288706,0.015398914825369465
shrink_1000000_stable_2of3,SMARCA4,True,0.021095763617921714,0.0847007914463291,0.24906217825944527,12.877584838952377,152.0361807612187,2229,0.08793180798564379,0.1471511888739345,0.5975609756097561,0.8326140836272388,0.9909946972544346,0.006515908919712687
shrink_1000000_stable_2of3,TWF2,True,0.010703218316938596,0.06179532700179132,0.17320433172282318,10.248940654136886,165.85300461052321,4,0.0,0.0,,0.999994897523206,,0.011646809962982918
shrink_1000000_stable_2of3,IRF3,True,0.00497303939753237,0.060315604807141286,0.08245029480237541,9.546760835314338,158.28011450502797,4,0.25,0.25,1.0,0.9852569284216536,,0.0031444351835797444
shrink_1000000_stable_2of3,MKI67,True,0.003917129903330368,0.07124502015873703,0.054981104568471335,10.946180861443805,153.6413469608856,5,0.0,0.0,,0.999995786563279,,0.010236983151112036
shrink_1000000_stable_2of3,AKT2,True,0.0009914728536755172,0.08103860651948225,0.012234574312888265,13.59810581466639,167.79787312109457,50,0.02,0.02,1.0,0.9909250261125471,0.9439829060911986,0.02306706517830667
shrink_1000000_stable_2of3,SSBP1,True,0.002330986539003987,0.08669412197508115,0.02688748078761317,12.93627082914433,149.2173925339789,59,0.11864406779661017,0.11864406779661017,1.0,0.9554490810056623,0.8185300435468165,0.03914954805498232
shrink_1000000_stable_2of3,PHF14,True,0.0019100744289651493,0.0747522735267889,0.025552058002364812,11.939061385433616,159.71502701058353,24,0.0,0.0,,0.9996816160235101,1.0105350259874613,0.006432653009287135
shrink_1000000_stable_2of3,DNMT1,True,0.05652266879622172,0.17421168747560503,0.3244482021571407,19.615695621311026,112.59689809306178,1279,0.0875684128225176,0.127443315089914,0.6871165644171779,0.8301264444690436,0.9640274890749283,0.036127917965163306
shrink_1000000_stable_2of3,TMSB10,True,0.03418714192690577,0.07221888905507272,0.47338227400362426,11.127457178322938,154.07959501893413,263,0.12927756653992395,0.13307984790874525,0.9714285714285714,0.8736292978072958,0.9060719244868605,0.01256241585747835
shrink_1000000_stable_2of3,CLDN6,True,0.007496846806287468,0.07101607656487438,0.10556548839246242,11.576784508313409,163.0163910524939,4,0.0,0.0,,0.9997028465746196,,0.0021929739686119653
shrink_1000000_stable_2of3,DLG5,True,0.022777214980220093,0.0748858291511261,0.3041592146126031,11.208213818540083,149.67069131224994,85,0.047058823529411764,0.058823529411764705,0.8,0.9767281988327213,0.9417301995027444,0.013461426730358505
shrink_1000000_stable_2of3,NDUFB6,True,0.011427302436857148,0.05910340129721892,0.19334424391908644,9.7882033653191,165.61150712961893,12,0.08333333333333333,0.08333333333333333,1.0,0.9972321065614091,0.9093435789654093,0.023117290931981675
shrink_1000000_stable_2of3,STAT6,True,-0.0013925875568656738,0.06883252659557625,-0.020231533342481914,10.514762121435762,152.75862504968006,73,0.0,0.0,,0.9970229688215988,0.9942588739398743,0.005919693743828511
shrink_1000000_stable_2of3,ZNF714,True,-0.007349083668328287,0.07746841116938934,-0.09486555303501802,11.670607308531869,150.64988596465963,8,0.125,0.125,1.0,0.9942563908696987,,0.008621927862501978
shrink_1000000_stable_2of3,SAFB,True,-0.010622477098587097,0.0802728995348419,-0.1323295553062274,12.753886360919383,158.88159559234117,165,0.024242424242424242,0.024242424242424242,1.0,0.9848472404469373,0.9653223309456865,0.00854222636619986
shrink_1000000_stable_2of3,SOX2,True,-0.002181044014843445,0.03631369453106905,-0.06006119848195012,6.001500794309342,165.26825132525732,1156,0.03546712802768166,0.06660899653979238,0.5324675324675324,0.931571226051429,1.0014095377361805,0.006554205704982148
shrink_1000000_stable_2of3,SLC25A3,True,0.0006433696288442285,0.06922197417336931,0.009294297606030169,11.504505028951709,166.19729740931973,21,0.0,0.0,,0.9996111988419287,0.9792131728607186,0.010040589146994799
shrink_1000000_stable_2of3,ZNF593,True,-0.0038741847079473662,0.06376683245966414,-0.06075548303889785,10.123010573501851,158.75040648922283,21,0.0,0.0,,0.9996781404981353,0.9935942718748665,0.0011386577399427793
shrink_1000000_stable_2of3,RAF1,True,-0.00321443904646841,0.07136455685230163,-0.045042513934769,11.748817443061427,164.63098716323785,38,0.0,0.0,,0.9968525840188737,0.9861014695318593,0.002627369649567411
shrink_1000000_stable_2of3,METTL17,True,-0.004036310692793194,0.07492443281019857,-0.05387175506577581,11.726111664783224,156.5058449556536,81,0.024691358024691357,0.024691358024691357,1.0,0.9882235469064291,0.956953753164362,0.019129981727418473
shrink_1000000_stable_2of3,IKBKG,True,-0.0030705404575695843,0.07169153539779406,-0.04282988836174465,11.0047649538492,153.50159391603455,12,0.0,0.0,,0.9998469916016975,1.0091387666217162,0.0051056487486866595
shrink_1000000_stable_2of3,SMAGP,True,0.034594346066008363,0.06975637967165631,0.4959309274484163,10.602011191246808,151.98625905115114,79,0.06329113924050633,0.06329113924050633,1.0,0.9661058626453339,0.9423396293447845,0.008162544154098653
shrink_1000000_stable_2of3,MAP1B,True,0.003148078468271854,0.06657285669507837,0.04728771791619071,10.820907975423152,162.5423410172381,3,0.3333333333333333,0.3333333333333333,1.0,0.9937053047855016,,0.004904252417403427
shrink_1000000_stable_2of3,TAZ,True,0.0026406707002221497,0.08762331446478988,0.030136621929352646,13.822981710690144,157.75460897732535,22,0.0,0.0,,0.9934627579830575,0.8900184171617804,0.016405730903320884
shrink_1000000_stable_2of3,OXCT1,True,0.023909318507303972,0.07706210693177051,0.3102603790533897,12.06802237300409,156.60125129577514,129,0.13953488372093023,0.13953488372093023,1.0,0.8373676793111919,0.8585577425843731,0.0026756438546609294
shrink_1000000_stable_2of3,WSB2,True,-0.0008476490637846411,0.07746455529015629,-0.010942411798655934,11.671025782574533,150.66278685598564,106,0.03773584905660377,0.03773584905660377,1.0,0.9853358134632089,0.9691579978514702,0.002872313704468771
shrink_1000000_stable_2of3,C1QBP,True,0.004581567886667134,0.08513635012358751,0.053814473841271526,13.46446220850271,158.15174351445802,66,0.030303030303030304,0.045454545454545456,0.6666666666666666,0.9907524045692346,0.9710773364732517,0.0020551067249003113
shrink_1000000_stable_2of3,CALM3,True,-0.0054327133038671056,0.0768536679530433,-0.07068905686045368,11.693082085456666,152.14735219405537,1,0.0,0.0,,0.9978809663299367,,0.0016492591882751187
shrink_1000000_stable_2of3,SIX4,True,-0.010839446289406559,0.06250797561638491,-0.17340901193039546,10.592766561098825,169.46263987346595,25,0.04,0.04,1.0,0.9940997539854484,0.9484648283774864,0.003183625904256593
shrink_1000000_stable_2of3,RRM1,True,-0.0036698269534811223,0.08350583542028284,-0.04394695215024163,13.336702249781656,159.709823662722,5,0.0,0.0,,0.998937339652608,,0.010388853576813977
shrink_1000000_stable_2of3,MBTPS1,True,0.02010840098282912,0.06914422215559674,0.2908182398462557,12.256003122148222,177.25274419268575,384,0.08333333333333333,0.08854166666666667,0.9411764705882353,0.9284780144737839,0.9442687854354264,0.005805829178852034
shrink_1000000_stable_2of3,RAB3B,False,-0.0026077669936194216,0.010637280591479744,-0.24515354006062343,1.7156884214429953,161.29013488816196,0,,,,,,0.0013588689117552718
shrink_1000000_stable_2of3,XRCC4,True,-0.004487265110279584,0.06840107003754253,-0.06560226481569234,10.61302218384087,155.158715763011,14,0.07142857142857142,0.07142857142857142,1.0,0.9855078187974315,0.8852791608532571,0.0025218268018465705
shrink_1000000_stable_2of3,TRAPPC6A,True,0.008030337255887832,0.08126435000439367,0.09881746738211358,12.747603581496671,156.86587760570848,230,0.04782608695652174,0.04782608695652174,1.0,0.9661335322375212,0.9583393603789425,0.010520149195216672
shrink_1000000_stable_2of3,SIN3B,True,0.02797823682383148,0.09092687077445398,0.30770042546863935,13.061794187368903,143.65164088588244,1161,0.07321274763135228,0.09646856158484066,0.7589285714285714,0.8961902212216457,0.9710386451282957,0.012767007302719133
shrink_1000000_stable_2of3,SV2A,False,-0.011538155617397409,0.011209893595337278,-1.0292832415641011,1.7165459511892895,153.12776491502842,18,0.0,0.0,,0.9982187916406215,1.0022183496425519,0.0013846008736154466
shrink_1000000_stable_2of3,EWSR1,True,0.016280225912730373,0.08359369965566064,0.1947542216673256,12.37639427878617,148.05415156605153,178,0.016853932584269662,0.016853932584269662,1.0,0.9860413853427056,0.9638314224140987,0.004594570766968822
shrink_1000000_stable_2of3,TXNDC9,True,-0.008883017371699647,0.07300744838044738,-0.12167275488672835,10.924549213709847,149.63609133113636,24,0.0,0.0,,0.9996606601966407,0.986373290161241,0.0008525087974936646
shrink_1000000_stable_2of3,TMBIM6,True,0.003648024413638239,0.07289140275307612,0.050047389347083,11.31699344410637,155.25827486738518,6,0.16666666666666666,0.16666666666666666,1.0,0.9952008325427197,,0.007589858720382831
shrink_1000000_stable_2of3,METTL3,True,0.06404513329489465,0.08770136143150575,0.7302638436794794,14.226910966275783,162.2199557003105,2926,0.23684210526315788,0.2833219412166781,0.8359469240048251,0.665355847144665,0.9361984435820888,0.0015437901144866682
shrink_1000000_stable_2of3,METTL14,True,0.08137306899406214,0.10379219501982724,0.7839998853335511,16.169352959230157,155.7858272112017,3008,0.2450132978723404,0.28856382978723405,0.8490783410138248,0.6462044345376168,0.9267510403604439,0.011165006597629479
shrink_1000000_stable_2of3,MED24,True,0.016338370428755758,0.08626126478640747,0.1894056442275845,14.015024116042238,162.47181340019768,647,0.03863987635239567,0.05255023183925812,0.7352941176470589,0.9568595433458337,0.9856330955752395,0.019096057575029482
shrink_1000000_stable_2of3,ATM,True,0.008247305539389536,0.08312323799061301,0.09921780886736982,11.570642932090045,139.1986550547598,76,0.0,0.0,,0.9963386869656692,0.979192575983646,0.005204863760651098
shrink_1000000_stable_2of3,PHF10,True,-0.01320457018182242,0.08976879013828398,-0.14709533415212003,15.283346328126074,170.25233719406157,120,0.06666666666666667,0.075,0.8888888888888888,0.9648114998670366,0.9194075594117826,0.03962219140650057
shrink_1000000_stable_2of3,DZIP3,False,-0.01142928493217541,0.011303284242450412,-1.0111472636644658,1.7084236647678293,151.1440063014344,1,0.0,0.0,,0.9999793767415975,,0.001426185994349212
shrink_1000000_stable_2of3,ZNF562,True,-0.005218381515492889,0.07165403117738933,-0.07282746594639,11.711454381679316,163.44445928919214,10,0.0,0.0,,0.9995781559902533,0.9621862962718598,0.0035854820835284386
shrink_1000000_stable_2of3,MED1,True,-0.0009739011086841659,0.07860140494633223,-0.012390377873641443,14.117649218434428,179.61064726608552,302,0.0,0.006622516556291391,0.0,0.9899368216847377,0.9825503231567402,0.01867907917791731
shrink_1000000_stable_3of3,TMSB4X,True,-0.005978770707723727,0.060032785109009904,-0.09959175968376678,9.41063509002911,156.75826255505066,0,,,,,,0.00778853555333051
shrink_1000000_stable_3of3,PRCP,True,0.013488932423547347,0.05558408212004727,0.24267617470798086,8.07661203581709,145.30440600554837,6,0.16666666666666666,0.16666666666666666,1.0,0.9673988958697035,,0.004555447164222072
shrink_1000000_stable_3of3,TADA1,True,0.013607253691130642,0.07996250739583319,0.17017042279291647,12.122024454218776,151.59635245318046,533,0.0225140712945591,0.0450281425891182,0.5,0.946146697574633,0.9914293259786827,0.025390885301583833
shrink_1000000_stable_3of3,HIRA,True,-0.0021188141662626756,0.06081612521430309,-0.03483967712175719,9.155817615500487,150.54917726568954,32,0.0,0.0,,0.997717783768463,0.9899650117632949,0.005256445557070531
shrink_1000000_stable_3of3,IGF2R,True,0.0015883404259876015,0.05885903667718761,0.02698549816061134,8.933167315629747,151.77223107852927,6,0.0,0.0,,0.9963576997124121,,0.0050527750277144816
shrink_1000000_stable_3of3,NCK2,True,0.0054860745162944756,0.05116883776140563,0.1072151480531062,8.654543891680332,169.13700350270742,2,0.5,0.5,1.0,0.9870981203860026,,0.0059743912359054374
shrink_1000000_stable_3of3,MED13,True,0.013195551210159221,0.0618386963493321,0.21338663311426262,10.180930416891648,164.6368862528844,113,0.0,0.008849557522123894,0.0,0.9944758661718331,1.0038546615341652,0.006729410521162318
shrink_1000000_stable_3of3,MED12,True,-0.012106274858316552,0.16704289964032473,-0.07247404639397227,28.88005356292425,172.89003977486334,68,0.0,0.0,,0.9967673959544588,0.9567981520506712,0.08657078715028886
shrink_1000000_stable_3of3,STAT1,True,0.014975268681667793,0.062440453020878674,0.23983280000643817,9.989807906388682,159.98935662827938,8,0.25,0.25,1.0,0.9810874964907846,,0.007484591382281506
shrink_1000000_stable_3of3,USP22,True,-0.01018167449418599,0.06720305505013388,-0.15150612552644224,10.070967661690952,149.85877731567336,21,0.0,0.0,,0.9998966897176431,0.9936403169676182,0.007129835487162184
shrink_1000000_stable_3of3,MED13L,True,-0.009544441666158188,0.06699108386952313,-0.1424733130866738,11.466941487735156,171.1711592854511,16,0.0,0.0,,0.9999875348920705,0.9953161377257228,0.0103083074052225
shrink_1000000_stable_3of3,TET1,True,0.018882078958421592,0.060862596460263894,0.3102411013757746,9.998848878702995,164.28561152876654,46,0.0,0.021739130434782608,0.0,0.9966417719020203,1.0030975227907049,0.0073490719798622
shrink_1000000_stable_3of3,KIF1B,True,0.0039761992866776475,0.05181664815555218,0.07673594159817525,8.468637263191543,163.4346790971296,2,0.0,0.0,,0.9999996167372038,,0.00394350486101343
shrink_1000000_stable_3of3,SRC,False,0.0076728458510128454,0.009298831664145964,0.8251408486721483,1.4982716499451039,161.1247201863085,6,0.0,0.0,,0.9994389443365561,,0.002407287514809181
shrink_1000000_stable_3of3,PBX1,True,0.00738265759604234,0.05817313483219373,0.1269083678804376,9.070574127892106,155.92376367643055,5,0.0,0.0,,0.999999517550025,,0.003341801637895956
shrink_1000000_stable_3of3,CAST,True,0.00017297112706461762,0.06481251744975962,0.0026687919844912483,10.784970023251882,166.4025785082644,38,0.07894736842105263,0.13157894736842105,0.6,0.9705109083672321,0.948201654437996,0.017834025793507763
shrink_1000000_stable_3of3,IDE,True,-0.0021583584236818418,0.05366736599535353,-0.040217334755514374,8.400893427410844,156.53634702582917,0,,,,,,0.004060397456601884
shrink_1000000_stable_3of3,MAPKAPK2,True,0.0004956880715045687,0.06404691828644314,0.007739452338481855,10.032233183846238,156.63881186254932,5,0.0,0.0,,0.9994191360236457,,0.0022832051609686438
shrink_1000000_stable_3of3,PTPN1,True,0.0039896007175593134,0.17214631348828982,0.023175638424756072,25.32653127618544,147.12212398267982,2,0.0,0.0,,0.9998959457442852,,0.06979239120620064
shrink_1000000_stable_3of3,KDM2B,True,0.014775005757245083,0.046378681347622436,0.31857321786494713,8.21359757816185,177.0985577748194,44,0.0,0.0,,0.9946675440674095,0.9802613121833852,0.0007381013783936698
shrink_1000000_stable_3of3,ATP1B1,False,0.0035246282575628787,0.009804839394638406,0.3594784285289014,1.5055000035285229,153.54662559304924,2,0.0,0.0,,0.9999949434777484,,0.002403824667789339
shrink_1000000_stable_3of3,KAT2A,True,0.0029426232160498834,0.06633840383057338,0.04435776331859401,10.149518877009823,152.99612729500458,738,0.02032520325203252,0.04200542005420054,0.4838709677419355,0.9492549384695315,1.0049291594817278,0.012628436616861957
shrink_1000000_stable_3of3,NISCH,True,-0.00023892836290562034,0.05188511622514564,-0.004604949941112898,7.979619047638701,153.7939900339175,6,0.16666666666666666,0.16666666666666666,1.0,0.9683838948784277,,0.001088446114709604
shrink_1000000_stable_3of3,KDR,False,-0.007430331633354355,0.009131641674702358,-0.8136906700948209,1.4988988183243084,164.14341163612997,7,0.0,0.0,,0.9994695027938331,,0.0024289499275639303
shrink_1000000_stable_3of3,WFS1,False,-0.003469754576251098,0.009738904264435388,-0.35627771688053,1.4996034883029454,153.98071975912217,4,0.0,0.0,,0.9978862504129768,,0.0024312873468336853
shrink_1000000_stable_3of3,TARBP2,True,-0.001451870315732546,0.06614560168573543,-0.021949612351105846,10.096493945234688,152.64044302150538,4,0.0,0.0,,0.9985698265829879,,0.0009255399437560267
shrink_1000000_stable_3of3,MAP3K7,True,-0.009181068177563529,0.06157819164191588,-0.1490960993293287,9.52650523932463,154.7058298613628,1,0.0,0.0,,0.9999998631903704,,0.0037160054590701826
shrink_1000000_stable_3of3,HMGN1,True,0.0046371003236699215,0.0549240633626196,0.08442748113982139,9.21474670481278,167.77248696942155,3,0.0,0.0,,0.999999920689546,,0.0019541948491651343
shrink_1000000_stable_3of3,TSC22D4,True,0.00880129665722052,0.05696838892607519,0.15449439282268432,9.082313332851763,159.42724560172118,3,0.3333333333333333,0.3333333333333333,1.0,0.9695199891399137,,0.012813725355453104
shrink_1000000_stable_3of3,FOXH1,True,0.007557679068498751,0.05357047997310313,0.141079174058051,8.725068046619496,162.8708208513385,32,0.0,0.0,,0.9974209810443883,1.0030750555045047,0.00789695656062033
shrink_1000000_stable_3of3,PAGR1,True,0.0017436583183794954,0.05829505092782956,0.029910915088455437,9.243339356504656,158.56130510886928,18,0.0,0.0,,0.9984902334384784,0.971477879984409,0.0020841261640308657
shrink_1000000_stable_3of3,KLF10,True,0.0012522895421998176,0.045598070961826796,0.027463651768255576,7.083150964725912,155.33882936968305,15,0.0,0.0,,0.9999994426334698,1.000105870474003,0.001759297836838709
shrink_1000000_stable_3of3,POLB,True,-0.0011457082929821043,0.0665253903332988,-0.017222120565426106,10.24047814781455,153.9333793685199,3,0.0,0.0,,0.9960029257754669,,0.0017777200401561603
shrink_1000000_stable_3of3,RNF2,True,0.010234479318034293,0.06537980015184701,0.15653885900942394,9.719922047926993,148.66857997962848,377,0.015915119363395226,0.026525198938992044,0.6,0.9806817854659228,0.9951165158315963,0.003293073270471401
shrink_1000000_stable_3of3,SMARCA5,True,0.005578373783855321,0.08220318153222714,0.06786080149061337,12.667375346056234,154.09835860294635,953,0.04197271773347324,0.06820566631689402,0.6153846153846154,0.9214747701725798,0.9930040007965627,0.012002653571704014
shrink_1000000_stable_3of3,ACAT2,True,0.009200984220025138,0.07195947690401165,0.12786341168514237,10.241912325802952,142.32888795821663,313,0.04792332268370607,0.051118210862619806,0.9375,0.9488657371620244,0.9593808321151599,0.0012198047944269172
shrink_1000000_stable_3of3,TRAM2,True,0.0008413641162880006,0.06020199587169897,0.013975684761035088,9.169436388361868,152.31116934899546,1,0.0,0.0,,0.999999075579042,,0.008561714122616991
shrink_1000000_stable_3of3,CAMSAP2,False,3.040187861376764e-05,0.008322070930325156,0.003653162640441445,1.4979736523913665,180.000106335652,2,0.0,0.0,,0.9999947362454014,,0.0024147008071299415
shrink_1000000_stable_3of3,CDCA2,True,0.015279759961365175,0.06723812013612121,0.2272484705169008,10.140270420885225,150.8113314345583,8,0.125,0.125,1.0,0.9891341284911513,,0.005859020144446967
shrink_1000000_stable_3of3,CREG1,True,0.016485405328421278,0.054151822413375364,0.3044293727102603,8.620939127247919,159.19942751767056,4,0.0,0.0,,0.9997685681579057,,0.004090714282960537
shrink_1000000_stable_3of3,CASP2,True,0.003744952268238311,0.06409902034241745,0.05842448524537111,9.818471528535316,153.17662385610524,2,0.0,0.0,,0.9999999932810306,,0.0010529333989728645
shrink_1000000_stable_3of3,UBE3C,True,-0.018301336045597402,0.08374336079746177,-0.21854074008159594,13.595796819334522,162.35074267220722,37,0.10810810810810811,0.10810810810810811,1.0,0.9679253121378577,0.8870623017304917,0.036868190916859826
shrink_1000000_stable_3of3,EIF4B,True,0.03255985586499486,0.06773871878776949,0.48066831566459567,10.611572593614756,156.6544626694463,124,0.016129032258064516,0.016129032258064516,1.0,0.9864777978251764,0.978990067219829,0.015515354197087671
shrink_1000000_stable_3of3,STAG2,True,0.012867550634322072,0.06647166701671468,0.19357947847293272,11.236895527832198,169.04789712896198,453,0.019867549668874173,0.02869757174392936,0.6923076923076923,0.9711880510032159,0.9863777851612503,0.020972919267573442
shrink_1000000_stable_3of3,HMGB2,True,0.010212863433056895,0.056567355148774236,0.1805434142394794,8.960457759423143,158.4033359144476,26,0.07692307692307693,0.07692307692307693,1.0,0.9716890217371906,0.9044288127460894,0.003224049841951413
shrink_1000000_stable_3of3,TGFBR2,False,-0.004525647460238507,0.009153348432924799,-0.4944253453697503,1.503044323439254,164.20704777639295,260,0.015384615384615385,0.015384615384615385,1.0,0.9856515461317291,0.9983030638454442,0.0024259451869075724
shrink_1000000_stable_3of3,ANTXR1,False,-0.011673567604204543,0.00908352984309581,-1.2851356032123749,1.5017295733502776,165.32444977782606,2,0.0,0.0,,0.9999946500996633,,0.00241324404487738
shrink_1000000_stable_3of3,MTA1,True,0.01897587037423485,0.0679260368461303,0.2793607761515663,10.14006550933422,149.28098237652284,28,0.17857142857142858,0.17857142857142858,1.0,0.9456797428708469,0.8395873956928133,0.003489195362101993
shrink_1000000_stable_3of3,DHCR24,True,0.02039681674919339,0.06601842326245894,0.30895643581345483,9.368366997039983,141.90534299487368,32,0.0,0.0,,0.997124960639485,0.9531928257559111,0.0031042219143081794
shrink_1000000_stable_3of3,NDUFB4,True,-0.009222326682426828,0.060480123922831176,-0.1524852477847753,10.723918220322776,177.313099325091,17,0.058823529411764705,0.058823529411764705,1.0,0.9907924265897309,0.8777361320614226,0.02565681835819374
shrink_1000000_stable_3of3,ACVR1B,True,0.011128564230586403,0.05523342040237657,0.20148243852208667,9.28005120153025,168.01514615471743,25,0.04,0.04,1.0,0.9900132755548539,0.9560313913619791,0.0022947356561116195
shrink_1000000_stable_3of3,DHX36,True,0.04698209597711759,0.10791705361770365,0.4353537684928996,16.414122134547153,152.09942807273268,1387,0.1651045421773612,0.1780821917808219,0.9271255060728745,0.7914274112465565,0.9178359175554308,0.020997282020160973
shrink_1000000_stable_3of3,LZTR1,True,0.004833721326585805,0.08897575595798243,0.05432627432655321,13.799886930158284,155.09715856390238,191,0.03664921465968586,0.04712041884816754,0.7777777777777778,0.9494039258654474,0.9588361668448768,0.009320296130045957
shrink_1000000_stable_3of3,INSIG1,True,-0.0055633821574228096,0.07541592236374145,-0.07376933123737248,11.261770149698547,149.32881275894854,219,0.0410958904109589,0.0410958904109589,1.0,0.9500933540525538,0.9670594750973179,0.00989306089862671
shrink_1000000_stable_3of3,LAD1,False,0.004604675877893395,0.009915756021322572,0.46437970720453636,1.4981680069954406,151.0896399400934,2,0.0,0.0,,0.9996299377514627,,0.002456035464460134
shrink_1000000_stable_3of3,TCF3,True,0.007525407092690972,0.08023206471101679,0.09379550582172225,11.401613290361018,142.10793815948557,6,0.0,0.0,,0.9999995742407382,,0.0036160470090862346
shrink_1000000_stable_3of3,DAXX,True,0.0026549360336731572,0.06052238389886484,0.043867010230622346,9.694040194383948,160.1728083048257,28,0.03571428571428571,0.03571428571428571,1.0,0.9954512891758776,0.9709900559373513,0.010833700283433221
shrink_1000000_stable_3of3,CLDN7,True,0.004790473187472739,0.06202774019767123,0.07723114161835275,9.832101217413665,158.51135614614574,7,0.0,0.0,,0.9999969874975668,,0.006525302900323434
shrink_1000000_stable_3of3,NIT1,True,-0.0044268664649984805,0.05454058732645029,-0.08116646119891716,8.839909998540413,162.07947937248127,143,0.013986013986013986,0.013986013986013986,1.0,0.9892434253634684,0.989651301155358,0.0019420699595645687
shrink_1000000_stable_3of3,PRR12,True,0.01577524548988319,0.0637004537590388,0.24764730169044924,10.39307760732356,163.1554721201469,105,0.01904761904761905,0.01904761904761905,1.0,0.9833406332375081,0.9727026651522104,0.002801996477557321
shrink_1000000_stable_3of3,ARID1A,True,0.01909779534469514,0.07242856464712896,0.26367767244511,11.427912691484288,157.78184680534443,220,0.013636363636363636,0.031818181818181815,0.42857142857142855,0.9583854816969658,0.9945488854078127,0.015095453389857504
shrink_1000000_stable_3of3,STX4,True,0.0054112990560340486,0.062136529543252564,0.08708724313718394,9.932781593895829,159.85414162826277,19,0.0,0.0,,0.998715351717667,0.9984108242736823,0.007707603759667755
shrink_1000000_stable_3of3,CENPO,True,0.00831614397838774,0.06167400955362973,0.13484033288214042,9.36455758241751,151.83961039981344,5,0.2,0.2,1.0,0.9895543009777116,,0.006532700298820305
shrink_1000000_stable_3of3,NRAS,True,0.015378797076431814,0.06223787575589447,0.24709707536853562,9.12127869330826,146.55510944948014,5,0.2,0.2,1.0,0.9861869183207228,,0.0009949749546126815
shrink_1000000_stable_3of3,CHMP3,True,0.007304002490751563,0.10743201507742721,0.06798720554098799,15.197621369849987,141.46268557745032,98,0.01020408163265306,0.030612244897959183,0.3333333333333333,0.9736824877365299,1.0347769110165053,0.02331224184375028
shrink_1000000_stable_3of3,EID2,True,-0.00952792243116388,0.0695410148311578,-0.13701155288425415,10.196623368693107,146.6274743538042,4,0.0,0.0,,0.9992708926036235,,0.006866235537502121
shrink_1000000_stable_3of3,UQCRQ,True,-0.00706135911991215,0.07661515274157431,-0.09216661283350004,12.62622800562814,164.80066349559945,48,0.0,0.0,,0.9951564156967168,1.0204775712090162,0.0032332163505291544
shrink_1000000_stable_3of3,ZNF426,True,0.0030491712115492007,0.058391243927776,0.05221966525187773,9.34819608519316,160.0958543845362,3,0.0,0.0,,0.9999979784419087,,0.007813967870111065
shrink_1000000_stable_3of3,BIRC2,True,0.007637107653906057,0.05733326091235257,0.1332055343159563,9.329069892045439,162.71654086285315,75,0.02666666666666667,0.02666666666666667,1.0,0.9607344226012022,0.9538113958945161,0.006685389382254831
shrink_1000000_stable_3of3,PLCB3,True,0.01671062473370374,0.06261707526033285,0.2668700935683867,10.086347256469303,161.07982071240048,2,0.0,0.0,,0.9995530256603126,,0.0006777826877671755
shrink_1000000_stable_3of3,TFAM,True,0.019428834255547294,0.06238422482629203,0.31143825718194945,10.703949539647056,171.5810298108544,98,0.09183673469387756,0.09183673469387756,1.0,0.9381605305979106,0.9025929552718828,0.030845450514509078
shrink_1000000_stable_3of3,PMS1,True,-0.002333538069954121,0.0626870324979284,-0.037225211929297126,10.185630520062935,162.4838521491592,1,0.0,0.0,,0.9977145706249745,,0.010081275945363673
shrink_1000000_stable_3of3,ZNF286A,True,0.01260064201690479,0.06102761335933912,0.2064744354774362,9.851010835033922,161.4189101092614,2,0.0,0.0,,0.9999999933643909,,0.0008641738614486438
shrink_1000000_stable_3of3,GSK3B,True,0.020953179057893928,0.09069490600931876,0.23102928245761697,13.71125749417184,151.18001768217312,217,0.027649769585253458,0.041474654377880185,0.6666666666666666,0.9652892724909264,0.9754727187078318,0.023475430961314585
shrink_1000000_stable_3of3,LRPPRC,True,0.01126055212456089,0.06843575206586514,0.16454195043729938,11.849001053592954,173.14051056513605,98,0.09183673469387756,0.09183673469387756,1.0,0.9532857032814717,0.8851600869246541,0.03053748833518108
shrink_1000000_stable_3of3,CASP3,True,0.023837987628424023,0.06440454487166422,0.3701289664560911,9.85090785009625,152.953613284989,417,0.03597122302158273,0.05515587529976019,0.6521739130434783,0.9145962395984535,0.980716192073085,0.005479841326055821
shrink_1000000_stable_3of3,MAST2,True,-0.007272419046298499,0.06147568197502663,-0.11829749280785183,9.66067164030066,157.14622969494067,0,,,,,,0.0012852780824364844
shrink_1000000_stable_3of3,HAT1,True,-0.0015932120085617358,0.05668548887497453,-0.028106170382965614,9.033453935466799,159.36096018137866,29,0.0,0.0,,0.9980794507917903,1.0372761455444404,0.00041440833632762315
shrink_1000000_stable_3of3,MAU2,True,-0.009888124806156084,0.0958963161369577,-0.10311266589254599,14.174516887754418,147.81085925668492,902,0.04878048780487805,0.06873614190687362,0.7096774193548387,0.9350457145514097,0.978608142401731,0.012593673743981976
shrink_1000000_stable_3of3,SMARCA4,True,0.026007679644354464,0.07397284557351878,0.3515841447319534,11.246548921037219,152.0361807612187,2229,0.08748317631224764,0.14580529385374608,0.6,0.8332000826546689,0.9917744865800266,0.00781323628066774
shrink_1000000_stable_3of3,TWF2,True,0.003546940832535025,0.053370469317923934,0.0664588653213102,8.851652693851426,165.85300461052321,4,0.0,0.0,,0.9999951511158709,,0.00967881908327413
shrink_1000000_stable_3of3,IRF3,True,0.008696928936816239,0.05084390118697488,0.1710515663389773,8.04757850175671,158.28011450502797,4,0.25,0.25,1.0,0.9793628794790359,,0.0006374087583781039
shrink_1000000_stable_3of3,MKI67,True,0.002787472063516081,0.06205032285342057,0.04492276486781276,9.53349518255736,153.6413469608856,5,0.0,0.0,,0.9999964025384113,,0.00823701242020872
shrink_1000000_stable_3of3,AKT2,True,0.010549978849036756,0.07206366555938454,0.14639803245011143,12.0921298101746,167.79787312109457,50,0.02,0.02,1.0,0.9889289827978761,0.9533973915724377,0.014987981117860785
shrink_1000000_stable_3of3,SSBP1,True,0.0035578733564595984,0.07797299777383154,0.04562955712924575,11.634927415868885,149.2173925339789,59,0.11864406779661017,0.11864406779661017,1.0,0.9458934644736003,0.8309570550190497,0.029717598406030554
shrink_1000000_stable_3of3,PHF14,True,0.007635822926243532,0.06429295405726579,0.11876609246236063,10.268550893846411,159.71502701058353,24,0.0,0.0,,0.9995635764371971,1.0104367064979864,0.00706901257733759
shrink_1000000_stable_3of3,DNMT1,True,0.05687226029953436,0.16950847205990374,0.33551278946951923,19.086128154439592,112.59689809306178,1279,0.08678655199374512,0.12509773260359655,0.69375,0.8243774323595909,0.9661661512267669,0.032996120741662964
shrink_1000000_stable_3of3,TMSB10,True,0.035174390024909054,0.06531108193744596,0.5385669473152901,10.063105055170098,154.07959501893413,263,0.13307984790874525,0.13688212927756654,0.9722222222222222,0.8476018466297038,0.9076353790990737,0.011551828160742617
shrink_1000000_stable_3of3,CLDN6,True,0.002892068034633702,0.060280163264636186,0.047977110180296344,9.82665466745611,163.0163910524939,4,0.0,0.0,,0.999580075239419,,0.003030539590127161
shrink_1000000_stable_3of3,DLG5,True,0.028561705940196434,0.06474272489428744,0.44115699465588243,9.690088392366816,149.67069131224994,85,0.047058823529411764,0.058823529411764705,0.8,0.9706297391625587,0.948287259408138,0.008660589915928675
shrink_1000000_stable_3of3,NDUFB6,True,0.006704845175078883,0.05209848006002705,0.12869560047344308,8.628107801903479,165.61150712961893,12,0.08333333333333333,0.08333333333333333,1.0,0.9964096567526192,0.9130553213140323,0.018196547131150355
shrink_1000000_stable_3of3,STAT6,True,0.0003040082913068726,0.059222381394050574,0.005133334461579301,9.04672955392292,152.75862504968006,73,0.0,0.0,,0.9983958936710557,0.9936244303490985,0.007443176212263327
shrink_1000000_stable_3of3,ZNF714,True,-0.007260491069112586,0.06637032673256694,-0.109393631560201,9.998682153698411,150.64988596465963,8,0.125,0.125,1.0,0.9921540874082776,,0.008268226750959637
shrink_1000000_stable_3of3,SAFB,True,-0.010831064800195066,0.0705182148615778,-0.15359244163306843,11.204046495531028,158.88159559234117,165,0.030303030303030304,0.030303030303030304,1.0,0.9835336331497577,0.9727956612797659,0.009302634143400088
shrink_1000000_stable_3of3,SOX2,True,0.005096471048912187,0.03259853956397385,0.15634047160028397,5.387503629495174,165.26825132525732,1156,0.03546712802768166,0.06401384083044982,0.5540540540540541,0.9368620836469485,1.0007935878724945,0.007458850069079537
shrink_1000000_stable_3of3,SLC25A3,True,0.0010711115806928133,0.05955289290787481,0.01798588663609955,9.897529854195438,166.19729740931973,21,0.0,0.0,,0.9995115949702225,0.9834423620506049,0.008950631232463448
shrink_1000000_stable_3of3,ZNF593,True,-0.0038528318404131043,0.05442351838223404,-0.07079350903690965,8.639755665753345,158.75040648922283,21,0.0,0.0,,0.9999393851633261,1.0045510974034397,0.0020228942270870912
shrink_1000000_stable_3of3,RAF1,True,-0.0003866998755310857,0.06110349336838461,-0.0063286050308077315,10.059528432359516,164.63098716323785,38,0.0,0.0,,0.996114906758019,0.9759239318141503,0.0031829520030752663
shrink_1000000_stable_3of3,METTL17,True,-0.0068403020548240484,0.0668139352478861,-0.10237837405394357,10.456771390782741,156.5058449556536,81,0.024691358024691357,0.024691358024691357,1.0,0.9876563206332978,0.9667612602060507,0.016117968647181354
shrink_1000000_stable_3of3,IKBKG,True,-0.00800019205909451,0.06183331837320499,-0.12938319128868447,9.49151292740459,153.50159391603455,12,0.0,0.0,,0.9997952086774707,1.0091758751826714,0.00465713280750795
shrink_1000000_stable_3of3,SMAGP,True,0.04161500821921225,0.06062290201228947,0.6864568807804031,9.213848089672378,151.98625905115114,79,0.06329113924050633,0.06329113924050633,1.0,0.9576968158045186,0.9378032363237426,0.003914893899241602
shrink_1000000_stable_3of3,MAP1B,True,0.009783112419173403,0.05677727748046665,0.17230682507697084,9.228711598260363,162.5423410172381,3,0.3333333333333333,0.3333333333333333,1.0,0.9914108831695565,,0.0043477997023121245
shrink_1000000_stable_3of3,TAZ,True,0.0056905729573359315,0.07847018213922316,0.07251892122844342,12.379032899752648,157.75460897732535,22,0.0,0.0,,0.9916630462841862,0.8896170532597324,0.011164674200739398
shrink_1000000_stable_3of3,OXCT1,True,0.022707263536839162,0.06892431583076072,0.3294521427328405,10.793634103802333,156.60125129577514,129,0.13953488372093023,0.13953488372093023,1.0,0.7971931455899542,0.8624558775531824,0.0009440591743324036
shrink_1000000_stable_3of3,WSB2,True,-0.0025883781664289614,0.06660151842277306,-0.03886365097561976,10.034370374415259,150.66278685598564,106,0.03773584905660377,0.03773584905660377,1.0,0.9812800683054271,0.9706891493447926,0.0028585092628201202
shrink_1000000_stable_3of3,C1QBP,True,0.005584803668946048,0.07643350584533304,0.07306748012118106,12.08809221236194,158.15174351445802,66,0.030303030303030304,0.045454545454545456,0.6666666666666666,0.9887837368392751,0.9703091711324544,0.002339456142152074
shrink_1000000_stable_3of3,CALM3,True,-0.005163327202170831,0.06590496058942509,-0.07834504650321152,10.027265250134597,152.14735219405537,1,0.0,0.0,,0.9971521346228479,,0.0031894604569004397
shrink_1000000_stable_3of3,SIX4,True,-0.013729034232078741,0.05360532178151189,-0.25611326964954045,9.08409934036161,169.46263987346595,25,0.04,0.04,1.0,0.9920249321003074,0.9487267215108468,0.0034679632050750022
shrink_1000000_stable_3of3,RRM1,True,-0.004930688281462966,0.07407268146763495,-0.06656554324440601,11.830134895420953,159.709823662722,5,0.0,0.0,,0.9986349885371296,,0.0096617159791828
shrink_1000000_stable_3of3,MBTPS1,True,0.02687338063500062,0.05981500685566178,0.4492748901600589,10.602374109070363,177.25274419268575,384,0.08333333333333333,0.08854166666666667,0.9411764705882353,0.9132754550637647,0.9477925831560606,0.00844737721359716
shrink_1000000_stable_3of3,RAB3B,False,0.0035497322425928667,0.009327280621364667,0.38057525946651627,1.5043983495596462,161.29013488816196,0,,,,,,0.0023835154638089462
shrink_1000000_stable_3of3,XRCC4,True,-0.0029501040682446624,0.058008502546607596,-0.050856407918380024,9.000524758466987,155.158715763011,14,0.07142857142857142,0.07142857142857142,1.0,0.9802511489453152,0.8963280526025231,0.001137303019219998
shrink_1000000_stable_3of3,TRAPPC6A,True,0.008171464314152338,0.07067913665433177,0.1156135275691929,11.087144799695551,156.86587760570848,230,0.04782608695652174,0.05652173913043478,0.8461538461538461,0.9576021324966213,0.963191211174918,0.00929032743316695
shrink_1000000_stable_3of3,SIN3B,True,0.024147251560036147,0.07989570338735992,0.3022346701544456,11.477148891326008,143.65164088588244,1161,0.06890611541774333,0.0913006029285099,0.7547169811320755,0.8942193942545874,0.9812398741699899,0.012778087012522284
shrink_1000000_stable_3of3,SV2A,False,0.001540537583561359,0.009830519285075046,0.15670968530627305,1.505325446077625,153.12776491502842,18,0.0,0.0,,0.9986354281636575,1.001238710324994,0.002402766974326016
shrink_1000000_stable_3of3,EWSR1,True,0.022132650035370453,0.07236874650972465,0.30583160691330125,10.714493364395937,148.05415156605153,178,0.016853932584269662,0.016853932584269662,1.0,0.9843112501109006,0.9705836699508399,0.0015448841166612382
shrink_1000000_stable_3of3,TXNDC9,True,0.004539946742322435,0.06251382028360586,0.07262308913014916,9.354323721415891,149.63609133113636,24,0.0,0.0,,0.999827310321333,0.9936004886649347,0.004466378238198204
shrink_1000000_stable_3of3,TMBIM6,True,0.0017939725362234604,0.06158978233526964,0.029127762239161782,9.562323354831719,155.25827486738518,6,0.16666666666666666,0.16666666666666666,1.0,0.9932790711789093,,0.006845655523367084
shrink_1000000_stable_3of3,METTL3,True,0.06551731704727551,0.0810072879219632,0.8087829962952264,13.140998658103168,162.2199557003105,2926,0.22727272727272727,0.2662337662337662,0.8536585365853658,0.6524466524905203,0.9433110895884035,0.0023808411073648473
shrink_1000000_stable_3of3,METTL14,True,0.08035244168229676,0.09721198833005215,0.8265692643739143,15.14425001684286,155.7858272112017,3008,0.24069148936170212,0.28091755319148937,0.8568047337278106,0.6326158611268258,0.934330815783707,0.007536903872654292
shrink_1000000_stable_3of3,MED24,True,0.016230248242399402,0.07742061334937067,0.20963729865014472,12.578667445427804,162.47181340019768,647,0.0401854714064915,0.05255023183925812,0.7647058823529411,0.9552478141264433,0.988239000955529,0.013400038148998263
shrink_1000000_stable_3of3,ATM,True,0.010054579684824755,0.07165733648025996,0.140314728103166,9.97460486285856,139.1986550547598,76,0.0,0.0,,0.9968634741645951,0.9831536989314393,0.004735040977560853
shrink_1000000_stable_3of3,PHF10,True,-0.010558900849254012,0.08315083993752077,-0.1269848970520073,14.156624839012228,170.25233719406157,120,0.06666666666666667,0.075,0.8888888888888888,0.9583468412491609,0.9179834480444296,0.03538520864340296
shrink_1000000_stable_3of3,DZIP3,False,-0.01035520284684913,0.009924675528513133,-1.043379485515583,1.5000552206212807,151.1440063014344,1,0.0,0.0,,0.9999599622395137,,0.002437521060766319
shrink_1000000_stable_3of3,ZNF562,True,-0.0013196810332250747,0.06171026948710391,-0.0213851121408708,10.08620162891003,163.44445928919214,10,0.0,0.0,,0.9999980079148842,0.9972723433755936,0.004788729264281787
shrink_1000000_stable_3of3,MED1,True,0.00012845889135630593,0.07089804944681762,0.0018118818833325753,12.734044551045848,179.61064726608552,302,0.0,0.0033112582781456954,0.0,0.9917963545667314,0.9910752872713653,0.014459349863733036
