arm,target_gene,source_overlap,effect_cosine,predicted_to_truth_norm_ratio,truth_on_prediction_projection,predicted_effect_norm,truth_effect_norm,n_strong,signed_recovery,unsigned_recall,sign_given_recovered,non_strong_energy_fraction,strong_de_lfc_nmae,mean_abs_intended_realized_lfc
unchanged,TMSB4X,True,,0.0,,0.0,156.75826255505066,0,,,,,,0.0
unchanged,PRCP,True,,0.0,,0.0,145.30440600554837,6,0.0,0.0,,,,0.0
unchanged,TADA1,True,,0.0,,0.0,151.59635245318046,533,0.0,0.054409005628517824,0.0,,1.0,0.0
unchanged,HIRA,True,,0.0,,0.0,150.54917726568954,32,0.0,0.03125,0.0,,1.0,0.0
unchanged,IGF2R,True,,0.0,,0.0,151.77223107852927,6,0.0,0.0,,,,0.0
unchanged,NCK2,True,,0.0,,0.0,169.13700350270742,2,0.0,0.0,,,,0.0
unchanged,MED13,True,,0.0,,0.0,164.6368862528844,113,0.0,0.008849557522123894,0.0,,1.0,0.0
unchanged,MED12,True,,0.0,,0.0,172.89003977486334,68,0.0,0.0,,,1.0,0.0
unchanged,STAT1,True,,0.0,,0.0,159.98935662827938,8,0.0,0.0,,,,0.0
unchanged,USP22,True,,0.0,,0.0,149.85877731567336,21,0.0,0.0,,,1.0,0.0
unchanged,MED13L,True,,0.0,,0.0,171.1711592854511,16,0.0,0.0,,,1.0,0.0
unchanged,TET1,True,,0.0,,0.0,164.28561152876654,46,0.0,0.0,,,1.0,0.0
unchanged,KIF1B,True,,0.0,,0.0,163.4346790971296,2,0.0,0.0,,,,0.0
unchanged,SRC,False,,0.0,,0.0,161.1247201863085,6,0.0,0.0,,,,0.0
unchanged,PBX1,True,,0.0,,0.0,155.92376367643055,5,0.0,0.0,,,,0.0
unchanged,CAST,True,,0.0,,0.0,166.4025785082644,38,0.0,0.02631578947368421,0.0,,1.0,0.0
unchanged,IDE,True,,0.0,,0.0,156.53634702582917,0,,,,,,0.0
unchanged,MAPKAPK2,True,,0.0,,0.0,156.63881186254932,5,0.0,0.0,,,,0.0
unchanged,PTPN1,True,,0.0,,0.0,147.12212398267982,2,0.0,0.0,,,,0.0
unchanged,KDM2B,True,,0.0,,0.0,177.0985577748194,44,0.0,0.022727272727272728,0.0,,1.0,0.0
unchanged,ATP1B1,False,,0.0,,0.0,153.54662559304924,2,0.0,0.0,,,,0.0
unchanged,KAT2A,True,,0.0,,0.0,152.99612729500458,738,0.0,0.06368563685636856,0.0,,1.0,0.0
unchanged,NISCH,True,,0.0,,0.0,153.7939900339175,6,0.0,0.0,,,,0.0
unchanged,KDR,False,,0.0,,0.0,164.14341163612997,7,0.0,0.0,,,,0.0
unchanged,WFS1,False,,0.0,,0.0,153.98071975912217,4,0.0,0.0,,,,0.0
unchanged,TARBP2,True,,0.0,,0.0,152.64044302150538,4,0.0,0.0,,,,0.0
unchanged,MAP3K7,True,,0.0,,0.0,154.7058298613628,1,0.0,0.0,,,,0.0
unchanged,HMGN1,True,,0.0,,0.0,167.77248696942155,3,0.0,0.0,,,,0.0
unchanged,TSC22D4,True,,0.0,,0.0,159.42724560172118,3,0.0,0.0,,,,0.0
unchanged,FOXH1,True,,0.0,,0.0,162.8708208513385,32,0.0,0.0,,,1.0,0.0
unchanged,PAGR1,True,,0.0,,0.0,158.56130510886928,18,0.0,0.0,,,1.0,0.0
unchanged,KLF10,True,,0.0,,0.0,155.33882936968305,15,0.0,0.0,,,1.0,0.0
unchanged,POLB,True,,0.0,,0.0,153.9333793685199,3,0.0,0.0,,,,0.0
unchanged,RNF2,True,,0.0,,0.0,148.66857997962848,377,0.0,0.034482758620689655,0.0,,1.0,0.0
unchanged,SMARCA5,True,,0.0,,0.0,154.09835860294635,953,0.0,0.08289611752360965,0.0,,1.0,0.0
unchanged,ACAT2,True,,0.0,,0.0,142.32888795821663,313,0.0,0.03194888178913738,0.0,,1.0,0.0
unchanged,TRAM2,True,,0.0,,0.0,152.31116934899546,1,0.0,0.0,,,,0.0
unchanged,CAMSAP2,False,,0.0,,0.0,180.000106335652,2,0.0,0.0,,,,0.0
unchanged,CDCA2,True,,0.0,,0.0,150.8113314345583,8,0.0,0.0,,,,0.0
unchanged,CREG1,True,,0.0,,0.0,159.19942751767056,4,0.0,0.0,,,,0.0
unchanged,CASP2,True,,0.0,,0.0,153.17662385610524,2,0.0,0.0,,,,0.0
unchanged,UBE3C,True,,0.0,,0.0,162.35074267220722,37,0.0,0.0,,,1.0,0.0
unchanged,EIF4B,True,,0.0,,0.0,156.6544626694463,124,0.0,0.0,,,1.0,0.0
unchanged,STAG2,True,,0.0,,0.0,169.04789712896198,453,0.0,0.037527593818984545,0.0,,1.0,0.0
unchanged,HMGB2,True,,0.0,,0.0,158.4033359144476,26,0.0,0.0,,,1.0,0.0
unchanged,TGFBR2,False,,0.0,,0.0,164.20704777639295,260,0.0,0.015384615384615385,0.0,,1.0,0.0
unchanged,ANTXR1,False,,0.0,,0.0,165.32444977782606,2,0.0,0.0,,,,0.0
unchanged,MTA1,True,,0.0,,0.0,149.28098237652284,28,0.0,0.0,,,1.0,0.0
unchanged,DHCR24,True,,0.0,,0.0,141.90534299487368,32,0.0,0.0,,,1.0,0.0
unchanged,NDUFB4,True,,0.0,,0.0,177.313099325091,17,0.0,0.058823529411764705,0.0,,1.0,0.0
unchanged,ACVR1B,True,,0.0,,0.0,168.01514615471743,25,0.0,0.0,,,1.0,0.0
unchanged,DHX36,True,,0.0,,0.0,152.09942807273268,1387,0.0,0.12977649603460706,0.0,,1.0,0.0
unchanged,LZTR1,True,,0.0,,0.0,155.09715856390238,191,0.0,0.015706806282722512,0.0,,1.0,0.0
unchanged,INSIG1,True,,0.0,,0.0,149.32881275894854,219,0.0,0.0182648401826484,0.0,,1.0,0.0
unchanged,LAD1,False,,0.0,,0.0,151.0896399400934,2,0.0,0.0,,,,0.0
unchanged,TCF3,True,,0.0,,0.0,142.10793815948557,6,0.0,0.0,,,,0.0
unchanged,DAXX,True,,0.0,,0.0,160.1728083048257,28,0.0,0.0,,,1.0,0.0
unchanged,CLDN7,True,,0.0,,0.0,158.51135614614574,7,0.0,0.0,,,,0.0
unchanged,NIT1,True,,0.0,,0.0,162.07947937248127,143,0.0,0.03496503496503497,0.0,,1.0,0.0
unchanged,PRR12,True,,0.0,,0.0,163.1554721201469,105,0.0,0.009523809523809525,0.0,,1.0,0.0
unchanged,ARID1A,True,,0.0,,0.0,157.78184680534443,220,0.0,0.01818181818181818,0.0,,1.0,0.0
unchanged,STX4,True,,0.0,,0.0,159.85414162826277,19,0.0,0.0,,,1.0,0.0
unchanged,CENPO,True,,0.0,,0.0,151.83961039981344,5,0.0,0.0,,,,0.0
unchanged,NRAS,True,,0.0,,0.0,146.55510944948014,5,0.0,0.0,,,,0.0
unchanged,CHMP3,True,,0.0,,0.0,141.46268557745032,98,0.0,0.0,,,1.0,0.0
unchanged,EID2,True,,0.0,,0.0,146.6274743538042,4,0.0,0.0,,,,0.0
unchanged,UQCRQ,True,,0.0,,0.0,164.80066349559945,48,0.0,0.020833333333333332,0.0,,1.0,0.0
unchanged,ZNF426,True,,0.0,,0.0,160.0958543845362,3,0.0,0.0,,,,0.0
unchanged,BIRC2,True,,0.0,,0.0,162.71654086285315,75,0.0,0.0,,,1.0,0.0
unchanged,PLCB3,True,,0.0,,0.0,161.07982071240048,2,0.0,0.0,,,,0.0
unchanged,TFAM,True,,0.0,,0.0,171.5810298108544,98,0.0,0.02040816326530612,0.0,,1.0,0.0
unchanged,PMS1,True,,0.0,,0.0,162.4838521491592,1,0.0,0.0,,,,0.0
unchanged,ZNF286A,True,,0.0,,0.0,161.4189101092614,2,0.0,0.0,,,,0.0
unchanged,GSK3B,True,,0.0,,0.0,151.18001768217312,217,0.0,0.018433179723502304,0.0,,1.0,0.0
unchanged,LRPPRC,True,,0.0,,0.0,173.14051056513605,98,0.0,0.02040816326530612,0.0,,1.0,0.0
unchanged,CASP3,True,,0.0,,0.0,152.953613284989,417,0.0,0.03836930455635491,0.0,,1.0,0.0
unchanged,MAST2,True,,0.0,,0.0,157.14622969494067,0,,,,,,0.0
unchanged,HAT1,True,,0.0,,0.0,159.36096018137866,29,0.0,0.0,,,1.0,0.0
unchanged,MAU2,True,,0.0,,0.0,147.81085925668492,902,0.0,0.11197339246119734,0.0,,1.0,0.0
unchanged,SMARCA4,True,,0.0,,0.0,152.0361807612187,2229,0.0,0.2126514131897712,0.0,,1.0,0.0
unchanged,TWF2,True,,0.0,,0.0,165.85300461052321,4,0.0,0.0,,,,0.0
unchanged,IRF3,True,,0.0,,0.0,158.28011450502797,4,0.0,0.0,,,,0.0
unchanged,MKI67,True,,0.0,,0.0,153.6413469608856,5,0.0,0.0,,,,0.0
unchanged,AKT2,True,,0.0,,0.0,167.79787312109457,50,0.0,0.02,0.0,,1.0,0.0
unchanged,SSBP1,True,,0.0,,0.0,149.2173925339789,59,0.0,0.01694915254237288,0.0,,1.0,0.0
unchanged,PHF14,True,,0.0,,0.0,159.71502701058353,24,0.0,0.0,,,1.0,0.0
unchanged,DNMT1,True,,0.0,,0.0,112.59689809306178,1279,0.0,0.11415168100078187,0.0,,1.0,0.0
unchanged,TMSB10,True,,0.0,,0.0,154.07959501893413,263,0.0,0.019011406844106463,0.0,,1.0,0.0
unchanged,CLDN6,True,,0.0,,0.0,163.0163910524939,4,0.0,0.0,,,,0.0
unchanged,DLG5,True,,0.0,,0.0,149.67069131224994,85,0.0,0.011764705882352941,0.0,,1.0,0.0
unchanged,NDUFB6,True,,0.0,,0.0,165.61150712961893,12,0.0,0.0,,,1.0,0.0
unchanged,STAT6,True,,0.0,,0.0,152.75862504968006,73,0.0,0.0,,,1.0,0.0
unchanged,ZNF714,True,,0.0,,0.0,150.64988596465963,8,0.0,0.0,,,,0.0
unchanged,SAFB,True,,0.0,,0.0,158.88159559234117,165,0.0,0.012121212121212121,0.0,,1.0,0.0
unchanged,SOX2,True,,0.0,,0.0,165.26825132525732,1156,0.0,0.11764705882352941,0.0,,1.0,0.0
unchanged,SLC25A3,True,,0.0,,0.0,166.19729740931973,21,0.0,0.0,,,1.0,0.0
unchanged,ZNF593,True,,0.0,,0.0,158.75040648922283,21,0.0,0.0,,,1.0,0.0
unchanged,RAF1,True,,0.0,,0.0,164.63098716323785,38,0.0,0.0,,,1.0,0.0
unchanged,METTL17,True,,0.0,,0.0,156.5058449556536,81,0.0,0.024691358024691357,0.0,,1.0,0.0
unchanged,IKBKG,True,,0.0,,0.0,153.50159391603455,12,0.0,0.0,,,1.0,0.0
unchanged,SMAGP,True,,0.0,,0.0,151.98625905115114,79,0.0,0.0,,,1.0,0.0
unchanged,MAP1B,True,,0.0,,0.0,162.5423410172381,3,0.0,0.0,,,,0.0
unchanged,TAZ,True,,0.0,,0.0,157.75460897732535,22,0.0,0.0,,,1.0,0.0
unchanged,OXCT1,True,,0.0,,0.0,156.60125129577514,129,0.0,0.0,,,1.0,0.0
unchanged,WSB2,True,,0.0,,0.0,150.66278685598564,106,0.0,0.009433962264150943,0.0,,1.0,0.0
unchanged,C1QBP,True,,0.0,,0.0,158.15174351445802,66,0.0,0.0,,,1.0,0.0
unchanged,CALM3,True,,0.0,,0.0,152.14735219405537,1,0.0,0.0,,,,0.0
unchanged,SIX4,True,,0.0,,0.0,169.46263987346595,25,0.0,0.0,,,1.0,0.0
unchanged,RRM1,True,,0.0,,0.0,159.709823662722,5,0.0,0.0,,,,0.0
unchanged,MBTPS1,True,,0.0,,0.0,177.25274419268575,384,0.0,0.036458333333333336,0.0,,1.0,0.0
unchanged,RAB3B,False,,0.0,,0.0,161.29013488816196,0,,,,,,0.0
unchanged,XRCC4,True,,0.0,,0.0,155.158715763011,14,0.0,0.0,,,1.0,0.0
unchanged,TRAPPC6A,True,,0.0,,0.0,156.86587760570848,230,0.0,0.017391304347826087,0.0,,1.0,0.0
unchanged,SIN3B,True,,0.0,,0.0,143.65164088588244,1161,0.0,0.10766580534022395,0.0,,1.0,0.0
unchanged,SV2A,False,,0.0,,0.0,153.12776491502842,18,0.0,0.0,,,1.0,0.0
unchanged,EWSR1,True,,0.0,,0.0,148.05415156605153,178,0.0,0.033707865168539325,0.0,,1.0,0.0
unchanged,TXNDC9,True,,0.0,,0.0,149.63609133113636,24,0.0,0.0,,,1.0,0.0
unchanged,TMBIM6,True,,0.0,,0.0,155.25827486738518,6,0.0,0.0,,,,0.0
unchanged,METTL3,True,,0.0,,0.0,162.2199557003105,2926,0.0,0.2573479152426521,0.0,,1.0,0.0
unchanged,METTL14,True,,0.0,,0.0,155.7858272112017,3008,0.0,0.26628989361702127,0.0,,1.0,0.0
unchanged,MED24,True,,0.0,,0.0,162.47181340019768,647,0.0,0.06800618238021638,0.0,,1.0,0.0
unchanged,ATM,True,,0.0,,0.0,139.1986550547598,76,0.0,0.0,,,1.0,0.0
unchanged,PHF10,True,,0.0,,0.0,170.25233719406157,120,0.0,0.016666666666666666,0.0,,1.0,0.0
unchanged,DZIP3,False,,0.0,,0.0,151.1440063014344,1,0.0,0.0,,,,0.0
unchanged,ZNF562,True,,0.0,,0.0,163.44445928919214,10,0.0,0.0,,,1.0,0.0
unchanged,MED1,True,,0.0,,0.0,179.61064726608552,302,0.0,0.023178807947019868,0.0,,1.0,0.0
source_global,TMSB4X,True,0.008720565725566355,0.06561880508627474,0.1328973563919774,10.28628987626295,156.75826255505066,0,,,,,,0.02304553437080967
source_global,PRCP,True,0.03168641737569306,0.07097916282884308,0.4464185841709727,10.313585093616142,145.30440600554837,6,0.0,0.0,,0.9999371323357582,,0.023099778440667313
source_global,TADA1,True,-0.0008019786491114352,0.06786313984458618,-0.011817588324796815,10.287804466459361,151.59635245318046,533,0.016885553470919325,0.028142589118198873,0.6,0.964150819144655,1.0018175742169066,0.023541040532343366
source_global,HIRA,True,0.000677141480789697,0.06832799570810147,0.009910161622220835,10.286723538068243,150.54917726568954,32,0.0,0.0,,0.999745951230779,1.0097872286221663,0.023233611878724178
source_global,IGF2R,True,0.008544394734421023,0.06779307591928044,0.12603639263388233,10.28910638394531,151.77223107852927,6,0.0,0.0,,0.9999728898199435,,0.023247071389025906
source_global,NCK2,True,0.02183091075107066,0.06091655652885097,0.35837401184571593,10.30324383499314,169.13700350270742,2,0.0,0.0,,0.9990445589069971,,0.023065386908586852
source_global,MED13,True,-0.0005905437923628026,0.0623998134941693,-0.009463871112659393,10.273310996440753,164.6368862528844,113,0.0,0.0,,0.99798136635958,1.0069051790300845,0.023316943930342827
source_global,MED12,True,0.013113912285960188,0.059359397509075276,0.2209239452599775,10.262648596355948,172.89003977486334,68,0.0,0.0,,0.9977893678866021,0.9987766287572875,0.023806855763570563
source_global,STAT1,True,0.02508236804795587,0.0643849169558443,0.38956900519352317,10.300901440330726,159.98935662827938,8,0.0,0.0,,0.9982408843707357,,0.02293633947841442
source_global,USP22,True,0.00338204850385505,0.06867386684380863,0.049247969559470965,10.291381718752522,149.85877731567336,21,0.0,0.0,,0.9998948096094662,0.9980343804374897,0.023221036212967585
source_global,MED13L,True,0.011160112986162448,0.06009597206715028,0.18570484181023508,10.2866972071202,171.1711592854511,16,0.0,0.0,,0.9997780417058291,1.0049030923324602,0.023252175605705354
source_global,TET1,True,0.00853681462841454,0.06260780307945166,0.13635384422579086,10.285561215380309,164.28561152876654,46,0.0,0.0,,0.9988601941693268,1.0309225520372225,0.023264531018184566
source_global,KIF1B,True,-0.0027918754962319918,0.06289324986362649,-0.04439070174121558,10.278938108837385,163.4346790971296,2,0.0,0.0,,0.9999797782725732,,0.023293380696088106
source_global,SRC,False,0.004694041332565224,0.06334788691855893,0.07409941453295767,10.20691055414672,161.1247201863085,6,0.0,0.0,,0.9999399105630522,,0.023044663264734467
source_global,PBX1,True,0.0089934878421092,0.06591704423042755,0.13643645504902316,10.278033626834006,155.92376367643055,5,0.0,0.0,,0.9999735118603424,,0.023248047490295413
source_global,CAST,True,0.004302959036913952,0.06193197315366205,0.06947879774858291,10.305640024873973,166.4025785082644,38,0.0,0.0,,0.9988244444126452,0.9810746963408836,0.023406626416253837
source_global,IDE,True,0.002957587323833742,0.06566897918500914,0.045037814818185855,10.279582114536542,156.53634702582917,0,,,,,,0.02321750253402959
source_global,MAPKAPK2,True,0.012273174489926002,0.06561394480359481,0.18705131244072964,10.277690355649982,156.63881186254932,5,0.0,0.0,,0.9999296666981607,,0.02320507240862157
source_global,PTPN1,True,0.011068788888984013,0.06978738708155134,0.15860729784952937,10.267268614639265,147.12212398267982,2,0.0,0.0,,0.9999467705378029,,0.0237235475839217
source_global,KDM2B,True,0.02058629432933776,0.05806328186698321,0.35454927223195487,10.28292347831555,177.0985577748194,44,0.0,0.0,,0.9981242577908848,0.993971005471005,0.023187999696297104
source_global,ATP1B1,False,0.009268812353823923,0.06655782069712243,0.13925955292320216,10.219728774870362,153.54662559304924,2,0.0,0.0,,0.999989512014656,,0.022923893499665303
source_global,KAT2A,True,-0.012499866495548613,0.06734184158698929,-0.1856181268729015,10.303040967723048,152.99612729500458,738,0.014905149051490514,0.044715447154471545,0.3333333333333333,0.9493536031498186,0.9946888961425706,0.02349274946219563
source_global,NISCH,True,0.0053001125468853825,0.06692832017951106,0.07919087962569124,10.293173406674564,153.7939900339175,6,0.0,0.0,,0.9999557235180784,,0.02308044243208477
source_global,KDR,False,-0.0008040035119776674,0.06217282297147422,-0.012931751745397754,10.20525927358693,164.14341163612997,7,0.0,0.0,,0.9998124503821572,,0.022967002451577238
source_global,WFS1,False,0.01152148867815779,0.06626881566411974,0.17385988511631012,10.204119933545748,153.98071975912217,4,0.0,0.0,,0.9984386706951481,,0.0229634982302825
source_global,TARBP2,True,0.007322227004087721,0.06730542569335045,0.10879103621524426,10.273529995584024,152.64044302150538,4,0.0,0.0,,0.9998334291599763,,0.02304532331453732
source_global,MAP3K7,True,0.002691348771313393,0.0665041130412338,0.04046890708315599,10.288573997237954,154.7058298613628,1,0.0,0.0,,0.9999946825510337,,0.023213709804058142
source_global,HMGN1,True,0.01741968332972504,0.06127851746074326,0.284270639231515,10.28084927218802,167.77248696942155,3,0.0,0.0,,0.9999840602864961,,0.023231972114726364
source_global,TSC22D4,True,0.017992009425833507,0.06469301909887049,0.2781136152934257,10.313829844592464,159.42724560172118,3,0.0,0.0,,0.9999632075518553,,0.022801932393077835
source_global,FOXH1,True,0.022695854252809355,0.06313155509232853,0.3595009535186828,10.282288199509045,162.8708208513385,32,0.03125,0.03125,1.0,0.9945433852973411,0.995064703842151,0.02310388077168391
source_global,PAGR1,True,0.009209317581191917,0.06505466844424757,0.14156274716985737,10.315153131944669,158.56130510886928,18,0.0,0.0,,0.9990585697478352,0.9918737040819572,0.022964810397029387
source_global,KLF10,True,-0.006270954792786055,0.0663521471655897,-0.09451020141271599,10.307064866867638,155.33882936968305,15,0.0,0.0,,0.9991038017752109,1.014443947662003,0.023167891579167304
source_global,POLB,True,0.013064413492198081,0.06697940066748216,0.1950512151796653,10.310365492823626,153.9333793685199,3,0.0,0.0,,0.9999865272773568,,0.022862168686312415
source_global,RNF2,True,0.012689015903702326,0.06920522323178005,0.18335344228577455,10.288642265041934,148.66857997962848,377,0.005305039787798408,0.010610079575596816,0.5,0.9749656742551315,0.9933593765439322,0.022960843761052042
source_global,SMARCA5,True,0.011863218928240231,0.06666495355586846,0.1779528567180097,10.27295991930098,154.09835860294635,953,0.025183630640083946,0.05981112277019937,0.42105263157894735,0.9374521269180978,1.0063231587210772,0.022909275269211143
source_global,ACAT2,True,0.008060336989888476,0.07242235276320157,0.11129625981971694,10.307792932104157,142.32888795821663,313,0.012779552715654952,0.02875399361022364,0.4444444444444444,0.9757505990911028,1.0095867791031334,0.023046282540566655
source_global,TRAM2,True,0.016669329452145464,0.06776952608979146,0.2459708723661337,10.322055764963395,152.31116934899546,1,0.0,0.0,,0.9999947657147612,,0.022830919215828967
source_global,CAMSAP2,False,0.01975764201118127,0.05679223343850866,0.34789337933986525,10.22260805797073,180.000106335652,2,0.0,0.0,,0.9999892830177772,,0.02294599482419509
source_global,CDCA2,True,0.01674788033707362,0.06827269413626237,0.24530861933831535,10.296295903314089,150.8113314345583,8,0.0,0.0,,0.9991058621900099,,0.022952805159779113
source_global,CREG1,True,0.006003449285459945,0.06473065484724953,0.09274507263408346,10.305083194526052,159.19942751767056,4,0.0,0.0,,0.9999684756553257,,0.023217996885799678
source_global,CASP2,True,0.004128650471578713,0.06713761441197594,0.0614953406929849,10.283913109379467,153.17662385610524,2,0.0,0.0,,0.9999944868659713,,0.023092278909350013
source_global,UBE3C,True,-0.0002639183542931535,0.06342280852070974,-0.004161253032605377,10.296740065694417,162.35074267220722,37,0.0,0.02702702702702703,0.0,0.9946759004227964,0.9957733845420746,0.02249139905543526
source_global,EIF4B,True,0.033025638949406286,0.06577376218187818,0.5021096232580325,10.303753372350075,156.6544626694463,124,0.0,0.0,,0.9966161480167132,0.9984460995667688,0.022627115278453784
source_global,STAG2,True,0.001293431543653189,0.060968756854096494,0.021214661580659787,10.306640136752,169.04789712896198,453,0.017660044150110375,0.02207505518763797,0.8,0.9713684737003401,0.9969105764854813,0.023349029763717742
source_global,HMGB2,True,-0.0025311101639692007,0.06497960699650235,-0.03895237722975829,10.292986514655752,158.4033359144476,26,0.0,0.0,,0.9997414215831069,1.0003972717154137,0.023243452703643138
source_global,TGFBR2,False,0.024567511515080756,0.062284335712778006,0.39444125451338136,10.227526890109036,164.20704777639295,260,0.0,0.0,,0.9962160917017717,0.9922992662430925,0.0229288075481264
source_global,ANTXR1,False,0.020442732004300673,0.06173499332773004,0.33113686261821035,10.206303803944731,165.32444977782606,2,0.0,0.0,,0.9999892599445266,,0.023008924962061306
source_global,MTA1,True,-0.00037212238061022504,0.06904526406119092,-0.005389542435241235,10.307144847501009,149.28098237652284,28,0.0,0.0,,0.9987232360698858,0.9999443234694,0.02293249793012212
source_global,DHCR24,True,0.0135520599956224,0.07266725120380274,0.18649473829158975,10.311871206570276,141.90534299487368,32,0.0,0.0,,0.9965600092836789,1.037539397163103,0.023074531320197756
source_global,NDUFB4,True,0.013320793783925013,0.05801025422925296,0.2296282607430413,10.28597797002531,177.313099325091,17,0.0,0.0,,0.9998516792686258,1.006940051659369,0.022749290742215333
source_global,ACVR1B,True,0.00990558599387033,0.06127459863891453,0.16165892904893625,10.295060645888874,168.01514615471743,25,0.0,0.0,,0.9998237284819866,1.01635684238545,0.023135867732297956
source_global,DHX36,True,6.327653652687684e-05,0.0676386296886783,0.000935508847800747,10.287796891271327,152.09942807273268,1387,0.04830569574621485,0.11175198269646719,0.432258064516129,0.8735228215783457,1.0012228209982714,0.023348824318124975
source_global,LZTR1,True,0.001666299034560444,0.06624104345139983,0.025155084336541064,10.273797619620108,155.09715856390238,191,0.0,0.010471204188481676,0.0,0.9906864821229252,1.0051022525765578,0.023279579507544276
source_global,INSIG1,True,-0.010141594477019846,0.06887116573032086,-0.14725457845060058,10.284449411833597,149.32881275894854,219,0.0,0.0091324200913242,0.0,0.9906277787004134,0.9913798329272434,0.02278850451379185
source_global,LAD1,False,0.0037599547691440256,0.06742997398308805,0.055760881208215374,10.187970490274639,151.0896399400934,2,0.0,0.0,,0.9999881246453279,,0.023135060662740646
source_global,TCF3,True,0.012956440018081338,0.0724426189048153,0.1788510715647266,10.294671207436673,142.10793815948557,6,0.0,0.0,,0.9999686082987802,,0.023044680168570593
source_global,DAXX,True,0.008088968176919642,0.06425647870746545,0.12588564359005014,10.292140646353978,160.1728083048257,28,0.0,0.0,,0.9998217762086036,0.9959936576880246,0.023333411879905397
source_global,CLDN7,True,0.01265770378050413,0.06501326786439564,0.19469416314998203,10.30534125667799,158.51135614614574,7,0.0,0.0,,0.9999629058723818,,0.023289362334972384
source_global,NIT1,True,0.010458099840406819,0.06355102429018586,0.16456225461690718,10.300316930541236,162.07947937248127,143,0.006993006993006993,0.006993006993006993,1.0,0.9949069585249557,0.988132612259515,0.023032284388126715
source_global,PRR12,True,0.01404532173503311,0.0631357189749703,0.22246237095361623,10.300938037006198,163.1554721201469,105,0.009523809523809525,0.009523809523809525,1.0,0.9930694917147379,1.0017252159773082,0.023108706957723327
source_global,ARID1A,True,-0.002414411158400239,0.0651409922106885,-0.03706439027810933,10.278066053734989,157.78184680534443,220,0.004545454545454545,0.013636363636363636,0.3333333333333333,0.9848084612767792,0.9996724704758851,0.023012566538887558
source_global,STX4,True,0.013756802289589023,0.06438640669414844,0.21366004092971486,10.292433774621331,159.85414162826277,19,0.0,0.0,,0.9998708665173618,1.0244420964717789,0.022958959500823835
source_global,CENPO,True,0.001268691335011262,0.06774888280688561,0.018726380162276558,10.28696397042013,151.83961039981344,5,0.0,0.0,,0.999948569476576,,0.023072431672395914
source_global,NRAS,True,-0.003572020262130163,0.07021352007488856,-0.050873681569024116,10.290150119408564,146.55510944948014,5,0.0,0.0,,0.9988916420986619,,0.023107994334980803
source_global,CHMP3,True,0.0007597052498799663,0.07260357583205372,0.01046374426016307,10.270696819728386,141.46268557745032,98,0.0,0.0,,0.9980890050663438,1.006778729724122,0.02331730087401663
source_global,EID2,True,0.026300827838135227,0.07012980671631731,0.3750306619911978,10.28295643573406,146.6274743538042,4,0.0,0.0,,0.9997612730499432,,0.02293350025110666
source_global,UQCRQ,True,0.008276730200713893,0.06237972765782938,0.13268301275879435,10.280220506685078,164.80066349559945,48,0.0,0.020833333333333332,0.0,0.9957949830101825,1.0059625618179513,0.02313954962967136
source_global,ZNF426,True,0.021482787559300887,0.06440246174251686,0.33357090673318934,10.310567137135644,160.0958543845362,3,0.0,0.0,,0.9999842419225675,,0.022920381710514498
source_global,BIRC2,True,-0.00012405852628739018,0.0631818860066218,-0.00196351413559241,10.280737936188606,162.71654086285315,75,0.0,0.0,,0.9986990425908542,0.9909689121063006,0.023138265411233233
source_global,PLCB3,True,0.025005020347974555,0.06395659685188508,0.3909685877421345,10.302117154276926,161.07982071240048,2,0.0,0.0,,0.9995386257554769,,0.022932635970284516
source_global,TFAM,True,0.01646008721046852,0.05999683694494954,0.2743492498708152,10.294319068408358,171.5810298108544,98,0.01020408163265306,0.02040816326530612,0.5,0.9897816818089301,0.9963304977581776,0.023654905225929074
source_global,PMS1,True,0.014982939820337236,0.06345883519457225,0.23610486663358662,10.311035995312738,162.4838521491592,1,0.0,0.0,,0.9999775570494343,,0.02275209497139632
source_global,ZNF286A,True,0.004151069602551503,0.0637809889320997,0.0650831803026866,10.295457719110397,161.4189101092614,2,0.0,0.0,,0.9999894875446836,,0.023024802690494693
source_global,GSK3B,True,0.019992776916418195,0.0681222207696097,0.2934839277191805,10.298718540498497,151.18001768217312,217,0.009216589861751152,0.013824884792626729,0.6666666666666666,0.9874366693603323,1.0022730316064525,0.02329658391090557
source_global,LRPPRC,True,0.01639900369367539,0.05941227501284308,0.27602046361851046,10.286671629559926,173.14051056513605,98,0.0,0.01020408163265306,0.0,0.9934918847083706,1.0006370847654318,0.023607738516495655
source_global,CASP3,True,-0.0018198750949340694,0.06736608099625854,-0.027014709302076573,10.303885501226974,152.953613284989,417,0.002398081534772182,0.02158273381294964,0.1111111111111111,0.9788704930010482,0.9915166362893173,0.0230647922554388
source_global,MAST2,True,0.0012299713124139518,0.06541866574210291,0.018801534676094023,10.28029667304505,157.14622969494067,0,,,,,,0.023256575909724127
source_global,HAT1,True,0.0023754221454443465,0.06297421348756424,0.03772055280870527,10.035631128045363,159.36096018137866,29,0.0,0.0,,0.9996517800080578,0.9928379346899,0.022567706890069095
source_global,MAU2,True,0.00846764855764338,0.06946000535186286,0.12190682270680657,10.266943075032783,147.81085925668492,902,0.03325942350332594,0.06651884700665188,0.5,0.9296608402547732,0.999661842439644,0.02328378387670421
source_global,SMARCA4,True,0.001805439094428624,0.06775318820203967,0.026647293542036925,10.300935968634173,152.0361807612187,2229,0.08120233288470166,0.16733961417676088,0.48525469168900803,0.8202257966610713,1.0041039050338745,0.022900521406395185
source_global,TWF2,True,0.010326142909512287,0.062021886900230215,0.16649191802440888,10.28651629401723,165.85300461052321,4,0.0,0.0,,0.9999791745507854,,0.022999225641537602
source_global,IRF3,True,0.005088598136062122,0.06511264859466454,0.07815068570992045,10.306037475289152,158.28011450502797,4,0.0,0.0,,0.9999794720368168,,0.02316088134685727
source_global,MKI67,True,0.011940482295683709,0.06696149076956469,0.1783186449174888,10.288053636344827,153.6413469608856,5,0.0,0.0,,0.9999479518056162,,0.023001103577307596
source_global,AKT2,True,0.017980423122773388,0.06135481058443495,0.29305645232217253,10.295206721815806,167.79787312109457,50,0.0,0.0,,0.9995073955687082,1.0191096448519819,0.023330355533051288
source_global,SSBP1,True,0.00609767002155632,0.06894275427338738,0.0884454078723989,10.287458026785696,149.2173925339789,59,0.0,0.01694915254237288,0.0,0.9947394719337146,0.9962937706266993,0.023543130133123494
source_global,PHF14,True,0.010630789509876382,0.06439903763860395,0.16507683809709237,10.285494035905215,159.71502701058353,24,0.0,0.0,,0.9998557389858334,0.9987924559850277,0.023038478812848512
source_global,DNMT1,True,0.00528152819932238,0.09158729947307896,0.05766660038791541,10.312445825389004,112.59689809306178,1279,0.046129788897576234,0.0836591086786552,0.5514018691588785,0.9086051379355679,1.0009076884457475,0.0231958437811706
source_global,TMSB10,True,0.0011554738963768121,0.06685947366258009,0.017282126721609354,10.301680625109432,154.07959501893413,263,0.0,0.015209125475285171,0.0,0.9808289142466943,1.0033535296300684,0.022917794122240733
source_global,CLDN6,True,0.010754783371039262,0.06306934038108765,0.17052316238056386,10.281336254986229,163.0163910524939,4,0.0,0.0,,0.9999554273286316,,0.023024214657461725
source_global,DLG5,True,0.009901386753036864,0.06875776611827934,0.14400390402451668,10.291022388008866,149.67069131224994,85,0.011764705882352941,0.011764705882352941,1.0,0.9939873224803853,1.0026869181960265,0.02328513057992851
source_global,NDUFB6,True,0.014852338811385899,0.06216946227810385,0.23890087298723364,10.29597834531477,165.61150712961893,12,0.0,0.0,,0.9999366092789234,0.9910513805727449,0.022773874808524133
source_global,STAT6,True,0.006694316307905526,0.06350971870268028,0.1054061716009932,9.701657306313392,152.75862504968006,73,0.0,0.0,,0.9938305349230065,0.9884737296114476,0.021495652363863627
source_global,ZNF714,True,0.014120105055126822,0.06836013106960542,0.20655468083800912,10.298445950165243,150.64988596465963,8,0.0,0.0,,0.9999496279988017,,0.022689761981660474
source_global,SAFB,True,0.0029497562192074608,0.06463350391312177,0.045638191349991274,10.269074230440614,158.88159559234117,165,0.006060606060606061,0.012121212121212121,0.5,0.9862629679266519,0.9997157530953348,0.0229805442460047
source_global,SOX2,True,0.010811455087721996,0.02993860718119424,0.36112084380843035,4.9479012559497635,165.26825132525732,1156,0.04671280276816609,0.08650519031141868,0.54,0.9038815653313892,0.9992009469774832,0.007450842679191302
source_global,SLC25A3,True,0.00853160719371232,0.061837894644340155,0.13796729728238238,10.27729096737158,166.19729740931973,21,0.0,0.0,,0.9997599269729435,0.9993619186845065,0.023102084870999476
source_global,ZNF593,True,0.008873550830346943,0.0648290869064435,0.13687607297558566,10.291643898723057,158.75040648922283,21,0.0,0.0,,0.9997599819387527,1.0028586755947146,0.023075131692535156
source_global,RAF1,True,0.0166595133567423,0.06257912136941643,0.2662152007280197,10.3024625268551,164.63098716323785,38,0.0,0.0,,0.9992765876837205,1.0093568336383818,0.02295009305972491
source_global,METTL17,True,0.003775285096691681,0.06563941990456762,0.05751551586197019,10.272952874563304,156.5058449556536,81,0.0,0.0,,0.9967470925863156,0.9965253797345208,0.02300264286627353
source_global,IKBKG,True,0.015274503697294687,0.06715031283620232,0.22746734977323654,10.30768005231741,153.50159391603455,12,0.0,0.0,,0.9999240199271119,0.9965409768349782,0.023004467498342975
source_global,SMAGP,True,0.013294733084638553,0.06770415537304897,0.19636509770168106,10.290101297367606,151.98625905115114,79,0.0,0.0,,0.9951699207395434,0.9829472900061929,0.023217624317342405
source_global,MAP1B,True,0.01616257066494285,0.06342288179118144,0.2548381626391211,10.308903680398195,162.5423410172381,3,0.0,0.0,,0.9989604338461708,,0.022918749096218965
source_global,TAZ,True,0.0027627176323272392,0.06520247572867058,0.042371360925370936,10.285991062929973,157.75460897732535,22,0.0,0.0,,0.9976016328766131,0.967666724796883,0.023268981807849545
source_global,OXCT1,True,0.018532381630088756,0.06587434187192737,0.2813292869949174,10.3160043654295,156.60125129577514,129,0.007751937984496124,0.007751937984496124,1.0,0.9922470152868049,0.9939032284917259,0.0229994032474387
source_global,WSB2,True,-0.0003314655403240003,0.0681866377980734,-0.0048611509678127265,10.273188876997427,150.66278685598564,106,0.009433962264150943,0.009433962264150943,1.0,0.9941727488629317,0.9931135068184366,0.023138186341635728
source_global,C1QBP,True,0.013001583480512953,0.06505098636271398,0.1998675839904746,10.287926910598447,158.15174351445802,66,0.0,0.0,,0.9988794624631722,0.9742527867164456,0.02315409365359039
source_global,CALM3,True,0.0006507728654826482,0.067646270877831,0.009620232675618475,10.292200999863823,152.14735219405537,1,0.0,0.0,,0.999986528893553,,0.02308810749670386
source_global,SIX4,True,0.007750585057298109,0.06070136443458248,0.12768386887993055,10.286613461005665,169.46263987346595,25,0.0,0.0,,0.9995511479549939,1.031103061415547,0.0230732730959703
source_global,RRM1,True,0.006257710131187018,0.06444112715331415,0.09710739721077628,10.29188105428285,159.709823662722,5,0.0,0.0,,0.9998915474910944,,0.02281502232833129
source_global,MBTPS1,True,0.021893199413356216,0.058139036624263486,0.376566257106149,10.305303786369764,177.25274419268575,384,0.0234375,0.03125,0.75,0.9719045637629493,0.9975913386993718,0.02290024846493088
source_global,RAB3B,False,0.012834758055072814,0.06342983760942048,0.2023457498678291,10.230607063957637,161.29013488816196,0,,,,,,0.02282561622101884
source_global,XRCC4,True,0.011079637576633902,0.06638542576996838,0.1668986445161302,10.30027740784899,155.158715763011,14,0.0,0.0,,0.9999195618479845,0.9970612944804657,0.023004275301964038
source_global,TRAPPC6A,True,0.011658958771232795,0.06572747516666662,0.17738333538096382,10.31039807482657,156.86587760570848,230,0.013043478260869565,0.02608695652173913,0.5,0.9770182846900735,0.9911281100836239,0.022883904800930523
source_global,SIN3B,True,0.03028342214557878,0.07166639076430924,0.4225610055510191,10.294994629661872,143.65164088588244,1161,0.053402239448751075,0.08785529715762273,0.6078431372549019,0.927183935383312,1.0016295116601241,0.022706636932779665
source_global,SV2A,False,0.018445555247892934,0.06677132368874793,0.2762496567220415,10.224543556875862,153.12776491502842,18,0.0,0.0,,0.9990469579570144,0.9851210800389771,0.022910440690411493
source_global,EWSR1,True,0.016397379710341928,0.06955718293145842,0.2357395601615996,10.298229704241717,148.05415156605153,178,0.0056179775280898875,0.0056179775280898875,1.0,0.9941115845471293,0.9970336281483816,0.023132058157225723
source_global,TXNDC9,True,0.0036598008611345646,0.0674607617893729,0.05425080838193401,10.094564712382637,149.63609133113636,24,0.0,0.0,,0.9981189055779431,1.0103349322338209,0.02245562292452889
source_global,TMBIM6,True,-0.004399956884600014,0.06616857568667876,-0.06649617040926914,10.273218911545753,155.25827486738518,6,0.0,0.0,,0.9999651850771091,,0.023123062789468213
source_global,METTL3,True,0.012248546093279074,0.06344759268942923,0.1930498159833219,10.292465675370554,162.2199557003105,2926,0.10355434039644566,0.23718386876281614,0.4365994236311239,0.765556256637619,1.0053293481622358,0.023161362607655035
source_global,METTL14,True,-0.003189051776176768,0.0660395449272842,-0.048290032581057546,10.288025135148288,155.7858272112017,3008,0.10505319148936171,0.24468085106382978,0.42934782608695654,0.751450058054385,1.0060821523359522,0.023289320614480483
source_global,MED24,True,0.013259680280505996,0.06258717493266581,0.21185938324858686,10.16865180690561,162.47181340019768,647,0.0077279752704791345,0.01854714064914992,0.4166666666666667,0.9695857893738433,1.0014897289385256,0.023283687308190956
source_global,ATM,True,0.011430216306239045,0.07385739543565388,0.15476061995981555,10.280850110490576,139.1986550547598,76,0.0,0.0,,0.9984355565588201,0.9863437640277299,0.023041225607126996
source_global,PHF10,True,0.014138540307124591,0.06034528833305697,0.23429402191421037,10.273926377352485,170.25233719406157,120,0.0,0.0,,0.9944462815252338,0.9934492900387649,0.02245566690663919
source_global,DZIP3,False,0.010262160637355421,0.0676056059771251,0.15179452190440693,10.218182135818887,151.1440063014344,1,0.0,0.0,,0.9999980357690306,,0.022954643219881977
source_global,ZNF562,True,0.023472373677411982,0.06287686084061449,0.3733070220682886,10.276874521896014,163.44445928919214,10,0.0,0.0,,0.9999509028091986,0.9872190464147382,0.023041245505323524
source_global,MED1,True,0.0028439339296242715,0.05737871707386166,0.04956426484690086,10.305828512933886,179.61064726608552,302,0.009933774834437087,0.009933774834437087,1.0,0.9909787878262714,1.0025581665110848,0.023265995331987022
source_residual,TMSB4X,True,-0.007654433276513588,0.128687458158015,-0.05948080245018694,20.17282235347621,156.75826255505066,0,,,,,,0.018116213130356083
source_residual,PRCP,True,-0.011103709173616945,0.10932097422741738,-0.10156979712345236,15.884819224062744,145.30440600554837,6,0.16666666666666666,0.16666666666666666,1.0,0.9820235222278423,,0.03763463351852051
source_residual,TADA1,True,0.01926076281164871,0.13397781961674757,0.1437608319552102,20.3105487635291,151.59635245318046,533,0.0225140712945591,0.05065666041275797,0.4444444444444444,0.955746631497011,0.9801261474242879,0.07575471644872425
source_residual,HIRA,True,0.00043616124225493406,0.10283771317480137,0.004241257694184199,15.482133110351308,150.54917726568954,32,0.0,0.0,,0.9986630945686846,0.9745164485221192,0.03513545022001094
source_residual,IGF2R,True,-0.0035026572370732935,0.11766947550022648,-0.0297669146750514,17.858958826509713,151.77223107852927,6,0.0,0.0,,0.9980465734146227,,0.044829588004149504
source_residual,NCK2,True,-0.010142876090544005,0.10016126358713932,-0.10126545659759774,16.940975990173584,169.13700350270742,2,0.5,0.5,1.0,0.9955793748235578,,0.020199994406864846
source_residual,MED13,True,0.004730462415670858,0.11338992690117278,0.041718541893000644,18.66816449745126,164.6368862528844,113,0.0,0.008849557522123894,0.0,0.9948516209254757,0.9835977202739593,0.04502806976540515
source_residual,MED12,True,-0.009135024848052226,0.3126894215886493,-0.029214371249404073,54.06088653564059,172.89003977486334,68,0.0,0.0,,0.9961185373259361,1.0028155635835587,0.21586188671067558
source_residual,STAT1,True,0.0036404414150250776,0.1443153007751529,0.025225609450081683,23.08891212263334,159.98935662827938,8,0.25,0.25,1.0,0.9802059881692297,,0.0157966444065521
source_residual,USP22,True,-0.012172311002057533,0.1253195472619892,-0.09713018653514978,18.780234126435445,149.85877731567336,21,0.0,0.0,,0.999781275500731,0.9823903528665402,0.04424762785709847
source_residual,MED13L,True,-0.009119248572904746,0.13992744255163325,-0.06517126595478039,23.951542557411425,171.1711592854511,16,0.0,0.0,,0.9998720428047475,0.9793858081931748,0.056317872035234626
source_residual,TET1,True,0.013915315871232093,0.13253518177314283,0.10499337372208531,21.773623386677002,164.28561152876654,46,0.0,0.0,,0.9985218011971406,0.9654342708803315,0.05423412063357322
source_residual,KIF1B,True,0.010055593685571606,0.10243090465346258,0.09816952920206086,16.740762031667334,163.4346790971296,2,0.0,0.0,,0.9999842417747146,,0.042239799267556465
source_residual,SRC,False,,0.0,,0.0,161.1247201863085,6,0.0,0.0,,,,0.0
source_residual,PBX1,True,0.007748642969843002,0.11287815515342964,0.06864608089413457,17.600386788374824,155.92376367643055,5,0.0,0.0,,0.9999882875845671,,0.02692733993041838
source_residual,CAST,True,0.0009623021231367117,0.14395170654017236,0.006684895554664117,23.95393514894967,166.4025785082644,38,0.07894736842105263,0.13157894736842105,0.6,0.9743530708648466,1.02677128340331,0.07769915968797321
source_residual,IDE,True,-0.0003602101756337511,0.10765606029123061,-0.00334593495860161,16.852086413181663,156.53634702582917,0,,,,,,0.0379951650406041
source_residual,MAPKAPK2,True,-0.009804216341278078,0.146261211490075,-0.06703223801714081,22.910182389382395,156.63881186254932,5,0.0,0.0,,0.9993753686783334,,0.03377376653839092
source_residual,PTPN1,True,0.00043459796623508646,0.21973936518032397,0.0019777883943482033,32.32852212793498,147.12212398267982,2,0.0,0.0,,0.9998484211458148,,0.11823612854635783
source_residual,KDM2B,True,-0.005243180163385558,0.09285060171340279,-0.05646899499444725,16.44370765196781,177.0985577748194,44,0.0,0.0,,0.9964974769361712,0.997564311763129,0.030501464540693534
source_residual,ATP1B1,False,,0.0,,0.0,153.54662559304924,2,0.0,0.0,,,,0.0
source_residual,KAT2A,True,0.014807450328148364,0.1660703488795882,0.08916372144725684,25.408120237107294,152.99612729500458,738,0.03116531165311653,0.05555555555555555,0.5609756097560976,0.9488636916100162,1.019130573229944,0.07321657235218126
source_residual,NISCH,True,-0.0004834450908199488,0.10118674680922832,-0.004777751099473614,15.561913530342995,153.7939900339175,6,0.16666666666666666,0.16666666666666666,1.0,0.9825819255360156,,0.028289054747062413
source_residual,KDR,False,,0.0,,0.0,164.14341163612997,7,0.0,0.0,,,,0.0
source_residual,WFS1,False,,0.0,,0.0,153.98071975912217,4,0.0,0.0,,,,0.0
source_residual,TARBP2,True,-0.007744509850006919,0.17538454900075523,-0.04415730971816434,26.770775258602196,152.64044302150538,4,0.0,0.0,,0.9992070649512909,,0.04059305918049431
source_residual,MAP3K7,True,-0.009025109604502842,0.13556935095078584,-0.06657190243375231,20.973368942607657,154.7058298613628,1,0.0,0.0,,0.9999959567562251,,0.04146138386387667
source_residual,HMGN1,True,-0.01120307374443099,0.1168338586672419,-0.09588893041989488,19.60150703083708,167.77248696942155,3,0.0,0.0,,0.9999886078779052,,0.037975792214065315
source_residual,TSC22D4,True,-0.004710262409871965,0.10931820761791886,-0.043087629339249096,17.428300734641898,159.42724560172118,3,0.3333333333333333,0.3333333333333333,1.0,0.9778684320042887,,0.006411659270439529
source_residual,FOXH1,True,-0.007324179746458516,0.10428668694474554,-0.07023120554533584,16.98525830655727,162.8708208513385,32,0.0,0.0,,0.9977814213687444,1.006576814343362,0.019297161234677687
source_residual,PAGR1,True,-0.004582882157109358,0.11374224332466254,-0.04029182143021492,18.035118547569066,158.56130510886928,18,0.0,0.0,,0.9990149806561712,0.95485484548464,0.029704385485978306
source_residual,KLF10,True,0.0028253798249764585,0.09338296568027266,0.030255837393835586,14.506000571842842,155.33882936968305,15,0.0,0.0,,0.9997795717590039,0.9706151917627527,0.030593256299852524
source_residual,POLB,True,-0.009367796488797193,0.19866768759007844,-0.04715309571693543,30.58158852207014,153.9333793685199,3,0.0,0.0,,0.9953807456579464,,0.03584009325318259
source_residual,RNF2,True,0.007327343949473675,0.1634418433791413,0.04483150580036104,24.29866676442978,148.66857997962848,377,0.01856763925729443,0.026525198938992044,0.7,0.979169674219565,1.010902296322514,0.030148431933461693
source_residual,SMARCA5,True,0.006391896453399816,0.16413761302134675,0.03894230174145718,25.293336751595128,154.09835860294635,953,0.04302203567681007,0.06400839454354669,0.6721311475409836,0.9278418009428744,0.9852520077351,0.012698788136854974
source_residual,ACAT2,True,0.005514815876116057,0.15605884774809556,0.03533805327729876,22.21168225602708,142.32888795821663,313,0.04153354632587859,0.051118210862619806,0.8125,0.9571447059290238,0.9039116656482029,0.031549592750929945
source_residual,TRAM2,True,-0.008121327563641725,0.11863128336374734,-0.0684585661839306,18.06886949050439,152.31116934899546,1,0.0,0.0,,0.9999992511744005,,0.01570931765336922
source_residual,CAMSAP2,False,,0.0,,0.0,180.000106335652,2,0.0,0.0,,,,0.0
source_residual,CDCA2,True,0.008199323942224954,0.15920090809674592,0.05150299731482844,24.009300915661004,150.8113314345583,8,0.125,0.125,1.0,0.987881704502128,,0.02186644006179272
source_residual,CREG1,True,0.008728428331271224,0.10927985839440153,0.07987225147903729,17.39729089560083,159.19942751767056,4,0.0,0.0,,0.9998141299696318,,0.04010373252772064
source_residual,CASP2,True,0.0011997790893959524,0.14029927399781716,0.008551570191408255,21.490569120448285,153.17662385610524,2,0.0,0.0,,0.9999955491036246,,0.030742489825759785
source_residual,UBE3C,True,-0.012039040590247501,0.15441653212952947,-0.07796471287251014,25.069638672095856,162.35074267220722,37,0.13513513513513514,0.13513513513513514,1.0,0.9496955553528804,0.778934387285868,0.04087879782791164
source_residual,EIF4B,True,0.015765837026290044,0.1660539713601047,0.09494405281099992,26.013095657544824,156.6544626694463,124,0.008064516129032258,0.008064516129032258,1.0,0.9894343327877889,0.9585380943633921,0.007749839556658882
source_residual,STAG2,True,0.005643998320265901,0.11450692326003892,0.04928958144695488,19.357154583817003,169.04789712896198,453,0.017660044150110375,0.026490066225165563,0.6666666666666666,0.974614212114417,0.9762166090160459,0.06608984424009914
source_residual,HMGB2,True,0.010397372208215403,0.11571294878227131,0.08985487205739943,18.329317095609394,158.4033359144476,26,0.07692307692307693,0.07692307692307693,1.0,0.9831465544646227,0.8453949723910527,0.041835906650556524
source_residual,TGFBR2,False,,0.0,,0.0,164.20704777639295,260,0.0,0.015384615384615385,0.0,,1.0,0.0
source_residual,ANTXR1,False,,0.0,,0.0,165.32444977782606,2,0.0,0.0,,,,0.0
source_residual,MTA1,True,0.017362396546457506,0.15354417952488225,0.11307752986914026,22.921225957671606,149.28098237652284,28,0.17857142857142858,0.17857142857142858,1.0,0.9330093096765951,0.6299847913337306,0.027101108954638492
source_residual,DHCR24,True,0.012295781589219543,0.15244965041644723,0.08065470504937935,21.63341993179453,141.90534299487368,32,0.0,0.0,,0.9969159117981065,0.9039458004096653,0.0434303901758577
source_residual,NDUFB4,True,-0.0175660287710866,0.10538185594661034,-0.1666893092107439,18.68558349052375,177.313099325091,17,0.058823529411764705,0.058823529411764705,1.0,0.9936334817008379,0.8709169428277065,0.01128560305007983
source_residual,ACVR1B,True,0.006410764568099468,0.11475384298753886,0.05586535841588864,19.280383701366837,168.01514615471743,25,0.04,0.04,1.0,0.9927465311055894,0.9135060420968402,0.038851033267487546
source_residual,DHX36,True,0.04711007503200182,0.15196724583629212,0.31000150573730545,23.1141311774884,152.09942807273268,1387,0.15933669790915644,0.17303532804614274,0.9208333333333333,0.8172293797082331,0.8990680191311823,0.06001439495001414
source_residual,LZTR1,True,0.004537523832698648,0.14212731504061643,0.03192576902900006,22.043542717116196,155.09715856390238,191,0.04712041884816754,0.05759162303664921,0.8181818181818182,0.9473356788388768,0.9441948945815721,0.040818682075484454
source_residual,INSIG1,True,-0.000801483503904316,0.16870563453767845,-0.004750780885894561,25.192612111256587,149.32881275894854,219,0.0365296803652968,0.0365296803652968,1.0,0.9722461930314039,0.9825175940621866,0.009700642242813261
source_residual,LAD1,False,,0.0,,0.0,151.0896399400934,2,0.0,0.0,,,,0.0
source_residual,TCF3,True,0.008928195206518032,0.2095414354014185,0.04260825640243558,29.777501343874622,142.10793815948557,6,0.0,0.0,,0.9999852588069119,,0.04662122240720246
source_residual,DAXX,True,-0.009076705557757086,0.113410101317468,-0.08003436600721073,18.165214418153663,160.1728083048257,28,0.0,0.0,,0.9979595224056298,0.9867822578139714,0.049003567968397256
source_residual,CLDN7,True,0.009594116263027794,0.14549176464687752,0.06594267576803152,23.062096922272417,158.51135614614574,7,0.0,0.0,,0.999930961507709,,0.050605420255534835
source_residual,NIT1,True,-0.00739908685256915,0.11370977020292997,-0.0650699305729359,18.430020354055372,162.07947937248127,143,0.006993006993006993,0.006993006993006993,1.0,0.9922011872059814,0.9973709643672796,0.02662821816219939
source_residual,PRR12,True,0.012820561815301564,0.1351784964548557,0.09484172521169539,22.055111409583585,163.1554721201469,105,0.01904761904761905,0.02857142857142857,0.6666666666666666,0.9827796914707919,0.9791173906217493,0.037459043328551565
source_residual,ARID1A,True,0.020752039923077704,0.1269187845143156,0.16350645022712942,20.025480214958264,157.78184680534443,220,0.01818181818181818,0.03636363636363636,0.5,0.9671544375650153,0.9936879702150979,0.006782413317920504
source_residual,STX4,True,-0.0035978128069365624,0.14358766921968105,-0.02505655831373731,22.95308361151504,159.85414162826277,19,0.0,0.0,,0.9991286516066638,0.9508877375595635,0.021903452216272743
source_residual,CENPO,True,0.0018691789935087696,0.12872088124365375,0.01452117927914609,19.544928458357038,151.83961039981344,5,0.2,0.2,1.0,0.9930500827662269,,0.019514564993050074
source_residual,NRAS,True,0.0187819770683828,0.1268367555887562,0.14807992353005112,18.588574597527128,146.55510944948014,5,0.2,0.2,1.0,0.9935328081805406,,0.029722620014244323
source_residual,CHMP3,True,0.00857800759508187,0.3831759498973715,0.02238660228383168,54.20509892117272,141.46268557745032,98,0.02040816326530612,0.04081632653061224,0.5,0.9919903741198829,1.0850911262707985,0.11043451568102991
source_residual,EID2,True,-0.016349922013891495,0.16282051684011098,-0.10041684138582514,23.873961157246516,146.6274743538042,4,0.0,0.0,,0.9995392776821199,,0.016288805578423864
source_residual,UQCRQ,True,-0.0072712482858474006,0.1457853188621128,-0.049876409659087274,24.025517276393717,164.80066349559945,48,0.0,0.0,,0.9958317468472273,1.0359873960730213,0.03354909145394079
source_residual,ZNF426,True,-0.003805698920903208,0.12102479152824845,-0.031445614347659655,19.375567401425315,160.0958543845362,3,0.0,0.0,,0.9999981994129957,,0.015289866249245375
source_residual,BIRC2,True,0.007301513726846123,0.11197923174371238,0.06520417771357055,18.22087323781668,162.71654086285315,75,0.02666666666666667,0.02666666666666667,1.0,0.9678632991525339,0.917513658822578,0.018814880014819034
source_residual,PLCB3,True,0.009266155453829293,0.16701269199600446,0.055481744190142,26.902374483411762,161.07982071240048,2,0.0,0.0,,0.9994933380750934,,0.038818138572323746
source_residual,TFAM,True,0.007752646031916002,0.1352287274205735,0.05732987494443083,23.202684310833327,171.5810298108544,98,0.09183673469387756,0.09183673469387756,1.0,0.93459397722232,0.9251175681188203,0.10436375430729403
source_residual,PMS1,True,-0.0011909270672899514,0.16535829998748594,-0.007202100332309167,26.868053566802978,162.4838521491592,1,0.0,0.0,,0.998023184218079,,0.01102611521163612
source_residual,ZNF286A,True,0.009689534722958464,0.14366273538372254,0.06744640283423366,23.189882168955716,161.4189101092614,2,0.0,0.0,,0.9999958525384528,,0.03331741337383424
source_residual,GSK3B,True,0.002739863539744273,0.15239970491114696,0.017978142026860783,23.039790083225164,151.18001768217312,217,0.03225806451612903,0.04608294930875576,0.7,0.9732912727456884,0.9525798884455119,0.07220034230228078
source_residual,LRPPRC,True,0.003396221084664455,0.14814173565506625,0.022925484635688546,25.64933574732359,173.14051056513605,98,0.07142857142857142,0.07142857142857142,1.0,0.9544755286258834,0.872499916375992,0.10319237798280044
source_residual,CASP3,True,0.022832872640477536,0.1262447130540441,0.18086201067844332,19.309585019742663,152.953613284989,417,0.03357314148681055,0.047961630695443645,0.7,0.9331116077829105,0.9777475922151038,0.02040691328696011
source_residual,MAST2,True,-0.0020816128104175417,0.13751252613460996,-0.015137623232809112,21.60957501788095,157.14622969494067,0,,,,,,0.03796593573613506
source_residual,HAT1,True,-0.0011775581575669968,1.2659549062649509,-0.0009301738566986099,201.7437894087098,159.36096018137866,29,0.0,0.0,,0.9998791256866831,1.143825664107415,0.06193013028698094
source_residual,MAU2,True,-0.0036192408127231042,0.21170980582244753,-0.01709529135253383,31.293008311681884,147.81085925668492,902,0.04878048780487805,0.06984478935698447,0.6984126984126984,0.9370430527262813,0.9656601269779788,0.05841611572914696
source_residual,SMARCA4,True,0.01819188928004557,0.16159914140188902,0.11257417039613625,24.56891627303534,152.0361807612187,2229,0.09196949304620906,0.1525347689546882,0.6029411764705882,0.8358014197624035,0.9848225444557506,0.021959824571883953
source_residual,TWF2,True,0.0057764410997378675,0.1038307291439611,0.055633251806686664,17.22063839942737,165.85300461052321,4,0.0,0.0,,0.9999982143877146,,0.012295900375355218
source_residual,IRF3,True,0.004845090511319957,0.10208760056772165,0.0474601272277516,16.15843710740254,158.28011450502797,4,0.25,0.25,1.0,0.9890677273348698,,0.03337270539039576
source_residual,MKI67,True,-0.002153948171200326,0.12336312253047599,-0.01746022739225175,18.953676310883107,153.6413469608856,5,0.0,0.0,,0.9999593578229593,,0.013993553977872374
source_residual,AKT2,True,-9.9977212609795e-06,0.17084971889727604,-5.8517633657861976e-05,28.6682194542998,167.79787312109457,50,0.02,0.02,1.0,0.9697443853149903,0.957155568898343,0.08104650250895581
source_residual,SSBP1,True,0.004872485716489523,0.1447907966573357,0.033651902116547006,21.605305140125186,149.2173925339789,59,0.13559322033898305,0.13559322033898305,1.0,0.9535343735428314,0.8518333313838137,0.09079522525514266
source_residual,PHF14,True,-7.690125672467251e-05,0.1382964292325837,-0.0005560610433067782,22.08801793034936,159.71502701058353,24,0.0,0.0,,0.999787059141135,1.0109975815033738,0.02053194354258783
source_residual,DNMT1,True,0.053093576841584056,0.22407675815616118,0.23694370303493342,25.23034790313293,112.59689809306178,1279,0.08444096950742767,0.12118842845973417,0.6967741935483871,0.8447668585099029,0.9561726182301119,0.07341784074821242
source_residual,TMSB10,True,0.029111118704111018,0.11316278340547536,0.2572499352530284,17.436075838331003,154.07959501893413,263,0.08365019011406843,0.09505703422053231,0.88,0.9039683545085037,0.8849537531810113,0.013924458605440537
source_residual,CLDN6,True,0.004223487353199097,0.15845467485823636,0.026654230031254666,25.83070924078603,163.0163910524939,4,0.0,0.0,,0.9998715294046128,,0.029306749933452336
source_residual,DLG5,True,0.024091544069270412,0.13085843644194772,0.18410386616500696,19.585672646306435,149.67069131224994,85,0.047058823529411764,0.058823529411764705,0.8,0.9761917241208478,0.9106275569580315,0.04949866239319649
source_residual,NDUFB6,True,-0.0006190381977217161,0.09583076379026748,-0.0064597022212671265,15.87067722068871,165.61150712961893,12,0.0,0.0,,0.9983430034969387,0.8980790568965579,0.0030041084260294328
source_residual,STAT6,True,-0.0020750595069166356,1.8967447306279208,-0.001094010951188821,289.74411712094695,152.75862504968006,73,0.0,0.0,,0.9998740343129695,0.9479694973192827,0.023370687110977874
source_residual,ZNF714,True,-0.006440605966465524,0.2101250969204312,-0.030651293257484665,31.65532188937601,150.64988596465963,8,0.125,0.125,1.0,0.985544008746087,,0.011505852041664042
source_residual,SAFB,True,-0.007167453672166642,0.16358308869908306,-0.04381537070345595,25.99034214443379,158.88159559234117,165,0.024242424242424242,0.024242424242424242,1.0,0.9845038271329274,0.9348506517356677,0.017480259820664805
source_residual,SOX2,True,0.006706791979187421,6.023481236858604,0.0011134411672352417,995.4902109061196,165.26825132525732,1156,0.031141868512110725,0.061418685121107264,0.5070422535211268,0.9331241020298564,2.760776833992722,0.09243814724259254
source_residual,SLC25A3,True,-0.003792426243907897,0.12697300512847692,-0.029867972645607248,21.10257029629256,166.19729740931973,21,0.0,0.0,,0.9997056928020208,0.990870486396021,0.014466005057504354
source_residual,ZNF593,True,-0.009549155904870257,0.1088167042140071,-0.08775450399683278,17.274696026791155,158.75040648922283,21,0.0,0.0,,0.9994858655790161,0.993990757417833,0.031109494784600324
source_residual,RAF1,True,-0.009616397700116807,0.13920295529627216,-0.06908185016366769,22.917119946465355,164.63098716323785,38,0.0,0.0,,0.9966614540984357,0.9632542787142402,0.02748707576363608
source_residual,METTL17,True,-0.004428618227273568,0.12342462090437352,-0.03588115721825678,19.316674582970204,156.5058449556536,81,0.012345679012345678,0.012345679012345678,1.0,0.9911518483471782,0.950383937714406,0.00297998090514426
source_residual,IKBKG,True,-0.012074239086983215,0.12752973788822794,-0.09467783190745324,19.57601803753709,153.50159391603455,12,0.0,0.0,,0.9999259546588787,1.0094922424792712,0.021784327906837396
source_residual,SMAGP,True,0.02812155156310722,0.11768671367823753,0.23895264541070638,17.886763351979262,151.98625905115114,79,0.05063291139240506,0.05063291139240506,1.0,0.9744262672112247,0.9340953947106245,0.04073619635452198
source_residual,MAP1B,True,-0.002928742915006185,0.11780442275074111,-0.024861060787191545,19.148206656089844,162.5423410172381,3,0.0,0.0,,0.9964476036389918,,0.023032368022994597
source_residual,TAZ,True,0.005592633817208291,0.1655030955341736,0.03379171730388273,26.10887612053048,157.75460897732535,22,0.0,0.0,,0.9954892596628785,0.8786487431189668,0.06119939938437817
source_residual,OXCT1,True,0.017140704923035373,0.12537022740564857,0.13672069739153314,19.633134486960447,156.60125129577514,129,0.11627906976744186,0.11627906976744186,1.0,0.850968616827272,0.8371804836706808,0.03365532274847665
source_residual,WSB2,True,-0.005467281043212207,0.14731680076687537,-0.03711240683175046,22.195159754245445,150.66278685598564,106,0.03773584905660377,0.03773584905660377,1.0,0.987637374592036,0.9501635961021276,0.026784659941731737
source_residual,C1QBP,True,-0.004319860598431469,0.13201363757413698,-0.03272283589644666,20.87818695003553,158.15174351445802,66,0.0,0.015151515151515152,0.0,0.993157894820391,0.9959387308363558,0.03144049354540565
source_residual,CALM3,True,0.0006535885245118061,0.29797184048906017,0.0021934573530138736,45.33562655879993,152.14735219405537,1,0.0,0.0,,0.9987696308114664,,0.03200947279419412
source_residual,SIX4,True,-0.011052491534978537,0.10899382216847173,-0.10140475226104743,18.470380834568314,169.46263987346595,25,0.04,0.04,1.0,0.9943229333282302,0.9312857413144753,0.025077233595582206
source_residual,RRM1,True,-0.0013891168267014776,0.1963681082729298,-0.0070740449603494664,31.361915945251916,159.709823662722,5,0.0,0.0,,0.9990260489894117,,0.012236782233557467
source_residual,MBTPS1,True,0.007596367831151288,0.12580505578668671,0.0603820552651841,22.299291371504143,177.25274419268575,384,0.07552083333333333,0.078125,0.9666666666666667,0.9375505782259279,0.9094643311442538,0.02225775812932564
source_residual,RAB3B,False,,0.0,,0.0,161.29013488816196,0,,,,,,0.0
source_residual,XRCC4,True,-0.007427384994444737,0.12319805284558634,-0.0602881687079426,19.11525166402474,155.158715763011,14,0.07142857142857142,0.07142857142857142,1.0,0.9849702830990573,0.8073725893695655,0.03328531063417341
source_residual,TRAPPC6A,True,0.005321000428470759,0.14840466779505085,0.03585467025753626,23.279628454454272,156.86587760570848,230,0.04782608695652174,0.05217391304347826,0.9166666666666666,0.9615156859365159,0.9570242831992253,0.013992469550714015
source_residual,SIN3B,True,0.021523663693354057,0.20470467872846285,0.1051449523628369,29.406162996361083,143.65164088588244,1161,0.06373815676141258,0.09043927648578812,0.7047619047619048,0.9021200297855618,0.9436756535533464,0.006169139399207956
source_residual,SV2A,False,,0.0,,0.0,153.12776491502842,18,0.0,0.0,,,1.0,0.0
source_residual,EWSR1,True,0.008867908756753844,0.15352780142291064,0.057760931079356315,22.730428381470272,148.05415156605153,178,0.02247191011235955,0.028089887640449437,0.8,0.9854445560442602,0.9580041885012529,0.03852572885445323
source_residual,TXNDC9,True,-0.002135464407545514,1.156605783803669,-0.001846320014519315,173.06996869936637,149.63609133113636,24,0.0,0.0,,0.9999523629023547,0.9973390409944299,0.03912146575794612
source_residual,TMBIM6,True,0.007530125609541642,0.14242460726304906,0.052870959269236295,22.112598822325854,155.25827486738518,6,0.16666666666666666,0.16666666666666666,1.0,0.9945683076944124,,0.016623785290782084
source_residual,METTL3,True,0.053148721935320796,0.13240942807724587,0.40139680917822973,21.479451556994274,162.2199557003105,2926,0.23547505126452495,0.2833219412166781,0.8311218335343787,0.6969383248008107,0.9133147393482087,0.029246743937052004
source_residual,METTL14,True,0.07402515532066128,0.15509528002943918,0.4772882534311186,24.161646495939156,155.7858272112017,3008,0.2483377659574468,0.3011968085106383,0.8245033112582781,0.6701360694622804,0.9006186366526057,0.044655035950915994
source_residual,MED24,True,0.00765510511930608,0.6684315713786712,0.011452339247706495,108.60128953583637,162.47181340019768,647,0.03554868624420402,0.04945904173106646,0.71875,0.9905626025759441,0.9895449012908084,0.09573160705040915
source_residual,ATM,True,0.002647512570915277,0.1534352538479945,0.017254917005827874,21.357980973626493,139.1986550547598,76,0.0,0.0,,0.9962974704468344,0.9938182048107452,0.02245199359657885
source_residual,PHF10,True,-0.015102111192713166,0.16128620992669132,-0.09363547695477163,27.459354197191253,170.25233719406157,120,0.075,0.08333333333333333,0.9,0.9539834578373186,0.8756878206447083,0.040798356779324634
source_residual,DZIP3,False,,0.0,,0.0,151.1440063014344,1,0.0,0.0,,,,0.0
source_residual,ZNF562,True,-0.008756254588896457,0.14875796546218528,-0.058862425025047294,24.313665229927192,163.44445928919214,10,0.0,0.0,,0.9997527835193144,0.9548014193944292,0.0264735744832425
source_residual,MED1,True,-0.0010981363483964252,0.13647543676775886,-0.00804640288688089,24.512441533778897,179.61064726608552,302,0.0,0.0,,0.9918349613968817,0.9593148116222548,0.06137607540532144
source_effect,TMSB4X,True,-0.004086612452970605,0.11342411831402811,-0.036029483973208716,17.78016771874555,156.75826255505066,0,,,,,,0.01174749634839472
source_effect,PRCP,True,0.011572035890883025,0.08585504750707942,0.1347857374364486,12.475116680594311,145.30440600554837,6,0.16666666666666666,0.16666666666666666,1.0,0.969659689956969,,0.010413914916968416
source_effect,TADA1,True,0.02187974369757183,0.11642528901379658,0.1879294772030074,17.649649147798904,151.59635245318046,533,0.01876172607879925,0.04127579737335835,0.45454545454545453,0.9501740596066557,0.9855236137317495,0.04770022207382984
source_effect,HIRA,True,0.00010931577430218291,0.07909284616258186,0.001382119617714544,11.90736291737845,150.54917726568954,32,0.0,0.0,,0.9981897640959133,0.9835300437071116,0.0075410132379332105
source_effect,IGF2R,True,0.001008456256384136,0.10036613660657785,0.010047773985135573,15.23279247751277,151.77223107852927,6,0.0,0.0,,0.9972920045882907,,0.01756874882959659
source_effect,NCK2,True,0.003277590228374767,0.08159039478092384,0.040171275518096655,13.799954887848395,169.13700350270742,2,0.5,0.5,1.0,0.9891479470216774,,0.00870816087411815
source_effect,MED13,True,0.004679942537053057,0.09884716669841488,0.04734523702972363,16.273889740146835,164.6368862528844,113,0.0,0.008849557522123894,0.0,0.9945701695159215,0.9934245637105636,0.017923094840032634
source_effect,MED12,True,-0.006897677359836235,0.3101202174452703,-0.02224194674135855,53.61669672910205,172.89003977486334,68,0.0,0.0,,0.9962314154442997,0.9952071584189226,0.18767611455638625
source_effect,STAT1,True,0.015706136407555128,0.1321812394998881,0.11882273510961006,21.147591465915607,159.98935662827938,8,0.25,0.25,1.0,0.9734063124054464,,0.014352216881693705
source_effect,USP22,True,-0.012704633666318207,0.10571731226489312,-0.1201755265446452,15.842667157116122,149.85877731567336,21,0.0,0.0,,0.9998255223133974,0.9800417689497765,0.016971260411727775
source_effect,MED13L,True,-0.005155058508845347,0.1296652921370332,-0.03975665672659238,22.19495837418266,171.1711592854511,16,0.0,0.0,,0.9997999557556088,0.9863745485153697,0.029205098180871754
source_effect,TET1,True,0.019023251215047537,0.12122765834194425,0.15692170809229902,19.91595998490669,164.28561152876654,46,0.0,0.0,,0.9975450392703398,1.0000686061470923,0.026471238420338203
source_effect,KIF1B,True,0.00928232167641709,0.0852617167664754,0.10886857582096993,13.93472131899926,163.4346790971296,2,0.0,0.0,,0.9999986935600083,,0.014652940676655898
source_effect,SRC,False,0.004694041332565224,0.06334788691855893,0.07409941453295767,10.20691055414672,161.1247201863085,6,0.0,0.0,,0.9999399105630522,,0.023044663264734467
source_effect,PBX1,True,0.015066183977201731,0.09439345848824045,0.15961046685325847,14.718183313921362,155.92376367643055,5,0.0,0.0,,0.9999999386308143,,0.002899837278859528
source_effect,CAST,True,0.002574055047661796,0.13230193832401332,0.0194559133469218,22.015383678757185,166.4025785082644,38,0.07894736842105263,0.13157894736842105,0.6,0.9668834879178546,1.020740730682755,0.049954729898189054
source_effect,IDE,True,0.001002616368590361,0.09033948481351146,0.011098318422559861,14.141412944902454,156.53634702582917,0,,,,,,0.010818305466448363
source_effect,MAPKAPK2,True,-0.005029174904962615,0.1344686438120148,-0.037400354182149174,21.06300859948234,156.63881186254932,5,0.0,0.0,,0.9994200955410613,,0.006338596602541487
source_effect,PTPN1,True,0.0039982912333931,0.213371733334814,0.01873861720530315,31.3917026060838,147.12212398267982,2,0.0,0.0,,0.9998877540439534,,0.09178949643164326
source_effect,KDM2B,True,0.008685372332369365,0.0749173632955084,0.11593270171709431,13.267756991926728,177.0985577748194,44,0.022727272727272728,0.022727272727272728,1.0,0.9958115692658229,0.9883182292318868,0.0029975638938807636
source_effect,ATP1B1,False,0.009268812353823923,0.06655782069712243,0.13925955292320216,10.219728774870362,153.54662559304924,2,0.0,0.0,,0.999989512014656,,0.022923893499665303
source_effect,KAT2A,True,0.011061080369381766,0.1508475032136778,0.0733262409634555,23.07908380381346,152.99612729500458,738,0.02710027100271003,0.05420054200542006,0.5,0.9492767485836344,1.0103364746883692,0.04478393913910747
source_effect,NISCH,True,0.003175544244600081,0.07861573762912424,0.040393238559701033,12.090627969442608,153.7939900339175,6,0.16666666666666666,0.16666666666666666,1.0,0.9725591785030313,,0.0010952514127089397
source_effect,KDR,False,-0.0008040035119776674,0.06217282297147422,-0.012931751745397754,10.20525927358693,164.14341163612997,7,0.0,0.0,,0.9998124503821572,,0.022967002451577238
source_effect,WFS1,False,0.01152148867815779,0.06626881566411974,0.17385988511631012,10.204119933545748,153.98071975912217,4,0.0,0.0,,0.9984386706951481,,0.0229634982302825
source_effect,TARBP2,True,-0.005590817739496304,0.1651548050101972,-0.03385198353236595,25.209302603886833,152.64044302150538,4,0.0,0.0,,0.999131536237534,,0.013363848043062183
source_effect,MAP3K7,True,-0.009291643968080106,0.11880498494699,-0.07820920959020344,18.379823787890803,154.7058298613628,1,0.0,0.0,,0.9999994474534475,,0.0142042120171614
source_effect,HMGN1,True,-0.0028343413333612746,0.10392205130084906,-0.02727372389095747,17.435260997707257,167.77248696942155,3,0.0,0.0,,0.9999989905440306,,0.010782738697324115
source_effect,TSC22D4,True,0.006422614898298739,0.09098842591043821,0.07058716352144229,14.506034124537443,159.42724560172118,3,0.3333333333333333,0.3333333333333333,1.0,0.9695579018126194,,0.0229289188172496
source_effect,FOXH1,True,0.006881770924617682,0.08683410239259903,0.07925193829382202,14.14274153457178,162.8708208513385,32,0.0,0.0,,0.9979800257871786,1.0033736167087717,0.010200284897261333
source_effect,PAGR1,True,0.0002683880489583208,0.09705943275596925,0.002765192844605974,15.38987033091302,158.56130510886928,18,0.0,0.0,,0.998926262624131,0.9506440937498297,0.002554631720106016
source_effect,KLF10,True,-0.002944307089010393,0.06875306894672766,-0.042824373284220195,10.680021245757782,155.33882936968305,15,0.0,0.0,,0.9991005381136218,0.9846589349819819,0.0032158987281102466
source_effect,POLB,True,-0.0055337607574151276,0.19033252195678702,-0.02907417345455817,29.29852830854124,153.9333793685199,3,0.0,0.0,,0.9950458222257713,,0.009022564386727626
source_effect,RNF2,True,0.013330717922465535,0.1515593081202534,0.08795710463318027,22.53210712093305,148.66857997962848,377,0.015915119363395226,0.029177718832891247,0.5454545454545454,0.9813966691008125,0.9971530516072238,0.0032272635136002333
source_effect,SMARCA5,True,0.01161747574614047,0.15548504302076488,0.07471764177721561,23.959989916808368,154.09835860294635,953,0.046169989506820566,0.07450157397691501,0.6197183098591549,0.9267149867409286,0.9898038917562507,0.01819150198686224
source_effect,ACAT2,True,0.009694408859066255,0.14134829003061294,0.06858525743018652,20.117944934852616,142.32888795821663,313,0.06070287539936102,0.0670926517571885,0.9047619047619048,0.9563455195800806,0.9127659535848361,0.004435721563247269
source_effect,TRAM2,True,0.0010463159361982907,0.09855320905058851,0.01061676170951678,15.010754513591138,152.31116934899546,1,0.0,0.0,,0.9999992802947845,,0.012942743131458252
source_effect,CAMSAP2,False,0.01975764201118127,0.05679223343850866,0.34789337933986525,10.22260805797073,180.000106335652,2,0.0,0.0,,0.9999892830177772,,0.02294599482419509
source_effect,CDCA2,True,0.016063556126034575,0.14810181774060463,0.10846292348801116,22.33543232133887,150.8113314345583,8,0.125,0.125,1.0,0.9827904056423624,,0.008043460363523807
source_effect,CREG1,True,0.014043934626615243,0.09026002648857007,0.15559417798745795,14.369344544710135,159.19942751767056,4,0.0,0.0,,0.9998379898381441,,0.012607430877270148
source_effect,CASP2,True,0.0031898643188707342,0.1260388234519206,0.025308585335117442,19.3062014511609,153.17662385610524,2,0.0,0.0,,0.9999970736287963,,0.0036555105632893633
source_effect,UBE3C,True,-0.013188061060301187,0.14516127599345138,-0.09085109627237042,23.567040964782077,162.35074267220722,37,0.10810810810810811,0.10810810810810811,1.0,0.9483468400422578,0.7435556246303614,0.0661753685691324
source_effect,EIF4B,True,0.030053531090852518,0.1574721705872136,0.1908497925619677,24.668718268731336,156.6544626694463,124,0.008064516129032258,0.008064516129032258,1.0,0.9881005853110681,0.9589555521171089,0.03383389121668555
source_effect,STAG2,True,0.006584038416879621,0.10122547837396594,0.06504329268324763,17.11195425499216,169.04789712896198,453,0.024282560706401765,0.033112582781456956,0.7333333333333333,0.9717011540816027,0.9745742050614157,0.038628095837643525
source_effect,HMGB2,True,0.010424727047604925,0.09461591460211147,0.11017942479808025,14.987476503570951,158.4033359144476,26,0.07692307692307693,0.07692307692307693,1.0,0.9758308293097048,0.8464879799871695,0.013931207445443624
source_effect,TGFBR2,False,0.024567511515080756,0.062284335712778006,0.39444125451338136,10.227526890109036,164.20704777639295,260,0.0,0.0,,0.9962160917017717,0.9922992662430925,0.0229288075481264
source_effect,ANTXR1,False,0.020442732004300673,0.06173499332773004,0.33113686261821035,10.206303803944731,165.32444977782606,2,0.0,0.0,,0.9999892599445266,,0.023008924962061306
source_effect,MTA1,True,0.018545706809163086,0.1408648884713773,0.13165599327423197,21.02844893336653,149.28098237652284,28,0.17857142857142858,0.17857142857142858,1.0,0.9224546601500992,0.6269466165732366,0.0019940312548856393
source_effect,DHCR24,True,0.020578310454723768,0.13554728994444887,0.15181646540596527,19.23488467159261,141.90534299487368,32,0.0,0.0,,0.9976953466458102,0.9193551368915409,0.015741067895970493
source_effect,NDUFB4,True,-0.012949983204922473,0.08939138097541027,-0.14486836497676156,15.850262813699972,177.313099325091,17,0.058823529411764705,0.058823529411764705,1.0,0.9910436872459318,0.8764101623224008,0.03788520816076913
source_effect,ACVR1B,True,0.012715348811667087,0.09834619012634054,0.12929172747141807,16.523649507836733,168.01514615471743,25,0.04,0.04,1.0,0.9907032633321077,0.9327549112001264,0.011501411891034137
source_effect,DHX36,True,0.05200419060523185,0.13674443071862497,0.38030207396335836,20.798749704434275,152.09942807273268,1387,0.16870944484498918,0.18168709444844988,0.9285714285714286,0.8066646553629816,0.8939052624331746,0.0323188989889127
source_effect,LZTR1,True,0.005413457549077174,0.12773790359808462,0.0423794143836125,19.811785888972608,155.09715856390238,191,0.041884816753926704,0.04712041884816754,0.8888888888888888,0.9402925878501918,0.9463072453556062,0.013406653863781494
source_effect,INSIG1,True,-0.005604390839922187,0.1585893330862528,-0.03533901512073387,23.68195682600357,149.32881275894854,219,0.0365296803652968,0.0365296803652968,1.0,0.9697247953643026,0.9659465204800591,0.021522449779627487
source_effect,LAD1,False,0.0037599547691440256,0.06742997398308805,0.055760881208215374,10.187970490274639,151.0896399400934,2,0.0,0.0,,0.9999881246453279,,0.023135060662740646
source_effect,TCF3,True,0.013627367482581344,0.2015691434531586,0.06760641658304276,28.644575372701937,142.10793815948557,6,0.0,0.0,,0.9999973664230292,,0.020153581329100778
source_effect,DAXX,True,-0.0061248204326748166,0.09428592977285742,-0.06496006824591978,15.10204215535015,160.1728083048257,28,0.03571428571428571,0.03571428571428571,1.0,0.9972339017905678,0.9801022726832676,0.021274277057762105
source_effect,CLDN7,True,0.01622242159911761,0.13316763852812846,0.12181954849106237,21.10858297787337,158.51135614614574,7,0.0,0.0,,0.9999404493160872,,0.022870619155763158
source_effect,NIT1,True,-0.0024179656341507664,0.0947798082296617,-0.025511400363796632,15.361861972887185,162.07947937248127,143,0.013986013986013986,0.013986013986013986,1.0,0.9886177683019265,0.9853766583121311,0.0028791388376378517
source_effect,PRR12,True,0.020905413503758526,0.12344224943612772,0.16935379579724477,20.140278486324355,163.1554721201469,105,0.02857142857142857,0.02857142857142857,1.0,0.9826832352644717,0.9756961827899256,0.009901431981501712
source_effect,ARID1A,True,0.021482167946266527,0.11115894232430341,0.1932563183589211,17.538863208857357,157.78184680534443,220,0.013636363636363636,0.031818181818181815,0.42857142857142855,0.9632334312907168,0.9931345063768982,0.023963278743180896
source_effect,STX4,True,0.0023360718067908506,0.1299326561925041,0.01797909682789676,20.770273225132925,159.85414162826277,19,0.0,0.0,,0.9990409259473112,0.9775541317744876,0.00894505178446281
source_effect,CENPO,True,0.0024990039407001637,0.11179206444359696,0.02235403696262358,16.9744635109066,151.83961039981344,5,0.2,0.2,1.0,0.9915130744630137,,0.009836786611852109
source_effect,NRAS,True,0.01933668875634987,0.10684666069413223,0.180976070105781,15.658924052340017,146.55510944948014,5,0.2,0.2,1.0,0.9885338309039599,,0.0024216599196944517
source_effect,CHMP3,True,0.008563607510531304,0.38153209980468195,0.022445313290586237,53.97255547237412,141.46268557745032,98,0.02040816326530612,0.04081632653061224,0.5,0.9920965321025806,1.0942695824813478,0.08242262504415342
source_effect,EID2,True,-0.0058181191279868365,0.15058248652399697,-0.038637422334367254,22.079529680929433,146.6274743538042,4,0.0,0.0,,0.9993568737078379,,0.013770905136501194
source_effect,UQCRQ,True,-0.00465314069506763,0.13276054022352773,-0.035049124440388525,21.87902511487159,164.80066349559945,48,0.0,0.020833333333333332,0.0,0.9959813329320947,1.0338474069793124,0.00585584285080728
source_effect,ZNF426,True,0.007939266749522956,0.10486299751467075,0.07571085070701151,16.78813118043471,160.0958543845362,3,0.0,0.0,,0.9999980752768334,,0.01391756248275376
source_effect,BIRC2,True,0.007838245046644193,0.09456929021697846,0.08288361928761687,15.387987775961994,162.71654086285315,75,0.02666666666666667,0.02666666666666667,1.0,0.955096825377475,0.9080944479527462,0.010129073156164436
source_effect,PLCB3,True,0.019356061191476585,0.15938618016648526,0.12144127659787317,25.673897325251808,161.07982071240048,2,0.0,0.0,,0.9992859232096344,,0.011676603376791047
source_effect,TFAM,True,0.01592838404238099,0.12328770518584617,0.1291968572078639,21.1538314188045,171.5810298108544,98,0.08163265306122448,0.08163265306122448,1.0,0.9233903946696727,0.9144168367318036,0.07663403665055776
source_effect,PMS1,True,0.004300879341846866,0.15572845540576008,0.02761781288230632,25.30335932356645,162.4838521491592,1,0.0,0.0,,0.9979772542481624,,0.01909466254583914
source_effect,ZNF286A,True,0.012073975524108795,0.13169410224420955,0.09168197602136488,21.257918452077938,161.4189101092614,2,0.0,0.0,,0.9999998809862742,,0.006451332904763273
source_effect,GSK3B,True,0.012186934862721011,0.13999141273052718,0.08705487447419318,21.163904251953493,151.18001768217312,217,0.027649769585253458,0.041474654377880185,0.6666666666666666,0.9649810967671473,0.9572322475642042,0.04488752585627428
source_effect,LRPPRC,True,0.009940939213469892,0.13918014885645463,0.07142497903003839,24.09772203353819,173.14051056513605,98,0.07142857142857142,0.07142857142857142,1.0,0.9477835458524437,0.8660932259839026,0.0759020158339522
source_effect,CASP3,True,0.02523851119394665,0.10869777971378683,0.23218975824899474,16.625718163279473,152.953613284989,417,0.03357314148681055,0.050359712230215826,0.6666666666666666,0.9130631559490895,0.9664104917324949,0.009663643431999372
source_effect,MAST2,True,-0.0023698489177728017,0.12458759202737751,-0.01902154844803517,19.578470353873826,157.14622969494067,0,,,,,,0.010532301243720583
source_effect,HAT1,True,-0.0011011187916743336,1.2684713419093856,-0.0008680675355399499,202.14481100924155,159.36096018137866,29,0.0,0.0,,0.9998738130904725,1.1359578817604299,0.03508988455042135
source_effect,MAU2,True,-0.0008701026948858242,0.2044180462558879,-0.004256486698814453,30.21520706465555,147.81085925668492,902,0.0565410199556541,0.07982261640798226,0.7083333333333334,0.93638314428039,0.9632252322602103,0.03212190275416339
source_effect,SMARCA4,True,0.02036067961946911,0.15153127565158023,0.1343661863329452,23.03823641594171,152.0361807612187,2229,0.09062359802602064,0.1525347689546882,0.5941176470588235,0.8322180196996763,0.9868695107314228,0.009452333726119668
source_effect,TWF2,True,0.01352991208030631,0.08649381652793908,0.15642635073151043,14.345259351390029,165.85300461052321,4,0.0,0.0,,0.999994672834159,,0.016814026827739192
source_effect,IRF3,True,0.009246228083461304,0.08149479844416292,0.11345789252790729,12.899006029306282,158.28011450502797,4,0.25,0.25,1.0,0.9831303195586896,,0.00592687688589309
source_effect,MKI67,True,0.004591447550730377,0.10785170069380098,0.042571860445352085,16.570480566617864,153.6413469608856,5,0.0,0.0,,0.9999816203120215,,0.015372868573646822
source_effect,AKT2,True,0.006309951379670085,0.16207013169445536,0.038933462407286706,27.19502339478531,167.79787312109457,50,0.02,0.02,1.0,0.966363759869329,0.9737122791271392,0.053707790229110014
source_effect,SSBP1,True,0.008079021434303713,0.1312785647854592,0.06154105544577502,19.589045132889247,149.2173925339789,59,0.1016949152542373,0.1016949152542373,1.0,0.9436720991289336,0.825933866278345,0.06343050939652423
source_effect,PHF14,True,0.004867533401176888,0.12537859887550004,0.03882268142117548,20.024846305949605,159.71502701058353,24,0.0,0.0,,0.9997217690287334,1.0093020745958075,0.009092879791759703
source_effect,DNMT1,True,0.05890660922013055,0.20817623625470671,0.2829650986102825,23.439998458968365,112.59689809306178,1279,0.08835027365129007,0.127443315089914,0.6932515337423313,0.8284937152613248,0.9594468702315789,0.04373436253787322
source_effect,TMSB10,True,0.03692430812507331,0.08983778932835393,0.41101087194071834,13.842170197109095,154.07959501893413,263,0.12547528517110265,0.12927756653992395,0.9705882352941176,0.8724282391414777,0.8869121031939582,0.016230086962917174
source_effect,CLDN6,True,0.008783493894505126,0.1475145163487536,0.05954325114512257,24.04728408302792,163.0163910524939,4,0.0,0.0,,0.999789890997138,,0.00249235302290737
source_effect,DLG5,True,0.03322474365329381,0.11404001743519737,0.2913428496463848,17.068448246787028,149.67069131224994,85,0.047058823529411764,0.058823529411764705,0.8,0.972283428215819,0.9133128617831634,0.02237857154583133
source_effect,NDUFB6,True,0.010168699550727885,0.0766704441120667,0.13262867678012438,12.697507801696583,165.61150712961893,12,0.08333333333333333,0.08333333333333333,1.0,0.9973638804978647,0.8857679888432276,0.029418850407827362
source_effect,STAT6,True,-0.0018786377496711687,1.9029869847292495,-0.0009872047285380962,290.69767527467667,152.75862504968006,73,0.0,0.0,,0.9998737249590272,0.9373343410379779,0.01919593532863257
source_effect,ZNF714,True,-0.0022130809549991306,0.20360687598730723,-0.01086938220660629,30.67335264910843,150.64988596465963,8,0.125,0.125,1.0,0.9846328876829962,,0.018304337905580663
source_effect,SAFB,True,-0.006759167781830317,0.15356444719191537,-0.04401518649289393,24.39856439610733,158.88159559234117,165,0.024242424242424242,0.024242424242424242,1.0,0.9832014383063342,0.9220688388881318,0.01360016688535468
source_effect,SOX2,True,0.006723519796578188,6.027225921347448,0.0011155247678313472,996.1090883633556,165.26825132525732,1156,0.0328719723183391,0.061418685121107264,0.5352112676056338,0.933199394738955,2.7605418542086486,0.10019226508166192
source_effect,SLC25A3,True,-1.7477183803747683e-05,0.11304950450900562,-0.0001545976152629261,18.78852212285944,166.19729740931973,21,0.0,0.0,,0.9993402029196009,0.990523659116723,0.015876934882662064
source_effect,ZNF593,True,-0.005749156463225832,0.0905687435028106,-0.06347837279035917,14.377824846289343,158.75040648922283,21,0.0,0.0,,0.999690601335522,0.9971490932025094,0.004287722605278317
source_effect,RAF1,True,-0.002726704321960273,0.12846428803186177,-0.02122538772241508,21.149202553907923,164.63098716323785,38,0.0,0.0,,0.9968049729645414,0.964561377213861,0.0024535638692708673
source_effect,METTL17,True,-0.003459150118200079,0.10643994841335414,-0.03249860761644346,16.65847406346817,156.5058449556536,81,0.024691358024691357,0.024691358024691357,1.0,0.9892033106927669,0.940721067782829,0.026156315310608063
source_effect,IKBKG,True,-0.005176606552142305,0.11140004899476467,-0.046468620066635546,17.10008508302072,153.50159391603455,12,0.0,0.0,,0.9998458382732752,1.0044890629399181,0.0072830720814262015
source_effect,SMAGP,True,0.0421169145832725,0.09797563859761607,0.42987129439641414,14.89095078859924,151.98625905115114,79,0.0759493670886076,0.0759493670886076,1.0,0.9627491799244696,0.9240105536304261,0.01325048461144353
source_effect,MAP1B,True,0.00599814505337069,0.10331607784443278,0.05805625976629059,16.79323715755331,162.5423410172381,3,0.3333333333333333,0.3333333333333333,1.0,0.9924772262652425,,0.0054693255897419095
source_effect,TAZ,True,0.006801240323450746,0.1543148614301441,0.0440737869341869,24.34388062430253,157.75460897732535,22,0.0,0.0,,0.9945802957516551,0.8479621093538371,0.0337990722737457
source_effect,OXCT1,True,0.030647978750459794,0.10782405746586633,0.2842406367443737,16.885382318942234,156.60125129577514,129,0.13953488372093023,0.13953488372093023,1.0,0.778704707601387,0.836663695995689,0.006377727424439058
source_effect,WSB2,True,-0.006356356359517166,0.1351112398571169,-0.04704535585817399,20.356235932440757,150.66278685598564,106,0.03773584905660377,0.03773584905660377,1.0,0.9838300411325631,0.9457794649037047,0.0033486815584466913
source_effect,C1QBP,True,0.0020513021325042576,0.11673151916077949,0.017572821353236297,18.46129327836864,158.15174351445802,66,0.030303030303030304,0.045454545454545456,0.6666666666666666,0.9922292930036859,0.9674255775347391,0.004410760147321697
source_effect,CALM3,True,0.0006155439664799925,0.2912402068835021,0.0021135267450425,44.311426329773745,152.14735219405537,1,0.0,0.0,,0.9987792195092674,,0.005267822631075752
source_effect,SIX4,True,-0.008661216049805506,0.09240483051690142,-0.09373120432509549,15.659166516454322,169.46263987346595,25,0.04,0.04,1.0,0.9940141764133844,0.9555743129045883,0.004030677295171269
source_effect,RRM1,True,0.00022077794341631156,0.18996958114005297,0.0011621752392744682,30.340008305159017,159.709823662722,5,0.0,0.0,,0.9987575579721293,,0.02016424068013183
source_effect,MBTPS1,True,0.018942278420534604,0.11510682279477338,0.16456260333331613,20.403000215674776,177.25274419268575,384,0.0859375,0.09114583333333333,0.9428571428571428,0.9239756936346837,0.9090478780647812,0.007648421854888461
source_effect,RAB3B,False,0.012834758055072814,0.06342983760942048,0.2023457498678291,10.230607063957637,161.29013488816196,0,,,,,,0.02282561622101884
source_effect,XRCC4,True,-0.0022463152865732153,0.1046997902362558,-0.021454821270457083,16.245084993714087,155.158715763011,14,0.07142857142857142,0.07142857142857142,1.0,0.9799857048536579,0.8037770853718584,0.005849297324348231
source_effect,TRAPPC6A,True,0.010895353364055624,0.13457559985336318,0.08096083819003938,21.110319575312467,156.86587760570848,230,0.04782608695652174,0.05652173913043478,0.8461538461538461,0.9557970096468409,0.9453880904901273,0.015509843235905414
source_effect,SIN3B,True,0.0332828665459825,0.19620849897150489,0.16963009614999464,28.185672833012653,143.65164088588244,1161,0.0714900947459087,0.09646856158484066,0.7410714285714286,0.900363575197211,0.9451712352740942,0.02468769310548285
source_effect,SV2A,False,0.018445555247892934,0.06677132368874793,0.2762496567220415,10.224543556875862,153.12776491502842,18,0.0,0.0,,0.9990469579570144,0.9851210800389771,0.022910440690411493
source_effect,EWSR1,True,0.017346759785712932,0.1400188976477782,0.12388870414727327,20.73037909445561,148.05415156605153,178,0.028089887640449437,0.028089887640449437,1.0,0.9852506732747985,0.9504207807640943,0.011517551859471543
source_effect,TXNDC9,True,-0.001943470651564252,1.1596195006351544,-0.0016759554754811916,173.5209295064087,149.63609133113636,24,0.0,0.0,,0.9999460813427377,1.0073593094455153,0.014256358774180303
source_effect,TMBIM6,True,0.005735434179116462,0.12924207468645738,0.04437745365068369,20.065901556101124,155.25827486738518,6,0.16666666666666666,0.16666666666666666,1.0,0.9935520786413878,,0.013069259071339014
source_effect,METTL3,True,0.06700339912183634,0.1150179706043855,0.5825472208364767,18.65821009618303,162.2199557003105,2926,0.23581681476418317,0.2822966507177033,0.8353510895883777,0.6730738493701436,0.9167882820925854,0.0015407687700883842
source_effect,METTL14,True,0.08040130807089367,0.13899878712429214,0.5784317240048947,21.654041033511586,155.7858272112017,3008,0.24368351063829788,0.2912234042553192,0.83675799086758,0.6545672203046486,0.9037364592420838,0.01670298603099428
source_effect,MED24,True,0.008810670641773372,0.670960746665008,0.013131424879274335,109.0122092310145,162.47181340019768,647,0.03400309119010819,0.04945904173106646,0.6875,0.9906450895259756,0.9940452041926057,0.06852332238434138
source_effect,ATM,True,0.00864554713776885,0.1402289715010542,0.06165307386358357,19.519684232658985,139.1986550547598,76,0.0,0.0,,0.9963374883511641,0.9765289096990063,0.006430190526050378
source_effect,PHF10,True,-0.010638256648779008,0.15378925738399485,-0.0691742507229647,26.182980504964213,170.25233719406157,120,0.075,0.08333333333333333,0.9,0.9475120996172609,0.8757537600675325,0.0661649772304668
source_effect,DZIP3,False,0.010262160637355421,0.0676056059771251,0.15179452190440693,10.218182135818887,151.1440063014344,1,0.0,0.0,,0.9999980357690306,,0.022954643219881977
source_effect,ZNF562,True,0.0008207042815410655,0.13920292606929216,0.0058957401594599895,22.751946982868844,163.44445928919214,10,0.0,0.0,,0.9997005925970203,0.9392205779385794,0.0038714329957331975
source_effect,MED1,True,-0.0002351625860864711,0.12688117457988754,-0.00185340801632008,22.789209892174796,179.61064726608552,302,0.0033112582781456954,0.009933774834437087,0.3333333333333333,0.9902735507579387,0.9639858306522417,0.034257902506487414
h1_global,TMSB4X,True,0.35330373203141463,0.37230407949940925,0.9489655136372881,58.36174064448485,156.75826255505066,0,,,,,,0.09902014965235882
h1_global,PRCP,True,0.2815222936364767,0.34443291805533816,0.8173501395451581,50.04762056678863,145.30440600554837,6,0.0,0.0,,0.9991931014056453,,0.10919352631936353
h1_global,TADA1,True,0.3356876093701629,0.37785681037526636,0.8883989917682751,57.28171420248346,151.59635245318046,533,0.11819887429643527,0.13133208255159476,0.9,0.8732019712354433,0.9876147487294932,0.09917936218186163
h1_global,HIRA,True,0.4769554116295095,0.43137637495255426,1.105659556998151,64.94335834096265,150.54917726568954,32,0.03125,0.03125,1.0,0.9881482440408271,0.9824804423673001,0.09102906485548076
h1_global,IGF2R,True,0.36378773552558735,0.40369402754440364,0.9011471825294051,61.26954323349139,151.77223107852927,6,0.0,0.0,,0.9999140026226859,,0.09515627329653611
h1_global,NCK2,True,0.25254438296968784,0.2551192923916264,0.9899070376144432,43.15011265085075,169.13700350270742,2,0.0,0.0,,0.9999902713142466,,0.11170960320570611
h1_global,MED13,True,0.37993416441911754,0.2883737642179542,1.3175059993736515,47.47695861786743,164.6368862528844,113,0.07964601769911504,0.07964601769911504,1.0,0.9636547467199139,0.9873784671209223,0.10766157881806945
h1_global,MED12,True,0.4545351542507819,0.3632561895036063,1.2512798608384605,62.80337705174378,172.89003977486334,68,0.058823529411764705,0.058823529411764705,1.0,0.9812106433450317,0.9848739552147858,0.09226470000810079
h1_global,STAT1,True,0.42464489846417275,0.34265126188119427,1.2392917981180753,54.82055493624034,159.98935662827938,8,0.0,0.0,,0.9979281839452891,,0.1013226737474166
h1_global,USP22,True,0.4616634979350256,0.35289902827555975,1.3082028029120487,52.88501689326463,149.85877731567336,21,0.0,0.0,,0.9973715409047297,0.9951876210684821,0.10310882985367632
h1_global,MED13L,True,0.48256999105937154,0.3340349323098472,1.4446692378021853,57.17714660531373,171.1711592854511,16,0.0,0.0,,0.9973070733134233,0.9894823528534266,0.1002365112169144
h1_global,TET1,True,0.3751896345015417,0.36370721171511305,1.0315705117099043,59.75186169403991,164.28561152876654,46,0.021739130434782608,0.043478260869565216,0.5,0.9908709793889033,1.001923336132153,0.10030821247613939
h1_global,KIF1B,True,0.3106026631586741,0.3153432416956369,0.9849669252099008,51.53802151197499,163.4346790971296,2,0.0,0.0,,0.9999559277258873,,0.10363381601343698
h1_global,SRC,False,0.4472550448329398,0.36451327673899137,1.2269924674189452,58.732099718764424,161.1247201863085,6,0.16666666666666666,0.16666666666666666,1.0,0.9919601878071034,,0.09904364377925089
h1_global,PBX1,True,0.3373020241707003,0.33253565972181726,1.0143333934558187,51.85021162045056,155.92376367643055,5,0.0,0.0,,0.9999751823567503,,0.10551974843691853
h1_global,CAST,True,0.3503158000196361,0.33082449406027586,1.0589173604413007,55.05004884532191,166.4025785082644,38,0.07894736842105263,0.07894736842105263,1.0,0.9807820714307187,0.9694156169099102,0.1000052359669437
h1_global,IDE,True,0.41802145135638574,0.4209360163636594,0.9930759904261657,65.8917863331719,156.53634702582917,0,,,,,,0.09084872114644564
h1_global,MAPKAPK2,True,0.17454404833508275,0.31952719259053547,0.5462572587953594,50.05035980515745,156.63881186254932,5,0.0,0.0,,0.9999120329722808,,0.10612968432535236
h1_global,PTPN1,True,0.14475727575493813,0.345002804508005,0.41958289574303836,50.757545379198966,147.12212398267982,2,0.0,0.0,,0.9990589220895386,,0.10672634472290966
h1_global,KDM2B,True,0.33974756534140765,0.2751773340552441,1.2346495270326319,48.73350899350342,177.0985577748194,44,0.11363636363636363,0.13636363636363635,0.8333333333333334,0.9636756839006271,0.9632615213539977,0.10688216259425613
h1_global,ATP1B1,False,0.3218513944972123,0.37270369242927487,0.8635583736758593,57.22739431858485,153.54662559304924,2,0.0,0.0,,0.9999903323064282,,0.09985867840202862
h1_global,KAT2A,True,0.17790999523587345,0.37855393140183746,0.46997265244888137,57.91728547677996,152.99612729500458,738,0.12737127371273713,0.14498644986449866,0.8785046728971962,0.8405682111100345,0.986242373526698,0.09889826067533922
h1_global,NISCH,True,0.30998287102174094,0.34846166463466083,0.8895752459506202,53.591309778025334,153.7939900339175,6,0.0,0.0,,0.9999729820239789,,0.10233937516981634
h1_global,KDR,False,0.41758513401568925,0.3305500613554575,1.2633037558769002,54.25761478741688,164.14341163612997,7,0.14285714285714285,0.14285714285714285,1.0,0.9887857414919973,,0.10137478528013394
h1_global,WFS1,False,0.3445709169418151,0.39823069327611244,0.8652545440612421,61.31984878083001,153.98071975912217,4,0.0,0.0,,0.9995233805797276,,0.09747047557063344
h1_global,TARBP2,True,0.3679614938558857,0.42755106425718464,0.8606258400857261,65.26158386253277,152.64044302150538,4,0.0,0.0,,0.9985055645222541,,0.09324258714278852
h1_global,MAP3K7,True,0.3265803579649257,0.3749108413450185,0.8710880613462554,58.00089283430281,154.7058298613628,1,0.0,0.0,,0.9999951569400662,,0.09840905075290556
h1_global,HMGN1,True,0.35705162569898163,0.3395183623345146,1.0516415761548479,56.9618400206467,167.77248696942155,3,0.0,0.0,,0.9999851551973129,,0.09767007572926895
h1_global,TSC22D4,True,0.41628918542317084,0.3572905411184452,1.165127921159175,56.96184685006223,159.42724560172118,3,0.0,0.0,,0.99935913220122,,0.09775380890556223
h1_global,FOXH1,True,0.4287324507280862,0.3302005734136825,1.2984000793692168,53.78003843746912,162.8708208513385,32,0.0,0.0,,0.996949630823802,0.99986656292201,0.10322049567306213
h1_global,PAGR1,True,0.36520346702350587,0.3520854157709553,1.037258150053805,55.82712303444154,158.56130510886928,18,0.0,0.0,,0.9989470913528978,1.007030111393711,0.09922442978437651
h1_global,KLF10,True,0.271401086702136,0.3046338584193175,0.8909091330503459,47.32146695322655,155.33882936968305,15,0.0,0.0,,0.9982007252322681,0.9894282402380309,0.10814077529197634
h1_global,POLB,True,0.37082758671203525,0.39337399820245667,0.9426845404285784,60.55338889901022,153.9333793685199,3,0.0,0.0,,0.999975903950059,,0.0984071305720876
h1_global,RNF2,True,0.4433491952544393,0.45945689724216426,0.9649418648747912,68.30680447483864,148.66857997962848,377,0.1246684350132626,0.13527851458885942,0.9215686274509803,0.9006579658460038,0.9860952602555912,0.0890827955083038
h1_global,SMARCA5,True,0.3030630185280826,0.3954299889904079,0.7664138456009569,60.935112245803,154.09835860294635,953,0.0776495278069255,0.12067156348373557,0.6434782608695652,0.8496457711561299,0.9973315696590447,0.09923717990754537
h1_global,ACAT2,True,0.27840355801935973,0.3399887187654757,0.8188611640711603,48.39021626022901,142.32888795821663,313,0.012779552715654952,0.0670926517571885,0.19047619047619047,0.9477921592721972,1.0083471079331134,0.1079421612111646
h1_global,TRAM2,True,0.4150671129105497,0.4100410811499077,1.012257385885695,62.45383655106879,152.31116934899546,1,0.0,0.0,,0.9999952782954239,,0.09433344988120004
h1_global,CAMSAP2,False,0.38588009387982586,0.31793816887461296,1.213695402617757,57.22890420559281,180.000106335652,2,0.0,0.0,,0.9999901778581249,,0.1000977354570606
h1_global,CDCA2,True,0.34243948965005616,0.3946945794729432,0.8676062643356641,59.52441504031764,150.8113314345583,8,0.0,0.125,0.0,0.9944108750572858,,0.09811227385585054
h1_global,CREG1,True,0.3764801040046722,0.36839319274128884,1.0219518477070844,58.64798538582005,159.19942751767056,4,0.0,0.0,,0.9990430590077718,,0.09909210486193279
h1_global,CASP2,True,0.354420539969098,0.39488207700742844,0.897535139237101,60.48670337728445,153.17662385610524,2,0.0,0.0,,0.9999009338370578,,0.09702284698208886
h1_global,UBE3C,True,0.32281309564796873,0.36433875834587026,0.8860245808422038,59.150668001721876,162.35074267220722,37,0.13513513513513514,0.13513513513513514,1.0,0.9759446350073981,0.9767784621994732,0.09603474454384703
h1_global,EIF4B,True,0.3921944249808276,0.33740071292983687,1.1623995147348287,52.8553273883117,156.6544626694463,124,0.03225806451612903,0.10483870967741936,0.3076923076923077,0.9568006793311404,1.0068737862495016,0.10459536479299217
h1_global,STAG2,True,0.4031591527451281,0.3270551316690132,1.2326947774454546,55.287982253882454,169.04789712896198,453,0.05739514348785872,0.08167770419426049,0.7027027027027027,0.9108420585837875,0.9959307053564856,0.09852999332302993
h1_global,HMGB2,True,0.35762120623159405,0.36335817924235103,0.9842112457115473,57.5571477237882,158.4033359144476,26,0.07692307692307693,0.07692307692307693,1.0,0.9906114376180546,0.9868109341500824,0.0994396892355953
h1_global,TGFBR2,False,0.45585315477499166,0.31683302991032797,1.438780404000208,52.02621647962456,164.20704777639295,260,0.05,0.06153846153846154,0.8125,0.9518676590379632,0.9950194179172934,0.10381040359958961
h1_global,ANTXR1,False,0.5293913446412106,0.4001958164875848,1.3228307814098148,66.1621531641978,165.32444977782606,2,0.0,0.0,,0.999990447257079,,0.08994395579672493
h1_global,MTA1,True,0.3041017119310762,0.35645008054310606,0.8531396920088526,53.211218191665566,149.28098237652284,28,0.0,0.0,,0.9982825630220122,1.0001710578099323,0.10317727363717075
h1_global,DHCR24,True,0.2697885514418214,0.3340409734402268,0.8076510754453818,47.402198910376875,141.90534299487368,32,0.0,0.03125,0.0,0.9875577221915881,1.025253254912761,0.10936534043154249
h1_global,NDUFB4,True,0.41383603462257235,0.3276403986572047,1.263079999653981,58.09493455001735,177.313099325091,17,0.0,0.0,,0.9926529934262869,0.9712866301135156,0.09839621293184683
h1_global,ACVR1B,True,0.4985183436644832,0.36724392545761025,1.3574583787690875,61.70254181019254,168.01514615471743,25,0.0,0.04,0.0,0.9943326785814327,1.0117352308624734,0.09537570463424692
h1_global,DHX36,True,0.3636011560742597,0.3714593967765566,0.9788449537944416,56.49876180195654,152.09942807273268,1387,0.0966113914924297,0.13410237923576063,0.7204301075268817,0.8026408517786459,0.992777694156126,0.10195638371375858
h1_global,LZTR1,True,0.28857733046398226,0.3049702862518318,0.9462473672785521,47.300024844079054,155.09715856390238,191,0.06806282722513089,0.08900523560209424,0.7647058823529411,0.9595465402254721,0.992621170515,0.1089595671921792
h1_global,INSIG1,True,0.38439106433609826,0.39133461542642045,0.9822567418863364,58.43753351310708,149.32881275894854,219,0.0776255707762557,0.0958904109589041,0.8095238095238095,0.9511351526941688,0.9913254307775893,0.09778421575753722
h1_global,LAD1,False,0.3926911491806075,0.3477402562505711,1.1292657152056795,52.539950109574605,151.0896399400934,2,0.0,0.0,,0.9999933462495324,,0.10532778786416971
h1_global,TCF3,True,0.44780624610234265,0.44345441083233833,1.0098134896478674,63.01839199111304,142.10793815948557,6,0.0,0.0,,0.9999709535755725,,0.0956163194935501
h1_global,DAXX,True,0.37804291675127255,0.3077967204515876,1.2282226925505326,49.30066510174617,160.1728083048257,28,0.0,0.0,,0.9948290494028521,0.9844688310965338,0.10596606576499511
h1_global,CLDN7,True,0.2870625405762,0.3309805348078756,0.8673094348065856,52.46417343037295,158.51135614614574,7,0.0,0.0,,0.9998233803257963,,0.10340763873106656
h1_global,NIT1,True,0.37168732154953327,0.3173897043698579,1.1710755466610903,51.44235804245232,162.07947937248127,143,0.04895104895104895,0.04895104895104895,1.0,0.9777849581043343,0.9881446258963295,0.10475994740989653
h1_global,PRR12,True,0.26674363889113234,0.3372248032112239,0.7909964995192096,55.02007197855086,163.1554721201469,105,0.0380952380952381,0.06666666666666667,0.5714285714285714,0.977970351721941,0.9960249719496548,0.1017734058782716
h1_global,ARID1A,True,0.44796045079449526,0.40680920357395406,1.1011561362403157,64.18710743730979,157.78184680534443,220,0.031818181818181815,0.07727272727272727,0.4117647058823529,0.9477969388174298,1.0020130185548661,0.09368448468230527
h1_global,STX4,True,0.3201734807834249,0.3336305682412542,0.9596647047997765,53.33222810715523,159.85414162826277,19,0.0,0.0,,0.9991889039069913,1.0067111549988095,0.10348720355113546
h1_global,CENPO,True,0.3053235802030499,0.42034295720077075,0.7263677789115817,63.82471085567049,151.83961039981344,5,0.0,0.0,,0.9997911780132523,,0.09195125877621703
h1_global,NRAS,True,0.2834958126450191,0.40263646730599517,0.7040986986148186,59.008431534382154,146.55510944948014,5,0.0,0.0,,0.9996497299792592,,0.09747780966688767
h1_global,CHMP3,True,0.33702743521874134,0.44303164179661,0.7607299421143067,62.672445844335435,141.46268557745032,98,0.04081632653061224,0.05102040816326531,0.8,0.9830049792877554,0.9941350022018683,0.09662554262590295
h1_global,EID2,True,0.3707991841327386,0.37358617335448213,0.9925399026502538,54.77799705247018,146.6274743538042,4,0.0,0.0,,0.9991726470609813,,0.1031322856425476
h1_global,UQCRQ,True,0.38085779484714233,0.2966390060564082,1.28391002892829,48.88630501677122,164.80066349559945,48,0.08333333333333333,0.08333333333333333,1.0,0.9734749991122518,0.9755652004009874,0.10779923898355129
h1_global,ZNF426,True,0.45369301868645806,0.42403156744939324,1.0699510449551728,67.8856960768247,160.0958543845362,3,0.0,0.0,,0.9999857689849989,,0.08818027152955296
h1_global,BIRC2,True,0.4140454938496355,0.34919039816848135,1.185729894124586,56.81905369249766,162.71654086285315,75,0.04,0.04,1.0,0.9859461025672681,0.9911122635226929,0.09999856163396895
h1_global,PLCB3,True,0.29687782121719597,0.3426790513668042,0.866343653144462,55.1986801560603,161.07982071240048,2,0.0,0.0,,0.9998685608719862,,0.10139204893678107
h1_global,TFAM,True,0.46766812523887763,0.33114012616018385,1.41229675382998,56.81736385826059,171.5810298108544,98,0.08163265306122448,0.12244897959183673,0.6666666666666666,0.9566197905408298,0.9854640883431818,0.09883507293188318
h1_global,PMS1,True,0.5119612781764636,0.3701881194970196,1.3829759822440373,60.149591675729006,162.4838521491592,1,0.0,0.0,,0.9999987772460418,,0.09485212557774383
h1_global,ZNF286A,True,0.4056375818514207,0.3615560821509555,1.1219216101640919,58.36198872418181,161.4189101092614,2,0.0,0.0,,0.9999903270345651,,0.09899806517881606
h1_global,GSK3B,True,0.4619247003669759,0.42328316833594953,1.091290027389791,63.99195687359511,151.18001768217312,217,0.06912442396313365,0.08755760368663594,0.7894736842105263,0.9564847976377036,0.9936810967615602,0.09310937913823138
h1_global,LRPPRC,True,0.49253512524207005,0.41125408294646926,1.1976419096273891,71.2047418933485,173.14051056513605,98,0.12244897959183673,0.15306122448979592,0.8,0.9414535693778872,0.9778324782168527,0.0860153288090283
h1_global,CASP3,True,0.330706816588402,0.3451884703464571,0.9580471104857,52.79782380380889,152.953613284989,417,0.1486810551558753,0.1510791366906475,0.9841269841269841,0.8698708435189599,0.9813189162269026,0.10346941432706051
h1_global,MAST2,True,0.46364618319748496,0.4164905747829288,1.113221309843886,65.44992353061599,157.14622969494067,0,,,,,,0.09162986530435831
h1_global,HAT1,True,0.3539683316556585,0.3335927787157611,1.0610791187337376,53.161665525717865,159.36096018137866,29,0.06896551724137931,0.06896551724137931,1.0,0.9858051854360916,0.9699494754556921,0.10077769032838899
h1_global,MAU2,True,0.2226183814470835,0.3060368393655546,0.7274234759076521,45.23556819082268,147.81085925668492,902,0.13082039911308205,0.14079822616407983,0.9291338582677166,0.8263249758745519,0.9899900908286611,0.11004298603119525
h1_global,SMARCA4,True,0.3904227745169639,0.3909493345820901,0.9986531245392984,59.43844370100082,152.0361807612187,2229,0.15432929564827277,0.19964109466128308,0.7730337078651686,0.6996394889772042,0.9938462387971,0.09755929847174327
h1_global,TWF2,True,0.3134943480625126,0.31556125764998094,0.9934500527635718,52.33678271992479,165.85300461052321,4,0.0,0.0,,0.999981022317981,,0.10366536630251653
h1_global,IRF3,True,0.3912975929349482,0.39011697033168097,1.0030263297755633,61.747758734453065,158.28011450502797,4,0.0,0.0,,0.9999849510160574,,0.09587734642341322
h1_global,MKI67,True,0.2028256856663867,0.317001429656942,0.6398257758202669,48.704526641019,153.6413469608856,5,0.0,0.0,,0.9999759108211869,,0.10718619057659
h1_global,AKT2,True,0.3713027153981597,0.37247787803382965,0.996845013610276,62.50099571873508,167.79787312109457,50,0.0,0.0,,0.9971830287271338,1.003335881291042,0.09264981161705588
h1_global,SSBP1,True,0.2977398272977884,0.3490237905408636,0.8530645628379568,52.080419956833275,149.2173925339789,59,0.06779661016949153,0.1016949152542373,0.6666666666666666,0.967900064358756,0.9894390240355715,0.10405108103268554
h1_global,PHF14,True,0.39132822855235233,0.4111029000058374,0.9518984870863128,65.65931077856153,159.71502701058353,24,0.0,0.0,,0.9990184143096158,0.9939484585744031,0.09120451914144642
h1_global,DNMT1,True,0.23876370694924437,0.5534140368329397,0.43143775014387736,62.31270390854845,112.59689809306178,1279,0.08913213448006255,0.14308053166536355,0.6229508196721312,0.8124271185424359,0.9985024989075698,0.09401807195190234
h1_global,TMSB10,True,0.28433851200584576,0.3959254860180594,0.7181616795259201,61.00403854333726,154.07959501893413,263,0.03802281368821293,0.08745247148288973,0.43478260869565216,0.9500231679956658,1.0007008314775214,0.0967249578175051
h1_global,CLDN6,True,0.3614270134870831,0.32635320729443523,1.1074719212457573,53.20092206154526,163.0163910524939,4,0.0,0.0,,0.9998057914222559,,0.10062177997423097
h1_global,DLG5,True,0.30426546163859547,0.38740263829460336,0.7853985274287535,57.982820689742795,149.67069131224994,85,0.03529411764705882,0.03529411764705882,1.0,0.987724268903921,0.9988961511675809,0.0978936627594099
h1_global,NDUFB6,True,0.44598178030366287,0.35638642034560747,1.2513994777667732,59.02169219396594,165.61150712961893,12,0.0,0.0,,0.9959580624050354,0.9817964142279075,0.09609409214295873
h1_global,STAT6,True,0.28780201536801353,0.39547362574926925,0.7277400985280378,60.41200731287012,152.75862504968006,73,0.0,0.0136986301369863,0.0,0.9924565811854891,1.0012722411095634,0.09696246419576578
h1_global,ZNF714,True,0.3474124470892814,0.41638271633002494,0.8343584723000902,62.728008732773475,150.64988596465963,8,0.0,0.0,,0.9994116760089076,,0.09465555690573915
h1_global,SAFB,True,0.32699661853617434,0.38262902938277515,0.8546048350373667,60.79271070828411,158.88159559234117,165,0.06060606060606061,0.06060606060606061,1.0,0.9673143278221332,0.9914551568277737,0.09752224137975452
h1_global,SOX2,True,0.3250563475826449,0.32923382009780544,0.9873115328373022,54.41189772469867,165.26825132525732,1156,0.0986159169550173,0.13062283737024222,0.7549668874172185,0.8221123514294648,0.9958349451242309,0.10210398715085908
h1_global,SLC25A3,True,0.32041448005618256,0.29964069625011236,1.0693289798950747,49.79947391061556,166.19729740931973,21,0.047619047619047616,0.047619047619047616,1.0,0.9944371736955693,0.9913093285476395,0.10901929251063013
h1_global,ZNF593,True,0.28481167674081237,0.31538161750593335,0.9030699981600993,50.066959978295515,158.75040648922283,21,0.047619047619047616,0.047619047619047616,1.0,0.9889981118151429,0.9930464380787848,0.10617078659982053
h1_global,RAF1,True,0.3153371290399073,0.3334130839385817,0.9457851063157311,54.89012514194819,164.63098716323785,38,0.07894736842105263,0.10526315789473684,0.75,0.9836477481507792,0.9865645626652663,0.10169473610405264
h1_global,METTL17,True,0.3275625245064442,0.3395734285287135,0.9646294350111271,53.14522635637455,156.5058449556536,81,0.07407407407407407,0.07407407407407407,1.0,0.9674419896813389,0.9730957702614211,0.10431552397277477
h1_global,IKBKG,True,0.2983441150197553,0.3908250727426651,0.7633699468820849,59.99227160834924,153.50159391603455,12,0.08333333333333333,0.08333333333333333,1.0,0.9935454404172335,0.9962114139495126,0.09500112071677909
h1_global,SMAGP,True,0.40819255739344146,0.4186161496329034,0.97509988028746,63.6239025611019,151.98625905115114,79,0.0759493670886076,0.0759493670886076,1.0,0.9758208444174129,0.9858101966509228,0.0946655011603094
h1_global,MAP1B,True,0.35377239832636703,0.3755208896459727,0.9420844700807209,61.03804450393233,162.5423410172381,3,0.0,0.0,,0.9982785074181005,,0.09429457390331308
h1_global,TAZ,True,0.32201715416531634,0.4005820565591319,0.8038731363340078,63.19366569581869,157.75460897732535,22,0.045454545454545456,0.045454545454545456,1.0,0.9925114480380842,0.9879199885938325,0.0931344281206937
h1_global,OXCT1,True,0.40618760341214466,0.3467782550241664,1.1713179748938933,54.30590865894989,156.60125129577514,129,0.023255813953488372,0.023255813953488372,1.0,0.9869127060108355,1.0005136256455076,0.10268559468747619
h1_global,WSB2,True,0.3064579469638451,0.29346333232701854,1.0442801985985295,44.21400348843287,150.66278685598564,106,0.03773584905660377,0.05660377358490566,0.6666666666666666,0.9689161701096721,0.9956711738660645,0.1118129544970565
h1_global,C1QBP,True,0.2674978257173509,0.2992945161828847,0.8937611992659956,47.33394955863939,158.15174351445802,66,0.12121212121212122,0.12121212121212122,1.0,0.9626076892399797,0.967504452151851,0.10753747219298412
h1_global,CALM3,True,0.2999894527033771,0.40137924303349354,0.7473965281217697,61.06878905320029,152.14735219405537,1,0.0,0.0,,0.9999354360578663,,0.09777554830880628
h1_global,SIX4,True,0.32896713536378647,0.2869228402794445,1.1465351975583176,48.62270195374749,169.46263987346595,25,0.0,0.0,,0.9998075075193202,1.0039752775422375,0.10827043199540337
h1_global,RRM1,True,0.37349107450553454,0.3565773291590056,1.0474335970444906,56.94890236210916,159.709823662722,5,0.0,0.0,,0.9985573826065217,,0.10006031956892174
h1_global,MBTPS1,True,0.36969648238755326,0.3104713846400132,1.1907586356668929,55.031904920745205,177.25274419268575,384,0.125,0.13541666666666666,0.9230769230769231,0.8992453112399605,0.9858175175591609,0.09957543183325718
h1_global,RAB3B,False,0.3941068795369781,0.3871518904027511,1.0179644974146758,62.44378062526662,161.29013488816196,0,,,,,,0.09039890995967811
h1_global,XRCC4,True,0.25883362711506447,0.35083799181434766,0.7377582620870521,54.43557225078795,155.158715763011,14,0.0,0.0,,0.9995630372135833,0.998774852444995,0.10012733414867447
h1_global,TRAPPC6A,True,0.5146650008683248,0.4185530454524285,1.2296290911275192,65.65669079943719,156.86587760570848,230,0.05652173913043478,0.06521739130434782,0.8666666666666667,0.9582570642577,0.9926993304473846,0.08980871716062198
h1_global,SIN3B,True,0.29367533674992125,0.3894798668709869,0.7540193004307449,55.94942196803231,143.65164088588244,1161,0.1024978466838932,0.12661498708010335,0.8095238095238095,0.8115698679827829,0.9945768470451087,0.10058235147539746
h1_global,SV2A,False,0.2838809389313293,0.4061067625748043,0.6990303168838239,62.1862208699579,153.12776491502842,18,0.05555555555555555,0.05555555555555555,1.0,0.9905990180381045,0.9817673325729404,0.09529862877206775
h1_global,EWSR1,True,0.37849449928979956,0.40521266100657805,0.9340638526683529,59.993416729150965,148.05415156605153,178,0.03932584269662921,0.06179775280898876,0.6363636363636364,0.9659907853648031,0.9951752303783471,0.09647550083121391
h1_global,TXNDC9,True,0.2686794945101824,0.37281431540748083,0.7206791247179429,55.78647694986888,149.63609133113636,24,0.041666666666666664,0.041666666666666664,1.0,0.9929071914529227,0.9846465871870371,0.10124633333277415
h1_global,TMBIM6,True,0.2517858639191226,0.2996429222639342,0.8402863715811124,46.52204318692043,155.25827486738518,6,0.0,0.0,,0.9997011789971556,,0.10898768385687382
h1_global,METTL3,True,0.326460501727065,0.38515582566122575,0.8476062932881928,62.479960976480555,162.2199557003105,2926,0.15037593984962405,0.24606971975393027,0.6111111111111112,0.6874366590557759,0.9966322710247802,0.09575673755100787
h1_global,METTL14,True,0.29419234135640626,0.28105852991256947,1.0467298090825508,43.78493557719391,155.7858272112017,3008,0.15857712765957446,0.2559840425531915,0.6194805194805195,0.6638223562899451,0.9962194104366738,0.11070921964410288
h1_global,MED24,True,0.36697730595044387,0.330485882925276,1.1104174940913245,53.69464070203502,162.47181340019768,647,0.12210200927357033,0.13292117465224113,0.9186046511627907,0.8644840282503995,0.990404371269123,0.10032788733863937
h1_global,ATM,True,0.2597277943929986,0.47346273621305107,0.5485707206239879,65.90537609940323,139.1986550547598,76,0.013157894736842105,0.02631578947368421,0.5,0.9921670106363861,0.9948206688674481,0.09144728317541717
h1_global,PHF10,True,0.2990086916730292,0.30606748041678494,0.9769371488465765,52.1087038800553,170.25233719406157,120,0.06666666666666667,0.08333333333333333,0.8,0.9710628629501625,0.9942473405964235,0.10473604396935518
h1_global,DZIP3,False,0.3400619357767609,0.3906146322624837,0.870581662051634,59.03906044011332,151.1440063014344,1,0.0,0.0,,0.9999440941979172,,0.10090154082063692
h1_global,ZNF562,True,0.3523969398752292,0.28705445941574875,1.2276309540443096,46.917460905758404,163.44445928919214,10,0.0,0.0,,0.9999530826715405,0.9973353033273268,0.10691654493373226
h1_global,MED1,True,0.43398012390382135,0.311040150852833,1.3952543512916338,55.86612282041821,179.61064726608552,302,0.0728476821192053,0.08940397350993377,0.8148148148148148,0.9188269165886994,0.9948371957937832,0.10159266167102497
h1_global_source_residual,TMSB4X,True,0.3323163683760626,0.39284548706160605,0.8459213083029479,61.58177600437,156.75826255505066,0,,,,,,0.10597904399008089
h1_global_source_residual,PRCP,True,0.2650939688379957,0.3611964808294358,0.7339328673115684,52.4834400982156,145.30440600554837,6,0.16666666666666666,0.16666666666666666,1.0,0.9821117249911717,,0.13623678094430874
h1_global_source_residual,TADA1,True,0.32356220200456237,0.3999908150623649,0.8089240798044672,60.63714857822919,151.59635245318046,533,0.024390243902439025,0.0525328330206379,0.4642857142857143,0.9548876992280428,0.9684171812047435,0.16342831711473257
h1_global_source_residual,HIRA,True,0.4665910906369727,0.4410508631539069,1.057907669198129,66.39984458014291,150.54917726568954,32,0.0,0.0,,0.9981265041296056,0.9569818839742094,0.11450483861471203
h1_global_source_residual,IGF2R,True,0.34874495421851204,0.4199226359901159,0.8304981068625239,63.73259534459701,151.77223107852927,6,0.0,0.0,,0.9979985889374622,,0.1290634506425233
h1_global_source_residual,NCK2,True,0.23249196896119861,0.27274895537753885,0.8524027842357215,46.13194102105057,169.13700350270742,2,0.5,0.5,1.0,0.9955754532132032,,0.12124908253854763
h1_global_source_residual,MED13,True,0.35605075590400204,0.30922632705461406,1.1514244575983925,50.91005963368772,164.6368862528844,113,0.0,0.008849557522123894,0.0,0.9949709533309566,0.9709129595097491,0.14143933156467953
h1_global_source_residual,MED12,True,0.34483169234713185,0.4706037446885831,0.7327431968806801,81.36270013740877,172.89003977486334,68,0.0,0.0,,0.9958416818173925,1.004018947875906,0.29622062773639235
h1_global_source_residual,STAT1,True,0.3949457388477034,0.36974070921070556,1.0681694739289151,59.15457818590452,159.98935662827938,8,0.25,0.25,1.0,0.9803209586956364,,0.10632111452009842
h1_global_source_residual,USP22,True,0.434797474870884,0.37119533553359835,1.1713441232925428,55.62687912834617,149.85877731567336,21,0.0,0.0,,0.9997448550515129,0.9775745302995164,0.13619955585811414
h1_global_source_residual,MED13L,True,0.4443311842868707,0.3599198703680409,1.2345280737974091,61.60790146076684,171.1711592854511,16,0.0,0.0,,0.9998542240582878,0.968713394431692,0.14489954483494805
h1_global_source_residual,TET1,True,0.3578825315506114,0.38644491962367594,0.926089368438641,63.48733994256063,164.28561152876654,46,0.0,0.0,,0.9981782446328757,0.9674668900979304,0.14311014751051815
h1_global_source_residual,KIF1B,True,0.2984264856622105,0.33165506952100066,0.8998098117216144,54.203939858100945,163.4346790971296,2,0.0,0.0,,0.9999804876837028,,0.1351476223312546
h1_global_source_residual,SRC,False,0.4472550448329398,0.36451327673899137,1.2269924674189452,58.732099718764424,161.1247201863085,6,0.16666666666666666,0.16666666666666666,1.0,0.9919601878071034,,0.09904364377925089
h1_global_source_residual,PBX1,True,0.31897982125944857,0.35437284626969234,0.9001248956210707,55.255147935099565,155.92376367643055,5,0.0,0.0,,0.9999921651014463,,0.12200074489547953
h1_global_source_residual,CAST,True,0.32365490033755284,0.3585093187854376,0.9027796025889507,59.65687506513818,166.4025785082644,38,0.07894736842105263,0.13157894736842105,0.6,0.9751500669175597,0.9969332998750867,0.16663793573427593
h1_global_source_residual,IDE,True,0.4047303701789232,0.43466204806587355,0.9311380461668137,68.04040919499722,156.53634702582917,0,,,,,,0.11846126920471055
h1_global_source_residual,MAPKAPK2,True,0.15616257157865365,0.3479578341216415,0.4487974009059421,54.50370171507995,156.63881186254932,5,0.0,0.0,,0.9993601207203047,,0.12893440952513371
h1_global_source_residual,PTPN1,True,0.12351312458742116,0.4051270471890898,0.3048750396805089,59.603151665290255,147.12212398267982,2,0.0,0.0,,0.9997989051866213,,0.21153548754388093
h1_global_source_residual,KDM2B,True,0.32083294712993266,0.28988049213653766,1.1067766056462192,51.33741708443569,177.0985577748194,44,0.0,0.0,,0.9959477530264496,0.960778724462803,0.1272284407417207
h1_global_source_residual,ATP1B1,False,0.3218513944972123,0.37270369242927487,0.8635583736758593,57.22739431858485,153.54662559304924,2,0.0,0.0,,0.9999903323064282,,0.09985867840202862
h1_global_source_residual,KAT2A,True,0.1698938951353283,0.41089474389642644,0.413473030889276,62.86530454202597,152.99612729500458,738,0.03387533875338753,0.056910569105691054,0.5952380952380952,0.9476835373970958,1.0063766973342634,0.1605376575853312
h1_global_source_residual,NISCH,True,0.2990126178922265,0.3610765808174645,0.8281141280757466,55.53140807172215,153.7939900339175,6,0.16666666666666666,0.16666666666666666,1.0,0.9828847631282135,,0.12000249339162385
h1_global_source_residual,KDR,False,0.41758513401568925,0.3305500613554575,1.2633037558769002,54.25761478741688,164.14341163612997,7,0.14285714285714285,0.14285714285714285,1.0,0.9887857414919973,,0.10137478528013394
h1_global_source_residual,WFS1,False,0.3445709169418151,0.39823069327611244,0.8652545440612421,61.31984878083001,153.98071975912217,4,0.0,0.0,,0.9995233805797276,,0.09747047557063344
h1_global_source_residual,TARBP2,True,0.3371406416343433,0.4625997077010395,0.7287956218342975,70.61142432510556,152.64044302150538,4,0.0,0.0,,0.9991289664934699,,0.1227265248255277
h1_global_source_residual,MAP3K7,True,0.3065942579211133,0.39535937462091525,0.7754824536918767,61.164400144198105,154.7058298613628,1,0.0,0.0,,0.9999968349253169,,0.1293630928804453
h1_global_source_residual,HMGN1,True,0.33454349948873763,0.35844653930602177,0.9333149097671242,60.137467344953784,167.77248696942155,3,0.0,0.0,,0.9999913668227723,,0.12525240648823693
h1_global_source_residual,TSC22D4,True,0.39792367753712937,0.37248121855257477,1.0683053472693778,59.383654712209726,159.42724560172118,3,0.3333333333333333,0.3333333333333333,1.0,0.9782028109033173,,0.09368437740009622
h1_global_source_residual,FOXH1,True,0.4066749717027961,0.34622871672285394,1.1745847529693143,56.39055529495677,162.8708208513385,32,0.0,0.0,,0.9976390337069051,1.0064791504565034,0.11211527618595282
h1_global_source_residual,PAGR1,True,0.3477288976240714,0.36827757506287156,0.9442032889586282,58.39457294429849,158.56130510886928,18,0.0,0.0,,0.9992430447855439,0.9619454368759452,0.11832525953432187
h1_global_source_residual,KLF10,True,0.2617982494558296,0.3168115081499181,0.8263533448789501,49.21312880685208,155.33882936968305,15,0.0,0.0,,0.9996938464237033,0.9600362260509024,0.12830694475018914
h1_global_source_residual,POLB,True,0.32830086619687787,0.438660192615404,0.7484172754301326,67.524445843735,153.9333793685199,3,0.0,0.0,,0.9953913063085369,,0.12343811425652734
h1_global_source_residual,RNF2,True,0.41731491085441175,0.4909850885004578,0.8499543481635137,72.99405589853528,148.66857997962848,377,0.01856763925729443,0.026525198938992044,0.7,0.978515152855344,0.998114495505333,0.10926583006225614
h1_global_source_residual,SMARCA5,True,0.28366162606196477,0.4261758687073041,0.6655975781134206,65.67300184398033,154.09835860294635,953,0.04302203567681007,0.06505771248688352,0.6612903225806451,0.9271898284926952,0.9825751109766823,0.10016277345456702
h1_global_source_residual,ACAT2,True,0.25563676060667684,0.37362339156958,0.6842097319783831,53.17740183727565,142.32888795821663,313,0.038338658146964855,0.051118210862619806,0.75,0.9593707627576215,0.9120218480141775,0.12822419027613308
h1_global_source_residual,TRAM2,True,0.39835812599256604,0.4248198819450044,0.937710646141877,64.70481298174583,152.31116934899546,1,0.0,0.0,,0.999999638459265,,0.10010934969735272
h1_global_source_residual,CAMSAP2,False,0.38588009387982586,0.31793816887461296,1.213695402617757,57.22890420559281,180.000106335652,2,0.0,0.0,,0.9999901778581249,,0.1000977354570606
h1_global_source_residual,CDCA2,True,0.32030886407139847,0.42603677887988733,0.7518338320779184,64.25117386296631,150.8113314345583,8,0.125,0.125,1.0,0.9882585470354143,,0.10883251351132266
h1_global_source_residual,CREG1,True,0.36332273592268816,0.384349278283974,0.9452931394715652,61.188185069638514,159.19942751767056,4,0.0,0.0,,0.9997110399444572,,0.1287976542584746
h1_global_source_residual,CASP2,True,0.33554426851125746,0.41759581949288105,0.8035144339297622,63.96591776634306,153.17662385610524,2,0.0,0.0,,0.9999981583955355,,0.11723478469664848
h1_global_source_residual,UBE3C,True,0.2963873002703402,0.39055570712487025,0.7588861073167673,63.40700910659174,162.35074267220722,37,0.13513513513513514,0.13513513513513514,1.0,0.9490292487169005,0.766476627774694,0.13436869695375211
h1_global_source_residual,EIF4B,True,0.3569510681833855,0.3780479690272207,0.9441951747601739,59.22290145123474,156.6544626694463,124,0.008064516129032258,0.008064516129032258,1.0,0.9903092531871119,0.9628874621317897,0.11081655868815744
h1_global_source_residual,STAG2,True,0.38375667546036374,0.3452677770009145,1.111475501113292,58.366791648395974,169.04789712896198,453,0.019867549668874173,0.02869757174392936,0.6923076923076923,0.9751200573233796,0.9722189746560786,0.15316989942969111
h1_global_source_residual,HMGB2,True,0.3439535456675335,0.38129511619761086,0.9020664861840909,60.39841837358849,158.4033359144476,26,0.07692307692307693,0.07692307692307693,1.0,0.9829673108522521,0.8322072275819222,0.13000884476613508
h1_global_source_residual,TGFBR2,False,0.45585315477499166,0.31683302991032797,1.438780404000208,52.02621647962456,164.20704777639295,260,0.05,0.06153846153846154,0.8125,0.9518676590379632,0.9950194179172934,0.10381040359958961
h1_global_source_residual,ANTXR1,False,0.5293913446412106,0.4001958164875848,1.3228307814098148,66.1621531641978,165.32444977782606,2,0.0,0.0,,0.999990447257079,,0.08994395579672493
h1_global_source_residual,MTA1,True,0.2854110438993343,0.38912765709116787,0.7334637841803825,58.089358920444255,149.28098237652284,28,0.17857142857142858,0.17857142857142858,1.0,0.9335270123974179,0.6278289559393053,0.11981907553119912
h1_global_source_residual,DHCR24,True,0.24845344446534764,0.3702645339110614,0.671016048555779,52.5425156834862,141.90534299487368,32,0.0,0.0,,0.9971007069081803,0.9276112335165836,0.14231781394665502
h1_global_source_residual,NDUFB4,True,0.3922283523313759,0.3409800161309009,1.1502971839288112,60.46022346808956,177.313099325091,17,0.058823529411764705,0.058823529411764705,1.0,0.9940542811865098,0.8304415145600696,0.10795955033820565
h1_global_source_residual,ACVR1B,True,0.47670065195567846,0.38558929714460605,1.2362911924313689,64.78484211544576,168.01514615471743,25,0.04,0.04,1.0,0.9926893488302664,0.9253216067384108,0.1232945089272647
h1_global_source_residual,DHX36,True,0.3557364618627257,0.39979394502277005,0.8897995237083065,60.80843038490486,152.09942807273268,1387,0.16366258111031,0.17591925018024512,0.930327868852459,0.8144714619848985,0.8925268367427878,0.15037551580466454
h1_global_source_residual,LZTR1,True,0.26330320047573874,0.3366980948121358,0.7820157123925857,52.22091779924167,155.09715856390238,191,0.03664921465968586,0.04712041884816754,0.7777777777777778,0.9473572690091906,0.9380367362336761,0.1381759800272919
h1_global_source_residual,INSIG1,True,0.3547934698565523,0.42358744382480484,0.8375920368482273,63.25381008595592,149.32881275894854,219,0.0365296803652968,0.0365296803652968,1.0,0.9732940362748379,0.9714662811898768,0.09615305820619027
h1_global_source_residual,LAD1,False,0.3926911491806075,0.3477402562505711,1.1292657152056795,52.539950109574605,151.0896399400934,2,0.0,0.0,,0.9999933462495324,,0.10532778786416971
h1_global_source_residual,TCF3,True,0.40630017357659126,0.49337009816328703,0.8235200614896632,70.11180739952772,142.10793815948557,6,0.0,0.0,,0.9999880538338652,,0.1317233013552631
h1_global_source_residual,DAXX,True,0.3548905106719182,0.32496993593875395,1.0920718239572882,52.05134725394953,160.1728083048257,28,0.03571428571428571,0.03571428571428571,1.0,0.9978353813306001,0.9739446720556032,0.1426821403080939
h1_global_source_residual,CLDN7,True,0.2668814847429221,0.3612310906841929,0.7388109485189465,57.259230066502774,158.51135614614574,7,0.0,0.0,,0.9999194339858116,,0.14291547970237564
h1_global_source_residual,NIT1,True,0.3491862035802187,0.33543087668921173,1.0410079329213087,54.3664618592424,162.07947937248127,143,0.006993006993006993,0.006993006993006993,1.0,0.9923222440020049,0.9862947920144203,0.12133071140817228
h1_global_source_residual,PRR12,True,0.2526694870555585,0.3628559377220327,0.6963355447392927,59.20193183063686,163.1554721201469,105,0.01904761904761905,0.02857142857142857,0.6666666666666666,0.9847714698160233,0.97134090625663,0.128372751826934
h1_global_source_residual,ARID1A,True,0.42682959180488766,0.43309184548376506,0.9855405874200138,68.33403121676332,157.78184680534443,220,0.01818181818181818,0.04090909090909091,0.4444444444444444,0.9678637357431707,0.9954229309806455,0.08907431192053555
h1_global_source_residual,STX4,True,0.2941737722223421,0.3613579460906027,0.8140786037913345,57.764564292865344,159.85414162826277,19,0.0,0.0,,0.999079459730085,0.9584910083449257,0.11348723396917701
h1_global_source_residual,CENPO,True,0.293111819528689,0.4386732687595712,0.6681779821175706,66.60797822126594,151.83961039981344,5,0.2,0.2,1.0,0.9932214213840075,,0.10080975583398573
h1_global_source_residual,NRAS,True,0.275572398187719,0.42284698690599665,0.6517071345455316,61.97038644639123,146.55510944948014,5,0.2,0.2,1.0,0.9935124856424253,,0.11647469667459873
h1_global_source_residual,CHMP3,True,0.2606193073539083,0.5855845438675233,0.4450583781338125,82.83836220814611,141.46268557745032,98,0.02040816326530612,0.04081632653061224,0.5,0.9918470224284419,1.0807816312198861,0.1950269417390826
h1_global_source_residual,EID2,True,0.33729144726179316,0.402800063220705,0.8373669173854675,59.061555939604624,146.6274743538042,4,0.0,0.0,,0.9994368420638633,,0.10833686327771289
h1_global_source_residual,UQCRQ,True,0.3399947394599834,0.3291809756359538,1.0328505127100318,54.24924319493394,164.80066349559945,48,0.0,0.0,,0.9960499307997154,1.0203509298978601,0.12934892765650682
h1_global_source_residual,ZNF426,True,0.43556807463721453,0.44061106483287854,0.9885545538953345,70.54000487569996,160.0958543845362,3,0.0,0.0,,0.9999991732314535,,0.09332807047897763
h1_global_source_residual,BIRC2,True,0.3958323538637385,0.3673197064312785,1.077623516879823,59.76899202125635,162.71654086285315,75,0.02666666666666667,0.02666666666666667,1.0,0.9682518613964803,0.9086205074874335,0.10806135473740663
h1_global_source_residual,PLCB3,True,0.2711318345622285,0.38091620565928686,0.7117886572795074,61.3579141140458,161.07982071240048,2,0.0,0.0,,0.999524701329159,,0.12903284783573923
h1_global_source_residual,TFAM,True,0.43658133850569586,0.3571178756505809,1.22251326039155,61.27465286799132,171.5810298108544,98,0.09183673469387756,0.09183673469387756,1.0,0.9378361174211548,0.9007112386702737,0.19172534034411598
h1_global_source_residual,PMS1,True,0.46866701399799643,0.4039591846753785,1.1601840774448962,65.6368444370891,162.4838521491592,1,0.0,0.0,,0.9980308492969383,,0.09516450433870927
h1_global_source_residual,ZNF286A,True,0.3797485706565462,0.38986898543601123,0.9740414981505985,62.932226714484436,161.4189101092614,2,0.0,0.0,,0.9999969534410171,,0.1215776852912052
h1_global_source_residual,GSK3B,True,0.4351314059805982,0.45031800430917296,0.9662758357799343,68.07908385406168,151.18001768217312,217,0.03225806451612903,0.04608294930875576,0.7,0.97387252519327,0.9457420771323456,0.15354174557880132
h1_global_source_residual,LRPPRC,True,0.46772939397709934,0.43415032535552955,1.0773443359602957,75.16900899407632,173.14051056513605,98,0.08163265306122448,0.08163265306122448,1.0,0.9559882288440054,0.8429684128112297,0.17784311053475657
h1_global_source_residual,CASP3,True,0.31493598745152773,0.3716243505387916,0.8474578885773351,56.84128719959552,152.953613284989,417,0.04316546762589928,0.05755395683453238,0.75,0.9314543692766144,0.9596546375048907,0.11365785925946784
h1_global_source_residual,MAST2,True,0.4398610377918241,0.4383544452344329,1.0034369277505228,68.88574833860848,157.14622969494067,0,,,,,,0.11839751332124218
h1_global_source_residual,HAT1,True,0.08956347992261043,1.3072298571065697,0.06851394912356941,208.32140520626936,159.36096018137866,29,0.0,0.0,,0.9998978570354798,1.1137941350243605,0.15013773437998135
h1_global_source_residual,MAU2,True,0.1819366326076804,0.3702551361974135,0.4913817927718766,54.72772982554059,147.81085925668492,902,0.0565410199556541,0.07317073170731707,0.7727272727272727,0.9347410893554287,0.9578589731000103,0.15511365575466124
h1_global_source_residual,SMARCA4,True,0.3666794986877265,0.4242860315763262,0.8642271283959613,64.50682779119848,152.0361807612187,2229,0.10183938986092418,0.15971287572902648,0.6376404494382022,0.8335920860078749,0.9789894570008023,0.10875143506940513
h1_global_source_residual,TWF2,True,0.3007352629759227,0.330936687751293,0.9087395689471955,54.88684399940648,165.85300461052321,4,0.0,0.0,,0.9999993963879712,,0.10542680462247259
h1_global_source_residual,IRF3,True,0.379006923768445,0.40406590996990566,0.9379829241142194,63.95559849761499,158.28011450502797,4,0.25,0.25,1.0,0.9891812745226788,,0.11892326138402774
h1_global_source_residual,MKI67,True,0.18911534430113097,0.3385698502203545,0.5585711314165962,52.01832782820056,153.6413469608856,5,0.0,0.0,,0.9999574665124232,,0.11025814272778191
h1_global_source_residual,AKT2,True,0.33695297703314686,0.4104451685156434,0.8209451660783881,68.87182630975421,167.79787312109457,50,0.02,0.02,1.0,0.969942473350645,0.9598496154211419,0.16271056781754487
h1_global_source_residual,SSBP1,True,0.2778936696173418,0.37649673754724255,0.738103791888693,56.17986147434933,149.2173925339789,59,0.13559322033898305,0.13559322033898305,1.0,0.9555722099277866,0.8328055360709425,0.18379595930957485
h1_global_source_residual,PHF14,True,0.37095589894634157,0.43364565155268464,0.8554355327169084,69.25972695075912,159.71502701058353,24,0.0,0.0,,0.9997540427540119,1.004934208768682,0.10087841780084777
h1_global_source_residual,DNMT1,True,0.24035869524353662,0.5992339149370581,0.4011099659951377,67.47188005407439,112.59689809306178,1279,0.0797498045347928,0.11727912431587177,0.68,0.8444130968958536,0.9553841835551055,0.1555307908413519
h1_global_source_residual,TMSB10,True,0.2816246094450055,0.4114300660313588,0.6845017724677913,63.39297795272509,154.07959501893413,263,0.08745247148288973,0.09125475285171103,0.9583333333333334,0.9066311784241886,0.8863009258027564,0.09971547206182448
h1_global_source_residual,CLDN6,True,0.3243011855753501,0.3657772957369662,0.8866082978768537,59.62769467998099,163.0163910524939,4,0.0,0.0,,0.9998963444339972,,0.11860429037912702
h1_global_source_residual,DLG5,True,0.29642595329976656,0.4082833793355903,0.7260299299524462,61.108055636459376,149.67069131224994,85,0.03529411764705882,0.047058823529411764,0.75,0.9766671109917497,0.9098273373237877,0.13689292081607057
h1_global_source_residual,NDUFB6,True,0.43230306623281545,0.36752875760234593,1.1762428307734036,60.8669914600009,165.61150712961893,12,0.0,0.0,,0.9985448243635198,0.8799195191704745,0.09800727454370728
h1_global_source_residual,STAT6,True,0.05798584098376413,1.9333594470523208,0.02999227126242444,295.33733085852225,152.75862504968006,73,0.0,0.0,,0.9998774688945411,0.9500409259823949,0.11114075162208717
h1_global_source_residual,ZNF714,True,0.31098473072627036,0.46079987905319364,0.6748802351364572,69.41944923189257,150.64988596465963,8,0.125,0.125,1.0,0.9858562309236287,,0.09508678793529499
h1_global_source_residual,SAFB,True,0.2996248496847369,0.4136569231134737,0.7243317661156231,65.72247197208709,158.88159559234117,165,0.01818181818181818,0.01818181818181818,1.0,0.9847690752034052,0.9266949542758653,0.10195428754984896
h1_global_source_residual,SOX2,True,0.02353245631583615,6.030736836086705,0.003902086420853702,996.6893311028647,165.26825132525732,1156,0.03200692041522491,0.06228373702422145,0.5138888888888888,0.9331373022988269,2.758326668147622,0.19561858790754652
h1_global_source_residual,SLC25A3,True,0.2928024080291532,0.3262581362480014,0.8974562639154625,54.22322050221944,166.19729740931973,21,0.0,0.0,,0.9995439716646223,0.9821727025715752,0.11190633696299664
h1_global_source_residual,ZNF593,True,0.26796068671266376,0.3313333681042391,0.8087343820691252,52.59930686999125,158.75040648922283,21,0.0,0.0,,0.9995621757549976,0.9870416802072572,0.12676278578230343
h1_global_source_residual,RAF1,True,0.28929554255378376,0.35879437564186933,0.8062989895988341,59.068672250538526,164.63098716323785,38,0.0,0.0,,0.9961397909055895,0.9575379844761663,0.11795117492379277
h1_global_source_residual,METTL17,True,0.3063485134269048,0.3613151309693079,0.8478707011385243,56.54792986761418,156.5058449556536,81,0.024691358024691357,0.024691358024691357,1.0,0.9905030597917337,0.9252024001944064,0.10202366609936207
h1_global_source_residual,IKBKG,True,0.28324697154720546,0.40621674354991616,0.6972803953670608,62.35491761029318,153.50159391603455,12,0.0,0.0,,0.9998289776779179,1.0056792740715883,0.10645502387157982
h1_global_source_residual,SMAGP,True,0.39966731842230824,0.4358168005739135,0.9170534910448586,66.23816515087069,151.98625905115114,79,0.0379746835443038,0.0379746835443038,1.0,0.9753988261246218,0.9199435157209725,0.1249936522155003
h1_global_source_residual,MAP1B,True,0.3378460001411626,0.39219741601172176,0.8614182203869117,63.74868613945688,162.5423410172381,3,0.3333333333333333,0.3333333333333333,1.0,0.9960595995936828,,0.107127528305769
h1_global_source_residual,TAZ,True,0.29910000117680646,0.43437104956057326,0.6885818046101086,68.52403507449864,157.75460897732535,22,0.0,0.0,,0.9951907239491894,0.8691993976423501,0.14321525589895442
h1_global_source_residual,OXCT1,True,0.39098205329555363,0.3657623779951558,1.0689509824346446,57.278846070959695,156.60125129577514,129,0.11627906976744186,0.11627906976744186,1.0,0.8516452671484609,0.839333455213562,0.12606189442661309
h1_global_source_residual,WSB2,True,0.27110687220183904,0.3287555090634203,0.8246458682143017,49.531221189753154,150.66278685598564,106,0.03773584905660377,0.03773584905660377,1.0,0.9874615440936592,0.9446573199855547,0.12758547331512682
h1_global_source_residual,C1QBP,True,0.2460645604892599,0.32305822250019145,0.7616724892031315,51.09222114508699,158.15174351445802,66,0.0,0.015151515151515152,0.0,0.9924633934183571,0.9644605188820632,0.12813439345994465
h1_global_source_residual,CALM3,True,0.24130299838609223,0.49978602092590585,0.48281262036711875,76.04111974747933,152.14735219405537,1,0.0,0.0,,0.9987935488092627,,0.11815622154280252
h1_global_source_residual,SIX4,True,0.3047478983397118,0.3057634097614129,0.9966787673433735,51.815474594881316,169.46263987346595,25,0.04,0.04,1.0,0.9943986215515567,0.9355455781123506,0.12279062513347799
h1_global_source_residual,RRM1,True,0.3299848692062648,0.4027501564339125,0.8193289659476823,64.32315646419386,159.709823662722,5,0.0,0.0,,0.998857714018832,,0.0994041014850795
h1_global_source_residual,MBTPS1,True,0.3468149340671997,0.33371409781882994,1.0392576649712955,59.15173961417398,177.25274419268575,384,0.078125,0.08072916666666667,0.967741935483871,0.9342314297606804,0.8954042557861527,0.11145255862199664
h1_global_source_residual,RAB3B,False,0.3941068795369781,0.3871518904027511,1.0179644974146758,62.44378062526662,161.29013488816196,0,,,,,,0.09039890995967811
h1_global_source_residual,XRCC4,True,0.24245346531650178,0.370760317133718,0.6539358558943588,57.526694662354366,155.158715763011,14,0.07142857142857142,0.07142857142857142,1.0,0.9854374869556375,0.8061307069866492,0.12307234489825426
h1_global_source_residual,TRAPPC6A,True,0.48475508794215727,0.4460017442303781,1.086890565369093,69.96245502237498,156.86587760570848,230,0.04782608695652174,0.04782608695652174,1.0,0.9609241500837282,0.9530449696646086,0.0935418842355621
h1_global_source_residual,SIN3B,True,0.2723070346828324,0.4362317000459023,0.624225691654639,62.66539951803194,143.65164088588244,1161,0.07579672695951765,0.10163652024117141,0.7457627118644068,0.8994028597917778,0.9392713058901574,0.09694333946599361
h1_global_source_residual,SV2A,False,0.2838809389313293,0.4061067625748043,0.6990303168838239,62.1862208699579,153.12776491502842,18,0.05555555555555555,0.05555555555555555,1.0,0.9905990180381045,0.9817673325729404,0.09529862877206775
h1_global_source_residual,EWSR1,True,0.35657761635399426,0.43393806716999356,0.8217246730149314,64.24633236706568,148.05415156605153,178,0.02247191011235955,0.02247191011235955,1.0,0.9851586412428408,0.9525361951533765,0.12351263758827301
h1_global_source_residual,TXNDC9,True,0.08044478585339555,1.2145085612909812,0.06623649138206608,181.7343139997843,149.63609133113636,24,0.0,0.0,,0.999947180756439,0.9846331035149379,0.12761711300166745
h1_global_source_residual,TMBIM6,True,0.23040521214480414,0.33210299346457695,0.6937763786503774,51.56173784360471,155.25827486738518,6,0.16666666666666666,0.16666666666666666,1.0,0.9943950315052598,,0.11437323809990763
h1_global_source_residual,METTL3,True,0.3312761664373515,0.4007969159395491,0.8265437014672959,65.01725794853472,162.2199557003105,2926,0.24128503075871496,0.2877648667122351,0.838479809976247,0.69566307452536,0.9098952151211479,0.11439941737337717
h1_global_source_residual,METTL14,True,0.29626161807144236,0.31784491898630457,0.9320948688319531,49.51573362915885,155.7858272112017,3008,0.25,0.2992021276595745,0.8355555555555556,0.6686277195824315,0.8971548557539897,0.14381505499107317
h1_global_source_residual,MED24,True,0.1690985241857924,0.7474963372807791,0.22621986992061288,121.44708542801396,162.47181340019768,647,0.03709428129829984,0.04945904173106646,0.75,0.990452288588024,0.9825093249923851,0.18361257706102624
h1_global_source_residual,ATM,True,0.24750982810344938,0.4984672841645167,0.49654177107791886,69.38597554449949,139.1986550547598,76,0.0,0.0,,0.9960677820071118,0.9884497161726697,0.1031162881787008
h1_global_source_residual,PHF10,True,0.259722157545141,0.34298624325737,0.7572378270292629,58.39420953997818,170.25233719406157,120,0.075,0.075,1.0,0.953954381239576,0.8713177518861136,0.14147047555294065
h1_global_source_residual,DZIP3,False,0.3400619357767609,0.3906146322624837,0.870581662051634,59.03906044011332,151.1440063014344,1,0.0,0.0,,0.9999440941979172,,0.10090154082063692
h1_global_source_residual,ZNF562,True,0.30937951207074194,0.3227488481170989,0.9585766575950524,52.751510966708835,163.44445928919214,10,0.0,0.0,,0.9997508505125925,0.9520113425058895,0.12212350652676422
h1_global_source_residual,MED1,True,0.4018224163612252,0.3355664191725375,1.1974452549574723,60.27130174834203,179.61064726608552,302,0.0,0.0,,0.9913034591908668,0.9540964776834557,0.1520357737674999
