model,target_gene,fold,transductive,eligible,n_strong,signed_recovery,unsigned_recall,sign_given_recovered,non_strong_energy_fraction,strong_de_lfc_nmae,target_excluded_cosine,target_excluded_spearman,wrong_target_mean,signed_recovery_excess_wrong
control,TMSB4X,0,False,False,0,,,,,,0.1837564594311716,0.1867425586391534,,
control,PRCP,0,False,False,6,0.0,0.0,,0.9998626712182354,,0.10911730102570504,0.12917215090909046,,
control,TADA1,0,False,True,533,0.06378986866791744,0.10318949343339587,0.6181818181818182,0.9210900036588556,1.0027077007359018,-0.04457228138004557,-0.07448098347160201,0.052082551594746694,0.011707317073170749
control,HIRA,1,False,True,32,0.0,0.03125,0.0,0.9837926466519749,0.9323953820453823,0.05193635298895201,0.05280884639226241,0.019,-0.019
control,IGF2R,1,False,False,6,0.0,0.0,,0.999106021454782,,0.12547304254464192,0.16907416939814637,,
control,NCK2,1,False,False,2,0.0,0.0,,0.9998989766808936,,-0.10645080931653784,-0.1122143692080958,,
control,MED13,1,False,True,113,0.008849557522123894,0.008849557522123894,1.0,0.9893589926296408,0.9997240608551322,-0.018692856472702902,0.003938142876493768,0.01847787610619469,-0.009628318584070795
control,MED12,0,False,True,68,0.029411764705882353,0.14705882352941177,0.2,0.9732991419737126,1.0436609826541936,-0.08373901742006852,-0.06192274287291092,0.026470588235294117,0.0029411764705882353
control,STAT1,1,False,False,8,0.0,0.0,,0.9983100532985303,,0.04551665244179409,0.03913528085046679,,
control,USP22,1,False,True,21,0.047619047619047616,0.047619047619047616,1.0,0.9967553552835603,0.9808572874213828,-0.02736338795093692,-0.06170083938603325,0.02133333333333333,0.026285714285714287
control,MED13L,1,False,True,16,0.0,0.0,,0.9990095312674275,1.0019468564313116,0.015006418296310869,0.037595042587308294,0.002,-0.002
control,TET1,0,False,True,46,0.021739130434782608,0.021739130434782608,1.0,0.9952349905743355,0.9585581531449279,0.07360236670392369,0.07618809876813479,0.004869565217391304,0.016869565217391302
control,KIF1B,0,False,False,2,0.0,0.0,,0.9995241975926992,,0.06785278885520118,0.07820875601408203,,
control,SRC,0,False,False,6,0.0,0.0,,0.9993006446648576,,-0.12400803441771582,-0.11294279391422132,,
control,PBX1,0,False,False,5,0.0,0.0,,0.9981027882405229,,-0.014240682248113302,0.011712879917128148,,
control,CAST,1,False,True,38,0.0,0.02631578947368421,0.0,0.9925234690750914,1.0328153161606675,-0.010739575207881836,-0.029938292943586728,0.016631578947368417,-0.016631578947368417
control,IDE,0,False,False,0,,,,,,-0.015150418950944019,-0.008356552768838468,,
control,MAPKAPK2,1,False,False,5,0.0,0.0,,0.9995486550720206,,0.03868203420728594,0.014816354353970235,,
control,PTPN1,1,False,False,2,0.0,0.0,,0.9999445179543721,,0.06785548616197175,0.06904538607473441,,
control,KDM2B,1,False,True,44,0.0,0.022727272727272728,0.0,0.9909013076822688,1.042787987395145,-0.06082300096401518,-0.06803568144550813,0.04345454545454545,-0.04345454545454545
control,ATP1B1,1,False,False,2,0.0,0.0,,0.9995017767137456,,-0.030543838971027023,-0.025179825027556935,,
control,KAT2A,1,False,True,738,0.044715447154471545,0.056910569105691054,0.7857142857142857,0.9334646276852069,0.9528795634431431,0.06887321269296684,0.1465985607722095,0.07488346883468833,-0.030168021680216782
control,NISCH,0,False,False,6,0.0,0.0,,0.9993480249423129,,0.07045357135363417,0.0815424880402355,,
control,KDR,0,False,False,7,0.0,0.0,,0.9991290280610537,,-0.07894042273111605,-0.13145804784568874,,
control,WFS1,1,False,False,4,0.0,0.0,,0.9996543463138818,,-0.014058016358620239,-0.021101521513269855,,
control,TARBP2,0,False,False,4,0.0,0.0,,0.9997980593231982,,0.10494676825139802,0.11811260963649564,,
control,MAP3K7,0,False,False,1,0.0,0.0,,0.9999947322038805,,-0.007487139548070323,-0.006401931179400888,,
control,HMGN1,1,False,False,3,0.0,0.0,,0.9995172580230701,,0.09784465013077677,0.13212264219397496,,
control,TSC22D4,1,False,False,3,0.0,0.0,,0.999461233017596,,-0.047128697636118794,-0.05524308158805424,,
control,FOXH1,1,False,True,32,0.0,0.0,,0.9980985233458283,0.9565528790355332,0.003830252922419592,-0.00047867277189367894,0.0015,-0.0015
control,PAGR1,0,False,True,18,0.05555555555555555,0.05555555555555555,1.0,0.9952520872142665,1.0322817733398437,-0.06653535440882263,-0.05745716827913629,0.021777777777777778,0.033777777777777775
control,KLF10,0,False,True,15,0.0,0.0,,0.9971710784410462,1.0054758366711625,0.006550481944051667,0.03819876506829313,0.0,0.0
control,POLB,0,False,False,3,0.0,0.0,,0.999574423689434,,0.01926045829038526,0.06383694341208464,,
control,RNF2,0,False,True,377,0.05305039787798409,0.08488063660477453,0.625,0.948906373595719,0.9796342923913268,0.03485644332329378,0.03419971042622566,0.039342175066313,0.01370822281167109
control,SMARCA5,1,False,True,953,0.05141657922350472,0.08709338929695698,0.5903614457831325,0.9197378947537901,0.9895477741976005,0.018381899162547965,0.014520216284399732,0.06546904512067155,-0.014052465897166827
control,ACAT2,1,False,True,313,0.009584664536741214,0.17252396166134185,0.05555555555555555,0.8337225164791016,1.154843067871103,-0.18670107371880273,-0.14694397423032635,0.03560383386581469,-0.02601916932907348
control,TRAM2,1,False,False,1,0.0,0.0,,0.999984294196408,,0.012459833354790407,-0.014903243070066281,,
control,CAMSAP2,0,False,False,2,0.0,0.0,,0.9997563688083727,,-0.08108623366144704,-0.04988378510641248,,
control,CDCA2,0,False,False,8,0.0,0.0,,0.9987050285569048,,0.08312717594824669,0.0719856941351231,,
control,CREG1,0,False,False,4,0.0,0.0,,0.9999270550996047,,0.026474180030281746,-0.0015293336652187903,,
control,CASP2,0,False,False,2,0.0,0.0,,0.999405990762485,,0.048404193972120986,0.043237678104209504,,
control,UBE3C,0,False,True,37,0.02702702702702703,0.02702702702702703,1.0,0.992098602145735,0.975754025850663,0.023407871445163972,0.039837778297944285,0.017081081081081084,0.009945945945945944
control,EIF4B,1,False,True,124,0.056451612903225805,0.08870967741935484,0.6363636363636364,0.9703071023472232,0.9896616202579802,0.04246799926658955,0.03864367614534863,0.019225806451612905,0.0372258064516129
control,STAG2,0,False,True,453,0.0706401766004415,0.12362030905077263,0.5714285714285714,0.923537335943832,0.9926412367093067,0.03777210120387536,0.015497383994516757,0.04591611479028697,0.024724061810154532
control,HMGB2,0,False,True,26,0.038461538461538464,0.07692307692307693,0.5,0.9892412710188008,1.0233933154257235,-0.024477025584572817,-0.030823454979100308,0.03353846153846154,0.004923076923076926
control,TGFBR2,1,False,True,260,0.12307692307692308,0.1423076923076923,0.8648648648648649,0.9260917923525342,0.9302524245229208,0.11483921757995728,0.000856291835387487,0.028215384615384618,0.09486153846153847
control,ANTXR1,1,False,False,2,0.0,0.0,,0.9993265935500221,,0.15175392980825686,0.14614611230908212,,
control,MTA1,0,False,True,28,0.03571428571428571,0.03571428571428571,1.0,0.9940020034383479,0.9623183063261165,-0.001404511300375274,0.023199588467720404,0.02428571428571428,0.011428571428571434
control,DHCR24,0,False,True,32,0.0,0.40625,0.0,0.8889437641512754,2.112922588676177,-0.15556838339711448,0.04931349769682077,0.02475,-0.02475
control,NDUFB4,1,False,True,17,0.35294117647058826,0.35294117647058826,1.0,0.9858583596932992,0.6379714681013012,-0.1089641494133702,-0.12272938073178656,0.00988235294117647,0.3430588235294118
control,ACVR1B,1,False,True,25,0.0,0.0,,0.990740367925239,1.1184284095860622,-0.14281254929862294,-0.09961213956031623,0.0032,-0.0032
control,DHX36,1,False,True,1387,0.10742609949531362,0.18168709444844988,0.5912698412698413,0.7810629780142367,0.9887709957764422,0.018851062389034577,-0.019566054512608053,0.08892862292718097,0.01849747656813265
control,LZTR1,1,False,True,191,0.031413612565445025,0.03664921465968586,0.8571428571428571,0.9767323416457415,0.9840112884685844,-0.02003386884817444,-0.06528598791224716,0.03484816753926702,-0.0034345549738219947
control,INSIG1,1,False,True,219,0.0182648401826484,0.1324200913242009,0.13793103448275862,0.8954596549826989,1.132827764053088,-0.17291676133924616,-0.1140455809358786,0.047269406392694065,-0.029004566210045664
control,LAD1,0,False,False,2,0.0,0.0,,0.999089849596136,,-0.12655153115764375,-0.11148587938742557,,
control,TCF3,1,False,False,6,0.0,0.0,,0.9988384970741573,,0.030128848926863763,0.028515171146897323,,
control,DAXX,0,False,True,28,0.0,0.0,,0.9947166750261203,0.9111151851547257,0.06975474068523943,0.08964255463218093,0.011428571428571429,-0.011428571428571429
control,CLDN7,1,False,False,7,0.0,0.0,,0.9992326210133264,,-0.10153140866890718,-0.11058189410927112,,
control,NIT1,0,False,True,143,0.027972027972027972,0.04895104895104895,0.5714285714285714,0.980334806084897,0.9825453790658075,0.09235754440918263,0.0963501914630423,0.03731468531468531,-0.00934265734265734
control,PRR12,1,False,True,105,0.009523809523809525,0.009523809523809525,1.0,0.9874360360250902,0.9898718079168827,0.06827119927354618,0.10010436459893872,0.02019047619047619,-0.010666666666666665
control,ARID1A,1,False,True,220,0.05454545454545454,0.07727272727272727,0.7058823529411765,0.9541023879141131,0.9360257050135506,0.15352360202878754,0.1525195043290163,0.027709090909090912,0.02683636363636363
control,STX4,1,False,True,19,0.0,0.0,,0.9978342864032772,1.0111475207010456,0.0687975629530321,0.09943398040772757,0.0,0.0
control,CENPO,1,False,False,5,0.0,0.0,,0.9981372039255183,,0.0033442326053124967,0.004023813088222389,,
control,NRAS,1,False,False,5,0.0,0.0,,0.9997847925068344,,0.045375356930803384,0.08739451032780414,,
control,CHMP3,1,False,True,98,0.030612244897959183,0.04081632653061224,0.75,0.9763201258054762,0.9768917931989854,0.13825379470689514,0.1546454935257735,0.02081632653061225,0.009795918367346931
control,EID2,1,False,False,4,0.0,0.0,,0.999445935707337,,-0.062204034469052816,-0.04754095318940662,,
control,UQCRQ,0,False,True,48,0.020833333333333332,0.020833333333333332,1.0,0.9895884341731779,0.9551624913252451,-0.05763460605327226,-0.026126771426187995,0.020833333333333332,0.0
control,ZNF426,0,False,False,3,0.0,0.0,,0.9996705522257934,,-0.06117891474997728,-0.03290569489199548,,
control,BIRC2,1,False,True,75,0.0,0.02666666666666667,0.0,0.9908580344692486,1.004270703728483,0.005111191880059367,0.029011798597822182,0.021119999999999996,-0.021119999999999996
control,PLCB3,1,False,False,2,0.0,0.0,,0.9997366267656106,,-0.19851376740822693,-0.14625819794724382,,
control,TFAM,1,False,True,98,0.01020408163265306,0.030612244897959183,0.3333333333333333,0.9744863701673372,0.9555258391772065,0.03912613352741333,0.10877540786021635,0.02122448979591836,-0.011020408163265301
control,PMS1,0,False,False,1,0.0,0.0,,0.9999848074676172,,0.018341323744812597,-0.006599848932874737,,
control,ZNF286A,0,False,False,2,0.0,0.0,,0.9999570677187731,,-0.02098820392583187,0.006251240351436674,,
control,GSK3B,1,False,True,217,0.013824884792626729,0.027649769585253458,0.5,0.9777702530291628,0.9802024001065323,0.05303992691402887,0.03662031270995893,0.024147465437788014,-0.010322580645161285
control,LRPPRC,0,False,True,98,0.0,0.04081632653061224,0.0,0.9832625622229227,1.0309454526246098,0.00482341764142348,0.017592247647688193,0.03224489795918367,-0.03224489795918367
control,CASP3,1,False,True,417,0.11510791366906475,0.15587529976019185,0.7384615384615385,0.9113098624552012,0.9463218195533317,0.15795526237578128,0.1652383879878168,0.06923741007194245,0.0458705035971223
control,MAST2,1,False,False,0,,,,,,0.13663506096336822,0.15751336594701454,,
control,HAT1,0,False,True,29,0.034482758620689655,0.034482758620689655,1.0,0.9901485600513692,0.8189427551142866,0.015867570081622647,0.02418315844962008,0.03172413793103448,0.0027586206896551765
control,MAU2,0,False,True,902,0.07206208425720621,0.11086474501108648,0.65,0.8970611098917448,0.9843312527817624,0.05154381358159383,0.07505428343097044,0.07513082039911309,-0.0030687361419068776
control,SMARCA4,0,False,True,2229,0.08882907133243607,0.19201435621354868,0.46261682242990654,0.8399619047262163,1.0031507243527038,-0.027515758109807855,-0.016819410267990016,0.13031135038133693,-0.04148227904890085
control,TWF2,1,False,False,4,0.0,0.0,,0.9988922856788811,,-0.02361601635286104,-0.03472160960926513,,
control,IRF3,1,False,False,4,0.0,0.0,,0.9993776795347246,,0.03598582556297262,0.04377246245175973,,
control,MKI67,0,False,False,5,0.0,0.0,,0.9998912926919985,,-0.005371419487870825,0.012481248521268432,,
control,AKT2,0,False,True,50,0.0,0.02,0.0,0.9934154624453473,0.9942758600482532,0.03007648681707762,0.07084386287733384,0.0041600000000000005,-0.0041600000000000005
control,SSBP1,1,False,True,59,0.01694915254237288,0.01694915254237288,1.0,0.9932051503358773,1.010993880921355,0.0949994041810731,0.13124321816976675,0.025355932203389834,-0.008406779661016953
control,PHF14,0,False,True,24,0.0,0.0,,0.9967066630674218,0.9348473274739446,0.17214096186689196,0.13946280206510803,0.006666666666666666,-0.006666666666666666
control,DNMT1,0,False,True,1279,0.08131352619233777,0.20093823299452698,0.4046692607003891,0.8104738992932736,1.021268328684424,-0.040916519806831725,0.002965121132053465,0.0825144644253323,-0.001200938232994539
control,TMSB10,0,False,True,263,0.015209125475285171,0.034220532319391636,0.4444444444444444,0.9725731946965899,1.018336836145841,0.03671106774472335,0.06754965541591025,0.044714828897338396,-0.029505703422053227
control,CLDN6,1,False,False,4,0.0,0.0,,0.9996264220454639,,-0.04018768857590111,-0.04589607706465094,,
control,DLG5,0,False,True,85,0.0,0.023529411764705882,0.0,0.9874615771230459,0.9870233309633923,0.06243481709365468,0.10515217070729291,0.01901176470588235,-0.01901176470588235
control,NDUFB6,1,False,True,12,0.0,0.0,,0.9992590081934399,0.9902202547994423,-0.0846829548010436,-0.06070806473739795,0.007333333333333332,-0.007333333333333332
control,STAT6,1,False,True,73,0.0,0.0,,0.9931671377438193,0.9577375557664569,0.06705015657120264,0.08467069556986363,0.015342465753424659,-0.015342465753424659
control,ZNF714,0,False,False,8,0.0,0.0,,0.999654016086487,,-0.094366079612273,-0.10952573620629406,,
control,SAFB,1,False,True,165,0.09090909090909091,0.12121212121212122,0.75,0.9513865566953932,0.9705004252129681,0.08785133389971156,0.05157006338268323,0.024387878787878788,0.06652121212121212
control,SOX2,0,False,True,1156,0.07352941176470588,0.15570934256055363,0.4722222222222222,0.8596448537859575,1.0031433891573025,-0.027572529774259197,-0.030659442704622373,0.06563321799307958,0.0078961937716263
control,SLC25A3,1,False,True,21,0.0,0.09523809523809523,0.0,0.9874775182220147,1.1982689887431868,-0.10868023452008761,-0.07813956580329262,0.023619047619047616,-0.023619047619047616
control,ZNF593,0,False,True,21,0.047619047619047616,0.09523809523809523,0.5,0.9877692472116174,0.9438544109402003,-0.0243370756564235,-0.030010718075408147,0.019809523809523808,0.02780952380952381
control,RAF1,0,False,True,38,0.02631578947368421,0.02631578947368421,1.0,0.9878748997016761,1.0792559713016037,-0.040930234079098515,-0.042424157449894105,0.009894736842105265,0.016421052631578944
control,METTL17,0,False,True,81,0.024691358024691357,0.07407407407407407,0.3333333333333333,0.9830899605278616,1.0140722077975028,0.013052583156171008,0.03556758415167788,0.023506172839506175,0.0011851851851851815
control,IKBKG,1,False,True,12,0.0,0.0,,0.9985916555638911,1.04667402405778,-0.09394608517067451,-0.11605231583830247,0.03266666666666666,-0.03266666666666666
control,SMAGP,0,False,True,79,0.012658227848101266,0.0379746835443038,0.3333333333333333,0.9858783527944404,0.9685791046719879,0.028349393367027804,0.0042233891493791455,0.012556962025316457,0.00010126582278480872
control,MAP1B,0,False,False,3,0.0,0.0,,0.9997857708465316,,-0.02618117929966733,-0.021795232945354036,,
control,TAZ,0,False,True,22,0.0,0.0,,0.9965867906333201,0.9909807889191191,0.0004228439266396876,-0.015890426108236967,0.017454545454545455,-0.017454545454545455
control,OXCT1,0,False,True,129,0.015503875968992248,0.05426356589147287,0.2857142857142857,0.97619132962951,1.0348933271250575,-0.03545432981834887,-0.026152015716093772,0.01724031007751938,-0.0017364341085271337
control,WSB2,0,False,True,106,0.05660377358490566,0.07547169811320754,0.75,0.978352349248541,1.017049907362183,-0.00936373220459642,-0.0015935999948046863,0.0329811320754717,0.02362264150943396
control,C1QBP,0,False,True,66,0.0,0.0,,0.9919025781759888,0.9957251582130204,-0.0009657058302312072,-0.008427564833620078,0.02884848484848485,-0.02884848484848485
control,CALM3,1,False,False,1,0.0,0.0,,0.9995675361227861,,0.1674400718453436,0.1812374936441746,,
control,SIX4,1,False,True,25,0.0,0.0,,0.9979491916982753,1.024250214772198,-0.020992262411810313,-0.03880544553793919,0.0009599999999999999,-0.0009599999999999999
control,RRM1,0,False,False,5,0.0,0.0,,0.99975925720849,,0.001191617435317495,-0.0024341100623811226,,
control,MBTPS1,1,False,True,384,0.057291666666666664,0.14583333333333334,0.39285714285714285,0.918602065152829,1.0083049509697266,0.029102107208367364,0.09530547931227375,0.04689583333333333,0.010395833333333333
control,RAB3B,0,False,False,0,,,,,,0.10274890839207763,0.1144370535745034,,
control,XRCC4,1,False,True,14,0.0,0.0,,0.9975159494754694,0.9739999803501177,-0.04437516562315977,-0.0522772294719295,0.0,0.0
control,TRAPPC6A,1,False,True,230,0.02608695652173913,0.05217391304347826,0.5,0.9654970518053193,1.0186929687656399,-0.09077745681803699,-0.14713336166713784,0.029147826086956524,-0.0030608695652173945
control,SIN3B,1,False,True,1161,0.06976744186046512,0.1343669250645995,0.5192307692307693,0.8650448775549607,0.9878659432101293,0.046228938368183044,0.02863990695697688,0.07269595176571922,-0.0029285099052541036
control,SV2A,1,False,True,18,0.0,0.0,,0.9980935035150293,0.9985240715794371,-0.006796330834718908,-0.016877371772418635,0.020888888888888887,-0.020888888888888887
control,EWSR1,0,False,True,178,0.028089887640449437,0.03932584269662921,0.7142857142857143,0.9743528470763463,0.9565331925228736,0.11015424595129018,0.12253296443693698,0.02521348314606742,0.002876404494382017
control,TXNDC9,0,False,True,24,0.041666666666666664,0.041666666666666664,1.0,0.9923185486082019,0.923009921849046,0.061173604336643865,0.04371202520917815,0.017333333333333333,0.024333333333333332
control,TMBIM6,1,False,False,6,0.0,0.0,,0.999086613701118,,-0.0229657297474072,-0.040172171027030905,,
control,METTL3,0,False,True,2926,0.11278195488721804,0.25803144224196856,0.4370860927152318,0.7433901904687426,1.0101919516144104,-0.056585072933445474,-0.07455228580197328,0.1387122351332878,-0.025930280246069748
control,METTL14,1,False,True,3008,0.12533244680851063,0.27825797872340424,0.45041816009557945,0.7200527823048078,1.0043824222458875,-0.03232004276799932,-0.031557531714570944,0.14146010638297876,-0.01612765957446813
control,MED24,1,False,True,647,0.03709428129829984,0.160741885625966,0.23076923076923078,0.8748576678923532,1.0337414155594893,-0.1823220211492062,-0.17996035346056252,0.053959814528593504,-0.01686553323029366
control,ATM,1,False,True,76,0.0,0.013157894736842105,0.0,0.9936838825729375,1.0026584156802547,-0.000336674878522197,0.03687321712952762,0.039999999999999994,-0.039999999999999994
control,PHF10,0,False,True,120,0.025,0.05,0.5,0.9706109893848535,0.9799032959927019,0.08405888793794564,0.09364727333755878,0.04086666666666668,-0.01586666666666668
control,DZIP3,0,False,False,1,0.0,0.0,,0.9999655687522615,,0.13473250166162917,0.14401747740441842,,
control,ZNF562,0,False,True,10,0.0,0.0,,0.9979684115938438,1.0236786978720889,0.08346164118034743,0.07200612362787294,0.0016,-0.0016
control,MED1,0,False,True,302,0.026490066225165563,0.09933774834437085,0.26666666666666666,0.9299005262015375,1.0260050696782095,-0.04290414881210056,-0.016975649536183367,0.026543046357615892,-5.2980132450329565e-05
all_within,TMSB4X,0,True,False,0,,,,,,0.20304453142482515,0.20285504387607767,,
all_within,PRCP,0,True,False,6,0.0,0.0,,0.9995924150996456,,0.1171854170304752,0.1404325023882042,,
all_within,TADA1,0,True,True,533,0.04878048780487805,0.1050656660412758,0.4642857142857143,0.9224607698684439,1.001738427288903,-0.031824938974579,-0.06099601009920083,0.05532457786116323,-0.00654409005628518
all_within,HIRA,1,True,True,32,0.0625,0.09375,0.6666666666666666,0.9813573925033364,0.9237830094522914,0.07085238253595993,0.07145397433513143,0.0245,0.038
all_within,IGF2R,1,True,False,6,0.0,0.0,,0.999094683175046,,0.10047196112481506,0.13807963048923436,,
all_within,NCK2,1,True,False,2,0.0,0.0,,0.999750017941987,,-0.09716689477559355,-0.1108572702418934,,
all_within,MED13,1,True,True,113,0.0,0.008849557522123894,0.0,0.9907242894728681,0.9954437605070033,-0.029029386633364608,-0.00861142382309475,0.019469026548672566,-0.019469026548672566
all_within,MED12,0,True,True,68,0.0,0.14705882352941177,0.0,0.9678441741027484,1.044772352121704,-0.09077296066097652,-0.0694717038909329,0.02705882352941176,-0.02705882352941176
all_within,STAT1,1,True,False,8,0.0,0.0,,0.9991269966176239,,0.030491709243248743,0.026571527657108063,,
all_within,USP22,1,True,True,21,0.047619047619047616,0.047619047619047616,1.0,0.9969531080338583,1.0167132488964337,-0.039299263749366486,-0.0769814307336292,0.01828571428571428,0.029333333333333336
all_within,MED13L,1,True,True,16,0.0,0.0,,0.9993475907485141,1.0120418517698548,-0.004664716437279792,0.014454178797855375,0.0025,-0.0025
all_within,TET1,0,True,True,46,0.021739130434782608,0.021739130434782608,1.0,0.9954451618118633,0.9483019397140222,0.08144811047367935,0.08040380082094598,0.006260869565217392,0.015478260869565216
all_within,KIF1B,0,True,False,2,0.0,0.0,,0.9997631876780156,,0.0643517270905649,0.07217110253561525,,
all_within,SRC,0,True,False,6,0.0,0.0,,0.9984313021444476,,-0.13892814146837568,-0.12481588251589548,,
all_within,PBX1,0,True,False,5,0.0,0.0,,0.9956421759166968,,-0.01833814046283168,0.01510384936820465,,
all_within,CAST,1,True,True,38,0.0,0.02631578947368421,0.0,0.9912032077988411,1.0548945257907136,-0.03347554871898248,-0.04626821166555979,0.02421052631578947,-0.02421052631578947
all_within,IDE,0,True,False,0,,,,,,-0.02532148886696259,-0.02948255120616853,,
all_within,MAPKAPK2,1,True,False,5,0.0,0.0,,0.9993289182301682,,0.03005825574196324,0.013447053936181046,,
all_within,PTPN1,1,True,False,2,0.0,0.0,,0.9999805254432372,,0.07005684517157416,0.0685454624176468,,
all_within,KDM2B,1,True,True,44,0.022727272727272728,0.045454545454545456,0.5,0.9882880053498136,1.0147011746453058,-0.035064483222671285,-0.047806548574690376,0.05418181818181817,-0.03145454545454544
all_within,ATP1B1,1,True,False,2,0.0,0.0,,0.9995429047216154,,-0.022376627095303518,-0.023125240403661505,,
all_within,KAT2A,1,True,True,738,0.02981029810298103,0.03929539295392954,0.7586206896551724,0.9443254178260526,0.9738145177983513,0.038792719159552465,0.1300767197138624,0.07995663956639565,-0.05014634146341462
all_within,NISCH,0,True,False,6,0.0,0.0,,0.9994518335241341,,0.061856130889662075,0.06482698488943432,,
all_within,KDR,0,True,False,7,0.0,0.0,,0.998894542518674,,-0.07478103506013148,-0.12519710596415662,,
all_within,WFS1,1,True,False,4,0.0,0.0,,0.9997661490846985,,-0.011211832535674137,-0.01266081687941227,,
all_within,TARBP2,0,True,False,4,0.0,0.0,,0.9998314576109234,,0.12018284648005922,0.13328292075805376,,
all_within,MAP3K7,0,True,False,1,0.0,0.0,,0.9999296986015633,,-0.008803688796989484,-0.007710700017231657,,
all_within,HMGN1,1,True,False,3,0.0,0.0,,0.9995879693217041,,0.09958701077731616,0.13306708690697439,,
all_within,TSC22D4,1,True,False,3,0.0,0.0,,0.9996955993550171,,-0.050097147094907056,-0.048980964923830514,,
all_within,FOXH1,1,True,True,32,0.0,0.0,,0.9981635699671564,0.9697405049487429,0.0032726683484417857,-0.0013936427755579486,0.00225,-0.00225
all_within,PAGR1,0,True,True,18,0.05555555555555555,0.05555555555555555,1.0,0.9947171920811642,1.048283579235919,-0.08238890233352719,-0.06791352658626588,0.023555555555555555,0.032
all_within,KLF10,0,True,True,15,0.0,0.0,,0.9969966381891008,1.0153891960131833,0.0031621730928519287,0.04125689280593074,0.0,0.0
all_within,POLB,0,True,False,3,0.0,0.0,,0.999484003824542,,0.026660484821020253,0.07156493720572227,,
all_within,RNF2,0,True,True,377,0.03713527851458886,0.06896551724137931,0.5384615384615384,0.9511167035498402,0.985079498691815,0.02779086513347333,0.029123158896052083,0.04057294429708223,-0.003437665782493368
all_within,SMARCA5,1,True,True,953,0.05141657922350472,0.08709338929695698,0.5903614457831325,0.9121670544120033,0.9850775427356854,0.028638206630954774,0.026414043123033262,0.06653515215110178,-0.015118572927597065
all_within,ACAT2,1,True,True,313,0.009584664536741214,0.17891373801916932,0.05357142857142857,0.8231423111776909,1.1507470212789266,-0.18369229834779316,-0.12936288901679505,0.033635782747603836,-0.024051118210862622
all_within,TRAM2,1,True,False,1,0.0,0.0,,0.999996674464114,,0.018330334987909265,-0.013089973793953045,,
all_within,CAMSAP2,0,True,False,2,0.0,0.0,,0.9997215028533902,,-0.06992313066304474,-0.04231905826953453,,
all_within,CDCA2,0,True,False,8,0.0,0.0,,0.9986050329141747,,0.07901915013939416,0.06707182473821119,,
all_within,CREG1,0,True,False,4,0.0,0.0,,0.9998428669513988,,0.03224528256838796,0.00782632405567515,,
all_within,CASP2,0,True,False,2,0.0,0.0,,0.9995252294546934,,0.044096922958542825,0.038583801961123175,,
all_within,UBE3C,0,True,True,37,0.05405405405405406,0.05405405405405406,1.0,0.9831544074555354,0.9269015890222809,0.09451843666486798,0.1029302479757054,0.025513513513513515,0.028540540540540543
all_within,EIF4B,1,True,True,124,0.04838709677419355,0.08870967741935484,0.5454545454545454,0.9685290285903769,0.9925549154518977,0.03764714369728518,0.03458356061668188,0.01832258064516129,0.030064516129032257
all_within,STAG2,0,True,True,453,0.0640176600441501,0.10375275938189846,0.6170212765957447,0.9247533647558929,0.9953924129944255,0.021732065324638557,-0.002067707981756658,0.045280353200883,0.018737306843267104
all_within,HMGB2,0,True,True,26,0.07692307692307693,0.11538461538461539,0.6666666666666666,0.9804960617945652,0.9778465329882667,-0.005226677992485875,-0.022493903308414203,0.044615384615384605,0.03230769230769232
all_within,TGFBR2,1,True,True,260,0.12307692307692308,0.1346153846153846,0.9142857142857143,0.9311685733122101,0.942522579794096,0.08299117627592473,-0.026701494204581414,0.029323076923076917,0.09375384615384616
all_within,ANTXR1,1,True,False,2,0.0,0.0,,0.9995109795603294,,0.15989206959811855,0.15352388755383334,,
all_within,MTA1,0,True,True,28,0.03571428571428571,0.03571428571428571,1.0,0.994049040509734,0.9583559372498701,0.006234768171416964,0.02896771713324005,0.029999999999999992,0.00571428571428572
all_within,DHCR24,0,True,True,32,0.0,0.40625,0.0,0.8801510621791329,2.0018595847876988,-0.15897646639989083,0.07599300712002512,0.024,-0.024
all_within,NDUFB4,1,True,True,17,0.29411764705882354,0.29411764705882354,1.0,0.9848019953293186,0.5991334081628374,-0.10918087842390488,-0.11728792102472264,0.018352941176470586,0.27576470588235297
all_within,ACVR1B,1,True,True,25,0.0,0.0,,0.9909593206376752,1.1096771678125374,-0.13192544732109154,-0.08649821326689523,0.00352,-0.00352
all_within,DHX36,1,True,True,1387,0.11968276856524873,0.1910598413842826,0.6264150943396226,0.7707521892611289,0.9778125630947432,0.048325879715798915,0.0052511240050272705,0.09128190338860852,0.028400865176640214
all_within,LZTR1,1,True,True,191,0.010471204188481676,0.020942408376963352,0.5,0.9775156418268572,0.9957342264415331,-0.03650077468022598,-0.07675410669908131,0.04121465968586388,-0.030743455497382204
all_within,INSIG1,1,True,True,219,0.0182648401826484,0.136986301369863,0.13333333333333333,0.886999046093067,1.1116947514274347,-0.1601625389379289,-0.09565660857048049,0.052420091324200904,-0.0341552511415525
all_within,LAD1,0,True,False,2,0.0,0.0,,0.9993024802265446,,-0.12143351898017893,-0.10330436455682493,,
all_within,TCF3,1,True,False,6,0.0,0.0,,0.9992091727484568,,0.052359857000880194,0.047684465712882894,,
all_within,DAXX,0,True,True,28,0.0,0.0,,0.9946418032095722,0.8878913922291815,0.08476801111204676,0.10219921669142026,0.013714285714285714,-0.013714285714285714
all_within,CLDN7,1,True,False,7,0.0,0.0,,0.9993694815320818,,-0.10163744761940745,-0.11258013028146285,,
all_within,NIT1,0,True,True,143,0.06293706293706294,0.08391608391608392,0.75,0.9713294723891498,0.9590653164938743,0.15330437046472234,0.1492042331475853,0.04486713286713287,0.018069930069930074
all_within,PRR12,1,True,True,105,0.0,0.0,,0.9870026866389742,0.9895427674954111,0.0726853315521632,0.1033141724775937,0.019809523809523808,-0.019809523809523808
all_within,ARID1A,1,True,True,220,0.05454545454545454,0.08181818181818182,0.6666666666666666,0.9509947018219929,0.9309369363021628,0.16322872443629508,0.15487166763711716,0.026181818181818185,0.028363636363636358
all_within,STX4,1,True,True,19,0.0,0.0,,0.9979822776125901,1.013192909789458,0.08121783699925049,0.11854224554369491,0.0,0.0
all_within,CENPO,1,True,False,5,0.0,0.0,,0.9951843014421347,,-0.0044010647991852,-0.008947128526735983,,
all_within,NRAS,1,True,False,5,0.0,0.0,,0.999892139592124,,0.047157774615290075,0.0865339561225709,,
all_within,CHMP3,1,True,True,98,0.030612244897959183,0.04081632653061224,0.75,0.9758536006115643,0.9937762636514395,0.12851001829047334,0.15795976893002148,0.022367346938775505,0.008244897959183678
all_within,EID2,1,True,False,4,0.0,0.0,,0.9997218952274625,,-0.08428498370609908,-0.06564865243089259,,
all_within,UQCRQ,0,True,True,48,0.0625,0.0625,1.0,0.9813873069490738,0.8716913605068081,-0.005080823689028497,0.025573393879970787,0.028833333333333332,0.033666666666666664
all_within,ZNF426,0,True,False,3,0.0,0.0,,0.999915512004464,,-0.05361664174368774,-0.023652536102908163,,
all_within,BIRC2,1,True,True,75,0.013333333333333334,0.02666666666666667,0.5,0.9886060298284554,1.0091116473763506,-0.0007659168340414505,0.021449569594630753,0.02496,-0.011626666666666665
all_within,PLCB3,1,True,False,2,0.0,0.0,,0.9997482581145964,,-0.18973086407765635,-0.14647256599831943,,
all_within,TFAM,1,True,True,98,0.030612244897959183,0.05102040816326531,0.6,0.9709089436958364,0.9159244439737704,0.07104656479664827,0.1310489866377161,0.027836734693877548,0.0027755102040816354
all_within,PMS1,0,True,False,1,0.0,0.0,,0.9999800171823606,,0.014363850057199173,-0.014988547651063413,,
all_within,ZNF286A,0,True,False,2,0.0,0.0,,0.9999425010375911,,-0.029656294406309347,0.00070518186714841,,
all_within,GSK3B,1,True,True,217,0.013824884792626729,0.02304147465437788,0.6,0.9781548739507259,0.9900690823641992,0.033260951612704454,0.01706007099851807,0.03207373271889401,-0.018248847926267277
all_within,LRPPRC,0,True,True,98,0.0,0.07142857142857142,0.0,0.9641470387051925,1.1243356215643223,-0.14241109903061905,-0.10968932781211899,0.04073469387755103,-0.04073469387755103
all_within,CASP3,1,True,True,417,0.09592326139088729,0.15587529976019185,0.6153846153846154,0.9029984037138203,0.9705317587536042,0.11199053988621796,0.13353605595419427,0.08510311750599521,0.01082014388489208
all_within,MAST2,1,True,False,0,,,,,,0.13301241864077903,0.15870021448776261,,
all_within,HAT1,0,True,True,29,0.034482758620689655,0.034482758620689655,1.0,0.9899928596170324,0.7809505476709848,0.024710589496979143,0.03235112641287951,0.035586206896551724,-0.0011034482758620692
all_within,MAU2,0,True,True,902,0.06541019955654102,0.10532150776053215,0.6210526315789474,0.9020825006653779,0.9826311230925946,0.05391801794096815,0.07300020425761854,0.07726829268292684,-0.011858093126385819
all_within,SMARCA4,0,True,True,2229,0.10363391655450875,0.21130551816958276,0.49044585987261147,0.8179121286182334,0.9977232023495551,0.0029440075598791277,0.018537327143456343,0.1294176760879318,-0.02578375953342306
all_within,TWF2,1,True,False,4,0.0,0.0,,0.998850293100996,,-0.03328845589846412,-0.044071549407596604,,
all_within,IRF3,1,True,False,4,0.0,0.0,,0.9995731150198454,,0.029809967901084464,0.04062893967642232,,
all_within,MKI67,0,True,False,5,0.0,0.0,,0.9999093027885455,,-0.003655107292617197,0.01674633198984698,,
all_within,AKT2,0,True,True,50,0.0,0.02,0.0,0.9921345271182198,1.0059570075587783,0.008389792407422447,0.05076283692746534,0.007360000000000001,-0.007360000000000001
all_within,SSBP1,1,True,True,59,0.0,0.0,,0.9953531240118173,0.9958924160404052,0.11592769552334978,0.14670072790269542,0.034305084745762715,-0.034305084745762715
all_within,PHF14,0,True,True,24,0.0,0.0,,0.9975609568518937,0.9334871603483422,0.18478771331659694,0.142840533589014,0.010333333333333333,-0.010333333333333333
all_within,DNMT1,0,True,True,1279,0.08835027365129007,0.19468334636434714,0.4538152610441767,0.8161879322094293,1.0129039325035454,-0.017969970054404896,0.029881908033510145,0.0821454261141517,0.006204847537138375
all_within,TMSB10,0,True,True,263,0.019011406844106463,0.04182509505703422,0.45454545454545453,0.968537694335541,1.0080513176324861,0.03528762661515825,0.05868050982739524,0.046418250950570346,-0.027406844106463882
all_within,CLDN6,1,True,False,4,0.0,0.0,,0.9995732267194065,,-0.054568971700499104,-0.06445800258612384,,
all_within,DLG5,0,True,True,85,0.011764705882352941,0.03529411764705882,0.3333333333333333,0.9880183776090844,0.9866123393950567,0.05870866189623301,0.0972235216583952,0.025976470588235292,-0.01421176470588235
all_within,NDUFB6,1,True,True,12,0.0,0.0,,0.9982348073412769,0.8980519705055897,-0.06929954158561957,-0.045491773772132045,0.006666666666666666,-0.006666666666666666
all_within,STAT6,1,True,True,73,0.0,0.0,,0.993211166258851,0.9595297317326338,0.0792673343971229,0.10501499735057593,0.01884931506849315,-0.01884931506849315
all_within,ZNF714,0,True,False,8,0.0,0.0,,0.9997010537479201,,-0.08979637093744165,-0.11488841459302412,,
all_within,SAFB,1,True,True,165,0.10909090909090909,0.14545454545454545,0.75,0.9328600459116243,0.9563522150083554,0.11721851294598239,0.07273553259341915,0.03166060606060606,0.07743030303030302
all_within,SOX2,0,True,True,1156,0.06487889273356401,0.13494809688581316,0.4807692307692308,0.8705041869717506,1.0054287759659704,-0.04186261323305846,-0.04638766708091256,0.06680276816608996,-0.001923875432525951
all_within,SLC25A3,1,True,True,21,0.0,0.09523809523809523,0.0,0.9875826888853565,1.2279482649967162,-0.11694152438533667,-0.0876123661388994,0.032761904761904756,-0.032761904761904756
all_within,ZNF593,0,True,True,21,0.047619047619047616,0.047619047619047616,1.0,0.9909240019727393,0.933953869906779,-0.023442275700904656,-0.03262032504284935,0.030857142857142854,0.016761904761904763
all_within,RAF1,0,True,True,38,0.02631578947368421,0.02631578947368421,1.0,0.9882877827049441,1.0410575070605343,-0.026609056607016998,-0.036866886572429425,0.00968421052631579,0.01663157894736842
all_within,METTL17,0,True,True,81,0.024691358024691357,0.13580246913580246,0.18181818181818182,0.9770515937141305,1.0380920724970155,-0.016272095599806923,0.011160091573236774,0.03269135802469136,-0.008
all_within,IKBKG,1,True,True,12,0.0,0.0,,0.9978709637236495,1.0656101189517178,-0.09147400970924328,-0.11151665808490309,0.043333333333333335,-0.043333333333333335
all_within,SMAGP,0,True,True,79,0.0,0.012658227848101266,0.0,0.9869148290875644,0.9979345412152485,-0.017258868614594552,-0.03597056049333327,0.02035443037974684,-0.02035443037974684
all_within,MAP1B,0,True,False,3,0.0,0.0,,0.9997950640306382,,-0.05672974909817376,-0.04466254977201296,,
all_within,TAZ,0,True,True,22,0.0,0.0,,0.9964881765493674,1.0101343900108093,-0.010022182389760688,-0.03306138815229049,0.024000000000000004,-0.024000000000000004
all_within,OXCT1,0,True,True,129,0.03875968992248062,0.10077519379844961,0.38461538461538464,0.9705449066083697,1.025871015085861,-0.002301400633399936,0.012434532265912722,0.022945736434108525,0.015813953488372095
all_within,WSB2,0,True,True,106,0.018867924528301886,0.05660377358490566,0.3333333333333333,0.9740018831225403,1.0335651344446664,-0.02956873092918978,-0.022219143446730844,0.03818867924528302,-0.019320754716981133
all_within,C1QBP,0,True,True,66,0.015151515151515152,0.015151515151515152,1.0,0.9867505060462883,0.9184157292610688,0.03176736578433683,0.015991364514459698,0.037333333333333336,-0.022181818181818184
all_within,CALM3,1,True,False,1,0.0,0.0,,0.9995776615612164,,0.16870609014895105,0.1823360748047593,,
all_within,SIX4,1,True,True,25,0.0,0.0,,0.9979548623647743,1.017729922414565,-0.0061013870089340816,-0.028990816802184138,0.0,0.0
all_within,RRM1,0,True,False,5,0.0,0.0,,0.9997514769372281,,-0.013068042846522758,-0.01610644317269764,,
all_within,MBTPS1,1,True,True,384,0.057291666666666664,0.14583333333333334,0.39285714285714285,0.923349367197909,1.0128059773755742,0.011610225458969878,0.07074785023501787,0.05110416666666667,0.006187499999999992
all_within,RAB3B,0,True,False,0,,,,,,0.09754965759730605,0.10740920956022189,,
all_within,XRCC4,1,True,True,14,0.0,0.0,,0.9983507477802682,0.9888811056637212,-0.04361781356071036,-0.05864948571664097,0.0,0.0
all_within,TRAPPC6A,1,True,True,230,0.030434782608695653,0.05652173913043478,0.5384615384615384,0.9648618900857938,1.016095411311205,-0.09433800119599443,-0.15164166943624904,0.032834782608695656,-0.002400000000000003
all_within,SIN3B,1,True,True,1161,0.06373815676141258,0.12058570198105081,0.5285714285714286,0.870813302870946,0.9937687020421205,0.02999169856639812,0.005712740240598431,0.07559000861326443,-0.01185185185185185
all_within,SV2A,1,True,True,18,0.0,0.0,,0.9977594811848592,0.9944256292882795,0.0012621594968718424,-0.0025846689733353776,0.029777777777777778,-0.029777777777777778
all_within,EWSR1,0,True,True,178,0.03932584269662921,0.056179775280898875,0.7,0.9746422464027397,0.9521624809994644,0.1280923938984554,0.14023981093599897,0.027820224719101116,0.011505617977528096
all_within,TXNDC9,0,True,True,24,0.041666666666666664,0.041666666666666664,1.0,0.9888449547567248,0.9173299621644041,0.061410435146781205,0.03470626677267695,0.030333333333333334,0.01133333333333333
all_within,TMBIM6,1,True,False,6,0.0,0.0,,0.999500926899871,,-0.023493516167568198,-0.03750268482099745,,
all_within,METTL3,0,True,True,2926,0.12030075187969924,0.25495557074504444,0.4718498659517426,0.7557179899096252,1.0079364703361742,-0.04651358797347653,-0.07012097460435038,0.13850991114149008,-0.01820915926179084
all_within,METTL14,1,True,True,3008,0.12367021276595745,0.28191489361702127,0.4386792452830189,0.7149219113753544,1.0057789091249132,-0.043460948980395986,-0.046016531676883285,0.14185106382978724,-0.018180851063829787
all_within,MED24,1,True,True,647,0.0401854714064915,0.16537867078825347,0.24299065420560748,0.8701999576900522,1.0309455787172712,-0.18523222629122962,-0.19093556484263166,0.054812982998454406,-0.014627511591962905
all_within,ATM,1,True,True,76,0.0,0.013157894736842105,0.0,0.9931676622980298,1.0070099050211179,-0.004370345286673554,0.04093319232854269,0.03915789473684209,-0.03915789473684209
all_within,PHF10,0,True,True,120,0.05,0.08333333333333333,0.6,0.9657096577755241,0.9632892499707834,0.10655307039620195,0.11221193115387215,0.04866666666666668,0.0013333333333333253
all_within,DZIP3,0,True,False,1,0.0,0.0,,0.9998012415576776,,0.14943905241794794,0.15526269903072182,,
all_within,ZNF562,0,True,True,10,0.0,0.0,,0.9986825409420218,1.019969226154348,0.07350002945292561,0.06731868546440362,0.0008,-0.0008
all_within,MED1,0,True,True,302,0.033112582781456956,0.12251655629139073,0.2702702702702703,0.9247503181987503,1.025311654669933,-0.027392961301188054,-0.005574230297764135,0.02590728476821192,0.007205298013245036
all_between,TMSB4X,0,True,False,0,,,,,,-0.00045658384966498804,0.030280522512920367,,
all_between,PRCP,0,True,False,6,0.16666666666666666,0.16666666666666666,1.0,0.9679169689095662,,0.15170752847622618,0.06399006785253575,,
all_between,TADA1,0,True,True,533,0.3395872420262664,0.3452157598499062,0.9836956521739131,0.5394765092613277,2.548472157600801,0.5826319431892031,0.6973557033095826,0.08634896810506565,0.25323827392120074
all_between,HIRA,1,True,True,32,0.0,0.0,,0.996022984407857,1.1161403208056557,0.04364102985200262,0.036515471480382866,0.032,-0.032
all_between,IGF2R,1,True,False,6,0.0,0.0,,0.9968581031162684,,0.0381286297109324,0.022003958597391855,,
all_between,NCK2,1,True,False,2,0.0,0.0,,0.9999859453440497,,0.04205425222077922,0.02876643092228128,,
all_between,MED13,1,True,True,113,0.23008849557522124,0.23008849557522124,1.0,0.9126128437096183,0.5258631397994676,0.4641620321442013,0.42700562257606745,0.03688495575221239,0.19320353982300886
all_between,MED12,0,True,True,68,0.08823529411764706,0.10294117647058823,0.8571428571428571,0.9586027169782289,1.4712773712819645,0.07144355022914556,0.022125700568548432,0.030235294117647055,0.05800000000000001
all_between,STAT1,1,True,False,8,0.0,0.0,,0.9956464417663841,,0.007869648777104991,-0.013645193411796378,,
all_between,USP22,1,True,True,21,0.0,0.0,,0.9846650491700085,0.9112434534037009,0.1951790491432311,0.20579531841016657,0.02933333333333333,-0.02933333333333333
all_between,MED13L,1,True,True,16,0.0,0.0,,0.9944500068260315,1.8957443170466515,0.06153365446135062,0.08344741899648168,0.008,-0.008
all_between,TET1,0,True,True,46,0.10869565217391304,0.10869565217391304,1.0,0.963205212764939,0.6262859465376851,0.3263349037256465,0.28037277463616506,0.018608695652173917,0.09008695652173912
all_between,KIF1B,0,True,False,2,0.0,0.0,,0.9969818582583103,,0.0630449686959412,0.04568028974723861,,
all_between,SRC,0,True,False,6,0.0,0.0,,0.9979864567158182,,-0.17808662730895436,-0.22190916817717127,,
all_between,PBX1,0,True,False,5,0.0,0.0,,0.9945397605090794,,0.051383791885702974,0.07133713655466938,,
all_between,CAST,1,True,True,38,0.02631578947368421,0.07894736842105263,0.3333333333333333,0.9867314503474661,2.535295290242486,-0.007143760358284211,-0.013130686474936513,0.053052631578947365,-0.026736842105263156
all_between,IDE,0,True,False,0,,,,,,0.0014763255675144878,0.0014830461606515793,,
all_between,MAPKAPK2,1,True,False,5,0.0,0.0,,0.9963293730457532,,0.03820383576268824,0.03499796348969307,,
all_between,PTPN1,1,True,False,2,0.0,0.0,,0.999009875077221,,0.04279620220020338,0.047078066496785594,,
all_between,KDM2B,1,True,True,44,0.29545454545454547,0.29545454545454547,1.0,0.9443499279219517,1.0892012936542115,0.4102197396380253,0.3920949066589966,0.06309090909090907,0.23236363636363638
all_between,ATP1B1,1,True,False,2,0.0,0.0,,0.9967981574103812,,0.09412790625238553,0.1038150552942649,,
all_between,KAT2A,1,True,True,738,0.05420054200542006,0.056910569105691054,0.9523809523809523,0.9382001974990928,19.558942106540677,-0.034831401238162335,0.24872805597242909,0.11053658536585366,-0.0563360433604336
all_between,NISCH,0,True,False,6,0.0,0.0,,0.9859421570440121,,0.20711342604744468,0.18639355194601034,,
all_between,KDR,0,True,False,7,0.0,0.0,,0.9937591372710808,,0.036537883164541124,0.010745998526741418,,
all_between,WFS1,1,True,False,4,0.0,0.0,,0.9897484726369397,,-0.039831042132648896,-0.07224225883942943,,
all_between,TARBP2,0,True,False,4,0.0,0.0,,0.9984552728729685,,0.20059945886945404,0.2214517268836532,,
all_between,MAP3K7,0,True,False,1,0.0,0.0,,0.9999974929657658,,0.08436492119259946,0.08466545970655691,,
all_between,HMGN1,1,True,False,3,0.3333333333333333,0.3333333333333333,1.0,0.9921721237818517,,0.13596128559726783,0.13469128115015266,,
all_between,TSC22D4,1,True,False,3,0.3333333333333333,0.3333333333333333,1.0,0.9793436343321426,,0.11085010651394585,0.10842648264459198,,
all_between,FOXH1,1,True,True,32,0.09375,0.09375,1.0,0.8627821068288077,3.1745701448794668,0.023728582480255212,-0.003414691024878377,0.01975,0.074
all_between,PAGR1,0,True,True,18,0.0,0.0,,0.9937669726225573,1.2577204405100624,-0.06005912829938079,0.004921454984153294,0.008,-0.008
all_between,KLF10,0,True,True,15,0.0,0.0,,0.9945560004505346,1.4983264399276246,0.14335545862047777,0.1633649404258583,0.010666666666666668,-0.010666666666666668
all_between,POLB,0,True,False,3,0.3333333333333333,0.3333333333333333,1.0,0.9925786985045821,,0.10941549123037005,0.09962414045646809,,
all_between,RNF2,0,True,True,377,0.5517241379310345,0.5517241379310345,1.0,0.6136302063993821,0.34415442411810776,0.7478310130766889,0.6147851273493337,0.08530503978779841,0.46641909814323607
all_between,SMARCA5,1,True,True,953,0.4994753410283316,0.5068205666316894,0.9855072463768116,0.550348685145496,0.5490572404459679,0.6926693786320572,0.6686117054428522,0.1118572927597062,0.3876180482686254
all_between,ACAT2,1,True,True,313,0.05750798722044728,0.26517571884984026,0.21686746987951808,0.6064009390026522,1.453378853687326,-0.17103937920591153,-0.027604819667541032,0.052932907348242804,0.004575079872204478
all_between,TRAM2,1,True,False,1,0.0,0.0,,0.9999995022495037,,0.06829788862556165,0.05696244856867561,,
all_between,CAMSAP2,0,True,False,2,0.0,0.0,,0.998206690089431,,0.1222974838120554,0.11130964144693525,,
all_between,CDCA2,0,True,False,8,0.375,0.375,1.0,0.9773380241349707,,0.2717813152126338,0.1899079213060392,,
all_between,CREG1,0,True,False,4,0.0,0.0,,0.9988955078258753,,0.0748999319565541,0.06959713605173908,,
all_between,CASP2,0,True,False,2,0.0,0.0,,0.9992320769097457,,-0.04471171878583597,-0.00856007784717855,,
all_between,UBE3C,0,True,True,37,0.5945945945945946,0.5945945945945946,1.0,0.8359745448461905,0.42286014151633466,0.590249199206218,0.4957627490818668,0.06767567567567566,0.526918918918919
all_between,EIF4B,1,True,True,124,0.24193548387096775,0.24193548387096775,1.0,0.8531281572862517,0.6048628455075811,0.4615502312364519,0.4451862736213979,0.045354838709677416,0.19658064516129034
all_between,STAG2,0,True,True,453,0.23399558498896247,0.2560706401766004,0.9137931034482759,0.8451219496361464,0.6516783566073033,0.3532366818073293,0.27496141509818306,0.07844591611479028,0.1555496688741722
all_between,HMGB2,0,True,True,26,0.15384615384615385,0.15384615384615385,1.0,0.9684385422799818,0.8593720510173948,0.026677032062112062,-0.04038767651110097,0.04492307692307692,0.10892307692307693
all_between,TGFBR2,1,True,True,260,0.23846153846153847,0.23846153846153847,1.0,0.5063001015144031,3.990041871218655,0.3913484626661014,0.41666224001095353,0.07741538461538462,0.16104615384615384
all_between,ANTXR1,1,True,False,2,0.0,0.0,,0.9979395694263681,,0.06465249131935231,0.04922892312730603,,
all_between,MTA1,0,True,True,28,0.21428571428571427,0.21428571428571427,1.0,0.965028660216303,0.5858250906042978,0.25999447588195357,0.18543133116697214,0.030285714285714284,0.184
all_between,DHCR24,0,True,True,32,0.0,0.5,0.0,0.8565104771992158,1.8704759216643598,-0.2605755357853008,-0.02736897600990589,0.0155,-0.0155
all_between,NDUFB4,1,True,True,17,0.058823529411764705,0.058823529411764705,1.0,0.9929864990134035,0.6289547684460389,0.03678109706582627,0.04797101642892424,0.0451764705882353,0.013647058823529408
all_between,ACVR1B,1,True,True,25,0.04,0.08,0.5,0.9898266659026772,2.3386383628393843,-0.19808008804555027,-0.19923522093849202,0.028160000000000004,0.011839999999999996
all_between,DHX36,1,True,True,1387,0.7671232876712328,0.768565248738284,0.99812382739212,0.3398442916481509,0.32639440122793933,0.9296632482917127,0.9367699180716991,0.13594232155731795,0.6311809661139149
all_between,LZTR1,1,True,True,191,0.09424083769633508,0.09947643979057591,0.9473684210526315,0.8924216289392889,3.3930261902753895,0.15231447314773092,0.03535053660134065,0.07384293193717276,0.020397905759162324
all_between,INSIG1,1,True,True,219,0.0319634703196347,0.1780821917808219,0.1794871794871795,0.33552293472688177,2.187863719485609,-0.16043424383599952,0.016018336728357497,0.06904109589041095,-0.03707762557077625
all_between,LAD1,0,True,False,2,0.0,0.0,,0.9997115783156562,,-0.008775746746300684,-0.003844311289827646,,
all_between,TCF3,1,True,False,6,0.0,0.0,,0.9928697978188318,,0.25967243586288175,0.2292248600160429,,
all_between,DAXX,0,True,True,28,0.07142857142857142,0.07142857142857142,1.0,0.9880398728512196,0.9741759018079333,0.16378337755016276,0.16269419737371982,0.03114285714285714,0.040285714285714286
all_between,CLDN7,1,True,False,7,0.0,0.0,,0.9994760611988838,,0.009667888711638725,0.0425001430054144,,
all_between,NIT1,0,True,True,143,0.06293706293706294,0.06293706293706294,1.0,0.9473184869890842,0.8420601059272713,0.43675987866457144,0.4731436881543738,0.04391608391608392,0.019020979020979024
all_between,PRR12,1,True,True,105,0.21904761904761905,0.21904761904761905,1.0,0.9264435730930769,0.7023614031646563,0.31293345808528905,0.2677144171820134,0.03801904761904762,0.18102857142857143
all_between,ARID1A,1,True,True,220,0.07272727272727272,0.08636363636363636,0.8421052631578947,0.7542906969215978,2.2728280071786973,0.16891726926779385,0.16093413269686835,0.07723636363636364,-0.004509090909090921
all_between,STX4,1,True,True,19,0.10526315789473684,0.10526315789473684,1.0,0.9789201205451559,1.028370123147444,0.11763493982180474,0.07635458611471926,0.0029473684210526313,0.10231578947368421
all_between,CENPO,1,True,False,5,0.0,0.0,,0.9793589800057123,,-0.03627382458122536,-0.08501830972645683,,
all_between,NRAS,1,True,False,5,0.2,0.2,1.0,0.984594176448779,,0.20916980926745346,0.1979335696229808,,
all_between,CHMP3,1,True,True,98,0.05102040816326531,0.061224489795918366,0.8333333333333334,0.8332794880060368,2.3119507191393476,0.08688898520918387,0.07844192295055982,0.05624489795918367,-0.005224489795918365
all_between,EID2,1,True,False,4,0.0,0.0,,0.9934762537186439,,0.119249019274275,0.09475859011568563,,
all_between,UQCRQ,0,True,True,48,0.3333333333333333,0.3541666666666667,0.9411764705882353,0.9227136270204219,1.0026561426867158,0.3369724380100676,0.3306327407395169,0.06083333333333333,0.27249999999999996
all_between,ZNF426,0,True,False,3,0.3333333333333333,0.3333333333333333,1.0,0.9962980431270269,,0.10068559381004871,0.08843962653252686,,
all_between,BIRC2,1,True,True,75,0.02666666666666667,0.06666666666666667,0.4,0.8925808480055496,4.9011348489585185,0.07719436510134688,0.04853215292546784,0.05504,-0.02837333333333333
all_between,PLCB3,1,True,False,2,0.0,0.0,,0.9996638197784161,,0.053364110062049414,0.06153870056328289,,
all_between,TFAM,1,True,True,98,0.35714285714285715,0.35714285714285715,1.0,0.8657814329695208,0.36192689801011224,0.5223907933677573,0.49477567681499984,0.06383673469387756,0.2933061224489796
all_between,PMS1,0,True,False,1,1.0,1.0,1.0,0.9535867344253912,,0.1728439801490409,0.08636010952435695,,
all_between,ZNF286A,0,True,False,2,0.0,0.0,,0.9992759475362468,,-0.014237987239798054,0.004524437493836146,,
all_between,GSK3B,1,True,True,217,0.15668202764976957,0.20276497695852536,0.7727272727272727,0.9005099736615646,0.7640398850703339,0.24393061573080946,0.196626352543549,0.08446082949308757,0.072221198156682
all_between,LRPPRC,0,True,True,98,0.12244897959183673,0.16326530612244897,0.75,0.9268780168372048,0.9103710109672951,0.2327937174528076,0.23502446020879336,0.07110204081632654,0.05134693877551019
all_between,CASP3,1,True,True,417,0.30935251798561153,0.328537170263789,0.9416058394160584,0.7596777217476264,0.6769208700971463,0.4208248025255655,0.3950366869297404,0.11487769784172662,0.1944748201438849
all_between,MAST2,1,True,False,0,,,,,,0.16995881444642455,0.1671966446280873,,
all_between,HAT1,0,True,True,29,0.10344827586206896,0.10344827586206896,1.0,0.9721438816826783,0.539203797953089,0.3016064736211702,0.2917674255878575,0.02537931034482759,0.07806896551724138
all_between,MAU2,0,True,True,902,0.14301552106430154,0.17849223946784923,0.8012422360248447,0.8548998624684399,16.4893821881412,0.04454830543844366,0.08270103062085453,0.10466518847006652,0.03835033259423502
all_between,SMARCA4,0,True,True,2229,0.7523553162853297,0.7528039479587258,0.9994040524433849,0.22478560899899747,0.44321505951896184,0.8676250278251613,0.9104844621039977,0.16007537012113054,0.5922799461641992
all_between,TWF2,1,True,False,4,0.0,0.0,,0.995261339432266,,0.023273148602346097,0.01895314018510398,,
all_between,IRF3,1,True,False,4,0.25,0.25,1.0,0.48796503821678994,,0.4307130576711523,0.13287125127195734,,
all_between,MKI67,0,True,False,5,0.0,0.0,,0.9987299442983589,,0.03302314130844842,0.027926737101913703,,
all_between,AKT2,0,True,True,50,0.2,0.2,1.0,0.9575964085416079,0.6138248547543296,0.21961325358282302,0.17741552487646514,0.01984,0.18016000000000001
all_between,SSBP1,1,True,True,59,0.0,0.0,,0.996613430919431,9.583231937537798,0.1300464891639785,0.10885068329054652,0.06088135593220338,-0.06088135593220338
all_between,PHF14,0,True,True,24,0.08333333333333333,0.08333333333333333,1.0,0.9768710901816264,0.5145674566916592,0.3938430002414974,0.3443866609148039,0.019,0.06433333333333333
all_between,DNMT1,0,True,True,1279,0.5731039874902267,0.5738858483189992,0.9986376021798365,0.4480972648637148,0.46881064597050376,0.7735569924157032,0.7855921450264841,0.12175136825645033,0.4513526192337764
all_between,TMSB10,0,True,True,263,0.33840304182509506,0.34220532319391633,0.9888888888888889,0.7446257972756246,0.7494915483481771,0.5252086471101722,0.469356548972419,0.06165779467680609,0.27674524714828896
all_between,CLDN6,1,True,False,4,0.25,0.25,1.0,0.9894182490752248,,0.14115932109403626,0.13088415211290647,,
all_between,DLG5,0,True,True,85,0.09411764705882353,0.09411764705882353,1.0,0.9524019557503878,0.8565512061314384,0.21270871505153377,0.2057380783695612,0.030964705882352943,0.06315294117647058
all_between,NDUFB6,1,True,True,12,0.25,0.25,1.0,0.9849168633365571,0.8523808777943856,0.2047905933794961,0.1924415876945168,0.03266666666666667,0.21733333333333332
all_between,STAT6,1,True,True,73,0.0547945205479452,0.0547945205479452,1.0,0.9513764754705323,10.052430997820737,0.13322523929086788,0.09451698517836289,0.027287671232876717,0.027506849315068485
all_between,ZNF714,0,True,False,8,0.375,0.375,1.0,0.5768577535214481,,0.26179547632762207,0.07383469154905584,,
all_between,SAFB,1,True,True,165,0.3939393939393939,0.4,0.9848484848484849,0.8126794570190646,0.46688610068962827,0.6101613839045736,0.5593299594383461,0.04644848484848485,0.3474909090909091
all_between,SOX2,0,True,True,1156,0.532871972318339,0.5449826989619377,0.9777777777777777,0.4741466665696814,0.5064746966101829,0.6545703685491969,0.5361016666248449,0.10894117647058824,0.42393079584775084
all_between,SLC25A3,1,True,True,21,0.09523809523809523,0.2857142857142857,0.3333333333333333,0.9341413843213342,1.0927723323409109,0.049251277007502724,0.08079231192048834,0.04152380952380952,0.053714285714285714
all_between,ZNF593,0,True,True,21,0.0,0.0,,0.995394256874065,1.0245585544330194,0.1251298236690342,0.14921969332274487,0.026285714285714284,-0.026285714285714284
all_between,RAF1,0,True,True,38,0.07894736842105263,0.07894736842105263,1.0,0.9702139887297807,0.62750564255477,0.26225594201871005,0.22251216311464717,0.04947368421052631,0.02947368421052632
all_between,METTL17,0,True,True,81,0.25925925925925924,0.2839506172839506,0.9130434782608695,0.9409742873323294,0.6495842954977317,0.29078094141188454,0.2946021267390945,0.07516049382716047,0.18409876543209877
all_between,IKBKG,1,True,True,12,0.08333333333333333,0.16666666666666666,0.5,0.9779982437090596,3.194815933030219,-0.03573643198312007,-0.04043366264497966,0.028666666666666663,0.05466666666666667
all_between,SMAGP,0,True,True,79,0.0,0.0,,0.9884185042980517,2.8991956229439015,0.0827157526607052,0.10172027060906112,0.06521518987341773,-0.06521518987341773
all_between,MAP1B,0,True,False,3,0.0,0.0,,0.9998783704712384,,0.009779126102441794,0.018707714333904273,,
all_between,TAZ,0,True,True,22,0.0,0.0,,0.9940646939389838,2.0332279151277826,-0.011348961787846822,-0.10127906208217853,0.04945454545454546,-0.04945454545454546
all_between,OXCT1,0,True,True,129,0.06201550387596899,0.08527131782945736,0.7272727272727273,0.9666867545367921,0.8739384624407085,0.103695692692951,0.06885589517855231,0.03330232558139535,0.028713178294573642
all_between,WSB2,0,True,True,106,0.1509433962264151,0.20754716981132076,0.7272727272727273,0.932761277418019,0.9243681022609416,0.16283821832959688,0.16072169751917426,0.04920754716981133,0.10173584905660377
all_between,C1QBP,0,True,True,66,0.12121212121212122,0.15151515151515152,0.8,0.94591295804482,0.6002692714170197,0.3347138518257355,0.33521633656816996,0.04327272727272728,0.07793939393939393
all_between,CALM3,1,True,False,1,0.0,0.0,,0.9978138782061667,,0.11404093141717321,0.14844361452538574,,
all_between,SIX4,1,True,True,25,0.08,0.08,1.0,0.9790652220798826,0.717980620469152,0.03204739146706954,0.03321846640527107,0.00384,0.07616
all_between,RRM1,0,True,False,5,0.2,0.2,1.0,0.9950264445529441,,0.22197762571258983,0.20517627606084898,,
all_between,MBTPS1,1,True,True,384,0.4401041666666667,0.4401041666666667,1.0,0.7027832043124116,0.43352510568523767,0.7019412826705465,0.6455525474739523,0.10029166666666667,0.3398125
all_between,RAB3B,0,True,False,0,,,,,,0.12918934143233549,0.12333425703109686,,
all_between,XRCC4,1,True,True,14,0.14285714285714285,0.14285714285714285,1.0,0.7484763505701895,5.685315679833491,0.29344698233151784,0.12719784817752983,0.008571428571428572,0.13428571428571429
all_between,TRAPPC6A,1,True,True,230,0.05652173913043478,0.08695652173913043,0.65,0.9652628459935978,1.123892616434647,-0.0158666212545795,-0.07417852618504882,0.06709565217391307,-0.010573913043478288
all_between,SIN3B,1,True,True,1161,0.32299741602067183,0.3763996554694229,0.8581235697940504,0.6721569971500269,0.6704054282087322,0.4428659220790291,0.5280109587316975,0.12081998277347115,0.20217743324720067
all_between,SV2A,1,True,True,18,0.0,0.0,,0.9856502096796427,0.3058116218599088,0.22313463300505504,0.21262400037680582,0.02311111111111111,-0.02311111111111111
all_between,EWSR1,0,True,True,178,0.38202247191011235,0.38202247191011235,1.0,0.8666590312535609,0.40783043056992596,0.6620655698652393,0.6367075436965336,0.053123595505617974,0.3288988764044944
all_between,TXNDC9,0,True,True,24,0.08333333333333333,0.08333333333333333,1.0,0.9884187292412107,0.8083744660329563,0.16333161040685878,0.14564785994744034,0.024,0.05933333333333333
all_between,TMBIM6,1,True,False,6,0.0,0.0,,0.9877852613218715,,0.18438071267931774,0.16403768087620682,,
all_between,METTL3,0,True,True,2926,0.7122351332877649,0.7166780587833219,0.9938006676204101,0.2979252022909187,0.3310082296906572,0.8685852654446508,0.8786708575610263,0.23210116199589886,0.480133971291866
all_between,METTL14,1,True,True,3008,0.6898271276595744,0.6924867021276596,0.9961593855016803,0.311046019668779,0.3126587323845068,0.8551368333212883,0.8584021335383257,0.2342579787234043,0.4555691489361702
all_between,MED24,1,True,True,647,0.21483771251931993,0.241112828438949,0.8910256410256411,0.7996729104249407,0.7151240577313452,0.31601538666322226,0.24790124960165422,0.09570324574961359,0.11913446676970635
all_between,ATM,1,True,True,76,0.013157894736842105,0.02631578947368421,0.5,0.9637100370622963,0.9530238007612938,0.25048176085043883,0.3484471103347823,0.04431578947368421,-0.031157894736842107
all_between,PHF10,0,True,True,120,0.24166666666666667,0.275,0.8787878787878788,0.9018413152459057,0.791791268197747,0.3629348246913603,0.3130240051809913,0.0484,0.19326666666666667
all_between,DZIP3,0,True,False,1,0.0,0.0,,0.9939226178497453,,0.13324645824126158,0.10246922900554863,,
all_between,ZNF562,0,True,True,10,0.0,0.0,,0.9944231011787933,0.8131640005790136,0.23553323556662872,0.2213473570235005,0.0008,-0.0008
all_between,MED1,0,True,True,302,0.19536423841059603,0.2052980132450331,0.9516129032258065,0.8947129848078047,0.6552279058796173,0.47107647008213127,0.4860836345778661,0.059841059602648995,0.13552317880794704
all_combined,TMSB4X,0,True,False,0,,,,,,0.18144095419608727,0.18724906435081232,,
all_combined,PRCP,0,True,False,6,0.0,0.0,,0.9989043087077167,,0.13854572075486588,0.15022652628016286,,
all_combined,TADA1,0,True,True,533,0.09380863039399624,0.12570356472795496,0.746268656716418,0.9003510788335601,0.971714770844959,0.09349949941272069,0.04803583306363606,0.06281425891181988,0.03099437148217636
all_combined,HIRA,1,True,True,32,0.0,0.03125,0.0,0.9836996040944694,0.917484097910399,0.08155734635517467,0.07396094735881922,0.03425,-0.03425
all_combined,IGF2R,1,True,False,6,0.0,0.0,,0.998680416679041,,0.09710891417454758,0.1293766589520182,,
all_combined,NCK2,1,True,False,2,0.0,0.0,,0.999800535360132,,-0.07323495520634854,-0.08542616284492943,,
all_combined,MED13,1,True,True,113,0.008849557522123894,0.008849557522123894,1.0,0.9898904021741416,0.9690315155017961,0.012759593299755215,0.03131851686414821,0.02591150442477876,-0.017061946902654865
all_combined,MED12,0,True,True,68,0.04411764705882353,0.14705882352941177,0.3,0.958242276296163,1.0131618948544512,-0.03870941141073277,-0.04438389073265748,0.030117647058823534,0.013999999999999999
all_combined,STAT1,1,True,False,8,0.0,0.0,,0.9984578612235973,,0.02278916531184048,0.01416180571306398,,
all_combined,USP22,1,True,True,21,0.047619047619047616,0.047619047619047616,1.0,0.9963859378633214,0.9842737253034074,-0.015870023552392937,-0.051224924744416186,0.026666666666666665,0.02095238095238095
all_combined,MED13L,1,True,True,16,0.0,0.0,,0.9986533710156575,1.003283194606502,0.011522694356547783,0.031241916690753564,0.004,-0.004
all_combined,TET1,0,True,True,46,0.021739130434782608,0.021739130434782608,1.0,0.9941260894364147,0.9012906174799247,0.12478817679781898,0.11584869410866891,0.009391304347826087,0.012347826086956521
all_combined,KIF1B,0,True,False,2,0.0,0.0,,0.9999650007722255,,0.07187416513855813,0.07756219767938424,,
all_combined,SRC,0,True,False,6,0.0,0.0,,0.9980506493771382,,-0.1819867082590611,-0.16966447703409082,,
all_combined,PBX1,0,True,False,5,0.0,0.0,,0.9942023246780438,,-0.005373833666062832,0.02969838836334866,,
all_combined,CAST,1,True,True,38,0.0,0.02631578947368421,0.0,0.991128745089829,1.0630265818356204,-0.03250671530309538,-0.04230137098898478,0.038315789473684206,-0.038315789473684206
all_combined,IDE,0,True,False,0,,,,,,-0.017267826919301486,-0.022212000158919817,,
all_combined,MAPKAPK2,1,True,False,5,0.0,0.0,,0.9992715023947693,,0.034415630813641226,0.016807383543932988,,
all_combined,PTPN1,1,True,False,2,0.0,0.0,,0.9999802784218587,,0.0742103048533505,0.0740031693127184,,
all_combined,KDM2B,1,True,True,44,0.09090909090909091,0.11363636363636363,0.8,0.9769768362518613,0.9083288539956504,0.06559192731970885,0.02839939199883342,0.068,0.022909090909090907
all_combined,ATP1B1,1,True,False,2,0.0,0.0,,0.999439139511225,,-0.006323615908131039,-0.006538741382937276,,
all_combined,KAT2A,1,True,True,738,0.056910569105691054,0.06368563685636856,0.8936170212765957,0.9313745886390437,0.9307579307034474,0.09799619627779521,0.16670277554558938,0.09247696476964767,-0.03556639566395662
all_combined,NISCH,0,True,False,6,0.0,0.0,,0.9991441368454834,,0.09261288706409815,0.0969007173970189,,
all_combined,KDR,0,True,False,7,0.0,0.0,,0.9980809591932103,,-0.049058279153971006,-0.10193868967070623,,
all_combined,WFS1,1,True,False,4,0.0,0.0,,0.9999113328808824,,-0.01834225254510035,-0.022875481344576863,,
all_combined,TARBP2,0,True,False,4,0.0,0.0,,0.9997782326007651,,0.14983673801666583,0.16676627066573366,,
all_combined,MAP3K7,0,True,False,1,0.0,0.0,,0.9999512513777609,,0.01573879749202263,0.01908466059894786,,
all_combined,HMGN1,1,True,False,3,0.0,0.0,,0.9999088108643408,,0.11884051997277481,0.1470490470845166,,
all_combined,TSC22D4,1,True,False,3,0.0,0.0,,0.9997556473511664,,-0.008545834149401311,-0.007505163931008993,,
all_combined,FOXH1,1,True,True,32,0.0,0.0,,0.9962643053804056,0.9531258979478284,-0.001210904045039471,-0.0021280286717730466,0.0055,-0.0055
all_combined,PAGR1,0,True,True,18,0.05555555555555555,0.05555555555555555,1.0,0.9936509579278501,1.075838427625809,-0.09119024622544934,-0.06154198748463181,0.02311111111111111,0.03244444444444444
all_combined,KLF10,0,True,True,15,0.0,0.0,,0.9967535641138261,0.9783665991144399,0.033826702584908344,0.0726953550876717,0.004266666666666667,-0.004266666666666667
all_combined,POLB,0,True,False,3,0.0,0.0,,0.9997681607698905,,0.04584861490506502,0.08760954446534489,,
all_combined,RNF2,0,True,True,377,0.11140583554376658,0.1246684350132626,0.8936170212765957,0.9290975421989265,0.9272328164625031,0.14999941494325672,0.12212359191750595,0.056594164456233435,0.05481167108753315
all_combined,SMARCA5,1,True,True,953,0.17523609653725078,0.19097586568730326,0.9175824175824175,0.8459005086587083,0.8927698207901041,0.24776645549070878,0.22598829634719994,0.07583630640083946,0.09939979013641131
all_combined,ACAT2,1,True,True,313,0.025559105431309903,0.20766773162939298,0.12307692307692308,0.7361846058259562,1.1855242884183665,-0.2042091563062077,-0.11930314636380907,0.03890095846645367,-0.013341853035143764
all_combined,TRAM2,1,True,False,1,0.0,0.0,,0.9999970364986379,,0.03034338093481895,-0.0027191903118988854,,
all_combined,CAMSAP2,0,True,False,2,0.0,0.0,,0.9995531746949398,,-0.05165582411958063,-0.027180898884988956,,
all_combined,CDCA2,0,True,False,8,0.0,0.0,,0.9983083443392691,,0.09460410370667907,0.0822317946504143,,
all_combined,CREG1,0,True,False,4,0.0,0.0,,0.9999326610832261,,0.049120356024048725,0.02355606869526244,,
all_combined,CASP2,0,True,False,2,0.0,0.0,,0.9994131289759739,,0.030433578207940664,0.03091400843547187,,
all_combined,UBE3C,0,True,True,37,0.21621621621621623,0.21621621621621623,1.0,0.9453707982270106,0.823090236754146,0.2532255554235189,0.225928671748431,0.04497297297297297,0.17124324324324325
all_combined,EIF4B,1,True,True,124,0.12096774193548387,0.13709677419354838,0.8823529411764706,0.9532638740876306,0.8760305853089274,0.20973245081039962,0.1875024320590014,0.02593548387096774,0.09503225806451614
all_combined,STAG2,0,True,True,453,0.09050772626931568,0.12582781456953643,0.7192982456140351,0.9062582095046138,0.9571120452125831,0.1315957387449926,0.08575625725815457,0.05267991169977925,0.037827814569536426
all_combined,HMGB2,0,True,True,26,0.11538461538461539,0.15384615384615385,0.75,0.971401191534662,0.9290498408339717,0.005130746397507579,-0.028860682463573803,0.05753846153846153,0.05784615384615386
all_combined,TGFBR2,1,True,True,260,0.2153846153846154,0.22692307692307692,0.9491525423728814,0.8739527075438576,0.8577357008408371,0.25183597366450805,0.09612514169060034,0.04246153846153845,0.17292307692307696
all_combined,ANTXR1,1,True,False,2,0.0,0.0,,0.9991825209633699,,0.16199572022120032,0.15593520630711655,,
all_combined,MTA1,0,True,True,28,0.07142857142857142,0.07142857142857142,1.0,0.9890356044550668,0.8898693638712906,0.08603353234228216,0.0845864549585225,0.037428571428571415,0.03400000000000001
all_combined,DHCR24,0,True,True,32,0.0,0.5,0.0,0.848003186829853,1.9414492866156023,-0.21456790388979957,0.06262122609448594,0.02575,-0.02575
all_combined,NDUFB4,1,True,True,17,0.29411764705882354,0.29411764705882354,1.0,0.9846648235642051,0.5571623285845225,-0.07916157571929702,-0.08001136271798673,0.035294117647058816,0.25882352941176473
all_combined,ACVR1B,1,True,True,25,0.0,0.0,,0.9875116507207388,1.1557988040974931,-0.18386685553931884,-0.1235494213792418,0.0112,-0.0112
all_combined,DHX36,1,True,True,1387,0.2869502523431867,0.3136265320836337,0.9149425287356322,0.6719764272262962,0.8685663623009114,0.37013636392698324,0.31645875445822225,0.10331362653208362,0.1836366258111031
all_combined,LZTR1,1,True,True,191,0.02617801047120419,0.031413612565445025,0.8333333333333334,0.9754866938765726,0.9705002560509779,-0.008270834210478225,-0.06484978398282533,0.05528795811518324,-0.029109947643979055
all_combined,INSIG1,1,True,True,219,0.0182648401826484,0.1415525114155251,0.12903225806451613,0.8335745054824517,1.150230854836805,-0.17301705957705607,-0.0873024630968439,0.0639269406392694,-0.045662100456621
all_combined,LAD1,0,True,False,2,0.0,0.0,,0.9993882681355104,,-0.10385216183353822,-0.0846616588952601,,
all_combined,TCF3,1,True,False,6,0.0,0.0,,0.9990027548654048,,0.12470524093967356,0.1030523913080759,,
all_combined,DAXX,0,True,True,28,0.03571428571428571,0.03571428571428571,1.0,0.9923625307418625,0.8270463585968535,0.11245703462189259,0.12703089088747582,0.02428571428571428,0.011428571428571434
all_combined,CLDN7,1,True,False,7,0.0,0.0,,0.9994575006241403,,-0.09793207456624266,-0.10151399110236012,,
all_combined,NIT1,0,True,True,143,0.0979020979020979,0.0979020979020979,1.0,0.9675865535766999,0.9305900422553637,0.2448548502949774,0.24220129106707497,0.05034965034965036,0.047552447552447544
all_combined,PRR12,1,True,True,105,0.009523809523809525,0.009523809523809525,1.0,0.9857480084851623,0.9469199300230772,0.11504593345306896,0.13746909905294494,0.02460952380952381,-0.015085714285714286
all_combined,ARID1A,1,True,True,220,0.1,0.1318181818181818,0.7586206896551724,0.942155886883376,0.8874883074219599,0.20314986704676366,0.17772697404283763,0.0397090909090909,0.0602909090909091
all_combined,STX4,1,True,True,19,0.0,0.05263157894736842,0.0,0.9961299000496899,0.9920614962758771,0.09945200115731932,0.12592851016652004,0.0,0.0
all_combined,CENPO,1,True,False,5,0.0,0.0,,0.9943471968172822,,-0.01728398733613052,-0.02642296820819322,,
all_combined,NRAS,1,True,False,5,0.0,0.0,,0.9997515193322042,,0.08096229875119312,0.11435247952735123,,
all_combined,CHMP3,1,True,True,98,0.05102040816326531,0.05102040816326531,1.0,0.9724573840214232,0.9779943156563299,0.14446669572030318,0.16593210552783097,0.03257142857142858,0.01844897959183673
all_combined,EID2,1,True,False,4,0.0,0.0,,0.9990550040626818,,-0.03148618744185478,-0.02718243632822048,,
all_combined,UQCRQ,0,True,True,48,0.125,0.14583333333333334,0.8571428571428571,0.9676767536726224,0.772014261372629,0.07351053050496294,0.09978982991033553,0.042166666666666665,0.08283333333333334
all_combined,ZNF426,0,True,False,3,0.0,0.0,,0.9994583365091402,,-0.017195443894059814,0.001826054924553892,,
all_combined,BIRC2,1,True,True,75,0.02666666666666667,0.08,0.3333333333333333,0.9807082139674483,0.9940396215741555,0.025267610067153806,0.03819900959981479,0.03648,-0.00981333333333333
all_combined,PLCB3,1,True,False,2,0.0,0.0,,0.9999834513564646,,-0.1319500202641913,-0.10004023406701315,,
all_combined,TFAM,1,True,True,98,0.05102040816326531,0.061224489795918366,0.8333333333333334,0.9593325498184984,0.8071714944678768,0.15372044585965658,0.1949138877303321,0.04073469387755101,0.010285714285714294
all_combined,PMS1,0,True,False,1,0.0,0.0,,0.999770992139184,,0.027505447646767173,-0.0056483453284052396,,
all_combined,ZNF286A,0,True,False,2,0.0,0.0,,0.9999350066894767,,-0.03318964032521301,0.003212406196769899,,
all_combined,GSK3B,1,True,True,217,0.05069124423963134,0.059907834101382486,0.8461538461538461,0.96931928687288,0.9569037949760909,0.09758719467757163,0.06684595448828198,0.04825806451612904,0.0024331797235023003
all_combined,LRPPRC,0,True,True,98,0.061224489795918366,0.1326530612244898,0.46153846153846156,0.9632391673012582,1.0475008122506497,-0.04296612774744088,-0.01339199432408008,0.05493877551020409,0.006285714285714276
all_combined,CASP3,1,True,True,417,0.14628297362110312,0.19184652278177458,0.7625,0.8750881093477767,0.9226735436347883,0.21284394897465908,0.22292077183696024,0.10336690647482014,0.04291606714628299
all_combined,MAST2,1,True,False,0,,,,,,0.1574496784900411,0.18001494063857046,,
all_combined,HAT1,0,True,True,29,0.034482758620689655,0.034482758620689655,1.0,0.9872795895550709,0.7407440241875025,0.07439599895275832,0.08024934680487722,0.04,-0.005517241379310346
all_combined,MAU2,0,True,True,902,0.08093126385809313,0.12416851441241686,0.6517857142857143,0.8926974834552995,0.9721625955124116,0.076236097179574,0.08473939687497332,0.08320177383592017,-0.0022705099778270454
all_combined,SMARCA4,0,True,True,2229,0.31404217137729923,0.3373710183938986,0.9308510638297872,0.6303565922145957,0.9136329012525642,0.4028761529325423,0.37412577643339295,0.13499147599820546,0.17905069537909377
all_combined,TWF2,1,True,False,4,0.0,0.0,,0.9984584359284405,,-0.025509034145627208,-0.03748180664784137,,
all_combined,IRF3,1,True,False,4,0.0,0.0,,0.9992287966230342,,0.04677905058790934,0.05443999039542727,,
all_combined,MKI67,0,True,False,5,0.0,0.0,,0.9999480617793512,,-0.00043187731371200055,0.02086807436233515,,
all_combined,AKT2,0,True,True,50,0.02,0.04,0.5,0.9910035157651138,0.9694592918982584,0.051437514968384626,0.08152676338955701,0.012960000000000001,0.007039999999999999
all_combined,SSBP1,1,True,True,59,0.0,0.0,,0.9942535783301468,0.9552225887133602,0.13241039194109017,0.15774074118965842,0.04894915254237288,-0.04894915254237288
all_combined,PHF14,0,True,True,24,0.0,0.0,,0.9937775278377422,0.8535882096189362,0.26397869567665705,0.2169970734206285,0.018,-0.018
all_combined,DNMT1,0,True,True,1279,0.2142298670836591,0.2595777951524629,0.8253012048192772,0.7472110497997244,0.9284500334015519,0.2679437599328532,0.31179109922794257,0.09049569976544174,0.12373416731821736
all_combined,TMSB10,0,True,True,263,0.09125475285171103,0.09505703422053231,0.96,0.9427432532913629,0.9167324817122939,0.18187113252442003,0.16897589895416743,0.0559087452471483,0.03534600760456273
all_combined,CLDN6,1,True,False,4,0.0,0.0,,0.9990150090158177,,-0.003977178476191746,-0.01579174327518179,,
all_combined,DLG5,0,True,True,85,0.011764705882352941,0.03529411764705882,0.3333333333333333,0.983212151844216,0.9637775085914285,0.09715185573932693,0.1290207018224658,0.029741176470588236,-0.017976470588235295
all_combined,NDUFB6,1,True,True,12,0.0,0.0,,0.995655150303796,0.8022271678693199,-0.015100815708298661,0.007301659324147891,0.017333333333333333,-0.017333333333333333
all_combined,STAT6,1,True,True,73,0.0,0.0,,0.9907365160190688,0.9323105930902682,0.09955703208366387,0.11894129955428726,0.022904109589041096,-0.022904109589041096
all_combined,ZNF714,0,True,False,8,0.0,0.0,,0.999336715067842,,-0.07433760179744206,-0.10302072913768082,,
all_combined,SAFB,1,True,True,165,0.17575757575757575,0.2,0.8787878787878788,0.9085933657500326,0.8808620533552838,0.2563870147452509,0.19763513859750925,0.038206060606060605,0.13755151515151515
all_combined,SOX2,0,True,True,1156,0.13321799307958476,0.18079584775086505,0.7368421052631579,0.8462071937276641,0.9605119083080418,0.12606534892039567,0.0894195545162036,0.07284429065743944,0.06037370242214532
all_combined,SLC25A3,1,True,True,21,0.0,0.14285714285714285,0.0,0.9807520389310064,1.1802976917234091,-0.09915844649594364,-0.0667010592238468,0.047619047619047616,-0.047619047619047616
all_combined,ZNF593,0,True,True,21,0.047619047619047616,0.047619047619047616,1.0,0.9933478542261877,0.8783767494153704,0.06941256042132025,0.06726413865903114,0.03504761904761905,0.012571428571428567
all_combined,RAF1,0,True,True,38,0.02631578947368421,0.02631578947368421,1.0,0.9868866506096052,0.9847805118910118,0.034924960004286194,0.013564009400138638,0.020631578947368417,0.005684210526315792
all_combined,METTL17,0,True,True,81,0.04938271604938271,0.1111111111111111,0.4444444444444444,0.977945466046035,1.0006354493759937,0.04636311357078449,0.06817324747869695,0.04661728395061729,0.0027654320987654246
all_combined,IKBKG,1,True,True,12,0.0,0.0,,0.9966106354762788,1.077623299879408,-0.09899068277213342,-0.1155589170472566,0.04933333333333333,-0.04933333333333333
all_combined,SMAGP,0,True,True,79,0.0,0.02531645569620253,0.0,0.9847486370217208,0.989140382876245,0.01982792898803494,0.004718761637214169,0.03443037974683546,-0.03443037974683546
all_combined,MAP1B,0,True,False,3,0.0,0.0,,0.9999178740920726,,-0.03651974427721915,-0.031689707588800374,,
all_combined,TAZ,0,True,True,22,0.0,0.0,,0.9960616859474425,0.9950945071360894,-0.01535256007038737,-0.05054621942125972,0.04218181818181818,-0.04218181818181818
all_combined,OXCT1,0,True,True,129,0.046511627906976744,0.07751937984496124,0.6,0.9701556997715145,1.0085262529036707,0.04694983781237826,0.03832524452149876,0.028217054263565893,0.01829457364341085
all_combined,WSB2,0,True,True,106,0.03773584905660377,0.08490566037735849,0.4444444444444444,0.9667261640737901,1.0093096225854676,0.008387346535292524,0.01471766744866194,0.045811320754716986,-0.008075471698113214
all_combined,C1QBP,0,True,True,66,0.030303030303030304,0.030303030303030304,1.0,0.9810753368636331,0.8471417435564048,0.0850027934736984,0.06749719927207308,0.04581818181818182,-0.015515151515151517
all_combined,CALM3,1,True,False,1,0.0,0.0,,0.9993004191235908,,0.18390102104174086,0.19753957131595737,,
all_combined,SIX4,1,True,True,25,0.0,0.0,,0.997429166829966,0.974212521738846,-0.003599561688523989,-0.017853528083339204,0.00352,-0.00352
all_combined,RRM1,0,True,False,5,0.0,0.0,,0.999638520544459,,0.06164275763064857,0.05480000214794295,,
all_combined,MBTPS1,1,True,True,384,0.09895833333333333,0.1328125,0.7450980392156863,0.9198859790312317,0.9614097680572997,0.185964503468807,0.21749529603957993,0.06452083333333333,0.034437499999999996
all_combined,RAB3B,0,True,False,0,,,,,,0.10924650919372536,0.11896726352093887,,
all_combined,XRCC4,1,True,True,14,0.0,0.0,,0.9980542874425964,0.9654439697837558,-0.020074239838266224,-0.03402467632059512,0.0028571428571428567,-0.0028571428571428567
all_combined,TRAPPC6A,1,True,True,230,0.034782608695652174,0.05652173913043478,0.6153846153846154,0.9629957374545014,1.0056105845051047,-0.08591811781104725,-0.149081794122087,0.04333913043478261,-0.008556521739130435
all_combined,SIN3B,1,True,True,1161,0.09560723514211886,0.14814814814814814,0.6453488372093024,0.8503678002634578,0.9672223770080121,0.1323900646210167,0.12621150799035188,0.08508527131782943,0.010521963824289424
all_combined,SV2A,1,True,True,18,0.0,0.0,,0.9961185154719908,0.936130509125148,0.08404449099314402,0.06504424277900109,0.036444444444444446,-0.036444444444444446
all_combined,EWSR1,0,True,True,178,0.09550561797752809,0.09550561797752809,1.0,0.9595535239983545,0.8788715731093506,0.2742832393241994,0.27628981620120674,0.03797752808988764,0.057528089887640445
all_combined,TXNDC9,0,True,True,24,0.041666666666666664,0.041666666666666664,1.0,0.990751799711532,0.9073872343846558,0.09146725589479955,0.06253641375812095,0.033666666666666664,0.008
all_combined,TMBIM6,1,True,False,6,0.0,0.0,,0.9988423728670945,,0.0062198402685171615,-0.010687118638234515,,
all_combined,METTL3,0,True,True,2926,0.2303485987696514,0.2901572112098428,0.7938751472320377,0.711802761139334,0.9572751968581337,0.2148228651143567,0.1916223991537544,0.1513137388926862,0.07903485987696521
all_combined,METTL14,1,True,True,3008,0.21110372340425532,0.29886968085106386,0.7063403781979978,0.6869922797640775,0.9816586016215286,0.1778354197979279,0.17280329855966992,0.1543005319148936,0.05680319148936172
all_combined,MED24,1,True,True,647,0.0865533230293663,0.17001545595054096,0.509090909090909,0.857688597811099,1.0020633722365582,-0.048418114869829054,-0.08498575579511483,0.06482843894899536,0.021724884080370946
all_combined,ATM,1,True,True,76,0.0,0.013157894736842105,0.0,0.9926580270851239,0.9909443025800853,0.05329566177719517,0.10354564816940034,0.047473684210526314,-0.047473684210526314
all_combined,PHF10,0,True,True,120,0.10833333333333334,0.14166666666666666,0.7647058823529411,0.9483582203564167,0.9059099982048349,0.1869925896719705,0.17459018827932526,0.05486666666666667,0.05346666666666667
all_combined,DZIP3,0,True,False,1,0.0,0.0,,0.9992681727760911,,0.16623153576627506,0.16872941245309866,,
all_combined,ZNF562,0,True,True,10,0.0,0.0,,0.9982133383585773,0.9657768505073231,0.14618399950977226,0.13296059700352864,0.0008,-0.0008
all_combined,MED1,0,True,True,302,0.09933774834437085,0.152317880794702,0.6521739130434783,0.9212491206985273,0.9734760172146365,0.16026570865225553,0.17560253727557892,0.03305960264900662,0.06627814569536424
crossfit_within,TMSB4X,0,False,False,0,,,,,,0.1948610056637239,0.19409870712982782,,
crossfit_within,PRCP,0,False,False,6,0.0,0.0,,0.999586624393272,,0.10763670127681534,0.1291245642261201,,
crossfit_within,TADA1,0,False,True,533,0.07129455909943715,0.12195121951219512,0.5846153846153846,0.9216545004720376,0.9994507085569954,-0.019628212452882318,-0.05128279130761106,0.05675046904315196,0.014544090056285187
crossfit_within,HIRA,1,False,True,32,0.0625,0.09375,0.6666666666666666,0.9815390324929232,0.9301686992622217,0.056525584987920666,0.05005714851526575,0.02625,0.036250000000000004
crossfit_within,IGF2R,1,False,False,6,0.0,0.0,,0.9990022229463876,,0.10177527953298407,0.1409522297667103,,
crossfit_within,NCK2,1,False,False,2,0.0,0.0,,0.9997922979491124,,-0.09101502336676165,-0.0999216952535545,,
crossfit_within,MED13,1,False,True,113,0.0,0.0,,0.9899731455121955,0.9944543018511114,-0.024556841491679585,-0.0023918704396999474,0.021380530973451328,-0.021380530973451328
crossfit_within,MED12,0,False,True,68,0.014705882352941176,0.1323529411764706,0.1111111111111111,0.967461542729234,1.0449953073340676,-0.08666797703421994,-0.06604668208691836,0.02611764705882353,-0.011411764705882354
crossfit_within,STAT1,1,False,False,8,0.0,0.0,,0.9989702715148062,,0.03951088066800693,0.028531726479984112,,
crossfit_within,USP22,1,False,True,21,0.047619047619047616,0.047619047619047616,1.0,0.9967404001078934,1.0178694544409566,-0.03735789217740021,-0.07629262553796062,0.020571428571428567,0.02704761904761905
crossfit_within,MED13L,1,False,True,16,0.0,0.0,,0.9993758523265167,1.0096743419859886,0.007035650381033272,0.025619228171569447,0.0025,-0.0025
crossfit_within,TET1,0,False,True,46,0.021739130434782608,0.021739130434782608,1.0,0.9951798312463206,0.9471548503620523,0.08039064401387097,0.08017968650717196,0.006956521739130434,0.014782608695652174
crossfit_within,KIF1B,0,False,False,2,0.0,0.0,,0.9997426239457222,,0.053308261854254003,0.06471019491689765,,
crossfit_within,SRC,0,False,False,6,0.0,0.0,,0.9986152522248714,,-0.12405915452708823,-0.10974669047495908,,
crossfit_within,PBX1,0,False,False,5,0.0,0.0,,0.9960323919036969,,-0.024682656220077915,0.006205679576342998,,
crossfit_within,CAST,1,False,True,38,0.0,0.02631578947368421,0.0,0.9922381373658201,1.033855547109643,-0.01717871362237506,-0.03397927086126516,0.02694736842105263,-0.02694736842105263
crossfit_within,IDE,0,False,False,0,,,,,,-0.023087297915525547,-0.024889991763923647,,
crossfit_within,MAPKAPK2,1,False,False,5,0.0,0.0,,0.9995527461041914,,0.031443315633522914,0.016271316839123993,,
crossfit_within,PTPN1,1,False,False,2,0.0,0.0,,0.9999876112605987,,0.0634782057289006,0.06278214602959997,,
crossfit_within,KDM2B,1,False,True,44,0.022727272727272728,0.045454545454545456,0.5,0.98870609515128,1.0221706142756768,-0.0465618493543037,-0.05875132301742629,0.05599999999999999,-0.03327272727272726
crossfit_within,ATP1B1,1,False,False,2,0.0,0.0,,0.9994174870947978,,-0.027658486338255295,-0.024825523417102906,,
crossfit_within,KAT2A,1,False,True,738,0.03929539295392954,0.04878048780487805,0.8055555555555556,0.9399690178011445,0.9745096802087772,0.03936328526662952,0.126923248236725,0.0819728997289973,-0.04267750677506776
crossfit_within,NISCH,0,False,False,6,0.0,0.0,,0.9995526545408467,,0.061956458565851726,0.06473022213809478,,
crossfit_within,KDR,0,False,False,7,0.0,0.0,,0.9989143351406943,,-0.07318223601634515,-0.12344047221403279,,
crossfit_within,WFS1,1,False,False,4,0.0,0.0,,0.9998369778567774,,-0.015621464072490716,-0.018267328435444277,,
crossfit_within,TARBP2,0,False,False,4,0.0,0.0,,0.9998285995334649,,0.1222955447136514,0.12947068373147286,,
crossfit_within,MAP3K7,0,False,False,1,0.0,0.0,,0.9999711937853106,,-0.013650994105703784,-0.014978645047730877,,
crossfit_within,HMGN1,1,False,False,3,0.0,0.0,,0.9996110364887532,,0.1031331107144364,0.13678061012710302,,
crossfit_within,TSC22D4,1,False,False,3,0.0,0.0,,0.9994293970704426,,-0.05974730033298079,-0.060821129330749645,,
crossfit_within,FOXH1,1,False,True,32,0.0,0.0,,0.9981667688036507,0.9625033625708457,0.003292436534334413,-0.0077087628703798,0.00225,-0.00225
crossfit_within,PAGR1,0,False,True,18,0.05555555555555555,0.05555555555555555,1.0,0.9941689947367761,1.0656181249094072,-0.08154761340563545,-0.06209866378598258,0.024,0.03155555555555555
crossfit_within,KLF10,0,False,True,15,0.0,0.0,,0.9963699055224317,1.019176550284502,-0.001562540651644853,0.03762033534181701,0.0,0.0
crossfit_within,POLB,0,False,False,3,0.0,0.0,,0.9993949930560999,,0.027494182443137238,0.07024384068037179,,
crossfit_within,RNF2,0,False,True,377,0.042440318302387266,0.07161803713527852,0.5925925925925926,0.9498606516589914,0.9872356563731648,0.024845934199091854,0.028682735724498882,0.04358620689655173,-0.0011458885941644653
crossfit_within,SMARCA5,1,False,True,953,0.05771248688352571,0.09548793284365163,0.6043956043956044,0.9136867208410786,0.9874518600827025,0.024707171454369327,0.022345405882290195,0.06791185729275971,-0.010199370409234
crossfit_within,ACAT2,1,False,True,313,0.009584664536741214,0.17252396166134185,0.05555555555555555,0.8289055862486977,1.15026282889801,-0.18024135472904537,-0.12527163409851272,0.034862619808306704,-0.02527795527156549
crossfit_within,TRAM2,1,False,False,1,0.0,0.0,,0.9999916305110602,,0.014620224426023643,-0.014519209781563992,,
crossfit_within,CAMSAP2,0,False,False,2,0.0,0.0,,0.9996758830700824,,-0.08095478124389908,-0.05626204769915483,,
crossfit_within,CDCA2,0,False,False,8,0.0,0.0,,0.9984819744013447,,0.07975602323148223,0.06840108131589012,,
crossfit_within,CREG1,0,False,False,4,0.0,0.0,,0.9998960221066193,,0.027832801059114495,0.00586931159369715,,
crossfit_within,CASP2,0,False,False,2,0.0,0.0,,0.9994675564345946,,0.048877129817428464,0.0436104044658818,,
crossfit_within,UBE3C,0,False,True,37,0.05405405405405406,0.05405405405405406,1.0,0.9800394536226001,0.9194971518185504,0.0988217040508373,0.10555510999623584,0.028972972972972976,0.02508108108108108
crossfit_within,EIF4B,1,False,True,124,0.03225806451612903,0.07258064516129033,0.4444444444444444,0.9702231187447881,0.9947251787071125,0.03302470291562866,0.03153281102067343,0.018516129032258067,0.013741935483870964
crossfit_within,STAG2,0,False,True,453,0.059602649006622516,0.10154525386313466,0.5869565217391305,0.9277122042157412,1.001440075135045,0.0006119623326296911,-0.0195518980050102,0.0461280353200883,0.013474613686534215
crossfit_within,HMGB2,0,False,True,26,0.07692307692307693,0.11538461538461539,0.6666666666666666,0.97820606925627,0.9691693888377617,0.00710275760673212,-0.010336324698907043,0.04769230769230769,0.02923076923076924
crossfit_within,TGFBR2,1,False,True,260,0.1076923076923077,0.12307692307692308,0.875,0.935240781450041,0.9442817227765483,0.0786572963561108,-0.026547755414839676,0.031046153846153845,0.07664615384615385
crossfit_within,ANTXR1,1,False,False,2,0.0,0.0,,0.9995938991522985,,0.15178336316646132,0.1475207844739953,,
crossfit_within,MTA1,0,False,True,28,0.03571428571428571,0.03571428571428571,1.0,0.9938575247687402,0.9541922403719992,0.007988602307216498,0.027867397633400796,0.031142857142857132,0.0045714285714285804
crossfit_within,DHCR24,0,False,True,32,0.03125,0.4375,0.07142857142857142,0.8852377462276664,2.025939675504413,-0.15463104831488875,0.07496756602523359,0.02475,0.006499999999999999
crossfit_within,NDUFB4,1,False,True,17,0.29411764705882354,0.29411764705882354,1.0,0.9859126087748578,0.6137943315506479,-0.1032297165071124,-0.10910482834455783,0.01788235294117647,0.2762352941176471
crossfit_within,ACVR1B,1,False,True,25,0.0,0.0,,0.9916958643123371,1.1088560299512271,-0.12316703998686136,-0.07746459870321633,0.00384,-0.00384
crossfit_within,DHX36,1,False,True,1387,0.11175198269646719,0.18312905551550107,0.610236220472441,0.7735207514857915,0.982026201897519,0.03817740144322111,-0.0017334735818752612,0.09388320115356884,0.01786878154289835
crossfit_within,LZTR1,1,False,True,191,0.02617801047120419,0.03664921465968586,0.7142857142857143,0.9747032761166992,0.9895741125159296,-0.024374098202708246,-0.06322888411113038,0.04196858638743456,-0.01579057591623037
crossfit_within,INSIG1,1,False,True,219,0.0228310502283105,0.1324200913242009,0.1724137931034483,0.8904904381664209,1.1138165225399188,-0.16329297191086836,-0.1001951887258316,0.05300456621004566,-0.030173515981735156
crossfit_within,LAD1,0,False,False,2,0.0,0.0,,0.999219122541993,,-0.12074780633236387,-0.10473851340196431,,
crossfit_within,TCF3,1,False,False,6,0.0,0.0,,0.998897843732608,,0.050550837627258705,0.04979972535113777,,
crossfit_within,DAXX,0,False,True,28,0.03571428571428571,0.03571428571428571,1.0,0.9940850547343503,0.8822229878830335,0.08696493584876182,0.10314164291790053,0.014285714285714285,0.02142857142857143
crossfit_within,CLDN7,1,False,False,7,0.0,0.0,,0.9993083661871577,,-0.10475326970750906,-0.11525057937450646,,
crossfit_within,NIT1,0,False,True,143,0.08391608391608392,0.1048951048951049,0.8,0.9676170826153057,0.9555876247294505,0.14435662587085699,0.1387986781530657,0.04497902097902097,0.03893706293706295
crossfit_within,PRR12,1,False,True,105,0.0,0.0,,0.9876024402984405,0.9943999412017821,0.06637356346941416,0.09713372739858546,0.019733333333333335,-0.019733333333333335
crossfit_within,ARID1A,1,False,True,220,0.05,0.08181818181818182,0.6111111111111112,0.9517253634746696,0.9314521278833723,0.1575309180490304,0.14883858096998212,0.026436363636363636,0.023563636363636366
crossfit_within,STX4,1,False,True,19,0.0,0.0,,0.998143357327972,1.0135257701053348,0.0790612784302025,0.11333979042498891,0.0,0.0
crossfit_within,CENPO,1,False,False,5,0.0,0.0,,0.9953656048997489,,-0.010384558728128069,-0.014176376732957694,,
crossfit_within,NRAS,1,False,False,5,0.0,0.0,,0.9998786310601246,,0.04451556797090755,0.08432674044308737,,
crossfit_within,CHMP3,1,False,True,98,0.01020408163265306,0.02040816326530612,0.5,0.9783274140351844,0.9858199648250822,0.1484077839594176,0.1713557945930168,0.022775510204081632,-0.012571428571428572
crossfit_within,EID2,1,False,False,4,0.0,0.0,,0.9997319603048689,,-0.0640163502673279,-0.05126333181651213,,
crossfit_within,UQCRQ,0,False,True,48,0.0625,0.0625,1.0,0.9798321342430709,0.8534957885296938,0.010607130548494176,0.041180804711178846,0.03083333333333333,0.03166666666666667
crossfit_within,ZNF426,0,False,False,3,0.0,0.0,,0.999871716035757,,-0.055937644798243015,-0.023817290993724947,,
crossfit_within,BIRC2,1,False,True,75,0.013333333333333334,0.02666666666666667,0.5,0.9899638078730424,1.0125442257512103,-0.009805666050662071,0.010776943683553503,0.02528,-0.011946666666666666
crossfit_within,PLCB3,1,False,False,2,0.0,0.0,,0.9998799595064356,,-0.17406329251166938,-0.13453635954373874,,
crossfit_within,TFAM,1,False,True,98,0.02040816326530612,0.030612244897959183,0.6666666666666666,0.9734436499529994,0.9324101637690274,0.062076712009549874,0.12273765693018324,0.030122448979591838,-0.009714285714285717
crossfit_within,PMS1,0,False,False,1,0.0,0.0,,0.9999868934561533,,0.014464433321000059,-0.014190553146733781,,
crossfit_within,ZNF286A,0,False,False,2,0.0,0.0,,0.9999636902241306,,-0.03816041543393769,-0.006040663898551302,,
crossfit_within,GSK3B,1,False,True,217,0.013824884792626729,0.02304147465437788,0.6,0.9782694552808728,0.990129622242158,0.03453973882442224,0.01983933650104308,0.03458064516129032,-0.02075576036866359
crossfit_within,LRPPRC,0,False,True,98,0.0,0.12244897959183673,0.0,0.9540074942538993,1.1620655007782776,-0.1839908135020214,-0.1432406157030428,0.04326530612244899,-0.04326530612244899
crossfit_within,CASP3,1,False,True,417,0.11510791366906475,0.16786570743405277,0.6857142857142857,0.9034436269777218,0.9561871697999446,0.14129766841502187,0.15934010317038697,0.08830695443645085,0.0268009592326139
crossfit_within,MAST2,1,False,False,0,,,,,,0.13372879856861555,0.15755183625906033,,
crossfit_within,HAT1,0,False,True,29,0.034482758620689655,0.034482758620689655,1.0,0.988830543608214,0.743540160474069,0.033684181921737916,0.03852194788585311,0.037241379310344824,-0.0027586206896551696
crossfit_within,MAU2,0,False,True,902,0.06541019955654102,0.0975609756097561,0.6704545454545454,0.9026285184213625,0.9915414857451271,0.02692859839702371,0.046225382497080095,0.07762305986696229,-0.012212860310421264
crossfit_within,SMARCA4,0,False,True,2229,0.10722296994167788,0.2126514131897712,0.5042194092827004,0.8148248512537348,0.9997686453908439,-0.0072161693510499015,0.006954934547855107,0.13184746523104532,-0.024624495289367443
crossfit_within,TWF2,1,False,False,4,0.0,0.0,,0.9990138306450368,,-0.03729939441357764,-0.047932481804516806,,
crossfit_within,IRF3,1,False,False,4,0.0,0.0,,0.9995722659362138,,0.030628439447107206,0.04248166771514136,,
crossfit_within,MKI67,0,False,False,5,0.0,0.0,,0.9999115419702295,,-0.0038325496661891206,0.016897354409434993,,
crossfit_within,AKT2,0,False,True,50,0.0,0.02,0.0,0.9926750715786788,1.008654619414531,0.006778869848245478,0.05042550921560992,0.007520000000000001,-0.007520000000000001
crossfit_within,SSBP1,1,False,True,59,0.0,0.0,,0.9955135034327026,1.0323940970581917,0.08850053554897534,0.12076239624385213,0.03783050847457627,-0.03783050847457627
crossfit_within,PHF14,0,False,True,24,0.0,0.0,,0.9970111040255493,0.9281035524237927,0.1909442233298048,0.14732697728638244,0.010333333333333333,-0.010333333333333333
crossfit_within,DNMT1,0,False,True,1279,0.08835027365129007,0.19390148553557468,0.45564516129032256,0.8147590170568098,1.0132323018744505,-0.01840164199409875,0.03173062343682928,0.08308991399530884,0.005260359655981234
crossfit_within,TMSB10,0,False,True,263,0.026615969581749048,0.053231939163498096,0.5,0.9656133612095278,1.0106740751563672,0.034367542694659234,0.05819869267723457,0.04675285171102662,-0.02013688212927757
crossfit_within,CLDN6,1,False,False,4,0.0,0.0,,0.9995343462975064,,-0.05234555578001712,-0.06337537367703235,,
crossfit_within,DLG5,0,False,True,85,0.011764705882352941,0.047058823529411764,0.25,0.9874803203991679,0.9797071332525322,0.06375563401741957,0.10084503710512138,0.027105882352941178,-0.015341176470588237
crossfit_within,NDUFB6,1,False,True,12,0.0,0.0,,0.9983395269031015,0.895707054703079,-0.06972538876587615,-0.04783148514108191,0.007999999999999998,-0.007999999999999998
crossfit_within,STAT6,1,False,True,73,0.0,0.0,,0.9927518999836801,0.9650605785991514,0.06574698227931258,0.09173336991977374,0.0206027397260274,-0.0206027397260274
crossfit_within,ZNF714,0,False,False,8,0.0,0.0,,0.9996462778582643,,-0.08811985319125941,-0.10999606183638376,,
crossfit_within,SAFB,1,False,True,165,0.07272727272727272,0.10909090909090909,0.6666666666666666,0.9452479943532602,0.9700030961868041,0.10078753141675276,0.06432135602953326,0.032387878787878785,0.04033939393939394
crossfit_within,SOX2,0,False,True,1156,0.07179930795847751,0.14878892733564014,0.48255813953488375,0.8690506174675614,1.0046685834003317,-0.03934426641644019,-0.044462765182868576,0.06714878892733565,0.004650519031141859
crossfit_within,SLC25A3,1,False,True,21,0.0,0.09523809523809523,0.0,0.9883111255048445,1.2188780572471194,-0.10845890192830548,-0.07831732566408994,0.03238095238095238,-0.03238095238095238
crossfit_within,ZNF593,0,False,True,21,0.09523809523809523,0.09523809523809523,1.0,0.9912104614019495,0.9325623256563105,-0.017645160072072782,-0.025898607218812347,0.031999999999999994,0.06323809523809523
crossfit_within,RAF1,0,False,True,38,0.02631578947368421,0.02631578947368421,1.0,0.9885535086169283,1.0291580123987252,-0.022878017689251476,-0.04167551584595356,0.011157894736842106,0.015157894736842103
crossfit_within,METTL17,0,False,True,81,0.024691358024691357,0.1111111111111111,0.2222222222222222,0.9767069617552293,1.0400784022573395,-0.02189263147621569,0.008623559281080152,0.03466666666666667,-0.009975308641975315
crossfit_within,IKBKG,1,False,True,12,0.0,0.0,,0.9979172770383898,1.0598444539306753,-0.08108369305896829,-0.09873634254301587,0.04333333333333333,-0.04333333333333333
crossfit_within,SMAGP,0,False,True,79,0.0,0.012658227848101266,0.0,0.9869772978684063,1.0036482334364882,-0.018011171323090398,-0.034685984259691736,0.02217721518987342,-0.02217721518987342
crossfit_within,MAP1B,0,False,False,3,0.0,0.0,,0.9998426450282758,,-0.06828501744878412,-0.054401211239291765,,
crossfit_within,TAZ,0,False,True,22,0.0,0.0,,0.9966171530941222,1.0184957299529196,-0.004022274932026696,-0.022893830054748696,0.026181818181818185,-0.026181818181818185
crossfit_within,OXCT1,0,False,True,129,0.05426356589147287,0.10852713178294573,0.5,0.9663455764674729,1.0233428913458256,0.004935374828667757,0.016471733930690055,0.02462015503875969,0.029643410852713176
crossfit_within,WSB2,0,False,True,106,0.03773584905660377,0.07547169811320754,0.5,0.9725378400024803,1.0403760778379647,-0.03516085776914041,-0.025341635822924126,0.03826415094339623,-0.0005283018867924608
crossfit_within,C1QBP,0,False,True,66,0.015151515151515152,0.015151515151515152,1.0,0.9850530480539037,0.9092104099333973,0.038622002263157956,0.021661790097462445,0.038909090909090914,-0.023757575757575762
crossfit_within,CALM3,1,False,False,1,0.0,0.0,,0.9996273588383415,,0.1636405250715785,0.1779818460552505,,
crossfit_within,SIX4,1,False,True,25,0.0,0.0,,0.9980139913844214,1.026237475562498,-0.004461846689111267,-0.022950631934743844,0.00128,-0.00128
crossfit_within,RRM1,0,False,False,5,0.0,0.0,,0.9997261759373341,,-0.011505518607667607,-0.012902372959504667,,
crossfit_within,MBTPS1,1,False,True,384,0.059895833333333336,0.13020833333333334,0.46,0.9251388076824708,1.0149420289855808,-0.0032928087397250142,0.056786836131321544,0.052145833333333336,0.00775
crossfit_within,RAB3B,0,False,False,0,,,,,,0.09237035381931949,0.10261850050985181,,
crossfit_within,XRCC4,1,False,True,14,0.0,0.0,,0.9986151843059144,0.990636957181662,-0.03435776249841869,-0.05134835548834546,0.0,0.0
crossfit_within,TRAPPC6A,1,False,True,230,0.02608695652173913,0.043478260869565216,0.6,0.9676527373930485,1.0144633981297349,-0.0933890948046664,-0.1501354041455473,0.0345391304347826,-0.008452173913043471
crossfit_within,SIN3B,1,False,True,1161,0.06718346253229975,0.12403100775193798,0.5416666666666666,0.8708918986089847,0.9932516796188899,0.03245474517242132,0.0065659718160705335,0.07609302325581395,-0.008909560723514204
crossfit_within,SV2A,1,False,True,18,0.0,0.0,,0.9974972331934665,0.9987883274036019,0.014189390701591824,0.011856778758716659,0.033777777777777775,-0.033777777777777775
crossfit_within,EWSR1,0,False,True,178,0.03932584269662921,0.05056179775280899,0.7777777777777778,0.9722031675256134,0.950467425377407,0.13148259599183254,0.1394030287139924,0.02831460674157303,0.011011235955056181
crossfit_within,TXNDC9,0,False,True,24,0.041666666666666664,0.041666666666666664,1.0,0.9896398294760078,0.9170501619221876,0.066191462508119,0.042478647464044235,0.031,0.010666666666666665
crossfit_within,TMBIM6,1,False,False,6,0.0,0.0,,0.9993988814473438,,-0.016704808936214434,-0.03111906804414375,,
crossfit_within,METTL3,0,False,True,2926,0.11859193438140807,0.2621326042378674,0.45241199478487615,0.7450114590270825,1.0103431183345501,-0.058944300825205444,-0.08128643338802774,0.13935201640464798,-0.02076008202323991
crossfit_within,METTL14,1,False,True,3008,0.1293218085106383,0.29188829787234044,0.4430523917995444,0.7088351420335837,1.0061727034072518,-0.044434496328599166,-0.05142731051144806,0.14282978723404255,-0.013507978723404257
crossfit_within,MED24,1,False,True,647,0.03554868624420402,0.160741885625966,0.22115384615384615,0.8742374528611608,1.036014471231326,-0.20812270385039527,-0.21121759151513658,0.05613601236476043,-0.020587326120556408
crossfit_within,ATM,1,False,True,76,0.0,0.013157894736842105,0.0,0.9928840155467442,1.008358301696688,-0.0035624731771066935,0.03966880607651774,0.040210526315789474,-0.040210526315789474
crossfit_within,PHF10,0,False,True,120,0.058333333333333334,0.09166666666666666,0.6363636363636364,0.9635008228239619,0.9522307599923557,0.1145605793000482,0.11825943649514546,0.04959999999999999,0.008733333333333343
crossfit_within,DZIP3,0,False,False,1,0.0,0.0,,0.9999278227412923,,0.1394338985769227,0.14890902883128115,,
crossfit_within,ZNF562,0,False,True,10,0.0,0.0,,0.9973774367537152,1.0317702095289458,0.06551467937868312,0.06212946520648365,0.0008,-0.0008
crossfit_within,MED1,0,False,True,302,0.04304635761589404,0.15562913907284767,0.2765957446808511,0.9127744349906711,1.0310414793095501,-0.02141875758325749,0.00434885906697106,0.026569536423841057,0.01647682119205298
crossfit_between,TMSB4X,0,False,False,0,,,,,,-0.009303363527173526,0.02291511316817801,,
crossfit_between,PRCP,0,False,False,6,0.0,0.0,,0.9998332097950147,,0.01464891900942685,-0.006003831499799476,,
crossfit_between,TADA1,0,False,True,533,0.07879924953095685,0.10131332082551595,0.7777777777777778,0.9071980801603026,7.612290830704384,0.03941090778166053,0.07526825388906418,0.06922326454033774,0.00957598499061911
crossfit_between,HIRA,1,False,True,32,0.0,0.0,,0.9987019715200894,1.4446897929193534,0.022081324049503977,0.036559947191627175,0.008,-0.008
crossfit_between,IGF2R,1,False,False,6,0.0,0.0,,0.9996867894227369,,0.027308107195857946,0.00994059918120756,,
crossfit_between,NCK2,1,False,False,2,0.0,0.0,,0.999975504808302,,0.0184553168560645,0.016314026773470377,,
crossfit_between,MED13,1,False,True,113,0.0,0.061946902654867256,0.0,0.9279702939014491,5.833412216239347,-0.1992971324274284,-0.2232392384206238,0.025557522123893804,-0.025557522123893804
crossfit_between,MED12,0,False,True,68,0.029411764705882353,0.029411764705882353,1.0,0.9682449765093684,3.6645147397169557,0.028033443052594965,-0.03967400719192111,0.020705882352941175,0.008705882352941178
crossfit_between,STAT1,1,False,False,8,0.0,0.0,,0.9993795502816479,,-0.016386896118799947,-0.039076255017173565,,
crossfit_between,USP22,1,False,True,21,0.0,0.047619047619047616,0.0,0.9830406462463939,3.7227277648592163,-0.25349492404320917,-0.21432556270053613,0.006857142857142858,-0.006857142857142858
crossfit_between,MED13L,1,False,True,16,0.0,0.0,,0.9907868169686609,12.553145187017574,-0.047709616992083155,-0.05864384729949578,0.001,-0.001
crossfit_between,TET1,0,False,True,46,0.0,0.0,,0.990938353088504,1.756756715778254,0.05996027178332385,0.056655409968623976,0.006434782608695651,-0.006434782608695651
crossfit_between,KIF1B,0,False,False,2,0.0,0.0,,0.9999948520102565,,-0.02764117033029251,-0.0304513700596056,,
crossfit_between,SRC,0,False,False,6,0.0,0.0,,0.9994201882790023,,-0.13538303834597573,-0.19433737539271853,,
crossfit_between,PBX1,0,False,False,5,0.0,0.0,,0.9975434528267777,,-0.11290562465674045,-0.08587703370304145,,
crossfit_between,CAST,1,False,True,38,0.0,0.0,,0.9952724987515464,4.267810777843048,-0.03452641541721665,-0.09195797024916563,0.011789473684210525,-0.011789473684210525
crossfit_between,IDE,0,False,False,0,,,,,,-0.0010224448294598994,-0.003549423377999472,,
crossfit_between,MAPKAPK2,1,False,False,5,0.0,0.0,,0.9999240910837213,,-0.018802307814311855,0.003341197424850512,,
crossfit_between,PTPN1,1,False,False,2,0.0,0.0,,0.9999833633732779,,0.010868764730470984,0.011096580828653514,,
crossfit_between,KDM2B,1,False,True,44,0.022727272727272728,0.022727272727272728,1.0,0.9776182058228079,2.1834758094648157,0.23299902036788023,0.2525363057317618,0.013999999999999999,0.00872727272727273
crossfit_between,ATP1B1,1,False,False,2,0.0,0.0,,0.9993755015121439,,0.08470114062510704,0.07903888170629621,,
crossfit_between,KAT2A,1,False,True,738,0.012195121951219513,0.02168021680216802,0.5625,0.9427912189516809,29.87278294954879,-0.17032336970485376,0.02295106814161051,0.0726720867208672,-0.06047696476964769
crossfit_between,NISCH,0,False,False,6,0.0,0.0,,0.9996029341836908,,0.0673272019570487,0.1061022066432309,,
crossfit_between,KDR,0,False,False,7,0.0,0.0,,0.997927871057142,,0.017567010266832727,0.018146971701123473,,
crossfit_between,WFS1,1,False,False,4,0.0,0.0,,0.9988615229439566,,-0.05265334875279701,-0.09547089862175571,,
crossfit_between,TARBP2,0,False,False,4,0.0,0.0,,0.9998111685870809,,0.058855877465573345,0.09412982162004122,,
crossfit_between,MAP3K7,0,False,False,1,0.0,0.0,,0.9999216182295944,,-0.09350135587398853,-0.10044946941834701,,
crossfit_between,HMGN1,1,False,False,3,0.0,0.0,,0.9997482842738498,,0.017870569439515357,0.041735244885496264,,
crossfit_between,TSC22D4,1,False,False,3,0.0,0.0,,0.9998720807223979,,0.014086990324097423,0.06642115969474706,,
crossfit_between,FOXH1,1,False,True,32,0.03125,0.03125,1.0,0.9749060558647135,3.8442962790750888,-0.031681450281563495,-0.05904073091739341,0.0155,0.01575
crossfit_between,PAGR1,0,False,True,18,0.0,0.0,,0.995918169053816,2.33166359613531,-0.14913750609634238,-0.10348647599370286,0.0022222222222222222,-0.0022222222222222222
crossfit_between,KLF10,0,False,True,15,0.0,0.0,,0.9973032876525408,2.3970073114710027,0.04816977221192473,0.09151799194012437,0.0037333333333333333,-0.0037333333333333333
crossfit_between,POLB,0,False,False,3,0.0,0.0,,0.9999912109174358,,-0.026088632253948467,-0.01570071529109585,,
crossfit_between,RNF2,0,False,True,377,0.034482758620689655,0.08753315649867374,0.3939393939393939,0.9225999197044082,2.390737424441162,-0.004128169460956469,-0.00546059596704664,0.04980371352785145,-0.015320954907161795
crossfit_between,SMARCA5,1,False,True,953,0.09653725078698845,0.16474291710388247,0.5859872611464968,0.8781648516347884,1.379820867606953,0.06964066349604028,0.09099923209563991,0.09014060860440715,0.006396642182581305
crossfit_between,ACAT2,1,False,True,313,0.04792332268370607,0.24600638977635783,0.19480519480519481,0.8137771653270369,1.7457047601222484,-0.1399632395939521,-0.07028900112437758,0.048843450479233226,-0.0009201277955271578
crossfit_between,TRAM2,1,False,False,1,0.0,0.0,,0.9999909768936603,,0.02975284363116446,0.012945795092694484,,
crossfit_between,CAMSAP2,0,False,False,2,0.0,0.0,,0.9999608632622999,,0.03667538193868129,0.022973317177729897,,
crossfit_between,CDCA2,0,False,False,8,0.0,0.0,,0.9995699941332988,,0.027811302812887947,-0.011345897023025093,,
crossfit_between,CREG1,0,False,False,4,0.0,0.0,,0.9999551974633663,,0.06474100703369813,0.013735457537053693,,
crossfit_between,CASP2,0,False,False,2,0.0,0.0,,0.9998868098589186,,-0.06014578862112318,-0.03433349106043901,,
crossfit_between,UBE3C,0,False,True,37,0.0,0.0,,0.9951198807872094,2.1626754937712143,0.08304362818168047,0.1730358959659885,0.016864864864864864,-0.016864864864864864
crossfit_between,EIF4B,1,False,True,124,0.10483870967741936,0.11290322580645161,0.9285714285714286,0.9346479758138251,1.2183773971171759,0.09948544722173713,0.05841892992778862,0.027483870967741936,0.07735483870967742
crossfit_between,STAG2,0,False,True,453,0.019867549668874173,0.07505518763796909,0.2647058823529412,0.9284251477494347,1.7713608764196478,-0.15207722189313816,-0.1474985000852039,0.06647240618101548,-0.0466048565121413
crossfit_between,HMGB2,0,False,True,26,0.11538461538461539,0.11538461538461539,1.0,0.982155399815121,1.4850990962187773,-0.020758567772016946,-0.03970056665171159,0.01230769230769231,0.10307692307692308
crossfit_between,TGFBR2,1,False,True,260,0.16153846153846155,0.18461538461538463,0.875,0.734252549601768,5.853778295773638,0.2566158843445622,0.2951728703854687,0.05255384615384615,0.1089846153846154
crossfit_between,ANTXR1,1,False,False,2,0.0,0.0,,0.9998345951828157,,0.03839751660159558,0.01315125716450654,,
crossfit_between,MTA1,0,False,True,28,0.0,0.0,,0.9929036560600192,1.2142439768163278,0.0937428286167572,0.09494023866196845,0.012857142857142855,-0.012857142857142855
crossfit_between,DHCR24,0,False,True,32,0.0,0.65625,0.0,0.6891744241264453,3.691171430297441,-0.4537630641454399,-0.20394109445512304,0.007,-0.007
crossfit_between,NDUFB4,1,False,True,17,0.0,0.0,,0.9959109759142142,1.5371126863146625,0.009502525202043406,-0.007079076407909386,0.0065882352941176465,-0.0065882352941176465
crossfit_between,ACVR1B,1,False,True,25,0.0,0.04,0.0,0.9683368033355049,4.328459835470083,-0.20742103246251342,-0.22519538294224323,0.01184,-0.01184
crossfit_between,DHX36,1,False,True,1387,0.11319394376351838,0.1780821917808219,0.6356275303643725,0.8053864067204324,2.27992380858231,0.09234071622860719,0.13113268812138618,0.110056236481615,0.003137707281903379
crossfit_between,LZTR1,1,False,True,191,0.010471204188481676,0.02617801047120419,0.4,0.9554961392388958,8.670396639285675,-0.10557080543951002,-0.25188568609647605,0.03803141361256544,-0.027560209424083767
crossfit_between,INSIG1,1,False,True,219,0.0182648401826484,0.1461187214611872,0.125,0.9122692911560383,1.8493197037247913,-0.05871431002904682,-0.0035998275136540983,0.03711415525114156,-0.01884931506849316
crossfit_between,LAD1,0,False,False,2,0.0,0.0,,0.9999920874451829,,-0.006156499135418923,-0.017806041429630187,,
crossfit_between,TCF3,1,False,False,6,0.0,0.0,,0.9976489637317029,,-0.0003736985380606178,-0.018187713836568146,,
crossfit_between,DAXX,0,False,True,28,0.03571428571428571,0.03571428571428571,1.0,0.9925694262550167,1.7632741053455305,0.1017670664877748,0.1060648145348331,0.007428571428571427,0.028285714285714286
crossfit_between,CLDN7,1,False,False,7,0.0,0.0,,0.9992515854731799,,-0.04282101755960426,-0.03529080156823019,,
crossfit_between,NIT1,0,False,True,143,0.027972027972027972,0.04195804195804196,0.6666666666666666,0.9580998987593632,3.5164636787139436,0.06973831463153585,0.1015456807963955,0.024839160839160844,0.003132867132867128
crossfit_between,PRR12,1,False,True,105,0.0380952380952381,0.047619047619047616,0.8,0.8959893898247655,3.2834503779407047,0.03877126745893243,0.06272687719459774,0.02339047619047619,0.014704761904761908
crossfit_between,ARID1A,1,False,True,220,0.06363636363636363,0.08636363636363636,0.7368421052631579,0.8414859356044686,3.107182284239839,0.09773370073195592,0.11629106384623444,0.05054545454545455,0.013090909090909077
crossfit_between,STX4,1,False,True,19,0.0,0.0,,0.9975667973749502,1.502823855730696,0.00800355698219568,-0.01643869582741278,0.0025263157894736842,-0.0025263157894736842
crossfit_between,CENPO,1,False,False,5,0.0,0.0,,0.9999591098650847,,-0.12145067849394184,-0.20664143348430222,,
crossfit_between,NRAS,1,False,False,5,0.0,0.0,,0.9997346021023875,,0.04779157600580634,0.07881500852778237,,
crossfit_between,CHMP3,1,False,True,98,0.02040816326530612,0.030612244897959183,0.6666666666666666,0.9789901648562577,3.9771012602090505,-0.015365742047364002,-0.03679340466705882,0.03738775510204082,-0.0169795918367347
crossfit_between,EID2,1,False,False,4,0.0,0.0,,0.9987179518461246,,0.03963164027200158,0.04438935788098037,,
crossfit_between,UQCRQ,0,False,True,48,0.125,0.125,1.0,0.9790772366540873,2.6066012074231146,0.12293470305208093,0.10768143707464471,0.017666666666666664,0.10733333333333334
crossfit_between,ZNF426,0,False,False,3,0.0,0.0,,0.9999333858208205,,0.015584781328923566,0.02921127007385758,,
crossfit_between,BIRC2,1,False,True,75,0.0,0.0,,0.9749326668558072,12.017981609041763,-0.0643166443897812,-0.1161716705309025,0.01984,-0.01984
crossfit_between,PLCB3,1,False,False,2,0.0,0.0,,0.9998647922263296,,-0.03830601203925348,-0.05266487391475583,,
crossfit_between,TFAM,1,False,True,98,0.02040816326530612,0.02040816326530612,1.0,0.9838886445079457,1.1847729600248256,0.16897992141506363,0.20609789437605516,0.024979591836734694,-0.0045714285714285735
crossfit_between,PMS1,0,False,False,1,0.0,0.0,,0.9999377748120638,,-0.020846126143046095,-0.0443173615286667,,
crossfit_between,ZNF286A,0,False,False,2,0.0,0.0,,0.9999923793097651,,-0.0058000910750491946,-0.01650268315975533,,
crossfit_between,GSK3B,1,False,True,217,0.04608294930875576,0.07834101382488479,0.5882352941176471,0.8206502385516857,2.579130945821026,0.09247226778639885,0.08542962827504338,0.04991705069124424,-0.003834101382488478
crossfit_between,LRPPRC,0,False,True,98,0.0,0.336734693877551,0.0,0.5636798249737371,6.794377747339545,-0.3927701097492903,-0.33996737098856333,0.025224489795918365,-0.025224489795918365
crossfit_between,CASP3,1,False,True,417,0.10311750599520383,0.20623501199040767,0.5,0.8182798856003444,1.3144807790086421,-0.013500479969443261,0.024228760158071967,0.06595683453237411,0.037160671462829725
crossfit_between,MAST2,1,False,False,0,,,,,,0.0694010086855648,0.08654487476822133,,
crossfit_between,HAT1,0,False,True,29,0.0,0.0,,0.9953726387415354,2.133866792234828,0.07258998383853599,0.06977242220580143,0.007172413793103447,-0.007172413793103447
crossfit_between,MAU2,0,False,True,902,0.011086474501108648,0.02106430155210643,0.5263157894736842,0.9243247398566733,30.469681673609117,-0.09299935445099759,-0.21171727082284933,0.08831929046563192,-0.07723281596452326
crossfit_between,SMARCA4,0,False,True,2229,0.08613728129205922,0.2651413189771198,0.3248730964467005,0.7083093807153642,1.7415114748806562,-0.1297167696497667,-0.10904584951943805,0.1533423059668013,-0.06720502467474207
crossfit_between,TWF2,1,False,False,4,0.0,0.0,,0.9997353784377822,,-0.06561641897779698,-0.0686914999731991,,
crossfit_between,IRF3,1,False,False,4,0.0,0.0,,0.9997323578835663,,0.00014012808682212037,0.0042694073486479345,,
crossfit_between,MKI67,0,False,False,5,0.0,0.0,,0.9992497985908932,,-0.07028644820745102,-0.07181716799326518,,
crossfit_between,AKT2,0,False,True,50,0.0,0.0,,0.9920773238607484,1.5516227444488584,-0.0017663625028933223,-0.022161087719840628,0.010879999999999999,-0.010879999999999999
crossfit_between,SSBP1,1,False,True,59,0.0,0.0,,0.9967988994727325,14.357505910798697,0.0356876506609504,-0.061883306578170386,0.012745762711864408,-0.012745762711864408
crossfit_between,PHF14,0,False,True,24,0.0,0.0,,0.9942685644265759,1.1472108657906244,0.11182434069569049,0.08363581498792974,0.003333333333333333,-0.003333333333333333
crossfit_between,DNMT1,0,False,True,1279,0.14777169663799844,0.1853010164190774,0.7974683544303798,0.7385407147975963,1.6902151262630545,0.14964202515779151,0.1302558922759782,0.1191368256450352,0.028634870992963246
crossfit_between,TMSB10,0,False,True,263,0.060836501901140684,0.29277566539923955,0.2077922077922078,0.8402215101749474,1.4598692674165872,-0.18482474534857166,-0.13313335611884422,0.04258555133079848,0.018250950570342206
crossfit_between,CLDN6,1,False,False,4,0.0,0.0,,0.996200836870868,,0.0381714453299665,0.02675419278178535,,
crossfit_between,DLG5,0,False,True,85,0.0,0.011764705882352941,0.0,0.9920240841799864,1.7408294917682228,-0.009326822269712898,0.020280517825566065,0.028141176470588235,-0.028141176470588235
crossfit_between,NDUFB6,1,False,True,12,0.0,0.0,,0.9940024465394658,3.8360177771499973,0.08831570686852269,0.06468061646572122,0.004666666666666666,-0.004666666666666666
crossfit_between,STAT6,1,False,True,73,0.0,0.0,,0.9909386215890658,14.8001075947454,-0.022416144372255146,-0.11655448042865016,0.016767123287671236,-0.016767123287671236
crossfit_between,ZNF714,0,False,False,8,0.0,0.0,,0.9871342363711992,,0.0203248863016286,-0.013414980798760318,,
crossfit_between,SAFB,1,False,True,165,0.01818181818181818,0.03636363636363636,0.5,0.9429178123106126,1.9350847261129078,0.0010965144262006677,0.02451616691944086,0.02986666666666667,-0.011684848484848489
crossfit_between,SOX2,0,False,True,1156,0.16695501730103807,0.2560553633217993,0.652027027027027,0.7744408035616466,1.283599962471637,0.09648615382733837,0.07288521742141159,0.10891349480968858,0.05804152249134949
crossfit_between,SLC25A3,1,False,True,21,0.0,0.047619047619047616,0.0,0.8711331549255463,17.51169304348117,-0.2889003776267654,-0.32319060650101844,0.010666666666666666,-0.010666666666666666
crossfit_between,ZNF593,0,False,True,21,0.0,0.0,,0.9958036308758895,1.4422992958510488,0.07683116931253281,0.09815370987725557,0.009523809523809523,-0.009523809523809523
crossfit_between,RAF1,0,False,True,38,0.0,0.0,,0.9912290733917436,5.690637665600842,-0.008446770912101517,-0.013938907642744594,0.025473684210526315,-0.025473684210526315
crossfit_between,METTL17,0,False,True,81,0.012345679012345678,0.07407407407407407,0.16666666666666666,0.9810278375607986,3.2668529340796417,-0.06413834452651572,-0.05968525936763967,0.02745679012345679,-0.015111111111111113
crossfit_between,IKBKG,1,False,True,12,0.0,0.0,,0.9975724914744634,8.872046249728982,-0.09467177848463444,-0.13691978623781997,0.007333333333333333,-0.007333333333333333
crossfit_between,SMAGP,0,False,True,79,0.012658227848101266,0.0379746835443038,0.3333333333333333,0.9502868273754808,7.566166823956598,0.0010088297030320381,0.03369465020624103,0.024506329113924055,-0.011848101265822789
crossfit_between,MAP1B,0,False,False,3,0.0,0.0,,0.9999556082388499,,-0.01705057572874533,-0.012787903735427599,,
crossfit_between,TAZ,0,False,True,22,0.0,0.0,,0.9958837986647343,4.051581394967668,-0.0511575704615895,-0.12227010534231282,0.00690909090909091,-0.00690909090909091
crossfit_between,OXCT1,0,False,True,129,0.023255813953488372,0.03875968992248062,0.6,0.9786279968028293,1.4344367033046106,-0.06292163194112683,-0.07617926090517162,0.022759689922480626,0.0004961240310077455
crossfit_between,WSB2,0,False,True,106,0.03773584905660377,0.09433962264150944,0.4,0.9723407874052695,1.755149426700354,-0.09037503717003366,-0.07501492390955103,0.02807547169811321,0.009660377358490561
crossfit_between,C1QBP,0,False,True,66,0.030303030303030304,0.06060606060606061,0.5,0.9633350304395336,1.0528558928820644,-0.00887157212380606,-0.009561509909752781,0.016606060606060607,0.013696969696969697
crossfit_between,CALM3,1,False,False,1,0.0,0.0,,0.9998809635426653,,-0.026671428919557563,0.0004713481443647574,,
crossfit_between,SIX4,1,False,True,25,0.0,0.0,,0.9891685323811453,1.3639628280989153,-0.1072800121505711,-0.10449390225984374,0.0064,-0.0064
crossfit_between,RRM1,0,False,False,5,0.0,0.0,,0.9995613348477216,,0.034102582559824644,0.037293479701773075,,
crossfit_between,MBTPS1,1,False,True,384,0.03125,0.109375,0.2857142857142857,0.9169336668596991,1.7455904246781835,-0.05396465235756972,-0.024135938509283826,0.07525000000000001,-0.04400000000000001
crossfit_between,RAB3B,0,False,False,0,,,,,,0.03222746801796687,0.023044499774099433,,
crossfit_between,XRCC4,1,False,True,14,0.0,0.0,,0.9995439938565414,2.092381525449698,-0.0011511331536874874,0.03669044541249101,0.0017142857142857142,-0.0017142857142857142
crossfit_between,TRAPPC6A,1,False,True,230,0.030434782608695653,0.0782608695652174,0.3888888888888889,0.8690124299548013,2.905640925482118,-0.060415124638645575,-0.17531372382874869,0.0359304347826087,-0.005495652173913044
crossfit_between,SIN3B,1,False,True,1161,0.05857019810508183,0.2058570198105082,0.28451882845188287,0.5881292206857142,3.2589224294933823,-0.1490063358727099,-0.1511397565505865,0.125588285960379,-0.06701808785529717
crossfit_between,SV2A,1,False,True,18,0.0,0.0,,0.99936068069616,0.9042870616065355,0.04770897789866872,0.09278345997401571,0.006222222222222223,-0.006222222222222223
crossfit_between,EWSR1,0,False,True,178,0.028089887640449437,0.06179775280898876,0.45454545454545453,0.9633354471951404,1.721006990542262,0.15811955627389462,0.16511310689779027,0.02373033707865169,0.0043595505617977474
crossfit_between,TXNDC9,0,False,True,24,0.0,0.08333333333333333,0.0,0.9551623350422337,6.893013614780007,-0.1343987827657039,-0.12735578308867984,0.008333333333333331,-0.008333333333333331
crossfit_between,TMBIM6,1,False,False,6,0.0,0.0,,0.9992642129736469,,-0.04022013644960968,-0.055279469794767874,,
crossfit_between,METTL3,0,False,True,2926,0.18865345181134655,0.2959671907040328,0.6374133949191686,0.5241326092107232,1.3443025214842372,0.0920875271027752,0.11847320542676117,0.21774436090225563,-0.029090909090909084
crossfit_between,METTL14,1,False,True,3008,0.0006648936170212766,0.5013297872340425,0.001326259946949602,0.05515509493862947,7.956239124750568,-0.5721589539844797,-0.9089957887990228,0.2220957446808511,-0.22143085106382984
crossfit_between,MED24,1,False,True,647,0.0077279752704791345,0.20865533230293662,0.037037037037037035,0.49275842747431864,4.317415695040543,-0.4246685595408406,-0.5006089487913821,0.0868129829984544,-0.07908500772797526
crossfit_between,ATM,1,False,True,76,0.013157894736842105,0.039473684210526314,0.3333333333333333,0.9685489433458011,4.437535836267613,0.011643160273624638,0.15975738803929124,0.010526315789473686,0.002631578947368419
crossfit_between,PHF10,0,False,True,120,0.09166666666666666,0.11666666666666667,0.7857142857142857,0.9580365583964392,1.4997230967446231,0.054504121616359695,0.025237826559777767,0.02486666666666667,0.0668
crossfit_between,DZIP3,0,False,False,1,0.0,0.0,,0.9999650060415265,,0.012063615633782115,-0.014119179810853272,,
crossfit_between,ZNF562,0,False,True,10,0.0,0.0,,0.9997164150257613,1.5689852586741722,0.04040027676059017,0.057979777739688584,0.0,0.0
crossfit_between,MED1,0,False,True,302,0.026490066225165563,0.029801324503311258,0.8888888888888888,0.9734179698935977,2.3829054848434414,0.02212340930649024,0.09783570134594795,0.05340397350993377,-0.026913907284768206
crossfit_combined,TMSB4X,0,False,False,0,,,,,,0.17245186372889423,0.17732843972488543,,
crossfit_combined,PRCP,0,False,False,6,0.0,0.0,,0.9996157290314273,,0.10470315780872674,0.12768834113359465,,
crossfit_combined,TADA1,0,False,True,533,0.075046904315197,0.12382739212007504,0.6060606060606061,0.9187319366714175,0.9963316587563783,-0.009251413554968715,-0.04280239860035537,0.06530581613508443,0.009741088180112573
crossfit_combined,HIRA,1,False,True,32,0.03125,0.0625,0.5,0.9827963440918444,0.9244740930848715,0.06768201959259679,0.05900588216131056,0.03725,-0.005999999999999998
crossfit_combined,IGF2R,1,False,False,6,0.0,0.0,,0.9990953383003952,,0.0974657107885955,0.1349226350090826,,
crossfit_combined,NCK2,1,False,False,2,0.0,0.0,,0.9995649314777395,,-0.07974992060438503,-0.08394879291185847,,
crossfit_combined,MED13,1,False,True,113,0.0,0.0,,0.9897866378727893,1.003535479266698,-0.04118205449486731,-0.018014672993519297,0.028743362831858407,-0.028743362831858407
crossfit_combined,MED12,0,False,True,68,0.04411764705882353,0.1323529411764706,0.3333333333333333,0.9572508599466277,1.0266161732775283,-0.05697131915929815,-0.06679811736189455,0.029882352941176468,0.014235294117647065
crossfit_combined,STAT1,1,False,False,8,0.0,0.0,,0.9988091915788215,,0.013436799857589266,0.00416962354123065,,
crossfit_combined,USP22,1,False,True,21,0.0,0.0,,0.9964282507774016,1.1125630974172371,-0.07322502050761501,-0.10579762801009304,0.02666666666666666,-0.02666666666666666
crossfit_combined,MED13L,1,False,True,16,0.0,0.0,,0.9988577324549599,1.013599234922272,-0.00787692924358641,0.006941959276259064,0.004,-0.004
crossfit_combined,TET1,0,False,True,46,0.021739130434782608,0.021739130434782608,1.0,0.9931178422362296,0.9418017894170289,0.08977549341411452,0.08775194936494725,0.010434782608695653,0.011304347826086955
crossfit_combined,KIF1B,0,False,False,2,0.0,0.0,,0.9998005661403054,,0.032541520443634946,0.047632661426303104,,
crossfit_combined,SRC,0,False,False,6,0.0,0.0,,0.9983160251644744,,-0.15162787503540612,-0.13641151030335855,,
crossfit_combined,PBX1,0,False,False,5,0.0,0.2,0.0,0.9930965928438394,,-0.05356110757239427,-0.01243807709044468,,
crossfit_combined,CAST,1,False,True,38,0.0,0.02631578947368421,0.0,0.9921433625878514,1.0557361905723588,-0.0360308863165786,-0.04727475538317374,0.04252631578947367,-0.04252631578947367
crossfit_combined,IDE,0,False,False,0,,,,,,-0.02008086234524482,-0.018050938357432506,,
crossfit_combined,MAPKAPK2,1,False,False,5,0.0,0.0,,0.9995240256079866,,0.025045831543546105,0.011194670770400626,,
crossfit_combined,PTPN1,1,False,False,2,0.0,0.0,,0.9999781987357435,,0.05779622939176099,0.060967303895896025,,
crossfit_combined,KDM2B,1,False,True,44,0.06818181818181818,0.11363636363636363,0.6,0.9767750842455949,0.9303983730794885,0.03742312490101663,0.006593517906326416,0.07345454545454547,-0.00527272727272729
crossfit_combined,ATP1B1,1,False,False,2,0.0,0.0,,0.999331909889035,,-0.009175877886090367,-0.004361537926432609,,
crossfit_combined,KAT2A,1,False,True,738,0.05420054200542006,0.06910569105691057,0.7843137254901961,0.9318676642220487,0.952887189167324,0.057273936750318825,0.1287162666190119,0.09391869918699187,-0.03971815718157182
crossfit_combined,NISCH,0,False,False,6,0.0,0.0,,0.9995441092596988,,0.07573033206188959,0.08186427880358113,,
crossfit_combined,KDR,0,False,False,7,0.0,0.0,,0.9985888482741244,,-0.05851855519977235,-0.10533369695685495,,
crossfit_combined,WFS1,1,False,False,4,0.0,0.0,,0.9999277330147791,,-0.030322462700718613,-0.03479486034959969,,
crossfit_combined,TARBP2,0,False,False,4,0.0,0.0,,0.9998070408082905,,0.12306579985145198,0.13715894187768207,,
crossfit_combined,MAP3K7,0,False,False,1,0.0,0.0,,0.9999996471688014,,-0.05825513852987397,-0.04780169837259972,,
crossfit_combined,HMGN1,1,False,False,3,0.0,0.0,,0.9996444885836583,,0.10033347041019894,0.13399693782867778,,
crossfit_combined,TSC22D4,1,False,False,3,0.0,0.0,,0.9992904096109593,,-0.03348449663351817,-0.03149877093233115,,
crossfit_combined,FOXH1,1,False,True,32,0.0,0.0,,0.9960704502899573,0.9600678555554393,-0.021518240742425847,-0.02412694114869092,0.00575,-0.00575
crossfit_combined,PAGR1,0,False,True,18,0.0,0.0,,0.9925659762837173,1.1607939551486688,-0.13507317675600225,-0.09083837632501231,0.02266666666666667,-0.02266666666666667
crossfit_combined,KLF10,0,False,True,15,0.0,0.06666666666666667,0.0,0.9958874456841397,1.0050959007491544,0.009453508762016455,0.055100702156669595,0.0048,-0.0048
crossfit_combined,POLB,0,False,False,3,0.0,0.0,,0.9994209899270047,,0.01815858454584817,0.06106350327242997,,
crossfit_combined,RNF2,0,False,True,377,0.04509283819628647,0.07161803713527852,0.6296296296296297,0.94848681639546,0.9836756482516138,0.028326812967786972,0.027187501003725804,0.059374005305039786,-0.014281167108753316
crossfit_combined,SMARCA5,1,False,True,953,0.07240293809024134,0.12172088142707241,0.5948275862068966,0.8978213545810361,0.983081792063949,0.036403258209829606,0.03915803336232217,0.07776705141657922,-0.005364113326337877
crossfit_combined,ACAT2,1,False,True,313,0.022364217252396165,0.19808306709265175,0.11290322580645161,0.7960555782863392,1.1809801705149767,-0.19822154620306526,-0.13124390989128618,0.04196805111821085,-0.019603833865814685
crossfit_combined,TRAM2,1,False,False,1,0.0,0.0,,0.9999999773030768,,0.019180949604075626,-0.010409330251360063,,
crossfit_combined,CAMSAP2,0,False,False,2,0.0,0.0,,0.9996306527681529,,-0.07250016697838021,-0.050422456414889835,,
crossfit_combined,CDCA2,0,False,False,8,0.0,0.0,,0.9984553473230835,,0.08139707991946608,0.06811742695399334,,
crossfit_combined,CREG1,0,False,False,4,0.0,0.0,,0.9999195638401931,,0.029141594550696395,0.00905138311711047,,
crossfit_combined,CASP2,0,False,False,2,0.0,0.0,,0.9995032382236356,,0.03980332895143732,0.036157999395708865,,
crossfit_combined,UBE3C,0,False,True,37,0.13513513513513514,0.13513513513513514,1.0,0.9697876253581733,0.8895983253007228,0.13884055783664082,0.13935242855444552,0.048648648648648644,0.08648648648648649
crossfit_combined,EIF4B,1,False,True,124,0.024193548387096774,0.04032258064516129,0.6,0.9703359978518844,0.9410108486805386,0.07002694645701492,0.06062606486119205,0.025806451612903226,-0.0016129032258064523
crossfit_combined,STAG2,0,False,True,453,0.052980132450331126,0.12582781456953643,0.42105263157894735,0.9247581085863761,1.0165686399385407,-0.03698952436716152,-0.05952555024767121,0.05306843267108169,-8.830022075056315e-05
crossfit_combined,HMGB2,0,False,True,26,0.11538461538461539,0.15384615384615385,0.75,0.9669875726768489,0.9758186522876674,0.010181605578397809,-0.021389883864646114,0.05999999999999999,0.0553846153846154
crossfit_combined,TGFBR2,1,False,True,260,0.2153846153846154,0.22692307692307692,0.9491525423728814,0.8820311991446669,0.8652853677650147,0.22588706413491613,0.0762786910064377,0.04433846153846153,0.17104615384615388
crossfit_combined,ANTXR1,1,False,False,2,0.0,0.0,,0.9995293046315251,,0.145729423282684,0.14239737011142017,,
crossfit_combined,MTA1,0,False,True,28,0.14285714285714285,0.14285714285714285,1.0,0.9899098399640387,0.9057451326984384,0.04480378220130951,0.05456201693091855,0.03857142857142856,0.10428571428571429
crossfit_combined,DHCR24,0,False,True,32,0.0,0.5625,0.0,0.7871279543923589,2.4888961997053043,-0.30629354350497184,-0.010550635728882558,0.03275,-0.03275
crossfit_combined,NDUFB4,1,False,True,17,0.23529411764705882,0.23529411764705882,1.0,0.9875138665028362,0.5511541314309425,-0.09194850988348213,-0.09394730803137775,0.041411764705882356,0.19388235294117645
crossfit_combined,ACVR1B,1,False,True,25,0.0,0.04,0.0,0.9869955415762909,1.1887383675803895,-0.20535648714649693,-0.13990778777434437,0.0112,-0.0112
crossfit_combined,DHX36,1,False,True,1387,0.12689257390050468,0.19754866618601297,0.6423357664233577,0.7660097145565459,0.9733764865515263,0.05758953425033238,0.015480838770304936,0.10709733237202594,0.019795241528478738
crossfit_combined,LZTR1,1,False,True,191,0.02617801047120419,0.031413612565445025,0.8333333333333334,0.9757279095281449,1.0007074820994235,-0.061440478921815415,-0.11579795516673591,0.05826178010471204,-0.03208376963350785
crossfit_combined,INSIG1,1,False,True,219,0.0319634703196347,0.1506849315068493,0.21212121212121213,0.8731738006477994,1.117575275208308,-0.16165716077981718,-0.09468525383878879,0.06619178082191779,-0.03422831050228309
crossfit_combined,LAD1,0,False,False,2,0.0,0.0,,0.9994212976906958,,-0.10944410892338816,-0.09602292478359074,,
crossfit_combined,TCF3,1,False,False,6,0.0,0.0,,0.9991280324097084,,0.044680690115785286,0.04149582277153444,,
crossfit_combined,DAXX,0,False,True,28,0.03571428571428571,0.03571428571428571,1.0,0.9906388970311022,0.8098235080126629,0.1097400351529034,0.1179524417032381,0.023428571428571427,0.012285714285714285
crossfit_combined,CLDN7,1,False,False,7,0.0,0.0,,0.9994639789293176,,-0.11897181290821647,-0.12183866982980729,,
crossfit_combined,NIT1,0,False,True,143,0.08391608391608392,0.0979020979020979,0.8571428571428571,0.9704771944779826,0.9573565296085192,0.15079721701670218,0.14828306398654192,0.05057342657342658,0.03334265734265734
crossfit_combined,PRR12,1,False,True,105,0.0,0.0,,0.9875411165812508,0.9861969052622378,0.07331054546659595,0.10162640770437334,0.023238095238095245,-0.023238095238095245
crossfit_combined,ARID1A,1,False,True,220,0.09545454545454546,0.12272727272727273,0.7777777777777778,0.9427467631396442,0.8999057538984832,0.18168060577366274,0.158772503256215,0.03978181818181818,0.055672727272727277
crossfit_combined,STX4,1,False,True,19,0.0,0.05263157894736842,0.0,0.995697599322636,1.0296429047099596,0.04972458835120493,0.08687855513005595,0.0,0.0
crossfit_combined,CENPO,1,False,False,5,0.0,0.0,,0.9955247929882737,,-0.059563117699144505,-0.06443748332176996,,
crossfit_combined,NRAS,1,False,False,5,0.0,0.0,,0.9997962086092436,,0.05199292714973416,0.09422360409099509,,
crossfit_combined,CHMP3,1,False,True,98,0.061224489795918366,0.08163265306122448,0.75,0.9721224110710613,0.9869301083854488,0.11344037132924702,0.13325804037937805,0.03412244897959184,0.027102040816326528
crossfit_combined,EID2,1,False,False,4,0.0,0.0,,0.9994457859883542,,-0.03333111862586874,-0.028895202052672278,,
crossfit_combined,UQCRQ,0,False,True,48,0.10416666666666667,0.10416666666666667,1.0,0.9688566745886488,0.7978232011809159,0.04186184079443886,0.06554648835816126,0.04566666666666666,0.05850000000000001
crossfit_combined,ZNF426,0,False,False,3,0.0,0.0,,0.999843384531207,,-0.04144961730079804,-0.011701286447294295,,
crossfit_combined,BIRC2,1,False,True,75,0.02666666666666667,0.09333333333333334,0.2857142857142857,0.977649583625209,1.0268029459843624,-0.04337116719906463,-0.025863256947707622,0.040106666666666665,-0.013439999999999997
crossfit_combined,PLCB3,1,False,False,2,0.0,0.0,,0.999968027776212,,-0.13651372249193996,-0.1267785392452149,,
crossfit_combined,TFAM,1,False,True,98,0.030612244897959183,0.05102040816326531,0.6,0.9713998107953272,0.8791458112120618,0.0945392856547903,0.14576859189951225,0.04375510204081633,-0.013142857142857144
crossfit_combined,PMS1,0,False,False,1,0.0,0.0,,0.9999823403756689,,0.010979269790843849,-0.019798519675685418,,
crossfit_combined,ZNF286A,0,False,False,2,0.0,0.0,,0.9999799757495252,,-0.04611325436659118,-0.007324746383479989,,
crossfit_combined,GSK3B,1,False,True,217,0.03225806451612903,0.04608294930875576,0.7,0.9733815645503079,0.9851487874214675,0.051727725432771966,0.036802157668598644,0.05153917050691245,-0.01928110599078342
crossfit_combined,LRPPRC,0,False,True,98,0.0,0.2653061224489796,0.0,0.8953433597133249,1.3352334306216573,-0.33803748202312717,-0.2581399540728886,0.059020408163265314,-0.059020408163265314
crossfit_combined,CASP3,1,False,True,417,0.11510791366906475,0.17026378896882494,0.676056338028169,0.8707065923841428,0.9561843557193811,0.13442944097302012,0.15476412977553072,0.10914148681055157,0.005966426858513188
crossfit_combined,MAST2,1,False,False,0,,,,,,0.14226793173352228,0.16435013085827668,,
crossfit_combined,HAT1,0,False,True,29,0.0,0.0,,0.9867480580864689,0.7056764404145714,0.045876418726654516,0.04629135998617316,0.039724137931034485,-0.039724137931034485
crossfit_combined,MAU2,0,False,True,902,0.0598669623059867,0.10753880266075388,0.5567010309278351,0.9006953854126685,1.004668789673685,-0.01023301633496567,0.013008132252175385,0.08462084257206208,-0.024753880266075383
crossfit_combined,SMARCA4,0,False,True,2229,0.09869896814715119,0.21713772992373262,0.45454545454545453,0.800421527653474,1.0033606313268488,-0.026300475583209144,-0.009975395961250813,0.14000179452669356,-0.04130282637954237
crossfit_combined,TWF2,1,False,False,4,0.0,0.0,,0.9993974137383118,,-0.05874814812456044,-0.06245862691624493,,
crossfit_combined,IRF3,1,False,False,4,0.0,0.0,,0.9996327556119698,,0.030782548921435372,0.04237807314128069,,
crossfit_combined,MKI67,0,False,False,5,0.0,0.0,,0.9998986411699929,,-0.013302266826511524,0.008381611934157842,,
crossfit_combined,AKT2,0,False,True,50,0.02,0.04,0.5,0.9912879827897425,0.9971568932346774,0.0037329085526927514,0.04085774269581055,0.013600000000000001,0.0063999999999999994
crossfit_combined,SSBP1,1,False,True,59,0.0,0.0,,0.9954389940052977,1.0275336580798868,0.0827680358588953,0.11234643435372128,0.051796610169491525,-0.051796610169491525
crossfit_combined,PHF14,0,False,True,24,0.0,0.0,,0.9951700169505314,0.8852258692816055,0.2086615953145899,0.15493217246483265,0.016999999999999998,-0.016999999999999998
crossfit_combined,DNMT1,0,False,True,1279,0.10789679437060204,0.20641125879593433,0.5227272727272727,0.8025539720235767,1.0020860297935568,0.013874064724774095,0.06399748458439074,0.09182799061767004,0.016068803752932
crossfit_combined,TMSB10,0,False,True,263,0.030418250950570342,0.07604562737642585,0.4,0.949565969510376,1.0575803417167344,-0.017499273735136857,0.012092142680972359,0.06065399239543726,-0.03023574144486692
crossfit_combined,CLDN6,1,False,False,4,0.0,0.0,,0.9989892303043182,,-0.02649164283797731,-0.03981211698066969,,
crossfit_combined,DLG5,0,False,True,85,0.011764705882352941,0.03529411764705882,0.3333333333333333,0.9824232510972808,0.9836296993275873,0.055698195874633004,0.09331617646018002,0.03294117647058823,-0.02117647058823529
crossfit_combined,NDUFB6,1,False,True,12,0.0,0.0,,0.9957753254135301,0.8204664570131959,-0.045831378991646306,-0.026614671808720285,0.015999999999999997,-0.015999999999999997
crossfit_combined,STAT6,1,False,True,73,0.0136986301369863,0.0136986301369863,1.0,0.9903355395422758,0.9642706436040144,0.037420184498472904,0.05495795714248714,0.02345205479452055,-0.00975342465753425
crossfit_combined,ZNF714,0,False,False,8,0.0,0.0,,0.999432386851606,,-0.08971255366000916,-0.11039788608493442,,
crossfit_combined,SAFB,1,False,True,165,0.09090909090909091,0.13333333333333333,0.6818181818181818,0.9418022066424611,0.960618800338484,0.09748531674029667,0.05777957538545388,0.04101818181818182,0.04989090909090909
crossfit_combined,SOX2,0,False,True,1156,0.08044982698961937,0.1643598615916955,0.48947368421052634,0.8539092677440203,0.9989979844689035,-0.016542310382434543,-0.025790422070630543,0.07551557093425605,0.004934256055363323
crossfit_combined,SLC25A3,1,False,True,21,0.0,0.14285714285714285,0.0,0.9809170687189617,1.3688074791062086,-0.1679769518184327,-0.1286763100259001,0.05142857142857142,-0.05142857142857142
crossfit_combined,ZNF593,0,False,True,21,0.0,0.0,,0.9943790375580751,0.9074314885395259,0.03957260564979734,0.04325853465178267,0.0419047619047619,-0.0419047619047619
crossfit_combined,RAF1,0,False,True,38,0.02631578947368421,0.02631578947368421,1.0,0.9881623409269311,1.0192289020082483,-0.018399993719289,-0.040739538291084613,0.021894736842105265,0.004421052631578944
crossfit_combined,METTL17,0,False,True,81,0.04938271604938271,0.14814814814814814,0.3333333333333333,0.9719227265333088,1.058784253933051,-0.04526460560418213,-0.007179298380169969,0.0508641975308642,-0.0014814814814814864
crossfit_combined,IKBKG,1,False,True,12,0.0,0.0,,0.9974236337627226,1.081903885162542,-0.10493113624840227,-0.12228821913226766,0.06133333333333333,-0.06133333333333333
crossfit_combined,SMAGP,0,False,True,79,0.0,0.05063291139240506,0.0,0.985131797936383,1.0193135340593995,-0.018606248087027828,-0.01908952309433752,0.03777215189873419,-0.03777215189873419
crossfit_combined,MAP1B,0,False,False,3,0.0,0.0,,0.9998944001316826,,-0.05409207030989558,-0.051365319876793755,,
crossfit_combined,TAZ,0,False,True,22,0.0,0.0,,0.9960479134740623,1.021416343376839,-0.01738268506252965,-0.04318634038776041,0.04581818181818181,-0.04581818181818181
crossfit_combined,OXCT1,0,False,True,129,0.06976744186046512,0.11627906976744186,0.6,0.9618310380086597,1.038655388165217,-0.02718980459821501,-0.034397959598790315,0.030139534883720932,0.03962790697674418
crossfit_combined,WSB2,0,False,True,106,0.04716981132075472,0.10377358490566038,0.45454545454545453,0.9670140842718133,1.051695379804258,-0.05638413432465419,-0.04000661612543629,0.045886792452830186,0.0012830188679245347
crossfit_combined,C1QBP,0,False,True,66,0.045454545454545456,0.045454545454545456,1.0,0.9795835976345679,0.8887288244233831,0.034388493693185314,0.014794690341093349,0.04933333333333333,-0.0038787878787878774
crossfit_combined,CALM3,1,False,False,1,0.0,0.0,,0.9994970632206321,,0.15539789085885797,0.16711312664524755,,
crossfit_combined,SIX4,1,False,True,25,0.0,0.0,,0.9975883497680065,1.0049156374907044,-0.043532779100931354,-0.04530099306386991,0.0044800000000000005,-0.0044800000000000005
crossfit_combined,RRM1,0,False,False,5,0.0,0.0,,0.9998678058814835,,-0.0002920945988238254,-0.0018558005872296877,,
crossfit_combined,MBTPS1,1,False,True,384,0.057291666666666664,0.13020833333333334,0.44,0.9276728312801481,1.0176282312284115,-0.012433186672086139,0.05174971272599419,0.06635416666666667,-0.009062500000000008
crossfit_combined,RAB3B,0,False,False,0,,,,,,0.09422447409230945,0.10304673143752176,,
crossfit_combined,XRCC4,1,False,True,14,0.0,0.0,,0.99835786193741,0.9865703748446176,-0.027060966438679494,-0.04442175089145546,0.005142857142857143,-0.005142857142857143
crossfit_combined,TRAPPC6A,1,False,True,230,0.034782608695652174,0.06086956521739131,0.5714285714285714,0.9615437378697435,1.0232520206786524,-0.1095560082948608,-0.17443649974041447,0.04521739130434784,-0.010434782608695667
crossfit_combined,SIN3B,1,False,True,1161,0.06804478897502153,0.16968130921619293,0.4010152284263959,0.84247270448054,1.014422094898782,-0.02711579127589152,-0.03189227736906684,0.0869043927648579,-0.018859603789836366
crossfit_combined,SV2A,1,False,True,18,0.0,0.0,,0.9971459038951815,0.9925501928443717,0.043458976081785713,0.041025825273756554,0.04133333333333334,-0.04133333333333334
crossfit_combined,EWSR1,0,False,True,178,0.05056179775280899,0.06179775280898876,0.8181818181818182,0.9685818765686467,0.9300303884226111,0.15515635859291488,0.16058987571552769,0.03833707865168539,0.012224719101123598
crossfit_combined,TXNDC9,0,False,True,24,0.0,0.0,,0.9955818945983139,0.9746381935851739,0.02591986400867357,0.0011443808763003352,0.03833333333333333,-0.03833333333333333
crossfit_combined,TMBIM6,1,False,False,6,0.0,0.0,,0.9994137664137989,,-0.021013375444728713,-0.037146705571525426,,
crossfit_combined,METTL3,0,False,True,2926,0.12474367737525632,0.2593984962406015,0.48089591567852435,0.7388524372510146,1.0065869140904424,-0.03871670473411735,-0.05714795367795647,0.15211483253588515,-0.027371155160628824
crossfit_combined,METTL14,1,False,True,3008,0.05485372340425532,0.34574468085106386,0.15865384615384615,0.6596191012882429,1.0403094049046764,-0.32332392619184236,-0.32539355174338364,0.15571010638297872,-0.1008563829787234
crossfit_combined,MED24,1,False,True,647,0.017001545595054096,0.2751159196290572,0.06179775280898876,0.814668767911597,1.0934379357424082,-0.40634992345906235,-0.3867538041095633,0.06737557959814527,-0.05037403400309118
crossfit_combined,ATM,1,False,True,76,0.013157894736842105,0.039473684210526314,0.3333333333333333,0.9904680920241038,1.0105146090895072,0.014965718941962972,0.06506375572717465,0.04957894736842105,-0.036421052631578944
crossfit_combined,PHF10,0,False,True,120,0.10833333333333334,0.13333333333333333,0.8125,0.9456980202641836,0.9253259237855087,0.12387772194381476,0.10880497832977666,0.059,0.04933333333333334
crossfit_combined,DZIP3,0,False,False,1,0.0,0.0,,0.9999191934135767,,0.12228767664843615,0.1308782586191596,,
crossfit_combined,ZNF562,0,False,True,10,0.0,0.0,,0.9978365944747198,1.0097422743402957,0.0879792482323326,0.08054971341526854,0.0024000000000000002,-0.0024000000000000002
crossfit_combined,MED1,0,False,True,302,0.046357615894039736,0.1357615894039735,0.34146341463414637,0.919394573880905,1.0201032471646092,0.012599497009234222,0.03484701005886369,0.03478145695364238,0.011576158940397353
