operator,target_gene,test_fold,support_size,train_rmse,target_force_at_upper_bound,support_genes,force_coefficients
empirical150,TMSB4X,0,1,0.07064583291362628,False,TMSB4X,-4.0808708
empirical150,TMSB4X,0,2,0.07053121739697239,False,TMSB4X;CDCA2,-4.5341387;-0.6248262
empirical150,TMSB4X,0,5,0.07003565517355814,False,TMSB4X;CDCA2;INSIG1;HMGN1;NDUFB4,-2.1901658;-0.45651876;-1.3916015;-1.7247195;-2.8650273
empirical150,TMSB4X,0,10,0.06981075153541735,False,TMSB4X;CDCA2;INSIG1;HMGN1;NDUFB4;TMSB10;CLDN6;ARID1A;ZNF714;DHCR24,-1.2448016;-1.0515102;-2.200275;-1.9876272;-1.4824151;-1.0752292;-2.8048553;2.2556401;3.824095;1.5614259
empirical150,TMSB4X,1,1,0.07264238706981928,False,TMSB4X,-3.7896491
empirical150,TMSB4X,1,2,0.07255375916834567,False,TMSB4X;CDCA2,-4.2431639;-0.58833978
empirical150,TMSB4X,1,5,0.07220634501591326,False,TMSB4X;CDCA2;INSIG1;HMGN1;ARID1A,-3.3223703;-0.61661361;-1.6974416;-1.5537479;1.6875093
empirical150,TMSB4X,1,10,0.07195981462258229,False,TMSB4X;CDCA2;INSIG1;HMGN1;ARID1A;TMSB10;CLDN6;CASP3;NDUFB6;UBE3C,-2.889313;-0.82642668;-0.43159538;-1.0169879;2.1321155;-1.6495367;-1.0124144;1.9970766;-2.395235;1.8865447
empirical150,PRCP,0,1,0.07446988060821774,False,PRCP,-5.7546272
empirical150,PRCP,0,2,0.07432868042946186,False,PRCP;CDCA2,-5.817176;-0.68019065
empirical150,PRCP,0,5,0.07402131988552524,False,PRCP;CDCA2;ACAT2;TMSB10;KDR,-5.3524143;-0.80392804;-0.40973815;-2.4019478;-1.6449982
empirical150,PRCP,0,10,0.07379655466179165,False,PRCP;CDCA2;ACAT2;TMSB10;KDR;INSIG1;SIX4;NDUFB6;SOX2;HMGB2,-5.2688145;-0.60753311;0.29761766;-3.3705182;-0.89132053;-1.6949721;-2.236714;2.1825025;1.7192151;1.3371345
empirical150,PRCP,1,1,0.09359787615519646,False,PRCP,-5.4468059
empirical150,PRCP,1,2,0.09340163182111343,False,PRCP;CDCA2,-5.6253189;-0.93948435
empirical150,PRCP,1,5,0.09302572387268432,False,PRCP;CDCA2;CLDN6;SIX4;KDM2B,-7.9413731;-0.036176066;2.0354753;-2.5992904;-2.8808719
empirical150,PRCP,1,10,0.09275983726129564,False,PRCP;CDCA2;CLDN6;SIX4;KDM2B;TMSB10;ACAT2;HMGB2;EWSR1;NDUFB4,-10.341871;-0.36253715;2.734672;-1.4193883;-1.4867999;-2.7414479;0.077501509;2.705192;3.8247406;1.0763366
empirical150,TADA1,0,1,0.23981214850874016,True,TADA1,0
empirical150,TADA1,0,2,0.23747812906476876,False,TADA1;DHCR24,-4.8783183;-10.04387
empirical150,TADA1,0,5,0.23508442345118996,True,TADA1;DHCR24;HMGN1;MKI67;MAP1B,0;-4.0183183;10.821952;3.3325002;-10.932839
empirical150,TADA1,0,10,0.23061837523842488,False,TADA1;DHCR24;HMGN1;MKI67;MAP1B;ACAT2;CASP3;KDR;TET1;PBX1,-18.487394;-4.1761647;14.254508;12.314065;-24.209517;7.1798127;31.584099;-7.8164898;18.425402;-17.244147
empirical150,TADA1,1,1,0.24327962121794758,True,TADA1,0
empirical150,TADA1,1,2,0.24163830277838538,True,TADA1;DHCR24,0;-8.164774
empirical150,TADA1,1,5,0.23935917967799106,True,TADA1;DHCR24;HMGN1;MKI67;MAP1B,0;-3.8508356;9.7150994;3.3367901;-13.951206
empirical150,TADA1,1,10,0.23411086169149173,False,TADA1;DHCR24;HMGN1;MKI67;MAP1B;SOX2;ACAT2;CASP3;CDCA2;WSB2,-10.835847;-3.8741602;7.6126971;27.08131;-40.320679;8.8732329;17.240237;22.853989;-16.440821;16.968456
empirical150,HIRA,0,1,0.1270542903057386,False,HIRA,-3.8629721
empirical150,HIRA,0,2,0.1263086804266278,False,HIRA;ACAT2,-9.8792303;-4.388822
empirical150,HIRA,0,5,0.12563325845922688,False,HIRA;ACAT2;HMGN1;MAP1B;KDR,-16.797577;-6.5854389;1.9228345;5.2988516;-3.3726724
empirical150,HIRA,0,10,0.12476143897731795,False,HIRA;ACAT2;HMGN1;MAP1B;KDR;TMSB4X;KDM2B;CDCA2;DHX36;DHCR24,-8.1981176;-3.0649785;3.9938758;5.8418781;-2.4435134;-10.738956;-13.759121;-0.29301542;-8.5812482;-3.2537128
empirical150,HIRA,1,1,0.10364858366748919,False,HIRA,-3.1100006
empirical150,HIRA,1,2,0.10355141736758046,False,HIRA;MKI67,-2.8369303;0.67853523
empirical150,HIRA,1,5,0.10261434235956197,False,HIRA;MKI67;ACAT2;HMGB2;MAP1B,-9.9642166;-0.47457434;-5.4219566;2.7265732;3.9434214
empirical150,HIRA,1,10,0.10173249197990412,False,HIRA;MKI67;ACAT2;HMGB2;MAP1B;KDR;DHX36;SIX4;HMGN1;PHF10,-10.92525;-1.1000538;-10.643229;4.9495331;11.555811;-6.7292339;-12.689635;4.3876455;-3.5835302;-2.4367835
empirical150,IGF2R,0,1,0.07872678874900155,False,IGF2R,-5.1829495
empirical150,IGF2R,0,2,0.07782729928212734,False,IGF2R;TFAM,-5.8683478;-4.222115
empirical150,IGF2R,0,5,0.07747843556336123,False,IGF2R;TFAM;MKI67;HMGN1;WSB2,-2.9934528;-4.9462229;0.017735524;1.1757119;3.1337452
empirical150,IGF2R,0,10,0.07726521611688351,False,IGF2R;TFAM;MKI67;HMGN1;WSB2;KDR;ACAT2;HMGB2;KLF10;CREG1,-3.2490082;-4.2054717;-0.29894371;-0.74138711;4.7477845;1.5530307;0.76147771;2.1152369;-2.8602507;-3.2059051
empirical150,IGF2R,1,1,0.09232960421347117,False,IGF2R,-4.684161
empirical150,IGF2R,1,2,0.09172475050224171,False,IGF2R;TFAM,-5.4151794;-3.5821862
empirical150,IGF2R,1,5,0.091431495046474,False,IGF2R;TFAM;WSB2;MKI67;KDR,-4.5166683;-3.8421429;3.691014;-0.7185799;1.9108829
empirical150,IGF2R,1,10,0.09122506948104507,True,IGF2R;TFAM;WSB2;MKI67;KDR;SIX4;ACAT2;CDCA2;CREG1;SLC25A3,0;-1.5088661;2.0324462;-1.9396218;2.6801156;-1.7097682;1.1279651;2.0689701;-8.0345385;2.4571604
empirical150,NCK2,0,1,0.07669982461838051,True,NCK2,0
empirical150,NCK2,0,2,0.07610739788417288,False,NCK2;HMGN1,-1.7884789;3.5789452
empirical150,NCK2,0,5,0.07572592739736102,False,NCK2;HMGN1;PRR12;MKI67;SOX2,-5.234799;4.1607873;-3.6497705;0.56316842;1.1015265
empirical150,NCK2,0,10,0.07555610364425039,True,NCK2;HMGN1;PRR12;MKI67;SOX2;ARID1A;CALM3;NDUFB4;MTA1;DHX36,0;3.5671112;-1.7985791;1.0206323;1.4106226;-4.2571571;2.3179658;-1.2192531;-1.6930548;-1.0141487
empirical150,NCK2,1,1,0.07318736728155646,True,NCK2,0
empirical150,NCK2,1,2,0.07264246480932222,False,NCK2;HMGN1,-0.49558479;3.0284201
empirical150,NCK2,1,5,0.0722698525020005,False,NCK2;HMGN1;PRR12;CDCA2;NDUFB4,-2.582344;3.233476;-4.572512;0.83779115;-1.1444454
empirical150,NCK2,1,10,0.07215294397592108,False,NCK2;HMGN1;PRR12;CDCA2;NDUFB4;KDR;PMS1;DHX36;SIX4;ACAT2,-0.25278373;1.585588;-5.8659777;1.0869109;-1.6748914;-1.5980727;-1.5784724;-3.6121254;1.3676012;-0.38444093
empirical150,MED13,0,1,0.1383154853080878,True,MED13,0
empirical150,MED13,0,2,0.13698097679784052,True,MED13;HMGB2,0;8.025023
empirical150,MED13,0,5,0.13556727220382056,True,MED13;HMGB2;KDR;MKI67;TET1,0;7.1619181;-8.112524;2.4279736;3.9188721
empirical150,MED13,0,10,0.13408387164348226,True,MED13;HMGB2;KDR;MKI67;TET1;MAP1B;CASP3;ACAT2;TMSB4X;PHF14,0;5.0945972;-7.9910158;5.0099305;11.23521;-10.757141;7.2360756;5.1837397;5.9829708;11.176849
empirical150,MED13,1,1,0.1453195671171318,False,MED13,-0.91360999
empirical150,MED13,1,2,0.14415417078860582,True,MED13;HMGB2,0;7.0806204
empirical150,MED13,1,5,0.1426047969607142,True,MED13;HMGB2;KDR;MKI67;DHCR24,0;6.6963282;-10.054482;3.6222306;3.5247189
empirical150,MED13,1,10,0.14121279403290304,False,MED13;HMGB2;KDR;MKI67;DHCR24;HMGN1;PHF10;DAXX;TMSB4X;TET1,-1.7822312;6.3157995;-13.585744;6.110264;1.5656788;-6.0272225;9.6021146;-5.1394574;6.3828729;6.1402871
empirical150,MED12,0,1,0.12519673653749533,True,MED12,0
empirical150,MED12,0,2,0.12488061276725056,True,MED12;MKI67,0;1.192866
empirical150,MED12,0,5,0.12382467927742928,True,MED12;MKI67;CLDN6;ACAT2;NDUFB4,0;1.2773523;-2.3746777;1.6604021;4.0559755
empirical150,MED12,0,10,0.12286209059333719,True,MED12;MKI67;CLDN6;ACAT2;NDUFB4;MAP1B;PHF10;TET1;SIX4;KDR,0;2.8260415;-2.7422914;1.658931;5.7858069;-5.0375945;5.1541145;6.1866428;5.3236155;-3.6628124
empirical150,MED12,1,1,0.13323575518868117,True,MED12,0
empirical150,MED12,1,2,0.13290673479391574,True,MED12;MKI67,0;1.4083318
empirical150,MED12,1,5,0.13208205383069405,True,MED12;MKI67;CLDN6;ACAT2;SIX4,0;0.92908829;-2.9789845;2.5846053;2.3982795
empirical150,MED12,1,10,0.1307990102946941,True,MED12;MKI67;CLDN6;ACAT2;SIX4;MAP1B;CDCA2;RRM1;DAXX;TMSB4X,0;8.7317204;-1.6458146;4.2097957;8.0157834;-11.379194;-5.3672613;8.7037786;-3.6677067;3.2502163
empirical150,STAT1,0,1,0.07254561925312951,False,STAT1,-3.6213832
empirical150,STAT1,0,2,0.07237815479040054,True,STAT1;CDCA2,0;-0.81395121
empirical150,STAT1,0,5,0.07176888634331098,True,STAT1;CDCA2;MKI67;SIX4;PMS1,0;-3.5611311;3.0111864;-1.799296;2.5224319
empirical150,STAT1,0,10,0.07153810505517376,False,STAT1;CDCA2;MKI67;SIX4;PMS1;DHCR24;KDR;TFAM;HMGB2;NDUFB6,-4.1617382;-1.327332;1.2146412;-4.1109785;4.7796011;-1.0749178;1.4263798;2.8145866;1.8098762;-1.5676126
empirical150,STAT1,1,1,0.08263439339141891,False,STAT1,-6.2966452
empirical150,STAT1,1,2,0.08251444157005176,False,STAT1;CDCA2,-1.5216634;-0.83641176
empirical150,STAT1,1,5,0.08200577807420723,True,STAT1;CDCA2;TET1;INSIG1;SIX4,0;-0.53548895;3.5904744;-2.7934459;-1.9424335
empirical150,STAT1,1,10,0.08163691052352118,False,STAT1;CDCA2;TET1;INSIG1;SIX4;HMGB2;C1QBP;MAP1B;SOX2;TMSB10,-6.0686816;-0.12061596;4.55972;-4.3668436;-1.6490176;2.472735;4.9295664;2.2629673;-2.3231699;-2.1106391
empirical150,USP22,0,1,0.10035973497382245,True,USP22,0
empirical150,USP22,0,2,0.1000839993283011,True,USP22;MKI67,0;0.99736638
empirical150,USP22,0,5,0.09846184943075176,False,USP22;MKI67;CLDN6;DAXX;MAP1B,-0.92540749;2.4558624;-3.3873796;6.991373;-6.3377657
empirical150,USP22,0,10,0.09712763951827931,False,USP22;MKI67;CLDN6;DAXX;MAP1B;INSIG1;ACVR1B;SIX4;WSB2;CDCA2,-0.81693378;5.5710374;-1.164012;4.8797244;-7.5144785;6.7739888;-4.8428055;7.6344036;7.1837356;-3.6971488
empirical150,USP22,1,1,0.10516388800250748,True,USP22,0
empirical150,USP22,1,2,0.10498110684367028,True,USP22;CDCA2,0;0.96042487
empirical150,USP22,1,5,0.10394328077981013,True,USP22;CDCA2;TMSB10;SIX4;KDM2B,0;0.96536979;4.8984557;3.8775005;4.3935232
empirical150,USP22,1,10,0.10208761416625388,True,USP22;CDCA2;TMSB10;SIX4;KDM2B;HMGN1;MAP1B;ACAT2;TFAM;KDR,0;1.5432664;-0.12306588;4.8048193;3.9471573;4.8289664;-14.000702;7.2164694;8.8466973;5.1985966
empirical150,MED13L,0,1,0.10501554062821818,False,MED13L,-1.0822912
empirical150,MED13L,0,2,0.10477667898305945,False,MED13L;MKI67,-7.6556809;1.2991414
empirical150,MED13L,0,5,0.10370760611169332,True,MED13L;MKI67;KDR;HMGB2;ACAT2,0;1.0371361;-3.4469088;5.3748783;-1.4949854
empirical150,MED13L,0,10,0.10320629794637862,True,MED13L;MKI67;KDR;HMGB2;ACAT2;CLDN6;MAP1B;TMSB4X;ATM;SIX4,0;0.84965705;-4.6659524;6.9317316;0.38949266;3.1176376;-2.6968144;3.782617;9.0046129;4.0580871
empirical150,MED13L,1,1,0.09860419802796298,False,MED13L,-2.9730015
empirical150,MED13L,1,2,0.09835681475704783,False,MED13L;MKI67,-9.3685937;1.4300488
empirical150,MED13L,1,5,0.09734574460047525,False,MED13L;MKI67;KDR;HMGB2;DAXX,-6.7538529;2.1720828;-5.1413962;2.9994694;-1.7582767
empirical150,MED13L,1,10,0.09680428990239752,False,MED13L;MKI67;KDR;HMGB2;DAXX;PHF10;TMSB4X;CLDN7;SIX4;ATM,-2.1930748;2.1918351;-6.3258273;3.2477892;-4.8905575;3.8654956;3.6297562;3.2601011;3.204955;4.8865289
empirical150,TET1,0,1,0.10575976954809076,False,TET1,-2.6133442
empirical150,TET1,0,2,0.10566424671826902,False,TET1;MKI67,-2.7111495;0.60386976
empirical150,TET1,0,5,0.10483082568966282,True,TET1;MKI67;CLDN6;TFAM;NDUFB4,0;1.2298853;2.4344828;4.8678218;1.8559927
empirical150,TET1,0,10,0.10452757297074225,False,TET1;MKI67;CLDN6;TFAM;NDUFB4;DHCR24;SMARCA5;TMSB10;SIX4;TGFBR2,-1.0952149;0.97419232;4.8787255;1.658951;3.45342;-2.3278207;5.0284288;-2.3082363;3.26579;5.6065976
empirical150,TET1,1,1,0.10912852207512,False,TET1,-2.115544
empirical150,TET1,1,2,0.10881272414272102,False,TET1;CLDN6,-3.0718836;2.684142
empirical150,TET1,1,5,0.10841544267802905,False,TET1;CLDN6;MKI67;CDCA2;DHCR24,-2.3770124;3.7411569;3.2456771;-2.8390017;-2.0706549
empirical150,TET1,1,10,0.1080625534408745,True,TET1;CLDN6;MKI67;CDCA2;DHCR24;NDUFB4;SOX2;HMGN1;SIX4;PMS1,0;5.7838317;2.4644295;-1.8723762;-1.9164468;3.4339147;1.2472473;4.0172987;3.1068619;2.8450301
empirical150,KIF1B,0,1,0.07448903081111571,False,KIF1B,-2.9555343
empirical150,KIF1B,0,2,0.07427275423314293,False,KIF1B;ACAT2,-3.471182;1.4873532
empirical150,KIF1B,0,5,0.07406624708392577,False,KIF1B;ACAT2;CLDN6;CDCA2;TMSB4X,-2.1021563;2.0492555;2.2191841;0.66490682;1.861541
empirical150,KIF1B,0,10,0.07372563203939624,True,KIF1B;ACAT2;CLDN6;CDCA2;TMSB4X;SIX4;KDR;PBX1;PRR12;ACVR1B,0;1.6239858;1.5068062;0.37371149;2.3131818;-1.2715717;-0.85569922;2.6607847;1.8184735;1.6630351
empirical150,KIF1B,1,1,0.07190879004004473,False,KIF1B,-3.9331651
empirical150,KIF1B,1,2,0.07172068812082373,False,KIF1B;ACAT2,-4.500425;1.5143579
empirical150,KIF1B,1,5,0.07141846021890462,False,KIF1B;ACAT2;CLDN6;TMSB4X;MKI67,-3.729159;2.41019;2.6263031;2.4925559;0.65381718
empirical150,KIF1B,1,10,0.07105390215767372,True,KIF1B;ACAT2;CLDN6;TMSB4X;MKI67;SIX4;KDR;SMARCA5;ARID1A;MAP1B,0;2.1255002;1.7812394;1.9132453;0.091260611;-2.3770766;-2.0585075;-3.464238;1.5502391;1.5979372
empirical150,SRC,0,1,0.08465811522795916,True,SRC,0
empirical150,SRC,0,2,0.08368005547524393,True,SRC;MKI67,0;1.7214127
empirical150,SRC,0,5,0.08196036389842379,True,SRC;MKI67;KDR;TMSB10;SIX4,0;2.5483064;-4.1858069;-4.2006119;-3.9973291
empirical150,SRC,0,10,0.08006292615146907,True,SRC;MKI67;KDR;TMSB10;SIX4;NDUFB4;ARID1A;HMGB2;CALM3;ACVR1B,0;-0.62219088;-1.2065061;-3.182085;-2.7268739;5.7036739;11.169186;4.4064768;-4.69722;5.90664
empirical150,SRC,1,1,0.08464325296491777,True,SRC,0
empirical150,SRC,1,2,0.08346228073552132,True,SRC;MKI67,0;2.1205441
empirical150,SRC,1,5,0.08140264878825156,False,SRC;MKI67;KDR;DHCR24;TMSB10,-1.0098357;3.2246194;-8.2297961;1.5198548;-5.8119737
empirical150,SRC,1,10,0.08013673761796869,True,SRC;MKI67;KDR;DHCR24;TMSB10;NDUFB4;ARID1A;HMGB2;KDM2B;DHX36,0;1.2731528;-4.3953174;-0.066670703;-8.3048786;1.9832911;7.2854445;3.6015835;-5.5079232;-5.5900367
empirical150,PBX1,0,1,0.07470994317500108,True,PBX1,0
empirical150,PBX1,0,2,0.07449131447740025,True,PBX1;MKI67,0;0.76621698
empirical150,PBX1,0,5,0.07325786655259464,True,PBX1;MKI67;ACAT2;TGFBR2;CASP3,0;0.9758291;0.055588087;-12.911993;-4.7811559
empirical150,PBX1,0,10,0.07289780729032112,True,PBX1;MKI67;ACAT2;TGFBR2;CASP3;KDR;TET1;HMGN1;HMGB2;SIX4,0;0.50610269;-0.83464728;-15.466019;-6.2336933;2.3120401;-3.2893206;-3.2464506;2.6190296;-3.177551
empirical150,PBX1,1,1,0.07987041682761725,True,PBX1,0
empirical150,PBX1,1,2,0.07959401799385905,True,PBX1;MKI67,0;0.99916331
empirical150,PBX1,1,5,0.07892958258455947,True,PBX1;MKI67;CASP3;TET1;ACAT2,0;0.4500539;-4.6621806;-3.2903862;1.1832976
empirical150,PBX1,1,10,0.07824623437286869,True,PBX1;MKI67;CASP3;TET1;ACAT2;TMSB10;DAXX;PRR12;ACVR1B;SIX4,0;-0.86410895;-6.6861675;-5.551937;0.96053588;-2.5964783;2.8959257;-2.9752499;7.6544397;-1.5371267
empirical150,CAST,0,1,0.1047236341411149,True,CAST,0
empirical150,CAST,0,2,0.1042688200778098,False,CAST;CLDN6,-1.3374601;-3.2539774
empirical150,CAST,0,5,0.10367519258984291,True,CAST;CLDN6;KDR;CDCA2;NDUFB4,0;-3.8421574;-2.9671235;0.59699178;-4.1038682
empirical150,CAST,0,10,0.10174019038224076,False,CAST;CLDN6;KDR;CDCA2;NDUFB4;ACAT2;DHX36;MAP1B;TMSB10;RRM1,-13.925172;-6.9832396;-4.8064477;-2.4423896;-2.7348265;-4.4431196;-12.952358;9.8521936;-1.9896589;-7.2884111
empirical150,CAST,1,1,0.10698897843791909,True,CAST,0
empirical150,CAST,1,2,0.10625881551830715,True,CAST;DHCR24,0;-3.611311
empirical150,CAST,1,5,0.10552612953493261,True,CAST;DHCR24;CASP3;MKI67;KDR,0;-4.1101716;-4.4378372;0.10110449;-3.1225141
empirical150,CAST,1,10,0.10391767844490041,False,CAST;DHCR24;CASP3;MKI67;KDR;MAP1B;DAXX;DHX36;ACAT2;TMSB10,-15.453466;-9.5547792;-4.3654908;-3.535478;-3.9905711;17.941395;-4.3777079;-13.901458;-1.4893564;-4.5966153
empirical150,IDE,0,1,0.07130542826246715,True,IDE,0
empirical150,IDE,0,2,0.0710328986754556,False,IDE;CLDN6,-1.0800294;-2.0589897
empirical150,IDE,0,5,0.07069141355620266,False,IDE;CLDN6;NDUFB4;TFAM;C1QBP,-1.7684712;-1.1885794;2.3825443;-0.96430228;-1.1836682
empirical150,IDE,0,10,0.07055503398046072,False,IDE;CLDN6;NDUFB4;TFAM;C1QBP;KDR;SOX2;CDCA2;INSIG1;NDUFB6,-1.5726543;-1.2759882;3.1281355;-0.82176177;-2.2326124;-1.4337339;1.0970347;-0.0069920928;0.69350965;-1.6336221
empirical150,IDE,1,1,0.0718888683574545,False,IDE,-0.090943742
empirical150,IDE,1,2,0.07155212016889272,False,IDE;CLDN6,-3.7849893;-2.3398324
empirical150,IDE,1,5,0.07132424673437128,False,IDE;CLDN6;DAXX;MKI67;C1QBP,-1.1351452;-2.2263698;-1.1327173;-0.83459443;-1.9697122
empirical150,IDE,1,10,0.07121509494769096,False,IDE;CLDN6;DAXX;MKI67;C1QBP;ACAT2;CDCA2;KDR;CASP3;ARID1A,-4.1221463;-1.8666965;-0.60431837;-1.5175004;-4.5752525;1.5083846;1.1976028;-1.0891531;1.172863;1.1472801
empirical150,MAPKAPK2,0,1,0.0843407918535751,False,MAPKAPK2,-0.18066787
empirical150,MAPKAPK2,0,2,0.08368050085985763,True,MAPKAPK2;CDCA2,0;1.5635241
empirical150,MAPKAPK2,0,5,0.0826448839657681,True,MAPKAPK2;CDCA2;CLDN6;NDUFB4;CASP3,0;0.88801157;-2.1298356;3.5223244;-3.0974124
empirical150,MAPKAPK2,0,10,0.08228785424511141,False,MAPKAPK2;CDCA2;CLDN6;NDUFB4;CASP3;SIX4;WSB2;MAP1B;KDR;TMSB10,-3.7126189;-0.87090924;-1.6719591;4.1266059;-6.7917042;5.2123205;5.090675;1.8213588;0.97989184;1.0104301
empirical150,MAPKAPK2,1,1,0.07879475017293243,False,MAPKAPK2,-1.01379
empirical150,MAPKAPK2,1,2,0.07826777319263321,False,MAPKAPK2;CDCA2,-0.55188355;1.4159839
empirical150,MAPKAPK2,1,5,0.0771810165160332,False,MAPKAPK2;CDCA2;CLDN6;SOX2;INSIG1,-0.48439894;1.0022079;-2.7414846;-1.9603936;1.3470348
empirical150,MAPKAPK2,1,10,0.07699355151739912,False,MAPKAPK2;CDCA2;CLDN6;SOX2;INSIG1;EWSR1;PRR12;CLDN7;TMSB10;TMBIM6,-4.1609873;-0.11070142;-1.6046363;-0.97377723;1.371279;-4.9025302;1.5504565;-1.2253895;0.87905653;-1.7847423
empirical150,PTPN1,0,1,0.06787204163931769,False,PTPN1,-3.9009915
empirical150,PTPN1,0,2,0.06781027360566043,False,PTPN1;MKI67,-5.3278755;-0.42962758
empirical150,PTPN1,0,5,0.067293542955753,False,PTPN1;MKI67;HMGN1;CDCA2;TMSB4X,-7.920038;-1.6402637;1.2260464;1.5885883;1.9639581
empirical150,PTPN1,0,10,0.06698855209152707,False,PTPN1;MKI67;HMGN1;CDCA2;TMSB4X;KDR;DAXX;KDM2B;INSIG1;CASP3,-3.6731988;-0.84664288;1.4577388;0.72154989;3.1441566;0.21659614;-3.6133105;5.6706878;-0.2544964;4.1446576
empirical150,PTPN1,1,1,0.07162454224084776,False,PTPN1,-3.6131584
empirical150,PTPN1,1,2,0.07134996665103842,False,PTPN1;HMGN1,-5.4397533;2.1556574
empirical150,PTPN1,1,5,0.07109085179520985,False,PTPN1;HMGN1;MKI67;CDCA2;KDR,-4.9897321;2.7142576;-3.177493;2.4545073;2.059533
empirical150,PTPN1,1,10,0.07093267658116399,False,PTPN1;HMGN1;MKI67;CDCA2;KDR;PHF10;TMSB4X;KDM2B;ACAT2;SLC25A3,-3.206289;1.5179153;-1.7652663;1.0384392;1.3901406;-2.0661133;1.6014237;1.7748552;-0.93911568;1.6525729
empirical150,KDM2B,0,1,0.11933476644638241,True,KDM2B,0
empirical150,KDM2B,0,2,0.11885616052095196,True,KDM2B;CDCA2,0;-1.5843015
empirical150,KDM2B,0,5,0.11479464014131362,False,KDM2B;CDCA2;CLDN6;TET1;SIX4,-4.6078043;-1.1609457;-8.3894269;6.7221504;-6.5341335
empirical150,KDM2B,0,10,0.1115215838189306,False,KDM2B;CDCA2;CLDN6;TET1;SIX4;MAP1B;TMSB4X;DHCR24;SAFB;CALM3,-12.332783;-2.6703857;-8.8516004;-1.4036019;-15.636695;10.537613;-14.251861;-7.4486896;-20.282333;3.5581862
empirical150,KDM2B,1,1,0.11727882517471264,True,KDM2B,0
empirical150,KDM2B,1,2,0.11597264882848804,True,KDM2B;ACAT2,0;5.0415121
empirical150,KDM2B,1,5,0.11394867925043946,True,KDM2B;ACAT2;SOX2;CDCA2;DHCR24,0;5.767128;-7.3328505;-1.6110544;-3.1473787
empirical150,KDM2B,1,10,0.10982502037753691,False,KDM2B;ACAT2;SOX2;CDCA2;DHCR24;TET1;MAP1B;DHX36;HMGN1;SLC25A3,-4.3038367;-5.5188386;-2.0060818;-3.9454872;-10.180902;3.7413542;20.193981;-29.227624;-7.4651051;9.7020171
empirical150,ATP1B1,0,1,0.07040049947912025,False,ATP1B1,-0.41245486
empirical150,ATP1B1,0,2,0.07017751603151724,True,ATP1B1;CDCA2,0;-0.83569064
empirical150,ATP1B1,0,5,0.06923824076310743,False,ATP1B1;CDCA2;TFAM;CLDN6;ACAT2,-3.7863811;0.58261354;5.0406163;2.4226914;1.5612344
empirical150,ATP1B1,0,10,0.06907365572424415,False,ATP1B1;CDCA2;TFAM;CLDN6;ACAT2;HMGN1;KDR;TMSB4X;CALM3;SOX2,-4.2657755;0.64465854;4.6608628;1.4090918;1.7736387;-2.2163323;-0.86291963;1.3354217;-1.6400563;0.76498642
empirical150,ATP1B1,1,1,0.07429927451603356,True,ATP1B1,0
empirical150,ATP1B1,1,2,0.07401401653185505,True,ATP1B1;CDCA2,0;-1.0079688
empirical150,ATP1B1,1,5,0.07315158154473499,False,ATP1B1;CDCA2;TFAM;HMGN1;KDR,-1.7813918;0.11681811;3.8132526;-2.4397998;-2.2935434
empirical150,ATP1B1,1,10,0.07276902882315034,False,ATP1B1;CDCA2;TFAM;HMGN1;KDR;MKI67;ACAT2;DHX36;CLDN6;TMSB10,-5.7645903;-0.33187014;0.88637645;0.60582177;-2.7466521;0.74798331;3.2007251;8.1437257;2.7903896;-2.1677562
empirical150,KAT2A,0,1,0.2764173683487874,False,KAT2A,-89.263255
empirical150,KAT2A,0,2,0.2732709095225301,False,KAT2A;CDCA2,-147.56374;6.4951409
empirical150,KAT2A,0,5,0.2668736713142888,False,KAT2A;CDCA2;DHCR24;TRAPPC6A;MAP1B,-42.164161;3.1088854;-15.374052;17.508618;-13.411839
empirical150,KAT2A,0,10,0.26059218975485154,True,KAT2A;CDCA2;DHCR24;TRAPPC6A;MAP1B;KDR;PBX1;WSB2;CASP3;TGFBR2,0;3.0261563;-6.7276009;23.325977;-17.96906;7.6682546;-27.876778;18.157883;19.83234;34.919727
empirical150,KAT2A,1,1,0.28854042135182684,False,KAT2A,-75.733562
empirical150,KAT2A,1,2,0.28587933856105846,False,KAT2A;CDCA2,-133.00913;6.4074147
empirical150,KAT2A,1,5,0.2793355094155499,False,KAT2A;CDCA2;DHCR24;ZNF286A;KDR,-79.758292;-0.23995189;-19.479172;-26.860331;12.126774
empirical150,KAT2A,1,10,0.2706673020025534,True,KAT2A;CDCA2;DHCR24;ZNF286A;KDR;PBX1;HMGB2;NDUFB4;MAP1B;WSB2,0;-2.0470121;-11.895383;-17.928871;31.18244;-66.353303;-10.899204;16.326166;-17.501889;13.071912
empirical150,NISCH,0,1,0.11610775054577528,False,NISCH,-3.9020551
empirical150,NISCH,0,2,0.11564352379828335,False,NISCH;KDR,-7.4498455;3.6218431
empirical150,NISCH,0,5,0.11512160261960659,False,NISCH;KDR;ACAT2;SOX2;TMSB4X,-10.546264;3.1981833;-1.993665;-3.5761389;-2.8138259
empirical150,NISCH,0,10,0.11456695987969973,False,NISCH;KDR;ACAT2;SOX2;TMSB4X;MAP1B;ACVR1B;PAGR1;CDCA2;WSB2,-5.0593728;0.85452405;-1.9696403;-0.88052327;-5.195307;4.1089639;-3.3831189;-9.5775587;1.0983012;7.3956655
empirical150,NISCH,1,1,0.08549569844544325,False,NISCH,-3.0586212
empirical150,NISCH,1,2,0.08483327407875801,False,NISCH;KDR,-7.1440762;4.4203141
empirical150,NISCH,1,5,0.08441747210012673,False,NISCH;KDR;SOX2;HMGB2;DHCR24,-9.1012358;5.0863191;-3.6654066;-2.2969968;-0.78541785
empirical150,NISCH,1,10,0.08404642728688336,False,NISCH;KDR;SOX2;HMGB2;DHCR24;NDUFB4;NDUFB6;MKI67;ARID1A;MAP1B,-3.3442406;5.0538158;-4.195284;-1.093616;-0.85636978;-5.5758954;6.4849243;-0.98116747;-3.1822442;2.3061691
empirical150,KDR,0,1,0.07778232307879308,True,KDR,0
empirical150,KDR,0,2,0.07729140885686692,True,KDR;ACAT2,0;-2.2741638
empirical150,KDR,0,5,0.07690809059967162,True,KDR;ACAT2;SOX2;KIF1B;HMGN1,0;-2.570317;-2.0097918;3.794908;-0.99142655
empirical150,KDR,0,10,0.07663738495088819,True,KDR;ACAT2;SOX2;KIF1B;HMGN1;INSIG1;TFAM;CDCA2;TMSB4X;MKI67,0;-1.4205616;-0.85341269;3.7204408;-0.88590064;-3.5685862;-3.9690083;-1.5442265;1.6500211;1.3543694
empirical150,KDR,1,1,0.09936124899400386,True,KDR,0
empirical150,KDR,1,2,0.0990385011524211,True,KDR;ACAT2,0;-2.3108732
empirical150,KDR,1,5,0.098648881417306,True,KDR;ACAT2;PHF10;CDCA2;MKI67,0;-2.7545244;-4.7099471;-2.9460281;2.1157119
empirical150,KDR,1,10,0.09840792210705585,False,KDR;ACAT2;PHF10;CDCA2;MKI67;DHCR24;PMS1;TMSB4X;NDUFB4;KIF1B,-0.090265508;-3.5031839;-6.0490293;-1.5422854;1.0321618;0.026223528;3.245042;3.1189213;-1.5625221;3.8614598
empirical150,WFS1,0,1,0.07335113633757855,True,WFS1,0
empirical150,WFS1,0,2,0.0732169789323773,True,WFS1;SIX4,0;1.7828888
empirical150,WFS1,0,5,0.0728508458674691,True,WFS1;SIX4;MKI67;DHCR24;HMGN1,0;4.7513622;-0.29841712;2.9156413;2.6344163
empirical150,WFS1,0,10,0.07251847966062686,True,WFS1;SIX4;MKI67;DHCR24;HMGN1;MAP1B;DHX36;ACAT2;PHF14;HMGB2,0;7.2248142;-0.12532141;2.724427;4.0744497;-0.40565177;-0.98918568;-0.69676721;-4.6065979;-2.1898895
empirical150,WFS1,1,1,0.07926362587210674,True,WFS1,0
empirical150,WFS1,1,2,0.07909909489499181,True,WFS1;SIX4,0;1.8426364
empirical150,WFS1,1,5,0.07873009931226983,True,WFS1;SIX4;PMS1;DHCR24;TMSB10,0;2.4852061;-3.6090423;2.0375455;1.3211285
empirical150,WFS1,1,10,0.07858945624150786,True,WFS1;SIX4;PMS1;DHCR24;TMSB10;CDCA2;HMGB2;CASP3;KDR;SOX2,0;2.0724046;-4.4006189;1.49989;2.5122854;-0.17871055;-0.91325589;-1.5997514;1.2447898;0.97582999
empirical150,TARBP2,0,1,0.08524229510836746,False,TARBP2,-8.7958329
empirical150,TARBP2,0,2,0.08493976492699265,False,TARBP2;CDCA2,-8.6510793;1.0647886
empirical150,TARBP2,0,5,0.08437793474363174,False,TARBP2;CDCA2;MAP1B;DNMT1;INSIG1,-10.02625;2.4708852;-3.3545046;5.5556714;0.79106959
empirical150,TARBP2,0,10,0.0841934635237779,False,TARBP2;CDCA2;MAP1B;DNMT1;INSIG1;CLDN6;TFAM;KDR;HIRA;ACAT2,-8.817041;2.8639502;-4.4722357;7.3909066;2.9801396;-1.0485619;3.0652146;0.77836877;-2.6547513;-0.98967916
empirical150,TARBP2,1,1,0.08204849535767562,False,TARBP2,-8.9043374
empirical150,TARBP2,1,2,0.08165242813959288,False,TARBP2;CDCA2,-8.6320913;1.2484075
empirical150,TARBP2,1,5,0.08115250657944441,False,TARBP2;CDCA2;TMSB4X;MAP1B;HMGN1,-5.8651403;1.1683167;-2.9804716;-3.4434366;1.7001765
empirical150,TARBP2,1,10,0.08095779403150233,False,TARBP2;CDCA2;TMSB4X;MAP1B;HMGN1;MTA1;RRM1;SOX2;MKI67;CLDN6,-2.8903444;0.50617968;-3.6193703;-2.8682304;0.97347046;-3.3740683;2.8103691;-1.2212113;1.6060349;-0.89011301
empirical150,MAP3K7,0,1,0.07909732573113847,True,MAP3K7,0
empirical150,MAP3K7,0,2,0.07890755752087561,True,MAP3K7;KDR,0;1.6381845
empirical150,MAP3K7,0,5,0.07766602889005511,True,MAP3K7;KDR;ACVR1B;CDCA2;TMSB4X,0;1.6494033;-9.5522436;1.4419137;-3.0964015
empirical150,MAP3K7,0,10,0.07679587552154683,True,MAP3K7;KDR;ACVR1B;CDCA2;TMSB4X;DHCR24;TMSB10;MAP1B;ARID1A;TFAM,0;1.8691101;-5.431656;1.8349782;-6.9936194;-1.0683759;4.609248;-3.1723819;-4.4924118;2.470331
empirical150,MAP3K7,1,1,0.08086793102108664,True,MAP3K7,0
empirical150,MAP3K7,1,2,0.08066040631722378,True,MAP3K7;KDR,0;2.0106843
empirical150,MAP3K7,1,5,0.07902122979722365,False,MAP3K7;KDR;ACVR1B;CDCA2;TMSB4X,-1.4354383;2.2635052;-13.719279;2.2201772;-2.9668507
empirical150,MAP3K7,1,10,0.07831991749435001,False,MAP3K7;KDR;ACVR1B;CDCA2;TMSB4X;SLC25A3;SIX4;MAP1B;DAXX;MKI67,-0.93938975;3.1690172;-12.635163;0.5362881;-3.2718843;3.8339322;1.6638326;-6.3827657;2.4110584;2.2471329
empirical150,HMGN1,0,1,0.07354582809530863,False,HMGN1,-1.974792
empirical150,HMGN1,0,2,0.07305202105640948,False,HMGN1;ARID1A,-1.2063153;4.9087591
empirical150,HMGN1,0,5,0.07274483712763334,False,HMGN1;ARID1A;DHCR24;ACAT2;SLC25A3,-0.51108959;7.1769116;2.4486006;-2.2478485;2.8368043
empirical150,HMGN1,0,10,0.0725474495224952,False,HMGN1;ARID1A;DHCR24;ACAT2;SLC25A3;MKI67;KDR;MTA1;SMARCA5;TET1,-0.10497344;8.5551936;0.9612443;-1.1811645;3.4886264;0.61215497;1.084004;-3.7657234;1.4228598;1.2791147
empirical150,HMGN1,1,1,0.07797183175089982,False,HMGN1,-1.745996
empirical150,HMGN1,1,2,0.07780266779361587,False,HMGN1;DHCR24,-0.84055237;1.673154
empirical150,HMGN1,1,5,0.0771507625974354,True,HMGN1;DHCR24;ARID1A;CASP3;CDCA2,0;2.6015897;4.7887327;2.5984971;0.3621592
empirical150,HMGN1,1,10,0.07681907613150629,False,HMGN1;DHCR24;ARID1A;CASP3;CDCA2;SIX4;ACVR1B;USP22;CALM3;TET1,-2.7666088;1.6678259;1.9766138;2.7212349;0.53779438;-1.860348;4.9372753;7.7097118;4.061759;2.2024164
empirical150,TSC22D4,0,1,0.09614980018381275,True,TSC22D4,0
empirical150,TSC22D4,0,2,0.09519635856261298,True,TSC22D4;TFAM,0;-4.7836721
empirical150,TSC22D4,0,5,0.09446274169018273,False,TSC22D4;TFAM;CLDN6;CDCA2;KDR,-1.8098107;-4.3277043;-3.7632384;-1.3636794;2.4074693
empirical150,TSC22D4,0,10,0.0937924970925407,True,TSC22D4;TFAM;CLDN6;CDCA2;KDR;HMGN1;TMSB10;ACAT2;PBX1;CREG1,0;-2.9936601;-3.5950978;-1.1283696;2.0420457;3.8654276;-2.3394045;1.0053179;6.7649542;4.0347843
empirical150,TSC22D4,1,1,0.07783532179198592,True,TSC22D4,0
empirical150,TSC22D4,1,2,0.0765057447861369,True,TSC22D4;TFAM,0;-4.8317755
empirical150,TSC22D4,1,5,0.07582963159234986,True,TSC22D4;TFAM;CLDN6;CDCA2;KDR,0;-4.3816495;-3.040735;-1.2291425;2.6788782
empirical150,TSC22D4,1,10,0.07485078254666461,True,TSC22D4;TFAM;CLDN6;CDCA2;KDR;SIX4;PBX1;ACAT2;PMS1;SOX2,0;-1.4991695;-4.940016;-0.70591289;2.753337;-2.8506007;11.674276;2.0429336;-3.0407736;2.2655182
empirical150,FOXH1,0,1,0.09861098547087202,False,FOXH1,-0.28053903
empirical150,FOXH1,0,2,0.09826688766733227,False,FOXH1;MKI67,-1.4438429;-1.1195201
empirical150,FOXH1,0,5,0.09588528324756102,True,FOXH1;MKI67;KDR;TET1;CASP3,0;-4.3701455;9.5748548;-7.858855;-6.7384363
empirical150,FOXH1,0,10,0.09484394101320792,True,FOXH1;MKI67;KDR;TET1;CASP3;TFAM;TWF2;MTA1;CALM3;MAPKAPK2,0;-2.9194749;9.6015847;-4.4047891;-10.723196;3.8351368;2.1370681;-6.7632414;5.1044253;4.9743852
empirical150,FOXH1,1,1,0.12281416859739222,False,FOXH1,-0.71343867
empirical150,FOXH1,1,2,0.12263963595508383,False,FOXH1;MKI67,-1.4721704;-0.99415841
empirical150,FOXH1,1,5,0.12074244039094725,False,FOXH1;MKI67;KDR;DAXX;CASP3,-7.0040204;-3.5517117;9.349037;7.456937;-6.3870435
empirical150,FOXH1,1,10,0.11830941170396236,False,FOXH1;MKI67;KDR;DAXX;CASP3;TET1;SIX4;TMSB4X;PBX1;ACAT2,-4.6867696;-6.1879711;18.942301;8.5534434;-11.97648;-21.867393;-4.9194256;-5.8807375;13.019766;2.8273117
empirical150,PAGR1,0,1,0.09597039860894414,True,PAGR1,0
empirical150,PAGR1,0,2,0.09542887831706878,True,PAGR1;KDR,0;-3.0460225
empirical150,PAGR1,0,5,0.0944332504862989,False,PAGR1;KDR;MKI67;ACAT2;DHCR24,-0.050993663;-4.7249318;1.5958437;2.7091687;-1.8039337
empirical150,PAGR1,0,10,0.09337256185093103,True,PAGR1;KDR;MKI67;ACAT2;DHCR24;TET1;NDUFB4;ARID1A;CDCA2;MAPKAPK2,0;-4.2122422;4.3073039;1.4869225;-3.9691415;2.7635494;5.9378284;7.4747031;-4.1335496;-3.5317515
empirical150,PAGR1,1,1,0.10093295014718508,True,PAGR1,0
empirical150,PAGR1,1,2,0.10032894691332436,True,PAGR1;KDR,0;-3.8293928
empirical150,PAGR1,1,5,0.09900393086179733,False,PAGR1;KDR;MKI67;ACAT2;TET1,-4.389089;-11.640073;4.0048163;0.66170053;3.659066
empirical150,PAGR1,1,10,0.09851631816066762,False,PAGR1;KDR;MKI67;ACAT2;TET1;DHCR24;TFAM;TMSB4X;HMGN1;HMGB2,-0.84746481;-10.776665;3.1557548;0.040624559;7.8075035;-1.5338617;1.3951381;2.8422139;-2.6343652;3.28433
empirical150,KLF10,0,1,0.09420918073550283,True,KLF10,0
empirical150,KLF10,0,2,0.09403902308562795,False,KLF10;MKI67,-2.2871222;0.94402109
empirical150,KLF10,0,5,0.0933854548009836,False,KLF10;MKI67;WSB2;KDR;ACAT2,-2.4785571;1.5218646;-6.4583274;-2.7676109;-1.0289157
empirical150,KLF10,0,10,0.09267348750186657,False,KLF10;MKI67;WSB2;KDR;ACAT2;TET1;DHCR24;ACVR1B;TMSB4X;CASP3,-5.2650358;-0.08852213;-9.0241268;-2.0474907;-2.2557864;1.4122952;-2.5148353;5.2035698;3.9509758;-5.5483126
empirical150,KLF10,1,1,0.09215494886456331,False,KLF10,-0.58120917
empirical150,KLF10,1,2,0.09193283703377327,False,KLF10;MKI67,-3.9954434;1.1963754
empirical150,KLF10,1,5,0.09114539667370479,False,KLF10;MKI67;WSB2;KDR;TET1,-2.6648118;2.0824006;-4.6353122;-4.3353538;2.5767273
empirical150,KLF10,1,10,0.09049874364000601,False,KLF10;MKI67;WSB2;KDR;TET1;ACAT2;HMGB2;SIX4;OXCT1;DHCR24,-3.5004518;2.1962931;-4.4262475;-5.9239144;7.5490077;-1.4658156;1.8744789;2.6975064;5.9599144;-1.7757476
empirical150,POLB,0,1,0.07912759581027203,False,POLB,-2.8840095
empirical150,POLB,0,2,0.07896686294136056,False,POLB;CDCA2,-1.7076977;0.78792668
empirical150,POLB,0,5,0.07874714485766132,False,POLB;CDCA2;ACAT2;TFAM;TMSB10,-3.5560501;0.67823013;-2.2161939;-1.8615879;1.956418
empirical150,POLB,0,10,0.07848032812110052,False,POLB;CDCA2;ACAT2;TFAM;TMSB10;CASP3;HMGN1;HMGB2;ACVR1B;DHCR24,-5.5245701;0.9422848;-2.0869717;-3.5251065;2.8094478;4.4327621;3.0512526;-2.1513844;3.1953347;0.86239573
empirical150,POLB,1,1,0.08859964634351543,False,POLB,-1.799803
empirical150,POLB,1,2,0.08852593955465869,False,POLB;CDCA2,-1.0495394;0.58423035
empirical150,POLB,1,5,0.08832757156841586,False,POLB;CDCA2;ACAT2;CASP3;TFAM,-2.2484007;0.70774476;-1.0177044;2.6366668;-1.443317
empirical150,POLB,1,10,0.08814177172529507,False,POLB;CDCA2;ACAT2;CASP3;TFAM;HMGN1;PRR12;ACVR1B;SLC25A3;MAP1B,-2.6928431;-0.50104278;-2.2748939;2.2150217;-1.2165883;0.85755919;3.2178185;3.1018845;3.1582189;2.041192
empirical150,RNF2,0,1,0.21832763255526444,False,RNF2,-0.38113383
empirical150,RNF2,0,2,0.21782630923718216,False,RNF2;MKI67,-3.9690696;2.1926669
empirical150,RNF2,0,5,0.2136555050403454,False,RNF2;MKI67;TMSB4X;ACVR1B;ACAT2,-22.004076;1.0414447;18.68208;25.755159;-4.5734793
empirical150,RNF2,0,10,0.21126474596592426,False,RNF2;MKI67;TMSB4X;ACVR1B;ACAT2;KDR;SOX2;CLDN6;PLCB3;KDM2B,-49.837718;7.3504415;17.314074;24.195079;-4.3577021;-5.3182635;7.294805;-7.0909849;36.704803;-12.040862
empirical150,RNF2,1,1,0.21839614753695455,False,RNF2,-1.34222
empirical150,RNF2,1,2,0.21778021007969572,False,RNF2;MKI67,-4.6516238;2.6441396
empirical150,RNF2,1,5,0.2146880958301815,False,RNF2;MKI67;TMSB4X;ARID1A;KDM2B,-26.108119;6.8549725;11.762643;14.129415;-15.701123
empirical150,RNF2,1,10,0.21295596698073502,False,RNF2;MKI67;TMSB4X;ARID1A;KDM2B;ACAT2;PHF14;CLDN6;CASP3;KDR,-34.708811;10.740802;8.3353121;15.814787;-13.644493;-8.4056415;-14.677046;-3.8843992;10.539026;-7.708781
empirical150,SMARCA5,0,1,0.3232025148622489,False,SMARCA5,-1.1428109
empirical150,SMARCA5,0,2,0.32234916244739503,False,SMARCA5;CLDN6,-1.7886398;-7.4146191
empirical150,SMARCA5,0,5,0.3194511119427608,True,SMARCA5;CLDN6;KDR;TMSB4X;TFAM,0;-0.3871358;8.6064042;17.910642;-12.439465
empirical150,SMARCA5,0,10,0.3135563442982654,True,SMARCA5;CLDN6;KDR;TMSB4X;TFAM;CASP3;MKI67;DHX36;TET1;PAGR1,0;-4.8546763;2.7662853;13.423449;-20.475685;57.340787;6.1298418;-22.851146;18.242701;17.127653
empirical150,SMARCA5,1,1,0.324417947784573,False,SMARCA5,-0.80078949
empirical150,SMARCA5,1,2,0.3231373333096898,False,SMARCA5;TMSB4X,-4.2429194;10.46435
empirical150,SMARCA5,1,5,0.31831164895811265,True,SMARCA5;TMSB4X;TFAM;CASP3;MKI67,0;11.970277;-23.700259;24.56017;4.0827784
empirical150,SMARCA5,1,10,0.31470494210857436,True,SMARCA5;TMSB4X;TFAM;CASP3;MKI67;CLDN7;WSB2;TET1;MAP1B;CLDN6,0;24.504129;-13.547619;36.907201;13.522857;18.386009;14.865311;25.552771;-21.285815;-6.3573739
empirical150,ACAT2,0,1,0.20055984398174112,True,ACAT2,0
empirical150,ACAT2,0,2,0.194372539934334,False,ACAT2;INSIG1,-5.4102631;20.871705
empirical150,ACAT2,0,5,0.19284130917609665,False,ACAT2;INSIG1;CDCA2;TMSB4X;MTA1,-0.8811784;21.141758;3.5934071;8.036838;-9.7939737
empirical150,ACAT2,0,10,0.19203622257277722,True,ACAT2;INSIG1;CDCA2;TMSB4X;MTA1;C1QBP;SOX2;WSB2;TET1;CLDN6,0;19.785522;3.1191416;9.8219053;-10.937115;-4.4152628;5.5524858;5.8194536;6.5156814;-2.8408983
empirical150,ACAT2,1,1,0.19907745169044713,True,ACAT2,0
empirical150,ACAT2,1,2,0.19280334224619014,False,ACAT2;INSIG1,-6.4568942;23.771423
empirical150,ACAT2,1,5,0.19094788666933685,False,ACAT2;INSIG1;TMSB4X;CDCA2;SLC25A3,-6.789119;30.339627;11.75234;1.2812356;-8.7041757
empirical150,ACAT2,1,10,0.18948748055343287,True,ACAT2;INSIG1;TMSB4X;CDCA2;SLC25A3;CASP3;KDR;MTA1;CLDN6;SOX2,0;33.242874;8.1742342;3.4753743;-18.818001;5.7661377;-3.6861333;-18.061872;-9.2539965;2.8462477
empirical150,TRAM2,0,1,0.0766921315036033,False,TRAM2,-0.37331225
empirical150,TRAM2,0,2,0.07666618290904309,False,TRAM2;CDCA2,-1.1686362;0.32849844
empirical150,TRAM2,0,5,0.07624256250991368,False,TRAM2;CDCA2;TMSB4X;HMGB2;TET1,-1.552089;1.0729172;4.3651654;-3.2807805;2.0430718
empirical150,TRAM2,0,10,0.07597695389467371,False,TRAM2;CDCA2;TMSB4X;HMGB2;TET1;DHX36;EWSR1;CLDN6;ACVR1B;PRCP,-4.2028926;1.2401865;5.2119187;-5.0956606;4.0415244;2.136591;2.586397;-1.1308092;2.0518049;-2.3423795
empirical150,TRAM2,1,1,0.07795198971310278,False,TRAM2,-1.4382627
empirical150,TRAM2,1,2,0.0779007202245932,False,TRAM2;CDCA2,-2.4768575;0.48193598
empirical150,TRAM2,1,5,0.0775977313468294,True,TRAM2;CDCA2;DHCR24;ATP1B1;HMGN1,0;0.44033857;-1.5995159;-5.5471229;-1.618604
empirical150,TRAM2,1,10,0.07730397896644604,True,TRAM2;CDCA2;DHCR24;ATP1B1;HMGN1;CASP3;TWF2;ACAT2;MTA1;KDR,0;0.14427301;-4.286363;-6.9370291;-0.077303817;0.55083673;-5.6448414;4.9042132;-7.2300486;1.9226336
empirical150,CAMSAP2,0,1,0.07306642580958497,True,CAMSAP2,0
empirical150,CAMSAP2,0,2,0.07268929486368267,True,CAMSAP2;MKI67,0;-0.99469195
empirical150,CAMSAP2,0,5,0.07218449617843091,False,CAMSAP2;MKI67;TFAM;DHCR24;KDR,-4.6118269;0.05902188;4.7884685;1.117934;-0.9954999
empirical150,CAMSAP2,0,10,0.0719172091637738,False,CAMSAP2;MKI67;TFAM;DHCR24;KDR;PBX1;ACAT2;TMSB10;SOX2;CREG1,-0.20329497;0.13146357;2.9790233;1.9916516;-0.75068294;-3.5819591;-1.4327072;1.9603482;-1.6355818;2.6019573
empirical150,CAMSAP2,1,1,0.07330460352085895,True,CAMSAP2,0
empirical150,CAMSAP2,1,2,0.07266038152971675,True,CAMSAP2;MKI67,0;-1.4594142
empirical150,CAMSAP2,1,5,0.07192649065851436,False,CAMSAP2;MKI67;TFAM;TET1;DHCR24,-1.4454175;-0.79741735;2.589641;-3.1157222;1.5718442
empirical150,CAMSAP2,1,10,0.07165260997578411,True,CAMSAP2;MKI67;TFAM;TET1;DHCR24;TMSB4X;SOX2;CALM3;PRR12;NDUFB4,0;-0.84877061;2.6253;-5.1221477;1.6815461;-2.1026353;-3.0872624;1.5283753;-1.9060659;-2.1302148
empirical150,CDCA2,0,1,0.09009087149814114,False,CDCA2,-0.76781658
empirical150,CDCA2,0,2,0.08920513214748048,False,CDCA2;ACAT2,-1.0332519;-3.3172003
empirical150,CDCA2,0,5,0.08708662284973856,True,CDCA2;ACAT2;NDUFB4;TMSB10;DHCR24,0;-5.7058317;-7.9615035;6.0302697;2.9603377
empirical150,CDCA2,0,10,0.08500709439121533,True,CDCA2;ACAT2;NDUFB4;TMSB10;DHCR24;SIX4;KDM2B;KDR;ARID1A;HMGB2,0;-4.7514828;-5.9312034;5.3311927;2.7095973;7.3461329;10.07992;-3.1140029;-9.6780751;-4.754222
empirical150,CDCA2,1,1,0.09937817415395857,False,CDCA2,-0.96492034
empirical150,CDCA2,1,2,0.09834884939324395,False,CDCA2;ACAT2,-1.2467733;-4.1516205
empirical150,CDCA2,1,5,0.0964572647624092,False,CDCA2;ACAT2;HMGB2;SIX4;TMSB10,-0.36581682;-2.484439;-7.5956676;3.4275855;5.4268658
empirical150,CDCA2,1,10,0.09490757393973882,False,CDCA2;ACAT2;HMGB2;SIX4;TMSB10;TMSB4X;DHCR24;KDM2B;DAXX;PBX1,-1.2302432;-7.8870296;-4.1855154;5.6319512;10.3122;-3.8479616;2.968474;5.475168;-3.0987151;-6.8365227
empirical150,CREG1,0,1,0.07531065056724202,True,CREG1,0
empirical150,CREG1,0,2,0.0748283385052736,False,CREG1;MKI67,-1.5762385;-1.175075
empirical150,CREG1,0,5,0.07407530366909382,False,CREG1;MKI67;CLDN6;MTA1;KDR,-0.94081501;-0.19842564;1.4935196;-3.8940702;-1.280283
empirical150,CREG1,0,10,0.07386401072465773,False,CREG1;MKI67;CLDN6;MTA1;KDR;NDUFB4;SIX4;TET1;ACAT2;ACVR1B,-0.033155086;0.56563868;2.5432852;-3.8116131;-0.79811598;1.8620256;-1.4702673;-1.0584111;0.599092;-1.9717867
empirical150,CREG1,1,1,0.08006997172216038,True,CREG1,0
empirical150,CREG1,1,2,0.07964839933383097,False,CREG1;MKI67,-1.1422779;-1.2677766
empirical150,CREG1,1,5,0.07890444761258482,False,CREG1;MKI67;CLDN6;TET1;DAXX,-2.1445485;-1.1934563;3.4778416;-2.7653638;-1.9893708
empirical150,CREG1,1,10,0.07851188328357718,False,CREG1;MKI67;CLDN6;TET1;DAXX;HMGN1;MTA1;ACAT2;EWSR1;DNMT1,-3.9832241;0.19751799;3.2481214;-0.60465672;0.31339526;2.6438343;-5.5475849;1.7830844;5.2404148;-3.1322642
empirical150,CASP2,0,1,0.07569995098573458,False,CASP2,-2.6067385
empirical150,CASP2,0,2,0.07544453231728251,False,CASP2;MKI67,-2.3329488;0.83451905
empirical150,CASP2,0,5,0.07497979045118856,True,CASP2;MKI67;TFAM;DHCR24;TMSB4X,0;0.67625973;-3.4838246;-1.0147109;1.7970586
empirical150,CASP2,0,10,0.07453429836503908,False,CASP2;MKI67;TFAM;DHCR24;TMSB4X;ARID1A;TET1;TMSB10;SIX4;KDR,-6.3940801;-0.42364933;-4.0977576;-1.0293588;4.2451984;6.2403087;2.3604037;-2.2365386;4.4155153;-1.2073516
empirical150,CASP2,1,1,0.07501960972050281,False,CASP2,-1.5626071
empirical150,CASP2,1,2,0.07473340031349007,False,CASP2;MKI67,-1.3303463;0.98591487
empirical150,CASP2,1,5,0.07426412203213702,True,CASP2;MKI67;TFAM;TMSB4X;ARID1A,0;0.8889956;-2.848223;2.5437147;2.7024922
empirical150,CASP2,1,10,0.07404981444081345,True,CASP2;MKI67;TFAM;TMSB4X;ARID1A;CDCA2;DHCR24;SIX4;NDUFB4;SLC25A3,0;1.9802166;-4.5562975;1.6255793;3.9591196;-2.1623986;-1.2508183;1.3427872;2.1623542;-1.8299738
empirical150,UBE3C,0,1,0.13047981812576348,False,UBE3C,-2.8188591
empirical150,UBE3C,0,2,0.13025258532671172,False,UBE3C;MKI67,-5.0688008;-1.0792231
empirical150,UBE3C,0,5,0.12912469949109512,True,UBE3C;MKI67;MAP1B;TFAM;DHCR24,0;-2.9322609;8.377788;-6.4902887;-4.0000707
empirical150,UBE3C,0,10,0.12709205429429954,False,UBE3C;MKI67;MAP1B;TFAM;DHCR24;TMSB4X;ACAT2;DHX36;INSIG1;RRM1,-11.336658;-6.7399032;12.699859;-4.3399698;-6.4172014;-7.3186526;1.063574;-12.046327;-8.5793976;-9.4393827
empirical150,UBE3C,1,1,0.1286261715048912,False,UBE3C,-2.6187785
empirical150,UBE3C,1,2,0.1284246099351577,False,UBE3C;MKI67,-4.1414199;-1.1081674
empirical150,UBE3C,1,5,0.1274973343794475,False,UBE3C;MKI67;DHCR24;TMSB4X;TFAM,-7.1058935;-3.0796479;-6.0844555;-5.1733869;-2.9413659
empirical150,UBE3C,1,10,0.12521306355031064,False,UBE3C;MKI67;DHCR24;TMSB4X;TFAM;MAP1B;ACAT2;DHX36;HMGN1;DNMT1,-12.09578;-7.300922;-10.594739;-6.8559557;1.1271906;18.386892;-7.1403056;-21.946934;-5.5216167;-6.1265573
empirical150,EIF4B,0,1,0.15698234391464805,False,EIF4B,-3.3721431
empirical150,EIF4B,0,2,0.15638432260394966,True,EIF4B;ACAT2,0;-3.7840575
empirical150,EIF4B,0,5,0.15478574193571223,True,EIF4B;ACAT2;MAP1B;MKI67;KDR,0;-2.518054;-10.528322;0.23498707;3.9568318
empirical150,EIF4B,0,10,0.15182555383348884,False,EIF4B;ACAT2;MAP1B;MKI67;KDR;CLDN6;NDUFB4;TET1;CENPO;PRR12,-0.5973201;-2.019909;-10.891485;-1.3477127;4.847555;0.68369256;-16.942902;-9.8908783;-28.000978;-8.2879168
empirical150,EIF4B,1,1,0.15663977803661341,False,EIF4B,-4.841931
empirical150,EIF4B,1,2,0.1560971769008575,False,EIF4B;RRM1,-3.0062783;-5.7938274
empirical150,EIF4B,1,5,0.15424878313577764,True,EIF4B;RRM1;MKI67;TMSB4X;TET1,0;-11.060116;-3.7373508;-9.4837141;-9.2078748
empirical150,EIF4B,1,10,0.15121771864956804,False,EIF4B;RRM1;MKI67;TMSB4X;TET1;CLDN6;CASP2;KDR;CASP3;MTA1,-2.9691338;-9.6681404;-9.0468601;-13.628481;-24.723348;1.1694196;-18.229262;11.025124;-6.5968283;10.90373
empirical150,STAG2,0,1,0.23442945470302978,False,STAG2,-0.9033872
empirical150,STAG2,0,2,0.2331436039380992,False,STAG2;MKI67,-0.045309051;3.2943615
empirical150,STAG2,0,5,0.22667529317568993,False,STAG2;MKI67;ACAT2;KDR;TET1,-10.708725;8.8949665;1.3472564;-21.879342;14.945239
empirical150,STAG2,0,10,0.21938068811539913,False,STAG2;MKI67;ACAT2;KDR;TET1;HMGB2;ACVR1B;MAP1B;ARID1A;SOX2,-14.988335;-2.0961049;-9.4087459;-9.2536958;14.729485;29.989666;15.073647;-8.8067706;39.766084;-9.498066
empirical150,STAG2,1,1,0.24356333806870883,False,STAG2,-0.69828328
empirical150,STAG2,1,2,0.24232707210693202,False,STAG2;MKI67,-0.14065536;3.6910579
empirical150,STAG2,1,5,0.23732792945939626,True,STAG2;MKI67;ACAT2;HMGB2;SIX4,0;5.3211466;4.2033602;11.25312;-10.706494
empirical150,STAG2,1,10,0.23243933839778763,True,STAG2;MKI67;ACAT2;HMGB2;SIX4;PMS1;KDR;TET1;TMSB4X;DAXX,0;8.852663;-5.7446498;14.562912;3.9845405;18.322868;-24.547713;22.667217;10.639452;-8.5371124
empirical150,HMGB2,0,1,0.11114903485667327,True,HMGB2,0
empirical150,HMGB2,0,2,0.11031910172193164,True,HMGB2;TFAM,0;-4.8015521
empirical150,HMGB2,0,5,0.10916163294072967,True,HMGB2;TFAM;INSIG1;CDCA2;MAP1B,0;-12.781993;-7.1245063;-1.8938969;6.5786741
empirical150,HMGB2,0,10,0.10843892950647058,True,HMGB2;TFAM;INSIG1;CDCA2;MAP1B;C1QBP;TMSB10;DHCR24;NDUFB4;SIX4,0;-12.014118;-5.1006013;-2.4174173;8.0571147;5.6168154;-6.429551;-3.7378356;3.2077153;-3.018241
empirical150,HMGB2,1,1,0.11687250187192338,True,HMGB2,0
empirical150,HMGB2,1,2,0.11604951157224075,True,HMGB2;TFAM,0;-4.6703011
empirical150,HMGB2,1,5,0.11555694321960783,True,HMGB2;TFAM;CDCA2;DHCR24;TMSB10,0;-7.2512612;-2.1662277;-3.8531134;-3.7562777
empirical150,HMGB2,1,10,0.1142481574979134,False,HMGB2;TFAM;CDCA2;DHCR24;TMSB10;MAP1B;SIX4;WSB2;KDM2B;SOX2,-1.4958144;-10.335472;-1.7014212;-7.516048;-3.7354598;8.1549999;-8.2641955;-3.5442923;-5.7432768;4.112337
empirical150,TGFBR2,0,1,0.17869873721588578,False,TGFBR2,-14.89439
empirical150,TGFBR2,0,2,0.17752434955613353,False,TGFBR2;MKI67,-29.30475;3.2312725
empirical150,TGFBR2,0,5,0.16758365346912107,False,TGFBR2;MKI67;DHCR24;SIX4;HMGN1,-75.495682;9.8440436;0.84173739;-26.793995;-14.512438
empirical150,TGFBR2,0,10,0.15525570118630008,False,TGFBR2;MKI67;DHCR24;SIX4;HMGN1;TMSB4X;TMSB10;KDR;WSB2;NDUFB4,-89.32785;10.476561;-2.3196275;-47.246784;-12.656069;39.64838;-20.300085;9.4383312;-29.845219;-12.770709
empirical150,TGFBR2,1,1,0.18338770541223204,False,TGFBR2,-17.965389
empirical150,TGFBR2,1,2,0.1821146632713726,False,TGFBR2;MKI67,-30.641634;3.6614122
empirical150,TGFBR2,1,5,0.17360550880973583,False,TGFBR2;MKI67;DHCR24;SIX4;HMGN1,-71.303813;9.3224892;3.0579709;-19.952215;-11.055926
empirical150,TGFBR2,1,10,0.16501360883601912,False,TGFBR2;MKI67;DHCR24;SIX4;HMGN1;TMSB4X;CDCA2;TMSB10;ACAT2;CASP3,-67.305673;15.261353;-0.58939165;-16.669732;-16.181786;27.928802;-11.500569;-28.576314;9.3575068;-8.9690306
empirical150,ANTXR1,0,1,0.06902566014305976,False,ANTXR1,-5.1841255
empirical150,ANTXR1,0,2,0.0689262307747044,False,ANTXR1;CDCA2,-4.5718214;-0.56219516
empirical150,ANTXR1,0,5,0.06797192959961477,False,ANTXR1;CDCA2;ACAT2;PRR12;C1QBP,-3.5560626;-0.030847129;-0.99426648;-4.8546846;-1.1622885
empirical150,ANTXR1,0,10,0.06780176844125066,False,ANTXR1;CDCA2;ACAT2;PRR12;C1QBP;HMGB2;SIX4;MAP1B;NDUFB6;DHCR24,-1.5070288;-1.010149;-0.75243334;-1.9387687;-1.9954334;2.9796091;2.553727;-1.3615867;1.2062069;0.62705077
empirical150,ANTXR1,1,1,0.07489735366509181,False,ANTXR1,-7.120682
empirical150,ANTXR1,1,2,0.07389307261582354,False,ANTXR1;PRR12,-2.7315712;-6.2221089
empirical150,ANTXR1,1,5,0.07361915338767541,False,ANTXR1;PRR12;MKI67;ACAT2;C1QBP,-4.4441609;-6.1807178;0.14078212;-0.84372972;-1.8938499
empirical150,ANTXR1,1,10,0.07349471830269068,False,ANTXR1;PRR12;MKI67;ACAT2;C1QBP;HMGN1;MAP1B;SIX4;STAT1;KDR,-2.2497383;-7.0527147;0.76311601;0.14780744;-2.0318709;0.87732987;-1.9648757;1.1011118;-3.9353278;-0.98048786
empirical150,MTA1,0,1,0.13473856740125434,True,MTA1,0
empirical150,MTA1,0,2,0.13463283596120135,False,MTA1;CDCA2,-0.61688271;0.85199018
empirical150,MTA1,0,5,0.13341464067274658,True,MTA1;CDCA2;MAP1B;C1QBP;SIX4,0;1.5704115;-8.5288552;2.4586983;2.6475538
empirical150,MTA1,0,10,0.13283492301090835,True,MTA1;CDCA2;MAP1B;C1QBP;SIX4;TFAM;DHCR24;WFS1;HMGB2;KDR,0;0.33984288;-7.7132134;2.3973351;4.1973238;-5.0300201;-3.2811843;13.598151;3.3634121;-2.121005
empirical150,MTA1,1,1,0.11953071078677686,False,MTA1,-2.252596
empirical150,MTA1,1,2,0.11827559836978692,True,MTA1;MAP1B,0;-9.869696
empirical150,MTA1,1,5,0.11738335730080941,True,MTA1;MAP1B;CDCA2;TET1;HMGN1,0;-10.930413;1.0479058;-5.2463221;-3.4132817
empirical150,MTA1,1,10,0.11644957131329829,True,MTA1;MAP1B;CDCA2;TET1;HMGN1;PBX1;KDM2B;PAGR1;DAXX;WSB2,0;-11.901007;0.23887487;-1.8998522;-2.6953299;-13.365973;-4.1271207;5.1564202;-3.3543406;-3.9860644
empirical150,DHCR24,0,1,0.09755664652429692,True,DHCR24,0
empirical150,DHCR24,0,2,0.09364679668497713,False,DHCR24;INSIG1,-0.87639428;9.3846572
empirical150,DHCR24,0,5,0.08938607279159567,True,DHCR24;INSIG1;CLDN7;CDCA2;MAP1B,0;11.398083;-12.388025;-2.5769114;5.7672295
empirical150,DHCR24,0,10,0.08656636306402449,True,DHCR24;INSIG1;CLDN7;CDCA2;MAP1B;CLDN6;ACAT2;TET1;NDUFB6;C1QBP,0;7.6053968;-16.396733;-3.193644;2.8422738;7.40638;10.811356;-8.9844481;-6.5937041;-7.4289281
empirical150,DHCR24,1,1,0.09429220421135148,True,DHCR24,0
empirical150,DHCR24,1,2,0.09150230005209672,False,DHCR24;INSIG1,-0.72172795;8.5568422
empirical150,DHCR24,1,5,0.0883310717509755,True,DHCR24;INSIG1;CLDN7;CDCA2;MAP1B,0;10.643974;-9.577682;-1.9902304;6.1030837
empirical150,DHCR24,1,10,0.08537404393596912,True,DHCR24;INSIG1;CLDN7;CDCA2;MAP1B;MTA1;TET1;CALM3;SIX4;ACAT2,0;13.593672;-2.7513014;-0.71409266;4.4630899;-3.7749676;-11.552563;-18.893824;-0.77638141;9.861608
empirical150,NDUFB4,0,1,0.09914076966744871,True,NDUFB4,0
empirical150,NDUFB4,0,2,0.09888464471428426,True,NDUFB4;CDCA2,0;-1.0567509
empirical150,NDUFB4,0,5,0.09736160395197394,False,NDUFB4;CDCA2;CLDN6;ACAT2;SIX4,-1.920591;-1.4681907;-5.8090693;-2.8062446;-3.4703848
empirical150,NDUFB4,0,10,0.09537640097810385,False,NDUFB4;CDCA2;CLDN6;ACAT2;SIX4;MAP1B;RRM1;INSIG1;SLC25A3;DZIP3,-3.6520486;-3.0197532;-5.9683133;-0.53887393;-10.5086;6.447468;-15.999846;-4.921866;6.8094794;-15.730783
empirical150,NDUFB4,1,1,0.10045255565096954,True,NDUFB4,0
empirical150,NDUFB4,1,2,0.09942397972067017,True,NDUFB4;HMGN1,0;4.7436714
empirical150,NDUFB4,1,5,0.09866664208010026,False,NDUFB4;HMGN1;CDCA2;DHCR24;DAXX,-0.37101539;3.341085;-2.1206673;-4.424951;-4.2965621
empirical150,NDUFB4,1,10,0.09715096337710509,False,NDUFB4;HMGN1;CDCA2;DHCR24;DAXX;MAP1B;DHX36;CASP3;INSIG1;SV2A,-0.39205762;0.95506755;-2.6779237;-3.3235957;-6.3977825;10.993385;-13.625461;3.9516044;-5.6062118;-7.2064594
empirical150,ACVR1B,0,1,0.10755809964967795,True,ACVR1B,0
empirical150,ACVR1B,0,2,0.10738175777367873,True,ACVR1B;MKI67,0;-0.82609095
empirical150,ACVR1B,0,5,0.10648362689536689,True,ACVR1B;MKI67;ACAT2;SIX4;TMSB4X,0;0.48475627;1.1489024;-5.1844287;3.1679381
empirical150,ACVR1B,0,10,0.10320692646001152,True,ACVR1B;MKI67;ACAT2;SIX4;TMSB4X;HMGN1;TMSB10;TGFBR2;WSB2;PAGR1,0;1.2879647;-0.67937449;-13.074047;12.836452;-3.4379934;-5.676758;-15.427475;-13.248782;6.3506626
empirical150,ACVR1B,1,1,0.10111434460692575,True,ACVR1B,0
empirical150,ACVR1B,1,2,0.10019042839316938,True,ACVR1B;SIX4,0;-4.9230321
empirical150,ACVR1B,1,5,0.09885223651549667,True,ACVR1B;SIX4;WSB2;TMSB4X;CDCA2,0;-7.5540443;-7.7324239;5.7279343;1.3863921
empirical150,ACVR1B,1,10,0.0966512420522307,True,ACVR1B;SIX4;WSB2;TMSB4X;CDCA2;ARID1A;TMSB10;CASP3;TET1;ACAT2,0;-4.385259;-9.8002524;11.333347;-2.4643234;5.4481803;-10.934733;-9.4250564;-7.9880354;3.3305669
empirical150,DHX36,0,1,0.3506110233507321,True,DHX36,0
empirical150,DHX36,0,2,0.348966480522063,False,DHX36;KDR,-1.087769;10.176248
empirical150,DHX36,0,5,0.337118415609432,False,DHX36;KDR;MAPKAPK2;HMGB2;CLDN6,-11.775019;15.973033;35.137157;-41.40944;-20.110701
empirical150,DHX36,0,10,0.3330785189085949,False,DHX36;KDR;MAPKAPK2;HMGB2;CLDN6;MKI67;SOX2;MAP1B;TMSB10;SIX4,-47.429363;11.435747;36.024286;-37.395552;-22.541861;-8.8817708;6.3317558;13.791207;-14.520287;32.032746
empirical150,DHX36,1,1,0.35702921499197393,True,DHX36,0
empirical150,DHX36,1,2,0.35338723413579715,True,DHX36;KDR,0;17.66485
empirical150,DHX36,1,5,0.3473366583546187,False,DHX36;KDR;DAXX;ACAT2;MKI67,-25.061798;33.887926;29.612026;-13.491202;-2.6371508
empirical150,DHX36,1,10,0.3397809921851548,False,DHX36;KDR;DAXX;ACAT2;MKI67;CDCA2;NDUFB4;CLDN6;PMS1;PLCB3,-23.280456;42.515148;19.649058;-4.1765072;-19.773241;13.227222;-28.607398;-10.573244;-21.452433;32.76892
empirical150,LZTR1,0,1,0.18227587537689074,True,LZTR1,0
empirical150,LZTR1,0,2,0.18166454645261126,False,LZTR1;MKI67,-27.721653;3.6002809
empirical150,LZTR1,0,5,0.1787255734333571,False,LZTR1;MKI67;CLDN6;TFAM;ACAT2,-37.926909;2.5436664;-7.5629397;-10.300223;-4.504478
empirical150,LZTR1,0,10,0.17492274259974597,False,LZTR1;MKI67;CLDN6;TFAM;ACAT2;NDUFB4;MAP1B;INSIG1;NDUFB6;RRM1,-54.838964;-1.8606015;-11.515582;-26.775898;-1.0008763;-15.482154;13.366432;-15.366134;14.447602;-13.18317
empirical150,LZTR1,1,1,0.19784139594476582,True,LZTR1,0
empirical150,LZTR1,1,2,0.19696475116805737,False,LZTR1;CDCA2,-31.708259;4.9784754
empirical150,LZTR1,1,5,0.19497779903983728,False,LZTR1;CDCA2;CLDN6;TFAM;ACAT2,-30.478615;2.4594501;-7.0314439;-8.8505294;-4.977432
empirical150,LZTR1,1,10,0.19271932626271768,False,LZTR1;CDCA2;CLDN6;TFAM;ACAT2;KDR;WSB2;INSIG1;CENPO;TMSB4X,-8.0630732;-2.6828522;-5.3916518;-10.002749;10.951764;11.526252;11.564486;-22.016197;-14.41216;-3.0488196
empirical150,INSIG1,0,1,0.19195684741975833,True,INSIG1,0
empirical150,INSIG1,0,2,0.1868734543153286,False,INSIG1;TRAPPC6A,-0.37577962;19.895523
empirical150,INSIG1,0,5,0.18416052453457302,True,INSIG1;TRAPPC6A;TET1;DHCR24;MKI67,0;23.907935;-16.601849;9.6482233;1.6214955
empirical150,INSIG1,0,10,0.17994923995158935,False,INSIG1;TRAPPC6A;TET1;DHCR24;MKI67;KDR;ACVR1B;DNMT1;PBX1;WSB2,-5.2923215;15.170063;-10.808853;16.075661;-1.6461231;5.3887636;-9.6463475;-29.827592;-16.424849;9.4649795
empirical150,INSIG1,1,1,0.19939366585949242,True,INSIG1,0
empirical150,INSIG1,1,2,0.1956266037746799,False,INSIG1;TRAPPC6A,-2.0331517;19.44137
empirical150,INSIG1,1,5,0.19065178712736652,True,INSIG1;TRAPPC6A;TET1;DHCR24;KDR,0;23.493001;-26.966993;12.792356;12.500344
empirical150,INSIG1,1,10,0.188454301697356,True,INSIG1;TRAPPC6A;TET1;DHCR24;KDR;CDCA2;TMSB10;WSB2;PBX1;MAP1B,0;18.199215;-21.285189;13.264046;21.360574;-0.96382947;5.8910018;5.099695;-21.036891;-6.6305301
empirical150,LAD1,0,1,0.06800806221416293,True,LAD1,0
empirical150,LAD1,0,2,0.06795021410724722,True,LAD1;MKI67,0;0.37626904
empirical150,LAD1,0,5,0.06759239308700363,False,LAD1;MKI67;TRAPPC6A;TET1;DHCR24,-0.7571702;0.65474161;-2.7249815;-1.6870624;1.0674932
empirical150,LAD1,0,10,0.06748708042162874,False,LAD1;MKI67;TRAPPC6A;TET1;DHCR24;CASP3;PRR12;HMGN1;MAP1B;ACAT2,-0.68817988;1.1207297;-2.4141856;-0.32781831;1.3619311;3.3310081;1.555516;1.1592174;-1.1038078;0.56281002
empirical150,LAD1,1,1,0.06956055007989838,True,LAD1,0
empirical150,LAD1,1,2,0.06934833865996123,True,LAD1;INSIG1,0;-1.924102
empirical150,LAD1,1,5,0.06915198259303994,True,LAD1;INSIG1;MKI67;CLDN6;CASP3,0;-0.59903245;0.69919418;1.1056072;2.2722608
empirical150,LAD1,1,10,0.06895589509131271,False,LAD1;INSIG1;MKI67;CLDN6;CASP3;KDR;WSB2;SOX2;TET1;NDUFB4,-0.70240793;1.3670373;1.2218862;2.4164649;3.0846806;-1.1223161;0.77484194;-1.4089792;-2.1558772;-1.3968185
empirical150,TCF3,0,1,0.087826034837851,False,TCF3,-1.8625367
empirical150,TCF3,0,2,0.0873417338063669,False,TCF3;HMGB2,-1.4682024;-3.863919
empirical150,TCF3,0,5,0.08637259177323145,False,TCF3;HMGB2;ACVR1B;CDCA2;C1QBP,-6.1222589;-3.7334913;-9.2425664;2.0121173;-1.677626
empirical150,TCF3,0,10,0.08562760040591184,False,TCF3;HMGB2;ACVR1B;CDCA2;C1QBP;NDUFB4;TMSB10;MTA1;KDM2B;SIX4,-4.3740085;-1.4266289;-4.5283086;1.2478398;-3.7305645;-2.7137993;4.9734191;-5.3252461;6.8441728;2.4975209
empirical150,TCF3,1,1,0.08207575164272488,False,TCF3,-0.88132119
empirical150,TCF3,1,2,0.0817390962736698,False,TCF3;HMGB2,-0.70365334;-2.8550547
empirical150,TCF3,1,5,0.08022211939391642,False,TCF3;HMGB2;ACVR1B;CDCA2;KDR,-4.3792601;-2.6107694;-12.979948;2.1631783;2.2202571
empirical150,TCF3,1,10,0.07962040270491888,False,TCF3;HMGB2;ACVR1B;CDCA2;KDR;KDM2B;SIX4;ARID1A;NDUFB4;MTA1,-2.9959748;-1.1887665;-9.6835743;1.9114914;0.079840589;5.0699443;1.47086;-4.3811455;-2.4255755;-3.14495
empirical150,DAXX,0,1,0.10199475753558494,False,DAXX,-3.3498776
empirical150,DAXX,0,2,0.10073406186964969,False,DAXX;ARID1A,-2.3163235;-9.0423637
empirical150,DAXX,0,5,0.10027440411013219,False,DAXX;ARID1A;KDR;ACAT2;TMSB10,-3.3791665;-6.6324407;2.8120732;-2.0512927;3.8634764
empirical150,DAXX,0,10,0.09940495101430298,False,DAXX;ARID1A;KDR;ACAT2;TMSB10;DHCR24;MKI67;HIRA;WSB2;CASP3,-2.0681852;-5.9100092;2.2969602;-2.5430885;3.9384655;3.5255453;1.4650955;-8.4985542;7.3265653;6.746338
empirical150,DAXX,1,1,0.10497243330336276,False,DAXX,-2.8064432
empirical150,DAXX,1,2,0.1041435318742028,False,DAXX;CASP3,-6.2085706;6.074325
empirical150,DAXX,1,5,0.10277622756761809,False,DAXX;CASP3;ACVR1B;MKI67;KDR,-7.8290599;5.8060417;-13.567202;1.6104974;2.8490773
empirical150,DAXX,1,10,0.10202634318286286,False,DAXX;CASP3;ACVR1B;MKI67;KDR;TMSB10;CLDN6;ACAT2;TCF3;PBX1,-9.0651835;4.1915953;-9.1363207;1.9167797;2.8367642;5.5228199;1.1808923;-3.8363706;-7.222097;-7.4549525
empirical150,CLDN7,0,1,0.08791790638651874,True,CLDN7,0
empirical150,CLDN7,0,2,0.08773856214107904,True,CLDN7;MKI67,0;-0.75305532
empirical150,CLDN7,0,5,0.08707674521356948,True,CLDN7;MKI67;DHCR24;SOX2;MAP1B,0;-0.47884686;-1.6271949;3.000894;-3.1837724
empirical150,CLDN7,0,10,0.08636019887753556,False,CLDN7;MKI67;DHCR24;SOX2;MAP1B;KDR;SMARCA5;C1QBP;DHX36;TET1,-0.94811544;0.22215145;-1.5695044;1.3234378;-5.6238719;2.5098147;3.5051515;3.1522228;4.0589118;2.0563991
empirical150,CLDN7,1,1,0.08556719267914543,True,CLDN7,0
empirical150,CLDN7,1,2,0.08523837351601556,True,CLDN7;CDCA2,0;-1.161451
empirical150,CLDN7,1,5,0.08468139561439832,True,CLDN7;CDCA2;DHCR24;C1QBP;KDR,0;-1.4230035;-1.8589537;4.4091807;2.9017131
empirical150,CLDN7,1,10,0.0840989785084224,False,CLDN7;CDCA2;DHCR24;C1QBP;KDR;MAP1B;PHF14;RRM1;TET1;CASP3,-4.6532696;-0.13507764;-1.0864459;8.0495854;3.8782459;-4.8395215;4.1763931;3.7677138;5.3854244;3.4482089
empirical150,NIT1,0,1,0.17150768343757652,False,NIT1,-19.280527
empirical150,NIT1,0,2,0.17134481033918994,False,NIT1;MKI67,-13.608525;-1.146921
empirical150,NIT1,0,5,0.1698489231047328,False,NIT1;MKI67;MAP1B;TMSB10;SOX2,-31.027458;2.7954169;-11.013094;7.3264663;3.550454
empirical150,NIT1,0,10,0.1685985019011582,False,NIT1;MKI67;MAP1B;TMSB10;SOX2;INSIG1;SIX4;KDR;EWSR1;RRM1,-33.859795;3.1222022;-15.192231;2.0455863;2.1887003;5.5551256;10.591502;-1.5901475;-8.2483711;13.218956
empirical150,NIT1,1,1,0.17259268744587677,False,NIT1,-18.347626
empirical150,NIT1,1,2,0.17253617577127467,False,NIT1;MKI67,-14.977973;-0.75609988
empirical150,NIT1,1,5,0.17124478397861242,False,NIT1;MKI67;CLDN6;SOX2;MAP1B,-34.835465;1.1467599;-6.9212028;7.8231405;-12.288462
empirical150,NIT1,1,10,0.17036168506925176,False,NIT1;MKI67;CLDN6;SOX2;MAP1B;ACAT2;PAGR1;TMSB10;KDR;TET1,-38.320585;6.6911184;-5.2326116;10.679531;-14.199738;-2.3535752;-8.5187891;8.2649948;-7.4601694;6.6678726
empirical150,PRR12,0,1,0.13766973122662468,False,PRR12,-3.1124511
empirical150,PRR12,0,2,0.13752900952910002,False,PRR12;ACAT2,-3.4450844;-1.632165
empirical150,PRR12,0,5,0.13697344138591538,False,PRR12;ACAT2;KDR;MKI67;TFAM,-7.4771053;-3.225939;-5.0028228;1.6190047;-4.0222705
empirical150,PRR12,0,10,0.1356969052600781,False,PRR12;ACAT2;KDR;MKI67;TFAM;CDCA2;DHCR24;CAST;SOX2;CASP3,-1.3993024;-3.6538514;-5.9925778;3.4890663;-9.4576811;-2.7003854;-0.44113418;22.40132;4.9887602;8.7093057
empirical150,PRR12,1,1,0.13210111003608802,False,PRR12,-2.5328596
empirical150,PRR12,1,2,0.13126769412198586,False,PRR12;CAST,-1.2806595;12.3427
empirical150,PRR12,1,5,0.1309712032895566,False,PRR12;CAST;CDCA2;ACAT2;PHF14,-0.28954733;13.107665;-0.71027142;-2.8642333;-4.0164793
empirical150,PRR12,1,10,0.13042294309657576,True,PRR12;CAST;CDCA2;ACAT2;PHF14;SIX4;KDR;CLDN7;HMGB2;DAXX,0;18.242793;-0.12138495;-5.1555397;-4.9085641;4.529117;-4.1516172;5.7447998;2.7401978;-3.0526905
empirical150,ARID1A,0,1,0.18137389066995216,False,ARID1A,-9.7053663
empirical150,ARID1A,0,2,0.18111030718398455,False,ARID1A;CDCA2,-11.316978;1.5123314
empirical150,ARID1A,0,5,0.17907291109460421,False,ARID1A;CDCA2;KDR;WSB2;ACAT2,-8.7883183;-1.2484218;9.7852577;14.491602;2.4976923
empirical150,ARID1A,0,10,0.17630659441860455,False,ARID1A;CDCA2;KDR;WSB2;ACAT2;TMSB4X;DHCR24;SOX2;C1QBP;MKI67,-11.107251;-0.0430909;8.3043987;16.832105;10.240138;-12.689217;-11.967192;7.2190035;-12.413633;-5.0761337
empirical150,ARID1A,1,1,0.16576571844086793,False,ARID1A,-9.0615366
empirical150,ARID1A,1,2,0.1653925515985833,False,ARID1A;CDCA2,-10.967599;1.8057845
empirical150,ARID1A,1,5,0.16267696956941968,False,ARID1A;CDCA2;DHCR24;KDR;KDM2B,-8.9402871;-2.7378743;-8.3949932;8.9806883;10.573674
empirical150,ARID1A,1,10,0.16021951757001612,True,ARID1A;CDCA2;DHCR24;KDR;KDM2B;ACVR1B;ACAT2;TMSB4X;CLDN7;TET1,0;-2.3326294;-5.3349342;14.965228;3.9013931;-20.699872;7.0350008;-9.1882546;-8.8322377;-8.3252161
empirical150,STX4,0,1,0.09870908834516451,False,STX4,-9.7597196
empirical150,STX4,0,2,0.09845332400648094,False,STX4;MKI67,-8.0959825;0.96800311
empirical150,STX4,0,5,0.09733010965981821,False,STX4;MKI67;ACAT2;CLDN6;TMSB4X,-22.340711;0.80277518;-1.6568979;-3.0230725;4.1608036
empirical150,STX4,0,10,0.09622886981141639,False,STX4;MKI67;ACAT2;CLDN6;TMSB4X;TMSB10;CASP3;SIX4;CDCA2;SOX2,-19.729923;-0.37352262;-0.24080492;-4.3872052;3.3044247;-3.8501783;10.707228;-8.6148324;3.5371277;2.0594055
empirical150,STX4,1,1,0.09978635573992606,False,STX4,-7.5179958
empirical150,STX4,1,2,0.09953180073290213,False,STX4;MKI67,-5.7116877;1.0916729
empirical150,STX4,1,5,0.09768191160452243,False,STX4;MKI67;TMSB4X;INSIG1;CLDN6,-25.281595;1.2190212;4.9448592;-3.7835026;-3.0539849
empirical150,STX4,1,10,0.09680319243399729,False,STX4;MKI67;TMSB4X;INSIG1;CLDN6;ARID1A;CASP3;SIX4;TMSB10;CDCA2,-20.338689;-0.4236879;5.5543794;-1.4603997;-4.6790763;3.8823623;5.6300332;-2.550735;-5.7278259;1.4360818
empirical150,CENPO,0,1,0.09835457826427624,False,CENPO,-1.5377806
empirical150,CENPO,0,2,0.09793771725040577,True,CENPO;MKI67,0;1.2470346
empirical150,CENPO,0,5,0.09678466356527926,True,CENPO;MKI67;ACAT2;KDR;TMSB10,0;1.6295329;2.7171313;-4.4780981;-4.7437503
empirical150,CENPO,0,10,0.09460368980966632,True,CENPO;MKI67;ACAT2;KDR;TMSB10;DHCR24;NDUFB4;CLDN7;RRM1;ACVR1B,0;1.1307348;3.2045023;-1.9945234;-8.9682618;-6.3314866;7.4806386;5.4108396;7.6458012;6.5995246
empirical150,CENPO,1,1,0.10307082168447981,False,CENPO,-0.19274201
empirical150,CENPO,1,2,0.10274231782591543,True,CENPO;MKI67,0;1.2380706
empirical150,CENPO,1,5,0.10105483084943141,True,CENPO;MKI67;ACAT2;ACVR1B;DHCR24,0;-2.5134229;1.239809;16.549446;-3.2394891
empirical150,CENPO,1,10,0.100181395837484,True,CENPO;MKI67;ACAT2;ACVR1B;DHCR24;SIX4;CDCA2;RRM1;NDUFB4;TMSB10,0;0.0020560113;2.7652448;13.887807;-5.5806445;-1.565416;-1.7392447;5.9320264;2.2859377;-5.8841065
empirical150,NRAS,0,1,0.09741956019298738,False,NRAS,-2.9602673
empirical150,NRAS,0,2,0.0972848455641558,False,NRAS;MKI67,-2.82079;0.68773764
empirical150,NRAS,0,5,0.09695933641459377,False,NRAS;MKI67;INSIG1;NDUFB4;TMSB10,-5.6743276;0.90028594;-2.1346896;-2.6759657;1.596721
empirical150,NRAS,0,10,0.09685492232230127,False,NRAS;MKI67;INSIG1;NDUFB4;TMSB10;HMGN1;SIX4;CDCA2;C1QBP;SOX2,-2.1741424;0.24074121;-2.6610779;-1.7607281;2.4978506;-2.5094815;-2.5928775;1.0660065;-1.9580013;0.88485288
empirical150,NRAS,1,1,0.07745088253340687,False,NRAS,-1.797624
empirical150,NRAS,1,2,0.07726638187131273,False,NRAS;CDCA2,-1.4069918;0.83362905
empirical150,NRAS,1,5,0.07667746902065924,True,NRAS;CDCA2;ACAT2;CLDN6;PMS1,0;0.95767373;-2.5462255;0.77184918;3.4935231
empirical150,NRAS,1,10,0.07646749896990943,False,NRAS;CDCA2;ACAT2;CLDN6;PMS1;PAGR1;CASP3;SOX2;TMSB10;DAXX,-1.6723801;0.58749439;-2.7478993;-0.031833302;3.7611159;2.3018882;1.0265075;1.9406361;1.7796991;-2.217363
empirical150,CHMP3,0,1,0.13291370463726754,False,CHMP3,-20.621505
empirical150,CHMP3,0,2,0.13189576366712166,False,CHMP3;TFAM,-19.222628;-5.8251111
empirical150,CHMP3,0,5,0.13026329066440953,True,CHMP3;TFAM;SOX2;MKI67;ACAT2,0;-12.855897;8.8646742;-2.1519927;-3.2731576
empirical150,CHMP3,0,10,0.12810444022747705,True,CHMP3;TFAM;SOX2;MKI67;ACAT2;KDR;WSB2;TET1;KLF10;MAP1B,0;-20.902561;9.2683949;-1.303008;-6.0591082;-4.2978981;-10.080003;-8.1363787;-11.045426;5.8346189
empirical150,CHMP3,1,1,0.13763190392659946,False,CHMP3,-22.238238
empirical150,CHMP3,1,2,0.136802401606694,False,CHMP3;TFAM,-20.761363;-5.1001695
empirical150,CHMP3,1,5,0.13544531843458288,True,CHMP3;TFAM;MKI67;HMGN1;ACAT2,0;-6.8287286;-2.662501;-5.8677296;-3.2409867
empirical150,CHMP3,1,10,0.1330897376438543,False,CHMP3;TFAM;MKI67;HMGN1;ACAT2;SOX2;CLDN6;KDR;WSB2;MAP1B,-0.75549039;-19.754482;-3.3092957;-3.5949502;-11.786489;9.3752994;-3.361562;-10.078161;-7.8546153;11.427648
empirical150,EID2,0,1,0.08388452387001917,True,EID2,0
empirical150,EID2,0,2,0.08312021698339914,True,EID2;TFAM,0;4.0013151
empirical150,EID2,0,5,0.08296610251084104,False,EID2;TFAM;EWSR1;CDCA2;NDUFB4,-0.28782745;4.6080469;3.3361551;0.59592732;1.4431851
empirical150,EID2,0,10,0.08284469112088501,True,EID2;TFAM;EWSR1;CDCA2;NDUFB4;TWF2;TMBIM6;DHCR24;CLDN7;ACAT2,0;3.6513664;2.7872406;0.78936681;4.3378607;-1.6033699;-6.2982127;1.7238936;4.8367076;-1.3260212
empirical150,EID2,1,1,0.07379768368581438,True,EID2,0
empirical150,EID2,1,2,0.0731048844820036,False,EID2;TFAM,-0.23834349;3.4146582
empirical150,EID2,1,5,0.07298224915200278,True,EID2;TFAM;CLDN6;CDCA2;KDM2B,0;2.6883201;0.87354879;0.27277366;-2.0149639
empirical150,EID2,1,10,0.07281841743030182,False,EID2;TFAM;CLDN6;CDCA2;KDM2B;KDR;ARID1A;SIX4;CAST;HMGN1,-2.0966518;1.2268891;0.48858026;-0.0051368747;-2.6843469;-0.34748206;1.986665;0.97895008;-3.3801654;1.2986612
empirical150,UQCRQ,0,1,0.11870711123322718,True,UQCRQ,0
empirical150,UQCRQ,0,2,0.11823157956114606,False,UQCRQ;MKI67,-1.4699368;-1.5144027
empirical150,UQCRQ,0,5,0.11556249123891932,False,UQCRQ;MKI67;CLDN6;ACAT2;MAP1B,-7.4216035;-3.7678617;-7.562298;-4.124532;5.5780071
empirical150,UQCRQ,0,10,0.11292426160001172,False,UQCRQ;MKI67;CLDN6;ACAT2;MAP1B;DHX36;KDR;INSIG1;RRM1;SLC25A3,-5.3866778;-5.5166868;-5.7765725;-1.911447;11.577707;-16.031841;1.1450205;-10.546617;-10.456432;6.7758316
empirical150,UQCRQ,1,1,0.12043730298940458,True,UQCRQ,0
empirical150,UQCRQ,1,2,0.11837326658809949,True,UQCRQ;CLDN6,0;-6.8677184
empirical150,UQCRQ,1,5,0.11641141592042568,False,UQCRQ;CLDN6;CDCA2;ACAT2;TMSB10,-16.394489;-6.5297396;-1.3114875;-8.1253059;10.471069
empirical150,UQCRQ,1,10,0.1145910409973721,False,UQCRQ;CLDN6;CDCA2;ACAT2;TMSB10;DAXX;MAP1B;WSB2;SAFB;DHCR24,-11.955889;-2.113235;-3.9011332;-3.7100218;9.410629;-9.2989138;10.061703;5.6828103;-7.2147644;-6.0653951
empirical150,ZNF426,0,1,0.08262510094054211,True,ZNF426,0
empirical150,ZNF426,0,2,0.08188519510104077,True,ZNF426;HMGN1,0;-3.8244644
empirical150,ZNF426,0,5,0.08164421760691376,True,ZNF426;HMGN1;NDUFB4;CDCA2;MKI67,0;-3.087985;-2.2819668;-1.5523246;1.3617402
empirical150,ZNF426,0,10,0.08151058413782968,True,ZNF426;HMGN1;NDUFB4;CDCA2;MKI67;TMSB10;KDR;INSIG1;TMBIM6;ACAT2,0;-1.8972058;-2.4357992;-0.84128537;0.96749067;0.61140358;0.98349252;-2.0134378;2.6083633;1.0953067
empirical150,ZNF426,1,1,0.0737385920925217,True,ZNF426,0
empirical150,ZNF426,1,2,0.07282883487626797,True,ZNF426;HMGN1,0;-3.8201062
empirical150,ZNF426,1,5,0.07257477307021756,False,ZNF426;HMGN1;INSIG1;CLDN7;MKI67,-0.44808669;-2.8572669;-1.8834645;2.5133655;0.5875972
empirical150,ZNF426,1,10,0.07237345286615199,False,ZNF426;HMGN1;INSIG1;CLDN7;MKI67;CDCA2;TMSB4X;SMARCA4;KDR;DHX36,-4.7550093;-2.0913242;-1.2742424;0.75642619;0.30645251;-0.11979405;-1.4367438;2.789488;1.6564523;4.4978764
empirical150,BIRC2,0,1,0.13354607859921785,False,BIRC2,-6.5862517
empirical150,BIRC2,0,2,0.13178705729419785,True,BIRC2;ACAT2,0;5.714866
empirical150,BIRC2,0,5,0.12788533524071147,False,BIRC2;ACAT2;MKI67;ACVR1B;HMGB2,-11.811623;1.653258;-3.3038748;20.770869;7.8260697
empirical150,BIRC2,0,10,0.12432257062670861,True,BIRC2;ACAT2;MKI67;ACVR1B;HMGB2;SIX4;ARID1A;HMGN1;MAP1B;NDUFB4,0;-4.1131382;-3.8944401;13.801324;15.354526;-10.173914;16.79623;-8.3940172;6.9641395;8.136781
empirical150,BIRC2,1,1,0.1290557269464036,False,BIRC2,-6.9349774
empirical150,BIRC2,1,2,0.1271694789197515,True,BIRC2;ACAT2,0;6.4469042
empirical150,BIRC2,1,5,0.12182873285901993,False,BIRC2;ACAT2;ACVR1B;CDCA2;TMSB4X,-12.372059;3.7589503;31.594782;-4.0812487;7.2920169
empirical150,BIRC2,1,10,0.1193734187208074,False,BIRC2;ACAT2;ACVR1B;CDCA2;TMSB4X;SIX4;DHCR24;MAP1B;MKI67;HMGB2,-11.109892;-0.35515936;40.238116;2.4896428;0.61049591;-10.169991;-5.5760826;12.361553;-10.10831;4.3529811
empirical150,PLCB3,0,1,0.07340025285994665,True,PLCB3,0
empirical150,PLCB3,0,2,0.07230413686178067,True,PLCB3;ACAT2,0;-3.2935635
empirical150,PLCB3,0,5,0.07126512016616683,True,PLCB3;ACAT2;TET1;CDCA2;DHCR24,0;-2.4244019;-5.7176617;0.88032976;2.3331084
empirical150,PLCB3,0,10,0.0707784464508831,False,PLCB3;ACAT2;TET1;CDCA2;DHCR24;PAGR1;HMGN1;TMSB4X;KDM2B;MKI67,-1.466555;-1.5098338;-3.6518127;2.2933903;2.0004942;3.8666128;3.0995268;-3.8462746;-5.6729042;-1.9085121
empirical150,PLCB3,1,1,0.07902520671404516,True,PLCB3,0
empirical150,PLCB3,1,2,0.07739480652474173,True,PLCB3;ACAT2,0;-4.6115906
empirical150,PLCB3,1,5,0.07594247521010186,False,PLCB3;ACAT2;TET1;CDCA2;CLDN6,-2.8664013;-1.537678;-7.695767;1.0281916;2.8788819
empirical150,PLCB3,1,10,0.07546706797025027,False,PLCB3;ACAT2;TET1;CDCA2;CLDN6;SIX4;TMSB4X;HMGN1;HMGB2;KDM2B,-4.2991848;-0.47819949;-8.5277277;1.1299837;2.0835972;-1.2974227;-3.3184792;3.1489734;-2.8620485;-2.8505935
empirical150,TFAM,0,1,0.15449993086316788,False,TFAM,-4.9969675
empirical150,TFAM,0,2,0.1534439883176752,False,TFAM;TMSB4X,-8.0960968;7.2962756
empirical150,TFAM,0,5,0.14906178032411677,False,TFAM;TMSB4X;MAP1B;MKI67;INSIG1,-23.939099;6.0920357;18.791175;-3.6533011;-14.610557
empirical150,TFAM,0,10,0.1474469454570182,False,TFAM;TMSB4X;MAP1B;MKI67;INSIG1;KDR;SOX2;HMGN1;CLDN6;DHCR24,-30.900115;3.619926;23.024171;-3.6850737;-10.290518;-3.4764266;3.4547202;8.3544722;9.9154709;-7.8370276
empirical150,TFAM,1,1,0.14616607494743222,False,TFAM,-4.6327027
empirical150,TFAM,1,2,0.14504326263012546,False,TFAM;DHCR24,-7.7184863;-5.8133988
empirical150,TFAM,1,5,0.1409865700304928,False,TFAM;DHCR24;CDCA2;MAP1B;INSIG1,-26.104187;-7.0806121;-5.1985414;20.89383;-13.691819
empirical150,TFAM,1,10,0.13884138663436765,False,TFAM;DHCR24;CDCA2;MAP1B;INSIG1;KDR;HMGN1;SOX2;SAFB;HMGB2,-34.810721;-2.9707925;-3.3261066;26.457554;-21.834026;-9.4215547;5.9725205;7.7179613;-12.273976;3.2929481
empirical150,PMS1,0,1,0.07195046044320164,False,PMS1,-0.025567211
empirical150,PMS1,0,2,0.07169175463869762,False,PMS1;CLDN6,-1.4054443;2.0656302
empirical150,PMS1,0,5,0.07144252750417669,False,PMS1;CLDN6;TET1;CDCA2;MTA1,-4.527307;2.5379301;2.3337873;-0.27142793;1.5509204
empirical150,PMS1,0,10,0.07134440741527194,False,PMS1;CLDN6;TET1;CDCA2;MTA1;KDR;TFAM;DHCR24;MKI67;PRR12,-4.7981352;3.9648196;0.77825638;-1.6636073;1.9274873;0.26256773;-2.6525687;-1.1542986;1.0495567;-1.0958073
empirical150,PMS1,1,1,0.09077995885330851,False,PMS1,-0.21742359
empirical150,PMS1,1,2,0.0905703979899819,False,PMS1;DHCR24,-2.1648642;2.0446291
empirical150,PMS1,1,5,0.09039975725601053,False,PMS1;DHCR24;KDR;CDCA2;CASP3,-2.677155;1.0318085;2.2578443;-1.0810875;-1.5339846
empirical150,PMS1,1,10,0.09019729914309058,False,PMS1;DHCR24;KDR;CDCA2;CASP3;CLDN6;MTA1;TFAM;TMSB10;SIX4,-6.5809224;0.077656045;1.9974728;-1.718259;-0.062376772;3.046988;5.2779065;-1.1856229;-1.2336431;-0.76622547
empirical150,ZNF286A,0,1,0.07257571936684497,False,ZNF286A,-0.77011256
empirical150,ZNF286A,0,2,0.07202195670684323,False,ZNF286A;MKI67,-0.11054163;-1.2088482
empirical150,ZNF286A,0,5,0.07150401579332748,True,ZNF286A;MKI67;HMGB2;TFAM;CLDN6,0;-1.3517841;4.6384019;0.72111014;1.2455847
empirical150,ZNF286A,0,10,0.07136652979821492,True,ZNF286A;MKI67;HMGB2;TFAM;CLDN6;TMSB4X;ACAT2;EWSR1;INSIG1;CASP3,0;-0.55919207;3.3403595;0.75028983;1.1877634;1.9837288;-0.13113637;2.2044941;1.6355437;1.2667271
empirical150,ZNF286A,1,1,0.07688064937517991,False,ZNF286A,-1.3427809
empirical150,ZNF286A,1,2,0.07621840821427328,False,ZNF286A;CDCA2,-1.5405247;-1.5610204
empirical150,ZNF286A,1,5,0.0757664080660888,True,ZNF286A;CDCA2;HMGB2;KDR;ACAT2,0;-1.2845672;2.7110833;-1.2117217;0.50227933
empirical150,ZNF286A,1,10,0.07558968912741343,True,ZNF286A;CDCA2;HMGB2;KDR;ACAT2;NDUFB4;SOX2;TET1;CASP3;DNMT1,0;-1.0038143;2.5421295;-2.9668899;-0.29753407;1.8153007;1.9173051;2.5569405;1.1778079;-2.0496844
empirical150,GSK3B,0,1,0.19324572522827604,False,GSK3B,-5.5728533
empirical150,GSK3B,0,2,0.1925564116234917,False,GSK3B;ACAT2,-5.478733;-4.2500157
empirical150,GSK3B,0,5,0.19038450492570483,True,GSK3B;ACAT2;ACVR1B;TMSB4X;MAP1B,0;-4.7664328;-16.589822;-7.8111438;7.9694148
empirical150,GSK3B,0,10,0.18875626046030877,False,GSK3B;ACAT2;ACVR1B;TMSB4X;MAP1B;ARID1A;KDR;CDCA2;MKI67;WSB2,-14.211202;-2.5964791;-8.292346;-13.128768;15.627131;-18.070358;-2.4493153;7.8456842;-5.1553765;11.526128
empirical150,GSK3B,1,1,0.18098242332344594,False,GSK3B,-5.2973872
empirical150,GSK3B,1,2,0.18023865049609267,False,GSK3B;ACAT2,-4.9845347;-4.7363005
empirical150,GSK3B,1,5,0.1781044109789115,True,GSK3B;ACAT2;MKI67;ACVR1B;TMSB4X,0;-3.695176;1.5652362;-22.27984;-5.4807166
empirical150,GSK3B,1,10,0.17644841217539534,True,GSK3B;ACAT2;MKI67;ACVR1B;TMSB4X;SIX4;DAXX;MAP1B;CDCA2;HMGB2,0;-7.8544569;-11.862705;-22.783684;-11.414312;1.899541;-5.7870407;17.164258;9.5842003;5.918126
empirical150,LRPPRC,0,1,0.1561016024160009,False,LRPPRC,-0.70737394
empirical150,LRPPRC,0,2,0.15182830110226037,False,LRPPRC;TFAM,-2.6087013;-12.871781
empirical150,LRPPRC,0,5,0.14799494047855716,True,LRPPRC;TFAM;MAP1B;MKI67;DHCR24,0;-21.152796;16.655463;-3.0455624;-8.0822676
empirical150,LRPPRC,0,10,0.14416654012659272,True,LRPPRC;TFAM;MAP1B;MKI67;DHCR24;ACAT2;SIX4;CLDN6;HMGB2;HMGN1,0;-32.557107;23.094479;-4.0311032;-17.359287;-2.867365;-4.4515277;20.20056;11.851355;7.4290382
empirical150,LRPPRC,1,1,0.1514153865853441,True,LRPPRC,0
empirical150,LRPPRC,1,2,0.15058405765872723,True,LRPPRC;MKI67,0;2.3847136
empirical150,LRPPRC,1,5,0.14379647413093602,True,LRPPRC;MKI67;TFAM;HMGN1;MAP1B,0;-0.94891682;-16.97672;6.8066002;16.429881
empirical150,LRPPRC,1,10,0.13971330293193965,True,LRPPRC;MKI67;TFAM;HMGN1;MAP1B;DHCR24;CLDN6;DAXX;SIX4;HMGB2,0;-4.9967268;-21.253678;6.0344084;29.694717;-18.689704;15.233838;-11.845713;-6.1356408;6.5970492
empirical150,CASP3,0,1,0.22707598313794572,False,CASP3,-9.4266274
empirical150,CASP3,0,2,0.22163760687893624,True,CASP3;TFAM,0;-19.047408
empirical150,CASP3,0,5,0.21717206679428483,True,CASP3;TFAM;TMSB10;CDCA2;MAP1B,0;-22.467052;-12.885055;-5.1996304;15.862656
empirical150,CASP3,0,10,0.21052258207177696,True,CASP3;TFAM;TMSB10;CDCA2;MAP1B;DHCR24;CLDN6;NDUFB4;SOX2;ARID1A,0;-40.626892;-23.269769;-13.463274;25.971695;-20.442659;7.9154649;22.750892;8.2853835;17.739082
empirical150,CASP3,1,1,0.25347846608145785,False,CASP3,-8.5917623
empirical150,CASP3,1,2,0.25050074925545973,False,CASP3;KDR,-3.5979915;14.043414
empirical150,CASP3,1,5,0.24604712451575717,True,CASP3;KDR;TFAM;CDCA2;TMSB10,0;8.1162619;-14.332898;-4.229439;-12.743114
empirical150,CASP3,1,10,0.23895041912606732,True,CASP3;KDR;TFAM;CDCA2;TMSB10;DHCR24;MAP1B;PHF14;CLDN6;NDUFB4,0;-0.32517036;-22.770764;-10.161479;-29.258858;-23.381078;35.771145;-26.891388;12.298837;7.8646138
empirical150,MAST2,0,1,0.07498524200759552,False,MAST2,-14.649601
empirical150,MAST2,0,2,0.07473707354452401,False,MAST2;TMSB10,-12.39803;2.2116073
empirical150,MAST2,0,5,0.07393793951320882,False,MAST2;TMSB10;KDR;ACAT2;DHCR24,-8.3847452;5.9159837;3.6184124;-1.9509602;1.7679397
empirical150,MAST2,0,10,0.0735526510416945,False,MAST2;TMSB10;KDR;ACAT2;DHCR24;MAP1B;SLC25A3;ACVR1B;MKI67;HMGN1,-7.2374214;4.6761429;2.3359949;-2.9893577;2.5258064;2.8753862;3.6476325;-3.8328563;0.83757542;-1.4776298
empirical150,MAST2,1,1,0.07734334152670386,False,MAST2,-13.939794
empirical150,MAST2,1,2,0.077027982391187,False,MAST2;TMSB10,-11.120114;2.759153
empirical150,MAST2,1,5,0.07599838698528767,False,MAST2;TMSB10;KDR;ACAT2;DHCR24,-4.666368;8.365257;5.153289;-2.8488741;2.1832415
empirical150,MAST2,1,10,0.07565618146506826,False,MAST2;TMSB10;KDR;ACAT2;DHCR24;SOX2;CASP3;KDM2B;CDCA2;SLC25A3,-0.28105981;7.370672;5.0157496;-3.7852729;3.152502;-1.7836091;2.7082435;2.4373947;0.19157988;3.0744703
empirical150,HAT1,0,1,0.1021552207481304,True,HAT1,0
empirical150,HAT1,0,2,0.10100572644850761,False,HAT1;MKI67,-11.381627;-3.7633234
empirical150,HAT1,0,5,0.10007974155501152,False,HAT1;MKI67;ACAT2;TMSB10;KDM2B,-12.834916;-3.8023647;-4.2061744;4.2380954;5.9277703
empirical150,HAT1,0,10,0.09902233200347832,False,HAT1;MKI67;ACAT2;TMSB10;KDM2B;KDR;TET1;NDUFB4;CLDN6;INSIG1,-11.432612;-5.0110542;0.11574299;0.81438807;14.315945;4.5121997;-5.5488039;6.1583247;1.6355684;-5.1941977
empirical150,HAT1,1,1,0.10640333251644626,False,HAT1,-0.43104387
empirical150,HAT1,1,2,0.10554806797181657,False,HAT1;MKI67,-11.274979;-3.8067346
empirical150,HAT1,1,5,0.1040701599850206,False,HAT1;MKI67;ACAT2;CDCA2;ACVR1B,-15.029435;-5.4947958;-1.5196913;3.3350981;-11.710415
empirical150,HAT1,1,10,0.10291394075979103,False,HAT1;MKI67;ACAT2;CDCA2;ACVR1B;TMSB4X;KDR;SIX4;DHCR24;TET1,-15.232545;-7.4104925;0.80664403;2.1269873;-7.5827737;-5.6990095;9.2934854;-6.505097;-2.5856993;-10.91465
empirical150,MAU2,0,1,0.31839765857728947,False,MAU2,-88.871225
empirical150,MAU2,0,2,0.31690744014669303,False,MAU2;MKI67,-74.19167;4.1428395
empirical150,MAU2,0,5,0.3125367397564047,False,MAU2;MKI67;CLDN6;KDR;TET1,-110.09707;6.9570547;-11.411958;-15.451264;10.970515
empirical150,MAU2,0,10,0.30801416229412987,True,MAU2;MKI67;CLDN6;KDR;TET1;MAP1B;HMGB2;DHCR24;C1QBP;ACAT2,0;4.9307707;16.870003;-12.574849;10.120641;-18.84103;27.985409;-20.500017;-17.683821;11.595853
empirical150,MAU2,1,1,0.33017666633099285,False,MAU2,-58.229986
empirical150,MAU2,1,2,0.32917680466974214,False,MAU2;MKI67,-55.395261;3.8649628
empirical150,MAU2,1,5,0.3242547040838729,False,MAU2;MKI67;CLDN6;DHX36;HMGB2,-20.968479;3.2525217;-3.6846871;-15.4751;14.397796
empirical150,MAU2,1,10,0.32053140464734975,True,MAU2;MKI67;CLDN6;DHX36;HMGB2;DHCR24;SIX4;MAP1B;CDCA2;KDR,0;21.786599;1.2578851;-38.015572;17.285902;-6.862841;21.36846;-23.899401;-18.572701;-8.2052913
empirical150,SMARCA4,0,1,0.5156787801084894,True,SMARCA4,0
empirical150,SMARCA4,0,2,0.5130862769115536,True,SMARCA4;MKI67,0;6.9289725
empirical150,SMARCA4,0,5,0.5053686866861722,True,SMARCA4;MKI67;ACAT2;NDUFB4;TET1,0;8.6219837;10.11721;28.634184;16.241248
empirical150,SMARCA4,0,10,0.49492437742872647,False,SMARCA4;MKI67;ACAT2;NDUFB4;TET1;DHCR24;TMSB10;RRM1;HMGN1;TWF2,-13.704396;5.7644458;32.196909;38.554063;19.133982;-39.320438;-36.455819;57.940744;-11.409196;-27.050926
empirical150,SMARCA4,1,1,0.52176699106508,True,SMARCA4,0
empirical150,SMARCA4,1,2,0.5188170559373095,True,SMARCA4;MKI67,0;8.3375973
empirical150,SMARCA4,1,5,0.506541445867324,False,SMARCA4;MKI67;ACAT2;DHCR24;TMSB10,-10.261462;-7.3784713;52.83424;-40.583539;-59.160648
empirical150,SMARCA4,1,10,0.49678332796635943,True,SMARCA4;MKI67;ACAT2;DHCR24;TMSB10;NDUFB4;RRM1;KDM2B;TET1;PAGR1,0;0.38406228;45.842253;-46.427605;-54.868013;23.873165;27.612082;-46.399848;45.0915;20.229805
empirical150,TWF2,0,1,0.09012661730222907,True,TWF2,0
empirical150,TWF2,0,2,0.09005495552553634,False,TWF2;MKI67,-1.0515752;-0.62877558
empirical150,TWF2,0,5,0.08954413288486254,True,TWF2;MKI67;ACAT2;KDR;SIX4,0;-0.36496451;-1.4665488;-2.0513416;2.2348887
empirical150,TWF2,0,10,0.08943923094037559,False,TWF2;MKI67;ACAT2;KDR;SIX4;TMSB4X;DHCR24;TMSB10;CLDN7;NDUFB6,-1.9303025;-0.54633005;-1.8832001;-2.0480088;2.5486297;-0.11294164;1.6537543;2.5053837;-2.2297173;-1.1772731
empirical150,TWF2,1,1,0.07183784583999583,True,TWF2,0
empirical150,TWF2,1,2,0.0713748709163779,True,TWF2;TFAM,0;2.7467446
empirical150,TWF2,1,5,0.07119376000544997,True,TWF2;TFAM;MKI67;CLDN7;KDR,0;2.1428836;-0.20682894;-1.3754472;-1.3209017
empirical150,TWF2,1,10,0.07090285599844791,False,TWF2;TFAM;MKI67;CLDN7;KDR;SIX4;CALM3;INSIG1;TMSB10;PAGR1,-0.58412137;0.679184;0.56320623;0.81305924;-3.5793768;2.1958033;-5.3758932;1.2741735;3.1064357;-1.1506527
empirical150,IRF3,0,1,0.09259966075394678,False,IRF3,-2.0635058
empirical150,IRF3,0,2,0.0925293485599165,False,IRF3;MKI67,-1.9353974;0.48453969
empirical150,IRF3,0,5,0.09212972642233994,False,IRF3;MKI67;TET1;NDUFB4;CLDN6,-5.1924093;0.15955506;2.7129321;-2.8324895;-1.3733863
empirical150,IRF3,0,10,0.09202126560207764,False,IRF3;MKI67;TET1;NDUFB4;CLDN6;DHCR24;CDCA2;KDR;EWSR1;TMSB10,-3.8686933;-1.2068409;1.4883534;-3.222603;-1.9824602;1.3104929;0.96056523;0.30924749;-2.3925449;-1.1354619
empirical150,IRF3,1,1,0.07362420239224687,False,IRF3,-0.96647555
empirical150,IRF3,1,2,0.07352585020277555,False,IRF3;MKI67,-0.91228428;0.57263714
empirical150,IRF3,1,5,0.07317080752690275,False,IRF3;MKI67;TET1;CLDN6;NDUFB4,-3.3340877;0.22328244;2.5992062;-1.4965036;-1.79293
empirical150,IRF3,1,10,0.07305400482184285,False,IRF3;MKI67;TET1;CLDN6;NDUFB4;CDCA2;PRR12;CASP3;SLC25A3;TMSB4X,-2.1855111;-1.6548934;1.7734152;-1.945564;-1.3331104;1.823553;-2.7143262;-1.0644255;-2.4389375;-1.0217187
empirical150,MKI67,0,1,0.0756189528991506,True,MKI67,0
empirical150,MKI67,0,2,0.07480270990313795,False,MKI67;DHCR24,-0.32061349;-3.3659706
empirical150,MKI67,0,5,0.07343157594829984,False,MKI67;DHCR24;ARID1A;TET1;TMSB4X,-0.28386409;-1.33204;7.5719634;-2.8406712;1.5670155
empirical150,MKI67,0,10,0.07325889132162154,False,MKI67;DHCR24;ARID1A;TET1;TMSB4X;SOX2;CDCA2;CLDN6;KDR;RRM1,-1.007101;-2.0745459;4.08256;-1.6050182;1.9846531;1.3889645;2.2382348;1.5528996;-0.58803913;2.9382744
empirical150,MKI67,1,1,0.09225340170107725,True,MKI67,0
empirical150,MKI67,1,2,0.09084778179780019,True,MKI67;TET1,0;-6.0387128
empirical150,MKI67,1,5,0.09000900537972298,False,MKI67;TET1;ARID1A;CLDN6;CDCA2,-0.010211136;-6.7629717;5.4188683;0.93364025;0.21145766
empirical150,MKI67,1,10,0.08984698983775292,False,MKI67;TET1;ARID1A;CLDN6;CDCA2;HMGB2;DHCR24;RRM1;TWF2;C1QBP,-1.0185802;-6.3919247;2.2976907;1.2734865;1.3082978;1.4112912;-0.45316984;2.4668261;-5.271391;1.227488
empirical150,AKT2,0,1,0.12116740644689077,False,AKT2,-2.2359563
empirical150,AKT2,0,2,0.11999000153810768,True,AKT2;CLDN6,0;5.4248106
empirical150,AKT2,0,5,0.11945697631754688,False,AKT2;CLDN6;MKI67;CDCA2;ARID1A,-2.0758361;4.3486118;3.6281358;-3.3309213;4.2726421
empirical150,AKT2,0,10,0.11908183824937,True,AKT2;CLDN6;MKI67;CDCA2;ARID1A;NDUFB4;TMSB10;CASP3;TET1;DHCR24,0;3.0418947;2.5700819;-2.1874656;7.4221996;2.8990397;-1.481682;5.5995564;3.4851886;0.84128229
empirical150,AKT2,1,1,0.1225648062863559,False,AKT2,-2.9663609
empirical150,AKT2,1,2,0.12154846209462271,False,AKT2;CLDN6,-0.19311016;5.0480801
empirical150,AKT2,1,5,0.12127648450230158,False,AKT2;CLDN6;MKI67;CASP3;SIX4,-3.9006003;5.0239256;2.1098347;3.6316635;-2.4533074
empirical150,AKT2,1,10,0.12076871300070521,False,AKT2;CLDN6;MKI67;CASP3;SIX4;ARID1A;SOX2;CDCA2;MAP1B;TET1,-2.7789489;3.7001794;4.7633168;4.9820462;1.3076716;6.638738;-3.8166801;-3.737082;-4.9380475;2.1001872
empirical150,SSBP1,0,1,0.12841560196093932,False,SSBP1,-55.182594
empirical150,SSBP1,0,2,0.1268930535269978,False,SSBP1;ACAT2,-114.847;5.8528279
empirical150,SSBP1,0,5,0.12308498151684598,False,SSBP1;ACAT2;TMSB4X;TFAM;MAP1B,-12.88038;-1.2615861;11.021111;-13.590482;9.9814126
empirical150,SSBP1,0,10,0.1209699474763372,True,SSBP1;ACAT2;TMSB4X;TFAM;MAP1B;MKI67;HMGN1;CLDN6;INSIG1;PRR12,0;1.7590385;5.7553109;-23.911515;15.155964;-1.5284295;9.4957815;5.1192389;-10.09267;-4.5421495
empirical150,SSBP1,1,1,0.13554523898086546,False,SSBP1,-69.283511
empirical150,SSBP1,1,2,0.13384366061780378,False,SSBP1;CLDN6,-52.331724;-6.6865915
empirical150,SSBP1,1,5,0.13125910009070604,False,SSBP1;CLDN6;SIX4;MAP1B;TFAM,-53.882327;-5.9038647;-7.1648911;11.37983;-4.2268205
empirical150,SSBP1,1,10,0.12884933306156846,True,SSBP1;CLDN6;SIX4;MAP1B;TFAM;MKI67;DHCR24;NDUFB4;HMGN1;DAXX,0;4.2794197;-2.9716566;23.831324;-10.5482;-5.0184964;-8.8073016;3.0338549;6.9111645;-10.630142
empirical150,PHF14,0,1,0.10438385367911901,False,PHF14,-5.9475735
empirical150,PHF14,0,2,0.10413865948510348,False,PHF14;MKI67,-7.1816474;1.0068861
empirical150,PHF14,0,5,0.10343587567320704,False,PHF14;MKI67;CDCA2;C1QBP;DHCR24,-10.794776;5.0315565;-5.2294844;-2.8592513;-1.9690489
empirical150,PHF14,0,10,0.10304469295429805,False,PHF14;MKI67;CDCA2;C1QBP;DHCR24;KDR;MAP1B;MAPKAPK2;CLDN6;UQCRQ,-11.129827;1.2746215;-2.2083114;-3.3578482;-4.0557011;0.97867772;1.8591485;2.5190938;1.8396331;-6.4832971
empirical150,PHF14,1,1,0.10095295871543568,False,PHF14,-6.0853684
empirical150,PHF14,1,2,0.10067796196122085,False,PHF14;MKI67,-7.1035126;1.1551892
empirical150,PHF14,1,5,0.09953486676634253,False,PHF14;MKI67;KDR;HMGN1;CDCA2,-7.0423883;2.3099218;6.1486359;2.7035849;-2.9631379
empirical150,PHF14,1,10,0.09888592352231251,False,PHF14;MKI67;KDR;HMGN1;CDCA2;DHCR24;ARID1A;CASP3;SOX2;ANTXR1,-13.508319;1.0677555;7.8206077;3.8612378;-2.4757627;-3.2190737;3.1377592;2.5081292;-1.3411912;9.0708119
empirical150,DNMT1,0,1,0.38729746399772963,False,DNMT1,-1.7898463
empirical150,DNMT1,0,2,0.38714372875895586,False,DNMT1;MKI67,-7.3201646;-2.0153961
empirical150,DNMT1,0,5,0.3842326301960639,False,DNMT1;MKI67;ACAT2;KDM2B;HMGB2,-14.381355;-7.2052013;-15.247354;31.833038;16.544117
empirical150,DNMT1,0,10,0.3811214923763221,False,DNMT1;MKI67;ACAT2;KDM2B;HMGB2;SOX2;MTA1;SMARCA5;DHCR24;LAD1,-4.540516;1.8310421;-6.9160388;29.528004;0.7381438;6.8397992;-30.118974;13.437104;-15.281055;-51.48678
empirical150,DNMT1,1,1,0.37277063331513377,False,DNMT1,-0.31905058
empirical150,DNMT1,1,2,0.37241548798773866,True,DNMT1;DHCR24,0;-4.7110408
empirical150,DNMT1,1,5,0.3701920465593661,False,DNMT1;DHCR24;MKI67;TMSB4X;HMGB2,-3.9236751;-13.304952;-7.0265911;-19.957375;11.068756
empirical150,DNMT1,1,10,0.3664816318268539,False,DNMT1;DHCR24;MKI67;TMSB4X;HMGB2;ACVR1B;TET1;SOX2;MTA1;CDCA2,-5.4750793;-18.024298;-6.6898345;-12.001425;20.409951;-33.233288;27.373256;12.940303;-23.202942;9.7230635
empirical150,TMSB10,0,1,0.23001423574342766,False,TMSB10,-0.25297194
empirical150,TMSB10,0,2,0.22671455928202952,False,TMSB10;ACAT2,-6.1676007;10.95917
empirical150,TMSB10,0,5,0.22215795593708956,False,TMSB10;ACAT2;CLDN7;CDCA2;SMARCA5,-5.8111627;19.77425;-19.622144;-6.7786623;-14.368541
empirical150,TMSB10,0,10,0.21917935839244682,False,TMSB10;ACAT2;CLDN7;CDCA2;SMARCA5;CASP3;DHCR24;PAGR1;TRAPPC6A;MKI67,-2.4794976;15.009051;-20.653538;-13.834633;-15.44023;23.115023;12.898612;25.45423;21.024845;6.565575
empirical150,TMSB10,1,1,0.19842833755666023,False,TMSB10,-0.65134357
empirical150,TMSB10,1,2,0.19365293991130064,False,TMSB10;INSIG1,-1.5351603;15.355351
empirical150,TMSB10,1,5,0.1857755386829037,False,TMSB10;INSIG1;TMSB4X;TET1;CDCA2,-27.577813;38.418915;13.779449;-26.537266;-3.7784831
empirical150,TMSB10,1,10,0.18232682312307627,False,TMSB10;INSIG1;TMSB4X;TET1;CDCA2;DHCR24;KDR;PAGR1;CAST;CASP3,-20.536959;37.189247;11.095282;-34.8689;-3.7521889;10.689171;10.023718;8.6878247;19.702847;8.8413801
empirical150,CLDN6,0,1,0.07475642823528937,True,CLDN6,0
empirical150,CLDN6,0,2,0.07444151205947441,False,CLDN6;CDCA2,-0.12881086;-1.0312285
empirical150,CLDN6,0,5,0.07291300380896723,False,CLDN6;CDCA2;CASP3;ACAT2;TMSB10,-0.23099522;-0.1130707;8.708327;2.9347927;-3.0873546
empirical150,CLDN6,0,10,0.07243739480544219,True,CLDN6;CDCA2;CASP3;ACAT2;TMSB10;HMGN1;MAP1B;ARID1A;KDR;HMGB2,0;-0.64384137;10.259035;3.3431856;-4.2568895;1.8760932;-3.3754983;4.9565121;1.8417955;2.5821317
empirical150,CLDN6,1,1,0.08174456249820822,True,CLDN6,0
empirical150,CLDN6,1,2,0.08130161576771153,True,CLDN6;CDCA2,0;-1.3169498
empirical150,CLDN6,1,5,0.08041562174937976,True,CLDN6;CDCA2;CASP3;ACAT2;TMSB10,0;-0.58419909;6.012758;2.5859872;-2.4247409
empirical150,CLDN6,1,10,0.0798100280075632,True,CLDN6;CDCA2;CASP3;ACAT2;TMSB10;TET1;CLDN7;HMGB2;TMSB4X;MAP1B,0;-0.53987242;3.5344967;3.3463382;-7.4206524;-4.3543083;4.2807881;2.0363062;3.3056775;-2.2093548
empirical150,DLG5,0,1,0.12622496260553126,False,DLG5,-5.7885715
empirical150,DLG5,0,2,0.1250388101538524,True,DLG5;TFAM,0;-6.5391332
empirical150,DLG5,0,5,0.12362463833672226,True,DLG5;TFAM;TMSB4X;TMSB10;MKI67,0;-9.6292693;9.7184351;-6.8389909;-0.69695346
empirical150,DLG5,0,10,0.12116864643141703,True,DLG5;TFAM;TMSB4X;TMSB10;MKI67;SMARCA4;KDR;DHCR24;NDUFB4;CASP3,0;-10.718502;7.0684563;-14.28964;-1.8554669;20.677953;4.3779469;-3.710232;10.542409;6.1914223
empirical150,DLG5,1,1,0.1514565757830245,False,DLG5,-6.0549324
empirical150,DLG5,1,2,0.1503664680144512,True,DLG5;TFAM,0;-6.5562185
empirical150,DLG5,1,5,0.14924603438008655,True,DLG5;TFAM;NDUFB4;SIX4;MKI67,0;-3.3603844;6.1442167;-5.4521428;1.3715957
empirical150,DLG5,1,10,0.14701544423540988,True,DLG5;TFAM;NDUFB4;SIX4;MKI67;KDR;ARID1A;DHCR24;TMSB10;HMGB2,0;-2.5211602;11.45975;-6.2249871;-5.2786651;11.611444;15.822499;-4.3620407;-7.9734099;6.4732857
empirical150,NDUFB6,0,1,0.0977708853015587,True,NDUFB6,0
empirical150,NDUFB6,0,2,0.09752880157114972,True,NDUFB6;CDCA2,0;-1.0201972
empirical150,NDUFB6,0,5,0.09639665913584498,True,NDUFB6;CDCA2;CLDN6;ACAT2;DAXX,0;-2.4313954;-4.2547018;-2.0358414;-3.9034685
empirical150,NDUFB6,0,10,0.09471359771836924,True,NDUFB6;CDCA2;CLDN6;ACAT2;DAXX;MAP1B;SMARCA5;INSIG1;RRM1;WSB2,0;-2.6964738;-2.1938188;1.725531;-12.932376;4.1547993;10.968489;-7.7737868;-8.7771832;4.1847037
empirical150,NDUFB6,1,1,0.09734981504585265,True,NDUFB6,0
empirical150,NDUFB6,1,2,0.09723185388507317,True,NDUFB6;CDCA2,0;-0.74243534
empirical150,NDUFB6,1,5,0.09612155992761358,True,NDUFB6;CDCA2;CLDN6;DAXX;INSIG1,0;-1.9241565;-4.3499831;-4.190378;-3.3031551
empirical150,NDUFB6,1,10,0.09458110978409823,True,NDUFB6;CDCA2;CLDN6;DAXX;INSIG1;MAP1B;CALM3;DHX36;DNMT1;TMSB4X,0;-3.8899888;-4.3291042;-6.2832792;-12.692001;9.5093412;5.0259502;-10.402265;-6.1477418;-2.3708367
empirical150,STAT6,0,1,0.14831812540726963,False,STAT6,-37.784018
empirical150,STAT6,0,2,0.14645836019677333,False,STAT6;CLDN6,-54.36599;-7.482654
empirical150,STAT6,0,5,0.14555427482865826,False,STAT6;CLDN6;CDCA2;ACVR1B;TMSB4X,-48.336563;-7.7047586;2.1568997;-10.581893;-4.2953848
empirical150,STAT6,0,10,0.14516062052695344,False,STAT6;CLDN6;CDCA2;ACVR1B;TMSB4X;SOX2;KDR;MAP1B;HMGN1;MTA1,-13.634569;-7.6978287;1.6244908;-7.7777184;-4.7284348;2.4972375;2.3128319;-2.7678019;4.8745106;-3.7194099
empirical150,STAT6,1,1,0.13914899161194488,False,STAT6,-26.703551
empirical150,STAT6,1,2,0.13742179387900397,False,STAT6;CLDN6,-39.935789;-6.833763
empirical150,STAT6,1,5,0.13675237545032637,False,STAT6;CLDN6;KDM2B;DHCR24;MKI67,-47.339268;-5.1235915;6.7922748;-3.4679962;-0.68899221
empirical150,STAT6,1,10,0.1354136219888875,False,STAT6;CLDN6;KDM2B;DHCR24;MKI67;KDR;SOX2;MAP1B;ACVR1B;PRR12,-27.798004;-6.6687906;4.8218495;-0.047167905;4.101902;1.1676443;5.156662;-8.7850943;-14.45786;-5.02389
empirical150,ZNF714,0,1,0.08977278151308646,True,ZNF714,0
empirical150,ZNF714,0,2,0.08945656521854661,True,ZNF714;DHCR24,0;2.2049775
empirical150,ZNF714,0,5,0.08895516897689275,True,ZNF714;DHCR24;PRR12;MKI67;TWF2,0;1.9652314;3.6495303;-0.67861329;-2.0410115
empirical150,ZNF714,0,10,0.08887050644003885,True,ZNF714;DHCR24;PRR12;MKI67;TWF2;SIX4;KDM2B;ACAT2;NDUFB4;SMARCA5,0;1.0408431;3.1264392;-0.50545751;-1.9070955;-2.6523794;-2.9963537;1.0882432;-1.8302699;-1.4338534
empirical150,ZNF714,1,1,0.10613825139169307,True,ZNF714,0
empirical150,ZNF714,1,2,0.10568826312010061,True,ZNF714;CLDN6,0;3.0203368
empirical150,ZNF714,1,5,0.10548480960993532,True,ZNF714;CLDN6;KDR;CDCA2;ACAT2,0;3.8066625;-2.5499493;0.88718217;0.81538339
empirical150,ZNF714,1,10,0.105228056249331,True,ZNF714;CLDN6;KDR;CDCA2;ACAT2;TMSB10;KDM2B;PRR12;SOX2;DHX36,0;2.8276;-1.520014;-0.42352907;2.5572565;-1.743568;-2.2491143;4.6799347;-1.8655806;2.7701724
empirical150,SAFB,0,1,0.1655825620852201,False,SAFB,-2.4679657
empirical150,SAFB,0,2,0.1654669383540283,False,SAFB;CDCA2,-2.6817948;0.91890842
empirical150,SAFB,0,5,0.16461199990790762,False,SAFB;CDCA2;DHCR24;HMGN1;SLC25A3,-5.6706287;0.23264388;-5.6904101;-4.5268581;4.1179777
empirical150,SAFB,0,10,0.1637005707967327,False,SAFB;CDCA2;DHCR24;HMGN1;SLC25A3;TMSB4X;TET1;TMSB10;C1QBP;DHX36,-0.98439252;-0.87239497;-7.4176665;-8.8229852;1.376731;-8.7976452;-7.2217894;8.9074733;-7.5479226;-6.8548669
empirical150,SAFB,1,1,0.17287476115244296,False,SAFB,-1.8115418
empirical150,SAFB,1,2,0.17233825392526028,False,SAFB;DHCR24,-7.0584609;-4.3815879
empirical150,SAFB,1,5,0.17144464588760022,False,SAFB;DHCR24;TMSB4X;MKI67;SLC25A3,-7.0521329;-7.859128;-7.6846528;-1.0014769;5.9517814
empirical150,SAFB,1,10,0.1701802147458273,False,SAFB;DHCR24;TMSB4X;MKI67;SLC25A3;TET1;WSB2;CAST;SOX2;TFAM,-14.420335;-6.3222105;-11.311409;-2.2927291;1.9982044;-16.161004;-6.6007099;16.469735;4.7272805;-5.0889827
empirical150,SOX2,0,1,0.3591512405267941,True,SOX2,0
empirical150,SOX2,0,2,0.3520168428785773,True,SOX2;ACVR1B,0;34.434467
empirical150,SOX2,0,5,0.34389442663778286,True,SOX2;ACVR1B;MKI67;KDR;HMGB2,0;61.488245;-6.2183196;-17.275941;10.188631
empirical150,SOX2,0,10,0.3369648104177835,False,SOX2;ACVR1B;MKI67;KDR;HMGB2;ARID1A;ACAT2;CLDN6;MAP1B;C1QBP,-4.2043008;47.167491;-12.803162;-6.1957823;49.190119;58.998713;-1.8706261;14.786296;-15.944794;-18.566682
empirical150,SOX2,1,1,0.380293839626313,True,SOX2,0
empirical150,SOX2,1,2,0.3725780415770095,False,SOX2;ACVR1B,-1.2848408;41.753953
empirical150,SOX2,1,5,0.3602106356719304,False,SOX2;ACVR1B;CDCA2;KDR;CASP3,-1.2580761;84.461134;-10.276784;-28.938411;-10.706183
empirical150,SOX2,1,10,0.35693014462136197,False,SOX2;ACVR1B;CDCA2;KDR;CASP3;HMGB2;SLC25A3;MAP1B;RRM1;TMSB10,-1.9785959;91.679034;-9.1594832;-19.751665;-6.5493794;21.962482;-37.452052;-20.866995;14.270021;12.384991
empirical150,SLC25A3,0,1,0.10578014307560087,True,SLC25A3,0
empirical150,SLC25A3,0,2,0.10446789489484265,True,SLC25A3;TFAM,0;-5.882618
empirical150,SLC25A3,0,5,0.10269152000910262,False,SLC25A3;TFAM;HMGN1;CDCA2;MAP1B,-2.2421731;-10.393787;6.0276443;-1.8075152;5.7285926
empirical150,SLC25A3,0,10,0.10119151308665,False,SLC25A3;TFAM;HMGN1;CDCA2;MAP1B;DHCR24;TMSB4X;PAGR1;KLF10;KDR,-4.0865308;-12.450253;7.5959714;-1.0981139;8.4145421;-6.800881;-6.1228732;-8.4446774;-8.610288;-2.1283019
empirical150,SLC25A3,1,1,0.11124650253692292,True,SLC25A3,0
empirical150,SLC25A3,1,2,0.10997094646820883,True,SLC25A3;CLDN6,0;-5.1966573
empirical150,SLC25A3,1,5,0.10778756069056446,False,SLC25A3;CLDN6;TET1;CDCA2;SIX4,-1.5422434;-8.0139433;6.991599;-0.49524959;-2.8450545
empirical150,SLC25A3,1,10,0.10644574529097786,True,SLC25A3;CLDN6;TET1;CDCA2;SIX4;INSIG1;MAP1B;PHF14;KDR;DAXX,0;-8.1842837;11.931391;-0.30833285;-1.6143661;-8.9686238;8.9389792;-6.9256039;-5.047424;-4.6110051
empirical150,ZNF593,0,1,0.0995798899127182,True,ZNF593,0
empirical150,ZNF593,0,2,0.09938910020550401,True,ZNF593;MKI67,0;-0.82657504
empirical150,ZNF593,0,5,0.0962179944719533,False,ZNF593;MKI67;NDUFB4;ARID1A;MAP1B,-6.7361662;-0.48732849;10.874709;14.517961;-5.0764856
empirical150,ZNF593,0,10,0.09516500531689014,False,ZNF593;MKI67;NDUFB4;ARID1A;MAP1B;DHCR24;TFAM;TMSB10;SOX2;CDCA2,-0.27322051;0.9978499;12.363052;13.978598;-2.2494785;-6.0566676;-7.78489;-4.1471673;3.2378536;-4.7889867
empirical150,ZNF593,1,1,0.1012634275195118,True,ZNF593,0
empirical150,ZNF593,1,2,0.10109192549728596,True,ZNF593;MKI67,0;-0.88660143
empirical150,ZNF593,1,5,0.0994879211249154,True,ZNF593;MKI67;TFAM;DHCR24;CLDN6,0;-2.1394906;-7.7524875;-7.4507263;4.8875011
empirical150,ZNF593,1,10,0.09728918777394209,False,ZNF593;MKI67;TFAM;DHCR24;CLDN6;NDUFB4;ARID1A;TMSB10;ACAT2;TET1,-14.787593;-3.2630068;-9.4677923;-10.982007;8.4450191;4.7442686;6.9205571;-8.2189191;7.7076623;-11.261287
empirical150,RAF1,0,1,0.10062276995470153,True,RAF1,0
empirical150,RAF1,0,2,0.10057910322637618,True,RAF1;MKI67,0;-0.39768794
empirical150,RAF1,0,5,0.09981237182300835,True,RAF1;MKI67;SOX2;HMGN1;TMSB4X,0;-0.59025517;3.5568105;4.463616;-3.8098221
empirical150,RAF1,0,10,0.09893010804184295,False,RAF1;MKI67;SOX2;HMGN1;TMSB4X;MAP1B;CDCA2;ACAT2;PBX1;KDR,-0.67571599;-4.271155;3.8318051;5.7972009;-5.9085017;5.9710133;3.6183628;-0.72245353;7.4775917;-2.1901306
empirical150,RAF1,1,1,0.10421415348494462,True,RAF1,0
empirical150,RAF1,1,2,0.10385314235548987,False,RAF1;SOX2,-0.41171841;3.6276328
empirical150,RAF1,1,5,0.1033247018121382,False,RAF1;SOX2;MKI67;HMGN1;MAP1B,-3.8874024;4.3640591;-1.1298701;1.8130376;4.8172558
empirical150,RAF1,1,10,0.10202593389676437,False,RAF1;SOX2;MKI67;HMGN1;MAP1B;ACAT2;CASP3;CDCA2;SIX4;DHCR24,-15.331144;8.0286739;-8.3526;-1.1697522;14.470842;-4.0217545;-5.9966199;4.7219378;-4.8337963;-3.7399416
empirical150,METTL17,0,1,0.15021295628494347,True,METTL17,0
empirical150,METTL17,0,2,0.14884247795722919,True,METTL17;TFAM,0;-7.1693794
empirical150,METTL17,0,5,0.14619179905539179,False,METTL17;TFAM;CDCA2;TMSB10;MAP1B,-8.2258471;-10.156932;-5.067386;-8.9162964;9.4785017
empirical150,METTL17,0,10,0.14039174844977956,True,METTL17;TFAM;CDCA2;TMSB10;MAP1B;DHCR24;HMGN1;IGF2R;CASP3;RRM1,0;-24.427605;-3.225089;-6.2175218;8.7848241;-9.2452547;15.162861;28.162773;14.278949;-10.668064
empirical150,METTL17,1,1,0.14374993086507307,False,METTL17,-3.0167754
empirical150,METTL17,1,2,0.14233309187893653,False,METTL17;TFAM,-2.7517265;-6.7924822
empirical150,METTL17,1,5,0.13987157079242812,False,METTL17;TFAM;MAP1B;CDCA2;ACAT2,-3.7524506;-15.775399;16.644872;-3.6576052;-6.8335805
empirical150,METTL17,1,10,0.1363255601208875,True,METTL17;TFAM;MAP1B;CDCA2;ACAT2;DHCR24;DHX36;WSB2;CASP3;TMSB10,0;-9.54897;20.15075;-4.7931521;-4.4588185;-12.401452;-29.403389;-6.0806286;9.6212476;-10.5666
empirical150,IKBKG,0,1,0.0905635269937913,True,IKBKG,0
empirical150,IKBKG,0,2,0.08823757771881018,True,IKBKG;INSIG1,0;6.577662
empirical150,IKBKG,0,5,0.08682467837573078,True,IKBKG;INSIG1;MKI67;NDUFB4;TMSB10,0;6.2761402;0.61965637;6.3324674;-3.1384792
empirical150,IKBKG,0,10,0.08536828231203632,True,IKBKG;INSIG1;MKI67;NDUFB4;TMSB10;MAP1B;PAGR1;ACAT2;CASP3;C1QBP,0;4.997015;-0.51681787;6.9883118;-5.4301123;1.3594705;7.1858096;6.0722066;7.182982;-5.5513079
empirical150,IKBKG,1,1,0.09634025625849993,True,IKBKG,0
empirical150,IKBKG,1,2,0.09600725203948397,True,IKBKG;MKI67,0;1.2044939
empirical150,IKBKG,1,5,0.09362387466859105,True,IKBKG;MKI67;ACAT2;C1QBP;CASP3,0;0.85388238;7.7047528;-9.0744933;4.1834509
empirical150,IKBKG,1,10,0.09232892491437919,True,IKBKG;MKI67;ACAT2;C1QBP;CASP3;PRR12;KDM2B;CLDN6;TET1;PBX1,0;0.1771914;12.832571;-13.271343;4.1718336;4.7826998;-1.19485;2.1008652;-7.2872955;9.2277504
empirical150,SMAGP,0,1,0.12621976151678257,False,SMAGP,-4.683228
empirical150,SMAGP,0,2,0.12504102760849822,False,SMAGP;KDM2B,-13.259465;-9.6096389
empirical150,SMAGP,0,5,0.12380733135370131,False,SMAGP;KDM2B;ACAT2;MKI67;MAP1B,-33.444377;-15.171796;3.2780793;1.6051226;4.5212775
empirical150,SMAGP,0,10,0.12218164438981832,False,SMAGP;KDM2B;ACAT2;MKI67;MAP1B;DAXX;KDR;SOX2;DHCR24;CLDN6,-35.744858;-16.83608;5.696223;-0.14972076;10.603067;-15.292813;-4.6204914;6.0715648;-7.1839222;3.8191059
empirical150,SMAGP,1,1,0.15431693643937858,False,SMAGP,-9.4156473
empirical150,SMAGP,1,2,0.15344146354873825,False,SMAGP;CASP3,-15.521212;6.5202382
empirical150,SMAGP,1,5,0.15217381390001508,False,SMAGP;CASP3;MKI67;HMGB2;CLDN6,-31.503305;9.1037434;2.248279;9.6864462;5.2216098
empirical150,SMAGP,1,10,0.15044947254060712,False,SMAGP;CASP3;MKI67;HMGB2;CLDN6;KDR;DAXX;MAP1B;SOX2;DHCR24,-30.217443;6.5310319;-0.6553401;10.443948;8.0566853;-7.7726887;-15.252353;15.471225;6.1175699;-5.1256681
empirical150,MAP1B,0,1,0.07327260187199772,True,MAP1B,0
empirical150,MAP1B,0,2,0.07244606052089061,False,MAP1B;MKI67,-1.6533526;1.6291719
empirical150,MAP1B,0,5,0.07198599472464431,False,MAP1B;MKI67;CLDN6;HMGB2;KDR,-0.60481198;1.1007451;-3.9214582;-4.5117796;1.2485791
empirical150,MAP1B,0,10,0.07163929330976347,False,MAP1B;MKI67;CLDN6;HMGB2;KDR;SIX4;TET1;ARID1A;PBX1;CDCA2,-0.17102894;0.44474347;-2.9791035;-4.9924815;-0.34766583;1.8418945;2.385665;-3.3706006;-3.3084184;1.2517374
empirical150,MAP1B,1,1,0.07577187433210457,True,MAP1B,0
empirical150,MAP1B,1,2,0.07490075186739618,True,MAP1B;CDCA2,0;1.7753948
empirical150,MAP1B,1,5,0.07437469326913741,False,MAP1B;CDCA2;CLDN6;KDR;HMGB2,-0.12732293;0.77159619;-3.9719449;2.5587152;-3.4055377
empirical150,MAP1B,1,10,0.07419176706220207,True,MAP1B;CDCA2;CLDN6;KDR;HMGB2;TMSB4X;ACAT2;ARID1A;NDUFB4;USP22,0;1.2198539;-3.5619588;0.55484237;-2.5124963;-0.32796484;-0.89638433;-2.9258598;-2.0648101;-1.8149976
empirical150,TAZ,0,1,0.10151693680254396,False,TAZ,-2.5471978
empirical150,TAZ,0,2,0.1009658855954837,True,TAZ;KDR,0;-3.2117014
empirical150,TAZ,0,5,0.09967313459495553,True,TAZ;KDR;MAP1B;SIX4;DHCR24,0;-2.3820627;6.5401746;-7.0490313;-2.6618604
empirical150,TAZ,0,10,0.09881659365985795,True,TAZ;KDR;MAP1B;SIX4;DHCR24;CLDN6;TFAM;MKI67;PBX1;HMGB2,0;-2.7480469;9.2996321;-6.3023217;-8.2764824;8.3508611;-7.174501;-1.0413253;-5.7060555;3.81969
empirical150,TAZ,1,1,0.11182802114883095,True,TAZ,0
empirical150,TAZ,1,2,0.11136800484529624,True,TAZ;KDR,0;-3.5189611
empirical150,TAZ,1,5,0.11037416613862584,True,TAZ;KDR;MTA1;SIX4;INSIG1,0;-2.7269712;8.0646706;-3.3416454;-3.0431618
empirical150,TAZ,1,10,0.10941944885510019,True,TAZ;KDR;MTA1;SIX4;INSIG1;MKI67;MAP1B;DAXX;CLDN6;PLCB3,0;-5.9100983;11.762141;-1.7752906;-6.9392352;-2.4738636;9.0535294;-7.5133002;1.8132457;-6.3550998
empirical150,OXCT1,0,1,0.18864730073628622,True,OXCT1,0
empirical150,OXCT1,0,2,0.18807481360720837,True,OXCT1;TFAM,0;-5.2011322
empirical150,OXCT1,0,5,0.18541715847274018,True,OXCT1;TFAM;CASP3;MKI67;CLDN6,0;-16.459906;20.757955;0.96696077;-2.9488262
empirical150,OXCT1,0,10,0.18424617179982372,True,OXCT1;TFAM;CASP3;MKI67;CLDN6;DHCR24;SIX4;KDR;USP22;HMGB2,0;-5.1913505;28.413391;3.8900529;-10.924782;3.6934832;-14.781094;3.4098115;-8.0448696;-6.1983605
empirical150,OXCT1,1,1,0.18673705030206098,True,OXCT1,0
empirical150,OXCT1,1,2,0.18602280134182028,True,OXCT1;DAXX,0;-6.1785724
empirical150,OXCT1,1,5,0.1840271268842055,True,OXCT1;DAXX;CDCA2;CASP3;ACAT2,0;-12.296757;-0.17073531;12.72089;3.7473481
empirical150,OXCT1,1,10,0.1822002753586574,True,OXCT1;DAXX;CDCA2;CASP3;ACAT2;KDR;TMSB4X;CLDN6;SIX4;EWSR1,0;-5.9485031;1.2181685;7.1960592;3.247897;15.576586;13.035927;0.3300251;-3.4254472;18.79455
empirical150,WSB2,0,1,0.15464432558869948,True,WSB2,0
empirical150,WSB2,0,2,0.15351066986069,False,WSB2;DHCR24,-4.060576;-6.1669066
empirical150,WSB2,0,5,0.15124657192702295,False,WSB2;DHCR24;MKI67;SOX2;MAP1B,-4.4809595;-7.1129418;-0.51544034;7.8084582;-7.681693
empirical150,WSB2,0,10,0.14977220887137604,False,WSB2;DHCR24;MKI67;SOX2;MAP1B;INSIG1;MTA1;CDCA2;CLDN6;TMSB10,-2.9651258;-21.199898;3.2064288;9.31421;-6.0003212;16.751028;-10.307688;-5.256756;5.1962955;-3.0106032
empirical150,WSB2,1,1,0.14782220905202118,True,WSB2,0
empirical150,WSB2,1,2,0.1461458277656349,True,WSB2;SIX4,0;8.0135545
empirical150,WSB2,1,5,0.14410077888114356,True,WSB2;SIX4;MKI67;SOX2;DHCR24,0;4.870172;-2.1481369;7.5416486;-4.2311068
empirical150,WSB2,1,10,0.14239326489436388,True,WSB2;SIX4;MKI67;SOX2;DHCR24;MAP1B;LAD1;ACAT2;PHF14;INSIG1,0;4.6214745;-2.4481691;11.245686;-6.0213795;-8.5301598;-10.894427;-6.2148819;7.5524917;9.7802892
empirical150,C1QBP,0,1,0.13869225803448088,True,C1QBP,0
empirical150,C1QBP,0,2,0.1381956245534199,False,C1QBP;KDR,-2.864739;-4.1324559
empirical150,C1QBP,0,5,0.13518670219176698,False,C1QBP;KDR;ACVR1B;CDCA2;DHCR24,-3.2726033;-4.5260448;20.55902;-4.8934197;-3.2561155
empirical150,C1QBP,0,10,0.1340143838076924,False,C1QBP;KDR;ACVR1B;CDCA2;DHCR24;DHX36;KDM2B;ANTXR1;CLDN6;SOX2,-1.3453649;-3.5924301;17.454455;-4.1739898;-2.7816786;-10.845594;-9.6638687;11.454444;-4.9648573;2.3072266
empirical150,C1QBP,1,1,0.14185422952343796,False,C1QBP,-0.56029723
empirical150,C1QBP,1,2,0.14047238699282188,True,C1QBP;ACVR1B,0;10.831424
empirical150,C1QBP,1,5,0.13717796739363033,True,C1QBP;ACVR1B;CDCA2;HMGN1;DHCR24,0;34.454705;-7.3210749;6.4237397;-2.9542313
empirical150,C1QBP,1,10,0.13552241033884097,False,C1QBP;ACVR1B;CDCA2;HMGN1;DHCR24;MKI67;ANTXR1;PAGR1;ACAT2;PHF14,-1.9257141;31.99268;2.3263241;10.818851;-9.7794926;-9.8196909;34.097573;-7.4773768;5.5891019;-4.4975965
empirical150,CALM3,0,1,0.07454723408684312,False,CALM3,-4.5381801
empirical150,CALM3,0,2,0.07410555804650784,False,CALM3;CDCA2,-3.4864524;1.2491474
empirical150,CALM3,0,5,0.0730165013512376,False,CALM3;CDCA2;HMGN1;HMGB2;KDR,-0.40802526;1.4664074;5.984904;-4.7373514;2.154068
empirical150,CALM3,0,10,0.072760660590705,False,CALM3;CDCA2;HMGN1;HMGB2;KDR;CASP3;DHCR24;TMSB4X;TWF2;MAP1B,-0.4225577;2.3588075;6.884052;-5.4604754;1.5230802;2.9521527;0.68546739;-1.9916248;2.4354192;1.2854863
empirical150,CALM3,1,1,0.07507219681128116,False,CALM3,-5.2898629
empirical150,CALM3,1,2,0.07457488017722509,False,CALM3;CDCA2,-4.2909098;1.3758255
empirical150,CALM3,1,5,0.07354825586559081,False,CALM3;CDCA2;HMGN1;HMGB2;KDR,-1.2788821;1.1751973;5.880794;-3.9258155;3.1668005
empirical150,CALM3,1,10,0.07321387150879316,False,CALM3;CDCA2;HMGN1;HMGB2;KDR;TET1;DHCR24;NDUFB4;CASP2;MAP1B,-0.76899312;0.94750735;4.292946;-3.7765672;3.6943132;-4.0231078;0.59690038;-1.396915;-4.4057568;1.3882995
empirical150,SIX4,0,1,0.0938904440091067,True,SIX4,0
empirical150,SIX4,0,2,0.09345531226744974,False,SIX4;ACAT2,-1.3131739;-2.5068209
empirical150,SIX4,0,5,0.09269727344866073,False,SIX4;ACAT2;MKI67;KDR;HMGN1,-0.51343911;-2.131247;-1.6067895;4.5026899;2.6643624
empirical150,SIX4,0,10,0.09121487592339282,False,SIX4;ACAT2;MKI67;KDR;HMGN1;HMGB2;ANTXR1;ARID1A;INSIG1;NDUFB4,-2.0115585;2.3091521;1.0710441;2.9333194;3.9014315;-9.1695102;-8.0778509;-9.6378156;-3.9140529;-2.9903074
empirical150,SIX4,1,1,0.1015578902322158,True,SIX4,0
empirical150,SIX4,1,2,0.10111054134775456,False,SIX4;ACAT2,-0.48491476;-2.8580619
empirical150,SIX4,1,5,0.09956569783908446,False,SIX4;ACAT2;MKI67;KDR;CLDN6,-1.6302332;-4.0356389;-3.0347025;7.9858491;-2.8233795
empirical150,SIX4,1,10,0.09862257111118253,False,SIX4;ACAT2;MKI67;KDR;CLDN6;WSB2;TET1;KDM2B;RRM1;ACVR1B,-3.8986482;-1.4590956;-2.5858538;10.348813;-0.79259437;-0.082132424;-6.0960086;3.2727961;-4.1201878;-7.0015905
empirical150,RRM1,0,1,0.08206202548436334,True,RRM1,0
empirical150,RRM1,0,2,0.08149270563396045,True,RRM1;ACAT2,0;-2.5148448
empirical150,RRM1,0,5,0.08086196239888405,False,RRM1;ACAT2;MKI67;KDR;TMSB10,-1.0099285;-3.3234369;-1.1326104;2.2138897;2.9572809
empirical150,RRM1,0,10,0.08003231221483253,False,RRM1;ACAT2;MKI67;KDR;TMSB10;NDUFB4;DAXX;CLDN6;TET1;C1QBP,-0.35019441;-2.4338705;-1.6735545;1.8439463;6.2143053;-7.0555004;-4.7386041;-0.61784777;-2.9316756;-3.6009078
empirical150,RRM1,1,1,0.0911981430517854,False,RRM1,-0.0081052895
empirical150,RRM1,1,2,0.09057283859131171,True,RRM1;ACAT2,0;-3.0788406
empirical150,RRM1,1,5,0.08976387052729244,False,RRM1;ACAT2;MKI67;CLDN6;NDUFB4,-4.4035737;-3.4838681;-2.6765899;-3.3666772;-3.3231081
empirical150,RRM1,1,10,0.08856108853563416,False,RRM1;ACAT2;MKI67;CLDN6;NDUFB4;KDR;TMSB10;DHCR24;HMGB2;EIF4B,-1.5727363;-7.3922346;-0.27884164;-8.5193548;-3.2540739;2.2231756;9.3266179;5.4286651;-3.7584449;-6.2390731
empirical150,MBTPS1,0,1,0.2384285032402923,False,MBTPS1,-0.45714524
empirical150,MBTPS1,0,2,0.23279099047984556,False,MBTPS1;DHCR24,-1.5969062;-15.102126
empirical150,MBTPS1,0,5,0.2206521907865028,True,MBTPS1;DHCR24;TFAM;CDCA2;CLDN6,0;-43.577756;-37.861997;-7.1704238;20.91369
empirical150,MBTPS1,0,10,0.2010004926075022,False,MBTPS1;DHCR24;TFAM;CDCA2;CLDN6;MAP1B;HMGB2;TMSB10;SIX4;SOX2,-15.692813;-72.097317;-49.824495;-14.767407;52.196423;25.453086;42.864949;-24.820679;-28.946312;12.377859
empirical150,MBTPS1,1,1,0.24184890934898925,False,MBTPS1,-5.7091951
empirical150,MBTPS1,1,2,0.23450775116590952,False,MBTPS1;DHCR24,-5.1056562;-17.117488
empirical150,MBTPS1,1,5,0.22119352940290554,True,MBTPS1;DHCR24;TET1;MKI67;SIX4,0;-40.524923;32.513403;-1.169237;-16.221447
empirical150,MBTPS1,1,10,0.2070668158503767,False,MBTPS1;DHCR24;TET1;MKI67;SIX4;INSIG1;HMGB2;ACVR1B;TFAM;SOX2,-8.0744771;-33.509239;35.640822;-9.8648876;-19.351876;-45.717509;20.339245;34.802932;-26.328951;12.750397
empirical150,RAB3B,0,1,0.06712054309417911,False,RAB3B,-4.0530247
empirical150,RAB3B,0,2,0.06685865406849999,False,RAB3B;ACAT2,-2.1647432;-1.6770112
empirical150,RAB3B,0,5,0.06668062530745768,True,RAB3B;ACAT2;HMGN1;TMSB4X;CDCA2,0;-1.828033;2.4468321;-1.3750593;-0.18105417
empirical150,RAB3B,0,10,0.06654236341872313,True,RAB3B;ACAT2;HMGN1;TMSB4X;CDCA2;MKI67;SOX2;DHCR24;TFAM;PRR12,0;-1.2025017;1.7559263;-2.3980706;-0.72852324;0.49951307;-1.6415757;-0.82044453;1.3004145;-0.62023567
empirical150,RAB3B,1,1,0.06938240866479506,False,RAB3B,-4.5923219
empirical150,RAB3B,1,2,0.06922319784400593,False,RAB3B;ACAT2,-3.1097399;-1.4707462
empirical150,RAB3B,1,5,0.06909431552537852,False,RAB3B;ACAT2;HMGN1;CDCA2;MKI67,-0.2286786;-1.6680188;1.6058924;-1.3786666;1.3206596
empirical150,RAB3B,1,10,0.06894582764841557,True,RAB3B;ACAT2;HMGN1;CDCA2;MKI67;SOX2;PHF10;TMSB4X;INSIG1;PRR12,0;-0.26809476;1.3152506;-0.085740951;0.47242326;-2.3667341;1.9820613;-1.6876083;-2.3538358;-1.1260989
empirical150,XRCC4,0,1,0.11618759664188606,True,XRCC4,0
empirical150,XRCC4,0,2,0.11589204198572149,True,XRCC4;DHCR24,0;2.4258997
empirical150,XRCC4,0,5,0.11506168647482651,False,XRCC4;DHCR24;MKI67;CASP3;TFAM,-8.1797657;3.0717685;2.6383932;9.7242407;-5.9289397
empirical150,XRCC4,0,10,0.11448747536475312,True,XRCC4;DHCR24;MKI67;CASP3;TFAM;TWF2;CDCA2;KDR;ANTXR1;HMGN1,0;1.8780902;2.372638;11.033508;-9.4458342;-4.4851256;-2.2649393;-0.75220439;6.251391;2.3216287
empirical150,XRCC4,1,1,0.12147055215157779,True,XRCC4,0
empirical150,XRCC4,1,2,0.12118029033871862,False,XRCC4;MKI67,-2.9784075;1.6250148
empirical150,XRCC4,1,5,0.12009964520775526,False,XRCC4;MKI67;DHCR24;CASP3;TFAM,-8.573539;3.3810167;3.322631;6.4593021;-4.4540533
empirical150,XRCC4,1,10,0.1195677018920269,False,XRCC4;MKI67;DHCR24;CASP3;TFAM;CDCA2;SOX2;EWSR1;KDM2B;ACAT2,-15.041865;8.5703281;0.3731413;4.9270717;-7.7672751;-4.381397;2.6906895;5.8129331;-3.7477416;1.1717144
empirical150,TRAPPC6A,0,1,0.17819024215572268,True,TRAPPC6A,0
empirical150,TRAPPC6A,0,2,0.17519873376588227,True,TRAPPC6A;KDR,0;9.7271952
empirical150,TRAPPC6A,0,5,0.17145120601666355,False,TRAPPC6A;KDR;TMSB4X;PHF14;MKI67,-11.946391;14.515199;13.850406;-25.852963;1.8920134
empirical150,TRAPPC6A,0,10,0.16787044383423913,False,TRAPPC6A;KDR;TMSB4X;PHF14;MKI67;CASP3;HMGN1;TET1;TGFBR2;PRR12,-8.9866796;9.5024499;2.9889819;-35.618459;4.6186125;29.223167;11.756765;7.5024133;20.547689;5.5036787
empirical150,TRAPPC6A,1,1,0.17789984182506907,True,TRAPPC6A,0
empirical150,TRAPPC6A,1,2,0.17528196666626936,True,TRAPPC6A;KDR,0;10.559862
empirical150,TRAPPC6A,1,5,0.17151909696756867,False,TRAPPC6A;KDR;MKI67;TMSB4X;PHF14,-11.171817;19.841082;-0.66599632;12.757589;-17.516876
empirical150,TRAPPC6A,1,10,0.16849706039151086,False,TRAPPC6A;KDR;MKI67;TMSB4X;PHF14;CASP3;HMGN1;SMARCA4;TFAM;RRM1,-14.754584;22.200766;2.0736292;6.8323566;-14.819871;17.946309;8.1115101;7.5360007;-12.6509;7.1404913
empirical150,SIN3B,0,1,0.3340447791501936,False,SIN3B,-4.9829681
empirical150,SIN3B,0,2,0.3327622925740412,True,SIN3B;MKI67,0;-4.079442
empirical150,SIN3B,0,5,0.328603480523848,True,SIN3B;MKI67;ACAT2;TMSB4X;CLDN6,0;-8.8367009;-11.832053;-19.127744;-14.825066
empirical150,SIN3B,0,10,0.31959450388394545,True,SIN3B;MKI67;ACAT2;TMSB4X;CLDN6;NDUFB6;ACVR1B;CDCA2;PLCB3;SOX2,0;-16.172769;-18.494612;-18.340751;-9.4943457;25.914468;-26.552838;13.863877;-73.83645;9.2740943
empirical150,SIN3B,1,1,0.32843024998698117,False,SIN3B,-12.028754
empirical150,SIN3B,1,2,0.32707151709104915,True,SIN3B;MKI67,0;-5.4136814
empirical150,SIN3B,1,5,0.32155626033092505,False,SIN3B;MKI67;DHCR24;TMSB4X;CDCA2,-13.489664;-23.979821;-17.922159;-18.706838;17.182442
empirical150,SIN3B,1,10,0.3163411872031298,True,SIN3B;MKI67;DHCR24;TMSB4X;CDCA2;ARID1A;HMGN1;SOX2;PLCB3;ACAT2,0;-29.37375;-12.792626;-18.755778;20.926339;-17.286036;12.6942;11.141049;-35.459297;-7.1022171
empirical150,SV2A,0,1,0.09886252459741651,True,SV2A,0
empirical150,SV2A,0,2,0.09835525465741159,True,SV2A;KDR,0;2.9925967
empirical150,SV2A,0,5,0.0974281685836479,False,SV2A;KDR;MKI67;TFAM;ACAT2,-2.6395449;3.7206133;-1.5503735;-5.1914285;-2.2613682
empirical150,SV2A,0,10,0.09574059144375888,True,SV2A;KDR;MKI67;TFAM;ACAT2;HMGN1;TMSB4X;TWF2;CALM3;RRM1,0;3.3211975;-1.8481485;-3.471105;-4.2291167;5.1816499;-6.7799429;5.8542892;5.8699015;-5.7869633
empirical150,SV2A,1,1,0.09567648558736064,True,SV2A,0
empirical150,SV2A,1,2,0.09476135538756776,False,SV2A;TFAM,-2.0765649;-4.5955789
empirical150,SV2A,1,5,0.09344344619904861,False,SV2A;TFAM;KDR;MKI67;HMGN1,-4.7129548;-4.0958886;8.342645;-2.3145868;2.6512052
empirical150,SV2A,1,10,0.0924823241480588,False,SV2A;TFAM;KDR;MKI67;HMGN1;HMGB2;TMSB4X;CDCA2;PHF10;KDM2B,-7.4062421;-0.10864936;9.6841557;-5.9619617;4.7421354;-1.4459419;-2.7805009;2.5024394;-4.4928718;3.4679781
empirical150,EWSR1,0,1,0.16899394687641284,False,EWSR1,-7.1833104
empirical150,EWSR1,0,2,0.1668371729494814,False,EWSR1;ACAT2,-4.9180806;-7.0837086
empirical150,EWSR1,0,5,0.1642404652292479,False,EWSR1;ACAT2;MKI67;KDR;TMSB10,-1.1049834;-10.04912;-0.94213373;8.7078144;11.573934
empirical150,EWSR1,0,10,0.16134598107499992,False,EWSR1;ACAT2;MKI67;KDR;TMSB10;HMGB2;CLDN6;CASP3;DHCR24;KDM2B,-6.5467062;-13.686757;2.9756119;4.9719934;15.592292;-12.890216;-11.758635;22.107341;11.172419;18.758196
empirical150,EWSR1,1,1,0.1754703312766371,False,EWSR1,-9.149306
empirical150,EWSR1,1,2,0.17389149369841575,False,EWSR1;ACAT2,-7.0187273;-6.8560737
empirical150,EWSR1,1,5,0.16968006094337876,True,EWSR1;ACAT2;MKI67;KDR;TMSB10,0;-11.44057;-1.1553242;15.580256;17.359742
empirical150,EWSR1,1,10,0.16685011397014912,True,EWSR1;ACAT2;MKI67;KDR;TMSB10;HMGB2;CLDN6;DHCR24;CASP3;KDM2B,0;-17.027141;2.9312941;12.105311;23.732683;-12.561864;-13.931319;12.960581;12.626779;10.169972
empirical150,TXNDC9,0,1,0.1009269143940806,False,TXNDC9,-0.41099802
empirical150,TXNDC9,0,2,0.1006287155022994,False,TXNDC9;MKI67,-5.3500669;1.4436749
empirical150,TXNDC9,0,5,0.09846535024277889,False,TXNDC9;MKI67;CLDN6;DAXX;DHCR24,-14.657489;0.48848123;-0.48817961;-8.9564407;-7.2189897
empirical150,TXNDC9,0,10,0.09732576360802012,False,TXNDC9;MKI67;CLDN6;DAXX;DHCR24;PRR12;ACAT2;TMSB4X;HMGN1;TET1,-14.010924;0.19798634;8.4507262;-15.547372;-15.860788;-8.6816872;6.2449983;-7.1112719;4.9578243;-3.7343982
empirical150,TXNDC9,1,1,0.1043759976031322,False,TXNDC9,-2.1158061
empirical150,TXNDC9,1,2,0.10387994814209574,False,TXNDC9;MKI67,-8.2395888;2.0159862
empirical150,TXNDC9,1,5,0.10207434681388124,False,TXNDC9;MKI67;CLDN6;DAXX;DHCR24,-16.486284;1.1667435;-1.0902013;-7.1763007;-6.063492
empirical150,TXNDC9,1,10,0.10081405355987097,False,TXNDC9;MKI67;CLDN6;DAXX;DHCR24;SLC25A3;C1QBP;CASP3;ATM;ZNF286A,-15.897464;2.7138101;9.3951508;0.35256512;-10.319144;15.588676;-6.2554805;-1.3420496;4.9265493;-5.6307732
empirical150,TMBIM6,0,1,0.07628110695336097,True,TMBIM6,0
empirical150,TMBIM6,0,2,0.07589634436409778,True,TMBIM6;MKI67,0;1.0266506
empirical150,TMBIM6,0,5,0.0751495379730405,False,TMBIM6;MKI67;DHCR24;INSIG1;SLC25A3,-1.1281677;2.0375825;5.0527782;-4.1009786;4.5023396
empirical150,TMBIM6,0,10,0.0745028092134796,True,TMBIM6;MKI67;DHCR24;INSIG1;SLC25A3;MAP1B;SOX2;TFAM;TMSB10;TET1,0;0.41200744;3.6111504;-5.1469409;4.0227013;5.2264559;-0.77823528;-4.2342406;-2.310962;-1.913008
empirical150,TMBIM6,1,1,0.07702852286000178,True,TMBIM6,0
empirical150,TMBIM6,1,2,0.07675571981577747,True,TMBIM6;MKI67,0;0.97475516
empirical150,TMBIM6,1,5,0.07639551032734629,True,TMBIM6;MKI67;DHCR24;KDM2B;SIX4,0;1.7131418;1.4312143;-2.9880803;-1.941265
empirical150,TMBIM6,1,10,0.07561459521684341,True,TMBIM6;MKI67;DHCR24;KDM2B;SIX4;MAP1B;DAXX;EWSR1;CDCA2;KDR,0;-1.5370163;-0.86500803;-3.0044849;-2.8117424;7.9462161;-2.7976;6.6556036;2.2639639;2.247259
empirical150,METTL3,0,1,0.49944921512577656,True,METTL3,0
empirical150,METTL3,0,2,0.4921895372489652,False,METTL3;CLDN6,-0.11343447;26.743889
empirical150,METTL3,0,5,0.4874299164263534,True,METTL3;CLDN6;CDCA2;SOX2;TMSB10,0;11.613994;-2.3766763;25.337894;-19.701963
empirical150,METTL3,0,10,0.4761430569935374,False,METTL3;CLDN6;CDCA2;SOX2;TMSB10;MKI67;KDR;INSIG1;DAXX;PHF14,-30.935055;18.262846;37.507185;7.4394978;-76.360077;-28.592134;-5.2428876;-4.4393809;89.932634;-94.641764
empirical150,METTL3,1,1,0.5021676819682404,True,METTL3,0
empirical150,METTL3,1,2,0.4950647863596789,False,METTL3;CLDN6,-7.4105745;27.337639
empirical150,METTL3,1,5,0.48896992577310716,False,METTL3;CLDN6;SOX2;CDCA2;KDR,-17.596752;23.737956;29.245481;6.3823244;-15.818914
empirical150,METTL3,1,10,0.47952094756849845,False,METTL3;CLDN6;SOX2;CDCA2;KDR;TMSB10;INSIG1;OXCT1;MKI67;NDUFB4,-55.081991;17.411592;27.959767;13.409052;-33.802165;-36.106197;15.422854;-55.401128;-20.122139;-22.751434
empirical150,METTL14,0,1,0.5099501087616115,True,METTL14,0
empirical150,METTL14,0,2,0.5021045486355562,True,METTL14;CLDN6,0;28.061945
empirical150,METTL14,0,5,0.49612996073405785,True,METTL14;CLDN6;SOX2;TMSB10;MKI67,0;7.7943696;28.472266;-28.253715;-6.5643094
empirical150,METTL14,0,10,0.48333821675382854,False,METTL14;CLDN6;SOX2;TMSB10;MKI67;PAGR1;INSIG1;STAG2;OXCT1;PMS1,-29.618795;18.539811;17.175018;-42.755357;-26.03675;61.982344;8.9213699;-32.198328;-97.328379;-25.781289
empirical150,METTL14,1,1,0.510000343453221,True,METTL14,0
empirical150,METTL14,1,2,0.5023403462827835,True,METTL14;CLDN6,0;27.242205
empirical150,METTL14,1,5,0.495555037342617,True,METTL14;CLDN6;SOX2;TMSB10;MKI67,0;3.7605245;36.339742;-29.444122;-7.2273429
empirical150,METTL14,1,10,0.48498975699847213,False,METTL14;CLDN6;SOX2;TMSB10;MKI67;KDR;OXCT1;PMS1;PHF14;DAXX,-24.200887;13.624001;23.286293;-61.662547;-3.2410444;-29.290058;-57.202105;-25.033933;-41.53668;33.978598
empirical150,MED24,0,1,0.27034648972407865,True,MED24,0
empirical150,MED24,0,2,0.268864804884967,True,MED24;MKI67,0;3.7919997
empirical150,MED24,0,5,0.25122682164961685,True,MED24;MKI67;KDR;ACAT2;ACVR1B,0;-0.05359842;-20.953424;4.5189387;50.107552
empirical150,MED24,0,10,0.239465188481484,True,MED24;MKI67;KDR;ACAT2;ACVR1B;HMGB2;SIX4;CLDN6;ARID1A;PBX1,0;-4.9181894;-14.212859;-5.8357352;41.839316;45.906874;-6.7600418;8.8585525;33.765327;32.010134
empirical150,MED24,1,1,0.2798964369031145,True,MED24,0
empirical150,MED24,1,2,0.278424109538677,True,MED24;MKI67,0;4.3149966
empirical150,MED24,1,5,0.26459823281828365,False,MED24;MKI67;ACAT2;KDR;TMSB10,-0.1182302;7.8625103;18.709549;-33.005967;-29.137698
empirical150,MED24,1,10,0.2546461832712586,True,MED24;MKI67;ACAT2;KDR;TMSB10;HMGB2;CLDN6;TMSB4X;DHCR24;TFAM,0;2.8988092;30.001126;-29.380414;-55.616797;34.124269;34.219575;20.857473;-21.322831;-10.286181
empirical150,ATM,0,1,0.1291096510995969,False,ATM,-0.41756466
empirical150,ATM,0,2,0.12762443418273606,False,ATM;ACAT2,-2.1796259;-5.1426902
empirical150,ATM,0,5,0.12527085460372356,False,ATM;ACAT2;KDR;MKI67;ARID1A,-6.5765409;-4.4899192;4.3078399;-0.12318915;-11.104894
empirical150,ATM,0,10,0.12278370823856989,False,ATM;ACAT2;KDR;MKI67;ARID1A;NDUFB4;HMGB2;CLDN6;MAP1B;CLDN7,-8.7734308;-4.3363094;-0.36998315;3.7426716;-25.424522;-1.1087879;-17.507177;-9.2772735;4.7657513;9.7368893
empirical150,ATM,1,1,0.13129286270264917,False,ATM,-1.4625479
empirical150,ATM,1,2,0.12923589512885736,False,ATM;ACAT2,-2.9418189;-6.7200953
empirical150,ATM,1,5,0.12643387947030504,False,ATM;ACAT2;KDR;MKI67;CLDN6,-9.0453458;-7.9020105;12.84685;-3.2198898;-4.3152817
empirical150,ATM,1,10,0.12464213904545864,True,ATM;ACAT2;KDR;MKI67;CLDN6;SIX4;DHCR24;TMSB10;NDUFB4;HMGB2,0;-13.934142;7.0544325;-1.4388777;-11.800308;8.3522997;12.156443;10.263638;-3.2264811;-3.5484955
empirical150,PHF10,0,1,0.16233371528511803,False,PHF10,-5.0986957
empirical150,PHF10,0,2,0.16034465851819218,True,PHF10;KDR,0;8.1904333
empirical150,PHF10,0,5,0.1579905956826613,True,PHF10;KDR;MKI67;CLDN6;KDM2B,0;13.293775;-4.1862757;-5.3010465;7.1629839
empirical150,PHF10,0,10,0.15682714083267923,True,PHF10;KDR;MKI67;CLDN6;KDM2B;ACAT2;C1QBP;CASP3;TRAPPC6A;SMARCA5,0;9.1566739;-2.1160798;-0.68412561;19.151022;-3.2952013;-5.8416929;14.067526;10.369952;3.8024306
empirical150,PHF10,1,1,0.16107195150015294,False,PHF10,-3.4708805
empirical150,PHF10,1,2,0.15907744086190914,True,PHF10;KDR,0;9.0814063
empirical150,PHF10,1,5,0.1556498719605865,False,PHF10;KDR;MKI67;DHCR24;KDM2B,-1.9047485;18.606578;-6.7715345;-9.7435359;8.0719295
empirical150,PHF10,1,10,0.15457153287050626,False,PHF10;KDR;MKI67;DHCR24;KDM2B;HMGN1;TFAM;STAG2;CASP3;UQCRQ,-2.4887571;19.955243;-7.1405891;-10.681434;3.3809808;4.5166866;-5.6507675;8.9041143;5.3282035;-7.5773562
empirical150,DZIP3,0,1,0.09144906453618912,False,DZIP3,-9.7115595
empirical150,DZIP3,0,2,0.09131300296245413,False,DZIP3;ACAT2,-9.0156086;-1.3115104
empirical150,DZIP3,0,5,0.09117424070592367,False,DZIP3;ACAT2;MKI67;HMGB2;DHCR24,-7.6121985;-2.2719636;-0.54933569;2.2656097;0.63376357
empirical150,DZIP3,0,10,0.09109981548474988,False,DZIP3;ACAT2;MKI67;HMGB2;DHCR24;TMSB10;NDUFB4;SOX2;CASP3;ATP1B1,-6.673426;-3.1034093;-0.67141097;1.9731774;0.91350657;1.4054318;1.4395771;0.56165423;-1.6398298;1.8897261
empirical150,DZIP3,1,1,0.06922082152736246,False,DZIP3,-9.7223555
empirical150,DZIP3,1,2,0.06910452571113108,False,DZIP3;ACAT2,-8.9378427;-1.1776641
empirical150,DZIP3,1,5,0.06892511423553806,False,DZIP3;ACAT2;CDCA2;SLC25A3;CLDN6,-6.1923168;-2.1464338;-0.27699853;3.0020771;0.97658603
empirical150,DZIP3,1,10,0.06876370869272717,False,DZIP3;ACAT2;CDCA2;SLC25A3;CLDN6;DAXX;CASP3;KDM2B;MAP1B;INSIG1,-5.9034202;-1.5686061;-0.31050929;4.7715445;1.7627073;0.53060474;-2.4861069;-1.191423;1.7426248;-1.9751931
empirical150,ZNF562,0,1,0.07670804845353792,False,ZNF562,-5.3867525
empirical150,ZNF562,0,2,0.07653069401855703,False,ZNF562;ACAT2,-4.5967557;1.3685737
empirical150,ZNF562,0,5,0.07581463398254694,False,ZNF562;ACAT2;SIX4;ACVR1B;TMSB4X,-5.7606356;0.39379447;-3.9216387;5.3557306;2.1552915
empirical150,ZNF562,0,10,0.07527535282398923,False,ZNF562;ACAT2;SIX4;ACVR1B;TMSB4X;MKI67;SLC25A3;ANTXR1;HMGN1;KDR,-9.641891;0.21340671;-4.6287946;5.865208;2.7695515;0.37860158;-4.6826575;-7.1137753;-2.4916105;-1.0925859
empirical150,ZNF562,1,1,0.08002945478546872,False,ZNF562,-6.4035315
empirical150,ZNF562,1,2,0.07967716640726066,False,ZNF562;SIX4,-2.3321317;-2.9414888
empirical150,ZNF562,1,5,0.07890655355436409,False,ZNF562;SIX4;ACVR1B;TMSB4X;MKI67,-5.5519184;-3.2619276;9.5466248;2.6165399;-1.1332687
empirical150,ZNF562,1,10,0.0786768137739222,False,ZNF562;SIX4;ACVR1B;TMSB4X;MKI67;SLC25A3;SOX2;ACAT2;CDCA2;DHCR24,-10.759712;-1.6388412;9.9189071;1.740252;-2.9194018;-4.2964938;-2.7618775;1.6605567;1.364099;-0.90809617
empirical150,MED1,0,1,0.1970752790743063,True,MED1,0
empirical150,MED1,0,2,0.19651930418862323,True,MED1;MKI67,0;1.9845612
empirical150,MED1,0,5,0.19039061448755432,True,MED1;MKI67;KDR;ACVR1B;TMSB4X,0;-1.523195;-6.953907;31.419033;6.5624387
empirical150,MED1,0,10,0.1855318850734504,True,MED1;MKI67;KDR;ACVR1B;TMSB4X;CLDN7;MAP1B;TET1;ACAT2;RRM1,0;8.3356028;-5.0322654;29.979973;21.550241;16.328906;-11.628932;8.2273803;-4.4003826;17.702738
empirical150,MED1,1,1,0.19866942674858898,True,MED1,0
empirical150,MED1,1,2,0.1978641916387668,True,MED1;MKI67,0;2.6892911
empirical150,MED1,1,5,0.19218125041221507,False,MED1;MKI67;ARID1A;KDM2B;HMGB2,-25.126976;0.43194889;31.551618;-11.177958;7.9272214
empirical150,MED1,1,10,0.18739074623870322,False,MED1;MKI67;ARID1A;KDM2B;HMGB2;TET1;KDR;ACVR1B;TMSB4X;ACAT2,-3.7803387;-2.1358611;19.659772;-8.8683713;7.591465;15.243109;-9.2513431;31.666849;8.6935457;-4.7238896
rank50_allgenes,TMSB4X,0,1,0.07066383888513651,False,TMSB4X,-4.0115889
rank50_allgenes,TMSB4X,0,2,0.0703714175997483,False,TMSB4X;IGFBP2,-4.5706362;-0.68425017
rank50_allgenes,TMSB4X,0,5,0.07004976241661622,False,TMSB4X;IGFBP2;HIST1H2BH;SCGB3A2;CDK1,-4.9853402;-0.76581339;0.032114586;-0.72755928;-0.3381233
rank50_allgenes,TMSB4X,0,10,0.06964089814602833,False,TMSB4X;IGFBP2;HIST1H2BH;SCGB3A2;CDK1;TUBA1B;PFN1;MT-ND4;RSRP1;CCN2,-1.6113924;-1.0467149;0.061620212;-0.32565127;0.51138252;-0.74838774;0.96556629;-0.20059097;5.0897049;1.2722455
rank50_allgenes,TMSB4X,1,1,0.07266136574114022,False,TMSB4X,-3.7217358
rank50_allgenes,TMSB4X,1,2,0.0723501464933986,False,TMSB4X;FAM162A,-3.7124852;-0.83595616
rank50_allgenes,TMSB4X,1,5,0.07207290922729108,False,TMSB4X;FAM162A;CDK1;SCGB3A2;TUBA1B,-2.9495891;-0.81094232;-0.19030921;-0.74296338;-0.72952342
rank50_allgenes,TMSB4X,1,10,0.07189005368699894,False,TMSB4X;FAM162A;CDK1;SCGB3A2;TUBA1B;MT-ND4;PFN1;PKDCC;HIST1H1B;NUCKS1,-1.7592457;-1.119191;-0.18662909;-0.76587074;-1.0244064;0.4968174;-0.84729645;-1.0278009;-0.036143049;-0.69289275
rank50_allgenes,PRCP,0,1,0.07444549983943753,False,PRCP,-6.0035699
rank50_allgenes,PRCP,0,2,0.0742960133767424,False,PRCP;HIST1H1B,-5.9921491;0.16426218
rank50_allgenes,PRCP,0,5,0.07381545588205699,False,PRCP;HIST1H1B;MT-ND4;S100A10;CDK1,-5.3201659;0.081409827;0.35020164;-1.4001041;-0.21959482
rank50_allgenes,PRCP,0,10,0.07346156945233581,False,PRCP;HIST1H1B;MT-ND4;S100A10;CDK1;TUBA1B;DUSP6;SCGB3A2;HMGCS1;PFN1,-3.6580976;-0.032479156;0.41446902;-3.0179003;-0.40468968;1.1490896;2.5165481;1.4154738;-0.34760556;0.79679
rank50_allgenes,PRCP,1,1,0.093626602812116,False,PRCP,-5.1940499
rank50_allgenes,PRCP,1,2,0.09341167046975662,False,PRCP;HIST1H1B,-5.3836263;0.23549697
rank50_allgenes,PRCP,1,5,0.09299220112844242,False,PRCP;HIST1H1B;PGM1;GAL;CDK1,-4.6386553;0.19435706;-1.0546661;-1.4100832;-0.23513177
rank50_allgenes,PRCP,1,10,0.09264609348651585,False,PRCP;HIST1H1B;PGM1;GAL;CDK1;MT-ND4;HIST1H3E;TUBA1B;CCN2;HIST1H1D,-6.3696986;0.95684679;-0.91482068;-1.2008594;-0.59585006;0.73757275;0.96560714;0.2660567;-1.1108087;-1.9172169
rank50_allgenes,TADA1,0,1,0.23981214850874016,True,TADA1,0
rank50_allgenes,TADA1,0,2,0.23588187805997504,True,TADA1;ERBB2,0;-9.1860313
rank50_allgenes,TADA1,0,5,0.2323365605781834,False,TADA1;ERBB2;IGFBP2;MT-ATP6;SCGB3A2,-5.0408589;-17.491738;-5.0633225;1.7247705;-4.1226865
rank50_allgenes,TADA1,0,10,0.22168331647848394,True,TADA1;ERBB2;IGFBP2;MT-ATP6;SCGB3A2;HIST1H1B;PSAT1;CDK1;TAGLN;VIM,0;-25.017855;-2.8922059;-0.24799425;-6.0827864;1.7632303;-30.68308;-1.9594276;12.531485;-12.44899
rank50_allgenes,TADA1,1,1,0.24327962121794758,True,TADA1,0
rank50_allgenes,TADA1,1,2,0.24068158030473652,True,TADA1;ERBB2,0;-7.191785
rank50_allgenes,TADA1,1,5,0.23676777805531635,True,TADA1;ERBB2;IGFBP2;HIST1H1B;VIM,0;-13.973677;-3.0297868;0.77371269;-6.3706931
rank50_allgenes,TADA1,1,10,0.22119651467172666,True,TADA1;ERBB2;IGFBP2;HIST1H1B;VIM;ITGB5;CDK1;AASS;PKDCC;PFN1,0;-27.757402;3.611542;0.26632288;-8.8160058;56.432144;-2.0512791;-7.3280445;16.350328;6.1055873
rank50_allgenes,HIRA,0,1,0.1270399680295352,False,HIRA,-4.0516008
rank50_allgenes,HIRA,0,2,0.12451739944679348,True,HIRA;MT-ND4,0;2.6147576
rank50_allgenes,HIRA,0,5,0.12404849504362132,False,HIRA;MT-ND4;HIST1H2BH;VIM;IGFBP2,-1.6842284;2.5416549;-0.31665423;3.16012;-0.8655153
rank50_allgenes,HIRA,0,10,0.12328315550044217,True,HIRA;MT-ND4;HIST1H2BH;VIM;IGFBP2;SCGB3A2;CDK1;SLC7A5;TUBA1B;HMGCR,0;2.6477072;-0.4002953;4.4691325;0.66504834;-1.1941801;0.52581792;4.206218;1.7903274;-1.3498212
rank50_allgenes,HIRA,1,1,0.10363973524573605,False,HIRA,-3.2348051
rank50_allgenes,HIRA,1,2,0.10359771168188105,False,HIRA;HIST1H2BH,-3.1214054;-0.12599494
rank50_allgenes,HIRA,1,5,0.10158395535047822,True,HIRA;HIST1H2BH;MT-ND4;VIM;GPC4,0;-0.56400423;1.6981429;2.6891292;3.5865701
rank50_allgenes,HIRA,1,10,0.10012679100624587,True,HIRA;HIST1H2BH;MT-ND4;VIM;GPC4;TUBA1B;DDIT4;HMGCR;CDK1;AASS,0;-0.60568371;2.1672209;1.6556727;8.8311151;1.9726972;2.5524501;-2.3860165;1.1418129;-2.5779934
rank50_allgenes,IGF2R,0,1,0.07872164790281758,False,IGF2R,-5.2391297
rank50_allgenes,IGF2R,0,2,0.07862840057287906,False,IGF2R;HIST1H1C,-6.4046153;0.14948855
rank50_allgenes,IGF2R,0,5,0.07754466494950786,False,IGF2R;HIST1H1C;CDK1;IGFBP2;MT-ND4,-5.5045508;0.43565458;0.9859819;0.81992586;-0.1340863
rank50_allgenes,IGF2R,0,10,0.07725107026014699,False,IGF2R;HIST1H1C;CDK1;IGFBP2;MT-ND4;PKDCC;TPM1;CHD7;SLC2A3;SCGB3A2,-4.8595158;0.47046761;1.0979582;-0.21416705;0.0037389345;-1.1620787;-3.0189136;-2.0605793;-1.067572;-0.61650447
rank50_allgenes,IGF2R,1,1,0.09230931142876009,False,IGF2R,-4.8465416
rank50_allgenes,IGF2R,1,2,0.09222099940355462,False,IGF2R;HIST1H1C,-6.0101228;0.166676
rank50_allgenes,IGF2R,1,5,0.09134817566044745,False,IGF2R;HIST1H1C;CDK1;IGFBP2;SFRP1,-3.6672404;0.45025068;0.96927496;0.62370499;-1.4295385
rank50_allgenes,IGF2R,1,10,0.09118338723717945,True,IGF2R;HIST1H1C;CDK1;IGFBP2;SFRP1;TAGLN;MT-ND4;CNN2;COL1A1;E2F1,0;0.42181874;0.6801236;0.15450958;-2.024415;-0.29433915;-0.62850262;-1.2258359;-1.0832813;-0.92338931
rank50_allgenes,NCK2,0,1,0.07669982461838051,True,NCK2,0
rank50_allgenes,NCK2,0,2,0.07624539622274164,True,NCK2;S100A10,0;1.631161
rank50_allgenes,NCK2,0,5,0.07592069802944704,True,NCK2;S100A10;MT-ND4;WSB1;HIST1H1C,0;2.1987759;0.45832645;-1.0132215;-0.069997692
rank50_allgenes,NCK2,0,10,0.07563686595137774,True,NCK2;S100A10;MT-ND4;WSB1;HIST1H1C;HIST1H3E;SCGB3A2;CDC6;CDK1;HSP90AB1,0;2.4494024;0.37559397;-1.7941454;0.16061608;-0.81299031;-0.77224902;-1.8092688;-0.58181363;-0.66131117
rank50_allgenes,NCK2,1,1,0.07318736728155646,True,NCK2,0
rank50_allgenes,NCK2,1,2,0.0728474330848068,True,NCK2;C4orf3,0;1.0870422
rank50_allgenes,NCK2,1,5,0.07245918307005088,True,NCK2;C4orf3;HIST1H3E;HIST1H1B;CDK1,0;1.1814982;-1.141399;0.19608918;-0.29350266
rank50_allgenes,NCK2,1,10,0.07203024904929758,True,NCK2;C4orf3;HIST1H3E;HIST1H1B;CDK1;TAGLN;MT-ND4;PLK1;CCN2;HMGCR,0;2.2069238;-0.037490692;0.661307;-1.5428334;0.97264636;0.60483692;2.5600943;0.72536272;-0.40049984
rank50_allgenes,MED13,0,1,0.1383154853080878,True,MED13,0
rank50_allgenes,MED13,0,2,0.13493654169502897,False,MED13;COL1A1,-2.211224;-8.1227232
rank50_allgenes,MED13,0,5,0.1341058796701856,True,MED13;COL1A1;IGFBP2;HIST1H1B;TAGLN,0;-9.5681671;2.6337959;0.10632019;4.1283238
rank50_allgenes,MED13,0,10,0.1317653400251642,True,MED13;COL1A1;IGFBP2;HIST1H1B;TAGLN;S100A10;CDK1;PSAT1;MT-ND4;ZIC5,0;-11.432957;4.1018559;0.045571998;6.0671555;-5.2208249;0.59792891;-9.8924995;-0.28674482;-7.3399997
rank50_allgenes,MED13,1,1,0.14532313294446256,False,MED13,-0.67265454
rank50_allgenes,MED13,1,2,0.14300883402680192,True,MED13;AASS,0;-5.4010932
rank50_allgenes,MED13,1,5,0.142079517459504,True,MED13;AASS;CDK1;HIST1H1B;IGFBP2,0;-6.8225796;1.4724779;0.28405425;0.80017991
rank50_allgenes,MED13,1,10,0.13773083211741372,False,MED13;AASS;CDK1;HIST1H1B;IGFBP2;S100A10;PKDCC;TAGLN;ERBB2;HIST1H3E,-7.7451656;-3.3525709;0.019380759;-1.0444344;2.5177904;-15.613307;-1.5479808;4.6269728;-14.591502;3.1709474
rank50_allgenes,MED12,0,1,0.12519673653749533,True,MED12,0
rank50_allgenes,MED12,0,2,0.12490847357498938,True,MED12;HIST1H1B,0;-0.29578491
rank50_allgenes,MED12,0,5,0.12146347278844707,False,MED12;HIST1H1B;IGFBP2;ERBB2;SCGB3A2,-3.3394389;0.080819318;-1.2599605;-8.129193;-3.9442625
rank50_allgenes,MED12,0,10,0.11875037511974099,False,MED12;HIST1H1B;IGFBP2;ERBB2;SCGB3A2;HIST1H3E;HMGCS1;HSP90B1;TAGLN;VIM,-15.308009;-0.57611252;0.51579983;-17.756945;-5.6953562;3.8635584;-2.1110683;5.0184539;5.7471892;-6.288354
rank50_allgenes,MED12,1,1,0.13323575518868117,True,MED12,0
rank50_allgenes,MED12,1,2,0.132932218566452,True,MED12;HIST1H1B,0;-0.33359133
rank50_allgenes,MED12,1,5,0.1300408246092809,False,MED12;HIST1H1B;IGFBP2;ERBB2;SCGB3A2,-4.6362406;0.079273047;-1.2983068;-7.8218506;-4.7465411
rank50_allgenes,MED12,1,10,0.12587103039411737,True,MED12;HIST1H1B;IGFBP2;ERBB2;SCGB3A2;HIST1H3E;TAGLN;VIM;VCAN;TOP2A,0;-0.81638469;-2.0093957;-24.576057;-9.9370939;3.6491436;4.3547267;-3.691211;11.269409;-1.5917544
rank50_allgenes,STAT1,0,1,0.0725243249120026,False,STAT1,-4.7462225
rank50_allgenes,STAT1,0,2,0.07237600268255749,True,STAT1;HIST1H1B,0;0.19209119
rank50_allgenes,STAT1,0,5,0.07191188551132369,False,STAT1;HIST1H1B;SCGB3A2;MT-ATP6;CCN2,-3.8292821;0.23487202;-0.79773974;0.4316308;-1.7089444
rank50_allgenes,STAT1,0,10,0.07158146070696746,False,STAT1;HIST1H1B;SCGB3A2;MT-ATP6;CCN2;HMGCS1;IGFBP2;MKI67;CDK1;ZIC5,-5.425943;0.37488281;-0.92443904;0.25874891;-1.6453463;-0.56168702;0.3756172;2.3354625;-0.51843701;-1.4275415
rank50_allgenes,STAT1,1,1,0.0826692008779609,False,STAT1,-5.4060301
rank50_allgenes,STAT1,1,2,0.08246021650383178,True,STAT1;HIST1H1B,0;0.2488717
rank50_allgenes,STAT1,1,5,0.08196436122891401,True,STAT1;HIST1H1B;SCGB3A2;AASS;HMGCR,0;0.34579904;-1.9687223;1.2744203;-0.67097679
rank50_allgenes,STAT1,1,10,0.08154064341058753,True,STAT1;HIST1H1B;SCGB3A2;AASS;HMGCR;IGFBP2;HMGCS1;MT-ND4;VIM;ZIM3,0;0.4930397;-3.1547807;3.4341164;-4.2381835;0.62237593;2.6002677;0.18312338;-0.57866739;1.4995298
rank50_allgenes,USP22,0,1,0.10035973497382245,True,USP22,0
rank50_allgenes,USP22,0,2,0.10015243861518315,True,USP22;HIST1H1B,0;-0.22461152
rank50_allgenes,USP22,0,5,0.09736267410232732,False,USP22;HIST1H1B;SCGB3A2;ERBB2;DDIT4,-4.9174559;0.1426067;-0.11228033;-9.0943819;-4.3170102
rank50_allgenes,USP22,0,10,0.09493763948013494,False,USP22;HIST1H1B;SCGB3A2;ERBB2;DDIT4;CDK1;MT-ATP6;VIM;PSAT1;HMGCS1,-2.0813023;0.15155585;0.42826034;-9.1205963;-3.8823558;-1.3844041;0.075129576;-4.1298833;-7.3852691;0.84230147
rank50_allgenes,USP22,1,1,0.10516388800250748,True,USP22,0
rank50_allgenes,USP22,1,2,0.10502361562804523,True,USP22;HIST1H1B,0;-0.20152124
rank50_allgenes,USP22,1,5,0.10210410497368275,True,USP22;HIST1H1B;ERBB2;VIM;CDK1,0;-0.074357602;-5.5287171;-3.9778582;-0.83944186
rank50_allgenes,USP22,1,10,0.09852846985766384,True,USP22;HIST1H1B;ERBB2;VIM;CDK1;DDIT4;PSAT1;MT1X;AASS;ITGB5,0;0.097565717;-4.6565421;-3.1886042;-0.069255417;-2.4668798;-9.4276207;10.313205;-5.1219904;8.6780724
rank50_allgenes,MED13L,0,1,0.10501546688986371,False,MED13L,-1.1079529
rank50_allgenes,MED13L,0,2,0.10493816653186179,False,MED13L;HIST1H2BH,-3.2231262;-0.17859039
rank50_allgenes,MED13L,0,5,0.10349985706294963,True,MED13L;HIST1H2BH;COL1A1;ERBB2;IGFBP2,0;0.075111079;-3.5311817;-2.0212527;-0.68079532
rank50_allgenes,MED13L,0,10,0.10179186839148675,True,MED13L;HIST1H2BH;COL1A1;ERBB2;IGFBP2;SCGB3A2;HIST1H3E;MTHFD2;HSP90AB1;E2F1,0;-0.088276964;-1.417378;-10.833769;-1.8723518;-2.1057271;2.5868454;-12.753637;2.583752;1.8777201
rank50_allgenes,MED13L,1,1,0.09861488280711314,False,MED13L,-2.6494361
rank50_allgenes,MED13L,1,2,0.09856595571735137,False,MED13L;HIST1H2BH,-4.0093372;-0.14423717
rank50_allgenes,MED13L,1,5,0.09704754589355824,True,MED13L;HIST1H2BH;AASS;CDK1;PKDCC,0;0.069910238;-3.6970241;0.84858838;-1.3954201
rank50_allgenes,MED13L,1,10,0.09561582965428052,True,MED13L;HIST1H2BH;AASS;CDK1;PKDCC;IGFBP2;CRABP1;HIST1H3E;MT-ATP6;TAGLN,0;-0.36815214;-6.7793732;0.75139965;-3.0300768;1.3845804;-8.3877315;1.6767278;1.2859051;1.6859161
rank50_allgenes,TET1,0,1,0.10577696522060769,False,TET1,-2.5003209
rank50_allgenes,TET1,0,2,0.10571703800674684,False,TET1;HIST1H1C,-2.2942337;-0.12525763
rank50_allgenes,TET1,0,5,0.10516511058563732,True,TET1;HIST1H1C;DDIT4;CDK1;MT-ND4,0;-0.28191947;-1.3025219;-0.47065023;0.2899089
rank50_allgenes,TET1,0,10,0.10313544958638214,True,TET1;HIST1H1C;DDIT4;CDK1;MT-ND4;COL1A1;GPC4;SCGB3A2;TUBA1B;TAGLN,0;-0.73073911;1.863855;-0.31085246;0.67084569;-7.5171637;10.553903;2.2629528;1.7026361;2.764147
rank50_allgenes,TET1,1,1,0.10912193974099658,False,TET1,-2.1503956
rank50_allgenes,TET1,1,2,0.10909408893889136,False,TET1;HIST1H1C,-2.0191571;-0.092960829
rank50_allgenes,TET1,1,5,0.1085583475477109,True,TET1;HIST1H1C;DDIT4;TOP2A;TUBA1B,0;-0.22804761;-1.0850462;-0.4349876;1.001397
rank50_allgenes,TET1,1,10,0.10695163777332152,True,TET1;HIST1H1C;DDIT4;TOP2A;TUBA1B;ITGB5;COL1A1;TAGLN;FZD7;MT-ND4,0;-0.40707398;0.95847603;-0.80026432;1.976728;8.9739185;-3.4554339;1.2957324;4.9147601;0.6006987
rank50_allgenes,KIF1B,0,1,0.07449375057783103,False,KIF1B,-2.8714175
rank50_allgenes,KIF1B,0,2,0.07447386745619716,False,KIF1B;HIST1H1C,-2.7453505;0.060112083
rank50_allgenes,KIF1B,0,5,0.07399515894124373,False,KIF1B;HIST1H1C;MT-ND4;SCGB3A2;TOP2A,-1.6875214;0.34117604;-0.50409771;-0.9161314;0.60987476
rank50_allgenes,KIF1B,0,10,0.0737457035427771,False,KIF1B;HIST1H1C;MT-ND4;SCGB3A2;TOP2A;HMGCS1;ERBB2;TUBA1B;IGFBP2;GAL,-2.2969133;0.27798824;-0.41432526;0.13221408;0.46561616;0.37723342;1.5238864;0.63189204;0.26194334;-1.3058721
rank50_allgenes,KIF1B,1,1,0.07190706685121057,False,KIF1B,-4.0041087
rank50_allgenes,KIF1B,1,2,0.07184511406100383,False,KIF1B;HIST1H1B,-3.736552;0.11140416
rank50_allgenes,KIF1B,1,5,0.07115525201732324,False,KIF1B;HIST1H1B;GAL;MT-ND4;ERBB2,-4.7933849;0.18780426;-1.9651674;-0.66311926;0.65032191
rank50_allgenes,KIF1B,1,10,0.07100827956081235,False,KIF1B;HIST1H1B;GAL;MT-ND4;ERBB2;CDK1;HMGCS1;TAGLN;CCN2;IGFBP2,-3.1887003;0.31789136;-1.5211031;-0.73618357;1.4020478;0.33337259;0.67069006;0.58394578;-0.54810881;0.14316988
rank50_allgenes,SRC,0,1,0.08465811522795916,True,SRC,0
rank50_allgenes,SRC,0,2,0.08431324708237409,True,SRC;HIST1H2BH,0;-0.30035696
rank50_allgenes,SRC,0,5,0.08111176081665714,True,SRC;HIST1H2BH;SCGB3A2;CDK1;PFN1,0;0.68078354;-3.0232487;1.5753496;-1.8513696
rank50_allgenes,SRC,0,10,0.07970546325007685,False,SRC;HIST1H2BH;SCGB3A2;CDK1;PFN1;GAL;IGFBP2;ZIC5;HIST1H3E;MT-ATP6,-8.5501378;0.71290748;-0.29789362;1.5525497;-0.39907131;-4.2625243;-1.6655689;3.0731213;0.75071494;-0.19809346
rank50_allgenes,SRC,1,1,0.08464325296491777,True,SRC,0
rank50_allgenes,SRC,1,2,0.0843292325616513,True,SRC;HIST1H2BH,0;-0.31040841
rank50_allgenes,SRC,1,5,0.08023783351571162,False,SRC;HIST1H2BH;SCGB3A2;CDK1;IGFBP2,-9.0044353;0.87401816;-4.7613896;2.4435145;-1.2736247
rank50_allgenes,SRC,1,10,0.07872598791654957,False,SRC;HIST1H2BH;SCGB3A2;CDK1;IGFBP2;ZIC5;PKDCC;MT-ATP6;CNN2;IQSEC2,-0.37605422;0.81297036;-3.21452;1.3799791;-2.2810244;3.8101719;-1.8136385;-0.21326493;-1.7497555;-3.9107996
rank50_allgenes,PBX1,0,1,0.07470994317500108,True,PBX1,0
rank50_allgenes,PBX1,0,2,0.07455694536918706,True,PBX1;HIST1H1C,0;-0.16623871
rank50_allgenes,PBX1,0,5,0.07295576398319759,True,PBX1;HIST1H1C;TOP2A;SCGB3A2;ITGB5,0;0.19194582;0.70673452;-0.91198519;-6.7012862
rank50_allgenes,PBX1,0,10,0.07211356223155901,False,PBX1;HIST1H1C;TOP2A;SCGB3A2;ITGB5;IGFBP2;HSP90B1;HMGCS1;TUBA1B;HSP90AB1,-3.9989281;0.36265814;0.89522699;-1.4038545;-11.827656;-0.28745503;2.9383004;-0.74035365;-0.88431495;-1.3128046
rank50_allgenes,PBX1,1,1,0.07987041682761725,True,PBX1,0
rank50_allgenes,PBX1,1,2,0.0797117413201858,True,PBX1;HIST1H1C,0;-0.18785983
rank50_allgenes,PBX1,1,5,0.07738954174292192,True,PBX1;HIST1H1C;TOP2A;ITGB5;IGFBP2,0;0.25704744;0.98921034;-9.4540437;-0.86152496
rank50_allgenes,PBX1,1,10,0.07569235719179723,False,PBX1;HIST1H1C;TOP2A;ITGB5;IGFBP2;SCGB3A2;HSP90B1;ID1;HIST1H3E;TUBA1B,-3.8685877;0.63876105;1.6713326;-13.391098;-3.1782107;-1.3482497;3.8357702;-4.8907463;1.2114498;-1.2134894
rank50_allgenes,CAST,0,1,0.1047236341411149,True,CAST,0
rank50_allgenes,CAST,0,2,0.10317289119547449,True,CAST;MT-ND4,0;1.8040504
rank50_allgenes,CAST,0,5,0.09726486479621213,True,CAST;MT-ND4;PSAT1;HIST1H1B;CDC6,0;2.6168225;17.191398;-0.17224816;-3.8025924
rank50_allgenes,CAST,0,10,0.0944797855267452,True,CAST;MT-ND4;PSAT1;HIST1H1B;CDC6;CDK1;HMGCR;FAM162A;COL1A1;CCN2,0;3.0943688;20.34114;-0.83204591;-7.9429583;-2.5161971;-3.2609548;2.1590075;-3.0889188;3.6643268
rank50_allgenes,CAST,1,1,0.10698897843791909,True,CAST,0
rank50_allgenes,CAST,1,2,0.10683771562331654,True,CAST;CDK1,0;0.44581796
rank50_allgenes,CAST,1,5,0.10612276675600488,False,CAST;CDK1;HIST1H1B;HMGCR;DDIT4,-1.0451515;1.1650623;0.19595219;-2.7192962;1.2382845
rank50_allgenes,CAST,1,10,0.09980261723649217,False,CAST;CDK1;HIST1H1B;HMGCR;DDIT4;PSAT1;MT-ATP6;CDC6;COL1A1;PFN1,-5.7069544;-2.5989904;-0.6687792;-3.7524159;2.3379717;21.997704;3.5851986;-9.1498733;-2.7086449;-2.5830433
rank50_allgenes,IDE,0,1,0.07130542826246715,True,IDE,0
rank50_allgenes,IDE,0,2,0.07096414764320351,True,IDE;FAM162A,0;0.89593241
rank50_allgenes,IDE,0,5,0.0706734809709561,True,IDE;FAM162A;MT-ATP6;HSP90AB1;HIST1H1C,0;0.85857177;-0.47259036;-1.1456005;0.098806376
rank50_allgenes,IDE,0,10,0.07045380574944844,False,IDE;FAM162A;MT-ATP6;HSP90AB1;HIST1H1C;AASS;GJA1;TUBA1B;HMGCS1;SEMA6A,-3.0967018;0.20033561;-0.61704333;-1.2511504;-0.074409075;0.42414448;-1.1706739;-0.71647257;0.39747938;-2.1425051
rank50_allgenes,IDE,1,1,0.07188890588527144,True,IDE,0
rank50_allgenes,IDE,1,2,0.07160412707976627,False,IDE;FAM162A,-0.46999995;0.79893447
rank50_allgenes,IDE,1,5,0.07139654660634126,True,IDE;FAM162A;MFGE8;HIST1H3E;HIST1H1B,0;0.96911703;-1.5972833;0.72832618;-0.14036748
rank50_allgenes,IDE,1,10,0.0712345250777436,False,IDE;FAM162A;MFGE8;HIST1H3E;HIST1H1B;TAGLN;CDK1;SCGB3A2;PMAIP1;TUBA1B,-2.9074935;1.168215;-1.9319314;0.76332118;0.027819226;0.59243723;0.69096619;-0.66085233;1.5364079;-0.41238576
rank50_allgenes,MAPKAPK2,0,1,0.0843413916566991,False,MAPKAPK2,-0.040930314
rank50_allgenes,MAPKAPK2,0,2,0.08391343494152471,True,MAPKAPK2;HIST1H1B,0;-0.29561991
rank50_allgenes,MAPKAPK2,0,5,0.08246016498018112,True,MAPKAPK2;HIST1H1B;MT-ATP6;CDK1;DDIT4,0;-0.028855889;-0.9471695;0.75286181;1.1529089
rank50_allgenes,MAPKAPK2,0,10,0.0820551002142861,False,MAPKAPK2;HIST1H1B;MT-ATP6;CDK1;DDIT4;HIST1H3E;GAL;TUBA1B;GJA1;PFN1,-5.0193068;0.12965177;-0.86564195;-0.0076158176;0.65637806;-1.420003;1.4047493;0.32387302;-2.3409272;-1.0995663
rank50_allgenes,MAPKAPK2,1,1,0.07879817721067049,False,MAPKAPK2,-0.92958711
rank50_allgenes,MAPKAPK2,1,2,0.07839095732467072,False,MAPKAPK2;HIST1H1B,-0.19416005;-0.30117219
rank50_allgenes,MAPKAPK2,1,5,0.07705576336761771,True,MAPKAPK2;HIST1H1B;FAM162A;CDK1;MT-ATP6,0;-0.084915787;1.2951687;0.58307909;-1.0722707
rank50_allgenes,MAPKAPK2,1,10,0.07685214484708014,False,MAPKAPK2;HIST1H1B;FAM162A;CDK1;MT-ATP6;HIST1H3E;CDH1;TUBA1B;HSP90AB1;HIST1H1A,-0.5295982;-0.56120383;1.7617419;0.5528777;-0.9056916;-0.41524804;-1.3388519;-0.56265321;-1.1964952;1.3207216
rank50_allgenes,PTPN1,0,1,0.06786502639585856,False,PTPN1,-4.143926
rank50_allgenes,PTPN1,0,2,0.06780305458884155,False,PTPN1;HIST1H1C,-4.7476677;0.10276125
rank50_allgenes,PTPN1,0,5,0.06717446374366191,True,PTPN1;HIST1H1C;MT-ATP6;CDK1;S100A10,0;0.26883554;-0.38617729;0.57627799;1.352552
rank50_allgenes,PTPN1,0,10,0.06685335644269397,False,PTPN1;HIST1H1C;MT-ATP6;CDK1;S100A10;IGFBP2;AASS;CKS2;VIM;PFN1,-4.7335463;-0.018045612;-0.3898926;1.0807829;3.8146372;-0.50262319;-1.7953244;-2.4894817;-2.0716754;-0.73501106
rank50_allgenes,PTPN1,1,1,0.07162798296982119,False,PTPN1,-3.6378132
rank50_allgenes,PTPN1,1,2,0.07157801445911322,False,PTPN1;HIST1H1C,-4.0399789;0.10087964
rank50_allgenes,PTPN1,1,5,0.07104554413269229,False,PTPN1;HIST1H1C;S100A10;CDK1;SLC2A1,-0.92953915;0.20213761;1.8415129;0.42394922;-0.49554434
rank50_allgenes,PTPN1,1,10,0.07081878172438774,True,PTPN1;HIST1H1C;S100A10;CDK1;SLC2A1;MT-ATP6;VIM;CHGA;PFN1;HSP90B1,0;0.28013338;3.2845646;0.36082375;-0.88213758;-0.20413817;-1.1214367;2.1729937;-1.188264;-1.1325089
rank50_allgenes,KDM2B,0,1,0.11933476644638241,True,KDM2B,0
rank50_allgenes,KDM2B,0,2,0.1184677683260578,True,KDM2B;HIST1H1C,0;0.49953409
rank50_allgenes,KDM2B,0,5,0.11211995837997318,False,KDM2B;HIST1H1C;MT-ND4;IGFBP2;HMGCR,-2.3422737;0.15875644;3.0167301;4.2069043;-3.4197432
rank50_allgenes,KDM2B,0,10,0.10498346907535437,False,KDM2B;HIST1H1C;MT-ND4;IGFBP2;HMGCR;CDK1;PSAT1;MCM2;CNN2;ITGB5,-5.8845886;-0.36427629;4.3363885;5.9906231;-5.5309367;-2.1068579;19.216152;-12.047448;4.2355936;5.2457506
rank50_allgenes,KDM2B,1,1,0.11727882517471264,True,KDM2B,0
rank50_allgenes,KDM2B,1,2,0.11659927582859447,True,KDM2B;HIST1H1C,0;0.47060833
rank50_allgenes,KDM2B,1,5,0.1122148046262262,False,KDM2B;HIST1H1C;IGFBP2;MT-ND4;HMGCR,-1.0227256;0.11786679;4.4847375;2.5175505;-4.4491977
rank50_allgenes,KDM2B,1,10,0.10546840340403035,False,KDM2B;HIST1H1C;IGFBP2;MT-ND4;HMGCR;CDK1;PSAT1;ZIC5;SCGB3A2;ITGB5,-0.7156368;-0.55247137;9.6001327;4.5649657;-7.1252776;0.55970382;25.341899;6.8675253;3.1900544;10.412834
rank50_allgenes,ATP1B1,0,1,0.07039825616963104,False,ATP1B1,-0.5629513
rank50_allgenes,ATP1B1,0,2,0.06999445752319851,True,ATP1B1;CDK1,0;-0.55262815
rank50_allgenes,ATP1B1,0,5,0.06919604372268182,True,ATP1B1;CDK1;IGFBP2;MT-ND4;HIST1H1C,0;-0.64360143;-0.87944569;-0.62780675;-0.070310384
rank50_allgenes,ATP1B1,0,10,0.06882410382305273,False,ATP1B1;CDK1;IGFBP2;MT-ND4;HIST1H1C;S100A10;HMGCS1;SCGB3A2;COL1A1;VCAN,-0.5877913;-0.83642458;-0.50595368;-0.62330914;-0.12956267;-1.2087966;0.72839025;0.42150931;-1.8326967;1.53132
rank50_allgenes,ATP1B1,1,1,0.07429927451603356,True,ATP1B1,0
rank50_allgenes,ATP1B1,1,2,0.07378665295906005,True,ATP1B1;CDK1,0;-0.68305422
rank50_allgenes,ATP1B1,1,5,0.07272753640261773,True,ATP1B1;CDK1;HIST1H1C;IGFBP2;COL1A1,0;-0.90181498;-0.083150918;-0.7276034;-2.3545259
rank50_allgenes,ATP1B1,1,10,0.07224080749385466,True,ATP1B1;CDK1;HIST1H1C;IGFBP2;COL1A1;S100A10;MT-ND4;AASS;TAGLN;HMGCS1,0;-1.2721138;-0.091707596;-0.16526505;-3.6339211;-1.6147575;-0.5253618;1.8972667;0.8523502;0.57944109
rank50_allgenes,KAT2A,0,1,0.27634286751063925,False,KAT2A,-99.234447
rank50_allgenes,KAT2A,0,2,0.27433610980553447,False,KAT2A;HIST1H1B,-165.81488;-1.2659329
rank50_allgenes,KAT2A,0,5,0.26195023942078965,False,KAT2A;HIST1H1B;ERBB2;HMGCS1;CDK1,-2.1380254;-0.55908326;-22.576568;-8.1899356;1.3002141
rank50_allgenes,KAT2A,0,10,0.24793277260029728,True,KAT2A;HIST1H1B;ERBB2;HMGCS1;CDK1;STC2;HIST1H3E;COL1A1;SCGB3A2;ITGB5,0;-1.4579925;-40.71939;-0.26763806;-2.4491767;-32.215835;11.466895;20.86092;-3.9326045;27.7734
rank50_allgenes,KAT2A,1,1,0.28845147615466177,False,KAT2A,-86.78373
rank50_allgenes,KAT2A,1,2,0.28690837861140134,False,KAT2A;HIST1H1B,-145.17864;-1.2051046
rank50_allgenes,KAT2A,1,5,0.27656989162444784,True,KAT2A;HIST1H1B;CDK1;ERBB2;IGFBP2,0;0.11639968;1.2309095;-19.31476;-4.9491101
rank50_allgenes,KAT2A,1,10,0.2628398498168426,True,KAT2A;HIST1H1B;CDK1;ERBB2;IGFBP2;HMGCS1;ITGB5;PFN1;MT-ND4;COL1A1,0;-1.1559144;1.1633191;-27.219668;-3.3075677;-3.8359558;42.584978;10.395657;-4.4371387;8.2556718
rank50_allgenes,NISCH,0,1,0.11610929643997367,False,NISCH,-3.9009215
rank50_allgenes,NISCH,0,2,0.11563269832193442,False,NISCH;MT-ND4,-4.3726799;1.0590955
rank50_allgenes,NISCH,0,5,0.11488498179797836,False,NISCH;MT-ND4;SCGB3A2;HIST1H1B;SLC2A3,-5.1047007;1.0894075;1.7908772;-0.094386274;1.3303334
rank50_allgenes,NISCH,0,10,0.11386288158901665,False,NISCH;MT-ND4;SCGB3A2;HIST1H1B;SLC2A3;VCAN;CDK1;SFRP1;TUBA1B;PSAT1,-11.885568;1.173868;-0.69756744;0.21540645;3.1255142;3.9386682;1.0466733;-4.6123253;0.66047542;3.5516993
rank50_allgenes,NISCH,1,1,0.08550165949036773,False,NISCH,-3.0157535
rank50_allgenes,NISCH,1,2,0.08490092792030625,False,NISCH;SCGB3A2,-1.3045553;1.9347867
rank50_allgenes,NISCH,1,5,0.08416439652303451,False,NISCH;SCGB3A2;HIST1H1B;MT-ND4;IGFBP2,-4.9363508;2.1949497;-0.2634962;1.7330846;0.62640541
rank50_allgenes,NISCH,1,10,0.08364585218290949,False,NISCH;SCGB3A2;HIST1H1B;MT-ND4;IGFBP2;TAGLN;PFN1;PLK1;TUBA1B;HMGCS1,-3.0933721;2.1875093;-0.65666279;1.9129538;1.7619628;1.311619;-1.3477796;-0.98147838;1.0217751;-0.65385816
rank50_allgenes,KDR,0,1,0.07778232307879308,True,KDR,0
rank50_allgenes,KDR,0,2,0.077735412057191,True,KDR;HIST1H2BH,0;-0.10631584
rank50_allgenes,KDR,0,5,0.07696731100711279,True,KDR;HIST1H2BH;HMGCS1;HSP90AB1;IGFBP2,0;-0.058212952;-1.4629708;-2.2136524;0.84988359
rank50_allgenes,KDR,0,10,0.07664390505132665,False,KDR;HIST1H2BH;HMGCS1;HSP90AB1;IGFBP2;CDC6;CDK1;MT-ND4;PFN1;S100A10,-0.11954645;-0.059262124;-1.4422159;-0.63187197;1.0765694;2.0782607;0.84705658;0.52344167;-1.8949012;1.1671228
rank50_allgenes,KDR,1,1,0.09936124899400386,True,KDR,0
rank50_allgenes,KDR,1,2,0.0993230849278482,True,KDR;HIST1H2BH,0;-0.11734259
rank50_allgenes,KDR,1,5,0.09885532670646953,True,KDR;HIST1H2BH;HMGCS1;HSP90AB1;IGFBP2,0;-0.10758211;-1.548901;-1.8856378;0.65357394
rank50_allgenes,KDR,1,10,0.09863431923651841,False,KDR;HIST1H2BH;HMGCS1;HSP90AB1;IGFBP2;E2F1;CDK1;COL1A1;TAGLN;PKDCC,-0.51892127;0.0084099174;-1.1288282;-1.5266322;0.082585179;1.9597682;0.81917696;1.3341115;-0.62025206;-1.0481303
rank50_allgenes,WFS1,0,1,0.07335113633757855,True,WFS1,0
rank50_allgenes,WFS1,0,2,0.07334018641778367,True,WFS1;HIST1H1B,0;-0.044149576
rank50_allgenes,WFS1,0,5,0.07306021710874538,True,WFS1;HIST1H1B;CDK1;HMGCR;SCGB3A2,0;-0.2142564;-0.50502656;0.73733925;0.65453704
rank50_allgenes,WFS1,0,10,0.07249604076259188,True,WFS1;HIST1H1B;CDK1;HMGCR;SCGB3A2;IGFBP2;MT-ATP6;TOB1;TAGLN;PDPN,0;0.28041696;0.2192897;0.87188289;0.25907865;0.2002228;-0.26517773;5.1525103;0.5519253;1.4129536
rank50_allgenes,WFS1,1,1,0.07926362587210674,True,WFS1,0
rank50_allgenes,WFS1,1,2,0.0792334905883143,True,WFS1;HIST1H1B,0;-0.081110977
rank50_allgenes,WFS1,1,5,0.07890681917530548,True,WFS1;HIST1H1B;CDK1;SCGB3A2;HMGCR,0;-0.26898973;-0.56088635;1.0792399;0.7839538
rank50_allgenes,WFS1,1,10,0.07852361144733473,True,WFS1;HIST1H1B;CDK1;SCGB3A2;HMGCR;HIST1H3E;DDIT4;MT-ATP6;TAGLN;E2F1,0;-0.21772183;-1.2763366;0.80518217;1.3196601;-0.77384197;-0.50510921;-0.53663233;0.51601684;-1.8569766
rank50_allgenes,TARBP2,0,1,0.0852227477889844,False,TARBP2,-9.2631049
rank50_allgenes,TARBP2,0,2,0.08489366020049663,False,TARBP2;CDK1,-8.5009935;0.54813971
rank50_allgenes,TARBP2,0,5,0.08456691628104514,False,TARBP2;CDK1;HIST1H1B;MT-ND4;VIM,-11.483193;0.59643197;0.20056751;0.15756577;-1.8840385
rank50_allgenes,TARBP2,0,10,0.08375611183481266,False,TARBP2;CDK1;HIST1H1B;MT-ND4;VIM;SLC7A11;GAL;MSMO1;SCGB3A2;KHDRBS1,-16.940129;0.59373124;0.13796198;0.20292836;-4.5233515;-2.9355788;2.302521;0.49065;-0.98259944;4.3321773
rank50_allgenes,TARBP2,1,1,0.08204511308012116,False,TARBP2,-9.1401255
rank50_allgenes,TARBP2,1,2,0.08156558007279582,False,TARBP2;CDK1,-8.0243819;0.69881805
rank50_allgenes,TARBP2,1,5,0.08136002420648628,False,TARBP2;CDK1;HIST1H1B;MT-ATP6;VIM,-8.2834301;0.82287562;0.14081435;0.61118376;-0.59473029
rank50_allgenes,TARBP2,1,10,0.081021887427843,False,TARBP2;CDK1;HIST1H1B;MT-ATP6;VIM;TUBA1B;MSMO1;TAGLN;SLC7A11;HIST1H3E,-11.642132;0.71432867;-0.063392699;0.95804904;-1.5740143;0.50686964;0.87458208;1.3208106;-2.4613942;0.51399551
rank50_allgenes,MAP3K7,0,1,0.07909732573113847,True,MAP3K7,0
rank50_allgenes,MAP3K7,0,2,0.07794134178822976,True,MAP3K7;SCGB3A2,0;2.0130621
rank50_allgenes,MAP3K7,0,5,0.07720667353100957,False,MAP3K7;SCGB3A2;HIST1H1B;MT-ATP6;GAL,-1.1451294;0.8224801;-0.25769644;0.31360176;2.7471773
rank50_allgenes,MAP3K7,0,10,0.0760796384042361,True,MAP3K7;SCGB3A2;HIST1H1B;MT-ATP6;GAL;IGFBP2;TAGLN;HMGCS1;CDC6;PFN1,0;-0.31414414;-0.26467312;0.019133777;5.3095923;-0.13193259;-3.2984781;-0.78084783;-0.63948081;0.84235369
rank50_allgenes,MAP3K7,1,1,0.08086793102108664,True,MAP3K7,0
rank50_allgenes,MAP3K7,1,2,0.07912519362982269,True,MAP3K7;SCGB3A2,0;3.0676733
rank50_allgenes,MAP3K7,1,5,0.07847854214026444,False,MAP3K7;SCGB3A2;HIST1H1B;MT-ATP6;TAGLN,-2.8973546;3.8116691;-0.33511385;0.94415907;-0.79127829
rank50_allgenes,MAP3K7,1,10,0.07779486403984567,True,MAP3K7;SCGB3A2;HIST1H1B;MT-ATP6;TAGLN;HMGCS1;HSP90AB1;HIST1H3E;GAL;CDK1,0;2.1159914;-0.50193881;0.55112615;-1.5691662;-0.3471173;1.2834967;0.63660342;3.1163994;0.18651918
rank50_allgenes,HMGN1,0,1,0.07354099255905469,False,HMGN1,-1.9837715
rank50_allgenes,HMGN1,0,2,0.07349792798047239,False,HMGN1;HIST1H1B,-2.269802;0.092315563
rank50_allgenes,HMGN1,0,5,0.07309451435178231,False,HMGN1;HIST1H1B;CDK1;DDIT4;MT-ATP6,-2.3826697;0.23464903;0.44768468;-0.60390139;0.3747587
rank50_allgenes,HMGN1,0,10,0.07232463249281443,True,HMGN1;HIST1H1B;CDK1;DDIT4;MT-ATP6;SCGB3A2;TAGLN;PFN1;CENPE;HIST1H3E,0;0.17037846;-1.0719316;-1.8609393;-0.16602691;-0.02665141;-1.6151889;1.6469242;3.4951013;1.1320204
rank50_allgenes,HMGN1,1,1,0.07797345355075158,False,HMGN1,-1.7328067
rank50_allgenes,HMGN1,1,2,0.07785140013837849,False,HMGN1;HIST1H1B,-2.2109093;0.17007623
rank50_allgenes,HMGN1,1,5,0.07672816838698891,False,HMGN1;HIST1H1B;SCGB3A2;DDIT4;CDK1,-0.78198728;0.37790672;-2.4485426;-0.5826965;0.38093073
rank50_allgenes,HMGN1,1,10,0.0760360049247717,False,HMGN1;HIST1H1B;SCGB3A2;DDIT4;CDK1;PFN1;GAL;TAGLN;VIM;HMGCS1,-0.36688844;0.42953218;-5.171997;-1.6979845;0.72843471;0.79920089;3.8405076;-1.7232315;1.3815225;0.7094565
rank50_allgenes,TSC22D4,0,1,0.09614980018381275,True,TSC22D4,0
rank50_allgenes,TSC22D4,0,2,0.09500580502375014,False,TSC22D4;IGFBP2,-3.5372748;1.5864459
rank50_allgenes,TSC22D4,0,5,0.09415761612469067,True,TSC22D4;IGFBP2;MT-ND4;CDK1;TUBA1B,0;1.8425934;1.1107776;0.20596466;1.6949812
rank50_allgenes,TSC22D4,0,10,0.0934599148692103,True,TSC22D4;IGFBP2;MT-ND4;CDK1;TUBA1B;TAGLN;HIST1H1B;CCN2;PKDCC;HIST1H3E,0;1.4943819;1.1690167;0.27488766;1.3983907;-2.3841705;0.4213784;-1.9752623;2.1568471;-0.68809858
rank50_allgenes,TSC22D4,1,1,0.07783532179198592,True,TSC22D4,0
rank50_allgenes,TSC22D4,1,2,0.07599912827902645,False,TSC22D4;IGFBP2,-1.191419;1.7179335
rank50_allgenes,TSC22D4,1,5,0.0754102574557215,True,TSC22D4;IGFBP2;TAGLN;TUBA1B;MT-ND4,0;1.2533991;-1.4983649;1.0757347;0.7712107
rank50_allgenes,TSC22D4,1,10,0.07462304565639952,True,TSC22D4;IGFBP2;TAGLN;TUBA1B;MT-ND4;TOP2A;HIST1H1B;NTS;VIM;ERBB2,0;1.7442449;-1.5459386;1.3533996;0.86755347;0.62496523;-0.0043394454;-5.9791246;1.5139535;1.574889
rank50_allgenes,FOXH1,0,1,0.09861154333803505,True,FOXH1,0
rank50_allgenes,FOXH1,0,2,0.09842496402322737,False,FOXH1;HIST1H1C,-0.022404483;0.21098133
rank50_allgenes,FOXH1,0,5,0.0958169276338151,False,FOXH1;HIST1H1C;SCGB3A2;CDK1;COL1A1,-2.8218082;-0.3288584;1.9096149;-0.83982119;4.1415804
rank50_allgenes,FOXH1,0,10,0.0900990900058992,True,FOXH1;HIST1H1C;SCGB3A2;CDK1;COL1A1;ITGB5;IGFBP2;TAGLN;PKDCC;CRABP1,0;0.18408136;-1.3379482;0.23939156;9.4289637;-21.145838;-4.7062812;-2.8639847;-6.3296199;-4.8664169
rank50_allgenes,FOXH1,1,1,0.12281675580286595,False,FOXH1,-0.22387056
rank50_allgenes,FOXH1,1,2,0.12274636071097661,False,FOXH1;HIST1H1B,-0.36624336;0.1544291
rank50_allgenes,FOXH1,1,5,0.11810081353148148,True,FOXH1;HIST1H1B;SCGB3A2;CDK1;ITGB5,0;0.028187938;3.2140196;-0.40053923;-12.577932
rank50_allgenes,FOXH1,1,10,0.11425842530662901,False,FOXH1;HIST1H1B;SCGB3A2;CDK1;ITGB5;IGFBP2;AASS;CCN2;MT-ND3;HSP90B1,-1.8084487;0.26615314;0.75875;-0.83155853;-22.358568;-2.2655504;5.3498938;-3.049776;1.2987483;3.5673837
rank50_allgenes,PAGR1,0,1,0.09597039860894414,True,PAGR1,0
rank50_allgenes,PAGR1,0,2,0.09413204272722059,True,PAGR1;GAL,0;-3.8804572
rank50_allgenes,PAGR1,0,5,0.09351324642955308,True,PAGR1;GAL;HIST1H1B;MT-ND4;HMGCR,0;-4.7611258;0.15392355;-0.49691896;-1.3386625
rank50_allgenes,PAGR1,0,10,0.09253625328901423,True,PAGR1;GAL;HIST1H1B;MT-ND4;HMGCR;CDK1;VCAN;DDIT4;PKDCC;TUBA1B,0;-3.9999774;0.27240343;-0.48772784;-0.18133911;0.31792149;-3.2223197;-3.0642623;-3.6784682;-0.84835346
rank50_allgenes,PAGR1,1,1,0.10093295014718508,True,PAGR1,0
rank50_allgenes,PAGR1,1,2,0.0996421245322893,True,PAGR1;GAL,0;-3.4988025
rank50_allgenes,PAGR1,1,5,0.09864300752286645,True,PAGR1;GAL;HIST1H1B;COL1A1;TAGLN,0;-2.7328242;0.25328119;-3.6147141;0.70316366
rank50_allgenes,PAGR1,1,10,0.09791569801259077,True,PAGR1;GAL;HIST1H1B;COL1A1;TAGLN;IGFBP2;VIM;HMGCR;CDK1;ID1,0;-2.1007554;0.6031451;-3.2220873;2.770857;1.2552368;-2.2109072;-1.6459998;0.46946465;-3.39191
rank50_allgenes,KLF10,0,1,0.09420918073550283,True,KLF10,0
rank50_allgenes,KLF10,0,2,0.09401601623352879,False,KLF10;HIST1H1C,-4.4027625;-0.324098
rank50_allgenes,KLF10,0,5,0.0933530222513435,False,KLF10;HIST1H1C;SCGB3A2;IGFBP2;PFN1,-4.1391915;-0.18128909;-1.4684522;0.45106867;-1.0733457
rank50_allgenes,KLF10,0,10,0.09265832082140803,False,KLF10;HIST1H1C;SCGB3A2;IGFBP2;PFN1;HMGCS1;GAL;CDK1;TAGLN;SLC7A11,-10.596136;-0.65833208;0.18371876;1.1641563;-1.4394023;-0.5510711;-3.329469;-0.40601076;2.2271198;-2.3654225
rank50_allgenes,KLF10,1,1,0.09215680896960679,False,KLF10,-0.40013128
rank50_allgenes,KLF10,1,2,0.09196334024019655,False,KLF10;HIST1H1B,-6.0288889;-0.36302993
rank50_allgenes,KLF10,1,5,0.09087161495407962,False,KLF10;HIST1H1B;GAL;CDK1;TAGLN,-4.8853514;-0.23948161;-3.4786444;-0.21239848;0.78341829
rank50_allgenes,KLF10,1,10,0.09031789198286636,False,KLF10;HIST1H1B;GAL;CDK1;TAGLN;IGFBP2;PFN1;MT-ATP6;SLC7A11;TUBA1B,-10.485168;-0.62088637;-3.323767;-0.45296378;1.7755163;0.61443325;-2.0980151;0.87153866;-3.2324761;-0.80640011
rank50_allgenes,POLB,0,1,0.07912952647715946,False,POLB,-2.8790297
rank50_allgenes,POLB,0,2,0.07901569846744654,False,POLB;HIST1H2BH,-1.9693154;-0.17439847
rank50_allgenes,POLB,0,5,0.07871808948835368,False,POLB;HIST1H2BH;CDK1;HMGCS1;CRABP1,-0.410481;-0.031970471;0.66114274;-0.58776981;1.6776534
rank50_allgenes,POLB,0,10,0.07840858762677799,True,POLB;HIST1H2BH;CDK1;HMGCS1;CRABP1;SCGB3A2;VCAN;MT-ATP6;IGFBP2;HSP90AB1,0;-0.11153633;0.54283182;-0.096881597;3.77501;0.36280508;1.6615594;-0.4040264;-0.34391209;-0.95382044
rank50_allgenes,POLB,1,1,0.08860498327323453,False,POLB,-1.6782173
rank50_allgenes,POLB,1,2,0.08852486626380011,False,POLB;HIST1H1C,-1.073982;-0.14426124
rank50_allgenes,POLB,1,5,0.08826030904855499,False,POLB;HIST1H1C;IGFBP2;CDK1;CRABP1,-2.168855;-0.05116568;-0.90704745;0.401819;2.3252598
rank50_allgenes,POLB,1,10,0.08786807670617572,True,POLB;HIST1H1C;IGFBP2;CDK1;CRABP1;HIST1H1A;CCN2;MT-ND3;VCAN;COL1A1,0;0.910671;-0.85338909;0.31807057;4.8809131;-2.3342287;1.1660746;-0.64880619;2.9117382;-1.7254777
rank50_allgenes,RNF2,0,1,0.21832033007556578,False,RNF2,-0.99848148
rank50_allgenes,RNF2,0,2,0.2160926678471998,False,RNF2;SCGB3A2,-0.71366342;-4.6486031
rank50_allgenes,RNF2,0,5,0.21399297738862838,True,RNF2;SCGB3A2;HIST1H1B;CDK1;VIM,0;-6.3655581;0.49384386;1.9637572;6.9235737
rank50_allgenes,RNF2,0,10,0.20752726295276272,False,RNF2;SCGB3A2;HIST1H1B;CDK1;VIM;HMGCS1;GAL;IGFBP2;MT-ATP6;STC2,-32.299066;0.61175436;-0.26613218;1.045109;17.357995;-0.71442328;-13.830335;-4.2343725;1.3554046;-15.206543
rank50_allgenes,RNF2,1,1,0.21838812321844947,False,RNF2,-1.6636244
rank50_allgenes,RNF2,1,2,0.2159038050252435,False,RNF2;SCGB3A2,-0.96329865;-6.0394365
rank50_allgenes,RNF2,1,5,0.2133194104429375,True,RNF2;SCGB3A2;CDK1;HIST1H1B;VIM,0;-8.3392233;2.3418529;0.72990099;5.1059221
rank50_allgenes,RNF2,1,10,0.20743111804079534,False,RNF2;SCGB3A2;CDK1;HIST1H1B;VIM;IGFBP2;PMAIP1;STC2;HSP90AB1;TUBA1B,-50.399839;-8.9660144;4.3678989;1.1403477;8.0637542;-0.31128214;15.792595;-21.956592;-5.4826296;2.744487
rank50_allgenes,SMARCA5,0,1,0.3232030098797059,False,SMARCA5,-1.1213226
rank50_allgenes,SMARCA5,0,2,0.32227551500265433,False,SMARCA5;IGFBP2,-3.048911;2.5944761
rank50_allgenes,SMARCA5,0,5,0.31973158576816496,False,SMARCA5;IGFBP2;AASS;SCGB3A2;MT-ATP6,-14.970104;4.332972;-12.556201;5.0580504;2.3582003
rank50_allgenes,SMARCA5,0,10,0.3131711153082213,False,SMARCA5;IGFBP2;AASS;SCGB3A2;MT-ATP6;HMGCS1;TOP2A;HIST1H1B;ITGB5;HIST1H1A,-14.420729;9.1116431;-21.529593;10.599265;2.1628413;-2.6148062;3.2644458;-5.122547;34.653716;10.453584
rank50_allgenes,SMARCA5,1,1,0.3244183422394624,False,SMARCA5,-0.77337769
rank50_allgenes,SMARCA5,1,2,0.3237766761709922,False,SMARCA5;IGFBP2,-2.5425908;2.1129347
rank50_allgenes,SMARCA5,1,5,0.3202426208559915,False,SMARCA5;IGFBP2;AASS;HIST1H1C;PKDCC,-16.940664;-0.31950902;-8.1661637;0.33746532;-10.560437
rank50_allgenes,SMARCA5,1,10,0.3058021621822602,False,SMARCA5;IGFBP2;AASS;HIST1H1C;PKDCC;TMEM63A;CDK1;SCGB3A2;GJA1;MT-ND4,-0.39336294;8.218382;-42.977814;-0.42938553;-7.3758513;61.997663;2.1599856;21.964364;26.570133;2.9963794
rank50_allgenes,ACAT2,0,1,0.20055984398174112,True,ACAT2,0
rank50_allgenes,ACAT2,0,2,0.19336935921409606,False,ACAT2;HMGCS1,-0.087523368;6.7738202
rank50_allgenes,ACAT2,0,5,0.19258306679969145,False,ACAT2;HMGCS1;HIST1H1B;MT-ND4;CDK1,-1.7062568;7.5547855;0.78391095;-0.86826739;0.77602336
rank50_allgenes,ACAT2,0,10,0.19024449144887084,False,ACAT2;HMGCS1;HIST1H1B;MT-ND4;CDK1;TUBA1B;CCN2;PKDCC;DDIT4;HIST1H3E,-4.1697629;10.209543;-0.072892213;-1.7325129;0.37862354;-2.7774217;4.1523074;-10.081478;-5.7785143;1.7686732
rank50_allgenes,ACAT2,1,1,0.19907745169044713,True,ACAT2,0
rank50_allgenes,ACAT2,1,2,0.1915154434113786,False,ACAT2;HMGCS1,-0.13572171;7.5917652
rank50_allgenes,ACAT2,1,5,0.18922945607803543,True,ACAT2;HMGCS1;HIST1H1B;DDIT4;PKDCC,0;11.739329;0.54612908;-6.6580066;-6.9337619
rank50_allgenes,ACAT2,1,10,0.18722473280813373,False,ACAT2;HMGCS1;HIST1H1B;DDIT4;PKDCC;HIST1H3E;TUBA1B;MT-ND4;ZIC5;TAGLN,-4.9003608;13.13314;0.61238346;-5.954228;-8.938128;2.2986331;-3.1638983;-2.1478295;6.1078572;3.0230972
rank50_allgenes,TRAM2,0,1,0.0766917512371237,False,TRAM2,-0.42746777
rank50_allgenes,TRAM2,0,2,0.07642346356121349,True,TRAM2;MT-ATP6,0;-0.68704571
rank50_allgenes,TRAM2,0,5,0.07621821126393326,True,TRAM2;MT-ATP6;HIST1H1C;IGFBP2;SLC7A5,0;-0.5704691;0.024763304;-0.5117606;-1.5119364
rank50_allgenes,TRAM2,0,10,0.07574848124490542,True,TRAM2;MT-ATP6;HIST1H1C;IGFBP2;SLC7A5;CCNL2;CDK1;HMGCS1;PFN1;VIM,0;-0.88862489;-0.36518304;-0.7476754;-3.229154;4.3736234;-1.0478941;0.41387517;0.65612579;-0.76318269
rank50_allgenes,TRAM2,1,1,0.07794826807159239,False,TRAM2,-1.5771229
rank50_allgenes,TRAM2,1,2,0.07792779357139035,False,TRAM2;HIST1H1C,-2.0275198;-0.069860112
rank50_allgenes,TRAM2,1,5,0.0777436529421741,False,TRAM2;HIST1H1C;CDK1;MT-ND4;IGFBP2,-2.910012;0.052467664;0.3809838;-0.69766299;-0.27202719
rank50_allgenes,TRAM2,1,10,0.07734201801913841,False,TRAM2;HIST1H1C;CDK1;MT-ND4;IGFBP2;COL1A1;SCGB3A2;TUBA1B;HSP90AB1;PTMS,-2.306;0.058093988;0.081326303;-0.87850374;0.1827303;-2.3742786;0.80260268;-0.99949888;-1.6727577;-2.6321351
rank50_allgenes,CAMSAP2,0,1,0.07306642580958497,True,CAMSAP2,0
rank50_allgenes,CAMSAP2,0,2,0.07278692764357342,True,CAMSAP2;HIST1H1B,0;0.22242032
rank50_allgenes,CAMSAP2,0,5,0.07203221156515927,False,CAMSAP2;HIST1H1B;WSB1;MT-ND4;GAL,-3.10109;0.0019248688;-1.5369512;0.38530574;0.90696947
rank50_allgenes,CAMSAP2,0,10,0.07172293303141196,True,CAMSAP2;HIST1H1B;WSB1;MT-ND4;GAL;HMGCS1;PFN1;TAGLN;IGFBP2;CDK1,0;0.10257081;-3.347745;0.50925034;0.83237962;0.43049201;0.023698657;1.4150506;1.7521576;0.59733648
rank50_allgenes,CAMSAP2,1,1,0.07330460352085895,True,CAMSAP2,0
rank50_allgenes,CAMSAP2,1,2,0.07294622795477972,True,CAMSAP2;HIST1H2BH,0;0.30850692
rank50_allgenes,CAMSAP2,1,5,0.07195882104630802,False,CAMSAP2;HIST1H2BH;IGFBP2;CDK1;MT-ATP6,-7.489323;-0.21778805;-1.5026196;-0.99959079;0.85167963
rank50_allgenes,CAMSAP2,1,10,0.07157242339274276,False,CAMSAP2;HIST1H2BH;IGFBP2;CDK1;MT-ATP6;HIST1H3E;PFN1;ZIC5;HMGCS1;HIST1H1A,-0.42694944;1.0677878;-1.3818457;-0.21359396;0.66490811;-0.087928554;1.5995153;-1.6979336;0.55195177;-1.8275661
rank50_allgenes,CDCA2,0,1,0.09009159783912259,False,CDCA2,-0.76071968
rank50_allgenes,CDCA2,0,2,0.08618099323358547,True,CDCA2;GAL,0;5.5542304
rank50_allgenes,CDCA2,0,5,0.08419953399487923,False,CDCA2;GAL;HIST1H1C;CCN2;IGFBP2,-1.8241633;4.7927465;-0.65457001;6.0023825;0.42138301
rank50_allgenes,CDCA2,0,10,0.08332758060298827,False,CDCA2;GAL;HIST1H1C;CCN2;IGFBP2;TAGLN;MT-ATP6;AASS;CLU;HMGCS1,-2.3113085;2.8331377;-0.67720068;4.7652375;1.8714783;3.974421;0.31448917;2.7281124;-3.7266462;-0.63421386
rank50_allgenes,CDCA2,1,1,0.09938467427118496,False,CDCA2,-0.94341982
rank50_allgenes,CDCA2,1,2,0.09718400259656049,False,CDCA2;TAGLN,-0.58844612;3.4249637
rank50_allgenes,CDCA2,1,5,0.0948598080070694,False,CDCA2;TAGLN;AASS;HIST1H1B;SCGB3A2,-2.5280055;3.2912981;3.3555614;-0.42545481;2.0171592
rank50_allgenes,CDCA2,1,10,0.09340868139456474,False,CDCA2;TAGLN;AASS;HIST1H1B;SCGB3A2;CCN2;IGFBP2;HMGCS1;MT-ATP6;TTC39C,-2.2327231;2.3121827;-0.26270802;-0.46625422;0.90454222;3.8842597;2.0315419;-0.58737103;0.40942181;7.8995567
rank50_allgenes,CREG1,0,1,0.07531065056724202,True,CREG1,0
rank50_allgenes,CREG1,0,2,0.07485284675272552,False,CREG1;HIST1H1B,-0.57490696;0.29048113
rank50_allgenes,CREG1,0,5,0.07424113271353547,True,CREG1;HIST1H1B;IGFBP2;HIST1H3E;TUBA1B,0;-0.011913275;-0.76259937;1.3800572;0.96671843
rank50_allgenes,CREG1,0,10,0.07384709353014093,True,CREG1;HIST1H1B;IGFBP2;HIST1H3E;TUBA1B;TAGLN;CYP51A1;PKDCC;GJA1;CDK1,0;-0.050179584;-0.86133626;1.329814;0.95938362;1.6067687;1.4951215;-1.995633;0.95634372;0.18090326
rank50_allgenes,CREG1,1,1,0.08006997172216038,True,CREG1,0
rank50_allgenes,CREG1,1,2,0.07963902918784156,False,CREG1;HIST1H1B,-0.1454217;0.30833906
rank50_allgenes,CREG1,1,5,0.07906895302903637,True,CREG1;HIST1H1B;IGFBP2;HIST1H3E;TAGLN,0;0.098793807;-0.55609659;0.91213571;0.81413539
rank50_allgenes,CREG1,1,10,0.0786240783733247,True,CREG1;HIST1H1B;IGFBP2;HIST1H3E;TAGLN;HMGCS1;TOP2A;VCAN;COL1A1;SCGB3A2,0;-0.048271115;-0.020032529;0.73263582;1.1191086;0.91247364;-0.4634559;3.2915794;-2.9926733;0.92741924
rank50_allgenes,CASP2,0,1,0.07570487754383733,False,CASP2,-2.5147604
rank50_allgenes,CASP2,0,2,0.07551146273510911,False,CASP2;HIST1H1B,-3.4777715;-0.19155685
rank50_allgenes,CASP2,0,5,0.07499616180282262,False,CASP2;HIST1H1B;TOP2A;MT-ND4;SCGB3A2,-2.6458226;0.13588346;0.76110029;-0.43480386;-0.89719723
rank50_allgenes,CASP2,0,10,0.07450051389452461,True,CASP2;HIST1H1B;TOP2A;MT-ND4;SCGB3A2;PMAIP1;PFN1;TUBA1B;IGFBP2;HMGCS1,0;0.37740486;1.7309267;-0.16794954;-0.99554727;3.2248878;-0.88997384;0.89074941;0.6042452;-0.69577342
rank50_allgenes,CASP2,1,1,0.07501303366153701,False,CASP2,-1.8476679
rank50_allgenes,CASP2,1,2,0.07483905286457601,False,CASP2;HIST1H1C,-2.9598143;-0.19554769
rank50_allgenes,CASP2,1,5,0.0742913282953507,False,CASP2;HIST1H1C;TOP2A;SCGB3A2;MT-ND4,-2.0830189;0.15402416;0.82305896;-1.2455743;-0.60185319
rank50_allgenes,CASP2,1,10,0.07385742174742753,True,CASP2;HIST1H1C;TOP2A;SCGB3A2;MT-ND4;PMAIP1;HMGCS1;PFN1;IGFBP2;TUBA1B,0;0.37846141;1.7419131;-1.3583083;-0.2708102;2.8840172;-0.96958155;-0.83562176;0.5976569;0.72528342
rank50_allgenes,UBE3C,0,1,0.1304790350722078,False,UBE3C,-2.9071532
rank50_allgenes,UBE3C,0,2,0.1301516552598642,False,UBE3C;HIST1H1C,-7.0597171;0.35344054
rank50_allgenes,UBE3C,0,5,0.12596409368743675,True,UBE3C;HIST1H1C;STC2;IGFBP2;HMGCR,0;-1.0983242;13.953479;-2.5863121;-3.6515958
rank50_allgenes,UBE3C,0,10,0.12283530512362831,True,UBE3C;HIST1H1C;STC2;IGFBP2;HMGCR;TOP2A;PMAIP1;IVNS1ABP;HIST1H3E;MT-ATP6,0;0.31299346;17.684827;-4.7137951;-4.4376571;4.5521673;10.009044;-5.9569976;-1.9589216;-0.43185955
rank50_allgenes,UBE3C,1,1,0.12860806523319063,False,UBE3C,-3.4050112
rank50_allgenes,UBE3C,1,2,0.1283984621266856,False,UBE3C;HIST1H1C,-6.0552518;0.29159052
rank50_allgenes,UBE3C,1,5,0.1256947617655081,False,UBE3C;HIST1H1C;HMGCS1;DDIT4;SLC7A11,-0.3701393;0.0081402949;-4.6735437;5.24923;6.6099222
rank50_allgenes,UBE3C,1,10,0.12080613658292268,False,UBE3C;HIST1H1C;HMGCS1;DDIT4;SLC7A11;SCGB3A2;CDH1;CDC6;CDK1;PKDCC,-15.595837;0.27598758;-6.9847874;8.5193672;22.734966;0.98867331;-15.084582;-5.9261593;-2.8601181;-4.2936183
rank50_allgenes,EIF4B,0,1,0.15697857631039833,False,EIF4B,-3.472089
rank50_allgenes,EIF4B,0,2,0.155651453482482,False,EIF4B;SCGB3A2,-5.6227523;3.0777456
rank50_allgenes,EIF4B,0,5,0.1513630099960535,False,EIF4B;SCGB3A2;HIST1H1B;SLC7A11;TOP2A,-29.494628;2.0512644;-0.26304202;-14.258981;1.1019865
rank50_allgenes,EIF4B,0,10,0.14461732921315082,False,EIF4B;SCGB3A2;HIST1H1B;SLC7A11;TOP2A;PKDCC;COL1A1;IGFBP2;HMGCR;NTS,-12.208129;-3.3765365;-0.80057719;-21.048058;1.7542765;-1.5749412;16.668311;-3.5675831;2.758236;-20.180538
rank50_allgenes,EIF4B,1,1,0.1566484869522366,False,EIF4B,-4.7209957
rank50_allgenes,EIF4B,1,2,0.1565141764426218,False,EIF4B;HIST1H1B,-4.1554039;-0.24259246
rank50_allgenes,EIF4B,1,5,0.15329408589845883,True,EIF4B;HIST1H1B;GAL;IGFBP2;PMAIP1,0;-0.56881994;7.4486941;1.2740782;-4.3015373
rank50_allgenes,EIF4B,1,10,0.1463475960915615,False,EIF4B;HIST1H1B;GAL;IGFBP2;PMAIP1;CDK1;SLC7A11;COL1A1;NTS;PKDCC,-11.285761;-1.8142301;-3.2903574;-2.580463;-9.7874485;-1.2857985;-17.742492;15.409184;-19.789039;-4.5685705
rank50_allgenes,STAG2,0,1,0.23443328950283254,False,STAG2,-0.24673112
rank50_allgenes,STAG2,0,2,0.22117919424220317,True,STAG2;GAL,0;-16.12918
rank50_allgenes,STAG2,0,5,0.21887279866576131,False,STAG2;GAL;HIST1H1B;CDK1;HMGCR,-11.93922;-18.867641;1.6077773;3.1986803;-4.7862978
rank50_allgenes,STAG2,0,10,0.2095729748333384,True,STAG2;GAL;HIST1H1B;CDK1;HMGCR;PKDCC;DDIT4;TAGLN;SLC7A11;HIST1H3E,0;-20.79365;-0.9101627;1.9811766;1.3001112;-23.332869;-10.233422;8.4480536;-8.8206729;3.2236268
rank50_allgenes,STAG2,1,1,0.24356591582857554,True,STAG2,0
rank50_allgenes,STAG2,1,2,0.2410085774138277,True,STAG2;IGFBP2,0;3.5563601
rank50_allgenes,STAG2,1,5,0.2324927370896036,False,STAG2;IGFBP2;HIST1H2BH;GAL;CDK1,-6.3231994;-0.080475598;1.6449539;-15.27497;2.9397286
rank50_allgenes,STAG2,1,10,0.22527501477384293,False,STAG2;IGFBP2;HIST1H2BH;GAL;CDK1;PKDCC;TAGLN;VIM;HMGCS1;STC2,-10.835946;5.4514839;2.2275277;-14.831642;3.1389205;-13.386609;7.5181403;-4.8636148;-2.6856394;-13.458148
rank50_allgenes,HMGB2,0,1,0.11114903485667327,True,HMGB2,0
rank50_allgenes,HMGB2,0,2,0.11076684293646541,False,HMGB2;IGFBP2,-0.67713425;1.0103799
rank50_allgenes,HMGB2,0,5,0.11006476197612303,True,HMGB2;IGFBP2;HMGCS1;HIST1H2BH;MT-ND4,0;2.1100006;-2.043661;-0.24353739;0.50526864
rank50_allgenes,HMGB2,0,10,0.10498403655319945,True,HMGB2;IGFBP2;HMGCS1;HIST1H2BH;MT-ND4;GAL;BAX;SLC7A11;CDK1;SCGB3A2,0;0.34335467;-2.1541211;0.45633294;0.20557528;-6.5671448;14.714599;9.8667262;-1.1177154;1.8681728
rank50_allgenes,HMGB2,1,1,0.11687250187192338,True,HMGB2,0
rank50_allgenes,HMGB2,1,2,0.11646651093213992,False,HMGB2;IGFBP2,-0.48313518;1.032002
rank50_allgenes,HMGB2,1,5,0.11571561205570059,True,HMGB2;IGFBP2;HMGCS1;HIST1H2BH;CDK1,0;2.2269097;-2.5930639;0.044280781;0.73215469
rank50_allgenes,HMGB2,1,10,0.10997633677162603,False,HMGB2;IGFBP2;HMGCS1;HIST1H2BH;CDK1;GAL;BAX;SLC7A11;PKDCC;NUCKS1,-3.1334461;-0.21822064;-2.4579501;0.37295096;-1.4923895;-5.9782752;18.291137;12.448968;-3.116287;2.8191049
rank50_allgenes,TGFBR2,0,1,0.17870537220412736,False,TGFBR2,-15.128742
rank50_allgenes,TGFBR2,0,2,0.1659441605104791,False,TGFBR2;SCGB3A2,-6.5178901;-9.9709606
rank50_allgenes,TGFBR2,0,5,0.16418271964057554,False,TGFBR2;SCGB3A2;HIST1H1B;TOP2A;IGFBP2,-23.438161;-10.030447;1.0425806;2.6065375;1.413189
rank50_allgenes,TGFBR2,0,10,0.1512236314472951,False,TGFBR2;SCGB3A2;HIST1H1B;TOP2A;IGFBP2;PKDCC;FZD7;MT-ATP6;HMGCS1;HIST1H3E,-12.30983;-6.3346533;1.9408117;0.5361494;13.547876;27.854802;-20.28254;0.80420106;-2.6929258;-2.559255
rank50_allgenes,TGFBR2,1,1,0.18329870045822408,False,TGFBR2,-19.492221
rank50_allgenes,TGFBR2,1,2,0.1688949534287282,False,TGFBR2;SCGB3A2,-8.3013712;-13.206297
rank50_allgenes,TGFBR2,1,5,0.16716061603912688,False,TGFBR2;SCGB3A2;HIST1H1B;CDK1;IGFBP2,-26.434498;-13.774273;1.0716986;2.2949691;1.2707095
rank50_allgenes,TGFBR2,1,10,0.14956715195612227,True,TGFBR2;SCGB3A2;HIST1H1B;CDK1;IGFBP2;PKDCC;VIM;TAGLN;TTC39C;AASS,0;-1.5342911;-0.13829511;-0.4791079;-5.4218155;15.781914;5.705864;-2.1386011;-49.773188;10.728881
rank50_allgenes,ANTXR1,0,1,0.06903179629291288,False,ANTXR1,-5.1918048
rank50_allgenes,ANTXR1,0,2,0.06885948353422225,False,ANTXR1;CDK1,-4.41715;-0.36304332
rank50_allgenes,ANTXR1,0,5,0.06810247646680886,False,ANTXR1;CDK1;HIST1H1B;HSP90AB1;IGFBP2,-4.1090104;-1.1455931;-0.22512738;-2.4347836;0.36591582
rank50_allgenes,ANTXR1,0,10,0.0678614618406284,True,ANTXR1;CDK1;HIST1H1B;HSP90AB1;IGFBP2;HMGCR;HIST1H3E;PFN1;MT-ATP6;PKDCC,0;-1.1152477;-0.13297205;-3.0664099;0.41836464;-0.36393964;-0.65669542;1.4021271;-0.27989131;-1.1239888
rank50_allgenes,ANTXR1,1,1,0.0748690190532149,False,ANTXR1,-7.3384304
rank50_allgenes,ANTXR1,1,2,0.07468431306124561,False,ANTXR1;CDK1,-6.658541;-0.41812637
rank50_allgenes,ANTXR1,1,5,0.07377313187209897,False,ANTXR1;CDK1;HIST1H1B;HSP90AB1;IGFBP2,-5.55284;-1.2698023;-0.21762315;-2.99112;0.60959371
rank50_allgenes,ANTXR1,1,10,0.07342969421437646,True,ANTXR1;CDK1;HIST1H1B;HSP90AB1;IGFBP2;HIST1H3E;HMGCR;CCNL2;MT-ND4;CDC25A,0;0.37202127;0.28377988;-2.6455745;1.1800751;0.082466741;-0.34742654;-3.8961834;0.20169143;1.3742132
rank50_allgenes,MTA1,0,1,0.13473856740125434,True,MTA1,0
rank50_allgenes,MTA1,0,2,0.13466426673470544,False,MTA1;HIST1H1B,-0.35197667;-0.16320442
rank50_allgenes,MTA1,0,5,0.13326595490804316,False,MTA1;HIST1H1B;HIST1H3E;HMGCS1;GJA1,-1.4112635;-0.91096833;2.8264;-2.2914702;-3.9647441
rank50_allgenes,MTA1,0,10,0.13203177637140978,False,MTA1;HIST1H1B;HIST1H3E;HMGCS1;GJA1;CDK1;MT-ND4;COL1A1;STC2;PKDCC,-1.4839514;-1.225987;4.1695144;-1.2605253;-6.4770646;-1.2692952;-0.25444288;5.5556918;-7.1428441;-2.9613832
rank50_allgenes,MTA1,1,1,0.11953082922109118,False,MTA1,-2.2416974
rank50_allgenes,MTA1,1,2,0.11948420499814345,False,MTA1;HIST1H1B,-2.8744609;-0.13265724
rank50_allgenes,MTA1,1,5,0.11754763313108216,True,MTA1;HIST1H1B;HIST1H3E;IGFBP2;GJA1,0;-0.82488291;3.8365694;-2.0230714;-3.1442547
rank50_allgenes,MTA1,1,10,0.11573145182209736,False,MTA1;HIST1H1B;HIST1H3E;IGFBP2;GJA1;CDK1;HMGCS1;TUBA1B;COL1A1;ITGB5,-0.62720173;-1.7805918;4.2753028;-2.4486096;-10.373721;-2.3307469;-1.430385;-1.3411879;3.8797819;6.7919344
rank50_allgenes,DHCR24,0,1,0.09755664652429692,True,DHCR24,0
rank50_allgenes,DHCR24,0,2,0.08965951210316528,True,DHCR24;HMGCS1,0;4.8480381
rank50_allgenes,DHCR24,0,5,0.08779314310207632,True,DHCR24;HMGCS1;HIST1H1B;IGFBP2;MT-ATP6,0;6.7579063;0.44021291;-2.0408438;-0.93400618
rank50_allgenes,DHCR24,0,10,0.08631914908326146,True,DHCR24;HMGCS1;HIST1H1B;IGFBP2;MT-ATP6;CKS2;CDK1;HIST1H3E;HSP90AB1;BAX,0;7.5330582;-0.41929165;-2.1542579;-1.8014671;-7.1268715;1.3972808;-1.2311348;-0.63943661;3.2680471
rank50_allgenes,DHCR24,1,1,0.09429220421135148,True,DHCR24,0
rank50_allgenes,DHCR24,1,2,0.08781706694521944,True,DHCR24;HMGCS1,0;4.7945761
rank50_allgenes,DHCR24,1,5,0.08548246122159375,True,DHCR24;HMGCS1;HIST1H1B;IGFBP2;CKS2,0;8.4238083;-0.044152947;-2.6940595;-2.4302862
rank50_allgenes,DHCR24,1,10,0.08365866567199208,False,DHCR24;HMGCS1;HIST1H1B;IGFBP2;CKS2;CDK1;MT-ATP6;HIST1H3E;GPC4;BAX,-1.5140813;10.381284;-0.21270022;-3.554616;-5.0361663;0.75382385;-1.6332534;-0.73866479;6.3948069;6.036024
rank50_allgenes,NDUFB4,0,1,0.09914076966744871,True,NDUFB4,0
rank50_allgenes,NDUFB4,0,2,0.0987848445451106,True,NDUFB4;HIST1H1B,0;0.29240783
rank50_allgenes,NDUFB4,0,5,0.09619911035755307,True,NDUFB4;HIST1H1B;MT-ND4;HMGCR;DDIT4,0;0.06668128;2.000955;-2.7247148;1.8984745
rank50_allgenes,NDUFB4,0,10,0.09262690726078024,False,NDUFB4;HIST1H1B;MT-ND4;HMGCR;DDIT4;PSAT1;CDK1;COL1A1;SCGB3A2;ITGB5,-0.22629167;-0.33012539;2.7392402;-1.8735301;3.5476896;11.774294;0.20036938;-3.0536253;1.0994062;6.887626
rank50_allgenes,NDUFB4,1,1,0.10045255565096954,True,NDUFB4,0
rank50_allgenes,NDUFB4,1,2,0.10031188746098389,True,NDUFB4;HIST1H1B,0;0.1972126
rank50_allgenes,NDUFB4,1,5,0.09870454505914544,True,NDUFB4;HIST1H1B;HIST1H3E;PKDCC;HMGCR,0;0.27089379;-1.3361843;-2.772385;-2.0000783
rank50_allgenes,NDUFB4,1,10,0.0952573287208369,True,NDUFB4;HIST1H1B;HIST1H3E;PKDCC;HMGCR;MT-ND4;CDK1;PSAT1;IGFBP2;ZIC5,0;-0.1001347;-0.87862349;-4.0296641;-3.4722007;3.0179806;0.68293887;15.665839;1.8727716;3.3099923
rank50_allgenes,ACVR1B,0,1,0.10755809964967795,True,ACVR1B,0
rank50_allgenes,ACVR1B,0,2,0.1074450361028672,True,ACVR1B;HIST1H1C,0;0.1715401
rank50_allgenes,ACVR1B,0,5,0.10451334706885845,True,ACVR1B;HIST1H1C;SCGB3A2;MT-ATP6;PKDCC,0;0.5840364;-3.0404175;-0.7285961;3.2092281
rank50_allgenes,ACVR1B,0,10,0.09924589445360775,False,ACVR1B;HIST1H1C;SCGB3A2;MT-ATP6;PKDCC;IGFBP2;SLC7A5;TTC39C;HMGCS1;CDK1,-1.8415612;0.54460772;1.3104855;0.08514981;10.728141;1.0141196;-2.9092798;-15.412178;-1.174021;0.35273246
rank50_allgenes,ACVR1B,1,1,0.10111434460692575,True,ACVR1B,0
rank50_allgenes,ACVR1B,1,2,0.10101679747839935,True,ACVR1B;HIST1H1C,0;0.16577181
rank50_allgenes,ACVR1B,1,5,0.09240564606983384,True,ACVR1B;HIST1H1C;SCGB3A2;ITGB5;IGFBP2,0;0.71152794;-5.5422998;-16.882969;-1.2311248
rank50_allgenes,ACVR1B,1,10,0.08974374970241117,True,ACVR1B;HIST1H1C;SCGB3A2;ITGB5;IGFBP2;CDK1;PFN1;COL1A1;VIM;HSP90AB1,0;1.284724;-7.9380256;-22.933307;-1.663096;0.82343637;-1.5777895;3.3403162;0.85336718;-3.3027689
rank50_allgenes,DHX36,0,1,0.3506110233507321,True,DHX36,0
rank50_allgenes,DHX36,0,2,0.3487769331620117,True,DHX36;SCGB3A2,0;5.3511533
rank50_allgenes,DHX36,0,5,0.3427425933630465,False,DHX36;SCGB3A2;HIST1H1C;MT-ND4;BCOR,-17.402981;7.5354977;-0.43675779;1.3034221;20.748813
rank50_allgenes,DHX36,0,10,0.33037903163822985,False,DHX36;SCGB3A2;HIST1H1C;MT-ND4;BCOR;PGM1;HMGCR;SERPINB9;CTSC;HSP90AB1,-11.000397;-6.1838944;2.0947775;3.1281199;49.648666;19.227075;-0.97708062;32.745671;-17.243452;6.762956
rank50_allgenes,DHX36,1,1,0.35702921499197393,True,DHX36,0
rank50_allgenes,DHX36,1,2,0.3567747493782346,True,DHX36;HIST1H1C,0;-0.50314232
rank50_allgenes,DHX36,1,5,0.3464414556487602,True,DHX36;HIST1H1C;SCGB3A2;BCOR;IGFBP2,0;-0.24642557;13.373648;30.978533;6.2754082
rank50_allgenes,DHX36,1,10,0.33700879193365585,True,DHX36;HIST1H1C;SCGB3A2;BCOR;IGFBP2;HIST1H3E;VIM;TAGLN;SERPINB9;CTSC,0;1.7878626;-6.8755265;39.810236;7.4579286;0.48059982;3.1159184;-11.033075;46.10259;-17.452096
rank50_allgenes,LZTR1,0,1,0.18227587537689074,True,LZTR1,0
rank50_allgenes,LZTR1,0,2,0.17827943465250595,True,LZTR1;MT-ND4,0;3.8136261
rank50_allgenes,LZTR1,0,5,0.1737969723294822,False,LZTR1;MT-ND4;CDK1;DDIT4;HMGCR,-26.958326;4.3024189;3.0716264;5.0675139;-4.772726
rank50_allgenes,LZTR1,0,10,0.16350314451298584,True,LZTR1;MT-ND4;CDK1;DDIT4;HMGCR;SLC7A11;SCGB3A2;COL1A1;PKDCC;E2F1,0;3.5648656;-0.33505974;5.7533284;-9.9029352;23.723062;4.6167171;-7.5837922;-10.31649;-9.2884474
rank50_allgenes,LZTR1,1,1,0.19784139594476582,True,LZTR1,0
rank50_allgenes,LZTR1,1,2,0.19593253261261775,False,LZTR1;CDK1,-42.708431;3.3357115
rank50_allgenes,LZTR1,1,5,0.19204698171069465,False,LZTR1;CDK1;PKDCC;IGFBP2;MT-ATP6,-20.440553;3.1167948;-10.329841;-2.2492861;2.3423742
rank50_allgenes,LZTR1,1,10,0.18625262538293808,False,LZTR1;CDK1;PKDCC;IGFBP2;MT-ATP6;HIST1H1B;PSAT1;HMGCS1;VIM;SCGB3A2,-80.734188;4.8511099;-12.230492;3.3246788;5.5822601;-2.5993571;29.588127;-4.4860207;-3.4631943;3.4661063
rank50_allgenes,INSIG1,0,1,0.19195684741975833,True,INSIG1,0
rank50_allgenes,INSIG1,0,2,0.19146226730806906,True,INSIG1;HIST1H1B,0;-0.47970539
rank50_allgenes,INSIG1,0,5,0.18213567947884207,True,INSIG1;HIST1H1B;HMGCS1;SCGB3A2;S100A10,0;-0.44099727;1.9188991;1.7561705;8.5130422
rank50_allgenes,INSIG1,0,10,0.17801557925374611,False,INSIG1;HIST1H1B;HMGCS1;SCGB3A2;S100A10;TAGLN;CDC6;CDK1;PSAT1;HIST1H3E,-1.618354;-0.30780807;4.3491141;-0.27333219;10.211981;10.859908;-3.2189015;-1.4182903;-12.969848;1.7222254
rank50_allgenes,INSIG1,1,1,0.19939366585949242,True,INSIG1,0
rank50_allgenes,INSIG1,1,2,0.198931232791941,True,INSIG1;HIST1H1B,0;-0.50370293
rank50_allgenes,INSIG1,1,5,0.18921826331939143,True,INSIG1;HIST1H1B;S100A10;TAGLN;HMGCR,0;-0.30643135;10.853218;5.6078272;4.2777074
rank50_allgenes,INSIG1,1,10,0.1846330393506927,True,INSIG1;HIST1H1B;S100A10;TAGLN;HMGCR;STC2;CDK1;MFGE8;DNMT3B;GAL,0;0.78036181;12.965388;4.7292976;6.1761034;-23.798264;-1.9576227;6.4645163;-19.264031;11.678905
rank50_allgenes,LAD1,0,1,0.06800806221416293,True,LAD1,0
rank50_allgenes,LAD1,0,2,0.06795400298508433,True,LAD1;HIST1H1C,0;-0.094317355
rank50_allgenes,LAD1,0,5,0.067618010103582,True,LAD1;HIST1H1C;IGFBP2;MT-ATP6;HMGCR,0;-0.05818282;-0.81071178;0.2521382;0.46623942
rank50_allgenes,LAD1,0,10,0.06748256994914768,False,LAD1;HIST1H1C;IGFBP2;MT-ATP6;HMGCR;SCGB3A2;PFN1;CDK1;GOLM1;TAGLN,-5.2789962;-0.095730913;-1.1224282;-0.042605165;0.57455437;0.052533794;0.61228119;0.25010702;1.8384392;0.70853949
rank50_allgenes,LAD1,1,1,0.06956055007989838,True,LAD1,0
rank50_allgenes,LAD1,1,2,0.06918577154879806,False,LAD1;IGFBP2,-0.36400902;-0.7715716
rank50_allgenes,LAD1,1,5,0.06914791817252655,False,LAD1;IGFBP2;HIST1H1C;MT-CO2;CDK1,-0.36829024;-0.74668347;-0.020195975;0.3297832;0.098838645
rank50_allgenes,LAD1,1,10,0.06885935727660021,False,LAD1;IGFBP2;HIST1H1C;MT-CO2;CDK1;SCGB3A2;PFN1;CYP51A1;ITGB5;HIST1H3E,-4.0193287;-1.4267347;0.061535015;-0.20087394;0.21876468;0.011617978;1.567734;1.6221501;2.9446961;-0.32912779
rank50_allgenes,TCF3,0,1,0.08783947977372576,False,TCF3,-1.5512543
rank50_allgenes,TCF3,0,2,0.08773804033111102,False,TCF3;HIST1H1B,-1.1313797;0.14857004
rank50_allgenes,TCF3,0,5,0.0863929100747498,False,TCF3;HIST1H1B;SCGB3A2;FAM162A;CDK1,-5.7708664;0.066611401;2.3225715;-0.77001543;0.34441763
rank50_allgenes,TCF3,0,10,0.08492384575826442,False,TCF3;HIST1H1B;SCGB3A2;FAM162A;CDK1;MT-ND4;COL1A1;CCN2;GPC4;AASS,-1.3575964;0.22338318;-0.94530122;-1.2081965;-0.40795991;-0.51275025;4.902643;2.3480608;-7.7891969;2.5729481
rank50_allgenes,TCF3,1,1,0.08207906609315661,False,TCF3,-0.71615195
rank50_allgenes,TCF3,1,2,0.07996150275709588,False,TCF3;SCGB3A2,-3.5005798;3.4795821
rank50_allgenes,TCF3,1,5,0.07952376419062018,False,TCF3;SCGB3A2;HIST1H1C;TAGLN;TUBA1B,-4.3287765;3.8835336;-0.13361822;0.96979347;-1.1943298
rank50_allgenes,TCF3,1,10,0.07917718618258843,True,TCF3;SCGB3A2;HIST1H1C;TAGLN;TUBA1B;AASS;SLC2A1;CDK1;HIST1H3E;CCN2,0;3.3635967;-0.35443984;1.1159481;-0.50750373;0.74776224;0.85303339;-0.30615404;0.70989258;1.5189433
rank50_allgenes,DAXX,0,1,0.10198858981381438,False,DAXX,-3.3624878
rank50_allgenes,DAXX,0,2,0.10195212796769161,False,DAXX;HIST1H1C,-3.6963605;0.099295236
rank50_allgenes,DAXX,0,5,0.10019567073522273,False,DAXX;HIST1H1C;GAL;FAM162A;MT-ND4,-2.7987376;-0.13434814;4.0395454;1.4155197;0.64715506
rank50_allgenes,DAXX,0,10,0.09825579214465582,False,DAXX;HIST1H1C;GAL;FAM162A;MT-ND4;TOP2A;TUBA1B;SCGB3A2;PKDCC;NTS,-2.5133209;-0.23810946;6.2497655;0.31933348;0.54760407;-0.18405802;1.5978509;-1.9125153;-2.5928987;8.1110028
rank50_allgenes,DAXX,1,1,0.10497096650639222,False,DAXX,-2.8033084
rank50_allgenes,DAXX,1,2,0.10330973594710306,False,DAXX;GAL,-5.211156;4.249624
rank50_allgenes,DAXX,1,5,0.10238289555945385,False,DAXX;GAL;HIST1H1B;PKDCC;AASS,-6.5287966;5.9363019;-0.24563049;-2.1605752;-2.4321234
rank50_allgenes,DAXX,1,10,0.10085539958302149,False,DAXX;GAL;HIST1H1B;PKDCC;AASS;HMGCS1;NTS;MT-ND4;PFN1;CDC6,-4.8963905;6.5402047;-0.19247653;-1.7401766;-4.5351097;-0.84100941;9.2736295;0.94775515;-1.2805545;-0.69939898
rank50_allgenes,CLDN7,0,1,0.08791790638651874,True,CLDN7,0
rank50_allgenes,CLDN7,0,2,0.08782043065157147,True,CLDN7;HIST1H2BH,0;0.16286357
rank50_allgenes,CLDN7,0,5,0.08713440301449171,True,CLDN7;HIST1H2BH;HMGCS1;HIST1H1B;SCGB3A2,0;1.7853668;-0.9587935;-1.5803227;0.80143022
rank50_allgenes,CLDN7,0,10,0.08605790605707277,True,CLDN7;HIST1H2BH;HMGCS1;HIST1H1B;SCGB3A2;PKDCC;VIM;MT-ATP6;STC2;IGFBP2,0;2.2065712;-1.2204475;-1.7445959;1.1341954;-2.5004855;-1.7653597;0.48210428;-3.6004275;1.2309099
rank50_allgenes,CLDN7,1,1,0.08556719267914543,True,CLDN7,0
rank50_allgenes,CLDN7,1,2,0.08540128723316741,True,CLDN7;HIST1H2BH,0;0.22696555
rank50_allgenes,CLDN7,1,5,0.08472021876879986,True,CLDN7;HIST1H2BH;CDK1;HMGCS1;PKDCC,0;-0.25182901;-0.60272391;-1.3352128;-2.0929388
rank50_allgenes,CLDN7,1,10,0.08339460704908945,False,CLDN7;HIST1H2BH;CDK1;HMGCS1;PKDCC;COL1A1;HSP90AB1;SCGB3A2;VCAN;FAM162A,-1.9334157;-0.58721015;-0.71649682;-1.1864382;-1.2305218;-5.9374011;3.6916741;1.9191536;5.9218436;1.5777377
rank50_allgenes,NIT1,0,1,0.17146520501976525,False,NIT1,-20.953645
rank50_allgenes,NIT1,0,2,0.1713564613379628,False,NIT1;HIST1H2BH,-14.749885;0.29450755
rank50_allgenes,NIT1,0,5,0.16798558750373202,False,NIT1;HIST1H2BH;SLC7A11;TAGLN;IGFBP2,-24.721683;-0.42129466;-8.322598;7.6251619;3.0409649
rank50_allgenes,NIT1,0,10,0.1656183199095205,False,NIT1;HIST1H2BH;SLC7A11;TAGLN;IGFBP2;ZIC5;NUCKS1;AASS;CDK1;MDM2,-10.323947;-0.358184;-10.700411;8.370277;2.4904139;7.260782;-3.1228741;1.9591546;-1.5583123;8.5178374
rank50_allgenes,NIT1,1,1,0.1726170114432068,False,NIT1,-18.761582
rank50_allgenes,NIT1,1,2,0.17240901357583044,False,NIT1;IGFBP2,-20.362391;0.86281754
rank50_allgenes,NIT1,1,5,0.16946359015024529,False,NIT1;IGFBP2;TAGLN;SLC7A11;HIST1H1C,-22.421588;2.4651715;5.5810467;-7.3472014;-0.32618328
rank50_allgenes,NIT1,1,10,0.1669445770473883,False,NIT1;IGFBP2;TAGLN;SLC7A11;HIST1H1C;VIM;GPC4;HMGCR;PMAIP1;CDK1,-24.220064;2.3578738;8.1369473;-16.812276;-0.30372166;-4.9256335;8.5235104;3.4281888;6.0396591;1.3589918
rank50_allgenes,PRR12,0,1,0.1376709271490404,False,PRR12,-3.0905968
rank50_allgenes,PRR12,0,2,0.13764682241686516,False,PRR12;HIST1H1B,-2.8748859;0.091166031
rank50_allgenes,PRR12,0,5,0.13685192429160514,False,PRR12;HIST1H1B;CDK1;HMGCS1;SCGB3A2,-10.812755;0.63919007;2.0089058;-1.3561717;-1.6245659
rank50_allgenes,PRR12,0,10,0.13378890289478734,False,PRR12;HIST1H1B;CDK1;HMGCS1;SCGB3A2;MT-ATP6;CCN2;PMAIP1;LITAF;TAGLN,-10.866289;0.91551352;3.5263634;-1.1884679;-0.61909367;-0.62016459;4.5732527;9.7167146;-8.4737301;2.4888797
rank50_allgenes,PRR12,1,1,0.1320944435069165,False,PRR12,-2.5971484
rank50_allgenes,PRR12,1,2,0.13201870096496143,False,PRR12;HIST1H1B,-2.3178084;0.16753795
rank50_allgenes,PRR12,1,5,0.12931209909482522,False,PRR12;HIST1H1B;VIM;ITGB5;IGFBP2,-1.3937868;-0.14229383;2.402247;11.932386;0.82097139
rank50_allgenes,PRR12,1,10,0.12702868863211478,True,PRR12;HIST1H1B;VIM;ITGB5;IGFBP2;VCAN;COL1A1;SCGB3A2;HIST1H3E;HIST1H1A,0;-0.72447783;0.34542224;17.721792;0.071221369;-9.8140573;8.0573251;-1.3738204;-1.5900293;2.5855533
rank50_allgenes,ARID1A,0,1,0.1814143996953139,False,ARID1A,-9.4469892
rank50_allgenes,ARID1A,0,2,0.17923000631717326,False,ARID1A;SCGB3A2,-3.2580709;4.5104512
rank50_allgenes,ARID1A,0,5,0.1778481924735711,False,ARID1A;SCGB3A2;HIST1H1C;TAGLN;IGFBP2,-2.4971958;5.3279282;-0.29355764;-6.1032674;-1.9363853
rank50_allgenes,ARID1A,0,10,0.17493728513834755,False,ARID1A;SCGB3A2;HIST1H1C;TAGLN;IGFBP2;AASS;CDK1;MT-ND4;HIST1H3E;PFN1,-16.651031;-1.7820347;1.5207969;-8.0653378;-4.7277781;13.656553;0.23231605;-2.7612531;-6.2422066;8.2664961
rank50_allgenes,ARID1A,1,1,0.1657684481632934,False,ARID1A,-9.044077
rank50_allgenes,ARID1A,1,2,0.16559419288755203,False,ARID1A;HIST1H1C,-9.4245797;-0.28484962
rank50_allgenes,ARID1A,1,5,0.16151896685946088,True,ARID1A;HIST1H1C;SCGB3A2;TAGLN;CDK1,0;-0.92086667;7.6586404;-2.8364138;-0.85872314
rank50_allgenes,ARID1A,1,10,0.15437780350343383,False,ARID1A;HIST1H1C;SCGB3A2;TAGLN;CDK1;RAB17;IGFBP2;AASS;HIST1H3E;NTS,-13.250025;-0.29149816;2.385394;-0.40645473;1.0038052;-20.521456;3.5294438;8.2938902;-1.7403623;-19.413224
rank50_allgenes,STX4,0,1,0.09858990752752124,False,STX4,-12.156598
rank50_allgenes,STX4,0,2,0.09839449096499635,False,STX4;HIST1H1C,-11.332565;-0.21686774
rank50_allgenes,STX4,0,5,0.09693043054644758,False,STX4;HIST1H1C;MT-ND4;SLC2A1;C4orf3,-19.32676;-0.19847948;0.89107769;-3.3383843;3.5175022
rank50_allgenes,STX4,0,10,0.09565153915162558,False,STX4;HIST1H1C;MT-ND4;SLC2A1;C4orf3;SCGB3A2;CRABP1;HIST1H3E;ZIC5;CDK1,-29.171301;0.25811131;0.67314145;-4.9143277;4.0564887;-0.15480022;5.3552994;-1.6530252;3.140707;-0.22394781
rank50_allgenes,STX4,1,1,0.09974028357416152,False,STX4,-8.8631259
rank50_allgenes,STX4,1,2,0.09946387032513003,False,STX4;HIST1H1C,-7.9915315;-0.27801416
rank50_allgenes,STX4,1,5,0.09788633332356081,False,STX4;HIST1H1C;IGFBP2;AASS;CDK1,-22.012818;-0.012988296;-0.96898053;-3.9772362;0.86978727
rank50_allgenes,STX4,1,10,0.09593733113654383,False,STX4;HIST1H1C;IGFBP2;AASS;CDK1;HIST1H3E;MT-ND4;SLC7A3;ID1;HMGCS1,-36.798471;-0.18955836;2.0663184;-2.5374508;-0.23697785;-1.613707;1.6633084;-7.6950229;5.7188846;-0.97963277
rank50_allgenes,CENPO,0,1,0.09836297702251258,False,CENPO,-1.2375562
rank50_allgenes,CENPO,0,2,0.09797161011689802,False,CENPO;HIST1H1C,-0.067356543;-0.310076
rank50_allgenes,CENPO,0,5,0.0946156329913575,False,CENPO;HIST1H1C;GAL;IGFBP2;MT-ATP6,-2.5281211;0.022249681;-6.1573362;-1.0967815;0.40159183
rank50_allgenes,CENPO,0,10,0.09369554857916743,True,CENPO;HIST1H1C;GAL;IGFBP2;MT-ATP6;HMGCR;HIST1H3E;SCGB3A2;PFN1;BAX,0;-0.22301357;-8.5760547;-1.6835008;0.39067158;-0.70764575;1.0712357;1.4869022;1.1919519;3.4365449
rank50_allgenes,CENPO,1,1,0.10307036499305457,False,CENPO,-0.2942193
rank50_allgenes,CENPO,1,2,0.10282283549230271,True,CENPO;HIST1H1C,0;-0.26692514
rank50_allgenes,CENPO,1,5,0.09981475162114527,False,CENPO;HIST1H1C;GAL;IGFBP2;HMGCS1,-3.2956407;-0.07548861;-6.1164771;-0.34922209;-1.469856
rank50_allgenes,CENPO,1,10,0.09917155064522559,True,CENPO;HIST1H1C;GAL;IGFBP2;HMGCS1;PKDCC;PFN1;BAX;TUBA1B;CDK1,0;-0.039220768;-7.0367296;-1.8864348;-0.83037265;-1.4281443;0.38393918;4.8780924;-1.3434517;-0.23034125
rank50_allgenes,NRAS,0,1,0.09741472603840784,False,NRAS,-3.0354392
rank50_allgenes,NRAS,0,2,0.09731589725421165,False,NRAS;HIST1H1C,-3.1757895;-0.15280067
rank50_allgenes,NRAS,0,5,0.0969230745474017,False,NRAS;HIST1H1C;HMGCS1;CDK1;AASS,-1.6783342;-0.12037665;-0.86632104;0.21444903;1.1039131
rank50_allgenes,NRAS,0,10,0.09680204753784852,True,NRAS;HIST1H1C;HMGCS1;CDK1;AASS;SCGB3A2;MT-ND4;TAGLN;HIST1H3E;PKDCC,0;-0.22356219;-0.63957109;0.27910874;1.7498818;-0.54282817;-0.12494499;1.0504658;0.61566017;-0.74331332
rank50_allgenes,NRAS,1,1,0.0774446797624605,False,NRAS,-1.8934165
rank50_allgenes,NRAS,1,2,0.07732682648249489,False,NRAS;HIST1H1C,-1.9933086;-0.15955495
rank50_allgenes,NRAS,1,5,0.0765959888924362,False,NRAS;HIST1H1C;IGFBP2;HMGCS1;CDK1,-2.6721555;-0.12594909;-0.10827986;-1.4142991;0.41111469
rank50_allgenes,NRAS,1,10,0.0763026574534045,False,NRAS;HIST1H1C;IGFBP2;HMGCS1;CDK1;TUBA1B;HIST1H3E;VIM;CDC6;PKDCC,-0.67793142;-0.42092731;-1.4261471;-0.97009861;-0.38044021;-0.95095054;0.99240671;0.6165434;-1.8274651;-0.89670127
rank50_allgenes,CHMP3,0,1,0.13276103639125772,False,CHMP3,-23.744808
rank50_allgenes,CHMP3,0,2,0.13252593620337813,False,CHMP3;HIST1H1B,-34.298204;-0.36799683
rank50_allgenes,CHMP3,0,5,0.12995553760656117,False,CHMP3;HIST1H1B;CDK1;HIST1H3E;SLC2A3,-1.7726815;-1.2184397;0.37591784;5.4690629;-2.6978774
rank50_allgenes,CHMP3,0,10,0.11928923442179833,False,CHMP3;HIST1H1B;CDK1;HIST1H3E;SLC2A3;VIM;GAL;DUSP6;IGFBP2;MT-ND4,-16.691513;-2.1391625;2.4055074;4.9443913;-7.348222;13.950385;-21.380898;-28.38165;5.1224831;-0.6124642
rank50_allgenes,CHMP3,1,1,0.13742211783531647,False,CHMP3,-26.301525
rank50_allgenes,CHMP3,1,2,0.13724383601542056,False,CHMP3;HIST1H1B,-34.668018;-0.32682066
rank50_allgenes,CHMP3,1,5,0.132919001307165,False,CHMP3;HIST1H1B;VIM;HIST1H3E;IGFBP2,-2.6362916;-1.5021736;5.2843535;5.9414833;-1.777469
rank50_allgenes,CHMP3,1,10,0.12598851299683847,True,CHMP3;HIST1H1B;VIM;HIST1H3E;IGFBP2;KRT18;HSP90B1;GPC4;HMGCS1;TUBA1B,0;-0.59811614;6.5984594;1.588845;-2.28305;-13.175138;-15.283735;16.898112;4.5887176;5.8475902
rank50_allgenes,EID2,0,1,0.08388452387001917,True,EID2,0
rank50_allgenes,EID2,0,2,0.08323614269746324,True,EID2;IGFBP2,0;-1.0782951
rank50_allgenes,EID2,0,5,0.08304249339441193,True,EID2;IGFBP2;HIST1H2BH;CDK1;SCGB3A2,0;-1.1094728;-0.022208297;-0.3606878;-0.54679655
rank50_allgenes,EID2,0,10,0.08281532937484003,False,EID2;IGFBP2;HIST1H2BH;CDK1;SCGB3A2;AASS;MT-ND4;PDPN;PKDCC;VIM,-2.2543468;-0.87222688;-0.11261844;-0.086328608;0.033042998;-1.8919791;0.014828294;2.0517233;-1.3520493;-0.84224705
rank50_allgenes,EID2,1,1,0.07379768368581438,True,EID2,0
rank50_allgenes,EID2,1,2,0.07308616881930766,True,EID2;IGFBP2,0;-1.0326999
rank50_allgenes,EID2,1,5,0.07279017376483687,True,EID2;IGFBP2;CDK1;HIST1H1B;SCGB3A2,0;-1.0621189;-0.39158871;-0.051468957;-0.8953652
rank50_allgenes,EID2,1,10,0.07255271004234039,False,EID2;IGFBP2;CDK1;HIST1H1B;SCGB3A2;TAGLN;AASS;GAL;PKDCC;HMGCS1,-0.30863899;-1.5294542;-0.17460381;-0.010788281;-2.346981;-0.76970849;-0.56948395;2.2512384;-0.90093456;0.38445197
rank50_allgenes,UQCRQ,0,1,0.11870711123322718,True,UQCRQ,0
rank50_allgenes,UQCRQ,0,2,0.11799444009425585,False,UQCRQ;HIST1H1C,-0.44606558;0.45543219
rank50_allgenes,UQCRQ,0,5,0.11443217939385004,True,UQCRQ;HIST1H1C;MT-ND4;DDIT4;HMGCR,0;0.10060909;1.8553307;3.8761475;-4.1982953
rank50_allgenes,UQCRQ,0,10,0.10695258340618798,False,UQCRQ;HIST1H1C;MT-ND4;DDIT4;HMGCR;PSAT1;CDK1;SCGB3A2;SERPINB9;COL1A1,-19.857632;0.053357331;2.4971721;5.4743549;-3.3590265;16.751886;0.3853105;-0.411276;16.369009;-6.945247
rank50_allgenes,UQCRQ,1,1,0.12043730298940458,True,UQCRQ,0
rank50_allgenes,UQCRQ,1,2,0.1202054974478059,True,UQCRQ;HIST1H1C,0;0.27880179
rank50_allgenes,UQCRQ,1,5,0.11652393346249025,False,UQCRQ;HIST1H1C;DDIT4;HMGCR;CDK1,-1.258644;0.15640895;4.2812643;-5.9341207;0.78642594
rank50_allgenes,UQCRQ,1,10,0.11175279437987432,False,UQCRQ;HIST1H1C;DDIT4;HMGCR;CDK1;TAGLN;MT-ND4;HIST1H3E;PSAT1;SCGB3A2,-11.15219;-0.46197483;6.1287634;-5.3277019;0.79788365;1.9458687;2.9921845;-0.45477731;17.022364;2.5880796
rank50_allgenes,ZNF426,0,1,0.08262510094054211,True,ZNF426,0
rank50_allgenes,ZNF426,0,2,0.0825898863605414,True,ZNF426;HIST1H1C,0;-0.083920544
rank50_allgenes,ZNF426,0,5,0.08147442980526262,False,ZNF426;HIST1H1C;VCAN;CDK1;HSP90AB1,-3.0418235;-0.45664643;2.9391627;-0.083586411;1.7525553
rank50_allgenes,ZNF426,0,10,0.08127863468375705,True,ZNF426;HIST1H1C;VCAN;CDK1;HSP90AB1;IGFBP2;SCGB3A2;PKDCC;TUBA1B;TAGLN,0;-0.38637247;3.7707886;0.090548845;2.0963022;-0.28827232;-0.5083618;-1.6155728;0.36775451;-0.56781487
rank50_allgenes,ZNF426,1,1,0.0737385920925217,True,ZNF426,0
rank50_allgenes,ZNF426,1,2,0.07368408767347111,True,ZNF426;HIST1H1C,0;-0.10582416
rank50_allgenes,ZNF426,1,5,0.07237356902700792,False,ZNF426;HIST1H1C;C4orf3;SLC2A1;PKDCC,-0.21746015;-0.22351539;-3.7988063;1.7388667;-1.7027181
rank50_allgenes,ZNF426,1,10,0.07217826234596818,False,ZNF426;HIST1H1C;C4orf3;SLC2A1;PKDCC;VCAN;CDK1;TAGLN;HMGCR;TUBA1B,-3.1881643;-0.48101101;-3.0278949;1.5324493;-1.7361392;1.7420433;-0.16249509;-0.36080397;-0.55982241;0.40447105
rank50_allgenes,BIRC2,0,1,0.13351783612178256,False,BIRC2,-8.6286046
rank50_allgenes,BIRC2,0,2,0.12904240601828995,False,BIRC2;SCGB3A2,-10.966167;-5.1251264
rank50_allgenes,BIRC2,0,5,0.1279656782917014,False,BIRC2;SCGB3A2;IGFBP2;HIST1H1B;CDK1,-2.0510189;-5.302701;1.4570738;0.44252226;0.69615838
rank50_allgenes,BIRC2,0,10,0.1220281286381603,True,BIRC2;SCGB3A2;IGFBP2;HIST1H1B;CDK1;GAL;SLC7A11;HMGCR;AASS;MT-ND4,0;3.2054873;4.1163364;0.70250858;1.3331062;-8.2613998;13.540678;-4.1330696;-7.2816162;0.44745108
rank50_allgenes,BIRC2,1,1,0.12904840606860088,False,BIRC2,-7.8515257
rank50_allgenes,BIRC2,1,2,0.12254160880012069,False,BIRC2;SCGB3A2,-9.4425124;-7.4347292
rank50_allgenes,BIRC2,1,5,0.12105319216744759,True,BIRC2;SCGB3A2;HIST1H1C;DDIT4;CDK1,0;-8.3581661;0.66147626;1.6266764;0.85751172
rank50_allgenes,BIRC2,1,10,0.11647681745059196,False,BIRC2;SCGB3A2;HIST1H1C;DDIT4;CDK1;HMGCR;ZIC5;SLC7A11;COL1A1;TAGLN,-23.589738;-3.3797739;1.0984222;8.4469472;0.54305181;-6.8834108;9.8544004;13.54214;-5.5816532;2.0132536
rank50_allgenes,PLCB3,0,1,0.07340025285994665,True,PLCB3,0
rank50_allgenes,PLCB3,0,2,0.07162263164494878,False,PLCB3;IGFBP2,-2.6325821;-1.8608842
rank50_allgenes,PLCB3,0,5,0.07127568570967148,False,PLCB3;IGFBP2;CDK1;HIST1H1B;HMGCS1,-1.771379;-2.2173816;0.51839311;0.21068371;0.73473569
rank50_allgenes,PLCB3,0,10,0.07076343574224601,False,PLCB3;IGFBP2;CDK1;HIST1H1B;HMGCS1;MT-ND4;S100A10;E2F1;AASS;HIST1H3E,-4.9730626;-3.1873709;-0.29479948;-0.14365936;0.15556399;0.3452806;1.5760622;-2.7566632;-1.1000591;0.5040064
rank50_allgenes,PLCB3,1,1,0.07902520671404516,True,PLCB3,0
rank50_allgenes,PLCB3,1,2,0.07616589170841685,False,PLCB3;IGFBP2,-5.0474018;-2.5030028
rank50_allgenes,PLCB3,1,5,0.07565011683396866,False,PLCB3;IGFBP2;CDK1;HIST1H1C;GJA1,-6.185369;-3.0006051;0.20197671;0.1125391;-1.7722842
rank50_allgenes,PLCB3,1,10,0.07524886572146207,False,PLCB3;IGFBP2;CDK1;HIST1H1C;GJA1;MT-ND3;COL1A1;SCGB3A2;TUBA1B;PFN1,-13.175181;-4.0604336;-0.080760329;0.068502946;-3.7639991;0.18277729;3.1573099;-1.1618108;0.96137938;0.89747933
rank50_allgenes,TFAM,0,1,0.15448738006413348,False,TFAM,-5.0362167
rank50_allgenes,TFAM,0,2,0.15181544185175502,False,TFAM;MT-ND4,-4.8674934;-2.8747777
rank50_allgenes,TFAM,0,5,0.14034369760095788,True,TFAM;MT-ND4;HIST1H1B;SLC7A11;ERBB2,0;-3.9249553;1.4986559;24.434347;-14.609884
rank50_allgenes,TFAM,0,10,0.13111529985932507,False,TFAM;MT-ND4;HIST1H1B;SLC7A11;ERBB2;HMGCS1;SCGB3A2;AASS;C4orf3;COL1A1,-5.0883154;-3.3251598;1.5530775;37.897143;-19.073123;-10.067149;0.59568168;-5.6265125;8.6743364;-5.1446938
rank50_allgenes,TFAM,1,1,0.14614326375742664,False,TFAM,-4.6958279
rank50_allgenes,TFAM,1,2,0.1460946378930331,False,TFAM;HIST1H1B,-4.8270342;0.14057699
rank50_allgenes,TFAM,1,5,0.1343545900251406,False,TFAM;HIST1H1B;HMGCR;PSAT1;HIST1H3E,-28.234684;0.19337351;-4.9407297;28.566774;-4.6991435
rank50_allgenes,TFAM,1,10,0.1285511418428996,False,TFAM;HIST1H1B;HMGCR;PSAT1;HIST1H3E;IGFBP2;MT-ND4;CENPF;CDK1;PKDCC,-27.912382;0.0037820413;-9.3756006;42.882525;-1.7888132;1.267771;1.6692464;15.661079;-5.8728876;-6.2080634
rank50_allgenes,PMS1,0,1,0.071950474409003,True,PMS1,0
rank50_allgenes,PMS1,0,2,0.0719290386133403,False,PMS1;HIST1H1B,-0.10451358;0.061606304
rank50_allgenes,PMS1,0,5,0.07144303856422334,False,PMS1;HIST1H1B;MT-ND4;AASS;SCGB3A2,-2.2486558;0.18709341;-0.62898547;1.994711;-1.0487913
rank50_allgenes,PMS1,0,10,0.07119943277318563,False,PMS1;HIST1H1B;MT-ND4;AASS;SCGB3A2;CDK1;IGFBP2;HMGCS1;TAGLN;PKDCC,-4.0656082;0.11540515;-0.55327478;1.9108697;-0.80055167;-0.3082049;0.63103909;-0.63239318;-1.1417544;1.458427
rank50_allgenes,PMS1,1,1,0.09078077613352675,True,PMS1,0
rank50_allgenes,PMS1,1,2,0.09074312729023425,False,PMS1;HIST1H1C,-0.15009298;0.098286835
rank50_allgenes,PMS1,1,5,0.09038560687591822,False,PMS1;HIST1H1C;IGFBP2;COL1A1;TAGLN,-1.7903407;0.058031896;-0.12234165;1.932394;-1.0606249
rank50_allgenes,PMS1,1,10,0.09008867878853369,False,PMS1;HIST1H1C;IGFBP2;COL1A1;TAGLN;SCGB3A2;MT-ND4;TOP2A;HIST1H3E;ERBB2,-3.4240159;0.34427287;0.59131988;1.907866;-1.085052;-0.30620141;-0.59596452;0.29763516;-0.89369337;2.0649455
rank50_allgenes,ZNF286A,0,1,0.07257696501341895,False,ZNF286A,-0.72392654
rank50_allgenes,ZNF286A,0,2,0.07220977799897806,True,ZNF286A;HIST1H2BH,0;0.29047095
rank50_allgenes,ZNF286A,0,5,0.07156179843281339,True,ZNF286A;HIST1H2BH;CDK1;AASS;FAM162A,0;0.096791352;-0.36637599;-1.6289765;0.40720487
rank50_allgenes,ZNF286A,0,10,0.07122162526940312,True,ZNF286A;HIST1H2BH;CDK1;AASS;FAM162A;SCGB3A2;SESN1;FASN;PFN1;MT-ND4,0;0.20184781;-0.15975686;-1.3039557;2.059182;0.339323;-3.8952601;-1.2439745;0.77610051;-0.22104818
rank50_allgenes,ZNF286A,1,1,0.07687906870686038,False,ZNF286A,-1.3871925
rank50_allgenes,ZNF286A,1,2,0.07651170325673873,False,ZNF286A;HIST1H2BH,-0.42105327;0.32650801
rank50_allgenes,ZNF286A,1,5,0.07535962016767354,True,ZNF286A;HIST1H2BH;CDK1;COL1A1;IGFBP2,0;0.062959032;-0.89116321;-2.7557861;0.50988811
rank50_allgenes,ZNF286A,1,10,0.07498569369657726,True,ZNF286A;HIST1H2BH;CDK1;COL1A1;IGFBP2;GAL;ERBB2;VIM;MSMO1;KRT18,0;-0.0015567672;-0.51757815;-5.3598471;2.1933929;2.848568;2.9250097;0.24208422;-0.88366504;1.1530855
rank50_allgenes,GSK3B,0,1,0.19321374929135116,False,GSK3B,-5.8846354
rank50_allgenes,GSK3B,0,2,0.1913963803177833,False,GSK3B;SCGB3A2,-5.1985349;3.9550131
rank50_allgenes,GSK3B,0,5,0.18443402945374926,False,GSK3B;SCGB3A2;SLC7A11;HIST1H1C;ERBB2,-17.458595;3.4433605;21.431745;0.41724994;-14.05899
rank50_allgenes,GSK3B,0,10,0.18108447342805895,True,GSK3B;SCGB3A2;SLC7A11;HIST1H1C;ERBB2;IGFBP2;HMGCS1;TOP2A;MT-ATP6;TAGLN,0;0.94835714;27.144447;0.55831634;-22.505848;0.12992994;-4.5258275;-2.4810987;-0.38730011;4.0010831
rank50_allgenes,GSK3B,1,1,0.1809669010106911,False,GSK3B,-5.4670075
rank50_allgenes,GSK3B,1,2,0.17841743976442412,False,GSK3B;SCGB3A2,-5.2351696;5.5614467
rank50_allgenes,GSK3B,1,5,0.17570950309803585,False,GSK3B;SCGB3A2;TAGLN;STC2;HIST1H1C,-1.2100915;4.9396838;5.5990988;8.4707117;-0.65040111
rank50_allgenes,GSK3B,1,10,0.17106997792950837,False,GSK3B;SCGB3A2;TAGLN;STC2;HIST1H1C;IGFBP2;HIST1H3E;COL1A1;HMGCS1;CDC6,-1.3957359;4.8424489;3.6068161;30.221391;-1.4938448;-7.0066663;-2.4046982;-8.6934255;-4.9446451;-2.9275366
rank50_allgenes,LRPPRC,0,1,0.15610202983844745,False,LRPPRC,-0.64368969
rank50_allgenes,LRPPRC,0,2,0.15336291679147177,False,LRPPRC;IGFBP2,-4.8045265;3.0573313
rank50_allgenes,LRPPRC,0,5,0.1499569625663335,True,LRPPRC;IGFBP2;CDK1;HIST1H1B;MT-ND4,0;2.6701206;2.7200234;0.87655025;-2.1147017
rank50_allgenes,LRPPRC,0,10,0.12990089467058683,False,LRPPRC;IGFBP2;CDK1;HIST1H1B;MT-ND4;SLC7A11;HMGCR;CALR;SERPINB9;SCGB3A2,-30.583371;13.497536;0.078365607;2.5740633;-2.1323838;34.306835;-11.262604;-21.258988;13.500639;-3.3534986
rank50_allgenes,LRPPRC,1,1,0.15141146569212022,False,LRPPRC,-0.97736718
rank50_allgenes,LRPPRC,1,2,0.1482082967430905,False,LRPPRC;IGFBP2,-5.7801978;3.1758503
rank50_allgenes,LRPPRC,1,5,0.1443444253972557,True,LRPPRC;IGFBP2;CDK1;HIST1H1B;HMGCR,0;5.4307971;3.3689714;0.51592206;-6.2564284
rank50_allgenes,LRPPRC,1,10,0.12966190799597524,False,LRPPRC;IGFBP2;CDK1;HIST1H1B;HMGCR;SLC7A11;MT-ATP6;HIST1H3E;CALR;PKDCC,-22.903866;10.879128;0.62689238;2.1232527;-12.978201;36.500917;-2.5702668;-1.6810113;-17.343771;-5.8719117
rank50_allgenes,CASP3,0,1,0.2270668956769247,False,CASP3,-9.4217987
rank50_allgenes,CASP3,0,2,0.22018252876546526,False,CASP3;SCGB3A2,-9.6120776;-8.2915975
rank50_allgenes,CASP3,0,5,0.20493343437230235,False,CASP3;SCGB3A2;HIST1H1C;SESN1;HMGCS1,-2.6351013;-12.032706;-0.50451687;32.956166;-7.3733021
rank50_allgenes,CASP3,0,10,0.19410589773922307,True,CASP3;SCGB3A2;HIST1H1C;SESN1;HMGCS1;SLC7A11;MT-ND4;IGFBP2;TUBB2A;CDK1,0;-6.9264427;0.43918589;56.339946;-4.5950605;17.534489;-2.012815;-9.0763137;-15.167147;-1.8250119
rank50_allgenes,CASP3,1,1,0.2534930643944971,False,CASP3,-8.3790796
rank50_allgenes,CASP3,1,2,0.25326502851759536,False,CASP3;HIST1H1B,-8.0984196;-0.39968988
rank50_allgenes,CASP3,1,5,0.2437988908910922,False,CASP3;HIST1H1B;SCGB3A2;VIM;CDK1,-0.95024848;0.68122165;-12.698942;8.1189941;3.0723007
rank50_allgenes,CASP3,1,10,0.22638754121072896,True,CASP3;HIST1H1B;SCGB3A2;VIM;CDK1;COL1A1;BAX;IGFBP2;PFN1;TUBA1B,0;1.2315956;-22.255765;1.2567088;-1.5594074;15.057932;44.605677;-3.3906721;-8.968022;-4.2492247
rank50_allgenes,MAST2,0,1,0.07495989459668753,False,MAST2,-15.629063
rank50_allgenes,MAST2,0,2,0.07490442238616282,False,MAST2;HIST1H1B,-17.862319;-0.11182693
rank50_allgenes,MAST2,0,5,0.07389535765530428,False,MAST2;HIST1H1B;GAL;MT-ND4;IGFBP2,-12.750869;-0.19954731;2.895492;-0.43230799;0.62003895
rank50_allgenes,MAST2,0,10,0.07281492064147436,False,MAST2;HIST1H1B;GAL;MT-ND4;IGFBP2;CDC6;SLC7A11;AK4;SCGB3A2;HMGCS1,-1.5134621;-0.099040266;5.0428003;-0.34570533;1.156275;0.93624662;3.7688647;5.9068815;-1.3429134;-0.46767005
rank50_allgenes,MAST2,1,1,0.07729463601135314,False,MAST2,-15.221141
rank50_allgenes,MAST2,1,2,0.07651612220730097,False,MAST2;S100A10,-6.6391052;2.3135798
rank50_allgenes,MAST2,1,5,0.07577831798024189,True,MAST2;S100A10;IGFBP2;GJA1;HIST1H1B,0;4.3693685;-0.48933401;2.3663271;0.050661204
rank50_allgenes,MAST2,1,10,0.07524974974298684,True,MAST2;S100A10;IGFBP2;GJA1;HIST1H1B;CDK1;AASS;TUBA1B;VIM;TAGLN,0;6.7380319;-0.31462203;4.889555;0.40876828;1.2457852;-2.2596633;-1.0855342;-1.2918695;0.7076163
rank50_allgenes,HAT1,0,1,0.1021552207481304,True,HAT1,0
rank50_allgenes,HAT1,0,2,0.10160148595603151,False,HAT1;HIST1H1C,-4.9206996;0.51044502
rank50_allgenes,HAT1,0,5,0.09852207396356442,False,HAT1;HIST1H1C;MT-ATP6;GAL;BAX,-0.086753009;0.3793384;-0.71950059;1.8966742;7.9884353
rank50_allgenes,HAT1,0,10,0.09654692921590773,False,HAT1;HIST1H1C;MT-ATP6;GAL;BAX;ERBB2;CDK1;VIM;TUBA1B;HIST1H3E,-8.2496264;0.68941458;-1.036399;2.4897802;15.937707;4.7034416;-1.5982651;-2.5299299;-1.0741578;-0.7908018
rank50_allgenes,HAT1,1,1,0.10639951225388415,False,HAT1,-0.6284894
rank50_allgenes,HAT1,1,2,0.10600533300949982,False,HAT1;HIST1H1C,-4.749926;0.45698349
rank50_allgenes,HAT1,1,5,0.1021301553920993,False,HAT1;HIST1H1C;SCGB3A2;BAX;FAM162A,-1.5123168;0.55148413;0.34689044;12.588436;-2.2265951
rank50_allgenes,HAT1,1,10,0.09971942410411778,False,HAT1;HIST1H1C;SCGB3A2;BAX;FAM162A;CDK1;COL1A1;VIM;MT-ND4;CKS2,-9.1729478;-0.53648754;0.37522215;18.576448;-2.4758634;-0.69357285;2.2370965;-1.9626708;-1.4557681;-5.8390281
rank50_allgenes,MAU2,0,1,0.3182714937240121,False,MAU2,-114.94561
rank50_allgenes,MAU2,0,2,0.3177961970776307,False,MAU2;HIST1H2BH,-97.162654;-0.69295782
rank50_allgenes,MAU2,0,5,0.30671039482280715,True,MAU2;HIST1H2BH;PKDCC;IGFBP2;SCGB3A2,0;-1.9793892;-28.437923;-7.0554697;-6.0089016
rank50_allgenes,MAU2,0,10,0.2990390206698237,False,MAU2;HIST1H2BH;PKDCC;IGFBP2;SCGB3A2;CDK1;MT-ND4;STC2;TAGLN;CDC6,-200.4257;0.8817722;-27.000256;1.6640054;-8.92472;-4.0901044;-0.13503353;-21.482747;13.02485;-16.026352
rank50_allgenes,MAU2,1,1,0.33018539899246774,False,MAU2,-63.417914
rank50_allgenes,MAU2,1,2,0.32790046360927927,False,MAU2;IGFBP2,-91.161668;3.9414692
rank50_allgenes,MAU2,1,5,0.3202777989631101,True,MAU2;IGFBP2;CDK1;PKDCC;HIST1H1B,0;-3.0208145;2.0917218;-19.971237;-0.66036391
rank50_allgenes,MAU2,1,10,0.30731229311452224,True,MAU2;IGFBP2;CDK1;PKDCC;HIST1H1B;SCGB3A2;ERBB2;NTS;VIM;TUBA1B,0;-9.122548;-0.74233563;0.37182155;1.8621084;-11.833908;-33.427418;51.497016;-6.4554011;-3.7650383
rank50_allgenes,SMARCA4,0,1,0.5156787801084894,True,SMARCA4,0
rank50_allgenes,SMARCA4,0,2,0.5140450462190591,True,SMARCA4;HIST1H1B,0;-1.4289259
rank50_allgenes,SMARCA4,0,5,0.4858831895533314,True,SMARCA4;HIST1H1B;GAL;PKDCC;IGFBP2,0;-1.2171025;-33.329151;-29.839736;-9.7283378
rank50_allgenes,SMARCA4,0,10,0.4789806661009709,False,SMARCA4;HIST1H1B;GAL;PKDCC;IGFBP2;CDK1;HIST1H3E;STC2;MT-ND4;AASS,-8.7381261;-0.72168523;-33.145672;-31.488479;0.36419931;-1.7255081;9.055549;-36.416889;1.6381209;10.112579
rank50_allgenes,SMARCA4,1,1,0.52176699106508,True,SMARCA4,0
rank50_allgenes,SMARCA4,1,2,0.5198767191966531,True,SMARCA4;HIST1H1B,0;-1.6467458
rank50_allgenes,SMARCA4,1,5,0.4875891538127625,True,SMARCA4;HIST1H1B;GAL;PKDCC;IGFBP2,0;-1.3292493;-36.726289;-28.499724;-9.8425667
rank50_allgenes,SMARCA4,1,10,0.4837334841989128,True,SMARCA4;HIST1H1B;GAL;PKDCC;IGFBP2;VIM;CCN2;CDK1;MT-ATP6;AASS,0;-0.33921717;-35.065223;-29.578969;-10.496447;-6.4272395;-16.226292;0.64662249;2.9578572;7.2115861
rank50_allgenes,TWF2,0,1,0.09012661730222907,True,TWF2,0
rank50_allgenes,TWF2,0,2,0.08983204990403236,True,TWF2;IGFBP2,0;-0.7541667
rank50_allgenes,TWF2,0,5,0.08969828258652165,True,TWF2;IGFBP2;HIST1H1C;MT-ATP6;TOP2A,0;-0.7120849;-0.037157964;-0.34789695;-0.36868078
rank50_allgenes,TWF2,0,10,0.08919667771170725,False,TWF2;IGFBP2;HIST1H1C;MT-ATP6;TOP2A;TAGLN;CALR;COL1A1;SCGB3A2;CCN2,-2.0086188;0.68112351;-0.14918401;-0.18651435;-0.81773177;2.4762574;-1.1422422;-1.492117;0.42141963;1.2595304
rank50_allgenes,TWF2,1,1,0.07183784583999583,True,TWF2,0
rank50_allgenes,TWF2,1,2,0.07165993772665136,False,TWF2;TOP2A,-0.043465253;-0.43453048
rank50_allgenes,TWF2,1,5,0.07125555039859263,True,TWF2;TOP2A;HIST1H1C;IGFBP2;HIST1H3E,0;-0.56390187;0.086638536;-0.32655498;-0.90789349
rank50_allgenes,TWF2,1,10,0.07079991575461606,False,TWF2;TOP2A;HIST1H1C;IGFBP2;HIST1H3E;MT-ATP6;TAGLN;CCN2;COL1A1;SCGB3A2,-0.36173521;-0.82907317;-0.1325706;0.31764227;-0.47979535;-0.3628588;0.89506789;1.6217165;-1.649854;0.74021404
rank50_allgenes,IRF3,0,1,0.09260649213716607,False,IRF3,-1.8854672
rank50_allgenes,IRF3,0,2,0.09244218931884658,False,IRF3;IGFBP2,-2.7136906;0.58187117
rank50_allgenes,IRF3,0,5,0.09212261402859886,True,IRF3;IGFBP2;HIST1H2BH;MT-ND4;PFN1,0;0.75812274;0.015935656;0.61745809;-1.6644906
rank50_allgenes,IRF3,0,10,0.09182341737654663,True,IRF3;IGFBP2;HIST1H2BH;MT-ND4;PFN1;SCGB3A2;PKDCC;HIST1H3E;SESN1;TUBA1B,0;0.8200107;0.19396175;0.58061245;-1.450127;0.28706212;2.0647004;-0.43840496;2.5856899;-0.59924928
rank50_allgenes,IRF3,1,1,0.073625645925676,False,IRF3,-0.90210831
rank50_allgenes,IRF3,1,2,0.07359338301653114,False,IRF3;HIST1H2BH,-1.0033667;-0.093029699
rank50_allgenes,IRF3,1,5,0.07317449182314198,True,IRF3;HIST1H2BH;IGFBP2;MT-ND4;PFN1,0;-0.032822807;0.67887202;0.6015416;-1.3063475
rank50_allgenes,IRF3,1,10,0.07293013066918977,True,IRF3;HIST1H2BH;IGFBP2;MT-ND4;PFN1;PKDCC;HIST1H3E;SCGB3A2;TAGLN;VIM,0;0.07695311;0.80208381;0.64839715;-1.0422445;1.6399425;-0.36284539;0.4575732;-0.85262242;0.60289898
rank50_allgenes,MKI67,0,1,0.0756189528991506,True,MKI67,0
rank50_allgenes,MKI67,0,2,0.07451693651268759,True,MKI67;IGFBP2,0;-1.3323241
rank50_allgenes,MKI67,0,5,0.07372115562269499,False,MKI67;IGFBP2;MT-ND4;TOP2A;HSP90AB1,-0.66863744;-1.7937762;-0.50187873;0.90835139;1.9481491
rank50_allgenes,MKI67,0,10,0.07265685596299032,True,MKI67;IGFBP2;MT-ND4;TOP2A;HSP90AB1;AASS;HIST1H1B;BAX;S100A10;HMGCS1,0;-2.0773658;-0.41442458;-0.061809903;3.0021844;-0.35463341;-0.015321105;7.0442214;-2.6549323;0.65045511
rank50_allgenes,MKI67,1,1,0.09225340170107725,True,MKI67,0
rank50_allgenes,MKI67,1,2,0.09070487608816324,True,MKI67;IGFBP2,0;-1.7004606
rank50_allgenes,MKI67,1,5,0.09030121482049168,False,MKI67;IGFBP2;HIST1H1C;AASS;TOP2A,-0.71492366;-1.7838455;0.060476529;-1.6772457;0.9867428
rank50_allgenes,MKI67,1,10,0.0894682694180908,True,MKI67;IGFBP2;HIST1H1C;AASS;TOP2A;HSP90AB1;BAX;S100A10;HMGCS1;HIST1H3E,0;-2.2469028;0.043422698;-0.36800031;-0.16501908;2.878379;6.9823365;-2.9914678;0.935637;-0.50802887
rank50_allgenes,AKT2,0,1,0.1211715463790246,False,AKT2,-2.1594819
rank50_allgenes,AKT2,0,2,0.11989851673598716,False,AKT2;S100A10,-3.9078552;-3.470558
rank50_allgenes,AKT2,0,5,0.11947329430885774,False,AKT2;S100A10;HIST1H2BH;SCD;AASS,-4.6855012;-4.0947605;-0.13301631;1.3424717;1.1939568
rank50_allgenes,AKT2,0,10,0.11884017898219873,True,AKT2;S100A10;HIST1H2BH;SCD;AASS;PKDCC;GJA1;PFN1;TUBA1B;ID1,0;-4.8908272;-0.67608585;2.5300107;0.49739526;-4.7115261;3.1308618;1.53487;0.99417149;2.4710561
rank50_allgenes,AKT2,1,1,0.12256618296780979,False,AKT2,-2.9534547
rank50_allgenes,AKT2,1,2,0.12203047507585105,False,AKT2;FAM162A,-4.9485817;-1.4744268
rank50_allgenes,AKT2,1,5,0.1208719427713353,False,AKT2;FAM162A;SCGB3A2;HIST1H1B;AASS,-1.7771011;-1.11634;-3.5082276;0.24621465;2.6002538
rank50_allgenes,AKT2,1,10,0.11971324659766366,False,AKT2;FAM162A;SCGB3A2;HIST1H1B;AASS;PKDCC;TUBA1B;TAGLN;ITGB5;PFN1,-2.3059959;-1.4251051;-2.726843;0.011720062;1.8798516;-0.23282042;1.0263204;-1.9463826;8.8045919;1.7014288
rank50_allgenes,SSBP1,0,1,0.12837531669906993,False,SSBP1,-63.22167
rank50_allgenes,SSBP1,0,2,0.12474173201586625,False,SSBP1;MT-ND4,-90.913286;-3.0816028
rank50_allgenes,SSBP1,0,5,0.12182927626082703,False,SSBP1;MT-ND4;HIST1H1C;DDIT4;CDK1,-57.962382;-2.9226582;0.6216342;2.7675757;1.123909
rank50_allgenes,SSBP1,0,10,0.10961011935484408,False,SSBP1;MT-ND4;HIST1H1C;DDIT4;CDK1;SLC7A11;HMGCR;HIST1H3E;AASS;TPM1,-97.231177;-3.4994835;1.3434312;13.750082;2.5302657;20.851068;-5.9159785;-1.8499704;-4.2791335;10.188005
rank50_allgenes,SSBP1,1,1,0.13533329536384983,False,SSBP1,-90.318802
rank50_allgenes,SSBP1,1,2,0.13251845548636532,False,SSBP1;DDIT4,-62.332784;3.3645472
rank50_allgenes,SSBP1,1,5,0.13109259266110593,False,SSBP1;DDIT4;HIST1H1B;CDK1;HMGCR,-49.296439;5.0156011;0.34296112;1.4306262;-4.0605356
rank50_allgenes,SSBP1,1,10,0.12374145863113344,False,SSBP1;DDIT4;HIST1H1B;CDK1;HMGCR;SLC7A11;HIST1H3E;MT-ATP6;TAGLN;COL1A1,-42.289856;12.74921;1.7379251;1.7925565;-7.785984;20.521452;-3.0322031;-2.1865119;3.6326819;-5.1745389
rank50_allgenes,PHF14,0,1,0.10436289828091043,False,PHF14,-6.0375036
rank50_allgenes,PHF14,0,2,0.10427788590559164,False,PHF14;HIST1H2BH,-6.7511927;-0.17368808
rank50_allgenes,PHF14,0,5,0.10315928670123235,False,PHF14;HIST1H2BH;IGFBP2;CCNG1;CDK1,-1.4430209;-0.41963329;-0.13885162;7.0361337;-0.87736411
rank50_allgenes,PHF14,0,10,0.10260504405608784,False,PHF14;HIST1H2BH;IGFBP2;CCNG1;CDK1;MT-ND4;HMGCS1;CNN2;HMGCR;TUBA1B,-0.86461895;-0.79553006;-1.0403415;13.574435;-1.3193182;-0.49704868;1.0585584;3.6170625;-1.9414539;-0.99664928
rank50_allgenes,PHF14,1,1,0.10096316270845318,False,PHF14,-6.0309679
rank50_allgenes,PHF14,1,2,0.10087617147454431,False,PHF14;HIST1H1C,-6.7213356;-0.16338148
rank50_allgenes,PHF14,1,5,0.09961647533277955,True,PHF14;HIST1H1C;NOP16;CDK1;HMGCS1,0;-0.37319825;-5.8847909;-0.81227295;-1.6202629
rank50_allgenes,PHF14,1,10,0.09842971415157807,False,PHF14;HIST1H1C;NOP16;CDK1;HMGCS1;ZIM3;SCGB3A2;IGFBP2;TAGLN;MT-ND4,-10.661134;-0.22416172;-10.382209;-0.23458548;-1.0720217;8.6562583;-0.95807415;-3.6183759;-1.0377797;-0.45278805
rank50_allgenes,DNMT1,0,1,0.3872987916759105,False,DNMT1,-1.7112461
rank50_allgenes,DNMT1,0,2,0.3864630403315935,False,DNMT1;HIST1H1C,-18.034985;1.3780084
rank50_allgenes,DNMT1,0,5,0.3838527668001841,False,DNMT1;HIST1H1C;MT-ND4;SCGB3A2;CDK1,-14.196891;0.46642653;3.1500577;5.306197;-0.89169412
rank50_allgenes,DNMT1,0,10,0.38111659730184283,True,DNMT1;HIST1H1C;MT-ND4;SCGB3A2;CDK1;IGFBP2;HMGCS1;CKS2;CCN2;PKDCC,0;1.1097148;4.3857876;4.1657012;-4.2449411;2.0946554;-4.4703235;13.62532;7.9942038;-6.2867868
rank50_allgenes,DNMT1,1,1,0.37277063077914135,False,DNMT1,-0.31988267
rank50_allgenes,DNMT1,1,2,0.3722375834336646,False,DNMT1;HIST1H1C,-13.331895;1.1457638
rank50_allgenes,DNMT1,1,5,0.36972876830131923,False,DNMT1;HIST1H1C;SCGB3A2;MT-ATP6;CDK1,-13.328284;0.10934662;7.3715073;4.828181;-1.6268446
rank50_allgenes,DNMT1,1,10,0.3653475897424926,True,DNMT1;HIST1H1C;SCGB3A2;MT-ATP6;CDK1;PKDCC;HMGCS1;ZIC5;IGFBP2;NTS,0;-0.49729375;12.677674;3.7389148;-3.3738591;-7.7585756;-3.7697398;16.10184;0.72936777;15.731843
rank50_allgenes,TMSB10,0,1,0.23001524380804347,False,TMSB10,-0.039243481
rank50_allgenes,TMSB10,0,2,0.22461912635927395,True,TMSB10;HMGCS1,0;6.2444346
rank50_allgenes,TMSB10,0,5,0.22393971538169044,False,TMSB10;HMGCS1;SCGB3A2;HIST1H1B;MT-ATP6,-0.6618813;6.2206073;-2.2998875;0.2769903;-1.1200532
rank50_allgenes,TMSB10,0,10,0.21872790227949027,False,TMSB10;HMGCS1;SCGB3A2;HIST1H1B;MT-ATP6;SLC2A1;PKDCC;TAGLN;TUBA1B;MDM2,-2.7693129;9.5758862;-5.2555205;-0.43688264;-1.3033695;-7.3518379;-13.459652;6.8119503;-4.2495421;14.480031
rank50_allgenes,TMSB10,1,1,0.19843260965962747,False,TMSB10,-0.41750292
rank50_allgenes,TMSB10,1,2,0.18962252668211907,False,TMSB10;HMGCS1,-0.93676667;8.125094
rank50_allgenes,TMSB10,1,5,0.18570974495487313,False,TMSB10;HMGCS1;HIST1H1B;IGFBP2;SCGB3A2,-0.35345889;13.738809;1.0798957;-4.9168071;-4.6014619
rank50_allgenes,TMSB10,1,10,0.17751293090248557,False,TMSB10;HMGCS1;HIST1H1B;IGFBP2;SCGB3A2;PKDCC;TAGLN;COL1A1;MT-ATP6;TUBA1B,-2.6063483;18.341737;0.78398691;-12.253354;-10.350937;-17.098713;4.4038437;10.925099;-3.1167175;-3.3150298
rank50_allgenes,CLDN6,0,1,0.07475642823528937,True,CLDN6,0
rank50_allgenes,CLDN6,0,2,0.07424320248181275,False,CLDN6;CDK1,-0.2811935;-0.65182139
rank50_allgenes,CLDN6,0,5,0.07300240364458563,True,CLDN6;CDK1;HIST1H1C;MT-ND4;AASS,0;-0.8081858;-0.29640889;0.76259409;-2.3679243
rank50_allgenes,CLDN6,0,10,0.07168420425948036,False,CLDN6;CDK1;HIST1H1C;MT-ND4;AASS;DDIT4;CCN2;HMGCR;PFN1;SFRP2,-3.376396;-0.95866723;-0.12657839;-0.073626496;-0.89407835;-2.8773489;-3.2587717;1.1999212;1.356336;5.0299459
rank50_allgenes,CLDN6,1,1,0.08174456249820822,True,CLDN6,0
rank50_allgenes,CLDN6,1,2,0.08106735288449896,False,CLDN6;CDK1,-0.043025788;-0.82568068
rank50_allgenes,CLDN6,1,5,0.07999471755551572,True,CLDN6;CDK1;HIST1H1C;AASS;VIM,0;-0.89537382;-0.14111775;-2.0879259;-1.3273213
rank50_allgenes,CLDN6,1,10,0.0790671007124482,True,CLDN6;CDK1;HIST1H1C;AASS;VIM;MT-ND4;CCN2;DDIT4;HMGCR;PFN1,0;-0.84180753;-0.019224511;-1.6400928;-0.82752026;0.92246373;-3.5187378;-1.4010578;1.2859324;1.0361217
rank50_allgenes,DLG5,0,1,0.12620451454726495,False,DLG5,-6.1918732
rank50_allgenes,DLG5,0,2,0.12289488646244881,True,DLG5;TAGLN,0;-5.82243
rank50_allgenes,DLG5,0,5,0.12055089342434709,False,DLG5;TAGLN;SLC2A1;SCGB3A2;HIST1H1C,-5.7188761;-9.785973;-4.3027865;-2.4109005;0.22800999
rank50_allgenes,DLG5,0,10,0.11407269326027034,False,DLG5;TAGLN;SLC2A1;SCGB3A2;HIST1H1C;BAX;CDK1;HIST1H3E;RGS5;COL1A1,-0.62886406;-2.8386507;-9.0227402;-3.3100654;-0.025989119;12.377522;-0.674254;1.8892367;-24.161063;6.4319146
rank50_allgenes,DLG5,1,1,0.15144782688652647,False,DLG5,-6.3025166
rank50_allgenes,DLG5,1,2,0.14883288251377763,True,DLG5;TAGLN,0;-4.7361722
rank50_allgenes,DLG5,1,5,0.14604409924136577,True,DLG5;TAGLN;HIST1H1B;CCN2;CDK1,0;-2.8746121;0.79225042;-8.9292158;1.3810343
rank50_allgenes,DLG5,1,10,0.14208390864246456,False,DLG5;TAGLN;HIST1H1B;CCN2;CDK1;VIM;ZIC5;COL1A1;BAX;GAL,-4.7307723;0.36869836;1.4476089;-10.743418;-0.42869294;-6.0262376;5.591553;5.1507407;10.967228;-3.992615
rank50_allgenes,NDUFB6,0,1,0.0977708853015587,True,NDUFB6,0
rank50_allgenes,NDUFB6,0,2,0.09743681830878444,True,NDUFB6;HIST1H1B,0;0.28131058
rank50_allgenes,NDUFB6,0,5,0.09508411887729609,True,NDUFB6;HIST1H1B;MT-ND4;DDIT4;HMGCR,0;0.058843742;1.7616128;2.2551676;-2.7058948
rank50_allgenes,NDUFB6,0,10,0.09191232607795563,True,NDUFB6;HIST1H1B;MT-ND4;DDIT4;HMGCR;CDK1;PSAT1;CCN2;PKDCC;GJA1,0;-0.3327073;2.2982894;3.0337759;-3.1259335;1.3761539;11.424825;3.0215931;-4.2226869;2.5553527
rank50_allgenes,NDUFB6,1,1,0.09734981504585265,True,NDUFB6,0
rank50_allgenes,NDUFB6,1,2,0.09726929280338364,True,NDUFB6;HIST1H1C,0;0.14778743
rank50_allgenes,NDUFB6,1,5,0.09523996729854664,False,NDUFB6;HIST1H1C;DDIT4;HMGCR;MT-ND4,-0.033157566;-0.11640625;2.7954334;-3.7624889;1.819702
rank50_allgenes,NDUFB6,1,10,0.09342685292135601,True,NDUFB6;HIST1H1C;DDIT4;HMGCR;MT-ND4;CDK1;TAGLN;SLC7A5;PKDCC;HIST1H3E,0;-0.20147808;4.5578983;-4.7476415;1.3670476;0.51910854;1.3444809;6.8391903;-3.5470937;-1.1442961
rank50_allgenes,STAT6,0,1,0.1482412156886312,False,STAT6,-46.625366
rank50_allgenes,STAT6,0,2,0.14807420743433677,False,STAT6;HIST1H1B,-65.702339;-0.2862163
rank50_allgenes,STAT6,0,5,0.14533798237351678,False,STAT6;HIST1H1B;ERBB2;MT-ATP6;IGFBP2,-40.452542;-0.080427708;-7.2104051;1.0859765;-1.4033335
rank50_allgenes,STAT6,0,10,0.14462755719090775,False,STAT6;HIST1H1B;ERBB2;MT-ATP6;IGFBP2;DUSP6;VIM;HMGCR;TAGLN;HIST1H3E,-76.177041;-0.070584374;-7.2290106;1.0374794;2.8639297;-3.5513297;-4.3020997;-1.5299551;2.3655596;-0.86214705
rank50_allgenes,STAT6,1,1,0.13913574033453718,False,STAT6,-30.970077
rank50_allgenes,STAT6,1,2,0.13637840544367116,False,STAT6;ERBB2,-41.173611;-5.6088476
rank50_allgenes,STAT6,1,5,0.13549786228143115,False,STAT6;ERBB2;IGFBP2;CDK1;AASS,-8.4074861;-8.2371198;-1.8151813;-0.78307506;2.7542446
rank50_allgenes,STAT6,1,10,0.1346838766194284,False,STAT6;ERBB2;IGFBP2;CDK1;AASS;HIST1H1C;VIM;PFN1;MSMO1;PKDCC,-56.960888;-10.013011;0.49214015;-1.1791433;3.9762076;-0.15949537;-1.9134008;2.3152051;-2.9354679;3.0636327
rank50_allgenes,ZNF714,0,1,0.08977278151308646,True,ZNF714,0
rank50_allgenes,ZNF714,0,2,0.08971145326150469,True,ZNF714;HIST1H1B,0;0.11557596
rank50_allgenes,ZNF714,0,5,0.0891597903370963,True,ZNF714;HIST1H1B;CDK1;SCGB3A2;C4orf3,0;0.38062069;0.68612632;-0.88774894;-0.879907
rank50_allgenes,ZNF714,0,10,0.08880574464448271,False,ZNF714;HIST1H1B;CDK1;SCGB3A2;C4orf3;HMGCR;HIST1H3E;MT-ND4;PKDCC;GAL,-0.96415656;0.15912398;0.53064544;-0.014184912;-2.3567358;1.1705177;0.59071249;-0.1294724;-0.82828711;-0.7614045
rank50_allgenes,ZNF714,1,1,0.10613825139169307,True,ZNF714,0
rank50_allgenes,ZNF714,1,2,0.10609138146373734,True,ZNF714;HIST1H1B,0;0.11705271
rank50_allgenes,ZNF714,1,5,0.10534124055624328,True,ZNF714;HIST1H1B;FAM162A;HIST1H3E;SCGB3A2,0;-0.11605065;-1.0972909;1.2174298;-0.98447977
rank50_allgenes,ZNF714,1,10,0.10495910119243139,False,ZNF714;HIST1H1B;FAM162A;HIST1H3E;SCGB3A2;CDK1;HMGCS1;PKDCC;VIM;HIST1H1A,-0.34155818;0.28047314;-2.9354117;1.3627225;-1.140697;0.14569369;1.2994249;-2.1287003;-0.47102773;-0.77643601
rank50_allgenes,SAFB,0,1,0.1655890747442996,False,SAFB,-2.1731089
rank50_allgenes,SAFB,0,2,0.16535570101517597,False,SAFB;HIST1H1B,-2.4841263;-0.30647918
rank50_allgenes,SAFB,0,5,0.16119202189522733,True,SAFB;HIST1H1B;HMGCS1;SESN1;TAGLN,0;-0.74011553;-2.4690754;14.736123;5.5330838
rank50_allgenes,SAFB,0,10,0.15872092226533313,False,SAFB;HIST1H1B;HMGCS1;SESN1;TAGLN;SCGB3A2;CDK1;C4orf3;SLC7A11;HIST1H3E,-0.794045;-1.6363059;0.2589544;25.590779;5.2154483;-1.5352217;-0.60016166;-10.467584;-6.8535621;2.0374961
rank50_allgenes,SAFB,1,1,0.17287645755551234,False,SAFB,-1.7157385
rank50_allgenes,SAFB,1,2,0.1726544850719176,False,SAFB;HIST1H1B,-1.7960954;-0.32502224
rank50_allgenes,SAFB,1,5,0.16926607541331207,True,SAFB;HIST1H1B;VIM;HMGCS1;BAX,0;-0.53906376;2.9111287;-3.5127158;9.7293069
rank50_allgenes,SAFB,1,10,0.16602908838540256,True,SAFB;HIST1H1B;VIM;HMGCS1;BAX;CDK1;C4orf3;SLC2A1;CRABP1;GAL,0;-0.45580904;4.9891933;0.37862611;28.637133;-2.5120366;-13.56092;5.0222203;-8.1136054;-3.5362849
rank50_allgenes,SOX2,0,1,0.3591512405267941,True,SOX2,0
rank50_allgenes,SOX2,0,2,0.34337808169011114,False,SOX2;SCGB3A2,-4.0715615;-15.860103
rank50_allgenes,SOX2,0,5,0.3373128118539054,True,SOX2;SCGB3A2;HIST1H1B;GAL;IGFBP2,0;-4.794609;1.2352859;-23.13983;-2.9206215
rank50_allgenes,SOX2,0,10,0.326029084191041,False,SOX2;SCGB3A2;HIST1H1B;GAL;IGFBP2;TAGLN;VIM;SLC7A11;MT-ND4;ID1,-4.7355153;-1.9387855;3.2882495;-23.363222;5.0225123;27.946152;-28.890932;-11.99417;0.40072835;-22.324561
rank50_allgenes,SOX2,1,1,0.380293839626313,True,SOX2,0
rank50_allgenes,SOX2,1,2,0.3600371157228713,False,SOX2;SCGB3A2,-8.2621117;-22.827693
rank50_allgenes,SOX2,1,5,0.35578746742968986,True,SOX2;SCGB3A2;HIST1H1B;CDK1;ERBB2,0;-28.194902;2.4678264;2.4928084;-8.5202288
rank50_allgenes,SOX2,1,10,0.34794566041865344,True,SOX2;SCGB3A2;HIST1H1B;CDK1;ERBB2;IGFBP2;VIM;TAGLN;PFN1;HIST1H3E,0;-33.110774;1.8295784;-0.52448111;-29.108352;0.32374206;-13.739887;13.41099;-10.412595;6.9398875
rank50_allgenes,SLC25A3,0,1,0.10578014307560087,True,SLC25A3,0
rank50_allgenes,SLC25A3,0,2,0.1055709156638539,True,SLC25A3;HIST1H1C,0;0.23132456
rank50_allgenes,SLC25A3,0,5,0.10328839282826371,True,SLC25A3;HIST1H1C;IGFBP2;CDK1;MT-ND4,0;0.52161466;1.8143439;1.0677914;0.56213765
rank50_allgenes,SLC25A3,0,10,0.0977426575414347,False,SLC25A3;HIST1H1C;IGFBP2;CDK1;MT-ND4;HMGCR;STC2;HIST1H3E;COL1A1;TAGLN,-7.9562797;0.037882807;2.5630416;1.9256606;0.54646788;-4.2310161;13.937338;-1.6818425;-6.8618204;5.354404
rank50_allgenes,SLC25A3,1,1,0.11124650253692292,True,SLC25A3,0
rank50_allgenes,SLC25A3,1,2,0.10902963915895518,True,SLC25A3;IGFBP2,0;2.2324644
rank50_allgenes,SLC25A3,1,5,0.10816888356294665,True,SLC25A3;IGFBP2;HIST1H1B;CDK1;HIST1H3E,0;2.5426686;0.76837467;0.86828044;-1.8345834
rank50_allgenes,SLC25A3,1,10,0.10310638354598144,True,SLC25A3;IGFBP2;HIST1H1B;CDK1;HIST1H3E;TAGLN;HMGCR;STC2;COL1A1;KRT18,0;0.47694177;-0.019523024;1.7256275;-2.894868;3.1071685;-4.632395;17.497567;-6.8323476;-6.630654
rank50_allgenes,ZNF593,0,1,0.0995798899127182,True,ZNF593,0
rank50_allgenes,ZNF593,0,2,0.09937390075320382,True,ZNF593;HIST1H1C,0;0.22269465
rank50_allgenes,ZNF593,0,5,0.09807370188063592,True,ZNF593;HIST1H1C;MT-ND4;GAL;HMGCS1,0;0.31862917;-0.57306659;-3.3067986;-1.1063508
rank50_allgenes,ZNF593,0,10,0.09314839925711334,False,ZNF593;HIST1H1C;MT-ND4;GAL;HMGCS1;BAX;DDIT4;CDK1;MFGE8;PKDCC,-2.2160589;0.42261422;-1.0353294;-4.5497371;0.4571862;16.365551;-6.602449;-1.1316247;3.6005392;-3.9597991
rank50_allgenes,ZNF593,1,1,0.1012634275195118,True,ZNF593,0
rank50_allgenes,ZNF593,1,2,0.1011288647607874,True,ZNF593;HIST1H1B,0;0.19368266
rank50_allgenes,ZNF593,1,5,0.0969115213514271,True,ZNF593;HIST1H1B;GAL;HMGCS1;BAX,0;0.38179082;-4.713991;-3.3264524;10.073829
rank50_allgenes,ZNF593,1,10,0.09363712832555224,False,ZNF593;HIST1H1B;GAL;HMGCS1;BAX;FAM162A;CDK1;HIST1H3E;VIM;PKDCC,-6.7272721;-0.064983825;-5.9844439;0.37013529;19.644131;-6.9170606;-1.4947711;1.6629995;-2.0669558;-3.3624116
rank50_allgenes,RAF1,0,1,0.10062276995470153,True,RAF1,0
rank50_allgenes,RAF1,0,2,0.10050582413278386,True,RAF1;HIST1H1B,0;0.16896157
rank50_allgenes,RAF1,0,5,0.09664534891176377,False,RAF1;HIST1H1B;DUSP6;GAL;IGFBP2,-5.7823518;0.0079138308;-17.701408;-10.841478;3.2460353
rank50_allgenes,RAF1,0,10,0.09123875132790299,False,RAF1;HIST1H1B;DUSP6;GAL;IGFBP2;VIM;CDK1;CNN2;ZIC5;HSP90B1,-12.505368;0.10988089;-25.855671;-14.380631;2.9463675;10.264558;0.87967241;5.3072353;8.5930749;-2.6571514
rank50_allgenes,RAF1,1,1,0.10421415348494462,True,RAF1,0
rank50_allgenes,RAF1,1,2,0.10411129354806914,True,RAF1;HIST1H1B,0;0.17178723
rank50_allgenes,RAF1,1,5,0.10141049849593467,False,RAF1;HIST1H1B;VIM;IGFBP2;KRT18,-1.4284183;0.01272795;4.6298643;-1.3449556;-5.9071852
rank50_allgenes,RAF1,1,10,0.09432983357620124,False,RAF1;HIST1H1B;VIM;IGFBP2;KRT18;CDK1;NTS;PMAIP1;GPC4;TUBA1B,-6.4610292;-0.21806176;5.8478881;0.84613666;-5.2753242;2.6488735;-25.097004;8.4497957;12.970152;2.9365534
rank50_allgenes,METTL17,0,1,0.15021295628494347,True,METTL17,0
rank50_allgenes,METTL17,0,2,0.14461563499754218,False,METTL17;MT-ND4,-5.0600807;4.1761339
rank50_allgenes,METTL17,0,5,0.137440256474685,False,METTL17;MT-ND4;HIST1H1C;IGFBP2;SLC7A11,-34.299924;4.0528687;1.5412576;2.9493711;15.745523
rank50_allgenes,METTL17,0,10,0.12687074342631033,False,METTL17;MT-ND4;HIST1H1C;IGFBP2;SLC7A11;HMGCS1;COL1A1;SFRP1;CDK1;ZIC2,-56.891942;5.4556317;4.2088773;7.030964;29.771108;-8.7041697;-9.0388583;-14.397822;1.1794684;14.732776
rank50_allgenes,METTL17,1,1,0.14374475067237588,False,METTL17,-3.1641452
rank50_allgenes,METTL17,1,2,0.14270552524825464,False,METTL17;IGFBP2,-1.9318178;1.7515854
rank50_allgenes,METTL17,1,5,0.13547968166772523,False,METTL17;IGFBP2;MT-ND4;HMGCS1;SLC7A11,-36.447172;6.7776783;3.9415402;-7.9181767;11.769152
rank50_allgenes,METTL17,1,10,0.12853750025020316,False,METTL17;IGFBP2;MT-ND4;HMGCS1;SLC7A11;HIST1H1C;COL1A1;SFRP1;CDK1;VIM,-55.271896;9.8526275;5.6360852;-11.378653;29.592737;1.8257115;-13.680491;-6.95643;-0.51006628;2.3755668
rank50_allgenes,IKBKG,0,1,0.0905635269937913,True,IKBKG,0
rank50_allgenes,IKBKG,0,2,0.09025797449337199,True,IKBKG;HIST1H1B,0;-0.25893961
rank50_allgenes,IKBKG,0,5,0.08675419022387935,True,IKBKG;HIST1H1B;HMGCS1;SCGB3A2;CDK1,0;0.22284894;2.8451826;-1.7760628;0.44862065
rank50_allgenes,IKBKG,0,10,0.08301082045982722,True,IKBKG;HIST1H1B;HMGCS1;SCGB3A2;CDK1;BAX;DDIT4;SLC7A11;GAL;TUBA1B,0;0.40007263;4.062525;0.28397084;-1.4402718;14.534871;-3.7640423;4.7224349;-5.0952309;-1.4127356
rank50_allgenes,IKBKG,1,1,0.09634025625849993,True,IKBKG,0
rank50_allgenes,IKBKG,1,2,0.0960865467468644,True,IKBKG;HIST1H1B,0;-0.25931788
rank50_allgenes,IKBKG,1,5,0.09358227272091046,True,IKBKG;HIST1H1B;HMGCS1;SCGB3A2;CDK1,0;0.20507364;2.5308976;-2.3979284;0.45759869
rank50_allgenes,IKBKG,1,10,0.09035749202584997,False,IKBKG;HIST1H1B;HMGCS1;SCGB3A2;CDK1;MDM2;FAM162A;TUBA1B;CCN2;PFN1,-12.259941;0.44440253;4.6323162;-4.0159618;1.2561235;17.304731;-3.1263923;-1.6379874;-2.4653356;1.0453587
rank50_allgenes,SMAGP,0,1,0.12621342045483874,False,SMAGP,-5.365873
rank50_allgenes,SMAGP,0,2,0.125235860620317,False,SMAGP;SCGB3A2,-8.6451127;-2.3591012
rank50_allgenes,SMAGP,0,5,0.12272333878193896,True,SMAGP;SCGB3A2;TOP2A;SLC7A11;DDIT4,0;-1.3538238;-1.2005716;7.8631699;2.0247207
rank50_allgenes,SMAGP,0,10,0.11487147947280413,False,SMAGP;SCGB3A2;TOP2A;SLC7A11;DDIT4;COL1A1;HMGCS1;TAGLN;MT-ND3;PMAIP1,-43.576808;0.81013559;1.428921;15.913022;7.9007051;-12.297229;-3.4052104;7.9769473;0.80326006;8.9147736
rank50_allgenes,SMAGP,1,1,0.15432720651615822,False,SMAGP,-9.3732021
rank50_allgenes,SMAGP,1,2,0.15404094993422152,False,SMAGP;CDK1,-0.35036277;-0.83013393
rank50_allgenes,SMAGP,1,5,0.15045985485805058,False,SMAGP;CDK1;SCGB3A2;TAGLN;PKDCC,-1.8650512;-0.28271058;-4.9564345;4.9862083;-6.2365903
rank50_allgenes,SMAGP,1,10,0.1463672850041638,False,SMAGP;CDK1;SCGB3A2;TAGLN;PKDCC;SLC7A11;AASS;HIST1H3E;HIST1H1B;HMGCS1,-100.94195;0.36260406;3.3625548;3.4319462;-11.219802;18.554109;-11.311081;-2.5284987;-1.3850456;-1.7820407
rank50_allgenes,MAP1B,0,1,0.07327260187199772,True,MAP1B,0
rank50_allgenes,MAP1B,0,2,0.07254438637769207,False,MAP1B;HIST1H1C,-1.4553601;-0.3944522
rank50_allgenes,MAP1B,0,5,0.07213429770538557,False,MAP1B;HIST1H1C;CDK1;SCGB3A2;MT-ND4,-0.33984345;-0.29444334;0.38250739;0.88804422;0.27005777
rank50_allgenes,MAP1B,0,10,0.07134179740484829,True,MAP1B;HIST1H1C;CDK1;SCGB3A2;MT-ND4;IGFBP2;SFRP1;PFN1;CCN2;TUBA1B,0;0.01842613;0.34348994;-1.1156082;0.58636917;0.18656005;-4.6425269;-1.1955797;1.3285811;-0.42854768
rank50_allgenes,MAP1B,1,1,0.07577187433210457,True,MAP1B,0
rank50_allgenes,MAP1B,1,2,0.07509362287274782,False,MAP1B;HIST1H1C,-0.55424506;-0.39250385
rank50_allgenes,MAP1B,1,5,0.07444349386383323,True,MAP1B;HIST1H1C;CDK1;SCGB3A2;IGFBP2,0;-0.33957431;0.4339589;1.4822335;0.36040636
rank50_allgenes,MAP1B,1,10,0.07395600750526214,False,MAP1B;HIST1H1C;CDK1;SCGB3A2;IGFBP2;MT-ND4;PFN1;TAGLN;SFRP1;HIST1H3E,-0.35426002;0.11252867;0.47254989;-0.91378158;0.65805728;1.0481027;-1.2318028;0.68581461;-3.8147798;-0.47613672
rank50_allgenes,TAZ,0,1,0.10151787638230267,False,TAZ,-2.5404
rank50_allgenes,TAZ,0,2,0.10112770716181423,True,TAZ;HIST1H1B,0;0.31650068
rank50_allgenes,TAZ,0,5,0.09704530869439854,True,TAZ;HIST1H1B;PSAT1;IGFBP2;CDK1,0;0.14709274;14.160262;1.5023699;1.043176
rank50_allgenes,TAZ,0,10,0.09468273525396968,True,TAZ;HIST1H1B;PSAT1;IGFBP2;CDK1;HMGCS1;MT-ND4;COL1A1;CCN2;HSP90B1,0;-0.33640141;18.322115;4.5369874;0.93624527;-3.5207631;1.0114473;-5.0793677;2.7711874;2.2185656
rank50_allgenes,TAZ,1,1,0.11182801700268774,False,TAZ,-0.041598259
rank50_allgenes,TAZ,1,2,0.11159142195375564,True,TAZ;HIST1H1B,0;0.26983509
rank50_allgenes,TAZ,1,5,0.10854557003641209,True,TAZ;HIST1H1B;TOP2A;PSAT1;IGFBP2,0;0.1427157;1.4060655;15.332085;1.7418785
rank50_allgenes,TAZ,1,10,0.10661097482657307,True,TAZ;HIST1H1B;TOP2A;PSAT1;IGFBP2;HMGCS1;COL1A1;CCN2;MT-ND4;PKDCC,0;-0.39219088;1.4275835;19.290768;3.6603791;-3.4091037;-3.5037538;3.5578227;0.92952818;-2.166576
rank50_allgenes,OXCT1,0,1,0.18864730073628622,True,OXCT1,0
rank50_allgenes,OXCT1,0,2,0.18857534326997547,True,OXCT1;HIST1H1B,0;-0.18150788
rank50_allgenes,OXCT1,0,5,0.18646333673766124,True,OXCT1;HIST1H1B;IGFBP2;CCN2;NUCKS1,0;0.095816922;0.91451049;-6.4454121;-3.5276614
rank50_allgenes,OXCT1,0,10,0.18427959769187893,True,OXCT1;HIST1H1B;IGFBP2;CCN2;NUCKS1;VIM;CDK1;SCGB3A2;PFN1;SESN1,0;-0.0088831953;-3.057608;-5.2433105;-4.8336417;2.7424169;0.41687528;-2.7666471;2.8067067;12.58758
rank50_allgenes,OXCT1,1,1,0.18673705030206098,True,OXCT1,0
rank50_allgenes,OXCT1,1,2,0.18669252489984783,True,OXCT1;HIST1H1B,0;-0.15133014
rank50_allgenes,OXCT1,1,5,0.18411954116729987,True,OXCT1;HIST1H1B;HIST1H3E;CCN2;TAGLN,0;-0.55428731;2.8040256;-8.0766125;2.3609253
rank50_allgenes,OXCT1,1,10,0.18004177265159976,True,OXCT1;HIST1H1B;HIST1H3E;CCN2;TAGLN;CCNG1;CDK1;SLC16A3;PKDCC;ACAT2,0;-1.6522066;1.8160663;-8.5474762;3.851573;24.666366;-1.6158013;-10.667986;-5.8014088;7.6963289
rank50_allgenes,WSB2,0,1,0.15464432558869948,True,WSB2,0
rank50_allgenes,WSB2,0,2,0.15424091371440687,True,WSB2;CDK1,0;-0.81442387
rank50_allgenes,WSB2,0,5,0.15129076252669363,False,WSB2;CDK1;HIST1H1C;IGFBP2;SLC7A11,-8.6622988;-0.67950145;-0.41450914;-3.0731797;-8.9561792
rank50_allgenes,WSB2,0,10,0.14782879059709886,True,WSB2;CDK1;HIST1H1C;IGFBP2;SLC7A11;MT-ATP6;AASS;GAL;PFN1;HMGCR,0;-3.3825999;-1.2205507;-6.7119762;-14.844259;-0.36346973;12.01774;-9.2278776;6.0706036;2.0197864
rank50_allgenes,WSB2,1,1,0.14782220905202118,True,WSB2,0
rank50_allgenes,WSB2,1,2,0.1466522685578469,False,WSB2;IGFBP2,-4.3783183;-2.0988105
rank50_allgenes,WSB2,1,5,0.14509350150465003,True,WSB2;IGFBP2;CDK1;HIST1H1B;SCGB3A2,0;-1.3899391;-2.0879525;-0.90115001;2.3564433
rank50_allgenes,WSB2,1,10,0.13807997477782727,True,WSB2;IGFBP2;CDK1;HIST1H1B;SCGB3A2;PSAT1;COL1A1;VIM;SLC2A3;AASS,0;-1.8334273;-4.06109;-1.211085;0.47522435;-19.657532;-11.599252;5.3644579;-7.1358818;7.7976938
rank50_allgenes,C1QBP,0,1,0.13869225803448088,True,C1QBP,0
rank50_allgenes,C1QBP,0,2,0.13635140425891049,False,C1QBP;SCGB3A2,-0.6911018;-3.8037062
rank50_allgenes,C1QBP,0,5,0.1348445721942538,False,C1QBP;SCGB3A2;HIST1H1B;MT-ND4;AASS,-3.864426;-3.2971228;0.39485902;0.98923133;-3.634684
rank50_allgenes,C1QBP,0,10,0.13113681912270556,True,C1QBP;SCGB3A2;HIST1H1B;MT-ND4;AASS;SESN1;HMGCS1;TAGLN;GAL;TOP2A,0;-1.2561416;-0.03630032;1.2612348;-1.1635963;11.880006;-1.7994476;6.8304368;-8.4159768;-0.7852702
rank50_allgenes,C1QBP,1,1,0.14185387663132684,False,C1QBP,-0.57502588
rank50_allgenes,C1QBP,1,2,0.13769740513919634,False,C1QBP;SCGB3A2,-2.4825185;-6.3149468
rank50_allgenes,C1QBP,1,5,0.1359867147695766,False,C1QBP;SCGB3A2;HIST1H1B;TAGLN;FAM162A,-4.2763394;-7.869464;0.56600845;3.795353;2.3558872
rank50_allgenes,C1QBP,1,10,0.1345294572638117,False,C1QBP;SCGB3A2;HIST1H1B;TAGLN;FAM162A;HIST1H3E;HMGCS1;GJA1;CDK1;CCN2,-6.4166691;-8.690714;0.04900613;3.0157993;2.8192673;-0.11194101;-2.9967546;-5.2077381;-1.427211;4.0759327
rank50_allgenes,CALM3,0,1,0.07454439908575483,False,CALM3,-4.5290655
rank50_allgenes,CALM3,0,2,0.07440923045644429,False,CALM3;HIST1H2BH,-4.0212821;-0.18185601
rank50_allgenes,CALM3,0,5,0.07322673784889451,False,CALM3;HIST1H2BH;CDK1;SCGB3A2;HIST1H3E,-2.3328228;0.48653633;0.99811369;1.0705235;-1.3812584
rank50_allgenes,CALM3,0,10,0.07267237868127305,False,CALM3;HIST1H2BH;CDK1;SCGB3A2;HIST1H3E;MT-ND4;TAGLN;IGFBP2;E2F1;TUBA1B,-1.914611;0.08966018;-0.036453831;0.8028227;-1.233201;0.34894232;1.9890652;0.27037553;-2.625059;0.58783813
rank50_allgenes,CALM3,1,1,0.07508879612158428,False,CALM3,-5.2103823
rank50_allgenes,CALM3,1,2,0.07490214375523918,False,CALM3;HIST1H1C,-4.8474124;-0.19959056
rank50_allgenes,CALM3,1,5,0.07331937900892492,False,CALM3;HIST1H1C;CDK1;HIST1H3E;GAL,-2.2028124;0.38329026;0.98278882;-1.6888754;1.9632225
rank50_allgenes,CALM3,1,10,0.07280133069519878,False,CALM3;HIST1H1C;CDK1;HIST1H3E;GAL;TUBA1B;CLU;FAM162A;TAGLN;SCGB3A2,-0.88424432;0.46739085;0.8994751;-2.4437711;-0.067813257;1.0644491;3.8128539;0.16794417;0.63583098;1.6128563
rank50_allgenes,SIX4,0,1,0.0938904440091067,True,SIX4,0
rank50_allgenes,SIX4,0,2,0.09175044075934953,True,SIX4;SCGB3A2,0;2.9782573
rank50_allgenes,SIX4,0,5,0.09125863186810819,True,SIX4;SCGB3A2;HIST1H2BH;MT-ND4;COL1A1,0;2.7138435;-0.17006286;0.17860146;2.4320379
rank50_allgenes,SIX4,0,10,0.0897305934388473,False,SIX4;SCGB3A2;HIST1H2BH;MT-ND4;COL1A1;PKDCC;IGFBP2;PLAAT3;VIM;CDK1,-6.162493;-0.84411273;-0.6842035;0.17849858;3.317281;-2.814582;-2.2360346;11.197376;-1.5632111;-0.59668359
rank50_allgenes,SIX4,1,1,0.1015578902322158,True,SIX4,0
rank50_allgenes,SIX4,1,2,0.09979096232951953,True,SIX4;SCGB3A2,0;3.4648635
rank50_allgenes,SIX4,1,5,0.09934996905574005,False,SIX4;SCGB3A2;HIST1H1B;PLK1;MT-ND4,-1.0698338;4.1209695;-0.90135775;-1.4864892;1.0255574
rank50_allgenes,SIX4,1,10,0.0986961472329265,False,SIX4;SCGB3A2;HIST1H1B;PLK1;MT-ND4;HMGCS1;PKDCC;PFN1;VIM;TAGLN,-4.3804047;4.320535;-1.5359599;-2.2059463;1.0007468;-0.84678414;-2.6544033;-1.5158199;-1.383581;1.1846002
rank50_allgenes,RRM1,0,1,0.08206202548436334,True,RRM1,0
rank50_allgenes,RRM1,0,2,0.08190242698526197,False,RRM1;HIST1H1B,-2.6799365;0.3025678
rank50_allgenes,RRM1,0,5,0.08026212476981166,False,RRM1;HIST1H1B;IGFBP2;GAL;VIM,-1.3011808;-0.045643015;-0.82340005;2.1913528;2.6033758
rank50_allgenes,RRM1,0,10,0.07978600121994298,False,RRM1;HIST1H1B;IGFBP2;GAL;VIM;TUBA1B;CDK1;HIST1H3E;SLC7A11;MT-ND4,-2.3852768;-0.23156102;-1.8330595;1.7131666;3.6713393;-1.7177426;0.28536032;1.1085311;-1.9205437;0.12931067
rank50_allgenes,RRM1,1,1,0.09119812114966915,False,RRM1,-0.030544373
rank50_allgenes,RRM1,1,2,0.08912532729094108,False,RRM1;GAL,-0.78882311;4.2191296
rank50_allgenes,RRM1,1,5,0.08882991192438375,False,RRM1;GAL;VIM;HIST1H1C;IGFBP2,-0.468784;3.8447644;1.4801428;-0.13196269;-0.33708121
rank50_allgenes,RRM1,1,10,0.08817266999424177,True,RRM1;GAL;VIM;HIST1H1C;IGFBP2;TUBA1B;SLC7A5;CDK1;PLK1;TOB1,0;3.8011143;1.08755;-0.67304424;-1.0510396;-1.2352084;-2.1693332;2.4748466;-3.7759433;5.1076962
rank50_allgenes,MBTPS1,0,1,0.2384290223046382,False,MBTPS1,-0.26341483
rank50_allgenes,MBTPS1,0,2,0.229219863691778,False,MBTPS1;HMGCS1,-27.670908;-9.4507346
rank50_allgenes,MBTPS1,0,5,0.21309991324082195,True,MBTPS1;HMGCS1;HIST1H2BH;DDIT4;CDK1,0;-20.362951;-0.53732496;15.206398;4.0030494
rank50_allgenes,MBTPS1,0,10,0.18755053595591187,True,MBTPS1;HMGCS1;HIST1H2BH;DDIT4;CDK1;GAL;PSAT1;MT-ND4;TUBA1B;CDC6,0;-25.756126;-2.5606918;16.132326;-3.0665379;-15.14832;44.402237;1.6736238;5.4291907;-16.664514
rank50_allgenes,MBTPS1,1,1,0.24185944291910672,False,MBTPS1,-5.4986086
rank50_allgenes,MBTPS1,1,2,0.23451914642798238,False,MBTPS1;HMGCS1,-32.94149;-9.6090977
rank50_allgenes,MBTPS1,1,5,0.21492609006625277,False,MBTPS1;HMGCS1;HIST1H2BH;DDIT4;CDK1,-3.2119117;-25.081234;-1.2237198;17.971118;3.8762091
rank50_allgenes,MBTPS1,1,10,0.1896475644500416,False,MBTPS1;HMGCS1;HIST1H2BH;DDIT4;CDK1;GAL;TUBA1B;HIST1H3E;SLC7A11;COL1A1,-20.260435;-35.883608;2.5616806;32.394086;4.4877647;-1.3545575;7.9920802;-7.5397816;39.879306;-23.866763
rank50_allgenes,RAB3B,0,1,0.06711055541435006,False,RAB3B,-4.1838835
rank50_allgenes,RAB3B,0,2,0.0666621138873746,False,RAB3B;MT-ND4,-5.4888902;0.797139
rank50_allgenes,RAB3B,0,5,0.06655187438951707,False,RAB3B;MT-ND4;HIST1H1C;HMGCS1;CDK1,-5.7165213;0.77165888;-0.039232912;-0.46926222;0.12074032
rank50_allgenes,RAB3B,0,10,0.06641841436620172,False,RAB3B;MT-ND4;HIST1H1C;HMGCS1;CDK1;HSP90B1;PKDCC;TAGLN;SCGB3A2;SLC7A11,-4.0169857;0.76064074;-0.1021716;-0.42407447;0.1261247;1.0971275;-0.81388092;0.78842084;-0.1846316;-0.88173328
rank50_allgenes,RAB3B,1,1,0.06937896171041465,False,RAB3B,-4.6512384
rank50_allgenes,RAB3B,1,2,0.0690691369473504,False,RAB3B;MT-ND4,-5.9330623;1.1472833
rank50_allgenes,RAB3B,1,5,0.068971405906272,False,RAB3B;MT-ND4;HMGCS1;HIST1H1C;IGFBP2,-6.9727576;1.1382835;-0.76261398;-0.098400656;0.28914244
rank50_allgenes,RAB3B,1,10,0.06880213196814766,False,RAB3B;MT-ND4;HMGCS1;HIST1H1C;IGFBP2;CENPE;TUBA1B;HIST1H3E;TAGLN;DTL,-4.8836493;0.99086713;-0.7799392;0.18552403;0.5843355;1.4573542;0.71735767;-0.30730139;0.40587558;1.2150206
rank50_allgenes,XRCC4,0,1,0.11618759664188606,True,XRCC4,0
rank50_allgenes,XRCC4,0,2,0.11570704454366655,False,XRCC4;SCGB3A2,-1.4795945;-1.6407116
rank50_allgenes,XRCC4,0,5,0.11513888509219955,False,XRCC4;SCGB3A2;MT-ND4;LYAR;HIST1H1C,-16.267004;-1.4494645;0.48338014;-2.8059612;-0.55377732
rank50_allgenes,XRCC4,0,10,0.11384251801279534,False,XRCC4;SCGB3A2;MT-ND4;LYAR;HIST1H1C;TAGLN;HSP90AB1;CDK1;MKI67;COL1A1,-8.8743913;-0.25787334;0.30231358;-9.2469218;0.21361288;4.9572375;-2.349888;-3.1380013;6.1308552;-4.045669
rank50_allgenes,XRCC4,1,1,0.12147055215157779,True,XRCC4,0
rank50_allgenes,XRCC4,1,2,0.1213510173070656,True,XRCC4;HIST1H2BH,0;-0.22958883
rank50_allgenes,XRCC4,1,5,0.11973193341186988,False,XRCC4;HIST1H2BH;MFGE8;MT-ND4;CHD7,-8.5197122;-0.56580158;2.3789925;0.99316605;3.2352752
rank50_allgenes,XRCC4,1,10,0.11871256875428467,True,XRCC4;HIST1H2BH;MFGE8;MT-ND4;CHD7;PKDCC;TAGLN;VCAN;PMAIP1;CDK1,0;-0.15796951;1.0215701;0.53732065;5.2650382;-2.7754733;1.0726102;4.1403627;5.2526119;1.4380971
rank50_allgenes,TRAPPC6A,0,1,0.17819024215572268,True,TRAPPC6A,0
rank50_allgenes,TRAPPC6A,0,2,0.17791446326186613,True,TRAPPC6A;HIST1H1B,0;-0.34521572
rank50_allgenes,TRAPPC6A,0,5,0.1745376235886419,False,TRAPPC6A;HIST1H1B;IGFBP2;VIM;CDK1,-17.021888;-0.73237614;3.3419896;9.9629206;1.4820841
rank50_allgenes,TRAPPC6A,0,10,0.16935471757963863,False,TRAPPC6A;HIST1H1B;IGFBP2;VIM;CDK1;CCN2;PMAIP1;SC5D;HMGCS1;TUBA1B,-44.625996;0.74811347;5.5652033;9.3729511;8.2884835;-6.9512417;19.562982;14.047452;-5.05419;3.3908786
rank50_allgenes,TRAPPC6A,1,1,0.17789984182506907,True,TRAPPC6A,0
rank50_allgenes,TRAPPC6A,1,2,0.17770607383206635,True,TRAPPC6A;HIST1H1B,0;-0.30807526
rank50_allgenes,TRAPPC6A,1,5,0.17245699556936545,False,TRAPPC6A;HIST1H1B;VIM;MFGE8;ID3,-3.698855;-0.87186375;6.2885832;7.5738638;-11.468833
rank50_allgenes,TRAPPC6A,1,10,0.16761075585433122,True,TRAPPC6A;HIST1H1B;VIM;MFGE8;ID3;CDK1;AASS;GAL;HIST1H3E;HSP90AB1,0;-1.6558915;6.0034089;20.396103;-34.259993;-1.0328113;-12.230564;6.8722597;-2.5327595;6.8549918
rank50_allgenes,SIN3B,0,1,0.3340529781188994,False,SIN3B,-4.7994677
rank50_allgenes,SIN3B,0,2,0.33249147859636474,True,SIN3B;HIST1H1B,0;1.1578366
rank50_allgenes,SIN3B,0,5,0.32301141984356174,False,SIN3B;HIST1H1B;SCGB3A2;MT-ND4;CCN2,-21.977884;-0.75741323;8.5330091;3.0524727;15.82646
rank50_allgenes,SIN3B,0,10,0.3090591181217477,False,SIN3B;HIST1H1B;SCGB3A2;MT-ND4;CCN2;SFRP1;FASN;UHRF1;SLC7A11;HIST1H3E,-83.66703;6.7025813;-10.685458;4.5122832;13.860218;-42.743609;-22.765818;-25.208264;27.813104;-5.2414335
rank50_allgenes,SIN3B,1,1,0.32833903234509293,False,SIN3B,-12.927385
rank50_allgenes,SIN3B,1,2,0.3275970051230713,False,SIN3B;HIST1H1C,-5.1190288;0.95596781
rank50_allgenes,SIN3B,1,5,0.31706869783163133,False,SIN3B;HIST1H1C;SCGB3A2;HMGCS1;UHRF1,-37.048344;0.38306015;13.531775;-9.6555381;-12.440127
rank50_allgenes,SIN3B,1,10,0.3096715007317792,False,SIN3B;HIST1H1C;SCGB3A2;HMGCS1;UHRF1;CDK1;TAGLN;IGFBP2;MT-ND4;SFRP1,-40.802763;4.0960859;-3.2973799;-7.0028093;-35.760391;-7.0337638;5.2129946;-9.1676732;5.8857869;-25.517306
rank50_allgenes,SV2A,0,1,0.09886252459741651,True,SV2A,0
rank50_allgenes,SV2A,0,2,0.09750554134806863,False,SV2A;MT-ND4,-1.2297895;1.680061
rank50_allgenes,SV2A,0,5,0.09588782937209504,False,SV2A;MT-ND4;IGFBP2;SCGB3A2;HIST1H1B,-0.45008684;1.7656845;1.2263743;2.2951683;-0.1734265
rank50_allgenes,SV2A,0,10,0.0917948006514394,True,SV2A;MT-ND4;IGFBP2;SCGB3A2;HIST1H1B;BAX;CDK1;COL1A1;VIM;FZD7,0;1.3947668;-0.5766418;-0.29861049;0.021567268;14.266773;-0.85304007;3.7500835;-1.4199365;4.0337346
rank50_allgenes,SV2A,1,1,0.09567648558736064,True,SV2A,0
rank50_allgenes,SV2A,1,2,0.09503149711023882,False,SV2A;IGFBP2,-1.0362617;1.1337843
rank50_allgenes,SV2A,1,5,0.09203089018790939,False,SV2A;IGFBP2;SCGB3A2;HIST1H1C;COL1A1,-5.8857135;1.2689407;2.1067159;-0.24524581;5.1017578
rank50_allgenes,SV2A,1,10,0.08884229555062406,True,SV2A;IGFBP2;SCGB3A2;HIST1H1C;COL1A1;CDK1;BAX;VIM;TUBA1B;CRABP1,0;0.12964283;-0.61360548;0.030985791;5.2459836;-1.074174;14.855755;-1.3099112;-1.3515773;-3.7607449
rank50_allgenes,EWSR1,0,1,0.16894291696269415,False,EWSR1,-7.6226097
rank50_allgenes,EWSR1,0,2,0.16372894337682697,False,EWSR1;GAL,-10.196857;8.6908711
rank50_allgenes,EWSR1,0,5,0.16086062924915867,False,EWSR1;GAL;HIST1H1B;TAGLN;IGFBP2,-11.979002;6.758736;-0.19497403;10.201397;3.6017154
rank50_allgenes,EWSR1,0,10,0.1579235266867115,False,EWSR1;GAL;HIST1H1B;TAGLN;IGFBP2;HMGCS1;MT-ND4;PKDCC;CDK1;VCAN,-11.469447;4.4965118;-0.82606231;11.790305;1.6212115;-0.93610556;-0.14536069;-11.153763;0.46384072;5.2515639
rank50_allgenes,EWSR1,1,1,0.17532471510683953,False,EWSR1,-10.188501
rank50_allgenes,EWSR1,1,2,0.17122394711396083,False,EWSR1;TAGLN,-13.206029;6.2246753
rank50_allgenes,EWSR1,1,5,0.1679844808322668,False,EWSR1;TAGLN;HIST1H1C;SCGB3A2;IGFBP2,-5.987723;7.8953766;-0.40211966;6.2201783;2.299259
rank50_allgenes,EWSR1,1,10,0.1582192120527544,False,EWSR1;TAGLN;HIST1H1C;SCGB3A2;IGFBP2;GPC4;PKDCC;SERPINB9;COL1A1;CCN2,-7.2978442;2.4092993;-0.21867921;0.88136349;6.2321592;14.364929;0.23579608;37.415082;-13.964602;-3.7677191
rank50_allgenes,TXNDC9,0,1,0.10092465682415544,False,TXNDC9,-0.61116939
rank50_allgenes,TXNDC9,0,2,0.10054776367782166,False,TXNDC9;HIST1H2BH,-9.2067627;-0.61260712
rank50_allgenes,TXNDC9,0,5,0.09817525492966818,True,TXNDC9;HIST1H2BH;DDIT4;MT-ND4;HMGCS1,0;-0.53876903;4.067891;0.87321136;-3.0375188
rank50_allgenes,TXNDC9,0,10,0.09452681135353418,False,TXNDC9;HIST1H2BH;DDIT4;MT-ND4;HMGCS1;BAX;CDK1;GAL;CRABP1;HIST1H3E,-22.028878;-1.4217203;-1.145832;0.98314619;-1.1640026;16.739636;-1.259973;-1.9663484;-4.4927787;1.3741502
rank50_allgenes,TXNDC9,1,1,0.10437709091087231,False,TXNDC9,-2.1069046
rank50_allgenes,TXNDC9,1,2,0.10391934873267973,False,TXNDC9;HIST1H2BH,-11.370686;-0.69581575
rank50_allgenes,TXNDC9,1,5,0.10174480738562097,True,TXNDC9;HIST1H2BH;DDIT4;HMGCS1;CDK1,0;-0.22276704;4.2889501;-3.6732102;0.81950708
rank50_allgenes,TXNDC9,1,10,0.0974694521257236,False,TXNDC9;HIST1H2BH;DDIT4;HMGCS1;CDK1;BAX;MT-ND4;GAL;CRABP1;HIST1H3E,-28.62118;-1.3590518;-2.2208037;-1.0206636;-1.0335521;19.824444;1.0503401;-2.3579474;-4.350522;1.0686019
rank50_allgenes,TMBIM6,0,1,0.07628110695336097,True,TMBIM6,0
rank50_allgenes,TMBIM6,0,2,0.07604061116002622,True,TMBIM6;HIST1H1C,0;-0.2105632
rank50_allgenes,TMBIM6,0,5,0.07485668830188057,True,TMBIM6;HIST1H1C;MT-ND4;CDK1;SLC7A11,0;0.04958519;0.56958169;0.46412278;2.9000746
rank50_allgenes,TMBIM6,0,10,0.07382720213043469,True,TMBIM6;HIST1H1C;MT-ND4;CDK1;SLC7A11;DDIT4;HMGCR;AASS;VIM;CCN2,0;0.15591227;0.72752285;0.90763689;5.7324945;1.0179315;-0.89353201;-1.2431177;1.688889;-1.3578133
rank50_allgenes,TMBIM6,1,1,0.07702852286000178,True,TMBIM6,0
rank50_allgenes,TMBIM6,1,2,0.07685365817519157,True,TMBIM6;HIST1H1C,0;-0.19364575
rank50_allgenes,TMBIM6,1,5,0.07628166912602491,True,TMBIM6;HIST1H1C;CDK1;MT-ND4;SCGB3A2,0;0.0066366561;0.47570424;0.91061359;-1.150848
rank50_allgenes,TMBIM6,1,10,0.07505268266247161,True,TMBIM6;HIST1H1C;CDK1;MT-ND4;SCGB3A2;VIM;SLC7A11;DDIT4;HMGCR;AASS,0;0.10523935;0.89538257;0.99628213;0.38068954;0.54973158;7.071002;2.1651307;-1.7282498;-2.1542357
rank50_allgenes,METTL3,0,1,0.49944921512577656,True,METTL3,0
rank50_allgenes,METTL3,0,2,0.49474156913664774,True,METTL3;DDIT4,0;-8.4951992
rank50_allgenes,METTL3,0,5,0.47709601197863416,True,METTL3;DDIT4;CDK1;HMGCR;PKDCC,0;7.6546994;-5.8224726;6.6141639;43.533553
rank50_allgenes,METTL3,0,10,0.4636728462251181,True,METTL3;DDIT4;CDK1;HMGCR;PKDCC;HIST1H1B;ZIC5;AASS;SLC7A11;MT-ND4,0;13.022963;-8.9037115;0.26796938;55.500619;2.3939855;35.4316;16.371027;-21.372566;1.563355
rank50_allgenes,METTL3,1,1,0.5021676819682404,True,METTL3,0
rank50_allgenes,METTL3,1,2,0.4964243347025214,True,METTL3;DDIT4,0;-9.1612297
rank50_allgenes,METTL3,1,5,0.4829701378832501,True,METTL3;DDIT4;CDK1;HIST1H1C;PKDCC,0;7.1201397;-3.5173801;0.694175;36.358089
rank50_allgenes,METTL3,1,10,0.471347361482763,False,METTL3;DDIT4;CDK1;HIST1H1C;PKDCC;CDC6;TAGLN;TUBA1B;HSPA1B;SCGB3A2,-27.689767;1.1022831;-28.534875;9.3241814;35.959989;-28.338813;-6.2891849;-9.5107362;51.90661;-8.2964992
rank50_allgenes,METTL14,0,1,0.5099501087616115,True,METTL14,0
rank50_allgenes,METTL14,0,2,0.5047444778569476,True,METTL14;DDIT4,0;-9.024917
rank50_allgenes,METTL14,0,5,0.4790350132249993,False,METTL14;DDIT4;HIST1H2BH;PKDCC;ZIC5,-52.189726;10.656365;6.3028172;45.890225;35.463123
rank50_allgenes,METTL14,0,10,0.47202963053250635,False,METTL14;DDIT4;HIST1H2BH;PKDCC;ZIC5;MT-ND4;AASS;SLC7A11;CDK1;SCGB3A2,-63.506007;10.092756;4.9599947;56.05202;39.764801;1.8515811;21.419173;-28.463951;-4.5495578;-5.0965665
rank50_allgenes,METTL14,1,1,0.510000343453221,True,METTL14,0
rank50_allgenes,METTL14,1,2,0.5041044610228811,False,METTL14;DDIT4,-14.084666;-9.5256553
rank50_allgenes,METTL14,1,5,0.49076811370362006,True,METTL14;DDIT4;CDK1;PKDCC;HIST1H1B,0;7.1776285;-3.6058446;36.479957;0.87620361
rank50_allgenes,METTL14,1,10,0.4823776355899395,False,METTL14;DDIT4;CDK1;PKDCC;HIST1H1B;CDC6;SCGB3A2;TAGLN;HSP90AB1;TUBA1B,-12.431755;-4.3489612;-19.111433;32.827133;0.23004984;-29.00228;-4.4271367;-4.9524873;-10.841483;-5.8453618
rank50_allgenes,MED24,0,1,0.27034648972407865,True,MED24,0
rank50_allgenes,MED24,0,2,0.24519517806381863,True,MED24;SCGB3A2,0;-17.013526
rank50_allgenes,MED24,0,5,0.23927670825057984,True,MED24;SCGB3A2;HIST1H1B;CDK1;VCAN,0;-18.597806;2.2040712;3.5075896;-8.5250178
rank50_allgenes,MED24,0,10,0.23222245266616862,False,MED24;SCGB3A2;HIST1H1B;CDK1;VCAN;GAL;IGFBP2;TAGLN;PSAT1;HIST1H3E,-4.2577526;-8.3497554;2.1298514;2.1369009;-7.4539776;-21.324477;-2.6397152;9.2014599;-16.285991;2.0281199
rank50_allgenes,MED24,1,1,0.2798964369031145,True,MED24,0
rank50_allgenes,MED24,1,2,0.25350899022207896,True,MED24;SCGB3A2,0;-21.795652
rank50_allgenes,MED24,1,5,0.24688136647606732,True,MED24;SCGB3A2;HIST1H1B;CDK1;VCAN,0;-24.281126;2.4270604;3.5276657;-8.950862
rank50_allgenes,MED24,1,10,0.2449571975021002,True,MED24;SCGB3A2;HIST1H1B;CDK1;VCAN;IGFBP2;PFN1;ZIC5;VIM;HIST1H3E,0;-22.713125;2.3477131;2.3171898;-11.293205;-1.6408023;-4.140438;8.1094595;2.9148194;1.9064554
rank50_allgenes,ATM,0,1,0.1291113681987781,False,ATM,-0.062741026
rank50_allgenes,ATM,0,2,0.128899492825048,False,ATM;HIST1H1B,-0.98477801;-0.26274313
rank50_allgenes,ATM,0,5,0.1237631468518659,True,ATM;HIST1H1B;MT-ND4;GAL;TOP2A,0;-1.0627517;1.4104157;6.3332649;-1.378715
rank50_allgenes,ATM,0,10,0.12035329391312281,False,ATM;HIST1H1B;MT-ND4;GAL;TOP2A;VIM;PFN1;HIST1H3E;SCGB3A2;MANF,-15.901597;-2.8167614;3.447166;9.7188047;-1.9503077;5.2794488;-8.5486086;3.3246454;-2.9054219;-6.2171827
rank50_allgenes,ATM,1,1,0.13127913350939932,False,ATM,-1.8938254
rank50_allgenes,ATM,1,2,0.13086452615436575,False,ATM;HIST1H1B,-2.9239263;-0.39164972
rank50_allgenes,ATM,1,5,0.12368781492594871,True,ATM;HIST1H1B;GAL;TOP2A;HIST1H1A,0;2.3194259;6.8401469;-2.6022387;-7.6639571
rank50_allgenes,ATM,1,10,0.11928385551493235,False,ATM;HIST1H1B;GAL;TOP2A;HIST1H1A;COL1A1;MT-ND4;MANF;IGFBP2;NTS,-15.400688;1.8276097;1.4961994;-4.8269521;-10.616678;8.7055938;2.4874497;-11.384112;-3.1944652;10.778945
rank50_allgenes,PHF10,0,1,0.16229791446355527,False,PHF10,-5.3160405
rank50_allgenes,PHF10,0,2,0.16204724305580623,False,PHF10;HIST1H1C,-8.0524096;0.36962191
rank50_allgenes,PHF10,0,5,0.1592960106405018,True,PHF10;HIST1H1C;DDIT4;AASS;CDK1,0;-0.2709295;3.0275926;5.4001638;-0.94230915
rank50_allgenes,PHF10,0,10,0.1548415593777663,True,PHF10;HIST1H1C;DDIT4;AASS;CDK1;BAX;SCGB3A2;HIST1H3E;CCN2;HMGCS1,0;0.95551745;-1.7890515;12.946811;-3.2087195;17.929134;-4.6619382;-3.1531653;-6.5626448;1.4840491
rank50_allgenes,PHF10,1,1,0.16108501280450863,False,PHF10,-3.2815774
rank50_allgenes,PHF10,1,2,0.15950407423070148,False,PHF10;PKDCC,-2.2571476;-4.5824794
rank50_allgenes,PHF10,1,5,0.1569376062865835,True,PHF10;PKDCC;HIST1H1C;HMGCS1;COL1A1,0;-8.140698;-0.87140545;-2.4164142;5.885487
rank50_allgenes,PHF10,1,10,0.1530217185073867,True,PHF10;PKDCC;HIST1H1C;HMGCS1;COL1A1;HIST1H3E;VIM;BAX;CDK1;PFN1,0;-6.769866;-0.20332306;-2.2300853;7.239972;-1.6571682;-4.6149422;15.401456;-1.8007027;-3.3070841
rank50_allgenes,DZIP3,0,1,0.09145023618251794,False,DZIP3,-9.9554105
rank50_allgenes,DZIP3,0,2,0.09136617635955131,False,DZIP3;HMGCR,-7.9028258;-0.67845927
rank50_allgenes,DZIP3,0,5,0.09117360763215997,False,DZIP3;HMGCR;VIM;HIST1H1C;PFN1,-12.761832;-0.62512932;1.6703745;-0.17912425;-0.70800203
rank50_allgenes,DZIP3,0,10,0.09110577752979952,False,DZIP3;HMGCR;VIM;HIST1H1C;PFN1;MT-ND4;HIST1H3E;KRT18;TUBA1B;TAGLN,-15.953569;-0.96116504;1.7009697;-0.38778125;-1.448922;0.16588399;0.59180068;1.0849619;-0.47738932;-0.45435315
rank50_allgenes,DZIP3,1,1,0.0692329977260221,False,DZIP3,-9.897739
rank50_allgenes,DZIP3,1,2,0.06918352357873424,False,DZIP3;TOP2A,-7.6005768;-0.2862177
rank50_allgenes,DZIP3,1,5,0.06896018187590926,False,DZIP3;TOP2A;HIST1H1C;HMGCS1;VIM,-9.1362184;-0.21905673;-0.16880593;-0.64388478;0.87040946
rank50_allgenes,DZIP3,1,10,0.06883337723118613,False,DZIP3;TOP2A;HIST1H1C;HMGCS1;VIM;MT-ND3;TUBA1B;TAGLN;PSAT1;GAL,-7.7421198;-0.18086549;-0.22468618;-0.69855862;0.90183074;0.66523104;0.22767391;-0.53065454;1.7992982;0.30106493
rank50_allgenes,ZNF562,0,1,0.07669558705979025,False,ZNF562,-5.9232615
rank50_allgenes,ZNF562,0,2,0.07620656063759274,False,ZNF562;SCGB3A2,-7.8027592;-1.309748
rank50_allgenes,ZNF562,0,5,0.07579070256945108,False,ZNF562;SCGB3A2;HIST1H1C;CDK1;HMGCS1,-6.6274811;-1.6055043;0.36239639;0.54873736;0.52132118
rank50_allgenes,ZNF562,0,10,0.07529197203261312,False,ZNF562;SCGB3A2;HIST1H1C;CDK1;HMGCS1;MT-ND4;PKDCC;GAL;TUBA1B;IGFBP2,-2.3554749;-0.24324387;0.48811751;0.26124584;0.22268542;-0.02300699;2.4621505;-2.3328975;0.82895078;0.57901947
rank50_allgenes,ZNF562,1,1,0.08002958287586083,False,ZNF562,-6.7336318
rank50_allgenes,ZNF562,1,2,0.07938762781862833,False,ZNF562;SCGB3A2,-9.1366761;-1.8870991
rank50_allgenes,ZNF562,1,5,0.07886275462047478,False,ZNF562;SCGB3A2;HIST1H1C;CDK1;TAGLN,-13.784704;-2.1726711;0.27875639;0.78566329;-0.81671128
rank50_allgenes,ZNF562,1,10,0.07832133162874028,False,ZNF562;SCGB3A2;HIST1H1C;CDK1;TAGLN;TUBA1B;PKDCC;VIM;HSP90B1;TALDO1,-8.8096796;-2.3764166;0.48582187;0.7988306;-1.5430742;1.1503217;1.3268403;1.1898718;-2.1165072;-3.7074322
rank50_allgenes,MED1,0,1,0.1970752790743063,True,MED1,0
rank50_allgenes,MED1,0,2,0.18823714422215063,True,MED1;SCGB3A2,0;-8.7190146
rank50_allgenes,MED1,0,5,0.18230796514148384,False,MED1;SCGB3A2;HIST1H1B;STC2;IGFBP2,-11.21548;-8.3044787;1.8735313;-20.209883;6.3287369
rank50_allgenes,MED1,0,10,0.17825468483111787,True,MED1;SCGB3A2;HIST1H1B;STC2;IGFBP2;HIST1H3E;MT-ND4;DNMT3B;CDK1;TAGLN,0;-4.5383823;1.0668588;-26.505872;5.0315798;3.604835;0.57994406;-16.969121;-0.80077987;6.0765825
rank50_allgenes,MED1,1,1,0.19866942674858898,True,MED1,0
rank50_allgenes,MED1,1,2,0.18689826786658503,True,MED1;SCGB3A2,0;-12.37663
rank50_allgenes,MED1,1,5,0.18454538911157894,False,MED1;SCGB3A2;HIST1H1B;CDK1;STC2,-30.231084;-13.424248;1.7137403;1.4471996;-9.2929108
rank50_allgenes,MED1,1,10,0.18049873102840394,False,MED1;SCGB3A2;HIST1H1B;CDK1;STC2;IGFBP2;TAGLN;PKDCC;VIM;HIST1H3E,-16.233118;-12.437076;1.4584386;0.66396496;-18.865356;5.634437;5.6039359;-7.4516312;-3.6523875;1.704431
