model,target_gene,eligible,n_strong,signed_recovery,unsigned_recall,sign_given_recovered,non_strong_energy_fraction,wrong_target_mean,wrong_target_q95,wrong_target_p_upper,signed_recovery_excess_wrong_target,wrong_target_q_bh
model1_covariance_direction,TMSB4X,False,0,,,,,,,,,
model1_covariance_direction,PRCP,False,6,0.0,0.0,,0.9999453246867018,,,,,
model1_covariance_direction,TADA1,True,533,0.016885553470919325,0.0375234521575985,0.45,0.9642135935740899,0.020397748592870545,0.040900562851782354,0.6190476190476191,-0.003512195121951219,1.0
model1_covariance_direction,HIRA,True,32,0.15625,0.15625,1.0,0.9766914263257901,0.01475,0.11249999999999982,0.03968253968253968,0.14150000000000001,1.0
model1_covariance_direction,IGF2R,False,6,0.0,0.0,,0.9996163473818136,,,,,
model1_covariance_direction,NCK2,False,2,0.0,0.0,,0.9999911808271084,,,,,
model1_covariance_direction,MED13,True,113,0.0,0.0,,0.9959195510512476,0.005805309734513275,0.02654867256637168,1.0,-0.005805309734513275,1.0
model1_covariance_direction,MED12,True,68,0.014705882352941176,0.058823529411764705,0.25,0.9858688268883299,0.009176470588235295,0.029411764705882353,0.4444444444444444,0.005529411764705882,1.0
model1_covariance_direction,STAT1,False,8,0.0,0.0,,0.9991536248320543,,,,,
model1_covariance_direction,USP22,True,21,0.0,0.0,,0.9994303008256987,0.0015238095238095236,0.0,1.0,-0.0015238095238095236,1.0
model1_covariance_direction,MED13L,True,16,0.0,0.0,,0.9999200997504935,0.0,0.0,1.0,0.0,1.0
model1_covariance_direction,TET1,True,46,0.021739130434782608,0.021739130434782608,1.0,0.9964901514735228,0.0019130434782608696,0.021739130434782608,0.09523809523809523,0.01982608695652174,1.0
model1_covariance_direction,KIF1B,False,2,0.0,0.0,,0.9998612129805077,,,,,
model1_covariance_direction,SRC,False,6,0.0,0.0,,0.9992598131468856,,,,,
model1_covariance_direction,PBX1,False,5,0.0,0.0,,0.9997253142141835,,,,,
model1_covariance_direction,CAST,True,38,0.0,0.02631578947368421,0.0,0.9943045521689178,0.018736842105263152,0.07894736842105263,1.0,-0.018736842105263152,1.0
model1_covariance_direction,IDE,False,0,,,,,,,,,
model1_covariance_direction,MAPKAPK2,False,5,0.0,0.0,,0.9997671449403227,,,,,
model1_covariance_direction,PTPN1,False,2,0.0,0.0,,0.999965997515693,,,,,
model1_covariance_direction,KDM2B,True,44,0.0,0.0,,0.9947120149097133,0.02309090909090909,0.11363636363636363,1.0,-0.02309090909090909,1.0
model1_covariance_direction,ATP1B1,False,2,0.0,0.0,,0.9991106238970485,,,,,
model1_covariance_direction,KAT2A,True,738,0.02710027100271003,0.03387533875338753,0.8,0.9620549293837544,0.027349593495934958,0.05420054200542006,0.4444444444444444,-0.0002493224932249294,1.0
model1_covariance_direction,NISCH,False,6,0.0,0.0,,0.9993522033286545,,,,,
model1_covariance_direction,KDR,False,7,0.0,0.0,,0.999170364436627,,,,,
model1_covariance_direction,WFS1,False,4,0.0,0.0,,0.9988205234696615,,,,,
model1_covariance_direction,TARBP2,False,4,0.0,0.0,,0.99992956614778,,,,,
model1_covariance_direction,MAP3K7,False,1,0.0,0.0,,0.9999999095948129,,,,,
model1_covariance_direction,HMGN1,False,3,0.0,0.0,,0.9988010804094354,,,,,
model1_covariance_direction,TSC22D4,False,3,0.0,0.0,,0.9996703411509896,,,,,
model1_covariance_direction,FOXH1,True,32,0.0,0.0,,0.9983592969297742,0.00025,0.0,1.0,-0.00025,1.0
model1_covariance_direction,PAGR1,True,18,0.0,0.0,,0.9994312605478899,0.0,0.0,1.0,0.0,1.0
model1_covariance_direction,KLF10,True,15,0.0,0.0,,0.9993828716734525,0.0,0.0,1.0,0.0,1.0
model1_covariance_direction,POLB,False,3,0.0,0.0,,0.9997977205741829,,,,,
model1_covariance_direction,RNF2,True,377,0.002652519893899204,0.007957559681697613,0.3333333333333333,0.9891691491653771,0.005411140583554377,0.013262599469496022,0.8571428571428571,-0.0027586206896551726,1.0
model1_covariance_direction,SMARCA5,True,953,0.01888772298006296,0.02728226652675761,0.6923076923076923,0.970991378325228,0.022682056663168946,0.033578174186778595,0.6984126984126984,-0.0037943336831059854,1.0
model1_covariance_direction,ACAT2,True,313,0.003194888178913738,0.12140575079872204,0.02631578947368421,0.8291867234315082,0.016664536741214053,0.04792332268370607,0.8888888888888888,-0.013469648562300315,1.0
model1_covariance_direction,TRAM2,False,1,0.0,0.0,,0.999991192336781,,,,,
model1_covariance_direction,CAMSAP2,False,2,0.0,0.0,,0.9998855145038994,,,,,
model1_covariance_direction,CDCA2,False,8,0.0,0.0,,0.999570682009247,,,,,
model1_covariance_direction,CREG1,False,4,0.0,0.0,,0.9998260523141544,,,,,
model1_covariance_direction,CASP2,False,2,0.0,0.0,,0.9987302371969473,,,,,
model1_covariance_direction,UBE3C,True,37,0.02702702702702703,0.02702702702702703,1.0,0.9946072094195074,0.015567567567567569,0.05405405405405406,0.38095238095238093,0.01145945945945946,1.0
model1_covariance_direction,EIF4B,True,124,0.03225806451612903,0.056451612903225805,0.5714285714285714,0.9815998593349157,0.010709677419354838,0.03225806451612903,0.0873015873015873,0.021548387096774195,1.0
model1_covariance_direction,STAG2,True,453,0.024282560706401765,0.04856512141280353,0.5,0.9647512533434982,0.023788079470198682,0.047682119205298,0.42063492063492064,0.0004944812362030829,1.0
model1_covariance_direction,HMGB2,True,26,0.0,0.038461538461538464,0.0,0.9942817964652888,0.011076923076923078,0.038461538461538464,1.0,-0.011076923076923078,1.0
model1_covariance_direction,TGFBR2,True,260,0.08846153846153847,0.09230769230769231,0.9583333333333334,0.9503149733303763,0.0096,0.03384615384615384,0.007936507936507936,0.07886153846153847,0.6190476190476191
model1_covariance_direction,ANTXR1,False,2,0.0,0.0,,0.9996816993974682,,,,,
model1_covariance_direction,MTA1,True,28,0.03571428571428571,0.03571428571428571,1.0,0.9937130598590388,0.009999999999999998,0.03571428571428571,0.2857142857142857,0.025714285714285714,1.0
model1_covariance_direction,DHCR24,True,32,0.0,0.28125,0.0,0.8960728292527408,0.016,0.09375,1.0,-0.016,1.0
model1_covariance_direction,NDUFB4,True,17,0.23529411764705882,0.23529411764705882,1.0,0.9769499629122208,0.011764705882352943,0.058823529411764705,0.03968253968253968,0.22352941176470587,1.0
model1_covariance_direction,ACVR1B,True,25,0.0,0.0,,0.9970630328685489,0.00032,0.0,1.0,-0.00032,1.0
model1_covariance_direction,DHX36,True,1387,0.04830569574621485,0.10454217736121124,0.46206896551724136,0.8888066871029414,0.04271665465032444,0.0661860129776496,0.2777777777777778,0.00558904109589041,1.0
model1_covariance_direction,LZTR1,True,191,0.010471204188481676,0.015706806282722512,0.6666666666666666,0.9912925200690601,0.017549738219895288,0.046073298429319356,0.6984126984126984,-0.007078534031413612,1.0
model1_covariance_direction,INSIG1,True,219,0.0228310502283105,0.0867579908675799,0.2631578947368421,0.9303408704141025,0.0171324200913242,0.0365296803652968,0.373015873015873,0.0056986301369863004,1.0
model1_covariance_direction,LAD1,False,2,0.0,0.0,,0.9996023397212985,,,,,
model1_covariance_direction,TCF3,False,6,0.0,0.0,,0.9992618109606092,,,,,
model1_covariance_direction,DAXX,True,28,0.0,0.0,,0.9986303761536889,0.0,0.0,1.0,0.0,1.0
model1_covariance_direction,CLDN7,False,7,0.0,0.0,,0.9990295983419761,,,,,
model1_covariance_direction,NIT1,True,143,0.013986013986013986,0.013986013986013986,1.0,0.9937561381830043,0.0054265734265734255,0.013986013986013986,0.16666666666666666,0.008559440559440561,1.0
model1_covariance_direction,PRR12,True,105,0.0,0.0,,0.9942116367071766,0.005104761904761905,0.01904761904761905,1.0,-0.005104761904761905,1.0
model1_covariance_direction,ARID1A,True,220,0.00909090909090909,0.01818181818181818,0.5,0.9846234762707611,0.007781818181818181,0.01818181818181818,0.5158730158730159,0.001309090909090909,1.0
model1_covariance_direction,STX4,True,19,0.0,0.0,,0.9986795344436208,0.0,0.0,1.0,0.0,1.0
model1_covariance_direction,CENPO,False,5,0.0,0.0,,0.9998283757047391,,,,,
model1_covariance_direction,NRAS,False,5,0.0,0.0,,0.9998449096303429,,,,,
model1_covariance_direction,CHMP3,True,98,0.01020408163265306,0.01020408163265306,1.0,0.9815268875229936,0.011918367346938774,0.030612244897959183,0.6587301587301587,-0.0017142857142857133,1.0
model1_covariance_direction,EID2,False,4,0.0,0.0,,0.9994714804193112,,,,,
model1_covariance_direction,UQCRQ,True,48,0.041666666666666664,0.041666666666666664,1.0,0.989767521581431,0.01983333333333333,0.08333333333333333,0.21428571428571427,0.021833333333333333,1.0
model1_covariance_direction,ZNF426,False,3,0.0,0.0,,0.9999042653533944,,,,,
model1_covariance_direction,BIRC2,True,75,0.013333333333333334,0.013333333333333334,1.0,0.9957990133771818,0.010026666666666668,0.04,0.4365079365079365,0.003306666666666666,1.0
model1_covariance_direction,PLCB3,False,2,0.0,0.0,,0.9998745564014714,,,,,
model1_covariance_direction,TFAM,True,98,0.02040816326530612,0.04081632653061224,0.5,0.984207447076311,0.01836734693877551,0.05102040816326531,0.5476190476190477,0.0020408163265306124,1.0
model1_covariance_direction,PMS1,False,1,0.0,0.0,,0.9999805948359426,,,,,
model1_covariance_direction,ZNF286A,False,2,0.0,0.0,,0.9999767011981999,,,,,
model1_covariance_direction,GSK3B,True,217,0.013824884792626729,0.027649769585253458,0.5,0.98513912197438,0.014525345622119814,0.027649769585253458,0.6190476190476191,-0.0007004608294930853,1.0
model1_covariance_direction,LRPPRC,True,98,0.01020408163265306,0.030612244897959183,0.3333333333333333,0.9844084503263455,0.018285714285714284,0.05102040816326531,0.746031746031746,-0.008081632653061223,1.0
model1_covariance_direction,CASP3,True,417,0.023980815347721823,0.04316546762589928,0.5555555555555556,0.9588771944980332,0.01753477218225419,0.03788968824940047,0.31746031746031744,0.006446043165467631,1.0
model1_covariance_direction,MAST2,False,0,,,,,,,,,
model1_covariance_direction,HAT1,True,29,0.0,0.0,,0.9959717616929719,0.0,0.0,1.0,0.0,1.0
model1_covariance_direction,MAU2,True,902,0.02328159645232816,0.04434589800443459,0.525,0.9443610207987576,0.03659423503325944,0.059645232815964525,0.8412698412698413,-0.01331263858093128,1.0
model1_covariance_direction,SMARCA4,True,2229,0.04755495737999103,0.11260655002243158,0.42231075697211157,0.8933046591177148,0.07245939883355766,0.1069537909376402,0.9126984126984127,-0.024904441453566635,1.0
model1_covariance_direction,TWF2,False,4,0.0,0.0,,0.9995459392430804,,,,,
model1_covariance_direction,IRF3,False,4,0.0,0.0,,0.9997633266070128,,,,,
model1_covariance_direction,MKI67,False,5,0.0,0.0,,0.9999776743526028,,,,,
model1_covariance_direction,AKT2,True,50,0.0,0.0,,0.995763384050801,0.0035200000000000006,0.02,1.0,-0.0035200000000000006,1.0
model1_covariance_direction,SSBP1,True,59,0.0,0.0,,0.9958551476041737,0.016949152542372878,0.06779661016949153,1.0,-0.016949152542372878,1.0
model1_covariance_direction,PHF14,True,24,0.0,0.0,,0.9996943712073827,0.0,0.0,1.0,0.0,1.0
model1_covariance_direction,DNMT1,True,1279,0.027365129007036748,0.0617670054730258,0.4430379746835443,0.9214821524449365,0.03579046129788897,0.05660672400312744,0.7698412698412699,-0.008425332290852225,1.0
model1_covariance_direction,TMSB10,True,263,0.0038022813688212928,0.022813688212927757,0.16666666666666666,0.9808013999628911,0.022570342205323193,0.06844106463878327,0.9682539682539683,-0.0187680608365019,1.0
model1_covariance_direction,CLDN6,False,4,0.0,0.0,,0.9997853069911058,,,,,
model1_covariance_direction,DLG5,True,85,0.0,0.011764705882352941,0.0,0.9942076509240573,0.005270588235294117,0.023529411764705882,1.0,-0.005270588235294117,1.0
model1_covariance_direction,NDUFB6,True,12,0.0,0.0,,0.9999346925653416,0.01,0.08333333333333333,1.0,-0.01,1.0
model1_covariance_direction,STAT6,True,73,0.0,0.0,,0.9953875993760585,0.005479452054794521,0.024657534246575304,1.0,-0.005479452054794521,1.0
model1_covariance_direction,ZNF714,False,8,0.0,0.0,,0.999670781041349,,,,,
model1_covariance_direction,SAFB,True,165,0.0,0.006060606060606061,0.0,0.9905233148220768,0.0062060606060606064,0.01696969696969695,1.0,-0.0062060606060606064,1.0
model1_covariance_direction,SOX2,True,1156,0.04411764705882353,0.07785467128027682,0.5666666666666667,0.9169425602805493,0.036560553633217995,0.05916955017301037,0.23809523809523808,0.007557093425605538,1.0
model1_covariance_direction,SLC25A3,True,21,0.0,0.047619047619047616,0.0,0.9928678786819686,0.01980952380952381,0.047619047619047616,1.0,-0.01980952380952381,1.0
model1_covariance_direction,ZNF593,True,21,0.0,0.0,,0.9991444161819176,0.0003809523809523809,0.0,1.0,-0.0003809523809523809,1.0
model1_covariance_direction,RAF1,True,38,0.0,0.0,,0.9946524123637346,0.002947368421052631,0.02631578947368421,1.0,-0.002947368421052631,1.0
model1_covariance_direction,METTL17,True,81,0.0,0.024691358024691357,0.0,0.9899741656753797,0.018864197530864196,0.07407407407407407,1.0,-0.018864197530864196,1.0
model1_covariance_direction,IKBKG,True,12,0.0,0.0,,0.9990233857333103,0.002,0.0,1.0,-0.002,1.0
model1_covariance_direction,SMAGP,True,79,0.02531645569620253,0.02531645569620253,1.0,0.9939337565745933,0.00810126582278481,0.02531645569620253,0.18253968253968253,0.01721518987341772,1.0
model1_covariance_direction,MAP1B,False,3,0.0,0.0,,0.9999467604791537,,,,,
model1_covariance_direction,TAZ,True,22,0.0,0.0,,0.9979614823853741,0.012727272727272728,0.045454545454545456,1.0,-0.012727272727272728,1.0
model1_covariance_direction,OXCT1,True,129,0.0,0.015503875968992248,0.0,0.9914685940540408,0.0029147286821705424,0.007751937984496124,1.0,-0.0029147286821705424,1.0
model1_covariance_direction,WSB2,True,106,0.009433962264150943,0.018867924528301886,0.5,0.9922924161832459,0.008981132075471701,0.018867924528301886,0.6825396825396826,0.0004528301886792419,1.0
model1_covariance_direction,C1QBP,True,66,0.0,0.0,,0.9971867649208443,0.004848484848484848,0.015151515151515152,1.0,-0.004848484848484848,1.0
model1_covariance_direction,CALM3,False,1,0.0,0.0,,0.9997308270275974,,,,,
model1_covariance_direction,SIX4,True,25,0.0,0.0,,0.9991170526571257,0.0,0.0,1.0,0.0,1.0
model1_covariance_direction,RRM1,False,5,0.0,0.0,,0.999874260750429,,,,,
model1_covariance_direction,MBTPS1,True,384,0.026041666666666668,0.09114583333333333,0.2857142857142857,0.9387917475264219,0.0289375,0.06718749999999996,0.4365079365079365,-0.0028958333333333336,1.0
model1_covariance_direction,RAB3B,False,0,,,,,,,,,
model1_covariance_direction,XRCC4,True,14,0.0,0.0,,0.9996651946254824,0.0,0.0,1.0,0.0,1.0
model1_covariance_direction,TRAPPC6A,True,230,0.013043478260869565,0.02608695652173913,0.5,0.9829824334426078,0.007269565217391303,0.017391304347826087,0.2857142857142857,0.005773913043478261,1.0
model1_covariance_direction,SIN3B,True,1161,0.03875968992248062,0.07924203273040482,0.4891304347826087,0.91023451649924,0.04250129198966408,0.07097329888027562,0.5873015873015873,-0.0037416020671834638,1.0
model1_covariance_direction,SV2A,True,18,0.0,0.0,,0.9983412557560252,0.0017777777777777776,0.0,1.0,-0.0017777777777777776,1.0
model1_covariance_direction,EWSR1,True,178,0.0056179775280898875,0.0056179775280898875,1.0,0.9942638654406967,0.006112359550561799,0.016853932584269662,0.6111111111111112,-0.0004943820224719113,1.0
model1_covariance_direction,TXNDC9,True,24,0.0,0.0,,0.9984184831425559,0.0,0.0,1.0,0.0,1.0
model1_covariance_direction,TMBIM6,False,6,0.0,0.0,,0.9991464421765862,,,,,
model1_covariance_direction,METTL3,True,2926,0.09808612440191387,0.22522214627477785,0.4355083459787557,0.7927267780012449,0.11331237183868766,0.16664388243335612,0.6349206349206349,-0.015226247436773782,1.0
model1_covariance_direction,METTL14,True,3008,0.10538563829787234,0.22772606382978725,0.46277372262773725,0.7809686325251997,0.11627393617021277,0.1761968085106383,0.5793650793650794,-0.010888297872340427,1.0
model1_covariance_direction,MED24,True,647,0.021638330757341576,0.0695517774343122,0.3111111111111111,0.9351795119651435,0.025681607418856257,0.048531684698608954,0.5714285714285714,-0.004043276661514682,1.0
model1_covariance_direction,ATM,True,76,0.0,0.039473684210526314,0.0,0.9908631994784678,0.03347368421052631,0.09210526315789473,1.0,-0.03347368421052631,1.0
model1_covariance_direction,PHF10,True,120,0.008333333333333333,0.016666666666666666,0.5,0.9912640029861527,0.011066666666666664,0.025,0.7698412698412699,-0.0027333333333333307,1.0
model1_covariance_direction,DZIP3,False,1,0.0,0.0,,0.9999821286192505,,,,,
model1_covariance_direction,ZNF562,True,10,0.0,0.0,,0.9996456855685498,0.0008,0.0,1.0,-0.0008,1.0
model1_covariance_direction,MED1,True,302,0.009933774834437087,0.029801324503311258,0.3333333333333333,0.9659650300917709,0.013377483443708609,0.0357615894039735,0.6428571428571429,-0.0034437086092715223,1.0
model1_decoder_tangent,TMSB4X,False,0,,,,,,,,,
model1_decoder_tangent,PRCP,False,6,0.0,0.0,,0.9999057559086301,,,,,
model1_decoder_tangent,TADA1,True,533,0.0225140712945591,0.04878048780487805,0.46153846153846156,0.9458626762049894,0.02928330206378987,0.05628517823639775,0.6587301587301587,-0.0067692307692307704,1.0
model1_decoder_tangent,HIRA,True,32,0.25,0.28125,0.8888888888888888,0.9756641679949011,0.0215,0.14374999999999982,0.023809523809523808,0.2285,0.7738095238095237
model1_decoder_tangent,IGF2R,False,6,0.0,0.0,,0.9994574247299289,,,,,
model1_decoder_tangent,NCK2,False,2,0.0,0.0,,0.9999543356715223,,,,,
model1_decoder_tangent,MED13,True,113,0.008849557522123894,0.008849557522123894,1.0,0.9938501037207754,0.008920353982300885,0.02654867256637168,0.6111111111111112,-7.07964601769917e-05,1.0
model1_decoder_tangent,MED12,True,68,0.014705882352941176,0.07352941176470588,0.2,0.9800213382627155,0.015294117647058821,0.04411764705882353,0.626984126984127,-0.0005882352941176446,1.0
model1_decoder_tangent,STAT1,False,8,0.0,0.0,,0.9985817471131043,,,,,
model1_decoder_tangent,USP22,True,21,0.0,0.0,,0.9981472936091432,0.006857142857142858,0.047619047619047616,1.0,-0.006857142857142858,1.0
model1_decoder_tangent,MED13L,True,16,0.0,0.0,,0.9998266085232808,0.001,0.0,1.0,-0.001,1.0
model1_decoder_tangent,TET1,True,46,0.021739130434782608,0.021739130434782608,1.0,0.9964292849655202,0.002260869565217391,0.021739130434782608,0.1111111111111111,0.019478260869565216,1.0
model1_decoder_tangent,KIF1B,False,2,0.0,0.0,,0.9996760301082848,,,,,
model1_decoder_tangent,SRC,False,6,0.0,0.0,,0.9992687647540531,,,,,
model1_decoder_tangent,PBX1,False,5,0.0,0.0,,0.9989714408220316,,,,,
model1_decoder_tangent,CAST,True,38,0.0,0.02631578947368421,0.0,0.9938850998070617,0.02189473684210526,0.10526315789473684,1.0,-0.02189473684210526,1.0
model1_decoder_tangent,IDE,False,0,,,,,,,,,
model1_decoder_tangent,MAPKAPK2,False,5,0.0,0.0,,0.9997690414395416,,,,,
model1_decoder_tangent,PTPN1,False,2,0.0,0.0,,0.9999626163652549,,,,,
model1_decoder_tangent,KDM2B,True,44,0.0,0.0,,0.9943308565286847,0.03599999999999999,0.15454545454545449,1.0,-0.03599999999999999,1.0
model1_decoder_tangent,ATP1B1,False,2,0.0,0.0,,0.999228928785777,,,,,
model1_decoder_tangent,KAT2A,True,738,0.02981029810298103,0.037940379403794036,0.7857142857142857,0.9539862079219993,0.04043360433604336,0.07696476964769648,0.626984126984127,-0.010623306233062329,1.0
model1_decoder_tangent,NISCH,False,6,0.0,0.0,,0.999263509869452,,,,,
model1_decoder_tangent,KDR,False,7,0.0,0.0,,0.9991495819334304,,,,,
model1_decoder_tangent,WFS1,False,4,0.0,0.0,,0.9994304488037814,,,,,
model1_decoder_tangent,TARBP2,False,4,0.0,0.0,,0.9999323623953733,,,,,
model1_decoder_tangent,MAP3K7,False,1,0.0,0.0,,0.9999991344316972,,,,,
model1_decoder_tangent,HMGN1,False,3,0.0,0.0,,0.9993916032199682,,,,,
model1_decoder_tangent,TSC22D4,False,3,0.0,0.0,,0.9994361700210592,,,,,
model1_decoder_tangent,FOXH1,True,32,0.0,0.0,,0.9981612383900751,0.0005,0.0,1.0,-0.0005,1.0
model1_decoder_tangent,PAGR1,True,18,0.0,0.0,,0.997771996496303,0.0035555555555555553,0.05555555555555555,1.0,-0.0035555555555555553,1.0
model1_decoder_tangent,KLF10,True,15,0.0,0.0,,0.9991515653224926,0.0,0.0,1.0,0.0,1.0
model1_decoder_tangent,POLB,False,3,0.0,0.0,,0.9995913425047822,,,,,
model1_decoder_tangent,RNF2,True,377,0.005305039787798408,0.015915119363395226,0.3333333333333333,0.9747136604883453,0.012753315649867373,0.029177718832891247,0.9047619047619048,-0.007448275862068965,1.0
model1_decoder_tangent,SMARCA5,True,953,0.026232948583420776,0.04302203567681007,0.6097560975609756,0.9526862046378829,0.03453515215110178,0.05456453305351522,0.7301587301587301,-0.008302203567681007,1.0
model1_decoder_tangent,ACAT2,True,313,0.006389776357827476,0.14057507987220447,0.045454545454545456,0.8498986201939094,0.024460063897763576,0.07348242811501597,0.8253968253968254,-0.0180702875399361,1.0
model1_decoder_tangent,TRAM2,False,1,0.0,0.0,,0.9999887686148221,,,,,
model1_decoder_tangent,CAMSAP2,False,2,0.0,0.0,,0.9998561233485304,,,,,
model1_decoder_tangent,CDCA2,False,8,0.0,0.0,,0.9992218910091345,,,,,
model1_decoder_tangent,CREG1,False,4,0.0,0.0,,0.9999021844502434,,,,,
model1_decoder_tangent,CASP2,False,2,0.0,0.0,,0.9990673639897357,,,,,
model1_decoder_tangent,UBE3C,True,37,0.02702702702702703,0.02702702702702703,1.0,0.9909926069824054,0.02140540540540541,0.05405405405405406,0.5,0.005621621621621619,1.0
model1_decoder_tangent,EIF4B,True,124,0.03225806451612903,0.056451612903225805,0.5714285714285714,0.9785926604426012,0.011419354838709676,0.03225806451612903,0.0873015873015873,0.020838709677419354,1.0
model1_decoder_tangent,STAG2,True,453,0.046357615894039736,0.07505518763796909,0.6176470588235294,0.9509780267374115,0.031328918322295805,0.05739514348785872,0.1746031746031746,0.01502869757174393,1.0
model1_decoder_tangent,HMGB2,True,26,0.0,0.038461538461538464,0.0,0.9934225588887371,0.01846153846153846,0.038461538461538464,1.0,-0.01846153846153846,1.0
model1_decoder_tangent,TGFBR2,True,260,0.1,0.1076923076923077,0.9285714285714286,0.9428967402160655,0.014523076923076925,0.046153846153846156,0.015873015873015872,0.08547692307692308,0.7738095238095237
model1_decoder_tangent,ANTXR1,False,2,0.0,0.0,,0.9995177389536142,,,,,
model1_decoder_tangent,MTA1,True,28,0.03571428571428571,0.03571428571428571,1.0,0.992641753547811,0.011714285714285714,0.03571428571428571,0.3253968253968254,0.024,1.0
model1_decoder_tangent,DHCR24,True,32,0.0,0.375,0.0,0.9090824115794743,0.01425,0.0625,1.0,-0.01425,1.0
model1_decoder_tangent,NDUFB4,True,17,0.35294117647058826,0.35294117647058826,1.0,0.9793475265386486,0.015058823529411765,0.058823529411764705,0.031746031746031744,0.33788235294117647,0.7738095238095237
model1_decoder_tangent,ACVR1B,True,25,0.0,0.0,,0.9941798847441198,0.0009599999999999999,0.0,1.0,-0.0009599999999999999,1.0
model1_decoder_tangent,DHX36,True,1387,0.07570295602018745,0.13987022350396539,0.5412371134020618,0.839002391761527,0.05773035328046142,0.08536409516943042,0.12698412698412698,0.017972602739726028,1.0
model1_decoder_tangent,LZTR1,True,191,0.015706806282722512,0.020942408376963352,0.75,0.9860573764051446,0.023958115183246077,0.05759162303664921,0.6428571428571429,-0.008251308900523564,1.0
model1_decoder_tangent,INSIG1,True,219,0.0182648401826484,0.1004566210045662,0.18181818181818182,0.9216110993387767,0.027433789954337897,0.06757990867579906,0.5793650793650794,-0.009168949771689496,1.0
model1_decoder_tangent,LAD1,False,2,0.0,0.0,,0.9994968154033887,,,,,
model1_decoder_tangent,TCF3,False,6,0.0,0.0,,0.9991842761502513,,,,,
model1_decoder_tangent,DAXX,True,28,0.0,0.0,,0.9975518700810286,0.002,0.02857142857142847,1.0,-0.002,1.0
model1_decoder_tangent,CLDN7,False,7,0.0,0.0,,0.9990276491300437,,,,,
model1_decoder_tangent,NIT1,True,143,0.006993006993006993,0.02097902097902098,0.3333333333333333,0.9903756996523548,0.015832167832167836,0.04195804195804196,0.7857142857142857,-0.008839160839160844,1.0
model1_decoder_tangent,PRR12,True,105,0.0,0.009523809523809525,0.0,0.9908256552550021,0.009295238095238094,0.0380952380952381,1.0,-0.009295238095238094,1.0
model1_decoder_tangent,ARID1A,True,220,0.022727272727272728,0.03636363636363636,0.625,0.9766876708688353,0.01418181818181818,0.031818181818181815,0.23015873015873015,0.008545454545454547,1.0
model1_decoder_tangent,STX4,True,19,0.0,0.0,,0.9984577177075395,0.00042105263157894734,0.0,1.0,-0.00042105263157894734,1.0
model1_decoder_tangent,CENPO,False,5,0.0,0.0,,0.9996021838317859,,,,,
model1_decoder_tangent,NRAS,False,5,0.0,0.0,,0.9997404041474728,,,,,
model1_decoder_tangent,CHMP3,True,98,0.02040816326530612,0.02040816326530612,1.0,0.9748624779460751,0.014367346938775512,0.04081632653061224,0.4365079365079365,0.006040816326530609,1.0
model1_decoder_tangent,EID2,False,4,0.0,0.0,,0.9996175302521751,,,,,
model1_decoder_tangent,UQCRQ,True,48,0.041666666666666664,0.041666666666666664,1.0,0.9869938772004115,0.024,0.10416666666666667,0.23015873015873015,0.017666666666666664,1.0
model1_decoder_tangent,ZNF426,False,3,0.0,0.0,,0.9998431813672107,,,,,
model1_decoder_tangent,BIRC2,True,75,0.013333333333333334,0.013333333333333334,1.0,0.9948588588836856,0.015146666666666668,0.04,0.5396825396825397,-0.0018133333333333335,1.0
model1_decoder_tangent,PLCB3,False,2,0.0,0.0,,0.9997379242544097,,,,,
model1_decoder_tangent,TFAM,True,98,0.030612244897959183,0.061224489795918366,0.5,0.9792052450602904,0.021632653061224486,0.05918367346938772,0.3333333333333333,0.008979591836734697,1.0
model1_decoder_tangent,PMS1,False,1,0.0,0.0,,0.9999734819147443,,,,,
model1_decoder_tangent,ZNF286A,False,2,0.0,0.0,,0.999975799477643,,,,,
model1_decoder_tangent,GSK3B,True,217,0.009216589861751152,0.02304147465437788,0.4,0.9832887307794059,0.017364055299539174,0.03686635944700461,0.8253968253968254,-0.008147465437788022,1.0
model1_decoder_tangent,LRPPRC,True,98,0.01020408163265306,0.04081632653061224,0.25,0.9842613886914435,0.02661224489795918,0.061224489795918366,0.8253968253968254,-0.01640816326530612,1.0
model1_decoder_tangent,CASP3,True,417,0.05275779376498801,0.0815347721822542,0.6470588235294118,0.939738635829953,0.03501199040767386,0.07625899280575539,0.25396825396825395,0.017745803357314148,1.0
model1_decoder_tangent,MAST2,False,0,,,,,,,,,
model1_decoder_tangent,HAT1,True,29,0.034482758620689655,0.034482758620689655,1.0,0.9939728412490182,0.0016551724137931034,0.0,0.05555555555555555,0.032827586206896554,0.8666666666666666
model1_decoder_tangent,MAU2,True,902,0.03325942350332594,0.05321507760532151,0.625,0.931758623788947,0.04839911308203992,0.08226164079822615,0.7619047619047619,-0.015139689578713977,1.0
model1_decoder_tangent,SMARCA4,True,2229,0.059219380888290714,0.13055181695827725,0.4536082474226804,0.8789659213847765,0.09407267833109019,0.14733064154329295,0.8412698412698413,-0.034853297442799476,1.0
model1_decoder_tangent,TWF2,False,4,0.0,0.0,,0.9992071028628366,,,,,
model1_decoder_tangent,IRF3,False,4,0.0,0.0,,0.999649896695486,,,,,
model1_decoder_tangent,MKI67,False,5,0.0,0.0,,0.9999643760225522,,,,,
model1_decoder_tangent,AKT2,True,50,0.0,0.0,,0.9953201783317623,0.00256,0.02,1.0,-0.00256,1.0
model1_decoder_tangent,SSBP1,True,59,0.0,0.0,,0.9949022889744529,0.025084745762711864,0.06779661016949153,1.0,-0.025084745762711864,1.0
model1_decoder_tangent,PHF14,True,24,0.0,0.0,,0.9991042303143642,0.0,0.0,1.0,0.0,1.0
model1_decoder_tangent,DNMT1,True,1279,0.04691164972634871,0.11336982017200939,0.41379310344827586,0.8752693633593962,0.05146520719311962,0.07490226739640345,0.6507936507936508,-0.004553557466770913,1.0
model1_decoder_tangent,TMSB10,True,263,0.0038022813688212928,0.022813688212927757,0.16666666666666666,0.9781443047906598,0.03245627376425855,0.10266159695817491,0.9603174603174603,-0.02865399239543726,1.0
model1_decoder_tangent,CLDN6,False,4,0.0,0.0,,0.9996662042291959,,,,,
model1_decoder_tangent,DLG5,True,85,0.0,0.0,,0.9933557707123709,0.007717647058823529,0.0329411764705882,1.0,-0.007717647058823529,1.0
model1_decoder_tangent,NDUFB6,True,12,0.0,0.0,,0.9998193381160227,0.009333333333333332,0.06666666666666643,1.0,-0.009333333333333332,1.0
model1_decoder_tangent,STAT6,True,73,0.0,0.0,,0.9949982105688367,0.004931506849315068,0.0273972602739726,1.0,-0.004931506849315068,1.0
model1_decoder_tangent,ZNF714,False,8,0.0,0.0,,0.9996121268691385,,,,,
model1_decoder_tangent,SAFB,True,165,0.04242424242424243,0.06060606060606061,0.7,0.9761287099492391,0.009842424242424241,0.024242424242424242,0.03968253968253968,0.032581818181818184,0.7738095238095237
model1_decoder_tangent,SOX2,True,1156,0.04844290657439446,0.08823529411764706,0.5490196078431373,0.9030522795760205,0.04516955017301039,0.07404844290657439,0.3492063492063492,0.003273356401384077,1.0
model1_decoder_tangent,SLC25A3,True,21,0.0,0.047619047619047616,0.0,0.9918179186893017,0.028190476190476186,0.09523809523809523,1.0,-0.028190476190476186,1.0
model1_decoder_tangent,ZNF593,True,21,0.0,0.0,,0.996857857139772,0.0007619047619047618,0.0,1.0,-0.0007619047619047618,1.0
model1_decoder_tangent,RAF1,True,38,0.0,0.0,,0.9938429408990168,0.0027368421052631573,0.02631578947368421,1.0,-0.0027368421052631573,1.0
model1_decoder_tangent,METTL17,True,81,0.012345679012345678,0.037037037037037035,0.3333333333333333,0.988131391522567,0.025876543209876545,0.08641975308641975,0.6904761904761905,-0.013530864197530867,1.0
model1_decoder_tangent,IKBKG,True,12,0.0,0.0,,0.9990219714357719,0.015999999999999997,0.08333333333333333,1.0,-0.015999999999999997,1.0
model1_decoder_tangent,SMAGP,True,79,0.02531645569620253,0.02531645569620253,1.0,0.9900314023731166,0.010531645569620255,0.02531645569620253,0.23809523809523808,0.014784810126582277,1.0
model1_decoder_tangent,MAP1B,False,3,0.0,0.0,,0.9998200124701552,,,,,
model1_decoder_tangent,TAZ,True,22,0.0,0.0,,0.9971606784423989,0.019272727272727278,0.045454545454545456,1.0,-0.019272727272727278,1.0
model1_decoder_tangent,OXCT1,True,129,0.0,0.023255813953488372,0.0,0.9865360743457263,0.005891472868217055,0.015503875968992248,1.0,-0.005891472868217055,1.0
model1_decoder_tangent,WSB2,True,106,0.0,0.009433962264150943,0.0,0.9884697243471429,0.014716981132075474,0.03773584905660377,1.0,-0.014716981132075474,1.0
model1_decoder_tangent,C1QBP,True,66,0.0,0.0,,0.9952619608578406,0.009939393939393939,0.030303030303030304,1.0,-0.009939393939393939,1.0
model1_decoder_tangent,CALM3,False,1,0.0,0.0,,0.9995866395172369,,,,,
model1_decoder_tangent,SIX4,True,25,0.0,0.0,,0.9986659355701427,0.00032,0.0,1.0,-0.00032,1.0
model1_decoder_tangent,RRM1,False,5,0.0,0.0,,0.9998180665454973,,,,,
model1_decoder_tangent,MBTPS1,True,384,0.0234375,0.08072916666666667,0.2903225806451613,0.9333299214010826,0.034229166666666665,0.06927083333333332,0.7222222222222222,-0.010791666666666665,1.0
model1_decoder_tangent,RAB3B,False,0,,,,,,,,,
model1_decoder_tangent,XRCC4,True,14,0.0,0.0,,0.999236746731126,0.0,0.0,1.0,0.0,1.0
model1_decoder_tangent,TRAPPC6A,True,230,0.017391304347826087,0.030434782608695653,0.5714285714285714,0.978507854102132,0.012904347826086958,0.030434782608695653,0.31746031746031744,0.00448695652173913,1.0
model1_decoder_tangent,SIN3B,True,1161,0.04909560723514212,0.0921619293712317,0.5327102803738317,0.899093439940431,0.053781223083548664,0.08682170542635657,0.5634920634920635,-0.0046856158484065435,1.0
model1_decoder_tangent,SV2A,True,18,0.0,0.0,,0.9981554963092186,0.0022222222222222222,0.0,1.0,-0.0022222222222222222,1.0
model1_decoder_tangent,EWSR1,True,178,0.0,0.0,,0.9895151076028531,0.009483146067415727,0.03258426966292133,1.0,-0.009483146067415727,1.0
model1_decoder_tangent,TXNDC9,True,24,0.0,0.0,,0.9960988124898009,0.001,0.0,1.0,-0.001,1.0
model1_decoder_tangent,TMBIM6,False,6,0.0,0.0,,0.9992975982658209,,,,,
model1_decoder_tangent,METTL3,True,2926,0.10355434039644566,0.23957621326042378,0.4322396576319544,0.7742596082723952,0.1203280929596719,0.17019822282980177,0.6904761904761905,-0.016773752563226232,1.0
model1_decoder_tangent,METTL14,True,3008,0.11070478723404255,0.2450132978723404,0.451831750339213,0.7571899183327301,0.12406382978723404,0.18151595744680848,0.5873015873015873,-0.013359042553191494,1.0
model1_decoder_tangent,MED24,True,647,0.021638330757341576,0.1035548686244204,0.208955223880597,0.9193936615253862,0.033211746522411136,0.06646058732612056,0.746031746031746,-0.01157341576506956,1.0
model1_decoder_tangent,ATM,True,76,0.0,0.02631578947368421,0.0,0.9930951354002053,0.03378947368421052,0.10263157894736838,1.0,-0.03378947368421052,1.0
model1_decoder_tangent,PHF10,True,120,0.008333333333333333,0.025,0.3333333333333333,0.9842082495271738,0.019066666666666662,0.05,0.8015873015873016,-0.010733333333333329,1.0
model1_decoder_tangent,DZIP3,False,1,0.0,0.0,,0.9999656569719036,,,,,
model1_decoder_tangent,ZNF562,True,10,0.0,0.0,,0.9993077911781694,0.0008,0.0,1.0,-0.0008,1.0
model1_decoder_tangent,MED1,True,302,0.029801324503311258,0.06291390728476821,0.47368421052631576,0.9526693600199219,0.016662251655629137,0.04238410596026489,0.12698412698412698,0.01313907284768212,1.0
model1_decoder_finite,TMSB4X,False,0,,,,,,,,,
model1_decoder_finite,PRCP,False,6,0.0,0.0,,0.9999035508145341,,,,,
model1_decoder_finite,TADA1,True,533,0.0225140712945591,0.04690431519699812,0.48,0.9467661614514022,0.029043151969981234,0.0574108818011257,0.6507936507936508,-0.0065290806754221345,1.0
model1_decoder_finite,HIRA,True,32,0.21875,0.25,0.875,0.9770493583187644,0.02025,0.14374999999999982,0.03968253968253968,0.1985,0.7738095238095237
model1_decoder_finite,IGF2R,False,6,0.0,0.0,,0.999478727470027,,,,,
model1_decoder_finite,NCK2,False,2,0.0,0.0,,0.9999551415211128,,,,,
model1_decoder_finite,MED13,True,113,0.008849557522123894,0.008849557522123894,1.0,0.9937921534464801,0.008920353982300887,0.02654867256637168,0.6111111111111112,-7.079646017699344e-05,1.0
model1_decoder_finite,MED12,True,68,0.014705882352941176,0.07352941176470588,0.2,0.9804783848093445,0.014823529411764702,0.04411764705882353,0.626984126984127,-0.00011764705882352615,1.0
model1_decoder_finite,STAT1,False,8,0.0,0.0,,0.9985633143407274,,,,,
model1_decoder_finite,USP22,True,21,0.0,0.0,,0.9983829901641981,0.006857142857142858,0.047619047619047616,1.0,-0.006857142857142858,1.0
model1_decoder_finite,MED13L,True,16,0.0,0.0,,0.999830281138209,0.001,0.0,1.0,-0.001,1.0
model1_decoder_finite,TET1,True,46,0.021739130434782608,0.021739130434782608,1.0,0.9960748611268931,0.002260869565217391,0.021739130434782608,0.1111111111111111,0.019478260869565216,1.0
model1_decoder_finite,KIF1B,False,2,0.0,0.0,,0.9996989301101528,,,,,
model1_decoder_finite,SRC,False,6,0.0,0.0,,0.9992742986064055,,,,,
model1_decoder_finite,PBX1,False,5,0.0,0.0,,0.9990353227096552,,,,,
model1_decoder_finite,CAST,True,38,0.0,0.02631578947368421,0.0,0.9936898531205856,0.020421052631578944,0.10526315789473684,1.0,-0.020421052631578944,1.0
model1_decoder_finite,IDE,False,0,,,,,,,,,
model1_decoder_finite,MAPKAPK2,False,5,0.0,0.0,,0.9997646102829758,,,,,
model1_decoder_finite,PTPN1,False,2,0.0,0.0,,0.9999628606691982,,,,,
model1_decoder_finite,KDM2B,True,44,0.0,0.0,,0.9942567598412955,0.03472727272727272,0.15454545454545449,1.0,-0.03472727272727272,1.0
model1_decoder_finite,ATP1B1,False,2,0.0,0.0,,0.9992243221280582,,,,,
model1_decoder_finite,KAT2A,True,738,0.02981029810298103,0.037940379403794036,0.7857142857142857,0.9545501391739797,0.03919783197831979,0.07425474254742548,0.6031746031746031,-0.00938753387533876,1.0
model1_decoder_finite,NISCH,False,6,0.0,0.0,,0.9992691744766067,,,,,
model1_decoder_finite,KDR,False,7,0.0,0.0,,0.9991283666844579,,,,,
model1_decoder_finite,WFS1,False,4,0.0,0.0,,0.9994449988638229,,,,,
model1_decoder_finite,TARBP2,False,4,0.0,0.0,,0.999930397338021,,,,,
model1_decoder_finite,MAP3K7,False,1,0.0,0.0,,0.9999992292114207,,,,,
model1_decoder_finite,HMGN1,False,3,0.0,0.0,,0.9994219586391373,,,,,
model1_decoder_finite,TSC22D4,False,3,0.0,0.0,,0.9994466279102057,,,,,
model1_decoder_finite,FOXH1,True,32,0.0,0.0,,0.9981455335206302,0.0005,0.0,1.0,-0.0005,1.0
model1_decoder_finite,PAGR1,True,18,0.0,0.0,,0.9980301511698576,0.0026666666666666666,0.0,1.0,-0.0026666666666666666,1.0
model1_decoder_finite,KLF10,True,15,0.0,0.0,,0.9991403780187684,0.0,0.0,1.0,0.0,1.0
model1_decoder_finite,POLB,False,3,0.0,0.0,,0.9995974861356347,,,,,
model1_decoder_finite,RNF2,True,377,0.005305039787798408,0.015915119363395226,0.3333333333333333,0.9758337757945545,0.011755968169761273,0.0286472148541114,0.8571428571428571,-0.006450928381962865,1.0
model1_decoder_finite,SMARCA5,True,953,0.01888772298006296,0.035676810073452254,0.5294117647058824,0.9550414680700384,0.034048268625393494,0.053305351521511016,0.9523809523809523,-0.015160545645330533,1.0
model1_decoder_finite,ACAT2,True,313,0.006389776357827476,0.13738019169329074,0.046511627906976744,0.8420935196298536,0.02315654952076677,0.06964856230031947,0.8333333333333334,-0.016766773162939293,1.0
model1_decoder_finite,TRAM2,False,1,0.0,0.0,,0.9999881768152816,,,,,
model1_decoder_finite,CAMSAP2,False,2,0.0,0.0,,0.9998501320069678,,,,,
model1_decoder_finite,CDCA2,False,8,0.0,0.0,,0.9991393937002307,,,,,
model1_decoder_finite,CREG1,False,4,0.0,0.0,,0.9999066200968427,,,,,
model1_decoder_finite,CASP2,False,2,0.0,0.0,,0.9990353700385823,,,,,
model1_decoder_finite,UBE3C,True,37,0.02702702702702703,0.02702702702702703,1.0,0.9917425669326615,0.020108108108108112,0.05405405405405406,0.47619047619047616,0.006918918918918916,1.0
model1_decoder_finite,EIF4B,True,124,0.03225806451612903,0.056451612903225805,0.5714285714285714,0.9787593271072629,0.011548387096774191,0.03225806451612903,0.0873015873015873,0.02070967741935484,1.0
model1_decoder_finite,STAG2,True,453,0.046357615894039736,0.07505518763796909,0.6176470588235294,0.9518313601769443,0.03148785871964681,0.05871964679911698,0.16666666666666666,0.014869757174392928,1.0
model1_decoder_finite,HMGB2,True,26,0.0,0.038461538461538464,0.0,0.9937604950270986,0.017230769230769234,0.038461538461538464,1.0,-0.017230769230769234,1.0
model1_decoder_finite,TGFBR2,True,260,0.1,0.1076923076923077,0.9285714285714286,0.9422855565228432,0.013753846153846151,0.04538461538461538,0.015873015873015872,0.08624615384615386,0.619047619047619
model1_decoder_finite,ANTXR1,False,2,0.0,0.0,,0.9994984559088765,,,,,
model1_decoder_finite,MTA1,True,28,0.03571428571428571,0.03571428571428571,1.0,0.993661698566368,0.011142857142857142,0.03571428571428571,0.31746031746031744,0.02457142857142857,1.0
model1_decoder_finite,DHCR24,True,32,0.0,0.375,0.0,0.8913040704459024,0.013,0.0625,1.0,-0.013,1.0
model1_decoder_finite,NDUFB4,True,17,0.29411764705882354,0.29411764705882354,1.0,0.982246717030446,0.013176470588235293,0.058823529411764705,0.023809523809523808,0.28094117647058825,0.619047619047619
model1_decoder_finite,ACVR1B,True,25,0.0,0.0,,0.9944756818406763,0.0009599999999999999,0.0,1.0,-0.0009599999999999999,1.0
model1_decoder_finite,DHX36,True,1387,0.07209805335255948,0.13482335976928622,0.5347593582887701,0.8496821243960693,0.056501802451333814,0.08622927180966113,0.15079365079365079,0.015596250901225663,1.0
model1_decoder_finite,LZTR1,True,191,0.015706806282722512,0.015706806282722512,1.0,0.9863165503839364,0.02278534031413613,0.05654450261780103,0.6031746031746031,-0.007078534031413619,1.0
model1_decoder_finite,INSIG1,True,219,0.0182648401826484,0.1004566210045662,0.18181818181818182,0.9201191987158087,0.025863013698630134,0.0639269406392694,0.5714285714285714,-0.007598173515981733,1.0
model1_decoder_finite,LAD1,False,2,0.0,0.0,,0.9994638377781937,,,,,
model1_decoder_finite,TCF3,False,6,0.0,0.0,,0.9992155868214997,,,,,
model1_decoder_finite,DAXX,True,28,0.0,0.0,,0.9975395137572394,0.002,0.02857142857142847,1.0,-0.002,1.0
model1_decoder_finite,CLDN7,False,7,0.0,0.0,,0.9990953470448356,,,,,
model1_decoder_finite,NIT1,True,143,0.006993006993006993,0.02097902097902098,0.3333333333333333,0.9905389709136984,0.014881118881118883,0.04195804195804196,0.753968253968254,-0.00788811188811189,1.0
model1_decoder_finite,PRR12,True,105,0.0,0.0,,0.9912767717799055,0.009066666666666666,0.03619047619047617,1.0,-0.009066666666666666,1.0
model1_decoder_finite,ARID1A,True,220,0.022727272727272728,0.03636363636363636,0.625,0.9775661850838673,0.01341818181818182,0.031818181818181815,0.2222222222222222,0.009309090909090907,1.0
model1_decoder_finite,STX4,True,19,0.0,0.0,,0.9984576697886008,0.00042105263157894734,0.0,1.0,-0.00042105263157894734,1.0
model1_decoder_finite,CENPO,False,5,0.0,0.0,,0.9996070867435198,,,,,
model1_decoder_finite,NRAS,False,5,0.0,0.0,,0.9997553700546381,,,,,
model1_decoder_finite,CHMP3,True,98,0.02040816326530612,0.02040816326530612,1.0,0.9760382059788795,0.014040816326530613,0.030612244897959183,0.42063492063492064,0.006367346938775508,1.0
model1_decoder_finite,EID2,False,4,0.0,0.0,,0.9996193269921487,,,,,
model1_decoder_finite,UQCRQ,True,48,0.041666666666666664,0.041666666666666664,1.0,0.9878369126167098,0.02266666666666667,0.09999999999999995,0.2222222222222222,0.018999999999999996,1.0
model1_decoder_finite,ZNF426,False,3,0.0,0.0,,0.9998351508420492,,,,,
model1_decoder_finite,BIRC2,True,75,0.013333333333333334,0.013333333333333334,1.0,0.9949248272926181,0.014826666666666669,0.04,0.5476190476190477,-0.0014933333333333344,1.0
model1_decoder_finite,PLCB3,False,2,0.0,0.0,,0.9997428484186982,,,,,
model1_decoder_finite,TFAM,True,98,0.02040816326530612,0.05102040816326531,0.4,0.9811740889455899,0.02171428571428571,0.05918367346938772,0.6190476190476191,-0.0013061224489795895,1.0
model1_decoder_finite,PMS1,False,1,0.0,0.0,,0.9999721007696409,,,,,
model1_decoder_finite,ZNF286A,False,2,0.0,0.0,,0.9999748077199007,,,,,
model1_decoder_finite,GSK3B,True,217,0.009216589861751152,0.02304147465437788,0.4,0.9831654174817209,0.016847926267281103,0.03686635944700461,0.8253968253968254,-0.007631336405529951,1.0
model1_decoder_finite,LRPPRC,True,98,0.02040816326530612,0.05102040816326531,0.4,0.9824476714933651,0.025795918367346935,0.061224489795918366,0.6111111111111112,-0.005387755102040814,1.0
model1_decoder_finite,CASP3,True,417,0.050359712230215826,0.08633093525179857,0.5833333333333334,0.9407279811955055,0.033016786570743396,0.07386091127098321,0.25396825396825395,0.01734292565947243,1.0
model1_decoder_finite,MAST2,False,0,,,,,,,,,
model1_decoder_finite,HAT1,True,29,0.034482758620689655,0.034482758620689655,1.0,0.9934927302370309,0.0019310344827586205,0.027586206896551627,0.06349206349206349,0.03255172413793103,0.9904761904761905
model1_decoder_finite,MAU2,True,902,0.03215077605321508,0.052106430155210645,0.6170212765957447,0.9322433244922366,0.04822172949002218,0.07960088691796006,0.8015873015873016,-0.016070953436807103,1.0
model1_decoder_finite,SMARCA4,True,2229,0.059668012561686856,0.13144908030506955,0.4539249146757679,0.8841827108699827,0.09305697622252132,0.14571556751906684,0.8412698412698413,-0.033388963660834464,1.0
model1_decoder_finite,TWF2,False,4,0.0,0.0,,0.9991788573810041,,,,,
model1_decoder_finite,IRF3,False,4,0.0,0.0,,0.9996439379459174,,,,,
model1_decoder_finite,MKI67,False,5,0.0,0.0,,0.9999647383550755,,,,,
model1_decoder_finite,AKT2,True,50,0.0,0.0,,0.9953401937900005,0.0028799999999999997,0.02,1.0,-0.0028799999999999997,1.0
model1_decoder_finite,SSBP1,True,59,0.0,0.0,,0.9949392494151732,0.024406779661016953,0.08135593220338978,1.0,-0.024406779661016953,1.0
model1_decoder_finite,PHF14,True,24,0.0,0.0,,0.999127687059332,0.0,0.0,1.0,0.0,1.0
model1_decoder_finite,DNMT1,True,1279,0.04300234558248632,0.10633307271305707,0.40441176470588236,0.8815780630166216,0.051565285379202505,0.07568412822517592,0.7142857142857143,-0.008562939796716185,1.0
model1_decoder_finite,TMSB10,True,263,0.0076045627376425855,0.019011406844106463,0.4,0.9775993790788915,0.03160456273764258,0.10190114068441064,0.8095238095238095,-0.023999999999999997,1.0
model1_decoder_finite,CLDN6,False,4,0.0,0.0,,0.9997637565020038,,,,,
model1_decoder_finite,DLG5,True,85,0.0,0.0,,0.9934437784094995,0.007905882352941176,0.03529411764705882,1.0,-0.007905882352941176,1.0
model1_decoder_finite,NDUFB6,True,12,0.0,0.0,,0.9998257873121471,0.009333333333333332,0.06666666666666643,1.0,-0.009333333333333332,1.0
model1_decoder_finite,STAT6,True,73,0.0,0.0,,0.995000867213538,0.004931506849315068,0.0273972602739726,1.0,-0.004931506849315068,1.0
model1_decoder_finite,ZNF714,False,8,0.0,0.0,,0.9996187224795702,,,,,
model1_decoder_finite,SAFB,True,165,0.04242424242424243,0.06060606060606061,0.7,0.977236264708165,0.00930909090909091,0.024242424242424242,0.015873015873015872,0.033115151515151514,0.619047619047619
model1_decoder_finite,SOX2,True,1156,0.04844290657439446,0.08737024221453288,0.5544554455445545,0.9040962342910804,0.04534256055363321,0.07491349480968858,0.3333333333333333,0.0031003460207612507,1.0
model1_decoder_finite,SLC25A3,True,21,0.0,0.047619047619047616,0.0,0.9932031603186409,0.027428571428571424,0.09523809523809523,1.0,-0.027428571428571424,1.0
model1_decoder_finite,ZNF593,True,21,0.0,0.0,,0.9969371913888397,0.0007619047619047618,0.0,1.0,-0.0007619047619047618,1.0
model1_decoder_finite,RAF1,True,38,0.0,0.0,,0.9939610998902881,0.0029473684210526313,0.02631578947368421,1.0,-0.0029473684210526313,1.0
model1_decoder_finite,METTL17,True,81,0.012345679012345678,0.04938271604938271,0.25,0.9881468666248363,0.0242962962962963,0.08641975308641975,0.6666666666666666,-0.01195061728395062,1.0
model1_decoder_finite,IKBKG,True,12,0.0,0.0,,0.9990061252251372,0.014666666666666666,0.08333333333333333,1.0,-0.014666666666666666,1.0
model1_decoder_finite,SMAGP,True,79,0.02531645569620253,0.02531645569620253,1.0,0.9901559518413154,0.010227848101265822,0.02531645569620253,0.23015873015873015,0.01508860759493671,1.0
model1_decoder_finite,MAP1B,False,3,0.0,0.0,,0.99983178076355,,,,,
model1_decoder_finite,TAZ,True,22,0.0,0.0,,0.9971588934679436,0.018181818181818184,0.045454545454545456,1.0,-0.018181818181818184,1.0
model1_decoder_finite,OXCT1,True,129,0.0,0.023255813953488372,0.0,0.9866485009373518,0.005829457364341085,0.015503875968992248,1.0,-0.005829457364341085,1.0
model1_decoder_finite,WSB2,True,106,0.0,0.009433962264150943,0.0,0.9888552789476411,0.014415094339622644,0.02830188679245283,1.0,-0.014415094339622644,1.0
model1_decoder_finite,C1QBP,True,66,0.0,0.0,,0.9953911845553405,0.00896969696969697,0.030303030303030304,1.0,-0.00896969696969697,1.0
model1_decoder_finite,CALM3,False,1,0.0,0.0,,0.9995732223256952,,,,,
model1_decoder_finite,SIX4,True,25,0.0,0.0,,0.9986005684880626,0.00064,0.0,1.0,-0.00064,1.0
model1_decoder_finite,RRM1,False,5,0.0,0.0,,0.99981961262607,,,,,
model1_decoder_finite,MBTPS1,True,384,0.0234375,0.078125,0.3,0.9355455720999748,0.0340625,0.06718749999999998,0.7063492063492064,-0.010625000000000002,1.0
model1_decoder_finite,RAB3B,False,0,,,,,,,,,
model1_decoder_finite,XRCC4,True,14,0.0,0.0,,0.9992521107648827,0.0,0.0,1.0,0.0,1.0
model1_decoder_finite,TRAPPC6A,True,230,0.017391304347826087,0.030434782608695653,0.5714285714285714,0.9785175218352697,0.012208695652173914,0.029565217391304337,0.2777777777777778,0.005182608695652173,1.0
model1_decoder_finite,SIN3B,True,1161,0.04995693367786391,0.09388458225667529,0.5321100917431193,0.9012632021916244,0.05388458225667528,0.08544358311800172,0.5555555555555556,-0.003927648578811366,1.0
model1_decoder_finite,SV2A,True,18,0.0,0.0,,0.9981527894610315,0.0022222222222222222,0.0,1.0,-0.0022222222222222222,1.0
model1_decoder_finite,EWSR1,True,178,0.0,0.0,,0.9899135753354985,0.008584269662921347,0.028089887640449437,1.0,-0.008584269662921347,1.0
model1_decoder_finite,TXNDC9,True,24,0.0,0.0,,0.9962796877413149,0.001,0.0,1.0,-0.001,1.0
model1_decoder_finite,TMBIM6,False,6,0.0,0.0,,0.9992765318798671,,,,,
model1_decoder_finite,METTL3,True,2926,0.10218728639781272,0.23684210526315788,0.4314574314574315,0.7770113819232443,0.12064798359535203,0.17286397812713603,0.7063492063492064,-0.018460697197539316,1.0
model1_decoder_finite,METTL14,True,3008,0.11037234042553191,0.24601063829787234,0.4486486486486487,0.7578542892063229,0.12436170212765958,0.1841755319148936,0.6031746031746031,-0.013989361702127667,1.0
model1_decoder_finite,MED24,True,647,0.023183925811437404,0.10510046367851623,0.22058823529411764,0.9211980206116004,0.03290262751159196,0.06615146831530139,0.6666666666666666,-0.009718701700154556,1.0
model1_decoder_finite,ATM,True,76,0.0,0.02631578947368421,0.0,0.9931594973525772,0.03357894736842105,0.10263157894736838,1.0,-0.03357894736842105,1.0
model1_decoder_finite,PHF10,True,120,0.008333333333333333,0.025,0.3333333333333333,0.9849704686455465,0.01793333333333333,0.05,0.8015873015873016,-0.009599999999999996,1.0
model1_decoder_finite,DZIP3,False,1,0.0,0.0,,0.9999646122675673,,,,,
model1_decoder_finite,ZNF562,True,10,0.0,0.0,,0.9993215617287047,0.0008,0.0,1.0,-0.0008,1.0
model1_decoder_finite,MED1,True,302,0.029801324503311258,0.06291390728476821,0.47368421052631576,0.9541698062289803,0.016556291390728475,0.04238410596026489,0.15079365079365079,0.013245033112582783,1.0
model2_rank50_direction,TMSB4X,False,0,,,,,,,,,
model2_rank50_direction,PRCP,False,6,0.0,0.0,,0.9999062151691663,,,,,
model2_rank50_direction,TADA1,True,533,0.01876172607879925,0.043151969981238276,0.43478260869565216,0.965605321485203,0.020833020637898693,0.039399624765478425,0.5714285714285714,-0.0020712945590994417,1.0
model2_rank50_direction,HIRA,True,32,0.15625,0.15625,1.0,0.9755279581051497,0.0135,0.11249999999999982,0.03968253968253968,0.14275,1.0
model2_rank50_direction,IGF2R,False,6,0.0,0.0,,0.9995392722365757,,,,,
model2_rank50_direction,NCK2,False,2,0.0,0.0,,0.9999923496819154,,,,,
model2_rank50_direction,MED13,True,113,0.0,0.0,,0.9957573274918522,0.006017699115044248,0.02654867256637168,1.0,-0.006017699115044248,1.0
model2_rank50_direction,MED12,True,68,0.014705882352941176,0.058823529411764705,0.25,0.9822871945847065,0.009529411764705882,0.029411764705882353,0.5079365079365079,0.0051764705882352945,1.0
model2_rank50_direction,STAT1,False,8,0.0,0.0,,0.9991728491551991,,,,,
model2_rank50_direction,USP22,True,21,0.0,0.0,,0.9994482924697131,0.0015238095238095236,0.0,1.0,-0.0015238095238095236,1.0
model2_rank50_direction,MED13L,True,16,0.0,0.0,,0.9999396759755718,0.0,0.0,1.0,0.0,1.0
model2_rank50_direction,TET1,True,46,0.021739130434782608,0.021739130434782608,1.0,0.9964048259232673,0.0019130434782608696,0.021739130434782608,0.09523809523809523,0.01982608695652174,1.0
model2_rank50_direction,KIF1B,False,2,0.0,0.0,,0.9999352609903341,,,,,
model2_rank50_direction,SRC,False,6,0.0,0.0,,0.9988903165920565,,,,,
model2_rank50_direction,PBX1,False,5,0.0,0.0,,0.9996256825939936,,,,,
model2_rank50_direction,CAST,True,38,0.0,0.02631578947368421,0.0,0.9940809593447193,0.019578947368421046,0.07894736842105263,1.0,-0.019578947368421046,1.0
model2_rank50_direction,IDE,False,0,,,,,,,,,
model2_rank50_direction,MAPKAPK2,False,5,0.0,0.0,,0.9996566276270287,,,,,
model2_rank50_direction,PTPN1,False,2,0.0,0.0,,0.9999822968428771,,,,,
model2_rank50_direction,KDM2B,True,44,0.0,0.0,,0.994980984558087,0.024,0.13181818181818175,1.0,-0.024,1.0
model2_rank50_direction,ATP1B1,False,2,0.0,0.0,,0.9992931024482088,,,,,
model2_rank50_direction,KAT2A,True,738,0.02981029810298103,0.037940379403794036,0.7857142857142857,0.9620400146165544,0.027512195121951223,0.052845528455284556,0.373015873015873,0.002298102981029806,1.0
model2_rank50_direction,NISCH,False,6,0.0,0.0,,0.9993674442111777,,,,,
model2_rank50_direction,KDR,False,7,0.0,0.0,,0.9991347437100664,,,,,
model2_rank50_direction,WFS1,False,4,0.0,0.0,,0.9989692610761084,,,,,
model2_rank50_direction,TARBP2,False,4,0.0,0.0,,0.9999578561558373,,,,,
model2_rank50_direction,MAP3K7,False,1,0.0,0.0,,0.9999994397623305,,,,,
model2_rank50_direction,HMGN1,False,3,0.0,0.0,,0.998632147854551,,,,,
model2_rank50_direction,TSC22D4,False,3,0.0,0.0,,0.9997810395410087,,,,,
model2_rank50_direction,FOXH1,True,32,0.0,0.0,,0.9989190207152044,0.0005,0.0,1.0,-0.0005,1.0
model2_rank50_direction,PAGR1,True,18,0.0,0.0,,0.9995371894073077,0.0,0.0,1.0,0.0,1.0
model2_rank50_direction,KLF10,True,15,0.0,0.0,,0.999396127404911,0.0,0.0,1.0,0.0,1.0
model2_rank50_direction,POLB,False,3,0.0,0.0,,0.9997409206449007,,,,,
model2_rank50_direction,RNF2,True,377,0.002652519893899204,0.007957559681697613,0.3333333333333333,0.9885867399155189,0.0053474801061007965,0.013262599469496022,0.8888888888888888,-0.0026949602122015924,1.0
model2_rank50_direction,SMARCA5,True,953,0.017838405036726127,0.026232948583420776,0.68,0.9707879539054419,0.022942287513116475,0.03441762854144806,0.7857142857142857,-0.005103882476390348,1.0
model2_rank50_direction,ACAT2,True,313,0.006389776357827476,0.12460063897763578,0.05128205128205128,0.8276542258289629,0.01689456869009584,0.04728434504792331,0.8095238095238095,-0.010504792332268365,1.0
model2_rank50_direction,TRAM2,False,1,0.0,0.0,,0.9999916253057471,,,,,
model2_rank50_direction,CAMSAP2,False,2,0.0,0.0,,0.9998695414478009,,,,,
model2_rank50_direction,CDCA2,False,8,0.0,0.0,,0.9996269595122295,,,,,
model2_rank50_direction,CREG1,False,4,0.0,0.0,,0.9998037336842815,,,,,
model2_rank50_direction,CASP2,False,2,0.0,0.0,,0.9987798952255619,,,,,
model2_rank50_direction,UBE3C,True,37,0.02702702702702703,0.02702702702702703,1.0,0.9940658887241242,0.015135135135135135,0.05405405405405406,0.36507936507936506,0.011891891891891894,1.0
model2_rank50_direction,EIF4B,True,124,0.024193548387096774,0.04838709677419355,0.5,0.9813424798117552,0.011677419354838708,0.03225806451612903,0.1984126984126984,0.012516129032258065,1.0
model2_rank50_direction,STAG2,True,453,0.02207505518763797,0.05077262693156733,0.43478260869565216,0.9643454848448032,0.02371743929359824,0.04591611479028697,0.5238095238095238,-0.0016423841059602685,1.0
model2_rank50_direction,HMGB2,True,26,0.0,0.038461538461538464,0.0,0.993754275541175,0.010769230769230772,0.038461538461538464,1.0,-0.010769230769230772,1.0
model2_rank50_direction,TGFBR2,True,260,0.08846153846153847,0.09230769230769231,0.9583333333333334,0.9494669624474829,0.009723076923076921,0.03076923076923077,0.007936507936507936,0.07873846153846155,0.6190476190476191
model2_rank50_direction,ANTXR1,False,2,0.0,0.0,,0.9997718486228644,,,,,
model2_rank50_direction,MTA1,True,28,0.03571428571428571,0.03571428571428571,1.0,0.9936282372926111,0.010285714285714285,0.03571428571428571,0.29365079365079366,0.025428571428571425,1.0
model2_rank50_direction,DHCR24,True,32,0.0,0.25,0.0,0.8938801090692793,0.015,0.08749999999999991,1.0,-0.015,1.0
model2_rank50_direction,NDUFB4,True,17,0.23529411764705882,0.23529411764705882,1.0,0.9765103094902878,0.013176470588235293,0.1058823529411763,0.047619047619047616,0.22211764705882353,1.0
model2_rank50_direction,ACVR1B,True,25,0.0,0.0,,0.9971538104389316,0.00064,0.0,1.0,-0.00064,1.0
model2_rank50_direction,DHX36,True,1387,0.047584715212689255,0.10237923576063446,0.4647887323943662,0.8880574437278158,0.04237635183850036,0.06330209084354722,0.2777777777777778,0.005208363374188896,1.0
model2_rank50_direction,LZTR1,True,191,0.010471204188481676,0.015706806282722512,0.6666666666666666,0.9906627514307831,0.0172565445026178,0.04712041884816754,0.6746031746031746,-0.006785340314136124,1.0
model2_rank50_direction,INSIG1,True,219,0.0228310502283105,0.091324200913242,0.25,0.9277559293735871,0.017680365296803658,0.0410958904109589,0.38095238095238093,0.005150684931506843,1.0
model2_rank50_direction,LAD1,False,2,0.0,0.0,,0.9997176942024083,,,,,
model2_rank50_direction,TCF3,False,6,0.0,0.0,,0.9989795262925124,,,,,
model2_rank50_direction,DAXX,True,28,0.0,0.0,,0.9987432794086587,0.0,0.0,1.0,0.0,1.0
model2_rank50_direction,CLDN7,False,7,0.0,0.0,,0.999185127328649,,,,,
model2_rank50_direction,NIT1,True,143,0.006993006993006993,0.006993006993006993,1.0,0.9940875814347361,0.005258741258741258,0.01958041958041956,0.5476190476190477,0.0017342657342657346,1.0
model2_rank50_direction,PRR12,True,105,0.0,0.0,,0.9938801801548076,0.005333333333333334,0.01904761904761905,1.0,-0.005333333333333334,1.0
model2_rank50_direction,ARID1A,True,220,0.00909090909090909,0.01818181818181818,0.5,0.9841321142203509,0.007527272727272726,0.01818181818181818,0.5079365079365079,0.0015636363636363643,1.0
model2_rank50_direction,STX4,True,19,0.0,0.0,,0.9988630539746985,0.0,0.0,1.0,0.0,1.0
model2_rank50_direction,CENPO,False,5,0.0,0.0,,0.9998623043097329,,,,,
model2_rank50_direction,NRAS,False,5,0.0,0.0,,0.9998934199156265,,,,,
model2_rank50_direction,CHMP3,True,98,0.01020408163265306,0.01020408163265306,1.0,0.9790440939793428,0.012489795918367345,0.0387755102040816,0.6746031746031746,-0.002285714285714285,1.0
model2_rank50_direction,EID2,False,4,0.0,0.0,,0.9996694788882664,,,,,
model2_rank50_direction,UQCRQ,True,48,0.041666666666666664,0.041666666666666664,1.0,0.9898135869385458,0.020666666666666667,0.08333333333333333,0.21428571428571427,0.020999999999999998,1.0
model2_rank50_direction,ZNF426,False,3,0.0,0.0,,0.999956633126531,,,,,
model2_rank50_direction,BIRC2,True,75,0.013333333333333334,0.013333333333333334,1.0,0.9962772247936078,0.01024,0.04,0.4365079365079365,0.0030933333333333334,1.0
model2_rank50_direction,PLCB3,False,2,0.0,0.0,,0.9998125851559971,,,,,
model2_rank50_direction,TFAM,True,98,0.01020408163265306,0.030612244897959183,0.3333333333333333,0.9839327927517922,0.01877551020408163,0.05102040816326531,0.8174603174603174,-0.008571428571428568,1.0
model2_rank50_direction,PMS1,False,1,0.0,0.0,,0.9999967279076423,,,,,
model2_rank50_direction,ZNF286A,False,2,0.0,0.0,,0.9999860329684528,,,,,
model2_rank50_direction,GSK3B,True,217,0.018433179723502304,0.03686635944700461,0.5,0.984204810491283,0.014672811059907833,0.027649769585253458,0.4444444444444444,0.003760368663594471,1.0
model2_rank50_direction,LRPPRC,True,98,0.01020408163265306,0.05102040816326531,0.2,0.9823322805838418,0.018612244897959186,0.05102040816326531,0.7857142857142857,-0.008408163265306126,1.0
model2_rank50_direction,CASP3,True,417,0.023980815347721823,0.04316546762589928,0.5555555555555556,0.956794746112014,0.017880095923261386,0.03597122302158273,0.30158730158730157,0.0061007194244604365,1.0
model2_rank50_direction,MAST2,False,0,,,,,,,,,
model2_rank50_direction,HAT1,True,29,0.0,0.0,,0.9956779759653936,0.0,0.0,1.0,0.0,1.0
model2_rank50_direction,MAU2,True,902,0.024390243902439025,0.04434589800443459,0.55,0.9481058210404852,0.036603104212860324,0.059423503325942345,0.8095238095238095,-0.012212860310421299,1.0
model2_rank50_direction,SMARCA4,True,2229,0.0462090623598026,0.11081202332884701,0.41700404858299595,0.8938920423174121,0.0715944369672499,0.10713324360699865,0.9126984126984127,-0.025385374607447303,1.0
model2_rank50_direction,TWF2,False,4,0.0,0.0,,0.9995141355661405,,,,,
model2_rank50_direction,IRF3,False,4,0.0,0.0,,0.999881189586024,,,,,
model2_rank50_direction,MKI67,False,5,0.0,0.0,,0.9999732838093086,,,,,
model2_rank50_direction,AKT2,True,50,0.0,0.0,,0.9963091736705509,0.00336,0.02,1.0,-0.00336,1.0
model2_rank50_direction,SSBP1,True,59,0.0,0.0,,0.9958911573098058,0.01640677966101695,0.06779661016949153,1.0,-0.01640677966101695,1.0
model2_rank50_direction,PHF14,True,24,0.0,0.0,,0.9998161597084063,0.0,0.0,1.0,0.0,1.0
model2_rank50_direction,DNMT1,True,1279,0.028928850664581705,0.06333072713057075,0.4567901234567901,0.920375656671316,0.03571540265832682,0.05598123534010945,0.746031746031746,-0.006786551993745112,1.0
model2_rank50_direction,TMSB10,True,263,0.0038022813688212928,0.022813688212927757,0.16666666666666666,0.9803049128026425,0.023543726235741448,0.06844106463878327,0.9603174603174603,-0.019741444866920154,1.0
model2_rank50_direction,CLDN6,False,4,0.0,0.0,,0.9997320729175103,,,,,
model2_rank50_direction,DLG5,True,85,0.0,0.011764705882352941,0.0,0.9943282886153771,0.005741176470588236,0.023529411764705882,1.0,-0.005741176470588236,1.0
model2_rank50_direction,NDUFB6,True,12,0.0,0.0,,0.9999240992905263,0.010666666666666666,0.08333333333333333,1.0,-0.010666666666666666,1.0
model2_rank50_direction,STAT6,True,73,0.0,0.0,,0.9960413938602798,0.006027397260273972,0.0273972602739726,1.0,-0.006027397260273972,1.0
model2_rank50_direction,ZNF714,False,8,0.0,0.0,,0.9997419325100058,,,,,
model2_rank50_direction,SAFB,True,165,0.0,0.006060606060606061,0.0,0.9917593277024787,0.007030303030303029,0.01818181818181818,1.0,-0.007030303030303029,1.0
model2_rank50_direction,SOX2,True,1156,0.04411764705882353,0.078719723183391,0.5604395604395604,0.9182807871696876,0.03669204152249135,0.05726643598615916,0.23809523809523808,0.007425605536332182,1.0
model2_rank50_direction,SLC25A3,True,21,0.0,0.047619047619047616,0.0,0.9929989643043158,0.02057142857142857,0.09523809523809523,1.0,-0.02057142857142857,1.0
model2_rank50_direction,ZNF593,True,21,0.0,0.0,,0.9991701169410752,0.0007619047619047618,0.0,1.0,-0.0007619047619047618,1.0
model2_rank50_direction,RAF1,True,38,0.0,0.0,,0.9944801789345084,0.0033684210526315787,0.02631578947368421,1.0,-0.0033684210526315787,1.0
model2_rank50_direction,METTL17,True,81,0.0,0.037037037037037035,0.0,0.9903627402010827,0.01955555555555556,0.07407407407407407,1.0,-0.01955555555555556,1.0
model2_rank50_direction,IKBKG,True,12,0.0,0.0,,0.9991291432967436,0.0013333333333333333,0.0,1.0,-0.0013333333333333333,1.0
model2_rank50_direction,SMAGP,True,79,0.012658227848101266,0.012658227848101266,1.0,0.9942465392264527,0.00840506329113924,0.02531645569620253,0.49206349206349204,0.004253164556962025,1.0
model2_rank50_direction,MAP1B,False,3,0.0,0.0,,0.9999844618286609,,,,,
model2_rank50_direction,TAZ,True,22,0.0,0.0,,0.9981112404016146,0.01381818181818182,0.045454545454545456,1.0,-0.01381818181818182,1.0
model2_rank50_direction,OXCT1,True,129,0.0,0.015503875968992248,0.0,0.9915150719571412,0.0029147286821705424,0.007751937984496124,1.0,-0.0029147286821705424,1.0
model2_rank50_direction,WSB2,True,106,0.009433962264150943,0.018867924528301886,0.5,0.9914859567304453,0.009132075471698116,0.026415094339622615,0.6825396825396826,0.0003018867924528268,1.0
model2_rank50_direction,C1QBP,True,66,0.0,0.0,,0.9972240022614548,0.005090909090909092,0.015151515151515152,1.0,-0.005090909090909092,1.0
model2_rank50_direction,CALM3,False,1,0.0,0.0,,0.9997231378917201,,,,,
model2_rank50_direction,SIX4,True,25,0.0,0.0,,0.9992370123205224,0.0,0.0,1.0,0.0,1.0
model2_rank50_direction,RRM1,False,5,0.0,0.0,,0.9999111581956694,,,,,
model2_rank50_direction,MBTPS1,True,384,0.026041666666666668,0.08854166666666667,0.29411764705882354,0.9355236721409427,0.02985416666666667,0.061458333333333316,0.4365079365079365,-0.0038125000000000034,1.0
model2_rank50_direction,RAB3B,False,0,,,,,,,,,
model2_rank50_direction,XRCC4,True,14,0.0,0.0,,0.999610594421134,0.0,0.0,1.0,0.0,1.0
model2_rank50_direction,TRAPPC6A,True,230,0.013043478260869565,0.02608695652173913,0.5,0.9830069706160213,0.007095652173913043,0.017391304347826087,0.24603174603174602,0.005947826086956522,1.0
model2_rank50_direction,SIN3B,True,1161,0.03962101636520241,0.0818260120585702,0.4842105263157895,0.9096526939878101,0.04250129198966409,0.06718346253229975,0.5158730158730159,-0.0028802756244616784,1.0
model2_rank50_direction,SV2A,True,18,0.0,0.0,,0.9981168502470278,0.0022222222222222222,0.0,1.0,-0.0022222222222222222,1.0
model2_rank50_direction,EWSR1,True,178,0.0056179775280898875,0.0056179775280898875,1.0,0.9942793574024759,0.006292134831460675,0.021348314606741556,0.6190476190476191,-0.0006741573033707876,1.0
model2_rank50_direction,TXNDC9,True,24,0.0,0.0,,0.9981757757760189,0.0,0.0,1.0,0.0,1.0
model2_rank50_direction,TMBIM6,False,6,0.0,0.0,,0.998954475653111,,,,,
model2_rank50_direction,METTL3,True,2926,0.09466848940533151,0.21941216678058784,0.43146417445482865,0.7948461792607942,0.1127764866712235,0.17053998632946,0.6904761904761905,-0.01810799726589199,1.0
model2_rank50_direction,METTL14,True,3008,0.1007313829787234,0.23204787234042554,0.4340974212034384,0.7776803615767394,0.11569148936170212,0.1754654255319149,0.6190476190476191,-0.014960106382978719,1.0
model2_rank50_direction,MED24,True,647,0.023183925811437404,0.080370942812983,0.28846153846153844,0.9292688845061599,0.02627511591962906,0.04636785162287481,0.5396825396825397,-0.003091190108191654,1.0
model2_rank50_direction,ATM,True,76,0.0,0.02631578947368421,0.0,0.991546012160097,0.033999999999999996,0.09210526315789473,1.0,-0.033999999999999996,1.0
model2_rank50_direction,PHF10,True,120,0.008333333333333333,0.016666666666666666,0.5,0.9911016521773671,0.011466666666666665,0.025,0.7777777777777778,-0.0031333333333333317,1.0
model2_rank50_direction,DZIP3,False,1,0.0,0.0,,0.9999995858117406,,,,,
model2_rank50_direction,ZNF562,True,10,0.0,0.0,,0.9997802688420144,0.0,0.0,1.0,0.0,1.0
model2_rank50_direction,MED1,True,302,0.009933774834437087,0.033112582781456956,0.3,0.9657691883439659,0.01374834437086093,0.032450331125827805,0.6825396825396826,-0.003814569536423843,1.0
model2_decoder_tangent,TMSB4X,False,0,,,,,,,,,
model2_decoder_tangent,PRCP,False,6,0.0,0.0,,0.9998524592403437,,,,,
model2_decoder_tangent,TADA1,True,533,0.02626641651031895,0.04878048780487805,0.5384615384615384,0.946972522438208,0.029283302063789866,0.05666041275797371,0.5714285714285714,-0.0030168855534709153,1.0
model2_decoder_tangent,HIRA,True,32,0.25,0.28125,0.8888888888888888,0.9741480500873966,0.023,0.1499999999999999,0.023809523809523808,0.227,0.8253968253968255
model2_decoder_tangent,IGF2R,False,6,0.0,0.0,,0.9993199160770732,,,,,
model2_decoder_tangent,NCK2,False,2,0.0,0.0,,0.9999570390254068,,,,,
model2_decoder_tangent,MED13,True,113,0.008849557522123894,0.008849557522123894,1.0,0.9939859371697042,0.009769911504424779,0.02654867256637168,0.6349206349206349,-0.0009203539823008852,1.0
model2_decoder_tangent,MED12,True,68,0.014705882352941176,0.08823529411764706,0.16666666666666666,0.9744915355550827,0.015529411764705882,0.04411764705882353,0.6507936507936508,-0.0008235294117647056,1.0
model2_decoder_tangent,STAT1,False,8,0.0,0.0,,0.9988067221779764,,,,,
model2_decoder_tangent,USP22,True,21,0.0,0.0,,0.9983070957901224,0.007238095238095238,0.047619047619047616,1.0,-0.007238095238095238,1.0
model2_decoder_tangent,MED13L,True,16,0.0,0.0,,0.999911531180712,0.0005,0.0,1.0,-0.0005,1.0
model2_decoder_tangent,TET1,True,46,0.021739130434782608,0.021739130434782608,1.0,0.9963361433337696,0.0019130434782608696,0.021739130434782608,0.09523809523809523,0.01982608695652174,1.0
model2_decoder_tangent,KIF1B,False,2,0.0,0.0,,0.9998238487568271,,,,,
model2_decoder_tangent,SRC,False,6,0.0,0.0,,0.9989098788549842,,,,,
model2_decoder_tangent,PBX1,False,5,0.0,0.0,,0.9985555355791363,,,,,
model2_decoder_tangent,CAST,True,38,0.0,0.02631578947368421,0.0,0.9937232977178444,0.023368421052631577,0.10526315789473684,1.0,-0.023368421052631577,1.0
model2_decoder_tangent,IDE,False,0,,,,,,,,,
model2_decoder_tangent,MAPKAPK2,False,5,0.0,0.0,,0.9996905328471128,,,,,
model2_decoder_tangent,PTPN1,False,2,0.0,0.0,,0.9999770139858755,,,,,
model2_decoder_tangent,KDM2B,True,44,0.0,0.022727272727272728,0.0,0.9945726881820093,0.036909090909090905,0.1590909090909091,1.0,-0.036909090909090905,1.0
model2_decoder_tangent,ATP1B1,False,2,0.0,0.0,,0.9993505176070634,,,,,
model2_decoder_tangent,KAT2A,True,738,0.032520325203252036,0.03929539295392954,0.8275862068965517,0.9581652392024008,0.04015176151761518,0.07588075880758807,0.5634920634920635,-0.007631436314363145,1.0
model2_decoder_tangent,NISCH,False,6,0.0,0.0,,0.9992655342620044,,,,,
model2_decoder_tangent,KDR,False,7,0.0,0.0,,0.9991131027666657,,,,,
model2_decoder_tangent,WFS1,False,4,0.0,0.0,,0.999491597993096,,,,,
model2_decoder_tangent,TARBP2,False,4,0.0,0.0,,0.9999538032169013,,,,,
model2_decoder_tangent,MAP3K7,False,1,0.0,0.0,,0.9999955819819667,,,,,
model2_decoder_tangent,HMGN1,False,3,0.0,0.0,,0.9993190008166658,,,,,
model2_decoder_tangent,TSC22D4,False,3,0.0,0.0,,0.9996159809241917,,,,,
model2_decoder_tangent,FOXH1,True,32,0.0,0.0,,0.9987092332005113,0.00075,0.0,1.0,-0.00075,1.0
model2_decoder_tangent,PAGR1,True,18,0.0,0.0,,0.9979735254928972,0.005333333333333333,0.05555555555555555,1.0,-0.005333333333333333,1.0
model2_decoder_tangent,KLF10,True,15,0.0,0.0,,0.9992250035292783,0.0,0.0,1.0,0.0,1.0
model2_decoder_tangent,POLB,False,3,0.0,0.0,,0.999525313004114,,,,,
model2_decoder_tangent,RNF2,True,377,0.005305039787798408,0.015915119363395226,0.3333333333333333,0.9742077866945387,0.01279575596816976,0.029177718832891247,0.8888888888888888,-0.007490716180371352,1.0
model2_decoder_tangent,SMARCA5,True,953,0.02728226652675761,0.046169989506820566,0.5909090909090909,0.9525371839536283,0.03401469045120671,0.053515215110178385,0.6904761904761905,-0.006732423924449102,1.0
model2_decoder_tangent,ACAT2,True,313,0.006389776357827476,0.14057507987220447,0.045454545454545456,0.8489746439218195,0.02489456869009584,0.07284345047923321,0.8174603174603174,-0.018504792332268365,1.0
model2_decoder_tangent,TRAM2,False,1,0.0,0.0,,0.9999890243122882,,,,,
model2_decoder_tangent,CAMSAP2,False,2,0.0,0.0,,0.9998352869083835,,,,,
model2_decoder_tangent,CDCA2,False,8,0.0,0.0,,0.9993253084733082,,,,,
model2_decoder_tangent,CREG1,False,4,0.0,0.0,,0.9998781984623704,,,,,
model2_decoder_tangent,CASP2,False,2,0.0,0.0,,0.9990899463294197,,,,,
model2_decoder_tangent,UBE3C,True,37,0.02702702702702703,0.02702702702702703,1.0,0.9901358960661856,0.021621621621621626,0.05405405405405406,0.5079365079365079,0.005405405405405402,1.0
model2_decoder_tangent,EIF4B,True,124,0.04032258064516129,0.07258064516129033,0.5555555555555556,0.9775211869448497,0.012774193548387094,0.03225806451612903,0.05555555555555555,0.027548387096774193,0.8253968253968255
model2_decoder_tangent,STAG2,True,453,0.04856512141280353,0.07947019867549669,0.6111111111111112,0.9501298801270532,0.032229580573951436,0.059602649006622516,0.1746031746031746,0.016335540838852095,1.0
model2_decoder_tangent,HMGB2,True,26,0.0,0.038461538461538464,0.0,0.9927514395269147,0.016923076923076923,0.038461538461538464,1.0,-0.016923076923076923,1.0
model2_decoder_tangent,TGFBR2,True,260,0.1076923076923077,0.11153846153846154,0.9655172413793104,0.9418567165506867,0.015753846153846153,0.05,0.007936507936507936,0.09193846153846155,0.6190476190476191
model2_decoder_tangent,ANTXR1,False,2,0.0,0.0,,0.9996515367286796,,,,,
model2_decoder_tangent,MTA1,True,28,0.03571428571428571,0.03571428571428571,1.0,0.9924912734594488,0.011142857142857142,0.03571428571428571,0.31746031746031744,0.02457142857142857,1.0
model2_decoder_tangent,DHCR24,True,32,0.0,0.40625,0.0,0.9068015281656026,0.0155,0.08749999999999991,1.0,-0.0155,1.0
model2_decoder_tangent,NDUFB4,True,17,0.29411764705882354,0.29411764705882354,1.0,0.9789849555907082,0.016,0.1058823529411763,0.03968253968253968,0.2781176470588235,0.8253968253968255
model2_decoder_tangent,ACVR1B,True,25,0.0,0.0,,0.9942533631315608,0.0016,0.0,1.0,-0.0016,1.0
model2_decoder_tangent,DHX36,True,1387,0.07281903388608507,0.136986301369863,0.531578947368421,0.8385815075815465,0.056680605623648156,0.08723864455659697,0.1746031746031746,0.016138428262436916,1.0
model2_decoder_tangent,LZTR1,True,191,0.015706806282722512,0.02617801047120419,0.6,0.9851589998226528,0.023706806282722516,0.05235602094240838,0.6587301587301587,-0.008000000000000004,1.0
model2_decoder_tangent,INSIG1,True,219,0.0182648401826484,0.1004566210045662,0.18181818181818182,0.9190129787949679,0.028602739726027393,0.0684931506849315,0.626984126984127,-0.010337899543378992,1.0
model2_decoder_tangent,LAD1,False,2,0.0,0.0,,0.9996335875261129,,,,,
model2_decoder_tangent,TCF3,False,6,0.0,0.0,,0.998839986675705,,,,,
model2_decoder_tangent,DAXX,True,28,0.0,0.0,,0.9978745916304496,0.0025714285714285713,0.03571428571428571,1.0,-0.0025714285714285713,1.0
model2_decoder_tangent,CLDN7,False,7,0.0,0.0,,0.9991787544388128,,,,,
model2_decoder_tangent,NIT1,True,143,0.0,0.013986013986013986,0.0,0.9894292738410083,0.016167832167832172,0.04195804195804196,1.0,-0.016167832167832172,1.0
model2_decoder_tangent,PRR12,True,105,0.0,0.01904761904761905,0.0,0.9902243517540612,0.009447619047619048,0.0380952380952381,1.0,-0.009447619047619048,1.0
model2_decoder_tangent,ARID1A,True,220,0.02727272727272727,0.03636363636363636,0.75,0.9760067335264353,0.01443636363636364,0.031818181818181815,0.15873015873015872,0.012836363636363632,1.0
model2_decoder_tangent,STX4,True,19,0.0,0.0,,0.9986245123619693,0.00042105263157894734,0.0,1.0,-0.00042105263157894734,1.0
model2_decoder_tangent,CENPO,False,5,0.0,0.0,,0.9996674243330953,,,,,
model2_decoder_tangent,NRAS,False,5,0.0,0.0,,0.9997950824873881,,,,,
model2_decoder_tangent,CHMP3,True,98,0.02040816326530612,0.02040816326530612,1.0,0.9702145915705489,0.015102040816326533,0.04081632653061224,0.4444444444444444,0.005306122448979588,1.0
model2_decoder_tangent,EID2,False,4,0.0,0.0,,0.9998414036266264,,,,,
model2_decoder_tangent,UQCRQ,True,48,0.041666666666666664,0.041666666666666664,1.0,0.986590416498051,0.0255,0.10416666666666667,0.2619047619047619,0.016166666666666666,1.0
model2_decoder_tangent,ZNF426,False,3,0.0,0.0,,0.999928438816474,,,,,
model2_decoder_tangent,BIRC2,True,75,0.013333333333333334,0.013333333333333334,1.0,0.9949748244343438,0.01536,0.04,0.5634920634920635,-0.002026666666666666,1.0
model2_decoder_tangent,PLCB3,False,2,0.0,0.0,,0.9996094715765662,,,,,
model2_decoder_tangent,TFAM,True,98,0.02040816326530612,0.05102040816326531,0.4,0.9787036543988128,0.021469387755102036,0.05918367346938772,0.626984126984127,-0.0010612244897959151,1.0
model2_decoder_tangent,PMS1,False,1,0.0,0.0,,0.9999907662688577,,,,,
model2_decoder_tangent,ZNF286A,False,2,0.0,0.0,,0.9999940871708657,,,,,
model2_decoder_tangent,GSK3B,True,217,0.013824884792626729,0.03225806451612903,0.42857142857142855,0.9823082422876133,0.018285714285714284,0.03686635944700461,0.6904761904761905,-0.004460829493087555,1.0
model2_decoder_tangent,LRPPRC,True,98,0.01020408163265306,0.05102040816326531,0.2,0.9816745531347447,0.02636734693877551,0.061224489795918366,0.8333333333333334,-0.01616326530612245,1.0
model2_decoder_tangent,CASP3,True,417,0.05515587529976019,0.10311750599520383,0.5348837209302325,0.9379726345838032,0.03547242206235012,0.08105515587529975,0.21428571428571427,0.019683453237410067,1.0
model2_decoder_tangent,MAST2,False,0,,,,,,,,,
model2_decoder_tangent,HAT1,True,29,0.034482758620689655,0.034482758620689655,1.0,0.9935066770040063,0.0019310344827586205,0.027586206896551627,0.06349206349206349,0.03255172413793103,0.8253968253968255
model2_decoder_tangent,MAU2,True,902,0.03325942350332594,0.05432372505543237,0.6122448979591837,0.9415698477956302,0.0483370288248337,0.08048780487804878,0.746031746031746,-0.015077605321507759,1.0
model2_decoder_tangent,SMARCA4,True,2229,0.054284432480933155,0.12516823687752354,0.4336917562724014,0.8810346534229947,0.0919407806191117,0.1465231045311799,0.9285714285714286,-0.03765634813817855,1.0
model2_decoder_tangent,TWF2,False,4,0.0,0.0,,0.9991521897772857,,,,,
model2_decoder_tangent,IRF3,False,4,0.0,0.0,,0.999820429525082,,,,,
model2_decoder_tangent,MKI67,False,5,0.0,0.0,,0.9999564008368017,,,,,
model2_decoder_tangent,AKT2,True,50,0.0,0.0,,0.995675537535621,0.0032,0.02,1.0,-0.0032,1.0
model2_decoder_tangent,SSBP1,True,59,0.0,0.0,,0.9954092445057007,0.026440677966101694,0.0847457627118644,1.0,-0.026440677966101694,1.0
model2_decoder_tangent,PHF14,True,24,0.0,0.0,,0.9993452690683032,0.0,0.0,1.0,0.0,1.0
model2_decoder_tangent,DNMT1,True,1279,0.0437842064112588,0.10789679437060204,0.4057971014492754,0.8747843898487164,0.0502329945269742,0.07396403440187646,0.7063492063492064,-0.0064487881157154064,1.0
model2_decoder_tangent,TMSB10,True,263,0.0038022813688212928,0.022813688212927757,0.16666666666666666,0.9779777665871009,0.03367300380228137,0.09885931558935361,0.9523809523809523,-0.02987072243346008,1.0
model2_decoder_tangent,CLDN6,False,4,0.0,0.0,,0.9995873955019805,,,,,
model2_decoder_tangent,DLG5,True,85,0.0,0.0,,0.9936751187436128,0.008,0.03529411764705882,1.0,-0.008,1.0
model2_decoder_tangent,NDUFB6,True,12,0.0,0.0,,0.9997821383900258,0.010666666666666666,0.08333333333333333,1.0,-0.010666666666666666,1.0
model2_decoder_tangent,STAT6,True,73,0.0,0.0,,0.9957447185797422,0.0048219178082191776,0.0273972602739726,1.0,-0.0048219178082191776,1.0
model2_decoder_tangent,ZNF714,False,8,0.0,0.0,,0.9996991026817112,,,,,
model2_decoder_tangent,SAFB,True,165,0.03636363636363636,0.048484848484848485,0.75,0.9777543426815364,0.010084848484848486,0.030303030303030304,0.05555555555555555,0.026278787878787874,0.8253968253968255
model2_decoder_tangent,SOX2,True,1156,0.04930795847750865,0.09083044982698962,0.5428571428571428,0.9042407771201298,0.044816608996539796,0.07768166089965396,0.31746031746031744,0.004491349480968854,1.0
model2_decoder_tangent,SLC25A3,True,21,0.0,0.09523809523809523,0.0,0.9920795237108904,0.028571428571428567,0.09523809523809523,1.0,-0.028571428571428567,1.0
model2_decoder_tangent,ZNF593,True,21,0.0,0.0,,0.9968402462801625,0.0007619047619047618,0.0,1.0,-0.0007619047619047618,1.0
model2_decoder_tangent,RAF1,True,38,0.0,0.0,,0.9937152031177937,0.0033684210526315787,0.02631578947368421,1.0,-0.0033684210526315787,1.0
model2_decoder_tangent,METTL17,True,81,0.012345679012345678,0.04938271604938271,0.25,0.9882430780789268,0.02637037037037037,0.08641975308641975,0.7142857142857143,-0.014024691358024692,1.0
model2_decoder_tangent,IKBKG,True,12,0.0,0.0,,0.999122322046246,0.018,0.08333333333333333,1.0,-0.018,1.0
model2_decoder_tangent,SMAGP,True,79,0.02531645569620253,0.02531645569620253,1.0,0.990638231042925,0.010632911392405065,0.02531645569620253,0.23015873015873015,0.014683544303797466,1.0
model2_decoder_tangent,MAP1B,False,3,0.0,0.0,,0.9999417749606729,,,,,
model2_decoder_tangent,TAZ,True,22,0.0,0.0,,0.997411042891811,0.01963636363636364,0.045454545454545456,1.0,-0.01963636363636364,1.0
model2_decoder_tangent,OXCT1,True,129,0.0,0.023255813953488372,0.0,0.9860046775770024,0.005333333333333334,0.015503875968992248,1.0,-0.005333333333333334,1.0
model2_decoder_tangent,WSB2,True,106,0.0,0.018867924528301886,0.0,0.9875785557796999,0.015018867924528305,0.035849056603773556,1.0,-0.015018867924528305,1.0
model2_decoder_tangent,C1QBP,True,66,0.0,0.0,,0.9954425695051548,0.009575757575757574,0.030303030303030304,1.0,-0.009575757575757574,1.0
model2_decoder_tangent,CALM3,False,1,0.0,0.0,,0.9995715387680488,,,,,
model2_decoder_tangent,SIX4,True,25,0.0,0.0,,0.9988227808535487,0.0,0.0,1.0,0.0,1.0
model2_decoder_tangent,RRM1,False,5,0.0,0.0,,0.9998333369702589,,,,,
model2_decoder_tangent,MBTPS1,True,384,0.03125,0.1015625,0.3076923076923077,0.9305580015711298,0.03466666666666667,0.06510416666666667,0.46825396825396826,-0.003416666666666672,1.0
model2_decoder_tangent,RAB3B,False,0,,,,,,,,,
model2_decoder_tangent,XRCC4,True,14,0.0,0.0,,0.9994412427585897,0.0,0.0,1.0,0.0,1.0
model2_decoder_tangent,TRAPPC6A,True,230,0.017391304347826087,0.030434782608695653,0.5714285714285714,0.9786567651438345,0.013113043478260871,0.03391304347826086,0.3253968253968254,0.004278260869565216,1.0
model2_decoder_tangent,SIN3B,True,1161,0.050818260120585705,0.09732988802756244,0.5221238938053098,0.898370996324656,0.05376744186046512,0.08458225667527992,0.5555555555555556,-0.002949181739879417,1.0
model2_decoder_tangent,SV2A,True,18,0.0,0.0,,0.9978703787019859,0.0026666666666666666,0.0,1.0,-0.0026666666666666666,1.0
model2_decoder_tangent,EWSR1,True,178,0.0,0.0,,0.9903959108849762,0.009797752808988765,0.033707865168539325,1.0,-0.009797752808988765,1.0
model2_decoder_tangent,TXNDC9,True,24,0.0,0.0,,0.9955209599304563,0.001,0.0,1.0,-0.001,1.0
model2_decoder_tangent,TMBIM6,False,6,0.0,0.0,,0.9991946982777873,,,,,
model2_decoder_tangent,METTL3,True,2926,0.10218728639781272,0.23274094326725905,0.4390602055800294,0.7785167533194411,0.1192946001367054,0.1766233766233766,0.6904761904761905,-0.017107313738892682,1.0
model2_decoder_tangent,METTL14,True,3008,0.10605053191489362,0.24966755319148937,0.4247669773635153,0.7554376525243671,0.12327127659574466,0.18238031914893618,0.6666666666666666,-0.01722074468085104,1.0
model2_decoder_tangent,MED24,True,647,0.02472952086553323,0.11282843894899536,0.2191780821917808,0.9112737145199442,0.033347758887171564,0.06460587326120555,0.6507936507936508,-0.008618238021638334,1.0
model2_decoder_tangent,ATM,True,76,0.0,0.013157894736842105,0.0,0.9937313948624592,0.03484210526315789,0.10526315789473684,1.0,-0.03484210526315789,1.0
model2_decoder_tangent,PHF10,True,120,0.008333333333333333,0.025,0.3333333333333333,0.9844895546587072,0.019199999999999995,0.041666666666666664,0.8174603174603174,-0.010866666666666662,1.0
model2_decoder_tangent,DZIP3,False,1,0.0,0.0,,0.9999980149925851,,,,,
model2_decoder_tangent,ZNF562,True,10,0.0,0.0,,0.9995852698536285,0.0,0.0,1.0,0.0,1.0
model2_decoder_tangent,MED1,True,302,0.029801324503311258,0.06291390728476821,0.47368421052631576,0.9494978958317473,0.016900662251655634,0.039735099337748346,0.12698412698412698,0.012900662251655624,1.0
model2_decoder_finite,TMSB4X,False,0,,,,,,,,,
model2_decoder_finite,PRCP,False,6,0.0,0.0,,0.9998488709390857,,,,,
model2_decoder_finite,TADA1,True,533,0.009380863039399626,0.0150093808630394,0.625,0.9813334045060936,0.02448030018761726,0.04878048780487805,0.9365079365079365,-0.015099437148217633,1.0
model2_decoder_finite,HIRA,True,32,0.125,0.125,1.0,0.9838590473453259,0.01125,0.05624999999999991,0.047619047619047616,0.11375,1.0
model2_decoder_finite,IGF2R,False,6,0.0,0.0,,0.9995800647298837,,,,,
model2_decoder_finite,NCK2,False,2,0.0,0.0,,0.9999743658316717,,,,,
model2_decoder_finite,MED13,True,113,0.0,0.0,,0.994273947504504,0.00870796460176991,0.03362831858407077,1.0,-0.00870796460176991,1.0
model2_decoder_finite,MED12,True,68,0.014705882352941176,0.058823529411764705,0.25,0.9842698875308851,0.01011764705882353,0.04117647058823525,0.4523809523809524,0.0045882352941176464,1.0
model2_decoder_finite,STAT1,False,8,0.0,0.0,,0.9988548552360984,,,,,
model2_decoder_finite,USP22,True,21,0.0,0.0,,0.9988963032470827,0.0015238095238095236,0.0,1.0,-0.0015238095238095236,1.0
model2_decoder_finite,MED13L,True,16,0.0,0.0,,0.9999277143626668,0.0,0.0,1.0,0.0,1.0
model2_decoder_finite,TET1,True,46,0.021739130434782608,0.021739130434782608,1.0,0.9958803923923856,0.002260869565217391,0.021739130434782608,0.1111111111111111,0.019478260869565216,1.0
model2_decoder_finite,KIF1B,False,2,0.0,0.0,,0.9999081612067501,,,,,
model2_decoder_finite,SRC,False,6,0.0,0.0,,0.999271452114671,,,,,
model2_decoder_finite,PBX1,False,5,0.0,0.0,,0.9990990028759766,,,,,
model2_decoder_finite,CAST,True,38,0.0,0.0,,0.9961987231855662,0.013894736842105264,0.07368421052631571,1.0,-0.013894736842105264,1.0
model2_decoder_finite,IDE,False,0,,,,,,,,,
model2_decoder_finite,MAPKAPK2,False,5,0.0,0.0,,0.9996566173503681,,,,,
model2_decoder_finite,PTPN1,False,2,0.0,0.0,,0.9999849622513722,,,,,
model2_decoder_finite,KDM2B,True,44,0.0,0.0,,0.9958669691796497,0.018545454545454546,0.10454545454545441,1.0,-0.018545454545454546,1.0
model2_decoder_finite,ATP1B1,False,2,0.0,0.0,,0.9993621534220885,,,,,
model2_decoder_finite,KAT2A,True,738,0.028455284552845527,0.03116531165311653,0.9130434782608695,0.9666853956233269,0.030124661246612464,0.05962059620596206,0.4603174603174603,-0.0016693766937669365,1.0
model2_decoder_finite,NISCH,False,6,0.0,0.0,,0.9993396037196639,,,,,
model2_decoder_finite,KDR,False,7,0.0,0.0,,0.9990382858299937,,,,,
model2_decoder_finite,WFS1,False,4,0.0,0.0,,0.9996554135997515,,,,,
model2_decoder_finite,TARBP2,False,4,0.0,0.0,,0.9999508544471157,,,,,
model2_decoder_finite,MAP3K7,False,1,0.0,0.0,,0.9999996552746347,,,,,
model2_decoder_finite,HMGN1,False,3,0.0,0.0,,0.9994011351397833,,,,,
model2_decoder_finite,TSC22D4,False,3,0.0,0.0,,0.9997504815963989,,,,,
model2_decoder_finite,FOXH1,True,32,0.0,0.0,,0.998599454470011,0.00125,0.0,1.0,-0.00125,1.0
model2_decoder_finite,PAGR1,True,18,0.0,0.0,,0.998879053499853,0.0,0.0,1.0,0.0,1.0
model2_decoder_finite,KLF10,True,15,0.0,0.0,,0.9992766103623592,0.0,0.0,1.0,0.0,1.0
model2_decoder_finite,POLB,False,3,0.0,0.0,,0.9996575884315769,,,,,
model2_decoder_finite,RNF2,True,377,0.002652519893899204,0.005305039787798408,0.5,0.9877370304127308,0.006259946949602122,0.015915119363395226,0.8492063492063492,-0.0036074270557029183,1.0
model2_decoder_finite,SMARCA5,True,953,0.017838405036726127,0.02938090241343127,0.6071428571428571,0.9605478196606373,0.027105981112277022,0.04700944386149003,0.8095238095238095,-0.009267576075550895,1.0
model2_decoder_finite,ACAT2,True,313,0.006389776357827476,0.13738019169329074,0.046511627906976744,0.8396514576092395,0.014977635782747604,0.04408945686900957,0.7063492063492064,-0.008587859424920128,1.0
model2_decoder_finite,TRAM2,False,1,0.0,0.0,,0.9999819705473681,,,,,
model2_decoder_finite,CAMSAP2,False,2,0.0,0.0,,0.9998298455610153,,,,,
model2_decoder_finite,CDCA2,False,8,0.0,0.0,,0.9992434077816255,,,,,
model2_decoder_finite,CREG1,False,4,0.0,0.0,,0.9999238506965814,,,,,
model2_decoder_finite,CASP2,False,2,0.0,0.0,,0.9985357948194609,,,,,
model2_decoder_finite,UBE3C,True,37,0.02702702702702703,0.02702702702702703,1.0,0.9953559939375191,0.011891891891891894,0.05405405405405406,0.3492063492063492,0.015135135135135135,1.0
model2_decoder_finite,EIF4B,True,124,0.008064516129032258,0.008064516129032258,1.0,0.9879589231594408,0.008774193548387094,0.03225806451612903,0.5714285714285714,-0.0007096774193548362,1.0
model2_decoder_finite,STAG2,True,453,0.03090507726269316,0.052980132450331126,0.5833333333333334,0.9568581266516879,0.03076379690949228,0.059602649006622516,0.4365079365079365,0.00014128035320087884,1.0
model2_decoder_finite,HMGB2,True,26,0.0,0.038461538461538464,0.0,0.9964983979170104,0.011076923076923078,0.038461538461538464,1.0,-0.011076923076923078,1.0
model2_decoder_finite,TGFBR2,True,260,0.08846153846153847,0.09230769230769231,0.9583333333333334,0.9446797558673852,0.011353846153846152,0.037692307692307685,0.015873015873015872,0.07710769230769232,1.0
model2_decoder_finite,ANTXR1,False,2,0.0,0.0,,0.9996150409203797,,,,,
model2_decoder_finite,MTA1,True,28,0.03571428571428571,0.03571428571428571,1.0,0.9954982028652827,0.008285714285714285,0.03571428571428571,0.23015873015873015,0.027428571428571427,1.0
model2_decoder_finite,DHCR24,True,32,0.0,0.28125,0.0,0.9110139182705198,0.00625,0.03125,1.0,-0.00625,1.0
model2_decoder_finite,NDUFB4,True,17,0.17647058823529413,0.17647058823529413,1.0,0.9855168624372647,0.008470588235294117,0.0,0.031746031746031744,0.168,1.0
model2_decoder_finite,ACVR1B,True,25,0.0,0.0,,0.9963765990948589,0.00064,0.0,1.0,-0.00064,1.0
model2_decoder_finite,DHX36,True,1387,0.03172314347512617,0.08435472242249459,0.37606837606837606,0.9005702523094621,0.04535255948089401,0.0669069935111752,0.8412698412698413,-0.013629416005767843,1.0
model2_decoder_finite,LZTR1,True,191,0.0,0.005235602094240838,0.0,0.9910079816858294,0.015874345549738218,0.046073298429319356,1.0,-0.015874345549738218,1.0
model2_decoder_finite,INSIG1,True,219,0.0182648401826484,0.1004566210045662,0.18181818181818182,0.9224799415542984,0.013881278538812785,0.0365296803652968,0.40476190476190477,0.004383561643835616,1.0
model2_decoder_finite,LAD1,False,2,0.0,0.0,,0.9996798351717903,,,,,
model2_decoder_finite,TCF3,False,6,0.0,0.0,,0.9993230381727334,,,,,
model2_decoder_finite,DAXX,True,28,0.0,0.0,,0.9981648375260661,0.0,0.0,1.0,0.0,1.0
model2_decoder_finite,CLDN7,False,7,0.0,0.0,,0.9993926139896062,,,,,
model2_decoder_finite,NIT1,True,143,0.0,0.0,,0.9944685260940404,0.005874125874125874,0.02097902097902098,1.0,-0.005874125874125874,1.0
model2_decoder_finite,PRR12,True,105,0.0,0.0,,0.9925161405420575,0.007314285714285714,0.02857142857142857,1.0,-0.007314285714285714,1.0
model2_decoder_finite,ARID1A,True,220,0.013636363636363636,0.022727272727272728,0.6,0.9816667612241133,0.009454545454545455,0.022727272727272728,0.35714285714285715,0.004181818181818181,1.0
model2_decoder_finite,STX4,True,19,0.0,0.0,,0.9986101182483831,0.00042105263157894734,0.0,1.0,-0.00042105263157894734,1.0
model2_decoder_finite,CENPO,False,5,0.0,0.0,,0.9997354438751241,,,,,
model2_decoder_finite,NRAS,False,5,0.0,0.0,,0.9998867025521236,,,,,
model2_decoder_finite,CHMP3,True,98,0.02040816326530612,0.02040816326530612,1.0,0.9888157765139187,0.010122448979591836,0.030612244897959183,0.2857142857142857,0.010285714285714285,1.0
model2_decoder_finite,EID2,False,4,0.0,0.0,,0.9998290672865775,,,,,
model2_decoder_finite,UQCRQ,True,48,0.020833333333333332,0.020833333333333332,1.0,0.9917533191279717,0.013666666666666667,0.05833333333333327,0.4365079365079365,0.007166666666666665,1.0
model2_decoder_finite,ZNF426,False,3,0.0,0.0,,0.999828527097163,,,,,
model2_decoder_finite,BIRC2,True,75,0.0,0.0,,0.9973556928498343,0.007466666666666667,0.02666666666666667,1.0,-0.007466666666666667,1.0
model2_decoder_finite,PLCB3,False,2,0.0,0.0,,0.9997243736884616,,,,,
model2_decoder_finite,TFAM,True,98,0.01020408163265306,0.030612244897959183,0.3333333333333333,0.9846223140056651,0.014530612244897958,0.04081632653061224,0.753968253968254,-0.0043265306122448974,1.0
model2_decoder_finite,PMS1,False,1,0.0,0.0,,0.9999840619128019,,,,,
model2_decoder_finite,ZNF286A,False,2,0.0,0.0,,0.9999737765261844,,,,,
model2_decoder_finite,GSK3B,True,217,0.018433179723502304,0.02304147465437788,0.8,0.9851964640196486,0.014267281105990782,0.03225806451612903,0.35714285714285715,0.004165898617511522,1.0
model2_decoder_finite,LRPPRC,True,98,0.02040816326530612,0.030612244897959183,0.6666666666666666,0.983003998329923,0.014775510204081632,0.04081632653061224,0.36507936507936506,0.005632653061224489,1.0
model2_decoder_finite,CASP3,True,417,0.04316546762589928,0.0815347721822542,0.5294117647058824,0.9417556175283708,0.01799520383693045,0.04988009592326138,0.09523809523809523,0.025170263788968833,1.0
model2_decoder_finite,MAST2,False,0,,,,,,,,,
model2_decoder_finite,HAT1,True,29,0.0,0.0,,0.9971547779594919,0.0,0.0,1.0,0.0,1.0
model2_decoder_finite,MAU2,True,902,0.024390243902439025,0.038802660753880266,0.6285714285714286,0.9520829971179849,0.04399999999999999,0.07184035476718403,0.8968253968253969,-0.019609756097560965,1.0
model2_decoder_finite,SMARCA4,True,2229,0.0547330641543293,0.1247196052041274,0.43884892086330934,0.8975763031094999,0.08109825033647375,0.12507851054284433,0.8174603174603174,-0.02636518618214445,1.0
model2_decoder_finite,TWF2,False,4,0.0,0.0,,0.9992153696800121,,,,,
model2_decoder_finite,IRF3,False,4,0.0,0.0,,0.9997989077988307,,,,,
model2_decoder_finite,MKI67,False,5,0.0,0.0,,0.9999554351813852,,,,,
model2_decoder_finite,AKT2,True,50,0.0,0.0,,0.9960015015011816,0.00304,0.02,1.0,-0.00304,1.0
model2_decoder_finite,SSBP1,True,59,0.0,0.0,,0.9953811618674699,0.011796610169491526,0.05084745762711865,1.0,-0.011796610169491526,1.0
model2_decoder_finite,PHF14,True,24,0.0,0.0,,0.9995701303399103,0.0,0.0,1.0,0.0,1.0
model2_decoder_finite,DNMT1,True,1279,0.03752931978107897,0.07740422204847537,0.48484848484848486,0.9119054760696887,0.046511336982017204,0.07177482408131353,0.7142857142857143,-0.008982017200938233,1.0
model2_decoder_finite,TMSB10,True,263,0.0038022813688212928,0.022813688212927757,0.16666666666666666,0.9770213170590881,0.019072243346007604,0.057034220532319393,0.9761904761904762,-0.015269961977186311,1.0
model2_decoder_finite,CLDN6,False,4,0.0,0.0,,0.9997719377522138,,,,,
model2_decoder_finite,DLG5,True,85,0.0,0.0,,0.9947530884730436,0.007058823529411764,0.0329411764705882,1.0,-0.007058823529411764,1.0
model2_decoder_finite,NDUFB6,True,12,0.0,0.0,,0.9998191688192406,0.006,0.0,1.0,-0.006,1.0
model2_decoder_finite,STAT6,True,73,0.0136986301369863,0.0136986301369863,1.0,0.9956696784008584,0.005041095890410958,0.0273972602739726,0.29365079365079366,0.008657534246575341,1.0
model2_decoder_finite,ZNF714,False,8,0.0,0.0,,0.9997386603129425,,,,,
model2_decoder_finite,SAFB,True,165,0.0,0.006060606060606061,0.0,0.9847750940963321,0.004654545454545455,0.01696969696969695,1.0,-0.004654545454545455,1.0
model2_decoder_finite,SOX2,True,1156,0.050173010380622836,0.08391003460207612,0.5979381443298969,0.9090593812956645,0.042242214532871976,0.0698961937716263,0.23015873015873015,0.00793079584775086,1.0
model2_decoder_finite,SLC25A3,True,21,0.0,0.0,,0.9972871463929788,0.016380952380952375,0.09523809523809523,1.0,-0.016380952380952375,1.0
model2_decoder_finite,ZNF593,True,21,0.0,0.0,,0.9980902943959106,0.0007619047619047618,0.0,1.0,-0.0007619047619047618,1.0
model2_decoder_finite,RAF1,True,38,0.0,0.0,,0.9959987460272316,0.004,0.02631578947368421,1.0,-0.004,1.0
model2_decoder_finite,METTL17,True,81,0.0,0.012345679012345678,0.0,0.9907627543516636,0.013135802469135803,0.06666666666666655,1.0,-0.013135802469135803,1.0
model2_decoder_finite,IKBKG,True,12,0.0,0.0,,0.9992498812966396,0.003999999999999999,0.0,1.0,-0.003999999999999999,1.0
model2_decoder_finite,SMAGP,True,79,0.0,0.0,,0.9956262287765176,0.006379746835443037,0.02531645569620253,1.0,-0.006379746835443037,1.0
model2_decoder_finite,MAP1B,False,3,0.0,0.0,,0.999958929035538,,,,,
model2_decoder_finite,TAZ,True,22,0.0,0.0,,0.998748893235767,0.011636363636363637,0.045454545454545456,1.0,-0.011636363636363637,1.0
model2_decoder_finite,OXCT1,True,129,0.0,0.015503875968992248,0.0,0.9878283576557173,0.004217054263565892,0.015503875968992248,1.0,-0.004217054263565892,1.0
model2_decoder_finite,WSB2,True,106,0.009433962264150943,0.018867924528301886,0.5,0.9899376773086206,0.008603773584905662,0.02830188679245283,0.5793650793650794,0.0008301886792452806,1.0
model2_decoder_finite,C1QBP,True,66,0.0,0.0,,0.9959551697577579,0.0037575757575757577,0.015151515151515152,1.0,-0.0037575757575757577,1.0
model2_decoder_finite,CALM3,False,1,0.0,0.0,,0.9995115584466104,,,,,
model2_decoder_finite,SIX4,True,25,0.0,0.0,,0.9987628534089009,0.0,0.0,1.0,0.0,1.0
model2_decoder_finite,RRM1,False,5,0.0,0.0,,0.9998410451204345,,,,,
model2_decoder_finite,MBTPS1,True,384,0.0234375,0.06770833333333333,0.34615384615384615,0.9488606860918639,0.03141666666666666,0.06979166666666665,0.5396825396825397,-0.007979166666666662,1.0
model2_decoder_finite,RAB3B,False,0,,,,,,,,,
model2_decoder_finite,XRCC4,True,14,0.0,0.0,,0.9995517395658928,0.0,0.0,1.0,0.0,1.0
model2_decoder_finite,TRAPPC6A,True,230,0.017391304347826087,0.021739130434782608,0.8,0.980506548718154,0.007930434782608697,0.020869565217391292,0.15873015873015872,0.00946086956521739,1.0
model2_decoder_finite,SIN3B,True,1161,0.04823428079242033,0.0818260120585702,0.5894736842105263,0.9153393573529973,0.04910938845822567,0.07924203273040482,0.48412698412698413,-0.0008751076658053414,1.0
model2_decoder_finite,SV2A,True,18,0.0,0.0,,0.9980539449822793,0.0013333333333333333,0.0,1.0,-0.0013333333333333333,1.0
model2_decoder_finite,EWSR1,True,178,0.0,0.0,,0.9930496961564834,0.0044943820224719105,0.021348314606741556,1.0,-0.0044943820224719105,1.0
model2_decoder_finite,TXNDC9,True,24,0.0,0.0,,0.9989581417355344,0.001,0.0,1.0,-0.001,1.0
model2_decoder_finite,TMBIM6,False,6,0.0,0.0,,0.9990655578952844,,,,,
model2_decoder_finite,METTL3,True,2926,0.09808612440191387,0.22112098427887902,0.4435857805255023,0.7963414305125782,0.12006561859193439,0.17812713602187286,0.7301587301587301,-0.021979494190020515,1.0
model2_decoder_finite,METTL14,True,3008,0.10206117021276596,0.23803191489361702,0.42877094972067037,0.7695749369006268,0.1238936170212766,0.18936170212765954,0.6984126984126984,-0.02183244680851064,1.0
model2_decoder_finite,MED24,True,647,0.01854714064914992,0.0633693972179289,0.2926829268292683,0.9417714910145603,0.030244204018547143,0.05842349304482225,0.7936507936507936,-0.011697063369397222,1.0
model2_decoder_finite,ATM,True,76,0.0,0.013157894736842105,0.0,0.9948611339034791,0.027999999999999997,0.09210526315789473,1.0,-0.027999999999999997,1.0
model2_decoder_finite,PHF10,True,120,0.0,0.016666666666666666,0.0,0.9877788319365614,0.010466666666666666,0.025,1.0,-0.010466666666666666,1.0
model2_decoder_finite,DZIP3,False,1,0.0,0.0,,0.9999774715787099,,,,,
model2_decoder_finite,ZNF562,True,10,0.0,0.0,,0.9995743701941053,0.0,0.0,1.0,0.0,1.0
model2_decoder_finite,MED1,True,302,0.009933774834437087,0.029801324503311258,0.3333333333333333,0.971778479571652,0.014119205298013242,0.0357615894039735,0.6507936507936508,-0.004185430463576155,1.0
shared_top3_direction,TMSB4X,False,0,,,,,,,,,
shared_top3_direction,PRCP,False,6,0.0,0.0,,0.9997852267484316,,,,,
shared_top3_direction,TADA1,True,533,0.013133208255159476,0.039399624765478425,0.3333333333333333,0.9667752690947514,0.02299437148217636,0.0375234521575985,0.9206349206349206,-0.009861163227016885,1.0
shared_top3_direction,HIRA,True,32,0.03125,0.03125,1.0,0.9939638096933329,0.008,0.03125,0.24603174603174602,0.02325,1.0
shared_top3_direction,IGF2R,False,6,0.0,0.0,,0.9994689896753325,,,,,
shared_top3_direction,NCK2,False,2,0.0,0.0,,0.9999900240796545,,,,,
shared_top3_direction,MED13,True,113,0.0,0.0,,0.9960498874750752,0.008707964601769912,0.035398230088495575,1.0,-0.008707964601769912,1.0
shared_top3_direction,MED12,True,68,0.0,0.014705882352941176,0.0,0.9923016650132108,0.014705882352941175,0.04411764705882353,1.0,-0.014705882352941175,1.0
shared_top3_direction,STAT1,False,8,0.0,0.0,,0.9996201707109134,,,,,
shared_top3_direction,USP22,True,21,0.0,0.0,,0.9992048986548717,0.0,0.0,1.0,0.0,1.0
shared_top3_direction,MED13L,True,16,0.0,0.0,,0.9998938457377075,0.0,0.0,1.0,0.0,1.0
shared_top3_direction,TET1,True,46,0.021739130434782608,0.021739130434782608,1.0,0.997557613438911,0.0026086956521739132,0.021739130434782608,0.12698412698412698,0.019130434782608695,1.0
shared_top3_direction,KIF1B,False,2,0.0,0.0,,0.9999709112703274,,,,,
shared_top3_direction,SRC,False,6,0.0,0.0,,0.9995956966641089,,,,,
shared_top3_direction,PBX1,False,5,0.0,0.0,,0.9998818840103587,,,,,
shared_top3_direction,CAST,True,38,0.0,0.02631578947368421,0.0,0.9850604868979086,0.015157894736842105,0.05263157894736842,1.0,-0.015157894736842105,1.0
shared_top3_direction,IDE,False,0,,,,,,,,,
shared_top3_direction,MAPKAPK2,False,5,0.0,0.0,,0.999574035000618,,,,,
shared_top3_direction,PTPN1,False,2,0.0,0.0,,0.9999874846282231,,,,,
shared_top3_direction,KDM2B,True,44,0.0,0.022727272727272728,0.0,0.9908268564426191,0.021636363636363638,0.06818181818181818,1.0,-0.021636363636363638,1.0
shared_top3_direction,ATP1B1,False,2,0.0,0.0,,0.9991922079631004,,,,,
shared_top3_direction,KAT2A,True,738,0.04200542005420054,0.05555555555555555,0.7560975609756098,0.9454503091838413,0.029777777777777778,0.05636856368563685,0.30158730158730157,0.012227642276422764,1.0
shared_top3_direction,NISCH,False,6,0.0,0.0,,0.9995968237085396,,,,,
shared_top3_direction,KDR,False,7,0.0,0.0,,0.9996008816038817,,,,,
shared_top3_direction,WFS1,False,4,0.0,0.0,,0.9969075253969998,,,,,
shared_top3_direction,TARBP2,False,4,0.0,0.0,,0.9999784829820278,,,,,
shared_top3_direction,MAP3K7,False,1,0.0,0.0,,0.9999989054665844,,,,,
shared_top3_direction,HMGN1,False,3,0.0,0.0,,0.9981783373152696,,,,,
shared_top3_direction,TSC22D4,False,3,0.0,0.0,,0.999632112701536,,,,,
shared_top3_direction,FOXH1,True,32,0.0,0.0,,0.9978500170282887,0.0,0.0,1.0,0.0,1.0
shared_top3_direction,PAGR1,True,18,0.0,0.0,,0.9994143447449569,0.0,0.0,1.0,0.0,1.0
shared_top3_direction,KLF10,True,15,0.0,0.0,,0.99976272129166,0.0,0.0,1.0,0.0,1.0
shared_top3_direction,POLB,False,3,0.0,0.0,,0.9998837497183943,,,,,
shared_top3_direction,RNF2,True,377,0.002652519893899204,0.005305039787798408,0.5,0.9886252045700955,0.0043289124668435,0.007957559681697613,0.8650793650793651,-0.0016763925729442962,1.0
shared_top3_direction,SMARCA5,True,953,0.016789087093389297,0.033578174186778595,0.5,0.9723590958608496,0.023907660020986356,0.03462749213011543,0.8809523809523809,-0.007118572927597058,1.0
shared_top3_direction,ACAT2,True,313,0.003194888178913738,0.06389776357827476,0.05,0.9526033853627279,0.01929712460063898,0.054313099041533544,0.8571428571428571,-0.01610223642172524,1.0
shared_top3_direction,TRAM2,False,1,0.0,0.0,,0.999996294759493,,,,,
shared_top3_direction,CAMSAP2,False,2,0.0,0.0,,0.999964319613062,,,,,
shared_top3_direction,CDCA2,False,8,0.0,0.0,,0.9997665738451799,,,,,
shared_top3_direction,CREG1,False,4,0.0,0.0,,0.9996971608703821,,,,,
shared_top3_direction,CASP2,False,2,0.0,0.0,,0.9998058020583932,,,,,
shared_top3_direction,UBE3C,True,37,0.02702702702702703,0.02702702702702703,1.0,0.9885005292052755,0.01924324324324324,0.08108108108108109,0.4126984126984127,0.007783783783783787,1.0
shared_top3_direction,EIF4B,True,124,0.016129032258064516,0.04032258064516129,0.4,0.9817760556375044,0.011483870967741932,0.024193548387096774,0.40476190476190477,0.004645161290322584,1.0
shared_top3_direction,STAG2,True,453,0.039735099337748346,0.05518763796909492,0.72,0.956104326007596,0.02684326710816777,0.04415011037527594,0.1746031746031746,0.012891832229580576,1.0
shared_top3_direction,HMGB2,True,26,0.0,0.038461538461538464,0.0,0.9932625615082593,0.013846153846153847,0.038461538461538464,1.0,-0.013846153846153847,1.0
shared_top3_direction,TGFBR2,True,260,0.007692307692307693,0.011538461538461539,0.6666666666666666,0.9853174919570094,0.007569230769230769,0.015384615384615385,0.626984126984127,0.00012307692307692367,1.0
shared_top3_direction,ANTXR1,False,2,0.0,0.0,,0.9999230875156729,,,,,
shared_top3_direction,MTA1,True,28,0.0,0.0,,0.9967258207523868,0.0077142857142857135,0.03571428571428571,1.0,-0.0077142857142857135,1.0
shared_top3_direction,DHCR24,True,32,0.0,0.03125,0.0,0.9917753904639292,0.0265,0.125,1.0,-0.0265,1.0
shared_top3_direction,NDUFB4,True,17,0.0,0.0,,0.9928740266437853,0.0014117647058823528,0.0,1.0,-0.0014117647058823528,1.0
shared_top3_direction,ACVR1B,True,25,0.0,0.0,,0.9990423653741577,0.0,0.0,1.0,0.0,1.0
shared_top3_direction,DHX36,True,1387,0.03749098774333093,0.09805335255948089,0.38235294117647056,0.8886102580114534,0.0456986301369863,0.06993511175198269,0.7380952380952381,-0.008207642393655373,1.0
shared_top3_direction,LZTR1,True,191,0.010471204188481676,0.010471204188481676,1.0,0.9917771408246536,0.016795811518324613,0.031413612565445025,0.6587301587301587,-0.006324607329842937,1.0
shared_top3_direction,INSIG1,True,219,0.0136986301369863,0.0639269406392694,0.21428571428571427,0.9630043925472089,0.018849315068493147,0.0502283105022831,0.5714285714285714,-0.0051506849315068465,1.0
shared_top3_direction,LAD1,False,2,0.0,0.0,,0.9999116365629961,,,,,
shared_top3_direction,TCF3,False,6,0.0,0.0,,0.9996773419290341,,,,,
shared_top3_direction,DAXX,True,28,0.0,0.0,,0.997619389144596,0.0005714285714285714,0.0,1.0,-0.0005714285714285714,1.0
shared_top3_direction,CLDN7,False,7,0.0,0.0,,0.9989782996588568,,,,,
shared_top3_direction,NIT1,True,143,0.006993006993006993,0.006993006993006993,1.0,0.9942392803703293,0.007608391608391609,0.02097902097902098,0.6746031746031746,-0.0006153846153846157,1.0
shared_top3_direction,PRR12,True,105,0.009523809523809525,0.009523809523809525,1.0,0.9948546013187992,0.006476190476190476,0.02857142857142857,0.3253968253968254,0.003047619047619049,1.0
shared_top3_direction,ARID1A,True,220,0.013636363636363636,0.01818181818181818,0.75,0.9844958658495279,0.007890909090909089,0.022727272727272728,0.23809523809523808,0.005745454545454547,1.0
shared_top3_direction,STX4,True,19,0.0,0.0,,0.9996664215433305,0.0,0.0,1.0,0.0,1.0
shared_top3_direction,CENPO,False,5,0.0,0.0,,0.9998901116310716,,,,,
shared_top3_direction,NRAS,False,5,0.0,0.0,,0.9998638228196947,,,,,
shared_top3_direction,CHMP3,True,98,0.01020408163265306,0.01020408163265306,1.0,0.9882986157479238,0.012244897959183671,0.030612244897959183,0.6507936507936508,-0.0020408163265306107,1.0
shared_top3_direction,EID2,False,4,0.0,0.0,,0.9985323672176415,,,,,
shared_top3_direction,UQCRQ,True,48,0.020833333333333332,0.020833333333333332,1.0,0.9912079759363144,0.018,0.041666666666666664,0.6904761904761905,0.0028333333333333335,1.0
shared_top3_direction,ZNF426,False,3,0.0,0.0,,0.9999925773349455,,,,,
shared_top3_direction,BIRC2,True,75,0.013333333333333334,0.013333333333333334,1.0,0.9969339712007836,0.01344,0.04,0.5317460317460317,-0.00010666666666666637,1.0
shared_top3_direction,PLCB3,False,2,0.0,0.0,,0.9998922133929489,,,,,
shared_top3_direction,TFAM,True,98,0.030612244897959183,0.05102040816326531,0.6,0.979962488084215,0.023755102040816326,0.04081632653061224,0.42857142857142855,0.006857142857142857,1.0
shared_top3_direction,PMS1,False,1,0.0,0.0,,0.9999496972452809,,,,,
shared_top3_direction,ZNF286A,False,2,0.0,0.0,,0.9999835637196541,,,,,
shared_top3_direction,GSK3B,True,217,0.013824884792626729,0.027649769585253458,0.5,0.9845391795819689,0.016737327188940096,0.027649769585253458,0.7222222222222222,-0.002912442396313367,1.0
shared_top3_direction,LRPPRC,True,98,0.0,0.02040816326530612,0.0,0.9914195043795332,0.024979591836734687,0.05102040816326531,1.0,-0.024979591836734687,1.0
shared_top3_direction,CASP3,True,417,0.02877697841726619,0.03357314148681055,0.8571428571428571,0.9609081951490004,0.019645083932853715,0.04316546762589928,0.2619047619047619,0.009131894484412473,1.0
shared_top3_direction,MAST2,False,0,,,,,,,,,
shared_top3_direction,HAT1,True,29,0.0,0.0,,0.994689836862074,0.001103448275862069,0.0,1.0,-0.001103448275862069,1.0
shared_top3_direction,MAU2,True,902,0.04212860310421286,0.05543237250554324,0.76,0.9330571034823346,0.03916629711751664,0.06541019955654102,0.35714285714285715,0.002962305986696223,1.0
shared_top3_direction,SMARCA4,True,2229,0.08568864961866307,0.13728129205921938,0.6241830065359477,0.8696780443886358,0.0801292059219381,0.12920592193808883,0.38095238095238093,0.005559443696724967,1.0
shared_top3_direction,TWF2,False,4,0.0,0.0,,0.9997369277829534,,,,,
shared_top3_direction,IRF3,False,4,0.0,0.0,,0.999960001323291,,,,,
shared_top3_direction,MKI67,False,5,0.0,0.0,,0.9999814874981883,,,,,
shared_top3_direction,AKT2,True,50,0.0,0.0,,0.9969639583562836,0.0038399999999999997,0.02,1.0,-0.0038399999999999997,1.0
shared_top3_direction,SSBP1,True,59,0.01694915254237288,0.01694915254237288,1.0,0.9882960618727322,0.018576271186440677,0.0644067796610169,0.6190476190476191,-0.001627118644067796,1.0
shared_top3_direction,PHF14,True,24,0.0,0.0,,0.9996814990191528,0.0,0.0,1.0,0.0,1.0
shared_top3_direction,DNMT1,True,1279,0.03596559812353401,0.08600469116497264,0.41818181818181815,0.9116340454842256,0.03762314308053166,0.04988272087568413,0.5952380952380952,-0.0016575449569976516,1.0
shared_top3_direction,TMSB10,True,263,0.011406844106463879,0.026615969581749048,0.42857142857142855,0.9846822512337394,0.029779467680608362,0.08365019011406843,0.6428571428571429,-0.018372623574144483,1.0
shared_top3_direction,CLDN6,False,4,0.0,0.0,,0.9998891269747443,,,,,
shared_top3_direction,DLG5,True,85,0.0,0.0,,0.9905306212112976,0.0007529411764705883,0.011764705882352941,1.0,-0.0007529411764705883,1.0
shared_top3_direction,NDUFB6,True,12,0.0,0.0,,0.9973056332616681,0.0,0.0,1.0,0.0,1.0
shared_top3_direction,STAT6,True,73,0.0,0.0,,0.9976836090521393,0.007013698630136986,0.0273972602739726,1.0,-0.007013698630136986,1.0
shared_top3_direction,ZNF714,False,8,0.0,0.0,,0.9998956695387258,,,,,
shared_top3_direction,SAFB,True,165,0.006060606060606061,0.012121212121212121,0.5,0.9893837276644376,0.006981818181818181,0.01818181818181818,0.7222222222222222,-0.0009212121212121204,1.0
shared_top3_direction,SOX2,True,1156,0.050173010380622836,0.08910034602076125,0.5631067961165048,0.8837477596220124,0.038505190311418684,0.052595155709342555,0.12698412698412698,0.011667820069204152,1.0
shared_top3_direction,SLC25A3,True,21,0.0,0.09523809523809523,0.0,0.9877203200490874,0.029714285714285714,0.09523809523809523,1.0,-0.029714285714285714,1.0
shared_top3_direction,ZNF593,True,21,0.0,0.0,,0.998570388681396,0.0,0.0,1.0,0.0,1.0
shared_top3_direction,RAF1,True,38,0.0,0.0,,0.993495775013162,0.0008421052631578947,0.0,1.0,-0.0008421052631578947,1.0
shared_top3_direction,METTL17,True,81,0.012345679012345678,0.037037037037037035,0.3333333333333333,0.9881645334731498,0.018765432098765432,0.04938271604938271,0.6825396825396826,-0.0064197530864197536,1.0
shared_top3_direction,IKBKG,True,12,0.0,0.0,,0.9985525593000598,0.006666666666666667,0.08333333333333333,1.0,-0.006666666666666667,1.0
shared_top3_direction,SMAGP,True,79,0.02531645569620253,0.02531645569620253,1.0,0.9928277853132615,0.009316455696202533,0.02531645569620253,0.21428571428571427,0.016,1.0
shared_top3_direction,MAP1B,False,3,0.0,0.0,,0.9999775140652457,,,,,
shared_top3_direction,TAZ,True,22,0.0,0.0,,0.9979157672995171,0.01709090909090909,0.045454545454545456,1.0,-0.01709090909090909,1.0
shared_top3_direction,OXCT1,True,129,0.0,0.007751937984496124,0.0,0.9949483806572623,0.0039689922480620156,0.007751937984496124,1.0,-0.0039689922480620156,1.0
shared_top3_direction,WSB2,True,106,0.0,0.018867924528301886,0.0,0.9915269076745179,0.011320754716981133,0.02830188679245283,1.0,-0.011320754716981133,1.0
shared_top3_direction,C1QBP,True,66,0.0,0.0,,0.9974092877559462,0.00593939393939394,0.015151515151515152,1.0,-0.00593939393939394,1.0
shared_top3_direction,CALM3,False,1,0.0,0.0,,0.9999997813116798,,,,,
shared_top3_direction,SIX4,True,25,0.0,0.0,,0.9995018799991237,0.0,0.0,1.0,0.0,1.0
shared_top3_direction,RRM1,False,5,0.0,0.0,,0.9998925204770773,,,,,
shared_top3_direction,MBTPS1,True,384,0.03125,0.09375,0.3333333333333333,0.9168326693503055,0.029770833333333326,0.06770833333333333,0.30158730158730157,0.0014791666666666738,1.0
shared_top3_direction,RAB3B,False,0,,,,,,,,,
shared_top3_direction,XRCC4,True,14,0.0,0.0,,0.9996118092789107,0.0,0.0,1.0,0.0,1.0
shared_top3_direction,TRAPPC6A,True,230,0.017391304347826087,0.030434782608695653,0.5714285714285714,0.9818275184587963,0.008834782608695649,0.017391304347826087,0.1984126984126984,0.008556521739130438,1.0
shared_top3_direction,SIN3B,True,1161,0.05770887166236004,0.08613264427217916,0.67,0.8842841833177253,0.04286649440137814,0.06356589147286822,0.15873015873015872,0.0148423772609819,1.0
shared_top3_direction,SV2A,True,18,0.0,0.0,,0.9988558292104847,0.0,0.0,1.0,0.0,1.0
shared_top3_direction,EWSR1,True,178,0.0056179775280898875,0.0056179775280898875,1.0,0.9944867723930063,0.0039101123595505615,0.011235955056179775,0.5555555555555556,0.001707865168539326,1.0
shared_top3_direction,TXNDC9,True,24,0.0,0.0,,0.998977782639074,0.0,0.0,1.0,0.0,1.0
shared_top3_direction,TMBIM6,False,6,0.0,0.0,,0.9999386478058433,,,,,
shared_top3_direction,METTL3,True,2926,0.08920027341079972,0.24060150375939848,0.37073863636363635,0.7831182984857024,0.11210116199589884,0.18448393711551606,0.6984126984126984,-0.022900888585099116,1.0
shared_top3_direction,METTL14,True,3008,0.09940159574468085,0.2327127659574468,0.42714285714285716,0.8101364484034398,0.11513031914893618,0.194281914893617,0.6031746031746031,-0.015728723404255324,1.0
shared_top3_direction,MED24,True,647,0.03245749613601236,0.06027820710973725,0.5384615384615384,0.9425950992123784,0.02789489953632148,0.0383307573415765,0.3333333333333333,0.004562596599690882,1.0
shared_top3_direction,ATM,True,76,0.0,0.07894736842105263,0.0,0.9589922611285399,0.03578947368421053,0.10526315789473684,1.0,-0.03578947368421053,1.0
shared_top3_direction,PHF10,True,120,0.008333333333333333,0.025,0.3333333333333333,0.9896446085256384,0.014799999999999999,0.03333333333333333,0.873015873015873,-0.006466666666666666,1.0
shared_top3_direction,DZIP3,False,1,0.0,0.0,,0.9999855805190494,,,,,
shared_top3_direction,ZNF562,True,10,0.0,0.0,,0.9996160940542071,0.0,0.0,1.0,0.0,1.0
shared_top3_direction,MED1,True,302,0.019867549668874173,0.046357615894039736,0.42857142857142855,0.9491822142873911,0.013165562913907284,0.026490066225165563,0.24603174603174602,0.006701986754966889,1.0
model1_residual_after_top3,TMSB4X,False,0,,,,,,,,,
model1_residual_after_top3,PRCP,False,6,0.0,0.0,,0.9998522246268942,,,,,
model1_residual_after_top3,TADA1,True,533,0.02626641651031895,0.03564727954971857,0.7368421052631579,0.9609235906097677,0.019151969981238276,0.043151969981238276,0.25396825396825395,0.007114446529080675,1.0
model1_residual_after_top3,HIRA,True,32,0.21875,0.21875,1.0,0.9366535369084188,0.0285,0.1812499999999999,0.047619047619047616,0.19025,0.9285714285714285
model1_residual_after_top3,IGF2R,False,6,0.0,0.0,,0.9994565791571675,,,,,
model1_residual_after_top3,NCK2,False,2,0.0,0.0,,0.9999929742972721,,,,,
model1_residual_after_top3,MED13,True,113,0.0,0.0,,0.992358925805125,0.006230088495575221,0.02654867256637168,1.0,-0.006230088495575221,1.0
model1_residual_after_top3,MED12,True,68,0.0,0.058823529411764705,0.0,0.985159218044551,0.006235294117647058,0.029411764705882353,1.0,-0.006235294117647058,1.0
model1_residual_after_top3,STAT1,False,8,0.0,0.0,,0.9991592848021382,,,,,
model1_residual_after_top3,USP22,True,21,0.0,0.0,,0.9995440575063029,0.0019047619047619048,0.0,1.0,-0.0019047619047619048,1.0
model1_residual_after_top3,MED13L,True,16,0.0,0.0,,0.9997500569338117,0.001,0.0,1.0,-0.001,1.0
model1_residual_after_top3,TET1,True,46,0.021739130434782608,0.021739130434782608,1.0,0.9976700445850848,0.0,0.0,0.007936507936507936,0.021739130434782608,0.30952380952380953
model1_residual_after_top3,KIF1B,False,2,0.0,0.0,,0.9998761339070295,,,,,
model1_residual_after_top3,SRC,False,6,0.0,0.0,,0.999331502504486,,,,,
model1_residual_after_top3,PBX1,False,5,0.0,0.0,,0.9994741980828695,,,,,
model1_residual_after_top3,CAST,True,38,0.0,0.0,,0.9974481412158138,0.01768421052631579,0.10526315789473684,1.0,-0.01768421052631579,1.0
model1_residual_after_top3,IDE,False,0,,,,,,,,,
model1_residual_after_top3,MAPKAPK2,False,5,0.0,0.0,,0.9995363904826234,,,,,
model1_residual_after_top3,PTPN1,False,2,0.0,0.0,,0.9997882784710986,,,,,
model1_residual_after_top3,KDM2B,True,44,0.0,0.0,,0.9950749691285368,0.02327272727272727,0.13636363636363635,1.0,-0.02327272727272727,1.0
model1_residual_after_top3,ATP1B1,False,2,0.0,0.0,,0.9989973234509951,,,,,
model1_residual_after_top3,KAT2A,True,738,0.014905149051490514,0.025745257452574527,0.5789473684210527,0.9665398414994018,0.024433604336043354,0.05663956639566395,0.8174603174603174,-0.00952845528455284,1.0
model1_residual_after_top3,NISCH,False,6,0.0,0.0,,0.9989368330179138,,,,,
model1_residual_after_top3,KDR,False,7,0.0,0.0,,0.9987437829759015,,,,,
model1_residual_after_top3,WFS1,False,4,0.0,0.0,,0.9989810256180457,,,,,
model1_residual_after_top3,TARBP2,False,4,0.0,0.0,,0.9997918281184318,,,,,
model1_residual_after_top3,MAP3K7,False,1,0.0,0.0,,0.9999997092049261,,,,,
model1_residual_after_top3,HMGN1,False,3,0.0,0.0,,0.9999801548047768,,,,,
model1_residual_after_top3,TSC22D4,False,3,0.0,0.0,,0.999896430123032,,,,,
model1_residual_after_top3,FOXH1,True,32,0.0,0.0,,0.9987940664887898,0.00225,0.0,1.0,-0.00225,1.0
model1_residual_after_top3,PAGR1,True,18,0.0,0.0,,0.9995942753064736,0.0,0.0,1.0,0.0,1.0
model1_residual_after_top3,KLF10,True,15,0.0,0.0,,0.9990327457496448,0.0,0.0,1.0,0.0,1.0
model1_residual_after_top3,POLB,False,3,0.0,0.0,,0.9996981932573246,,,,,
model1_residual_after_top3,RNF2,True,377,0.005305039787798408,0.023872679045092837,0.2222222222222222,0.9714940412452435,0.0071936339522546446,0.020689655172413786,0.5793650793650794,-0.0018885941644562363,1.0
model1_residual_after_top3,SMARCA5,True,953,0.01888772298006296,0.024134312696747113,0.782608695652174,0.9667221130110966,0.023278069254984265,0.044910807974816364,0.6031746031746031,-0.004390346274921304,1.0
model1_residual_after_top3,ACAT2,True,313,0.003194888178913738,0.12140575079872204,0.02631578947368421,0.8397572203838728,0.012268370607028754,0.037699680511182096,0.8888888888888888,-0.009073482428115016,1.0
model1_residual_after_top3,TRAM2,False,1,0.0,0.0,,0.9999911893812735,,,,,
model1_residual_after_top3,CAMSAP2,False,2,0.0,0.0,,0.9998482441612673,,,,,
model1_residual_after_top3,CDCA2,False,8,0.0,0.0,,0.9991871526750008,,,,,
model1_residual_after_top3,CREG1,False,4,0.0,0.0,,0.9999922216118513,,,,,
model1_residual_after_top3,CASP2,False,2,0.0,0.0,,0.998449840144973,,,,,
model1_residual_after_top3,UBE3C,True,37,0.0,0.0,,0.9958289037597905,0.000864864864864865,0.0,1.0,-0.000864864864864865,1.0
model1_residual_after_top3,EIF4B,True,124,0.024193548387096774,0.024193548387096774,1.0,0.9862998209437599,0.010451612903225804,0.03870967741935481,0.18253968253968253,0.01374193548387097,1.0
model1_residual_after_top3,STAG2,True,453,0.017660044150110375,0.046357615894039736,0.38095238095238093,0.96910215739497,0.021863134657836642,0.05739514348785872,0.49206349206349204,-0.004203090507726267,1.0
model1_residual_after_top3,HMGB2,True,26,0.0,0.0,,0.9969209257812804,0.0009230769230769232,0.0,1.0,-0.0009230769230769232,1.0
model1_residual_after_top3,TGFBR2,True,260,0.11923076923076924,0.12307692307692308,0.96875,0.9148172274585391,0.01203076923076923,0.05384615384615385,0.007936507936507936,0.1072,0.30952380952380953
model1_residual_after_top3,ANTXR1,False,2,0.0,0.0,,0.9995020182558498,,,,,
model1_residual_after_top3,MTA1,True,28,0.03571428571428571,0.03571428571428571,1.0,0.9951808549253809,0.009142857142857142,0.03571428571428571,0.2619047619047619,0.026571428571428572,1.0
model1_residual_after_top3,DHCR24,True,32,0.0,0.375,0.0,0.7742294699344713,0.00725,0.0625,1.0,-0.00725,1.0
model1_residual_after_top3,NDUFB4,True,17,0.11764705882352941,0.11764705882352941,1.0,0.9822038938283993,0.03152941176470588,0.23529411764705882,0.1349206349206349,0.08611764705882352,1.0
model1_residual_after_top3,ACVR1B,True,25,0.0,0.0,,0.9942065170011457,0.0022400000000000002,0.0,1.0,-0.0022400000000000002,1.0
model1_residual_after_top3,DHX36,True,1387,0.06560922855082912,0.10237923576063446,0.6408450704225352,0.9021221080546343,0.043570295602018756,0.07368421052631578,0.14285714285714285,0.022038932948810368,1.0
model1_residual_after_top3,LZTR1,True,191,0.005235602094240838,0.02617801047120419,0.2,0.9798768382425576,0.01713089005235603,0.04712041884816754,0.8492063492063492,-0.01189528795811519,1.0
model1_residual_after_top3,INSIG1,True,219,0.0182648401826484,0.0684931506849315,0.26666666666666666,0.9158152748013723,0.014210045662100455,0.0319634703196347,0.38095238095238093,0.0040547945205479455,1.0
model1_residual_after_top3,LAD1,False,2,0.0,0.0,,0.9993520198899125,,,,,
model1_residual_after_top3,TCF3,False,6,0.0,0.0,,0.9992987282025261,,,,,
model1_residual_after_top3,DAXX,True,28,0.0,0.0,,0.9986352004271917,0.0011428571428571427,0.0,1.0,-0.0011428571428571427,1.0
model1_residual_after_top3,CLDN7,False,7,0.0,0.0,,0.9998896212697136,,,,,
model1_residual_after_top3,NIT1,True,143,0.006993006993006993,0.006993006993006993,1.0,0.9944096678119457,0.00358041958041958,0.013986013986013986,0.373015873015873,0.003412587412587413,1.0
model1_residual_after_top3,PRR12,True,105,0.0,0.0,,0.9930392728267421,0.003961904761904762,0.01904761904761905,1.0,-0.003961904761904762,1.0
model1_residual_after_top3,ARID1A,True,220,0.00909090909090909,0.013636363636363636,0.6666666666666666,0.9844802502922156,0.007454545454545455,0.02636363636363635,0.36507936507936506,0.0016363636363636355,1.0
model1_residual_after_top3,STX4,True,19,0.0,0.0,,0.9982177952561413,0.0,0.0,1.0,0.0,1.0
model1_residual_after_top3,CENPO,False,5,0.0,0.0,,0.9999008947024497,,,,,
model1_residual_after_top3,NRAS,False,5,0.0,0.0,,0.9997549483032694,,,,,
model1_residual_after_top3,CHMP3,True,98,0.01020408163265306,0.02040816326530612,0.5,0.9854758412857728,0.011755102040816326,0.0387755102040816,0.6111111111111112,-0.0015510204081632655,1.0
model1_residual_after_top3,EID2,False,4,0.0,0.0,,0.9998768484891015,,,,,
model1_residual_after_top3,UQCRQ,True,48,0.020833333333333332,0.020833333333333332,1.0,0.9782549916894253,0.021666666666666667,0.08333333333333333,0.46825396825396826,-0.0008333333333333352,1.0
model1_residual_after_top3,ZNF426,False,3,0.0,0.0,,0.9997777350640638,,,,,
model1_residual_after_top3,BIRC2,True,75,0.0,0.0,,0.9958396951773346,0.0026666666666666666,0.013333333333333334,1.0,-0.0026666666666666666,1.0
model1_residual_after_top3,PLCB3,False,2,0.0,0.0,,0.9999718985101281,,,,,
model1_residual_after_top3,TFAM,True,98,0.061224489795918366,0.061224489795918366,1.0,0.9796529253757684,0.017061224489795915,0.06938775510204079,0.12698412698412698,0.044163265306122454,1.0
model1_residual_after_top3,PMS1,False,1,0.0,0.0,,0.9998045347884087,,,,,
model1_residual_after_top3,ZNF286A,False,2,0.0,0.0,,0.9997488070772561,,,,,
model1_residual_after_top3,GSK3B,True,217,0.004608294930875576,0.004608294930875576,1.0,0.989668066892296,0.009253456221198157,0.026728110599078328,0.7777777777777778,-0.004645161290322581,1.0
model1_residual_after_top3,LRPPRC,True,98,0.030612244897959183,0.05102040816326531,0.6,0.9866848407686476,0.017387755102040818,0.061224489795918366,0.25396825396825395,0.013224489795918365,1.0
model1_residual_after_top3,CASP3,True,417,0.009592326139088728,0.07434052757793765,0.12903225806451613,0.944428938549147,0.01578896882494005,0.03836930455635491,0.7142857142857143,-0.006196642685851322,1.0
model1_residual_after_top3,MAST2,False,0,,,,,,,,,
model1_residual_after_top3,HAT1,True,29,0.0,0.0,,0.997972376345247,0.001103448275862069,0.0,1.0,-0.001103448275862069,1.0
model1_residual_after_top3,MAU2,True,902,0.01662971175166297,0.04878048780487805,0.3409090909090909,0.9428472636727989,0.032416851441241686,0.06208425720620843,0.9365079365079365,-0.015787139689578716,1.0
model1_residual_after_top3,SMARCA4,True,2229,0.03947958725886048,0.11664423508299686,0.3384615384615385,0.8913558547262893,0.06635082996859579,0.11018393898609241,0.9841269841269841,-0.02687124270973531,1.0
model1_residual_after_top3,TWF2,False,4,0.0,0.0,,0.999737807231789,,,,,
model1_residual_after_top3,IRF3,False,4,0.0,0.0,,0.9996812229637604,,,,,
model1_residual_after_top3,MKI67,False,5,0.0,0.0,,0.9999519967909145,,,,,
model1_residual_after_top3,AKT2,True,50,0.0,0.0,,0.9964983069797432,0.0024,0.02,1.0,-0.0024,1.0
model1_residual_after_top3,SSBP1,True,59,0.0,0.0,,0.9954174982403388,0.018033898305084745,0.0847457627118644,1.0,-0.018033898305084745,1.0
model1_residual_after_top3,PHF14,True,24,0.0,0.0,,0.9991660470341699,0.0003333333333333333,0.0,1.0,-0.0003333333333333333,1.0
model1_residual_after_top3,DNMT1,True,1279,0.022673964034401875,0.044566067240031274,0.5087719298245614,0.9437612450351159,0.03451446442533229,0.058795934323690374,0.8888888888888888,-0.011840500390930417,1.0
model1_residual_after_top3,TMSB10,True,263,0.015209125475285171,0.045627376425855515,0.3333333333333333,0.9739516473968504,0.015513307984790876,0.04182509505703422,0.42063492063492064,-0.00030418250950570505,1.0
model1_residual_after_top3,CLDN6,False,4,0.0,0.0,,0.9998722484658256,,,,,
model1_residual_after_top3,DLG5,True,85,0.0,0.0,,0.9935171032797406,0.010258823529411766,0.03529411764705882,1.0,-0.010258823529411766,1.0
model1_residual_after_top3,NDUFB6,True,12,0.0,0.0,,0.9974311936142224,0.02533333333333333,0.16666666666666666,1.0,-0.02533333333333333,1.0
model1_residual_after_top3,STAT6,True,73,0.0,0.0,,0.9944804972964262,0.0040547945205479455,0.0136986301369863,1.0,-0.0040547945205479455,1.0
model1_residual_after_top3,ZNF714,False,8,0.0,0.0,,0.9993848758522498,,,,,
model1_residual_after_top3,SAFB,True,165,0.0,0.006060606060606061,0.0,0.9912697437614615,0.006206060606060608,0.01818181818181818,1.0,-0.006206060606060608,1.0
model1_residual_after_top3,SOX2,True,1156,0.039792387543252594,0.07179930795847751,0.5542168674698795,0.9187497376204639,0.03710726643598616,0.07854671280276815,0.30952380952380953,0.0026851211072664374,1.0
model1_residual_after_top3,SLC25A3,True,21,0.0,0.0,,0.9968000223471604,0.0011428571428571427,0.0,1.0,-0.0011428571428571427,1.0
model1_residual_after_top3,ZNF593,True,21,0.0,0.0,,0.9987054875114512,0.0003809523809523809,0.0,1.0,-0.0003809523809523809,1.0
model1_residual_after_top3,RAF1,True,38,0.02631578947368421,0.02631578947368421,1.0,0.9973176346514143,0.005473684210526315,0.02631578947368421,0.18253968253968253,0.020842105263157894,1.0
model1_residual_after_top3,METTL17,True,81,0.024691358024691357,0.024691358024691357,1.0,0.9902794477797995,0.020049382716049384,0.08395061728395058,0.35714285714285715,0.004641975308641973,1.0
model1_residual_after_top3,IKBKG,True,12,0.0,0.0,,0.9995247584377316,0.0,0.0,1.0,0.0,1.0
model1_residual_after_top3,SMAGP,True,79,0.0,0.0,,0.9936848368437846,0.003037974683544304,0.012658227848101266,1.0,-0.003037974683544304,1.0
model1_residual_after_top3,MAP1B,False,3,0.0,0.0,,0.9999036813768383,,,,,
model1_residual_after_top3,TAZ,True,22,0.045454545454545456,0.045454545454545456,1.0,0.9966936577216472,0.00036363636363636367,0.0,0.015873015873015872,0.04509090909090909,0.41269841269841273
model1_residual_after_top3,OXCT1,True,129,0.0,0.015503875968992248,0.0,0.9897926857043614,0.0037209302325581393,0.015503875968992248,1.0,-0.0037209302325581393,1.0
model1_residual_after_top3,WSB2,True,106,0.0,0.009433962264150943,0.0,0.993334294255297,0.00520754716981132,0.018867924528301886,1.0,-0.00520754716981132,1.0
model1_residual_after_top3,C1QBP,True,66,0.0,0.0,,0.9973492817630019,0.0038787878787878783,0.015151515151515152,1.0,-0.0038787878787878783,1.0
model1_residual_after_top3,CALM3,False,1,0.0,0.0,,0.9996606532159878,,,,,
model1_residual_after_top3,SIX4,True,25,0.0,0.0,,0.9987368996092866,0.0,0.0,1.0,0.0,1.0
model1_residual_after_top3,RRM1,False,5,0.0,0.0,,0.9988996634072409,,,,,
model1_residual_after_top3,MBTPS1,True,384,0.010416666666666666,0.036458333333333336,0.2857142857142857,0.9680784482531948,0.02977083333333334,0.07291666666666667,0.873015873015873,-0.019354166666666672,1.0
model1_residual_after_top3,RAB3B,False,0,,,,,,,,,
model1_residual_after_top3,XRCC4,True,14,0.0,0.0,,0.9997227338363599,0.0,0.0,1.0,0.0,1.0
model1_residual_after_top3,TRAPPC6A,True,230,0.013043478260869565,0.013043478260869565,1.0,0.9892465634653962,0.006017391304347825,0.020869565217391292,0.18253968253968253,0.007026086956521739,1.0
model1_residual_after_top3,SIN3B,True,1161,0.01808785529715762,0.07924203273040482,0.22826086956521738,0.883011058764038,0.04230146425495263,0.07304048234280792,0.9920634920634921,-0.02421360895779501,1.0
model1_residual_after_top3,SV2A,True,18,0.0,0.0,,0.9988991487504106,0.007555555555555555,0.05555555555555555,1.0,-0.007555555555555555,1.0
model1_residual_after_top3,EWSR1,True,178,0.0056179775280898875,0.0056179775280898875,1.0,0.9916401009238508,0.007370786516853934,0.02247191011235955,0.5714285714285714,-0.0017528089887640461,1.0
model1_residual_after_top3,TXNDC9,True,24,0.0,0.0,,0.9982961795924876,0.0,0.0,1.0,0.0,1.0
model1_residual_after_top3,TMBIM6,False,6,0.0,0.0,,0.9982986957372089,,,,,
model1_residual_after_top3,METTL3,True,2926,0.127136021872864,0.24333561175666438,0.5224719101123596,0.767856241904397,0.12108817498291184,0.15297334244702665,0.373015873015873,0.006047846889952149,1.0
model1_residual_after_top3,METTL14,True,3008,0.11336436170212766,0.234375,0.4836879432624113,0.7926771534941361,0.1244095744680851,0.16110372340425533,0.6746031746031746,-0.011045212765957435,1.0
model1_residual_after_top3,MED24,True,647,0.013910355486862442,0.07264296754250386,0.19148936170212766,0.9390396694966573,0.025632148377125196,0.07233384853168467,0.6428571428571429,-0.011721792890262754,1.0
model1_residual_after_top3,ATM,True,76,0.039473684210526314,0.05263157894736842,0.75,0.9570576313430094,0.03400000000000001,0.09210526315789473,0.40476190476190477,0.005473684210526304,1.0
model1_residual_after_top3,PHF10,True,120,0.0,0.016666666666666666,0.0,0.9857138319005861,0.005533333333333333,0.016666666666666666,1.0,-0.005533333333333333,1.0
model1_residual_after_top3,DZIP3,False,1,0.0,0.0,,0.9998448635200609,,,,,
model1_residual_after_top3,ZNF562,True,10,0.0,0.0,,0.9973033893826003,0.0008,0.0,1.0,-0.0008,1.0
model1_residual_after_top3,MED1,True,302,0.0033112582781456954,0.013245033112582781,0.25,0.9809181675298337,0.0143841059602649,0.04503311258278144,0.9126984126984127,-0.011072847682119205,1.0
