negative_genes,negative_mass_cpm,raw_total_cpm,clipped_total_cpm,renormalization_factor,source,rule,target_gene
209,2513.430589479317,1000000.0,1002513.4305894794,0.9974928709054786,K562_GWPS,additive,ACAT2
188,1552.4187190442155,1000000.0,1001552.4187190443,0.9984499875492989,K562_GWPS,additive,ACVR1B
246,11136.398357514114,1000000.0,1011136.3983575141,0.9889862550931764,K562_GWPS,additive,AKT2
275,3421.4129442112053,1000000.0000000001,1003421.4129442114,0.9965902532076006,K562_GWPS,additive,ARID1A
222,3024.923629796458,1000000.0,1003024.9236297966,0.9969841989380983,K562_GWPS,additive,ATM
187,1166.2181769641124,1000000.0,1001166.2181769642,0.9988351403035873,K562_GWPS,additive,BIRC2
232,5592.750406308463,1000000.0,1005592.7504063084,0.9944383544888836,K562_GWPS,additive,C1QBP
294,4420.09081570152,1000000.0,1004420.0908157016,0.9955993604109292,K562_GWPS,additive,CALM3
223,2546.8396938605383,1000000.0,1002546.8396938606,0.9974596302207304,K562_GWPS,additive,CASP2
202,1980.970681067705,1000000.0000000001,1001980.9706810678,0.9980229458053267,K562_GWPS,additive,CASP3
242,2068.2197609221153,1000000.0,1002068.2197609221,0.9979360489434386,K562_GWPS,additive,CDCA2
204,1471.2826856547674,1000000.0,1001471.2826856547,0.9985308788069198,K562_GWPS,additive,CENPO
231,5434.126633093077,1000000.0,1005434.1266330931,0.994595243498159,K562_GWPS,additive,CLDN7
177,1544.6287767932704,1000000.0,1001544.6287767934,0.9984577534216524,K562_GWPS,additive,CREG1
161,4928.802938444093,1000000.0,1004928.8029384441,0.9950953710113273,K562_GWPS,additive,DAXX
246,4573.89124575526,1000000.0,1004573.8912457554,0.995446933983041,K562_GWPS,additive,DHCR24
243,8618.809472961853,999999.9999999999,1008618.8094729619,0.9914548396361301,K562_GWPS,additive,DHX36
190,4340.70935681619,1000000.0,1004340.7093568163,0.9956780509677876,K562_GWPS,additive,DLG5
336,7232.28465280148,1000000.0000000001,1007232.2846528015,0.9928196457133078,K562_GWPS,additive,DNMT1
195,1480.097948356667,1000000.0,1001480.0979483568,0.9985220895039363,K562_GWPS,additive,EID2
300,4003.1584094147997,1000000.0000000001,1004003.1584094148,0.9960128029718982,K562_GWPS,additive,EIF4B
247,6398.110517876212,1000000.0000000002,1006398.1105178762,0.9936425650535216,K562_GWPS,additive,EWSR1
186,1957.0309988675908,1000000.0,1001957.0309988676,0.9980467914907323,K562_GWPS,additive,FOXH1
223,10868.847268441348,1000000.0,1010868.8472684412,0.9892480144206531,K562_GWPS,additive,GSK3B
379,20301.074793759723,1000000.0,1020301.0747937596,0.9801028585627402,K562_GWPS,additive,HAT1
157,1812.4368135350142,1000000.0,1001812.436813535,0.9981908421707162,K562_GWPS,additive,HIRA
192,7967.005155250559,999999.9999999999,1007967.0051552504,0.992095966321811,K562_GWPS,additive,HMGB2
211,2388.9301866558126,1000000.0,1002388.9301866558,0.9976167631996784,K562_GWPS,additive,HMGN1
179,1813.0233134577086,1000000.0,1001813.0233134577,0.9981902577913578,K562_GWPS,additive,IDE
169,4206.849386491619,1000000.0,1004206.8493864918,0.9958107740561002,K562_GWPS,additive,IGF2R
207,1321.3337911412018,1000000.0,1001321.3337911412,0.9986804098279436,K562_GWPS,additive,IKBKG
244,2359.9394869846046,1000000.0000000001,1002359.9394869847,0.9976456167150968,K562_GWPS,additive,INSIG1
187,2037.7958346747087,1000000.0,1002037.7958346747,0.9979663483322231,K562_GWPS,additive,IRF3
206,8038.280841853048,1000000.0,1008038.280841853,0.9920258178735634,K562_GWPS,additive,KAT2A
182,2047.3650414946148,1000000.0,1002047.3650414946,0.9979568180977055,K562_GWPS,additive,KDM2B
204,2140.4623531205984,1000000.0000000001,1002140.4623531208,0.9978641094402129,K562_GWPS,additive,KIF1B
168,1231.1616411773116,1000000.0,1001231.1616411774,0.9987703522539597,K562_GWPS,additive,KLF10
72,112477.05481377899,1000000.0,1112477.0548137792,0.8988949441005711,K562_GWPS,additive,LRPPRC
179,26267.057741723696,1000000.0,1026267.0577417236,0.9744052412638835,K562_GWPS,additive,LZTR1
204,3024.1545880092167,1000000.0,1003024.1545880092,0.9969849633489122,K562_GWPS,additive,MAP3K7
217,7186.774934949611,1000000.0000000001,1007186.7749349497,0.9928645062526622,K562_GWPS,additive,MAPKAPK2
217,2158.868822991353,1000000.0,1002158.8688229914,0.9978457818514075,K562_GWPS,additive,MAST2
253,9779.47232189155,1000000.0,1009779.4723218916,0.9903152395251167,K562_GWPS,additive,MAU2
219,2549.8097141408516,1000000.0,1002549.8097141408,0.9974566752799366,K562_GWPS,additive,MBTPS1
191,7003.088084978901,1000000.0000000002,1007003.088084979,0.9930456140921109,K562_GWPS,additive,MED1
367,48984.607333482665,1000000.0,1048984.6073334827,0.9533028349596078,K562_GWPS,additive,MED12
208,3158.943046642377,1000000.0,1003158.9430466424,0.9968510044509512,K562_GWPS,additive,MED13
220,5415.831807956942,1000000.0,1005415.831807957,0.9946133414288711,K562_GWPS,additive,MED13L
344,14567.51679725528,1000000.0000000001,1014567.5167972553,0.985641648726108,K562_GWPS,additive,MED24
232,6072.235332560893,1000000.0,1006072.2353325608,0.9939644141649991,K562_GWPS,additive,METTL14
152,20670.00247613848,1000000.0,1020670.0024761383,0.9797485941332722,K562_GWPS,additive,METTL17
221,4903.098514596988,1000000.0,1004903.0985145972,0.9951208245632392,K562_GWPS,additive,METTL3
180,1023.273399950444,1000000.0,1001023.2733999505,0.9989777726181381,K562_GWPS,additive,MKI67
246,2750.4224136253256,1000000.0000000001,1002750.4224136253,0.9972571216604377,K562_GWPS,additive,MTA1
184,2302.937586245903,1000000.0,1002302.937586246,0.9977023537496639,K562_GWPS,additive,NCK2
207,5249.398027783191,1000000.0,1005249.3980277833,0.9947780142538935,K562_GWPS,additive,NDUFB4
167,1183.4125266213364,1000000.0,1001183.4125266213,0.9988179862832178,K562_GWPS,additive,NDUFB6
171,2170.243132055898,1000000.0,1002170.243132056,0.9978344566235838,K562_GWPS,additive,NISCH
186,1493.695165081717,1000000.0,1001493.6951650816,0.998508532632514,K562_GWPS,additive,NIT1
198,1815.635536435561,1000000.0,1001815.6355364355,0.9981876550215117,K562_GWPS,additive,NRAS
226,3057.3801680595343,1000000.0,1003057.3801680595,0.9969519389134576,K562_GWPS,additive,OXCT1
200,2737.2483124990667,1000000.0,1002737.2483124991,0.9972702237628993,K562_GWPS,additive,PAGR1
225,1758.4139780483063,1000000.0,1001758.4139780484,0.9982446726141629,K562_GWPS,additive,PBX1
259,4037.5891712147104,1000000.0,1004037.5891712147,0.9959786473985027,K562_GWPS,additive,PHF10
204,1651.3733657098167,1000000.0,1001651.3733657099,0.9983513491723562,K562_GWPS,additive,PHF14
260,4041.072620183775,1000000.0,1004041.0726201837,0.9959751919215436,K562_GWPS,additive,PLCB3
236,2323.5615220625364,1000000.0,1002323.5615220626,0.9976818249004002,K562_GWPS,additive,PMS1
276,8677.850040511748,1000000.0,1008677.8500405118,0.9913968071766786,K562_GWPS,additive,POLB
171,1242.766839356639,1000000.0,1001242.7668393566,0.9987587757130274,K562_GWPS,additive,PRCP
226,3106.233129746808,1000000.0,1003106.2331297467,0.9969033856762557,K562_GWPS,additive,PRR12
310,14972.483907312302,1000000.0,1014972.4839073124,0.9852483844195724,K562_GWPS,additive,PTPN1
236,6952.4382262577665,1000000.0,1006952.4382262578,0.9930955644354916,K562_GWPS,additive,RAF1
241,2631.818426438741,1000000.0,1002631.8184264388,0.9973750898604342,K562_GWPS,additive,RNF2
311,4062.4644914699375,1000000.0,1004062.46449147,0.9959539723521807,K562_GWPS,additive,RRM1
249,3947.6731166876552,1000000.0000000001,1003947.6731166877,0.9960678497272348,K562_GWPS,additive,SAFB
260,12761.31727830687,1000000.0000000001,1012761.3172783069,0.9873994819306471,K562_GWPS,additive,SIN3B
193,3365.693568846567,1000000.0000000002,1003365.6935688467,0.9966455963260261,K562_GWPS,additive,SIX4
213,6014.699990934259,1000000.0000000001,1006014.6999909343,0.9940212603344777,K562_GWPS,additive,SLC25A3
209,3279.38045388074,1000000.0,1003279.3804538808,0.9967313387299984,K562_GWPS,additive,SMAGP
259,3856.6590761869406,1000000.0,1003856.659076187,0.9961581576001737,K562_GWPS,additive,SMARCA4
239,6307.672579162086,1000000.0,1006307.6725791622,0.9937318647655785,K562_GWPS,additive,SMARCA5
651,19645.623315951754,999999.9999999999,1019645.6233159517,0.9807328910488893,K562_GWPS,additive,SOX2
93,92367.26611844965,1000000.0,1092367.2661184496,0.9154430300290288,K562_GWPS,additive,SSBP1
226,4939.480486213461,1000000.0,1004939.4804862135,0.9950847980578655,K562_GWPS,additive,STAG2
214,1622.2499313976014,1000000.0,1001622.2499313976,0.9983803775010901,K562_GWPS,additive,STAT1
418,10412.465619454328,1000000.0000000001,1010412.4656194544,0.9896948365407677,K562_GWPS,additive,STAT6
196,2376.7592927546,1000000.0,1002376.7592927546,0.9976288762975395,K562_GWPS,additive,STX4
227,5938.26235811775,1000000.0,1005938.2623581177,0.9940967924371449,K562_GWPS,additive,TADA1
249,10344.924617906017,1000000.0000000002,1010344.9246179061,0.9897609970953055,K562_GWPS,additive,TARBP2
278,5734.665452841262,1000000.0,1005734.6654528414,0.99429803341793,K562_GWPS,additive,TCF3
223,4513.358286087841,1000000.0,1004513.3582860879,0.9955069205910924,K562_GWPS,additive,TET1
76,116044.71226346212,1000000.0000000002,1116044.7122634624,0.8960214487929333,K562_GWPS,additive,TFAM
188,2298.202221320186,1000000.0000000001,1002298.2022213204,0.997707067401471,K562_GWPS,additive,TMBIM6
185,1349.2116751514268,999999.9999999999,1001349.2116751515,0.9986526062442348,K562_GWPS,additive,TMSB10
191,2919.6292627731045,1000000.0000000001,1002919.6292627732,0.9970888701571039,K562_GWPS,additive,TMSB4X
190,1511.1691424527046,1000000.0,1001511.1691424528,0.9984911110439769,K562_GWPS,additive,TRAM2
237,3381.3590007252915,1000000.0000000002,1003381.3590007254,0.9966300360571847,K562_GWPS,additive,TRAPPC6A
233,1637.524406870146,1000000.0000000001,1001637.5244068702,0.9983651526954924,K562_GWPS,additive,TSC22D4
179,1232.289721884667,1000000.0000000001,1001232.2897218848,0.9987692269470984,K562_GWPS,additive,TWF2
355,15506.487440914647,1000000.0,1015506.4874409146,0.9847302920929721,K562_GWPS,additive,TXNDC9
233,3571.068877843545,1000000.0,1003571.0688778436,0.9964416382769616,K562_GWPS,additive,UBE3C
226,8448.608307404946,1000000.0,1008448.6083074049,0.9916221726741383,K562_GWPS,additive,UQCRQ
189,2662.1883017420387,1000000.0,1002662.1883017421,0.9973448801273227,K562_GWPS,additive,USP22
255,1843.9831464517326,1000000.0000000001,1001843.9831464519,0.9981594108688855,K562_GWPS,additive,WSB2
203,1290.7302417307765,1000000.0,1001290.7302417308,0.9987109335952614,K562_GWPS,additive,XRCC4
230,7921.153685926675,1000000.0000000002,1007921.1536859268,0.9921410978855246,K562_GWPS,additive,ZNF286A
203,1254.6467657694388,1000000.0,1001254.6467657695,0.9987469254002245,K562_GWPS,additive,ZNF426
245,4342.306167149223,1000000.0,1004342.3061671492,0.9956764679328101,K562_GWPS,additive,ZNF562
199,3455.946359203499,1000000.0,1003455.9463592035,0.9965559560718709,K562_GWPS,additive,ZNF593
283,2634.173106592746,1000000.0,1002634.1731065927,0.9973727475312048,K562_GWPS,additive,ZNF714
0,-0.0,1003778.0355251872,1003778.0355251872,0.9962361843042218,K562_GWPS,ratio,ACAT2
0,-0.0,1003580.5353096582,1003580.5353096582,0.9964322391839202,K562_GWPS,ratio,ACVR1B
0,-0.0,1021113.1805135151,1021113.1805135151,0.9793233689306631,K562_GWPS,ratio,AKT2
0,-0.0,976646.5827724214,976646.5827724214,1.0239118404134329,K562_GWPS,ratio,ARID1A
0,-0.0,997490.0839439015,997490.0839439015,1.0025162315861575,K562_GWPS,ratio,ATM
0,-0.0,994211.2360931276,994211.2360931276,1.0058224688041346,K562_GWPS,ratio,BIRC2
0,-0.0,980450.3900284338,980450.3900284338,1.019939417812868,K562_GWPS,ratio,C1QBP
0,-0.0,1003891.4921032564,1003891.4921032564,0.9961235929043454,K562_GWPS,ratio,CALM3
0,-0.0,1001496.76632716,1001496.76632716,0.9985054706340699,K562_GWPS,ratio,CASP2
0,-0.0,1000853.0812297068,1000853.0812297068,0.9991476458975791,K562_GWPS,ratio,CASP3
0,-0.0,992212.0850057763,992212.0850057763,1.007849042671334,K562_GWPS,ratio,CDCA2
0,-0.0,993617.2991076321,993617.2991076321,1.0064237014573922,K562_GWPS,ratio,CENPO
0,-0.0,1012167.4596344971,1012167.4596344971,0.9879788077371201,K562_GWPS,ratio,CLDN7
0,-0.0,1001465.6120768973,1001465.6120768973,0.9985365327983077,K562_GWPS,ratio,CREG1
0,-0.0,1010984.945543557,1010984.945543557,0.9891344123451304,K562_GWPS,ratio,DAXX
0,-0.0,1005789.823661519,1005789.823661519,0.9942435054269674,K562_GWPS,ratio,DHCR24
0,-0.0,981612.1156787004,981612.1156787004,1.0187323322803385,K562_GWPS,ratio,DHX36
0,-0.0,1006140.1712650576,1006140.1712650576,0.9938973003559362,K562_GWPS,ratio,DLG5
0,-0.0,1008929.6540518121,1008929.6540518121,0.9911493789324647,K562_GWPS,ratio,DNMT1
0,-0.0,989663.7752938416,989663.7752938416,1.01044417807764,K562_GWPS,ratio,EID2
0,-0.0,974526.6855042602,974526.6855042602,1.026139165683861,K562_GWPS,ratio,EIF4B
0,-0.0,1007774.5430452686,1007774.5430452686,0.992285434178784,K562_GWPS,ratio,EWSR1
0,-0.0,997024.0728385404,997024.0728385404,1.0029848097378302,K562_GWPS,ratio,FOXH1
0,-0.0,1024082.2597914498,1024082.2597914498,0.9764840572510708,K562_GWPS,ratio,GSK3B
0,-0.0,1023127.5816662458,1023127.5816662458,0.9773952124049078,K562_GWPS,ratio,HAT1
0,-0.0,999161.7322538532,999161.7322538532,1.0008389710285,K562_GWPS,ratio,HIRA
0,-0.0,1012185.9610933334,1012185.9610933334,0.9879607487539439,K562_GWPS,ratio,HMGB2
0,-0.0,1001010.7072087206,1001010.7072087206,0.9989903132889169,K562_GWPS,ratio,HMGN1
0,-0.0,1005199.5841679053,1005199.5841679053,0.9948273116604903,K562_GWPS,ratio,IDE
0,-0.0,1008834.2133631757,1008834.2133631757,0.9912431465486039,K562_GWPS,ratio,IGF2R
0,-0.0,998332.3839715258,998332.3839715258,1.0016704016169846,K562_GWPS,ratio,IKBKG
0,-0.0,992010.559889117,992010.559889117,1.0080537853465754,K562_GWPS,ratio,INSIG1
0,-0.0,1002578.3984394812,1002578.3984394812,0.9974282326015657,K562_GWPS,ratio,IRF3
0,-0.0,1011687.1684736316,1011687.1684736316,0.9884478435253217,K562_GWPS,ratio,KAT2A
0,-0.0,1002461.4652902078,1002461.4652902078,0.9975445786442323,K562_GWPS,ratio,KDM2B
0,-0.0,1004512.3692926252,1004512.3692926252,0.9955079007182333,K562_GWPS,ratio,KIF1B
0,-0.0,1002166.3510522175,1002166.3510522175,0.9978383318797892,K562_GWPS,ratio,KLF10
0,-0.0,1137970.4443243635,1137970.4443243635,0.8787574448769806,K562_GWPS,ratio,LRPPRC
0,-0.0,1022615.0944462908,1022615.0944462908,0.9778850375188956,K562_GWPS,ratio,LZTR1
0,-0.0,1006728.4600870777,1006728.4600870777,0.9933165095119137,K562_GWPS,ratio,MAP3K7
0,-0.0,1007547.4609585265,1007547.4609585265,0.9925090764941771,K562_GWPS,ratio,MAPKAPK2
0,-0.0,1004365.8313196903,1004365.8313196903,0.9956531463102903,K562_GWPS,ratio,MAST2
0,-0.0,1000576.7091340185,1000576.7091340185,0.9994236232677076,K562_GWPS,ratio,MAU2
0,-0.0,996230.3423375832,996230.3423375832,1.0037839217520435,K562_GWPS,ratio,MBTPS1
0,-0.0,1014708.7132742323,1014708.7132742323,0.9855044969242742,K562_GWPS,ratio,MED1
0,-0.0,1089326.757708835,1089326.757708835,0.9179981974401192,K562_GWPS,ratio,MED12
0,-0.0,1002155.7337353518,1002155.7337353518,0.997848903456036,K562_GWPS,ratio,MED13
0,-0.0,1007343.9747083143,1007343.9747083143,0.9927095660541964,K562_GWPS,ratio,MED13L
0,-0.0,1024567.9737316717,1024567.9737316717,0.976021138312385,K562_GWPS,ratio,MED24
0,-0.0,992967.6741982237,992967.6741982237,1.007082129644809,K562_GWPS,ratio,METTL14
0,-0.0,1012504.5993022738,1012504.5993022738,0.987649834567773,K562_GWPS,ratio,METTL17
0,-0.0,986996.781285407,986996.781285407,1.013174530009772,K562_GWPS,ratio,METTL3
0,-0.0,993092.9276097751,993092.9276097751,1.0069551118512636,K562_GWPS,ratio,MKI67
0,-0.0,995567.7114900744,995567.7114900744,1.0044520211521242,K562_GWPS,ratio,MTA1
0,-0.0,999523.1192967466,999523.1192967466,1.0004771082269603,K562_GWPS,ratio,NCK2
0,-0.0,1001338.8056373426,1001338.8056373426,0.9986629843667244,K562_GWPS,ratio,NDUFB4
0,-0.0,987272.0527267593,987272.0527267593,1.0128920364332072,K562_GWPS,ratio,NDUFB6
0,-0.0,1004181.3679301766,1004181.3679301766,0.9958360431056441,K562_GWPS,ratio,NISCH
0,-0.0,996513.6352149835,996513.6352149835,1.0034985620485408,K562_GWPS,ratio,NIT1
0,-0.0,1001027.5156379244,1001027.5156379244,0.9989735390667362,K562_GWPS,ratio,NRAS
0,-0.0,1002700.7879720831,1002700.7879720831,0.997306486636412,K562_GWPS,ratio,OXCT1
0,-0.0,999423.3901329436,999423.3901329436,1.0005769425378164,K562_GWPS,ratio,PAGR1
0,-0.0,1000594.4862039448,1000594.4862039448,0.9994058669999271,K562_GWPS,ratio,PBX1
0,-0.0,974128.5730337047,974128.5730337047,1.0265585341427002,K562_GWPS,ratio,PHF10
0,-0.0,996470.0320620709,996470.0320620709,1.0035424727531688,K562_GWPS,ratio,PHF14
0,-0.0,1002151.6543750594,1002151.6543750594,0.9978529653015429,K562_GWPS,ratio,PLCB3
0,-0.0,991457.250122425,991457.250122425,1.0086163572625246,K562_GWPS,ratio,PMS1
0,-0.0,1004836.1256424941,1004836.1256424941,0.9951871499052626,K562_GWPS,ratio,POLB
0,-0.0,1001165.6593721919,1001165.6593721919,0.9988356978075708,K562_GWPS,ratio,PRCP
0,-0.0,1003204.1142495873,1003204.1142495873,0.9968061193090461,K562_GWPS,ratio,PRR12
0,-0.0,1023410.8161104971,1023410.8161104971,0.9771247130263186,K562_GWPS,ratio,PTPN1
0,-0.0,1001145.2386687489,1001145.2386687489,0.9988560714025152,K562_GWPS,ratio,RAF1
0,-0.0,993775.1782271459,993775.1782271459,1.0062638128917236,K562_GWPS,ratio,RNF2
0,-0.0,985738.7169140563,985738.7169140563,1.0144676097643703,K562_GWPS,ratio,RRM1
0,-0.0,990821.6720421871,990821.6720421871,1.0092633500223056,K562_GWPS,ratio,SAFB
0,-0.0,996022.8056057377,996022.8056057377,1.0039930756322828,K562_GWPS,ratio,SIN3B
0,-0.0,1001434.2902807272,1001434.2902807272,0.9985677639615025,K562_GWPS,ratio,SIX4
0,-0.0,997118.0924645913,997118.0924645913,1.0028902369309993,K562_GWPS,ratio,SLC25A3
0,-0.0,1004087.28209524,1004087.28209524,0.9959293557760128,K562_GWPS,ratio,SMAGP
0,-0.0,995013.5074433037,995013.5074433037,1.0050114822757623,K562_GWPS,ratio,SMARCA4
0,-0.0,997380.5730433167,997380.5730433167,1.002626306374397,K562_GWPS,ratio,SMARCA5
0,-0.0,983481.9162279328,983481.9162279328,1.0167955134705688,K562_GWPS,ratio,SOX2
0,-0.0,1119340.6494388583,1119340.6494388583,0.8933830827115182,K562_GWPS,ratio,SSBP1
0,-0.0,1010100.102269517,1010100.102269517,0.9900008897664461,K562_GWPS,ratio,STAG2
0,-0.0,994660.8847396718,994660.8847396718,1.0053677744266836,K562_GWPS,ratio,STAT1
0,-0.0,1004865.5331101269,1004865.5331101269,0.9951580256762637,K562_GWPS,ratio,STAT6
0,-0.0,997935.1713925702,997935.1713925702,1.0020691009462552,K562_GWPS,ratio,STX4
0,-0.0,1013324.0458851298,1013324.0458851298,0.9868511499956646,K562_GWPS,ratio,TADA1
0,-0.0,1012641.1170159859,1012641.1170159859,0.9875166860168227,K562_GWPS,ratio,TARBP2
0,-0.0,1001518.768122023,1001518.768122023,0.9984835350366216,K562_GWPS,ratio,TCF3
0,-0.0,1006264.449579214,1006264.449579214,0.993774549441915,K562_GWPS,ratio,TET1
0,-0.0,1136464.523071034,1136464.523071034,0.8799218802692845,K562_GWPS,ratio,TFAM
0,-0.0,999305.6937606884,999305.6937606884,1.000694788635396,K562_GWPS,ratio,TMBIM6
0,-0.0,995273.1548562145,995273.1548562145,1.0047492943225906,K562_GWPS,ratio,TMSB10
0,-0.0,997472.234766083,997472.234766083,1.0025341710233266,K562_GWPS,ratio,TMSB4X
0,-0.0,995167.4094095109,995167.4094095109,1.0048560579303503,K562_GWPS,ratio,TRAM2
0,-0.0,997478.1216912454,997478.1216912454,1.0025282542583278,K562_GWPS,ratio,TRAPPC6A
0,-0.0,988681.6537158274,988681.6537158274,1.0114479177818605,K562_GWPS,ratio,TSC22D4
0,-0.0,994373.0129128568,994373.0129128568,1.0056588292462403,K562_GWPS,ratio,TWF2
0,-0.0,1005568.3878771403,1005568.3878771403,0.9944624473638279,K562_GWPS,ratio,TXNDC9
0,-0.0,981081.8669210812,981081.8669210812,1.019282930117024,K562_GWPS,ratio,UBE3C
0,-0.0,1018366.2823719326,1018366.2823719326,0.9819649543687221,K562_GWPS,ratio,UQCRQ
0,-0.0,1003315.9261517373,1003315.9261517373,0.9966950328751825,K562_GWPS,ratio,USP22
0,-0.0,994993.5377303772,994993.5377303772,1.0050316530507755,K562_GWPS,ratio,WSB2
0,-0.0,1000682.8819931424,1000682.8819931424,0.9993175840164445,K562_GWPS,ratio,XRCC4
0,-0.0,1006666.6547318164,1006666.6547318164,0.9933774952210049,K562_GWPS,ratio,ZNF286A
0,-0.0,995164.1476920632,995164.1476920632,1.0048593514136857,K562_GWPS,ratio,ZNF426
0,-0.0,998863.3388492016,998863.3388492016,1.001137954619606,K562_GWPS,ratio,ZNF562
0,-0.0,1002600.4544416063,1002600.4544416063,0.9974062903820898,K562_GWPS,ratio,ZNF593
0,-0.0,989315.3346025739,989315.3346025739,1.010800060429386,K562_GWPS,ratio,ZNF714
41,4.8409742147527135,1003639.9954978629,1003644.8364720776,0.9963684001156329,K562_GWPS,log1p,ACAT2
36,3.227026549296336,1003553.8782658246,1003557.1052923738,0.9964555028571718,K562_GWPS,log1p,ACVR1B
49,9.183092590289125,1020696.1065011218,1020705.2895937122,0.979714722942257,K562_GWPS,log1p,AKT2
60,9.762649312537189,976858.5980202891,976868.3606696016,1.0236793822604129,K562_GWPS,log1p,ARID1A
37,4.2381187084854135,997567.6834112266,997571.921529935,1.0024339883848588,K562_GWPS,log1p,ATM
35,3.7680401295023063,994292.1471721695,994295.915212299,1.0057368080270983,K562_GWPS,log1p,BIRC2
38,4.271959850820894,980359.6674528084,980363.9394126593,1.0200293582800535,K562_GWPS,log1p,C1QBP
47,9.385289736609197,1003885.2753473185,1003894.660637055,0.9961204488979117,K562_GWPS,log1p,CALM3
41,5.117480132655276,1001456.1923466886,1001461.3098268213,0.9985408224836224,K562_GWPS,log1p,CASP2
46,5.873538550726515,1000739.2698919969,1000745.1434305476,0.9992554113947602,K562_GWPS,log1p,CASP3
44,5.419560900735323,992359.2040241548,992364.6235850556,1.0076941239474666,K562_GWPS,log1p,CDCA2
34,4.170821172694131,993754.499108391,993758.6699295635,1.006280528924471,K562_GWPS,log1p,CENPO
45,4.526814797446104,1012006.6191705734,1012011.1459853709,0.9881314093890973,K562_GWPS,log1p,CLDN7
34,3.2964199803275593,1001393.9660791002,1001397.2624990805,0.9986046871192822,K562_GWPS,log1p,CREG1
29,2.4530049075671263,1010716.0000188426,1010718.4530237502,0.989395213878124,K562_GWPS,log1p,DAXX
48,7.113836908117428,1005697.2420519684,1005704.3558888764,0.9943279992221624,K562_GWPS,log1p,DHCR24
38,4.875098517185247,981377.0768628478,981381.9519613648,1.0189712557902921,K562_GWPS,log1p,DHX36
37,4.55294666749886,1006062.082808035,1006066.6357547025,0.9939699463841661,K562_GWPS,log1p,DLG5
58,12.435301560534256,1008130.9704017644,1008143.4057033248,0.991922373684879,K562_GWPS,log1p,DNMT1
36,4.772717891782491,989814.7541643893,989819.5268822811,1.0102851811277003,K562_GWPS,log1p,EID2
51,9.109957078752036,974714.3286832073,974723.4386402861,1.0259320340085123,K562_GWPS,log1p,EIF4B
40,5.16595352510033,1007712.9085630547,1007718.07451658,0.9923410379234465,K562_GWPS,log1p,EWSR1
37,3.9124385741000767,997112.9343239788,997116.8467625529,1.002891489845757,K562_GWPS,log1p,FOXH1
45,7.726442719302915,1023657.7885787645,1023665.5150214838,0.9768815939638378,K562_GWPS,log1p,GSK3B
77,26.07631467316375,1022781.7643872884,1022807.8407019614,0.9777007568828293,K562_GWPS,log1p,HAT1
21,1.402013356885377,999093.7358699881,999095.137883345,1.000905681633655,K562_GWPS,log1p,HIRA
43,5.380097198954632,1012068.7522927882,1012074.1323899871,0.9880699130591606,K562_GWPS,log1p,HMGB2
39,5.092269463783861,1000967.0815510789,1000972.1738205426,0.9990287703834643,K562_GWPS,log1p,HMGN1
34,3.3202345614005697,1005094.9224707682,1005098.2427053296,0.9949276175315886,K562_GWPS,log1p,IDE
35,3.438543562376883,1008734.3811436968,1008737.8196872592,0.9913378684562772,K562_GWPS,log1p,IGF2R
38,3.4691369481292282,998363.0165943552,998366.4857313035,1.001636187003513,K562_GWPS,log1p,IKBKG
50,7.024182478048905,992006.4154830445,992013.4396655224,1.0080508590056707,K562_GWPS,log1p,INSIG1
39,4.0016496586734345,1002538.1955710035,1002542.1972206621,0.9974642491580805,K562_GWPS,log1p,IRF3
40,6.687386586064053,1011568.6006051269,1011575.2879917129,0.9885571661060508,K562_GWPS,log1p,KAT2A
44,4.554938772704541,1002371.7779493278,1002376.3328881005,0.9976293006826551,K562_GWPS,log1p,KDM2B
41,3.9571255121927407,1004450.525608365,1004454.4827338771,0.9955652716868233,K562_GWPS,log1p,KIF1B
33,2.2314592682102816,1002110.208702432,1002112.4401617004,0.9978920128350472,K562_GWPS,log1p,KLF10
16,2.130817860593809,1136777.1718633207,1136779.3026811813,0.8796782257043413,K562_GWPS,log1p,LRPPRC
48,8.451896032954263,1022490.4640248416,1022498.9159208745,0.9779961469195185,K562_GWPS,log1p,LZTR1
40,4.869207384669872,1006653.542160959,1006658.4113683437,0.993385629829196,K562_GWPS,log1p,MAP3K7
36,4.695290364887864,1007498.1649736573,1007502.8602640224,0.9925530134355587,K562_GWPS,log1p,MAPKAPK2
40,4.474404437452435,1004225.1842908841,1004229.6586953215,0.9957881559674142,K562_GWPS,log1p,MAST2
31,7.0469082868385104,1000533.0100214221,1000540.0569297089,0.9994602345743496,K562_GWPS,log1p,MAU2
51,7.008834860589042,996277.1449322856,996284.1537671463,1.0037297052440344,K562_GWPS,log1p,MBTPS1
28,3.870269003023006,1014387.1465673939,1014391.0168363969,0.9858131464124372,K562_GWPS,log1p,MED1
44,9.975311195030612,1087222.4584719876,1087232.4337831829,0.9197665273104069,K562_GWPS,log1p,MED12
36,3.9308197366124222,1002061.1189150498,1002065.0497347864,0.9979392059075077,K562_GWPS,log1p,MED13
36,3.862320774281233,1007150.1515957012,1007154.0139164756,0.9928968024575943,K562_GWPS,log1p,MED13L
64,17.630784289238086,1023812.7779475324,1023830.4087318216,0.9767242616271387,K562_GWPS,log1p,MED24
34,5.042208408082522,992736.1588834033,992741.2010918113,1.0073118743336185,K562_GWPS,log1p,METTL14
31,2.859651697262551,1012386.4367968363,1012389.2964485335,0.9877623197993151,K562_GWPS,log1p,METTL17
26,3.1840927742692635,986964.0239889568,986967.2080817312,1.0132048884821607,K562_GWPS,log1p,METTL3
40,3.387151463374966,993206.0042018936,993209.3913533569,1.006837036284353,K562_GWPS,log1p,MKI67
45,4.978614807811102,995578.5879480005,995583.5665628084,1.004436024845648,K562_GWPS,log1p,MTA1
37,3.108511119555896,999558.5264467292,999561.6349578486,1.0004385572903365,K562_GWPS,log1p,NCK2
39,3.9041301347051265,1001231.0143549397,1001234.9184850743,0.9987666046576333,K562_GWPS,log1p,NDUFB4
36,2.9858590032974597,987407.7366337255,987410.7224927288,1.0127497881281757,K562_GWPS,log1p,NDUFB6
37,2.5295681488756103,1004047.9704631683,1004050.5000313174,0.995965840332542,K562_GWPS,log1p,NISCH
38,3.8653581815592952,996520.8011753263,996524.6665335079,1.0034874535304594,K562_GWPS,log1p,NIT1
46,5.671749751372133,1001003.0427510906,1001008.7145008422,0.9989923019787643,K562_GWPS,log1p,NRAS
42,5.1635073268911444,1002633.5250394302,1002638.6885467572,0.9973682558065041,K562_GWPS,log1p,OXCT1
44,5.493902343777491,999460.3647494424,999465.8586517863,1.0005344268076692,K562_GWPS,log1p,PAGR1
53,6.035332088714396,1000586.4695987394,1000592.5049308281,0.999407845923382,K562_GWPS,log1p,PBX1
41,8.190121464909602,974483.5496252563,974491.7397467212,1.0261759635437326,K562_GWPS,log1p,PHF10
43,5.324816208015957,996493.5514552357,996498.8762714437,1.0035134246630124,K562_GWPS,log1p,PHF14
47,7.5747160743476645,1002129.7772772163,1002137.3519932907,0.9978672065370686,K562_GWPS,log1p,PLCB3
44,7.364080610350618,991542.5081730103,991549.8722536206,1.0085221409258756,K562_GWPS,log1p,PMS1
60,11.526765658703976,1004876.1118798828,1004887.6386455415,0.995136134173041,K562_GWPS,log1p,POLB
32,3.128622681572119,1001102.791149309,1001105.9197719906,0.9988953019354411,K562_GWPS,log1p,PRCP
43,6.329945398814237,1003115.9373448556,1003122.2672902545,0.9968874509199276,K562_GWPS,log1p,PRR12
64,21.688535637744096,1023050.313200362,1023072.0017359997,0.9774483108746501,K562_GWPS,log1p,PTPN1
46,5.791594298179911,1001135.5980444902,1001141.3896387885,0.9988599116462458,K562_GWPS,log1p,RAF1
53,9.449268092768364,993735.0700078345,993744.5192759272,1.0062948580875,K562_GWPS,log1p,RNF2
52,9.007866310309586,985697.0080936411,985706.0159599516,1.0145012648889313,K562_GWPS,log1p,RRM1
39,6.14098300812839,990910.1765374048,990916.3175204127,1.0091669521623354,K562_GWPS,log1p,SAFB
52,9.86836991212903,996102.4313372702,996112.2997071822,1.003902873495248,K562_GWPS,log1p,SIN3B
44,3.359380642188855,1001456.4273928032,1001459.7867734454,0.9985423410977403,K562_GWPS,log1p,SIX4
39,4.620806894153597,997199.7176277402,997204.3384346344,1.0028034992003285,K562_GWPS,log1p,SLC25A3
47,5.2484403694211,1004098.1908104557,1004103.4392508252,0.9959133301506399,K562_GWPS,log1p,SMAGP
50,8.901979701697895,994991.1794810452,995000.0814607469,1.0050250433466426,K562_GWPS,log1p,SMARCA4
47,7.5542497591142865,997361.8982401304,997369.4524898895,1.0026374855411337,K562_GWPS,log1p,SMARCA5
267,126.81033436069026,983867.3154529078,983994.1257872685,1.0162662294349833,K562_GWPS,log1p,SOX2
32,4.247315614460005,1118237.9108333457,1118242.1581489602,0.8942606864825344,K562_GWPS,log1p,SSBP1
48,5.463663405388216,1009862.4727387758,1009867.9364021812,0.9902284882542788,K562_GWPS,log1p,STAG2
46,5.150046777992132,994730.0556947435,994735.2057415216,1.0052926590192952,K562_GWPS,log1p,STAT1
72,23.89539885892721,1004584.663617933,1004608.5590167919,0.9954125823680994,K562_GWPS,log1p,STAT6
36,4.157703247631217,997923.2923527452,997927.4500559929,1.002076854328329,K562_GWPS,log1p,STX4
48,6.077146223542547,1012846.8596127934,1012852.9367590171,0.9873101648891451,K562_GWPS,log1p,TADA1
51,9.279814136331332,1012528.1979587611,1012537.4777728976,0.9876177642328123,K562_GWPS,log1p,TARBP2
57,14.347542367462903,1001456.9933909175,1001471.340933285,0.9985308207303129,K562_GWPS,log1p,TCF3
40,6.672488640416261,1006146.3476422189,1006153.0201308592,0.9938846079992296,K562_GWPS,log1p,TET1
18,2.243999404244231,1135320.9421193174,1135323.1861187215,0.8808064630641916,K562_GWPS,log1p,TFAM
35,3.7368960807665124,999281.3033192856,999285.0402153665,1.0007154713178528,K562_GWPS,log1p,TMBIM6
36,3.580625834158499,995287.704117343,995291.284743177,1.0047309921517478,K562_GWPS,log1p,TMSB10
37,3.951866963336647,997521.569752512,997525.5216194754,1.0024806166127032,K562_GWPS,log1p,TMSB4X
39,3.0265277693427013,995258.1888978202,995261.2154255896,1.0047613475748516,K562_GWPS,log1p,TRAM2
56,9.289993641126218,997436.9286537581,997446.2186473992,1.0025603198496895,K562_GWPS,log1p,TRAPPC6A
46,5.033139193868801,988794.7529269008,988799.7860660946,1.011327079649223,K562_GWPS,log1p,TSC22D4
33,3.147299321753639,994422.2889684614,994425.4362677832,1.0056058136979469,K562_GWPS,log1p,TWF2
67,20.17729319585186,1005481.187169677,1005501.3644628727,0.9945287349601842,K562_GWPS,log1p,TXNDC9
37,6.576366021507459,981342.140967502,981348.7173335234,1.0190057645534556,K562_GWPS,log1p,UBE3C
28,2.9493319659023705,1017775.0815917979,1017778.0309237638,0.9825325067120697,K562_GWPS,log1p,UQCRQ
40,3.886354146040545,1003182.142226256,1003186.0285804019,0.9968240899597551,K562_GWPS,log1p,USP22
48,6.23562279289556,995026.2880571041,995032.523679897,1.0049922753295861,K562_GWPS,log1p,WSB2
33,3.9395660244238764,1000673.7766962864,1000677.7162623109,0.9993227427259576,K562_GWPS,log1p,XRCC4
44,5.913400018061022,1006614.1143046644,1006620.0277046827,0.9934235088489369,K562_GWPS,log1p,ZNF286A
37,4.1742746299773295,995225.0641107047,995229.2383853346,1.004793630884886,K562_GWPS,log1p,ZNF426
44,5.795004403640377,998922.8096593588,998928.6046637625,1.001072544455365,K562_GWPS,log1p,ZNF562
34,3.845587990747616,1002641.4369056453,1002645.2824936361,0.9973616965642553,K562_GWPS,log1p,ZNF593
52,8.139206433007221,989442.8625543643,989451.0017607972,1.0106614660255335,K562_GWPS,log1p,ZNF714
93,532.1130027584463,1000000.0,1000532.1130027584,0.9994681699909047,CD4T,additive,ACAT2
106,720.264927859212,1000000.0,1000720.2649278592,0.9992802534803159,CD4T,additive,ACVR1B
122,1808.1127819590001,999999.9999999999,1001808.1127819589,0.9981951505893301,CD4T,additive,AKT2
158,1806.35729914809,1000000.0,1001806.3572991481,0.9981968997441601,CD4T,additive,ARID1A
128,3106.968467407858,1000000.0,1003106.9684674077,0.9969026548861936,CD4T,additive,ATM
136,2311.4449620942933,1000000.0,1002311.4449620943,0.9976938854946611,CD4T,additive,BIRC2
82,511.4520886604148,999999.9999999999,1000511.4520886603,0.9994888093608597,CD4T,additive,C1QBP
79,676.8675482196527,999999.9999999999,1000676.8675482196,0.9993235902915614,CD4T,additive,CALM3
91,794.5885565688233,999999.9999999998,1000794.5885565687,0.9992060423131237,CD4T,additive,CASP2
142,3465.9506938104923,1000000.0,1003465.9506938104,0.996546020628389,CD4T,additive,CASP3
81,1046.6050683936812,999999.9999999999,1001046.6050683935,0.9989544891685418,CD4T,additive,CDCA2
102,875.0193088024761,999999.9999999999,1000875.0193088024,0.9991257456806079,CD4T,additive,CENPO
107,951.3344451969324,1000000.0,1000951.3344451969,0.999049569731855,CD4T,additive,CLDN7
88,405.7756061251289,1000000.0,1000405.7756061251,0.999594388980932,CD4T,additive,CREG1
96,1105.4988340033428,1000000.0,1001105.4988340035,0.9988957219440997,CD4T,additive,DAXX
82,1142.0327837962236,1000000.0,1001142.0327837962,0.9988592699672986,CD4T,additive,DHCR24
164,4068.1903639125244,1000000.0,1004068.1903639125,0.9959482927524693,CD4T,additive,DHX36
134,2019.2208526696772,999999.9999999999,1002019.2208526696,0.9979848481838988,CD4T,additive,DLG5
285,8133.218102128314,1000000.0,1008133.2181021282,0.9919323974688191,CD4T,additive,DNMT1
114,1629.6176241011658,999999.9999999999,1001629.617624101,0.9983730337088409,CD4T,additive,EID2
133,1480.5106033358852,1000000.0,1001480.5106033359,0.9985216780679597,CD4T,additive,EIF4B
99,1971.8480221120367,1000000.0,1001971.848022112,0.9980320325106893,CD4T,additive,EWSR1
124,1461.613618473718,999999.9999999999,1001461.6136184736,0.9985405195779871,CD4T,additive,FOXH1
84,630.6477697143757,1000000.0,1000630.6477697142,0.9993697496962342,CD4T,additive,GSK3B
111,773.6231592210512,999999.9999999999,1000773.623159221,0.9992269748709215,CD4T,additive,HAT1
98,1296.875496673843,1000000.0,1001296.8754966739,0.9987048042110083,CD4T,additive,HIRA
106,1405.5291529654507,1000000.0,1001405.5291529654,0.9985964435864916,CD4T,additive,HMGB2
66,181.7477012889973,1000000.0,1000181.747701289,0.9998182853249354,CD4T,additive,HMGN1
73,417.5973818492648,1000000.0,1000417.5973818491,0.9995825769329308,CD4T,additive,IDE
63,140.16596437749428,999999.9999999999,1000140.1659643773,0.9998598536793668,CD4T,additive,IGF2R
240,2888.3211180019516,999999.9999999999,1002888.3211180018,0.9971199972547472,CD4T,additive,IKBKG
225,5676.22642411914,1000000.0,1005676.2264241191,0.994355811269098,CD4T,additive,INSIG1
115,1115.7263890321747,1000000.0,1001115.7263890322,0.9988855170689841,CD4T,additive,IRF3
113,1089.5045950617193,1000000.0,1001089.5045950616,0.9989116811333445,CD4T,additive,KAT2A
60,352.5467661464229,1000000.0,1000352.5467661463,0.9996475774792737,CD4T,additive,KDM2B
99,681.8118836905987,999999.9999999999,1000681.8118836905,0.999318652667018,CD4T,additive,KIF1B
82,884.9236805918331,999999.9999999999,1000884.9236805919,0.9991158587169665,CD4T,additive,KLF10
113,4877.849398159564,1000000.0,1004877.8493981595,0.9951458285192762,CD4T,additive,LRPPRC
133,1830.0333152529813,1000000.0,1001830.033315253,0.9981733095890557,CD4T,additive,LZTR1
256,2919.142776521737,1000000.0,1002919.1427765217,0.9970893538152634,CD4T,additive,MAP3K7
81,888.2826370834975,1000000.0,1000888.2826370834,0.999112505708686,CD4T,additive,MAPKAPK2
110,1217.9701340629438,1000000.0000000001,1001217.9701340629,0.9987835115125832,CD4T,additive,MAST2
112,2008.4731207184816,1000000.0,1002008.4731207185,0.9979955527576896,CD4T,additive,MAU2
158,4550.2832771400745,999999.9999999999,1004550.28327714,0.9954703280135508,CD4T,additive,MBTPS1
164,2896.4549425257974,1000000.0,1002896.4549425257,0.9971119102792205,CD4T,additive,MED1
182,5766.504818064524,999999.9999999999,1005766.5048180645,0.9942665571079963,CD4T,additive,MED12
104,1704.6410592115676,1000000.0,1001704.6410592115,0.9982982597970107,CD4T,additive,MED13
100,650.3577111408213,999999.9999999999,1000650.3577111408,0.9993500649791118,CD4T,additive,MED13L
149,2398.7379551812796,1000000.0,1002398.7379551812,0.9976070022194218,CD4T,additive,MED24
152,2197.2401945097326,1000000.0,1002197.2401945097,0.9978075770852419,CD4T,additive,METTL14
143,2374.85150618628,1000000.0,1002374.8515061862,0.9976307750512519,CD4T,additive,METTL17
97,1090.7490980345474,1000000.0,1001090.7490980346,0.9989104393392734,CD4T,additive,METTL3
87,531.8193812889784,999999.9999999999,1000531.819381289,0.9994684633002299,CD4T,additive,MKI67
79,481.641055098208,1000000.0,1000481.641055098,0.9995185908113315,CD4T,additive,MTA1
127,1597.5392852062319,1000000.0,1001597.5392852062,0.9984050087759337,CD4T,additive,NCK2
99,832.8098053153404,999999.9999999999,1000832.8098053153,0.9991678831897234,CD4T,additive,NDUFB4
85,670.5563849854428,1000000.0,1000670.5563849853,0.9993298929595692,CD4T,additive,NDUFB6
51,117.72970136900375,1000000.0,1000117.7297013691,0.999882284157282,CD4T,additive,NISCH
100,639.1815014707331,999999.9999999999,1000639.1815014707,0.9993612267905484,CD4T,additive,NIT1
134,2037.3885552811053,1000000.0,1002037.3885552811,0.9979667539569371,CD4T,additive,NRAS
98,679.2325605889977,1000000.0,1000679.232560589,0.9993212284831264,CD4T,additive,OXCT1
130,1887.824225599141,1000000.0,1001887.8242255992,0.9981157329394054,CD4T,additive,PAGR1
109,663.6814719583532,999999.9999999999,1000663.6814719583,0.999336758708998,CD4T,additive,PBX1
191,2785.4506330611744,999999.9999999999,1002785.450633061,0.9972222865506251,CD4T,additive,PHF10
65,461.2500613891651,1000000.0,1000461.2500613891,0.9995389625921436,CD4T,additive,PHF14
67,433.53813720474983,1000000.0,1000433.5381372047,0.9995666497366612,CD4T,additive,PLCB3
111,1691.9272332780051,1000000.0,1001691.927233278,0.9983109305493244,CD4T,additive,PMS1
70,462.9758464502715,1000000.0,1000462.9758464502,0.9995372384009928,CD4T,additive,POLB
175,3943.4045311658524,1000000.0,1003943.4045311657,0.9960720848273242,CD4T,additive,PRCP
77,607.6931326069287,999999.9999999999,1000607.6931326068,0.9993926759340573,CD4T,additive,PRR12
150,1791.4994810625105,1000000.0,1001791.4994810624,0.998211704249846,CD4T,additive,PTPN1
174,2842.772273563465,999999.9999999999,1002842.7722735633,0.9971652861723095,CD4T,additive,RAF1
137,1566.4134130159732,1000000.0,1001566.413413016,0.9984360364005437,CD4T,additive,RNF2
300,6504.493472622916,1000000.0,1006504.4934726229,0.9935375415462069,CD4T,additive,RRM1
130,1641.1345036498396,1000000.0,1001641.1345036498,0.998361554405947,CD4T,additive,SAFB
134,1334.6349355054585,999999.9999999999,1001334.6349355055,0.9986671439407552,CD4T,additive,SIN3B
146,2998.976340920375,999999.9999999999,1002998.9763409204,0.99700999062645,CD4T,additive,SIX4
153,3034.0348889225015,999999.9999999999,1003034.0348889225,0.9969751426338604,CD4T,additive,SLC25A3
90,613.9591415257245,1000000.0,1000613.9591415258,0.9993864175730144,CD4T,additive,SMAGP
233,8183.144023907141,1000000.0,1008183.144023907,0.9918832762951718,CD4T,additive,SMARCA4
147,2330.78522164089,999999.9999999999,1002330.7852216408,0.9976746347054227,CD4T,additive,SMARCA5
86,465.9480303385108,999999.9999999999,1000465.9480303384,0.9995342689761149,CD4T,additive,SOX2
143,6154.055825026606,1000000.0,1006154.0558250265,0.9938835849347342,CD4T,additive,SSBP1
116,1522.8869486932545,1000000.0,1001522.8869486932,0.9984794287094797,CD4T,additive,STAG2
113,1807.2960844015727,1000000.0,1001807.2960844015,0.9981959643421789,CD4T,additive,STAT1
105,1613.3331536121025,1000000.0,1001613.3331536122,0.998389265497762,CD4T,additive,STAT6
111,1080.0392378829347,1000000.0,1001080.039237883,0.9989211259883823,CD4T,additive,STX4
165,6743.805984835684,1000000.0,1006743.8059848356,0.9933013682877954,CD4T,additive,TADA1
97,1062.035772171761,999999.9999999999,1001062.0357721716,0.9989390909511893,CD4T,additive,TARBP2
103,1168.8153732816636,999999.9999999999,1001168.8153732817,0.9988325491612062,CD4T,additive,TCF3
135,2534.8374686894044,1000000.0,1002534.8374686895,0.9974715716861373,CD4T,additive,TET1
99,5257.533910713984,1000000.0,1005257.5339107139,0.9947699631851943,CD4T,additive,TFAM
112,1675.433509684111,999999.9999999998,1001675.433509684,0.9983273688725562,CD4T,additive,TMBIM6
72,3913.8258142975756,999999.9999999999,1003913.8258142974,0.9961014324998235,CD4T,additive,TMSB10
79,4435.533454714809,1000000.0,1004435.5334547148,0.9955840536231738,CD4T,additive,TMSB4X
87,1248.8899395449016,999999.9999999999,1001248.8899395448,0.9987526678410398,CD4T,additive,TRAM2
86,543.532570825097,999999.9999999999,1000543.532570825,0.9994567626963433,CD4T,additive,TRAPPC6A
80,622.8167386081316,1000000.0,1000622.8167386081,0.9993775709206412,CD4T,additive,TSC22D4
56,382.01082333366963,1000000.0,1000382.0108233336,0.9996181350532091,CD4T,additive,TWF2
76,451.46099681957446,1000000.0,1000451.4609968195,0.9995487427282382,CD4T,additive,TXNDC9
78,515.8548372355264,1000000.0,1000515.8548372354,0.9994844111317763,CD4T,additive,UBE3C
118,1698.8819401166288,1000000.0,1001698.8819401164,0.9983039993647332,CD4T,additive,UQCRQ
140,2314.478811582374,999999.9999999999,1002314.4788115823,0.9976908656309879,CD4T,additive,USP22
141,2640.6161577682046,1000000.0,1002640.6161577682,0.997366338331787,CD4T,additive,WSB2
263,8176.129309966901,999999.9999999999,1008176.1293099668,0.9918901776462781,CD4T,additive,XRCC4
111,569.895707318113,999999.9999999999,1000569.895707318,0.9994304288888133,CD4T,additive,ZNF286A
131,1767.0610393281163,1000000.0,1001767.0610393281,0.998236055957465,CD4T,additive,ZNF426
119,1470.5640441897522,1000000.0,1001470.5640441898,0.9985315953389071,CD4T,additive,ZNF562
77,600.4564771910702,1000000.0,1000600.456477191,0.9993999038544266,CD4T,additive,ZNF593
80,374.4466261360693,1000000.0,1000374.446626136,0.9996256935316582,CD4T,additive,ZNF714
0,-0.0,1005210.0825385079,1005210.0825385079,0.9948169217270975,CD4T,ratio,ACAT2
0,-0.0,990739.2190289878,990739.2190289878,1.0093473446827799,CD4T,ratio,ACVR1B
0,-0.0,1010361.365426588,1010361.365426588,0.9897448915000691,CD4T,ratio,AKT2
0,-0.0,1002247.2088731315,1002247.2088731315,0.9977578297517454,CD4T,ratio,ARID1A
0,-0.0,1035170.1689588103,1035170.1689588103,0.9660247464489969,CD4T,ratio,ATM
0,-0.0,1014342.7947598819,1014342.7947598819,0.9858600121832806,CD4T,ratio,BIRC2
0,-0.0,981897.1502777555,981897.1502777555,1.018436604808481,CD4T,ratio,C1QBP
0,-0.0,1006813.8144603148,1006813.8144603148,0.9932322993959243,CD4T,ratio,CALM3
0,-0.0,1001614.8125214351,1001614.8125214351,0.9983877908940164,CD4T,ratio,CASP2
0,-0.0,1033760.2721210402,1033760.2721210402,0.9673422620006747,CD4T,ratio,CASP3
0,-0.0,1023712.0296187203,1023712.0296187203,0.9768372072099692,CD4T,ratio,CDCA2
0,-0.0,998024.0676199947,998024.0676199947,1.0019798444186996,CD4T,ratio,CENPO
0,-0.0,999097.3425811043,999097.3425811043,1.0009034729454527,CD4T,ratio,CLDN7
0,-0.0,999970.2137984545,999970.2137984545,1.0000297870887898,CD4T,ratio,CREG1
0,-0.0,998518.9095414341,998518.9095414341,1.0014832873412944,CD4T,ratio,DAXX
0,-0.0,1000736.6141432552,1000736.6141432552,0.999263928057748,CD4T,ratio,DHCR24
0,-0.0,1020068.2824152652,1020068.2824152652,0.9803265303301574,CD4T,ratio,DHX36
0,-0.0,1006869.4383124318,1006869.4383124318,0.993177428918743,CD4T,ratio,DLG5
0,-0.0,1009843.8575222145,1009843.8575222145,0.9902520994222139,CD4T,ratio,DNMT1
0,-0.0,1010472.501001413,1010472.501001413,0.9896360356258737,CD4T,ratio,EID2
0,-0.0,991291.8532426571,991291.8532426571,1.0087846447328879,CD4T,ratio,EIF4B
0,-0.0,989288.5801536575,989288.5801536575,1.0108273966375705,CD4T,ratio,EWSR1
0,-0.0,999420.4234031376,999420.4234031376,1.000579912700692,CD4T,ratio,FOXH1
0,-0.0,993938.4231794315,993938.4231794315,1.0060985436111611,CD4T,ratio,GSK3B
0,-0.0,991540.3650948852,991540.3650948852,1.008531810910497,CD4T,ratio,HAT1
0,-0.0,994602.9954682239,994602.9954682239,1.005426290244818,CD4T,ratio,HIRA
0,-0.0,1003663.7893721368,1003663.7893721368,0.9963495849796188,CD4T,ratio,HMGB2
0,-0.0,990207.8598543953,990207.8598543953,1.0098889743685175,CD4T,ratio,HMGN1
0,-0.0,1004684.4951685603,1004684.4951685603,0.9953373470068587,CD4T,ratio,IDE
0,-0.0,994276.1191578826,994276.1191578826,1.0057568322640247,CD4T,ratio,IGF2R
0,-0.0,983921.5979294231,983921.5979294231,1.0163411415141332,CD4T,ratio,IKBKG
0,-0.0,1030907.9357095892,1030907.9357095892,0.9700187236522583,CD4T,ratio,INSIG1
0,-0.0,1009097.7789351647,1009097.7789351647,0.9909842444160714,CD4T,ratio,IRF3
0,-0.0,1019052.6984883645,1019052.6984883645,0.9813035199095917,CD4T,ratio,KAT2A
0,-0.0,1001331.5240629134,1001331.5240629134,0.9986702465358219,CD4T,ratio,KDM2B
0,-0.0,995647.645909559,995647.645909559,1.004371379883558,CD4T,ratio,KIF1B
0,-0.0,1005101.3375263377,1005101.3375263377,0.9949245540366182,CD4T,ratio,KLF10
0,-0.0,990041.0225368796,990041.0225368796,1.0100591563747545,CD4T,ratio,LRPPRC
0,-0.0,1001674.8164321105,1001674.8164321105,0.9983279838879487,CD4T,ratio,LZTR1
0,-0.0,994767.1516284257,994767.1516284257,1.0052603751169389,CD4T,ratio,MAP3K7
0,-0.0,990560.0456775049,990560.0456775049,1.0095299162970364,CD4T,ratio,MAPKAPK2
0,-0.0,1013012.9854885762,1013012.9854885762,0.9871541770194584,CD4T,ratio,MAST2
0,-0.0,1007683.1390601357,1007683.1390601357,0.9923754414832209,CD4T,ratio,MAU2
0,-0.0,992441.0539280685,992441.0539280685,1.0076165189277624,CD4T,ratio,MBTPS1
0,-0.0,1002449.9299921142,1002449.9299921142,0.9975560574959256,CD4T,ratio,MED1
0,-0.0,1045289.5778641191,1045289.5778641191,0.9566726973814653,CD4T,ratio,MED12
0,-0.0,994392.2488232723,994392.2488232723,1.005639375390711,CD4T,ratio,MED13
0,-0.0,988203.0317698092,988203.0317698092,1.0119377980545792,CD4T,ratio,MED13L
0,-0.0,991815.6943721187,991815.6943721187,1.0082518412184054,CD4T,ratio,MED24
0,-0.0,1026736.7216900629,1026736.7216900629,0.9739595154967743,CD4T,ratio,METTL14
0,-0.0,1002110.8128186852,1002110.8128186852,0.9978936333270888,CD4T,ratio,METTL17
0,-0.0,994340.2687413048,994340.2687413048,1.0056919461442104,CD4T,ratio,METTL3
0,-0.0,1002732.0407543551,1002732.0407543551,0.9972754029558087,CD4T,ratio,MKI67
0,-0.0,992366.017479006,992366.017479006,1.0076927085234009,CD4T,ratio,MTA1
0,-0.0,987547.7602250807,987547.7602250807,1.0126092532193898,CD4T,ratio,NCK2
0,-0.0,988768.525361028,988768.525361028,1.0113590535609647,CD4T,ratio,NDUFB4
0,-0.0,1004853.5968376659,1004853.5968376659,0.9951698467787343,CD4T,ratio,NDUFB6
0,-0.0,990624.9827131008,990624.9827131008,1.0094637400131208,CD4T,ratio,NISCH
0,-0.0,976254.1276446617,976254.1276446617,1.024323453989002,CD4T,ratio,NIT1
0,-0.0,1001666.0110870028,1001666.0110870028,0.9983367598894617,CD4T,ratio,NRAS
0,-0.0,993304.79867077,993304.79867077,1.0067403291901835,CD4T,ratio,OXCT1
0,-0.0,1002740.2543827139,1002740.2543827139,0.997267234091045,CD4T,ratio,PAGR1
0,-0.0,1003843.5957116426,1003843.5957116426,0.9961711209514488,CD4T,ratio,PBX1
0,-0.0,977141.5050559206,977141.5050559206,1.0233932289497532,CD4T,ratio,PHF10
0,-0.0,1016995.4639217628,1016995.4639217628,0.9832885548415089,CD4T,ratio,PHF14
0,-0.0,1003157.5014335709,1003157.5014335709,0.9968524370011104,CD4T,ratio,PLCB3
0,-0.0,1022063.7444882721,1022063.7444882721,0.9784125553741083,CD4T,ratio,PMS1
0,-0.0,997939.3194604121,997939.3194604121,1.002064935712426,CD4T,ratio,POLB
0,-0.0,1015451.9396606369,1015451.9396606369,0.9847831895758642,CD4T,ratio,PRCP
0,-0.0,1010597.2279105021,1010597.2279105021,0.9895138957263787,CD4T,ratio,PRR12
0,-0.0,996043.3827230309,996043.3827230309,1.0039723342834248,CD4T,ratio,PTPN1
0,-0.0,1002470.624998532,1002470.624998532,0.9975354639458531,CD4T,ratio,RAF1
0,-0.0,1038965.2653265774,1038965.2653265774,0.9624960846844774,CD4T,ratio,RNF2
0,-0.0,985987.4245878337,985987.4245878337,1.0142117181849697,CD4T,ratio,RRM1
0,-0.0,1003504.0023275191,1003504.0023275191,0.996508232832762,CD4T,ratio,SAFB
0,-0.0,976760.6748092242,976760.6748092242,1.0237922408120237,CD4T,ratio,SIN3B
0,-0.0,1007995.4671395194,1007995.4671395194,0.9920679532793845,CD4T,ratio,SIX4
0,-0.0,1006622.4463792127,1006622.4463792127,0.9934211218883173,CD4T,ratio,SLC25A3
0,-0.0,1013756.7636854565,1013756.7636854565,0.9864299167431007,CD4T,ratio,SMAGP
0,-0.0,1019407.5731877596,1019407.5731877596,0.9809619099384648,CD4T,ratio,SMARCA4
0,-0.0,1031084.7750705498,1031084.7750705498,0.9698523576119888,CD4T,ratio,SMARCA5
0,-0.0,995612.3520872702,995612.3520872702,1.0044069842077905,CD4T,ratio,SOX2
0,-0.0,994198.1271590721,994198.1271590721,1.0058357310101829,CD4T,ratio,SSBP1
0,-0.0,1007402.6498892594,1007402.6498892594,0.9926517466575325,CD4T,ratio,STAG2
0,-0.0,1001961.0485088228,1001961.0485088228,0.9980427896755654,CD4T,ratio,STAT1
0,-0.0,994523.0740744679,994523.0740744679,1.0055070878376846,CD4T,ratio,STAT6
0,-0.0,993766.4158977686,993766.4158977686,1.0062726854143083,CD4T,ratio,STX4
0,-0.0,1044014.0351764658,1044014.0351764658,0.957841529238612,CD4T,ratio,TADA1
0,-0.0,1031956.085622797,1031956.085622797,0.9690334830444736,CD4T,ratio,TARBP2
0,-0.0,996698.1998522272,996698.1998522272,1.0033127381470763,CD4T,ratio,TCF3
0,-0.0,1014981.8797328083,1014981.8797328083,0.9852392638410922,CD4T,ratio,TET1
0,-0.0,992680.1349391947,992680.1349391947,1.0073738405788222,CD4T,ratio,TFAM
0,-0.0,1012449.8258036633,1012449.8258036633,0.9877032663877631,CD4T,ratio,TMBIM6
0,-0.0,1009793.7129948898,1009793.7129948898,0.9903012735483931,CD4T,ratio,TMSB10
0,-0.0,1007954.6981747469,1007954.6981747469,0.9921080796695013,CD4T,ratio,TMSB4X
0,-0.0,998882.2974559126,998882.2974559126,1.0011189532009268,CD4T,ratio,TRAM2
0,-0.0,989013.4561679622,989013.4561679622,1.011108588830132,CD4T,ratio,TRAPPC6A
0,-0.0,999981.0944064523,999981.0944064523,1.0000189059509759,CD4T,ratio,TSC22D4
0,-0.0,1008453.6802555665,1008453.6802555665,0.9916171853788821,CD4T,ratio,TWF2
0,-0.0,987580.3144894682,987580.3144894682,1.0125758739095079,CD4T,ratio,TXNDC9
0,-0.0,1002858.4196903826,1002858.4196903826,0.9971497275844131,CD4T,ratio,UBE3C
0,-0.0,1001189.5202511745,1001189.5202511745,0.9988118930261315,CD4T,ratio,UQCRQ
0,-0.0,999079.5920567707,999079.5920567707,1.0009212558744538,CD4T,ratio,USP22
0,-0.0,1021439.7047932554,1021439.7047932554,0.9790103080067806,CD4T,ratio,WSB2
0,-0.0,1026245.9729495731,1026245.9729495731,0.9744252609594769,CD4T,ratio,XRCC4
0,-0.0,997298.7353651207,997298.7353651207,1.0027085812295655,CD4T,ratio,ZNF286A
0,-0.0,1004621.8048974858,1004621.8048974858,0.9953994579104747,CD4T,ratio,ZNF426
0,-0.0,1016766.1915581729,1016766.1915581729,0.9835102782750093,CD4T,ratio,ZNF562
0,-0.0,993464.9712870973,993464.9712870973,1.0065780162378912,CD4T,ratio,ZNF593
0,-0.0,995191.5700682129,995191.5700682129,1.0048316626430602,CD4T,ratio,ZNF714
34,3.2520260732471407,1003043.926808225,1003047.1788342984,0.9969620782565385,CD4T,log1p,ACAT2
35,3.4332699694708593,994038.6405864762,994042.0738564457,1.00599363578288,CD4T,log1p,ACVR1B
31,3.66338868930897,1010561.0511250175,1010564.7145137067,0.9895457318448027,CD4T,log1p,AKT2
42,5.778272405444719,1006650.5125450876,1006656.290817493,0.9933877224250122,CD4T,log1p,ARID1A
31,2.2197620832950475,1021068.3417983215,1021070.5615604047,0.9793642453777096,CD4T,log1p,ATM
34,2.904489378652045,1011708.6933052157,1011711.5977945942,0.9884239759432193,CD4T,log1p,BIRC2
30,2.474235379777301,990965.0108494167,990967.4850847964,1.0091148448876006,CD4T,log1p,C1QBP
26,1.6771383215043918,997468.8051052063,997470.4822435279,1.0025359324426149,CD4T,log1p,CALM3
29,3.130529286626869,1002521.2867027656,1002524.4172320522,0.9974819394035089,CD4T,log1p,CASP2
27,1.8067772959627368,1015598.3854291798,1015600.1922064757,0.9846394355513236,CD4T,log1p,CASP3
29,2.9445812391694837,1003273.4101097737,1003276.3546910128,0.9967343447538721,CD4T,log1p,CDCA2
31,2.3791769003050804,999281.7746998911,999284.1538767915,1.0007163589259684,CD4T,log1p,CENPO
33,3.799655779244441,990981.9672837331,990985.7669395123,1.0090962285849236,CD4T,log1p,CLDN7
34,2.4821033019413625,1000715.5175338353,1000717.9996371372,0.9992825155164616,CD4T,log1p,CREG1
32,2.685607486902737,1001814.020493861,1001816.7061013479,0.9981865883346887,CD4T,log1p,DAXX
26,2.5036926888638416,998015.5581723835,998018.0618650722,1.0019858740143681,CD4T,log1p,DHCR24
41,7.523598649638945,1006880.3613386574,1006887.8849373071,0.9931592334753974,CD4T,log1p,DHX36
40,6.745241560552625,1003937.3023118938,1003944.0475534544,0.9960714468469973,CD4T,log1p,DLG5
72,20.196069176559753,1009396.4488539291,1009416.6449231056,0.9906712010640334,CD4T,log1p,DNMT1
31,2.926772832877928,1005326.3116540508,1005329.2384268837,0.9946990118031156,CD4T,log1p,EID2
33,3.5926683943416355,993095.1793936878,993098.7720620821,1.0069491858534758,CD4T,log1p,EIF4B
23,2.4724030477257806,992071.9230466371,992074.3954496849,1.00798892158357,CD4T,log1p,EWSR1
36,4.098263456951772,1003365.8788892193,1003369.9771526763,0.9966413414499011,CD4T,log1p,FOXH1
27,2.4282313154382713,995390.2388471009,995392.6670784163,1.0046286586931634,CD4T,log1p,GSK3B
36,3.3304154953393734,998175.9966459994,998179.3270614947,1.0018239938347202,CD4T,log1p,HAT1
34,2.487222574948997,1000080.8876934161,1000083.3749159911,0.999916632034806,CD4T,log1p,HIRA
32,4.19278713994851,997478.0011574633,997482.1939446032,1.0025241614042653,CD4T,log1p,HMGB2
23,1.6534575579316544,995523.2481551974,995524.9016127554,1.0044952149162667,CD4T,log1p,HMGN1
27,1.75113362230098,998900.2363053723,998901.9874389947,1.0010992195178432,CD4T,log1p,IDE
29,1.6777540533385866,995352.8655509,995354.5433049534,1.0046671376810337,CD4T,log1p,IGF2R
69,19.156066346955424,989168.4587177504,989187.6147840974,1.010930570757563,CD4T,log1p,IKBKG
46,4.836969454074932,1022628.0583395811,1022632.8953090352,0.9778680155773831,CD4T,log1p,INSIG1
34,3.745492452264723,999137.7475914981,999141.4930839504,1.0008592445834672,CD4T,log1p,IRF3
36,3.941966407200905,1007230.5737399892,1007234.5157063964,0.992817446589067,CD4T,log1p,KAT2A
19,2.2596091610690014,997752.131203593,997754.3908127542,1.002250663297424,CD4T,log1p,KDM2B
34,1.970826263615573,999376.135653052,999378.1064793156,1.0006222805129035,CD4T,log1p,KIF1B
28,1.7270499672618835,1004223.8718607905,1004225.5989107578,0.9957921816419127,CD4T,log1p,KLF10
36,3.919751382940941,991105.5829483783,991109.5026997612,1.0089702472592799,CD4T,log1p,LRPPRC
33,3.622925352720063,1002313.0363190259,1002316.6592443787,0.9976886952611113,CD4T,log1p,LZTR1
66,18.66328878057059,979977.8342232453,979996.4975120258,1.0204118101837694,CD4T,log1p,MAP3K7
28,2.0813587435344365,994367.0124240296,994369.0937827731,1.0056627928728212,CD4T,log1p,MAPKAPK2
31,2.3887224052653275,1004399.6659821088,1004402.0547045141,0.9956172384515789,CD4T,log1p,MAST2
28,2.5092288085295227,1006771.6452471972,1006774.1544760058,0.9932714259241869,CD4T,log1p,MAU2
39,5.291998346251785,997074.2262031129,997079.5182014591,1.002929035994851,CD4T,log1p,MBTPS1
41,7.2393803345746575,996793.7109357847,996800.9503161194,1.0032093164466447,CD4T,log1p,MED1
40,7.714128732620664,1003064.7702155148,1003072.4843442475,0.9969369268998979,CD4T,log1p,MED12
27,2.409130179545953,997319.075544274,997321.4846744535,1.0026857090383656,CD4T,log1p,MED13
31,2.573002224443931,992338.3256550916,992340.8986573161,1.007718215940759,CD4T,log1p,MED13L
39,5.6801328615983255,993387.1618290253,993392.8419618867,1.006651102926275,CD4T,log1p,MED24
47,5.75975384806711,1003650.5135661846,1003656.2733200325,0.9963570463143345,CD4T,log1p,METTL14
42,4.4777079288996315,1007461.4363497391,1007465.9140576681,0.9925894127498583,CD4T,log1p,METTL17
36,5.39619619135666,998543.2856409624,998548.6818371539,1.001453427548646,CD4T,log1p,METTL3
30,2.452447910459781,1004254.4484866518,1004256.9009345621,0.9957611434578139,CD4T,log1p,MKI67
30,1.3116922579851629,996483.0986871741,996484.4103794321,1.0035279925947154,CD4T,log1p,MTA1
35,3.8184517845658617,988442.8419013631,988446.6603531477,1.0116883794647296,CD4T,log1p,NCK2
35,3.5524216196857967,993496.7977481994,993500.3501698191,1.0065421716550678,CD4T,log1p,NDUFB4
25,2.1424611621843144,999258.6000010906,999260.7424622526,1.000739804443759,CD4T,log1p,NDUFB6
27,1.9731639375129508,995329.6560140364,995331.629177974,1.0046902667263589,CD4T,log1p,NISCH
38,5.9424852396964365,986342.1823095637,986348.1247948033,1.0138408284681808,CD4T,log1p,NIT1
29,3.2733985551360463,998506.0317116072,998509.3051101624,1.001492920378617,CD4T,log1p,NRAS
33,3.9605048636183016,991368.7016011218,991372.6621059855,1.008702416582365,CD4T,log1p,OXCT1
32,2.716916162350782,1002540.5543300211,1002543.2712461834,0.9974631805737202,CD4T,log1p,PAGR1
29,2.5530678315432818,999015.5186023382,999018.0716701695,1.0009828934607647,CD4T,log1p,PBX1
56,13.478502294155872,987578.3300144771,987591.8085167713,1.0125640891066767,CD4T,log1p,PHF10
25,1.9360317555193587,997974.5686662744,997976.50469803,1.002027598137275,CD4T,log1p,PHF14
28,2.3246985925051806,1000711.0945579708,1000713.4192565633,0.9992870893476243,CD4T,log1p,PLCB3
37,3.7077515446957507,1008038.7267436206,1008042.4344951652,0.9920217302169497,CD4T,log1p,PMS1
23,1.9042973612738217,996815.6185440497,996817.522841411,1.0031926376550018,CD4T,log1p,POLB
35,2.612747704880388,1013176.8757433981,1013179.488491103,0.9869919509417518,CD4T,log1p,PRCP
20,1.3512771180005594,1001224.5235540088,1001225.8748311268,0.9987756260980235,CD4T,log1p,PRR12
44,7.248777306356191,990127.2961519838,990134.5449292901,1.009963752018585,CD4T,log1p,PTPN1
39,7.183521949330678,1003994.0182958766,1004001.2018178259,0.9960147439957429,CD4T,log1p,RAF1
36,3.550019998391612,1019213.7772531838,1019217.3272731821,0.9811450151415732,CD4T,log1p,RNF2
79,19.9620364995487,994617.3374344932,994637.2994709928,1.0053916141410135,CD4T,log1p,RRM1
36,3.623611716105396,1006910.254692941,1006913.8783046571,0.9931335951826407,CD4T,log1p,SAFB
35,4.229049250481217,981872.8414715389,981877.0705207892,1.0184574322217326,CD4T,log1p,SIN3B
33,3.427672910749404,1011796.877223582,1011800.3048964927,0.9883373183034374,CD4T,log1p,SIX4
36,3.927692840727472,1008806.4154370255,1008810.343129866,0.9912666011110357,CD4T,log1p,SLC25A3
23,2.0904070548563363,999820.8039192543,999822.8943263092,1.0001771370456667,CD4T,log1p,SMAGP
46,7.031825700277781,1024894.2606761213,1024901.2925018214,0.975703716363713,CD4T,log1p,SMARCA4
32,4.477255727031704,986739.1023511072,986743.5796068343,1.0134345139579704,CD4T,log1p,SMARCA5
28,3.1517828537191637,997899.8255745873,997902.9773574411,1.0021014293875663,CD4T,log1p,SOX2
47,7.796072910177094,998767.4830364727,998775.2791093829,1.001226222671139,CD4T,log1p,SSBP1
30,3.7324545260449957,1002958.6227053992,1002962.3551599253,0.9970463944686608,CD4T,log1p,STAG2
35,2.6667226728059257,1001922.1098097933,1001924.776532466,0.9980789211150887,CD4T,log1p,STAT1
31,2.750166705780313,992278.8379669492,992281.588133655,1.0077784491404926,CD4T,log1p,STAT6
36,3.5539946743467823,996794.7446730033,996798.2986676777,1.0032119851494548,CD4T,log1p,STX4
33,4.3461092461406725,1029781.3473233967,1029785.6934326428,0.9710758329401951,CD4T,log1p,TADA1
33,2.3978076098120096,1010954.5290502728,1010956.9268578826,0.9891618262195033,CD4T,log1p,TARBP2
28,1.9272991952745977,992250.6261687768,992252.553467972,1.0078079381151002,CD4T,log1p,TCF3
36,5.287621231239183,1010029.9345539568,1010035.2221751879,0.9900644829458756,CD4T,log1p,TET1
36,5.257259821021883,992350.9269119103,992356.1841717314,1.0077026938010656,CD4T,log1p,TFAM
34,3.399761354812857,1008029.4589499165,1008032.8587112713,0.9920311539035136,CD4T,log1p,TMBIM6
29,1.973452732805944,1006810.9372452439,1006812.9106979768,0.9932331909676707,CD4T,log1p,TMSB10
27,2.6480075641371696,1008160.8720171927,1008163.5200247567,0.991902583397824,CD4T,log1p,TMSB4X
32,3.826742804766953,1000635.9003163311,1000639.7270591359,0.9993606819299329,CD4T,log1p,TRAM2
30,3.027675207031194,995540.855717421,995543.883392628,1.004476062463652,CD4T,log1p,TRAPPC6A
25,1.4813768160582872,998374.8245214748,998376.3058982908,1.0016263347718857,CD4T,log1p,TSC22D4
21,0.5238467422403734,1001369.0943720553,1001369.6182187975,0.9986322550695779,CD4T,log1p,TWF2
29,2.8529516825163803,990009.385439151,990012.2383908334,1.010088523375631,CD4T,log1p,TXNDC9
33,3.3184615201703593,998893.9741325934,998897.2925941136,1.0011039247118416,CD4T,log1p,UBE3C
33,5.036754245619579,999763.8289647442,999768.8657189899,1.0002311877164167,CD4T,log1p,UQCRQ
31,3.007951212299559,996875.2351423567,996878.243093569,1.0031315327905477,CD4T,log1p,USP22
35,3.2810603760795325,1013770.573967887,1013773.8550282631,0.9864132863952394,CD4T,log1p,WSB2
49,8.156724744221993,1028237.1348535479,1028245.2915782921,0.9725305899189313,CD4T,log1p,XRCC4
37,2.8278376206475566,1001300.0607233092,1001302.8885609299,0.9986988067488726,CD4T,log1p,ZNF286A
33,3.432990068495453,1003768.0483458076,1003771.4813358762,0.9962426892913346,CD4T,log1p,ZNF426
32,2.878580928806572,1009943.785755147,1009946.6643360758,0.9901512974028044,CD4T,log1p,ZNF562
24,2.2776033785282372,998236.6652152247,998238.9428186032,1.001764163975034,CD4T,log1p,ZNF593
29,1.6893265829819835,999382.7814792506,999384.4708058337,1.000615908303708,CD4T,log1p,ZNF714
192,3117.3098045057454,1000000.0,1003117.3098045057,0.9968923776172168,HCT116,additive,ACAT2
169,4146.056981503836,1000000.0,1004146.0569815037,0.9958710618314163,HCT116,additive,ACVR1B
225,1971.0386617043046,999999.9999999999,1001971.0386617042,0.998032838689293,HCT116,additive,AKT2
402,6595.579855316031,1000000.0,1006595.5798553161,0.9934476367795455,HCT116,additive,ARID1A
440,8266.054885539615,999999.9999999999,1008266.0548855396,0.9918017126080101,HCT116,additive,ATM
265,4615.982722504049,999999.9999999999,1004615.9827225038,0.995405226671793,HCT116,additive,BIRC2
198,2070.2086361216197,999999.9999999999,1002070.2086361216,0.9979340682735801,HCT116,additive,C1QBP
254,3845.367204976469,1000000.0,1003845.3672049764,0.9961693630009141,HCT116,additive,CALM3
122,564.7969440680961,1000000.0,1000564.796944068,0.9994355218714539,HCT116,additive,CASP2
120,514.5944511181503,1000000.0,1000514.5944511181,0.9994856702201326,HCT116,additive,CASP3
233,6420.603012293961,999999.9999999999,1006420.603012294,0.9936203581354787,HCT116,additive,CDCA2
182,2277.103326063856,1000000.0,1002277.1033260638,0.9977280700930838,HCT116,additive,CENPO
192,906.5590334603747,1000000.0,1000906.5590334604,0.9990942620714406,HCT116,additive,CLDN7
206,2677.5952105449705,1000000.0,1002677.5952105449,0.9973295551597694,HCT116,additive,CREG1
125,723.5319651666325,1000000.0,1000723.5319651666,0.999276991154844,HCT116,additive,DAXX
153,2958.6923389637313,999999.9999999999,1002958.6923389636,0.9970500356978175,HCT116,additive,DHCR24
187,1821.3486842910036,999999.9999999998,1001821.3486842909,0.9981819625957433,HCT116,additive,DHX36
210,2723.9875517799974,1000000.0,1002723.9875517801,0.9972834123990283,HCT116,additive,DLG5
157,3005.9332482640903,1000000.0,1003005.933248264,0.9970030753073122,HCT116,additive,DNMT1
189,3705.4689691461344,1000000.0,1003705.4689691461,0.9963082108410231,HCT116,additive,EID2
263,2861.133606555015,999999.9999999999,1002861.1336065549,0.9971470291242961,HCT116,additive,EIF4B
222,1334.4508791115722,1000000.0,1001334.4508791115,0.9986673275068685,HCT116,additive,EWSR1
184,2894.3746032872696,1000000.0,1002894.3746032873,0.9971139786236888,HCT116,additive,FOXH1
152,1007.929502161225,999999.9999999999,1001007.9295021611,0.9989930853967737,HCT116,additive,GSK3B
186,2843.175449941993,1000000.0,1002843.175449942,0.9971648852786316,HCT116,additive,HAT1
225,3517.900126691504,999999.9999999999,1003517.9001266914,0.9964944321110293,HCT116,additive,HIRA
162,1848.362923922782,999999.9999999998,1001848.3629239227,0.9981550472183952,HCT116,additive,HMGB2
186,1338.6275317048767,1000000.0,1001338.6275317047,0.9986631619964522,HCT116,additive,HMGN1
159,1515.0770588864698,999999.9999999998,1001515.0770588863,0.9984872149270727,HCT116,additive,IDE
253,1839.4628827023275,1000000.0,1001839.4628827022,0.9981639145283723,HCT116,additive,IGF2R
202,4199.525794659541,999999.9999999999,1004199.5257946595,0.995818036469061,HCT116,additive,IKBKG
224,2520.799413438064,999999.9999999999,1002520.799413438,0.9974855390382794,HCT116,additive,INSIG1
240,3157.65942679586,999999.9999999999,1003157.6594267958,0.9968522800009322,HCT116,additive,IRF3
169,3437.07888170985,999999.9999999998,1003437.0788817098,0.9965746941646403,HCT116,additive,KAT2A
133,1984.498958467763,1000000.0,1001984.4989584677,0.9980194314777019,HCT116,additive,KDM2B
151,1128.3479951801833,1000000.0,1001128.3479951802,0.9988729237390592,HCT116,additive,KIF1B
140,715.8824038620071,999999.9999999999,1000715.882403862,0.9992846297171358,HCT116,additive,KLF10
231,39234.71330075312,1000000.0,1039234.7133007532,0.9622465331473212,HCT116,additive,LRPPRC
204,4737.978772631699,1000000.0,1004737.9787726316,0.9952843638115288,HCT116,additive,LZTR1
237,4163.752226246416,1000000.0,1004163.7522262463,0.9958535127193994,HCT116,additive,MAP3K7
392,6254.147699345396,1000000.0,1006254.1476993454,0.9937847235575181,HCT116,additive,MAPKAPK2
287,3346.216405729283,1000000.0,1003346.2164057292,0.9966649434153285,HCT116,additive,MAST2
160,1594.0419593020865,1000000.0,1001594.0419593019,0.9984084949665,HCT116,additive,MAU2
522,13633.505915724336,1000000.0,1013633.5059157243,0.9865498665581228,HCT116,additive,MBTPS1
246,8204.22760453886,999999.9999999999,1008204.2276045387,0.9918625340184978,HCT116,additive,MED1
310,10781.155993039854,999999.9999999999,1010781.1559930398,0.9893338375679868,HCT116,additive,MED12
150,1759.4042032426273,1000000.0,1001759.4042032426,0.9982436858632319,HCT116,additive,MED13
172,1620.1778150559312,1000000.0,1001620.1778150559,0.9983824429150477,HCT116,additive,MED13L
239,6250.641781105616,1000000.0,1006250.6417811054,0.9937881860427522,HCT116,additive,MED24
223,3424.0253831827963,1000000.0,1003424.0253831828,0.996587658560522,HCT116,additive,METTL14
197,2301.4613451047026,1000000.0,1002301.4613451047,0.9977038232170029,HCT116,additive,METTL17
293,4817.344670695271,999999.9999999999,1004817.3446706953,0.9952057508797542,HCT116,additive,METTL3
382,9918.784805377132,999999.9999999999,1009918.7848053771,0.9901786312378688,HCT116,additive,MKI67
185,1754.9568869999603,999999.9999999999,1001754.9568869999,0.9982481175910988,HCT116,additive,MTA1
150,533.1398633992665,1000000.0,1000533.1398633993,0.9994671442232567,HCT116,additive,NCK2
235,2086.892786423206,1000000.0,1002086.8927864232,0.9979174532653348,HCT116,additive,NDUFB4
190,1325.0125863627352,1000000.0,1001325.0125863627,0.9986767407488002,HCT116,additive,NDUFB6
248,3279.8138260894593,1000000.0,1003279.8138260895,0.9967309081864394,HCT116,additive,NISCH
172,948.3044978510286,1000000.0,1000948.304497851,0.9990525939315851,HCT116,additive,NIT1
226,4403.861607430576,1000000.0,1004403.8616074305,0.9956154473556258,HCT116,additive,NRAS
252,2774.084706589202,999999.9999999999,1002774.0847065891,0.9972335895503315,HCT116,additive,OXCT1
225,3292.093950827606,1000000.0000000001,1003292.0939508277,0.9967187083694999,HCT116,additive,PAGR1
186,1225.9949797519014,1000000.0,1001225.9949797518,0.9987755062434465,HCT116,additive,PBX1
276,4005.764307921502,999999.9999999998,1004005.7643079213,0.9960102178191352,HCT116,additive,PHF10
177,2125.5274441848087,999999.9999999999,1002125.5274441846,0.9978789808402491,HCT116,additive,PHF14
894,32810.523641819454,999999.9999999999,1032810.5236418194,0.9682318073927778,HCT116,additive,PLCB3
181,1728.1308463800347,1000000.0,1001728.13084638,0.9982748504377931,HCT116,additive,PMS1
134,906.1470774894815,999999.9999999999,1000906.1470774894,0.9990946732816706,HCT116,additive,POLB
135,1242.213979591628,1000000.0,1001242.2139795916,0.9987593272015027,HCT116,additive,PRCP
160,1606.9793442229502,999999.9999999999,1001606.9793442229,0.9983955988952123,HCT116,additive,PRR12
286,3426.176141789041,1000000.0,1003426.176141789,0.9965855224596963,HCT116,additive,PTPN1
307,6672.368123609373,1000000.0,1006672.3681236093,0.9933718572845639,HCT116,additive,RAF1
131,587.7978977006816,1000000.0,1000587.7978977007,0.9994125474056993,HCT116,additive,RNF2
333,14712.791920238304,1000000.0,1014712.7919202382,0.9855005356812386,HCT116,additive,RRM1
166,1296.6493176460885,999999.9999999999,1001296.649317646,0.9987050298045742,HCT116,additive,SAFB
290,6874.939374325033,1000000.0,1006874.9393743249,0.9931720026932074,HCT116,additive,SIN3B
144,1520.7535761442666,1000000.0,1001520.7535761442,0.9984815556036017,HCT116,additive,SIX4
179,1752.2928844571088,1000000.0,1001752.292884457,0.998250772274839,HCT116,additive,SLC25A3
182,1571.3250436871326,1000000.0,1001571.3250436871,0.9984311401450929,HCT116,additive,SMAGP
258,4248.9529739152995,1000000.0,1004248.9529739153,0.9957690242431095,HCT116,additive,SMARCA4
191,2716.013299353095,1000000.0,1002716.0132993532,0.9972913434478657,HCT116,additive,SMARCA5
296,4656.436473153555,1000000.0,1004656.4364731535,0.9953651454327014,HCT116,additive,SOX2
180,13470.642166333062,1000000.0,1013470.642166333,0.9867084041649801,HCT116,additive,SSBP1
194,1273.6527286755827,1000000.0,1001273.6527286756,0.9987279673991174,HCT116,additive,STAG2
131,516.1608718069074,1000000.0,1000516.1608718069,0.999484105412793,HCT116,additive,STAT1
154,2092.0036382508906,1000000.0,1002092.0036382508,0.9979123637044748,HCT116,additive,STAT6
144,454.9161448998674,1000000.0,1000454.9161448998,0.9995452907096976,HCT116,additive,STX4
178,1366.4813525699121,999999.9999999999,1001366.4813525698,0.9986353833706078,HCT116,additive,TADA1
141,1557.608094041506,999999.9999999999,1001557.6080940415,0.9984448142758302,HCT116,additive,TARBP2
169,1365.445768979289,1000000.0000000001,1001365.4457689794,0.9986364161308454,HCT116,additive,TCF3
158,1725.5570320766467,1000000.0,1001725.5570320765,0.9982774153859176,HCT116,additive,TET1
213,8830.506296534806,1000000.0,1008830.5062965348,0.9912467889884179,HCT116,additive,TFAM
593,22327.648403051277,999999.9999999999,1022327.6484030512,0.9781599877124241,HCT116,additive,TMBIM6
204,4189.311749106775,999999.9999999998,1004189.3117491067,0.9958281653667377,HCT116,additive,TMSB10
146,732.6713044357393,1000000.0,1000732.6713044357,0.9992678651097894,HCT116,additive,TMSB4X
180,1010.2866873706478,1000000.0,1001010.2866873706,0.9989907329616822,HCT116,additive,TRAM2
165,1464.7819776965212,1000000.0,1001464.7819776965,0.9985373604703265,HCT116,additive,TRAPPC6A
234,2359.417844515332,1000000.0,1002359.4178445153,0.9976461359044353,HCT116,additive,TSC22D4
240,2582.347610653005,999999.9999999999,1002582.3476106529,0.9974243037324494,HCT116,additive,TWF2
197,3315.3299864860674,999999.9999999999,1003315.3299864861,0.9966956251066843,HCT116,additive,TXNDC9
232,5313.708565122806,999999.9999999999,1005313.7085651227,0.9947143776914105,HCT116,additive,UBE3C
195,2646.9797509027935,1000000.0,1002646.9797509029,0.9973600082537919,HCT116,additive,UQCRQ
265,2052.5093930737553,1000000.0,1002052.5093930739,0.9979516947726452,HCT116,additive,USP22
218,2150.6761021223865,1000000.0,1002150.6761021224,0.9978539393791686,HCT116,additive,WSB2
163,1093.2530020684253,1000000.0,1001093.2530020684,0.9989079408948268,HCT116,additive,XRCC4
144,876.7610165336382,999999.9999999999,1000876.7610165335,0.9991240070199622,HCT116,additive,ZNF286A
186,1648.020855796329,1000000.0,1001648.0208557964,0.9983546906483294,HCT116,additive,ZNF426
153,734.0529557728771,1000000.0,1000734.052955773,0.9992664854827266,HCT116,additive,ZNF562
175,3468.5124390272917,1000000.0,1003468.5124390272,0.9965434765555358,HCT116,additive,ZNF593
187,890.1620796592986,1000000.0,1000890.1620796592,0.999110629604142,HCT116,additive,ZNF714
0,-0.0,999672.8579487542,999672.8579487542,1.0003272491081903,HCT116,ratio,ACAT2
0,-0.0,1015292.7313970234,1015292.7313970234,0.9849376136319021,HCT116,ratio,ACVR1B
0,-0.0,989955.4065065829,989955.4065065829,1.010146511072517,HCT116,ratio,AKT2
0,-0.0,975014.1775260067,975014.1775260067,1.0256261119580765,HCT116,ratio,ARID1A
0,-0.0,969230.0362106923,969230.0362106923,1.0317468120464015,HCT116,ratio,ATM
0,-0.0,988409.4505002031,988409.4505002031,1.011726465680727,HCT116,ratio,BIRC2
0,-0.0,991167.5585459801,991167.5585459801,1.0089111486527838,HCT116,ratio,C1QBP
0,-0.0,997875.6933630151,997875.6933630151,1.0021288289223937,HCT116,ratio,CALM3
0,-0.0,993058.6629561993,993058.6629561993,1.0069898559901158,HCT116,ratio,CASP2
0,-0.0,1001117.0939222946,1001117.0939222946,0.9988841525840719,HCT116,ratio,CASP3
0,-0.0,1011371.7274379944,1011371.7274379944,0.9887561347331695,HCT116,ratio,CDCA2
0,-0.0,1002753.6023546923,1002753.6023546923,0.9972539591498587,HCT116,ratio,CENPO
0,-0.0,999163.0435769646,999163.0435769646,1.0008376575058653,HCT116,ratio,CLDN7
0,-0.0,985938.6609138141,985938.6609138141,1.0142618802199654,HCT116,ratio,CREG1
0,-0.0,991527.4265307295,991527.4265307295,1.0085449713669699,HCT116,ratio,DAXX
0,-0.0,996931.9599858735,996931.9599858735,1.00307748185159,HCT116,ratio,DHCR24
0,-0.0,1000847.9406066483,1000847.9406066483,0.9991527777874685,HCT116,ratio,DHX36
0,-0.0,986371.8143690038,986371.8143690038,1.0138164791739455,HCT116,ratio,DLG5
0,-0.0,1240133.462949189,1240133.462949189,0.8063648227198691,HCT116,ratio,DNMT1
0,-0.0,1008407.1281876126,1008407.1281876126,0.9916629623565607,HCT116,ratio,EID2
0,-0.0,984672.9885603485,984672.9885603485,1.0155655853442882,HCT116,ratio,EIF4B
0,-0.0,998418.1004865046,998418.1004865046,1.001584405884393,HCT116,ratio,EWSR1
0,-0.0,1005026.3341388003,1005026.3341388003,0.9949988035456729,HCT116,ratio,FOXH1
0,-0.0,1000604.9225755921,1000604.9225755921,0.9993954431345041,HCT116,ratio,GSK3B
0,-0.0,1009363.4245934882,1009363.4245934882,0.9907234358157377,HCT116,ratio,HAT1
0,-0.0,1002323.9511985214,1002323.9511985214,0.9976814370286746,HCT116,ratio,HIRA
0,-0.0,1002968.3736198744,1002968.3736198744,0.9970404115444229,HCT116,ratio,HMGB2
0,-0.0,988715.080135138,988715.080135138,1.011413722812157,HCT116,ratio,HMGN1
0,-0.0,1002951.983175661,1002951.983175661,0.9970567053805367,HCT116,ratio,IDE
0,-0.0,999658.7581756164,999658.7581756164,1.0003413583101162,HCT116,ratio,IGF2R
0,-0.0,992196.0630122146,992196.0630122146,1.0078653174293932,HCT116,ratio,IKBKG
0,-0.0,1017049.1717060199,1017049.1717060199,0.9832366298697031,HCT116,ratio,INSIG1
0,-0.0,1001000.4789256307,1001000.4789256307,0.9990005210320134,HCT116,ratio,IRF3
0,-0.0,1013797.9807638054,1013797.9807638054,0.9863898123436684,HCT116,ratio,KAT2A
0,-0.0,997809.5579863184,997809.5579863184,1.0021952505827887,HCT116,ratio,KDM2B
0,-0.0,991672.8495240504,991672.8495240504,1.0083970741761723,HCT116,ratio,KIF1B
0,-0.0,994950.8337822517,994950.8337822517,1.0050747896743342,HCT116,ratio,KLF10
0,-0.0,1038930.0829896514,1038930.0829896514,0.9625286786598525,HCT116,ratio,LRPPRC
0,-0.0,997871.9830325677,997871.9830325677,1.0021325550808284,HCT116,ratio,LZTR1
0,-0.0,982986.0774803332,982986.0774803332,1.0173084064051836,HCT116,ratio,MAP3K7
0,-0.0,984958.4914624703,984958.4914624703,1.0152712105818755,HCT116,ratio,MAPKAPK2
0,-0.0,978896.1042302996,978896.1042302996,1.0215588719563802,HCT116,ratio,MAST2
0,-0.0,999436.7369463113,999436.7369463113,1.0005635804977608,HCT116,ratio,MAU2
0,-0.0,993630.928963539,993630.928963539,1.0064098961201868,HCT116,ratio,MBTPS1
0,-0.0,1008394.229359647,1008394.229359647,0.9916756471673013,HCT116,ratio,MED1
0,-0.0,1014151.3847870696,1014151.3847870696,0.9860460824691958,HCT116,ratio,MED12
0,-0.0,1001933.7475723333,1001933.7475723333,0.9980699845902798,HCT116,ratio,MED13
0,-0.0,997043.7567038359,997043.7567038359,1.0029650085829105,HCT116,ratio,MED13L
0,-0.0,1006852.6393550676,1006852.6393550676,0.9931939997103677,HCT116,ratio,MED24
0,-0.0,997919.6262510398,997919.6262510398,1.0020847107264297,HCT116,ratio,METTL14
0,-0.0,1007994.5466532444,1007994.5466532444,0.992068859221721,HCT116,ratio,METTL17
0,-0.0,1004439.8809406866,1004439.8809406866,0.9955797444676047,HCT116,ratio,METTL3
0,-0.0,1023301.4468286705,1023301.4468286705,0.9772291469919403,HCT116,ratio,MKI67
0,-0.0,1011554.8624750023,1011554.8624750023,0.9885771272487083,HCT116,ratio,MTA1
0,-0.0,1004959.935399635,1004959.935399635,0.9950645441425855,HCT116,ratio,NCK2
0,-0.0,1014622.8582860229,1014622.8582860229,0.9855878879855664,HCT116,ratio,NDUFB4
0,-0.0,988794.1935396926,988794.1935396926,1.011332799619497,HCT116,ratio,NDUFB6
0,-0.0,996064.7186315947,996064.7186315947,1.0039508289921277,HCT116,ratio,NISCH
0,-0.0,996731.6268726578,996731.6268726578,1.0032790904183477,HCT116,ratio,NIT1
0,-0.0,989471.0074302589,989471.0074302589,1.010641031915716,HCT116,ratio,NRAS
0,-0.0,984328.3585828182,984328.3585828182,1.0159211520023104,HCT116,ratio,OXCT1
0,-0.0,991872.0859048073,991872.0859048073,1.0081945184371008,HCT116,ratio,PAGR1
0,-0.0,992349.3306446571,992349.3306446571,1.0077096533640757,HCT116,ratio,PBX1
0,-0.0,1017317.2192550695,1017317.2192550695,0.982977562035419,HCT116,ratio,PHF10
0,-0.0,1014111.1888089814,1014111.1888089814,0.98608516604027,HCT116,ratio,PHF14
0,-0.0,1003529.8677758387,1003529.8677758387,0.9964825483633466,HCT116,ratio,PLCB3
0,-0.0,994552.0277909774,994552.0277909774,1.0054778151939654,HCT116,ratio,PMS1
0,-0.0,999890.1975002106,999890.1975002106,1.0001098145577023,HCT116,ratio,POLB
0,-0.0,1003054.0886245137,1003054.0886245137,0.9969552104326679,HCT116,ratio,PRCP
0,-0.0,1009695.6138344744,1009695.6138344744,0.9903974884097458,HCT116,ratio,PRR12
0,-0.0,976552.080366177,976552.080366177,1.0240109258945316,HCT116,ratio,PTPN1
0,-0.0,1019869.4368952098,1019869.4368952098,0.9805176661086165,HCT116,ratio,RAF1
0,-0.0,1005959.5874075621,1005959.5874075621,0.9940757188636967,HCT116,ratio,RNF2
0,-0.0,1163423.522486173,1163423.522486173,0.8595322173502682,HCT116,ratio,RRM1
0,-0.0,992402.2942583584,992402.2942583584,1.0076558728104508,HCT116,ratio,SAFB
0,-0.0,1005697.2649755727,1005697.2649755727,0.9943350099736912,HCT116,ratio,SIN3B
0,-0.0,998069.746925554,998069.746925554,1.0019339861571719,HCT116,ratio,SIX4
0,-0.0,1001907.3503986702,1001907.3503986702,0.9980962806611697,HCT116,ratio,SLC25A3
0,-0.0,1001941.5677975402,1001941.5677975402,0.9980621945830552,HCT116,ratio,SMAGP
0,-0.0,996078.3836539525,996078.3836539525,1.0039370559690912,HCT116,ratio,SMARCA4
0,-0.0,997892.4459587978,997892.4459587978,1.0021120052063097,HCT116,ratio,SMARCA5
0,-0.0,1006335.483618605,1006335.483618605,0.9937044020391453,HCT116,ratio,SOX2
0,-0.0,1013916.7779428615,1013916.7779428615,0.986274240405512,HCT116,ratio,SSBP1
0,-0.0,995164.6705783721,995164.6705783721,1.0048588234335305,HCT116,ratio,STAG2
0,-0.0,1011687.6670166983,1011687.6670166983,0.9884473564344584,HCT116,ratio,STAT1
0,-0.0,1003114.4660179014,1003114.4660179014,0.9968952037644666,HCT116,ratio,STAT6
0,-0.0,991847.6013559971,991847.6013559971,1.0082194065225922,HCT116,ratio,STX4
0,-0.0,1004170.2488431461,1004170.2488431461,0.9958470699087625,HCT116,ratio,TADA1
0,-0.0,1001314.1326471604,1001314.1326471604,0.998687592030998,HCT116,ratio,TARBP2
0,-0.0,994839.9457736592,994839.9457736592,1.0051868184910167,HCT116,ratio,TCF3
0,-0.0,998059.0001818934,998059.0001818934,1.0019447746253005,HCT116,ratio,TET1
0,-0.0,1022105.8013832313,1022105.8013832313,0.9783722963382898,HCT116,ratio,TFAM
0,-0.0,1162734.7183876552,1162734.7183876552,0.8600414042737825,HCT116,ratio,TMBIM6
0,-0.0,1007175.1156793961,1007175.1156793961,0.9928759998458102,HCT116,ratio,TMSB10
0,-0.0,999003.4513913934,999003.4513913934,1.0009975427084046,HCT116,ratio,TMSB4X
0,-0.0,993750.0896781695,993750.0896781695,1.006289217366365,HCT116,ratio,TRAM2
0,-0.0,994410.039217814,994410.039217814,1.0056213840988402,HCT116,ratio,TRAPPC6A
0,-0.0,1018894.8149336808,1018894.8149336808,0.9814555784790104,HCT116,ratio,TSC22D4
0,-0.0,998227.1176455324,998227.1176455324,1.0017760310485746,HCT116,ratio,TWF2
0,-0.0,1002601.0526622261,1002601.0526622261,0.9974056952610219,HCT116,ratio,TXNDC9
0,-0.0,1000748.9440362683,1000748.9440362683,0.99925161646112,HCT116,ratio,UBE3C
0,-0.0,983338.8206415848,983338.8206415848,1.01694347767898,HCT116,ratio,UQCRQ
0,-0.0,984095.8073942537,984095.8073942537,1.0161612238221585,HCT116,ratio,USP22
0,-0.0,1005424.8258237536,1005424.8258237536,0.9946044441270793,HCT116,ratio,WSB2
0,-0.0,988734.8539786034,988734.8539786034,1.0113934954108945,HCT116,ratio,XRCC4
0,-0.0,997062.3122419667,997062.3122419667,1.0029463431943664,HCT116,ratio,ZNF286A
0,-0.0,1005112.2227613404,1005112.2227613404,0.9949137791327464,HCT116,ratio,ZNF426
0,-0.0,995156.9130902358,995156.9130902358,1.0048666565503979,HCT116,ratio,ZNF562
0,-0.0,999664.7916673064,999664.7916673064,1.000335320734998,HCT116,ratio,ZNF593
0,-0.0,987257.6063755872,987257.6063755872,1.012906857888077,HCT116,ratio,ZNF714
52,5.94891890200852,1003242.9076067465,1003248.8565256486,0.9967616643622205,HCT116,log1p,ACAT2
55,6.632902696939356,1011592.5857510162,1011599.2186537131,0.9885337805330159,HCT116,log1p,ACVR1B
55,5.677743529421391,996686.0993690835,996691.777112613,1.0033192035525476,HCT116,log1p,AKT2
95,26.557472592272738,983822.6450215874,983849.2024941796,1.016415927832107,HCT116,log1p,ARID1A
118,39.4084345606162,977560.5188851963,977599.927319757,1.0229133330048994,HCT116,log1p,ATM
68,11.984106223225066,994583.1672828442,994595.1513890673,1.0054342197459782,HCT116,log1p,BIRC2
50,4.830050310400194,993790.559721357,993795.3897716673,1.0062433477677515,HCT116,log1p,C1QBP
61,12.408769003787004,994029.5831250325,994041.9918940363,1.0059937187307464,HCT116,log1p,CALM3
39,2.610480672690996,998025.8455886915,998028.4560693642,1.0019754385946074,HCT116,log1p,CASP2
39,2.2674958806377865,999916.8634939215,999919.1309898022,1.0000808755505235,HCT116,log1p,CASP3
62,9.98902706214093,1004699.1279574428,1004709.116984505,0.9953129548593739,HCT116,log1p,CDCA2
55,8.472671521348165,1000023.0533422959,1000031.5260138172,0.999968474980041,HCT116,log1p,CENPO
55,5.953075517356627,991542.6440069994,991548.5970825169,1.008523437925635,HCT116,log1p,CLDN7
60,6.6412020999979156,992813.3848500706,992820.0260521707,1.0072318987927547,HCT116,log1p,CREG1
45,3.205381945406134,994770.003574246,994773.2089561915,1.005254253931198,HCT116,log1p,DAXX
48,4.6908777444253875,998954.043118174,998958.7339959184,1.0010423513691267,HCT116,log1p,DHCR24
59,7.892544508565367,1003429.4226998917,1003437.3152444002,0.996574459418461,HCT116,log1p,DHX36
59,9.222888944415196,994269.2361331425,994278.4590220868,1.0057544653874333,HCT116,log1p,DLG5
32,2.5049281238814496,1029028.8845938891,1029031.389522013,0.9717876540816718,HCT116,log1p,DNMT1
41,3.929638519190335,1001469.8093018115,1001473.7389403306,0.9985284297700208,HCT116,log1p,EID2
69,13.948183945878508,990965.5411885637,990979.4893725095,1.009102620916203,HCT116,log1p,EIF4B
54,9.578705124053993,991477.8489928844,991487.4276980085,1.0085856583393655,HCT116,log1p,EWSR1
48,4.7706016550199,1009334.280739127,1009339.051340782,0.9907473595434793,HCT116,log1p,FOXH1
47,4.3547923743765145,998026.6378992823,998030.9926916566,1.0019728919470057,HCT116,log1p,GSK3B
54,6.875134749469827,1007055.3960729562,1007062.2712077055,0.9929872547015031,HCT116,log1p,HAT1
62,9.931009277356281,1005753.169587353,1005763.1005966302,0.9942699224169076,HCT116,log1p,HIRA
49,4.980189990590052,1002733.2937895535,1002738.2739795439,0.9972692036889381,HCT116,log1p,HMGB2
43,5.18315612587849,997069.878819861,997075.0619759869,1.002933518383477,HCT116,log1p,HMGN1
46,4.835005392338902,999629.5295638784,999634.3645692708,1.000365769168897,HCT116,log1p,IDE
67,10.815040068611859,996955.7624653699,996966.5775054386,1.003042652144018,HCT116,log1p,IGF2R
51,5.0191066376368925,996261.5376673925,996266.5567740302,1.0037474340582695,HCT116,log1p,IKBKG
64,9.369082124850724,1006884.7712455976,1006894.1403277224,0.9931530634139171,HCT116,log1p,INSIG1
65,11.295991982974254,1003734.268046166,1003745.5640381491,0.9962684128604461,HCT116,log1p,IRF3
40,4.624057816748001,1011119.5783321953,1011124.202390012,0.9889981840374135,HCT116,log1p,KAT2A
40,2.889763549027688,999040.4456180951,999043.3353816441,1.0009575807019326,HCT116,log1p,KDM2B
41,3.9013045984024215,998627.1449347817,998631.04623938,1.0013708303640019,HCT116,log1p,KIF1B
44,3.1166909017865683,997745.2662397644,997748.3829306662,1.0022566982897232,HCT116,log1p,KLF10
74,16.077897172137124,1043219.4129299473,1043235.4908271194,0.9585563458995815,HCT116,log1p,LRPPRC
62,9.680898537992945,1001818.8750369393,1001828.5559354774,0.9981747815785008,HCT116,log1p,LZTR1
57,8.202756119689544,988254.1346710122,988262.3374271321,1.0118770716320387,HCT116,log1p,MAP3K7
93,25.371412118255826,994586.1369999971,994611.5084121153,1.0054176847365133,HCT116,log1p,MAPKAPK2
61,10.015884686034887,984632.8534888997,984642.8693735857,1.015596650424315,HCT116,log1p,MAST2
45,3.8479338768557283,1002811.1276133585,1002814.9755472355,0.997192926296599,HCT116,log1p,MAU2
153,61.34624566774072,1002731.823635282,1002793.1698809498,0.9972146101859855,HCT116,log1p,MBTPS1
55,6.550298727150219,1005406.9926562083,1005413.5429549357,0.9946156056949211,HCT116,log1p,MED1
56,9.246280844798633,1018026.4354747563,1018035.6817556011,0.9822838412456245,HCT116,log1p,MED12
46,4.5551143724968925,1000768.2542020304,1000772.8093164028,0.999227787456645,HCT116,log1p,MED13
47,5.9185296656820645,1000518.7571900616,1000524.6757197273,0.9994755994205242,HCT116,log1p,MED13L
45,6.067799950029941,1010496.4179653164,1010502.4857652665,0.9896066700347473,HCT116,log1p,MED24
44,4.132085313696418,998125.2176605067,998129.3497458205,1.0018741561448483,HCT116,log1p,METTL14
58,9.811766946248689,994945.9862247945,994955.7979917408,1.0050697749773816,HCT116,log1p,METTL17
64,13.562064754989533,1001804.2346958953,1001817.7967606504,0.9981855016286114,HCT116,log1p,METTL3
86,20.663793295530198,1017401.8415165734,1017422.5053098691,0.9828758404508039,HCT116,log1p,MKI67
45,4.689057719883877,1007728.3588786599,1007733.0479363799,0.992326293206107,HCT116,log1p,MTA1
41,3.7362307842549827,994472.7685137389,994476.5047445232,1.0055541737075988,HCT116,log1p,NCK2
61,10.026211289844866,995956.3456158622,995966.3718271521,1.0040499642226353,HCT116,log1p,NDUFB4
55,6.657416861721085,993815.115433626,993821.7728504877,1.0062166349322292,HCT116,log1p,NDUFB6
64,9.324556723547254,1002168.0295679158,1002177.3541246394,0.9978273764462167,HCT116,log1p,NISCH
44,3.6539741433489996,1000084.0993130525,1000087.7532871959,0.9999122544127678,HCT116,log1p,NIT1
53,10.548672649399368,998943.1472213536,998953.6958940029,1.0010474000049228,HCT116,log1p,NRAS
65,13.647125422895815,990324.4102888855,990338.0574143084,1.009756206492678,HCT116,log1p,OXCT1
62,11.26778052336121,997793.7716283854,997805.0394089087,1.0021997890413459,HCT116,log1p,PAGR1
48,6.89477751807464,999225.844733894,999232.7395114121,1.0007678496292696,HCT116,log1p,PBX1
71,14.472452436869089,1010952.6653379367,1010967.1377903735,0.9891518355242052,HCT116,log1p,PHF10
45,5.459850728693091,1006521.6770409681,1006527.1368916968,0.9935151903486144,HCT116,log1p,PHF14
514,233.84590862218027,1013288.3131932684,1013522.1591018906,0.9866582501621148,HCT116,log1p,PLCB3
50,5.663817285798311,1001243.3809575909,1001249.0447748767,0.9987525133917531,HCT116,log1p,PMS1
41,2.527846355481039,1001341.6452509144,1001344.1730972698,0.998657631278652,HCT116,log1p,POLB
42,2.6228725599612557,1006131.7871819324,1006134.4100544923,0.9939029914957783,HCT116,log1p,PRCP
44,3.095726180500152,1006686.9366677612,1006690.0323939418,0.993354426706667,HCT116,log1p,PRR12
65,10.340142307318052,984517.2863045294,984527.6264468366,1.0157155301055423,HCT116,log1p,PTPN1
77,19.628390524535526,1009931.1636051164,1009950.7919956408,0.990147250663591,HCT116,log1p,RAF1
41,4.105935239208863,998945.3655214382,998949.4714566775,1.0010516333141362,HCT116,log1p,RNF2
70,18.64838973090213,1029960.8959635572,1029979.5443532881,0.9708930681996097,HCT116,log1p,RRM1
52,5.215943526005649,994408.6141170352,994413.8300605612,1.0056175505313503,HCT116,log1p,SAFB
72,10.899214938954268,1004801.5411308256,1004812.4403457646,0.995210608316007,HCT116,log1p,SIN3B
39,3.3179043399308457,1000550.4339084859,1000553.7518128259,0.9994465546585353,HCT116,log1p,SIX4
45,4.098756245652133,1001668.3678488382,1001672.4666050838,0.9983303258691415,HCT116,log1p,SLC25A3
51,5.047710847228851,1002321.2429283556,1002326.2906392028,0.9976791084291331,HCT116,log1p,SMAGP
65,13.551856283260003,1001438.9198872088,1001452.4717434922,0.9985496348708757,HCT116,log1p,SMARCA4
50,5.593869944112977,994260.5048461605,994266.0987161048,1.0057669685120507,HCT116,log1p,SMARCA5
70,13.871954383134087,998893.163576441,998907.0355308241,1.0010941603475594,HCT116,log1p,SOX2
55,8.52302467310659,1017079.1342899499,1017087.657314623,0.9831994251510839,HCT116,log1p,SSBP1
52,6.317112373877514,998553.0055742948,998559.3226866687,1.001442755858966,HCT116,log1p,STAG2
35,2.154994327558261,1004876.8271447867,1004878.9821391144,0.9951447067499328,HCT116,log1p,STAT1
39,3.337744861928242,1004359.8087254348,1004363.1464702967,0.9956558078762344,HCT116,log1p,STAT6
40,3.459722522961328,995705.8908683448,995709.3505908677,1.0043091384113108,HCT116,log1p,STX4
55,7.3117985410502415,1006056.2845136067,1006063.5963121478,0.9939729492903087,HCT116,log1p,TADA1
42,2.9658268559954557,1001252.0580547432,1001255.0238815993,0.9987465492290526,HCT116,log1p,TARBP2
55,5.909963136296858,1000932.9033551654,1000938.8133183017,0.9990620672254787,HCT116,log1p,TCF3
45,6.0908471089961145,1000811.437047998,1000817.5278951069,0.9991831399108024,HCT116,log1p,TET1
64,8.396107406385884,1007549.5608912194,1007557.9569986258,0.9924987372228791,HCT116,log1p,TFAM
175,63.19399341257166,1037407.163463538,1037470.3574569505,0.9638829609081093,HCT116,log1p,TMBIM6
51,7.2939418237304645,996953.3842205361,996960.6781623599,1.0030485874761303,HCT116,log1p,TMSB10
48,4.222066322105096,996102.2560779855,996106.4781443075,1.0039087406227354,HCT116,log1p,TMSB4X
48,4.993112122971899,995459.5505535463,995464.5436656692,1.0045561204195477,HCT116,log1p,TRAM2
42,3.835474246215102,997525.3700686146,997529.2055428608,1.0024769144035182,HCT116,log1p,TRAPPC6A
58,8.648417183474525,1000237.9825941972,1000246.6310113806,0.9997534298004771,HCT116,log1p,TSC22D4
61,10.155479505841878,1004224.639589586,1004234.7950690917,0.9957830627957873,HCT116,log1p,TWF2
46,6.221206948789086,1004694.4998494701,1004700.721056419,0.9953212723372227,HCT116,log1p,TXNDC9
57,9.141066349182266,1000521.6487038564,1000530.7897702055,0.9994694918181104,HCT116,log1p,UBE3C
40,3.3332312105203536,985958.1741692692,985961.5074004797,1.0142383779631856,HCT116,log1p,UQCRQ
62,9.65988083128012,988551.8945041224,988561.5543849536,1.011570797553586,HCT116,log1p,USP22
62,10.60735845437437,1009721.1923750653,1009731.7997335196,0.9903619953971066,HCT116,log1p,WSB2
37,3.183131339286354,994086.6575705081,994089.8407018475,1.005945296950203,HCT116,log1p,XRCC4
38,3.766116961751232,1001038.3837979247,1001042.1499148866,0.9989589350308824,HCT116,log1p,ZNF286A
55,5.346875174476915,1000680.3797424563,1000685.7266176307,0.9993147432811413,HCT116,log1p,ZNF426
47,4.4245673077710475,996649.3841972889,996653.8087645967,1.00335742582427,HCT116,log1p,ZNF562
45,4.662877019933593,1000578.7210354831,1000583.383912503,0.9994169562258551,HCT116,log1p,ZNF593
50,5.009012977727126,992976.5861682796,992981.5951812573,1.0070680109810712,HCT116,log1p,ZNF714
244,1540.8003963906758,999999.9999999999,1001540.8003963906,0.9984615700171368,HEK293T,additive,ACAT2
174,3343.510015309461,1000000.0,1003343.5100153094,0.9966676317911715,HEK293T,additive,ACVR1B
193,1430.0115137252583,1000000.0,1001430.0115137252,0.9985720304991024,HEK293T,additive,AKT2
315,4101.856697915493,999999.9999999999,1004101.8566979155,0.995914899797711,HEK293T,additive,ARID1A
654,12986.132673691729,999999.9999999999,1012986.1326736916,0.9871803450661109,HEK293T,additive,ATM
185,1041.935686149555,1000000.0,1001041.9356861494,0.9989591488138454,HEK293T,additive,BIRC2
166,1359.421801929849,1000000.0,1001359.4218019298,0.9986424237168673,HEK293T,additive,C1QBP
191,1507.4288674096185,1000000.0,1001507.4288674097,0.9984948400541428,HEK293T,additive,CALM3
117,356.4836838935108,999999.9999999999,1000356.4836838933,0.9996436433514375,HEK293T,additive,CASP2
132,323.94161786261776,999999.9999999999,1000323.9416178626,0.9996761632863264,HEK293T,additive,CASP3
226,1652.0454642337436,1000000.0,1001652.0454642336,0.9983506792885668,HEK293T,additive,CDCA2
192,2031.4456821496547,999999.9999999999,1002031.4456821496,0.9979726727230933,HEK293T,additive,CENPO
169,675.8726611652284,1000000.0,1000675.8726611652,0.9993245838341562,HEK293T,additive,CLDN7
196,2597.23120106948,1000000.0,1002597.2312010694,0.9974094969343192,HEK293T,additive,CREG1
157,2322.317136261631,999999.9999999999,1002322.3171362616,0.9976830635250179,HEK293T,additive,DAXX
259,4484.15262491434,1000000.0,1004484.1526249143,0.9955358652367025,HEK293T,additive,DHCR24
189,1647.8908927051252,1000000.0,1001647.8908927052,0.9983548201841302,HEK293T,additive,DHX36
189,1852.6808474830832,999999.9999999998,1001852.680847483,0.9981507452314089,HEK293T,additive,DLG5
128,1174.7328914141044,999999.9999999998,1001174.732891414,0.9988266454867261,HEK293T,additive,DNMT1
236,1938.439402625562,1000000.0,1001938.4394026257,0.998065310875006,HEK293T,additive,EID2
259,2336.740753601345,1000000.0,1002336.7407536013,0.9976687068740547,HEK293T,additive,EIF4B
309,4570.135816583046,1000000.0,1004570.135816583,0.9954506553065426,HEK293T,additive,EWSR1
160,760.6496184132193,1000000.0,1000760.6496184132,0.9992399285296607,HEK293T,additive,FOXH1
163,1367.2343580980755,999999.9999999998,1001367.2343580979,0.9986346324193698,HEK293T,additive,GSK3B
149,731.5796140633995,1000000.0,1000731.5796140633,0.9992689552034069,HEK293T,additive,HAT1
198,1541.3695866588482,1000000.0,1001541.3695866588,0.9984610025771627,HEK293T,additive,HIRA
186,1197.0358456263007,1000000.0,1001197.0358456263,0.9988043953360137,HEK293T,additive,HMGB2
236,1755.151904878449,1000000.0,1001755.1519048784,0.9982479232559563,HEK293T,additive,HMGN1
174,922.5817332272154,1000000.0,1000922.5817332272,0.9990782686392891,HEK293T,additive,IDE
340,8959.117991504503,1000000.0,1008959.1179915045,0.9911204350783419,HEK293T,additive,IGF2R
156,1403.5807366462768,1000000.0,1001403.5807366462,0.9985983865410051,HEK293T,additive,IKBKG
159,999.4794721833898,999999.9999999998,1000999.4794721834,0.9990015184895896,HEK293T,additive,INSIG1
213,2475.5155114178565,1000000.0,1002475.5155114178,0.997530597532694,HEK293T,additive,IRF3
137,2329.319336340497,1000000.0,1002329.3193363404,0.9976760937833459,HEK293T,additive,KAT2A
178,1404.5038901632638,1000000.0,1001404.503890163,0.9985974659743321,HEK293T,additive,KDM2B
137,475.3295092368895,999999.9999999999,1000475.3295092367,0.9995248963215616,HEK293T,additive,KIF1B
133,1067.2170466634184,1000000.0,1001067.2170466634,0.9989339206913479,HEK293T,additive,KLF10
276,21627.767848810567,999999.9999999999,1021627.7678488105,0.9788300900489901,HEK293T,additive,LRPPRC
204,6156.3015981963,1000000.0,1006156.3015981963,0.9938813665546621,HEK293T,additive,LZTR1
208,2078.3423419082524,1000000.0,1002078.3423419083,0.9979259682061873,HEK293T,additive,MAP3K7
364,5718.075748802651,1000000.0,1005718.0757488025,0.994314434744006,HEK293T,additive,MAPKAPK2
346,6408.028774503205,999999.9999999999,1006408.028774503,0.993632772601878,HEK293T,additive,MAST2
210,1214.9404140640413,1000000.0,1001214.940414064,0.9987865338749724,HEK293T,additive,MAU2
561,16347.681816919277,999999.9999999999,1016347.6818169192,0.9839152662918514,HEK293T,additive,MBTPS1
243,1805.8293639499855,1000000.0,1001805.8293639498,0.9981974257775118,HEK293T,additive,MED1
373,6727.146667284696,1000000.0000000001,1006727.1466672847,0.9933178054356093,HEK293T,additive,MED12
196,2974.373023971937,1000000.0,1002974.3730239719,0.9970344476349837,HEK293T,additive,MED13
156,1678.721214250593,999999.9999999999,1001678.7212142504,0.9983240921677806,HEK293T,additive,MED13L
175,3662.117772879794,1000000.0,1003662.1177728798,0.9963512443998525,HEK293T,additive,MED24
194,810.1211324570247,1000000.0,1000810.1211324569,0.9991905346325433,HEK293T,additive,METTL14
206,5841.500141109619,999999.9999999998,1005841.5001411096,0.9941924248101812,HEK293T,additive,METTL17
252,2008.8958332235372,1000000.0,1002008.8958332235,0.9979951317382737,HEK293T,additive,METTL3
362,6605.60829051112,999999.9999999999,1006605.6082905112,0.9934377394322993,HEK293T,additive,MKI67
173,1036.4960354997675,999999.9999999998,1001036.4960354997,0.9989645771761523,HEK293T,additive,MTA1
220,1664.2952952954765,999999.9999999999,1001664.2952952953,0.9983384699812978,HEK293T,additive,NCK2
218,2685.833010598983,999999.9999999999,1002685.8330105989,0.9973213613654692,HEK293T,additive,NDUFB4
191,989.500686011861,999999.9999999999,1000989.5006860117,0.999011477457722,HEK293T,additive,NDUFB6
246,3589.1813447311233,999999.9999999998,1003589.181344731,0.996423654806719,HEK293T,additive,NISCH
160,637.9118289678668,1000000.0,1000637.9118289677,0.9993624948431129,HEK293T,additive,NIT1
209,3870.002443585236,999999.9999999999,1003870.0024435851,0.9961449167380588,HEK293T,additive,NRAS
220,1915.0441990102286,999999.9999999998,1001915.0441990101,0.998088616185476,HEK293T,additive,OXCT1
241,1322.1156498606674,999999.9999999999,1001322.1156498606,0.9986796300319378,HEK293T,additive,PAGR1
230,1185.6911918410165,1000000.0,1001185.6911918409,0.9988157130068155,HEK293T,additive,PBX1
358,8468.680587312496,999999.9999999999,1008468.6805873123,0.9916024357024352,HEK293T,additive,PHF10
182,921.4473373699373,999999.9999999999,1000921.4473373699,0.999079400946177,HEK293T,additive,PHF14
983,30108.675894455075,1000000.0,1030108.675894455,0.9707713597613268,HEK293T,additive,PLCB3
220,2751.6051203019542,1000000.0,1002751.605120302,0.9972559454342914,HEK293T,additive,PMS1
184,1393.1060627998854,1000000.0,1001393.1060627999,0.9986088319818006,HEK293T,additive,POLB
111,587.601229932544,1000000.0,1000587.6012299324,0.999412743842508,HEK293T,additive,PRCP
158,552.2540744372297,1000000.0,1000552.2540744373,0.9994480507417894,HEK293T,additive,PRR12
254,5284.789441326236,1000000.0,1005284.7894413262,0.99474299273516,HEK293T,additive,PTPN1
411,5963.866028867205,999999.9999999999,1005963.866028867,0.9940714908057187,HEK293T,additive,RAF1
156,795.6453827633088,1000000.0,1000795.6453827634,0.9992049871655276,HEK293T,additive,RNF2
248,6286.219669486904,1000000.0,1006286.2196694869,0.993753050030287,HEK293T,additive,RRM1
174,635.4451483629059,1000000.0,1000635.4451483628,0.99936495838575,HEK293T,additive,SAFB
259,10758.746210705733,999999.9999999999,1010758.7462107056,0.9893557723333687,HEK293T,additive,SIN3B
139,464.5391747382418,1000000.0,1000464.5391747383,0.999535676521707,HEK293T,additive,SIX4
142,933.269041408113,1000000.0,1000933.269041408,0.9990676011375845,HEK293T,additive,SLC25A3
168,1044.5161302262475,999999.9999999998,1001044.5161302261,0.9989565737453276,HEK293T,additive,SMAGP
236,2889.126608099975,999999.9999999998,1002889.1266080998,0.9971191963982388,HEK293T,additive,SMARCA4
129,994.0766223778179,999999.9999999999,1000994.0766223776,0.9990069105845941,HEK293T,additive,SMARCA5
430,7748.9385047792275,1000000.0,1007748.938504779,0.9923106458278425,HEK293T,additive,SOX2
206,16299.494929179538,999999.9999999999,1016299.4949291794,0.9839619177117517,HEK293T,additive,SSBP1
222,4105.970886194516,999999.9999999998,1004105.9708861944,0.9959108191712369,HEK293T,additive,STAG2
131,902.7621849594148,1000000.0,1000902.7621849594,0.9990980520595341,HEK293T,additive,STAT1
152,496.627465370673,1000000.0,1000496.6274653706,0.999503619051042,HEK293T,additive,STAT6
143,841.5401203010263,1000000.0,1000841.540120301,0.9991591674740041,HEK293T,additive,STX4
279,2438.595091309115,999999.9999999999,1002438.5950913089,0.9975673371882825,HEK293T,additive,TADA1
145,719.7040353652621,999999.9999999999,1000719.7040353653,0.9992808135660135,HEK293T,additive,TARBP2
164,996.8579626848898,999999.9999999999,1000996.8579626847,0.9990041347734961,HEK293T,additive,TCF3
181,773.5907723194287,1000000.0,1000773.5907723194,0.9992270072077718,HEK293T,additive,TET1
181,8108.230776616811,1000000.0,1008108.2307766167,0.9919569838544317,HEK293T,additive,TFAM
544,9323.687680353032,999999.9999999999,1009323.687680353,0.9907624404399139,HEK293T,additive,TMBIM6
206,2346.5419212887914,999999.9999999998,1002346.5419212887,0.99765895144728,HEK293T,additive,TMSB10
133,691.3968592736775,999999.9999999999,1000691.3968592735,0.9993090808400636,HEK293T,additive,TMSB4X
176,3296.298468503832,1000000.0,1003296.2984685039,0.9967145314165561,HEK293T,additive,TRAM2
165,951.2639582073165,999999.9999999999,1000951.2639582073,0.9990496400849272,HEK293T,additive,TRAPPC6A
235,1560.9532435905726,1000000.0,1001560.9532435907,0.998441479533986,HEK293T,additive,TSC22D4
281,3630.0750258387097,1000000.0,1003630.0750258387,0.9963830547567586,HEK293T,additive,TWF2
210,4076.0288016889135,1000000.0,1004076.0288016889,0.9959405177648216,HEK293T,additive,TXNDC9
205,1284.8283432125024,999999.9999999999,1001284.8283432124,0.9987168203224068,HEK293T,additive,UBE3C
164,1344.9367577920198,1000000.0,1001344.936757792,0.9986568696675626,HEK293T,additive,UQCRQ
220,4404.594189429204,999999.9999999999,1004404.5941894292,0.995614721184162,HEK293T,additive,USP22
167,1057.1484056367049,999999.9999999998,1001057.1484056365,0.998943967976933,HEK293T,additive,WSB2
148,512.0462083515861,1000000.0,1000512.0462083516,0.9994882158487826,HEK293T,additive,XRCC4
163,2226.1392818484182,999999.9999999999,1002226.1392818484,0.9977788054066884,HEK293T,additive,ZNF286A
184,1093.644068434365,1000000.0,1001093.6440684344,0.998907550682282,HEK293T,additive,ZNF426
165,1074.2507559226792,999999.9999999999,1001074.2507559225,0.9989269020203932,HEK293T,additive,ZNF562
154,524.3740796646894,1000000.0,1000524.3740796646,0.9994759007444002,HEK293T,additive,ZNF593
159,1546.1662607476298,999999.9999999999,1001546.1662607476,0.998456220678753,HEK293T,additive,ZNF714
0,-0.0,999476.0365765789,999476.0365765789,1.0005242381050132,HEK293T,ratio,ACAT2
0,-0.0,1007406.5101935293,1007406.5101935293,0.9926479428923817,HEK293T,ratio,ACVR1B
0,-0.0,1003386.2106415123,1003386.2106415123,0.9966252170843096,HEK293T,ratio,AKT2
0,-0.0,995852.0966171282,995852.0966171282,1.0041651801476967,HEK293T,ratio,ARID1A
0,-0.0,990141.0744059728,990141.0744059728,1.0099570918214276,HEK293T,ratio,ATM
0,-0.0,997479.6832438214,997479.6832438214,1.0025266848022232,HEK293T,ratio,BIRC2
0,-0.0,999489.877623515,999489.877623515,1.0005103827341384,HEK293T,ratio,C1QBP
0,-0.0,998839.2435424734,998839.2435424734,1.0011621053788493,HEK293T,ratio,CALM3
0,-0.0,998747.3547788613,998747.3547788613,1.0012542163092046,HEK293T,ratio,CASP2
0,-0.0,998495.911295129,998495.911295129,1.0015063543955027,HEK293T,ratio,CASP3
0,-0.0,996402.3739088401,996402.3739088401,1.0036106157365388,HEK293T,ratio,CDCA2
0,-0.0,998646.3551856407,998646.3551856407,1.0013554796523616,HEK293T,ratio,CENPO
0,-0.0,1001441.9946654738,1001441.9946654738,0.9985600816890493,HEK293T,ratio,CLDN7
0,-0.0,1007287.1306932641,1007287.1306932641,0.9927655874167193,HEK293T,ratio,CREG1
0,-0.0,995808.6861333151,995808.6861333151,1.0042089549177962,HEK293T,ratio,DAXX
0,-0.0,995283.2862429493,995283.2862429493,1.0047390665775726,HEK293T,ratio,DHCR24
0,-0.0,1010920.6945267938,1010920.6945267938,0.9891972786926617,HEK293T,ratio,DHX36
0,-0.0,998858.3122476682,998858.3122476682,1.0011429926930906,HEK293T,ratio,DLG5
0,-0.0,1012951.1009830337,1012951.1009830337,0.9872144855062943,HEK293T,ratio,DNMT1
0,-0.0,1001444.9293283875,1001444.9293283875,0.9985571554799758,HEK293T,ratio,EID2
0,-0.0,1006079.7362359818,1006079.7362359818,0.9939570035882764,HEK293T,ratio,EIF4B
0,-0.0,1000223.5227801377,1000223.5227801377,0.9997765271711303,HEK293T,ratio,EWSR1
0,-0.0,1001849.6363545493,1001849.6363545493,0.9981537784838854,HEK293T,ratio,FOXH1
0,-0.0,995265.9310896912,995265.9310896912,1.0047565869205686,HEK293T,ratio,GSK3B
0,-0.0,998779.923130462,998779.923130462,1.0012215672755156,HEK293T,ratio,HAT1
0,-0.0,996866.780610979,996866.780610979,1.003143067308453,HEK293T,ratio,HIRA
0,-0.0,996728.7940101475,996728.7940101475,1.0032819418978471,HEK293T,ratio,HMGB2
0,-0.0,995351.5642585455,995351.5642585455,1.0046701446085706,HEK293T,ratio,HMGN1
0,-0.0,990166.8176168606,990166.8176168606,1.009930834085923,HEK293T,ratio,IDE
0,-0.0,997897.7184096677,997897.7184096677,1.0021067104890096,HEK293T,ratio,IGF2R
0,-0.0,1001420.2993183297,1001420.2993183297,0.9985817150707885,HEK293T,ratio,IKBKG
0,-0.0,999801.7847294168,999801.7847294168,1.000198254567666,HEK293T,ratio,INSIG1
0,-0.0,990832.88671797,990832.88671797,1.009251926742556,HEK293T,ratio,IRF3
0,-0.0,1012584.6036640783,1012584.6036640783,0.9875718003033619,HEK293T,ratio,KAT2A
0,-0.0,999711.5519946889,999711.5519946889,1.0002885312315692,HEK293T,ratio,KDM2B
0,-0.0,1000938.2228741215,1000938.2228741215,0.999062656562932,HEK293T,ratio,KIF1B
0,-0.0,999023.8618287479,999023.8618287479,1.0009770919479994,HEK293T,ratio,KLF10
0,-0.0,1031319.1506541362,1031319.1506541362,0.9696319508521961,HEK293T,ratio,LRPPRC
0,-0.0,1004677.0916328828,1004677.0916328828,0.9953446817173056,HEK293T,ratio,LZTR1
0,-0.0,998734.5962328383,998734.5962328383,1.0012670070426464,HEK293T,ratio,MAP3K7
0,-0.0,997450.8351413007,997450.8351413007,1.0025556797076,HEK293T,ratio,MAPKAPK2
0,-0.0,1005727.2615102569,1005727.2615102569,0.9943053532210546,HEK293T,ratio,MAST2
0,-0.0,998378.2569341217,998378.2569341217,1.0016243773886446,HEK293T,ratio,MAU2
0,-0.0,1002105.5800431613,1002105.5800431613,0.9978988441087508,HEK293T,ratio,MBTPS1
0,-0.0,993130.0448285923,993130.0448285923,1.0069174779347183,HEK293T,ratio,MED1
0,-0.0,992683.2819426332,992683.2819426332,1.007370647003391,HEK293T,ratio,MED12
0,-0.0,1000164.7321811249,1000164.7321811249,0.9998352949510971,HEK293T,ratio,MED13
0,-0.0,1003133.891375308,1003133.891375308,0.9968758992171908,HEK293T,ratio,MED13L
0,-0.0,1008021.2847880137,1008021.2847880137,0.9920425442308983,HEK293T,ratio,MED24
0,-0.0,996206.3738618772,996206.3738618772,1.0038080725416527,HEK293T,ratio,METTL14
0,-0.0,1005942.7562975397,1005942.7562975397,0.994092351418273,HEK293T,ratio,METTL17
0,-0.0,996141.551564786,996141.551564786,1.0038733937251718,HEK293T,ratio,METTL3
0,-0.0,991345.9180132428,991345.9180132428,1.0087296289110677,HEK293T,ratio,MKI67
0,-0.0,1000215.4980202977,1000215.4980202977,0.9997845484090936,HEK293T,ratio,MTA1
0,-0.0,993009.0328418263,993009.0328418263,1.0070401848593127,HEK293T,ratio,NCK2
0,-0.0,991873.1891602236,991873.1891602236,1.0081933970275545,HEK293T,ratio,NDUFB4
0,-0.0,997925.1179191368,997925.1179191368,1.0020791961677342,HEK293T,ratio,NDUFB6
0,-0.0,992228.6096010543,992228.6096010543,1.0078322579330485,HEK293T,ratio,NISCH
0,-0.0,999110.4428876304,999110.4428876304,1.0008903491287695,HEK293T,ratio,NIT1
0,-0.0,1002111.6425728106,1002111.6425728106,0.997892807065499,HEK293T,ratio,NRAS
0,-0.0,1006297.6330521959,1006297.6330521959,0.9937417789276771,HEK293T,ratio,OXCT1
0,-0.0,995505.9105463118,995505.9105463118,1.0045143774698655,HEK293T,ratio,PAGR1
0,-0.0,994797.3700327799,994797.3700327799,1.0052298388837202,HEK293T,ratio,PBX1
0,-0.0,991364.3647123913,991364.3647123913,1.0087108590897496,HEK293T,ratio,PHF10
0,-0.0,1001040.6003372327,1001040.6003372327,0.9989604813861874,HEK293T,ratio,PHF14
0,-0.0,989325.8985183121,989325.8985183121,1.0107892672148522,HEK293T,ratio,PLCB3
0,-0.0,1001962.0905872891,1001962.0905872891,0.9980417516733203,HEK293T,ratio,PMS1
0,-0.0,999356.964232093,999356.964232093,1.000643449528969,HEK293T,ratio,POLB
0,-0.0,999565.067262014,999565.067262014,1.000435121986783,HEK293T,ratio,PRCP
0,-0.0,994231.6237072223,994231.6237072223,1.0058018435093314,HEK293T,ratio,PRR12
0,-0.0,1002849.1139365935,1002849.1139365935,0.9971589804517954,HEK293T,ratio,PTPN1
0,-0.0,1003379.7678059408,1003379.7678059408,0.9966316165480082,HEK293T,ratio,RAF1
0,-0.0,1002368.211627882,1002368.211627882,0.9976373835478721,HEK293T,ratio,RNF2
0,-0.0,1026703.480476094,1026703.480476094,0.9739910490381203,HEK293T,ratio,RRM1
0,-0.0,997388.4407230471,997388.4407230471,1.0026183973769134,HEK293T,ratio,SAFB
0,-0.0,1023832.2183395587,1023832.2183395587,0.9767225352819923,HEK293T,ratio,SIN3B
0,-0.0,998931.3992391233,998931.3992391233,1.0010697438900116,HEK293T,ratio,SIX4
0,-0.0,998463.5081077445,998463.5081077445,1.0015388563325338,HEK293T,ratio,SLC25A3
0,-0.0,1001608.3913494122,1001608.3913494122,0.998394191419218,HEK293T,ratio,SMAGP
0,-0.0,1005680.5705057991,1005680.5705057991,0.994351516105216,HEK293T,ratio,SMARCA4
0,-0.0,1000893.5901901404,1000893.5901901404,0.9991072076003897,HEK293T,ratio,SMARCA5
0,-0.0,987358.23574408,987358.23574408,1.0128036246604992,HEK293T,ratio,SOX2
0,-0.0,1014923.1682103955,1014923.1682103955,0.9852962582017816,HEK293T,ratio,SSBP1
0,-0.0,1000765.4598917568,1000765.4598917568,0.9992351255889271,HEK293T,ratio,STAG2
0,-0.0,1001935.6375232143,1001935.6375232143,0.9980681019311787,HEK293T,ratio,STAT1
0,-0.0,993526.4094251585,993526.4094251585,1.0065157710086308,HEK293T,ratio,STAT6
0,-0.0,1001972.7737689313,1001972.7737689313,0.9980311104048161,HEK293T,ratio,STX4
0,-0.0,994239.3933763201,994239.3933763201,1.0057939834833114,HEK293T,ratio,TADA1
0,-0.0,994274.1957268789,994274.1957268789,1.0057587779082762,HEK293T,ratio,TARBP2
0,-0.0,995569.5125248267,995569.5125248267,1.004450204048472,HEK293T,ratio,TCF3
0,-0.0,998252.7254136135,998252.7254136135,1.001750332898578,HEK293T,ratio,TET1
0,-0.0,1003999.863753231,1003999.863753231,0.9960160714182984,HEK293T,ratio,TFAM
0,-0.0,992789.3599455765,992789.3599455765,1.0072630110125462,HEK293T,ratio,TMBIM6
0,-0.0,1006048.42481828,1006048.42481828,0.9939879386826012,HEK293T,ratio,TMSB10
0,-0.0,1000804.4543617379,1000804.4543617379,0.9991961922649005,HEK293T,ratio,TMSB4X
0,-0.0,1004076.7817212807,1004076.7817212807,0.9959397709463096,HEK293T,ratio,TRAM2
0,-0.0,1002019.1405073649,1002019.1405073649,0.9979849282057202,HEK293T,ratio,TRAPPC6A
0,-0.0,999112.7981533161,999112.7981533161,1.0008879896727614,HEK293T,ratio,TSC22D4
0,-0.0,994203.2946899445,994203.2946899445,1.0058305030178594,HEK293T,ratio,TWF2
0,-0.0,1004242.509440631,1004242.509440631,0.9957754134078689,HEK293T,ratio,TXNDC9
0,-0.0,994236.5263452271,994236.5263452271,1.0057968838420766,HEK293T,ratio,UBE3C
0,-0.0,997805.0649007707,997805.0649007707,1.0021997634372077,HEK293T,ratio,UQCRQ
0,-0.0,1012746.919803544,1012746.919803544,0.987413519059612,HEK293T,ratio,USP22
0,-0.0,993808.8340458379,993808.8340458379,1.0062297352791256,HEK293T,ratio,WSB2
0,-0.0,1001743.726654535,1001743.726654535,0.9982593086353947,HEK293T,ratio,XRCC4
0,-0.0,994800.4190277506,994800.4190277506,1.0052267579232939,HEK293T,ratio,ZNF286A
0,-0.0,1006951.5692635631,1006951.5692635631,0.9930964214409564,HEK293T,ratio,ZNF426
0,-0.0,995308.8971201474,995308.8971201474,1.0047132130471514,HEK293T,ratio,ZNF562
0,-0.0,994442.462667123,994442.462667123,1.0055885961647006,HEK293T,ratio,ZNF593
0,-0.0,1002734.3495889829,1002734.3495889829,0.9972731066906169,HEK293T,ratio,ZNF714
58,6.84129042066836,998332.3543491503,998339.195639571,1.0016635672201222,HEK293T,log1p,ACAT2
45,4.9412460437607,1007417.9844173917,1007422.9256634354,0.9926317681736824,HEK293T,log1p,ACVR1B
47,6.057844430277907,1004052.1102829596,1004058.16812739,0.9959582340384137,HEK293T,log1p,AKT2
73,12.508210533309011,996166.6099956672,996179.1182062007,1.003835536927013,HEK293T,log1p,ARID1A
122,37.19197030129991,992005.3801946316,992042.572164933,1.0080212564040487,HEK293T,log1p,ATM
46,5.3685805951931584,998096.2099599836,998101.5785405787,1.001902032318391,HEK293T,log1p,BIRC2
40,3.3634630702690274,999215.1072283777,999218.4706914478,1.0007821405743345,HEK293T,log1p,C1QBP
47,5.026930405074413,998556.6065077351,998561.6334381403,1.0014404384403468,HEK293T,log1p,CALM3
37,3.178871795036072,997675.0538082325,997678.2326800276,1.0023271704683137,HEK293T,log1p,CASP2
38,2.0265483917451435,998455.3333482624,998457.359896654,1.0015450235185863,HEK293T,log1p,CASP3
66,11.066064822014509,996261.0930334604,996272.1590982825,1.0037417896984009,HEK293T,log1p,CDCA2
49,5.166933561843644,999100.0464444342,999105.2133779961,1.000895587982149,HEK293T,log1p,CENPO
49,3.6478106636206187,1001786.6373860476,1001790.2851967112,0.998212914196548,HEK293T,log1p,CLDN7
51,5.354393625474431,1006881.4584204359,1006886.8128140613,0.9931602909816507,HEK293T,log1p,CREG1
37,3.3576032636090662,996344.4020277566,996347.7596310202,1.003665628123992,HEK293T,log1p,DAXX
46,3.970378311751092,995506.4957740265,995510.4661523383,1.004509780660583,HEK293T,log1p,DHCR24
46,5.3368514486172565,1009836.7585675039,1009842.0954189525,0.990253827342314,HEK293T,log1p,DHX36
54,5.837491978901978,999883.7151773346,999889.5526693135,1.0001104595306467,HEK293T,log1p,DLG5
27,1.8823839629170576,1005038.0539603368,1005039.9363442998,0.9949853372368148,HEK293T,log1p,DNMT1
54,5.606249153632044,1001949.6773345767,1001955.2835837305,0.9980485320894392,HEK293T,log1p,EID2
66,9.999847972647014,1007592.5929793585,1007602.592827331,0.9924547704804945,HEK293T,log1p,EIF4B
52,7.378973252304007,1000664.2658382154,1000671.6448114677,0.9993288059925048,HEK293T,log1p,EWSR1
45,4.346462657576435,1002387.3159203266,1002391.6623829842,0.997614044018185,HEK293T,log1p,FOXH1
41,3.3846015579865534,995988.6242058605,995992.0088074184,1.0040241198294158,HEK293T,log1p,GSK3B
48,4.847526283679911,999333.4036942595,999338.251220543,1.0006621869808834,HEK293T,log1p,HAT1
55,6.46183195970895,995508.8666635352,995515.328495495,1.0045048743862965,HEK293T,log1p,HIRA
49,6.48097203095389,996242.8646117693,996249.3455838002,1.0037647747853746,HEK293T,log1p,HMGB2
57,8.095980929984577,995824.7740797277,995832.8700606577,1.004184567576172,HEK293T,log1p,HMGN1
49,4.272590132962601,990962.4983750787,990966.7709652117,1.0091155720852172,HEK293T,log1p,IDE
66,11.203978129219571,997836.3820414989,997847.5860196281,1.0021570568597131,HEK293T,log1p,IGF2R
51,6.3895140148529705,1001568.4833806509,1001574.8728946658,0.9984276034300719,HEK293T,log1p,IKBKG
49,3.8239961925925248,1000751.0836235527,1000754.9076197452,0.9992456618358827,HEK293T,log1p,INSIG1
59,9.52048186818094,992706.0011078261,992715.5215896942,1.007337931413262,HEK293T,log1p,IRF3
38,3.9730622916429637,1009699.0089379803,1009702.9820002718,0.9903902611230783,HEK293T,log1p,KAT2A
47,3.838515680463796,999843.7638552943,999847.6023709748,1.0001524208576025,HEK293T,log1p,KDM2B
33,2.8273828020208973,1000706.7548224678,1000709.5822052697,0.9992909209446101,HEK293T,log1p,KIF1B
38,3.0802752479992983,999723.1933988739,999726.2736741219,1.0002738012724943,HEK293T,log1p,KLF10
69,11.828567624702554,1032048.3857883246,1032060.2143559493,0.9689357133333967,HEK293T,log1p,LRPPRC
61,8.6405435210516,1005557.5696572263,1005566.2102007474,0.9944646009936668,HEK293T,log1p,LZTR1
51,7.450220265661147,999172.0905396789,999179.5407599446,1.0008211329461685,HEK293T,log1p,MAP3K7
81,20.289561342337343,998620.8234902214,998641.1130515637,1.0013607360348744,HEK293T,log1p,MAPKAPK2
61,10.855488821850455,1007271.1603621371,1007282.015850959,0.9927706285465574,HEK293T,log1p,MAST2
50,5.723192136386226,998693.2462699838,998698.9694621202,1.0013027254234381,HEK293T,log1p,MAU2
163,65.38705738523713,1003949.2629918447,1004014.6500492299,0.9960014029187393,HEK293T,log1p,MBTPS1
55,6.157482599655308,994708.1133224883,994714.2708050879,1.0053138165904003,HEK293T,log1p,MED1
80,17.127214660330175,990751.237633328,990768.3648479881,1.0093176523186913,HEK293T,log1p,MED12
47,5.3819061526037295,1001442.3217317248,1001447.7036378774,0.9985543891781684,HEK293T,log1p,MED13
42,3.8784276848960375,1002663.1407698854,1002667.0191975703,0.9973400748738054,HEK293T,log1p,MED13L
47,4.954971537941951,1007374.8177137978,1007379.7726853357,0.9926742893936974,HEK293T,log1p,MED24
46,5.963964562866691,994991.2585750653,994997.2225396282,1.0050279310806545,HEK293T,log1p,METTL14
55,7.363865822510833,1006648.9579313034,1006656.3217971259,0.9933876918537176,HEK293T,log1p,METTL17
52,6.368362777370281,995553.6450983533,995560.0134611306,1.0044597879372772,HEK293T,log1p,METTL3
56,8.615201184917787,990926.8857058939,990935.5009070789,1.0091474158354643,HEK293T,log1p,MKI67
49,5.554294068187949,1000650.9947067883,1000656.5490008565,0.99934388177291,HEK293T,log1p,MTA1
46,5.856608254542273,993274.1853971597,993280.0420054141,1.0067654213418185,HEK293T,log1p,NCK2
55,7.930568374280474,991362.7358325162,991370.6664008906,1.0087044471776008,HEK293T,log1p,NDUFB4
55,4.918461234354137,996976.9740409504,996981.8925021847,1.0030272440457675,HEK293T,log1p,NDUFB6
58,9.075722668254988,992987.1254118606,992996.201134529,1.0070531980459432,HEK293T,log1p,NISCH
46,2.8722129387328716,999332.1559523225,999335.0281652613,1.0006654143165177,HEK293T,log1p,NIT1
54,8.024387220112832,1001353.7710303627,1001361.7954175827,0.9986400565471795,HEK293T,log1p,NRAS
58,8.964096737420533,1007682.4733036646,1007691.437400402,0.9923672692702004,HEK293T,log1p,OXCT1
60,9.02439381213991,996865.2289465116,996874.2533403237,1.003135547587073,HEK293T,log1p,PAGR1
62,8.477128424001982,995504.1414378948,995512.6185663189,1.0045076087936922,HEK293T,log1p,PBX1
70,12.877627827582682,990638.4962049815,990651.373832809,1.0094368477288043,HEK293T,log1p,PHF10
51,5.174334397005337,1000989.3457648349,1000994.520099232,0.9990064679883228,HEK293T,log1p,PHF14
498,241.64618260047683,991711.5766073072,991953.2227899077,1.0081120530940566,HEK293T,log1p,PLCB3
55,8.324666162225446,1001572.7394361619,1001581.0641023242,0.9984214317153238,HEK293T,log1p,PMS1
49,4.435069591018705,999470.9815907965,999475.4166603877,1.0005248586717272,HEK293T,log1p,POLB
30,1.8100747062694513,999305.2089006981,999307.0189754046,1.0006934615803118,HEK293T,log1p,PRCP
35,2.814232980165517,994843.2288340973,994846.0430670774,1.0051806578202123,HEK293T,log1p,PRR12
66,11.142566607848776,1003016.7319927874,1003027.8745593952,0.9969812657891235,HEK293T,log1p,PTPN1
72,13.240303494235292,1004373.7527170144,1004386.9930205086,0.9956321686252473,HEK293T,log1p,RAF1
42,4.154378817772265,1001899.3420366591,1001903.496415477,0.9981001199992942,HEK293T,log1p,RNF2
49,7.979585496038164,1023046.7771672078,1023054.7567527038,0.9774647870990969,HEK293T,log1p,RRM1
51,4.078659117483218,997215.9328192296,997220.011478347,1.002787738402413,HEK293T,log1p,SAFB
62,10.270522054873162,1021433.6503190486,1021443.9208411034,0.9790062671052508,HEK293T,log1p,SIN3B
34,2.7921439032894,998753.6253842096,998756.4175281128,1.0012451308948433,HEK293T,log1p,SIX4
43,4.217830007898213,998982.7733962021,998986.99122621,1.0010140360011561,HEK293T,log1p,SLC25A3
40,2.6659868803332545,1000893.545608644,1000896.2115955243,0.9991045908805113,HEK293T,log1p,SMAGP
53,6.105767788417136,1006632.1679887174,1006638.2737565059,0.9934055023243517,HEK293T,log1p,SMARCA4
36,2.3301851906528444,1001231.415440318,1001233.7456255087,0.9987677746271547,HEK293T,log1p,SMARCA5
85,16.979701734947128,987942.0580674801,987959.0377692151,1.0121877140351618,HEK293T,log1p,SOX2
52,5.341330095789746,1013975.5089523966,1013980.8502824923,0.986211918816221,HEK293T,log1p,SSBP1
56,6.635808556333842,1001558.6100428388,1001565.2458513952,0.9984372003143294,HEK293T,log1p,STAG2
34,1.9217326375893655,1001661.4357621892,1001663.3574948268,0.9983394046688632,HEK293T,log1p,STAT1
47,3.5826408193331827,993463.2576020181,993466.8402428373,1.0065761226168009,HEK293T,log1p,STAT6
39,2.75908056897293,1001805.5604928411,1001808.31957341,0.9981949445437027,HEK293T,log1p,STX4
61,6.606951281500905,994208.0571516355,994214.6641029171,1.0058190007711294,HEK293T,log1p,TADA1
39,3.3767767962745516,994766.1428504818,994769.5196272781,1.0052579821451322,HEK293T,log1p,TARBP2
49,4.757858944038653,995785.201024639,995789.9588835828,1.0042278404987506,HEK293T,log1p,TCF3
47,5.44366069903848,997020.4048286153,997025.8484893143,1.0029830234744586,HEK293T,log1p,TET1
54,5.76942067459201,1005672.8061534981,1005678.5755741729,0.9943534885677257,HEK293T,log1p,TFAM
106,32.62658791300401,994780.6790681356,994813.3056560485,1.0052137364010538,HEK293T,log1p,TMBIM6
62,8.583520757848133,1006662.0371960931,1006670.6207168509,0.9933735816069603,HEK293T,log1p,TMSB10
42,3.5841970868527233,1000393.9128423528,1000397.4970394396,0.9996026609016756,HEK293T,log1p,TMSB4X
41,4.860774612935291,1003288.8330584057,1003293.6938330187,0.9967171189719779,HEK293T,log1p,TRAM2
35,2.7553007410415415,1001775.7565755561,1001778.5118762972,0.9982246456125655,HEK293T,log1p,TRAPPC6A
57,7.737480237525986,998426.1192454128,998433.8567256504,1.0015685999265749,HEK293T,log1p,TSC22D4
60,9.751592318336824,995509.1626847556,995518.9142770742,1.0045012562379891,HEK293T,log1p,TWF2
54,6.210276499877118,1004344.8605236525,1004351.0708001524,0.9956677790001399,HEK293T,log1p,TXNDC9
59,7.962666573030778,995198.2829933211,995206.2456598943,1.0048168451122683,HEK293T,log1p,UBE3C
39,3.739287790039811,997669.4094619711,997673.1487497613,1.0023322781144852,HEK293T,log1p,UQCRQ
56,8.659037441785673,1010641.5071925379,1010650.1662299797,0.9894620645344492,HEK293T,log1p,USP22
50,6.350788584604423,995019.9053374429,995026.2561260274,1.0049986056582436,HEK293T,log1p,WSB2
44,3.3136712146874103,1001984.5482106609,1001987.8618818755,0.9980160818733452,HEK293T,log1p,XRCC4
34,2.9448093622363407,993911.3072585652,993914.2520679273,1.0061230110338097,HEK293T,log1p,ZNF286A
57,5.6412130184987905,1005537.4352322263,1005543.076445245,0.9944874798752127,HEK293T,log1p,ZNF426
42,3.0032464304354423,996221.9448864368,996224.9481328672,1.0037893568859202,HEK293T,log1p,ZNF562
47,4.651624799815069,994822.472622406,994827.1242472059,1.0051997735352345,HEK293T,log1p,ZNF593
34,3.4067131525166037,1002200.5231881182,1002203.9299012708,0.9978009167241163,HEK293T,log1p,ZNF714
331,21473.153777891923,999999.9999999999,1021473.1537778918,0.9789782495032063,KOLF2.1J,additive,ACAT2
239,6333.715344349592,1000000.0,1006333.7153443495,0.9937061481218661,KOLF2.1J,additive,ACVR1B
205,9298.31292945291,1000000.0,1009298.3129294529,0.990787349180774,KOLF2.1J,additive,AKT2
249,2207.418103481231,1000000.0,1002207.4181034812,0.9977974438588187,KOLF2.1J,additive,ARID1A
223,1908.555513215657,999999.9999999999,1001908.5555132157,0.9980950801321004,KOLF2.1J,additive,ATM
231,1561.3731820216876,1000000.0,1001561.3731820218,0.9984410609036757,KOLF2.1J,additive,BIRC2
227,9177.499607230697,1000000.0,1009177.4996072307,0.9909059609327373,KOLF2.1J,additive,C1QBP
221,6568.605555634071,999999.9999999999,1006568.605555634,0.9934742594599321,KOLF2.1J,additive,CALM3
219,6889.400192684443,1000000.0,1006889.4001926845,0.9931577388823777,KOLF2.1J,additive,CASP2
220,12263.49913637263,1000000.0,1012263.4991363725,0.987885072269389,KOLF2.1J,additive,CASP3
234,6990.573289920847,1000000.0,1006990.5732899208,0.9930579555803765,KOLF2.1J,additive,CDCA2
236,1501.9830784987148,1000000.0,1001501.9830784989,0.9985002694913474,KOLF2.1J,additive,CENPO
203,6961.26949492439,1000000.0,1006961.2694949245,0.9930868547720647,KOLF2.1J,additive,CLDN7
217,7843.02825855206,1000000.0,1007843.0282585521,0.992218006139206,KOLF2.1J,additive,CREG1
290,2672.713601000425,1000000.0,1002672.7136010005,0.9973344107556277,KOLF2.1J,additive,DAXX
213,9549.09797995297,1000000.0,1009549.097979953,0.9905412247912854,KOLF2.1J,additive,DHCR24
215,2935.5079493650856,1000000.0,1002935.5079493651,0.9970730840357153,KOLF2.1J,additive,DHX36
278,9795.698124289564,1000000.0,1009795.6981242895,0.990299326742543,KOLF2.1J,additive,DLG5
241,2406.0857244414287,1000000.0,1002406.0857244413,0.9975996896280788,KOLF2.1J,additive,DNMT1
216,1779.7192448221178,1000000.0,1001779.7192448222,0.9982234425286991,KOLF2.1J,additive,EID2
206,5894.1188874829095,1000000.0,1005894.1188874829,0.9941404181843694,KOLF2.1J,additive,EIF4B
271,2885.102577683996,999999.9999999999,1002885.102577684,0.9971231972932209,KOLF2.1J,additive,EWSR1
205,1443.8514830076779,999999.9999999999,1001443.8514830077,0.9985582302184296,KOLF2.1J,additive,FOXH1
212,14862.044128256995,1000000.0,1014862.0441282568,0.985355601567479,KOLF2.1J,additive,GSK3B
245,1974.7075005127513,1000000.0,1001974.7075005126,0.9980291842840638,KOLF2.1J,additive,HAT1
304,4113.133189872063,1000000.0,1004113.133189872,0.9959037153743768,KOLF2.1J,additive,HIRA
191,1362.6503312506597,1000000.0,1001362.6503312507,0.9986392039579267,KOLF2.1J,additive,HMGB2
231,2071.3413198022317,1000000.0,1002071.3413198023,0.9979329402664343,KOLF2.1J,additive,HMGN1
252,15214.10979718525,1000000.0,1015214.1097971853,0.9850138905179079,KOLF2.1J,additive,IDE
188,7344.251268284863,1000000.0,1007344.2512682849,0.9927092935120857,KOLF2.1J,additive,IGF2R
220,16780.816347097476,1000000.0,1016780.8163470973,0.9834961320303187,KOLF2.1J,additive,IKBKG
263,17767.299658917545,1000000.0,1017767.2996589176,0.9825428664638057,KOLF2.1J,additive,INSIG1
209,1739.0530065166238,999999.9999999999,1001739.0530065165,0.9982639660485462,KOLF2.1J,additive,IRF3
158,2508.5376842788964,999999.9999999999,1002508.5376842788,0.9974977393309055,KOLF2.1J,additive,KAT2A
217,1573.0475907194668,1000000.0,1001573.0475907195,0.9984294230016437,KOLF2.1J,additive,KDM2B
244,17874.46012628275,1000000.0,1017874.4601262828,0.9824394256595601,KOLF2.1J,additive,KIF1B
185,1168.0604448856216,1000000.0,1001168.0604448856,0.9988333023285155,KOLF2.1J,additive,KLF10
200,28286.99532246701,999999.9999999999,1028286.9953224668,0.9724911474606405,KOLF2.1J,additive,LRPPRC
204,1534.7326503245201,1000000.0,1001534.7326503245,0.998467619144607,KOLF2.1J,additive,LZTR1
220,1704.5958002572572,1000000.0,1001704.5958002573,0.99829830490206,KOLF2.1J,additive,MAP3K7
179,7452.3257030081095,1000000.0,1007452.3257030081,0.992602800635943,KOLF2.1J,additive,MAPKAPK2
285,17138.7933092674,999999.9999999999,1017138.7933092673,0.9831499954362117,KOLF2.1J,additive,MAST2
284,7759.7487004314735,1000000.0,1007759.7487004315,0.9923000013540546,KOLF2.1J,additive,MAU2
248,9206.151583025128,999999.9999999999,1009206.1515830251,0.9908778285104738,KOLF2.1J,additive,MBTPS1
239,2715.4685786482933,1000000.0,1002715.4685786483,0.9972918852219389,KOLF2.1J,additive,MED1
250,2430.3529953658945,999999.9999999999,1002430.3529953657,0.9975755392999588,KOLF2.1J,additive,MED12
213,2039.4023131027784,1000000.0,1002039.4023131027,0.9979647483837512,KOLF2.1J,additive,MED13
236,1887.7739076770122,999999.9999999999,1001887.7739076768,0.9981157830678841,KOLF2.1J,additive,MED13L
214,1915.1117865113129,1000000.0,1001915.1117865113,0.9980885488561038,KOLF2.1J,additive,MED24
220,2342.078741025413,1000000.0,1002342.0787410254,0.9976633937747409,KOLF2.1J,additive,METTL14
224,2212.5000222176,1000000.0,1002212.5000222176,0.9977923843275068,KOLF2.1J,additive,METTL17
246,3440.0408053907445,1000000.0,1003440.0408053907,0.99657175250588,KOLF2.1J,additive,METTL3
204,1335.0023035601325,999999.9999999998,1001335.00230356,0.9986667775514799,KOLF2.1J,additive,MKI67
205,1629.9023391290514,999999.9999999999,1001629.902339129,0.9983727499195834,KOLF2.1J,additive,MTA1
241,15324.034415947499,1000000.0,1015324.0344159474,0.9849072474436574,KOLF2.1J,additive,NCK2
246,7470.279799080026,1000000.0,1007470.27979908,0.9925851114927482,KOLF2.1J,additive,NDUFB4
344,16202.428246636788,1000000.0,1016202.4282466369,0.9840559048116105,KOLF2.1J,additive,NDUFB6
209,7591.334349033689,1000000.0,1007591.3343490339,0.9924658598280439,KOLF2.1J,additive,NISCH
231,7718.569194194922,1000000.0,1007718.5691941949,0.9923405507944874,KOLF2.1J,additive,NIT1
206,8752.936856522143,1000000.0,1008752.9368565222,0.9913230122691904,KOLF2.1J,additive,NRAS
267,19402.544922286426,1000000.0,1019402.5449222865,0.980966748593152,KOLF2.1J,additive,OXCT1
205,8136.456538493571,1000000.0,1008136.4565384935,0.9919292110847469,KOLF2.1J,additive,PAGR1
247,2643.174811677657,1000000.0,1002643.1748116777,0.9973637931438828,KOLF2.1J,additive,PBX1
264,1993.4615724777443,1000000.0,1001993.4615724778,0.9980105044105284,KOLF2.1J,additive,PHF10
224,1604.8109839361368,1000000.0,1001604.8109839363,0.9983977603079205,KOLF2.1J,additive,PHF14
264,15950.39284441114,1000000.0,1015950.3928444111,0.984300027878572,KOLF2.1J,additive,PLCB3
250,1932.501039989231,1000000.0,1001932.5010399893,0.9980712263171587,KOLF2.1J,additive,PMS1
241,1630.229738913145,999999.9999999999,1001630.229738913,0.9983724235845618,KOLF2.1J,additive,POLB
228,5593.308754104232,1000000.0,1005593.3087541042,0.9944378023347887,KOLF2.1J,additive,PRCP
323,20737.48652648753,999999.9999999999,1020737.4865264874,0.9796838199828872,KOLF2.1J,additive,PRR12
179,8084.726540384849,999999.9999999999,1008084.7265403847,0.9919801120604907,KOLF2.1J,additive,PTPN1
232,6804.569205079151,1000000.0,1006804.569205079,0.9932414200201222,KOLF2.1J,additive,RAF1
211,1670.8201189584365,1000000.0,1001670.8201189584,0.9983319668643638,KOLF2.1J,additive,RNF2
173,7900.193388360092,1000000.0,1007900.1933883601,0.9921617304568608,KOLF2.1J,additive,RRM1
252,2408.196749993415,1000000.0,1002408.1967499934,0.9975975887290216,KOLF2.1J,additive,SAFB
239,2361.1213132095527,1000000.0,1002361.1213132096,0.9976444404486515,KOLF2.1J,additive,SIN3B
219,1750.0604652929596,1000000.0,1001750.0604652928,0.9982529968957726,KOLF2.1J,additive,SIX4
228,20750.87339119471,1000000.0,1020750.8733911949,0.9796709717011995,KOLF2.1J,additive,SLC25A3
266,16167.2814030481,1000000.0,1016167.281403048,0.9840899409979769,KOLF2.1J,additive,SMAGP
171,1193.2206437316213,1000000.0,1001193.2206437315,0.9988082014349194,KOLF2.1J,additive,SMARCA4
251,2429.1128285034893,1000000.0,1002429.1128285035,0.9975767734621659,KOLF2.1J,additive,SMARCA5
228,1974.5829693644914,999999.9999999999,1001974.5829693644,0.9980293083248553,KOLF2.1J,additive,SOX2
219,18571.613942635966,999999.9999999999,1018571.6139426358,0.9817670022525469,KOLF2.1J,additive,SSBP1
263,18235.620324829193,999999.9999999999,1018235.6203248291,0.9820909620908649,KOLF2.1J,additive,STAG2
217,2021.3243528204514,1000000.0,1002021.3243528204,0.9979827531573483,KOLF2.1J,additive,STAT1
240,1884.6542371217604,1000000.0,1001884.6542371218,0.9981188910029201,KOLF2.1J,additive,STAT6
276,20035.369000796672,1000000.0,1020035.3690007967,0.9803581624621283,KOLF2.1J,additive,STX4
189,1925.9099874157823,999999.9999999999,1001925.9099874157,0.9980777920121461,KOLF2.1J,additive,TADA1
241,1540.106488991771,1000000.0,1001540.1064889919,0.9984622617916012,KOLF2.1J,additive,TARBP2
242,2633.8671578852554,1000000.0,1002633.8671578851,0.9973730518745081,KOLF2.1J,additive,TCF3
242,2460.229966173729,1000000.0,1002460.2299661736,0.9975458079107471,KOLF2.1J,additive,TET1
199,21929.47368122643,1000000.0,1021929.4736812263,0.9785411085148261,KOLF2.1J,additive,TFAM
230,6208.954234196356,999999.9999999999,1006208.9542341963,0.9938293589934092,KOLF2.1J,additive,TMBIM6
228,6036.744368533215,1000000.0000000001,1006036.7443685334,0.9939994792413646,KOLF2.1J,additive,TMSB10
195,7280.300016518654,1000000.0,1007280.3000165184,0.9927723196647457,KOLF2.1J,additive,TMSB4X
253,16546.30386838065,1000000.0,1016546.3038683806,0.983723019988942,KOLF2.1J,additive,TRAM2
310,15661.155192755128,1000000.0,1015661.1551927552,0.9845803345804015,KOLF2.1J,additive,TRAPPC6A
253,1813.0212418697438,999999.9999999999,1001813.0212418697,0.9981902598554546,KOLF2.1J,additive,TSC22D4
209,7697.441285855266,999999.9999999998,1007697.4412858551,0.9923613567222788,KOLF2.1J,additive,TWF2
272,17235.108000885324,1000000.0,1017235.1080008855,0.9830569080192714,KOLF2.1J,additive,TXNDC9
228,15774.04922089093,1000000.0,1015774.049220891,0.9844709074493586,KOLF2.1J,additive,UBE3C
284,5800.798202539175,1000000.0,1005800.7982025391,0.9942326569904243,KOLF2.1J,additive,UQCRQ
236,2173.1779567996036,1000000.0,1002173.1779567995,0.9978315345046151,KOLF2.1J,additive,USP22
274,2838.505736351107,1000000.0,1002838.505736351,0.997169528573031,KOLF2.1J,additive,WSB2
228,1868.1934254129687,1000000.0,1001868.193425413,0.9981352902131511,KOLF2.1J,additive,XRCC4
208,1442.8763690142912,1000000.0,1001442.8763690144,0.9985592025236169,KOLF2.1J,additive,ZNF286A
207,1984.2084437229862,1000000.0,1001984.2084437229,0.9980197208429015,KOLF2.1J,additive,ZNF426
197,1465.3558769903525,1000000.0,1001465.3558769902,0.9985367882489484,KOLF2.1J,additive,ZNF562
272,2463.193102356818,1000000.0,1002463.1931023567,0.9975428593096433,KOLF2.1J,additive,ZNF593
233,2272.6799844101033,1000000.0,1002272.6799844102,0.9977324733779579,KOLF2.1J,additive,ZNF714
0,-0.0,1022587.8840929314,1022587.8840929314,0.9779110583605559,KOLF2.1J,ratio,ACAT2
0,-0.0,984835.8875537053,984835.8875537053,1.0153976034362049,KOLF2.1J,ratio,ACVR1B
0,-0.0,984773.1853503347,984773.1853503347,1.0154622555489752,KOLF2.1J,ratio,AKT2
0,-0.0,1001645.7503804308,1001645.7503804308,0.9983569536637021,KOLF2.1J,ratio,ARID1A
0,-0.0,1000770.4435971684,1000770.4435971684,0.9992301495291975,KOLF2.1J,ratio,ATM
0,-0.0,999426.5273303646,999426.5273303646,1.000573801729245,KOLF2.1J,ratio,BIRC2
0,-0.0,984024.4174420054,984024.4174420054,1.016234945266423,KOLF2.1J,ratio,C1QBP
0,-0.0,990578.4290759477,990578.4290759477,1.0095111811922264,KOLF2.1J,ratio,CALM3
0,-0.0,984153.8601183434,984153.8601183434,1.0161012830653848,KOLF2.1J,ratio,CASP2
0,-0.0,993812.3634772073,993812.3634772073,1.0062261617486254,KOLF2.1J,ratio,CASP3
0,-0.0,981556.4858133903,981556.4858133903,1.0187900690924843,KOLF2.1J,ratio,CDCA2
0,-0.0,993913.1679342558,993913.1679342558,1.0061241084856487,KOLF2.1J,ratio,CENPO
0,-0.0,986347.8666929402,986347.8666929402,1.0138410937642448,KOLF2.1J,ratio,CLDN7
0,-0.0,989865.2985409951,989865.2985409951,1.0102384652476886,KOLF2.1J,ratio,CREG1
0,-0.0,996815.8153824575,996815.8153824575,1.003194356036898,KOLF2.1J,ratio,DAXX
0,-0.0,990160.1109439378,990160.1109439378,1.009937674672313,KOLF2.1J,ratio,DHCR24
0,-0.0,995402.6483837757,995402.6483837757,1.0046185848748634,KOLF2.1J,ratio,DHX36
0,-0.0,987599.3049849225,987599.3049849225,1.0125564031409142,KOLF2.1J,ratio,DLG5
0,-0.0,981568.126633241,981568.126633241,1.0187779868423192,KOLF2.1J,ratio,DNMT1
0,-0.0,994813.780067656,994813.780067656,1.0052132570298649,KOLF2.1J,ratio,EID2
0,-0.0,985917.9306960001,985917.9306960001,1.0142832064064995,KOLF2.1J,ratio,EIF4B
0,-0.0,1000959.7407396652,1000959.7407396652,0.9990411794794504,KOLF2.1J,ratio,EWSR1
0,-0.0,996842.6669030577,996842.6669030577,1.0031673334235895,KOLF2.1J,ratio,FOXH1
0,-0.0,1016572.3784447912,1016572.3784447912,0.9836977879822542,KOLF2.1J,ratio,GSK3B
0,-0.0,998589.6533540983,998589.6533540983,1.0014123385328144,KOLF2.1J,ratio,HAT1
0,-0.0,994909.5860853838,994909.5860853838,1.0051164588077246,KOLF2.1J,ratio,HIRA
0,-0.0,1000086.8338743856,1000086.8338743856,0.9999131736650815,KOLF2.1J,ratio,HMGB2
0,-0.0,999335.545614704,999335.545614704,1.0006648961784774,KOLF2.1J,ratio,HMGN1
0,-0.0,1018991.387058765,1018991.387058765,0.9813625637076461,KOLF2.1J,ratio,IDE
0,-0.0,988268.4631255958,988268.4631255958,1.0118707995976122,KOLF2.1J,ratio,IGF2R
0,-0.0,1021672.9375895925,1021672.9375895925,0.9787868144567625,KOLF2.1J,ratio,IKBKG
0,-0.0,1017739.2754670924,1017739.2754670924,0.9825699214968874,KOLF2.1J,ratio,INSIG1
0,-0.0,997328.2536336943,997328.2536336943,1.002678903717579,KOLF2.1J,ratio,IRF3
0,-0.0,1002914.6427806839,1002914.6427806839,0.9970938276735068,KOLF2.1J,ratio,KAT2A
0,-0.0,1000022.8609963583,1000022.8609963583,0.9999771395262549,KOLF2.1J,ratio,KDM2B
0,-0.0,1015921.5798492781,1015921.5798492781,0.9843279440410743,KOLF2.1J,ratio,KIF1B
0,-0.0,1000076.6963206293,1000076.6963206293,0.9999233095612452,KOLF2.1J,ratio,KLF10
0,-0.0,1032695.4884327443,1032695.4884327443,0.9683396617890099,KOLF2.1J,ratio,LRPPRC
0,-0.0,1001820.1938527541,1001820.1938527541,0.9981831132333697,KOLF2.1J,ratio,LZTR1
0,-0.0,999868.1287607063,999868.1287607063,1.000131888631611,KOLF2.1J,ratio,MAP3K7
0,-0.0,987951.7134731491,987951.7134731491,1.0121952180076645,KOLF2.1J,ratio,MAPKAPK2
0,-0.0,1016927.2913718341,1016927.2913718341,0.9833544723251559,KOLF2.1J,ratio,MAST2
0,-0.0,979254.6823238556,979254.6823238556,1.0211848031473427,KOLF2.1J,ratio,MAU2
0,-0.0,985428.9540846525,985428.9540846525,1.014786500695915,KOLF2.1J,ratio,MBTPS1
0,-0.0,996421.929960459,996421.929960459,1.0035909185977903,KOLF2.1J,ratio,MED1
0,-0.0,1000009.2701893556,1000009.2701893556,0.99999072989658,KOLF2.1J,ratio,MED12
0,-0.0,1000166.2151354754,1000166.2151354754,0.9998338124874045,KOLF2.1J,ratio,MED13
0,-0.0,1006569.7649269863,1006569.7649269863,0.993473115172039,KOLF2.1J,ratio,MED13L
0,-0.0,998325.118098862,998325.118098862,1.001677691836831,KOLF2.1J,ratio,MED24
0,-0.0,1003163.6415560332,1003163.6415560332,0.9968463355080075,KOLF2.1J,ratio,METTL14
0,-0.0,993297.332766576,993297.332766576,1.0067478961357477,KOLF2.1J,ratio,METTL17
0,-0.0,1002234.9107167549,1002234.9107167549,0.9977700729710597,KOLF2.1J,ratio,METTL3
0,-0.0,997555.2494460723,997555.2494460723,1.0024507420068065,KOLF2.1J,ratio,MKI67
0,-0.0,999418.1297462976,999418.1297462976,1.0005822090238148,KOLF2.1J,ratio,MTA1
0,-0.0,1018707.2637125,1018707.2637125,0.9816362714011436,KOLF2.1J,ratio,NCK2
0,-0.0,983979.5094974354,983979.5094974354,1.0162813253202265,KOLF2.1J,ratio,NDUFB4
0,-0.0,1013412.2839656784,1013412.2839656784,0.9867652246002055,KOLF2.1J,ratio,NDUFB6
0,-0.0,986737.0395473692,986737.0395473692,1.013441230967386,KOLF2.1J,ratio,NISCH
0,-0.0,986636.2190136274,986636.2190136274,1.013544790601477,KOLF2.1J,ratio,NIT1
0,-0.0,988452.5305027883,988452.5305027883,1.0116823713237275,KOLF2.1J,ratio,NRAS
0,-0.0,1022024.9399571648,1022024.9399571648,0.9784497040179001,KOLF2.1J,ratio,OXCT1
0,-0.0,987763.1009948994,987763.1009948994,1.0123884957767457,KOLF2.1J,ratio,PAGR1
0,-0.0,1001478.806899906,1001478.806899906,0.9985233767407583,KOLF2.1J,ratio,PBX1
0,-0.0,992816.9966037155,992816.9966037155,1.0072349722263585,KOLF2.1J,ratio,PHF10
0,-0.0,998884.8609606575,998884.8609606575,1.0011163839626822,KOLF2.1J,ratio,PHF14
0,-0.0,1016693.978278773,1016693.978278773,0.9835801345975951,KOLF2.1J,ratio,PLCB3
0,-0.0,1001994.9530674268,1001994.9530674268,0.9980090188465325,KOLF2.1J,ratio,PMS1
0,-0.0,1004142.4032291602,1004142.4032291602,0.9958746854869998,KOLF2.1J,ratio,POLB
0,-0.0,985949.4515138791,985949.4515138791,1.0142507797580769,KOLF2.1J,ratio,PRCP
0,-0.0,1016511.0874133578,1016511.0874133578,0.983757100519806,KOLF2.1J,ratio,PRR12
0,-0.0,986879.4701941144,986879.4701941144,1.0132949668142401,KOLF2.1J,ratio,PTPN1
0,-0.0,986949.5858255817,986949.5858255817,1.0132229795339562,KOLF2.1J,ratio,RAF1
0,-0.0,1005519.390132847,1005519.390132847,0.994510906316667,KOLF2.1J,ratio,RNF2
0,-0.0,989361.2895866456,989361.2895866456,1.0107531096327806,KOLF2.1J,ratio,RRM1
0,-0.0,998622.047981456,998622.047981456,1.0013798533903084,KOLF2.1J,ratio,SAFB
0,-0.0,992955.7185546459,992955.7185546459,1.007094255376874,KOLF2.1J,ratio,SIN3B
0,-0.0,999838.8394202592,999838.8394202592,1.0001611865566598,KOLF2.1J,ratio,SIX4
0,-0.0,998982.7965585843,998982.7965585843,1.001018239197832,KOLF2.1J,ratio,SLC25A3
0,-0.0,1017437.0434095088,1017437.0434095088,0.9828617961942138,KOLF2.1J,ratio,SMAGP
0,-0.0,1000246.4579731179,1000246.4579731179,0.999753602753448,KOLF2.1J,ratio,SMARCA4
0,-0.0,999471.0088893053,999471.0088893053,1.0005292710903966,KOLF2.1J,ratio,SMARCA5
0,-0.0,1000025.8822426095,1000025.8822426095,0.9999741184272636,KOLF2.1J,ratio,SOX2
0,-0.0,1022257.1489224466,1022257.1489224466,0.9782274460531699,KOLF2.1J,ratio,SSBP1
0,-0.0,1016141.16499198,1016141.16499198,0.9841152336426531,KOLF2.1J,ratio,STAG2
0,-0.0,1001094.2921882196,1001094.2921882196,0.998906903978218,KOLF2.1J,ratio,STAT1
0,-0.0,1001742.7186858663,1001742.7186858663,0.9982603130990035,KOLF2.1J,ratio,STAT6
0,-0.0,1023901.4300090258,1023901.4300090258,0.9766565127184018,KOLF2.1J,ratio,STX4
0,-0.0,1000918.580308832,1000918.580308832,0.9990822627065744,KOLF2.1J,ratio,TADA1
0,-0.0,1000921.3164295352,1000921.3164295352,0.9990795316131126,KOLF2.1J,ratio,TARBP2
0,-0.0,1000782.4458195005,1000782.4458195005,0.9992181659233044,KOLF2.1J,ratio,TCF3
0,-0.0,996816.6626773197,996816.6626773197,1.003193503320992,KOLF2.1J,ratio,TET1
0,-0.0,1023575.2517156015,1023575.2517156015,0.9769677396204262,KOLF2.1J,ratio,TFAM
0,-0.0,983016.368441761,983016.368441761,1.0172770587586053,KOLF2.1J,ratio,TMBIM6
0,-0.0,983380.1655214538,983380.1655214538,1.0169007216753585,KOLF2.1J,ratio,TMSB10
0,-0.0,988259.9981090061,988259.9981090061,1.0118794668543276,KOLF2.1J,ratio,TMSB4X
0,-0.0,1017197.7603778755,1017197.7603778755,0.9830930021203677,KOLF2.1J,ratio,TRAM2
0,-0.0,1015950.3938612209,1015950.3938612209,0.9843000268934393,KOLF2.1J,ratio,TRAPPC6A
0,-0.0,1003882.9071346368,1003882.9071346368,0.9961321115171493,KOLF2.1J,ratio,TSC22D4
0,-0.0,985588.0527660294,985588.0527660294,1.0146226886512308,KOLF2.1J,ratio,TWF2
0,-0.0,1017062.9591789726,1017062.9591789726,0.9832233009520406,KOLF2.1J,ratio,TXNDC9
0,-0.0,1018261.676363272,1018261.676363272,0.9820658316156082,KOLF2.1J,ratio,UBE3C
0,-0.0,981345.5878101395,981345.5878101395,1.0190090141756154,KOLF2.1J,ratio,UQCRQ
0,-0.0,1003095.3859656488,1003095.3859656488,0.9969141658819725,KOLF2.1J,ratio,USP22
0,-0.0,995948.3917233726,995948.3917233726,1.0040680905861161,KOLF2.1J,ratio,WSB2
0,-0.0,999232.5894892912,999232.5894892912,1.0007679998818904,KOLF2.1J,ratio,XRCC4
0,-0.0,1003751.6069515587,1003751.6069515587,0.9962624149983156,KOLF2.1J,ratio,ZNF286A
0,-0.0,999210.4309053102,999210.4309053102,1.0007901930066667,KOLF2.1J,ratio,ZNF426
0,-0.0,1000423.0643934184,1000423.0643934184,0.999577114514373,KOLF2.1J,ratio,ZNF562
0,-0.0,996719.6907458825,996719.6907458825,1.0032911050966222,KOLF2.1J,ratio,ZNF593
0,-0.0,998460.5949064062,998460.5949064062,1.0015417785152934,KOLF2.1J,ratio,ZNF714
111,29.368538850267953,1022569.2006912958,1022598.569230146,0.9779008401633505,KOLF2.1J,log1p,ACAT2
74,12.353065326308368,985140.9150671691,985153.2681324955,1.0150704792317735,KOLF2.1J,log1p,ACVR1B
65,8.46336160850327,984878.2646872496,984886.7280488581,1.0153451879497681,KOLF2.1J,log1p,AKT2
89,15.439609770360182,1001607.4596307289,1001622.8992404992,0.9983797302939761,KOLF2.1J,log1p,ARID1A
72,11.140924195650568,1000691.682312821,1000702.8232370167,0.9992976703765627,KOLF2.1J,log1p,ATM
83,14.057397627570817,999344.3963179172,999358.4537155448,1.0006419581303085,KOLF2.1J,log1p,BIRC2
77,14.368236016045177,984364.8137079267,984379.1819439426,1.015868700133631,KOLF2.1J,log1p,C1QBP
74,11.122035018890926,990428.5505272953,990439.6725623142,1.0096526095455696,KOLF2.1J,log1p,CALM3
82,13.202656302935758,984470.2060579138,984483.4087142168,1.0157611506181183,KOLF2.1J,log1p,CASP2
63,10.363565695815215,994046.4581282453,994056.8216939411,1.0059787108506848,KOLF2.1J,log1p,CASP3
72,11.302317228184041,981788.1794889031,981799.4818061312,1.0185379179059932,KOLF2.1J,log1p,CDCA2
94,18.00762095241341,993939.083672877,993957.0912938295,1.0060796474607414,KOLF2.1J,log1p,CENPO
66,8.92893082147808,986618.9243305069,986627.8532613285,1.0135533845861633,KOLF2.1J,log1p,CLDN7
68,11.869404433796348,990171.8484585854,990183.7178630193,1.0099135968001633,KOLF2.1J,log1p,CREG1
86,17.434684464707697,996826.8238548911,996844.2585393558,1.003165731691396,KOLF2.1J,log1p,DAXX
72,11.562589923685945,990455.4705989202,990467.033188844,1.0096247189373524,KOLF2.1J,log1p,DHCR24
62,9.121706031304555,995220.3488828164,995229.4705888478,1.0047933964498958,KOLF2.1J,log1p,DHX36
92,18.201104569298007,987952.6638282095,987970.8649327788,1.0121755969676693,KOLF2.1J,log1p,DLG5
72,13.923976028906573,980962.6432419987,980976.5672180278,1.0193923416906085,KOLF2.1J,log1p,DNMT1
84,14.189155265769823,994698.9044619938,994713.0936172596,1.005315006323597,KOLF2.1J,log1p,EID2
76,12.457299385575416,986144.7756773131,986157.2329766985,1.0140370790381137,KOLF2.1J,log1p,EIF4B
94,20.419463003292947,1000917.5447310855,1000937.9641940888,0.9990629147583147,KOLF2.1J,log1p,EWSR1
78,11.632679873656041,996787.4523145696,996799.0849944432,1.0032111937638613,KOLF2.1J,log1p,FOXH1
68,11.172554807777235,1016563.1503238004,1016574.3228786081,0.9836959064324239,KOLF2.1J,log1p,GSK3B
86,16.431818506298207,998531.2154218977,998547.647240404,1.001454465156079,KOLF2.1J,log1p,HAT1
97,21.71947878439919,994876.3510274817,994898.0705062661,1.0051280926609274,KOLF2.1J,log1p,HIRA
64,9.361810371467914,1000067.5399869164,1000076.9017972876,0.999923104116144,KOLF2.1J,log1p,HMGB2
75,12.294874944280295,999037.6458354346,999049.9407103788,1.000950962760626,KOLF2.1J,log1p,HMGN1
82,15.946019292897928,1018989.6736690097,1019005.6196883026,0.9813488568452486,KOLF2.1J,log1p,IDE
60,6.559031072408612,988579.1598952048,988585.7189262771,1.0115460711754163,KOLF2.1J,log1p,IGF2R
68,11.247711805395584,1021611.5555967195,1021622.8033085248,0.9788348466395823,KOLF2.1J,log1p,IKBKG
89,17.279004197795217,1017811.1690706053,1017828.448074803,0.9824838379114623,KOLF2.1J,log1p,INSIG1
70,11.434193611940923,997290.0615280829,997301.4957216949,1.0027058059071217,KOLF2.1J,log1p,IRF3
57,7.200572367152727,1002696.3578900856,1002703.5584624527,0.9973037310582618,KOLF2.1J,log1p,KAT2A
70,11.241751254715581,999849.795485612,999861.0372368667,1.0001389820764668,KOLF2.1J,log1p,KDM2B
82,16.207850819044317,1015961.8143565238,1015978.0222073428,0.9842732599937265,KOLF2.1J,log1p,KIF1B
60,8.664440452407437,1000051.6471285454,1000060.3115689978,0.9999396920682682,KOLF2.1J,log1p,KLF10
82,13.985250444768976,1032587.8408188472,1032601.8260692918,0.9684274952394825,KOLF2.1J,log1p,LRPPRC
64,10.455374817205993,1001778.6651690113,1001789.1205438286,0.99821407469183,KOLF2.1J,log1p,LZTR1
78,12.959201047151371,999769.6920646576,999782.6512657048,1.0002173959850373,KOLF2.1J,log1p,MAP3K7
58,6.5137293362275175,988271.4183941756,988277.9321235118,1.0118611045491028,KOLF2.1J,log1p,MAPKAPK2
93,20.511993896152134,1016910.3018252011,1016930.8138190972,0.9833510661797007,KOLF2.1J,log1p,MAST2
91,20.35000194317605,979605.0179467982,979625.3679487414,1.0207983916279357,KOLF2.1J,log1p,MAU2
77,13.404381682384942,985784.710197545,985798.1145792273,1.0144064846653056,KOLF2.1J,log1p,MBTPS1
69,10.349528146986854,996279.545895492,996289.895423639,1.0037239207116353,KOLF2.1J,log1p,MED1
85,16.39381278769712,999706.0028029417,999722.3966157294,1.0002776804693085,KOLF2.1J,log1p,MED12
74,11.61771445381989,1000099.2531333733,1000110.870847827,0.9998891414431551,KOLF2.1J,log1p,MED13
88,16.969608538748467,1006441.0933098382,1006458.0629183769,0.9935833760428618,KOLF2.1J,log1p,MED13L
77,13.051175308894184,998171.1000692777,998184.1512445866,1.0018191520604183,KOLF2.1J,log1p,MED24
76,14.002930727567088,1002988.769710266,1003002.7726409937,0.9970062170086658,KOLF2.1J,log1p,METTL14
80,13.037450029253245,993375.0439103293,993388.0813603586,1.0066559270880187,KOLF2.1J,log1p,METTL17
71,11.228311530051899,1001907.6244996038,1001918.8528111338,0.9980848221332995,KOLF2.1J,log1p,METTL3
82,14.55159905490915,997548.2345294164,997562.7861284713,1.0024431683954327,KOLF2.1J,log1p,MKI67
69,11.44456462678675,999373.8758052299,999385.3203698567,1.0006150576935788,KOLF2.1J,log1p,MTA1
85,17.899678742967893,1018722.1291960205,1018740.0288747635,0.9816046995861519,KOLF2.1J,log1p,NCK2
82,15.56516767786076,984343.119890081,984358.6850577588,1.0158898531395835,KOLF2.1J,log1p,NDUFB4
119,29.236014355017478,1013467.8937666329,1013497.129780988,0.9866826166701581,KOLF2.1J,log1p,NDUFB6
67,10.676584228529052,987071.6384380592,987082.3150222877,1.0130867353017268,KOLF2.1J,log1p,NISCH
84,17.028276937607743,986925.7726812891,986942.8009582268,1.0132299450678357,KOLF2.1J,log1p,NIT1
64,9.306959395871033,988747.4352795018,988756.7422388976,1.0113711060373087,KOLF2.1J,log1p,NRAS
91,18.48131460209965,1021996.3476135642,1022014.8289281663,0.9784593840470454,KOLF2.1J,log1p,OXCT1
64,9.773758981668452,987925.3288170744,987935.1025760563,1.0122122368083535,KOLF2.1J,log1p,PAGR1
88,16.282971598875655,1001246.2370937231,1001262.5200653219,0.9987390718817283,KOLF2.1J,log1p,PBX1
89,17.95079873522986,992752.053850519,992770.0046492541,1.007282648868204,KOLF2.1J,log1p,PHF10
68,9.486431577175399,998761.333538047,998770.8199696243,1.0012306927733563,KOLF2.1J,log1p,PHF14
87,17.168686820424576,1016715.6175386884,1016732.7862255088,0.9835425920633216,KOLF2.1J,log1p,PLCB3
88,15.150068243744474,1001943.2458376766,1001958.3959059202,0.9980454319122207,KOLF2.1J,log1p,PMS1
80,13.182421205265829,1004064.4861477913,1004077.6685689964,0.9959388912863605,KOLF2.1J,log1p,POLB
68,9.675027725691173,986282.2810761818,986291.9561039074,1.0138985660495932,KOLF2.1J,log1p,PRCP
108,27.81681371797444,1016499.0993590511,1016526.916172769,0.9837417820326952,KOLF2.1J,log1p,PRR12
56,7.583984072816834,987086.8566677744,987094.4406518472,1.0130742903785683,KOLF2.1J,log1p,PTPN1
74,13.805670560283248,987323.3726019647,987337.1782725251,1.0128252252686667,KOLF2.1J,log1p,RAF1
71,10.44775450945001,1005301.8911213486,1005312.338875858,0.9947157329414674,KOLF2.1J,log1p,RNF2
58,7.224491307958729,989493.1835776536,989500.4080689615,1.0106110031339237,KOLF2.1J,log1p,RRM1
87,16.98847872075588,998515.1845007986,998532.1729795194,1.0014699847037485,KOLF2.1J,log1p,SAFB
75,13.660673258547241,992861.6420336929,992875.3027069513,1.0071758228587457,KOLF2.1J,log1p,SIN3B
73,10.333876217925546,999755.2309700303,999765.5648462482,1.0002344901264806,KOLF2.1J,log1p,SIX4
73,12.284756177827195,999242.3747485925,999254.6595047703,1.0007458964420533,KOLF2.1J,log1p,SLC25A3
92,19.460179102685665,1017411.4046638923,1017430.8648429951,0.9828677648326651,KOLF2.1J,log1p,SMAGP
54,6.656583007045781,1000192.7645942043,1000199.4211772112,0.9998006185836655,KOLF2.1J,log1p,SMARCA4
79,14.625636231978397,999443.9335226736,999458.5591589054,1.0005417341580929,KOLF2.1J,log1p,SMARCA5
82,13.207170554175121,999949.840592762,999963.0477633163,1.000036953602202,KOLF2.1J,log1p,SOX2
79,15.510804283084427,1021809.5784266524,1021825.0892309354,0.9786410712939513,KOLF2.1J,log1p,SSBP1
84,17.786144228666622,1016161.0613841014,1016178.84752833,0.9840787401079227,KOLF2.1J,log1p,STAG2
71,12.258500366072074,1000950.3277506474,1000962.5862510134,0.9990383394302291,KOLF2.1J,log1p,STAT1
81,12.494654005167456,1001362.0100997228,1001374.5047537279,0.9986273819163531,KOLF2.1J,log1p,STAT6
95,20.1841651204696,1023610.2040033124,1023630.3881684329,0.9769151165874292,KOLF2.1J,log1p,STX4
60,10.250737857342012,1000741.7578611863,1000752.0085990436,0.9992485564929354,KOLF2.1J,log1p,TADA1
83,15.095516516038185,1000758.974022909,1000774.069539425,0.9992265291807758,KOLF2.1J,log1p,TARBP2
82,14.0971760598523,1000412.7065133138,1000426.8036893738,0.9995733783943015,KOLF2.1J,log1p,TCF3
81,13.245339288380759,996789.5181903946,996802.763529683,1.0032074915793727,KOLF2.1J,log1p,TET1
79,13.1277844908555,1023490.0979178404,1023503.2257023313,0.977036490836457,KOLF2.1J,log1p,TFAM
81,14.42928617626382,983222.4880811798,983236.917367356,1.017048874321692,KOLF2.1J,log1p,TMBIM6
87,17.265613804127405,983691.6430396785,983708.9086534827,1.0165608862573146,KOLF2.1J,log1p,TMSB10
60,9.246669391604915,988592.0051208228,988601.2517902143,1.0115301778033805,KOLF2.1J,log1p,TMSB4X
82,15.712716223964224,1017222.8785466773,1017238.5912629013,0.9830535418033054,KOLF2.1J,log1p,TRAM2
106,24.878640703381407,1015887.2893201201,1015912.1679608236,0.9843370633184135,KOLF2.1J,log1p,TRAPPC6A
83,14.652882993110268,1003745.2040528037,1003759.8569357968,0.9962542266361651,KOLF2.1J,log1p,TSC22D4
71,11.091055821773672,985643.0322591222,985654.1233149441,1.0145546762761037,KOLF2.1J,log1p,TWF2
87,18.107000739820815,1017041.8069221722,1017059.9139229121,0.9832262448953375,KOLF2.1J,log1p,TXNDC9
75,12.930746889369079,1018248.0349644363,1018260.9657113256,0.9820665170066997,KOLF2.1J,log1p,UBE3C
90,18.624843596446595,981680.647554806,981699.2723984024,1.0186418877105683,KOLF2.1J,log1p,UQCRQ
77,15.174537029912981,1002984.9014179907,1003000.0759550206,0.9970088975794303,KOLF2.1J,log1p,USP22
80,14.642901072090861,995997.2911668118,996011.9340678838,1.0040040342848386,KOLF2.1J,log1p,WSB2
76,12.23491697431931,999208.4458617447,999220.680778719,1.0007799270334092,KOLF2.1J,log1p,XRCC4
65,9.435350004142437,1003592.1878386044,1003601.6231886087,0.9964113019495069,KOLF2.1J,log1p,ZNF286A
64,8.343382858104258,999095.9184678192,999104.2618506774,1.0008965412154918,KOLF2.1J,log1p,ZNF426
65,8.515968831183608,1000293.9412880952,1000302.4572569263,0.9996976341958054,KOLF2.1J,log1p,ZNF562
83,15.11167062643977,996640.377903486,996655.4895741125,1.0033557337122747,KOLF2.1J,log1p,ZNF593
64,9.934747545730122,998427.3903879251,998437.3251354708,1.001565120639212,KOLF2.1J,log1p,ZNF714
