retrieval,cosine,signed_top100,normalized_absolute_error,norm_ratio,squared_error,truth_energy,strong_genes,strong_direction,strong_normalized_absolute_error,source,rule,target_gene
0.9724770642201834,0.10164884796965082,0.06,2.060442055041752,2.155092988733866,205.78900516603278,39.52691763714069,95,0.7894736842105263,0.9269473497630011,K562_GWPS,additive,ACAT2
1.0,0.04544122847089394,0.03,3.2405963855940065,3.5583749306096517,104.9542899039024,7.868441112134921,6,,,K562_GWPS,additive,ACVR1B
0.6972477064220184,0.02575769460918864,0.02,4.480427618234243,5.4878147379352304,301.8609308998738,9.790061907427843,10,0.8,0.7042056503561153,K562_GWPS,additive,AKT2
0.7431192660550459,0.027687623425637735,0.03,2.4442018981996196,3.054339204465378,249.51316859385724,24.55873760811881,46,0.5217391304347826,1.235720944171845,K562_GWPS,additive,ARID1A
0.5596330275229358,-0.006330482399478896,0.04,2.6633450122506575,3.1466173150431067,157.39900846112602,14.386110664495078,11,0.45454545454545453,2.1146917900688305,K562_GWPS,additive,ATM
0.926605504587156,0.052159133495086406,0.03,2.329105344136048,2.616863084527615,122.48724881009477,16.169964188385112,12,0.75,0.8311777272789881,K562_GWPS,additive,BIRC2
0.963302752293578,0.15461838087630533,0.04,2.7554067461076275,4.4761802920639955,322.629759016073,16.41715422547874,16,0.5625,0.8235017419621017,K562_GWPS,additive,C1QBP
0.8348623853211009,0.01191626865138455,0.0,5.671818227733012,7.0327581082806345,249.69007648329145,4.964799342553638,1,,,K562_GWPS,additive,CALM3
0.7064220183486238,0.005537167935030936,0.01,4.111107922212914,5.214940596793964,130.65394982367962,4.643351710350509,1,,,K562_GWPS,additive,CASP2
1.0,0.06706688318309248,0.04,1.691119431186651,1.4971686002018911,156.25054938094803,51.38649371522806,111,0.6216216216216216,0.9520562664721938,K562_GWPS,additive,CASP3
0.8715596330275229,0.031353504612045106,0.01,4.262563049816084,5.105774071009277,184.71693756902232,6.905625919498096,3,,,K562_GWPS,additive,CDCA2
0.9357798165137614,0.06997518679314428,0.02,3.4888951649387465,3.678680804673514,133.5647963674501,9.528187550236813,3,,,K562_GWPS,additive,CENPO
0.1009174311926605,-0.04121888400568151,0.02,4.083401132136387,5.238439857816037,174.8785769849229,6.056800015533979,1,,,K562_GWPS,additive,CLDN7
0.14678899082568808,-0.013819572362715376,0.01,3.5384852383900256,4.654598672897702,92.83112817057534,4.072623539078952,1,,,K562_GWPS,additive,CREG1
0.944954128440367,0.05462802282242161,0.05,2.9684369000914526,4.274114621793867,169.65366505838495,9.023611332264696,5,,,K562_GWPS,additive,DAXX
0.944954128440367,0.03945766329688391,0.03,3.5197287970537405,3.9410243286942928,166.52922304739437,10.26648522306115,14,0.7142857142857143,0.9751235527019327,K562_GWPS,additive,DHCR24
1.0,0.2083355593630368,0.06,1.3978376391650964,1.5990401502369984,490.7809977812356,169.781901942272,597,0.7839195979899497,0.9291044226926339,K562_GWPS,additive,DHX36
0.981651376146789,0.07588261723817064,0.02,2.8640177517146843,3.1717543107350035,136.8902853064855,12.940225102710361,20,0.7,1.0470397042159696,K562_GWPS,additive,DLG5
1.0,0.10690852754837342,0.06,1.546342303389319,1.639960981191513,463.6502923177798,138.86649709547174,420,0.6095238095238096,1.0988572961913219,K562_GWPS,additive,DNMT1
0.4678899082568807,-0.003336018586308891,0.0,5.017372520233053,6.152384085773623,165.1616206393731,4.246577404917441,3,,,K562_GWPS,additive,EID2
0.8165137614678899,0.058177943104647196,0.01,2.517488345092419,3.185430578876113,293.93947679273305,27.276413233999733,37,0.7297297297297297,0.9545150429052826,K562_GWPS,additive,EIF4B
1.0,0.14842535090730305,0.03,2.173964238739822,2.474874521540003,183.69077175716558,28.745089705228846,41,0.6585365853658537,1.0670136239074104,K562_GWPS,additive,EWSR1
0.11009174311926606,-0.03303701899808593,0.01,2.8763128431301954,3.2799812626816407,100.57624731558235,8.39885246906663,9,,,K562_GWPS,additive,FOXH1
0.6880733944954128,0.040188040975852955,0.04,2.99999027216801,3.277306156262078,306.59095579673647,26.71276855827564,60,0.6166666666666667,1.0761687882879942,K562_GWPS,additive,GSK3B
0.17431192660550454,-0.02320709622909596,0.0,7.159491634831644,8.595180815643966,647.5289071317134,8.602054983856176,4,,,K562_GWPS,additive,HAT1
0.9908256880733946,0.1362469314147183,0.1,2.7059661473358254,3.5823429492327845,141.68325674608087,11.01991884123737,13,0.8461538461538461,1.5835215462991674,K562_GWPS,additive,HIRA
0.9541284403669725,0.06969481894736033,0.03,2.684830601029555,2.9746095437795326,108.56350986955987,11.508085894261823,10,0.9,0.908232822196519,K562_GWPS,additive,HMGB2
0.07339449541284404,-0.02563598271060588,0.0,4.004021245955298,5.485131707288528,129.98160695080975,4.143777337787467,0,,,K562_GWPS,additive,HMGN1
0.963302752293578,0.03323273727615839,0.06,3.617857968885969,4.993916701936581,99.67991465260442,3.892639547364184,0,,,K562_GWPS,additive,IDE
0.8532110091743119,0.04218021956645831,0.03,3.826823781354532,5.600812728440474,132.45838638410373,4.152741016875895,1,,,K562_GWPS,additive,IGF2R
0.2660550458715596,-0.02027245911303126,0.0,3.3132094339616915,3.6430266349856253,126.7027446165977,8.786994624671145,3,,,K562_GWPS,additive,IKBKG
0.908256880733945,0.08665744133757985,0.02,2.053417897466783,2.493266778520842,305.2472791047197,44.993459060027064,56,0.625,1.0610903569396417,K562_GWPS,additive,INSIG1
0.963302752293578,0.07242364436471199,0.03,3.13669091848872,3.212405256418884,82.10884536437652,7.56467982638723,1,,,K562_GWPS,additive,IRF3
0.981651376146789,0.08095697936813462,0.02,1.5885911542117253,1.5210407969823008,283.51768934581963,92.43271177931217,271,0.5904059040590406,1.007597597576624,K562_GWPS,additive,KAT2A
0.06422018348623848,-0.029042378826236635,0.05,2.137935232272742,2.440759949587909,114.85014777024375,16.17817329131932,23,0.4782608695652174,1.9817010972269709,K562_GWPS,additive,KDM2B
0.981651376146789,0.04611259000896396,0.05,3.5276189264682802,4.805215653788357,96.67831869453335,4.088407915806295,1,,,K562_GWPS,additive,KIF1B
0.27522935779816515,-0.024772341972484777,0.0,2.305261842839795,2.753052880591298,64.10488020668961,7.355104623680752,6,,,K562_GWPS,additive,KLF10
1.0,0.17373057129086666,0.09,3.0633459932925735,3.5774173843504062,410.8403553143229,32.723502587011346,47,0.723404255319149,1.2513616989226173,K562_GWPS,additive,LRPPRC
0.8715596330275229,0.033692815266840793,0.04,2.3361283170956333,2.7851892359439034,318.117576825126,37.121648070097244,67,0.6865671641791045,1.2578554860407378,K562_GWPS,additive,LZTR1
0.21100917431192656,-0.022255430072619625,0.02,4.175109511070461,5.530732520085778,147.78581461600095,4.642217044711614,0,,,K562_GWPS,additive,MAP3K7
0.9724770642201834,0.06307238980944498,0.05,4.690435859744292,5.568199497480302,172.88536150890377,5.523062306441866,3,,,K562_GWPS,additive,MAPKAPK2
0.15596330275229353,-0.013256092173363659,0.01,4.2255033264117206,5.7249778476315445,165.67839938247786,4.883356975621416,0,,,K562_GWPS,additive,MAST2
1.0,0.10684330090755526,0.02,1.9859958102977486,2.270440122690286,542.0778395514517,95.60901366089837,297,0.6262626262626263,1.040273563158042,K562_GWPS,additive,MAU2
0.963302752293578,0.07808791843824563,0.08,1.8156706174872195,1.5471342757541213,253.04027118178607,80.2792871741462,149,0.6577181208053692,0.9396119400821584,K562_GWPS,additive,MBTPS1
0.9908256880733946,0.12207683716908353,0.0,2.197449692974661,2.648972959208373,260.41663767245893,35.33324196359707,63,0.6507936507936508,0.9633014032144915,K562_GWPS,additive,MED1
0.7981651376146789,0.08633784132461252,0.0,7.920227076995041,9.816860375245465,1367.9123014945558,14.297397594791168,12,0.5833333333333334,2.458602524467353,K562_GWPS,additive,MED12
0.7798165137614679,0.03769732520993985,0.04,2.5084508494623843,3.10741324458056,166.5729291124376,15.983224800005003,20,0.55,1.2298402113741558,K562_GWPS,additive,MED13
0.7706422018348624,0.04695756531093117,0.02,4.243282246336606,5.909191467467788,263.02655415146205,7.437780462359324,2,,,K562_GWPS,additive,MED13L
0.908256880733945,0.08182784301371343,0.01,3.089141983919059,3.4077378082682332,729.1449023010573,60.48494676929177,156,0.6025641025641025,1.1743396957445351,K562_GWPS,additive,MED24
0.9908256880733946,0.21404707364268358,0.01,1.1561717838398724,1.0675951684212135,608.224479733911,361.45140944447206,1611,0.7535692116697703,0.8705369838420568,K562_GWPS,additive,METTL14
0.908256880733945,0.03985667788531903,0.07,2.176617626034156,2.887244869941426,263.9966208399196,28.99140382417131,30,0.6666666666666666,1.577324541641947,K562_GWPS,additive,METTL17
1.0,0.20454157186612862,0.01,1.1139962701776327,0.9326299940498353,530.7167412070897,356.59845416416147,1549,0.7514525500322788,0.8791996562206773,K562_GWPS,additive,METTL3
0.03669724770642202,-0.04108607434521722,0.0,3.8694491710660106,4.999204100266733,114.2318569108481,4.326499345605781,1,,,K562_GWPS,additive,MKI67
1.0,0.07155379226815825,0.02,3.161819595288293,2.6023669060442125,187.31879005620752,25.3137089434243,10,0.8,0.8272822020826043,K562_GWPS,additive,MTA1
0.7706422018348624,0.013206241765598235,0.01,3.4450081855237777,4.675520310274729,92.28107522645345,4.058630560993372,1,,,K562_GWPS,additive,NCK2
0.9724770642201834,0.09289909584442536,0.07,2.9623590068349923,4.301570530439567,193.66646893908245,10.354123074715751,8,,,K562_GWPS,additive,NDUFB4
0.944954128440367,0.1395643125149706,0.08,2.411763338629868,3.383313522532668,114.77770447718058,9.978560799015732,4,,,K562_GWPS,additive,NDUFB6
0.9908256880733946,0.03306019937618544,0.07,2.8698355154185764,3.328407550624124,89.90009135791365,7.581245949804451,1,,,K562_GWPS,additive,NISCH
0.5229357798165137,0.0022618981873052087,0.01,1.7588108845865238,1.8598961073677351,144.13999307614336,32.385189523415,36,0.4444444444444444,0.9445525118958462,K562_GWPS,additive,NIT1
0.9908256880733946,0.0556003960491029,0.02,3.7548213456827173,4.505970446873889,124.21173666663938,5.970942407414075,4,,,K562_GWPS,additive,NRAS
1.0,0.09355273421362385,0.06,1.990090503917128,1.919232523258431,147.5742237644263,34.12630049200222,37,0.9459459459459459,0.7274934235128376,K562_GWPS,additive,OXCT1
0.7889908256880733,0.016755596500279926,0.01,3.0411032265997133,4.122977226263714,125.94103283129849,7.0512634841261725,2,,,K562_GWPS,additive,PAGR1
0.8532110091743119,0.009346468411833715,0.03,3.412103335938299,4.483376384382468,90.96124087456053,4.328013639879009,0,,,K562_GWPS,additive,PBX1
0.9724770642201834,0.06491134139685961,0.04,3.2578540030023895,3.329720290775786,400.8008603587525,34.389444571791415,34,0.7647058823529411,0.9754258446784333,K562_GWPS,additive,PHF10
0.8532110091743119,0.03640374426152686,0.0,3.495278298703273,4.403167801930708,165.55099077744634,8.249787723329748,3,,,K562_GWPS,additive,PHF14
0.5412844036697247,-0.0046266240264927925,0.05,5.412956343298255,6.79741841987713,213.2616192739307,4.511774191881248,2,,,K562_GWPS,additive,PLCB3
0.7247706422018348,0.00993852211684946,0.06,5.621896804534215,5.418339445257689,223.63034903214879,7.392567310454581,1,,,K562_GWPS,additive,PMS1
0.8073394495412844,0.014586395752754689,0.03,5.755398654695537,6.252119746673102,256.4437266612154,6.426096569250553,2,,,K562_GWPS,additive,POLB
0.908256880733945,0.06109700674194578,0.07,3.103301998790068,3.410099499348018,75.40891741190842,6.1749421438221415,2,,,K562_GWPS,additive,PRCP
1.0,0.07891754138933575,0.03,3.057480913701789,3.6379855163034764,172.59888921289422,12.634669039720416,16,0.5625,1.2718028348993977,K562_GWPS,additive,PRR12
0.6055045871559632,0.020096832489128556,0.03,7.936059402205302,12.61558293317903,593.8466651555191,3.7197747688623792,2,,,K562_GWPS,additive,PTPN1
0.1651376146788991,-0.021059727642100384,0.0,4.00617650124129,4.852348775654486,202.3261929743766,8.174905689195368,9,,,K562_GWPS,additive,RAF1
0.7431192660550459,0.030861961094275067,0.0,2.2321662862082268,2.102508896148549,210.89483975679963,39.8609081554897,97,0.5051546391752577,1.0937856290057977,K562_GWPS,additive,RNF2
0.944954128440367,0.046772851351859886,0.01,6.3649950912851185,9.223453242991807,423.78888195944296,4.973506468799863,2,,,K562_GWPS,additive,RRM1
0.9357798165137614,0.05980746580763323,0.03,2.733618004895721,3.414085100577311,325.7747433184982,26.599064546289515,45,0.7111111111111111,0.9831803066790198,K562_GWPS,additive,SAFB
1.0,0.1709043663358448,0.05,1.528450169009196,1.6110475332523062,405.4846655747441,133.17266412216995,470,0.6978723404255319,0.9856413033970197,K562_GWPS,additive,SIN3B
0.6422018348623852,0.007368649496044403,0.02,3.3028451218091486,4.2661188161494605,121.89958282132517,6.369871358363403,3,,,K562_GWPS,additive,SIX4
0.963302752293578,0.06492355142213845,0.06,2.914857502399723,3.770656395882609,182.12044693123033,12.365390328915378,4,,,K562_GWPS,additive,SLC25A3
0.9541284403669725,0.05434348508690022,0.03,2.3017777951537224,2.1702747375005016,121.53009427847068,22.20047334591812,30,0.5666666666666667,0.9010748180393174,K562_GWPS,additive,SMAGP
0.8990825688073394,0.04233161167485459,0.02,1.389459899170258,1.065972845741918,453.49592234172917,221.64465821905196,853,0.5451348182883939,1.0262889751721564,K562_GWPS,additive,SMARCA4
0.981651376146789,0.07030051559667296,0.0,1.789909452852376,1.9935256228089158,369.85016749528694,78.79458411512789,267,0.5655430711610487,1.0638543727694798,K562_GWPS,additive,SMARCA5
0.23853211009174313,-0.006641064307326535,0.02,4.311632687713125,3.9229363918161626,1519.4377937689396,92.41459540513372,327,0.4984709480122324,1.500118867634268,K562_GWPS,additive,SOX2
0.981651376146789,0.13018855838258878,0.09,3.278142863527289,4.066961394103123,334.147125555329,20.27440301555896,29,0.7586206896551724,1.58833979362605,K562_GWPS,additive,SSBP1
0.981651376146789,0.03218978135916818,0.01,1.8634009172648793,2.1911814721316554,260.8439248400085,46.08379790574959,93,0.6021505376344086,1.0257618419545327,K562_GWPS,additive,STAG2
0.8623853211009174,0.031541328336339235,0.03,4.819564801440795,5.742848612121693,160.26946957457898,4.767365631069456,5,,,K562_GWPS,additive,STAT1
0.6880733944954128,0.025986102609927623,0.03,7.3930260568933805,7.0850095607716375,764.7484827151432,15.045474491121508,21,0.6666666666666666,0.9695843517487301,K562_GWPS,additive,STAT6
0.5321100917431192,0.004384036103370681,0.02,3.967627164406938,4.539021881092821,175.37861107211907,8.133341940387163,5,,,K562_GWPS,additive,STX4
1.0,0.11152382520071265,0.04,1.6709308062239496,1.988616077547533,262.97944026336893,58.2968829438001,155,0.5935483870967742,1.0665495827610727,K562_GWPS,additive,TADA1
0.3853211009174312,-0.018773853969158625,0.01,4.563116192672951,5.7823022796360135,218.05526005868012,6.292693938738174,3,,,K562_GWPS,additive,TARBP2
0.7614678899082569,0.023615233972087854,0.03,5.969047221504726,7.8537957422596865,306.7439244923917,4.9227759462459755,0,,,K562_GWPS,additive,TCF3
0.9724770642201834,0.04463227697588181,0.04,3.600863636226597,4.366661471776642,155.70153490679564,7.912489860239036,9,,,K562_GWPS,additive,TET1
1.0,0.14471097407988642,0.07,3.007734862445564,3.60137641288723,391.1473608655751,30.256777865522608,44,0.6818181818181818,1.3077092105993593,K562_GWPS,additive,TFAM
0.944954128440367,0.02803809746976694,0.05,4.434667302466147,5.580263351714529,163.25560819013452,5.129562564902825,2,,,K562_GWPS,additive,TMBIM6
1.0,0.13943813879069367,0.06,1.723211419219221,1.6875402788071685,184.91149688563974,54.75326986699672,90,0.8111111111111111,0.8537153636054899,K562_GWPS,additive,TMSB10
0.42201834862385323,-0.015143806315981752,0.0,4.081822247019636,5.756386991533079,144.4002951279735,4.208652604315498,0,,,K562_GWPS,additive,TMSB4X
0.9724770642201834,0.06430238077003687,0.04,3.4863912865065827,4.689322575668674,104.72136635213107,4.677843268974838,0,,,K562_GWPS,additive,TRAM2
0.981651376146789,0.05744005241384739,0.05,2.604351616306148,2.9673691799331428,219.09874620643538,23.149805600463942,50,0.72,0.9401882293347327,K562_GWPS,additive,TRAPPC6A
0.9724770642201834,0.11221105231668387,0.06,3.412789309616978,4.5371447161495375,140.5107965150999,6.831708339197052,2,,,K562_GWPS,additive,TSC22D4
0.7247706422018348,0.011694761055011977,0.0,3.5414377703851487,4.9446631002837025,98.27026729854255,3.8789813156144843,0,,,K562_GWPS,additive,TWF2
0.8165137614678899,0.03994689294466193,0.01,6.890998206321481,8.038687704402722,652.2445146101284,10.037888464676527,8,,,K562_GWPS,additive,TXNDC9
0.9908256880733946,0.07187032624222651,0.05,3.7672021985719053,4.286044953593653,335.94842734889704,17.913330073560587,18,0.7222222222222222,0.8425523416861173,K562_GWPS,additive,UBE3C
0.8715596330275229,0.03967912895109132,0.06,3.3818578421161667,4.431810040030847,334.29551467631745,16.476493096967765,17,0.5294117647058824,2.1053107338219332,K562_GWPS,additive,UQCRQ
0.9174311926605505,0.04982669865742985,0.04,3.0938026436503274,4.6544607743092525,196.32444591016997,8.843374885374025,2,,,K562_GWPS,additive,USP22
0.8348623853211009,0.03891812755406791,0.06,2.7551912087659876,3.016392695828723,189.86087667507618,19.24817040139183,24,0.6666666666666666,1.0129066275086036,K562_GWPS,additive,WSB2
0.6697247706422018,0.00566415977538465,0.0,2.5128294389642525,2.4668209384098967,137.7698421848548,19.52171669296456,4,,,K562_GWPS,additive,XRCC4
0.6238532110091743,-0.003634068208316135,0.01,5.018856405291347,7.0379931257732995,202.55937691491067,4.004376352107395,0,,,K562_GWPS,additive,ZNF286A
0.35779816513761464,-0.01127723433395474,0.0,4.096280741014019,5.439328120860792,120.91297523803738,3.93738276104981,0,,,K562_GWPS,additive,ZNF426
0.6788990825688073,0.0018214142867650496,0.01,4.924944713608481,6.436093057857529,191.25507518818614,4.510749047723952,1,,,K562_GWPS,additive,ZNF562
0.9174311926605505,0.06399436053560656,0.05,2.548288062495061,3.2398142703964243,101.00323515303114,9.114386740836345,5,,,K562_GWPS,additive,ZNF593
0.6146788990825688,0.009788058382294573,0.02,6.265457230844827,6.125590613362905,295.72906363617085,7.700687095179143,5,,,K562_GWPS,additive,ZNF714
1.0,0.157701853113986,0.08,1.8773648326749097,1.5197915903324168,111.87772200175992,39.52691763714069,95,0.7894736842105263,0.6990738254058851,K562_GWPS,ratio,ACAT2
0.9908256880733946,0.028584141567595655,0.01,3.1958022301497704,2.8156457254249547,68.98179876746488,7.868441112134921,6,,,K562_GWPS,ratio,ACVR1B
1.0,0.08832340168517468,0.07,4.278087888678267,4.069517623738638,164.8852644095641,9.790061907427843,10,0.9,0.9497075222893729,K562_GWPS,ratio,AKT2
0.981651376146789,0.057332722518484674,0.04,2.1330550539693722,1.617614638887304,84.26575917551172,24.55873760811881,46,0.5652173913043478,0.9893822367510882,K562_GWPS,ratio,ARID1A
0.908256880733945,0.01780129863773983,0.02,2.5711922175529613,2.377394599190983,94.47882035484307,14.386110664495078,11,0.45454545454545453,0.9917811161803105,K562_GWPS,ratio,ATM
1.0,0.13564278517191833,0.03,2.143004584637189,1.7981868442384612,60.56708753591996,16.169964188385112,12,0.75,0.506551668505863,K562_GWPS,ratio,BIRC2
0.9908256880733946,0.2502541921327328,0.03,2.2065825886048147,2.2280353916797564,79.6066382169881,16.41715422547874,16,0.6875,0.9391078782838796,K562_GWPS,ratio,C1QBP
0.7706422018348624,0.001430433537879436,0.02,5.8060717085487985,5.952645783005945,180.80290944026768,4.964799342553638,1,,,K562_GWPS,ratio,CALM3
0.6422018348623852,-0.0009868071982241436,0.01,4.12068194468143,4.195106968596244,86.3997832383753,4.643351710350509,1,,,K562_GWPS,ratio,CASP2
0.981651376146789,0.056918800463419295,0.1,1.5666463926585568,1.0824668865242855,105.2657013789864,51.38649371522806,111,0.6126126126126126,0.9069562592081702,K562_GWPS,ratio,CASP3
0.9357798165137614,0.02820586717784549,0.02,4.233071985842682,3.971614911753462,114.28589448467716,6.905625919498096,3,,,K562_GWPS,ratio,CDCA2
1.0,0.07859552688024808,0.03,3.3912882439006555,2.620672894853326,71.04197664848861,9.528187550236813,3,,,K562_GWPS,ratio,CENPO
0.4311926605504587,0.0017646647320153845,0.01,4.0345923846604625,4.035392065711916,104.60182598732641,6.056800015533979,1,,,K562_GWPS,ratio,CLDN7
0.5779816513761468,0.005502054888266999,0.0,3.424046906129159,3.4209126616313363,51.57977443468694,4.072623539078952,1,,,K562_GWPS,ratio,CREG1
1.0,0.09886197861291102,0.07,2.5999123222845633,2.4200625752647924,57.554384436220346,9.023611332264696,5,,,K562_GWPS,ratio,DAXX
0.9174311926605505,0.020483226691042127,0.0,3.3992562075629214,2.8446371929532708,92.1460790421452,10.26648522306115,14,0.7142857142857143,0.8235572245812964,K562_GWPS,ratio,DHCR24
1.0,0.37909740860197283,0.2,1.0451819606519455,0.7720487525305928,171.59787447703303,169.781901942272,597,0.7989949748743719,0.7277499621900029,K562_GWPS,ratio,DHX36
1.0,0.08964119391981311,0.04,2.707322524905703,2.233694495986925,72.32199958191036,12.940225102710361,20,0.75,0.6577973103509002,K562_GWPS,ratio,DLG5
1.0,0.18455272013602123,0.08,1.2625193095989935,0.9204918851884467,209.34773612304537,138.86649709547174,420,0.611904761904762,0.8887806242275014,K562_GWPS,ratio,DNMT1
0.7247706422018348,0.005301232454714414,0.01,4.977724513292755,5.031057198939683,111.50745729042356,4.246577404917441,3,,,K562_GWPS,ratio,EID2
1.0,0.1099088222730637,0.04,2.359354125433943,2.218839289385588,148.2611559593576,27.276413233999733,37,0.7567567567567568,0.8378547121626304,K562_GWPS,ratio,EIF4B
1.0,0.20268350224663534,0.05,1.9926044090971808,1.833548032700954,104.01808871328996,28.745089705228846,41,0.6585365853658537,0.7880826590364175,K562_GWPS,ratio,EWSR1
0.1834862385321101,-0.018358186928217154,0.03,2.759729584422595,2.31852669332685,54.262415086389694,8.39885246906663,9,,,K562_GWPS,ratio,FOXH1
0.8807339449541285,0.0828825518593337,0.07,2.519951433109967,1.9070036384995181,115.41380468106146,26.71276855827564,60,0.6166666666666667,0.8596247019724508,K562_GWPS,ratio,GSK3B
0.3669724770642202,-0.0066031553308574,0.0,7.5590281150481555,7.863851835879171,541.4479051773975,8.602054983856176,4,,,K562_GWPS,ratio,HAT1
0.9541284403669725,0.05836096094132975,0.05,2.218059319193336,1.6835582921589245,40.08892596300974,11.01991884123737,13,0.8461538461538461,0.9687997170136448,K562_GWPS,ratio,HIRA
1.0,0.061043252662216684,0.02,2.5465194200421286,2.0788144583390675,58.319231816301226,11.508085894261823,10,0.9,0.6734399937983062,K562_GWPS,ratio,HMGB2
0.25688073394495414,-0.004336310075241762,0.01,3.968119151220468,4.069645316720848,72.91932399095921,4.143777337787467,0,,,K562_GWPS,ratio,HMGN1
0.8440366972477065,0.024041547000149557,0.0,3.4262640092334307,3.427633680048004,48.984436591536124,3.892639547364184,0,,,K562_GWPS,ratio,IDE
0.8623853211009174,0.027744841023201974,0.01,3.516576353607491,3.534778301845497,55.22528421544041,4.152741016875895,1,,,K562_GWPS,ratio,IGF2R
0.6788990825688073,0.004935539814539234,0.01,3.2471959857972066,2.7347177332322024,74.2649235281072,8.786994624671145,3,,,K562_GWPS,ratio,IKBKG
0.9908256880733946,0.16240350319101063,0.2,1.8567535815722973,1.6916670436346934,149.03057814983566,44.993459060027064,56,0.6428571428571429,0.8625643939932461,K562_GWPS,ratio,INSIG1
1.0,0.1095491920583513,0.03,3.0266278855798503,2.249443422214038,42.11367923635673,7.56467982638723,1,,,K562_GWPS,ratio,IRF3
1.0,0.05360265502154208,0.0,1.4850988139229853,1.134663532328491,200.19255813106375,92.43271177931217,271,0.5793357933579336,1.0037652481662935,K562_GWPS,ratio,KAT2A
0.06422018348623848,-0.013434672987777514,0.0,2.025846275632521,1.5671328977496022,56.591466236233934,16.17817329131932,23,0.4782608695652174,0.9937334147988552,K562_GWPS,ratio,KDM2B
0.6880733944954128,0.011739256153843618,0.02,3.3599521906209238,3.2812995730943184,47.793025956855715,4.088407915806295,1,,,K562_GWPS,ratio,KIF1B
0.963302752293578,0.02739828750437931,0.02,2.1750732844145113,1.8765662553820253,32.49979123362276,7.355104623680752,6,,,K562_GWPS,ratio,KLF10
1.0,0.21719506288745458,0.13,2.3151835664049294,2.0329981085111837,139.07380628786098,32.723502587011346,47,0.8297872340425532,0.6284474127097065,K562_GWPS,ratio,LRPPRC
1.0,0.11660688118830893,0.08,1.9019799654822418,1.4644551181171312,104.0556065130254,37.121648070097244,67,0.6865671641791045,0.8561168017752778,K562_GWPS,ratio,LZTR1
0.3302752293577982,-0.005507704074963002,0.01,4.022116337960536,4.028658371478486,80.19181860177052,4.642217044711614,0,,,K562_GWPS,ratio,MAP3K7
0.9174311926605505,0.030274047596476165,0.01,4.6335566804219095,4.238469744536785,103.32541928404514,5.523062306441866,3,,,K562_GWPS,ratio,MAPKAPK2
0.8256880733944953,0.017300722553460438,0.01,4.053010871725357,4.201247406652692,90.36706064203005,4.883356975621416,0,,,K562_GWPS,ratio,MAST2
1.0,0.17237101807810137,0.04,1.6782078770487525,1.4464483363916405,247.96783251961895,95.60901366089837,297,0.6127946127946128,0.8907625712142546,K562_GWPS,ratio,MAU2
1.0,0.16903606327924106,0.21,1.6289665708829764,1.0730603997628065,143.5945021059201,80.2792871741462,149,0.6442953020134228,0.7687459258481971,K562_GWPS,ratio,MBTPS1
0.9908256880733946,0.15856194111039984,0.03,1.9693952162362403,1.8330934124193612,133.52127421463257,35.33324196359707,63,0.6507936507936508,0.8456965577849923,K562_GWPS,ratio,MED1
0.8990825688073394,0.1377603624926648,0.05,7.2618774869670775,7.0856506304461835,704.2068986001914,14.297397594791168,12,0.5833333333333334,0.9673759737260863,K562_GWPS,ratio,MED12
0.8532110091743119,0.05233925280814071,0.04,2.205789182571312,1.9388063999479408,72.81987426942617,15.983224800005003,20,0.5,1.0981727042819909,K562_GWPS,ratio,MED13
0.7247706422018348,0.04718109508366692,0.03,3.884017245202434,3.876976087698241,116.51360171798322,7.437780462359324,2,,,K562_GWPS,ratio,MED13L
0.908256880733945,0.08753836346856872,0.03,2.959812616262808,2.6336159448402383,452.11578854698485,60.48494676929177,156,0.5705128205128205,1.0335530721649206,K562_GWPS,ratio,MED24
0.9908256880733946,0.4139078534077295,0.09,0.9236473094403947,0.5509379075824758,306.31471672347755,361.45140944447206,1611,0.74487895716946,0.7984701171109215,K562_GWPS,ratio,METTL14
0.963302752293578,0.14113396967620798,0.08,1.8262722780883442,1.5019325036787936,82.09941861602431,28.99140382417131,30,0.7,0.8555259081003534,K562_GWPS,ratio,METTL17
1.0,0.3889563490625437,0.11,0.9303493857901478,0.47394364580327,305.22538283396364,356.59845416416147,1549,0.7353131052291801,0.830643520023935,K562_GWPS,ratio,METTL3
0.5688073394495412,-0.0001662936102149914,0.01,3.7877193518090673,3.816247878388664,67.34203631730963,4.326499345605781,1,,,K562_GWPS,ratio,MKI67
1.0,0.25378471041780337,0.07,3.043073141156281,1.97696610387921,98.84870282237108,25.3137089434243,10,0.8,0.3397678974256841,K562_GWPS,ratio,MTA1
0.926605504587156,0.022359564703666082,0.02,3.2998961087668186,3.2707301263733872,46.88291115121004,4.058630560993372,1,,,K562_GWPS,ratio,NCK2
0.9174311926605505,0.08571295593754455,0.04,2.505964657137352,2.351223286093891,63.42097469056755,10.354123074715751,8,,,K562_GWPS,ratio,NDUFB4
0.926605504587156,0.04556307161910191,0.0,2.125294963134816,1.914597024329418,44.81583123380804,9.978560799015732,4,,,K562_GWPS,ratio,NDUFB6
1.0,0.10530445543448898,0.03,2.6506774110209377,2.1017105202941337,37.71327299514467,7.581245949804451,1,,,K562_GWPS,ratio,NISCH
0.8899082568807339,0.021501997731845766,0.06,1.6444481903125328,1.2921333159209953,84.65623298968518,32.385189523415,36,0.4722222222222222,0.9496380272289168,K562_GWPS,ratio,NIT1
1.0,0.05947573237688421,0.05,3.5814591340585173,3.0598896758030527,59.70313350219699,5.970942407414075,4,,,K562_GWPS,ratio,NRAS
1.0,0.3343660472808286,0.17,1.746753133881541,1.3229988309407374,63.66582578616089,34.12630049200222,37,0.918918918918919,0.45095479329716087,K562_GWPS,ratio,OXCT1
0.8623853211009174,0.022812729873723053,0.04,2.8485392668872382,2.7221090621573127,58.42451472078341,7.0512634841261725,2,,,K562_GWPS,ratio,PAGR1
0.4954128440366973,-0.009541087369641812,0.02,3.366000701310467,3.324674231786841,52.4421117716437,4.328013639879009,0,,,K562_GWPS,ratio,PBX1
1.0,0.12669002592962011,0.08,2.83307416690557,2.0148363944046386,156.43917717424415,34.389444571791415,34,0.7941176470588235,0.6473845993543424,K562_GWPS,ratio,PHF10
0.9724770642201834,0.0346730034501218,0.0,3.4012249426232226,3.314646256093905,96.99293840579527,8.249787723329748,3,,,K562_GWPS,ratio,PHF14
0.39449541284403666,-0.0034684148110014504,0.02,5.469755018699657,5.565248101016404,144.42456106463908,4.511774191881248,2,,,K562_GWPS,ratio,PLCB3
1.0,0.03895718648981336,0.03,5.67211469787243,4.366128096106823,145.80279497663787,7.392567310454581,1,,,K562_GWPS,ratio,PMS1
0.9541284403669725,0.020725713202661828,0.01,5.840636689783702,5.231747338338839,180.9223587423335,6.426096569250553,2,,,K562_GWPS,ratio,POLB
1.0,0.09811828500600943,0.03,2.967384153301099,2.404131829250913,38.95197512140521,6.1749421438221415,2,,,K562_GWPS,ratio,PRCP
0.7889908256880733,0.007896631875065618,0.06,2.916978289599771,2.630081119002581,99.50798905558815,12.634669039720416,16,0.5625,0.8472656937505594,K562_GWPS,ratio,PRR12
0.6055045871559632,0.03053783205037959,0.03,6.56110221860529,7.246245566438214,197.39172863779203,3.7197747688623792,2,,,K562_GWPS,ratio,PTPN1
0.44036697247706424,-0.004257969723310819,0.01,3.8175494959559892,3.4629430736883204,106.44924786158933,8.174905689195368,9,,,K562_GWPS,ratio,RAF1
0.8073394495412844,0.014569654006210733,0.0,2.201610451589692,1.678445786654425,150.20672456420215,39.8609081554897,97,0.5154639175257731,0.9981764661693572,K562_GWPS,ratio,RNF2
0.981651376146789,0.044108819326498024,0.01,5.985400144907393,6.215359924019778,194.37654240522227,4.973506468799863,2,,,K562_GWPS,ratio,RRM1
1.0,0.11796624870048003,0.09,2.4716589130893944,2.201241328982025,141.66978370830003,26.599064546289515,45,0.7111111111111111,0.6784291543295833,K562_GWPS,ratio,SAFB
1.0,0.2189420025121567,0.06,1.3730625178361573,1.1427551132870426,240.44258762251167,133.17266412216995,470,0.6808510638297872,0.8131911922307233,K562_GWPS,ratio,SIN3B
0.5871559633027523,-0.004126000846169568,0.03,3.1110127511706875,2.928718567278652,61.160703548606605,6.369871358363403,3,,,K562_GWPS,ratio,SIX4
0.8990825688073394,0.0443260516597102,0.0,2.681974811806609,2.5326915171684763,88.90713038729396,12.365390328915378,4,,,K562_GWPS,ratio,SLC25A3
1.0,0.0997647737239351,0.09,2.168648975596155,1.4724703640505528,63.81232190374195,22.20047334591812,30,0.5666666666666667,0.7885096661021676,K562_GWPS,ratio,SMAGP
1.0,0.057837230884261355,0.02,1.263524787450936,0.7261688409154495,319.9046104348654,221.64465821905196,853,0.5486518171160609,0.9529574493927045,K562_GWPS,ratio,SMARCA4
1.0,0.1219818957076487,0.02,1.5797046731158069,1.2548202928011667,178.74104255517295,78.79458411512789,267,0.5692883895131086,0.9301976110594387,K562_GWPS,ratio,SMARCA5
0.35779816513761464,-0.00606579632013547,0.05,5.6208800496592275,5.4447785734000975,2838.206330760191,92.41459540513372,327,0.4892966360856269,1.645861301315046,K562_GWPS,ratio,SOX2
0.981651376146789,0.17471147217549773,0.16,2.4016737569522095,2.0999041625663417,94.79992129616556,20.27440301555896,29,0.8620689655172413,0.56704660925801,K562_GWPS,ratio,SSBP1
1.0,0.05915364935812434,0.07,1.5795241742949138,1.1933709768140337,105.20699682824005,46.08379790574959,93,0.5806451612903226,0.8924134621083798,K562_GWPS,ratio,STAG2
1.0,0.042013227076550114,0.02,4.732878927064217,4.478391771639171,98.5876408853096,4.767365631069456,5,,,K562_GWPS,ratio,STAT1
0.8899082568807339,0.04777088752928642,0.02,8.06906022743033,7.110986593944882,765.6150592010172,15.045474491121508,21,0.6666666666666666,0.7893028176277145,K562_GWPS,ratio,STAT6
0.5596330275229358,0.004009297003232785,0.0,3.8488246579989758,3.458333836255523,105.18315915324371,8.133341940387163,5,,,K562_GWPS,ratio,STX4
0.963302752293578,0.09933404824256573,0.05,1.4399336774494536,1.1011967720700202,116.23592004718725,58.2968829438001,155,0.5806451612903226,0.9855802039966458,K562_GWPS,ratio,TADA1
0.5229357798165137,0.0007834911747490893,0.03,4.56939538028803,4.667539103904802,143.33880431041163,6.292693938738174,3,,,K562_GWPS,ratio,TARBP2
0.25688073394495414,-0.004012670633319068,0.02,5.789012977449758,5.915043730012051,177.39327766974043,4.9227759462459755,0,,,K562_GWPS,ratio,TCF3
0.9724770642201834,0.04516869592594209,0.01,3.4827149001442304,3.300197393450734,91.73085281702832,7.912489860239036,9,,,K562_GWPS,ratio,TET1
0.9908256880733946,0.18691968073507131,0.07,2.1524006720668036,1.8218014254382882,110.07111259415487,30.256777865522608,44,0.8863636363636364,0.8069114117429367,K562_GWPS,ratio,TFAM
0.981651376146789,0.037695233414402465,0.02,4.33242695125298,4.202418030626809,94.0941055025642,5.129562564902825,2,,,K562_GWPS,ratio,TMBIM6
1.0,0.3197548482291154,0.23,1.4107208968412281,0.9004785214795352,67.62011426383052,54.75326986699672,90,0.8333333333333334,0.7071830044669669,K562_GWPS,ratio,TMSB10
0.6513761467889908,0.004375077842378341,0.0,3.957893152547018,4.111158771489217,75.19032772108476,4.208652604315498,0,,,K562_GWPS,ratio,TMSB4X
0.8073394495412844,0.01458976105175418,0.02,3.325961223135823,3.272759177595102,54.335278389052846,4.677843268974838,0,,,K562_GWPS,ratio,TRAM2
1.0,0.10259870742063606,0.08,2.4040274476291437,2.03210007929843,109.09227939370794,23.149805600463942,50,0.7,0.7258887899285003,K562_GWPS,ratio,TRAPPC6A
1.0,0.08444650693768722,0.02,3.150633638730855,2.620603048056081,50.72515287375137,6.831708339197052,2,,,K562_GWPS,ratio,TSC22D4
0.9908256880733946,0.04698093389667942,0.01,3.394787902988595,3.4886007899032836,49.81597280242944,3.8789813156144843,0,,,K562_GWPS,ratio,TWF2
0.9908256880733946,0.06976615863183053,0.03,7.260468173319294,7.302736840850847,535.129847577909,10.037888464676527,8,,,K562_GWPS,ratio,TXNDC9
1.0,0.1291377627181446,0.05,3.211622209040071,2.5429868302438536,121.98961226448942,17.913330073560587,18,0.7777777777777778,0.6143507513876488,K562_GWPS,ratio,UBE3C
0.8165137614678899,0.041180688877203685,0.02,2.9341739922628776,2.6226635832887477,126.24879009404711,16.476493096967765,17,0.47058823529411764,1.126501372402821,K562_GWPS,ratio,UQCRQ
0.908256880733945,0.05759885281815732,0.02,2.6570756553654844,2.5481548881792815,63.66833502071952,8.843374885374025,2,,,K562_GWPS,ratio,USP22
0.9541284403669725,0.029537412965797167,0.04,2.614917404152751,2.1601076750207957,106.60516761512355,19.24817040139183,24,0.6666666666666666,0.7598509995729622,K562_GWPS,ratio,WSB2
1.0,0.07117909341342668,0.02,2.3613001093126282,1.7453089049960677,74.13653344473596,19.52171669296456,4,,,K562_GWPS,ratio,XRCC4
0.3853211009174312,-0.007560204476616198,0.0,4.892202714495606,5.033927689874684,105.78178022256498,4.004376352107395,0,,,K562_GWPS,ratio,ZNF286A
0.6972477064220184,0.0036880702048075523,0.0,3.951992498767645,3.9968583284605295,66.72050658354448,3.93738276104981,0,,,K562_GWPS,ratio,ZNF426
1.0,0.02759735104927256,0.0,4.973397559401789,5.038077722195444,117.74927848630449,4.510749047723952,1,,,K562_GWPS,ratio,ZNF562
0.9908256880733946,0.03297824693350785,0.01,2.4381878795380976,2.2612461098031216,54.35902376438288,9.114386740836345,5,,,K562_GWPS,ratio,ZNF593
0.981651376146789,0.03352796965133072,0.01,6.370489669259141,4.9882226355407076,196.7361921491402,7.700687095179143,5,,,K562_GWPS,ratio,ZNF714
1.0,0.1585184112329832,0.08,1.8652325746573768,1.494212086899466,109.05276998812622,39.52691763714069,95,0.7894736842105263,0.6997649109279861,K562_GWPS,log1p,ACAT2
0.9908256880733946,0.029308628814386596,0.01,3.1706758772503787,2.7666997552658428,66.82235203467408,7.868441112134921,6,,,K562_GWPS,log1p,ACVR1B
1.0,0.08842967922374913,0.08,4.248533505534881,4.001836525376117,159.64588687332247,9.790061907427843,10,0.9,0.9208531624790521,K562_GWPS,log1p,AKT2
0.981651376146789,0.05666310597872337,0.04,2.119493111030959,1.589889918186027,82.21218535234098,24.55873760811881,46,0.5652173913043478,0.9900297680582777,K562_GWPS,log1p,ARID1A
0.9174311926605505,0.018060023728703994,0.02,2.551939115584696,2.336735981002243,91.72486377836391,14.386110664495078,11,0.45454545454545453,0.9939045828064288,K562_GWPS,log1p,ATM
1.0,0.13026246753922738,0.03,2.128209115682684,1.7620252949849693,58.95054115008233,16.169964188385112,12,0.75,0.5351459135976161,K562_GWPS,log1p,BIRC2
0.9908256880733946,0.25188333258164275,0.03,2.1924690044117874,2.198048857393901,77.55652513698732,16.41715422547874,16,0.6875,0.9337654778042729,K562_GWPS,log1p,C1QBP
0.7798165137614679,0.0017048312694543724,0.02,5.759819416204475,5.8413038549215965,174.26899400843809,4.964799342553638,1,,,K562_GWPS,log1p,CALM3
0.6513761467889908,-0.0007589423256595942,0.01,4.087776804847578,4.118432230386197,83.43051462840057,4.643351710350509,1,,,K562_GWPS,log1p,CASP2
0.981651376146789,0.05808933958752447,0.1,1.5574671231063586,1.0648124671084624,103.29286890958483,51.38649371522806,111,0.6126126126126126,0.9075022323745648,K562_GWPS,log1p,CASP3
0.944954128440367,0.028375181074914838,0.02,4.196068742257748,3.8914754334926482,109.95647506884971,6.905625919498096,3,,,K562_GWPS,log1p,CDCA2
1.0,0.07993569836085815,0.03,3.3612974635112893,2.569310367709937,68.51335232186224,9.528187550236813,3,,,K562_GWPS,log1p,CENPO
0.4311926605504587,0.0014021758972476682,0.01,4.0042863851336215,3.966242223745876,101.26942151678082,6.056800015533979,1,,,K562_GWPS,log1p,CLDN7
0.5688073394495412,0.005438259167921043,0.0,3.3967142055288266,3.3614110346495667,49.9406426492233,4.072623539078952,1,,,K562_GWPS,log1p,CREG1
1.0,0.0997766028561318,0.08,2.5831827785147907,2.383003808498103,55.975005052941796,9.023611332264696,5,,,K562_GWPS,log1p,DAXX
0.9174311926605505,0.02078897164288522,0.0,3.3733382898647513,2.792627309288751,89.14035529833254,10.26648522306115,14,0.7142857142857143,0.8247626095366188,K562_GWPS,log1p,DHCR24
1.0,0.37998113543149553,0.19,1.043881711182762,0.7648500535709395,170.41661814716528,169.781901942272,597,0.7989949748743719,0.728438845383795,K562_GWPS,log1p,DHX36
1.0,0.08942747254394803,0.04,2.6868525433133827,2.1963976571979,70.28258216132878,12.940225102710361,20,0.75,0.6618106740601826,K562_GWPS,log1p,DLG5
1.0,0.18425368394992503,0.08,1.2591089890405345,0.908520561029437,206.99621821983504,138.86649709547174,420,0.6095238095238096,0.8882123437520605,K562_GWPS,log1p,DNMT1
0.7247706422018348,0.005341082886579114,0.01,4.9362475222657825,4.9307764361676325,107.26805643396591,4.246577404917441,3,,,K562_GWPS,log1p,EID2
1.0,0.11090026875975657,0.04,2.3411057401836857,2.1796246269442636,143.67364061256308,27.276413233999733,37,0.7567567567567568,0.839246322499185,K562_GWPS,log1p,EIF4B
1.0,0.2040932362219285,0.06,1.9787750241438853,1.804672122959322,101.18842809005581,28.745089705228846,41,0.6585365853658537,0.7888114047841897,K562_GWPS,log1p,EWSR1
0.17431192660550454,-0.01911672234499885,0.03,2.7385129853866808,2.278072287871877,52.71717723547435,8.39885246906663,9,,,K562_GWPS,log1p,FOXH1
0.8807339449541285,0.08317445748949509,0.07,2.5114050119498077,1.8846628696645882,113.22053378573172,26.71276855827564,60,0.6166666666666667,0.8593563579328528,K562_GWPS,log1p,GSK3B
0.35779816513761464,-0.006811917489591191,0.0,7.48668571623686,7.646293951621369,512.4242695112293,8.602054983856176,4,,,K562_GWPS,log1p,HAT1
0.9541284403669725,0.05867499794464593,0.06,2.2078339890829017,1.6630453967429328,39.34729928278014,11.01991884123737,13,0.8461538461538461,0.9675753123075961,K562_GWPS,log1p,HIRA
1.0,0.06272903185558537,0.03,2.5275643302706707,2.043176143739522,56.59948039750516,11.508085894261823,10,0.9,0.670011914988438,K562_GWPS,log1p,HMGB2
0.25688073394495414,-0.004439221965704823,0.01,3.9363032052716793,3.9965558616380927,70.47712442447022,4.143777337787467,0,,,K562_GWPS,log1p,HMGN1
0.8440366972477065,0.023873040359912556,0.0,3.4004133954337856,3.368116692664538,47.42556786042772,3.892639547364184,0,,,K562_GWPS,log1p,IDE
0.8623853211009174,0.02816590381202218,0.01,3.491187332790419,3.4761616038701275,53.52003217174516,4.152741016875895,1,,,K562_GWPS,log1p,IGF2R
0.6788990825688073,0.004757855719188063,0.01,3.221822887585512,2.6861286912386824,71.96308642693414,8.786994624671145,3,,,K562_GWPS,log1p,IKBKG
0.9908256880733946,0.16369224035272292,0.2,1.844306514932047,1.6620474791760915,144.8012467148086,44.993459060027064,56,0.6428571428571429,0.8617958747043655,K562_GWPS,log1p,INSIG1
1.0,0.11157389318565689,0.03,3.001551952168492,2.20960541951172,40.76823482183341,7.56467982638723,1,,,K562_GWPS,log1p,IRF3
1.0,0.054974348315562874,0.0,1.4759867733703185,1.114919122477197,195.99993690964527,92.43271177931217,271,0.5793357933579336,1.0009474960122067,K562_GWPS,log1p,KAT2A
0.07339449541284404,-0.01305790356214611,0.0,2.0109528648793775,1.5408367126480762,55.23904559862207,16.17817329131932,23,0.4782608695652174,0.9927258449959852,K562_GWPS,log1p,KDM2B
0.6880733944954128,0.012073709811555209,0.02,3.3327854929162544,3.2227695771280436,46.233442747547144,4.088407915806295,1,,,K562_GWPS,log1p,KIF1B
0.963302752293578,0.02715684314845686,0.03,2.1601371857021543,1.846642617486957,31.698963629485288,7.355104623680752,6,,,K562_GWPS,log1p,KLF10
1.0,0.21991514651613786,0.13,2.304363654254339,2.0067830377607594,135.6236752587675,32.723502587011346,47,0.8297872340425532,0.6329671672735586,K562_GWPS,log1p,LRPPRC
1.0,0.116510340975986,0.08,1.8957478632884446,1.4466728796138706,102.29826823497584,37.121648070097244,67,0.6865671641791045,0.8565036925143329,K562_GWPS,log1p,LZTR1
0.3211009174311926,-0.005552798486751841,0.01,3.993703618977796,3.96183048461882,77.71117421471843,4.642217044711614,0,,,K562_GWPS,log1p,MAP3K7
0.9174311926605505,0.03060882520359776,0.0,4.595580328945763,4.159290313261738,99.66406763782683,5.523062306441866,3,,,K562_GWPS,log1p,MAPKAPK2
0.8256880733944953,0.017194426455286425,0.01,4.021324120067031,4.124298133758915,87.25584790342845,4.883356975621416,0,,,K562_GWPS,log1p,MAST2
1.0,0.17336043954889876,0.05,1.6705469715796357,1.4277609727876333,243.1783573611759,95.60901366089837,297,0.6127946127946128,0.8899223393055293,K562_GWPS,log1p,MAU2
1.0,0.16981935049233723,0.23,1.6209913729536818,1.0569055246969765,141.1376716010895,80.2792871741462,149,0.6442953020134228,0.7708684316763055,K562_GWPS,log1p,MBTPS1
0.9908256880733946,0.15982506077773445,0.03,1.9569365750443153,1.8055508225271304,130.12770972397635,35.33324196359707,63,0.6507936507936508,0.8476850123161085,K562_GWPS,log1p,MED1
0.908256880733945,0.13815653392402533,0.05,7.24849324098033,7.026589655839513,692.4433199663107,14.297397594791168,12,0.5833333333333334,0.9937565844686576,K562_GWPS,log1p,MED12
0.8532110091743119,0.05236939588761332,0.04,2.1928193238283313,1.908355727612861,70.99656888147958,15.983224800005003,20,0.5,1.0927085318950942,K562_GWPS,log1p,MED13
0.7064220183486238,0.04741580703611023,0.03,3.8606299482035897,3.816856511211037,113.10212487390999,7.437780462359324,2,,,K562_GWPS,log1p,MED13L
0.908256880733945,0.08948567070133415,0.03,2.9399917635144734,2.5852090039845486,436.7392561293523,60.48494676929177,156,0.5705128205128205,1.0286639480502724,K562_GWPS,log1p,MED24
0.9908256880733946,0.4156771699490629,0.1,0.923094685074555,0.5454976119475398,305.08878664414146,361.45140944447206,1611,0.74487895716946,0.7993149546616175,K562_GWPS,log1p,METTL14
0.963302752293578,0.14204839853575724,0.08,1.8154705583774031,1.480987467792291,80.38098884009618,28.99140382417131,30,0.7,0.8567662300447353,K562_GWPS,log1p,METTL17
1.0,0.3911798665681177,0.12,0.9296511015469869,0.4688304174387371,304.1813056768569,356.59845416416147,1549,0.7353131052291801,0.8312399812144793,K562_GWPS,log1p,METTL3
0.5596330275229358,-0.00045798040091387033,0.01,3.75508370008686,3.744880007290715,65.01671307039967,4.326499345605781,1,,,K562_GWPS,log1p,MKI67
1.0,0.25463253950705517,0.07,3.0186476264697824,1.9408872452322337,95.65081607028367,25.3137089434243,10,0.8,0.3485111970704841,K562_GWPS,log1p,MTA1
0.926605504587156,0.02249584008117272,0.01,3.2726692815575875,3.213325887278834,45.379103181407615,4.058630560993372,1,,,K562_GWPS,log1p,NCK2
0.9174311926605505,0.0860220743288373,0.05,2.4912264425735513,2.3154527519069954,61.741235695815305,10.354123074715751,8,,,K562_GWPS,log1p,NDUFB4
0.944954128440367,0.04659105514415528,0.0,2.109431146749636,1.8820599509286544,43.574133235540955,9.978560799015732,4,,,K562_GWPS,log1p,NDUFB6
1.0,0.10633968781404993,0.03,2.6304454638296364,2.066837511707548,36.63442713216746,7.581245949804451,1,,,K562_GWPS,log1p,NISCH
0.8899082568807339,0.021275089989060636,0.06,1.6339477126018709,1.2700950128939508,82.87689221118484,32.385189523415,36,0.4722222222222222,0.9497183033088171,K562_GWPS,log1p,NIT1
1.0,0.05978284159774617,0.05,3.5536846630097783,3.0083635369117907,57.861740597973366,5.970942407414075,4,,,K562_GWPS,log1p,NRAS
1.0,0.3284932887964979,0.17,1.7371554541210317,1.2938834911554682,62.24877465811872,34.12630049200222,37,0.918918918918919,0.46337305043608396,K562_GWPS,log1p,OXCT1
0.8532110091743119,0.022527321288770216,0.04,2.8261589840568235,2.67078449241611,56.500071871024424,7.0512634841261725,2,,,K562_GWPS,log1p,PAGR1
0.4862385321100917,-0.00987085680046514,0.02,3.3386741084784783,3.266011009191397,50.77324617574376,4.328013639879009,0,,,K562_GWPS,log1p,PBX1
1.0,0.12826654305978008,0.09,2.8181066988119974,1.984242852225289,152.28319243918398,34.389444571791415,34,0.7941176470588235,0.6507899478012908,K562_GWPS,log1p,PHF10
0.9724770642201834,0.035662783966472544,0.0,3.3737043481344564,3.2547191005049756,93.72626512657824,8.249787723329748,3,,,K562_GWPS,log1p,PHF14
0.4036697247706422,-0.0033894841614067702,0.02,5.42440298405366,5.463484070897084,139.3537932760306,4.511774191881248,2,,,K562_GWPS,log1p,PLCB3
1.0,0.03976972620018871,0.03,5.622753210026138,4.279503089819542,140.2647784416486,7.392567310454581,1,,,K562_GWPS,log1p,PMS1
0.9357798165137614,0.02025356887610374,0.01,5.792789573112973,5.126163923194976,173.9538579612215,6.426096569250553,2,,,K562_GWPS,log1p,POLB
1.0,0.09318089142893206,0.03,2.943436002203552,2.3600349744470157,37.85205420798998,6.1749421438221415,2,,,K562_GWPS,log1p,PRCP
0.8256880733944953,0.009431280761821894,0.06,2.894100411041098,2.5850306062373956,96.44829937459154,12.634669039720416,16,0.5625,0.8479287250848865,K562_GWPS,log1p,PRR12
0.6055045871559632,0.03132997324965159,0.03,6.568181630716004,7.236053159449913,196.80232687977715,3.7197747688623792,2,,,K562_GWPS,log1p,PTPN1
0.44036697247706424,-0.004156927170193752,0.01,3.788433699577718,3.4008021350347004,102.95254632094101,8.174905689195368,9,,,K562_GWPS,log1p,RAF1
0.8073394495412844,0.0151469833212399,0.0,2.1845314745594693,1.6486135403155044,146.2091558693661,39.8609081554897,97,0.5154639175257731,0.998388018163657,K562_GWPS,log1p,RNF2
0.981651376146789,0.04508961777734726,0.01,5.94276676510409,6.090901269857249,186.7542003514874,4.973506468799863,2,,,K562_GWPS,log1p,RRM1
1.0,0.11925257083738183,0.09,2.4559277132952517,2.164522491487154,137.48811413879778,26.599064546289515,45,0.7111111111111111,0.681546521644935,K562_GWPS,log1p,SAFB
1.0,0.2209437683856052,0.08,1.3651798831086894,1.1228201122125858,234.99179420252628,133.17266412216995,470,0.6808510638297872,0.8129210364981118,K562_GWPS,log1p,SIN3B
0.6055045871559632,-0.0036789723412555602,0.03,3.087419807171215,2.8782908129823026,59.276343181145805,6.369871358363403,3,,,K562_GWPS,log1p,SIX4
0.8990825688073394,0.04509886589445429,0.0,2.6642455750442937,2.4918018698043416,86.36386377614441,12.365390328915378,4,,,K562_GWPS,log1p,SLC25A3
1.0,0.1002796776473409,0.09,2.1531449652238797,1.4482073917028886,62.31346762271476,22.20047334591812,30,0.5666666666666667,0.7854255059015128,K562_GWPS,log1p,SMAGP
1.0,0.05827451427722552,0.01,1.2585696128946255,0.7144198553379215,316.31591609065754,221.64465821905196,853,0.5486518171160609,0.9528443012279726,K562_GWPS,log1p,SMARCA4
1.0,0.12236051345469524,0.02,1.5710301394402462,1.235558339552709,175.25785340321315,78.79458411512789,267,0.5692883895131086,0.930467576580986,K562_GWPS,log1p,SMARCA5
0.2844036697247706,-0.010586423206556315,0.04,5.462276596585446,5.0916756737079885,2498.2406555297753,92.41459540513372,327,0.4892966360856269,1.5705677861847076,K562_GWPS,log1p,SOX2
0.981651376146789,0.17700593543850732,0.16,2.391727857417266,2.074669771524263,92.64990473121878,20.27440301555896,29,0.896551724137931,0.5725675081456386,K562_GWPS,log1p,SSBP1
1.0,0.05932495916150543,0.08,1.5725431125940217,1.175392012366649,103.32384808709321,46.08379790574959,93,0.5806451612903226,0.8958704265471407,K562_GWPS,log1p,STAG2
1.0,0.04186369080470906,0.02,4.695398755469897,4.4002963456911415,95.31957913245668,4.767365631069456,5,,,K562_GWPS,log1p,STAT1
0.8899082568807339,0.04930293176248573,0.02,7.973721064799528,6.876821403870118,716.3538233606084,15.045474491121508,21,0.6666666666666666,0.7888604440195351,K562_GWPS,log1p,STAT6
0.5688073394495412,0.0038690661048297985,0.01,3.8191474309462543,3.3943288843853208,101.62775706579326,8.133341940387163,5,,,K562_GWPS,log1p,STX4
0.963302752293578,0.10119676393179741,0.05,1.4330583874121865,1.0858138210675066,114.21699988133915,58.2968829438001,155,0.5806451612903226,0.9833118504192058,K562_GWPS,log1p,TADA1
0.5412844036697247,0.000619688001124102,0.03,4.533461730809113,4.582265952084801,138.38566614712687,6.292693938738174,3,,,K562_GWPS,log1p,TARBP2
0.27522935779816515,-0.0033822959990955897,0.02,5.746321933070755,5.814876826019496,171.56921626669975,4.9227759462459755,0,,,K562_GWPS,log1p,TCF3
0.9724770642201834,0.045513677499331266,0.02,3.455265285924066,3.240983004184169,88.69072476419423,7.912489860239036,9,,,K562_GWPS,log1p,TET1
0.9908256880733946,0.18942097906687566,0.07,2.1429589217108216,1.800440939581638,107.69915227371337,30.256777865522608,44,0.8863636363636364,0.8114488811958487,K562_GWPS,log1p,TFAM
0.981651376146789,0.03864774923086537,0.02,4.30088923628338,4.132609439249026,91.0960486588524,5.129562564902825,2,,,K562_GWPS,log1p,TMBIM6
1.0,0.3209113795676351,0.23,1.4044753915276267,0.8874280740377857,66.68713113142817,54.75326986699672,90,0.8333333333333334,0.7087843057412612,K562_GWPS,log1p,TMSB10
0.6513761467889908,0.004841376144493706,0.0,3.9260507971225165,4.0366418758012514,72.62194976427477,4.208652604315498,0,,,K562_GWPS,log1p,TMSB4X
0.8165137614678899,0.014735237176507763,0.02,3.299424522050053,3.2173627546070516,52.65663808556593,4.677843268974838,0,,,K562_GWPS,log1p,TRAM2
1.0,0.10310515672053118,0.08,2.387049091721997,1.9967064911013277,105.9125677298289,23.149805600463942,50,0.7,0.7220751257791758,K562_GWPS,log1p,TRAPPC6A
1.0,0.08524840085856512,0.02,3.1264174655151358,2.5766931240896715,49.1885017078762,6.831708339197052,2,,,K562_GWPS,log1p,TSC22D4
0.9908256880733946,0.04710564323083961,0.01,3.3661932780768775,3.425343794878876,48.1392212299768,3.8789813156144843,0,,,K562_GWPS,log1p,TWF2
0.9908256880733946,0.07096354652153909,0.03,7.192542472653428,7.12310852920921,509.1991254824502,10.037888464676527,8,,,K562_GWPS,log1p,TXNDC9
1.0,0.12908592014523818,0.05,3.195926818283366,2.509453211217786,119.11442438247775,17.913330073560587,18,0.7777777777777778,0.619741942047154,K562_GWPS,log1p,UBE3C
0.8165137614678899,0.04117441692148278,0.02,2.9179724707602723,2.586615756675915,123.20423398454733,16.476493096967765,17,0.47058823529411764,1.121482934895159,K562_GWPS,log1p,UQCRQ
0.908256880733945,0.05830399323308838,0.02,2.641030011065674,2.509952925504642,61.96714732215847,8.843374885374025,2,,,K562_GWPS,log1p,USP22
0.9541284403669725,0.030082660958754212,0.04,2.595424470380569,2.1224333270615725,103.49791931150894,19.24817040139183,24,0.6666666666666666,0.7629810452727673,K562_GWPS,log1p,WSB2
1.0,0.07069444686849137,0.02,2.3433345689827085,1.7132993200742888,72.0966878320735,19.52171669296456,4,,,K562_GWPS,log1p,XRCC4
0.3853211009174312,-0.007505211063224721,0.0,4.854534772881383,4.947666171455643,102.32650025263665,4.004376352107395,0,,,K562_GWPS,log1p,ZNF286A
0.6788990825688073,0.0031144403015766022,0.0,3.9227529069799996,3.927663806564454,64.58125927479384,3.93738276104981,0,,,K562_GWPS,log1p,ZNF426
0.9908256880733946,0.027309299698090858,0.0,4.93159662039492,4.945056802874091,113.59642476861002,4.510749047723952,1,,,K562_GWPS,log1p,ZNF562
0.9908256880733946,0.03318524249346676,0.01,2.41883911542576,2.220140939718288,52.69641249275479,9.114386740836345,5,,,K562_GWPS,log1p,ZNF593
0.981651376146789,0.03366758378481949,0.01,6.312339806920596,4.870219843753027,187.82826179063278,7.700687095179143,5,,,K562_GWPS,log1p,ZNF714
0.9541284403669725,0.07112340124619804,0.05,1.4476295926623075,1.3997557967746508,109.10241562778943,39.52691763714069,95,0.6631578947368421,1.025247882591648,CD4T,additive,ACAT2
0.908256880733945,0.05288708934757077,0.09,2.4889756982450386,3.23257566745095,87.3996728249922,7.868441112134921,6,,,CD4T,additive,ACVR1B
0.9174311926605505,0.02583309135893379,0.06,2.138996211242341,2.437261509957685,66.71261142059087,9.790061907427843,10,0.8,1.0467528515862925,CD4T,additive,AKT2
0.9541284403669725,0.048256087841078495,0.05,2.4221473824329602,2.665877659868727,192.77661163972377,24.55873760811881,46,0.45652173913043476,1.4823150323192995,CD4T,additive,ARID1A
1.0,0.08103927842561046,0.1,2.1327384080242155,2.905423695860655,129.05175621343503,14.386110664495078,11,0.5454545454545454,0.885622914086457,CD4T,additive,ATM
0.19266055045871555,-0.05031764828135184,0.04,2.160356611668134,2.49425726963787,120.82730279862886,16.169964188385112,12,0.4166666666666667,1.2711719637977938,CD4T,additive,BIRC2
0.6055045871559632,0.021300478149089398,0.03,1.7149349439515542,2.0365034233626216,83.08047336865036,16.41715422547874,16,0.3125,1.2469316631840017,CD4T,additive,C1QBP
0.25688073394495414,-0.019014941200251666,0.03,2.26374347998447,3.0969579304986494,53.16766563233426,4.964799342553638,1,,,CD4T,additive,CALM3
0.8440366972477065,0.016435788377322957,0.03,2.3169571289116395,3.4868218268188858,60.56467171409592,4.643351710350509,1,,,CD4T,additive,CASP2
0.11926605504587151,-0.03500756458451002,0.04,1.7724633375660248,1.749664613242626,214.99231560110613,51.38649371522806,111,0.4594594594594595,1.2103154010760855,CD4T,additive,CASP3
0.3853211009174312,0.008479163859507099,0.03,2.975676447888703,4.066528072666168,120.62532625773883,6.905625919498096,3,,,CD4T,additive,CDCA2
0.926605504587156,0.03099930333365673,0.04,2.208628096184888,2.3806226876480125,62.121582686235655,9.528187550236813,3,,,CD4T,additive,CENPO
0.07339449541284404,-0.05697799490685273,0.01,3.1585337493804317,4.826678461430719,150.49242503675904,6.056800015533979,1,,,CD4T,additive,CLDN7
0.7064220183486238,0.006948290346221397,0.02,2.5070050879717094,3.5455554640207696,55.06876296348626,4.072623539078952,1,,,CD4T,additive,CREG1
0.8899082568807339,0.047339373675214166,0.01,2.5815563747930286,3.447745406262855,113.34125214658118,9.023611332264696,5,,,CD4T,additive,DAXX
0.5596330275229358,-0.012393506179678052,0.01,2.185400084492529,2.3978959839305958,69.90800724711137,10.26648522306115,14,1.0,0.8779830319838927,CD4T,additive,DHCR24
1.0,0.3632956857228711,0.14,1.445121857162045,1.6977601485666298,449.72027937019556,169.781901942272,597,0.8207705192629816,0.8197085340018078,CD4T,additive,DHX36
0.6697247706422018,0.0047545702717494715,0.03,2.8258365103596326,3.321589045276964,155.3004077132005,12.940225102710361,20,0.35,1.1702724394529826,CD4T,additive,DLG5
0.981651376146789,0.040161290365516494,0.05,2.077685530292847,1.8581385647764757,597.6020331069847,138.86649709547174,420,0.5404761904761904,1.2104326509891326,CD4T,additive,DNMT1
0.14678899082568808,-0.008214618733715292,0.01,3.1080246665469695,4.397675534236546,86.68029105211423,4.246577404917441,3,,,CD4T,additive,EID2
0.981651376146789,0.04838567096460655,0.04,1.8173621551625165,2.337405803624343,170.13040837666048,27.276413233999733,37,0.4864864864864865,1.3245133112602672,CD4T,additive,EIF4B
1.0,0.21335362955717097,0.03,2.1406792593371,3.016356312841086,253.2817316971937,28.745089705228846,41,0.6585365853658537,1.1641715077514208,CD4T,additive,EWSR1
0.07339449541284404,-0.05344752455241749,0.02,2.748201700543621,3.211126840208767,97.88517481791112,8.39885246906663,9,,,CD4T,additive,FOXH1
0.11009174311926606,-0.02166997402763109,0.0,1.796664187465815,1.7112367221873508,106.91775010513742,26.71276855827564,60,0.4,1.195242900535091,CD4T,additive,GSK3B
0.7981651376146789,0.018075028116282043,0.05,1.9200953419357374,2.3147279958606743,53.97177163027872,8.602054983856176,4,,,CD4T,additive,HAT1
0.9908256880733946,0.12251824728730801,0.14,2.258757653930405,2.4784188751360965,72.0180022687518,11.01991884123737,13,1.0,0.46557833824240796,CD4T,additive,HIRA
1.0,0.08015703707301479,0.04,2.2071029288594834,2.5834011084894892,83.54646792212625,11.508085894261823,10,0.8,0.8121970915003529,CD4T,additive,HMGB2
0.926605504587156,0.03251873852492679,0.03,2.027234990106416,2.698047819831978,33.581121053247344,4.143777337787467,0,,,CD4T,additive,HMGN1
0.5321100917431192,0.013711041499950848,0.03,2.4438021476061653,3.322055443247679,46.49740300965704,3.892639547364184,0,,,CD4T,additive,IDE
0.6238532110091743,0.03409644396799082,0.05,2.246907281848356,3.327106219689702,49.17987706419841,4.152741016875895,1,,,CD4T,additive,IGF2R
0.8348623853211009,0.0343561584918071,0.03,6.308531258012769,6.7101636315111435,400.3813877725171,8.786994624671145,3,,,CD4T,additive,IKBKG
0.03669724770642202,-0.14510544887643104,0.0,2.1111664733104907,2.24727434926261,301.56530766334186,44.993459060027064,56,0.375,1.610525586334632,CD4T,additive,INSIG1
0.5688073394495412,0.011025627934405416,0.01,3.1336635501373844,3.560071418672439,102.84639478825069,7.56467982638723,1,,,CD4T,additive,IRF3
0.7064220183486238,0.0022105883596638285,0.01,1.2298544570696022,0.9438524400079431,174.39136368957372,92.43271177931217,271,0.5239852398523985,1.090275251897371,CD4T,additive,KAT2A
0.5963302752293578,-0.0011012000688842244,0.04,1.6156401242263498,1.7789271598064664,67.43871130930292,16.17817329131932,23,0.43478260869565216,1.085193926472495,CD4T,additive,KDM2B
0.3853211009174312,-0.00901098472725642,0.02,2.5302956369341914,3.5653019401198156,56.3204016338848,4.088407915806295,1,,,CD4T,additive,KIF1B
0.7155963302752293,0.023386013988673234,0.02,2.258930897767179,2.7735545162668043,62.98087743619041,7.355104623680752,6,,,CD4T,additive,KLF10
0.9541284403669725,0.07663393358920875,0.08,2.675280621004689,2.9876164127526192,309.8243630891498,32.723502587011346,47,0.44680851063829785,1.6586116202920675,CD4T,additive,LRPPRC
0.1834862385321101,-0.06081371182486589,0.05,1.988224419593579,2.011344105304292,196.3787046135657,37.121648070097244,67,0.6716417910447762,1.3071428384425043,CD4T,additive,LZTR1
0.1651376146788991,-0.03264508917516033,0.0,7.896944379844436,10.265859221452647,496.9870542011665,4.642217044711614,0,,,CD4T,additive,MAP3K7
0.08256880733944949,-0.03322144516869443,0.0,2.632820489775855,3.3238063677948975,67.7598670455061,5.523062306441866,3,,,CD4T,additive,MAPKAPK2
0.37614678899082565,0.000444214278555308,0.04,3.1733049057806118,4.812533355341887,117.96335609678798,4.883356975621416,0,,,CD4T,additive,MAST2
0.9541284403669725,0.03757491931638847,0.03,1.2751926718497693,1.0919813793349364,201.76954403930955,95.60901366089837,297,0.6094276094276094,1.0130310577977255,CD4T,additive,MAU2
0.981651376146789,0.09926941142290345,0.08,2.001537118392098,1.8463335081833652,324.51926785148066,80.2792871741462,149,0.6845637583892618,1.0207896893538912,CD4T,additive,MBTPS1
1.0,0.15325648448935003,0.06,1.9068264312593906,2.4394293460355088,219.1755909245665,35.33324196359707,63,0.6507936507936508,1.2858489270836473,CD4T,additive,MED1
0.7981651376146789,0.07992661988421013,0.01,4.85722101716668,6.150170906708984,541.0346484934341,14.297397594791168,12,0.5,2.10081268663485,CD4T,additive,MED12
0.8807339449541285,0.07472108813511416,0.04,1.9272252147528028,2.573275177348291,115.67362343355137,15.983224800005003,20,0.65,1.4901794687031111,CD4T,additive,MED13
0.6697247706422018,0.042672117725019026,0.06,2.9966350137402586,3.8386273998209752,114.59727219202736,7.437780462359324,2,,,CD4T,additive,MED13L
0.9908256880733946,0.07058216157901766,0.02,1.6664917126426595,1.8384492764621605,249.2204988935502,60.48494676929177,156,0.6474358974358975,1.0235365832685372,CD4T,additive,MED24
1.0,0.24888401438116528,0.03,1.095865464101689,0.8055987611599057,451.08704205194977,361.45140944447206,1611,0.7119801365611421,0.8873535030324249,CD4T,additive,METTL14
0.9174311926605505,0.05887269901645508,0.09,1.8394894112857618,1.971389765791022,134.93340174548158,28.99140382417131,30,0.8,0.6717110623636149,CD4T,additive,METTL17
0.9908256880733946,0.1528775324927797,0.01,1.0935111797867525,0.6799832848841935,447.3416827551622,356.59845416416147,1549,0.6462233699160749,0.9458949414859051,CD4T,additive,METTL3
0.8165137614678899,0.034296848908109225,0.02,2.285833668487327,3.241473982380796,48.82371828490213,4.326499345605781,1,,,CD4T,additive,MKI67
0.5871559633027523,0.02352520840961796,0.07,2.156112537992517,1.8237458610089468,107.33622557760711,25.3137089434243,10,0.4,1.0670507175675443,CD4T,additive,MTA1
0.1009174311926605,-0.018915445111715275,0.0,3.9043860024368784,6.120642659136634,157.04390381995597,4.058630560993372,1,,,CD4T,additive,NCK2
0.944954128440367,0.0993803836456589,0.11,2.444399493645543,3.2206620623528512,111.12586256543781,10.354123074715751,8,,,CD4T,additive,NDUFB4
0.8899082568807339,0.08167245170083066,0.11,1.9059370414898384,2.404314612209372,63.743008629279345,9.978560799015732,4,,,CD4T,additive,NDUFB6
0.08256880733944949,-0.03605376925064036,0.04,2.341010461591823,2.8631783032806895,71.29590747914975,7.581245949804451,1,,,CD4T,additive,NISCH
0.9908256880733946,0.09424663032282217,0.04,2.0449999280169493,2.276125054074725,186.27025174858866,32.385189523415,36,0.6388888888888888,1.0296481719042894,CD4T,additive,NIT1
0.4128440366972477,0.021812067057103625,0.04,5.206702364215881,6.095789825624958,226.2553087602211,5.970942407414075,4,,,CD4T,additive,NRAS
0.981651376146789,0.06755002474246972,0.03,1.6459092420293224,1.5211317873879313,106.07604026917502,34.12630049200222,37,0.7027027027027027,0.9868334033240865,CD4T,additive,OXCT1
0.981651376146789,0.06372086931259727,0.04,2.559422063400927,3.9221006941426775,111.99546135245828,7.0512634841261725,2,,,CD4T,additive,PAGR1
0.9541284403669725,0.03663070512711745,0.07,2.485291936033265,3.7918403669657956,65.35412170594827,4.328013639879009,0,,,CD4T,additive,PBX1
1.0,0.11021430437593693,0.03,3.82140111291439,3.333963866215044,391.3661179897341,34.389444571791415,34,0.7352941176470589,0.8492935527836383,CD4T,additive,PHF10
0.963302752293578,0.04435410033726356,0.04,2.2319041394589667,2.8951438825947435,75.27960251329091,8.249787723329748,3,,,CD4T,additive,PHF14
0.37614678899082565,-0.01547299954957553,0.04,2.3164509323583204,3.0398928701014722,46.62928184922427,4.511774191881248,2,,,CD4T,additive,PLCB3
0.9357798165137614,0.05232609929087432,0.05,2.651526521326454,2.650905025124498,57.29146824655656,7.392567310454581,1,,,CD4T,additive,PMS1
0.4495412844036697,0.0058901373020141265,0.03,2.4183495326795823,3.280912414560542,75.35071331341467,6.426096569250553,2,,,CD4T,additive,POLB
0.9724770642201834,0.0575713567350099,0.05,3.513493379815685,4.471286108531739,126.44776954471186,6.1749421438221415,2,,,CD4T,additive,PRCP
0.9908256880733946,0.07491666208667733,0.07,1.8475987980089903,2.420228013026322,82.06056861901452,12.634669039720416,16,0.6875,0.9567482639050209,CD4T,additive,PRR12
0.01834862385321101,-0.021406242202615576,0.01,5.445917178182127,7.3246376107736975,204.45333609085299,3.7197747688623792,2,,,CD4T,additive,PTPN1
0.1651376146788991,-0.04241097458585778,0.01,3.767535537521437,4.914416690543211,209.0187829342283,8.174905689195368,9,,,CD4T,additive,RAF1
0.08256880733944949,-0.08246702321623202,0.03,1.9013105148923808,1.7831168216281408,178.32184929739722,39.8609081554897,97,0.4742268041237113,1.270135458038978,CD4T,additive,RNF2
0.45871559633027525,-0.0057146662570759475,0.01,7.86800060863495,9.905463943212837,493.5281529028281,4.973506468799863,2,,,CD4T,additive,RRM1
0.8073394495412844,0.008268978808615251,0.03,1.62992190984506,1.5885455493158802,93.02239916933141,26.599064546289515,45,0.6444444444444445,0.9245138534405254,CD4T,additive,SAFB
1.0,0.1602818151495432,0.04,1.2245162576323725,1.1221775501706535,252.96855293255408,133.17266412216995,470,0.7148936170212766,0.9558245261223383,CD4T,additive,SIN3B
0.9724770642201834,0.04479614435872629,0.05,2.983460186141782,4.29351252531937,121.3434007288553,6.369871358363403,3,,,CD4T,additive,SIX4
0.7431192660550459,0.0014232687398135053,0.05,2.3005101224820295,3.0730548298731493,129.03183933417233,12.365390328915378,4,,,CD4T,additive,SLC25A3
0.9908256880733946,0.0781263944694113,0.06,1.917675619518169,2.0000482471555556,104.06871210403243,22.20047334591812,30,0.4666666666666667,1.0366321478949532,CD4T,additive,SMAGP
0.4495412844036697,-0.032718833120995945,0.03,1.423532906772536,1.1151454704405364,513.4447130608773,221.64465821905196,853,0.47596717467760846,1.1609034484463332,CD4T,additive,SMARCA4
0.9174311926605505,0.09199781384871837,0.03,2.299126577976217,2.6081825172016715,576.9908238358306,78.79458411512789,267,0.651685393258427,1.1940185033186033,CD4T,additive,SMARCA5
0.926605504587156,0.022590594566377135,0.02,1.211036009192916,0.721738501620498,137.54040769851974,92.41459540513372,327,0.5198776758409785,1.0581587200157585,CD4T,additive,SOX2
0.8256880733944953,0.04655069791532906,0.08,3.23587219690585,3.794032606279704,304.95649397067785,20.27440301555896,29,0.3793103448275862,1.8574501997605661,CD4T,additive,SSBP1
1.0,0.09259303409012673,0.07,1.6408259540188113,1.873638590310102,191.87218770897618,46.08379790574959,93,0.6021505376344086,1.1726876479220587,CD4T,additive,STAG2
0.6422018348623852,0.018598491628437568,0.04,2.495200791310164,3.36214531523352,58.06155274105987,4.767365631069456,5,,,CD4T,additive,STAT1
0.3486238532110092,0.0016496443240769276,0.0,2.374937195810563,3.047660423988933,154.64007918496085,15.045474491121508,21,0.5714285714285714,0.9670473862914718,CD4T,additive,STAT6
0.4036697247706422,-0.015881379219150484,0.02,2.6209202637189253,3.415199106535509,103.87954005951752,8.133341940387163,5,,,CD4T,additive,STX4
0.963302752293578,0.133141180797249,0.03,1.9149694029083535,2.4000192696237255,356.83578572094666,58.2968829438001,155,0.6193548387096774,1.24081613043983,CD4T,additive,TADA1
0.9357798165137614,0.02925623781240684,0.04,2.703640344227091,3.6564756324538132,89.07852342524406,6.292693938738174,3,,,CD4T,additive,TARBP2
0.8073394495412844,0.03314981103404012,0.04,3.6026466577909355,5.401431781321485,146.78414518797175,4.9227759462459755,0,,,CD4T,additive,TCF3
0.9357798165137614,0.021233980591329745,0.07,2.608945369540393,3.6575319979487086,112.53311131896291,7.912489860239036,9,,,CD4T,additive,TET1
0.944954128440367,0.07058193006547774,0.07,2.4893711453059346,2.8588375269061714,265.33340852891564,30.256777865522608,44,0.38636363636363635,1.5429879755770373,CD4T,additive,TFAM
0.4036697247706422,-0.024591619924499986,0.04,2.358829622502966,3.1919612589312867,58.19800440424062,5.129562564902825,2,,,CD4T,additive,TMBIM6
0.4678899082568807,0.010498928250345983,0.03,1.3073185914903742,0.7881759014074762,87.86099783942393,54.75326986699672,90,0.5555555555555556,1.011754371378015,CD4T,additive,TMSB10
0.7889908256880733,0.023598026846140256,0.02,2.4846205815635143,3.7912858811275743,63.95011816804205,4.208652604315498,0,,,CD4T,additive,TMSB4X
0.9908256880733946,0.07340935942879616,0.08,3.0830196947307575,5.1184086725333335,123.71318608704529,4.677843268974838,0,,,CD4T,additive,TRAM2
0.7889908256880733,0.029668517758893558,0.02,1.5147394477706015,1.4895455779723676,72.46724421061467,23.149805600463942,50,0.56,1.1110925922959005,CD4T,additive,TRAPPC6A
0.9357798165137614,0.0740892909368122,0.06,2.161581144231783,2.5471796633550094,48.578138084324884,6.831708339197052,2,,,CD4T,additive,TSC22D4
0.1834862385321101,-0.025255157431145207,0.0,1.925188731494222,2.605738055903364,30.727301871073976,3.8789813156144843,0,,,CD4T,additive,TWF2
0.9174311926605505,0.07711869004760867,0.02,2.3094615968170262,3.329082935990715,116.13158557531588,10.037888464676527,8,,,CD4T,additive,TXNDC9
0.3853211009174312,-0.0021353941624949915,0.02,1.6524165797942878,1.483081708778728,57.427722985047126,17.913330073560587,18,0.3888888888888889,1.0192307331177999,CD4T,additive,UBE3C
0.01834862385321101,-0.06367239930945834,0.02,2.6508257669124173,3.111145665862875,182.48400822652312,16.476493096967765,17,0.4117647058823529,1.4446376972075585,CD4T,additive,UQCRQ
0.8256880733944953,0.044092292146128656,0.04,3.3331731070819153,4.91723874869152,218.8347259542299,8.843374885374025,2,,,CD4T,additive,USP22
0.8073394495412844,0.024678017038749944,0.05,2.102014762291714,2.4767068965948495,134.96502612028075,19.24817040139183,24,0.6666666666666666,1.333055509013215,CD4T,additive,WSB2
0.1651376146788991,-0.07207165228843224,0.0,3.5262861317021077,3.7161107697775964,299.5633144403295,19.52171669296456,4,,,CD4T,additive,XRCC4
0.7522935779816513,0.011546831500056639,0.03,2.2614711615365675,3.2118503533031197,45.01643532522087,4.004376352107395,0,,,CD4T,additive,ZNF286A
0.17431192660550454,-0.04083125770286879,0.0,3.071129515744505,4.770059330837479,95.0602361866466,3.93738276104981,0,,,CD4T,additive,ZNF426
0.5412844036697247,-0.01185095626422317,0.03,2.6951301966111396,4.0169214814820915,77.72411650565041,4.510749047723952,1,,,CD4T,additive,ZNF562
1.0,0.049120498357743146,0.07,1.8660929468792595,2.36855915497444,58.12593376628414,9.114386740836345,5,,,CD4T,additive,ZNF593
0.7614678899082569,0.020514045089390944,0.02,2.08640175219751,2.0446880588443155,39.249321039412024,7.700687095179143,5,,,CD4T,additive,ZNF714
0.981651376146789,0.07961424426668058,0.03,1.4342601891759346,1.9244569598902357,173.80405530084778,39.52691763714069,95,0.6526315789473685,0.874986941974513,CD4T,ratio,ACAT2
0.44036697247706424,0.003330782676641068,0.04,2.4965505447455723,4.36062027352766,157.2583541525827,7.868441112134921,6,,,CD4T,ratio,ACVR1B
0.5596330275229358,-0.006785911345915318,0.06,2.2224021400154137,3.9665273064935076,164.3474519408009,9.790061907427843,10,0.8,0.6869442667554746,CD4T,ratio,AKT2
0.8899082568807339,0.020430979126264723,0.05,2.451812953448803,3.7219722616917124,361.03776683540974,24.55873760811881,46,0.4782608695652174,1.3308165453704102,CD4T,ratio,ARID1A
0.981651376146789,0.039744250792161505,0.04,2.170772458847837,3.3618058110931384,173.12984163708006,14.386110664495078,11,0.5454545454545454,1.060793678319259,CD4T,ratio,ATM
0.4678899082568807,-0.013418293398547188,0.01,2.0315176407911966,2.995704215635983,162.5831400056993,16.169964188385112,12,0.3333333333333333,1.0366867772774637,CD4T,ratio,BIRC2
0.8715596330275229,0.026767530858063247,0.02,1.7803129535716964,3.4414238896868157,207.82740750174435,16.41715422547874,16,0.375,1.0717407598492745,CD4T,ratio,C1QBP
0.6146788990825688,0.006081865488817069,0.03,2.3044132661745214,4.698544265452023,114.28554213924946,4.964799342553638,1,,,CD4T,ratio,CALM3
0.5229357798165137,0.0007364338288257822,0.02,2.32297479034112,4.722289265810844,108.15787278960022,4.643351710350509,1,,,CD4T,ratio,CASP2
0.4954128440366973,0.010835378121759541,0.04,1.6386855747873295,1.4920177496636937,164.11735180099436,51.38649371522806,111,0.45045045045045046,1.0286720504101032,CD4T,ratio,CASP3
0.9541284403669725,0.04547460112246397,0.05,2.9010104339605616,4.804478377998191,163.29076893006686,6.905625919498096,3,,,CD4T,ratio,CDCA2
0.908256880733945,0.025141497147174646,0.04,2.21887327947031,3.5107809645245895,125.28661833453617,9.528187550236813,3,,,CD4T,ratio,CENPO
0.7431192660550459,0.013607297780623551,0.05,2.991640724768406,5.342812169932285,178.07137052010938,6.056800015533979,1,,,CD4T,ratio,CLDN7
0.8899082568807339,0.02191411536048806,0.04,2.720366864368961,6.086623553626675,153.86461467700076,4.072623539078952,1,,,CD4T,ratio,CREG1
0.8532110091743119,0.025734002419164015,0.03,2.6162185006112035,4.721524249267002,207.99229033561113,9.023611332264696,5,,,CD4T,ratio,DAXX
0.5596330275229358,-0.0018157760411612012,0.02,2.1673111675160173,3.384893998985958,128.0210154143055,10.26648522306115,14,1.0,0.8223792751898396,CD4T,ratio,DHCR24
1.0,0.3226491057933531,0.06,1.259033819714984,1.6299208866085648,442.25758651971165,169.781901942272,597,0.8140703517587939,0.6125871046482034,CD4T,ratio,DHX36
0.8807339449541285,0.024761430147214165,0.07,2.8116076618429298,4.331140428519568,252.90747259460642,12.940225102710361,20,0.35,1.5343541163273806,CD4T,ratio,DLG5
0.9724770642201834,0.04214320080436523,0.05,2.1270902493939414,2.4708988961124456,957.7730867887816,138.86649709547174,420,0.5357142857142857,1.1523837329517936,CD4T,ratio,DNMT1
0.981651376146789,0.04624790194973059,0.03,3.180853243871446,6.633905892286791,188.52722400188725,4.246577404917441,3,,,CD4T,ratio,EID2
0.6605504587155964,0.016568524627000942,0.02,1.7092853306662927,2.5502047291230685,202.3647435788788,27.276413233999733,37,0.4864864864864865,1.4691328553518515,CD4T,ratio,EIF4B
1.0,0.17744335804306596,0.05,1.8246105832107218,2.8751525842831405,237.0362905438389,28.745089705228846,41,0.7073170731707317,0.9443085847290751,CD4T,ratio,EWSR1
0.5779816513761468,-0.0007638385950769327,0.03,2.8281867388386206,4.828828174537241,204.30173716859025,8.39885246906663,9,,,CD4T,ratio,FOXH1
0.22018348623853212,-0.017337271973909527,0.03,1.760884394948423,2.3836156327847644,180.692493035726,26.71276855827564,60,0.4,1.119743981161052,CD4T,ratio,GSK3B
0.5504587155963303,-0.0028058935271490365,0.03,2.113813125455629,4.295719072400572,167.5448830386992,8.602054983856176,4,,,CD4T,ratio,HAT1
0.9541284403669725,0.043174790894501006,0.06,2.4804102340396588,4.324328716623605,212.9755233949337,11.01991884123737,13,1.0,0.6686699629317338,CD4T,ratio,HIRA
0.8899082568807339,0.028296927888007608,0.03,2.2426929714615302,3.4813286804938848,148.71470803643277,11.508085894261823,10,0.8,0.7434957222918015,CD4T,ratio,HMGB2
0.908256880733945,0.02720902611810473,0.01,2.2693391141659425,5.463751740756395,126.6141788423583,4.143777337787467,0,,,CD4T,ratio,HMGN1
0.15596330275229353,-0.022256879677673015,0.01,2.6816138795173936,5.856355658099876,138.41288104538407,3.892639547364184,0,,,CD4T,ratio,IDE
0.8807339449541285,0.030026092814378614,0.02,2.3183221243925494,5.455886917495013,126.40555009704673,4.152741016875895,1,,,CD4T,ratio,IGF2R
0.6422018348623852,0.016216481095376056,0.03,6.795063629830909,9.085453479480941,731.5243036176414,8.786994624671145,3,,,CD4T,ratio,IKBKG
0.24770642201834858,-0.04972727500417619,0.0,1.9455438757410504,2.3197446544555618,297.4933508170702,44.993459060027064,56,0.39285714285714285,1.1455691773303875,CD4T,ratio,INSIG1
0.963302752293578,0.042203863226886844,0.01,3.1121729469505426,4.659703858651022,168.84006081727034,7.56467982638723,1,,,CD4T,ratio,IRF3
0.4678899082568807,-0.008150707579946332,0.01,1.260559121593936,1.2961446349268853,249.67183779434413,92.43271177931217,271,0.4870848708487085,1.1283775398016382,CD4T,ratio,KAT2A
0.2844036697247706,-0.018390677228699828,0.01,1.703701444344581,2.873462227763698,151.46774310057526,16.17817329131932,23,0.43478260869565216,1.0128775698669923,CD4T,ratio,KDM2B
0.7889908256880733,0.016672281654901432,0.02,2.654055910036201,5.982268779561973,149.58692889068686,4.088407915806295,1,,,CD4T,ratio,KIF1B
0.8440366972477065,0.0240765418553772,0.0,2.323972020630987,4.535124490135499,157.02393672962725,7.355104623680752,6,,,CD4T,ratio,KLF10
0.6422018348623852,0.020562769101440774,0.07,2.421971466561256,2.9167669326386343,307.19435866734386,32.723502587011346,47,0.46808510638297873,1.1119331024582078,CD4T,ratio,LRPPRC
0.3853211009174312,-0.011580650985443487,0.05,1.9907429653876842,2.656890757413542,301.4502611934154,37.121648070097244,67,0.6716417910447762,0.9408170106167939,CD4T,ratio,LZTR1
0.23853211009174313,-0.01648203998127413,0.03,8.052839777262323,12.257480265341137,703.9916531911136,4.642217044711614,0,,,CD4T,ratio,MAP3K7
0.27522935779816515,-0.009291670080178152,0.03,2.78575672724045,5.564041863152955,177.08020461083538,5.523062306441866,3,,,CD4T,ratio,MAPKAPK2
0.3119266055045872,-0.00916528021619661,0.01,3.18191869880407,6.076379836581446,185.73250224383963,4.883356975621416,0,,,CD4T,ratio,MAST2
0.7798165137614679,0.009539563911690039,0.04,1.2294407342638223,1.301696760333487,255.23583582557055,95.60901366089837,297,0.5993265993265994,1.0364672277774567,CD4T,ratio,MAU2
0.9908256880733946,0.11051666634151854,0.12,1.864639749637158,2.0469085277042174,380.315055498167,80.2792871741462,149,0.6778523489932886,0.8186484610465317,CD4T,ratio,MBTPS1
1.0,0.09312165192228856,0.02,1.861893304342004,3.088411494234715,352.02825545004646,35.33324196359707,63,0.6507936507936508,0.8275135619665458,CD4T,ratio,MED1
0.908256880733945,0.0912024200787499,0.05,4.605606558009825,6.056066680829946,522.8742417691689,14.297397594791168,12,0.5,1.2533883284598073,CD4T,ratio,MED12
0.8990825688073394,0.08193677990036828,0.06,1.7734486061161143,2.6696618499322162,122.9047237326798,15.983224800005003,20,0.6,1.1988903293539217,CD4T,ratio,MED13
0.4128440366972477,0.0006056380049200175,0.05,3.2375900875817663,6.601083140971266,331.4743769919406,7.437780462359324,2,,,CD4T,ratio,MED13L
0.8623853211009174,0.038572281683724556,0.07,1.5006648299409757,1.8145359273460517,251.1673130834899,60.48494676929177,156,0.6217948717948718,1.0909746352847889,CD4T,ratio,MED24
0.9908256880733946,0.1528705118841935,0.02,1.1188089452373153,1.1280022067221982,696.70208413821,361.45140944447206,1611,0.7306021104903786,0.9129540464655209,CD4T,ratio,METTL14
0.8348623853211009,0.023610192450730066,0.03,1.7683667314683167,2.343094554352867,184.94921877755002,28.99140382417131,30,0.8,0.7295318749627646,CD4T,ratio,METTL17
0.9908256880733946,0.08003419303864406,0.01,1.1114661355834032,0.9647821939823127,633.452063060146,356.59845416416147,1549,0.6462233699160749,0.98692969465016,CD4T,ratio,METTL3
0.5963302752293578,0.0069736340122694435,0.02,2.458709752679776,5.492718318010874,134.52534158223972,4.326499345605781,1,,,CD4T,ratio,MKI67
0.4678899082568807,0.00814299520639455,0.01,2.1156204981022473,2.548991273710715,188.7350564889858,25.3137089434243,10,0.3,1.0103338078428379,CD4T,ratio,MTA1
0.22018348623853212,-0.014934390410936544,0.0,3.691036006847755,6.372878840140668,169.6667274805264,4.058630560993372,1,,,CD4T,ratio,NCK2
0.5321100917431192,0.00330400829736358,0.03,2.4104458565585456,4.207877622625643,193.3987461006982,10.354123074715751,8,,,CD4T,ratio,NDUFB4
0.6513761467889908,0.014619245022355022,0.05,1.8965887173264007,3.3735262276538474,122.5571067810381,9.978560799015732,4,,,CD4T,ratio,NDUFB6
0.02752293577981646,-0.031219511923479187,0.03,2.350852394676928,4.102639193577445,137.12816010178108,7.581245949804451,1,,,CD4T,ratio,NISCH
0.9541284403669725,0.07515212186429984,0.06,2.0749988014392637,3.4204234730943246,394.61977082157404,32.385189523415,36,0.6388888888888888,0.994484044666584,CD4T,ratio,NIT1
0.35779816513761464,0.012782709457372227,0.02,4.7718127491894435,5.892157838351797,212.36784289577565,5.970942407414075,4,,,CD4T,ratio,NRAS
0.981651376146789,0.041814791419069644,0.04,1.6141983543574552,1.9585063031022374,159.43663830013642,34.12630049200222,37,0.6216216216216216,0.9578973045512235,CD4T,ratio,OXCT1
0.963302752293578,0.05879341169202921,0.08,2.4364787656531384,4.598102685244411,152.32049133307436,7.0512634841261725,2,,,CD4T,ratio,PAGR1
0.908256880733945,0.03047514917405153,0.02,2.5666717924893634,5.501920465082253,133.89049991755655,4.328013639879009,0,,,CD4T,ratio,PBX1
0.9541284403669725,0.060717016062219575,0.02,3.950872156248706,4.420164362338197,687.8265344283756,34.389444571791415,34,0.7058823529411765,0.8303404174324152,CD4T,ratio,PHF10
0.7522935779816513,0.008652369451313844,0.02,2.3456066722983184,4.227233503391788,155.06591331416783,8.249787723329748,3,,,CD4T,ratio,PHF14
0.8348623853211009,0.009663123121458176,0.01,2.3375011956203213,4.51620267239325,96.14051796216381,4.511774191881248,2,,,CD4T,ratio,PLCB3
0.944954128440367,0.033558363120110415,0.02,2.9223917036369773,4.231257871819161,137.64631364001673,7.392567310454581,1,,,CD4T,ratio,PMS1
0.17431192660550454,-0.010672609941388241,0.02,2.390490001575178,4.382121601273941,130.42744302032054,6.426096569250553,2,,,CD4T,ratio,POLB
0.9541284403669725,0.026994202642548874,0.01,3.151413264090975,4.356323851328195,121.9079710432069,6.1749421438221415,2,,,CD4T,ratio,PRCP
1.0,0.07174462577464535,0.07,1.8004268896715376,2.663769484902685,97.45683204668835,12.634669039720416,16,0.6875,0.9230383367568642,CD4T,ratio,PRR12
0.11009174311926606,-0.015082395846176029,0.02,5.509776510803074,9.667373830809455,352.44765911134385,3.7197747688623792,2,,,CD4T,ratio,PTPN1
0.3211009174311926,-0.028996093763780505,0.04,3.377793598572112,4.47810290053246,174.23258711171013,8.174905689195368,9,,,CD4T,ratio,RAF1
0.11926605504587151,-0.048877303110295124,0.01,1.9469130506336474,2.383847928883518,275.66859630408555,39.8609081554897,97,0.5051546391752577,1.1900394630573865,CD4T,ratio,RNF2
0.3302752293577982,-0.014054261465735084,0.01,8.323414713979332,12.741727583343033,814.2116147730178,4.973506468799863,2,,,CD4T,ratio,RRM1
0.5871559633027523,-0.004122086391884487,0.03,1.708183981108996,2.9312258646969056,255.7832704656004,26.599064546289515,45,0.6444444444444445,0.9429798343532396,CD4T,ratio,SAFB
1.0,0.22013892582802538,0.03,1.1797551728565783,1.2630741666728325,271.5727241902656,133.17266412216995,470,0.7085106382978723,0.8514619021534281,CD4T,ratio,SIN3B
0.6605504587155964,-0.0022657886489813642,0.05,2.744191694840701,4.8608958833784355,157.01947126362052,6.369871358363403,3,,,CD4T,ratio,SIX4
0.8532110091743119,0.014840951656970656,0.03,2.0745641605311165,3.390812872445871,153.29332541464169,12.365390328915378,4,,,CD4T,ratio,SLC25A3
0.981651376146789,0.09553948312458868,0.1,1.8383811465102822,2.4303933079259017,143.0246533964992,22.20047334591812,30,0.5333333333333333,0.9449380872248878,CD4T,ratio,SMAGP
0.5229357798165137,-0.01132259466702411,0.04,1.364583391789511,1.2230165772061676,559.3125352519422,221.64465821905196,853,0.46776084407971863,1.1280079976717232,CD4T,ratio,SMARCA4
0.9724770642201834,0.09635684574921972,0.03,2.133764274346062,2.502554419521495,534.2668448187526,78.79458411512789,267,0.6217228464419475,1.1160371945477086,CD4T,ratio,SMARCA5
0.21100917431192656,-0.017906184846376752,0.01,1.2886641370397411,1.4700324998109158,296.98732335163675,92.41459540513372,327,0.5045871559633027,1.1604579922393898,CD4T,ratio,SOX2
0.2844036697247706,-0.015103317775287974,0.07,3.026506625024483,3.7575669316647997,308.83618375659506,20.27440301555896,29,0.41379310344827586,1.3825522971641089,CD4T,ratio,SSBP1
1.0,0.05263595682336121,0.04,1.494170954495961,1.7789783179642327,183.29772569485533,46.08379790574959,93,0.5913978494623656,0.9856428615482024,CD4T,ratio,STAG2
0.6880733944954128,0.009578604068638056,0.01,2.6453600529481207,5.824015750574274,165.94049673414088,4.767365631069456,5,,,CD4T,ratio,STAT1
0.33944954128440363,-0.001901601036344108,0.03,2.237624472381047,3.277768315931013,176.87807585158265,15.045474491121508,21,0.42857142857142855,0.9856211152304235,CD4T,ratio,STAT6
0.6697247706422018,0.010363573544433777,0.04,2.5710081646511123,4.0986256977680675,144.07222811078958,8.133341940387163,5,,,CD4T,ratio,STX4
1.0,0.15952477041431132,0.07,1.7624886681469965,2.1800591821884465,294.8138171410386,58.2968829438001,155,0.5935483870967742,1.0545208644554422,CD4T,ratio,TADA1
0.45871559633027525,-0.010755716429255718,0.01,2.872141525762344,5.258715866400599,181.02327994825407,6.292693938738174,3,,,CD4T,ratio,TARBP2
0.6697247706422018,0.01250013873864965,0.03,3.412027498341325,6.321768604062846,200.88230182506277,4.9227759462459755,0,,,CD4T,ratio,TCF3
0.4311926605504587,-0.011088079133148784,0.07,2.5020771601458636,3.907980759160454,129.440244492952,7.912489860239036,9,,,CD4T,ratio,TET1
0.7981651376146789,0.03777015447447434,0.08,2.169696469959021,2.347622689648337,191.6461934748346,30.256777865522608,44,0.4318181818181818,1.2336778715104846,CD4T,ratio,TFAM
0.11009174311926606,-0.036630223322268375,0.0,2.4842810527642203,5.196957453679555,145.62365537604245,5.129562564902825,2,,,CD4T,ratio,TMBIM6
0.2018348623853211,-0.010246658192910568,0.01,1.3658668761405284,1.559913772997489,189.7364395816694,54.75326986699672,90,0.5222222222222223,1.0685410151917336,CD4T,ratio,TMSB10
0.5871559633027523,0.0022941939204224695,0.01,2.5453681028155084,5.773225730126001,144.37212710680433,4.208652604315498,0,,,CD4T,ratio,TMSB4X
0.7339449541284404,0.014334872397449747,0.01,2.831406991233416,5.1837431413891455,129.68186723808094,4.677843268974838,0,,,CD4T,ratio,TRAM2
0.0,-0.043092638972075714,0.03,1.6256213522089158,2.625379290679731,187.95062017954277,23.149805600463942,50,0.5,1.0169984746867655,CD4T,ratio,TRAPPC6A
0.8623853211009174,0.02349225582413505,0.03,2.255119659729733,4.144313712561698,122.83833514871661,6.831708339197052,2,,,CD4T,ratio,TSC22D4
0.4036697247706422,-0.008013561946674928,0.01,2.0810016503951956,4.293144542817674,75.63973544060454,3.8789813156144843,0,,,CD4T,ratio,TWF2
0.944954128440367,0.04805772649695419,0.02,2.271435075226188,4.334463680074046,194.4436007160852,10.037888464676527,8,,,CD4T,ratio,TXNDC9
0.29357798165137616,-0.01722336653311452,0.01,1.7631542390596753,2.4333030784530756,125.47899379218063,17.913330073560587,18,0.3888888888888889,1.0000221044985402,CD4T,ratio,UBE3C
0.13761467889908252,-0.025037382682779583,0.03,2.613992415889333,4.050576915412785,290.1511264183195,16.476493096967765,17,0.4117647058823529,1.1922853015191641,CD4T,ratio,UQCRQ
0.8899082568807339,0.060861308368198794,0.04,2.9627539726286276,4.649250782474652,194.99300150569724,8.843374885374025,2,,,CD4T,ratio,USP22
0.9724770642201834,0.04646283380441301,0.09,2.0026504660146474,2.682253388500158,152.9311996886539,19.24817040139183,24,0.5833333333333334,0.8644475478406555,CD4T,ratio,WSB2
0.14678899082568808,-0.07849714829537047,0.0,3.098236547805531,3.296428546892743,241.7561907848797,19.52171669296456,4,,,CD4T,ratio,XRCC4
0.5596330275229358,-0.0029957062256150096,0.0,2.4080141994463045,5.629110550614422,131.02564457522908,4.004376352107395,0,,,CD4T,ratio,ZNF286A
0.0,-0.05034052316117862,0.0,2.9233297408299515,5.356024118955853,119.01229392817007,3.93738276104981,0,,,CD4T,ratio,ZNF426
0.9908256880733946,0.03766874707249622,0.04,2.8193298274810137,5.900148727651631,159.5328009327686,4.510749047723952,1,,,CD4T,ratio,ZNF562
0.944954128440367,0.03781862948716638,0.02,2.0127120839754604,4.311293991004779,175.55367423004242,9.114386740836345,5,,,CD4T,ratio,ZNF593
0.926605504587156,0.029640921607846187,0.02,2.379913527613882,3.948948169640231,125.98393948535396,7.700687095179143,5,,,CD4T,ratio,ZNF714
0.981651376146789,0.11547860171260772,0.11,1.2201722107727782,0.743039683396839,54.56681508332419,39.52691763714069,95,0.6631578947368421,0.8605332256572769,CD4T,log1p,ACAT2
0.42201834862385323,0.0002815687315556315,0.02,1.96571499636436,1.6958482642315003,30.489787085885563,7.868441112134921,6,,,CD4T,log1p,ACVR1B
0.9357798165137614,0.028260702395889226,0.08,1.7691199671255646,1.5105155638121428,31.291786972998125,9.790061907427843,10,0.8,0.6870433390323989,CD4T,log1p,AKT2
0.963302752293578,0.05058834871007636,0.07,1.9425053825047496,1.6530527801581816,87.56007942611835,24.55873760811881,46,0.4782608695652174,1.0719217936655685,CD4T,log1p,ARID1A
1.0,0.06913681238259299,0.03,1.7553974383244153,1.7335267109691863,54.16966013786674,14.386110664495078,11,0.5454545454545454,0.893001585403365,CD4T,log1p,ATM
0.17431192660550454,-0.05905672843310034,0.02,1.674797193559992,1.2069609486314699,42.03079911831897,16.169964188385112,12,0.3333333333333333,1.0299017405681958,CD4T,log1p,BIRC2
0.5229357798165137,0.01951723454138425,0.03,1.4080642070481213,1.1197424279458195,36.283791485015016,16.41715422547874,16,0.375,1.0976204090018853,CD4T,log1p,C1QBP
0.07339449541284404,-0.029101646959250056,0.01,1.7999443869768805,1.6801592964761112,19.465618199267112,4.964799342553638,1,,,CD4T,log1p,CALM3
0.4495412844036697,0.0035806379409068054,0.01,1.8369386732864947,1.8142264096399536,19.866233386087615,4.643351710350509,1,,,CD4T,log1p,CASP2
0.27522935779816515,-0.01216742602802307,0.04,1.445199784182211,0.9638626529839126,100.33144393946351,51.38649371522806,111,0.44144144144144143,0.9816235416333485,CD4T,log1p,CASP3
0.6788990825688073,0.03914647853867948,0.02,2.315090142477708,2.272022535949949,41.32466762732056,6.905625919498096,3,,,CD4T,log1p,CDCA2
0.8990825688073394,0.03819800450227424,0.04,1.729796753492894,1.2362840934316213,23.191143416323754,9.528187550236813,3,,,CD4T,log1p,CENPO
0.1834862385321101,-0.0156059681443941,0.03,2.3936875245670834,2.5510912079435686,45.957126042982,6.056800015533979,1,,,CD4T,log1p,CLDN7
0.39449541284403666,-0.005764752368235287,0.01,2.0570743474220103,2.1508672734208014,23.014511535523557,4.072623539078952,1,,,CD4T,log1p,CREG1
0.9541284403669725,0.05735496393924818,0.07,2.051787038231022,2.0504759724580297,44.84050628275706,9.023611332264696,5,,,CD4T,log1p,DAXX
0.7706422018348624,0.006975066351322313,0.02,1.757279428401101,1.3880042156657535,29.846652534755755,10.26648522306115,14,1.0,0.8046157635669079,CD4T,log1p,DHCR24
1.0,0.49039099692172095,0.33,1.0946175593038752,1.0777870696047214,187.53273839035458,169.781901942272,597,0.8257956448911222,0.569817438485011,CD4T,log1p,DHX36
0.5137614678899083,-0.0018610095443098158,0.06,2.2360973031456806,1.9647188906478914,62.98567921622567,12.940225102710361,20,0.35,1.100920026493805,CD4T,log1p,DLG5
0.926605504587156,0.023302217742560884,0.02,1.7998732630876346,1.4130060920168337,406.98074572679417,138.86649709547174,420,0.5357142857142857,1.005071658475822,CD4T,log1p,DNMT1
0.1834862385321101,-0.011529225839741567,0.0,2.457988343556869,2.583238891192441,32.83746093482644,4.246577404917441,3,,,CD4T,log1p,EID2
1.0,0.0764093258166558,0.0,1.43979330635738,1.3148620837102205,68.95277734398363,27.276413233999733,37,0.4864864864864865,1.0295889348073064,CD4T,log1p,EIF4B
1.0,0.3269963195022712,0.12,1.5282286412272774,1.5225886008690626,66.76088219113103,28.745089705228846,41,0.6829268292682927,0.8185330210744992,CD4T,log1p,EWSR1
0.25688073394495414,-0.028865773368413585,0.01,2.2104572949415013,1.9167720707669003,40.185765895620165,8.39885246906663,9,,,CD4T,log1p,FOXH1
0.22935779816513757,-0.01063540006303205,0.02,1.4517470035402043,0.9122805613823113,49.46298533449017,26.71276855827564,60,0.4,1.0886542628332243,CD4T,log1p,GSK3B
0.6605504587155964,0.006643903323032198,0.0,1.6293528777411999,1.414812453678875,25.659022713028275,8.602054983856176,4,,,CD4T,log1p,HAT1
1.0,0.10866625867838003,0.07,1.8745292653953638,1.5221658242341245,32.90738042580478,11.01991884123737,13,1.0,0.6811449302138147,CD4T,log1p,HIRA
1.0,0.07652511690865482,0.04,1.7968102797403145,1.5888552374021936,37.76132458215557,11.508085894261823,10,0.8,0.7461790624645627,CD4T,log1p,HMGB2
0.8623853211009174,0.03265572457489642,0.0,1.6663940687028729,1.5335335691033665,13.473773408821339,4.143777337787467,0,,,CD4T,log1p,HMGN1
0.4495412844036697,0.0062731375650664336,0.01,2.0275485873889614,2.0138486976690433,19.581223647216504,3.892639547364184,0,,,CD4T,log1p,IDE
0.6330275229357798,0.044522540498769685,0.02,1.7597802792344743,1.6783649034997947,15.23000579961897,4.152741016875895,1,,,CD4T,log1p,IGF2R
0.5412844036697247,0.0139460913761738,0.03,5.4739241456529415,5.057798372653087,232.33034641603308,8.786994624671145,3,,,CD4T,log1p,IKBKG
0.15596330275229353,-0.09882285894815315,0.02,1.6917390246300037,1.250334676571986,126.45232136820542,44.993459060027064,56,0.42857142857142855,1.051950676039933,CD4T,log1p,INSIG1
1.0,0.11628135296875629,0.01,2.387470754772035,1.8697897293545123,30.72220930372043,7.56467982638723,1,,,CD4T,log1p,IRF3
1.0,0.06145279835127377,0.02,1.106221372261669,0.5838149269345907,117.30503707132974,92.43271177931217,271,0.4981549815498155,0.9897041233771551,CD4T,log1p,KAT2A
0.3669724770642202,-0.008785710023964229,0.0,1.3511025041271607,0.9010397961131098,29.568932468926874,16.17817329131932,23,0.43478260869565216,1.0057272854827184,CD4T,log1p,KDM2B
0.5963302752293578,0.005457022996075271,0.0,2.0028835744228086,1.8829983863144617,18.500584637954102,4.088407915806295,1,,,CD4T,log1p,KIF1B
0.963302752293578,0.0643775375838999,0.02,1.8212466426217386,1.731705074284266,27.771673582774927,7.355104623680752,6,,,CD4T,log1p,KLF10
0.7889908256880733,0.049323416224595906,0.08,2.0907653253862595,1.6992454768553784,121.72521237966545,32.723502587011346,47,0.44680851063829785,1.0924068726003011,CD4T,log1p,LRPPRC
0.7247706422018348,0.0067137343061706815,0.07,1.6320888346595686,1.125136548110949,83.55431555831916,37.121648070097244,67,0.6716417910447762,0.915893619376114,CD4T,log1p,LZTR1
0.25688073394495414,-0.015513328841831646,0.0,6.597329858785703,7.1697000108010736,244.30618886089286,4.642217044711614,0,,,CD4T,log1p,MAP3K7
0.25688073394495414,-0.009678679833777232,0.03,2.0834444996645374,1.832843624057566,24.272725302800374,5.523062306441866,3,,,CD4T,log1p,MAPKAPK2
0.4678899082568807,0.0078437982338447,0.01,2.4868583723347237,2.8239459220991505,43.61018290991038,4.883356975621416,0,,,CD4T,log1p,MAST2
1.0,0.07725552097506516,0.04,1.1043135323723936,0.5737606577224549,118.60766010167234,95.60901366089837,297,0.5993265993265994,0.9588416261672239,CD4T,log1p,MAU2
1.0,0.19767680371805949,0.27,1.594119482508727,1.160078173080521,151.49827623699144,80.2792871741462,149,0.6711409395973155,0.7448102680919886,CD4T,log1p,MBTPS1
1.0,0.20774674422673856,0.12,1.497065982039103,1.4272622557585835,86.3565412041986,35.33324196359707,63,0.6190476190476191,0.7550651788234126,CD4T,log1p,MED1
0.9174311926605505,0.12841850790346235,0.06,3.8725480736505093,4.096373003482985,239.16931991037455,14.297397594791168,12,0.5,0.8928651573794674,CD4T,log1p,MED12
0.9357798165137614,0.13613081503990443,0.08,1.4972263705920503,1.3569515175756288,39.50847928271587,15.983224800005003,20,0.65,0.9053612672056154,CD4T,log1p,MED13
0.6146788990825688,0.0349940123261423,0.07,2.429127479948811,2.4379991272936765,50.37764158003382,7.437780462359324,2,,,CD4T,log1p,MED13L
0.9724770642201834,0.08741569783219495,0.07,1.3155016984990222,0.9411793054860476,104.11097232199492,60.48494676929177,156,0.6217948717948718,0.9355017729234014,CD4T,log1p,MED24
1.0,0.28570159821736024,0.0,0.9982620423606131,0.5719888590351162,361.5724929494537,361.45140944447206,1611,0.7094972067039106,0.8614237149446774,CD4T,log1p,METTL14
0.8532110091743119,0.04065525969461067,0.15,1.496664160502124,1.0512420418132395,58.55198990890233,28.99140382417131,30,0.8333333333333334,0.7273938376939454,CD4T,log1p,METTL17
0.9908256880733946,0.19318215344856657,0.0,1.0077493312949422,0.42877178443117075,363.082530148233,356.59845416416147,1549,0.6500968366688186,0.9375166211687004,CD4T,log1p,METTL3
0.8715596330275229,0.04072377123101846,0.02,1.866827159143941,1.9365940897104919,19.870165746795358,4.326499345605781,1,,,CD4T,log1p,MKI67
0.37614678899082565,0.015874106727834535,0.01,1.6958708463934409,0.9716948560679468,48.43376522327299,25.3137089434243,10,0.3,1.0120484185546144,CD4T,log1p,MTA1
0.11926605504587151,-0.012837618304315596,0.0,3.0140714291123123,3.4528890094114293,52.80723288694507,4.058630560993372,1,,,CD4T,log1p,NCK2
0.7981651376146789,0.04583960464250128,0.08,1.9293205605943016,1.7672083284761626,41.01277483141774,10.354123074715751,8,,,CD4T,log1p,NDUFB4
0.8348623853211009,0.05178756198163248,0.08,1.529496520139027,1.2834593739406142,25.089429706718093,9.978560799015732,4,,,CD4T,log1p,NDUFB6
0.22018348623853212,-0.011167741243890843,0.01,1.8232043468689432,1.4075432247409012,22.8393835045564,7.581245949804451,1,,,CD4T,log1p,NISCH
0.981651376146789,0.11454908568325346,0.05,1.649667877142122,1.438894724215472,88.76035191540528,32.385189523415,36,0.6666666666666666,0.8471137172580001,CD4T,log1p,NIT1
0.3669724770642202,0.022449976386294094,0.01,4.166088335707393,4.087600836772507,104.64045231253701,5.970942407414075,4,,,CD4T,log1p,NRAS
1.0,0.10812745008684754,0.07,1.336315654916093,0.8245312582612185,51.24210321410921,34.12630049200222,37,0.6216216216216216,0.9342407466265051,CD4T,log1p,OXCT1
0.9541284403669725,0.0904363467627047,0.08,1.9501548584996184,2.0495399466327187,34.056955196884516,7.0512634841261725,2,,,CD4T,log1p,PAGR1
0.7522935779816513,0.011106332407992166,0.0,1.9780687929713385,2.002855211421074,21.496985135014388,4.328013639879009,0,,,CD4T,log1p,PBX1
1.0,0.12866074421345408,0.05,3.1525367591083953,2.34212313394247,202.30836230010107,34.389444571791415,34,0.7647058823529411,0.7026185359041482,CD4T,log1p,PHF10
0.963302752293578,0.050032366252511125,0.03,1.8178292644299783,1.7130358003946435,31.044587956944923,8.249787723329748,3,,,CD4T,log1p,PHF14
0.6330275229357798,0.001904888337359962,0.02,1.851722892170457,1.7297271174451438,17.981071584913906,4.511774191881248,2,,,CD4T,log1p,PLCB3
0.9724770642201834,0.06987802527208987,0.02,2.1922057172667997,1.616728261803743,25.045003165442232,7.392567310454581,1,,,CD4T,log1p,PMS1
0.2018348623853211,-0.009388614091522585,0.01,1.894298795593326,1.7455215352477145,26.216041636177668,6.426096569250553,2,,,CD4T,log1p,POLB
0.963302752293578,0.06985445638208773,0.02,2.604123978364249,2.1951180738118246,34.03545241021301,6.1749421438221415,2,,,CD4T,log1p,PRCP
0.9724770642201834,0.06465919334928823,0.02,1.4763541920935201,1.3890044804553727,34.741671107583045,12.634669039720416,16,0.6875,0.8194628881923565,CD4T,log1p,PRR12
0.06422018348623848,-0.020278016703797454,0.01,4.399653100678597,4.7751321670594615,89.25803264870257,3.7197747688623792,2,,,CD4T,log1p,PTPN1
0.37614678899082565,-0.02624726480554258,0.03,2.9333774945950966,3.025506288594869,84.30380346862569,8.174905689195368,9,,,CD4T,log1p,RAF1
0.17431192660550454,-0.055325383534660884,0.02,1.6097190438195805,1.15203867862422,97.84525904929188,39.8609081554897,97,0.5154639175257731,1.0249952148454642,CD4T,log1p,RNF2
0.4495412844036697,-0.003931863462533272,0.01,6.699712292895984,7.146337441844783,259.2506676936914,4.973506468799863,2,,,CD4T,log1p,RRM1
1.0,0.08117216549708896,0.05,1.3559357725327175,0.925971100504198,45.40716520607489,26.599064546289515,45,0.6,0.8874002003860987,CD4T,log1p,SAFB
1.0,0.31068901050646275,0.13,1.04671695237211,0.757346689207776,146.88617523500588,133.17266412216995,470,0.7085106382978723,0.7914873534233928,CD4T,log1p,SIN3B
0.7614678899082569,-0.0012853225498226718,0.02,2.21032402922852,2.0110849642387887,32.16550955364764,6.369871358363403,3,,,CD4T,log1p,SIX4
0.963302752293578,0.030659844350817166,0.02,1.7302494217424111,1.5515938369440578,40.957884658854184,12.365390328915378,4,,,CD4T,log1p,SLC25A3
1.0,0.17681659336931035,0.1,1.493411720641727,1.0972181784389654,40.31328387340264,22.20047334591812,30,0.4666666666666667,0.8655412089498066,CD4T,log1p,SMAGP
0.23853211009174313,-0.0587376931902444,0.06,1.2478279016256146,0.6155855785848349,321.6644163950617,221.64465821905196,853,0.4642438452520516,1.0214820011088683,CD4T,log1p,SMARCA4
0.9357798165137614,0.1156911684751684,0.06,1.860610865256835,1.703660066282398,276.43194865001595,78.79458411512789,267,0.6591760299625468,0.9486732992240319,CD4T,log1p,SMARCA5
0.5504587155963303,-0.003156502622735799,0.03,1.1193459850038907,0.484442370872418,114.38549064439158,92.41459540513372,327,0.5015290519877675,1.0181360883797952,CD4T,log1p,SOX2
0.5504587155963303,0.015364535565011763,0.07,2.5781633059843947,2.2414948292427264,120.7425855206969,20.27440301555896,29,0.41379310344827586,1.382235199493325,CD4T,log1p,SSBP1
0.9908256880733946,0.08464669268955081,0.06,1.3072757590154764,0.9975364408191872,84.15835292005757,46.08379790574959,93,0.5913978494623656,0.9618586101072788,CD4T,log1p,STAG2
0.5504587155963303,0.006394626627243491,0.01,1.9721839702781894,1.806231940568611,20.21064335624427,4.767365631069456,5,,,CD4T,log1p,STAT1
0.8807339449541285,0.03843201484962267,0.03,1.8150048413518725,1.5665392949395642,50.156117943397376,15.045474491121508,21,0.42857142857142855,0.9119470806925293,CD4T,log1p,STAT6
0.5321100917431192,-0.006142159487112377,0.02,2.0582161372246848,1.8315804775779114,35.60115669390099,8.133341940387163,5,,,CD4T,log1p,STX4
0.963302752293578,0.19486379454022648,0.1,1.5545004363157513,1.486719376734472,153.37437387761406,58.2968829438001,155,0.6193548387096774,0.9073922189791991,CD4T,log1p,TADA1
0.7981651376146789,0.010154718880026172,0.02,2.1800231286829894,2.2204758337330324,37.03512355630177,6.292693938738174,3,,,CD4T,log1p,TARBP2
0.7522935779816513,0.03514612814384941,0.02,2.7597293428932117,2.9108066047097645,45.62521258818683,4.9227759462459755,0,,,CD4T,log1p,TCF3
0.944954128440367,0.02466895704529625,0.02,2.054695254721733,1.9793699775546034,38.14015964276262,7.912489860239036,9,,,CD4T,log1p,TET1
0.9174311926605505,0.08254519128506119,0.07,1.915055375087333,1.552232677469002,95.40469159880436,30.256777865522608,44,0.4318181818181818,1.2360859212841364,CD4T,log1p,TFAM
0.29357798165137616,-0.02967021107198547,0.02,1.8868363942306772,1.6937229350708711,20.360278274683782,5.129562564902825,2,,,CD4T,log1p,TMBIM6
0.6513761467889908,0.022198203076529015,0.02,1.1623415637547367,0.45099516808992246,64.79360019076077,54.75326986699672,90,0.5333333333333333,0.99038676255168,CD4T,log1p,TMSB10
0.8990825688073394,0.03266918862923823,0.01,1.9602505591006572,2.0435969310727846,21.223238093505113,4.208652604315498,0,,,CD4T,log1p,TMSB4X
0.7522935779816513,0.026155696114591655,0.01,2.2675617625142825,2.3250984113494404,29.39768844565055,4.677843268974838,0,,,CD4T,log1p,TRAM2
0.1009174311926605,-0.013388629823186126,0.01,1.3019034556392515,0.8104249496264281,38.85670697652213,23.149805600463942,50,0.54,1.0039522194277046,CD4T,log1p,TRAPPC6A
0.963302752293578,0.06717258176514967,0.05,1.7200215252628508,1.3968140215705003,18.878976487453368,6.831708339197052,2,,,CD4T,log1p,TSC22D4
0.15596330275229353,-0.020072820742972803,0.01,1.6123128839800427,1.5436294935134007,13.362167471504383,3.8789813156144843,0,,,CD4T,log1p,TWF2
1.0,0.16397031449461774,0.02,1.775821218869189,1.7358283022959062,34.56899493497874,10.037888464676527,8,,,CD4T,log1p,TXNDC9
0.8807339449541285,0.020711905285986675,0.03,1.4007816186470559,0.8959829948848513,31.62903841869177,17.913330073560587,18,0.3888888888888889,0.9956592322143902,CD4T,log1p,UBE3C
0.2018348623853211,-0.012954328742902936,0.05,2.1496524310399225,1.9439739069859456,79.57158079045693,16.476493096967765,17,0.4117647058823529,1.023527469853428,CD4T,log1p,UQCRQ
0.8990825688073394,0.08710606817226209,0.06,2.5257499634303477,2.850879060675598,76.3258747347627,8.843374885374025,2,,,CD4T,log1p,USP22
0.8256880733944953,0.03730481709008669,0.08,1.656850107526953,1.2627413237170468,48.126257860265696,19.24817040139183,24,0.625,0.8240770608403609,CD4T,log1p,WSB2
0.1651376146788991,-0.10217515559784292,0.0,2.692842111240958,1.933934302926733,100.24991008714717,19.52171669296456,4,,,CD4T,log1p,XRCC4
0.5963302752293578,-0.00382326720782155,0.0,1.8307087906860684,1.7747641835836647,16.671655134595845,4.004376352107395,0,,,CD4T,log1p,ZNF286A
0.11009174311926606,-0.049625217413405226,0.0,2.386250025580798,2.6809011026812515,33.28392227510237,3.93738276104981,0,,,CD4T,log1p,ZNF426
0.9174311926605505,0.02647061942165948,0.04,2.1516155178098426,2.4378372612583434,30.73619163088525,4.510749047723952,1,,,CD4T,log1p,ZNF562
1.0,0.06345252927280846,0.03,1.5475232030615567,1.3931598430981433,25.19303370739438,9.114386740836345,5,,,CD4T,log1p,ZNF593
1.0,0.08675202060872701,0.06,1.783492228880371,1.3439081638676156,19.813218384937972,7.700687095179143,5,,,CD4T,log1p,ZNF714
1.0,0.14967409897288267,0.09,1.9828359679806504,2.01673470713293,176.42890987899693,39.52691763714069,95,0.6,0.9927983174560115,HCT116,additive,ACAT2
0.9174311926605505,0.0452386241986771,0.07,3.7494450721957855,4.347747815153188,153.50965721306588,7.868441112134921,6,,,HCT116,additive,ACVR1B
0.8165137614678899,0.02908180662350555,0.02,3.592491913905836,4.209955568436418,180.90918005730748,9.790061907427843,10,0.8,0.9477029375369166,HCT116,additive,AKT2
0.6513761467889908,0.0005113444410472671,0.01,4.626555166530621,4.64542329551988,554.418579557708,24.55873760811881,46,0.3695652173913043,1.4004869219394582,HCT116,additive,ARID1A
0.8715596330275229,0.03504428692361966,0.06,6.238350898052476,7.095269802033517,731.4697986098408,14.386110664495078,11,0.36363636363636365,1.4536460077163793,HCT116,additive,ATM
0.33944954128440363,-0.040489524481415844,0.0,3.7770411404784925,4.12137830703235,296.225730831021,16.169964188385112,12,0.5,1.2197928372946911,HCT116,additive,BIRC2
0.8532110091743119,0.0550239954076612,0.03,2.1974475090246983,3.1492231143076865,173.54640298932355,16.41715422547874,16,0.3125,1.716940061190498,HCT116,additive,C1QBP
0.8165137614678899,0.05677899730440905,0.02,6.824726276608028,8.984703765351835,400.682228476252,4.964799342553638,1,,,HCT116,additive,CALM3
0.963302752293578,0.037804175620337235,0.0,2.37500138784779,3.097082640131766,48.0947020308073,4.643351710350509,1,,,HCT116,additive,CASP2
0.8532110091743119,0.046243994256331473,0.01,1.2927867908158766,1.109420174810356,109.36099716816686,51.38649371522806,111,0.4774774774774775,1.0298625729906081,HCT116,additive,CASP3
0.7798165137614679,0.016298584120155463,0.04,5.125238795464584,5.979443040779702,252.46157756626283,6.905625919498096,3,,,HCT116,additive,CDCA2
0.8715596330275229,0.03248372545202132,0.01,3.9997242571107834,4.004723931131892,159.86047254986536,9.528187550236813,3,,,HCT116,additive,CENPO
0.7522935779816513,0.008158311910572216,0.01,3.2085270896081433,4.146621833754453,109.79048588482817,6.056800015533979,1,,,HCT116,additive,CLDN7
0.981651376146789,0.0746183261702047,0.05,4.494703633554766,6.006938054950199,147.37541495610702,4.072623539078952,1,,,HCT116,additive,CREG1
0.908256880733945,0.029517807458881985,0.0,2.205625717768542,2.4430212227205415,61.57827365097579,9.023611332264696,5,,,HCT116,additive,DAXX
0.8165137614678899,0.024416056054596343,0.03,2.7028960816775047,2.9611825262935314,98.80466566430823,10.26648522306115,14,0.6428571428571429,0.941063622597902,HCT116,additive,DHCR24
1.0,0.13746039322813558,0.04,1.2562900184843075,0.9232727561330457,271.41431789749845,169.781901942272,597,0.661641541038526,0.9477523899012033,HCT116,additive,DHX36
0.8990825688073394,0.03634659654512429,0.03,3.65214333860215,3.8483572395897414,200.96304250332673,12.940225102710361,20,0.65,0.9476200154136726,HCT116,additive,DLG5
0.981651376146789,0.10065296998295147,0.06,1.4919508973370905,1.3353015857976014,349.14178310093575,138.86649709547174,420,0.6,1.0436097320254603,HCT116,additive,DNMT1
0.8623853211009174,0.03322059788058203,0.02,4.404024343044717,5.955728113094582,153.19524446442415,4.246577404917441,3,,,HCT116,additive,EID2
0.7614678899082569,0.027388725876534452,0.03,2.7304915941934724,3.2086288147121333,303.3011232925714,27.276413233999733,37,0.3783783783783784,1.3252694440925605,HCT116,additive,EIF4B
0.9174311926605505,0.04465992146097742,0.02,2.5171785458545792,2.766013932461434,241.56721290401708,28.745089705228846,41,0.5121951219512195,1.2482695581019214,HCT116,additive,EWSR1
0.14678899082568808,-0.025065863672076926,0.01,3.69198199198936,4.479082987494672,178.78409285842775,8.39885246906663,9,,,HCT116,additive,FOXH1
0.944954128440367,0.059192732419737965,0.02,2.1046202598699972,2.059836303004519,133.5390244109163,26.71276855827564,60,0.6666666666666666,0.9818703344672562,HCT116,additive,GSK3B
0.5504587155963303,0.006808224961266287,0.02,3.5074600301270045,4.30788344356088,167.73320502814056,8.602054983856176,4,,,HCT116,additive,HAT1
1.0,0.140097140439292,0.09,4.496357646152596,4.9788847682546775,268.82252844549464,11.01991884123737,13,0.7692307692307693,1.3189639426248767,HCT116,additive,HIRA
0.9908256880733946,0.08286801564242273,0.03,3.2276870824520207,3.643035546462708,157.2916634064486,11.508085894261823,10,1.0,0.7675967223024068,HCT116,additive,HMGB2
0.4862385321100917,-0.0007743701866707844,0.0,4.60164970880836,6.107954026320016,158.7753013713351,4.143777337787467,0,,,HCT116,additive,HMGN1
0.14678899082568808,-0.0039324053381456486,0.0,4.235777153408415,5.670944454537927,129.252028423606,3.892639547364184,0,,,HCT116,additive,IDE
0.39449541284403666,-0.00500306640625207,0.02,5.972765999044221,7.594844553608009,244.0053398239711,4.152741016875895,1,,,HCT116,additive,IGF2R
0.8165137614678899,0.02059164514551504,0.03,3.545709276763025,4.009150988245856,148.5721009866674,8.786994624671145,3,,,HCT116,additive,IKBKG
0.25688073394495414,-0.008794421950377777,0.01,2.0997306653605556,2.1689531159612314,258.37525347245696,44.993459060027064,56,0.5357142857142857,1.0769100156912983,HCT116,additive,INSIG1
1.0,0.0740613140823107,0.02,5.173730743478198,5.0211597929712966,192.6595222230968,7.56467982638723,1,,,HCT116,additive,IRF3
1.0,0.10700787215791957,0.03,1.381801189597178,1.4218170467176932,251.1648640439006,92.43271177931217,271,0.6568265682656826,0.9375226573616869,HCT116,additive,KAT2A
0.02752293577981646,-0.1460929349554587,0.01,2.231224796625287,2.3511530372503753,116.72381026483149,16.17817329131932,23,0.30434782608695654,2.275096924113395,HCT116,additive,KDM2B
0.2018348623853211,-0.011323683127639818,0.03,3.3996184218038197,4.432624998577093,84.82854284754701,4.088407915806295,1,,,HCT116,additive,KIF1B
0.926605504587156,0.08030117348630955,0.05,2.3387298383191184,3.3690331297989444,86.85870765621132,7.355104623680752,6,,,HCT116,additive,KLF10
1.0,0.1428527120121507,0.08,3.2584219421572906,3.3275243765302176,363.9418528797795,32.723502587011346,47,0.7021276595744681,1.212022358818647,HCT116,additive,LRPPRC
0.6330275229357798,0.025925279955280642,0.02,2.6807541706562663,2.725459903584404,307.6202324289642,37.121648070097244,67,0.5074626865671642,1.3464767127572015,HCT116,additive,LZTR1
0.5321100917431192,-0.01037034672249056,0.03,5.656408805199825,7.8458145273245075,291.1576862018326,4.642217044711614,0,,,HCT116,additive,MAP3K7
0.8532110091743119,0.018098079284113174,0.05,8.867297308069642,9.61804763672418,514.5213263856263,5.523062306441866,3,,,HCT116,additive,MAPKAPK2
0.9724770642201834,0.04874706473036061,0.03,6.341420743882948,8.432587435994424,348.11695381857146,4.883356975621416,0,,,HCT116,additive,MAST2
0.9541284403669725,0.08175785731735638,0.01,1.4702194950449763,1.31149471884925,239.55492351558678,95.60901366089837,297,0.5589225589225589,0.9893072317094193,HCT116,additive,MAU2
0.6422018348623852,0.02720721910477558,0.0,4.439965476714509,3.8950741552149357,1281.2296789930977,80.2792871741462,149,0.6241610738255033,1.1034691705624715,HCT116,additive,MBTPS1
1.0,0.16017394410835395,0.04,2.4717223623031503,3.292960509863044,381.1996053281593,35.33324196359707,63,0.6031746031746031,1.1891575812438506,HCT116,additive,MED1
0.9174311926605505,0.0994104268632973,0.01,5.23610759948516,6.8018081356390185,656.4257300895997,14.297397594791168,12,0.6666666666666666,2.889772509259953,HCT116,additive,MED12
0.39449541284403666,-0.0053416278465660385,0.01,2.225323714085028,2.3638129032840336,105.69490242301656,15.983224800005003,20,0.6,1.2017439185101806,HCT116,additive,MED13
0.1834862385321101,-0.009510490038087962,0.01,3.2417599004084536,4.072804315851832,131.38990712915887,7.437780462359324,2,,,HCT116,additive,MED13L
0.8990825688073394,0.10014637895464976,0.02,2.169981817514148,2.442729271168718,391.801241445059,60.48494676929177,156,0.5961538461538461,1.0613938361091249,HCT116,additive,MED24
0.9908256880733946,0.1381644368758943,0.0,1.160701515126342,0.7469721268739848,488.5223242052691,361.45140944447206,1611,0.6139044072004965,0.9514679070695288,HCT116,additive,METTL14
0.9908256880733946,0.13664538151320796,0.09,2.48109596675059,2.7698988511202627,229.4771626158896,28.99140382417131,30,0.6,1.1026048915315945,HCT116,additive,METTL17
1.0,0.14789192519061733,0.0,1.258913429912616,0.9578109414730265,582.7163897675989,356.59845416416147,1549,0.6365397030342156,0.9468757229645651,HCT116,additive,METTL3
0.07339449541284404,-0.027320799133837455,0.04,9.789042250381769,12.004757518681572,630.6745114535861,4.326499345605781,1,,,HCT116,additive,MKI67
0.9541284403669725,0.09000042981712617,0.02,3.154202560907005,2.642234790876827,189.99964054678404,25.3137089434243,10,0.7,0.8420129380026371,HCT116,additive,MTA1
0.7981651376146789,0.02711971698233148,0.04,3.579393008671581,4.991421971556803,104.07774197339523,4.058630560993372,1,,,HCT116,additive,NCK2
0.9357798165137614,0.08857829896862253,0.08,3.7709706203793716,4.7526590732620155,235.5128473614791,10.354123074715751,8,,,HCT116,additive,NDUFB4
0.6605504587155964,0.023535488326308206,0.06,3.1777649228121403,4.125964808800305,177.91147660421248,9.978560799015732,4,,,HCT116,additive,NDUFB6
1.0,0.1341591284946522,0.07,6.0137126084985075,6.641663555169577,328.4924696766543,7.581245949804451,1,,,HCT116,additive,NISCH
0.981651376146789,0.05102107831069236,0.01,1.6577492815360917,1.5844195500561622,108.44853425878978,32.385189523415,36,0.3888888888888889,0.9951885265305772,HCT116,additive,NIT1
0.926605504587156,0.025367469743307156,0.05,6.251584127777105,7.097247757338018,304.5828313431781,5.970942407414075,4,,,HCT116,additive,NRAS
1.0,0.09516860881640282,0.03,2.8780419662534373,2.7547435104213602,275.2040968997196,34.12630049200222,37,0.7297297297297297,0.8389988831703469,HCT116,additive,OXCT1
0.12844036697247707,-0.02249449840450623,0.01,4.418714743555785,5.50501594128708,222.48756943690364,7.0512634841261725,2,,,HCT116,additive,PAGR1
0.2844036697247706,-0.01583158871366977,0.01,4.294249317265379,5.706022399257257,146.0244207565617,4.328013639879009,0,,,HCT116,additive,PBX1
0.9357798165137614,0.048244623692791186,0.01,3.4158855147329508,2.9824814494899106,330.3937758783703,34.389444571791415,34,0.7058823529411765,0.9742612529756465,HCT116,additive,PHF10
0.8990825688073394,0.05706898231187711,0.03,3.185715617129893,4.04043751904212,139.12415642604935,8.249787723329748,3,,,HCT116,additive,PHF14
0.22018348623853212,-0.012320298418043702,0.01,22.414805811938773,23.629526421111716,2526.3082432467654,4.511774191881248,2,,,HCT116,additive,PLCB3
0.8165137614678899,0.03929289294161303,0.08,4.6866166547792325,4.792805988566071,174.42276743419697,7.392567310454581,1,,,HCT116,additive,PMS1
0.21100917431192656,-0.00676958730645261,0.02,3.127057288396284,3.698085009747841,94.63006676621757,6.426096569250553,2,,,HCT116,additive,POLB
0.7614678899082569,0.045497799485661045,0.04,3.414479299361622,4.162279548648019,110.81441208228819,6.1749421438221415,2,,,HCT116,additive,PRCP
1.0,0.13431001291369477,0.06,2.596675043476419,3.3883628511247537,146.19348999043558,12.634669039720416,16,0.5625,1.3841130310374414,HCT116,additive,PRR12
0.7522935779816513,0.011459314296411496,0.03,6.848808242716407,8.6633404730961,282.1632036357196,3.7197747688623792,2,,,HCT116,additive,PTPN1
0.7981651376146789,0.02652011500303459,0.04,6.299753957813753,7.029307106315363,409.0585658867146,8.174905689195368,9,,,HCT116,additive,RAF1
0.9908256880733946,0.08917390055628145,0.03,1.7362759335263147,1.683304733703104,140.84059177476428,39.8609081554897,97,0.4948453608247423,0.9879541567104175,HCT116,additive,RNF2
0.6880733944954128,0.0487728671402919,0.01,10.813128495566374,13.436481341368477,896.3669113288905,4.973506468799863,2,,,HCT116,additive,RRM1
0.981651376146789,0.10914649860299684,0.04,2.0317826019150456,2.427298038473418,169.2209505813057,26.599064546289515,45,0.6888888888888889,0.9442354688192324,HCT116,additive,SAFB
1.0,0.1788713105846364,0.0,1.5122320041746637,1.5742863916157983,388.2233926775504,133.17266412216995,470,0.7063829787234043,0.9810206227178891,HCT116,additive,SIN3B
0.6880733944954128,0.024702052592649213,0.03,2.7651298447270003,3.5659073895937476,86.24503280529485,6.369871358363403,3,,,HCT116,additive,SIX4
0.5412844036697247,0.011775355745543932,0.06,2.4133857371907235,2.988916995152382,121.96273438431223,12.365390328915378,4,,,HCT116,additive,SLC25A3
0.2018348623853211,-0.009609811116346722,0.0,2.8573585615030592,2.724465249388335,188.15065639541376,22.20047334591812,30,0.6333333333333333,0.936367118907837,HCT116,additive,SMAGP
1.0,0.08275222055312456,0.02,1.385220057473606,1.1194642493509102,458.3442861820345,221.64465821905196,853,0.5463071512309496,1.0139342518899355,HCT116,additive,SMARCA4
1.0,0.1187236227427609,0.01,1.4961089541672776,1.6327396419618077,258.3004035002489,78.79458411512789,267,0.6179775280898876,1.0537063297095512,HCT116,additive,SMARCA5
0.5596330275229358,-0.0019918934836977613,0.01,2.0326141907268407,1.7964261950599438,391.3114589663485,92.41459540513372,327,0.5504587155963303,1.0849014476147871,HCT116,additive,SOX2
0.9908256880733946,0.15219616079983633,0.07,2.803850607571833,3.186436777329206,206.4634190131183,20.27440301555896,29,0.3793103448275862,1.6996563105461517,HCT116,additive,SSBP1
0.45871559633027525,0.007664552115997661,0.03,1.8727746837388768,1.8951331660277007,210.25636125172667,46.08379790574959,93,0.5591397849462365,1.067808511041522,HCT116,additive,STAG2
0.7431192660550459,0.022697697256835982,0.01,2.9869714513621455,3.8485378464549194,74.54509223757515,4.767365631069456,5,,,HCT116,additive,STAT1
0.8623853211009174,0.042866587210355384,0.06,2.530608158215566,2.631729913568405,115.85580734389991,15.045474491121508,21,0.8095238095238095,0.9314945178302925,HCT116,additive,STAT6
0.7522935779816513,0.024106078999916354,0.02,2.4182610580564172,2.6123848841841597,62.61539563426281,8.133341940387163,5,,,HCT116,additive,STX4
0.8807339449541285,0.05251166546875595,0.02,1.7233608867928487,1.6820336743234785,212.93429117476518,58.2968829438001,155,0.5483870967741935,1.0464105501439303,HCT116,additive,TADA1
0.44036697247706424,-0.014490044235483862,0.02,2.708428112636227,3.5555536628965863,86.49309146208788,6.292693938738174,3,,,HCT116,additive,TARBP2
0.09174311926605505,-0.02602624015468483,0.02,4.068982615003766,5.28046169171074,143.5389745052214,4.9227759462459755,0,,,HCT116,additive,TCF3
0.8990825688073394,0.03372412481735193,0.02,3.295019664382662,4.208947584664569,145.83789865297297,7.912489860239036,9,,,HCT116,additive,TET1
0.9908256880733946,0.09958954059872549,0.07,2.482201631071887,2.5686131961679592,214.40436102646152,30.256777865522608,44,0.5454545454545454,1.4856325104197596,HCT116,additive,TFAM
0.9541284403669725,0.07267614402591396,0.04,15.193878656031723,17.311769328767273,1529.5383619553036,5.129562564902825,2,,,HCT116,additive,TMBIM6
0.8073394495412844,0.026102026787681722,0.02,2.4271364634562667,2.1412690776560246,299.67835276653955,54.75326986699672,90,0.6333333333333333,0.9435335737800731,HCT116,additive,TMSB10
0.12844036697247707,-0.014360648588623308,0.0,3.208767401807613,4.217242924350399,79.5698912042917,4.208652604315498,0,,,HCT116,additive,TMSB4X
0.4678899082568807,0.0015746205054909,0.03,3.4571760226325203,4.468886412729256,98.0329634169168,4.677843268974838,0,,,HCT116,additive,TRAM2
0.8899082568807339,0.04137357703114798,0.05,2.1027045957415766,2.2088579878667676,131.8677028429634,23.149805600463942,50,0.54,1.0312141754923647,HCT116,additive,TRAPPC6A
0.908256880733945,0.035180974395877786,0.04,5.361420211565468,5.728383931794353,228.2564085873219,6.831708339197052,2,,,HCT116,additive,TSC22D4
0.47706422018348627,-0.009700258738835142,0.0,5.984493986773694,7.514756531090432,223.49664694073738,3.8789813156144843,0,,,HCT116,additive,TWF2
0.8715596330275229,0.06320611323415688,0.05,4.25844719113797,5.376812288227986,293.4116512696347,10.037888464676527,8,,,HCT116,additive,TXNDC9
0.5321100917431192,-0.014347873322652003,0.02,3.47138519763193,3.4147976833455975,228.55319382114266,17.913330073560587,18,0.7777777777777778,0.9699976636368176,HCT116,additive,UBE3C
1.0,0.16987094002586733,0.08,2.3087451188433925,3.0915759149744813,156.6503211316961,16.476493096967765,17,0.5882352941176471,1.6155786865381774,HCT116,additive,UQCRQ
0.7798165137614679,0.03410293527002554,0.03,4.344942256777379,5.804424412821354,303.28749418809696,8.843374885374025,2,,,HCT116,additive,USP22
0.6880733944954128,0.022913017489463852,0.03,3.044603019053885,3.1335592286835317,205.48566870980704,19.24817040139183,24,0.5833333333333334,0.9885126852265538,HCT116,additive,WSB2
0.2018348623853211,-0.03517866863173579,0.01,2.398790978382388,2.229249703463889,119.59781222684191,19.52171669296456,4,,,HCT116,additive,XRCC4
0.7889908256880733,0.02912410286981382,0.0,3.3816899749458917,4.847981851305352,96.98816476424568,4.004376352107395,0,,,HCT116,additive,ZNF286A
0.7339449541284404,0.035390101085572084,0.01,4.422496499738723,6.26067489086705,156.5224550372016,3.93738276104981,0,,,HCT116,additive,ZNF426
0.908256880733945,0.040936994740284074,0.04,3.039817579685752,4.246589468006924,84.28712095007448,4.510749047723952,1,,,HCT116,additive,ZNF562
0.963302752293578,0.09332608866183004,0.07,2.6179147838165795,3.7262505265520294,129.3279545896977,9.114386740836345,5,,,HCT116,additive,ZNF593
0.8256880733944953,0.027032451750456307,0.04,4.015127697630473,4.061445587425217,133.03521127854935,7.700687095179143,5,,,HCT116,additive,ZNF714
1.0,0.10617144291690578,0.03,2.0210499481369912,2.7794702278926935,321.56151554496387,39.52691763714069,95,0.6210526315789474,0.9110253798833964,HCT116,ratio,ACAT2
0.3486238532110092,-0.008470653461148392,0.03,3.8544745217733367,5.703670798713357,264.6037792309397,7.868441112134921,6,,,HCT116,ratio,ACVR1B
0.8715596330275229,0.024405056108408697,0.08,3.876090299373935,5.751680868559371,330.91478933864886,9.790061907427843,10,0.8,1.0356931136094354,HCT116,ratio,AKT2
0.23853211009174313,-0.032826107622912125,0.05,4.841812873642294,5.09419113343692,670.0907608447905,24.55873760811881,46,0.391304347826087,1.6390791204872754,HCT116,ratio,ARID1A
0.04587155963302747,-0.035907568570668416,0.01,6.904252911637788,8.106933551475915,968.2510232172622,14.386110664495078,11,0.2727272727272727,1.7723460142454657,HCT116,ratio,ATM
0.5045871559633027,-0.003570279685264544,0.05,3.8533597679593274,4.871693641054733,400.5006733543264,16.169964188385112,12,0.5,1.1284398719236446,HCT116,ratio,BIRC2
0.981651376146789,0.054068466304720744,0.01,2.280604506804079,4.192465409583563,297.5347491124784,16.41715422547874,16,0.375,1.1698833964138347,HCT116,ratio,C1QBP
0.5045871559633027,0.015073587241023853,0.01,7.108470192460408,9.888574648025116,488.9622151535867,4.964799342553638,1,,,HCT116,ratio,CALM3
0.5412844036697247,0.0024744738128205253,0.03,2.7519499536288166,6.10820177963166,177.7470382548147,4.643351710350509,1,,,HCT116,ratio,CASP2
0.7798165137614679,0.022276095610319895,0.05,1.3340475245650565,1.6654304248540002,190.1022741999647,51.38649371522806,111,0.4774774774774775,0.9927482086077666,HCT116,ratio,CASP3
0.963302752293578,0.0370840751969445,0.03,5.439365381568845,7.463087631351015,387.7105222412911,6.905625919498096,3,,,HCT116,ratio,CDCA2
0.981651376146789,0.04168103674544867,0.07,4.269083325328666,5.2398646709526,266.9738675306671,9.528187550236813,3,,,HCT116,ratio,CENPO
0.8990825688073394,0.029292169410141615,0.03,3.3067070181455525,5.827266072370004,209.66002916918654,6.056800015533979,1,,,HCT116,ratio,CLDN7
0.8899082568807339,0.024853686493011937,0.01,4.911173553400877,8.446527772252134,292.91928053671757,4.072623539078952,1,,,HCT116,ratio,CREG1
0.9541284403669725,0.03825257465421145,0.03,2.488555848336775,4.802909494383715,213.8640309279362,9.023611332264696,5,,,HCT116,ratio,DAXX
0.5596330275229358,0.002658225884246237,0.0,2.986402141480527,4.799004705969123,246.4462846979713,10.26648522306115,14,0.6428571428571429,0.9714677460986822,HCT116,ratio,DHCR24
1.0,0.0715087755084245,0.0,1.268156947479803,1.3277500254600687,436.85368489363725,169.781901942272,597,0.6633165829145728,0.9651657522087144,HCT116,ratio,DHX36
0.8440366972477065,0.02851376038926036,0.04,3.918532933053919,5.148051356258661,352.088671749561,12.940225102710361,20,0.65,1.1608035808597235,HCT116,ratio,DLG5
1.0,0.11758611111674522,0.07,2.0997028608240575,2.3421111989183845,824.1289690749343,138.86649709547174,420,0.65,1.0591861131205489,HCT116,ratio,DNMT1
0.9908256880733946,0.03904359496439959,0.03,4.658407194116215,8.274466860253984,292.2523105202865,4.246577404917441,3,,,HCT116,ratio,EID2
0.6788990825688073,0.014628588771657406,0.05,2.740167685170117,3.7381475338863637,405.44695331800125,27.276413233999733,37,0.35135135135135137,1.5407505693159496,HCT116,ratio,EIF4B
0.7706422018348624,0.015169558476746739,0.02,2.6516539950307654,3.6974336604643527,418.49512734682366,28.745089705228846,41,0.4878048780487805,1.1607044592704114,HCT116,ratio,EWSR1
0.7522935779816513,0.012690096589959208,0.05,3.7822120986385794,5.863203760500861,295.8777067613604,8.39885246906663,9,,,HCT116,ratio,FOXH1
0.8990825688073394,0.0262933197258814,0.03,2.1848760156671223,2.9445909084621835,254.19254771335733,26.71276855827564,60,0.6666666666666666,1.0587482954188243,HCT116,ratio,GSK3B
0.33944954128440363,-0.003634652203418151,0.02,3.6887438951450124,5.899531177090681,308.3609066709894,8.602054983856176,4,,,HCT116,ratio,HAT1
0.7706422018348624,0.025247137841900094,0.04,4.57582478159376,5.764898591015062,374.0486797043525,11.01991884123737,13,0.7692307692307693,0.9807961140753451,HCT116,ratio,HIRA
0.981651376146789,0.05060301934247109,0.04,3.400117548061916,4.742799938577093,264.8488295216862,11.508085894261823,10,1.0,0.63814309977574,HCT116,ratio,HMGB2
0.5321100917431192,0.00226473156293991,0.03,5.060059085182763,8.916144541242206,333.3969214717765,4.143777337787467,0,,,HCT116,ratio,HMGN1
0.5137614678899083,0.004344668920783895,0.02,4.640799516527236,8.93944001390182,314.6650599097961,3.892639547364184,0,,,HCT116,ratio,IDE
0.5963302752293578,0.00896589674527696,0.01,6.485145797216683,10.136315182545427,430.07082942089056,4.152741016875895,1,,,HCT116,ratio,IGF2R
0.5871559633027523,0.0007984407652298983,0.02,3.764773530435584,5.705339140206403,294.7314753063216,8.786994624671145,3,,,HCT116,ratio,IKBKG
0.5412844036697247,0.007208568285447984,0.02,2.099656192339839,2.680144717651912,366.450833361909,44.993459060027064,56,0.5357142857142857,1.1278636675557305,HCT116,ratio,INSIG1
0.981651376146789,0.04768145604638554,0.02,5.591491871229104,6.616690034427737,333.9775898367893,7.56467982638723,1,,,HCT116,ratio,IRF3
0.9908256880733946,0.07908307503339998,0.03,1.3439437070777966,1.6468163564846459,319.0346020352508,92.43271177931217,271,0.6346863468634686,1.0286203076933387,HCT116,ratio,KAT2A
0.14678899082568808,-0.02762412565690354,0.01,2.3822313401945845,3.7164329385807573,242.95086731464554,16.17817329131932,23,0.30434782608695654,1.0190804131398856,HCT116,ratio,KDM2B
0.7798165137614679,0.020808417178608683,0.03,3.8689134701166448,7.927846382483912,259.6990085659727,4.088407915806295,1,,,HCT116,ratio,KIF1B
0.981651376146789,0.04385188194975651,0.08,2.449224479674788,4.885081807515219,179.7262783658884,7.355104623680752,6,,,HCT116,ratio,KLF10
0.944954128440367,0.0386266022319874,0.07,3.372273056690035,3.7852990977642396,492.0326390958197,32.723502587011346,47,0.7872340425531915,0.8701226308659171,HCT116,ratio,LRPPRC
0.6513761467889908,0.019923198893619487,0.05,2.6477666345540296,3.0173412844235634,370.62692380369083,37.121648070097244,67,0.5223880597014925,1.0308991439671684,HCT116,ratio,LZTR1
0.5045871559633027,0.00037390025091292985,0.03,5.594814971581939,8.549539092246997,343.93362248687856,4.642217044711614,0,,,HCT116,ratio,MAP3K7
0.42201834862385323,-0.00468640849673389,0.01,9.722555893242378,11.310156272338856,712.61666502909,5.523062306441866,3,,,HCT116,ratio,MAPKAPK2
0.7064220183486238,0.01681408174268312,0.03,6.449728751858456,9.533749193546566,447.17764770318905,4.883356975621416,0,,,HCT116,ratio,MAST2
0.9541284403669725,0.051981224654364035,0.04,1.449626677798088,1.6717476884053517,346.1946309377839,95.60901366089837,297,0.5521885521885522,1.093313382526841,HCT116,ratio,MAU2
0.5871559633027523,0.014865459057801641,0.0,4.986931954905894,4.4641385537323295,1669.472810163604,80.2792871741462,149,0.6174496644295302,1.0825495528366842,HCT116,ratio,MBTPS1
1.0,0.1312343481776788,0.03,2.1667346732743016,3.0691512903202747,339.6985053949603,35.33324196359707,63,0.5873015873015873,0.8576758904979895,HCT116,ratio,MED1
0.9541284403669725,0.11287161637281065,0.06,4.931793612940096,6.025949517253324,514.0164676972707,14.297397594791168,12,0.5833333333333334,1.145559095079055,HCT116,ratio,MED12
0.8715596330275229,0.02165804210969785,0.09,2.3694903791415864,3.635190653251481,224.67857029245133,15.983224800005003,20,0.6,1.6911451600738643,HCT116,ratio,MED13
0.5412844036697247,0.007293410508693044,0.06,3.4284162807662795,5.962043900417541,271.17403938875947,7.437780462359324,2,,,HCT116,ratio,MED13L
0.9541284403669725,0.11703986906868666,0.07,1.9311127089659679,2.321196579083456,353.510832277048,60.48494676929177,156,0.5512820512820513,1.1068138468823603,HCT116,ratio,MED24
0.9908256880733946,0.11165009565391486,0.03,1.1086103627978057,0.870322789679662,564.9913895805805,361.45140944447206,1611,0.6176288019863438,0.9546227021845906,HCT116,ratio,METTL14
0.6880733944954128,0.0068053179461506075,0.02,2.6598765463332734,3.4986159005306625,382.4747434121757,28.99140382417131,30,0.6,0.9642262834327469,HCT116,ratio,METTL17
1.0,0.10778578345076006,0.04,1.2321041036156082,1.1607684982298507,747.8421678497865,356.59845416416147,1549,0.6346029696578438,0.9632504353780843,HCT116,ratio,METTL3
0.44036697247706424,-0.005981509236115076,0.01,10.433016598957309,13.396067897112292,781.4302142587499,4.326499345605781,1,,,HCT116,ratio,MKI67
1.0,0.07807293448480665,0.05,3.1044464605017716,3.1294368201201093,260.8508392485427,25.3137089434243,10,0.7,0.7533710290038677,HCT116,ratio,MTA1
0.6697247706422018,0.01025240546360004,0.02,3.7994595617101092,7.043736830206921,204.83826473753948,4.058630560993372,1,,,HCT116,ratio,NCK2
0.6330275229357798,0.002556419008137593,0.01,4.0635667119378,6.197486429462784,407.71587088313794,10.354123074715751,8,,,HCT116,ratio,NDUFB4
0.5504587155963303,0.01244279176526058,0.04,3.302359744872173,5.349582299507033,294.21690025241776,9.978560799015732,4,,,HCT116,ratio,NDUFB6
0.5229357798165137,0.015138959705003079,0.01,6.2131898622820305,7.22088380203378,401.21871276376004,7.581245949804451,1,,,HCT116,ratio,NISCH
0.8715596330275229,0.027453790734252987,0.01,1.7537705715717988,2.581538327476594,243.62063596657373,32.385189523415,36,0.3888888888888889,1.020313356354851,HCT116,ratio,NIT1
0.2844036697247706,-0.010021303735410454,0.02,6.699115393676463,8.529611088467172,441.40323685186655,5.970942407414075,4,,,HCT116,ratio,NRAS
0.9908256880733946,0.07261395211775327,0.05,2.934004170086814,3.2645193197705864,381.6339778318222,34.12630049200222,37,0.7027027027027027,0.8227264635617516,HCT116,ratio,OXCT1
0.3669724770642202,-0.0006729826536550083,0.07,4.586844531949952,7.100676621056651,362.64059841007304,7.0512634841261725,2,,,HCT116,ratio,PAGR1
0.5963302752293578,0.007552296694993901,0.05,4.681519766712542,8.105382184123163,288.13660719258496,4.328013639879009,0,,,HCT116,ratio,PBX1
0.981651376146789,0.03758017970951353,0.04,3.549726817252711,3.5180916546166263,450.9332377250896,34.389444571791415,34,0.6764705882352942,0.8728420163734599,HCT116,ratio,PHF10
0.33944954128440363,0.0008124534959635295,0.03,3.2421740628800237,5.517790276183012,259.34893664555966,8.249787723329748,3,,,HCT116,ratio,PHF14
0.24770642201834858,-0.007230843227914433,0.01,30.217803398037617,32.70602544019107,4832.818888754453,4.511774191881248,2,,,HCT116,ratio,PLCB3
0.6880733944954128,0.016504168218099472,0.01,4.94971696046754,6.374462727751984,306.2250114537204,7.392567310454581,1,,,HCT116,ratio,PMS1
0.5963302752293578,0.007986858143332753,0.06,3.3953803968072944,5.268476852533702,184.25348249481067,6.426096569250553,2,,,HCT116,ratio,POLB
0.9541284403669725,0.046833833245003856,0.03,3.3741871350381505,5.228736112534473,171.97163127444415,6.1749421438221415,2,,,HCT116,ratio,PRCP
0.963302752293578,0.04309275511013058,0.04,2.6553472105702083,4.353227461380357,247.32875339399283,12.634669039720416,16,0.5,0.9389400060693068,HCT116,ratio,PRR12
0.44036697247706424,-0.005854557536582532,0.01,7.243475681912361,10.901471158017985,446.26033744388354,3.7197747688623792,2,,,HCT116,ratio,PTPN1
0.6055045871559632,0.0027204823444256544,0.03,6.565497390453109,8.195315407606786,556.8631650833815,8.174905689195368,9,,,HCT116,ratio,RAF1
0.9724770642201834,0.037173251403050736,0.04,1.7829907214465843,2.4391462591527127,269.7823127067559,39.8609081554897,97,0.4948453608247423,1.1616927289871517,HCT116,ratio,RNF2
0.7155963302752293,0.03509176346393105,0.0,11.08828235275377,13.196140750414553,866.4444045240471,4.973506468799863,2,,,HCT116,ratio,RRM1
1.0,0.112897398565093,0.06,1.9105064578068855,2.7984801743227954,218.1019296529569,26.599064546289515,45,0.7111111111111111,0.8587151917037229,HCT116,ratio,SAFB
1.0,0.20247730829014973,0.03,1.4232149115154107,1.7767366041038792,457.75376849155543,133.17266412216995,470,0.7063829787234043,0.8771892294105087,HCT116,ratio,SIN3B
0.6238532110091743,0.00721731330409154,0.06,3.036463097404599,5.60814495060428,206.19489085287802,6.369871358363403,3,,,HCT116,ratio,SIX4
0.19266055045871555,-0.010852014706345727,0.02,2.4816246858677333,4.018805095755736,213.15482924873186,12.365390328915378,4,,,HCT116,ratio,SLC25A3
0.963302752293578,0.0321814053690036,0.05,2.8945192661597554,3.27023557867591,254.94932982370094,22.20047334591812,30,0.6333333333333333,0.9151252766702714,HCT116,ratio,SMAGP
0.8073394495412844,0.03039579027135457,0.04,1.3891665926014696,1.4219642164127368,650.6464897076303,221.64465821905196,853,0.5486518171160609,1.0461353169893997,HCT116,ratio,SMARCA4
1.0,0.09672636246273761,0.04,1.343751618028927,1.6659438496992107,272.08459608008184,78.79458411512789,267,0.6142322097378277,1.1089993194779884,HCT116,ratio,SMARCA5
0.8532110091743119,0.014676490952090804,0.05,2.0757588582526516,2.0978238715622908,493.4281042257704,92.41459540513372,327,0.5321100917431193,1.1783097918528644,HCT116,ratio,SOX2
0.4954128440366973,0.008559784887843133,0.02,2.846885094974865,4.076066039819826,355.7049502787256,20.27440301555896,29,0.41379310344827586,0.9629048423434895,HCT116,ratio,SSBP1
0.3211009174311926,-0.0032439126797423725,0.03,1.902919831789299,2.496182405491869,333.97487785775513,46.08379790574959,93,0.5053763440860215,1.0354576234205335,HCT116,ratio,STAG2
0.7247706422018348,0.011559912679391124,0.02,3.2865718786678166,6.110780909861168,182.11509833221294,4.767365631069456,5,,,HCT116,ratio,STAT1
0.8990825688073394,0.023945089723129923,0.07,2.555770631064462,3.716728375107099,220.20669344614095,15.045474491121508,21,0.7619047619047619,0.8332842042820097,HCT116,ratio,STAT6
0.7064220183486238,0.01673149414944651,0.04,2.775682761314908,5.103514088265942,218.58419267943816,8.133341940387163,5,,,HCT116,ratio,STX4
0.981651376146789,0.06167825645306638,0.06,1.7543906705993917,2.274735198608545,343.5911493587063,58.2968829438001,155,0.535483870967742,1.184471759183523,HCT116,ratio,TADA1
0.6513761467889908,0.005616257571660571,0.01,2.9693767769998423,5.721342686285342,211.87184010472987,6.292693938738174,3,,,HCT116,ratio,TARBP2
0.01834862385321101,-0.0272796823501596,0.01,4.307957821095993,7.848085292619655,310.23643807427413,4.9227759462459755,0,,,HCT116,ratio,TCF3
0.3302752293577982,-0.0007538670131224054,0.03,3.5032260422769608,5.778774881795929,272.21300878312445,7.912489860239036,9,,,HCT116,ratio,TET1
0.21100917431192656,-0.01396745467062013,0.01,2.650273194806204,3.438257954408366,390.8469260528349,30.256777865522608,44,0.5227272727272727,1.0601280253746124,HCT116,ratio,TFAM
0.6605504587155964,0.027335024951367023,0.01,17.192520192093372,18.9426206600464,1840.4218179669883,5.129562564902825,2,,,HCT116,ratio,TMBIM6
0.9724770642201834,0.036107105102167275,0.04,2.525010314157,2.7048167889231496,444.6352976620321,54.75326986699672,90,0.6333333333333333,1.00669584624051,HCT116,ratio,TMSB10
0.01834862385321101,-0.027754900574865495,0.0,3.56568077913409,6.824522969027809,201.81727283452582,4.208652604315498,0,,,HCT116,ratio,TMSB4X
0.8807339449541285,0.02655587118839968,0.02,3.8095313178540753,7.163894936725975,242.97140686114923,4.677843268974838,0,,,HCT116,ratio,TRAM2
0.33944954128440363,-0.006549803694667869,0.02,2.0958640711745473,2.9587532647864903,226.7055690819052,23.149805600463942,50,0.54,1.114897590467795,HCT116,ratio,TRAPPC6A
0.33944954128440363,-0.007392343676874975,0.0,5.794635441393154,7.29440802668823,371.07266878468795,6.831708339197052,2,,,HCT116,ratio,TSC22D4
0.7798165137614679,0.009982286548836414,0.03,6.487774769242973,10.403704419071742,422.9228507668417,3.8789813156144843,0,,,HCT116,ratio,TWF2
0.8440366972477065,0.034379310239493914,0.04,4.234270055762907,6.186713630490421,389.9723247150997,10.037888464676527,8,,,HCT116,ratio,TXNDC9
0.9908256880733946,0.050989909149445074,0.03,3.609934897623127,4.2417180124729486,332.46427782697464,17.913330073560587,18,0.7777777777777778,0.7237589594489929,HCT116,ratio,UBE3C
0.8348623853211009,0.01808852534972596,0.04,2.3081943701586236,3.6936322310048597,239.06228799256763,16.476493096967765,17,0.5882352941176471,0.9132627095295576,HCT116,ratio,UQCRQ
0.8623853211009174,0.025463499922623492,0.01,4.411787985666848,6.400671541876912,368.2613811253775,8.843374885374025,2,,,HCT116,ratio,USP22
0.981651376146789,0.07996345938361323,0.06,3.2636894821549096,4.33177912609689,367.09229617851986,19.24817040139183,24,0.5833333333333334,0.9450641826634228,HCT116,ratio,WSB2
0.44036697247706424,-0.001912441623631896,0.03,2.446154186325877,3.5004230447656886,258.9819301889772,19.52171669296456,4,,,HCT116,ratio,XRCC4
0.6605504587155964,0.011750723243701933,0.05,3.7371749987797256,7.609187790456328,235.1406310296274,4.004376352107395,0,,,HCT116,ratio,ZNF286A
0.5596330275229358,0.008070696670558238,0.01,4.685206322860851,8.182749684067552,267.05421191189674,3.93738276104981,0,,,HCT116,ratio,ZNF426
0.9357798165137614,0.03162981642739426,0.03,3.457953816116911,6.8261231489521075,212.74559598508466,4.510749047723952,1,,,HCT116,ratio,ZNF562
0.963302752293578,0.048928416823013327,0.03,2.7464582743152817,5.161910702033277,247.36622305129683,9.114386740836345,5,,,HCT116,ratio,ZNF593
0.963302752293578,0.036916236303302916,0.03,4.353027728557885,5.838075495936447,266.84487107406096,7.700687095179143,5,,,HCT116,ratio,ZNF714
1.0,0.18517328176764233,0.07,1.7085474613758282,1.393395293710252,95.87298482422443,39.52691763714069,95,0.6,0.8514682680503652,HCT116,log1p,ACAT2
0.8165137614678899,0.014233253838821165,0.02,3.2125058789884835,2.8281465233474283,70.17001271869154,7.868441112134921,6,,,HCT116,log1p,ACVR1B
1.0,0.04217127085126424,0.06,3.243452486988368,2.955709530975511,92.87760045926527,9.790061907427843,10,0.8,0.6551528955816556,HCT116,log1p,AKT2
0.7614678899082569,0.006123448770771989,0.04,4.312082498649151,3.6660906557490414,353.53094706789295,24.55873760811881,46,0.3695652173913043,1.2425310502662767,HCT116,log1p,ARID1A
0.06422018348623848,-0.03059049007116626,0.0,6.2354384009208,6.324318718487207,595.3538725400039,14.386110664495078,11,0.2727272727272727,1.0740794157989688,HCT116,log1p,ATM
0.4954128440366973,-0.015773184176118463,0.03,3.3186951590986298,2.8697903146542054,150.80477135691842,16.169964188385112,12,0.5,1.0225828459682196,HCT116,log1p,BIRC2
0.9908256880733946,0.07582587399596204,0.02,1.8450383976793217,1.6977669590200921,59.511253545061884,16.41715422547874,16,0.3125,1.1622248272126674,HCT116,log1p,C1QBP
0.4495412844036697,0.018484908218465088,0.01,6.210814206480592,6.360770454492262,204.67010079257477,4.964799342553638,1,,,HCT116,log1p,CALM3
0.9724770642201834,0.03277435617043775,0.03,2.1063823560953168,1.9589014392724808,21.865038851706665,4.643351710350509,1,,,HCT116,log1p,CASP2
1.0,0.09076125829869167,0.07,1.141330804694321,0.5516238090282917,61.8773899082784,51.38649371522806,111,0.4774774774774775,0.9613101006973144,HCT116,log1p,CASP3
0.981651376146789,0.038441009506213854,0.04,4.662463881571362,4.464140474220952,142.15464393593317,6.905625919498096,3,,,HCT116,log1p,CDCA2
0.963302752293578,0.047100939097387065,0.02,3.5710345101204215,2.7714913261733862,80.22814414027357,9.528187550236813,3,,,HCT116,log1p,CENPO
0.6238532110091743,-0.0024940823983156755,0.02,2.6770471468349766,2.530042043428314,44.903498199048485,6.056800015533979,1,,,HCT116,log1p,CLDN7
0.981651376146789,0.04510818584849818,0.01,4.034148692388175,4.1777626210744625,73.61999277132695,4.072623539078952,1,,,HCT116,log1p,CREG1
0.981651376146789,0.04567050300496136,0.02,1.9489373663996323,1.6566724963309227,32.42401587087737,9.023611332264696,5,,,HCT116,log1p,DAXX
0.6422018348623852,-0.0005632399823620787,0.0,2.381734346864632,1.8690503254181359,46.152517879868576,10.26648522306115,14,0.6428571428571429,0.9044265154846272,HCT116,log1p,DHCR24
1.0,0.17831947010744023,0.05,1.1219091065186253,0.6137845934877824,196.57892592525764,169.781901942272,597,0.6582914572864321,0.8931180170250933,HCT116,log1p,DHX36
0.981651376146789,0.04302949567647838,0.05,3.3125163939942754,2.819512816698084,112.67064471282528,12.940225102710361,20,0.6,0.8572376329834929,HCT116,log1p,DLG5
0.9908256880733946,0.1448841788555087,0.11,1.2730033439087163,0.9703816969432117,230.58153153609527,138.86649709547174,420,0.6071428571428571,0.9447594914451204,HCT116,log1p,DNMT1
0.8623853211009174,0.014714515404122873,0.02,3.7781643483059053,3.668202680322716,60.92887026023647,4.246577404917441,3,,,HCT116,log1p,EID2
0.8073394495412844,0.027805136603990373,0.02,2.362245447337263,2.1378955012204246,148.70304627334167,27.276413233999733,37,0.3783783783783784,1.1646629813862264,HCT116,log1p,EIF4B
0.9541284403669725,0.03695635254630544,0.02,2.2597331687669224,1.976623288994423,136.85370637638394,28.745089705228846,41,0.4878048780487805,1.0452299031146401,HCT116,log1p,EWSR1
0.5779816513761468,-0.005497122400394108,0.09,3.0838849137369926,2.611918800425004,65.93801243848209,8.39885246906663,9,,,HCT116,log1p,FOXH1
1.0,0.0916757329815746,0.04,1.8043419062814252,1.2663141543372927,63.345884178788964,26.71276855827564,60,0.6833333333333333,0.9019200829646762,HCT116,log1p,GSK3B
0.39449541284403666,-0.0040031563514800785,0.02,3.0836877046313713,2.909355814187647,81.6132393634669,8.602054983856176,4,,,HCT116,log1p,HAT1
0.8715596330275229,0.04482846188697554,0.05,3.891784270635168,3.2374487360747106,123.32186892556909,11.01991884123737,13,0.7692307692307693,0.956036739519455,HCT116,log1p,HIRA
1.0,0.08236285250128468,0.04,2.8382063064602794,2.4076127232964946,73.65178795498967,11.508085894261823,10,1.0,0.6361429201850576,HCT116,log1p,HMGB2
0.6697247706422018,0.004169714173791895,0.0,4.141927643185734,4.335385268906038,81.87859866051267,4.143777337787467,0,,,HCT116,log1p,HMGN1
0.22935779816513757,-0.006823077392670529,0.01,3.729632707012491,3.8514927491206543,61.84063017300926,3.892639547364184,0,,,HCT116,log1p,IDE
0.5688073394495412,0.0038178271251626027,0.0,5.524903929515117,5.8278253076395075,145.00976521411044,4.152741016875895,1,,,HCT116,log1p,IGF2R
0.6880733944954128,0.004650080864000464,0.02,3.0712457577705177,2.5390793444745445,65.22858567351261,8.786994624671145,3,,,HCT116,log1p,IKBKG
0.3119266055045872,-0.015313063664172745,0.05,1.8346639581142743,1.4425138979162,140.6056825989574,44.993459060027064,56,0.5535714285714286,0.9802853410403756,HCT116,log1p,INSIG1
1.0,0.08781852971653045,0.03,4.725992002302042,3.713845896927241,106.9673139853729,7.56467982638723,1,,,HCT116,log1p,IRF3
1.0,0.1584061996567216,0.03,1.1754474668131796,0.7908915010022454,127.08990712888408,92.43271177931217,271,0.6383763837638377,0.9056501663900427,HCT116,log1p,KAT2A
0.04587155963302747,-0.04364045147542598,0.02,1.9434216507513913,1.4999494390277657,54.69460625067966,16.17817329131932,23,0.30434782608695654,1.021051143271447,HCT116,log1p,KDM2B
0.7981651376146789,0.017388777942509228,0.03,2.994790162522466,2.888103949052193,37.77976420878584,4.088407915806295,1,,,HCT116,log1p,KIF1B
1.0,0.11527534991553884,0.1,1.912696389477562,1.718107098269906,26.153142798128112,7.355104623680752,6,,,HCT116,log1p,KLF10
0.9908256880733946,0.09534950636995974,0.07,2.9927421806227046,2.622027381164127,241.33614423949325,32.723502587011346,47,0.7872340425531915,0.8513651939173612,HCT116,log1p,LRPPRC
0.963302752293578,0.060597782545173416,0.03,2.2984505038588634,1.7291055312540877,140.32896223370489,37.121648070097244,67,0.5223880597014925,0.9611515172767702,HCT116,log1p,LZTR1
0.8623853211009174,0.02429400472362983,0.02,4.755364281320045,4.847414520498111,112.62901180312429,4.642217044711614,0,,,HCT116,log1p,MAP3K7
0.4036697247706422,-0.008397714548939937,0.01,8.63946449829269,8.223791128805377,379.8147130543627,5.523062306441866,3,,,HCT116,log1p,MAPKAPK2
0.9541284403669725,0.04512469449600234,0.03,5.554816506184327,5.851968156775528,169.53743186378136,4.883356975621416,0,,,HCT116,log1p,MAST2
0.9724770642201834,0.07355637520190558,0.01,1.2762668160848853,0.7876921787045128,143.8513529354526,95.60901366089837,297,0.5488215488215489,0.9866344885578184,HCT116,log1p,MAU2
0.7064220183486238,0.023771135076771484,0.01,4.6080084207547864,3.7918801171755248,1220.0910476098693,80.2792871741462,149,0.6308724832214765,1.0012158950791668,HCT116,log1p,MBTPS1
1.0,0.21397359600542365,0.08,1.8741855461607058,1.8274334128658174,125.69687341129209,35.33324196359707,63,0.6031746031746031,0.8129928102086911,HCT116,log1p,MED1
0.9357798165137614,0.14650927555305152,0.06,4.410705873760056,4.295557239945149,260.11447090814613,14.297397594791168,12,0.5833333333333334,0.7582962702279704,HCT116,log1p,MED12
0.19266055045871555,-0.01416905642755929,0.02,1.9791726937374543,1.6371252223072061,59.56263853400759,15.983224800005003,20,0.6,1.0827931992300381,HCT116,log1p,MED13
0.19266055045871555,-0.013736397609503579,0.04,2.8003375578856597,2.6214640573491916,59.086417841134626,7.437780462359324,2,,,HCT116,log1p,MED13L
0.9357798165137614,0.15424134264955094,0.05,1.7064886206769765,1.357498604947743,146.6177880752527,60.48494676929177,156,0.5576923076923077,0.9750607267052878,HCT116,log1p,MED24
0.9908256880733946,0.19024216913468134,0.04,1.0328509453530688,0.46425402955001205,375.50840538584777,361.45140944447206,1611,0.6163873370577281,0.9163779256817733,HCT116,log1p,METTL14
0.981651376146789,0.046850966796887175,0.04,2.26515229612837,1.907982484307946,129.34849702768878,28.99140382417131,30,0.6333333333333333,0.9333734030162948,HCT116,log1p,METTL17
1.0,0.16261963643277513,0.01,1.1372548682168817,0.7241049263173418,459.5914281644621,356.59845416416147,1549,0.6300839251129761,0.9081945082158037,HCT116,log1p,METTL3
0.21100917431192656,-0.018476058951363613,0.0,9.32543994278264,9.887279733310889,428.85843477009485,4.326499345605781,1,,,HCT116,log1p,MKI67
1.0,0.14277524529084032,0.07,2.592422610765612,1.5295637186675384,73.4805710170211,25.3137089434243,10,0.7,0.7043175897037723,HCT116,log1p,MTA1
0.7522935779816513,0.01817543804540449,0.03,3.0444162027033737,2.986076395741372,39.80747773487403,4.058630560993372,1,,,HCT116,log1p,NCK2
0.9357798165137614,0.020633454938925443,0.0,3.429951627064833,3.3823945152112613,127.36618894968623,10.354123074715751,8,,,HCT116,log1p,NDUFB4
0.9174311926605505,0.042864464770510154,0.02,2.7508827539695093,2.6368888674737527,77.10558900375871,9.978560799015732,4,,,HCT116,log1p,NDUFB6
0.963302752293578,0.05588831737613212,0.02,5.351357778264699,4.469304275587962,155.22689719255993,7.581245949804451,1,,,HCT116,log1p,NISCH
0.8256880733944953,0.0172912328264184,0.01,1.4781354777257574,1.0733800051958318,68.49546955094505,32.385189523415,36,0.3888888888888889,0.9681922162640462,HCT116,log1p,NIT1
0.5412844036697247,-0.0035632566339092397,0.04,5.697530858817187,5.0110349883428995,156.1173520410868,5.970942407414075,4,,,HCT116,log1p,NRAS
1.0,0.12295010570607133,0.07,2.5031219425384035,1.883709082794119,139.4112423375519,34.12630049200222,37,0.7027027027027027,0.769942463711064,HCT116,log1p,OXCT1
0.19266055045871555,-0.00768018238419238,0.05,3.8730553385922812,3.7993802848900744,109.24981141613925,7.0512634841261725,2,,,HCT116,log1p,PAGR1
0.5045871559633027,0.0005929984362425228,0.01,3.831674712232057,3.8224382900326384,67.5451495504382,4.328013639879009,0,,,HCT116,log1p,PBX1
1.0,0.08368885056083045,0.05,3.076578575122261,2.158952481495195,182.25426604294705,34.389444571791415,34,0.6470588235294118,0.7956909123640332,HCT116,log1p,PHF10
0.8623853211009174,0.052912886858244315,0.02,2.647611175372372,2.5004864931998347,57.6480051246511,8.249787723329748,3,,,HCT116,log1p,PHF14
0.22018348623853212,-0.012208923868370651,0.0,28.353768651489325,30.051452663785984,4082.3597621696154,4.511774191881248,2,,,HCT116,log1p,PLCB3
0.9174311926605505,0.0481857660732085,0.02,4.034716560928138,3.001536293824427,71.85543986441903,7.392567310454581,1,,,HCT116,log1p,PMS1
0.7798165137614679,0.022307890030859368,0.03,2.7535603334219267,2.3014608757519732,39.8035036301454,6.426096569250553,2,,,HCT116,log1p,POLB
0.8990825688073394,0.07636859541472589,0.02,2.699063107606914,2.0987536756312397,31.39469796779116,6.1749421438221415,2,,,HCT116,log1p,PRCP
1.0,0.09151663095664836,0.05,2.159892255845346,1.9098492785246572,54.303280963555466,12.634669039720416,16,0.5625,0.7167171379801002,HCT116,log1p,PRR12
0.5321100917431192,-0.0015888074840345436,0.01,6.166936278481282,6.379525597821197,155.18386459702788,3.7197747688623792,2,,,HCT116,log1p,PTPN1
0.7981651376146789,0.01615781310467168,0.02,5.766792094156594,5.404966238191661,245.5659524913977,8.174905689195368,9,,,HCT116,log1p,RAF1
1.0,0.07298056013869283,0.05,1.4869988411455872,1.009733595269487,74.62679848523369,39.8609081554897,97,0.5051546391752577,0.9800232440417157,HCT116,log1p,RNF2
0.6605504587155964,0.04248720975121255,0.01,9.64108098481933,9.727190398407405,471.4469873619526,4.973506468799863,2,,,HCT116,log1p,RRM1
1.0,0.2009927057572357,0.11,1.601851787101555,1.321192477914562,58.90228416821504,26.599064546289515,45,0.6888888888888889,0.8081155303198448,HCT116,log1p,SAFB
1.0,0.27758812342674105,0.05,1.2632434711533438,1.0894635079858404,210.6906705856527,133.17266412216995,470,0.7063829787234043,0.796961748890372,HCT116,log1p,SIN3B
0.6513761467889908,0.014833874088687728,0.04,2.4230262087426913,2.2081664177806033,37.012058563007784,6.369871358363403,3,,,HCT116,log1p,SIX4
0.45871559633027525,0.0032981110531412564,0.01,2.0576260509753834,1.7944899518385389,52.03798106559952,12.365390328915378,4,,,HCT116,log1p,SLC25A3
0.9908256880733946,0.060992640937292196,0.08,2.460099447059572,1.7175377723955072,83.03913159419852,22.20047334591812,30,0.6333333333333333,0.8623399012862403,HCT116,log1p,SMAGP
0.9908256880733946,0.074505382977911,0.03,1.2510259786897995,0.7869480377311944,332.91548179675885,221.64465821905196,853,0.5439624853458382,0.96926980404493,HCT116,log1p,SMARCA4
1.0,0.20003821489525508,0.08,1.1740677269803823,0.8232063442319686,106.24056816081597,78.79458411512789,267,0.6142322097378277,0.9096814227895822,HCT116,log1p,SMARCA5
0.47706422018348627,-0.010290360360940947,0.01,1.8611370164970626,1.331890593722992,258.88505589981196,92.41459540513372,327,0.5321100917431193,1.0337092938400454,HCT116,log1p,SOX2
0.926605504587156,0.059996524742365664,0.04,2.385063969265971,2.015809793417185,97.75518239383743,20.27440301555896,29,0.41379310344827586,0.9613853953153452,HCT116,log1p,SSBP1
0.4036697247706422,-3.815302316853342e-05,0.02,1.6340277404538355,1.2107671197721817,113.64492250577113,46.08379790574959,93,0.5268817204301075,0.9689705510983481,HCT116,log1p,STAG2
0.908256880733945,0.03488039248621176,0.02,2.581534442313855,2.2784949692765495,28.759560932778477,4.767365631069456,5,,,HCT116,log1p,STAT1
1.0,0.06313816115666186,0.05,2.1060098222007357,1.552051515279811,48.339252156468035,15.045474491121508,21,0.7619047619047619,0.7744097067123832,HCT116,log1p,STAT6
0.8807339449541285,0.03136498493888502,0.04,2.1691004623703303,1.8243117997285636,34.27125568351519,8.133341940387163,5,,,HCT116,log1p,STX4
0.7064220183486238,0.03867976429289279,0.01,1.5335382248783826,1.1771502202235702,133.769126782483,58.2968829438001,155,0.535483870967742,1.0108581711846993,HCT116,log1p,TADA1
0.7339449541284404,-0.0007974755976755828,0.01,2.3655865001180874,2.238815703952333,37.856007026078586,6.292693938738174,3,,,HCT116,log1p,TARBP2
0.1009174311926605,-0.030955346613314685,0.0,3.49003903952579,3.413793499330462,63.3331684627055,4.9227759462459755,0,,,HCT116,log1p,TCF3
0.7522935779816513,0.011674019665782843,0.03,2.859586803744177,2.6059243467559075,61.163534567913395,7.912489860239036,9,,,HCT116,log1p,TET1
0.7064220183486238,0.011955692979963729,0.0,2.2550553278604206,1.8241741678217247,129.61982040190398,30.256777865522608,44,0.5454545454545454,0.9873675365109073,HCT116,log1p,TFAM
0.8073394495412844,0.04274807814129072,0.01,15.54042068452373,16.076673759208187,1323.8628742210249,5.129562564902825,2,,,HCT116,log1p,TMBIM6
1.0,0.03459907505375137,0.06,2.166262917691361,1.456289118127106,165.35517518747633,54.75326986699672,90,0.6444444444444445,0.9010652958308222,HCT116,log1p,TMSB10
0.2660550458715596,-0.0035767355589203893,0.0,2.8468382678797823,2.8401875451249783,38.243952526353645,4.208652604315498,0,,,HCT116,log1p,TMSB4X
0.963302752293578,0.04376034955868692,0.04,3.054208663880203,3.001340904894844,45.58730304112238,4.677843268974838,0,,,HCT116,log1p,TRAM2
0.9357798165137614,0.0380489160575039,0.04,1.7451900437336418,1.2494615404048808,57.08910652809502,23.149805600463942,50,0.56,0.9930146351508274,HCT116,log1p,TRAPPC6A
0.7889908256880733,0.020074231533245914,0.0,4.911653666226906,4.328163683906398,133.62296668808204,6.831708339197052,2,,,HCT116,log1p,TSC22D4
0.5779816513761468,-0.006606953772869389,0.01,5.484050509884817,5.767770231168371,133.21736122854367,3.8789813156144843,0,,,HCT116,log1p,TWF2
0.8715596330275229,0.06123987677689295,0.06,3.594164566894287,3.357140007468978,119.0414006486183,10.037888464676527,8,,,HCT116,log1p,TXNDC9
1.0,0.07362231682279474,0.03,3.0669106265052415,2.340329206991322,109.85421106693491,17.913330073560587,18,0.7777777777777778,0.7379687714888763,HCT116,log1p,UBE3C
0.9908256880733946,0.07820234930213622,0.03,1.8948630123210726,1.6184689611344512,55.46491144349258,16.476493096967765,17,0.5294117647058824,0.9185674809318118,HCT116,log1p,UQCRQ
0.8165137614678899,0.027773276636038853,0.02,3.803356176899742,3.8305453849103213,136.72126723178923,8.843374885374025,2,,,HCT116,log1p,USP22
0.963302752293578,0.0453142502245009,0.04,2.772545428539293,2.347514037344247,121.22633377092865,19.24817040139183,24,0.5833333333333334,0.8920693597476047,HCT116,log1p,WSB2
0.6238532110091743,0.005620266965925783,0.01,1.988735523724877,1.3518428385339132,54.900604183576945,19.52171669296456,4,,,HCT116,log1p,XRCC4
0.8073394495412844,0.016713332634295818,0.02,2.9536326465458425,2.974018906459524,39.02415688678778,4.004376352107395,0,,,HCT116,log1p,ZNF286A
0.8899082568807339,0.03974155254156349,0.0,3.83051089294869,3.9127669771933014,62.993188860439176,3.93738276104981,0,,,HCT116,log1p,ZNF426
0.908256880733945,0.022359734707929575,0.04,2.7228521453620713,2.6610128330165073,35.91453978245142,4.510749047723952,1,,,HCT116,log1p,ZNF562
1.0,0.07768999686529195,0.04,2.200722971483802,2.0504504955596685,44.53059906518179,9.114386740836345,5,,,HCT116,log1p,ZNF593
0.9541284403669725,0.027142446751076837,0.03,3.5312052574502166,2.636888974764804,60.14267599708293,7.700687095179143,5,,,HCT116,log1p,ZNF714
1.0,0.0599394080319528,0.01,2.097439587103968,2.002108569346229,188.48127340494605,39.52691763714069,95,0.6842105263157895,0.9418544095045003,HEK293T,additive,ACAT2
0.9357798165137614,0.0448097465210806,0.07,3.248853803852778,3.636359327134729,109.349460942662,7.868441112134921,6,,,HEK293T,additive,ACVR1B
0.4678899082568807,-0.012779592392447752,0.02,2.9105217206672362,3.306845855617325,117.67409462532757,9.790061907427843,10,0.7,0.9222913823976259,HEK293T,additive,AKT2
0.7064220183486238,0.012779513655694387,0.0,3.6766160020841836,3.5883241608047673,338.5263872038872,24.55873760811881,46,0.5,1.1546242290078326,HEK293T,additive,ARID1A
0.9724770642201834,0.054301875932059276,0.03,7.935569476098617,8.731089906413134,1097.4257764549425,14.386110664495078,11,0.45454545454545453,1.7168747811168674,HEK293T,additive,ATM
0.5045871559633027,-0.005551171266482807,0.01,2.661567114576261,2.6085334963224267,126.66592414590076,16.169964188385112,12,0.4166666666666667,1.052775579823417,HEK293T,additive,BIRC2
0.7706422018348624,0.03323198036738587,0.04,1.9031255027118728,2.61739033971269,126.03071805572941,16.41715422547874,16,0.375,1.1513154016468312,HEK293T,additive,C1QBP
0.2660550458715596,-0.02630756532498406,0.01,4.0075743792150655,5.060455418557086,133.42632897454763,4.964799342553638,1,,,HEK293T,additive,CALM3
0.8165137614678899,0.02899046873217168,0.01,2.469653339502568,3.017167226432177,46.100866866832895,4.643351710350509,1,,,HEK293T,additive,CASP2
0.00917431192660545,-0.08006856063082295,0.03,1.4037113000914092,0.8681397907688532,97.25860532319055,51.38649371522806,111,0.4594594594594595,1.015883702380125,HEK293T,additive,CASP3
0.3669724770642202,-0.002375665675956089,0.01,4.651375023784833,5.432505271235177,210.88348747538583,6.905625919498096,3,,,HEK293T,additive,CDCA2
0.8256880733944953,0.021670002652746462,0.02,3.577287204517483,3.494858424569407,124.46259993671671,9.528187550236813,3,,,HEK293T,additive,CENPO
0.8532110091743119,0.032413251889302476,0.06,2.759344753380059,3.608781366209839,83.51938538533626,6.056800015533979,1,,,HEK293T,additive,CLDN7
0.8440366972477065,0.013849375956500916,0.04,4.011090668059613,5.151258850186193,111.56049814390498,4.072623539078952,1,,,HEK293T,additive,CREG1
0.5229357798165137,0.03319497986204133,0.04,3.6125492424649495,4.87685934072345,220.71737558071706,9.023611332264696,5,,,HEK293T,additive,DAXX
0.5596330275229358,-0.007786332119335476,0.02,4.228202964117713,4.913648193892581,258.92545082235597,10.26648522306115,14,0.2857142857142857,1.0196974774088612,HEK293T,additive,DHCR24
1.0,0.10805493177443029,0.03,1.2176599544626425,0.8256140447575187,255.21873778037144,169.781901942272,597,0.626465661641541,0.9714109713432113,HEK293T,additive,DHX36
0.7522935779816513,0.02179027478611198,0.01,3.0489291747270713,3.224508151194995,145.66716908330477,12.940225102710361,20,0.65,0.7982135445450788,HEK293T,additive,DLG5
0.944954128440367,0.1142444961491511,0.06,1.2356300365302952,0.9623282897408222,236.9332280344105,138.86649709547174,420,0.6,1.0007152957126548,HEK293T,additive,DNMT1
0.908256880733945,0.03217725394325931,0.01,4.7356022812336915,6.127884184230625,162.03498770064536,4.246577404917441,3,,,HEK293T,additive,EID2
1.0,0.06594863853641185,0.01,2.5203278305235397,2.670826339772429,212.23882466531887,27.276413233999733,37,0.6756756756756757,0.9652441848889763,HEK293T,additive,EIF4B
0.8348623853211009,0.023026783943031204,0.01,2.914847297670297,3.305894922453931,338.5220962005775,28.745089705228846,41,0.6341463414634146,0.9088742820264719,HEK293T,additive,EWSR1
0.9174311926605505,0.02788659904983693,0.03,2.8987532059893373,3.015257501596961,83.34691322833413,8.39885246906663,9,,,HEK293T,additive,FOXH1
0.8807339449541285,0.048639699113305866,0.0,2.167859359251753,2.1692389988015406,146.77532551423343,26.71276855827564,60,0.5333333333333333,1.0023244383359844,HEK293T,additive,GSK3B
0.926605504587156,0.0432078630912407,0.03,2.620805553391127,3.037537688745545,85.71211614962374,8.602054983856176,4,,,HEK293T,additive,HAT1
1.0,0.16597096053627278,0.11,3.676204240107967,4.1417953421833325,184.91019554235183,11.01991884123737,13,0.8461538461538461,1.2172173284652021,HEK293T,additive,HIRA
0.6055045871559632,0.024636998349790197,0.01,3.3752803104104827,3.6444241540642355,162.28992813545676,11.508085894261823,10,0.5,1.021767811735739,HEK293T,additive,HMGB2
0.4495412844036697,-0.01798940400385752,0.0,4.793485034338158,6.066763411169857,157.56254694949,4.143777337787467,0,,,HEK293T,additive,HMGN1
0.04587155963302747,-0.061207071126182636,0.0,4.165724555059518,6.0077973843951415,147.2549291557895,3.892639547364184,0,,,HEK293T,additive,IDE
0.7064220183486238,0.00795920507570766,0.02,7.984893648024684,10.271515084618299,441.6046223145164,4.152741016875895,1,,,HEK293T,additive,IGF2R
0.8715596330275229,0.034265775952608386,0.02,2.786144026307991,2.91061767879942,81.47500112446022,8.786994624671145,3,,,HEK293T,additive,IKBKG
0.3853211009174312,0.0015190499500357668,0.0,1.6631553048652845,1.5608020534214457,154.3888086556064,44.993459060027064,56,0.5535714285714286,1.0891924318306132,HEK293T,additive,INSIG1
0.9174311926605505,0.03445920223000083,0.02,4.7990502125570815,4.465830071789316,156.1036764667967,7.56467982638723,1,,,HEK293T,additive,IRF3
0.9908256880733946,0.07687513959206242,0.0,1.4013714073397678,1.2579852726070517,220.83204167577597,92.43271177931217,271,0.5904059040590406,0.9668550499514889,HEK293T,additive,KAT2A
0.01834862385321101,-0.10732426404811035,0.01,2.1338657442307123,2.2069999096940456,102.64368045975895,16.17817329131932,23,0.391304347826087,1.6601401081226352,HEK293T,additive,KDM2B
0.0,-0.05868907911936052,0.01,2.993569334899751,3.592953316502267,58.59116917530214,4.088407915806295,1,,,HEK293T,additive,KIF1B
0.5596330275229358,-0.013720967492532259,0.01,2.1479044245650574,2.486781403053049,53.34160060915524,7.355104623680752,6,,,HEK293T,additive,KLF10
0.9908256880733946,0.1824777932891496,0.09,3.0623478955215737,3.2106190239024603,331.69658641740506,32.723502587011346,47,0.8723404255319149,1.1787785162843292,HEK293T,additive,LRPPRC
0.09174311926605505,-0.07854325236062316,0.04,2.2426189543531967,2.126812303088022,217.43723542339592,37.121648070097244,67,0.5522388059701493,1.4179873682731183,HEK293T,additive,LZTR1
0.908256880733945,0.018967969481204463,0.03,4.682828462760054,5.953619553480924,168.13984628781668,4.642217044711614,0,,,HEK293T,additive,MAP3K7
1.0,0.05261511643019008,0.09,8.153566299478486,8.635165192423143,412.3374577887665,5.523062306441866,3,,,HEK293T,additive,MAPKAPK2
0.9908256880733946,0.08613819390614944,0.08,6.532781253406296,8.561656702136323,355.640210115219,4.883356975621416,0,,,HEK293T,additive,MAST2
0.39449541284403666,-0.019167998084121004,0.0,1.580237301857811,1.278670463784642,256.61624296876465,95.60901366089837,297,0.531986531986532,1.0361144952840318,HEK293T,additive,MAU2
0.963302752293578,0.043483041297090706,0.0,4.590976765086231,3.8712539921457814,1256.3660016104784,80.2792871741462,149,0.6442953020134228,1.081340205405817,HEK293T,additive,MBTPS1
0.08256880733944949,-0.0693186657867375,0.0,2.1684273343216205,2.2768543373902346,229.65627426920577,35.33324196359707,63,0.47619047619047616,1.1064935597644006,HEK293T,additive,MED1
0.8073394495412844,0.06512119296548756,0.01,5.513212638840185,6.62625980319344,629.7188559143872,14.297397594791168,12,0.75,1.6869582372958283,HEK293T,additive,MED12
0.6146788990825688,0.04576077061982481,0.01,2.887567926754204,3.649555218796538,223.52924082101003,15.983224800005003,20,0.5,1.073268665142038,HEK293T,additive,MED13
0.6422018348623852,0.025872914166455256,0.02,3.4575233590489605,4.29810213711785,143.18674313026435,7.437780462359324,2,,,HEK293T,additive,MED13L
0.981651376146789,0.14412623449244402,0.03,1.8928300414190915,2.0270823290818702,273.67934047733524,60.48494676929177,156,0.5833333333333334,0.9621189317966384,HEK293T,additive,MED24
0.9908256880733946,0.11853290392310682,0.0,1.1062347759579811,0.586570907433888,435.5523906334164,361.45140944447206,1611,0.6319056486654252,0.9588717776640805,HEK293T,additive,METTL14
0.02752293577981646,-0.08453531032291162,0.01,2.2329861825228807,2.276927225220277,190.45494218859457,28.99140382417131,30,0.5666666666666667,1.6596930993199632,HEK293T,additive,METTL17
1.0,0.10185079180325736,0.0,1.222288796510221,0.7894821796130173,521.5121669256206,356.59845416416147,1549,0.5958683021304068,0.9660601428580168,HEK293T,additive,METTL3
0.963302752293578,0.06150039828896388,0.05,7.948536277798504,10.301440049832083,457.9711257510395,4.326499345605781,1,,,HEK293T,additive,MKI67
1.0,0.07279740840708518,0.02,2.5620100258163827,1.8595108856443952,105.9896533239556,25.3137089434243,10,0.8,0.8392980864797538,HEK293T,additive,MTA1
0.8532110091743119,0.032956152823255,0.02,4.722732476482151,6.3847277910931615,167.7996843846846,4.058630560993372,1,,,HEK293T,additive,NCK2
0.7981651376146789,0.05691516614945346,0.02,4.242026307842207,5.372978663725509,302.93359986213557,10.354123074715751,8,,,HEK293T,additive,NDUFB4
0.926605504587156,0.0627489834883388,0.06,2.6395867918923495,3.1214036706106256,103.29238419029025,9.978560799015732,4,,,HEK293T,additive,NDUFB6
1.0,0.18297766395873263,0.09,5.535606548841676,6.439031223698776,304.04378637622426,7.581245949804451,1,,,HEK293T,additive,NISCH
0.9724770642201834,0.05485021014120837,0.01,1.5563330202474963,1.4413658688889286,94.54587693637049,32.385189523415,36,0.6944444444444444,0.7989225076085286,HEK293T,additive,NIT1
0.9357798165137614,0.05478170832796655,0.06,4.573149264435048,5.0474949741409,154.79181391665418,5.970942407414075,4,,,HEK293T,additive,NRAS
0.45871559633027525,-0.006691896540278205,0.02,2.5420020223210424,2.179539148584336,197.23504908889714,34.12630049200222,37,0.6756756756756757,0.9051159337696518,HEK293T,additive,OXCT1
0.4128440366972477,-0.016228706866087635,0.0,3.832005293022881,4.807193327861369,171.09987273199124,7.0512634841261725,2,,,HEK293T,additive,PAGR1
0.47706422018348627,-0.02059768846764294,0.03,4.702669333945435,6.230784323495371,173.4639855730906,4.328013639879009,0,,,HEK293T,additive,PBX1
0.8532110091743119,0.05693126521772837,0.02,4.877385962823491,4.411511483225885,686.3833159505307,34.389444571791415,34,0.6764705882352942,1.0467776186605007,HEK293T,additive,PHF10
0.8899082568807339,0.029715387763032376,0.01,2.978549528308948,3.6717221186204867,117.66944492035998,8.249787723329748,3,,,HEK293T,additive,PHF14
0.6513761467889908,0.008222311735593154,0.01,21.904432504064648,23.118635996884823,2414.210454825918,4.511774191881248,2,,,HEK293T,additive,PLCB3
0.9357798165137614,0.05181721486306132,0.07,4.440916734672387,4.1481228367583896,131.41792577904855,7.392567310454581,1,,,HEK293T,additive,PMS1
0.926605504587156,0.04843001522572294,0.05,3.2956699538397243,3.6609476682304702,90.27340828751078,6.426096569250553,2,,,HEK293T,additive,POLB
0.908256880733945,0.08037966556482186,0.07,2.578266193422197,3.207334521424006,66.51268399994893,6.1749421438221415,2,,,HEK293T,additive,PRCP
0.7614678899082569,0.026852508834480666,0.03,2.0324607087262896,2.202770967028808,72.44592981105725,12.634669039720416,16,0.875,0.7410108978399326,HEK293T,additive,PRR12
0.3486238532110092,-0.024330729179620054,0.02,6.110517890520924,7.470318350078262,212.6564466752047,3.7197747688623792,2,,,HEK293T,additive,PTPN1
0.1009174311926605,-0.04464796426300789,0.0,7.209401621168513,7.803202721349541,511.6409171503195,8.174905689195368,9,,,HEK293T,additive,RAF1
0.8348623853211009,0.02559925434401415,0.0,1.704365767319201,1.420938179468848,117.4428073231415,39.8609081554897,97,0.5463917525773195,1.0701356386758465,HEK293T,additive,RNF2
0.5871559633027523,0.03836462936784619,0.02,7.378797022096181,9.26271649374762,428.1552235663013,4.973506468799863,2,,,HEK293T,additive,RRM1
0.963302752293578,0.07588333172438605,0.05,1.7427696009054037,1.8413159084739403,109.34859217569804,26.599064546289515,45,0.6666666666666666,0.9842633940352238,HEK293T,additive,SAFB
0.7339449541284404,0.0342949332527911,0.0,1.772812633106565,1.725052885155672,513.7117286477178,133.17266412216995,470,0.6042553191489362,1.0968148469191954,HEK293T,additive,SIN3B
0.8256880733944953,0.023288216230967634,0.01,2.4635854227001617,2.923585774961443,59.948028786537535,6.369871358363403,3,,,HEK293T,additive,SIX4
0.8532110091743119,0.032476929952773737,0.03,2.2502640934506246,2.5738009617647712,92.21209246909214,12.365390328915378,4,,,HEK293T,additive,SLC25A3
0.7614678899082569,0.025235690602343267,0.01,2.2949240772009882,2.163966277826187,123.73504160762843,22.20047334591812,30,0.5666666666666667,0.8803310330011662,HEK293T,additive,SMAGP
0.908256880733945,0.03476665453479647,0.02,1.356375900045625,0.9480941048944563,406.26541844072625,221.64465821905196,853,0.5861664712778429,1.0025829853418073,HEK293T,additive,SMARCA4
0.9541284403669725,0.10048088153233538,0.01,1.3052286100997001,1.1080722748843261,157.99448823309365,78.79458411512789,267,0.6104868913857678,0.9420499425626997,HEK293T,additive,SMARCA5
0.04587155963302747,-0.10684013059926799,0.0,2.7288627402193866,2.462516797997759,701.4434334385795,92.41459540513372,327,0.5045871559633027,1.1941140469410847,HEK293T,additive,SOX2
0.9908256880733946,0.13120867406240788,0.07,2.7483891100104882,3.104391215362919,199.1473248609297,20.27440301555896,29,0.7586206896551724,1.6409764306551944,HEK293T,additive,SSBP1
0.35779816513761464,-0.037608512566806605,0.01,2.0533803224307956,1.9737384562083415,232.45138771798264,46.08379790574959,93,0.5591397849462365,1.070197003913503,HEK293T,additive,STAG2
0.7706422018348624,0.04650414962421055,0.02,3.0534877600539585,4.086836729615989,82.5809020520453,4.767365631069456,5,,,HEK293T,additive,STAT1
0.8807339449541285,0.04868803513094684,0.04,2.1770088480640704,2.2151963079981685,85.62962652815347,15.045474491121508,21,0.8095238095238095,0.9584083940805951,HEK293T,additive,STAT6
0.8532110091743119,0.05698661023577381,0.05,2.731178198777806,3.2271035927642155,89.84410131148469,8.133341940387163,5,,,HEK293T,additive,STX4
0.6330275229357798,0.011396762671623477,0.01,2.0891864452613658,2.1903353407100488,335.06969686313164,58.2968829438001,155,0.5161290322580645,1.159339901401518,HEK293T,additive,TADA1
0.8990825688073394,0.0720048491242625,0.04,2.668583738402497,3.766692319651135,92.15984293611162,6.292693938738174,3,,,HEK293T,additive,TARBP2
0.2660550458715596,-0.005212515023085422,0.01,3.6462423436070748,4.885743011378174,122.68256097027401,4.9227759462459755,0,,,HEK293T,additive,TCF3
0.7798165137614679,0.017636329419789525,0.0,2.800454527699135,3.3366688297703693,95.07383300156769,7.912489860239036,9,,,HEK293T,additive,TET1
0.981651376146789,0.14605325536572097,0.05,2.1682395664164935,2.1907610197437726,156.10979360678743,30.256777865522608,44,0.5454545454545454,1.3522490127478544,HEK293T,additive,TFAM
0.3486238532110092,-0.028560179492641783,0.06,11.160476041031842,12.79206310192987,848.2632741575947,5.129562564902825,2,,,HEK293T,additive,TMBIM6
0.9541284403669725,0.046122175524783385,0.0,2.211864801853484,1.714780813360598,207.09298570116687,54.75326986699672,90,0.5555555555555556,0.9616848183736512,HEK293T,additive,TMSB10
0.926605504587156,0.04701824614095452,0.01,2.9150440635633985,3.8766593981833743,65.9240845597374,4.208652604315498,0,,,HEK293T,additive,TMSB4X
0.944954128440367,0.07471296945725646,0.07,3.271847862077178,4.424510138707466,93.15996621642219,4.677843268974838,0,,,HEK293T,additive,TRAM2
0.4495412844036697,-0.01417608423151599,0.01,2.0155909506246292,1.8893701264902294,107.0282002621051,23.149805600463942,50,0.56,1.0170710252301092,HEK293T,additive,TRAPPC6A
0.4495412844036697,-0.01649656663238087,0.01,4.880113612157152,5.082513185795504,184.45358593970116,6.831708339197052,2,,,HEK293T,additive,TSC22D4
0.908256880733945,0.030620425147259947,0.0,6.602698406187661,8.730136573305092,297.44278379998775,3.8789813156144843,0,,,HEK293T,additive,TWF2
0.24770642201834858,-0.03849052991013013,0.0,3.3062448755922906,3.9126488992729294,166.72954088360993,10.037888464676527,8,,,HEK293T,additive,TXNDC9
0.8899082568807339,0.06680402645522304,0.07,2.749795684007984,2.776889342844463,149.3989577721864,17.913330073560587,18,0.3888888888888889,1.060421807955572,HEK293T,additive,UBE3C
1.0,0.17911805038268372,0.1,2.1492733212566497,2.6029699916589726,112.74822964595077,16.476493096967765,17,0.5882352941176471,1.1085988756709397,HEK293T,additive,UQCRQ
0.4954128440366973,0.017252818749352826,0.01,4.950578113362167,6.245706280237213,351.90737812535144,8.843374885374025,2,,,HEK293T,additive,USP22
0.6055045871559632,0.027998817139749218,0.05,2.49832767024489,2.685195854827723,155.138562740152,19.24817040139183,24,0.5833333333333334,0.9944724388017318,HEK293T,additive,WSB2
0.29357798165137616,-0.023377748455128175,0.0,1.9361113269751502,1.6183407805196035,72.12675409851812,19.52171669296456,4,,,HEK293T,additive,XRCC4
0.06422018348623848,-0.05361340506808293,0.01,4.8970644678448725,7.350388069851091,223.50972583339188,4.004376352107395,0,,,HEK293T,additive,ZNF286A
0.2018348623853211,-0.019553893625411888,0.0,3.960339751457688,5.223751988870612,112.18341439430684,3.93738276104981,0,,,HEK293T,additive,ZNF426
0.6880733944954128,0.03250213956733383,0.02,3.2409779440977364,4.531243430449662,95.79755981612733,4.510749047723952,1,,,HEK293T,additive,ZNF562
0.27522935779816515,-0.008056064572336829,0.01,2.3012198753608595,2.697033037648311,75.80838445671084,9.114386740836345,5,,,HEK293T,additive,ZNF593
0.8899082568807339,0.04139267318507533,0.08,3.735477455161253,3.549264681641037,102.44572633042756,7.700687095179143,5,,,HEK293T,additive,ZNF714
1.0,0.0932811799226054,0.04,1.6754288878811936,1.541570989347158,122.0924030733999,39.52691763714069,95,0.6842105263157895,0.982129001386614,HEK293T,ratio,ACAT2
0.9357798165137614,0.02453334427399204,0.03,2.582496748819818,2.8786581658645662,71.96025074374754,7.868441112134921,6,,,HEK293T,ratio,ACVR1B
0.926605504587156,0.028170447981061848,0.05,2.3111922370210767,2.586007133324767,73.83405190061983,9.790061907427843,10,0.7,0.7283286215532264,HEK293T,ratio,AKT2
0.9357798165137614,0.036664544121281166,0.06,2.963661489993576,2.765216295384851,207.36539390448917,24.55873760811881,46,0.5,1.1063062164676347,HEK293T,ratio,ARID1A
0.8990825688073394,0.038950487709569596,0.01,6.961456056382255,7.477379985330369,810.3511455698207,14.386110664495078,11,0.45454545454545453,1.2831705675410103,HEK293T,ratio,ATM
0.981651376146789,0.027863188141581136,0.03,2.23028387425836,2.2038063329653945,92.71780193003178,16.169964188385112,12,0.4166666666666667,0.8608110677696785,HEK293T,ratio,BIRC2
0.944954128440367,0.028873056943714843,0.03,1.499624784672932,1.4183034707962754,48.09706127951132,16.41715422547874,16,0.375,0.982418261905514,HEK293T,ratio,C1QBP
0.3853211009174312,-0.005589925446732336,0.01,3.130344972725842,3.7239997857527847,74.02420578322989,4.964799342553638,1,,,HEK293T,ratio,CALM3
0.7064220183486238,0.011933155524076292,0.01,2.0307260592096914,2.8095652428293456,40.98502165242282,4.643351710350509,1,,,HEK293T,ratio,CASP2
0.05504587155963303,-0.06760031469939443,0.05,1.2073112032373827,0.6428930745577606,77.09161360878201,51.38649371522806,111,0.4774774774774775,1.0297993630979485,HEK293T,ratio,CASP3
0.5871559633027523,0.014015030679917825,0.01,3.6816196187794064,3.833046516632618,107.62283383904574,6.905625919498096,3,,,HEK293T,ratio,CDCA2
0.981651376146789,0.03439585577405593,0.03,2.7940924957761286,2.502717813042303,67.56847703875286,9.528187550236813,3,,,HEK293T,ratio,CENPO
0.4862385321100917,6.59860097718445e-05,0.02,2.2380709079692513,2.786305129215343,53.07651719092533,6.056800015533979,1,,,HEK293T,ratio,CLDN7
0.8073394495412844,0.010747786133958777,0.0,3.250509094400912,4.158959893559611,74.15248927943853,4.072623539078952,1,,,HEK293T,ratio,CREG1
0.1651376146788991,-0.014503013513799585,0.04,2.43187438987963,2.2880219383538307,56.86148205367495,9.023611332264696,5,,,HEK293T,ratio,DAXX
0.5045871559633027,0.002365879896165929,0.01,2.7805151610773806,2.4591681276486073,72.2336727077238,10.26648522306115,14,0.2857142857142857,1.0576998848207457,HEK293T,ratio,DHCR24
1.0,0.13673896586912976,0.03,1.070618234093744,0.595885044309019,202.39998948712974,169.781901942272,597,0.6214405360134003,0.9559059508572586,HEK293T,ratio,DHX36
0.9174311926605505,0.03098260192127751,0.06,2.4168375071888004,2.325085144331921,81.03099798308409,12.940225102710361,20,0.65,0.9199410413274295,HEK293T,ratio,DLG5
1.0,0.10009750055576346,0.11,1.1072233652709218,0.9063769268115055,227.75035978982342,138.86649709547174,420,0.6071428571428571,0.9913588853975571,HEK293T,ratio,DNMT1
0.5596330275229358,0.002719827072521893,0.01,3.3602153878210212,3.7089340072522727,62.57763322918312,4.246577404917441,3,,,HEK293T,ratio,EID2
1.0,0.06278967696993391,0.02,2.0655291411618664,2.240156987370391,156.48439705860918,27.276413233999733,37,0.6756756756756757,0.8694739487539636,HEK293T,ratio,EIF4B
0.9724770642201834,0.06387066951927071,0.02,2.1255956940113343,1.9835838364671556,134.56206528562012,28.745089705228846,41,0.6341463414634146,0.8445602827800607,HEK293T,ratio,EWSR1
0.8532110091743119,0.01840214970696956,0.03,2.42904966790134,3.0103311002746276,83.57950230668703,8.39885246906663,9,,,HEK293T,ratio,FOXH1
0.9174311926605505,0.05346375945776826,0.03,1.591747635668485,1.2111270258209652,62.43644486930575,26.71276855827564,60,0.5166666666666667,1.0053552856888255,HEK293T,ratio,GSK3B
0.7247706422018348,0.013603584938876947,0.0,2.1411125107827056,2.3718763336613864,56.44036487292592,8.602054983856176,4,,,HEK293T,ratio,HAT1
1.0,0.06318015777556243,0.05,2.8219259117779716,2.7205705239848528,88.79555076791658,11.01991884123737,13,0.8461538461538461,0.8839388458178541,HEK293T,ratio,HIRA
0.8623853211009174,0.03643831117156097,0.02,2.6268366110647174,2.5850809197097346,86.244488773011,11.508085894261823,10,0.5,1.001859628009189,HEK293T,ratio,HMGB2
0.2018348623853211,-0.020450195755166684,0.04,3.8432952400373352,4.5354750072500485,90.1521699515821,4.143777337787467,0,,,HEK293T,ratio,HMGN1
0.02752293577981646,-0.01762266328788337,0.01,3.3019531926149184,4.4578000513957,81.85869819650239,3.892639547364184,0,,,HEK293T,ratio,IDE
0.5229357798165137,0.004592864591198824,0.01,5.910572912313913,6.805188667057164,196.20904881316005,4.152741016875895,1,,,HEK293T,ratio,IGF2R
0.926605504587156,0.025032610074096212,0.02,2.299227506378892,2.3645417153973183,56.875371172790196,8.786994624671145,3,,,HEK293T,ratio,IKBKG
0.5779816513761468,0.01247779350973102,0.03,1.378239253191637,1.1110488909635086,99.28719032704998,44.993459060027064,56,0.5357142857142857,1.0289636672782232,HEK293T,ratio,INSIG1
0.963302752293578,0.03501547026987802,0.02,4.012192777292273,3.9533007037771193,123.69562541697991,7.56467982638723,1,,,HEK293T,ratio,IRF3
0.7064220183486238,0.020733589343167193,0.02,1.1607453905092002,0.7662794397147065,143.7706471422186,92.43271177931217,271,0.5719557195571956,1.026118320989982,HEK293T,ratio,KAT2A
0.5504587155963303,-0.0010427985945846195,0.03,1.6476112200099473,1.4432560124475322,49.925809905370016,16.17817329131932,23,0.391304347826087,1.0050301762764537,HEK293T,ratio,KDM2B
0.44036697247706424,-0.006288113105515129,0.02,2.451404088221439,2.8465425647946714,37.36233821995979,4.088407915806295,1,,,HEK293T,ratio,KIF1B
0.7064220183486238,0.006685200319987818,0.04,1.735638845329292,1.9705460994252206,35.721572953656285,7.355104623680752,6,,,HEK293T,ratio,KLF10
1.0,0.1647084032919642,0.1,2.43503531675396,2.4007660978465535,195.45175941997576,32.723502587011346,47,0.851063829787234,0.53994903782572,HEK293T,ratio,LRPPRC
0.963302752293578,0.03316893443340767,0.05,1.782552873544222,1.541283343770055,121.51062076690175,37.121648070097244,67,0.5522388059701493,0.9889467568514129,HEK293T,ratio,LZTR1
0.908256880733945,0.029702246051205753,0.01,3.5998725383215584,4.196710634451834,85.24538758314921,4.642217044711614,0,,,HEK293T,ratio,MAP3K7
0.6238532110091743,0.007818768274363347,0.02,6.965256470047292,7.167623558233185,288.65038864051445,5.523062306441866,3,,,HEK293T,ratio,MAPKAPK2
0.8715596330275229,0.029599498413450824,0.0,4.882005394008841,5.654454630724494,159.38358672064186,4.883356975621416,0,,,HEK293T,ratio,MAST2
0.926605504587156,0.03620951836185298,0.01,1.2889324310962016,0.9394614459588618,173.48761448528785,95.60901366089837,297,0.5353535353535354,1.015104350905189,HEK293T,ratio,MAU2
0.981651376146789,0.038145830325049486,0.01,4.258220324845714,3.670633602496859,1139.4450507929605,80.2792871741462,149,0.6308724832214765,1.0732425238007577,HEK293T,ratio,MBTPS1
0.2844036697247706,-0.013872408425068266,0.03,1.6594553617275538,1.6001983301208091,127.3774645969653,35.33324196359707,63,0.4603174603174603,1.0069262661108125,HEK293T,ratio,MED1
0.9541284403669725,0.0973515403502384,0.04,4.498824874137886,4.850793402068217,337.2145909752797,14.297397594791168,12,0.6666666666666666,1.433175584664633,HEK293T,ratio,MED12
0.8532110091743119,0.07379449287626222,0.06,2.19284277884644,2.4302514660336656,104.64926674675456,15.983224800005003,20,0.5,1.0475365915165362,HEK293T,ratio,MED13
0.7064220183486238,0.030472183613234984,0.04,2.7231622358011194,3.197369720630465,82.02615948018811,7.437780462359324,2,,,HEK293T,ratio,MED13L
0.9724770642201834,0.14561489198017136,0.05,1.4242689001026907,1.2014638262881863,126.63208751278773,60.48494676929177,156,0.5833333333333334,1.0059293530362592,HEK293T,ratio,MED24
0.9908256880733946,0.1461374195208746,0.04,1.0109248621241849,0.41284077592463764,379.44248525038034,361.45140944447206,1611,0.6225946617008069,0.951822560671721,HEK293T,ratio,METTL14
0.6330275229357798,0.014607909986683371,0.02,1.7456106961788689,1.5080269209788069,93.644755194021,28.99140382417131,30,0.5666666666666667,0.9919140556655957,HEK293T,ratio,METTL17
1.0,0.12576088406290445,0.05,1.0708520597219535,0.554069297627978,416.37587220309456,356.59845416416147,1549,0.5900581020012912,0.9417511546757752,HEK293T,ratio,METTL3
0.908256880733945,0.044290048393282835,0.01,5.70861927943131,6.107747185885352,163.3839780394834,4.326499345605781,1,,,HEK293T,ratio,MKI67
1.0,0.11734838894677221,0.05,2.085560174313349,1.5566601643450249,77.40546774471599,25.3137089434243,10,0.8,0.7761855941372348,HEK293T,ratio,MTA1
0.9541284403669725,0.04882570894038496,0.02,3.340654808883968,4.285076445293608,76.88440970602359,4.058630560993372,1,,,HEK293T,ratio,NCK2
0.7247706422018348,0.0396139143533144,0.01,3.1789192773247774,3.6740939933924257,147.11009862622353,10.354123074715751,8,,,HEK293T,ratio,NDUFB4
0.9174311926605505,0.029350875455893273,0.03,2.221142273692397,2.587006266744901,75.24572883457012,9.978560799015732,4,,,HEK293T,ratio,NDUFB6
0.9724770642201834,0.06817459682293824,0.06,4.045953350207414,3.961586946906955,122.46753768521444,7.581245949804451,1,,,HEK293T,ratio,NISCH
1.0,0.061807514546301165,0.03,1.3207137238504394,1.1003768766513675,67.19299042606694,32.385189523415,36,0.6944444444444444,0.9246345711712692,HEK293T,ratio,NIT1
0.6605504587155964,0.01509739190874012,0.01,3.6757883303975833,3.7011450122275176,87.09645982650451,5.970942407414075,4,,,HEK293T,ratio,NRAS
1.0,0.058446994800694825,0.1,2.084746018014426,1.7214255907799016,128.3859325996226,34.12630049200222,37,0.7027027027027027,0.7876473708930882,HEK293T,ratio,OXCT1
0.5321100917431192,-0.0007397973870025777,0.02,3.072448832146182,3.699164351240814,103.57805532516285,7.0512634841261725,2,,,HEK293T,ratio,PAGR1
0.8899082568807339,0.027829804953819554,0.04,3.447872134648213,4.448760394917755,88.91407506150784,4.328013639879009,0,,,HEK293T,ratio,PBX1
0.8715596330275229,0.05257445464201041,0.04,3.766153903655707,2.970057174763758,327.0072114553779,34.389444571791415,34,0.6470588235294118,1.0285432291011798,HEK293T,ratio,PHF10
0.5871559633027523,-0.004250007111327794,0.01,2.3510930642149055,2.6712967425210254,67.3061599959086,8.249787723329748,3,,,HEK293T,ratio,PHF14
0.4311926605504587,-0.0021141242441271146,0.01,24.80974717768762,27.799191698124922,3491.718899780176,4.511774191881248,2,,,HEK293T,ratio,PLCB3
1.0,0.04158825204951941,0.04,3.6556872174241035,3.247449433845091,83.35723123115665,7.392567310454581,1,,,HEK293T,ratio,PMS1
0.6880733944954128,0.014095120020714235,0.05,2.528330749542741,2.669380840019021,51.7322852762679,6.426096569250553,2,,,HEK293T,ratio,POLB
0.981651376146789,0.046057674455720087,0.02,1.9886685371550585,2.109195313464306,32.445712379722494,6.1749421438221415,2,,,HEK293T,ratio,PRCP
0.8348623853211009,0.03578025544519238,0.04,1.6817127449380185,1.734439069409261,49.07509554938015,12.634669039720416,16,0.875,0.8359286636135657,HEK293T,ratio,PRR12
0.5321100917431192,-0.004335992318831847,0.0,5.052662904205462,5.869145865399203,132.04371043226732,3.7197747688623792,2,,,HEK293T,ratio,PTPN1
0.09174311926605505,-0.02879676926697668,0.03,5.723020272827542,5.601133668315208,267.2808916145498,8.174905689195368,9,,,HEK293T,ratio,RAF1
0.9908256880733946,0.06355456159659285,0.08,1.4135583010903745,1.0769530142592985,80.63611559012014,39.8609081554897,97,0.5360824742268041,1.006440972798101,HEK293T,ratio,RNF2
0.35779816513761464,0.013114286832379722,0.01,5.829393671892844,6.415336457784783,208.8289659886802,4.973506468799863,2,,,HEK293T,ratio,RRM1
0.9908256880733946,0.07476450141643236,0.05,1.3969003080175757,1.1756297077733509,58.68590104735344,26.599064546289515,45,0.6666666666666666,0.9089471692147287,HEK293T,ratio,SAFB
1.0,0.08457856352105039,0.02,1.4021038670383186,1.1649088654418132,287.64763130497204,133.17266412216995,470,0.5936170212765958,0.9885296666490933,HEK293T,ratio,SIN3B
0.8256880733944953,0.01815259301515575,0.03,2.0429668383928363,2.3187821528509605,40.08284137997821,6.369871358363403,3,,,HEK293T,ratio,SIX4
0.7981651376146789,0.020558833927744873,0.01,1.8418977424456255,2.004266637476705,61.01916996068297,12.365390328915378,4,,,HEK293T,ratio,SLC25A3
1.0,0.08206154715710293,0.07,1.7754694979471934,1.2656710954263701,53.152317011755734,22.20047334591812,30,0.5666666666666667,0.920213261607012,HEK293T,ratio,SMAGP
1.0,0.09681459872146758,0.06,1.153389763431441,0.693307417143432,298.42915367757234,221.64465821905196,853,0.5791324736225087,0.9701786634892102,HEK293T,ratio,SMARCA4
1.0,0.1323476756347889,0.04,1.0945439918184319,0.6519399951180552,98.6870861915057,78.79458411512789,267,0.602996254681648,0.9436348999587447,HEK293T,ratio,SMARCA5
0.07339449541284404,-0.0732600821760223,0.03,2.0552833352522746,1.563979602197991,339.6408960265354,92.41459540513372,327,0.48623853211009177,1.067893875746201,HEK293T,ratio,SOX2
1.0,0.10555114997528144,0.08,2.1034136957500373,2.0198532940265914,94.34514325951295,20.27440301555896,29,0.7931034482758621,0.7056371551414229,HEK293T,ratio,SSBP1
0.35779816513761464,-0.01618318372027876,0.04,1.6331795771455675,1.4304658035203668,142.5155919095776,46.08379790574959,93,0.5376344086021505,1.0129384559049575,HEK293T,ratio,STAG2
0.9357798165137614,0.053136152638137715,0.02,2.261739797086015,2.689623470288461,37.89217538264315,4.767365631069456,5,,,HEK293T,ratio,STAT1
1.0,0.07042029038603961,0.05,1.7843338273139442,1.649377823511453,52.48083986126352,15.045474491121508,21,0.8095238095238095,0.8423419066472964,HEK293T,ratio,STAT6
0.5229357798165137,0.005770891119375812,0.04,2.0423986112011114,1.9272856952244832,38.16315187814375,8.133341940387163,5,,,HEK293T,ratio,STX4
0.9174311926605505,0.040296971645537,0.03,1.5425906583559448,1.3834408663193898,163.3718654288728,58.2968829438001,155,0.5161290322580645,1.0365616374030666,HEK293T,ratio,TADA1
0.5137614678899083,0.01393103772060248,0.03,2.1152810151371204,2.6572147798372,50.258203945068175,6.292693938738174,3,,,HEK293T,ratio,TARBP2
0.24770642201834858,-0.009885589980672758,0.03,2.7203285900624903,3.1684556451328123,54.651453863011156,4.9227759462459755,0,,,HEK293T,ratio,TCF3
0.8623853211009174,0.019948871625484973,0.02,2.2606023517183877,2.458458952608459,54.959628052968824,7.912489860239036,9,,,HEK293T,ratio,TET1
0.944954128440367,0.04838156011815989,0.03,1.7461398994670707,1.681849203864395,110.91758878912069,30.256777865522608,44,0.5681818181818182,0.9387503586513736,HEK293T,ratio,TFAM
0.13761467889908252,-0.03486898900961737,0.01,9.46939234072771,10.207468758214748,543.2425618345621,5.129562564902825,2,,,HEK293T,ratio,TMBIM6
0.981651376146789,0.04403882939741032,0.04,1.8483769493465414,1.4946403300706599,169.86135904122688,54.75326986699672,90,0.5555555555555556,0.9656235297391897,HEK293T,ratio,TMSB10
0.7981651376146789,0.022285257473118728,0.0,2.2772028364936547,2.8679015933493694,38.28626298322296,4.208652604315498,0,,,HEK293T,ratio,TMSB4X
0.6880733944954128,0.00842517393980589,0.03,2.558869835486139,3.1918656643737373,52.08414718083453,4.677843268974838,0,,,HEK293T,ratio,TRAM2
0.5779816513761468,0.0021848651400381016,0.04,1.5351831073847435,1.1554054455080311,53.937031473027034,23.149805600463942,50,0.56,0.9439175794822994,HEK293T,ratio,TRAPPC6A
0.39449541284403666,-0.009444364354574296,0.01,3.86526912955195,3.698530634135977,100.76079383370804,6.831708339197052,2,,,HEK293T,ratio,TSC22D4
0.8623853211009174,0.03445082213124809,0.03,4.988659645161706,6.158765291636096,149.36421304292048,3.8789813156144843,0,,,HEK293T,ratio,TWF2
0.8623853211009174,0.021458914326073567,0.04,2.621175688506026,2.923951190559479,94.59707021219964,10.037888464676527,8,,,HEK293T,ratio,TXNDC9
1.0,0.05929472895288558,0.01,2.2442355616927996,2.112449047067806,93.36296489260226,17.913330073560587,18,0.3888888888888889,0.9308171158739311,HEK293T,ratio,UBE3C
0.9908256880733946,0.1040550583164519,0.05,1.688548051298342,1.7619380722273479,61.58498954410848,16.476493096967765,17,0.5882352941176471,0.9232482536040112,HEK293T,ratio,UQCRQ
0.35779816513761464,0.005607390241000541,0.02,3.6834957432885482,3.908316910756436,143.5377919391559,8.843374885374025,2,,,HEK293T,ratio,USP22
0.7339449541284404,0.023472005176895905,0.03,1.9073056793598349,1.9980626005293565,94.2863366611132,19.24817040139183,24,0.5833333333333334,0.9293786723836442,HEK293T,ratio,WSB2
0.9357798165137614,0.024109842520186935,0.03,1.560618732603736,1.169423797299636,45.117864837148964,19.52171669296456,4,,,HEK293T,ratio,XRCC4
0.02752293577981646,-0.07468138721866673,0.0,3.243437274616192,3.374142188632034,51.61163294755914,4.004376352107395,0,,,HEK293T,ratio,ZNF286A
0.21100917431192656,-0.011344671255609225,0.01,3.1166792136946073,3.527726338936919,53.252688077894774,3.93738276104981,0,,,HEK293T,ratio,ZNF426
0.6605504587155964,0.0199572407104658,0.01,2.3737242551794755,3.2169714223590677,50.612865942811766,4.510749047723952,1,,,HEK293T,ratio,ZNF562
0.06422018348623848,-0.023342056273160643,0.01,1.8898277572477902,2.063530148253386,48.802899463232876,9.114386740836345,5,,,HEK293T,ratio,ZNF593
0.963302752293578,0.03795361415015728,0.03,2.93262643187163,2.6178906254470475,58.94594515429681,7.700687095179143,5,,,HEK293T,ratio,ZNF714
1.0,0.12071017352416406,0.05,1.6025018346718305,1.1737592885471337,82.78286368435592,39.52691763714069,95,0.6842105263157895,0.8603730121443641,HEK293T,log1p,ACAT2
0.9908256880733946,0.04048640326553851,0.02,2.4437115391744255,2.0344427191986756,39.13937792935884,7.868441112134921,6,,,HEK293T,log1p,ACVR1B
0.963302752293578,0.03883242885252618,0.04,2.1885839447619335,1.8118864386392892,40.552517436169765,9.790061907427843,10,0.7,0.7487164516148486,HEK293T,log1p,AKT2
0.926605504587156,0.037761640441699565,0.04,2.8362690067979215,2.2660656426837944,146.4661692025379,24.55873760811881,46,0.5,0.9899949883078993,HEK293T,log1p,ARID1A
0.9357798165137614,0.05081442946476903,0.01,6.740292712408416,6.806226191678266,670.8675845141415,14.386110664495078,11,0.45454545454545453,1.1290495757295407,HEK293T,log1p,ATM
0.9724770642201834,0.024257128893436508,0.02,2.1186173279730336,1.7030855011881185,61.734922971000074,16.169964188385112,12,0.4166666666666667,0.866544459188439,HEK293T,log1p,BIRC2
0.981651376146789,0.048112974291620814,0.03,1.4341396136638278,1.0560050185843242,33.056457413925685,16.41715422547874,16,0.375,0.9862871561673355,HEK293T,log1p,C1QBP
0.3853211009174312,-0.00908924466959181,0.01,2.952862922288153,2.8141796683845355,44.53804688856427,4.964799342553638,1,,,HEK293T,log1p,CALM3
0.8990825688073394,0.025927321012306766,0.01,1.8999675129462545,1.6677751897046786,17.15714834210525,4.643351710350509,1,,,HEK293T,log1p,CASP2
0.01834862385321101,-0.09686565850245221,0.05,1.1765571839440796,0.42411024228049327,64.85144740054363,51.38649371522806,111,0.4774774774774775,0.9994565071362971,HEK293T,log1p,CASP3
0.4862385321100917,0.00798779970071281,0.01,3.510723331132563,3.1758350641694295,76.20491125837187,6.905625919498096,3,,,HEK293T,log1p,CDCA2
1.0,0.047091960714924185,0.04,2.653827005597428,1.913553550092348,42.70020292568815,9.528187550236813,3,,,HEK293T,log1p,CENPO
0.4128440366972477,-0.004947683249674927,0.02,2.111699307286657,1.9165559236106906,28.419424075210237,6.056800015533979,1,,,HEK293T,log1p,CLDN7
0.8073394495412844,0.00452196340439319,0.01,3.0699670242423007,3.0247573338600606,41.222286007444794,4.072623539078952,1,,,HEK293T,log1p,CREG1
0.2660550458715596,-0.004392128228676261,0.03,2.346516556302463,1.9246326861831,42.601528867060935,9.023611332264696,5,,,HEK293T,log1p,DAXX
0.5137614678899083,-0.004315810698914721,0.01,2.6759990346251663,1.9959249835633095,51.34212392768271,10.26648522306115,14,0.2857142857142857,1.0566091895192435,HEK293T,log1p,DHCR24
1.0,0.1707200570825808,0.04,1.044799194861342,0.4312776878732272,176.36009172827963,169.781901942272,597,0.6214405360134003,0.9369018606767602,HEK293T,log1p,DHX36
0.926605504587156,0.037176698891704045,0.05,2.3003170933089985,1.7973084279424243,53.011982035048376,12.940225102710361,20,0.65,0.8427253879140589,HEK293T,log1p,DLG5
1.0,0.16427292034331373,0.12,1.0588084478337147,0.5026051864770387,151.01497290644588,138.86649709547174,420,0.6142857142857143,0.9517090599522925,HEK293T,log1p,DNMT1
0.6330275229357798,0.0028878582004442876,0.01,3.2038965720586243,2.924972223842828,40.506270317550374,4.246577404917441,3,,,HEK293T,log1p,EID2
1.0,0.07361587006571343,0.02,1.969209799914717,1.7439079802288162,103.22639764025234,27.276413233999733,37,0.6756756756756757,0.8659279482924411,HEK293T,log1p,EIF4B
0.9357798165137614,0.05722695886563624,0.03,2.048998876889601,1.6857668910989767,104.88702033470855,28.745089705228846,41,0.6341463414634146,0.8547375241736819,HEK293T,log1p,EWSR1
0.7889908256880733,0.014737569795087653,0.03,2.2591778808555305,1.8164895262419538,35.66230797644404,8.39885246906663,9,,,HEK293T,log1p,FOXH1
0.908256880733945,0.06299233212680862,0.03,1.5302502659648394,0.930626352886709,46.715844213743544,26.71276855827564,60,0.5333333333333333,0.9904248764605836,HEK293T,log1p,GSK3B
0.7706422018348624,0.01566115765856341,0.0,2.0269513567614186,1.743089913246982,34.2685641428813,8.602054983856176,4,,,HEK293T,log1p,HAT1
1.0,0.08066278162320117,0.06,2.681277650924059,2.1419489272361543,57.77075740290145,11.01991884123737,13,0.8461538461538461,0.8807077235215597,HEK293T,log1p,HIRA
0.8807339449541285,0.04345877288008117,0.02,2.4884698945118804,2.0145012702780996,56.19536279936969,11.508085894261823,10,0.5,1.001669863463559,HEK293T,log1p,HMGB2
0.15596330275229353,-0.025282502813713775,0.03,3.659261704599839,3.696284693122414,61.5327032894598,4.143777337787467,0,,,HEK293T,log1p,HMGN1
0.02752293577981646,-0.025579875681286356,0.01,3.098596404625171,3.0173046894285274,39.93261222596078,3.892639547364184,0,,,HEK293T,log1p,IDE
0.5779816513761468,0.008072683281906613,0.01,5.6485494124888485,5.578134868633213,132.99372197048802,4.152741016875895,1,,,HEK293T,log1p,IGF2R
0.926605504587156,0.021240872263061726,0.01,2.1655808674408705,1.6926350762573896,33.3300144267877,8.786994624671145,3,,,HEK293T,log1p,IKBKG
0.4862385321100917,0.005113644830409589,0.04,1.323977463586593,0.8032624486167202,73.65498374376482,44.993459060027064,56,0.5357142857142857,0.9849040037106924,HEK293T,log1p,INSIG1
0.9908256880733946,0.053369331444733006,0.03,3.771661007314457,2.8653030534315653,67.3568394127237,7.56467982638723,1,,,HEK293T,log1p,IRF3
0.944954128440367,0.06579480705701042,0.03,1.1253926282656337,0.5668145861387006,115.23510959440758,92.43271177931217,271,0.5830258302583026,0.9766202341690425,HEK293T,log1p,KAT2A
0.3027522935779816,-0.02248555664180665,0.02,1.5780507858778026,1.0345475231066117,34.24617290116755,16.17817329131932,23,0.391304347826087,1.0038093992269819,HEK293T,log1p,KDM2B
0.35779816513761464,-0.00796002526856952,0.03,2.315921433676187,2.0842694499088026,21.984844521369613,4.088407915806295,1,,,HEK293T,log1p,KIF1B
0.8073394495412844,0.012516569775410562,0.03,1.6424286116655058,1.256225578516214,18.73091715682968,7.355104623680752,6,,,HEK293T,log1p,KLF10
1.0,0.19435802471537456,0.12,2.336605065705679,2.0429806670203026,143.31685431219114,32.723502587011346,47,0.851063829787234,0.5298497452462171,HEK293T,log1p,LRPPRC
0.908256880733945,0.022551166051995895,0.03,1.70880756075116,1.1274139009910678,82.41796963455818,37.121648070097244,67,0.5671641791044776,0.9729702276601346,HEK293T,log1p,LZTR1
0.981651376146789,0.047141564837068,0.01,3.424015866806967,3.396590293395518,56.712036599581104,4.642217044711614,0,,,HEK293T,log1p,MAP3K7
0.7706422018348624,0.010830893606759423,0.02,6.6864563779754045,6.2500878633907355,220.52599286700334,5.523062306441866,3,,,HEK293T,log1p,MAPKAPK2
0.9357798165137614,0.044550501084533456,0.02,4.681046741569071,4.732574886188931,112.19799738277888,4.883356975621416,0,,,HEK293T,log1p,MAST2
0.8440366972477065,0.032577249597535815,0.02,1.2474148029877148,0.6642809492700712,133.66028122847172,95.60901366089837,297,0.5353535353535354,0.9746341156777621,HEK293T,log1p,MAU2
0.9908256880733946,0.036729067285736265,0.01,4.1145092090565845,3.335627476633156,953.8288527822799,80.2792871741462,149,0.6308724832214765,1.028564754058491,HEK293T,log1p,MBTPS1
0.3119266055045872,-0.02889048604816679,0.03,1.589265268523671,1.1497605654183838,84.38933708719836,35.33324196359707,63,0.4603174603174603,0.9703072339681889,HEK293T,log1p,MED1
0.944954128440367,0.11239081591652478,0.05,4.337514545367227,4.320519748384429,267.3001052274382,14.297397594791168,12,0.6666666666666666,1.3169790356243678,HEK293T,log1p,MED12
0.7889908256880733,0.07791763540810528,0.05,2.086000951989259,1.8317828616745044,65.05127858846694,15.983224800005003,20,0.5,0.9457880862827246,HEK293T,log1p,MED13
0.5688073394495412,0.028518055941210943,0.03,2.579554775423499,2.4368495300410125,50.57130805450038,7.437780462359324,2,,,HEK293T,log1p,MED13L
0.9724770642201834,0.1792468296062186,0.05,1.3725501714453456,1.0018435669881136,99.46967038955053,60.48494676929177,156,0.5833333333333334,0.95495141061548,HEK293T,log1p,MED24
0.9908256880733946,0.18586437341712847,0.05,0.9970304817856054,0.3293811183348005,356.40970112220174,361.45140944447206,1611,0.6219739292364991,0.944186966313991,HEK293T,log1p,METTL14
0.6513761467889908,0.01953305483496298,0.04,1.6762451291286407,1.1903233386815018,68.7203060039273,28.99140382417131,30,0.5666666666666667,0.9836068344174734,HEK293T,log1p,METTL17
1.0,0.14125786669832263,0.06,1.0528244023272286,0.44983949541569335,383.43920497016546,356.59845416416147,1549,0.5900581020012912,0.9323354672930524,HEK293T,log1p,METTL3
0.8715596330275229,0.03845829687337493,0.01,5.505608182418938,5.420221406246926,129.63011965062415,4.326499345605781,1,,,HEK293T,log1p,MKI67
1.0,0.16400300462358133,0.05,1.9626901444926168,1.120136879950617,47.77443637157271,25.3137089434243,10,0.8,0.7782475637379449,HEK293T,log1p,MTA1
0.9724770642201834,0.0658155812809705,0.01,3.158383044527794,2.9826437352702517,38.571417905380684,4.058630560993372,1,,,HEK293T,log1p,NCK2
0.7798165137614679,0.05375079695378506,0.02,3.026277981704689,2.840821616796507,90.75259041165941,10.354123074715751,8,,,HEK293T,log1p,NDUFB4
0.9541284403669725,0.03666429118375704,0.04,2.091623450025651,1.8858313131580244,44.08602406396142,9.978560799015732,4,,,HEK293T,log1p,NDUFB6
0.9724770642201834,0.08004313349327957,0.04,3.841359946643923,3.0350314906755536,73.73178114823774,7.581245949804451,1,,,HEK293T,log1p,NISCH
1.0,0.06879884054434791,0.03,1.2697329060815312,0.7920296157678705,49.17138776703395,32.385189523415,36,0.6944444444444444,0.8906384531853336,HEK293T,log1p,NIT1
0.6972477064220184,0.018522734757746084,0.0,3.490661120985918,2.9166118119482682,56.11836321838206,5.970942407414075,4,,,HEK293T,log1p,NRAS
1.0,0.07289727787601016,0.1,1.988930681962164,1.2819198956365998,83.82858428897492,34.12630049200222,37,0.7027027027027027,0.7699348967312922,HEK293T,log1p,OXCT1
0.4311926605504587,-0.010521972232157199,0.02,2.90317231862782,2.7461259461631853,60.63379378661429,7.0512634841261725,2,,,HEK293T,log1p,PAGR1
0.6605504587155964,0.004694294424078401,0.04,3.2435336159345702,3.0594447052046276,44.71477785889608,4.328013639879009,0,,,HEK293T,log1p,PBX1
0.908256880733945,0.06417347724539983,0.03,3.622379776724059,2.5413070397672826,245.26801024909724,34.389444571791415,34,0.6470588235294118,0.9457443576916343,HEK293T,log1p,PHF10
0.8532110091743119,0.019815370965323195,0.01,2.228979433056487,1.9998951679445498,40.59162319634208,8.249787723329748,3,,,HEK293T,log1p,PHF14
0.47706422018348627,-0.001516420368568918,0.01,23.98666366824802,26.202911967332444,3102.621074562432,4.511774191881248,2,,,HEK293T,log1p,PLCB3
1.0,0.06486854103241757,0.03,3.4548934801580433,2.5120558600311598,51.63351831245049,7.392567310454581,1,,,HEK293T,log1p,PMS1
0.7339449541284404,0.014336256494703431,0.03,2.385956983824481,1.8613254674857047,28.346563387321552,6.426096569250553,2,,,HEK293T,log1p,POLB
1.0,0.08298413221082883,0.02,1.8666120063781444,1.3116203365324846,15.453784141217506,6.1749421438221415,2,,,HEK293T,log1p,PRCP
0.9174311926605505,0.048250892487763056,0.04,1.5951231896087283,1.1810807609365201,28.819368789453634,12.634669039720416,16,0.875,0.8330853952301966,HEK293T,log1p,PRR12
0.7522935779816513,0.005394019744354825,0.0,4.822167045592546,4.906294803423999,93.0642987405548,3.7197747688623792,2,,,HEK293T,log1p,PTPN1
0.03669724770642202,-0.04296414405807924,0.03,5.525706966655421,4.947143684096453,211.7245819531172,8.174905689195368,9,,,HEK293T,log1p,RAF1
0.9908256880733946,0.07367916517210167,0.07,1.3631268732300745,0.8329186659798867,62.622124495031976,39.8609081554897,97,0.5360824742268041,0.9513623724540051,HEK293T,log1p,RNF2
0.5137614678899083,0.03202405509517356,0.01,5.596519826405289,5.55177850601854,156.49965525652033,4.973506468799863,2,,,HEK293T,log1p,RRM1
1.0,0.10903305116749608,0.06,1.339486292623138,0.8684784543291467,41.62405457341082,26.599064546289515,45,0.6666666666666666,0.8865381582872638,HEK293T,log1p,SAFB
0.9724770642201834,0.08307328923798041,0.02,1.3639427188546562,0.9848489965780312,240.54955081275997,133.17266412216995,470,0.597872340425532,0.9523595065337392,HEK293T,log1p,SIN3B
0.9174311926605505,0.03499750440825373,0.03,1.9226295791649552,1.611509070857393,22.193675795171444,6.369871358363403,3,,,HEK293T,log1p,SIX4
0.7706422018348624,0.023382639533492122,0.02,1.7444983633085032,1.4309333825650807,36.85692969775185,12.365390328915378,4,,,HEK293T,log1p,SLC25A3
1.0,0.09272769223195731,0.06,1.71106993092356,1.0372459633862228,41.814954294725304,22.20047334591812,30,0.5666666666666667,0.8942717117826633,HEK293T,log1p,SMAGP
1.0,0.09780945874207676,0.05,1.1268704271086034,0.5256298546748385,260.091938766534,221.64465821905196,853,0.5791324736225087,0.9435297579560931,HEK293T,log1p,SMARCA4
1.0,0.1580003393551178,0.04,1.0727304215648255,0.5177532620330344,87.02531336366191,78.79458411512789,267,0.599250936329588,0.939128848938444,HEK293T,log1p,SMARCA5
0.02752293577981646,-0.09429086950744153,0.02,1.9991466439022443,1.3493709861857195,284.1997205750316,92.41459540513372,327,0.4831804281345566,1.0366490473898184,HEK293T,log1p,SOX2
1.0,0.12090536546922734,0.08,2.0125923528049845,1.6683754815320289,68.52840777399351,20.27440301555896,29,0.7931034482758621,0.7036391372707187,HEK293T,log1p,SSBP1
0.2844036697247706,-0.03655630060382109,0.05,1.5663997993223477,1.043855292799961,99.81533332280202,46.08379790574959,93,0.5376344086021505,0.9841403846291475,HEK293T,log1p,STAG2
0.9174311926605505,0.07237772973441667,0.01,2.12726159181385,1.8031984930234366,19.024181984783674,4.767365631069456,5,,,HEK293T,log1p,STAT1
0.9908256880733946,0.06552186563599531,0.03,1.6952416940568247,1.1577328673350877,32.92900327575984,15.045474491121508,21,0.8095238095238095,0.867592272159711,HEK293T,log1p,STAT6
0.5596330275229358,0.013783357555847555,0.03,1.9540245375647785,1.483838220928841,25.708447278222362,8.133341940387163,5,,,HEK293T,log1p,STX4
0.8899082568807339,0.04313750864090839,0.02,1.4869417407915877,1.0535804937791673,117.7092290304254,58.2968829438001,155,0.5161290322580645,0.9853178379170485,HEK293T,log1p,TADA1
0.8348623853211009,0.046186470529726936,0.02,1.9882004629005092,1.8168667426092076,26.008808013049922,6.292693938738174,3,,,HEK293T,log1p,TARBP2
0.21100917431192656,-0.013362162096057409,0.02,2.57824573141872,2.3674954592196937,32.826568825507266,4.9227759462459755,0,,,HEK293T,log1p,TCF3
0.963302752293578,0.038467614548895954,0.02,2.146491212701093,1.8890842636967051,34.999334001980415,7.912489860239036,9,,,HEK293T,log1p,TET1
0.9724770642201834,0.06350666028878746,0.03,1.6565152982106228,1.198510572781401,69.11255576629382,30.256777865522608,44,0.5681818181818182,0.9398696153119978,HEK293T,log1p,TFAM
0.1651376146788991,-0.04187653733863569,0.01,9.140482016147725,9.076142392131043,431.5835205260747,5.129562564902825,2,,,HEK293T,log1p,TMBIM6
1.0,0.06054784230917509,0.04,1.7626685656902206,1.0973424154246092,113.40918557354976,54.75326986699672,90,0.5555555555555556,0.9547216413974559,HEK293T,log1p,TMSB10
0.963302752293578,0.05463285033298205,0.0,2.149932621115679,2.039157148190378,20.771181797392146,4.208652604315498,0,,,HEK293T,log1p,TMSB4X
0.7614678899082569,0.013956239725389338,0.04,2.4127990777046953,2.247204729609224,28.007202122895553,4.677843268974838,0,,,HEK293T,log1p,TRAM2
0.7522935779816513,0.019870603687696255,0.04,1.4831922806328335,0.9007076223046792,41.101993986503224,23.149805600463942,50,0.56,0.9423649225727071,HEK293T,log1p,TRAPPC6A
0.6238532110091743,-0.0009535080188848376,0.01,3.678805081393167,3.02405475350259,69.34644471363872,6.831708339197052,2,,,HEK293T,log1p,TSC22D4
0.8348623853211009,0.032636733157945644,0.04,4.741046206377157,4.838373106486223,93.46031908307907,3.8789813156144843,0,,,HEK293T,log1p,TWF2
0.6697247706422018,0.006097532750790505,0.04,2.487503530572721,2.1935396856170506,58.067839613110394,10.037888464676527,8,,,HEK293T,log1p,TXNDC9
1.0,0.0824596580883714,0.02,2.119040279377916,1.483656492456715,52.96170929305113,17.913330073560587,18,0.3888888888888889,0.9259117877997904,HEK293T,log1p,UBE3C
0.9908256880733946,0.11688608934465312,0.05,1.6010322456929826,1.2750776185390533,38.35307871473341,16.476493096967765,17,0.5882352941176471,0.9195382595452182,HEK293T,log1p,UQCRQ
0.47706422018348627,0.01027151731172671,0.01,3.5464115327503487,3.4009177126174626,110.51013871722049,8.843374885374025,2,,,HEK293T,log1p,USP22
0.7064220183486238,0.030114133436269955,0.03,1.8072678599540042,1.3218159615833358,51.346164359254416,19.24817040139183,24,0.5833333333333334,0.9275596478509941,HEK293T,log1p,WSB2
1.0,0.047364766237261595,0.03,1.4952508532994908,0.8509687254180716,32.08464225610487,19.52171669296456,4,,,HEK293T,log1p,XRCC4
0.02752293577981646,-0.08718082568619769,0.0,3.127804562913214,2.8112507618608666,37.614329096174984,4.004376352107395,0,,,HEK293T,log1p,ZNF286A
0.02752293577981646,-0.032054990442541384,0.0,2.966212492079926,2.846399933968061,36.55653271383582,3.93738276104981,0,,,HEK293T,log1p,ZNF426
0.6880733944954128,0.03254833678300808,0.02,2.2315211714331764,2.004577776905772,22.04782286632609,4.510749047723952,1,,,HEK293T,log1p,ZNF562
0.23853211009174313,-0.010634226257856198,0.01,1.7887578253256162,1.4523487979799559,28.62105413958586,9.114386740836345,5,,,HEK293T,log1p,ZNF593
0.9908256880733946,0.05021249546797057,0.03,2.7696168956777023,1.9477311556667847,35.408188739435936,7.700687095179143,5,,,HEK293T,log1p,ZNF714
0.9908256880733946,0.09734510219601417,0.09,3.6131698872877513,3.6502619261615927,538.109254383594,39.52691763714069,95,0.6736842105263158,1.0281681723774818,KOLF2.1J,additive,ACAT2
0.9174311926605505,0.07401858900409368,0.08,5.59441009718645,6.375233434938543,320.2442139222888,7.868441112134921,6,,,KOLF2.1J,additive,ACVR1B
0.25688073394495414,-0.0207123477028616,0.0,4.791001191716464,5.613929344069308,320.61236814587505,9.790061907427843,10,0.5,1.2178462887587067,KOLF2.1J,additive,AKT2
1.0,0.13010630339050208,0.07,3.162388972552501,3.238501701921693,261.43253368532794,24.55873760811881,46,0.782608695652174,0.9038872482489423,KOLF2.1J,additive,ARID1A
1.0,0.1704435886352094,0.08,2.930533321543206,3.6311619723641404,186.26446583068287,14.386110664495078,11,0.5454545454545454,1.100218440526149,KOLF2.1J,additive,ATM
0.3669724770642202,-0.02366874457177399,0.01,3.2930334876623335,3.5433792700528803,221.90480594014002,16.169964188385112,12,0.25,1.2290193636345155,KOLF2.1J,additive,BIRC2
0.6422018348623852,0.03366108784564475,0.03,3.8168698237397543,4.777948575150357,385.9201899913944,16.41715422547874,16,0.5,1.4857590452446499,KOLF2.1J,additive,C1QBP
0.04587155963302747,-0.0516263592257144,0.01,6.163523575712814,8.015551070455142,328.0574892017349,4.964799342553638,1,,,KOLF2.1J,additive,CALM3
0.5963302752293578,0.029213282626614816,0.04,6.031142952888181,7.917120576570724,293.5444673968994,4.643351710350509,1,,,KOLF2.1J,additive,CASP2
0.981651376146789,0.22108322006459774,0.07,2.3543768466592745,2.633802068246609,348.00652166152497,51.38649371522806,111,0.7747747747747747,0.781762813147326,KOLF2.1J,additive,CASP3
0.1651376146788991,-0.019040523863434636,0.02,5.971599886502851,7.029540513278982,349.9918450549029,6.905625919498096,3,,,KOLF2.1J,additive,CDCA2
0.35779816513761464,-0.025429147505111008,0.0,5.384301322930185,5.353319868751401,285.1814578894714,9.528187550236813,3,,,KOLF2.1J,additive,CENPO
0.12844036697247707,-0.024871872432706003,0.0,5.389853688556506,6.958817079959616,301.45476684506343,6.056800015533979,1,,,KOLF2.1J,additive,CLDN7
0.4954128440366973,0.01566915132835706,0.06,6.729326124689347,8.613586505757587,305.13699073444354,4.072623539078952,1,,,KOLF2.1J,additive,CREG1
0.7522935779816513,0.015525261461419729,0.06,5.225128513917225,6.009395990584705,333.2080853999583,9.023611332264696,5,,,KOLF2.1J,additive,DAXX
0.9357798165137614,0.09205106556346276,0.06,5.05960811082421,5.633420441740686,325.43014050213196,10.26648522306115,14,0.6428571428571429,0.8685794227547888,KOLF2.1J,additive,DHCR24
1.0,0.24621799208489636,0.05,1.294321913950706,1.2527365045982495,331.491729880385,169.781901942272,597,0.7906197654941374,0.8808938021960057,KOLF2.1J,additive,DHX36
0.981651376146789,0.10973560795391442,0.02,5.362305225624696,5.595220248901706,402.1627838154777,12.940225102710361,20,0.7,1.237067486465567,KOLF2.1J,additive,DLG5
1.0,0.2869003722277971,0.11,1.5393180083296911,1.6055615860486696,368.9065667968315,138.86649709547174,420,0.7976190476190477,0.8736980636004729,KOLF2.1J,additive,DNMT1
0.6697247706422018,0.008133979854587404,0.02,5.2906576683573014,6.795215095159199,199.8626341950432,4.246577404917441,3,,,KOLF2.1J,additive,EID2
1.0,0.12172733932175797,0.01,2.8035427991264736,3.3796256123240505,316.381397739162,27.276413233999733,37,0.8108108108108109,0.8275335206439051,KOLF2.1J,additive,EIF4B
1.0,0.12283212483060814,0.04,2.7708576161422602,3.032239444649702,271.62854248376027,28.745089705228846,41,0.7560975609756098,0.9427600613390207,KOLF2.1J,additive,EWSR1
0.981651376146789,0.13778435415437112,0.07,3.8532888826673055,4.899818991580983,198.69996234771716,8.39885246906663,9,,,KOLF2.1J,additive,FOXH1
0.7706422018348624,0.02827733165946436,0.01,3.3410730421288055,3.2148005560577078,297.9309978109218,26.71276855827564,60,0.5333333333333333,0.9449922109832538,KOLF2.1J,additive,GSK3B
0.9541284403669725,0.05682496338337587,0.04,4.297667025052222,5.150062998166398,231.7208204172515,8.602054983856176,4,,,KOLF2.1J,additive,HAT1
1.0,0.19506129373853404,0.08,5.915273761589,6.289972665418691,419.9679578859585,11.01991884123737,13,0.6923076923076923,2.3704357357036585,KOLF2.1J,additive,HIRA
0.35779816513761464,-0.026378641477864784,0.0,3.8556527370446636,4.169604984894625,214.1146445155652,11.508085894261823,10,0.1,1.240481727070022,KOLF2.1J,additive,HMGB2
0.4954128440366973,-0.015959218449193728,0.0,5.33964786556821,7.126955060744631,215.56331534608697,4.143777337787467,0,,,KOLF2.1J,additive,HMGN1
0.8348623853211009,0.041337771903415345,0.05,6.963647916176137,8.92955630390455,311.4061806703031,3.892639547364184,0,,,KOLF2.1J,additive,IDE
0.8807339449541285,0.07256610253624167,0.03,6.010866054029188,8.178577989216324,276.99680765528933,4.152741016875895,1,,,KOLF2.1J,additive,IGF2R
0.6788990825688073,0.018623913575202124,0.04,5.277846696337445,5.790121697974996,301.4803781171397,8.786994624671145,3,,,KOLF2.1J,additive,IKBKG
0.05504587155963303,-0.07997689681300231,0.0,2.8107994427543157,2.89569756869126,443.1064831671571,44.993459060027064,56,0.44642857142857145,1.1461757161474702,KOLF2.1J,additive,INSIG1
0.5779816513761468,0.0015589111668082353,0.0,5.168881894338227,5.027470858252992,198.64689208163009,7.56467982638723,1,,,KOLF2.1J,additive,IRF3
1.0,0.2765187230828175,0.05,1.3152134104627675,1.582853125723564,243.10237329517955,92.43271177931217,271,0.8302583025830258,0.8145795373051518,KOLF2.1J,additive,KAT2A
0.9357798165137614,0.07213322531205521,0.06,3.1014729108983907,3.3537864626701603,190.32075486465882,16.17817329131932,23,0.6086956521739131,1.6215849991963045,KOLF2.1J,additive,KDM2B
0.6697247706422018,0.01727173387391009,0.07,6.9885200236710245,8.896093377629688,326.39058653073823,4.088407915806295,1,,,KOLF2.1J,additive,KIF1B
0.8256880733944953,0.03497184446778212,0.04,3.894354945673923,4.766093686360457,171.97919556462236,7.355104623680752,6,,,KOLF2.1J,additive,KLF10
1.0,0.19261428672172745,0.09,2.355370807880738,2.455108558332568,199.01714571103338,32.723502587011346,47,0.8085106382978723,1.1665613608704322,KOLF2.1J,additive,LRPPRC
0.926605504587156,0.05894743527137133,0.07,2.399723308835546,2.2232590999755986,210.8795514577273,37.121648070097244,67,0.5223880597014925,1.184667916618709,KOLF2.1J,additive,LZTR1
0.9357798165137614,0.06430423646853352,0.06,4.9438807479605265,6.6616896405848385,206.677812233098,4.642217044711614,0,,,KOLF2.1J,additive,MAP3K7
0.8899082568807339,0.0766248612081537,0.07,5.755237667117357,6.956377665983373,266.90268896431485,5.523062306441866,3,,,KOLF2.1J,additive,MAPKAPK2
0.7339449541284404,0.028406301273438128,0.06,6.617706962417927,8.506876256411534,355.91686043002903,4.883356975621416,0,,,KOLF2.1J,additive,MAST2
1.0,0.19746072219501531,0.01,2.0916811421430546,2.2039201395064434,476.7915056854465,95.60901366089837,297,0.7508417508417509,0.8626075537457614,KOLF2.1J,additive,MAU2
0.9174311926605505,0.07445459460276303,0.02,2.429510823191118,2.1429611922376472,423.3268150640855,80.2792871741462,149,0.6174496644295302,1.0062442215959007,KOLF2.1J,additive,MBTPS1
0.9908256880733946,0.13785549719209741,0.02,2.1001120891650578,2.696371880731306,265.9533810443646,35.33324196359707,63,0.746031746031746,0.8578877031476533,KOLF2.1J,additive,MED1
0.9724770642201834,0.06570087674207174,0.02,3.6038004210584433,4.197416390170943,258.30760062430215,14.297397594791168,12,0.6666666666666666,1.4708574197563842,KOLF2.1J,additive,MED12
0.9724770642201834,0.09021619160310701,0.05,2.868911543745011,3.540810795679495,206.15905225133952,15.983224800005003,20,0.65,1.1788760659727713,KOLF2.1J,additive,MED13
0.8715596330275229,0.0359751345263496,0.02,4.072661194760052,5.197919143436445,205.61276802805904,7.437780462359324,2,,,KOLF2.1J,additive,MED13L
1.0,0.18024437898070325,0.08,1.8015121292653098,1.8351751583025238,224.17583290853696,60.48494676929177,156,0.7435897435897436,0.8433413775403183,KOLF2.1J,additive,MED24
0.9908256880733946,0.17875879998885055,0.02,1.1508062807785246,0.8404197618192847,508.14303734920406,361.45140944447206,1611,0.6908752327746741,0.9040279216688994,KOLF2.1J,additive,METTL14
0.9724770642201834,0.05934964115863243,0.06,2.578466239389613,2.7640730433318925,240.9767313007187,28.99140382417131,30,0.6333333333333333,1.2830705436088936,KOLF2.1J,additive,METTL17
1.0,0.2741483236852737,0.01,1.1008500822065075,0.9428022120747968,489.2319396284334,356.59845416416147,1549,0.8018076178179471,0.8252535332091466,KOLF2.1J,additive,METTL3
0.4495412844036697,-0.017230805563191794,0.03,4.911546035474172,6.410140057545375,183.05764553229596,4.326499345605781,1,,,KOLF2.1J,additive,MKI67
0.6238532110091743,0.011846179688760696,0.0,3.25325052260104,2.5529320493790815,188.7637470254175,25.3137089434243,10,0.6,1.0640482979661028,KOLF2.1J,additive,MTA1
0.4036697247706422,-0.014401382894531274,0.02,6.653729207793873,8.513539227106383,299.2248257477216,4.058630560993372,1,,,KOLF2.1J,additive,NCK2
0.9357798165137614,0.10252850544856089,0.02,4.779174359419064,6.029240068588689,373.9432743164326,10.354123074715751,8,,,KOLF2.1J,additive,NDUFB4
0.5688073394495412,0.001989954302918047,0.03,6.201559424102296,7.108126480604427,513.8676654766105,9.978560799015732,4,,,KOLF2.1J,additive,NDUFB6
0.0,-0.0754603359655236,0.02,5.887085665460045,6.259261142103001,311.76359191961035,7.581245949804451,1,,,KOLF2.1J,additive,NISCH
1.0,0.11770206555078529,0.01,2.776130941881944,3.2985301592100917,359.5991073886397,32.385189523415,36,0.5833333333333334,1.0394226094963788,KOLF2.1J,additive,NIT1
0.4128440366972477,0.00645432132622601,0.04,6.700432924730566,7.485272737617984,339.9417727590317,5.970942407414075,4,,,KOLF2.1J,additive,NRAS
0.3027522935779816,-0.02272703328082429,0.0,3.712187828927397,3.2178247401608413,392.474954387883,34.12630049200222,37,0.5405405405405406,0.9857472757406429,KOLF2.1J,additive,OXCT1
0.7981651376146789,0.05763869149102073,0.0,5.034788755090457,6.440226519415813,294.27817177443194,7.0512634841261725,2,,,KOLF2.1J,additive,PAGR1
0.2018348623853211,-0.042112642556003305,0.04,5.735488555739078,7.309837695142127,238.25455533663376,4.328013639879009,0,,,KOLF2.1J,additive,PBX1
0.8073394495412844,0.039008331891042074,0.01,3.114439911175315,2.6431704321236875,267.55464495060755,34.389444571791415,34,0.5588235294117647,1.0509199319381906,KOLF2.1J,additive,PHF10
0.3027522935779816,-0.0407203295344886,0.02,4.015830820619329,4.956708965672604,214.26877829085504,8.249787723329748,3,,,KOLF2.1J,additive,PHF14
0.35779816513761464,-0.01827813475130278,0.05,6.71967248018904,8.329041441014702,318.88051443102813,4.511774191881248,2,,,KOLF2.1J,additive,PLCB3
0.35779816513761464,-0.039192847829208385,0.02,5.46466079304231,5.336297280823047,220.9960540424849,7.392567310454581,1,,,KOLF2.1J,additive,PMS1
0.6697247706422018,0.006917285475673044,0.02,5.348066069880498,5.8138528160754275,223.11698009997053,6.426096569250553,2,,,KOLF2.1J,additive,POLB
0.05504587155963303,-0.04333569549365481,0.01,6.8176634758793915,7.243757598811226,334.0634480458557,6.1749421438221415,2,,,KOLF2.1J,additive,PRCP
1.0,0.11723968380627611,0.02,5.750013437766137,6.453029311174708,519.6447968231556,12.634669039720416,16,0.6875,1.0619637844990184,KOLF2.1J,additive,PRR12
0.1834862385321101,-0.02377642280515747,0.03,7.042118929488147,9.168120289651792,318.0050323575923,3.7197747688623792,2,,,KOLF2.1J,additive,PTPN1
0.4495412844036697,0.011490017397374782,0.02,5.5968714888533455,6.338215909871669,335.3945411508272,8.174905689195368,9,,,KOLF2.1J,additive,RAF1
0.963302752293578,0.07106803239137524,0.02,2.229703148474297,2.1879108046141074,218.27724314598385,39.8609081554897,97,0.6804123711340206,0.9226962207043502,KOLF2.1J,additive,RNF2
0.3211009174311926,-0.0033660078036020077,0.03,5.63086348726869,7.3186297898514585,271.61120123096373,4.973506468799863,2,,,KOLF2.1J,additive,RRM1
0.8623853211009174,0.04245993007225836,0.0,2.9716748209299975,3.2203497046057965,295.1746223543105,26.599064546289515,45,0.5777777777777777,0.994800108106037,KOLF2.1J,additive,SAFB
1.0,0.25348210439043867,0.04,1.4560542500609284,1.6529419235498493,385.43293336797785,133.17266412216995,470,0.7553191489361702,0.9177801767379955,KOLF2.1J,additive,SIN3B
0.944954128440367,0.07538074072953774,0.04,4.40585298375448,5.693581134826692,207.39341465758457,6.369871358363403,3,,,KOLF2.1J,additive,SIX4
0.9724770642201834,0.11085209168503474,0.03,4.507428591232221,5.777396810748158,409.26277520755264,12.365390328915378,4,,,KOLF2.1J,additive,SLC25A3
0.7889908256880733,0.031487257317093925,0.02,4.481216889126766,4.080351563288161,386.11753058089573,22.20047334591812,30,0.7,0.9301706906070367,KOLF2.1J,additive,SMAGP
0.33944954128440363,-0.028765475909237774,0.01,1.2667386248254482,0.7816494907706248,367.0313559331718,221.64465821905196,853,0.4806565064478312,1.0328367858194987,KOLF2.1J,additive,SMARCA4
1.0,0.1504488907218778,0.02,1.7865470486487907,1.8047202445071404,292.64141836509197,78.79458411512789,267,0.7078651685393258,0.8632865243451954,KOLF2.1J,additive,SMARCA5
0.981651376146789,0.10021114698034533,0.02,1.72390295466466,1.56358692881878,289.3895042490589,92.41459540513372,327,0.6636085626911316,0.9343331011053753,KOLF2.1J,additive,SOX2
1.0,0.12803041975003668,0.06,3.0714442779897966,3.4237178353229525,240.1536237092398,20.27440301555896,29,0.5862068965517241,1.5796616721111025,KOLF2.1J,additive,SSBP1
1.0,0.16539858638804902,0.02,2.639742603368673,2.9722490204456786,407.89012234951184,46.08379790574959,93,0.7849462365591398,0.802033823772625,KOLF2.1J,additive,STAG2
0.4036697247706422,-0.028446816506640746,0.01,5.310353753947438,6.558548937000873,211.61241370676925,4.767365631069456,5,,,KOLF2.1J,additive,STAT1
0.6788990825688073,0.008474839728697395,0.03,3.6216042208952057,3.59308824137158,208.37051481719527,15.045474491121508,21,0.6190476190476191,0.9826851924069772,KOLF2.1J,additive,STAT6
0.5321100917431192,-0.0015816305098857962,0.02,6.14601369254814,6.758544001291105,379.8213432002668,8.133341940387163,5,,,KOLF2.1J,additive,STX4
1.0,0.21836820719274652,0.01,1.8085683765922635,2.143565919959839,271.5877794744222,58.2968829438001,155,0.7870967741935484,0.8489882878728842,KOLF2.1J,additive,TADA1
0.6513761467889908,0.011352418018257081,0.02,4.531941784840363,5.635840122220964,205.360386902215,6.292693938738174,3,,,KOLF2.1J,additive,TARBP2
0.8256880733944953,0.040052692693918646,0.01,5.280058682510639,6.918252729400224,237.80961561039976,4.9227759462459755,0,,,KOLF2.1J,additive,TCF3
0.8990825688073394,0.053737982419237496,0.0,4.592883757894838,5.580575736742243,249.58404581409326,7.912489860239036,9,,,KOLF2.1J,additive,TET1
0.9908256880733946,0.17544799175461717,0.08,2.468684599107131,2.54090995856871,198.62450080660594,30.256777865522608,44,0.6818181818181818,1.29189965914064,KOLF2.1J,additive,TFAM
0.2018348623853211,-0.01857621960591354,0.0,6.429688164644242,7.932791806165764,329.44055632772523,5.129562564902825,2,,,KOLF2.1J,additive,TMBIM6
0.4311926605504587,0.0146615322299841,0.0,2.9292435582205347,2.444412591735702,377.9878434185247,54.75326986699672,90,0.3888888888888889,1.0947017657392146,KOLF2.1J,additive,TMSB10
0.11009174311926606,-0.043806428514332155,0.0,5.980113553391278,8.174583097699784,288.4610806497337,4.208652604315498,0,,,KOLF2.1J,additive,TMSB4X
0.9724770642201834,0.08333988695925869,0.07,6.796715651224253,8.526566143365013,338.1197697520363,4.677843268974838,0,,,KOLF2.1J,additive,TRAM2
0.6697247706422018,0.015293628039284426,0.01,4.019319567060223,4.030864254336128,396.43054889834934,23.149805600463942,50,0.34,1.347982251360846,KOLF2.1J,additive,TRAPPC6A
0.8715596330275229,0.04019598437132271,0.06,5.638718618234787,6.052523906244646,253.77385790893285,6.831708339197052,2,,,KOLF2.1J,additive,TSC22D4
0.3119266055045872,-2.491865866780224e-05,0.01,6.9421433944782045,9.154297021341128,328.94386142434047,3.8789813156144843,0,,,KOLF2.1J,additive,TWF2
0.2844036697247706,-0.019467771906441507,0.0,5.148421286352915,5.792430746512833,349.0955308360499,10.037888464676527,8,,,KOLF2.1J,additive,TXNDC9
0.3853211009174312,-0.018511763721569218,0.0,3.7982891801888146,3.697362712182815,265.24949326198265,17.913330073560587,18,0.6666666666666666,0.9715365638538557,KOLF2.1J,additive,UBE3C
0.944954128440367,0.10813316075047272,0.06,4.334280563768086,5.090524117837229,425.2999207691771,16.476493096967765,17,0.47058823529411764,1.6725432374550795,KOLF2.1J,additive,UQCRQ
0.963302752293578,0.07447655060384281,0.03,3.9428413832368343,5.061023168496394,228.6905625505642,8.843374885374025,2,,,KOLF2.1J,additive,USP22
0.8073394495412844,0.03105785001995259,0.06,4.015655705307546,4.0484979072622185,329.8916982176779,19.24817040139183,24,0.625,1.1186427696851986,KOLF2.1J,additive,WSB2
0.4495412844036697,-0.01706996056458588,0.01,3.3717365120926233,3.2282075278679185,225.11535136695005,19.52171669296456,4,,,KOLF2.1J,additive,XRCC4
0.7522935779816513,0.026048481099973774,0.0,4.984905610455707,6.7779035161343195,186.55135210047473,4.004376352107395,0,,,KOLF2.1J,additive,ZNF286A
0.4311926605504587,-0.019611782395037212,0.02,4.785855346643622,6.508397686340245,171.72707099904733,3.93738276104981,0,,,KOLF2.1J,additive,ZNF426
0.963302752293578,0.06574337904224838,0.07,4.917390899934173,6.390929694677998,184.95721910563523,4.510749047723952,1,,,KOLF2.1J,additive,ZNF562
0.24770642201834858,-0.03201198557085776,0.0,4.533128204524272,5.469361985131931,284.95301463638367,9.114386740836345,5,,,KOLF2.1J,additive,ZNF593
0.5504587155963303,-0.002898075429797461,0.01,5.153662573180953,5.209206854267255,216.89777911786558,7.700687095179143,5,,,KOLF2.1J,additive,ZNF714
0.9908256880733946,0.11045682586256975,0.07,3.4135874315339803,3.031662059272718,376.3452418250171,39.52691763714069,95,0.6842105263157895,0.8119198150499932,KOLF2.1J,ratio,ACAT2
0.6972477064220184,0.05777273920502896,0.03,5.076430412069047,4.644149977271929,173.35370577443462,7.868441112134921,6,,,KOLF2.1J,ratio,ACVR1B
0.1834862385321101,-0.013507903413002361,0.0,4.267401303400694,3.9380152366436096,162.655541122102,9.790061907427843,10,0.3,1.3085646402757063,KOLF2.1J,ratio,AKT2
1.0,0.1422191613533691,0.05,2.8580527999383913,2.4453219469918377,154.3284861359258,24.55873760811881,46,0.782608695652174,0.7623816970040213,KOLF2.1J,ratio,ARID1A
1.0,0.10444016426805308,0.01,2.639649197852128,2.538257938538308,99.4448705485072,14.386110664495078,11,0.5454545454545454,0.9434563271790498,KOLF2.1J,ratio,ATM
0.3027522935779816,-0.02941244224070988,0.02,2.9170686158185664,2.4427456626463764,114.97977411777995,16.169964188385112,12,0.25,1.1546648930561105,KOLF2.1J,ratio,BIRC2
0.5321100917431192,0.030524076274433636,0.03,3.392468429288568,3.3547056792043293,197.81442198338127,16.41715422547874,16,0.5,1.1214222006845234,KOLF2.1J,ratio,C1QBP
0.1651376146788991,-0.02272168947059846,0.01,5.249613045334186,5.164922528172597,138.57319092216807,4.964799342553638,1,,,KOLF2.1J,ratio,CALM3
0.5504587155963303,0.044849905735744204,0.02,5.388586437986715,5.520258181283052,143.84214057796396,4.643351710350509,1,,,KOLF2.1J,ratio,CASP2
1.0,0.31613849707227976,0.22,1.9788990135903164,1.7925038245536413,158.25555153190464,51.38649371522806,111,0.7837837837837838,0.6627812107557682,KOLF2.1J,ratio,CASP3
0.15596330275229353,-0.02135881790412811,0.01,5.253251413756899,4.8171462175738435,168.57098846798192,6.905625919498096,3,,,KOLF2.1J,ratio,CDCA2
0.5871559633027523,-0.005093763182809286,0.01,4.913008324688413,3.859154272672881,151.8067708509727,9.528187550236813,3,,,KOLF2.1J,ratio,CENPO
0.22018348623853212,-0.012265909522379112,0.03,4.612579050478796,4.573084000164416,133.40273648632018,6.056800015533979,1,,,KOLF2.1J,ratio,CLDN7
0.13761467889908252,-0.03127038740207426,0.0,6.072115580169559,6.171104506068255,160.74024637227012,4.072623539078952,1,,,KOLF2.1J,ratio,CREG1
0.4954128440366973,-0.007248889049711691,0.0,4.81751888329654,4.609125244099819,201.32450738906385,9.023611332264696,5,,,KOLF2.1J,ratio,DAXX
0.981651376146789,0.12008213436408312,0.03,4.431579470963112,3.8167220794886663,150.41147394551814,10.26648522306115,14,0.7142857142857143,0.7148158811943028,KOLF2.1J,ratio,DHCR24
1.0,0.3456909077300263,0.11,1.090678399075517,0.7882069157949239,182.7393534181952,169.781901942272,597,0.7956448911222781,0.7413307962578568,KOLF2.1J,ratio,DHX36
0.981651376146789,0.11261258583798915,0.02,5.008888760341529,4.466208980137368,258.0425812115314,12.940225102710361,20,0.7,0.9693940170525847,KOLF2.1J,ratio,DLG5
1.0,0.3552868601567002,0.21,1.2923271849164288,1.127914527174189,204.23439545181532,138.86649709547174,420,0.7880952380952381,0.6798119843265096,KOLF2.1J,ratio,DNMT1
0.944954128440367,0.02785008954014469,0.02,4.793273965016963,4.769548222487608,99.72206106963397,4.246577404917441,3,,,KOLF2.1J,ratio,EID2
1.0,0.16173598803198536,0.14,2.3643582387533484,2.2278748378387574,143.00399420228837,27.276413233999733,37,0.8108108108108109,0.7133324043364397,KOLF2.1J,ratio,EIF4B
1.0,0.14843023447074083,0.06,2.5064469292468057,2.330695144698031,165.00396104954325,28.745089705228846,41,0.7560975609756098,0.6517958959185024,KOLF2.1J,ratio,EWSR1
1.0,0.14285150179708017,0.06,3.315641315465725,3.0381928911102047,78.6350558888543,8.39885246906663,9,,,KOLF2.1J,ratio,FOXH1
0.9357798165137614,0.0496352508137464,0.04,2.90784327649917,2.175231011044266,147.33944865305807,26.71276855827564,60,0.5166666666666667,0.9481259260590126,KOLF2.1J,ratio,GSK3B
0.9908256880733946,0.0329402021262542,0.01,3.9893393495838567,3.9242591847071333,138.84816402505496,8.602054983856176,4,,,KOLF2.1J,ratio,HAT1
1.0,0.14452443968098846,0.07,5.508723386313552,4.771347793126739,246.698592604865,11.01991884123737,13,0.6923076923076923,0.8037501682319949,KOLF2.1J,ratio,HIRA
0.23853211009174313,-0.04303990259509633,0.01,3.4120704818913983,2.840457158141545,107.17138449037343,11.508085894261823,10,0.1,1.2006798025537377,KOLF2.1J,ratio,HMGB2
0.9357798165137614,0.022493867961774952,0.01,4.821446112591658,5.026416830873909,107.8987367578382,4.143777337787467,0,,,KOLF2.1J,ratio,HMGN1
0.5412844036697247,0.0006606363229597454,0.01,6.3728718244985165,6.577678289809376,172.27717429784235,3.892639547364184,0,,,KOLF2.1J,ratio,IDE
0.8165137614678899,0.08103430565714617,0.03,5.172419173837114,5.302220996559015,117.33247450014572,4.152741016875895,1,,,KOLF2.1J,ratio,IGF2R
0.7522935779816513,0.021306355914336553,0.01,4.562680936622827,3.856857589314992,138.05246642577276,8.786994624671145,3,,,KOLF2.1J,ratio,IKBKG
0.00917431192660545,-0.12215063904431409,0.0,2.5661892481291613,2.198741176007854,286.6811353639541,44.993459060027064,56,0.44642857142857145,1.1196008521176029,KOLF2.1J,ratio,INSIG1
0.8165137614678899,0.010962006449260368,0.05,4.640012347286691,3.475943311667792,98.38603882256632,7.56467982638723,1,,,KOLF2.1J,ratio,IRF3
1.0,0.46331635444218905,0.23,1.034700575900198,0.9594096472264722,95.33939805335571,92.43271177931217,271,0.8339483394833949,0.6131078293139107,KOLF2.1J,ratio,KAT2A
0.3302752293577982,-0.029855312780727457,0.0,2.7759509648613667,2.278735515007861,102.38680968413311,16.17817329131932,23,0.6086956521739131,0.9837073611312451,KOLF2.1J,ratio,KDM2B
0.4128440366972477,-0.016155853018926036,0.01,6.108298458865721,6.021147451327325,153.1058484291984,4.088407915806295,1,,,KOLF2.1J,ratio,KIF1B
0.8990825688073394,0.017906695548510283,0.05,3.4268378870505867,3.2475028881583734,84.06863194438989,7.355104623680752,6,,,KOLF2.1J,ratio,KLF10
0.981651376146789,0.14626101506535358,0.09,2.100324796981308,1.7495018144579162,116.13534340282035,32.723502587011346,47,0.7872340425531915,0.6264670115526555,KOLF2.1J,ratio,LRPPRC
0.4862385321100917,-0.019735884028728525,0.0,2.13860787518905,1.5209039633720933,125.21806150428847,37.121648070097244,67,0.5223880597014925,1.0063181310256426,KOLF2.1J,ratio,LZTR1
1.0,0.048485928842114404,0.02,4.371659272080709,4.427046903803173,93.63094287546153,4.642217044711614,0,,,KOLF2.1J,ratio,MAP3K7
0.5321100917431192,0.04020830158861731,0.01,4.944445327713664,4.415191891281815,111.22820453328666,5.523062306441866,3,,,KOLF2.1J,ratio,MAPKAPK2
0.7614678899082569,0.02396529161415558,0.01,6.003570866204691,6.204961020755044,191.44778059971924,4.883356975621416,0,,,KOLF2.1J,ratio,MAST2
1.0,0.2396321325764044,0.06,1.8958174254058897,1.7841462256125973,318.19637984094373,95.60901366089837,297,0.7474747474747475,0.8107207435972804,KOLF2.1J,ratio,MAU2
0.9541284403669725,0.09220746462808828,0.01,2.171835580676286,1.6078975555039008,264.02366243767676,80.2792871741462,149,0.6241610738255033,0.9605501107537796,KOLF2.1J,ratio,MBTPS1
1.0,0.21572873253696864,0.08,1.8235212278815738,1.7352942272529146,115.27612960556581,35.33324196359707,63,0.746031746031746,0.7110662631734519,KOLF2.1J,ratio,MED1
1.0,0.06837414381644424,0.02,3.314343092704175,3.234275345911898,157.5323782245417,14.297397594791168,12,0.6666666666666666,0.7159905285148611,KOLF2.1J,ratio,MED12
1.0,0.13035626315709392,0.03,2.4930638723261875,2.3556190923729603,94.85727297106232,15.983224800005003,20,0.65,0.8793772128246543,KOLF2.1J,ratio,MED13
0.981651376146789,0.05810082798932455,0.02,3.5759951979825546,3.562734040280055,98.76686873979627,7.437780462359324,2,,,KOLF2.1J,ratio,MED13L
1.0,0.22776116760014822,0.08,1.5681555594948835,1.254835816793447,121.15178299643765,60.48494676929177,156,0.7371794871794872,0.7079978819311065,KOLF2.1J,ratio,MED24
0.9908256880733946,0.2709526219383971,0.05,1.0162455953906262,0.5462838491389421,362.3159872408744,361.45140944447206,1611,0.6896337678460583,0.8544181464016268,KOLF2.1J,ratio,METTL14
0.9174311926605505,0.038200044905335656,0.01,2.3066268833484656,1.8991065763789816,129.34555043032907,28.99140382417131,30,0.6333333333333333,0.938108026480726,KOLF2.1J,ratio,METTL17
1.0,0.4542804685355028,0.17,0.918685725753855,0.6119473100915368,291.87158722977716,356.59845416416147,1549,0.8018076178179471,0.7404404847273441,KOLF2.1J,ratio,METTL3
0.944954128440367,0.024963284672712825,0.01,4.418065254645424,4.537270545548142,92.41529650285818,4.326499345605781,1,,,KOLF2.1J,ratio,MKI67
0.9357798165137614,0.02062983012483431,0.01,2.871572052933045,1.7228931314873979,98.65447887820872,25.3137089434243,10,0.6,1.0414792256384768,KOLF2.1J,ratio,MTA1
0.6972477064220184,0.007035009484989166,0.02,5.973757631692934,6.083806837771123,153.9321129696156,4.058630560993372,1,,,KOLF2.1J,ratio,NCK2
0.944954128440367,0.16321681996091433,0.03,4.126260146228666,4.18324902359343,177.4077434363099,10.354123074715751,8,,,KOLF2.1J,ratio,NDUFB4
0.944954128440367,0.06734972489103995,0.0,6.1007610170627995,6.38061602326019,407.65210239612975,9.978560799015732,4,,,KOLF2.1J,ratio,NDUFB6
0.5229357798165137,0.036343682755973654,0.02,5.103752305567294,4.183799371209102,137.9791904799438,7.581245949804451,1,,,KOLF2.1J,ratio,NISCH
1.0,0.12406962227678062,0.03,2.4269236533277025,2.320862385255874,188.17431123189408,32.385189523415,36,0.5833333333333334,0.817579064862784,KOLF2.1J,ratio,NIT1
0.21100917431192656,-0.01282565214565859,0.02,5.774023584913489,4.894357919427909,149.75294391095343,5.970942407414075,4,,,KOLF2.1J,ratio,NRAS
0.11926605504587151,-0.04072006334871716,0.02,3.3990466492756086,2.413845514173976,239.67699564326935,34.12630049200222,37,0.5675675675675675,0.9328076973191005,KOLF2.1J,ratio,OXCT1
0.7706422018348624,0.07167928827761767,0.04,4.432255722585747,4.381838382413558,138.00968048226798,7.0512634841261725,2,,,KOLF2.1J,ratio,PAGR1
0.6330275229357798,-0.006881220811129145,0.01,5.208336052668688,5.25423180710284,124.12424119156343,4.328013639879009,0,,,KOLF2.1J,ratio,PBX1
0.9724770642201834,0.03142341305945289,0.02,2.8751441045224935,2.023647259763355,170.84567476831896,34.389444571791415,34,0.5294117647058824,1.054090706732074,KOLF2.1J,ratio,PHF10
0.5229357798165137,-0.01630360443978482,0.01,3.564621847248567,3.3847577605271715,103.6746912853603,8.249787723329748,3,,,KOLF2.1J,ratio,PHF14
0.1834862385321101,-0.03321336691814901,0.02,6.114175128873448,6.153359471250838,177.18901449078953,4.511774191881248,2,,,KOLF2.1J,ratio,PLCB3
0.963302752293578,0.04247854133563905,0.01,4.870906410843185,3.6564322645125222,103.93104732215687,7.392567310454581,1,,,KOLF2.1J,ratio,PMS1
0.963302752293578,0.026576359999881095,0.0,4.7851354622045,4.180248871297167,117.29097190505892,6.426096569250553,2,,,KOLF2.1J,ratio,POLB
0.14678899082568808,-0.022150594725495305,0.01,6.0645477537487835,5.053064070712564,165.22486125171088,6.1749421438221415,2,,,KOLF2.1J,ratio,PRCP
1.0,0.09625495154185464,0.01,5.3662682264049435,5.085417503326525,327.0165428568669,12.634669039720416,16,0.6875,0.9515966005711083,KOLF2.1J,ratio,PRR12
0.29357798165137616,0.004709924853126608,0.02,6.143423754181689,6.143933867081133,143.91826595387008,3.7197747688623792,2,,,KOLF2.1J,ratio,PTPN1
0.7431192660550459,0.049081186608152506,0.05,5.06229907986463,4.696324849507294,184.70761801608137,8.174905689195368,9,,,KOLF2.1J,ratio,RAF1
1.0,0.08580750692520234,0.06,1.940195965325152,1.4789852275118909,116.93521209107197,39.8609081554897,97,0.6804123711340206,0.8705409470853637,KOLF2.1J,ratio,RNF2
0.03669724770642202,-0.05743604933058346,0.0,4.826816212848622,4.6595631874633305,115.61802513269033,4.973506468799863,2,,,KOLF2.1J,ratio,RRM1
1.0,0.0589296546162373,0.01,2.7324426917842,2.438814394540992,177.15984217621076,26.599064546289515,45,0.5777777777777777,0.9460294426117642,KOLF2.1J,ratio,SAFB
1.0,0.357167305104639,0.1,1.1502795344671743,0.9954647681589667,170.4417223472844,133.17266412216995,470,0.7489361702127659,0.6778585908326518,KOLF2.1J,ratio,SIN3B
1.0,0.06086012173815771,0.01,3.8095560209856334,3.687893184003836,90.14428479450103,6.369871358363403,3,,,KOLF2.1J,ratio,SIX4
0.9908256880733946,0.1646086610944352,0.03,3.8546108583692202,3.87586350270219,182.34395928845504,12.365390328915378,4,,,KOLF2.1J,ratio,SLC25A3
0.9357798165137614,0.039095239257081756,0.01,4.076040297308618,3.0401678106440477,222.11369651259866,22.20047334591812,30,0.7,0.8493009774646626,KOLF2.1J,ratio,SMAGP
0.6055045871559632,-0.014810013001789376,0.02,1.1518514420517847,0.46562725299788116,272.7560560573727,221.64465821905196,853,0.48534583821805394,0.9992804741401138,KOLF2.1J,ratio,SMARCA4
1.0,0.19305589215644237,0.05,1.5652491646998494,1.2868838796512416,170.13240627244969,78.79458411512789,267,0.7153558052434457,0.8119498430263363,KOLF2.1J,ratio,SMARCA5
1.0,0.11311626709330559,0.04,1.5546383162146595,1.0850549497508823,178.5329394161752,92.41459540513372,327,0.6574923547400612,0.8983099026845408,KOLF2.1J,ratio,SOX2
1.0,0.05925602084417835,0.05,2.800958505768666,2.4675049653111887,137.7879185717713,20.27440301555896,29,0.5862068965517241,0.8455669729782632,KOLF2.1J,ratio,SSBP1
1.0,0.18257791806498255,0.03,2.322930570935794,2.1625213890126087,225.20421387063323,46.08379790574959,93,0.7956989247311828,0.6373145324182178,KOLF2.1J,ratio,STAG2
0.5412844036697247,-0.018242021232057655,0.03,4.715795013049291,4.370028910890447,96.5705662126111,4.767365631069456,5,,,KOLF2.1J,ratio,STAT1
0.5321100917431192,-0.015956644164697702,0.0,3.240214483202582,2.545051509551591,113.7213415453341,15.045474491121508,21,0.6190476190476191,0.980044201243926,KOLF2.1J,ratio,STAT6
0.9174311926605505,0.03759567092892489,0.03,5.715995928858707,5.224306779822235,226.92478417512058,8.133341940387163,5,,,KOLF2.1J,ratio,STX4
1.0,0.29837745976413377,0.08,1.4944868302626113,1.410978636763307,125.27138928062655,58.2968829438001,155,0.7870967741935484,0.6910579784390649,KOLF2.1J,ratio,TADA1
0.7431192660550459,0.0038199417609503508,0.0,4.162421487861306,4.195296569863767,116.84564659250397,6.292693938738174,3,,,KOLF2.1J,ratio,TARBP2
0.8348623853211009,0.010730661163459816,0.01,4.807111137106225,4.916367819197368,123.39017057260423,4.9227759462459755,0,,,KOLF2.1J,ratio,TCF3
1.0,0.05900824086046317,0.05,4.133668554959678,4.01758335898349,131.87616288702677,7.912489860239036,9,,,KOLF2.1J,ratio,TET1
1.0,0.1199663420483608,0.08,2.2589567447785357,1.8937190055085036,125.01515411361967,30.256777865522608,44,0.7045454545454546,0.757447020031755,KOLF2.1J,ratio,TFAM
0.33944954128440363,0.009631202991172389,0.01,5.7964562760428535,5.657041397150577,168.72746647556485,5.129562564902825,2,,,KOLF2.1J,ratio,TMBIM6
0.22935779816513757,-0.005297236731566192,0.01,2.679943269858428,1.8256335138719424,238.30152593978852,54.75326986699672,90,0.37777777777777777,1.1101956391821894,KOLF2.1J,ratio,TMSB10
0.11926605504587151,-0.04030386010209618,0.0,5.0416127389973875,5.146204208772639,117.41400694413474,4.208652604315498,0,,,KOLF2.1J,ratio,TMSB4X
0.9357798165137614,0.04123731626820321,0.01,6.208118333162172,6.305606457075803,188.23931441702018,4.677843268974838,0,,,KOLF2.1J,ratio,TRAM2
0.42201834862385323,-0.010092873996087635,0.0,3.7748277942031483,3.2452885434856933,268.47770148081565,23.149805600463942,50,0.3,1.2724577183871346,KOLF2.1J,ratio,TRAPPC6A
0.2844036697247706,-0.02150145248371821,0.0,5.13397926436018,4.36307113653806,138.1645683473364,6.831708339197052,2,,,KOLF2.1J,ratio,TSC22D4
0.1009174311926605,-0.03231654220944498,0.02,6.170553527298552,6.3279060540737495,160.789156126827,3.8789813156144843,0,,,KOLF2.1J,ratio,TWF2
0.3853211009174312,6.165418256561335e-05,0.01,4.858836165243607,4.619344608846505,224.22409411394906,10.037888464676527,8,,,KOLF2.1J,ratio,TXNDC9
0.8165137614678899,0.027302401255226465,0.03,3.313744685526179,2.4689736682633328,124.69492629224675,17.913330073560587,18,0.6111111111111112,0.9179730049651528,KOLF2.1J,ratio,UBE3C
0.981651376146789,0.16314810924213866,0.04,3.9127471463492576,3.7684603723862,230.2039465140258,16.476493096967765,17,0.5294117647058824,1.0457347543371405,KOLF2.1J,ratio,UQCRQ
1.0,0.06564064958430775,0.02,3.538867281546358,3.5917563604976963,118.75930243129619,8.843374885374025,2,,,KOLF2.1J,ratio,USP22
0.926605504587156,0.017951688465407126,0.03,3.763019718897912,3.2873284418678783,224.98228001480715,19.24817040139183,24,0.625,0.8663154177280304,KOLF2.1J,ratio,WSB2
0.926605504587156,0.027994503345764688,0.02,3.0398383739017047,2.3215390288058777,122.19741156536196,19.52171669296456,4,,,KOLF2.1J,ratio,XRCC4
0.9174311926605505,0.01978098014249708,0.0,4.31433068094355,4.4355689346452545,82.0848778192705,4.004376352107395,0,,,KOLF2.1J,ratio,ZNF286A
0.7247706422018348,0.001439226766602561,0.03,4.228219376032309,4.302844856999454,76.78718637306251,3.93738276104981,0,,,KOLF2.1J,ratio,ZNF426
0.9541284403669725,0.030182108571420247,0.02,4.342539127190503,4.236941784965696,84.33258536215673,4.510749047723952,1,,,KOLF2.1J,ratio,ZNF562
1.0,0.03427956587509396,0.01,4.1944748521493525,4.124894066183215,161.61586730012903,9.114386740836345,5,,,KOLF2.1J,ratio,ZNF593
0.963302752293578,0.021399211298657968,0.04,4.517410262627059,3.415879883867659,96.42832038262212,7.700687095179143,5,,,KOLF2.1J,ratio,ZNF714
0.9908256880733946,0.11088411240880366,0.07,3.372384012459271,2.94785724584133,357.1700213342121,39.52691763714069,95,0.6842105263157895,0.801034870271896,KOLF2.1J,log1p,ACAT2
0.6972477064220184,0.060065329786181246,0.04,5.0190894610916335,4.5208173534336495,164.40872258514,7.868441112134921,6,,,KOLF2.1J,log1p,ACVR1B
0.1834862385321101,-0.012393025410497801,0.0,4.220144595510306,3.8231462567709364,153.81369894165948,9.790061907427843,10,0.3,1.2604364350064101,KOLF2.1J,log1p,AKT2
1.0,0.14488958989987405,0.05,2.825668418638107,2.3726651469854105,145.92779635266638,24.55873760811881,46,0.782608695652174,0.7591282556693237,KOLF2.1J,log1p,ARID1A
1.0,0.10564081529718557,0.01,2.6083062508896084,2.4580499851926265,93.83583692179373,14.386110664495078,11,0.5454545454545454,0.9482520710626364,KOLF2.1J,log1p,ATM
0.3211009174311926,-0.029594805982198342,0.03,2.884363508717953,2.368185031228379,109.12255533957114,16.169964188385112,12,0.25,1.1365470635116603,KOLF2.1J,log1p,BIRC2
0.5412844036697247,0.031376907571001283,0.03,3.3547063324868103,3.2605518311511723,187.5920275344329,16.41715422547874,16,0.5,1.1161480316494028,KOLF2.1J,log1p,C1QBP
0.1651376146788991,-0.023660156948366855,0.01,5.197666094229693,5.024755705755775,131.49739199501693,4.964799342553638,1,,,KOLF2.1J,log1p,CALM3
0.5504587155963303,0.04533578807220211,0.03,5.33008940510506,5.3786872752755075,136.71226698037017,4.643351710350509,1,,,KOLF2.1J,log1p,CASP2
1.0,0.32361842804949364,0.23,1.957691248960109,1.751047569028544,150.70759679838713,51.38649371522806,111,0.7837837837837838,0.652484396424591,KOLF2.1J,log1p,CASP3
0.1651376146788991,-0.01953505753454968,0.01,5.1988556292249335,4.70441479887082,161.00688244570182,6.905625919498096,3,,,KOLF2.1J,log1p,CDCA2
0.5963302752293578,-0.004430631834923779,0.02,4.848854149838081,3.7311603654292407,142.49042856497883,9.528187550236813,3,,,KOLF2.1J,log1p,CENPO
0.22018348623853212,-0.011003393191368234,0.03,4.569230921248158,4.461564186604861,127.21545082725828,6.056800015533979,1,,,KOLF2.1J,log1p,CLDN7
0.13761467889908252,-0.03239532815811636,0.0,6.006474233111981,6.008138561496149,152.6704394841513,4.072623539078952,1,,,KOLF2.1J,log1p,CREG1
0.4862385321100917,-0.008760940776720886,0.0,4.762981142102422,4.479586287875854,190.8059227851974,9.023611332264696,5,,,KOLF2.1J,log1p,DAXX
0.9724770642201834,0.12336814104394894,0.04,4.387735893768932,3.7252763520539687,143.30497075503334,10.26648522306115,14,0.7142857142857143,0.7141521029837746,KOLF2.1J,log1p,DHCR24
1.0,0.3510139098752311,0.1,1.0843309507753758,0.7713436265399676,178.85951302837157,169.781901942272,597,0.7956448911222781,0.7397466383733241,KOLF2.1J,log1p,DHX36
0.981651376146789,0.11350139386822312,0.02,4.947199392500451,4.336679043987392,243.56540582214717,12.940225102710361,20,0.7,0.9187042952318791,KOLF2.1J,log1p,DLG5
1.0,0.36890263564956915,0.24,1.2760147438207992,1.0828733279697378,190.75604602484054,138.86649709547174,420,0.7880952380952381,0.6713479339891969,KOLF2.1J,log1p,DNMT1
0.944954128440367,0.02851672219001467,0.02,4.7365990768804505,4.635200701858774,94.3620248206579,4.246577404917441,3,,,KOLF2.1J,log1p,EID2
1.0,0.16487870853087752,0.15,2.33842573136515,2.1663139733375987,135.79720888205713,27.276413233999733,37,0.8108108108108109,0.707555267133681,KOLF2.1J,log1p,EIF4B
1.0,0.15229951585536813,0.08,2.4769365370738163,2.2630859748287047,156.14977574685594,28.745089705228846,41,0.7560975609756098,0.6467256825667184,KOLF2.1J,log1p,EWSR1
1.0,0.14830447688455692,0.07,3.274097384740419,2.9385881159187695,73.60492737082062,8.39885246906663,9,,,KOLF2.1J,log1p,FOXH1
0.944954128440367,0.051569862613052145,0.03,2.8812846408335533,2.1188088359776334,140.7981285852361,26.71276855827564,60,0.5166666666666667,0.9292906766321166,KOLF2.1J,log1p,GSK3B
0.9908256880733946,0.034134029620274633,0.01,3.9415195534493157,3.805297520994916,130.92765484177843,8.602054983856176,4,,,KOLF2.1J,log1p,HAT1
1.0,0.14632811716434624,0.07,5.440034804164824,4.629456620749122,232.26715187921624,11.01991884123737,13,0.6923076923076923,0.8017026607912574,KOLF2.1J,log1p,HIRA
0.23853211009174313,-0.04322059706175176,0.01,3.3739329583093896,2.7480573016615057,101.1487591810018,11.508085894261823,10,0.1,1.200442970831224,KOLF2.1J,log1p,HMGB2
0.926605504587156,0.020974114340075414,0.01,4.768959324320188,4.877774565242216,101.88749017314136,4.143777337787467,0,,,KOLF2.1J,log1p,HMGN1
0.5688073394495412,0.0030938770799025755,0.01,6.296085786158423,6.379108087346154,162.14224682152374,3.892639547364184,0,,,KOLF2.1J,log1p,IDE
0.8073394495412844,0.07952846748681494,0.03,5.122632764733857,5.1730135786715215,111.8634885731361,4.152741016875895,1,,,KOLF2.1J,log1p,IGF2R
0.7155963302752293,0.019232928423378193,0.01,4.5190682062054846,3.7604593935027166,131.7733350229152,8.786994624671145,3,,,KOLF2.1J,log1p,IKBKG
0.00917431192660545,-0.12266680392731674,0.0,2.540888264323026,2.1374595236172267,274.1507194678487,44.993459060027064,56,0.44642857142857145,1.1082504692855732,KOLF2.1J,log1p,INSIG1
0.7981651376146789,0.010201095592761226,0.05,4.588634399498807,3.369834508709878,92.94746769727405,7.56467982638723,1,,,KOLF2.1J,log1p,IRF3
1.0,0.47190255103939777,0.24,1.0271871211059076,0.9352972552491048,91.69719088091745,92.43271177931217,271,0.8339483394833949,0.6136465091124006,KOLF2.1J,log1p,KAT2A
0.3211009174311926,-0.030751010038092344,0.0,2.7508162721528406,2.2280992292455433,98.71045745477856,16.17817329131932,23,0.6086956521739131,0.9775381138373636,KOLF2.1J,log1p,KDM2B
0.4128440366972477,-0.017092093667669186,0.01,6.043181830808371,5.86984537284011,145.77521209215394,4.088407915806295,1,,,KOLF2.1J,log1p,KIF1B
0.9357798165137614,0.021948210921172176,0.05,3.3887064652127665,3.1436149620552243,79.02560933999982,7.355104623680752,6,,,KOLF2.1J,log1p,KLF10
0.981651376146789,0.14989843959051946,0.1,2.078842173571605,1.6992850141285296,110.54422011177451,32.723502587011346,47,0.7872340425531915,0.6285150473469225,KOLF2.1J,log1p,LRPPRC
0.4862385321100917,-0.01917618396851079,0.0,2.119022026762068,1.475611933568905,120.05229299381844,37.121648070097244,67,0.5223880597014925,1.0041834474976243,KOLF2.1J,log1p,LZTR1
1.0,0.04785870003911674,0.02,4.324015436793237,4.294047891038657,88.33132691907797,4.642217044711614,0,,,KOLF2.1J,log1p,MAP3K7
0.5229357798165137,0.04076521296010246,0.02,4.895991502034046,4.30701429069582,106.03848492984531,5.523062306441866,3,,,KOLF2.1J,log1p,MAPKAPK2
0.7431192660550459,0.023026302759754015,0.01,5.939840787478925,6.053436114291854,182.4681583903162,4.883356975621416,0,,,KOLF2.1J,log1p,MAST2
1.0,0.24529205101617516,0.06,1.8731086875303455,1.7335542213304622,301.62311880325933,95.60901366089837,297,0.7474747474747475,0.7950406691183471,KOLF2.1J,log1p,MAU2
0.9541284403669725,0.09466032446535307,0.01,2.150472183870476,1.5647602875781546,253.05904429876352,80.2792871741462,149,0.6308724832214765,0.9547135270694214,KOLF2.1J,log1p,MBTPS1
1.0,0.22070814275302575,0.09,1.803062734426566,1.6904565743043882,109.93755803566366,35.33324196359707,63,0.746031746031746,0.6945414580371313,KOLF2.1J,log1p,MED1
1.0,0.07146845355571142,0.02,3.2764281408003795,3.1363005218103828,148.5226224805302,14.297397594791168,12,0.6666666666666666,0.6723561950692657,KOLF2.1J,log1p,MED12
1.0,0.13437404089256588,0.02,2.465267375469118,2.284156722708413,89.56214715127305,15.983224800005003,20,0.65,0.8493688742330725,KOLF2.1J,log1p,MED13
0.981651376146789,0.05878591950730872,0.01,3.537928073936072,3.456650948060016,93.28487289156917,7.437780462359324,2,,,KOLF2.1J,log1p,MED13L
1.0,0.2302009251891992,0.09,1.5533116149558743,1.225472254274193,117.19397270206176,60.48494676929177,156,0.7371794871794872,0.7004456677683927,KOLF2.1J,log1p,MED24
0.9908256880733946,0.276372245088826,0.06,1.011736296102026,0.530167281597506,357.12494548512626,361.45140944447206,1611,0.6896337678460583,0.8523041034885925,KOLF2.1J,log1p,METTL14
0.9174311926605505,0.039075758509132176,0.01,2.2825100208891307,1.8402459135933373,123.00145248367994,28.99140382417131,30,0.6333333333333333,0.9336000319367889,KOLF2.1J,log1p,METTL17
1.0,0.46056266593274786,0.18,0.9155216268346511,0.6006871671256044,287.95928059909045,356.59845416416147,1549,0.8018076178179471,0.7387003361799184,KOLF2.1J,log1p,METTL3
0.944954128440367,0.02408196145906903,0.01,4.363889332708896,4.373236672803535,86.16036006529563,4.326499345605781,1,,,KOLF2.1J,log1p,MKI67
0.926605504587156,0.021288630945090738,0.0,2.839661759677637,1.6665234075759179,93.82131995385966,25.3137089434243,10,0.6,1.0300920480647482,KOLF2.1J,log1p,MTA1
0.6972477064220184,0.006876792414889847,0.02,5.907447652874968,5.9171482343534,145.8317149114256,4.058630560993372,1,,,KOLF2.1J,log1p,NCK2
0.944954128440367,0.16636704378700543,0.04,4.0834049319477685,4.083753638092124,168.96106258908526,10.354123074715751,8,,,KOLF2.1J,log1p,NDUFB4
0.944954128440367,0.06817785550470344,0.0,6.02283131145096,6.186336744163704,383.44835077682217,9.978560799015732,4,,,KOLF2.1J,log1p,NDUFB6
0.5137614678899083,0.03557332318137943,0.02,5.054039028317257,4.071090616982561,131.03527366756146,7.581245949804451,1,,,KOLF2.1J,log1p,NISCH
1.0,0.12742090662692873,0.03,2.400597188728072,2.2576293836078327,178.8165101841485,32.385189523415,36,0.5833333333333334,0.8189378115896305,KOLF2.1J,log1p,NIT1
0.21100917431192656,-0.01319197067947232,0.02,5.715044636529406,4.774476248910679,142.83445381467055,5.970942407414075,4,,,KOLF2.1J,log1p,NRAS
0.12844036697247707,-0.040683246650356504,0.02,3.3669737032151366,2.3554863474181698,230.01036427871816,34.12630049200222,37,0.5675675675675675,0.9308594705413445,KOLF2.1J,log1p,OXCT1
0.7522935779816513,0.07148478956636552,0.04,4.389608202724931,4.290368982989841,132.5205557859407,7.0512634841261725,2,,,KOLF2.1J,log1p,PAGR1
0.6330275229357798,-0.007075596678710049,0.01,5.155103819397435,5.1266227765273085,118.39198613498371,4.328013639879009,0,,,KOLF2.1J,log1p,PBX1
0.9724770642201834,0.03254150874258693,0.02,2.8380063031338074,1.955104497725034,161.46495895473805,34.389444571791415,34,0.5294117647058824,1.0475713381501215,KOLF2.1J,log1p,PHF10
0.5137614678899083,-0.017184139181080384,0.01,3.5290713443612325,3.300732644352168,99.06573194750247,8.249787723329748,3,,,KOLF2.1J,log1p,PHF14
0.1834862385321101,-0.03335244082294545,0.02,6.046344779529098,5.995445691721407,168.4935360832245,4.511774191881248,2,,,KOLF2.1J,log1p,PLCB3
0.963302752293578,0.0430063689939626,0.01,4.811547560267925,3.534619949977435,97.50438372181709,7.392567310454581,1,,,KOLF2.1J,log1p,PMS1
0.963302752293578,0.027487676097844412,0.01,4.73030109450012,4.056821529661893,110.75233319768176,6.426096569250553,2,,,KOLF2.1J,log1p,POLB
0.15596330275229353,-0.021562934983177257,0.02,5.994941264762138,4.898338074496685,155.63917580679978,6.1749421438221415,2,,,KOLF2.1J,log1p,PRCP
1.0,0.09865521995829671,0.01,5.305130820947222,4.946272415047537,309.4187441650438,12.634669039720416,16,0.6875,0.9066568600563455,KOLF2.1J,log1p,PRR12
0.2844036697247706,0.004004515865080129,0.02,6.106374201029249,6.066082832701886,140.41695003783792,3.7197747688623792,2,,,KOLF2.1J,log1p,PTPN1
0.7339449541284404,0.04863540668444991,0.05,5.007783436733638,4.57401098874714,175.56965984888922,8.174905689195368,9,,,KOLF2.1J,log1p,RAF1
1.0,0.08410565215509865,0.07,1.921552525651446,1.4402491390946048,112.88814060528095,39.8609081554897,97,0.6804123711340206,0.8639796112691792,KOLF2.1J,log1p,RNF2
0.03669724770642202,-0.05737218245225941,0.0,4.781048705898961,4.5471182468829285,110.40209825279887,4.973506468799863,2,,,KOLF2.1J,log1p,RRM1
1.0,0.061031422398443225,0.01,2.700688985010105,2.369532496803934,168.2511160340056,26.599064546289515,45,0.5777777777777777,0.9298748873862093,KOLF2.1J,log1p,SAFB
1.0,0.3621626329966477,0.12,1.1415742521741463,0.9712035878384727,165.1033555328372,133.17266412216995,470,0.7489361702127659,0.6779725788060057,KOLF2.1J,log1p,SIN3B
1.0,0.06344654809593799,0.02,3.768456665999683,3.5813486274217183,85.17543284866242,6.369871358363403,3,,,KOLF2.1J,log1p,SIX4
0.9908256880733946,0.16759935714662744,0.03,3.8146508681042035,3.7795192712307886,173.33650734845872,12.365390328915378,4,,,KOLF2.1J,log1p,SLC25A3
0.9357798165137614,0.03991740216724977,0.01,4.027612530597482,2.952899623546491,210.54644806439185,22.20047334591812,30,0.7,0.8507247379610284,KOLF2.1J,log1p,SMAGP
0.6422018348623852,-0.013657001350378952,0.04,1.1475423767987383,0.4477065362192332,268.7817833785815,221.64465821905196,853,0.48534583821805394,0.9979854025740794,KOLF2.1J,log1p,SMARCA4
1.0,0.19572340697177604,0.05,1.5516683400485072,1.2537544859248053,163.98115130735363,78.79458411512789,267,0.7153558052434457,0.8042488175553661,KOLF2.1J,log1p,SMARCA5
1.0,0.1164017571282628,0.04,1.541059003628978,1.053002704234248,172.23049061865927,92.41459540513372,327,0.6574923547400612,0.8924968359220443,KOLF2.1J,log1p,SOX2
1.0,0.060935936910811346,0.05,2.7690676536015806,2.3787789069741634,129.12124268723218,20.27440301555896,29,0.5862068965517241,0.8262312557516589,KOLF2.1J,log1p,SSBP1
1.0,0.18715733208515106,0.03,2.2971619674106547,2.1086259977274167,214.61289045762985,46.08379790574959,93,0.7956989247311828,0.6275207645265785,KOLF2.1J,log1p,STAG2
0.5229357798165137,-0.018291798648437323,0.03,4.6653836508058655,4.260430204568377,92.0441355581227,4.767365631069456,5,,,KOLF2.1J,log1p,STAT1
0.5504587155963303,-0.013893938185604427,0.0,3.2072989415659303,2.4642961060290984,107.44323673590192,15.045474491121508,21,0.6190476190476191,0.9745739694882772,KOLF2.1J,log1p,STAT6
0.9174311926605505,0.037353150730862615,0.03,5.652264344323612,5.088458270045626,215.63333856296782,8.133341940387163,5,,,KOLF2.1J,log1p,STX4
1.0,0.30280127536885815,0.08,1.4797966144962567,1.369674616943348,119.30632653164135,58.2968829438001,155,0.7870967741935484,0.682371364936735,KOLF2.1J,log1p,TADA1
0.7431192660550459,0.004403198984686024,0.0,4.117686413446539,4.092927389624717,111.48143295724577,6.292693938738174,3,,,KOLF2.1J,log1p,TARBP2
0.8715596330275229,0.014654619727900093,0.01,4.751891200946212,4.756047607611373,115.5896969849224,4.9227759462459755,0,,,KOLF2.1J,log1p,TCF3
1.0,0.06075611457471176,0.04,4.084772514495909,3.8920431412359795,124.0288243248549,7.912489860239036,9,,,KOLF2.1J,log1p,TET1
1.0,0.12306368153672528,0.1,2.233370721514392,1.8357437025179202,118.54993412871714,30.256777865522608,44,0.7045454545454546,0.7556556626701765,KOLF2.1J,log1p,TFAM
0.33944954128440363,0.009866870970492114,0.01,5.734646135672443,5.524847449257885,161.14476387810254,5.129562564902825,2,,,KOLF2.1J,log1p,TMBIM6
0.23853211009174313,-0.004062082057133361,0.01,2.650560436908692,1.776826554113371,228.40588431428768,54.75326986699672,90,0.37777777777777777,1.1044196997470634,KOLF2.1J,log1p,TMSB10
0.11009174311926606,-0.0410686881498208,0.0,4.992944612455103,5.018087465522233,111.92227421604935,4.208652604315498,0,,,KOLF2.1J,log1p,TMSB4X
0.9357798165137614,0.04202959757593106,0.01,6.14137986253784,6.1463104956149035,178.9765231993714,4.677843268974838,0,,,KOLF2.1J,log1p,TRAM2
0.42201834862385323,-0.00966061432523498,0.0,3.731471397172337,3.1573745736748644,255.34278530761324,23.149805600463942,50,0.3,1.2602927780461388,KOLF2.1J,log1p,TRAPPC6A
0.29357798165137616,-0.021000535539239536,0.0,5.07535687311843,4.239487831977736,130.83623328336284,6.831708339197052,2,,,KOLF2.1J,log1p,TSC22D4
0.1009174311926605,-0.034579340618345354,0.01,6.1085028893838835,6.158898798636114,152.6688524795038,3.8789813156144843,0,,,KOLF2.1J,log1p,TWF2
0.39449541284403666,0.0010115468293468747,0.01,4.799699463488349,4.487574666748116,212.09303080943596,10.037888464676527,8,,,KOLF2.1J,log1p,TXNDC9
0.8165137614678899,0.028687419900089665,0.03,3.283029792786639,2.4064712934026407,119.17797936211016,17.913330073560587,18,0.6111111111111112,0.918252426089431,KOLF2.1J,log1p,UBE3C
0.981651376146789,0.16560075569395932,0.04,3.869976718955893,3.6798812518346486,219.5120961754107,16.476493096967765,17,0.5294117647058824,1.0428010416950364,KOLF2.1J,log1p,UQCRQ
1.0,0.06751034579400256,0.02,3.4957026389126735,3.4741244030201677,111.43060643667607,8.843374885374025,2,,,KOLF2.1J,log1p,USP22
0.9357798165137614,0.017534385213322932,0.03,3.722226273498483,3.19349382778301,213.3931266470177,19.24817040139183,24,0.625,0.8676747012632888,KOLF2.1J,log1p,WSB2
0.944954128440367,0.03007149197231281,0.02,3.0064917111031195,2.2524335430176077,115.91973490969534,19.52171669296456,4,,,KOLF2.1J,log1p,XRCC4
0.9357798165137614,0.02445715490358258,0.0,4.2664337018944085,4.288970686462015,76.82587243860132,4.004376352107395,0,,,KOLF2.1J,log1p,ZNF286A
0.7064220183486238,0.0004202265522075517,0.03,4.180271032059161,4.176777007913614,72.61303880220652,3.93738276104981,0,,,KOLF2.1J,log1p,ZNF426
0.9541284403669725,0.02905892911756726,0.04,4.299753486360215,4.14074412701537,80.76546124353032,4.510749047723952,1,,,KOLF2.1J,log1p,ZNF562
1.0,0.03504293657907532,0.0,4.144755601370764,4.003304292825233,152.62833716947733,9.114386740836345,5,,,KOLF2.1J,log1p,ZNF593
0.963302752293578,0.023649032104936154,0.04,4.468006083139284,3.3055792956280152,90.64099118850118,7.700687095179143,5,,,KOLF2.1J,log1p,ZNF714
