panel,destination,donor,same_study,pseudocount,targets,retrieval,cosine,direct_mse_ratio,scaled_mse_ratio,a_mean
five_anchors,CD4T,HCT116,False,0.0,110,0.5741451209341117,0.014096695720219089,13.968256755656808,0.9998141484433615,0.004532484242772762
five_anchors,CD4T,HEK293T,False,0.0,110,0.5639699749791492,0.006374273458517064,8.11119004115954,0.9999616841932071,0.0036718041822057985
five_anchors,CD4T,K562_GWPS,False,0.0,110,0.6969140950792325,0.044597643535130904,4.263835837676023,0.9971659336795964,0.03725017525122028
five_anchors,CD4T,KOLF2.1J,False,0.0,110,0.5827356130108422,0.012830707456276238,9.376696784520963,0.9999132465592591,0.0039665496793047945
five_anchors,CD4T,HCT116,False,0.1,110,0.5875729774812344,0.01852991028320717,6.307884766905066,0.9997915595363907,0.00961206253827613
five_anchors,CD4T,HEK293T,False,0.1,110,0.5886572143452877,0.011329435790265489,4.5339844255987405,0.9999566481123068,0.008958598308451485
five_anchors,CD4T,K562_GWPS,False,0.1,110,0.6967472894078398,0.04463778057027116,4.2422644628936,0.9971372722052987,0.0374474860369311
five_anchors,CD4T,KOLF2.1J,False,0.1,110,0.5985821517931608,0.014285006351220755,6.748380674354308,0.9998636499199958,0.005426239120673597
five_anchors,CD4T,avg_others,False,0.1,110,0.6948290241868225,0.03870688098750845,2.728292010745469,0.9989100437512497,0.0330234436068179
five_anchors,CD4T,HCT116,False,0.3,110,0.5797331109257715,0.018830438713687076,5.648391061241599,0.9998077629290274,0.010656211084350426
five_anchors,CD4T,HEK293T,False,0.3,110,0.5966638865721435,0.013868242796116903,3.995611071954272,0.9999551813719164,0.011175859917278775
five_anchors,CD4T,K562_GWPS,False,0.3,110,0.6971643035863219,0.04471518862921346,4.202057586360381,0.997084561983024,0.03782075148666012
five_anchors,CD4T,KOLF2.1J,False,0.3,110,0.6005004170141786,0.015037319895584817,5.9960280468450335,0.9998357014364506,0.006222742516295036
five_anchors,CD4T,avg_others,False,0.3,110,0.6994995829858215,0.04193630344751329,2.3344962071265996,0.9985471582245092,0.04198761381782785
five_anchors,CD4T,HCT116,False,1.0,110,0.5680567139282736,0.019023724576753925,5.083151670104885,0.9997992452664431,0.011835676890430049
five_anchors,CD4T,HEK293T,False,1.0,110,0.6073394495412843,0.01611119585966395,3.5939101928579174,0.9999487408175943,0.013319610792355116
five_anchors,CD4T,K562_GWPS,False,1.0,110,0.6965804837364471,0.04496125215627004,4.082542728202148,0.996931702636244,0.038973826267992714
five_anchors,CD4T,KOLF2.1J,False,1.0,110,0.6020016680567138,0.01592004914177305,5.258647145321807,0.9998013640967394,0.007265879239514791
five_anchors,CD4T,avg_others,False,1.0,110,0.7019182652210173,0.044374621108376845,2.0216389598866265,0.9979267531816665,0.053253689195691935
five_anchors,CD4T,HCT116,False,3.0,110,0.5646371976647205,0.019153733082444162,4.574715569823798,0.9997602853662062,0.01322737871731236
five_anchors,CD4T,HEK293T,False,3.0,110,0.6115929941618016,0.017393486368529526,3.3010626895611868,0.9999223176371506,0.015082690690670678
five_anchors,CD4T,K562_GWPS,False,3.0,110,0.6957464553794828,0.0454996890511505,3.8400900047875814,0.996629601649002,0.041526506477144925
five_anchors,CD4T,KOLF2.1J,False,3.0,110,0.6039199332777316,0.01666879377580338,4.639814717109729,0.9997690127924264,0.008381912048609023
five_anchors,CD4T,avg_others,False,3.0,110,0.6992493744787323,0.046016840370930616,1.8034533462436875,0.9971944071045922,0.06518139154134081
five_anchors,CD4T,HCT116,False,10.0,110,0.5637197664720599,0.019448970803902427,3.985703798082469,0.9996766323700181,0.015454512961482508
five_anchors,CD4T,HEK293T,False,10.0,110,0.6132610508757299,0.018177357404171094,3.0153046638835614,0.9998636790281934,0.017003521756873457
five_anchors,CD4T,K562_GWPS,False,10.0,110,0.6954962468723935,0.046360137960256544,3.425534337537291,0.9961031632721333,0.046643522427020453
five_anchors,CD4T,KOLF2.1J,False,10.0,110,0.6049207673060882,0.01729216597086527,4.017150011457813,0.9997349248272343,0.009786513808144449
five_anchors,CD4T,avg_others,False,10.0,110,0.6939115929941618,0.04735670141472166,1.6237840467879077,0.9963660952034046,0.0794210517041513
five_anchors,CD4T,HCT116,False,30.0,110,0.5653878231859882,0.019594158115542746,3.6196664581617553,0.999581274506948,0.017401521937075767
five_anchors,CD4T,HEK293T,False,30.0,110,0.6135946622185154,0.01808106807411228,2.9119357395139644,0.9998036539526243,0.01773648390056349
five_anchors,CD4T,K562_GWPS,False,30.0,110,0.6965804837364471,0.04597631962713449,3.134131593906057,0.9957260854772163,0.05051842117386236
five_anchors,CD4T,KOLF2.1J,False,30.0,110,0.6050041701417849,0.0171061523410517,3.708650916991123,0.9997247941600153,0.010491780878359572
five_anchors,CD4T,avg_others,False,30.0,110,0.6899916597164304,0.04666393855994316,1.5521992049057771,0.9959848742491347,0.08624948937998435
five_anchors,CD4T,HCT116,False,100.0,110,0.565721434528774,0.019109009454977365,3.734898945441948,0.9995137541511615,0.017267467800900976
five_anchors,CD4T,HEK293T,False,100.0,110,0.610091743119266,0.016907158001428394,3.230145522989817,0.999769830076069,0.015827284015576697
five_anchors,CD4T,K562_GWPS,False,100.0,110,0.6959966638865722,0.04295493826911373,3.2421402703420714,0.9958374583825422,0.04760287950561638
five_anchors,CD4T,KOLF2.1J,False,100.0,110,0.6016680567139283,0.015805326360223425,4.075607295794492,0.9997502905975854,0.009385492907385024
five_anchors,CD4T,avg_others,False,100.0,110,0.6853211009174313,0.04228309570541118,1.6595584204271407,0.9963643464945737,0.07517412061345517
five_anchors,CD4T,HCT116,False,300.0,110,0.5665554628857381,0.018763992931965456,4.333912024179462,0.9994700987086985,0.0157596558299215
five_anchors,CD4T,HEK293T,False,300.0,110,0.6052543786488741,0.015745981973951537,3.9365054451151673,0.9997577004934902,0.013129785191528872
five_anchors,CD4T,K562_GWPS,False,300.0,110,0.6946622185154295,0.040442279909870496,3.7244353641297105,0.995882258420178,0.041986052304379615
five_anchors,CD4T,KOLF2.1J,False,300.0,110,0.6025020850708923,0.014738380315620544,5.1923791393936245,0.9997695506945351,0.007668001611189015
five_anchors,CD4T,avg_others,False,300.0,110,0.6778982485404503,0.03776965247400046,1.9557734658018329,0.996937288549495,0.05799999313584529
five_anchors,CD4T,HCT116,False,inf,110,0.5909924937447874,0.021511771766626324,6.7033931446230515,0.9992697535299832,0.013372747178993996
five_anchors,CD4T,HEK293T,False,inf,110,0.596163469557965,0.018843113075123163,5.972392757535585,0.9995240295544311,0.012259651700282021
five_anchors,CD4T,K562_GWPS,False,inf,110,0.6867389491242704,0.037001068114831843,6.082753146416981,0.9966658270075243,0.027963731393224715
five_anchors,CD4T,KOLF2.1J,False,inf,110,0.5821517931609674,0.016279170289946528,9.386352185905924,0.9996646357991631,0.006670495989345845
five_anchors,CD4T,avg_others,False,inf,110,0.6681401167639701,0.03541157938803243,3.489492035575673,0.9972301119711574,0.034627766326405976
five_anchors,HCT116,CD4T,False,0.0,110,0.5717264386989157,0.013388085620545588,2.4383758978817123,0.999926843987711,0.012271119801974288
five_anchors,HCT116,HEK293T,True,0.0,110,0.6290241868223521,0.03298941401229539,1.8567039488659347,0.999032759590915,0.03661703955574904
five_anchors,HCT116,K562_GWPS,False,0.0,110,0.6666388657214346,0.03367212814793223,1.9433305008813093,0.9988926277467116,0.03857942961246298
five_anchors,HCT116,KOLF2.1J,False,0.0,110,0.534278565471226,0.008558571637839352,2.794963511591254,0.9998921943055789,0.008731382697933564
five_anchors,HCT116,CD4T,False,0.1,110,0.5716430358632194,0.01745081097954362,1.655048858061438,0.9997865259664536,0.026003506934769542
five_anchors,HCT116,HEK293T,True,0.1,110,0.6291909924937448,0.036891028280645895,1.7361375507026038,0.9988607195106258,0.04179305575110741
five_anchors,HCT116,K562_GWPS,False,0.1,110,0.6668056713928273,0.03369385631620206,1.9390179019088207,0.9988863154079454,0.03872215894218996
five_anchors,HCT116,KOLF2.1J,False,0.1,110,0.5258548790658882,0.00824524977398511,2.351225413513881,0.9999207745189057,0.00939544203050124
five_anchors,HCT116,avg_others,False,0.1,110,0.6337781484570476,0.03625105525153299,1.2971619872514903,0.9980232786400427,0.07950995849971607
five_anchors,HCT116,CD4T,False,0.3,110,0.5663052543786488,0.018165822452912435,1.525634192053163,0.9997019232484369,0.031805753081223444
five_anchors,HCT116,HEK293T,True,0.3,110,0.6275229357798163,0.03806578788381055,1.6938020365909796,0.9987959166442549,0.04380965910127004
five_anchors,HCT116,K562_GWPS,False,0.3,110,0.6665554628857382,0.03373779372368767,1.931642789765591,0.9988751462834423,0.038973104819415176
five_anchors,HCT116,KOLF2.1J,False,0.3,110,0.5247706422018349,0.008266771939157834,2.2698022088113445,0.9999286894370039,0.00954031841097525
five_anchors,HCT116,avg_others,False,0.3,110,0.6319432860717265,0.03802060654441296,1.2479893803279485,0.9978250226454776,0.08966591138428326
five_anchors,HCT116,CD4T,False,1.0,110,0.5556296914095078,0.01900625499351083,1.4120205955850273,0.9995909068208566,0.039428346473641025
five_anchors,HCT116,HEK293T,True,1.0,110,0.6272727272727271,0.039067104490998025,1.6531004395526574,0.9987283240005282,0.04584308147350304
five_anchors,HCT116,K562_GWPS,False,1.0,110,0.6675562969140949,0.03387982048207685,1.9109079356239276,0.9988430810285411,0.039708415303133834
five_anchors,HCT116,KOLF2.1J,False,1.0,110,0.5255212677231026,0.008336348128348145,2.1731135017142775,0.9999335226510687,0.009909805757800278
five_anchors,HCT116,avg_others,False,1.0,110,0.6307756463719766,0.03950567005409331,1.2059453372505577,0.9976437746439868,0.10021792612358364
five_anchors,HCT116,CD4T,False,3.0,110,0.5521267723102585,0.019646099949049024,1.3404805473549237,0.9995027122347662,0.04612120079216858
five_anchors,HCT116,HEK293T,True,3.0,110,0.626438698915763,0.03964133255801744,1.625045902490323,0.9986916146527904,0.04713573384531495
five_anchors,HCT116,K562_GWPS,False,3.0,110,0.6692243536280231,0.03418219892406042,1.8693814955949728,0.9987774609215095,0.04127781473269078
five_anchors,HCT116,KOLF2.1J,False,3.0,110,0.5261050875729775,0.008344576289819364,2.078669808837828,0.9999381990926247,0.010325289214465325
five_anchors,HCT116,avg_others,False,3.0,110,0.6323603002502084,0.04044630645209039,1.1762925345703255,0.9975305578272967,0.10881435517433216
five_anchors,HCT116,CD4T,False,10.0,110,0.5532110091743119,0.020014668859843713,1.3005119895860882,0.9994436274956569,0.050663630153221687
five_anchors,HCT116,HEK293T,True,10.0,110,0.6248540450375312,0.03980325278849076,1.6137729185265925,0.9987088598467156,0.04712573686880012
five_anchors,HCT116,K562_GWPS,False,10.0,110,0.6714762301918267,0.0345671229705001,1.800226294265854,0.9986629918725983,0.04409811361670795
five_anchors,HCT116,KOLF2.1J,False,10.0,110,0.5278565471226021,0.00825380411277909,1.9877578558764533,0.9999463256052554,0.010650276673547246
five_anchors,HCT116,avg_others,False,10.0,110,0.633277731442869,0.040915238333484996,1.1543342443982147,0.997491877485952,0.11536187156188885
five_anchors,HCT116,CD4T,False,30.0,110,0.5537948290241868,0.019587960015094597,1.320515435273074,0.9994553736276468,0.04793585505037255
five_anchors,HCT116,HEK293T,True,30.0,110,0.6236030025020851,0.03918074889966592,1.6457589281663498,0.9987941907529749,0.04465005231649459
five_anchors,HCT116,K562_GWPS,False,30.0,110,0.6742285237698081,0.03401902441787643,1.764899648813636,0.9986021868582956,0.04526418245196348
five_anchors,HCT116,KOLF2.1J,False,30.0,110,0.5304420350291911,0.007866585760389445,1.9683252879075808,0.9999582628510928,0.01026574658461343
five_anchors,HCT116,avg_others,False,30.0,110,0.6339449541284404,0.039951099557750044,1.1532864206547881,0.9976351016275756,0.11227739378688562
five_anchors,HCT116,CD4T,False,100.0,110,0.5571309424520433,0.01756671624392561,1.4609967401157378,0.9995643079312064,0.03586360949853943
five_anchors,HCT116,HEK293T,True,100.0,110,0.6212677231025855,0.037512894557703014,1.7519627751976234,0.998937107394583,0.039478236615097966
five_anchors,HCT116,K562_GWPS,False,100.0,110,0.6787322768974146,0.031692974976381565,1.826781162155235,0.9986923695377419,0.0416181397523667
five_anchors,HCT116,KOLF2.1J,False,100.0,110,0.5293577981651376,0.006915016718915817,2.08337883681632,0.9999757633125176,0.008760729283306175
five_anchors,HCT116,avg_others,False,100.0,110,0.6317764804003335,0.03648478513739029,1.189366611792994,0.9980497873019609,0.09361849723145974
five_anchors,HCT116,CD4T,False,300.0,110,0.5552960800667223,0.015155767702199802,1.7177402284580017,0.9996717111102099,0.025227603104605457
five_anchors,HCT116,HEK293T,True,300.0,110,0.6180150125104255,0.03587602465101815,1.8859967463564924,0.9990692060082214,0.03463942943986807
five_anchors,HCT116,K562_GWPS,False,300.0,110,0.6755629691409507,0.029316073306840752,1.9556754059201258,0.9988307429016821,0.03648748818586252
five_anchors,HCT116,KOLF2.1J,False,300.0,110,0.5269391159299416,0.005928673900310501,2.2992279968806124,0.9999886673262633,0.00730044261682971
five_anchors,HCT116,avg_others,False,300.0,110,0.6279399499582984,0.0323749956509575,1.2584569496167881,0.9984660737913601,0.07283374778155055
five_anchors,HCT116,CD4T,False,inf,110,0.5351959966638864,0.012097305621555554,2.4046692250982558,0.9997883098341823,0.014523697864670193
five_anchors,HCT116,HEK293T,True,inf,110,0.6140116763969975,0.03325979544945246,2.092891654115534,0.9992327633738451,0.02911764654100778
five_anchors,HCT116,K562_GWPS,False,inf,110,0.6696413678065053,0.027951025765080764,2.2997379736405605,0.9987982639249093,0.031351056589418294
five_anchors,HCT116,KOLF2.1J,False,inf,110,0.5214345287739783,0.005192900472344786,2.8493364428123615,0.9999944185162177,0.006035518251514697
five_anchors,HCT116,avg_others,False,inf,110,0.6170975813177646,0.02726520441254013,1.4944952431272296,0.9987862192517468,0.048429868923587006
five_anchors,HEK293T,CD4T,False,0.0,110,0.582652210175146,0.01348068549771932,4.05835220177349,0.9999258709866861,0.007979443863682077
five_anchors,HEK293T,HCT116,True,0.0,110,0.5996663886572146,0.022833826089772722,4.783880359800664,0.9992466359440855,0.016014292056027463
five_anchors,HEK293T,K562_GWPS,False,0.0,110,0.7066722268557131,0.03578932587963324,2.4958288822376744,0.998852453230283,0.029912664494061537
five_anchors,HEK293T,KOLF2.1J,False,0.0,110,0.5673060884070058,0.011767844873305506,3.6597138034094936,0.9999516025451094,0.005365817041109133
five_anchors,HEK293T,CD4T,False,0.1,110,0.5994161801501252,0.014594198376771622,2.078458321232875,0.9999163473811276,0.016034121511922923
five_anchors,HEK293T,HCT116,True,0.1,110,0.6060884070058382,0.031295524289923084,3.074570974603346,0.9988642909614629,0.0255822688814915
five_anchors,HEK293T,K562_GWPS,False,0.1,110,0.7062552126772309,0.03579400275417921,2.4890563798752674,0.9988544598673447,0.029967728653562654
five_anchors,HEK293T,KOLF2.1J,False,0.1,110,0.5696413678065055,0.013597825062301035,3.115260400493502,0.9999394171662264,0.00652395024626624
five_anchors,HEK293T,avg_others,False,0.1,110,0.6837364470391996,0.039009638402149716,1.5812399389393146,0.9974995280259423,0.06253890205723661
five_anchors,HEK293T,CD4T,False,0.3,110,0.5941618015012511,0.015641308721246215,1.8448808941706047,0.9998681315801607,0.02019945873769732
five_anchors,HEK293T,HCT116,True,0.3,110,0.6072560467055879,0.03371979189606338,2.8429428266887715,0.9988089478507055,0.027688079273180215
five_anchors,HEK293T,K562_GWPS,False,0.3,110,0.7063386155129274,0.035803194350228516,2.476240491488553,0.9988583650585039,0.030072817602862678
five_anchors,HEK293T,KOLF2.1J,False,0.3,110,0.5700583819849874,0.013978980801102677,2.9584563192674165,0.9999373839332704,0.00682707485662324
five_anchors,HEK293T,avg_others,False,0.3,110,0.6869057547956631,0.04166962386930577,1.4715674894552175,0.9974615043405108,0.06949529092783582
five_anchors,HEK293T,CD4T,False,1.0,110,0.5938281901584654,0.01698618069335039,1.6487155694894502,0.9997913742109693,0.02604624527933309
five_anchors,HEK293T,HCT116,True,1.0,110,0.6081734778982485,0.03577737052815893,2.6649292753626073,0.9987770887588461,0.029375638866701293
five_anchors,HEK293T,K562_GWPS,False,1.0,110,0.7066722268557131,0.0358313862810184,2.4367865280465106,0.9988708568628988,0.030405351909899937
five_anchors,HEK293T,KOLF2.1J,False,1.0,110,0.569557964970809,0.014383530740173107,2.7854923272790337,0.9999354330899677,0.007202505169795047
five_anchors,HEK293T,avg_others,False,1.0,110,0.6891576313594662,0.043726304519011557,1.3833304537249085,0.9975604963559634,0.07534944884562503
five_anchors,HEK293T,CD4T,False,3.0,110,0.5977481234361969,0.018112268520210775,1.5233355323491815,0.9997209949314855,0.0317098910002116
five_anchors,HEK293T,HCT116,True,3.0,110,0.6102585487906588,0.03700525569472136,2.5258127335645133,0.998779649865984,0.030499253965798362
five_anchors,HEK293T,K562_GWPS,False,3.0,110,0.7080066722268556,0.035881838728284494,2.351731416437135,0.9988991185468685,0.031175721509353112
five_anchors,HEK293T,KOLF2.1J,False,3.0,110,0.5718932443703085,0.014737465067344156,2.61966105441794,0.9999337678553392,0.007654769414164363
five_anchors,HEK293T,avg_others,False,3.0,110,0.6936613844870728,0.04480027503915679,1.3214332247570681,0.9977564023170172,0.07909339164205383
five_anchors,HEK293T,CD4T,False,10.0,110,0.5976647206005005,0.01884421428208682,1.443154591002589,0.9996671708400319,0.03636302975524676
five_anchors,HEK293T,HCT116,True,10.0,110,0.6122602168473726,0.03789695795863915,2.360115169926551,0.9988154511322841,0.03164924073499735
five_anchors,HEK293T,K562_GWPS,False,10.0,110,0.7090075062552126,0.035803129499552507,2.193565570048831,0.9989624288461829,0.03274610090811087
five_anchors,HEK293T,KOLF2.1J,False,10.0,110,0.5715596330275229,0.015075257161325574,2.4310299010030727,0.9999329354722261,0.008272687435418879
five_anchors,HEK293T,avg_others,False,10.0,110,0.6960800667222687,0.045029170173423685,1.2686879656142687,0.9980354687934333,0.08167333900193137
five_anchors,HEK293T,CD4T,False,30.0,110,0.596997497914929,0.018611871919079877,1.444997745929495,0.99965483355776,0.035910419662916346
five_anchors,HEK293T,HCT116,True,30.0,110,0.6133444537114262,0.038223158296233135,2.2234359574477605,0.9988753763708688,0.03239323159024569
five_anchors,HEK293T,K562_GWPS,False,30.0,110,0.7090909090909092,0.034919752824165894,2.063104402689734,0.9990567182232905,0.033770120889221246
five_anchors,HEK293T,KOLF2.1J,False,30.0,110,0.5732276897414512,0.015211364770275229,2.3059728224273734,0.9999347639508651,0.00870890318155387
five_anchors,HEK293T,avg_others,False,30.0,110,0.6925771476230193,0.043863380603432006,1.243049972845955,0.9983164284800022,0.08071564344365614
five_anchors,HEK293T,CD4T,False,100.0,110,0.5987489574645539,0.017121859173570144,1.5991493154728713,0.9996969612876421,0.028266537857018947
five_anchors,HEK293T,HCT116,True,100.0,110,0.6181818181818182,0.03775411230555993,2.1661106931140113,0.9989510841722676,0.03204247604485194
five_anchors,HEK293T,K562_GWPS,False,100.0,110,0.7035029190992494,0.03243441997510452,2.059115966237602,0.9991937169069702,0.03190264411047016
five_anchors,HEK293T,KOLF2.1J,False,100.0,110,0.5710592160133445,0.015131699124919979,2.3120750878640117,0.9999357163997614,0.00874038991982173
five_anchors,HEK293T,avg_others,False,100.0,110,0.687322768974145,0.0404964655126613,1.2611191014308378,0.9986324198267708,0.07186931835741316
five_anchors,HEK293T,CD4T,False,300.0,110,0.5956630525437866,0.015372234463112536,1.9168964924478267,0.9997529407476659,0.020488374983700864
five_anchors,HEK293T,HCT116,True,300.0,110,0.6245204336947457,0.036721060624560715,2.2161410783502666,0.9990129116387987,0.030596374017446516
five_anchors,HEK293T,K562_GWPS,False,300.0,110,0.6961634695579647,0.029999265140801278,2.1759833760631526,0.9992947941802138,0.02859849418173872
five_anchors,HEK293T,KOLF2.1J,False,300.0,110,0.567556296914095,0.014712159306487177,2.459059669165604,0.9999359342839302,0.008290355755516258
five_anchors,HEK293T,avg_others,False,300.0,110,0.6847372810675563,0.036492906199402576,1.3279448911265255,0.9988839924275297,0.05917801783427753
five_anchors,HEK293T,CD4T,False,inf,110,0.5821517931609674,0.011967138708128476,2.8842477104378546,0.9998533906930348,0.011448984999945715
five_anchors,HEK293T,HCT116,True,inf,110,0.6301084236864053,0.034337992948201036,2.5516509075504032,0.9990480112714611,0.026248702737605455
five_anchors,HEK293T,K562_GWPS,False,inf,110,0.6994995829858216,0.02879437158564764,2.607224084367486,0.99921851517477,0.024736648203124614
five_anchors,HEK293T,KOLF2.1J,False,inf,110,0.5669724770642202,0.015471203906068575,2.991644980889601,0.9999116911652497,0.007927896512091376
five_anchors,HEK293T,avg_others,False,inf,110,0.6775646371976646,0.03128300866999851,1.6412792070333109,0.9990358490741159,0.03960047194775611
five_anchors,K562_GWPS,CD4T,False,0.0,110,0.6509591326105088,0.025864307329449943,4.272959026830493,0.9989832898968355,0.020955916892554806
five_anchors,K562_GWPS,HCT116,False,0.0,110,0.605671392827356,0.01392554270711482,7.281846154697853,0.9997454107181073,0.007379790032229001
five_anchors,K562_GWPS,HEK293T,False,0.0,110,0.6478732276897414,0.015309270004497014,3.6473182594730185,0.9997590688342023,0.010984681207582477
five_anchors,K562_GWPS,KOLF2.1J,False,0.0,110,0.5653878231859883,0.009478285653520803,5.278358246132409,0.9999368325365862,0.0040260839397717706
five_anchors,K562_GWPS,CD4T,False,0.1,110,0.6963302752293578,0.04517000778774349,1.7677592337469539,0.996268973089215,0.0797016893666995
five_anchors,K562_GWPS,HCT116,False,0.1,110,0.6597998331943287,0.02627472383964448,2.933830061740456,0.9991081058167137,0.023861792050144413
five_anchors,K562_GWPS,HEK293T,False,0.1,110,0.683069224353628,0.02842961586585143,2.1676205800331485,0.9993427999003291,0.028339856951335212
five_anchors,K562_GWPS,KOLF2.1J,False,0.1,110,0.5852376980817348,0.014502496852766177,3.221548515878831,0.999861492952597,0.0086674708578693
five_anchors,K562_GWPS,avg_others,False,0.1,110,0.7049207673060883,0.04459915753875149,1.5474942257336903,0.9981726907326671,0.06950235147430434
five_anchors,K562_GWPS,CD4T,False,0.3,110,0.6927439532944121,0.04905153820823783,1.5686766514826205,0.9951845851212162,0.10144228573765597
five_anchors,K562_GWPS,HCT116,False,0.3,110,0.6693911592994162,0.03132138287617645,2.502277777883849,0.9988105545437869,0.03127748551822921
five_anchors,K562_GWPS,HEK293T,False,0.3,110,0.6951626355296079,0.033605156674240515,1.9418036753693262,0.99917142182887,0.03642518336070264
five_anchors,K562_GWPS,KOLF2.1J,False,0.3,110,0.5917431192660549,0.016649975180763422,2.8173797636700177,0.9998167708711947,0.011134206239146467
five_anchors,K562_GWPS,avg_others,False,0.3,110,0.7254378648874061,0.053835746682806315,1.3658198502448937,0.9972660742480407,0.10105109111854622
five_anchors,K562_GWPS,CD4T,False,1.0,110,0.6917431192660548,0.05269271896098717,1.4174825525619974,0.9938279236184323,0.1272349875513767
five_anchors,K562_GWPS,HCT116,False,1.0,110,0.6761467889908258,0.03550136177711026,2.230052223105308,0.9985460720547576,0.038313102915756236
five_anchors,K562_GWPS,HEK293T,False,1.0,110,0.7070058381984987,0.03828287617937515,1.7881488194308932,0.9990231166359688,0.0444344406788049
five_anchors,K562_GWPS,KOLF2.1J,False,1.0,110,0.5945788156797331,0.01888183264790003,2.478602803994029,0.9997651959060818,0.014103453702992551
five_anchors,K562_GWPS,avg_others,False,1.0,110,0.7351959966638867,0.06111615866437524,1.249891467670402,0.9959433124112146,0.13719606991864736
five_anchors,K562_GWPS,CD4T,False,3.0,110,0.6910758965804836,0.05527235059682749,1.32915341638681,0.9927142520442835,0.14910171682387624
five_anchors,K562_GWPS,HCT116,False,3.0,110,0.6798999165971642,0.037609135884130986,2.0875990634006634,0.998375618034185,0.042976563423801684
five_anchors,K562_GWPS,HEK293T,False,3.0,110,0.7142618849040868,0.041063359645383934,1.7081844689980228,0.9989097303370791,0.04977055850620906
five_anchors,K562_GWPS,KOLF2.1J,False,3.0,110,0.5977481234361968,0.02045541667710081,2.2655829019669507,0.9997252250726136,0.016577221098611865
five_anchors,K562_GWPS,avg_others,False,3.0,110,0.73511259382819,0.06511487867243557,1.187326875473101,0.9945464357965625,0.16730299902395232
five_anchors,K562_GWPS,CD4T,False,10.0,110,0.6894912427022518,0.05679808125490069,1.2842760137867284,0.9920719584498157,0.1631061010688375
five_anchors,K562_GWPS,HCT116,False,10.0,110,0.6798999165971642,0.03862655786034314,2.0003081997671517,0.9982306238640447,0.04628846599255303
five_anchors,K562_GWPS,HEK293T,False,10.0,110,0.714678899082569,0.04252242772110268,1.6777056443950011,0.9987821407034695,0.052497769723404517
five_anchors,K562_GWPS,KOLF2.1J,False,10.0,110,0.5938281901584653,0.02151620600905621,2.123425591360949,0.999695371206025,0.0185570844173125
five_anchors,K562_GWPS,avg_others,False,10.0,110,0.7335279399499585,0.06731540025591176,1.1508175955998738,0.9932822644954613,0.19113736518159813
five_anchors,K562_GWPS,CD4T,False,30.0,110,0.688740617180984,0.05574377871988013,1.3136489128429871,0.9925665348809747,0.1528476229249754
five_anchors,K562_GWPS,HCT116,False,30.0,110,0.6748123436196831,0.03821067733438696,2.014212900200252,0.9981710630625895,0.04605250734849321
five_anchors,K562_GWPS,HEK293T,False,30.0,110,0.7117597998331942,0.04202746980732814,1.7397577458165496,0.9987058830608184,0.049791591062219566
five_anchors,K562_GWPS,KOLF2.1J,False,30.0,110,0.5881567973311093,0.02134410394514682,2.1279511036703935,0.9997014841965272,0.018342172207496777
five_anchors,K562_GWPS,avg_others,False,30.0,110,0.7317764804003337,0.06687688683839382,1.1510372813521956,0.9929988095738765,0.191401414237083
five_anchors,K562_GWPS,CD4T,False,100.0,110,0.6868223519599665,0.050536876813503634,1.489821264803195,0.9942562361449205,0.11297457097404093
five_anchors,K562_GWPS,HCT116,False,100.0,110,0.6693077564637198,0.03608136515922163,2.1894117123369727,0.9982449664253485,0.04105278739576563
five_anchors,K562_GWPS,HEK293T,False,100.0,110,0.7061718098415348,0.03933663463874003,1.971260070495161,0.9987272631164245,0.04123942426542621
five_anchors,K562_GWPS,KOLF2.1J,False,100.0,110,0.5822351959966638,0.01957147118352174,2.402177641274111,0.9997524233020432,0.014953238682809945
five_anchors,K562_GWPS,avg_others,False,100.0,110,0.7276063386155127,0.06288193438482054,1.2052107539451835,0.9938718157522412,0.16008836900888723
five_anchors,K562_GWPS,CD4T,False,300.0,110,0.6747289407839867,0.04368183989369568,1.8073451072447098,0.9958193046913855,0.07708638851928831
five_anchors,K562_GWPS,HCT116,False,300.0,110,0.6672226855713095,0.03391834314867778,2.4530597082013292,0.9983446592748466,0.03568980210150495
five_anchors,K562_GWPS,HEK293T,False,300.0,110,0.6990825688073397,0.036411749632049975,2.2865801445130383,0.9988249511570665,0.03363105473230088
five_anchors,K562_GWPS,KOLF2.1J,False,300.0,110,0.5804003336113428,0.017662899700125086,2.886527609190949,0.999798144823274,0.011574904916049079
five_anchors,K562_GWPS,avg_others,False,300.0,110,0.7220183486238531,0.05720475982526878,1.3085133475644906,0.9950274829823709,0.12281980790780456
five_anchors,K562_GWPS,CD4T,False,inf,110,0.6764804003336113,0.032018783747414695,2.610750099736576,0.9977536325984689,0.04018739632687811
five_anchors,K562_GWPS,HCT116,False,inf,110,0.6526271893244371,0.027334647239190536,2.9943887216945586,0.9988283446648846,0.025486221382935225
five_anchors,K562_GWPS,HEK293T,False,inf,110,0.6859049207673059,0.029403792200063717,2.811327489246939,0.9992112401689002,0.023424171252046887
five_anchors,K562_GWPS,KOLF2.1J,False,inf,110,0.5775646371976648,0.012840684231100425,3.8968239946662058,0.9998883277856193,0.006543058659895908
five_anchors,K562_GWPS,avg_others,False,inf,110,0.7130108423686408,0.04222800965744529,1.6187257624002198,0.9972922790171662,0.06743726820681983
five_anchors,KOLF2.1J,CD4T,False,0.0,110,0.5895746455379484,0.012520631262671233,3.236627427915172,0.9998780712329677,0.007623766090573907
five_anchors,KOLF2.1J,HCT116,False,0.0,110,0.5339449541284403,0.012118624625497005,4.015604234331954,0.9998913884541757,0.006362839425591092
five_anchors,KOLF2.1J,HEK293T,False,0.0,110,0.6036697247706423,0.014360366814969784,1.9260168601336491,0.9999265129232795,0.010339989984409406
five_anchors,KOLF2.1J,K562_GWPS,False,0.0,110,0.5827356130108423,0.016422467408024877,2.0691016790276784,0.9998252592462351,0.01301189490410178
five_anchors,KOLF2.1J,CD4T,False,0.1,110,0.5969974979149292,0.015493828589612133,1.7582516359994866,0.9997943212290411,0.017177765224279107
five_anchors,KOLF2.1J,HCT116,False,0.1,110,0.523769808173478,0.009339119237636884,2.527027503290238,0.9999106119702685,0.00814884166346513
five_anchors,KOLF2.1J,HEK293T,False,0.1,110,0.601251042535446,0.014417999615340708,1.801231604539469,0.9999357187609272,0.010969814597455918
five_anchors,KOLF2.1J,K562_GWPS,False,0.1,110,0.5829024186822351,0.016428942750926906,2.063216680511011,0.9998248804490434,0.013062523889064847
five_anchors,KOLF2.1J,avg_others,False,0.1,110,0.6103419516263552,0.020516299578293182,1.4178567203744128,0.9997924571305484,0.02425040698251098
five_anchors,KOLF2.1J,CD4T,False,0.3,110,0.6023352793994996,0.01623757658865367,1.587816294809825,0.9997715994378363,0.02069016756079988
five_anchors,KOLF2.1J,HCT116,False,0.3,110,0.5231859883236031,0.009037875762496048,2.314859480189008,0.9999094421806144,0.008827312943118826
five_anchors,KOLF2.1J,HEK293T,False,0.3,110,0.6016680567139282,0.014603786761987637,1.7625361107635187,0.9999370008029377,0.01124243899722577
five_anchors,KOLF2.1J,K562_GWPS,False,0.3,110,0.5824854045037531,0.01644275297537837,2.05275661613706,0.9998241146692102,0.013156738573003026
five_anchors,KOLF2.1J,avg_others,False,0.3,110,0.6155963302752293,0.021622427080696942,1.3378458154201607,0.9997311844149996,0.02949123624463045
five_anchors,KOLF2.1J,CD4T,False,1.0,110,0.6101751459549625,0.01718748031122274,1.4516698735949305,0.9997424047096394,0.025169011889045023
five_anchors,KOLF2.1J,HCT116,False,1.0,110,0.5242702251876564,0.009026625959268016,2.167659924846381,0.9999040842543749,0.009632536205422306
five_anchors,KOLF2.1J,HEK293T,False,1.0,110,0.6009174311926605,0.01482413801827591,1.7232013882181503,0.999936739150097,0.011561384244223484
five_anchors,KOLF2.1J,K562_GWPS,False,1.0,110,0.5834028356964137,0.016491260269415758,2.0228746866800367,0.9998216619927092,0.013442700440925756
five_anchors,KOLF2.1J,avg_others,False,1.0,110,0.6186822351959967,0.022555789665429003,1.271598147174697,0.9996490253824912,0.0360942335773322
five_anchors,KOLF2.1J,CD4T,False,3.0,110,0.6151793160967475,0.018188549367405066,1.368220827491891,0.9997111880746475,0.02952300513251408
five_anchors,KOLF2.1J,HCT116,False,3.0,110,0.5249374478732276,0.009100690090383466,2.0695954689231195,0.9998962571922768,0.010453969377992874
five_anchors,KOLF2.1J,HEK293T,False,3.0,110,0.5970809007506255,0.015004748847016318,1.691506051938318,0.9999324377717899,0.01195719757535085
five_anchors,KOLF2.1J,K562_GWPS,False,3.0,110,0.585487906588824,0.016613158536644447,1.964126768261943,0.9998161089192864,0.01406728294649814
five_anchors,KOLF2.1J,avg_others,False,3.0,110,0.6214345287739781,0.023142411165530355,1.2255681720610891,0.9995695730701503,0.042744249585054246
five_anchors,KOLF2.1J,CD4T,False,10.0,110,0.6168473728106755,0.019224864554725694,1.3193122452671564,0.9996782230545772,0.03338595975727863
five_anchors,KOLF2.1J,HCT116,False,10.0,110,0.5286905754795662,0.009206197373191744,1.9773664838051461,0.9998819117442151,0.011640272537002835
five_anchors,KOLF2.1J,HEK293T,False,10.0,110,0.5929107589658049,0.01521585266569272,1.6680278900273926,0.9999207131792293,0.012565422497405932
five_anchors,KOLF2.1J,K562_GWPS,False,10.0,110,0.5893244370308591,0.01685966612597176,1.869033419760608,0.9998047063201526,0.015293478175472669
five_anchors,KOLF2.1J,avg_others,False,10.0,110,0.6274395329441199,0.023561565120452915,1.1910413941021638,0.9994929294877944,0.04974581670949516
five_anchors,KOLF2.1J,CD4T,False,30.0,110,0.6156797331109258,0.019495347975173844,1.3366305611186904,0.9996746076683363,0.03264268508627976
five_anchors,KOLF2.1J,HCT116,False,30.0,110,0.5301918265221017,0.009436761230761195,1.9348377290934853,0.9998614533826418,0.012842224240593706
five_anchors,KOLF2.1J,HEK293T,False,30.0,110,0.5912427022518766,0.01525924316186029,1.6836662511268912,0.9999055097193849,0.012921368115577809
five_anchors,KOLF2.1J,K562_GWPS,False,30.0,110,0.5977481234361968,0.016933895246007993,1.8192970051921666,0.9997958009045539,0.016173072700709917
five_anchors,KOLF2.1J,avg_others,False,30.0,110,0.6316930775646372,0.02343322343905455,1.1834473789837152,0.9994620943000486,0.05231449896482369
five_anchors,KOLF2.1J,CD4T,False,100.0,110,0.6165971643035861,0.018413180445269916,1.484059637489638,0.9997135795701864,0.02552806635545559
five_anchors,KOLF2.1J,HCT116,False,100.0,110,0.530859049207673,0.009814090815894514,1.9850487802178425,0.9998355338233081,0.013575800928910382
five_anchors,KOLF2.1J,HEK293T,False,100.0,110,0.590909090909091,0.015056048514724456,1.772670552769381,0.9998917843561099,0.012652960314700529
five_anchors,KOLF2.1J,K562_GWPS,False,100.0,110,0.6025020850708924,0.016734215969063996,1.891431871888664,0.9997902147830858,0.015769852939315293
five_anchors,KOLF2.1J,avg_others,False,100.0,110,0.6363636363636364,0.02244179298398288,1.216941362396666,0.9994908035467106,0.047331004748496726
five_anchors,KOLF2.1J,CD4T,False,300.0,110,0.6131776480400335,0.017006512022794518,1.7573429725756624,0.9997572233989541,0.018886146412380903
five_anchors,KOLF2.1J,HCT116,False,300.0,110,0.5297748123436197,0.00999397051484352,2.1084739876091017,0.9998196713801981,0.01342111226988627
five_anchors,KOLF2.1J,HEK293T,False,300.0,110,0.5899916597164304,0.014918272288425913,1.897809104095907,0.9998840560295597,0.012035746588197921
five_anchors,KOLF2.1J,K562_GWPS,False,300.0,110,0.6030025020850708,0.016530021148819372,2.0474429119963746,0.9997847606282011,0.01473411045179463
five_anchors,KOLF2.1J,avg_others,False,300.0,110,0.634445371142619,0.021263797543205468,1.285238759063161,0.9995379569954898,0.03977425957862268
five_anchors,KOLF2.1J,CD4T,False,inf,110,0.5915763135946622,0.014062523304391266,2.509849611444365,0.999829539587103,0.011362592268052047
five_anchors,KOLF2.1J,HCT116,False,inf,110,0.5436196830692243,0.010319525983081917,2.475730154643377,0.9998056647087508,0.012249028226396714
five_anchors,KOLF2.1J,HEK293T,False,inf,110,0.5930775646371976,0.014989017257280626,2.150608840078488,0.9998802552523441,0.010805038670340054
five_anchors,KOLF2.1J,K562_GWPS,False,inf,110,0.615763135946622,0.018100677052144878,2.465364869494233,0.9996777091370599,0.015231127779675288
five_anchors,KOLF2.1J,avg_others,False,inf,110,0.6206005004170141,0.01997715088510173,1.5284875553711703,0.9995698507640821,0.02862523781590833
all_nine,CD4T,HCT116,False,0.0,24,0.6105072463768116,0.044852663566477186,3.7635571152044927,1.0003362905545437,0.035047661690783515
all_nine,CD4T,HEK293T,False,0.0,24,0.6829710144927538,0.0328421340224349,2.6834285511291407,0.9993090680700448,0.03463569483421924
all_nine,CD4T,HepG2,False,0.0,24,0.6431159420289855,0.0812620906858179,8.60824021057981,0.9893998116645948,0.038996853134806254
all_nine,CD4T,Jurkat,False,0.0,24,0.6992753623188405,0.12242858437305744,7.034645136185765,0.999207249977747,0.03161595930308111
all_nine,CD4T,K562_GWPS,False,0.0,24,0.7300724637681161,0.12187795358812004,2.32276524246824,0.9656807128791446,0.14444927577489128
all_nine,CD4T,K562_essential,False,0.0,24,0.7971014492753623,0.10249068868560046,2.804330085763718,0.9822487789075398,0.1000997269170246
all_nine,CD4T,KOLF2.1J,False,0.0,24,0.697463768115942,0.03605640025392347,4.27909527489069,0.9996741311103913,0.01285009353131807
all_nine,CD4T,RPE1,False,0.0,24,0.7282608695652174,0.12334281724652651,5.155305964042678,0.984067927210021,0.06246257935558708
all_nine,CD4T,HCT116,False,0.1,24,0.6213768115942028,0.04966089686592762,3.503019315860003,1.0007756674673371,0.03969888540487841
all_nine,CD4T,HEK293T,False,0.1,24,0.6811594202898551,0.03687488110182533,2.542255717058228,0.9992747102962702,0.03940279170391697
all_nine,CD4T,HepG2,False,0.1,24,0.6431159420289855,0.0814716369458241,8.534919942834104,0.9893058800700388,0.03931496769440708
all_nine,CD4T,Jurkat,False,0.1,24,0.6992753623188405,0.12249923151268467,6.9947929098819595,0.9991381636383052,0.03179374959053796
all_nine,CD4T,K562_GWPS,False,0.1,24,0.7318840579710146,0.12196248845280921,2.318528504537023,0.9656244944953487,0.14472231754895398
all_nine,CD4T,K562_essential,False,0.1,24,0.7971014492753623,0.102574052612853,2.797577726852546,0.9822059402950741,0.10035454449309829
all_nine,CD4T,KOLF2.1J,False,0.1,24,0.7047101449275361,0.037079605480413745,4.152528218986531,0.9996304712773526,0.013580643761118722
all_nine,CD4T,RPE1,False,0.1,24,0.7282608695652174,0.12344413947942794,5.136736133765067,0.9840216675018129,0.0626735036065864
all_nine,CD4T,avg_others,False,0.1,24,0.7373188405797101,0.15037051276465277,1.7349586401501496,0.9748482262120716,0.17126239494895262
all_nine,CD4T,HCT116,False,0.3,24,0.6231884057971014,0.050579390941174925,3.4390639231758273,1.0007878374933117,0.04081681233088811
all_nine,CD4T,HEK293T,False,0.3,24,0.677536231884058,0.03768430599667917,2.503609546310524,0.9992540830199252,0.04044495214788689
all_nine,CD4T,HepG2,False,0.3,24,0.6413043478260869,0.08183112417157536,8.409901301697731,0.9891548082078622,0.03985829973523975
all_nine,CD4T,Jurkat,False,0.3,24,0.6992753623188405,0.12263850622508869,6.919934309415773,0.9990064114279561,0.0321346153659652
all_nine,CD4T,K562_GWPS,False,0.3,24,0.7318840579710146,0.12212880026380023,2.310219161867271,0.9655138882279826,0.14526077831012726
all_nine,CD4T,K562_essential,False,0.3,24,0.7971014492753623,0.10273689190575401,2.784500875862077,0.9821239988501966,0.10085049992828847
all_nine,CD4T,KOLF2.1J,False,0.3,24,0.7010869565217392,0.03793556394059492,4.034239484418429,0.9995867360577558,0.014297167275095179
all_nine,CD4T,RPE1,False,0.3,24,0.7282608695652174,0.12363358798917679,5.1017267191270905,0.9839338605745603,0.06307175976476367
all_nine,CD4T,avg_others,False,0.3,24,0.7300724637681159,0.15502367240272505,1.5921700544404505,0.9689751364083575,0.19600739598702568
all_nine,CD4T,HCT116,False,1.0,24,0.625,0.051462489435760476,3.3360597492323047,1.0006064937599453,0.042529607276855584
all_nine,CD4T,HEK293T,False,1.0,24,0.677536231884058,0.03853962079024156,2.4428515552232466,0.9991924303418227,0.041856840097860656
all_nine,CD4T,HepG2,False,1.0,24,0.6394927536231885,0.0828384130048791,8.064932744619345,0.9887610298403116,0.041393927473949765
all_nine,CD4T,Jurkat,False,1.0,24,0.6956521739130435,0.12310353984146505,6.695169253832714,0.9985985448554696,0.033213450126803344
all_nine,CD4T,K562_GWPS,False,1.0,24,0.7300724637681161,0.12268347363882587,2.2827525004304317,0.9651449324367795,0.14706913843595143
all_nine,CD4T,K562_essential,False,1.0,24,0.7989130434782609,0.10327211651614758,2.7422969803513375,0.9818638505347962,0.10247733310951848
all_nine,CD4T,KOLF2.1J,False,1.0,24,0.6956521739130435,0.03917116413520937,3.8376175063814264,0.9995162021641519,0.015518983838481451
all_nine,CD4T,RPE1,False,1.0,24,0.7264492753623187,0.12421076464593879,4.993470558493404,0.9836587020954966,0.064318523852558
all_nine,CD4T,avg_others,False,1.0,24,0.7282608695652174,0.16031083262657833,1.459849736167142,0.962096944830827,0.22614503184806836
all_nine,CD4T,HCT116,False,3.0,24,0.6268115942028986,0.05260715156845706,3.171268572211926,1.000193737315987,0.04541083707157075
all_nine,CD4T,HEK293T,False,3.0,24,0.6739130434782609,0.039413449799746446,2.359843525525489,0.9990629749508368,0.04377943347574379
all_nine,CD4T,HepG2,False,3.0,24,0.6322463768115942,0.0848818162143883,7.398283791484578,0.9880184769466425,0.044613819758354864
all_nine,CD4T,Jurkat,False,3.0,24,0.6956521739130436,0.12425874045128454,6.233816134658467,0.9977130571061814,0.03571190939177331
all_nine,CD4T,K562_GWPS,False,3.0,24,0.7300724637681161,0.12406775544404768,2.215914311319358,0.9642228357456789,0.15166401076416341
all_nine,CD4T,K562_essential,False,3.0,24,0.7952898550724639,0.10457854461206928,2.6429810543125596,0.9812484721935019,0.10649462564998147
all_nine,CD4T,KOLF2.1J,False,3.0,24,0.7010869565217392,0.040703059436392935,3.5750210661723494,0.9994276946234519,0.01724433979925958
all_nine,CD4T,RPE1,False,3.0,24,0.7246376811594203,0.12549820577859794,4.752041820768822,0.9830269130629783,0.0672375139909112
all_nine,CD4T,avg_others,False,3.0,24,0.7210144927536231,0.16567705658088935,1.3563276636827208,0.9558342444411709,0.2566592198535053
all_nine,CD4T,HCT116,False,10.0,24,0.6304347826086957,0.05470366717422095,2.8997405953959827,0.9994351142893662,0.050990793779867115
all_nine,CD4T,HEK293T,False,10.0,24,0.6811594202898551,0.040701545907014386,2.2368394743416378,0.9988077051749488,0.046994286412233764
all_nine,CD4T,HepG2,False,10.0,24,0.6123188405797102,0.08888265626632304,6.2367091509482036,0.9866534988629002,0.05143316596339172
all_nine,CD4T,Jurkat,False,10.0,24,0.6865942028985508,0.12693191086387795,5.404295042586031,0.9959279867813392,0.041422867715916765
all_nine,CD4T,K562_GWPS,False,10.0,24,0.7336956521739131,0.12735244652327513,2.066942793141082,0.9620438407381358,0.1630117383978446
all_nine,CD4T,K562_essential,False,10.0,24,0.7916666666666666,0.1076102915388369,2.4290405643425013,0.9798098866825719,0.11626571267618824
all_nine,CD4T,KOLF2.1J,False,10.0,24,0.7155797101449274,0.04284331706774878,3.1991537108295613,0.999297257912289,0.020098548729587423
all_nine,CD4T,RPE1,False,10.0,24,0.717391304347826,0.12807678750345275,4.259463825985752,0.9816629060394555,0.07395964586883733
all_nine,CD4T,avg_others,False,10.0,24,0.7083333333333334,0.17221150335991073,1.2572389784917295,0.9494923023515053,0.29389772971703493
all_nine,CD4T,HCT116,False,30.0,24,0.6268115942028986,0.05699726694544845,2.669968396905656,0.9984463620817414,0.057148120861462745
all_nine,CD4T,HEK293T,False,30.0,24,0.6829710144927535,0.04160757840153612,2.158713254192719,0.9985083647828036,0.04918210547379366
all_nine,CD4T,HepG2,False,30.0,24,0.6177536231884058,0.093005314399267,5.182970029551914,0.9853402036704856,0.05952586480820108
all_nine,CD4T,Jurkat,False,30.0,24,0.6793478260869565,0.12964603707710273,4.638222493481406,0.9937442090200819,0.04896435194806257
all_nine,CD4T,K562_GWPS,False,30.0,24,0.7300724637681159,0.13075187136489688,1.9168704555475964,0.9598087493707358,0.17598722049352236
all_nine,CD4T,K562_essential,False,30.0,24,0.7934782608695653,0.11112702815186797,2.2111022358944235,0.9779778511000133,0.12826731974124697
all_nine,CD4T,KOLF2.1J,False,30.0,24,0.7119565217391305,0.04422164115587154,2.9148553929645025,0.9991736414598348,0.02281054243743632
all_nine,CD4T,RPE1,False,30.0,24,0.7047101449275361,0.12988865239583083,3.7753852645380976,0.9801770049922002,0.08177677289261624
all_nine,CD4T,avg_others,False,30.0,24,0.7047101449275361,0.17588935486628832,1.1991484972167425,0.9459809003283922,0.32049441109765514
all_nine,CD4T,HCT116,False,100.0,24,0.6394927536231884,0.05841799242946394,2.680487705673193,0.9971728762069841,0.05856449548442094
all_nine,CD4T,HEK293T,False,100.0,24,0.6938405797101449,0.04162900551127798,2.286944323961648,0.998149802736618,0.045993756795876764
all_nine,CD4T,HepG2,False,100.0,24,0.6322463768115942,0.09413058770437081,4.751213432024406,0.9851952933019852,0.06275165031849668
all_nine,CD4T,Jurkat,False,100.0,24,0.6793478260869565,0.1292191168319722,4.336198049618443,0.991494901354686,0.054471225774811546
all_nine,CD4T,K562_GWPS,False,100.0,24,0.7391304347826088,0.13013262148715873,1.9280420227360187,0.9602676089804503,0.17331862323988742
all_nine,CD4T,K562_essential,False,100.0,24,0.8043478260869565,0.11244071334612393,2.18169383730812,0.9767506066266891,0.13032669922199047
all_nine,CD4T,KOLF2.1J,False,100.0,24,0.7355072463768115,0.04323443318587913,3.0002990810732477,0.9991112535924505,0.02275094839091883
all_nine,CD4T,RPE1,False,100.0,24,0.7028985507246377,0.12771978596262834,3.7166257541627843,0.9798003804066084,0.08220785490842533
all_nine,CD4T,avg_others,False,100.0,24,0.7210144927536234,0.17029009819754956,1.2342077709984076,0.948440777993989,0.302046050238445
all_nine,CD4T,HCT116,False,300.0,24,0.6431159420289855,0.059977250963687355,3.0461986338809073,0.9958027905484816,0.053891888239223515
all_nine,CD4T,HEK293T,False,300.0,24,0.690217391304348,0.041026785421080646,2.6972145718883147,0.9980035968380747,0.03865202545087594
all_nine,CD4T,HepG2,False,300.0,24,0.6340579710144928,0.09350752041506276,5.267506778623851,0.9855747729207952,0.058039216370982485
all_nine,CD4T,Jurkat,False,300.0,24,0.677536231884058,0.1262376385767543,4.730842013982379,0.989737838747171,0.0544237100539239
all_nine,CD4T,K562_GWPS,False,300.0,24,0.7554347826086957,0.1276046248670455,2.1973271982374527,0.9616953304557692,0.15317144174718136
all_nine,CD4T,K562_essential,False,300.0,24,0.7916666666666666,0.11102966274610555,2.4760156330688474,0.9761269554304938,0.11762645746853913
all_nine,CD4T,KOLF2.1J,False,300.0,24,0.7282608695652174,0.04196545162904442,3.616545460929315,0.9990651973457622,0.020060579590760443
all_nine,CD4T,RPE1,False,300.0,24,0.6956521739130435,0.1208820559990177,4.328461004627517,0.9815856230280373,0.07089343791520705
all_nine,CD4T,avg_others,False,300.0,24,0.7300724637681161,0.1603136333990581,1.39840285296342,0.9542300183749147,0.24631365433910477
all_nine,CD4T,HCT116,False,inf,24,0.6920289855072465,0.07300705560254915,4.881151817749607,0.9936344004646419,0.04294705143513066
all_nine,CD4T,HEK293T,False,inf,24,0.6684782608695651,0.058945007111463166,4.184394365670129,0.9959298400551873,0.03783884214580665
all_nine,CD4T,HepG2,False,inf,24,0.677536231884058,0.09830626487332193,8.789918718728616,0.9862736305609333,0.04255460292918742
all_nine,CD4T,Jurkat,False,inf,24,0.6847826086956522,0.11275573774376524,7.389484890699308,0.9896408816504026,0.03989641202036371
all_nine,CD4T,K562_GWPS,False,inf,24,0.7554347826086957,0.11421214360287213,4.260444374452359,0.9743393844962537,0.08501494467717866
all_nine,CD4T,K562_essential,False,inf,24,0.7717391304347826,0.09954861288991852,4.655950534561186,0.9828662329701859,0.06750716618413223
all_nine,CD4T,KOLF2.1J,False,inf,24,0.657608695652174,0.05184270811027242,6.497206962554125,0.9981752275335979,0.021689717729309933
all_nine,CD4T,RPE1,False,inf,24,0.7228260869565218,0.11241669447296554,7.721489929468234,0.9844549612228103,0.046395240507302336
all_nine,CD4T,avg_others,False,inf,24,0.7753623188405797,0.1426503485099647,2.60266290202353,0.9683122426772879,0.1250250826616801
all_nine,HCT116,CD4T,False,0.0,24,0.605072463768116,0.04676080265120871,1.8291443409969441,0.9976860630306806,0.06090531495938859
all_nine,HCT116,HEK293T,True,0.0,24,0.697463768115942,0.06254583569335169,1.5764472616328429,0.997712525886833,0.09855452831230387
all_nine,HCT116,HepG2,False,0.0,24,0.6938405797101449,0.06474624512522215,4.095166521758456,0.9922665288669831,0.049776041617528875
all_nine,HCT116,Jurkat,False,0.0,24,0.6829710144927535,0.07826711658427184,3.529995866356667,1.001798121447112,0.03156891242234151
all_nine,HCT116,K562_GWPS,False,0.0,24,0.7210144927536232,0.08850426171564545,1.6391882947050698,0.9878874285616199,0.12669694714659302
all_nine,HCT116,K562_essential,False,0.0,24,0.7481884057971014,0.10001157548556477,1.7494254805537484,0.9838128966197015,0.13448054611217508
all_nine,HCT116,KOLF2.1J,False,0.0,24,0.6213768115942028,0.035306934143577814,2.2652108001723055,0.9996422690534373,0.025819942905282132
all_nine,HCT116,RPE1,False,0.0,24,0.677536231884058,0.09825025667415288,2.7681112949177997,0.989536616222153,0.0764927955726262
all_nine,HCT116,CD4T,False,0.1,24,0.6231884057971014,0.05430392551173474,1.624089289713411,0.9965184835678289,0.08101064765816364
all_nine,HCT116,HEK293T,True,0.1,24,0.6956521739130435,0.06404683570897339,1.5575872662514396,0.9979342263224277,0.10129441351302448
all_nine,HCT116,HepG2,False,0.1,24,0.6938405797101449,0.06485246718473643,4.080705626208678,0.9922414861289718,0.04996940170675548
all_nine,HCT116,Jurkat,False,0.1,24,0.6829710144927535,0.0783317664650488,3.519221735527991,1.0017575593670802,0.03173719659267877
all_nine,HCT116,K562_GWPS,False,0.1,24,0.7192028985507246,0.08853652710793858,1.6380751284216035,0.9878759696081021,0.12683551704133703
all_nine,HCT116,K562_essential,False,0.1,24,0.7481884057971014,0.10005308768128636,1.7471373772821401,0.9837731861430369,0.13474216050990548
all_nine,HCT116,KOLF2.1J,False,0.1,24,0.6195652173913043,0.035663330173842885,2.238748173350409,0.9996281823489792,0.026392969945993577
all_nine,HCT116,RPE1,False,0.1,24,0.677536231884058,0.09830986484988535,2.7641069144772707,0.9895187339600177,0.07662301089364616
all_nine,HCT116,avg_others,False,0.1,24,0.7681159420289855,0.12453398857875704,1.2847219317802723,0.98359473380426,0.2052771758513965
all_nine,HCT116,CD4T,False,0.3,24,0.6268115942028986,0.05685471118270124,1.5549913558135418,0.9959309206499056,0.09011881689931281
all_nine,HCT116,HEK293T,True,0.3,24,0.693840579710145,0.0649158250010002,1.5471854745224463,0.9978593230935939,0.10293808328246494
all_nine,HCT116,HepG2,False,0.3,24,0.6938405797101449,0.06505649481030085,4.0533090415725,0.9921932176539547,0.05034027293494868
all_nine,HCT116,Jurkat,False,0.3,24,0.6811594202898551,0.07845549436926359,3.499076512776305,1.001681975535526,0.032055085774525705
all_nine,HCT116,K562_GWPS,False,0.3,24,0.7192028985507246,0.08859985173706497,1.6358918353244474,0.9878534657107076,0.1271080736083793
all_nine,HCT116,K562_essential,False,0.3,24,0.75,0.10013153012346725,1.7430137566522488,0.9837081090553811,0.13520998996967667
all_nine,HCT116,KOLF2.1J,False,0.3,24,0.6195652173913043,0.035982108603527026,2.210823435657428,0.9996130262214665,0.02697587602848365
all_nine,HCT116,RPE1,False,0.3,24,0.677536231884058,0.09842616503512042,2.7563260069675053,0.9894842189938944,0.07687679614054584
all_nine,HCT116,avg_others,False,0.3,24,0.7644927536231885,0.12931160217267584,1.2273573569562612,0.9794515420569833,0.23413083850924096
all_nine,HCT116,CD4T,False,1.0,24,0.6195652173913043,0.059042050512934874,1.4899431111394201,0.9953209275772023,0.09988276959686718
all_nine,HCT116,HEK293T,True,1.0,24,0.6938405797101449,0.06566974149209398,1.533389670978078,0.9976492787689658,0.10514262877291178
all_nine,HCT116,HepG2,False,1.0,24,0.6956521739130436,0.06569935394565862,3.969546605406469,0.9920398993924884,0.051509905156971125
all_nine,HCT116,Jurkat,False,1.0,24,0.6811594202898551,0.07884135682268895,3.4391701049625847,1.0014571424677823,0.033025576932905656
all_nine,HCT116,K562_GWPS,False,1.0,24,0.7210144927536231,0.08880944925300627,1.6286749117880976,0.9877788675491813,0.1280161677410195
all_nine,HCT116,K562_essential,False,1.0,24,0.75,0.10037705090318622,1.730761929581405,0.983540665490379,0.1365917952414803
all_nine,HCT116,KOLF2.1J,False,1.0,24,0.6268115942028986,0.03637660284773673,2.165043881677189,0.9995915107889928,0.027857025487769506
all_nine,HCT116,RPE1,False,1.0,24,0.681159420289855,0.0988057308407873,2.7311873072671053,0.989374250694362,0.07770413193790252
all_nine,HCT116,avg_others,False,1.0,24,0.7608695652173912,0.13470760292261272,1.1744325078183284,0.9748395967703977,0.2682393403491128
all_nine,HCT116,CD4T,False,3.0,24,0.6177536231884058,0.060381575380499965,1.4424689676564821,0.9948963854270862,0.1075926555194289
all_nine,HCT116,HEK293T,True,3.0,24,0.6956521739130435,0.06604392876148292,1.5216279647049393,0.9973999614266442,0.10703964670513214
all_nine,HCT116,HepG2,False,3.0,24,0.697463768115942,0.06713419626780195,3.7923588244253787,0.9916918006060161,0.05416228838492447
all_nine,HCT116,Jurkat,False,3.0,24,0.6829710144927535,0.07967464125040662,3.318018911413824,1.0009900194760448,0.035109418723763344
all_nine,HCT116,K562_GWPS,False,3.0,24,0.7210144927536231,0.089323606060087,1.61112147255215,0.9875960337084315,0.13027220502048614
all_nine,HCT116,K562_essential,False,3.0,24,0.7463768115942028,0.10093378776364581,1.7034869887156678,0.9832145776901914,0.1397057063062301
all_nine,HCT116,KOLF2.1J,False,3.0,24,0.6268115942028986,0.03672278273804906,2.106965739513221,0.9995711417713573,0.02887124596510468
all_nine,HCT116,RPE1,False,3.0,24,0.6865942028985508,0.09970161444576198,2.67279779027773,0.9891247212256208,0.07967210497027791
all_nine,HCT116,avg_others,False,3.0,24,0.7572463768115942,0.13983064763478872,1.1345777479641546,0.970903027580212,0.3004519024357065
all_nine,HCT116,CD4T,False,10.0,24,0.6141304347826088,0.0608818210689824,1.4098259536016922,0.9947005009091854,0.11272155657563279
all_nine,HCT116,HEK293T,True,10.0,24,0.693840579710145,0.06604088201763131,1.517186597858371,0.9971433886754693,0.10797569424833756
all_nine,HCT116,HepG2,False,10.0,24,0.7028985507246377,0.07003102914693547,3.463341874962161,0.9909682061486043,0.059799560715880176
all_nine,HCT116,Jurkat,False,10.0,24,0.6865942028985508,0.08114569252118227,3.1064695889308576,1.0000841023352551,0.03919852141301518
all_nine,HCT116,K562_GWPS,False,10.0,24,0.7355072463768115,0.09045618744667556,1.5721682866699311,0.9871932511577922,0.13549860698550725
all_nine,HCT116,K562_essential,False,10.0,24,0.7409420289855073,0.10202100153629877,1.6464615933520976,0.982591837837619,0.14651646189121373
all_nine,HCT116,KOLF2.1J,False,10.0,24,0.6358695652173914,0.03687556296780823,2.0332037379268595,0.9995561003443135,0.029940281786164487
all_nine,HCT116,RPE1,False,10.0,24,0.6920289855072465,0.10156380156116186,2.5518814965795658,0.9886272533136472,0.08395916257521482
all_nine,HCT116,avg_others,False,10.0,24,0.7554347826086957,0.1450761234496102,1.0997811876430246,0.9672723027230526,0.3345667033509729
all_nine,HCT116,CD4T,False,30.0,24,0.6159420289855073,0.059150428467276445,1.42794097416992,0.9950566492864289,0.10786225481420071
all_nine,HCT116,HEK293T,True,30.0,24,0.7010869565217392,0.06502820552790006,1.5398410866631294,0.996964191303676,0.10525813029412392
all_nine,HCT116,HepG2,False,30.0,24,0.7101449275362318,0.07293098222643005,3.1590814868253743,0.9902086288415864,0.06598792642979967
all_nine,HCT116,Jurkat,False,30.0,24,0.697463768115942,0.0818959747283468,2.9350589373377938,0.9990922830578441,0.04313717117053436
all_nine,HCT116,K562_GWPS,False,30.0,24,0.7391304347826088,0.09136059660490516,1.5339117068926762,0.9868718308745223,0.1406570502381965
all_nine,HCT116,K562_essential,False,30.0,24,0.7355072463768115,0.1025894382188467,1.5911265976275202,0.9821173369783024,0.15323290156314898
all_nine,HCT116,KOLF2.1J,False,30.0,24,0.6358695652173914,0.0359978459427773,1.9999695169064584,0.9995808823268075,0.029512766137710304
all_nine,HCT116,RPE1,False,30.0,24,0.7047101449275361,0.103057518116476,2.439530666204243,0.9882429925035191,0.08802996502224493
all_nine,HCT116,avg_others,False,30.0,24,0.7427536231884058,0.14741837043793826,1.0817191547732472,0.9654177696518729,0.35493633316681306
all_nine,HCT116,CD4T,False,100.0,24,0.6068840579710145,0.0531284523579422,1.5739598332775735,0.9962287823479077,0.08566111550614361
all_nine,HCT116,HEK293T,True,100.0,24,0.697463768115942,0.061921023345221766,1.6200454362536616,0.9969872784371007,0.09569650029549516
all_nine,HCT116,HepG2,False,100.0,24,0.7192028985507246,0.07364493319028974,3.050008218820755,0.9899987954013244,0.06813578725964561
all_nine,HCT116,Jurkat,False,100.0,24,0.7173913043478262,0.08027544174042421,2.9321680220692765,0.9983214845606786,0.04405076980366036
all_nine,HCT116,K562_GWPS,False,100.0,24,0.75,0.09038555885520982,1.5370431461501475,0.9871850103822888,0.13884447346037398
all_nine,HCT116,K562_essential,False,100.0,24,0.7518115942028986,0.10100424453646793,1.5873087993697315,0.9824832170979995,0.15187734946084205
all_nine,HCT116,KOLF2.1J,False,100.0,24,0.6413043478260869,0.032983333007484086,2.0794479201282976,0.9996789942774876,0.025611876922958927
all_nine,HCT116,RPE1,False,100.0,24,0.7101449275362319,0.10198952104282462,2.4481636653750685,0.9885016592577841,0.08682409173243792
all_nine,HCT116,avg_others,False,100.0,24,0.7481884057971014,0.14455578415711842,1.0887575815314599,0.9661813445588878,0.34652398556744346
all_nine,HCT116,CD4T,False,300.0,24,0.5960144927536232,0.04572011488291241,1.8608544979489203,0.997412270712446,0.06205064296766445
all_nine,HCT116,HEK293T,True,300.0,24,0.690217391304348,0.058392893192468896,1.7292877622873986,0.9971335938362224,0.08516204552811925
all_nine,HCT116,HepG2,False,300.0,24,0.7137681159420289,0.0717244025930713,3.191490270142838,0.9904311825050235,0.06454124241102292
all_nine,HCT116,Jurkat,False,300.0,24,0.7173913043478262,0.07761013437967305,3.1011485896144912,0.9980170227806626,0.04198588662993827
all_nine,HCT116,K562_GWPS,False,300.0,24,0.7536231884057972,0.08821036262326835,1.5915625960112452,0.9878791419577365,0.13026677555594462
all_nine,HCT116,K562_essential,False,300.0,24,0.7518115942028986,0.0983008656253389,1.6480513014872866,0.9832797182233844,0.14260576851973525
all_nine,HCT116,KOLF2.1J,False,300.0,24,0.6195652173913043,0.029234718272107774,2.269424307376486,0.9997908117354455,0.02059446283344734
all_nine,HCT116,RPE1,False,300.0,24,0.7101449275362319,0.09888840688577549,2.612803641223126,0.9891849364291753,0.08042149058268352
all_nine,HCT116,avg_others,False,300.0,24,0.7409420289855072,0.13856497636592116,1.119285977310871,0.9686032610510591,0.3159613701356358
all_nine,HCT116,CD4T,False,inf,24,0.5670289855072463,0.033915054491248764,2.6813822366806743,0.9989552060887836,0.03435415574735642
all_nine,HCT116,HEK293T,True,inf,24,0.6811594202898551,0.0528097033949538,1.9041560526784103,0.997390156461503,0.07209563238610137
all_nine,HCT116,HepG2,False,inf,24,0.746376811594203,0.07493086337539477,3.960155443332614,0.9895775842956983,0.05710982307106814
all_nine,HCT116,Jurkat,False,inf,24,0.7318840579710146,0.07776546968441393,3.6973435856708656,0.9973293947878448,0.03934044170026614
all_nine,HCT116,K562_GWPS,False,inf,24,0.7626811594202899,0.09254088532035327,1.9788371588786684,0.9875981735985944,0.10692289581805992
all_nine,HCT116,K562_essential,False,inf,24,0.7663043478260869,0.1021926879697966,2.0094373012197115,0.9826510371693361,0.11915867227246538
all_nine,HCT116,KOLF2.1J,False,inf,24,0.6105072463768116,0.027768211265258424,2.868379277166521,0.9999109479276619,0.01625385906305633
all_nine,HCT116,RPE1,False,inf,24,0.7391304347826088,0.09583127707226162,3.3501124298438834,0.9901214979535095,0.06490503297733449
all_nine,HCT116,avg_others,False,inf,24,0.7590579710144928,0.13403451164236097,1.3472219201072317,0.9755067728469091,0.21124029422747204
all_nine,HEK293T,CD4T,False,0.0,24,0.6431159420289855,0.03087976534046395,2.5117546908313892,0.9994994356691329,0.029564277150144695
all_nine,HEK293T,HCT116,True,0.0,24,0.677536231884058,0.05389206654475485,3.0785556135757304,0.9965409618097661,0.046260836552936155
all_nine,HEK293T,HepG2,False,0.0,24,0.7481884057971016,0.0561936231551348,6.663803481772783,0.9971760618272448,0.02292117144842631
all_nine,HEK293T,Jurkat,False,0.0,24,0.6757246376811595,0.06126406904785048,5.394537982107963,1.0021665500790824,0.013307623957940402
all_nine,HEK293T,K562_GWPS,False,0.0,24,0.7554347826086957,0.07545598259536211,2.1662681464286253,0.9938612445555807,0.07630035093805598
all_nine,HEK293T,K562_essential,False,0.0,24,0.8369565217391305,0.0753119599151383,2.411428904307738,0.99471933266007,0.0730474038264778
all_nine,HEK293T,KOLF2.1J,False,0.0,24,0.6829710144927535,0.03554444481423496,3.10749771512599,0.9995722257385362,0.017325709224040742
all_nine,HEK293T,RPE1,False,0.0,24,0.7898550724637681,0.07452305554886718,4.221360319180526,0.9966018678054824,0.03417784224368411
all_nine,HEK293T,CD4T,False,0.1,24,0.6539855072463768,0.03699975311231338,2.087810974184387,0.9991438461052569,0.04269340321448138
all_nine,HEK293T,HCT116,True,0.1,24,0.6757246376811595,0.05973726192670976,2.6303652314525925,0.9964446866700609,0.05743044139112925
all_nine,HEK293T,HepG2,False,0.1,24,0.746376811594203,0.05624250754067073,6.6254573420489224,0.9971659103907522,0.023040494035148913
all_nine,HEK293T,Jurkat,False,0.1,24,0.6757246376811595,0.061309955973829024,5.372459568197945,1.0021449682954184,0.013400614959618468
all_nine,HEK293T,K562_GWPS,False,0.1,24,0.753623188405797,0.07551336987095612,2.1636597380243527,0.9938483213926044,0.0764308827674846
all_nine,HEK293T,K562_essential,False,0.1,24,0.8369565217391305,0.07536038947467091,2.4074609730340004,0.9947086322708504,0.0731898738141516
all_nine,HEK293T,KOLF2.1J,False,0.1,24,0.6829710144927535,0.03645193600617535,3.0452548676891875,0.9995466247170719,0.01800438677409836
all_nine,HEK293T,RPE1,False,0.1,24,0.7898550724637681,0.07455565084464154,4.21083730897397,0.9965946513152242,0.03425932738862763
all_nine,HEK293T,avg_others,False,0.1,24,0.8097826086956522,0.10566870178810787,1.6537194665506354,0.9949471776327425,0.1038601409469582
all_nine,HEK293T,CD4T,False,0.3,24,0.657608695652174,0.03877876296872162,1.9694197601367724,0.9989163283421991,0.047885221894526105
all_nine,HEK293T,HCT116,True,0.3,24,0.6757246376811595,0.06037902001055285,2.584490376074958,0.9964383350438448,0.058735601863051455
all_nine,HEK293T,HepG2,False,0.3,24,0.7445652173913043,0.05633417120742801,6.553850473611327,0.9971468163398711,0.02326694413579811
all_nine,HEK293T,Jurkat,False,0.3,24,0.6757246376811595,0.061399896031986166,5.330733823925885,1.002104100813296,0.013579589999510375
all_nine,HEK293T,K562_GWPS,False,0.3,24,0.753623188405797,0.07562662024891184,2.1585340699581983,0.9938228161422507,0.07668866973414659
all_nine,HEK293T,K562_essential,False,0.3,24,0.8351449275362319,0.075456052454048,2.3997168221601517,0.9946876427281546,0.07346976525770951
all_nine,HEK293T,KOLF2.1J,False,0.3,24,0.6884057971014492,0.03725141688913874,2.990219047088444,0.9995214060352012,0.018644262386073453
all_nine,HEK293T,RPE1,False,0.3,24,0.7898550724637681,0.07461950716532124,4.19060005107094,0.9965810476107022,0.03441673427019609
all_nine,HEK293T,avg_others,False,0.3,24,0.8188405797101449,0.10843701272371777,1.552122209188395,0.9928678807463043,0.11945646209098562
all_nine,HEK293T,CD4T,False,1.0,24,0.6648550724637681,0.04062483408236265,1.8573219588422554,0.9986404571384828,0.05367478890241585
all_nine,HEK293T,HCT116,True,1.0,24,0.6793478260869565,0.06112135921720716,2.5352960171087515,0.9963487260991628,0.060271653230240065
all_nine,HEK293T,HepG2,False,1.0,24,0.7391304347826088,0.056613000217682584,6.340671841235948,0.9970891208869297,0.023970282201982863
all_nine,HEK293T,Jurkat,False,1.0,24,0.6757246376811595,0.06169679207722279,5.204299604281218,1.0019793033162725,0.014147713474357195
all_nine,HEK293T,K562_GWPS,False,1.0,24,0.7554347826086957,0.07600774202968154,2.141495055970885,0.9937369605430164,0.07755805291014657
all_nine,HEK293T,K562_essential,False,1.0,24,0.8369565217391305,0.07577732437090794,2.374392743542331,0.9946179773365866,0.0744020652566301
all_nine,HEK293T,KOLF2.1J,False,1.0,24,0.6920289855072465,0.038344317634637,2.9049877795629366,0.9994809479524842,0.019637744905763206
all_nine,HEK293T,RPE1,False,1.0,24,0.7898550724637681,0.07483048720888504,4.1263898452091645,0.9965394206312266,0.03492376688156369
all_nine,HEK293T,avg_others,False,1.0,24,0.8242753623188405,0.11141542311976815,1.4582576510710479,0.9904695127550917,0.13821839203629693
all_nine,HEK293T,CD4T,False,3.0,24,0.6702898550724639,0.0421772418360575,1.7719515480078103,0.998425878797885,0.058588158059439656
all_nine,HEK293T,HCT116,True,3.0,24,0.6811594202898551,0.06201958168758462,2.4728062055707114,0.9961182482589743,0.06242667252199715
all_nine,HEK293T,HepG2,False,3.0,24,0.7409420289855072,0.05721558964571999,5.9080504872867845,0.9969672061316274,0.025551169985265586
all_nine,HEK293T,Jurkat,False,3.0,24,0.677536231884058,0.062421043665238686,4.941960577755604,1.0017132664027297,0.01545497714316561
all_nine,HEK293T,K562_GWPS,False,3.0,24,0.7554347826086957,0.07698094247923319,2.099371405922196,0.9935174781274848,0.07979249539345516
all_nine,HEK293T,K562_essential,False,3.0,24,0.8369565217391305,0.07659265739171588,2.3137543229923407,0.9944429152903635,0.07674630262304191
all_nine,HEK293T,KOLF2.1J,False,3.0,24,0.6902173913043478,0.03945013679751491,2.792529904759786,0.9994344065097052,0.020862530385706762
all_nine,HEK293T,RPE1,False,3.0,24,0.7862318840579711,0.07534758317023509,3.9799024332895843,0.9964476876225857,0.03613569854952918
all_nine,HEK293T,avg_others,False,3.0,24,0.8206521739130435,0.11438427750525443,1.3853160913410705,0.9883560329408212,0.1567045344346047
all_nine,HEK293T,CD4T,False,10.0,24,0.6739130434782608,0.04352031781242708,1.6993744428138573,0.9982790531884193,0.06310049876327087
all_nine,HEK293T,HCT116,True,10.0,24,0.6847826086956522,0.06359534067099877,2.363577516789728,0.9956334822103128,0.06654741167343689
all_nine,HEK293T,HepG2,False,10.0,24,0.7264492753623188,0.0584191938034741,5.137666307304821,0.9967186778697881,0.02906344858307967
all_nine,HEK293T,Jurkat,False,10.0,24,0.6811594202898551,0.06410245641613531,4.461043092783469,1.0011825946185138,0.018385484667277983
all_nine,HEK293T,K562_GWPS,False,10.0,24,0.7663043478260869,0.0794448069209187,2.0007999877981164,0.9929608316382509,0.08554317685992616
all_nine,HEK293T,K562_essential,False,10.0,24,0.8351449275362319,0.07863687906953103,2.1785421609837705,0.9939940561920896,0.08263087251343693
all_nine,HEK293T,KOLF2.1J,False,10.0,24,0.6902173913043478,0.0406262820921476,2.6255048912228953,0.9993825477944412,0.022575770797261405
all_nine,HEK293T,RPE1,False,10.0,24,0.7807971014492754,0.07652884895847324,3.674048563509648,0.9962539786795069,0.0389785614023687
all_nine,HEK293T,avg_others,False,10.0,24,0.8134057971014492,0.11813133618354547,1.314657451548087,0.9862384595999482,0.1788124701179709
all_nine,HEK293T,CD4T,False,30.0,24,0.6721014492753623,0.04326580232971577,1.6895979869418711,0.998303359665386,0.06340368813281308
all_nine,HEK293T,HCT116,True,30.0,24,0.6865942028985508,0.06560998465535602,2.24762643000971,0.9950449878916741,0.07146978455597089
all_nine,HEK293T,HepG2,False,30.0,24,0.7083333333333334,0.05931607145351057,4.419636807056671,0.9964389195866038,0.033518855214486415
all_nine,HEK293T,Jurkat,False,30.0,24,0.6811594202898551,0.0661008775101711,3.9994249762098852,1.000545611086887,0.022181529902978597
all_nine,HEK293T,K562_GWPS,False,30.0,24,0.7717391304347826,0.08276035206089007,1.883498429592722,0.9922113027709593,0.09350016633648162
all_nine,HEK293T,K562_essential,False,30.0,24,0.8297101449275363,0.08137524166404163,2.024874641750328,0.9933246187732884,0.09071271261916918
all_nine,HEK293T,KOLF2.1J,False,30.0,24,0.693840579710145,0.04121407990025338,2.483009885144875,0.9993503869487491,0.02399670125809019
all_nine,HEK293T,RPE1,False,30.0,24,0.7789855072463768,0.07775861814192893,3.3540862441064303,0.9960391308934449,0.042537630549756913
all_nine,HEK293T,avg_others,False,30.0,24,0.8061594202898551,0.1212186496894566,1.265244566574223,0.984646095396196,0.19783963699685428
all_nine,HEK293T,CD4T,False,100.0,24,0.6666666666666666,0.03978200983765278,1.8469150758302981,0.9985982326215775,0.05415065570234893
all_nine,HEK293T,HCT116,True,100.0,24,0.6847826086956523,0.06747612574387778,2.185877842496378,0.9944799550304271,0.07460852060888877
all_nine,HEK293T,HepG2,False,100.0,24,0.677536231884058,0.05837520150213874,4.067554702638107,0.9963022871181991,0.03630710385040819
all_nine,HEK293T,Jurkat,False,100.0,24,0.7047101449275361,0.06709291558697401,3.7672517361743068,0.9999167358857672,0.02529852896326365
all_nine,HEK293T,K562_GWPS,False,100.0,24,0.7735507246376812,0.08523075050308904,1.8179962651991413,0.991662504247158,0.09866978973311054
all_nine,HEK293T,K562_essential,False,100.0,24,0.8188405797101449,0.08320624897308021,1.9406230721883508,0.9926926773038182,0.09607171474753148
all_nine,HEK293T,KOLF2.1J,False,100.0,24,0.6847826086956522,0.040469013331624414,2.4559130225966603,0.9993591251043318,0.02389479810873078
all_nine,HEK293T,RPE1,False,100.0,24,0.7862318840579711,0.07753931278576344,3.233896816088103,0.9959566607750563,0.044047430396553414
all_nine,HEK293T,avg_others,False,100.0,24,0.8061594202898551,0.12156230587588944,1.252093057162632,0.9839049245686307,0.20449811025497006
all_nine,HEK293T,CD4T,False,300.0,24,0.6322463768115942,0.03462842725458016,2.2271836715627047,0.9989941860420782,0.04136389065550338
all_nine,HEK293T,HCT116,True,300.0,24,0.6811594202898551,0.06807933696014239,2.230769242632443,0.9941333776231348,0.07353036975223093
all_nine,HEK293T,HepG2,False,300.0,24,0.6721014492753623,0.056258791848150906,4.236014675861547,0.9963605138933109,0.03530863671431224
all_nine,HEK293T,Jurkat,False,300.0,24,0.717391304347826,0.06640711241561194,3.8759498267006736,0.999566713233872,0.025969019181348613
all_nine,HEK293T,K562_GWPS,False,300.0,24,0.7717391304347826,0.08543543428265817,1.8550358779381335,0.991617938031283,0.09652004767334096
all_nine,HEK293T,K562_essential,False,300.0,24,0.8134057971014492,0.08331681327656844,1.9883534921382913,0.9924587171105894,0.0939396442908693
all_nine,HEK293T,KOLF2.1J,False,300.0,24,0.6829710144927535,0.038612918250518304,2.5907047905069485,0.9993944790738304,0.021935401724718105
all_nine,HEK293T,RPE1,False,300.0,24,0.7934782608695651,0.07579049960019649,3.4497681047208135,0.9960570173322597,0.041766558614320395
all_nine,HEK293T,avg_others,False,300.0,24,0.8079710144927535,0.1186113543304252,1.2874202662641256,0.9842761898400079,0.19260686869563784
all_nine,HEK293T,CD4T,False,inf,24,0.5797101449275363,0.025013061733798927,3.527718221553247,0.9996230041435319,0.02355747416034963
all_nine,HEK293T,HCT116,True,inf,24,0.7028985507246377,0.06942964091497006,2.675558723303594,0.9931224381722606,0.06431272603587808
all_nine,HEK293T,HepG2,False,inf,24,0.7119565217391305,0.0599020102203583,5.70786626301605,0.9959373181418246,0.030810466383172246
all_nine,HEK293T,Jurkat,False,inf,24,0.7409420289855072,0.06728717906051046,4.768458474404591,0.9986749932071994,0.025596293051126668
all_nine,HEK293T,K562_GWPS,False,inf,24,0.7898550724637681,0.0873919692723588,2.491479131774143,0.990929163019231,0.07548942830323267
all_nine,HEK293T,K562_essential,False,inf,24,0.8460144927536232,0.08855265925084993,2.589431716207373,0.9906662553715393,0.07822567407003544
all_nine,HEK293T,KOLF2.1J,False,inf,24,0.6847826086956522,0.04296892839983992,3.2259707153445416,0.9991264365264358,0.021681046988948505
all_nine,HEK293T,RPE1,False,inf,24,0.7952898550724639,0.0747247111460523,4.840808419896831,0.995898138790603,0.033458914687882924
all_nine,HEK293T,avg_others,False,inf,24,0.8061594202898551,0.11279886762175646,1.7460553137330679,0.9860591143399523,0.12315701995213216
all_nine,HepG2,CD4T,False,0.0,24,0.7228260869565216,0.10472940914598187,1.2619473471151734,0.9899475448521146,0.1748546882350847
all_nine,HepG2,HCT116,False,0.0,24,0.7228260869565218,0.0768070102023116,1.3228711346528477,0.9945104531942791,0.15597311140372797
all_nine,HepG2,HEK293T,False,0.0,24,0.7409420289855072,0.07456021605653033,1.1930915251279777,0.997924575151837,0.13876429502165652
all_nine,HepG2,Jurkat,True,0.0,24,0.8387681159420289,0.14085529265879326,1.7489470135965457,0.9976180354266587,0.09464148992288215
all_nine,HepG2,K562_GWPS,False,0.0,24,0.8840579710144928,0.14653392045025213,1.1111739918474628,0.9718891334523333,0.3200612918505883
all_nine,HepG2,K562_essential,False,0.0,24,0.8931159420289854,0.13625904186302965,1.157003471956637,0.9715086724470319,0.2866368098446262
all_nine,HepG2,KOLF2.1J,False,0.0,24,0.697463768115942,0.06389902430986034,1.4331806866446306,0.9984074575504704,0.0664209848874345
all_nine,HepG2,RPE1,False,0.0,24,0.8387681159420289,0.1961271906734844,1.3800302472227401,0.9621379336364437,0.23679825306382224
all_nine,HepG2,CD4T,False,0.1,24,0.7228260869565218,0.11814904845202166,1.1627867541286494,0.9866046450794556,0.23295129700220332
all_nine,HepG2,HCT116,False,0.1,24,0.7228260869565218,0.08240011084557554,1.2708733701296722,0.9946438871938936,0.17681212953669284
all_nine,HepG2,HEK293T,False,0.1,24,0.7427536231884058,0.07686542066837658,1.185992960026615,0.9979024161172679,0.14387331401603073
all_nine,HepG2,Jurkat,True,0.1,24,0.8387681159420289,0.14090044229100873,1.746070303711907,0.9975606217426306,0.09492124877060855
all_nine,HepG2,K562_GWPS,False,0.1,24,0.8840579710144928,0.14656689562837513,1.1109834954748887,0.9718724598355751,0.3202509929177573
all_nine,HepG2,K562_essential,False,0.1,24,0.8949275362318841,0.1363062411619261,1.156642175594948,0.9714866576729965,0.2868930398540803
all_nine,HepG2,KOLF2.1J,False,0.1,24,0.6956521739130435,0.06455111135546682,1.42195909027563,0.9983597256701044,0.06787708732306434
all_nine,HepG2,RPE1,False,0.1,24,0.8387681159420289,0.19617504797692442,1.379433282210661,0.9621045958169165,0.2369935725993185
all_nine,HepG2,avg_others,False,0.1,24,0.8478260869565216,0.21396284968549406,0.9773634561276741,0.9599078828471099,0.5873268151565547
all_nine,HepG2,CD4T,False,0.3,24,0.7210144927536232,0.12084108614819912,1.1411254163389692,0.9856153382204752,0.2500733191397069
all_nine,HepG2,HCT116,False,0.3,24,0.7246376811594203,0.08350102694258955,1.2587871464510556,0.9946716909654243,0.18214159924347822
all_nine,HepG2,HEK293T,False,0.3,24,0.7427536231884058,0.0776108770740122,1.1824149419893724,0.9978039843879468,0.14610745739512035
all_nine,HepG2,Jurkat,True,0.3,24,0.8387681159420289,0.1409851448657757,1.7409090617176317,0.9974589515148671,0.09543004895372202
all_nine,HepG2,K562_GWPS,False,0.3,24,0.8840579710144928,0.14663122567634576,1.110612116025292,0.9718398501651233,0.3206216980636213
all_nine,HepG2,K562_essential,False,0.3,24,0.8949275362318841,0.13639810650946774,1.1559416558698685,0.9714441289132983,0.2873908964994958
all_nine,HepG2,KOLF2.1J,False,0.3,24,0.697463768115942,0.06513566728574254,1.4111239077517754,0.9983128680746309,0.0693418812466047
all_nine,HepG2,RPE1,False,0.3,24,0.8387681159420289,0.19626785025983381,1.3782875293604204,0.9620403805511202,0.23737006933168706
all_nine,HepG2,avg_others,False,0.3,24,0.8478260869565216,0.21757457594741644,0.9648746002552814,0.9536514442652538,0.639944104564384
all_nine,HepG2,CD4T,False,1.0,24,0.7101449275362319,0.12340911827656255,1.1206807459327484,0.9845364055199085,0.26876031377396303
all_nine,HepG2,HCT116,False,1.0,24,0.7192028985507246,0.08436589806379108,1.2479151776045665,0.9946243730741843,0.18707380540234947
all_nine,HepG2,HEK293T,False,1.0,24,0.7427536231884058,0.07837157619917956,1.177346894700276,0.9976137132807026,0.14913893631367292
all_nine,HepG2,Jurkat,True,1.0,24,0.8351449275362318,0.1412391964555998,1.7264971677351912,0.9971772795321107,0.09689533625404831
all_nine,HepG2,K562_GWPS,False,1.0,24,0.8840579710144928,0.14684035164421616,1.1094069137257918,0.9717330403359193,0.3218329106185335
all_nine,HepG2,K562_essential,False,1.0,24,0.8949275362318841,0.136695245978078,1.153698273291411,0.9713091692396603,0.2889947018284589
all_nine,HepG2,KOLF2.1J,False,1.0,24,0.7010869565217391,0.0661752600717676,1.3928525017121367,0.9982314427643346,0.07198395892869067
all_nine,HepG2,RPE1,False,1.0,24,0.8387681159420289,0.19656546919941945,1.3747066795166059,0.9618372125214915,0.23856096609055522
all_nine,HepG2,avg_others,False,1.0,24,0.8496376811594203,0.22145942485963457,0.9537768265600346,0.9473159022903402,0.6963007493501766
all_nine,HepG2,CD4T,False,3.0,24,0.7065217391304349,0.12555147386639162,1.1051823587617964,0.9835281845569254,0.28542997786205226
all_nine,HepG2,HCT116,False,3.0,24,0.7192028985507246,0.08485371267517867,1.2397047680097752,0.9944585789996002,0.1908180806398328
all_nine,HepG2,HEK293T,False,3.0,24,0.746376811594203,0.0791062463469846,1.1725441117543776,0.9973916572633379,0.15215608855782534
all_nine,HepG2,Jurkat,True,3.0,24,0.8297101449275361,0.14174515745660374,1.6997378635577778,0.9966315407457031,0.09979859310781186
all_nine,HepG2,K562_GWPS,False,3.0,24,0.8822463768115941,0.14732106011829327,1.106644697128836,0.9714817099602645,0.32466049032801947
all_nine,HepG2,K562_essential,False,3.0,24,0.9003623188405797,0.1373754364064714,1.1486766975733136,0.971013111069948,0.2926370001555431
all_nine,HepG2,KOLF2.1J,False,3.0,24,0.7028985507246377,0.06762712738723488,1.3701316276096374,0.9981260967268447,0.07556772213730018
all_nine,HepG2,RPE1,False,3.0,24,0.8387681159420289,0.1972366675683984,1.3671010236926766,0.9613855887499102,0.24117413078624464
all_nine,HepG2,avg_others,False,3.0,24,0.8478260869565218,0.22502827120452704,0.9459512770765394,0.9424714417349607,0.74335789357114
all_nine,HepG2,CD4T,False,10.0,24,0.7047101449275363,0.12703718803233946,1.0946639518627883,0.9825378860609162,0.299203924671604
all_nine,HepG2,HCT116,False,10.0,24,0.7119565217391305,0.08475990519550607,1.2357059765284895,0.9942017722838693,0.1927318012927873
all_nine,HepG2,HEK293T,False,10.0,24,0.746376811594203,0.07946418352072894,1.1731847118758552,0.9971829080691585,0.15235390887326566
all_nine,HepG2,Jurkat,True,10.0,24,0.8297101449275361,0.14237225506784074,1.661043017900883,0.9956168145985235,0.10462742425775462
all_nine,HepG2,K562_GWPS,False,10.0,24,0.8804347826086957,0.1481446956616734,1.1018713241099434,0.9710054797598175,0.32980403274734316
all_nine,HepG2,K562_essential,False,10.0,24,0.9021739130434784,0.13860539986290085,1.139997907940601,0.9705315181827882,0.2990686701587876
all_nine,HepG2,KOLF2.1J,False,10.0,24,0.7065217391304349,0.06927194877467226,1.3468520566075879,0.9980042017621001,0.07968598222626382
all_nine,HepG2,RPE1,False,10.0,24,0.8369565217391305,0.1984391981880477,1.3556943134793422,0.9605386756641077,0.2455456200606349
all_nine,HepG2,avg_others,False,10.0,24,0.8423913043478262,0.22804910073170923,0.940236331511439,0.9387362441405046,0.782047520311109
all_nine,HepG2,CD4T,False,30.0,24,0.7010869565217391,0.12497114436948457,1.1041835973356569,0.9823785542975476,0.2916736898783174
all_nine,HepG2,HCT116,False,30.0,24,0.7101449275362318,0.08279974344483,1.2528952756059717,0.9941214888227073,0.1856500856060273
all_nine,HepG2,HEK293T,False,30.0,24,0.75,0.07731393256851889,1.1965756148484021,0.9971849514050065,0.14073038234340712
all_nine,HepG2,Jurkat,True,30.0,24,0.8260869565217391,0.14149920143951777,1.6535927554196856,0.9944982370378797,0.10687753811833933
all_nine,HepG2,K562_GWPS,False,30.0,24,0.8786231884057972,0.14790907040434864,1.1028966449882323,0.970900774775217,0.3294952758366919
all_nine,HepG2,K562_essential,False,30.0,24,0.9021739130434784,0.1388545797712465,1.1390877831816386,0.9705734475406844,0.2994299992242873
all_nine,HepG2,KOLF2.1J,False,30.0,24,0.6992753623188407,0.06894415271285877,1.355628940965935,0.9979951009706004,0.07865779330971341
all_nine,HepG2,RPE1,False,30.0,24,0.8369565217391305,0.1986937598492521,1.3609898504394586,0.9600416977215906,0.24536299661360833
all_nine,HepG2,avg_others,False,30.0,24,0.8387681159420289,0.22714114305966784,0.9394648124931231,0.9378523343045,0.7832939730881954
all_nine,HepG2,CD4T,False,100.0,24,0.6938405797101449,0.11439423611200268,1.1704772693121364,0.984128549550551,0.2413367476352458
all_nine,HepG2,HCT116,False,100.0,24,0.6829710144927535,0.07739626500466475,1.3205609018401805,0.9942973165812465,0.16268760571976285
all_nine,HepG2,HEK293T,False,100.0,24,0.7445652173913043,0.07024809893759194,1.277119691688858,0.9973936201946781,0.11156931837695003
all_nine,HepG2,Jurkat,True,100.0,24,0.8206521739130435,0.1372647204711023,1.7257138575977502,0.9934927286443332,0.10212521062260897
all_nine,HepG2,K562_GWPS,False,100.0,24,0.8731884057971016,0.14453793817338717,1.124209666719872,0.9719909788588034,0.31124479223236723
all_nine,HepG2,K562_essential,False,100.0,24,0.9021739130434782,0.13622358178542412,1.1640370993140632,0.9717873377863165,0.28164278009978794
all_nine,HepG2,KOLF2.1J,False,100.0,24,0.6920289855072465,0.06430192392779326,1.452140322690896,0.9982299158108997,0.06644867667232632
all_nine,HepG2,RPE1,False,100.0,24,0.8333333333333334,0.19586767643466274,1.414703029021896,0.9606481387927996,0.2325375362916744
all_nine,HepG2,avg_others,False,100.0,24,0.8315217391304349,0.21891198926297764,0.9471363523999353,0.9408142290664768,0.7201950606265415
all_nine,HepG2,CD4T,False,300.0,24,0.697463768115942,0.09899596006605405,1.3024333044164151,0.9866629804981897,0.18402522926414364
all_nine,HepG2,HCT116,False,300.0,24,0.6757246376811595,0.07196742329050132,1.415399002384046,0.9944803541758879,0.14001519074331803
all_nine,HepG2,HEK293T,False,300.0,24,0.7427536231884059,0.06293703956788939,1.394401601334593,0.9975833748950955,0.0873465782921109
all_nine,HepG2,Jurkat,True,300.0,24,0.8170289855072465,0.1314369268328325,1.8475751217654617,0.9929750864673527,0.09447109370048243
all_nine,HepG2,K562_GWPS,False,300.0,24,0.8713768115942028,0.14006736411362378,1.16081285041678,0.9734194171839269,0.28532682393865133
all_nine,HepG2,K562_essential,False,300.0,24,0.9003623188405796,0.13274434454399875,1.2078162307689904,0.9730126059667618,0.25751286401563434
all_nine,HepG2,KOLF2.1J,False,300.0,24,0.681159420289855,0.05864765829848173,1.6245571729487625,0.9984639718089071,0.05312231319889767
all_nine,HepG2,RPE1,False,300.0,24,0.8351449275362318,0.19132381813011667,1.5070883435261109,0.9618558750244155,0.2137305370322197
all_nine,HepG2,avg_others,False,300.0,24,0.8260869565217392,0.20777341895427273,0.9619994413014503,0.9453984136502498,0.6331016052681375
all_nine,HepG2,CD4T,False,inf,24,0.6557971014492754,0.06519300061469042,1.6844360029758443,0.9913345849966557,0.11158982519804646
all_nine,HepG2,HCT116,False,inf,24,0.6177536231884058,0.0583136187682714,1.6061034048953384,0.9962353492781473,0.10632673158248529
all_nine,HepG2,HEK293T,False,inf,24,0.7155797101449276,0.04708341099029705,1.6142457845373748,0.9983822751629775,0.058911182977967616
all_nine,HepG2,Jurkat,True,inf,24,0.7989130434782609,0.1172003139440123,2.082838092202911,0.9933016729916454,0.07881655731383293
all_nine,HepG2,K562_GWPS,False,inf,24,0.8677536231884058,0.13537572402960119,1.2600284248393325,0.974559172135146,0.24028491458725826
all_nine,HepG2,K562_essential,False,inf,24,0.8967391304347826,0.1271111246079779,1.305859807160162,0.9742118804193,0.221380839227508
all_nine,HepG2,KOLF2.1J,False,inf,24,0.7101449275362319,0.04591928745107667,1.9973752024592624,0.9988518475673702,0.03595520117131562
all_nine,HepG2,RPE1,False,inf,24,0.8206521739130435,0.17198648231653335,1.7349932113706965,0.9663782233567952,0.17660090439028062
all_nine,HepG2,avg_others,False,inf,24,0.8188405797101449,0.17622766992437167,1.0115376842381794,0.9570202238830295,0.4713887269120158
all_nine,Jurkat,CD4T,False,0.0,24,0.7481884057971014,0.12793636413509393,1.2538419459737835,0.9934276023853593,0.1470876117634279
all_nine,Jurkat,HCT116,False,0.0,24,0.6920289855072465,0.06495992034882168,1.5282024027598144,0.9983294421132417,0.06361932737223344
all_nine,Jurkat,HEK293T,False,0.0,24,0.6884057971014493,0.06246244808496335,1.2936726169544903,0.9991095273264712,0.0581727721016701
all_nine,Jurkat,HepG2,True,0.0,24,0.842391304347826,0.11830826905279919,2.3299332329555362,0.9952893112983433,0.059162441756804296
all_nine,Jurkat,K562_GWPS,False,0.0,24,0.8840579710144928,0.17686052032042685,1.1974787458869884,0.9853384525578528,0.2410098566311314
all_nine,Jurkat,K562_essential,False,0.0,24,0.8387681159420289,0.14032652344759342,1.2935690762833407,0.989074644175506,0.16890452099239567
all_nine,Jurkat,KOLF2.1J,False,0.0,24,0.7065217391304347,0.05634758234672265,1.5463610831904402,0.9980442809647195,0.06238519452113689
all_nine,Jurkat,RPE1,False,0.0,24,0.8442028985507247,0.18743387637864703,1.6317438981120835,0.9783149604769399,0.1581616865309085
all_nine,Jurkat,CD4T,False,0.1,24,0.7536231884057972,0.134357270565688,1.2115359836527522,0.9926368418989715,0.1660562090561088
all_nine,Jurkat,HCT116,False,0.1,24,0.6992753623188405,0.07700815507794988,1.4401682637825068,0.9978612202857979,0.07832095228401006
all_nine,Jurkat,HEK293T,False,0.1,24,0.6884057971014492,0.06705508426688304,1.2756086079036837,0.9990529647390417,0.06286817366761746
all_nine,Jurkat,HepG2,True,0.1,24,0.842391304347826,0.11846479128648517,2.323169631972007,0.995268462156851,0.05941742618366743
all_nine,Jurkat,K562_GWPS,False,0.1,24,0.8840579710144928,0.17691374671804475,1.197138654892864,0.9853341173421616,0.24120107115691808
all_nine,Jurkat,K562_essential,False,0.1,24,0.8387681159420289,0.14038091411646297,1.2929910029651321,0.9890661839861354,0.16909234357928432
all_nine,Jurkat,KOLF2.1J,False,0.1,24,0.7010869565217392,0.057248500220712574,1.5296917570619541,0.997977315150175,0.06419362799389713
all_nine,Jurkat,RPE1,False,0.1,24,0.8442028985507247,0.18749778950240947,1.6301803277509963,0.9782897530457731,0.15839341407488103
all_nine,Jurkat,avg_others,False,0.1,24,0.871376811594203,0.22026992712233748,1.0332112448720165,0.9753455881872142,0.4036358190649937
all_nine,Jurkat,CD4T,False,0.3,24,0.7626811594202899,0.13699594958134145,1.1922070742416928,0.992289379363181,0.17577820643604808
all_nine,Jurkat,HCT116,False,0.3,24,0.7010869565217392,0.07917244317833681,1.424910476831052,0.9977869781163851,0.08103708939578
all_nine,Jurkat,HEK293T,False,0.3,24,0.6902173913043478,0.06846253567317918,1.2705421903183791,0.9990330117825764,0.0641633552789289
all_nine,Jurkat,HepG2,True,0.3,24,0.842391304347826,0.1187562349616063,2.3108471623333067,0.9952317350644292,0.05988027630465888
all_nine,Jurkat,K562_GWPS,False,0.3,24,0.8840579710144928,0.17701804967256263,1.1964717197542163,0.9853256329236946,0.24157678010138256
all_nine,Jurkat,K562_essential,False,0.3,24,0.8387681159420289,0.14048693410959748,1.291864896748485,0.9890498064852483,0.16945874703009048
all_nine,Jurkat,KOLF2.1J,False,0.3,24,0.7028985507246377,0.058179525823344465,1.5137248879690037,0.9979037168492624,0.06602842361002215
all_nine,Jurkat,RPE1,False,0.3,24,0.8442028985507247,0.18762085120813268,1.6271490530373445,0.9782414217983249,0.15884296932175376
all_nine,Jurkat,avg_others,False,0.3,24,0.871376811594203,0.22614768906517554,1.0199531422501256,0.973525334170067,0.43785100201047716
all_nine,Jurkat,CD4T,False,1.0,24,0.7554347826086957,0.13942226394047583,1.172410974115461,0.9919074671554283,0.186809896970849
all_nine,Jurkat,HCT116,False,1.0,24,0.7028985507246377,0.08095625316298992,1.4091215377190636,0.9977065539080076,0.08373534080742104
all_nine,Jurkat,HEK293T,False,1.0,24,0.6902173913043478,0.0696984193608836,1.2638903081665933,0.9990007302073729,0.06574024208803575
all_nine,Jurkat,HepG2,True,1.0,24,0.8423913043478262,0.1196379852743198,2.2749823271885394,0.995130150765873,0.06122831763888228
all_nine,Jurkat,K562_GWPS,False,1.0,24,0.8858695652173912,0.1773618055410748,1.1942681934455956,0.9852977837890219,0.24282492711657122
all_nine,Jurkat,K562_essential,False,1.0,24,0.8387681159420289,0.14083208744628026,1.288200766449643,0.9889973400704736,0.1706564197565305
all_nine,Jurkat,KOLF2.1J,False,1.0,24,0.7083333333333334,0.05971891734986843,1.487849183771201,0.9977774892502975,0.06913265216038914
all_nine,Jurkat,RPE1,False,1.0,24,0.8442028985507247,0.18800894605201393,1.6174062456138676,0.9780905185511631,0.1602916909011564
all_nine,Jurkat,avg_others,False,1.0,24,0.8695652173913043,0.23213899002469715,1.0080313382070665,0.9717196622519121,0.4740753202574253
all_nine,Jurkat,CD4T,False,3.0,24,0.7518115942028986,0.14104589864452602,1.1571993251802661,0.9915776690292215,0.1961775084521757
all_nine,Jurkat,HCT116,False,3.0,24,0.7010869565217392,0.08246911141367459,1.3922140056856651,0.997596544549188,0.08662163563460008
all_nine,Jurkat,HEK293T,False,3.0,24,0.6847826086956522,0.07040517142473622,1.257237227402709,0.9989602350759393,0.06722731050721834
all_nine,Jurkat,HepG2,True,3.0,24,0.842391304347826,0.12153688242373194,2.2020330127242222,0.994934556482702,0.06403634229457092
all_nine,Jurkat,K562_GWPS,False,3.0,24,0.8876811594202899,0.1781879093937142,1.1889208402539713,0.9852317622156237,0.24589642803675474
all_nine,Jurkat,K562_essential,False,3.0,24,0.8387681159420289,0.14164407862928122,1.2795454330827145,0.988877711189665,0.1735239587879529
all_nine,Jurkat,KOLF2.1J,False,3.0,24,0.7047101449275363,0.06152576252956137,1.4551963054398367,0.9976309172098655,0.07314818590143889
all_nine,Jurkat,RPE1,False,3.0,24,0.8423913043478262,0.1888582378305447,1.5949479092775314,0.9777656973162833,0.16366260010396483
all_nine,Jurkat,avg_others,False,3.0,24,0.8695652173913043,0.2375724834567797,0.9990309713643497,0.9702871526849709,0.5059340916461281
all_nine,Jurkat,CD4T,False,10.0,24,0.7518115942028986,0.1414605801024648,1.1479939317903682,0.9913978678148491,0.20167165695426376
all_nine,Jurkat,HCT116,False,10.0,24,0.7065217391304347,0.08417485541343173,1.3716821244146022,0.9974301804266508,0.09035599744687092
all_nine,Jurkat,HEK293T,False,10.0,24,0.6811594202898551,0.07030202635271711,1.2536478201658445,0.9989339135413102,0.06757651916653676
all_nine,Jurkat,HepG2,True,10.0,24,0.8496376811594203,0.1251866584072335,2.069764266019193,0.9946013387540409,0.06951243316037808
all_nine,Jurkat,K562_GWPS,False,10.0,24,0.8858695652173912,0.17990752076205377,1.1771871825933786,0.985101685790264,0.25281642477866306
all_nine,Jurkat,K562_essential,False,10.0,24,0.8387681159420289,0.14330183263290083,1.2611834475966206,0.9886506834988716,0.17976894316692077
all_nine,Jurkat,KOLF2.1J,False,10.0,24,0.7119565217391305,0.0631291282668004,1.4151166641388027,0.9975062606418474,0.07793359414398585
all_nine,Jurkat,RPE1,False,10.0,24,0.8423913043478262,0.19029570304474944,1.5487430674116547,0.9772138972986124,0.170722380779205
all_nine,Jurkat,avg_others,False,10.0,24,0.8641304347826088,0.2432963419403281,0.9912242561304188,0.9691409860678464,0.5380983014710207
all_nine,Jurkat,CD4T,False,30.0,24,0.7518115942028986,0.13799340701267052,1.1601331675386306,0.991731351503841,0.19177238438519745
all_nine,Jurkat,HCT116,False,30.0,24,0.7047101449275361,0.08477843086382614,1.367637662778297,0.9973344823054191,0.09135161046647475
all_nine,Jurkat,HEK293T,False,30.0,24,0.6757246376811595,0.06781501038883907,1.2685780166131824,0.9990143134167798,0.06277663298296463
all_nine,Jurkat,HepG2,True,30.0,24,0.851449275362319,0.12809243105903623,1.9527998863785867,0.9943729399131508,0.0746705735400913
all_nine,Jurkat,K562_GWPS,False,30.0,24,0.8894927536231885,0.18096286617738,1.1663527184850755,0.9850490144267424,0.25907793545812313
all_nine,Jurkat,K562_essential,False,30.0,24,0.8315217391304347,0.14444098588665497,1.2443026122186553,0.9885584472238456,0.1852752448516896
all_nine,Jurkat,KOLF2.1J,False,30.0,24,0.7065217391304347,0.062096661557157984,1.4020535809290062,0.9976058312003286,0.0778936238267267
all_nine,Jurkat,RPE1,False,30.0,24,0.8496376811594203,0.19024015551044735,1.5073816528502701,0.9771180013027237,0.1764967749759514
all_nine,Jurkat,avg_others,False,30.0,24,0.8605072463768116,0.24582859838428117,0.9884942624355171,0.969176122226896,0.5514683614599295
all_nine,Jurkat,CD4T,False,100.0,24,0.7554347826086957,0.12558526761387612,1.2286823799421982,0.9930517216025961,0.15371721043999167
all_nine,Jurkat,HCT116,False,100.0,24,0.6992753623188407,0.0820873505809911,1.4120575443913528,0.9974299518964774,0.08478982418827173
all_nine,Jurkat,HEK293T,False,100.0,24,0.6648550724637682,0.060589906166347886,1.332851414001759,0.9992907208642727,0.04879625102202356
all_nine,Jurkat,HepG2,True,100.0,24,0.8605072463768115,0.12663881508969022,1.9277013289134584,0.9944671800522037,0.0749650544684529
all_nine,Jurkat,K562_GWPS,False,100.0,24,0.8858695652173912,0.17844578356520127,1.1700241524630837,0.9853202214467947,0.2549854859387768
all_nine,Jurkat,K562_essential,False,100.0,24,0.8260869565217391,0.1429569882689118,1.2469876220616551,0.9889737840568592,0.1821478295977435
all_nine,Jurkat,KOLF2.1J,False,100.0,24,0.7173913043478262,0.055242487576038855,1.4713924572565813,0.9981366713603129,0.06540487627784985
all_nine,Jurkat,RPE1,False,100.0,24,0.8532608695652174,0.18488141109245493,1.5204256002617926,0.9785660231091441,0.17050117744579396
all_nine,Jurkat,avg_others,False,100.0,24,0.8623188405797103,0.24073762739783724,0.9957177197569865,0.9713515799199742,0.5203470924699041
all_nine,Jurkat,CD4T,False,300.0,24,0.7626811594202899,0.10791739314030065,1.3602813604318968,0.9945990588164627,0.11245972316070052
all_nine,Jurkat,HCT116,False,300.0,24,0.6865942028985508,0.07712720324063875,1.4974186677150352,0.9976794247237375,0.07431016543837514
all_nine,Jurkat,HEK293T,False,300.0,24,0.6521739130434782,0.053012646192200995,1.4357547616821313,0.9995454027251073,0.03591557534644385
all_nine,Jurkat,HepG2,True,300.0,24,0.8586956521739131,0.12070497297351912,2.008303341329458,0.9947559066534483,0.07024219259734096
all_nine,Jurkat,K562_GWPS,False,300.0,24,0.8876811594202897,0.17371939759722418,1.1909993719341039,0.9857955857131337,0.24086171027258246
all_nine,Jurkat,K562_essential,False,300.0,24,0.8260869565217391,0.140157116183758,1.2714839446175406,0.989576866843008,0.17204892518128528
all_nine,Jurkat,KOLF2.1J,False,300.0,24,0.7065217391304349,0.045701411372418316,1.6305041212681222,0.9987439492560097,0.04878328398987743
all_nine,Jurkat,RPE1,False,300.0,24,0.8568840579710146,0.17503644045576303,1.6032126705206604,0.9807885087973018,0.15372935906199386
all_nine,Jurkat,avg_others,False,300.0,24,0.8514492753623188,0.22952955571511371,1.0126542078411604,0.9743479795716484,0.4590830632633217
all_nine,Jurkat,CD4T,False,inf,24,0.7192028985507246,0.07226875354179858,1.7182713871525896,0.9972086670156989,0.06031949166607402
all_nine,Jurkat,HCT116,False,inf,24,0.6829710144927535,0.06597929073895,1.7159444277245288,0.9984263404517776,0.054837359840459524
all_nine,Jurkat,HEK293T,False,inf,24,0.6467391304347827,0.040074267364895576,1.6394117534804895,0.9998801534273698,0.019713235843115313
all_nine,Jurkat,HepG2,True,inf,24,0.8496376811594203,0.11795152655941653,2.3438041231050595,0.9938077795513852,0.06689092360492684
all_nine,Jurkat,K562_GWPS,False,inf,24,0.8894927536231884,0.17619933543223656,1.3284189984563815,0.9796721493861378,0.20767682263911244
all_nine,Jurkat,K562_essential,False,inf,24,0.8297101449275361,0.14694934869727885,1.3930976956089265,0.9868548446591483,0.16093919312200775
all_nine,Jurkat,KOLF2.1J,False,inf,24,0.6757246376811595,0.030863471450018786,2.036899406095176,0.9994440003462156,0.02845275297058078
all_nine,Jurkat,RPE1,False,inf,24,0.8586956521739131,0.14704160916571674,1.9316497344884003,0.9847439859213135,0.1159859161851456
all_nine,Jurkat,avg_others,False,inf,24,0.8496376811594203,0.1975063721633078,1.0862987200530663,0.978275477338639,0.31862828816878885
all_nine,K562_GWPS,CD4T,False,0.0,24,0.7608695652173912,0.16303306007597082,1.6040280993915792,0.9450855386226447,0.24362991783957852
all_nine,K562_GWPS,HCT116,False,0.0,24,0.7463768115942028,0.09817611344712894,2.2407822833180266,0.985172483191186,0.10709073650929216
all_nine,K562_GWPS,HEK293T,False,0.0,24,0.7626811594202899,0.10590664895642872,1.6013574973740898,0.9892120134350625,0.13950130838284036
all_nine,K562_GWPS,HepG2,False,0.0,24,0.8478260869565216,0.14595937492895628,4.009452348116046,0.9783319807176617,0.09324332561558973
all_nine,K562_GWPS,Jurkat,False,0.0,24,0.8460144927536232,0.20185175739018776,3.214124220376248,0.9834849535459557,0.11153493488972333
all_nine,K562_GWPS,K562_essential,True,0.0,24,0.9673913043478262,0.304517959446593,1.2475228669315466,0.8416875658281887,0.3901411097264873
all_nine,K562_GWPS,KOLF2.1J,False,0.0,24,0.6865942028985508,0.07839449366722735,2.374437550970079,0.9973637456867211,0.05717042526241715
all_nine,K562_GWPS,RPE1,True,0.0,24,0.8659420289855072,0.20941955443821417,2.6450502682417096,0.9468276710488739,0.15700404010040842
all_nine,K562_GWPS,CD4T,False,0.1,24,0.7536231884057972,0.1728039215050822,1.4265824084559546,0.9343291106043576,0.28708272571164145
all_nine,K562_GWPS,HCT116,False,0.1,24,0.7264492753623188,0.11018737867304085,2.0041372433440268,0.9829248252069536,0.1279443741775647
all_nine,K562_GWPS,HEK293T,False,0.1,24,0.7626811594202899,0.10962111664254852,1.5768967244672907,0.9891006344673147,0.145028752699896
all_nine,K562_GWPS,HepG2,False,0.1,24,0.8478260869565216,0.1460948120229125,3.9993865809521525,0.9782561824080874,0.09349449736519892
all_nine,K562_GWPS,Jurkat,False,0.1,24,0.8460144927536232,0.20190074167767044,3.2106966516992355,0.983422838231715,0.1116609716931829
all_nine,K562_GWPS,K562_essential,True,0.1,24,0.9673913043478262,0.30452207404569853,1.2473907298349356,0.8416816695700626,0.3901801132981995
all_nine,K562_GWPS,KOLF2.1J,False,0.1,24,0.6865942028985508,0.0789726980709113,2.35510026917532,0.9972935781183835,0.05800340850125977
all_nine,K562_GWPS,RPE1,True,0.1,24,0.8659420289855072,0.20947249152435163,2.6424078017971246,0.9467779382547888,0.15716186866606047
all_nine,K562_GWPS,avg_others,False,0.1,24,0.9221014492753623,0.29153392727373884,1.0245309374431704,0.8889408470340013,0.4847755919078421
all_nine,K562_GWPS,CD4T,False,0.3,24,0.7518115942028986,0.17574540968358301,1.3706077743918825,0.9296660261795199,0.30383084071177946
all_nine,K562_GWPS,HCT116,False,0.3,24,0.7300724637681161,0.11216726797087351,1.9621060614643677,0.9824997678645896,0.13219492808452485
all_nine,K562_GWPS,HEK293T,False,0.3,24,0.7626811594202899,0.11109720535490748,1.5669456733755813,0.9889952782586121,0.14721354718122082
all_nine,K562_GWPS,HepG2,False,0.3,24,0.8442028985507246,0.14635166832108018,3.9803924341581727,0.9781130365124517,0.09397090140612978
all_nine,K562_GWPS,Jurkat,False,0.3,24,0.8460144927536232,0.20199499599856127,3.204095076576425,0.9833018547505878,0.1119046621856139
all_nine,K562_GWPS,K562_essential,True,0.3,24,0.9673913043478262,0.3045299978582458,1.2471317745454027,0.8416702720095116,0.3902565101560342
all_nine,K562_GWPS,KOLF2.1J,False,0.3,24,0.6829710144927535,0.07964889474510206,2.330762542660991,0.9972018072522724,0.0590648394844022
all_nine,K562_GWPS,RPE1,True,0.3,24,0.8659420289855072,0.20957546505359434,2.6372716565066243,0.94668110465624,0.15746951891763286
all_nine,K562_GWPS,avg_others,False,0.3,24,0.9148550724637682,0.2978548807652851,0.9685752652589394,0.8724829587519021,0.5352737578989964
all_nine,K562_GWPS,CD4T,False,1.0,24,0.7536231884057972,0.1786336028272899,1.3161783311926232,0.9246636414978686,0.3219576116029268
all_nine,K562_GWPS,HCT116,False,1.0,24,0.7282608695652174,0.1136939942817995,1.926951730638601,0.9821017719172492,0.13587993977770946
all_nine,K562_GWPS,HEK293T,False,1.0,24,0.7608695652173912,0.1123868129159914,1.5557036540385452,0.9887674134231564,0.14955387263789155
all_nine,K562_GWPS,HepG2,False,1.0,24,0.8423913043478262,0.14714270735733703,3.922739982214359,0.9776760087336583,0.09543814079379351
all_nine,K562_GWPS,Jurkat,False,1.0,24,0.8460144927536232,0.20229098436877516,3.1833032505848706,0.9829083015842948,0.11268053030518073
all_nine,K562_GWPS,K562_essential,True,1.0,24,0.9673913043478262,0.30455476060812403,1.2462777952129476,0.8416342211981581,0.3905080467441096
all_nine,K562_GWPS,KOLF2.1J,False,1.0,24,0.6847826086956522,0.08092217059973753,2.282326887265454,0.9970184627314832,0.06123656470074067
all_nine,K562_GWPS,RPE1,True,1.0,24,0.8641304347826088,0.20990761997565213,2.6207148139242187,0.9463674811914796,0.15846913041934635
all_nine,K562_GWPS,avg_others,False,1.0,24,0.9094202898550724,0.3043343851251931,0.9182866732955246,0.8545138476356695,0.5912525393640602
all_nine,K562_GWPS,CD4T,False,3.0,24,0.746376811594203,0.18077494220887982,1.2755521620136392,0.9209451865370878,0.33678848199646394
all_nine,K562_GWPS,HCT116,False,3.0,24,0.7264492753623188,0.11482315512612012,1.8992449531976234,0.9816471099505484,0.13895097960972858
all_nine,K562_GWPS,HEK293T,False,3.0,24,0.7554347826086957,0.11286866203440386,1.5474625372765933,0.9884502406033749,0.1512185691368118
all_nine,K562_GWPS,HepG2,False,3.0,24,0.8387681159420289,0.1488579489976931,3.802258243686354,0.9767387331534331,0.09862237207503491
all_nine,K562_GWPS,Jurkat,False,3.0,24,0.8442028985507247,0.20292550512514942,3.1382357212798295,0.9819741844126804,0.11441021574243675
all_nine,K562_GWPS,K562_essential,True,3.0,24,0.9673913043478262,0.3046048268554826,1.2442150738043696,0.8415579563426838,0.3911125545266073
all_nine,K562_GWPS,KOLF2.1J,False,3.0,24,0.6847826086956522,0.08261406384780053,2.215802766511207,0.9967626529764576,0.06437378552714121
all_nine,K562_GWPS,RPE1,True,3.0,24,0.8659420289855072,0.2106580962272485,2.583032556018681,0.9456460079682528,0.1607883506276127
all_nine,K562_GWPS,avg_others,False,3.0,24,0.9112318840579711,0.30995264584019416,0.8825105055780447,0.8396765777978427,0.6395527911723982
all_nine,K562_GWPS,CD4T,False,10.0,24,0.7481884057971016,0.18148860077478002,1.2533725848775767,0.9195843968678149,0.345083725667266
all_nine,K562_GWPS,HCT116,False,10.0,24,0.7282608695652174,0.11554392563086052,1.8793808623371566,0.981030723613973,0.14152378794541803
all_nine,K562_GWPS,HEK293T,False,10.0,24,0.7554347826086957,0.1117925777520589,1.556260474819823,0.9882530078666555,0.14969975999726942
all_nine,K562_GWPS,HepG2,False,10.0,24,0.8351449275362318,0.15211021320243653,3.589173158358126,0.9749445449312227,0.10473155285390456
all_nine,K562_GWPS,Jurkat,False,10.0,24,0.8423913043478262,0.20390624630145163,3.06231238429863,0.9798773681633105,0.11753206702858306
all_nine,K562_GWPS,K562_essential,True,10.0,24,0.9673913043478262,0.30464566505002305,1.2397219298571949,0.8414654558839983,0.3924046485903923
all_nine,K562_GWPS,KOLF2.1J,False,10.0,24,0.6811594202898551,0.08426606510292632,2.142187934015178,0.9964585774159471,0.06801765268056721
all_nine,K562_GWPS,RPE1,True,10.0,24,0.8586956521739131,0.2119168751554532,2.5142182039532393,0.9443085885155029,0.165161202018194
all_nine,K562_GWPS,avg_others,False,10.0,24,0.9021739130434784,0.3152029110162092,0.8550859733231587,0.8269919451833784,0.6827694276487215
all_nine,K562_GWPS,CD4T,False,30.0,24,0.7536231884057972,0.17717162269612077,1.297010254899097,0.9249679652951611,0.32723199159576827
all_nine,K562_GWPS,HCT116,False,30.0,24,0.7192028985507247,0.11393845729629126,1.918823034978331,0.9810046642929534,0.13816028874435965
all_nine,K562_GWPS,HEK293T,False,30.0,24,0.7572463768115942,0.10706205902484107,1.626043967293725,0.9888674697907793,0.13802442044486113
all_nine,K562_GWPS,HepG2,False,30.0,24,0.8351449275362319,0.1544952350317295,3.441692167658793,0.9733932378529166,0.10940557305909744
all_nine,K562_GWPS,Jurkat,False,30.0,24,0.8460144927536232,0.20360889590395914,3.0434204726451335,0.9773494361973158,0.1187391977910877
all_nine,K562_GWPS,K562_essential,True,30.0,24,0.9673913043478262,0.30445667681455124,1.2354491552741735,0.8416118236461552,0.39353386418924174
all_nine,K562_GWPS,KOLF2.1J,False,30.0,24,0.6811594202898551,0.08325038926984285,2.15858996538285,0.9964383962420755,0.06704080171125296
all_nine,K562_GWPS,RPE1,True,30.0,24,0.8586956521739131,0.2113881948531772,2.4982705749051908,0.9441128656462653,0.16592838839015991
all_nine,K562_GWPS,avg_others,False,30.0,24,0.8967391304347827,0.31649032133986643,0.8464692332595745,0.8220292529187844,0.6961605208618874
all_nine,K562_GWPS,CD4T,False,100.0,24,0.75,0.16127007892162695,1.5240437576715709,0.9421431041323229,0.25984966704853435
all_nine,K562_GWPS,HCT116,False,100.0,24,0.7155797101449276,0.10707304150670693,2.1075650068340446,0.9824602762942125,0.12230528995949852
all_nine,K562_GWPS,HEK293T,False,100.0,24,0.7590579710144928,0.09568451729072729,1.8511192869019724,0.9907473242042403,0.11002818817923306
all_nine,K562_GWPS,HepG2,False,100.0,24,0.8387681159420289,0.15244441411000226,3.5493976346275735,0.9735105649212048,0.10636033773454948
all_nine,K562_GWPS,Jurkat,False,100.0,24,0.8405797101449276,0.19959610518411108,3.2067940618896165,0.9756373031381519,0.11340924734005567
all_nine,K562_GWPS,K562_essential,True,100.0,24,0.9692028985507246,0.30382656196913843,1.2355717586501156,0.8422169471014852,0.39319434292675365
all_nine,K562_GWPS,KOLF2.1J,False,100.0,24,0.6829710144927535,0.07643124914354349,2.4359900425001517,0.997031908551008,0.055526066601759516
all_nine,K562_GWPS,RPE1,True,100.0,24,0.8586956521739131,0.2048315836506934,2.6868442408245428,0.9480815437097804,0.1533501980981979
all_nine,K562_GWPS,avg_others,False,100.0,24,0.8804347826086957,0.3096900546472013,0.8677846527519288,0.8288444252341765,0.6564318372530178
all_nine,K562_GWPS,CD4T,False,300.0,24,0.7536231884057972,0.1377262254883458,1.960598882920337,0.9610446820983229,0.18520345823360782
all_nine,K562_GWPS,HCT116,False,300.0,24,0.7119565217391305,0.09786412573095533,2.4027335576186726,0.9846428189310729,0.10361893659132124
all_nine,K562_GWPS,HEK293T,False,300.0,24,0.7536231884057972,0.08334461300647626,2.1805969065467106,0.9927116767458198,0.0838780162179046
all_nine,K562_GWPS,HepG2,False,300.0,24,0.8460144927536231,0.14725288614884538,3.883278073905214,0.9748899520650569,0.097940107558806
all_nine,K562_GWPS,Jurkat,False,300.0,24,0.8315217391304349,0.1940598599391465,3.48914121189756,0.975234720731904,0.10515690053339481
all_nine,K562_GWPS,K562_essential,True,300.0,24,0.9692028985507246,0.3031778079267348,1.2400385286786033,0.8428105952956279,0.39161520003515493
all_nine,K562_GWPS,KOLF2.1J,False,300.0,24,0.6956521739130435,0.06796744626627245,2.9548207067133774,0.9976901363076507,0.04233804462376493
all_nine,K562_GWPS,RPE1,True,300.0,24,0.8568840579710145,0.1950441232773216,3.0363525270460676,0.9536471150900034,0.13509505679154027
all_nine,K562_GWPS,avg_others,False,300.0,24,0.8731884057971014,0.29696449021141286,0.918996051925558,0.8442072148427466,0.5838646167410706
all_nine,K562_GWPS,CD4T,False,inf,24,0.7228260869565218,0.08065367136193485,3.1945569136796936,0.9893314737551082,0.08725248760017838
all_nine,K562_GWPS,HCT116,False,inf,24,0.6829710144927535,0.07001861330953901,3.0755215010316723,0.9940015392596795,0.0659637579864036
all_nine,K562_GWPS,HEK293T,False,inf,24,0.7083333333333334,0.050547213551259386,2.8257378404803584,0.9987378821125122,0.045338519316236996
all_nine,K562_GWPS,HepG2,False,inf,24,0.8514492753623188,0.13098074403284407,4.807508719244856,0.980375114962707,0.07816151204815415
all_nine,K562_GWPS,Jurkat,False,inf,24,0.8188405797101449,0.1679769833548991,4.07667382284446,0.9810649103293099,0.08121760212518019
all_nine,K562_GWPS,K562_essential,True,inf,24,0.9673913043478262,0.2985884366566083,1.2504828303366429,0.8496777090592309,0.3859528005396055
all_nine,K562_GWPS,KOLF2.1J,False,inf,24,0.7155797101449274,0.04417379097313451,4.151427311303084,0.9990280577026117,0.020905943186901855
all_nine,K562_GWPS,RPE1,True,inf,24,0.8641304347826088,0.15381325906367938,4.170414238650468,0.9721908816581342,0.08821360767639731
all_nine,K562_GWPS,avg_others,False,inf,24,0.8677536231884058,0.24513892377477334,1.1356466110107328,0.9040817511111469,0.39946768941979527
all_nine,K562_essential,CD4T,False,0.0,24,0.7644927536231885,0.13619817490799271,1.6083052582072324,0.9685186774466538,0.19560066450552685
all_nine,K562_essential,HCT116,False,0.0,24,0.7699275362318841,0.10945849137015151,2.042504303679582,0.9833555457458789,0.12631856755322268
all_nine,K562_essential,HEK293T,False,0.0,24,0.8115942028985508,0.09960761503955544,1.5265359662585705,0.9923732814566094,0.14345352900097524
all_nine,K562_essential,HepG2,False,0.0,24,0.8442028985507246,0.13079048991215572,3.7241833431233475,0.9748237011242413,0.08975596479009496
all_nine,K562_essential,Jurkat,False,0.0,24,0.7626811594202899,0.16018122452519762,3.089201520706678,0.9959836457791714,0.08874557908677194
all_nine,K562_essential,K562_GWPS,True,0.0,24,0.9565217391304349,0.29796501445315987,1.1119133043625062,0.8409554029693438,0.433820977171936
all_nine,K562_essential,KOLF2.1J,False,0.0,24,0.7210144927536232,0.07186255770738133,2.2325776702925113,0.9972749449065098,0.05333826445942005
all_nine,K562_essential,RPE1,True,0.0,24,0.8478260869565218,0.17319675240053325,2.5705685860248435,0.966920494832414,0.1325291928059371
all_nine,K562_essential,CD4T,False,0.1,24,0.7554347826086957,0.14690177229151732,1.4496724483641672,0.9618133358228789,0.23327255360909813
all_nine,K562_essential,HCT116,False,0.1,24,0.7735507246376812,0.12075455829075639,1.8442492583298482,0.9820157010338446,0.148882933668566
all_nine,K562_essential,HEK293T,False,0.1,24,0.7989130434782609,0.10189782849263651,1.5086615117935356,0.9924786355341069,0.14810341928456203
all_nine,K562_essential,HepG2,False,0.1,24,0.8442028985507246,0.13091048035468664,3.715501161427413,0.9747530203405804,0.08999144919623388
all_nine,K562_essential,Jurkat,False,0.1,24,0.7626811594202899,0.16022781544716388,3.0861944048741705,0.9959325849251597,0.08885769423282945
all_nine,K562_essential,K562_GWPS,True,0.1,24,0.9565217391304349,0.29797015589295,1.1119304935627394,0.840947034880517,0.4338158204127742
all_nine,K562_essential,KOLF2.1J,False,0.1,24,0.7246376811594203,0.07224546390161675,2.2168422837866846,0.9972306065965081,0.053980299642691666
all_nine,K562_essential,RPE1,True,0.1,24,0.8460144927536232,0.17323840220450495,2.5682136098000834,0.9668907403077537,0.13265835599850456
all_nine,K562_essential,avg_others,False,0.1,24,0.9021739130434782,0.24775531298712197,1.0765200396891228,0.9237525744453036,0.4293529155665251
all_nine,K562_essential,CD4T,False,0.3,24,0.753623188405797,0.15003913534912341,1.3996352437653468,0.9589553159712545,0.24794168508239514
all_nine,K562_essential,HCT116,False,0.3,24,0.7735507246376812,0.12292916269604297,1.807718283033681,0.98172498081144,0.15387718035719575
all_nine,K562_essential,HEK293T,False,0.3,24,0.7971014492753623,0.10296046908474883,1.5007568647767486,0.9924595823093264,0.15009964955851568
all_nine,K562_essential,HepG2,False,0.3,24,0.8442028985507246,0.1311399222834281,3.698965090005925,0.9746179469169796,0.09044276551482426
all_nine,K562_essential,Jurkat,False,0.3,24,0.7644927536231885,0.1603179102140573,3.0803973555440933,0.9958331317467559,0.08907488084061144
all_nine,K562_essential,K562_GWPS,True,0.3,24,0.9565217391304349,0.29798028559104084,1.1119648735327972,0.8409305371411385,0.4338054405228533
all_nine,K562_essential,KOLF2.1J,False,0.3,24,0.7246376811594203,0.07267786706698565,2.196655484487536,0.9971742108578681,0.054794972521004556
all_nine,K562_essential,RPE1,True,0.3,24,0.8460144927536232,0.17331926029626196,2.5636346532528034,0.9668329739697532,0.13291001431001123
all_nine,K562_essential,avg_others,False,0.3,24,0.9021739130434782,0.2545231750521431,1.022410045935889,0.9095914127073832,0.47935924375693056
all_nine,K562_essential,CD4T,False,1.0,24,0.753623188405797,0.15301673120617806,1.351204766031812,0.9559056853971044,0.26371033630028795
all_nine,K562_essential,HCT116,False,1.0,24,0.7717391304347826,0.12472247000730878,1.7771223948591044,0.9813650566215303,0.15836662767865037
all_nine,K562_essential,HEK293T,False,1.0,24,0.7971014492753623,0.1040732847900789,1.4916966745973268,0.9923171531660827,0.15232638682038468
all_nine,K562_essential,HepG2,False,1.0,24,0.8423913043478262,0.1318553547698337,3.6479774420221633,0.9741968982537903,0.09185883586118188
all_nine,K562_essential,Jurkat,False,1.0,24,0.7663043478260869,0.16060446117085025,3.0620962395173557,0.9955092748979965,0.08977004759870917
all_nine,K562_essential,K562_GWPS,True,1.0,24,0.9565217391304349,0.2980142156027172,1.1120850826641895,0.84087517369547,0.43376850987542764
all_nine,K562_essential,KOLF2.1J,False,1.0,24,0.7192028985507246,0.07344624252840225,2.155737825766042,0.9970669190230543,0.056441893008018176
all_nine,K562_essential,RPE1,True,1.0,24,0.8460144927536232,0.17357848054927605,2.548865488105862,0.966647428267356,0.13372630201285926
all_nine,K562_essential,avg_others,False,1.0,24,0.8931159420289857,0.2619249921093001,0.9728670329875867,0.893624983206312,0.5362390836710956
all_nine,K562_essential,CD4T,False,3.0,24,0.753623188405797,0.15509965536853762,1.315570982374048,0.953653264507264,0.27633765021858114
all_nine,K562_essential,HCT116,False,3.0,24,0.7717391304347826,0.1261296397161514,1.7531792228781793,0.9807952269344576,0.16217506133492532
all_nine,K562_essential,HEK293T,False,3.0,24,0.802536231884058,0.10469762205834325,1.485144787364716,0.9920511144992862,0.1539762666193984
all_nine,K562_essential,HepG2,False,3.0,24,0.8387681159420289,0.1334192800470818,3.539602530854496,0.9732719178607785,0.09500470071445186
all_nine,K562_essential,Jurkat,False,3.0,24,0.7699275362318841,0.1612370106178535,3.022239297581505,0.9947358127010322,0.0913411811106177
all_nine,K562_essential,K562_GWPS,True,3.0,24,0.9547101449275361,0.29809988017367917,1.1124248830876813,0.8407347249979841,0.4336597439754314
all_nine,K562_essential,KOLF2.1J,False,3.0,24,0.7210144927536232,0.07442456811300148,2.09895334415643,0.9969305958679955,0.05879269354441151
all_nine,K562_essential,RPE1,True,3.0,24,0.8460144927536232,0.1741510729567133,2.5152608000206538,0.966230600436941,0.135607414762684
all_nine,K562_essential,avg_others,False,3.0,24,0.8967391304347826,0.2686216990629942,0.9367635027558835,0.879858468092356,0.586728694583166
all_nine,K562_essential,CD4T,False,10.0,24,0.7554347826086957,0.15583922998880625,1.2977789901538501,0.9528571875047396,0.28269348225320085
all_nine,K562_essential,HCT116,False,10.0,24,0.773550724637681,0.12735555734839446,1.7364598307468737,0.9798114095667271,0.1655794214251744
all_nine,K562_essential,HEK293T,False,10.0,24,0.8043478260869564,0.10410734019231627,1.4942010669942458,0.9918342189377165,0.1523912179992278
all_nine,K562_essential,HepG2,False,10.0,24,0.8369565217391305,0.13638479065069645,3.3456934763625834,0.9714556725555163,0.10121329350727248
all_nine,K562_essential,Jurkat,False,10.0,24,0.7717391304347826,0.16231165911113113,2.9547644832159246,0.9929658118112266,0.09429448353116875
all_nine,K562_essential,K562_GWPS,True,10.0,24,0.9547101449275361,0.29831247687375734,1.1135256807105176,0.840382891992167,0.43328000111089227
all_nine,K562_essential,KOLF2.1J,False,10.0,24,0.7228260869565218,0.07529139640467579,2.036582769457651,0.9968028890200157,0.061452458467061086
all_nine,K562_essential,RPE1,True,10.0,24,0.8405797101449276,0.1749684665259331,2.4546260119657823,0.9655311061598223,0.1390139063374793
all_nine,K562_essential,avg_others,False,10.0,24,0.8949275362318841,0.27509628332422437,0.9079101785190385,0.8671031315277778,0.633648908477638
all_nine,K562_essential,CD4T,False,30.0,24,0.75,0.15182753624277298,1.3426816893166278,0.9562961272687326,0.26538052400480006
all_nine,K562_essential,HCT116,False,30.0,24,0.7644927536231885,0.12636082983577634,1.772011269830666,0.9791929188211702,0.16249117728382662
all_nine,K562_essential,HEK293T,False,30.0,24,0.8043478260869564,0.10022664876065514,1.5585902991123857,0.9922473391749526,0.1404512088651047
all_nine,K562_essential,HepG2,False,30.0,24,0.8387681159420289,0.13859081360603673,3.2105654438644877,0.9698530495356382,0.10631518036915906
all_nine,K562_essential,Jurkat,False,30.0,24,0.7771739130434782,0.16233841160332674,2.938658218485126,0.9907217209727328,0.09579952535158595
all_nine,K562_essential,K562_GWPS,True,30.0,24,0.9528985507246377,0.298606043366095,1.1158752647009371,0.8398961640560575,0.43240367930193563
all_nine,K562_essential,KOLF2.1J,False,30.0,24,0.7246376811594203,0.07384618277676952,2.055873941189812,0.9969310704420804,0.06001717738228509
all_nine,K562_essential,RPE1,True,30.0,24,0.8170289855072465,0.17387963015765648,2.44455627841779,0.9657198739481914,0.13896494552476527
all_nine,K562_essential,avg_others,False,30.0,24,0.8858695652173912,0.2774302102432486,0.8968118705045228,0.8604026102378335,0.6509119903296089
all_nine,K562_essential,CD4T,False,100.0,24,0.75,0.1371179175494045,1.5631819843488608,0.9669485903589056,0.20576077294060918
all_nine,K562_essential,HCT116,False,100.0,24,0.7608695652173912,0.11990400339667572,1.9398249754566799,0.9798104648542527,0.1454162621830839
all_nine,K562_essential,HEK293T,False,100.0,24,0.7934782608695653,0.09014069670342073,1.7651113485183065,0.9936121476289523,0.11181772767989917
all_nine,K562_essential,HepG2,False,100.0,24,0.8442028985507246,0.13695066839030323,3.3111713601517354,0.9700506288701927,0.10390306958538513
all_nine,K562_essential,Jurkat,False,100.0,24,0.782608695652174,0.1592894349887064,3.086040753263245,0.9888140436864551,0.09207001762614334
all_nine,K562_essential,K562_GWPS,True,100.0,24,0.9528985507246377,0.29886294337923186,1.1199860366915837,0.8394921399583365,0.4307705317701277
all_nine,K562_essential,KOLF2.1J,False,100.0,24,0.7373188405797103,0.06711902969494087,2.3124140845879344,0.9975656870837183,0.049278866202542765
all_nine,K562_essential,RPE1,True,100.0,24,0.8170289855072465,0.1673006618524422,2.6234848196531346,0.9684856020883736,0.12746395924008533
all_nine,K562_essential,avg_others,False,100.0,24,0.8713768115942028,0.2718000764214947,0.9142446409783767,0.8634008791342573,0.6143643412146176
all_nine,K562_essential,CD4T,False,300.0,24,0.7572463768115942,0.11627458502346355,1.9702124319947458,0.978267296225199,0.14483439852353958
all_nine,K562_essential,HCT116,False,300.0,24,0.7554347826086957,0.11090720455190507,2.2033340059138053,0.9812476123898839,0.12482058290153097
all_nine,K562_essential,HEK293T,False,300.0,24,0.782608695652174,0.07925258062662305,2.064260213010026,0.9949972033009327,0.08556794938345194
all_nine,K562_essential,HepG2,False,300.0,24,0.851449275362319,0.13216158594293104,3.623416109235562,0.9717056541226573,0.09572136974721976
all_nine,K562_essential,Jurkat,False,300.0,24,0.7862318840579711,0.15466922188611534,3.339531895625325,0.9879970922552567,0.08568617984663099
all_nine,K562_essential,K562_GWPS,True,300.0,24,0.9528985507246377,0.29887848999296546,1.1241345050243805,0.8394954809078673,0.429035919250088
all_nine,K562_essential,KOLF2.1J,False,300.0,24,0.7427536231884059,0.058888309746738914,2.787328793246436,0.9981744090406378,0.037320874759763686
all_nine,K562_essential,RPE1,True,300.0,24,0.8043478260869565,0.1578164328824612,2.9548917313814695,0.9721890234972461,0.11113120968836965
all_nine,K562_essential,avg_others,False,300.0,24,0.8605072463768116,0.2600807053067457,0.9621587420467548,0.8748903135396756,0.5432282816651387
all_nine,K562_essential,CD4T,False,inf,24,0.7318840579710145,0.06880817574427865,3.071286233760981,0.9947366967671137,0.06943224198895391
all_nine,K562_essential,HCT116,False,inf,24,0.7355072463768115,0.08506755067686227,2.7987108237948894,0.9896912332198787,0.086389422236581
all_nine,K562_essential,HEK293T,False,inf,24,0.7409420289855072,0.05292908472539226,2.638488122283436,0.9993475817660594,0.05032537367445365
all_nine,K562_essential,HepG2,False,inf,24,0.8586956521739131,0.12174289634295969,4.462611406989271,0.9756217727313337,0.07896376086721507
all_nine,K562_essential,Jurkat,False,inf,24,0.7807971014492754,0.13528681343956103,3.8454279440194514,0.9899793954215104,0.06812463727135801
all_nine,K562_essential,K562_GWPS,True,inf,24,0.947463768115942,0.3020527464464521,1.1371440848431984,0.8353372694227043,0.4253421972568455
all_nine,K562_essential,KOLF2.1J,False,inf,24,0.75,0.040050527744315695,3.8606813358466003,0.9991194565385806,0.020262360410308884
all_nine,K562_essential,RPE1,True,inf,24,0.7989130434782608,0.12406810133815534,3.9742988608390597,0.9825422144462796,0.07363725711728489
all_nine,K562_essential,avg_others,False,inf,24,0.8532608695652174,0.21742668284623068,1.1567068386214656,0.9162203152958187,0.37559892199455
all_nine,KOLF2.1J,CD4T,False,0.0,24,0.7391304347826088,0.04012520315959971,1.9381471640730952,0.9990344963147546,0.03241630083753143
all_nine,KOLF2.1J,HCT116,False,0.0,24,0.6612318840579711,0.029928141650069642,2.2433564737901768,0.9994187270856217,0.02315224378821793
all_nine,KOLF2.1J,HEK293T,False,0.0,24,0.7246376811594203,0.04037206716120681,1.586451493356793,0.999296322778896,0.03875092858166995
all_nine,KOLF2.1J,HepG2,False,0.0,24,0.7554347826086957,0.05404784030362191,4.276768314976083,0.9987844275312815,0.021856105830974894
all_nine,KOLF2.1J,Jurkat,False,0.0,24,0.6902173913043478,0.06374381652167427,3.520002258609524,0.9985075237171729,0.03324327460800074
all_nine,KOLF2.1J,K562_GWPS,False,0.0,24,0.7898550724637681,0.06082667844830029,1.721665398638794,0.9987015560292858,0.05849947043350079
all_nine,KOLF2.1J,K562_essential,False,0.0,24,0.7971014492753623,0.054843987530581256,1.8856839731580357,0.9982827510819541,0.048485378318708076
all_nine,KOLF2.1J,RPE1,False,0.0,24,0.8043478260869565,0.08775410053519987,2.801293802165649,0.9940986735694258,0.056608939516679314
all_nine,KOLF2.1J,CD4T,False,0.1,24,0.7590579710144928,0.046540820625216195,1.668205283004501,0.9987993018673372,0.04257964145027169
all_nine,KOLF2.1J,HCT116,False,0.1,24,0.6721014492753623,0.034959313581067256,2.0301142913231405,0.999253607915133,0.028184522568692454
all_nine,KOLF2.1J,HEK293T,False,0.1,24,0.7391304347826088,0.04247441673474973,1.5676777107408857,0.999240705286529,0.0408755653413152
all_nine,KOLF2.1J,HepG2,False,0.1,24,0.7554347826086957,0.0540979319986969,4.254326806299596,0.9987799429965993,0.021974002625282808
all_nine,KOLF2.1J,Jurkat,False,0.1,24,0.6902173913043478,0.06377467763403129,3.504066962448296,0.9984839367341041,0.03340174005141081
all_nine,KOLF2.1J,K562_GWPS,False,0.1,24,0.7898550724637681,0.06086704314032885,1.7203057025233253,0.9987019743755828,0.058588771029143186
all_nine,KOLF2.1J,K562_essential,False,0.1,24,0.7971014492753623,0.054890053985972916,1.883486754358987,0.9982803291823413,0.04858247410286107
all_nine,KOLF2.1J,RPE1,False,0.1,24,0.8043478260869565,0.0878089366503545,2.7945543389241787,0.9940872680259303,0.05676200583227671
all_nine,KOLF2.1J,avg_others,False,0.1,24,0.8278985507246377,0.10171704115756643,1.3606293491790464,0.994345707875515,0.12031082390907848
all_nine,KOLF2.1J,CD4T,False,0.3,24,0.7536231884057972,0.04861677328382458,1.5952470068359277,0.9986879718296188,0.04690920605245025
all_nine,KOLF2.1J,HCT116,False,0.3,24,0.6757246376811595,0.035767127631999227,1.9968182284107108,0.9992327637592149,0.02907849674680964
all_nine,KOLF2.1J,HEK293T,False,0.3,24,0.7391304347826088,0.042991182599380375,1.5637060132897767,0.9992257166762415,0.04137759801961293
all_nine,KOLF2.1J,HepG2,False,0.3,24,0.7554347826086957,0.05419366369688076,4.213779099509256,0.9987718049591444,0.022190297733338582
all_nine,KOLF2.1J,Jurkat,False,0.3,24,0.6902173913043478,0.06383503628632876,3.474825964118716,0.9984408390448155,0.03369823808254976
all_nine,KOLF2.1J,K562_GWPS,False,0.3,24,0.7898550724637681,0.06094641622490698,1.7176443172870786,0.9987028212393283,0.058764401320420545
all_nine,KOLF2.1J,K562_essential,False,0.3,24,0.7971014492753623,0.05498075360051425,1.8792104706366972,0.9982755770267882,0.04877290040322909
all_nine,KOLF2.1J,RPE1,False,0.3,24,0.8043478260869565,0.08790974097087934,2.7825514860412732,0.9940682658764765,0.0570313383306608
all_nine,KOLF2.1J,avg_others,False,0.3,24,0.8297101449275361,0.1035495976517651,1.306219212640795,0.9936789233973008,0.1346414272936054
all_nine,KOLF2.1J,CD4T,False,1.0,24,0.7572463768115942,0.05086170656347009,1.5276285845349034,0.9985769064659251,0.051633992497518634
all_nine,KOLF2.1J,HCT116,False,1.0,24,0.6811594202898551,0.036411162267289,1.9641006951993485,0.9992114833420235,0.030007192045511222
all_nine,KOLF2.1J,HEK293T,False,1.0,24,0.7427536231884058,0.04343953479345952,1.558942481720361,0.99921073413383,0.04188038570341723
all_nine,KOLF2.1J,HepG2,False,1.0,24,0.7554347826086957,0.0544990548281423,4.0982594124728555,0.9987481706984269,0.02283187762625004
all_nine,KOLF2.1J,Jurkat,False,1.0,24,0.6938405797101449,0.06403371560195506,3.3910859718278883,0.9983175263989564,0.034589960582279956
all_nine,KOLF2.1J,K562_GWPS,False,1.0,24,0.7916666666666666,0.06121069912059277,1.7088977374576353,0.9987058860522807,0.059349598012412574
all_nine,KOLF2.1J,K562_essential,False,1.0,24,0.7989130434782609,0.05528381101236882,1.8653457156832536,0.9982598258769232,0.04940368207263116
all_nine,KOLF2.1J,RPE1,False,1.0,24,0.8043478260869565,0.08821893835077162,2.747284192414998,0.9940167477058474,0.05781994988783438
all_nine,KOLF2.1J,avg_others,False,1.0,24,0.8351449275362318,0.10534918702395306,1.2569800661841535,0.9930133895178953,0.1509544737631657
all_nine,KOLF2.1J,CD4T,False,3.0,24,0.7590579710144928,0.05269582771472251,1.4784153570736966,0.998503332708875,0.055403996412059696
all_nine,KOLF2.1J,HCT116,False,3.0,24,0.6793478260869565,0.03695301311200926,1.9297001702626828,0.9991846973778221,0.03110517951462885
all_nine,KOLF2.1J,HEK293T,False,3.0,24,0.7355072463768115,0.04375868782844963,1.55362250411902,0.9991976428628453,0.04234812865876395
all_nine,KOLF2.1J,HepG2,False,3.0,24,0.7590579710144927,0.05521310156236323,3.873869337164992,0.9986997218293479,0.0242006019999148
all_nine,KOLF2.1J,Jurkat,False,3.0,24,0.6920289855072465,0.06451518704895125,3.231653336604621,0.9980771006751682,0.03648245038634532
all_nine,KOLF2.1J,K562_GWPS,False,3.0,24,0.7934782608695651,0.06186581827232814,1.687962006706144,0.9987151004540508,0.060804289072567484
all_nine,KOLF2.1J,K562_essential,False,3.0,24,0.802536231884058,0.05604376471409023,1.832989497204818,0.9982208563593489,0.05096041585593497
all_nine,KOLF2.1J,RPE1,False,3.0,24,0.8079710144927535,0.08891043642654772,2.6722535642065233,0.9939163570205941,0.05953614298415098
all_nine,KOLF2.1J,avg_others,False,3.0,24,0.8351449275362318,0.1068747105318247,1.2206098431055898,0.9925264127546245,0.16559805990636037
all_nine,KOLF2.1J,CD4T,False,10.0,24,0.7536231884057972,0.0543141402887414,1.4423662232445482,0.9984623803335693,0.058212412114443134
all_nine,KOLF2.1J,HCT116,False,10.0,24,0.6793478260869565,0.03781024908969535,1.8847710876213315,0.9991384020868006,0.032906546193471276
all_nine,KOLF2.1J,HEK293T,False,10.0,24,0.7282608695652173,0.04406028304218814,1.5527544883729316,0.9991866969377681,0.042638753791919864
all_nine,KOLF2.1J,HepG2,False,10.0,24,0.7554347826086957,0.05675531782779474,3.4967087930464658,0.9986068616267268,0.026973071984003043
all_nine,KOLF2.1J,Jurkat,False,10.0,24,0.6956521739130436,0.06558483802655306,2.9744243207840433,0.9976412027914822,0.040240999118080864
all_nine,KOLF2.1J,K562_GWPS,False,10.0,24,0.7971014492753623,0.06339567188721379,1.643656904613041,0.9987458641129568,0.06420293146814557
all_nine,KOLF2.1J,K562_essential,False,10.0,24,0.8079710144927535,0.057862169281956886,1.7667114782569258,0.9981304133500625,0.05458344052409521
all_nine,KOLF2.1J,RPE1,False,10.0,24,0.8079710144927535,0.09028044963408671,2.53179616971622,0.9937461657658191,0.06299157600504932
all_nine,KOLF2.1J,avg_others,False,10.0,24,0.8351449275362318,0.1083022461666439,1.1897666100994435,0.9921695425791122,0.17997267713547224
all_nine,KOLF2.1J,CD4T,False,30.0,24,0.75,0.054347779262513364,1.4568689480662453,0.9985232554940441,0.05615267419530444
all_nine,KOLF2.1J,HCT116,False,30.0,24,0.6811594202898551,0.03895779881103958,1.8635723684812733,0.9990764341319783,0.03472494969747373
all_nine,KOLF2.1J,HEK293T,False,30.0,24,0.7246376811594203,0.04409320842033748,1.5777007016320301,0.9991911247377034,0.04174368679691424
all_nine,KOLF2.1J,HepG2,False,30.0,24,0.7644927536231885,0.05839508151369771,3.1970387832940976,0.998499936192678,0.02992256312320033
all_nine,KOLF2.1J,Jurkat,False,30.0,24,0.7010869565217392,0.06661675063189892,2.7870911488078534,0.9971584295168155,0.044060782704356524
all_nine,KOLF2.1J,K562_GWPS,False,30.0,24,0.7916666666666666,0.06507211332930339,1.6080693847341234,0.9988193426883161,0.06759740807224729
all_nine,KOLF2.1J,K562_essential,False,30.0,24,0.8115942028985508,0.06005690632873358,1.7120878042056455,0.9980296079985707,0.058401745223234824
all_nine,KOLF2.1J,RPE1,False,30.0,24,0.8115942028985508,0.0911773510536868,2.430264593572147,0.9936951572170378,0.06557649337440404
all_nine,KOLF2.1J,avg_others,False,30.0,24,0.8297101449275361,0.10825589955750266,1.1776424955597267,0.9921402360614295,0.18578330843123997
all_nine,KOLF2.1J,CD4T,False,100.0,24,0.7409420289855073,0.0510411834202383,1.6051433620155875,0.9987436928693574,0.045253641371740545
all_nine,KOLF2.1J,HCT116,False,100.0,24,0.6920289855072465,0.039994641783175806,1.9149224710782706,0.999013536898573,0.035286801662334236
all_nine,KOLF2.1J,HEK293T,False,100.0,24,0.7155797101449274,0.04349623728156932,1.6632412136591355,0.9991968033931625,0.0388670048228474
all_nine,KOLF2.1J,HepG2,False,100.0,24,0.7735507246376812,0.058734657219440316,3.179413441395963,0.9984286485266715,0.030737145562295603
all_nine,KOLF2.1J,Jurkat,False,100.0,24,0.7065217391304349,0.06674049694846315,2.8227605707137133,0.9966846459102519,0.04527387770033313
all_nine,KOLF2.1J,K562_GWPS,False,100.0,24,0.802536231884058,0.06552110852887084,1.6407859567109844,0.998920303347843,0.06658499285981237
all_nine,KOLF2.1J,K562_essential,False,100.0,24,0.8079710144927535,0.0614905661859636,1.7438026956427441,0.9979933226816,0.05821201081399181
all_nine,KOLF2.1J,RPE1,False,100.0,24,0.8152173913043478,0.08977884976576544,2.528980590742317,0.9940289513202217,0.06239452169955288
all_nine,KOLF2.1J,avg_others,False,100.0,24,0.8297101449275361,0.10510845395815453,1.2011461377397503,0.992663807496063,0.17333412228608608
all_nine,KOLF2.1J,CD4T,False,300.0,24,0.746376811594203,0.04579579796499563,1.9042327832581991,0.9989992743299023,0.03344407748115024
all_nine,KOLF2.1J,HCT116,False,300.0,24,0.6992753623188405,0.04062424797201363,2.0369719738416068,0.9989550354723498,0.03434780092440868
all_nine,KOLF2.1J,HEK293T,False,300.0,24,0.7101449275362319,0.04271401538427078,1.7857907549965735,0.9991889927742271,0.0357811450017539
all_nine,KOLF2.1J,HepG2,False,300.0,24,0.7717391304347826,0.057752387519564706,3.446644095658029,0.9984330732331056,0.02903363097459009
all_nine,KOLF2.1J,Jurkat,False,300.0,24,0.7246376811594203,0.06604250856610044,3.0807631719402515,0.9964065995812431,0.04327356523820734
all_nine,KOLF2.1J,K562_GWPS,False,300.0,24,0.8097826086956522,0.06520156390108062,1.7481828269639772,0.9989361912934439,0.061986390926603144
all_nine,KOLF2.1J,K562_essential,False,300.0,24,0.8152173913043478,0.06212623159208012,1.8752887274682566,0.9980328278047009,0.05408636719327755
all_nine,KOLF2.1J,RPE1,False,300.0,24,0.8170289855072465,0.08739550974711514,2.828256535445277,0.994386081129345,0.055905781147041075
all_nine,KOLF2.1J,avg_others,False,300.0,24,0.8315217391304347,0.1007790792606854,1.2619730374490958,0.9933229469058882,0.15030659920887018
all_nine,KOLF2.1J,CD4T,False,inf,24,0.7137681159420289,0.033256298733386605,2.810943984895376,0.9995083100754277,0.017621910881714997
all_nine,KOLF2.1J,HCT116,False,inf,24,0.7137681159420289,0.04180105221082048,2.4392442164568564,0.9988697040610055,0.030746618630607313
all_nine,KOLF2.1J,HEK293T,False,inf,24,0.6902173913043478,0.039318560958608306,2.0622706077884536,0.9993533348276795,0.028778152694993103
all_nine,KOLF2.1J,HepG2,False,inf,24,0.7735507246376813,0.06058825186673567,4.499630787480323,0.9981083967441471,0.02680728619736361
all_nine,KOLF2.1J,Jurkat,False,inf,24,0.7445652173913043,0.06666555006206704,3.994523479690471,0.9958366535219588,0.03809622529636742
all_nine,KOLF2.1J,K562_GWPS,False,inf,24,0.8134057971014492,0.07161339183655956,2.3210987482273473,0.9976573295830483,0.05398884897676319
all_nine,KOLF2.1J,K562_essential,False,inf,24,0.8242753623188407,0.0701215766529596,2.4767215014336874,0.9971875329888018,0.0481323833622611
all_nine,KOLF2.1J,RPE1,False,inf,24,0.8061594202898551,0.08611303366526928,3.782212183892042,0.9941659518594932,0.04610460825109194
all_nine,KOLF2.1J,avg_others,False,inf,24,0.8623188405797101,0.09746759800488158,1.579286706427451,0.9933162168582024,0.10353819653957726
all_nine,RPE1,CD4T,False,0.0,24,0.75,0.1296376792411845,1.3156652435030192,0.984365590477453,0.1836016913702994
all_nine,RPE1,HCT116,False,0.0,24,0.7210144927536232,0.09175785553516476,1.5268488290561386,0.9917724003588507,0.12624398601823875
all_nine,RPE1,HEK293T,False,0.0,24,0.818840579710145,0.08675926006088551,1.3009728465744028,0.9974547779412152,0.12101052346255022
all_nine,RPE1,HepG2,False,0.0,24,0.8496376811594203,0.18098665681039547,2.1602783052457393,0.9640343298986316,0.14893750043253648
all_nine,RPE1,Jurkat,False,0.0,24,0.8242753623188405,0.18799909917635219,2.025600274124693,0.9827909818030376,0.13588912606627745
all_nine,RPE1,K562_GWPS,True,0.0,24,0.9003623188405797,0.18692132135929018,1.1570761569941934,0.9540153223189299,0.32423484724767493
all_nine,RPE1,K562_essential,True,0.0,24,0.8713768115942028,0.15540483041103667,1.27474883865794,0.9700224106105179,0.24115178419175728
all_nine,RPE1,KOLF2.1J,False,0.0,24,0.7934782608695653,0.0906118157038801,1.6033432951904922,0.9940898410662687,0.09769768555508661
all_nine,RPE1,CD4T,False,0.1,24,0.7300724637681161,0.14190143585999618,1.2197292695091766,0.9804694841075647,0.22716699905382
all_nine,RPE1,HCT116,False,0.1,24,0.7282608695652174,0.10359862286119653,1.4155839637853316,0.9909063705065859,0.1533362046633606
all_nine,RPE1,HEK293T,False,0.1,24,0.8242753623188405,0.08983028923003362,1.2826318880253544,0.9974101682148048,0.1276620701293364
all_nine,RPE1,HepG2,False,0.1,24,0.8496376811594203,0.18111249238862895,2.156140965260473,0.963962587424661,0.1492750018680924
all_nine,RPE1,Jurkat,False,0.1,24,0.8242753623188405,0.1881229083074317,2.020298272880045,0.9826903872722333,0.13638103201883556
all_nine,RPE1,K562_GWPS,True,0.1,24,0.9003623188405797,0.18698479799581177,1.1567232136623213,0.9539877594057687,0.324477907329337
all_nine,RPE1,K562_essential,True,0.1,24,0.8713768115942028,0.15547711232848374,1.2740745207417004,0.969990265103753,0.24143596792217137
all_nine,RPE1,KOLF2.1J,False,0.1,24,0.7934782608695653,0.09232172218303232,1.5792294689860247,0.9938219639743193,0.10126761963708204
all_nine,RPE1,avg_others,False,0.1,24,0.8967391304347826,0.2649919724988176,0.9734822754905281,0.9329064816168016,0.5636436748773445
all_nine,RPE1,CD4T,False,0.3,24,0.7173913043478262,0.1459830654125671,1.187913192293851,0.978703434020982,0.2461820122777386
all_nine,RPE1,HCT116,False,0.3,24,0.726449275362319,0.10580891261207244,1.3996807808645417,0.990765736112191,0.15807126847430825
all_nine,RPE1,HEK293T,False,0.3,24,0.822463768115942,0.09119347596793059,1.2742773302814712,0.9973355430678226,0.1308383272035837
all_nine,RPE1,HepG2,False,0.3,24,0.8478260869565218,0.18134562516651628,2.148532617216483,0.9638338667777221,0.14989391346054196
all_nine,RPE1,Jurkat,False,0.3,24,0.8242753623188405,0.18835253323534754,2.010714191581185,0.9825162835423481,0.1372819449220517
all_nine,RPE1,K562_GWPS,True,0.3,24,0.898550724637681,0.18710913923254247,1.1560338689033383,0.9539338044893824,0.3249538102535867
all_nine,RPE1,K562_essential,True,0.3,24,0.8713768115942028,0.15561839200754854,1.2727654238672603,0.9699278133722727,0.24198958081353322
all_nine,RPE1,KOLF2.1J,False,0.3,24,0.7898550724637681,0.09373282427275897,1.5585151654231104,0.9935786809986841,0.10446271139699319
all_nine,RPE1,avg_others,False,0.3,24,0.8931159420289855,0.2717828752179359,0.9486958913324738,0.9230888689093393,0.6327518120025015
all_nine,RPE1,CD4T,False,1.0,24,0.7119565217391305,0.14985908363013895,1.1578294411134256,0.9767956778388649,0.2671848384003982
all_nine,RPE1,HCT116,False,1.0,24,0.7282608695652174,0.10760730547801545,1.385859995485297,0.9905571273850631,0.1622852073180844
all_nine,RPE1,HEK293T,False,1.0,24,0.8170289855072465,0.09241255610070072,1.2651511836846583,0.9971846962086137,0.13428241251741055
all_nine,RPE1,HepG2,False,1.0,24,0.8478260869565218,0.18203830091431042,2.12616862277397,0.9634717331834444,0.15171168410877725
all_nine,RPE1,Jurkat,False,1.0,24,0.8260869565217391,0.18903365548610984,1.983300661684144,0.9820400238251463,0.13993676518294315
all_nine,RPE1,K562_GWPS,True,1.0,24,0.898550724637681,0.18751839644920268,1.153784304249049,0.9537565849966254,0.32651776361657137
all_nine,RPE1,K562_essential,True,1.0,24,0.8713768115942028,0.15608113033807822,1.2685555720448078,0.9697263020782093,0.24378747325461245
all_nine,RPE1,KOLF2.1J,False,1.0,24,0.7898550724637681,0.09574040916713211,1.528058112876098,0.9932118550039438,0.10932748837113586
all_nine,RPE1,avg_others,False,1.0,24,0.8840579710144928,0.2787442606743942,0.9268878653800631,0.9127137397317743,0.7109300159449752
all_nine,RPE1,CD4T,False,3.0,24,0.7047101449275363,0.15279332424159117,1.1359075263686977,0.9752010585494166,0.2850224920409451
all_nine,RPE1,HCT116,False,3.0,24,0.7282608695652174,0.10880470824856169,1.3734801263951317,0.9902379458530602,0.166000268375928
all_nine,RPE1,HEK293T,False,3.0,24,0.8170289855072465,0.09286469320246078,1.2588612787558247,0.9969954997382265,0.1364366207564089
all_nine,RPE1,HepG2,False,3.0,24,0.8460144927536232,0.18345789730177983,2.080680812900558,0.962782147481787,0.15544638444946587
all_nine,RPE1,Jurkat,False,3.0,24,0.8315217391304347,0.1904398375546779,1.930570743405741,0.9811159974181007,0.14538953120020182
all_nine,RPE1,K562_GWPS,True,3.0,24,0.9003623188405797,0.1884969273503311,1.1485365008505055,0.9533356785175169,0.3302330491661697
all_nine,RPE1,K562_essential,True,3.0,24,0.8713768115942028,0.15718089112524233,1.258991592095882,0.9692617007966198,0.24797775068189498
all_nine,RPE1,KOLF2.1J,False,3.0,24,0.7952898550724639,0.09800196757335611,1.4928101967179814,0.9927960778679069,0.11516302824734978
all_nine,RPE1,avg_others,False,3.0,24,0.8804347826086957,0.28469644330200294,0.9120172031961854,0.9045957010899153,0.7786190711186645
all_nine,RPE1,CD4T,False,10.0,24,0.697463768115942,0.1544789830411223,1.1226824103933233,0.973941492539247,0.29766838350835106
all_nine,RPE1,HCT116,False,10.0,24,0.7246376811594203,0.10936933965084376,1.3646614027124415,0.9897975779559105,0.1688575461170886
all_nine,RPE1,HEK293T,False,10.0,24,0.8170289855072465,0.09205087443659576,1.2620631925797485,0.9968488334034248,0.13491759390975927
all_nine,RPE1,HepG2,False,10.0,24,0.8460144927536232,0.18580786836767374,2.002034726983856,0.9617417416973311,0.16203687457512045
all_nine,RPE1,Jurkat,False,10.0,24,0.8315217391304349,0.19287185966302725,1.8503875707633453,0.9793158763663854,0.1548435574369203
all_nine,RPE1,K562_GWPS,True,10.0,24,0.9021739130434782,0.19048517494867712,1.1387157186189631,0.952505683025432,0.3374633146672898
all_nine,RPE1,K562_essential,True,10.0,24,0.8786231884057972,0.15946200749591488,1.241314061041595,0.9683514036982108,0.25617251368569866
all_nine,RPE1,KOLF2.1J,False,10.0,24,0.7989130434782609,0.10017373898581017,1.4558585408035751,0.9923851627333788,0.12146025059607876
all_nine,RPE1,avg_others,False,10.0,24,0.8786231884057972,0.2895994456745304,0.901801312622319,0.8984765426241844,0.8360199400145841
all_nine,RPE1,CD4T,False,30.0,24,0.697463768115942,0.15095202273124864,1.1396545577406023,0.9744303941163639,0.2849874728373594
all_nine,RPE1,HCT116,False,30.0,24,0.7192028985507246,0.10778181373581101,1.3834774455510317,0.9896848836539859,0.16443893625491793
all_nine,RPE1,HEK293T,False,30.0,24,0.8206521739130436,0.08861384389516615,1.2959058149426128,0.9969429217039215,0.12408280309255963
all_nine,RPE1,HepG2,False,30.0,24,0.8478260869565218,0.18653579993431077,1.9479263695606244,0.961475937918811,0.16611211623486025
all_nine,RPE1,Jurkat,False,30.0,24,0.8297101449275361,0.1940593040682355,1.8159362301501214,0.9770701974833932,0.160539487332534
all_nine,RPE1,K562_GWPS,True,30.0,24,0.9057971014492754,0.19150686318408414,1.1367436896333645,0.9522166425122484,0.33911009413842136
all_nine,RPE1,K562_essential,True,30.0,24,0.875,0.1611357951431823,1.2341210767937738,0.9678082987106478,0.259957269484022
all_nine,RPE1,KOLF2.1J,False,30.0,24,0.8043478260869565,0.09928966485148638,1.4628224390951603,0.9924639251045512,0.11976276318050752
all_nine,RPE1,avg_others,False,30.0,24,0.8822463768115942,0.2890205812756664,0.9003580286339337,0.8977103745103521,0.8444666968560691
all_nine,RPE1,CD4T,False,100.0,24,0.697463768115942,0.13686204498844848,1.23683824271509,0.9780487762864379,0.22876492447554692
all_nine,RPE1,HCT116,False,100.0,24,0.697463768115942,0.10222284288818073,1.4680990301947587,0.9901137440228214,0.14668142333725517
all_nine,RPE1,HEK293T,False,100.0,24,0.8115942028985508,0.08067553026326423,1.4034890980543409,0.9972161838496642,0.10015505190717078
all_nine,RPE1,HepG2,False,100.0,24,0.8496376811594203,0.18219275931097645,1.985489959313766,0.9631582874268152,0.1606425425716714
all_nine,RPE1,Jurkat,False,100.0,24,0.8260869565217391,0.1911506262292292,1.8893085541713623,0.9749220531508008,0.15571300065595778
all_nine,RPE1,K562_GWPS,True,100.0,24,0.9076086956521738,0.18829518501987585,1.1663854150657824,0.9540383771316557,0.3191731658785648
all_nine,RPE1,K562_essential,True,100.0,24,0.8876811594202897,0.1595897969382957,1.2683518710632797,0.9687219397514959,0.2459167804469587
all_nine,RPE1,KOLF2.1J,False,100.0,24,0.802536231884058,0.09201979224222456,1.5910620926666108,0.9934185107433624,0.10109240790542329
all_nine,RPE1,avg_others,False,100.0,24,0.8894927536231885,0.2788999573336589,0.9117613460826418,0.9044128335225251,0.7729808280620517
all_nine,RPE1,CD4T,False,300.0,24,0.6884057971014492,0.11771813796342308,1.4221072960186323,0.982486658288565,0.17017007122308558
all_nine,RPE1,HCT116,False,300.0,24,0.6811594202898551,0.09579483702066453,1.5918779735378388,0.9908078422205618,0.1272999292234392
all_nine,RPE1,HEK293T,False,300.0,24,0.802536231884058,0.0729019995229867,1.5598493817090482,0.9974860993702839,0.0794635214323173
all_nine,RPE1,HepG2,False,300.0,24,0.8532608695652174,0.17518239978573755,2.1025142720101475,0.965544385389666,0.14935954697333287
all_nine,RPE1,Jurkat,False,300.0,24,0.822463768115942,0.18648927461420572,2.024581032226667,0.9735044818615429,0.14671384618187736
all_nine,RPE1,K562_GWPS,True,300.0,24,0.9076086956521738,0.1825674371715972,1.2199912463871025,0.956677404087548,0.29001143836113935
all_nine,RPE1,K562_essential,True,300.0,24,0.8876811594202897,0.15553170505368064,1.3338346993078516,0.9702702822065469,0.2238919542309902
all_nine,RPE1,KOLF2.1J,False,300.0,24,0.8007246376811595,0.08328176639786358,1.8303328113903339,0.9944566797880493,0.08007059745692754
all_nine,RPE1,avg_others,False,300.0,24,0.8822463768115941,0.2643286608684175,0.9337117108545769,0.9138813602990766,0.6714750262245099
all_nine,RPE1,CD4T,False,inf,24,0.6086956521739131,0.08460766620601802,1.910113185616031,0.9892413306910642,0.10364837384083184
all_nine,RPE1,HCT116,False,inf,24,0.644927536231884,0.08347869409674606,1.8333761002869344,0.9931627816633847,0.09931727824488422
all_nine,RPE1,HEK293T,False,inf,24,0.7898550724637681,0.059898039470834115,1.8433526679088497,0.9983226355783976,0.05600758877145837
all_nine,RPE1,HepG2,False,inf,24,0.8568840579710143,0.17567662346499646,2.4504153984331967,0.9649924882767177,0.13400201540578527
all_nine,RPE1,Jurkat,False,inf,24,0.8134057971014492,0.17982112241246495,2.3291232546535166,0.9713629156592384,0.1324968550738426
all_nine,RPE1,K562_GWPS,True,inf,24,0.8967391304347827,0.19372981919108334,1.4266646231202549,0.9525623861309375,0.2412886702859919
all_nine,RPE1,K562_essential,True,inf,24,0.8840579710144928,0.16940981158998947,1.5346508449893457,0.9655644400685167,0.19903703551422464
all_nine,RPE1,KOLF2.1J,False,inf,24,0.7771739130434784,0.06916587061059998,2.374723261472786,0.9959397992370574,0.05493163401805103
all_nine,RPE1,avg_others,False,inf,24,0.8713768115942028,0.2403363868781162,0.9982281162696023,0.9276383637896761,0.5032151580684481
