arm,target_gene,source_overlap,effect_cosine,predicted_to_truth_norm_ratio,truth_on_prediction_projection,predicted_effect_norm,truth_effect_norm,n_strong,signed_recovery,unsigned_recall,sign_given_recovered,non_strong_energy_fraction,strong_de_lfc_nmae,mean_abs_intended_realized_lfc
h1_global_only,TMSB4X,True,0.35330373203141463,0.37230407949940925,0.9489655136372881,58.36174064448485,156.75826255505066,0,,,,,,0.09902014965235882
h1_global_only,PRCP,True,0.2815222936364767,0.34443291805533816,0.8173501395451581,50.04762056678863,145.30440600554837,6,0.0,0.0,,0.9991931014056453,,0.10919352631936353
h1_global_only,TADA1,True,0.3356876093701629,0.37785681037526636,0.8883989917682751,57.28171420248346,151.59635245318046,533,0.11819887429643527,0.13133208255159476,0.9,0.8732019712354433,0.9876147487294932,0.09917936218186163
h1_global_only,HIRA,True,0.4769554116295095,0.43137637495255426,1.105659556998151,64.94335834096265,150.54917726568954,32,0.03125,0.03125,1.0,0.9881482440408271,0.9824804423673001,0.09102906485548076
h1_global_only,IGF2R,True,0.36378773552558735,0.40369402754440364,0.9011471825294051,61.26954323349139,151.77223107852927,6,0.0,0.0,,0.9999140026226859,,0.09515627329653611
h1_global_only,NCK2,True,0.25254438296968784,0.2551192923916264,0.9899070376144432,43.15011265085075,169.13700350270742,2,0.0,0.0,,0.9999902713142466,,0.11170960320570611
h1_global_only,MED13,True,0.37993416441911754,0.2883737642179542,1.3175059993736515,47.47695861786743,164.6368862528844,113,0.07964601769911504,0.07964601769911504,1.0,0.9636547467199139,0.9873784671209223,0.10766157881806945
h1_global_only,MED12,True,0.4545351542507819,0.3632561895036063,1.2512798608384605,62.80337705174378,172.89003977486334,68,0.058823529411764705,0.058823529411764705,1.0,0.9812106433450317,0.9848739552147858,0.09226470000810079
h1_global_only,STAT1,True,0.42464489846417275,0.34265126188119427,1.2392917981180753,54.82055493624034,159.98935662827938,8,0.0,0.0,,0.9979281839452891,,0.1013226737474166
h1_global_only,USP22,True,0.4616634979350256,0.35289902827555975,1.3082028029120487,52.88501689326463,149.85877731567336,21,0.0,0.0,,0.9973715409047297,0.9951876210684821,0.10310882985367632
h1_global_only,MED13L,True,0.48256999105937154,0.3340349323098472,1.4446692378021853,57.17714660531373,171.1711592854511,16,0.0,0.0,,0.9973070733134233,0.9894823528534266,0.1002365112169144
h1_global_only,TET1,True,0.3751896345015417,0.36370721171511305,1.0315705117099043,59.75186169403991,164.28561152876654,46,0.021739130434782608,0.043478260869565216,0.5,0.9908709793889033,1.001923336132153,0.10030821247613939
h1_global_only,KIF1B,True,0.3106026631586741,0.3153432416956369,0.9849669252099008,51.53802151197499,163.4346790971296,2,0.0,0.0,,0.9999559277258873,,0.10363381601343698
h1_global_only,SRC,False,0.4472550448329398,0.36451327673899137,1.2269924674189452,58.732099718764424,161.1247201863085,6,0.16666666666666666,0.16666666666666666,1.0,0.9919601878071034,,0.09904364377925089
h1_global_only,PBX1,True,0.3373020241707003,0.33253565972181726,1.0143333934558187,51.85021162045056,155.92376367643055,5,0.0,0.0,,0.9999751823567503,,0.10551974843691853
h1_global_only,CAST,True,0.3503158000196361,0.33082449406027586,1.0589173604413007,55.05004884532191,166.4025785082644,38,0.07894736842105263,0.07894736842105263,1.0,0.9807820714307187,0.9694156169099102,0.1000052359669437
h1_global_only,IDE,True,0.41802145135638574,0.4209360163636594,0.9930759904261657,65.8917863331719,156.53634702582917,0,,,,,,0.09084872114644564
h1_global_only,MAPKAPK2,True,0.17454404833508275,0.31952719259053547,0.5462572587953594,50.05035980515745,156.63881186254932,5,0.0,0.0,,0.9999120329722808,,0.10612968432535236
h1_global_only,PTPN1,True,0.14475727575493813,0.345002804508005,0.41958289574303836,50.757545379198966,147.12212398267982,2,0.0,0.0,,0.9990589220895386,,0.10672634472290966
h1_global_only,KDM2B,True,0.33974756534140765,0.2751773340552441,1.2346495270326319,48.73350899350342,177.0985577748194,44,0.11363636363636363,0.13636363636363635,0.8333333333333334,0.9636756839006271,0.9632615213539977,0.10688216259425613
h1_global_only,ATP1B1,False,0.3218513944972123,0.37270369242927487,0.8635583736758593,57.22739431858485,153.54662559304924,2,0.0,0.0,,0.9999903323064282,,0.09985867840202862
h1_global_only,KAT2A,True,0.17790999523587345,0.37855393140183746,0.46997265244888137,57.91728547677996,152.99612729500458,738,0.12737127371273713,0.14498644986449866,0.8785046728971962,0.8405682111100345,0.986242373526698,0.09889826067533922
h1_global_only,NISCH,True,0.30998287102174094,0.34846166463466083,0.8895752459506202,53.591309778025334,153.7939900339175,6,0.0,0.0,,0.9999729820239789,,0.10233937516981634
h1_global_only,KDR,False,0.41758513401568925,0.3305500613554575,1.2633037558769002,54.25761478741688,164.14341163612997,7,0.14285714285714285,0.14285714285714285,1.0,0.9887857414919973,,0.10137478528013394
h1_global_only,WFS1,False,0.3445709169418151,0.39823069327611244,0.8652545440612421,61.31984878083001,153.98071975912217,4,0.0,0.0,,0.9995233805797276,,0.09747047557063344
h1_global_only,TARBP2,True,0.3679614938558857,0.42755106425718464,0.8606258400857261,65.26158386253277,152.64044302150538,4,0.0,0.0,,0.9985055645222541,,0.09324258714278852
h1_global_only,MAP3K7,True,0.3265803579649257,0.3749108413450185,0.8710880613462554,58.00089283430281,154.7058298613628,1,0.0,0.0,,0.9999951569400662,,0.09840905075290556
h1_global_only,HMGN1,True,0.35705162569898163,0.3395183623345146,1.0516415761548479,56.9618400206467,167.77248696942155,3,0.0,0.0,,0.9999851551973129,,0.09767007572926895
h1_global_only,TSC22D4,True,0.41628918542317084,0.3572905411184452,1.165127921159175,56.96184685006223,159.42724560172118,3,0.0,0.0,,0.99935913220122,,0.09775380890556223
h1_global_only,FOXH1,True,0.4287324507280862,0.3302005734136825,1.2984000793692168,53.78003843746912,162.8708208513385,32,0.0,0.0,,0.996949630823802,0.99986656292201,0.10322049567306213
h1_global_only,PAGR1,True,0.36520346702350587,0.3520854157709553,1.037258150053805,55.82712303444154,158.56130510886928,18,0.0,0.0,,0.9989470913528978,1.007030111393711,0.09922442978437651
h1_global_only,KLF10,True,0.271401086702136,0.3046338584193175,0.8909091330503459,47.32146695322655,155.33882936968305,15,0.0,0.0,,0.9982007252322681,0.9894282402380309,0.10814077529197634
h1_global_only,POLB,True,0.37082758671203525,0.39337399820245667,0.9426845404285784,60.55338889901022,153.9333793685199,3,0.0,0.0,,0.999975903950059,,0.0984071305720876
h1_global_only,RNF2,True,0.4433491952544393,0.45945689724216426,0.9649418648747912,68.30680447483864,148.66857997962848,377,0.1246684350132626,0.13527851458885942,0.9215686274509803,0.9006579658460038,0.9860952602555912,0.0890827955083038
h1_global_only,SMARCA5,True,0.3030630185280826,0.3954299889904079,0.7664138456009569,60.935112245803,154.09835860294635,953,0.0776495278069255,0.12067156348373557,0.6434782608695652,0.8496457711561299,0.9973315696590447,0.09923717990754537
h1_global_only,ACAT2,True,0.27840355801935973,0.3399887187654757,0.8188611640711603,48.39021626022901,142.32888795821663,313,0.012779552715654952,0.0670926517571885,0.19047619047619047,0.9477921592721972,1.0083471079331134,0.1079421612111646
h1_global_only,TRAM2,True,0.4150671129105497,0.4100410811499077,1.012257385885695,62.45383655106879,152.31116934899546,1,0.0,0.0,,0.9999952782954239,,0.09433344988120004
h1_global_only,CAMSAP2,False,0.38588009387982586,0.31793816887461296,1.213695402617757,57.22890420559281,180.000106335652,2,0.0,0.0,,0.9999901778581249,,0.1000977354570606
h1_global_only,CDCA2,True,0.34243948965005616,0.3946945794729432,0.8676062643356641,59.52441504031764,150.8113314345583,8,0.0,0.125,0.0,0.9944108750572858,,0.09811227385585054
h1_global_only,CREG1,True,0.3764801040046722,0.36839319274128884,1.0219518477070844,58.64798538582005,159.19942751767056,4,0.0,0.0,,0.9990430590077718,,0.09909210486193279
h1_global_only,CASP2,True,0.354420539969098,0.39488207700742844,0.897535139237101,60.48670337728445,153.17662385610524,2,0.0,0.0,,0.9999009338370578,,0.09702284698208886
h1_global_only,UBE3C,True,0.32281309564796873,0.36433875834587026,0.8860245808422038,59.150668001721876,162.35074267220722,37,0.13513513513513514,0.13513513513513514,1.0,0.9759446350073981,0.9767784621994732,0.09603474454384703
h1_global_only,EIF4B,True,0.3921944249808276,0.33740071292983687,1.1623995147348287,52.8553273883117,156.6544626694463,124,0.03225806451612903,0.10483870967741936,0.3076923076923077,0.9568006793311404,1.0068737862495016,0.10459536479299217
h1_global_only,STAG2,True,0.4031591527451281,0.3270551316690132,1.2326947774454546,55.287982253882454,169.04789712896198,453,0.05739514348785872,0.08167770419426049,0.7027027027027027,0.9108420585837875,0.9959307053564856,0.09852999332302993
h1_global_only,HMGB2,True,0.35762120623159405,0.36335817924235103,0.9842112457115473,57.5571477237882,158.4033359144476,26,0.07692307692307693,0.07692307692307693,1.0,0.9906114376180546,0.9868109341500824,0.0994396892355953
h1_global_only,TGFBR2,False,0.45585315477499166,0.31683302991032797,1.438780404000208,52.02621647962456,164.20704777639295,260,0.05,0.06153846153846154,0.8125,0.9518676590379632,0.9950194179172934,0.10381040359958961
h1_global_only,ANTXR1,False,0.5293913446412106,0.4001958164875848,1.3228307814098148,66.1621531641978,165.32444977782606,2,0.0,0.0,,0.999990447257079,,0.08994395579672493
h1_global_only,MTA1,True,0.3041017119310762,0.35645008054310606,0.8531396920088526,53.211218191665566,149.28098237652284,28,0.0,0.0,,0.9982825630220122,1.0001710578099323,0.10317727363717075
h1_global_only,DHCR24,True,0.2697885514418214,0.3340409734402268,0.8076510754453818,47.402198910376875,141.90534299487368,32,0.0,0.03125,0.0,0.9875577221915881,1.025253254912761,0.10936534043154249
h1_global_only,NDUFB4,True,0.41383603462257235,0.3276403986572047,1.263079999653981,58.09493455001735,177.313099325091,17,0.0,0.0,,0.9926529934262869,0.9712866301135156,0.09839621293184683
h1_global_only,ACVR1B,True,0.4985183436644832,0.36724392545761025,1.3574583787690875,61.70254181019254,168.01514615471743,25,0.0,0.04,0.0,0.9943326785814327,1.0117352308624734,0.09537570463424692
h1_global_only,DHX36,True,0.3636011560742597,0.3714593967765566,0.9788449537944416,56.49876180195654,152.09942807273268,1387,0.0966113914924297,0.13410237923576063,0.7204301075268817,0.8026408517786459,0.992777694156126,0.10195638371375858
h1_global_only,LZTR1,True,0.28857733046398226,0.3049702862518318,0.9462473672785521,47.300024844079054,155.09715856390238,191,0.06806282722513089,0.08900523560209424,0.7647058823529411,0.9595465402254721,0.992621170515,0.1089595671921792
h1_global_only,INSIG1,True,0.38439106433609826,0.39133461542642045,0.9822567418863364,58.43753351310708,149.32881275894854,219,0.0776255707762557,0.0958904109589041,0.8095238095238095,0.9511351526941688,0.9913254307775893,0.09778421575753722
h1_global_only,LAD1,False,0.3926911491806075,0.3477402562505711,1.1292657152056795,52.539950109574605,151.0896399400934,2,0.0,0.0,,0.9999933462495324,,0.10532778786416971
h1_global_only,TCF3,True,0.44780624610234265,0.44345441083233833,1.0098134896478674,63.01839199111304,142.10793815948557,6,0.0,0.0,,0.9999709535755725,,0.0956163194935501
h1_global_only,DAXX,True,0.37804291675127255,0.3077967204515876,1.2282226925505326,49.30066510174617,160.1728083048257,28,0.0,0.0,,0.9948290494028521,0.9844688310965338,0.10596606576499511
h1_global_only,CLDN7,True,0.2870625405762,0.3309805348078756,0.8673094348065856,52.46417343037295,158.51135614614574,7,0.0,0.0,,0.9998233803257963,,0.10340763873106656
h1_global_only,NIT1,True,0.37168732154953327,0.3173897043698579,1.1710755466610903,51.44235804245232,162.07947937248127,143,0.04895104895104895,0.04895104895104895,1.0,0.9777849581043343,0.9881446258963295,0.10475994740989653
h1_global_only,PRR12,True,0.26674363889113234,0.3372248032112239,0.7909964995192096,55.02007197855086,163.1554721201469,105,0.0380952380952381,0.06666666666666667,0.5714285714285714,0.977970351721941,0.9960249719496548,0.1017734058782716
h1_global_only,ARID1A,True,0.44796045079449526,0.40680920357395406,1.1011561362403157,64.18710743730979,157.78184680534443,220,0.031818181818181815,0.07727272727272727,0.4117647058823529,0.9477969388174298,1.0020130185548661,0.09368448468230527
h1_global_only,STX4,True,0.3201734807834249,0.3336305682412542,0.9596647047997765,53.33222810715523,159.85414162826277,19,0.0,0.0,,0.9991889039069913,1.0067111549988095,0.10348720355113546
h1_global_only,CENPO,True,0.3053235802030499,0.42034295720077075,0.7263677789115817,63.82471085567049,151.83961039981344,5,0.0,0.0,,0.9997911780132523,,0.09195125877621703
h1_global_only,NRAS,True,0.2834958126450191,0.40263646730599517,0.7040986986148186,59.008431534382154,146.55510944948014,5,0.0,0.0,,0.9996497299792592,,0.09747780966688767
h1_global_only,CHMP3,True,0.33702743521874134,0.44303164179661,0.7607299421143067,62.672445844335435,141.46268557745032,98,0.04081632653061224,0.05102040816326531,0.8,0.9830049792877554,0.9941350022018683,0.09662554262590295
h1_global_only,EID2,True,0.3707991841327386,0.37358617335448213,0.9925399026502538,54.77799705247018,146.6274743538042,4,0.0,0.0,,0.9991726470609813,,0.1031322856425476
h1_global_only,UQCRQ,True,0.38085779484714233,0.2966390060564082,1.28391002892829,48.88630501677122,164.80066349559945,48,0.08333333333333333,0.08333333333333333,1.0,0.9734749991122518,0.9755652004009874,0.10779923898355129
h1_global_only,ZNF426,True,0.45369301868645806,0.42403156744939324,1.0699510449551728,67.8856960768247,160.0958543845362,3,0.0,0.0,,0.9999857689849989,,0.08818027152955296
h1_global_only,BIRC2,True,0.4140454938496355,0.34919039816848135,1.185729894124586,56.81905369249766,162.71654086285315,75,0.04,0.04,1.0,0.9859461025672681,0.9911122635226929,0.09999856163396895
h1_global_only,PLCB3,True,0.29687782121719597,0.3426790513668042,0.866343653144462,55.1986801560603,161.07982071240048,2,0.0,0.0,,0.9998685608719862,,0.10139204893678107
h1_global_only,TFAM,True,0.46766812523887763,0.33114012616018385,1.41229675382998,56.81736385826059,171.5810298108544,98,0.08163265306122448,0.12244897959183673,0.6666666666666666,0.9566197905408298,0.9854640883431818,0.09883507293188318
h1_global_only,PMS1,True,0.5119612781764636,0.3701881194970196,1.3829759822440373,60.149591675729006,162.4838521491592,1,0.0,0.0,,0.9999987772460418,,0.09485212557774383
h1_global_only,ZNF286A,True,0.4056375818514207,0.3615560821509555,1.1219216101640919,58.36198872418181,161.4189101092614,2,0.0,0.0,,0.9999903270345651,,0.09899806517881606
h1_global_only,GSK3B,True,0.4619247003669759,0.42328316833594953,1.091290027389791,63.99195687359511,151.18001768217312,217,0.06912442396313365,0.08755760368663594,0.7894736842105263,0.9564847976377036,0.9936810967615602,0.09310937913823138
h1_global_only,LRPPRC,True,0.49253512524207005,0.41125408294646926,1.1976419096273891,71.2047418933485,173.14051056513605,98,0.12244897959183673,0.15306122448979592,0.8,0.9414535693778872,0.9778324782168527,0.0860153288090283
h1_global_only,CASP3,True,0.330706816588402,0.3451884703464571,0.9580471104857,52.79782380380889,152.953613284989,417,0.1486810551558753,0.1510791366906475,0.9841269841269841,0.8698708435189599,0.9813189162269026,0.10346941432706051
h1_global_only,MAST2,True,0.46364618319748496,0.4164905747829288,1.113221309843886,65.44992353061599,157.14622969494067,0,,,,,,0.09162986530435831
h1_global_only,HAT1,True,0.3539683316556585,0.3335927787157611,1.0610791187337376,53.161665525717865,159.36096018137866,29,0.06896551724137931,0.06896551724137931,1.0,0.9858051854360916,0.9699494754556921,0.10077769032838899
h1_global_only,MAU2,True,0.2226183814470835,0.3060368393655546,0.7274234759076521,45.23556819082268,147.81085925668492,902,0.13082039911308205,0.14079822616407983,0.9291338582677166,0.8263249758745519,0.9899900908286611,0.11004298603119525
h1_global_only,SMARCA4,True,0.3904227745169639,0.3909493345820901,0.9986531245392984,59.43844370100082,152.0361807612187,2229,0.15432929564827277,0.19964109466128308,0.7730337078651686,0.6996394889772042,0.9938462387971,0.09755929847174327
h1_global_only,TWF2,True,0.3134943480625126,0.31556125764998094,0.9934500527635718,52.33678271992479,165.85300461052321,4,0.0,0.0,,0.999981022317981,,0.10366536630251653
h1_global_only,IRF3,True,0.3912975929349482,0.39011697033168097,1.0030263297755633,61.747758734453065,158.28011450502797,4,0.0,0.0,,0.9999849510160574,,0.09587734642341322
h1_global_only,MKI67,True,0.2028256856663867,0.317001429656942,0.6398257758202669,48.704526641019,153.6413469608856,5,0.0,0.0,,0.9999759108211869,,0.10718619057659
h1_global_only,AKT2,True,0.3713027153981597,0.37247787803382965,0.996845013610276,62.50099571873508,167.79787312109457,50,0.0,0.0,,0.9971830287271338,1.003335881291042,0.09264981161705588
h1_global_only,SSBP1,True,0.2977398272977884,0.3490237905408636,0.8530645628379568,52.080419956833275,149.2173925339789,59,0.06779661016949153,0.1016949152542373,0.6666666666666666,0.967900064358756,0.9894390240355715,0.10405108103268554
h1_global_only,PHF14,True,0.39132822855235233,0.4111029000058374,0.9518984870863128,65.65931077856153,159.71502701058353,24,0.0,0.0,,0.9990184143096158,0.9939484585744031,0.09120451914144642
h1_global_only,DNMT1,True,0.23876370694924437,0.5534140368329397,0.43143775014387736,62.31270390854845,112.59689809306178,1279,0.08913213448006255,0.14308053166536355,0.6229508196721312,0.8124271185424359,0.9985024989075698,0.09401807195190234
h1_global_only,TMSB10,True,0.28433851200584576,0.3959254860180594,0.7181616795259201,61.00403854333726,154.07959501893413,263,0.03802281368821293,0.08745247148288973,0.43478260869565216,0.9500231679956658,1.0007008314775214,0.0967249578175051
h1_global_only,CLDN6,True,0.3614270134870831,0.32635320729443523,1.1074719212457573,53.20092206154526,163.0163910524939,4,0.0,0.0,,0.9998057914222559,,0.10062177997423097
h1_global_only,DLG5,True,0.30426546163859547,0.38740263829460336,0.7853985274287535,57.982820689742795,149.67069131224994,85,0.03529411764705882,0.03529411764705882,1.0,0.987724268903921,0.9988961511675809,0.0978936627594099
h1_global_only,NDUFB6,True,0.44598178030366287,0.35638642034560747,1.2513994777667732,59.02169219396594,165.61150712961893,12,0.0,0.0,,0.9959580624050354,0.9817964142279075,0.09609409214295873
h1_global_only,STAT6,True,0.28780201536801353,0.39547362574926925,0.7277400985280378,60.41200731287012,152.75862504968006,73,0.0,0.0136986301369863,0.0,0.9924565811854891,1.0012722411095634,0.09696246419576578
h1_global_only,ZNF714,True,0.3474124470892814,0.41638271633002494,0.8343584723000902,62.728008732773475,150.64988596465963,8,0.0,0.0,,0.9994116760089076,,0.09465555690573915
h1_global_only,SAFB,True,0.32699661853617434,0.38262902938277515,0.8546048350373667,60.79271070828411,158.88159559234117,165,0.06060606060606061,0.06060606060606061,1.0,0.9673143278221332,0.9914551568277737,0.09752224137975452
h1_global_only,SOX2,True,0.3250563475826449,0.32923382009780544,0.9873115328373022,54.41189772469867,165.26825132525732,1156,0.0986159169550173,0.13062283737024222,0.7549668874172185,0.8221123514294648,0.9958349451242309,0.10210398715085908
h1_global_only,SLC25A3,True,0.32041448005618256,0.29964069625011236,1.0693289798950747,49.79947391061556,166.19729740931973,21,0.047619047619047616,0.047619047619047616,1.0,0.9944371736955693,0.9913093285476395,0.10901929251063013
h1_global_only,ZNF593,True,0.28481167674081237,0.31538161750593335,0.9030699981600993,50.066959978295515,158.75040648922283,21,0.047619047619047616,0.047619047619047616,1.0,0.9889981118151429,0.9930464380787848,0.10617078659982053
h1_global_only,RAF1,True,0.3153371290399073,0.3334130839385817,0.9457851063157311,54.89012514194819,164.63098716323785,38,0.07894736842105263,0.10526315789473684,0.75,0.9836477481507792,0.9865645626652663,0.10169473610405264
h1_global_only,METTL17,True,0.3275625245064442,0.3395734285287135,0.9646294350111271,53.14522635637455,156.5058449556536,81,0.07407407407407407,0.07407407407407407,1.0,0.9674419896813389,0.9730957702614211,0.10431552397277477
h1_global_only,IKBKG,True,0.2983441150197553,0.3908250727426651,0.7633699468820849,59.99227160834924,153.50159391603455,12,0.08333333333333333,0.08333333333333333,1.0,0.9935454404172335,0.9962114139495126,0.09500112071677909
h1_global_only,SMAGP,True,0.40819255739344146,0.4186161496329034,0.97509988028746,63.6239025611019,151.98625905115114,79,0.0759493670886076,0.0759493670886076,1.0,0.9758208444174129,0.9858101966509228,0.0946655011603094
h1_global_only,MAP1B,True,0.35377239832636703,0.3755208896459727,0.9420844700807209,61.03804450393233,162.5423410172381,3,0.0,0.0,,0.9982785074181005,,0.09429457390331308
h1_global_only,TAZ,True,0.32201715416531634,0.4005820565591319,0.8038731363340078,63.19366569581869,157.75460897732535,22,0.045454545454545456,0.045454545454545456,1.0,0.9925114480380842,0.9879199885938325,0.0931344281206937
h1_global_only,OXCT1,True,0.40618760341214466,0.3467782550241664,1.1713179748938933,54.30590865894989,156.60125129577514,129,0.023255813953488372,0.023255813953488372,1.0,0.9869127060108355,1.0005136256455076,0.10268559468747619
h1_global_only,WSB2,True,0.3064579469638451,0.29346333232701854,1.0442801985985295,44.21400348843287,150.66278685598564,106,0.03773584905660377,0.05660377358490566,0.6666666666666666,0.9689161701096721,0.9956711738660645,0.1118129544970565
h1_global_only,C1QBP,True,0.2674978257173509,0.2992945161828847,0.8937611992659956,47.33394955863939,158.15174351445802,66,0.12121212121212122,0.12121212121212122,1.0,0.9626076892399797,0.967504452151851,0.10753747219298412
h1_global_only,CALM3,True,0.2999894527033771,0.40137924303349354,0.7473965281217697,61.06878905320029,152.14735219405537,1,0.0,0.0,,0.9999354360578663,,0.09777554830880628
h1_global_only,SIX4,True,0.32896713536378647,0.2869228402794445,1.1465351975583176,48.62270195374749,169.46263987346595,25,0.0,0.0,,0.9998075075193202,1.0039752775422375,0.10827043199540337
h1_global_only,RRM1,True,0.37349107450553454,0.3565773291590056,1.0474335970444906,56.94890236210916,159.709823662722,5,0.0,0.0,,0.9985573826065217,,0.10006031956892174
h1_global_only,MBTPS1,True,0.36969648238755326,0.3104713846400132,1.1907586356668929,55.031904920745205,177.25274419268575,384,0.125,0.13541666666666666,0.9230769230769231,0.8992453112399605,0.9858175175591609,0.09957543183325718
h1_global_only,RAB3B,False,0.3941068795369781,0.3871518904027511,1.0179644974146758,62.44378062526662,161.29013488816196,0,,,,,,0.09039890995967811
h1_global_only,XRCC4,True,0.25883362711506447,0.35083799181434766,0.7377582620870521,54.43557225078795,155.158715763011,14,0.0,0.0,,0.9995630372135833,0.998774852444995,0.10012733414867447
h1_global_only,TRAPPC6A,True,0.5146650008683248,0.4185530454524285,1.2296290911275192,65.65669079943719,156.86587760570848,230,0.05652173913043478,0.06521739130434782,0.8666666666666667,0.9582570642577,0.9926993304473846,0.08980871716062198
h1_global_only,SIN3B,True,0.29367533674992125,0.3894798668709869,0.7540193004307449,55.94942196803231,143.65164088588244,1161,0.1024978466838932,0.12661498708010335,0.8095238095238095,0.8115698679827829,0.9945768470451087,0.10058235147539746
h1_global_only,SV2A,False,0.2838809389313293,0.4061067625748043,0.6990303168838239,62.1862208699579,153.12776491502842,18,0.05555555555555555,0.05555555555555555,1.0,0.9905990180381045,0.9817673325729404,0.09529862877206775
h1_global_only,EWSR1,True,0.37849449928979956,0.40521266100657805,0.9340638526683529,59.993416729150965,148.05415156605153,178,0.03932584269662921,0.06179775280898876,0.6363636363636364,0.9659907853648031,0.9951752303783471,0.09647550083121391
h1_global_only,TXNDC9,True,0.2686794945101824,0.37281431540748083,0.7206791247179429,55.78647694986888,149.63609133113636,24,0.041666666666666664,0.041666666666666664,1.0,0.9929071914529227,0.9846465871870371,0.10124633333277415
h1_global_only,TMBIM6,True,0.2517858639191226,0.2996429222639342,0.8402863715811124,46.52204318692043,155.25827486738518,6,0.0,0.0,,0.9997011789971556,,0.10898768385687382
h1_global_only,METTL3,True,0.326460501727065,0.38515582566122575,0.8476062932881928,62.479960976480555,162.2199557003105,2926,0.15037593984962405,0.24606971975393027,0.6111111111111112,0.6874366590557759,0.9966322710247802,0.09575673755100787
h1_global_only,METTL14,True,0.29419234135640626,0.28105852991256947,1.0467298090825508,43.78493557719391,155.7858272112017,3008,0.15857712765957446,0.2559840425531915,0.6194805194805195,0.6638223562899451,0.9962194104366738,0.11070921964410288
h1_global_only,MED24,True,0.36697730595044387,0.330485882925276,1.1104174940913245,53.69464070203502,162.47181340019768,647,0.12210200927357033,0.13292117465224113,0.9186046511627907,0.8644840282503995,0.990404371269123,0.10032788733863937
h1_global_only,ATM,True,0.2597277943929986,0.47346273621305107,0.5485707206239879,65.90537609940323,139.1986550547598,76,0.013157894736842105,0.02631578947368421,0.5,0.9921670106363861,0.9948206688674481,0.09144728317541717
h1_global_only,PHF10,True,0.2990086916730292,0.30606748041678494,0.9769371488465765,52.1087038800553,170.25233719406157,120,0.06666666666666667,0.08333333333333333,0.8,0.9710628629501625,0.9942473405964235,0.10473604396935518
h1_global_only,DZIP3,False,0.3400619357767609,0.3906146322624837,0.870581662051634,59.03906044011332,151.1440063014344,1,0.0,0.0,,0.9999440941979172,,0.10090154082063692
h1_global_only,ZNF562,True,0.3523969398752292,0.28705445941574875,1.2276309540443096,46.917460905758404,163.44445928919214,10,0.0,0.0,,0.9999530826715405,0.9973353033273268,0.10691654493373226
h1_global_only,MED1,True,0.43398012390382135,0.311040150852833,1.3952543512916338,55.86612282041821,179.61064726608552,302,0.0728476821192053,0.08940397350993377,0.8148148148148148,0.9188269165886994,0.9948371957937832,0.10159266167102497
h1_global_raw_unscaled,TMSB4X,True,0.3323163683760626,0.39284548706160605,0.8459213083029479,61.58177600437,156.75826255505066,0,,,,,,0.10597904399008089
h1_global_raw_unscaled,PRCP,True,0.2650939688379957,0.3611964808294358,0.7339328673115684,52.4834400982156,145.30440600554837,6,0.16666666666666666,0.16666666666666666,1.0,0.9821117249911717,,0.13623678094430874
h1_global_raw_unscaled,TADA1,True,0.32356220200456237,0.3999908150623649,0.8089240798044672,60.63714857822919,151.59635245318046,533,0.024390243902439025,0.0525328330206379,0.4642857142857143,0.9548876992280428,0.9684171812047435,0.16342831711473257
h1_global_raw_unscaled,HIRA,True,0.4665910906369727,0.4410508631539069,1.057907669198129,66.39984458014291,150.54917726568954,32,0.0,0.0,,0.9981265041296056,0.9569818839742094,0.11450483861471203
h1_global_raw_unscaled,IGF2R,True,0.34874495421851204,0.4199226359901159,0.8304981068625239,63.73259534459701,151.77223107852927,6,0.0,0.0,,0.9979985889374622,,0.1290634506425233
h1_global_raw_unscaled,NCK2,True,0.23249196896119861,0.27274895537753885,0.8524027842357215,46.13194102105057,169.13700350270742,2,0.5,0.5,1.0,0.9955754532132032,,0.12124908253854763
h1_global_raw_unscaled,MED13,True,0.35605075590400204,0.30922632705461406,1.1514244575983925,50.91005963368772,164.6368862528844,113,0.0,0.008849557522123894,0.0,0.9949709533309566,0.9709129595097491,0.14143933156467953
h1_global_raw_unscaled,MED12,True,0.34483169234713185,0.4706037446885831,0.7327431968806801,81.36270013740877,172.89003977486334,68,0.0,0.0,,0.9958416818173925,1.004018947875906,0.29622062773639235
h1_global_raw_unscaled,STAT1,True,0.3949457388477034,0.36974070921070556,1.0681694739289151,59.15457818590452,159.98935662827938,8,0.25,0.25,1.0,0.9803209586956364,,0.10632111452009842
h1_global_raw_unscaled,USP22,True,0.434797474870884,0.37119533553359835,1.1713441232925428,55.62687912834617,149.85877731567336,21,0.0,0.0,,0.9997448550515129,0.9775745302995164,0.13619955585811414
h1_global_raw_unscaled,MED13L,True,0.4443311842868707,0.3599198703680409,1.2345280737974091,61.60790146076684,171.1711592854511,16,0.0,0.0,,0.9998542240582878,0.968713394431692,0.14489954483494805
h1_global_raw_unscaled,TET1,True,0.3578825315506114,0.38644491962367594,0.926089368438641,63.48733994256063,164.28561152876654,46,0.0,0.0,,0.9981782446328757,0.9674668900979304,0.14311014751051815
h1_global_raw_unscaled,KIF1B,True,0.2984264856622105,0.33165506952100066,0.8998098117216144,54.203939858100945,163.4346790971296,2,0.0,0.0,,0.9999804876837028,,0.1351476223312546
h1_global_raw_unscaled,SRC,False,0.4472550448329398,0.36451327673899137,1.2269924674189452,58.732099718764424,161.1247201863085,6,0.16666666666666666,0.16666666666666666,1.0,0.9919601878071034,,0.09904364377925089
h1_global_raw_unscaled,PBX1,True,0.31897982125944857,0.35437284626969234,0.9001248956210707,55.255147935099565,155.92376367643055,5,0.0,0.0,,0.9999921651014463,,0.12200074489547953
h1_global_raw_unscaled,CAST,True,0.32365490033755284,0.3585093187854376,0.9027796025889507,59.65687506513818,166.4025785082644,38,0.07894736842105263,0.13157894736842105,0.6,0.9751500669175597,0.9969332998750867,0.16663793573427593
h1_global_raw_unscaled,IDE,True,0.4047303701789232,0.43466204806587355,0.9311380461668137,68.04040919499722,156.53634702582917,0,,,,,,0.11846126920471055
h1_global_raw_unscaled,MAPKAPK2,True,0.15616257157865365,0.3479578341216415,0.4487974009059421,54.50370171507995,156.63881186254932,5,0.0,0.0,,0.9993601207203047,,0.12893440952513371
h1_global_raw_unscaled,PTPN1,True,0.12351312458742116,0.4051270471890898,0.3048750396805089,59.603151665290255,147.12212398267982,2,0.0,0.0,,0.9997989051866213,,0.21153548754388093
h1_global_raw_unscaled,KDM2B,True,0.32083294712993266,0.28988049213653766,1.1067766056462192,51.33741708443569,177.0985577748194,44,0.0,0.0,,0.9959477530264496,0.960778724462803,0.1272284407417207
h1_global_raw_unscaled,ATP1B1,False,0.3218513944972123,0.37270369242927487,0.8635583736758593,57.22739431858485,153.54662559304924,2,0.0,0.0,,0.9999903323064282,,0.09985867840202862
h1_global_raw_unscaled,KAT2A,True,0.1698938951353283,0.41089474389642644,0.413473030889276,62.86530454202597,152.99612729500458,738,0.03387533875338753,0.056910569105691054,0.5952380952380952,0.9476835373970958,1.0063766973342634,0.1605376575853312
h1_global_raw_unscaled,NISCH,True,0.2990126178922265,0.3610765808174645,0.8281141280757466,55.53140807172215,153.7939900339175,6,0.16666666666666666,0.16666666666666666,1.0,0.9828847631282135,,0.12000249339162385
h1_global_raw_unscaled,KDR,False,0.41758513401568925,0.3305500613554575,1.2633037558769002,54.25761478741688,164.14341163612997,7,0.14285714285714285,0.14285714285714285,1.0,0.9887857414919973,,0.10137478528013394
h1_global_raw_unscaled,WFS1,False,0.3445709169418151,0.39823069327611244,0.8652545440612421,61.31984878083001,153.98071975912217,4,0.0,0.0,,0.9995233805797276,,0.09747047557063344
h1_global_raw_unscaled,TARBP2,True,0.3371406416343433,0.4625997077010395,0.7287956218342975,70.61142432510556,152.64044302150538,4,0.0,0.0,,0.9991289664934699,,0.1227265248255277
h1_global_raw_unscaled,MAP3K7,True,0.3065942579211133,0.39535937462091525,0.7754824536918767,61.164400144198105,154.7058298613628,1,0.0,0.0,,0.9999968349253169,,0.1293630928804453
h1_global_raw_unscaled,HMGN1,True,0.33454349948873763,0.35844653930602177,0.9333149097671242,60.137467344953784,167.77248696942155,3,0.0,0.0,,0.9999913668227723,,0.12525240648823693
h1_global_raw_unscaled,TSC22D4,True,0.39792367753712937,0.37248121855257477,1.0683053472693778,59.383654712209726,159.42724560172118,3,0.3333333333333333,0.3333333333333333,1.0,0.9782028109033173,,0.09368437740009622
h1_global_raw_unscaled,FOXH1,True,0.4066749717027961,0.34622871672285394,1.1745847529693143,56.39055529495677,162.8708208513385,32,0.0,0.0,,0.9976390337069051,1.0064791504565034,0.11211527618595282
h1_global_raw_unscaled,PAGR1,True,0.3477288976240714,0.36827757506287156,0.9442032889586282,58.39457294429849,158.56130510886928,18,0.0,0.0,,0.9992430447855439,0.9619454368759452,0.11832525953432187
h1_global_raw_unscaled,KLF10,True,0.2617982494558296,0.3168115081499181,0.8263533448789501,49.21312880685208,155.33882936968305,15,0.0,0.0,,0.9996938464237033,0.9600362260509024,0.12830694475018914
h1_global_raw_unscaled,POLB,True,0.32830086619687787,0.438660192615404,0.7484172754301326,67.524445843735,153.9333793685199,3,0.0,0.0,,0.9953913063085369,,0.12343811425652734
h1_global_raw_unscaled,RNF2,True,0.41731491085441175,0.4909850885004578,0.8499543481635137,72.99405589853528,148.66857997962848,377,0.01856763925729443,0.026525198938992044,0.7,0.978515152855344,0.998114495505333,0.10926583006225614
h1_global_raw_unscaled,SMARCA5,True,0.28366162606196477,0.4261758687073041,0.6655975781134206,65.67300184398033,154.09835860294635,953,0.04302203567681007,0.06505771248688352,0.6612903225806451,0.9271898284926952,0.9825751109766823,0.10016277345456702
h1_global_raw_unscaled,ACAT2,True,0.25563676060667684,0.37362339156958,0.6842097319783831,53.17740183727565,142.32888795821663,313,0.038338658146964855,0.051118210862619806,0.75,0.9593707627576215,0.9120218480141775,0.12822419027613308
h1_global_raw_unscaled,TRAM2,True,0.39835812599256604,0.4248198819450044,0.937710646141877,64.70481298174583,152.31116934899546,1,0.0,0.0,,0.999999638459265,,0.10010934969735272
h1_global_raw_unscaled,CAMSAP2,False,0.38588009387982586,0.31793816887461296,1.213695402617757,57.22890420559281,180.000106335652,2,0.0,0.0,,0.9999901778581249,,0.1000977354570606
h1_global_raw_unscaled,CDCA2,True,0.32030886407139847,0.42603677887988733,0.7518338320779184,64.25117386296631,150.8113314345583,8,0.125,0.125,1.0,0.9882585470354143,,0.10883251351132266
h1_global_raw_unscaled,CREG1,True,0.36332273592268816,0.384349278283974,0.9452931394715652,61.188185069638514,159.19942751767056,4,0.0,0.0,,0.9997110399444572,,0.1287976542584746
h1_global_raw_unscaled,CASP2,True,0.33554426851125746,0.41759581949288105,0.8035144339297622,63.96591776634306,153.17662385610524,2,0.0,0.0,,0.9999981583955355,,0.11723478469664848
h1_global_raw_unscaled,UBE3C,True,0.2963873002703402,0.39055570712487025,0.7588861073167673,63.40700910659174,162.35074267220722,37,0.13513513513513514,0.13513513513513514,1.0,0.9490292487169005,0.766476627774694,0.13436869695375211
h1_global_raw_unscaled,EIF4B,True,0.3569510681833855,0.3780479690272207,0.9441951747601739,59.22290145123474,156.6544626694463,124,0.008064516129032258,0.008064516129032258,1.0,0.9903092531871119,0.9628874621317897,0.11081655868815744
h1_global_raw_unscaled,STAG2,True,0.38375667546036374,0.3452677770009145,1.111475501113292,58.366791648395974,169.04789712896198,453,0.019867549668874173,0.02869757174392936,0.6923076923076923,0.9751200573233796,0.9722189746560786,0.15316989942969111
h1_global_raw_unscaled,HMGB2,True,0.3439535456675335,0.38129511619761086,0.9020664861840909,60.39841837358849,158.4033359144476,26,0.07692307692307693,0.07692307692307693,1.0,0.9829673108522521,0.8322072275819222,0.13000884476613508
h1_global_raw_unscaled,TGFBR2,False,0.45585315477499166,0.31683302991032797,1.438780404000208,52.02621647962456,164.20704777639295,260,0.05,0.06153846153846154,0.8125,0.9518676590379632,0.9950194179172934,0.10381040359958961
h1_global_raw_unscaled,ANTXR1,False,0.5293913446412106,0.4001958164875848,1.3228307814098148,66.1621531641978,165.32444977782606,2,0.0,0.0,,0.999990447257079,,0.08994395579672493
h1_global_raw_unscaled,MTA1,True,0.2854110438993343,0.38912765709116787,0.7334637841803825,58.089358920444255,149.28098237652284,28,0.17857142857142858,0.17857142857142858,1.0,0.9335270123974179,0.6278289559393053,0.11981907553119912
h1_global_raw_unscaled,DHCR24,True,0.24845344446534764,0.3702645339110614,0.671016048555779,52.5425156834862,141.90534299487368,32,0.0,0.0,,0.9971007069081803,0.9276112335165836,0.14231781394665502
h1_global_raw_unscaled,NDUFB4,True,0.3922283523313759,0.3409800161309009,1.1502971839288112,60.46022346808956,177.313099325091,17,0.058823529411764705,0.058823529411764705,1.0,0.9940542811865098,0.8304415145600696,0.10795955033820565
h1_global_raw_unscaled,ACVR1B,True,0.47670065195567846,0.38558929714460605,1.2362911924313689,64.78484211544576,168.01514615471743,25,0.04,0.04,1.0,0.9926893488302664,0.9253216067384108,0.1232945089272647
h1_global_raw_unscaled,DHX36,True,0.3557364618627257,0.39979394502277005,0.8897995237083065,60.80843038490486,152.09942807273268,1387,0.16366258111031,0.17591925018024512,0.930327868852459,0.8144714619848985,0.8925268367427878,0.15037551580466454
h1_global_raw_unscaled,LZTR1,True,0.26330320047573874,0.3366980948121358,0.7820157123925857,52.22091779924167,155.09715856390238,191,0.03664921465968586,0.04712041884816754,0.7777777777777778,0.9473572690091906,0.9380367362336761,0.1381759800272919
h1_global_raw_unscaled,INSIG1,True,0.3547934698565523,0.42358744382480484,0.8375920368482273,63.25381008595592,149.32881275894854,219,0.0365296803652968,0.0365296803652968,1.0,0.9732940362748379,0.9714662811898768,0.09615305820619027
h1_global_raw_unscaled,LAD1,False,0.3926911491806075,0.3477402562505711,1.1292657152056795,52.539950109574605,151.0896399400934,2,0.0,0.0,,0.9999933462495324,,0.10532778786416971
h1_global_raw_unscaled,TCF3,True,0.40630017357659126,0.49337009816328703,0.8235200614896632,70.11180739952772,142.10793815948557,6,0.0,0.0,,0.9999880538338652,,0.1317233013552631
h1_global_raw_unscaled,DAXX,True,0.3548905106719182,0.32496993593875395,1.0920718239572882,52.05134725394953,160.1728083048257,28,0.03571428571428571,0.03571428571428571,1.0,0.9978353813306001,0.9739446720556032,0.1426821403080939
h1_global_raw_unscaled,CLDN7,True,0.2668814847429221,0.3612310906841929,0.7388109485189465,57.259230066502774,158.51135614614574,7,0.0,0.0,,0.9999194339858116,,0.14291547970237564
h1_global_raw_unscaled,NIT1,True,0.3491862035802187,0.33543087668921173,1.0410079329213087,54.3664618592424,162.07947937248127,143,0.006993006993006993,0.006993006993006993,1.0,0.9923222440020049,0.9862947920144203,0.12133071140817228
h1_global_raw_unscaled,PRR12,True,0.2526694870555585,0.3628559377220327,0.6963355447392927,59.20193183063686,163.1554721201469,105,0.01904761904761905,0.02857142857142857,0.6666666666666666,0.9847714698160233,0.97134090625663,0.128372751826934
h1_global_raw_unscaled,ARID1A,True,0.42682959180488766,0.43309184548376506,0.9855405874200138,68.33403121676332,157.78184680534443,220,0.01818181818181818,0.04090909090909091,0.4444444444444444,0.9678637357431707,0.9954229309806455,0.08907431192053555
h1_global_raw_unscaled,STX4,True,0.2941737722223421,0.3613579460906027,0.8140786037913345,57.764564292865344,159.85414162826277,19,0.0,0.0,,0.999079459730085,0.9584910083449257,0.11348723396917701
h1_global_raw_unscaled,CENPO,True,0.293111819528689,0.4386732687595712,0.6681779821175706,66.60797822126594,151.83961039981344,5,0.2,0.2,1.0,0.9932214213840075,,0.10080975583398573
h1_global_raw_unscaled,NRAS,True,0.275572398187719,0.42284698690599665,0.6517071345455316,61.97038644639123,146.55510944948014,5,0.2,0.2,1.0,0.9935124856424253,,0.11647469667459873
h1_global_raw_unscaled,CHMP3,True,0.2606193073539083,0.5855845438675233,0.4450583781338125,82.83836220814611,141.46268557745032,98,0.02040816326530612,0.04081632653061224,0.5,0.9918470224284419,1.0807816312198861,0.1950269417390826
h1_global_raw_unscaled,EID2,True,0.33729144726179316,0.402800063220705,0.8373669173854675,59.061555939604624,146.6274743538042,4,0.0,0.0,,0.9994368420638633,,0.10833686327771289
h1_global_raw_unscaled,UQCRQ,True,0.3399947394599834,0.3291809756359538,1.0328505127100318,54.24924319493394,164.80066349559945,48,0.0,0.0,,0.9960499307997154,1.0203509298978601,0.12934892765650682
h1_global_raw_unscaled,ZNF426,True,0.43556807463721453,0.44061106483287854,0.9885545538953345,70.54000487569996,160.0958543845362,3,0.0,0.0,,0.9999991732314535,,0.09332807047897763
h1_global_raw_unscaled,BIRC2,True,0.3958323538637385,0.3673197064312785,1.077623516879823,59.76899202125635,162.71654086285315,75,0.02666666666666667,0.02666666666666667,1.0,0.9682518613964803,0.9086205074874335,0.10806135473740663
h1_global_raw_unscaled,PLCB3,True,0.2711318345622285,0.38091620565928686,0.7117886572795074,61.3579141140458,161.07982071240048,2,0.0,0.0,,0.999524701329159,,0.12903284783573923
h1_global_raw_unscaled,TFAM,True,0.43658133850569586,0.3571178756505809,1.22251326039155,61.27465286799132,171.5810298108544,98,0.09183673469387756,0.09183673469387756,1.0,0.9378361174211548,0.9007112386702737,0.19172534034411598
h1_global_raw_unscaled,PMS1,True,0.46866701399799643,0.4039591846753785,1.1601840774448962,65.6368444370891,162.4838521491592,1,0.0,0.0,,0.9980308492969383,,0.09516450433870927
h1_global_raw_unscaled,ZNF286A,True,0.3797485706565462,0.38986898543601123,0.9740414981505985,62.932226714484436,161.4189101092614,2,0.0,0.0,,0.9999969534410171,,0.1215776852912052
h1_global_raw_unscaled,GSK3B,True,0.4351314059805982,0.45031800430917296,0.9662758357799343,68.07908385406168,151.18001768217312,217,0.03225806451612903,0.04608294930875576,0.7,0.97387252519327,0.9457420771323456,0.15354174557880132
h1_global_raw_unscaled,LRPPRC,True,0.46772939397709934,0.43415032535552955,1.0773443359602957,75.16900899407632,173.14051056513605,98,0.08163265306122448,0.08163265306122448,1.0,0.9559882288440054,0.8429684128112297,0.17784311053475657
h1_global_raw_unscaled,CASP3,True,0.31493598745152773,0.3716243505387916,0.8474578885773351,56.84128719959552,152.953613284989,417,0.04316546762589928,0.05755395683453238,0.75,0.9314543692766144,0.9596546375048907,0.11365785925946784
h1_global_raw_unscaled,MAST2,True,0.4398610377918241,0.4383544452344329,1.0034369277505228,68.88574833860848,157.14622969494067,0,,,,,,0.11839751332124218
h1_global_raw_unscaled,HAT1,True,0.08956347992261043,1.3072298571065697,0.06851394912356941,208.32140520626936,159.36096018137866,29,0.0,0.0,,0.9998978570354798,1.1137941350243605,0.15013773437998135
h1_global_raw_unscaled,MAU2,True,0.1819366326076804,0.3702551361974135,0.4913817927718766,54.72772982554059,147.81085925668492,902,0.0565410199556541,0.07317073170731707,0.7727272727272727,0.9347410893554287,0.9578589731000103,0.15511365575466124
h1_global_raw_unscaled,SMARCA4,True,0.3666794986877265,0.4242860315763262,0.8642271283959613,64.50682779119848,152.0361807612187,2229,0.10183938986092418,0.15971287572902648,0.6376404494382022,0.8335920860078749,0.9789894570008023,0.10875143506940513
h1_global_raw_unscaled,TWF2,True,0.3007352629759227,0.330936687751293,0.9087395689471955,54.88684399940648,165.85300461052321,4,0.0,0.0,,0.9999993963879712,,0.10542680462247259
h1_global_raw_unscaled,IRF3,True,0.379006923768445,0.40406590996990566,0.9379829241142194,63.95559849761499,158.28011450502797,4,0.25,0.25,1.0,0.9891812745226788,,0.11892326138402774
h1_global_raw_unscaled,MKI67,True,0.18911534430113097,0.3385698502203545,0.5585711314165962,52.01832782820056,153.6413469608856,5,0.0,0.0,,0.9999574665124232,,0.11025814272778191
h1_global_raw_unscaled,AKT2,True,0.33695297703314686,0.4104451685156434,0.8209451660783881,68.87182630975421,167.79787312109457,50,0.02,0.02,1.0,0.969942473350645,0.9598496154211419,0.16271056781754487
h1_global_raw_unscaled,SSBP1,True,0.2778936696173418,0.37649673754724255,0.738103791888693,56.17986147434933,149.2173925339789,59,0.13559322033898305,0.13559322033898305,1.0,0.9555722099277866,0.8328055360709425,0.18379595930957485
h1_global_raw_unscaled,PHF14,True,0.37095589894634157,0.43364565155268464,0.8554355327169084,69.25972695075912,159.71502701058353,24,0.0,0.0,,0.9997540427540119,1.004934208768682,0.10087841780084777
h1_global_raw_unscaled,DNMT1,True,0.24035869524353662,0.5992339149370581,0.4011099659951377,67.47188005407439,112.59689809306178,1279,0.0797498045347928,0.11727912431587177,0.68,0.8444130968958536,0.9553841835551055,0.1555307908413519
h1_global_raw_unscaled,TMSB10,True,0.2816246094450055,0.4114300660313588,0.6845017724677913,63.39297795272509,154.07959501893413,263,0.08745247148288973,0.09125475285171103,0.9583333333333334,0.9066311784241886,0.8863009258027564,0.09971547206182448
h1_global_raw_unscaled,CLDN6,True,0.3243011855753501,0.3657772957369662,0.8866082978768537,59.62769467998099,163.0163910524939,4,0.0,0.0,,0.9998963444339972,,0.11860429037912702
h1_global_raw_unscaled,DLG5,True,0.29642595329976656,0.4082833793355903,0.7260299299524462,61.108055636459376,149.67069131224994,85,0.03529411764705882,0.047058823529411764,0.75,0.9766671109917497,0.9098273373237877,0.13689292081607057
h1_global_raw_unscaled,NDUFB6,True,0.43230306623281545,0.36752875760234593,1.1762428307734036,60.8669914600009,165.61150712961893,12,0.0,0.0,,0.9985448243635198,0.8799195191704745,0.09800727454370728
h1_global_raw_unscaled,STAT6,True,0.05798584098376413,1.9333594470523208,0.02999227126242444,295.33733085852225,152.75862504968006,73,0.0,0.0,,0.9998774688945411,0.9500409259823949,0.11114075162208717
h1_global_raw_unscaled,ZNF714,True,0.31098473072627036,0.46079987905319364,0.6748802351364572,69.41944923189257,150.64988596465963,8,0.125,0.125,1.0,0.9858562309236287,,0.09508678793529499
h1_global_raw_unscaled,SAFB,True,0.2996248496847369,0.4136569231134737,0.7243317661156231,65.72247197208709,158.88159559234117,165,0.01818181818181818,0.01818181818181818,1.0,0.9847690752034052,0.9266949542758653,0.10195428754984896
h1_global_raw_unscaled,SOX2,True,0.02353245631583615,6.030736836086705,0.003902086420853702,996.6893311028647,165.26825132525732,1156,0.03200692041522491,0.06228373702422145,0.5138888888888888,0.9331373022988269,2.758326668147622,0.19561858790754652
h1_global_raw_unscaled,SLC25A3,True,0.2928024080291532,0.3262581362480014,0.8974562639154625,54.22322050221944,166.19729740931973,21,0.0,0.0,,0.9995439716646223,0.9821727025715752,0.11190633696299664
h1_global_raw_unscaled,ZNF593,True,0.26796068671266376,0.3313333681042391,0.8087343820691252,52.59930686999125,158.75040648922283,21,0.0,0.0,,0.9995621757549976,0.9870416802072572,0.12676278578230343
h1_global_raw_unscaled,RAF1,True,0.28929554255378376,0.35879437564186933,0.8062989895988341,59.068672250538526,164.63098716323785,38,0.0,0.0,,0.9961397909055895,0.9575379844761663,0.11795117492379277
h1_global_raw_unscaled,METTL17,True,0.3063485134269048,0.3613151309693079,0.8478707011385243,56.54792986761418,156.5058449556536,81,0.024691358024691357,0.024691358024691357,1.0,0.9905030597917337,0.9252024001944064,0.10202366609936207
h1_global_raw_unscaled,IKBKG,True,0.28324697154720546,0.40621674354991616,0.6972803953670608,62.35491761029318,153.50159391603455,12,0.0,0.0,,0.9998289776779179,1.0056792740715883,0.10645502387157982
h1_global_raw_unscaled,SMAGP,True,0.39966731842230824,0.4358168005739135,0.9170534910448586,66.23816515087069,151.98625905115114,79,0.0379746835443038,0.0379746835443038,1.0,0.9753988261246218,0.9199435157209725,0.1249936522155003
h1_global_raw_unscaled,MAP1B,True,0.3378460001411626,0.39219741601172176,0.8614182203869117,63.74868613945688,162.5423410172381,3,0.3333333333333333,0.3333333333333333,1.0,0.9960595995936828,,0.107127528305769
h1_global_raw_unscaled,TAZ,True,0.29910000117680646,0.43437104956057326,0.6885818046101086,68.52403507449864,157.75460897732535,22,0.0,0.0,,0.9951907239491894,0.8691993976423501,0.14321525589895442
h1_global_raw_unscaled,OXCT1,True,0.39098205329555363,0.3657623779951558,1.0689509824346446,57.278846070959695,156.60125129577514,129,0.11627906976744186,0.11627906976744186,1.0,0.8516452671484609,0.839333455213562,0.12606189442661309
h1_global_raw_unscaled,WSB2,True,0.27110687220183904,0.3287555090634203,0.8246458682143017,49.531221189753154,150.66278685598564,106,0.03773584905660377,0.03773584905660377,1.0,0.9874615440936592,0.9446573199855547,0.12758547331512682
h1_global_raw_unscaled,C1QBP,True,0.2460645604892599,0.32305822250019145,0.7616724892031315,51.09222114508699,158.15174351445802,66,0.0,0.015151515151515152,0.0,0.9924633934183571,0.9644605188820632,0.12813439345994465
h1_global_raw_unscaled,CALM3,True,0.24130299838609223,0.49978602092590585,0.48281262036711875,76.04111974747933,152.14735219405537,1,0.0,0.0,,0.9987935488092627,,0.11815622154280252
h1_global_raw_unscaled,SIX4,True,0.3047478983397118,0.3057634097614129,0.9966787673433735,51.815474594881316,169.46263987346595,25,0.04,0.04,1.0,0.9943986215515567,0.9355455781123506,0.12279062513347799
h1_global_raw_unscaled,RRM1,True,0.3299848692062648,0.4027501564339125,0.8193289659476823,64.32315646419386,159.709823662722,5,0.0,0.0,,0.998857714018832,,0.0994041014850795
h1_global_raw_unscaled,MBTPS1,True,0.3468149340671997,0.33371409781882994,1.0392576649712955,59.15173961417398,177.25274419268575,384,0.078125,0.08072916666666667,0.967741935483871,0.9342314297606804,0.8954042557861527,0.11145255862199664
h1_global_raw_unscaled,RAB3B,False,0.3941068795369781,0.3871518904027511,1.0179644974146758,62.44378062526662,161.29013488816196,0,,,,,,0.09039890995967811
h1_global_raw_unscaled,XRCC4,True,0.24245346531650178,0.370760317133718,0.6539358558943588,57.526694662354366,155.158715763011,14,0.07142857142857142,0.07142857142857142,1.0,0.9854374869556375,0.8061307069866492,0.12307234489825426
h1_global_raw_unscaled,TRAPPC6A,True,0.48475508794215727,0.4460017442303781,1.086890565369093,69.96245502237498,156.86587760570848,230,0.04782608695652174,0.04782608695652174,1.0,0.9609241500837282,0.9530449696646086,0.0935418842355621
h1_global_raw_unscaled,SIN3B,True,0.2723070346828324,0.4362317000459023,0.624225691654639,62.66539951803194,143.65164088588244,1161,0.07579672695951765,0.10163652024117141,0.7457627118644068,0.8994028597917778,0.9392713058901574,0.09694333946599361
h1_global_raw_unscaled,SV2A,False,0.2838809389313293,0.4061067625748043,0.6990303168838239,62.1862208699579,153.12776491502842,18,0.05555555555555555,0.05555555555555555,1.0,0.9905990180381045,0.9817673325729404,0.09529862877206775
h1_global_raw_unscaled,EWSR1,True,0.35657761635399426,0.43393806716999356,0.8217246730149314,64.24633236706568,148.05415156605153,178,0.02247191011235955,0.02247191011235955,1.0,0.9851586412428408,0.9525361951533765,0.12351263758827301
h1_global_raw_unscaled,TXNDC9,True,0.08044478585339555,1.2145085612909812,0.06623649138206608,181.7343139997843,149.63609133113636,24,0.0,0.0,,0.999947180756439,0.9846331035149379,0.12761711300166745
h1_global_raw_unscaled,TMBIM6,True,0.23040521214480414,0.33210299346457695,0.6937763786503774,51.56173784360471,155.25827486738518,6,0.16666666666666666,0.16666666666666666,1.0,0.9943950315052598,,0.11437323809990763
h1_global_raw_unscaled,METTL3,True,0.3312761664373515,0.4007969159395491,0.8265437014672959,65.01725794853472,162.2199557003105,2926,0.24128503075871496,0.2877648667122351,0.838479809976247,0.69566307452536,0.9098952151211479,0.11439941737337717
h1_global_raw_unscaled,METTL14,True,0.29626161807144236,0.31784491898630457,0.9320948688319531,49.51573362915885,155.7858272112017,3008,0.25,0.2992021276595745,0.8355555555555556,0.6686277195824315,0.8971548557539897,0.14381505499107317
h1_global_raw_unscaled,MED24,True,0.1690985241857924,0.7474963372807791,0.22621986992061288,121.44708542801396,162.47181340019768,647,0.03709428129829984,0.04945904173106646,0.75,0.990452288588024,0.9825093249923851,0.18361257706102624
h1_global_raw_unscaled,ATM,True,0.24750982810344938,0.4984672841645167,0.49654177107791886,69.38597554449949,139.1986550547598,76,0.0,0.0,,0.9960677820071118,0.9884497161726697,0.1031162881787008
h1_global_raw_unscaled,PHF10,True,0.259722157545141,0.34298624325737,0.7572378270292629,58.39420953997818,170.25233719406157,120,0.075,0.075,1.0,0.953954381239576,0.8713177518861136,0.14147047555294065
h1_global_raw_unscaled,DZIP3,False,0.3400619357767609,0.3906146322624837,0.870581662051634,59.03906044011332,151.1440063014344,1,0.0,0.0,,0.9999440941979172,,0.10090154082063692
h1_global_raw_unscaled,ZNF562,True,0.30937951207074194,0.3227488481170989,0.9585766575950524,52.751510966708835,163.44445928919214,10,0.0,0.0,,0.9997508505125925,0.9520113425058895,0.12212350652676422
h1_global_raw_unscaled,MED1,True,0.4018224163612252,0.3355664191725375,1.1974452549574723,60.27130174834203,179.61064726608552,302,0.0,0.0,,0.9913034591908668,0.9540964776834557,0.1520357737674999
h1_global_raw_global_all,TMSB4X,True,0.3531010946130236,0.3723062671640993,0.9484156613925311,58.36208357900072,156.75826255505066,0,,,,,,0.09856884684870017
h1_global_raw_global_all,PRCP,True,0.28127546627308125,0.34447118019657275,0.8165428124134252,50.05318022449322,145.30440600554837,6,0.0,0.0,,0.9957116305606599,,0.10740576353224228
h1_global_raw_global_all,TADA1,True,0.3361389423107239,0.37787507097751205,0.8895504576186454,57.284482443177495,151.59635245318046,533,0.1050656660412758,0.11632270168855535,0.9032258064516129,0.9000421167941466,0.9862027897175534,0.09490373989106063
h1_global_raw_global_all,HIRA,True,0.4770744729429536,0.43126125104824714,1.1062307865205843,64.9260265318856,150.54917726568954,32,0.03125,0.03125,1.0,0.9888661387590642,0.9809330664192395,0.08933591440090044
h1_global_raw_global_all,IGF2R,True,0.36368148389516874,0.4037144700149273,0.9008383669817969,61.27264583285152,151.77223107852927,6,0.0,0.0,,0.9992045198721801,,0.09268552866725323
h1_global_raw_global_all,NCK2,True,0.25232153867351276,0.2550928514744499,0.9891360624771771,43.145640513349655,169.13700350270742,2,0.0,0.0,,0.9990853502674135,,0.11096127815860489
h1_global_raw_global_all,MED13,True,0.3799920906003731,0.2884119487729468,1.3175324122910146,47.483245204104364,164.6368862528844,113,0.061946902654867256,0.061946902654867256,1.0,0.9747348869906932,0.9866579636035517,0.10526983836753084
h1_global_raw_global_all,MED12,True,0.4541939061760861,0.36291183359377316,1.251526856201911,62.74384134479603,172.89003977486334,68,0.014705882352941176,0.014705882352941176,1.0,0.9912810114829038,0.9794965269955461,0.09069910628838519
h1_global_raw_global_all,STAT1,True,0.4247695615763839,0.342600918408335,1.2398377784560248,54.812500516407155,159.98935662827938,8,0.125,0.125,1.0,0.993559190985021,,0.10121497438243536
h1_global_raw_global_all,USP22,True,0.461554177639126,0.3527447203726456,1.3084651618641725,52.86189249960377,149.85877731567336,21,0.0,0.0,,0.998001154024551,0.9939497081719312,0.1008337332869882
h1_global_raw_global_all,MED13L,True,0.4824030025920739,0.33397113246448923,1.4444452100762553,57.16622591182157,171.1711592854511,16,0.0,0.0,,0.9982932582584907,0.9886669634861047,0.09781447171689357
h1_global_raw_global_all,TET1,True,0.3754580813719033,0.36374702361877503,1.0321956112152328,59.75840221697914,164.28561152876654,46,0.021739130434782608,0.043478260869565216,0.5,0.9918209402272009,1.0001879546009609,0.097544235165732
h1_global_raw_global_all,KIF1B,True,0.3107267020303686,0.3153923897559551,0.985206720652972,51.54605400944135,163.4346790971296,2,0.0,0.0,,0.9999528507778349,,0.10165244207462265
h1_global_raw_global_all,SRC,False,0.4472550448329398,0.36451327673899137,1.2269924674189452,58.732099718764424,161.1247201863085,6,0.16666666666666666,0.16666666666666666,1.0,0.9919601878071034,,0.09904364377925089
h1_global_raw_global_all,PBX1,True,0.3371601264090894,0.3328360192477156,1.0129917043568397,51.8970448081847,155.92376367643055,5,0.0,0.0,,0.9999894654640502,,0.1043016356584862
h1_global_raw_global_all,CAST,True,0.3503728323619975,0.3307605238895349,1.0592945864332124,55.039404043963,166.4025785082644,38,0.10526315789473684,0.10526315789473684,1.0,0.9828385140539391,0.96133683382718,0.09640061793689078
h1_global_raw_global_all,IDE,True,0.4179406866489705,0.4209945709470738,0.9927460245123038,65.9009522537612,156.53634702582917,0,,,,,,0.08881460892194044
h1_global_raw_global_all,MAPKAPK2,True,0.17432906274003104,0.31939817735482434,0.5458048138651906,50.03015101192349,156.63881186254932,5,0.0,0.0,,0.9996777973018416,,0.10495515108986182
h1_global_raw_global_all,PTPN1,True,0.14478422349270836,0.3449160229440317,0.4197665920443539,50.74477789118467,147.12212398267982,2,0.0,0.0,,0.9991510835614148,,0.10256748458663813
h1_global_raw_global_all,KDM2B,True,0.33958352633670685,0.27519824409755267,1.2339596404413498,48.737212131839286,177.0985577748194,44,0.11363636363636363,0.13636363636363635,0.8333333333333334,0.9709731698148036,0.9628045828696384,0.10535723796148602
h1_global_raw_global_all,ATP1B1,False,0.3218513944972123,0.37270369242927487,0.8635583736758593,57.22739431858485,153.54662559304924,2,0.0,0.0,,0.9999903323064282,,0.09985867840202862
h1_global_raw_global_all,KAT2A,True,0.1783964935262597,0.37850359796633587,0.4713204695669136,57.90958465607476,152.99612729500458,738,0.1043360433604336,0.11924119241192412,0.875,0.8785875724707887,0.9869107584508319,0.09506795903181374
h1_global_raw_global_all,NISCH,True,0.3100224291255306,0.3483906621434715,0.8898700878436852,53.58039002160297,153.7939900339175,6,0.0,0.0,,0.9967630751256484,,0.10090972001507756
h1_global_raw_global_all,KDR,False,0.41758513401568925,0.3305500613554575,1.2633037558769002,54.25761478741688,164.14341163612997,7,0.14285714285714285,0.14285714285714285,1.0,0.9887857414919973,,0.10137478528013394
h1_global_raw_global_all,WFS1,False,0.3445709169418151,0.39823069327611244,0.8652545440612421,61.31984878083001,153.98071975912217,4,0.0,0.0,,0.9995233805797276,,0.09747047557063344
h1_global_raw_global_all,TARBP2,True,0.36757847695053353,0.4277093094159303,0.8594119156594696,65.28573847366972,152.64044302150538,4,0.0,0.0,,0.9983755439256403,,0.0917908723940193
h1_global_raw_global_all,MAP3K7,True,0.32646503725740444,0.3747639800711457,0.8711217049072535,57.97817253905382,154.7058298613628,1,0.0,0.0,,0.9999989887235016,,0.0963869045011195
h1_global_raw_global_all,HMGN1,True,0.3567921727229225,0.33953098193989445,1.050838337887185,56.96395724322584,167.77248696942155,3,0.0,0.0,,0.999995123232706,,0.09609920851871663
h1_global_raw_global_all,TSC22D4,True,0.4162200368784861,0.3572627511375626,1.1650250006562315,56.95741636995479,159.42724560172118,3,0.0,0.0,,0.9960912330108711,,0.09787720925847589
h1_global_raw_global_all,FOXH1,True,0.4285243755856049,0.33024195062585243,1.297607329333824,53.786777577979784,162.8708208513385,32,0.0,0.0,,0.9966621471204519,1.0004050236068034,0.10255464402831041
h1_global_raw_global_all,PAGR1,True,0.36516212923269337,0.35202690396859904,1.0373131289569446,55.81784532669566,158.56130510886928,18,0.0,0.0,,0.9997468715244036,1.0048010326058707,0.09802570325738905
h1_global_raw_global_all,KLF10,True,0.27150426364196373,0.3045629326968389,0.891455375865514,47.31044943452452,155.33882936968305,15,0.0,0.0,,0.9982687662363885,0.9876849152005895,0.10668968053824374
h1_global_raw_global_all,POLB,True,0.37043009681821143,0.3934048985358939,0.9416001127510459,60.55814549175983,153.9333793685199,3,0.0,0.0,,0.9978718007898202,,0.0974272081803475
h1_global_raw_global_all,RNF2,True,0.443213586132865,0.4597332360098369,0.9640668792616541,68.34788736702185,148.66857997962848,377,0.10079575596816977,0.10875331564986737,0.926829268292683,0.923249920389679,0.9860433789208896,0.08824127334827059
h1_global_raw_global_all,SMARCA5,True,0.30323673501292175,0.3954071752675496,0.7668974009076558,60.931596688556915,154.09835860294635,953,0.07555089192025184,0.10912906610703044,0.6923076923076923,0.8780287664013979,0.9958226802210399,0.09954346071823399
h1_global_raw_global_all,ACAT2,True,0.27846192389157187,0.3400565307655843,0.8188695075629285,48.39986786679469,142.32888795821663,313,0.019169329073482427,0.05750798722044728,0.3333333333333333,0.9612898516133417,1.002558032605246,0.10690168472161024
h1_global_raw_global_all,TRAM2,True,0.41499635045400546,0.4099611482456283,1.012282144856713,62.44166187694852,152.31116934899546,1,0.0,0.0,,0.9999969242797188,,0.09388694077010824
h1_global_raw_global_all,CAMSAP2,False,0.38588009387982586,0.31793816887461296,1.213695402617757,57.22890420559281,180.000106335652,2,0.0,0.0,,0.9999901778581249,,0.1000977354570606
h1_global_raw_global_all,CDCA2,True,0.3424989073293274,0.3948420430253344,0.8674327199430267,59.54665421499183,150.8113314345583,8,0.0,0.125,0.0,0.9940324872229731,,0.09761234800925978
h1_global_raw_global_all,CREG1,True,0.376566887204394,0.3684576768097806,1.0220085260940293,58.65825121260795,159.19942751767056,4,0.0,0.0,,0.9989235200089439,,0.09694114191627799
h1_global_raw_global_all,CASP2,True,0.3544546015297797,0.3948550849332719,0.8976827576873685,60.48256882249428,153.17662385610524,2,0.0,0.0,,0.9999428863159329,,0.09591039099546739
h1_global_raw_global_all,UBE3C,True,0.3226686734376063,0.364078972825877,0.8862601180539053,59.10849162961548,162.35074267220722,37,0.1891891891891892,0.1891891891891892,1.0,0.9614389939239885,0.9575371412035188,0.09959070086595868
h1_global_raw_global_all,EIF4B,True,0.392329219951467,0.33764103925454164,1.1619713670401806,52.892975579573644,156.6544626694463,124,0.024193548387096774,0.08870967741935484,0.2727272727272727,0.9738306146484821,1.002936774459458,0.10588407502690195
h1_global_raw_global_all,STAG2,True,0.40329081533804007,0.32703383557741017,1.2331776454445171,55.2843821943799,169.04789712896198,453,0.05518763796909492,0.07947019867549669,0.6944444444444444,0.9320671820683503,0.9945549911336822,0.09486160623342688
h1_global_raw_global_all,HMGB2,True,0.35776562742960233,0.36342132491086604,0.9844376290173646,57.56715020832952,158.4033359144476,26,0.11538461538461539,0.11538461538461539,1.0,0.987721584348258,0.9764778514431965,0.09725960925361947
h1_global_raw_global_all,TGFBR2,False,0.45585315477499166,0.31683302991032797,1.438780404000208,52.02621647962456,164.20704777639295,260,0.05,0.06153846153846154,0.8125,0.9518676590379632,0.9950194179172934,0.10381040359958961
h1_global_raw_global_all,ANTXR1,False,0.5293913446412106,0.4001958164875848,1.3228307814098148,66.1621531641978,165.32444977782606,2,0.0,0.0,,0.999990447257079,,0.08994395579672493
h1_global_raw_global_all,MTA1,True,0.3043949502192265,0.3566024800283435,0.8535974012155849,53.233968536535485,149.28098237652284,28,0.10714285714285714,0.10714285714285714,1.0,0.9816610933720606,0.9780570502750324,0.10239502905706814
h1_global_raw_global_all,DHCR24,True,0.26984238916494413,0.3344003866207785,0.8069440107165745,47.45320156103994,141.90534299487368,32,0.0,0.03125,0.0,0.9918320784122454,1.016655599877904,0.10736126930433001
h1_global_raw_global_all,NDUFB4,True,0.4136321798871493,0.32747426731315726,1.2630982680895684,58.06547728650926,177.313099325091,17,0.0,0.0,,0.9945512946163795,0.9604768248044735,0.09965456144446304
h1_global_raw_global_all,ACVR1B,True,0.49845533532339864,0.36736693287519523,1.3568323404130054,61.723208919436196,168.01514615471743,25,0.0,0.04,0.0,0.9936298089163549,1.0062643737852865,0.09336635166606226
h1_global_raw_global_all,DHX36,True,0.36486986214719386,0.3714561319086484,0.9822690509169618,56.49826521741497,152.09942807273268,1387,0.15717375630857966,0.17447728911319393,0.9008264462809917,0.7952246642834719,0.9849312733889591,0.09906646536486213
h1_global_raw_global_all,LZTR1,True,0.28854703558704353,0.3051154874952622,0.9456977682639728,47.322545144355054,155.09715856390238,191,0.06806282722513089,0.07329842931937172,0.9285714285714286,0.9551212504557489,0.9876334544829027,0.10709693173073188
h1_global_raw_global_all,INSIG1,True,0.3844119612561733,0.39126102404882734,0.9824949014297951,58.4265442000618,149.32881275894854,219,0.0776255707762557,0.0867579908675799,0.8947368421052632,0.9647481242419182,0.986843916472311,0.09837103052214378
h1_global_raw_global_all,LAD1,False,0.3926911491806075,0.3477402562505711,1.1292657152056795,52.539950109574605,151.0896399400934,2,0.0,0.0,,0.9999933462495324,,0.10532778786416971
h1_global_raw_global_all,TCF3,True,0.4476927835937103,0.4437685332497342,1.0088430117278453,63.06303128017884,142.10793815948557,6,0.0,0.0,,0.999992115898079,,0.09423735845057755
h1_global_raw_global_all,DAXX,True,0.3779631968393042,0.3076559255187555,1.2285256531366973,49.27811358195936,160.1728083048257,28,0.0,0.0,,0.9953114111443273,0.9825189989379965,0.10330037192806943
h1_global_raw_global_all,CLDN7,True,0.2872322018366416,0.331076427717696,0.8675706809352197,52.47937354555339,158.51135614614574,7,0.0,0.0,,0.9998053360140268,,0.10088844126239978
h1_global_raw_global_all,NIT1,True,0.37157558300900073,0.31733880123022257,1.1709112833618809,51.434107688081795,162.07947937248127,143,0.04895104895104895,0.04895104895104895,1.0,0.9817627968353243,0.9877450278095857,0.1037528238241777
h1_global_raw_global_all,PRR12,True,0.2669934568121534,0.3372676084277693,0.7916368193696071,55.027055883865536,163.1554721201469,105,0.02857142857142857,0.02857142857142857,1.0,0.9890098267470209,0.993063096248023,0.1003833367964075
h1_global_raw_global_all,ARID1A,True,0.447748738140089,0.4073707919222983,1.099118412557895,64.27571588405591,157.78184680534443,220,0.03636363636363636,0.08181818181818182,0.4444444444444444,0.9562294803475824,1.0011854300068188,0.09398846851542103
h1_global_raw_global_all,STX4,True,0.32005464267037503,0.3336105085751957,0.959366190343596,53.32902148645611,159.85414162826277,19,0.0,0.0,,0.9989078153785481,1.003987408291168,0.10288747176320877
h1_global_raw_global_all,CENPO,True,0.3053455023942139,0.4203448711489005,0.7264166244246859,63.825001468808836,151.83961039981344,5,0.0,0.0,,0.9983557929903304,,0.09130514317242448
h1_global_raw_global_all,NRAS,True,0.2837579900989158,0.40273031392585595,0.7045856253849236,59.02218523602732,146.55510944948014,5,0.0,0.0,,0.998219928032642,,0.09631900345403882
h1_global_raw_global_all,CHMP3,True,0.33694333554465217,0.4436123044112401,0.759544611802059,62.75458793721543,141.46268557745032,98,0.04081632653061224,0.061224489795918366,0.6666666666666666,0.9881495455501585,0.99626073702062,0.09334354350338339
h1_global_raw_global_all,EID2,True,0.37055743616778575,0.3733828487582196,0.9924329341858349,54.748184080446194,146.6274743538042,4,0.0,0.0,,0.9987139201897337,,0.10302036025329116
h1_global_raw_global_all,UQCRQ,True,0.38059015713829597,0.2966484950567753,1.2829667552011519,48.887868810327625,164.80066349559945,48,0.08333333333333333,0.08333333333333333,1.0,0.9830302565906985,0.9770764539778194,0.1068255349519359
h1_global_raw_global_all,ZNF426,True,0.45355717268172346,0.4240635990626165,1.0695498828107435,67.89082420531099,160.0958543845362,3,0.0,0.0,,0.9999909120111184,,0.08783814264599216
h1_global_raw_global_all,BIRC2,True,0.414051608640538,0.3492993727386279,1.1853774754710558,56.836785657593914,162.71654086285315,75,0.06666666666666667,0.06666666666666667,1.0,0.9820202373048151,0.9855134797221069,0.0992780203819265
h1_global_raw_global_all,PLCB3,True,0.29702658791920983,0.34276907131296147,0.8665501434579931,55.213180552847845,161.07982071240048,2,0.0,0.0,,0.9999278642766393,,0.10014189426262109
h1_global_raw_global_all,TFAM,True,0.4677552884286903,0.3311968909184271,1.4123178727058072,56.827103613936934,171.5810298108544,98,0.10204081632653061,0.10204081632653061,1.0,0.9659860079068612,0.9686725460236397,0.09596002813987818
h1_global_raw_global_all,PMS1,True,0.5118822877458055,0.37018693313219886,1.3827670345214622,60.149398910602876,162.4838521491592,1,0.0,0.0,,0.9993566954435843,,0.09527746761368272
h1_global_raw_global_all,ZNF286A,True,0.4056806024680032,0.361717850751962,1.1215387950156417,58.388101235446186,161.4189101092614,2,0.0,0.0,,0.9999967295068807,,0.09767185287238754
h1_global_raw_global_all,GSK3B,True,0.46181715827223146,0.42340713177573575,1.0907165317112328,64.01069766861393,151.18001768217312,217,0.041474654377880185,0.04608294930875576,0.9,0.9669727414235321,0.9905584982537515,0.0892693437524806
h1_global_raw_global_all,LRPPRC,True,0.49269746538027304,0.4111277254216679,1.1984048628074018,71.18286428699065,173.14051056513605,98,0.1326530612244898,0.1326530612244898,1.0,0.9556332293785496,0.962728848265854,0.08198425989526209
h1_global_raw_global_all,CASP3,True,0.3309000674391954,0.34556684706963,0.9575573300656377,52.85569789080111,152.953613284989,417,0.1366906474820144,0.13908872901678657,0.9827586206896551,0.8840272508390693,0.9791942374718964,0.10280558808938421
h1_global_raw_global_all,MAST2,True,0.46353181757595957,0.41653025570922664,1.1128406909762254,65.4561592385745,157.14622969494067,0,,,,,,0.0901167209041388
h1_global_raw_global_all,HAT1,True,0.3428237637486123,0.34396022634936924,0.9966959476308676,54.813831935239826,159.36096018137866,29,0.0,0.0,,0.9996973990600772,0.9777147851395284,0.10184443169384291
h1_global_raw_global_all,MAU2,True,0.22235388162679093,0.30616992315835434,0.7262433858069954,45.255239420589554,147.81085925668492,902,0.11419068736141907,0.12638580931263857,0.9035087719298246,0.8734951003960512,0.9869750468832583,0.10772473151689428
h1_global_raw_global_all,SMARCA4,True,0.390710540231266,0.3911118704696801,0.9989738735417768,59.46315503658664,152.0361807612187,2229,0.15746971736204576,0.20098698968147152,0.7834821428571429,0.7331419355325478,0.9925489599241474,0.09728027101152939
h1_global_raw_global_all,TWF2,True,0.313615760201125,0.31552846259961564,0.9939380986972396,52.331343562285355,165.85300461052321,4,0.0,0.0,,0.9999854384079322,,0.10345554489861568
h1_global_raw_global_all,IRF3,True,0.39127376163378996,0.39019974480553044,1.0027524795763123,61.76086028765205,158.28011450502797,4,0.0,0.0,,0.9981434605124139,,0.0943616891224259
h1_global_raw_global_all,MKI67,True,0.20278373730971763,0.3169671661293592,0.6397625968203863,48.69926234648955,153.6413469608856,5,0.0,0.0,,0.9999598519131317,,0.10696473491029776
h1_global_raw_global_all,AKT2,True,0.37105802399668886,0.37266209587246224,0.9956956398476265,62.5319070802486,167.79787312109457,50,0.02,0.02,1.0,0.9848948057213501,0.9913872973689242,0.0886287825974864
h1_global_raw_global_all,SSBP1,True,0.29782969598024767,0.34903433889966073,0.8532962599587279,52.0819939554285,149.2173925339789,59,0.06779661016949153,0.0847457627118644,0.8,0.9720621093770292,0.9689428773913298,0.10029770509994239
h1_global_raw_global_all,PHF14,True,0.3912534199537055,0.4111536321983636,0.9515990844146132,65.66741347206117,159.71502701058353,24,0.0,0.0,,0.9990884856362379,0.9945132811988325,0.09074528214743645
h1_global_raw_global_all,DNMT1,True,0.23987925074165217,0.5536281372998111,0.4332858729175253,62.33681095699844,112.59689809306178,1279,0.09304143862392494,0.13995308835027365,0.664804469273743,0.8226327245085715,0.9957251785024624,0.09138227202739653
h1_global_raw_global_all,TMSB10,True,0.2847972832561949,0.3959416946429355,0.7192909640724455,61.006535961693984,154.07959501893413,263,0.057034220532319393,0.07984790874524715,0.7142857142857143,0.9486322753305723,0.9935797618066956,0.09653129122219023
h1_global_raw_global_all,CLDN6,True,0.36112206148651577,0.3267163895028036,1.1053074565254308,53.26012671444794,163.0163910524939,4,0.0,0.0,,0.9999856181183869,,0.09983365936955318
h1_global_raw_global_all,DLG5,True,0.3047121983775328,0.38742230851649356,0.78651175133494,57.98576474545137,149.67069131224994,85,0.058823529411764705,0.058823529411764705,1.0,0.9864701899130159,0.9935603520494776,0.09556205831076385
h1_global_raw_global_all,NDUFB6,True,0.4460264198442292,0.35632712371024106,1.2517330008448362,59.011871988815194,165.61150712961893,12,0.0,0.0,,0.9970212668047984,0.9755567714303587,0.09656618060211036
h1_global_raw_global_all,STAT6,True,0.27012405676277434,0.4198758989540128,0.6433426101276651,64.13966501571339,152.75862504968006,73,0.0,0.0,,0.9998313401973715,1.0024863876344727,0.10461932820844311
h1_global_raw_global_all,ZNF714,True,0.3473354589688435,0.41615238654982306,0.8346352687016476,62.693309577651796,150.64988596465963,8,0.125,0.125,1.0,0.9949437560559311,,0.09537929017669905
h1_global_raw_global_all,SAFB,True,0.32684201234508686,0.38256132374497653,0.85435194845511,60.78195352852006,158.88159559234117,165,0.05454545454545454,0.05454545454545454,1.0,0.9748771600779745,0.9867916099009377,0.09751746173051029
h1_global_raw_global_all,SOX2,True,0.2281282140248956,0.47939032102255,0.47587154771563417,79.22800005765059,165.26825132525732,1156,0.052768166089965395,0.08650519031141868,0.61,0.9323155581072264,1.0675878911390217,0.1688964022174069
h1_global_raw_global_all,SLC25A3,True,0.3201049907755015,0.2998046953634525,1.0677117327580177,49.82673012003021,166.19729740931973,21,0.047619047619047616,0.047619047619047616,1.0,0.9956471531838487,0.9907400303701351,0.10881180813288978
h1_global_raw_global_all,ZNF593,True,0.28465308194526057,0.3152897714997423,0.9028300556381773,50.05237938747827,158.75040648922283,21,0.047619047619047616,0.047619047619047616,1.0,0.9921533095443318,0.9926745456299686,0.10461937828491384
h1_global_raw_global_all,RAF1,True,0.31510856533255305,0.333337309498529,0.9453144198187738,54.87765032108057,164.63098716323785,38,0.07894736842105263,0.10526315789473684,0.75,0.9856235536166887,0.9824001698077562,0.1007217758683267
h1_global_raw_global_all,METTL17,True,0.3273439493439412,0.3396551102112117,0.9637539359863747,53.15801001711134,156.5058449556536,81,0.09876543209876543,0.09876543209876543,1.0,0.9731895460871904,0.9691471450441276,0.1048368254106322
h1_global_raw_global_all,IKBKG,True,0.29826476141693425,0.39055393376476616,0.7636967282387727,59.95065134306899,153.50159391603455,12,0.08333333333333333,0.08333333333333333,1.0,0.9951338523772827,0.996646719047687,0.09418484270417171
h1_global_raw_global_all,SMAGP,True,0.4085378586446199,0.4187163527046501,0.975691195258357,63.63913205112212,151.98625905115114,79,0.08860759493670886,0.08860759493670886,1.0,0.9790869074970252,0.982032158094038,0.09279392165374471
h1_global_raw_global_all,MAP1B,True,0.35373412119782344,0.37548353588872513,0.9420762493902072,61.03197293678352,162.5423410172381,3,0.0,0.0,,0.9963990945462509,,0.09351479994500249
h1_global_raw_global_all,TAZ,True,0.32198770938817145,0.4007676664434439,0.803427362904812,63.222946510540645,157.75460897732535,22,0.045454545454545456,0.045454545454545456,1.0,0.9922079142534243,0.9769042981378434,0.09029754293951427
h1_global_raw_global_all,OXCT1,True,0.4066731829835096,0.346652041125048,1.1731452140413337,54.28614340441702,156.60125129577514,129,0.08527131782945736,0.08527131782945736,1.0,0.9507734509713924,0.9877374868636,0.10140352597152659
h1_global_raw_global_all,WSB2,True,0.30614475254084417,0.29359495939921887,1.0427452609108339,44.23383478995627,150.66278685598564,106,0.04716981132075472,0.0660377358490566,0.7142857142857143,0.9735866088469204,0.9926566500965942,0.1109843830099623
h1_global_raw_global_all,C1QBP,True,0.2675149261315106,0.29910864159209105,0.8943737790643096,47.30455316803033,158.15174351445802,66,0.12121212121212122,0.13636363636363635,0.8888888888888888,0.9726000407630108,0.9666078923158488,0.10621949129284063
h1_global_raw_global_all,CALM3,True,0.299729588994109,0.4017120670700389,0.746130409226295,61.119427349107205,152.14735219405537,1,0.0,0.0,,0.999487185165093,,0.09714787115072987
h1_global_raw_global_all,SIX4,True,0.32871512613162757,0.28690803951363697,1.1457159816394877,48.6201937769016,169.46263987346595,25,0.0,0.0,,0.9988564408003391,0.996784680236168,0.10731805080117038
h1_global_raw_global_all,RRM1,True,0.3735026853116781,0.35644384204652196,1.0478584316879,56.92758315891315,159.709823662722,5,0.0,0.0,,0.9976005330546942,,0.100842210122551
h1_global_raw_global_all,MBTPS1,True,0.3698674913571664,0.31045625016541745,1.1913675152621133,55.0292222935912,177.25274419268575,384,0.12760416666666666,0.1328125,0.9607843137254902,0.8978863046325034,0.980473718125881,0.09908837073051267
h1_global_raw_global_all,RAB3B,False,0.3941068795369781,0.3871518904027511,1.0179644974146758,62.44378062526662,161.29013488816196,0,,,,,,0.09039890995967811
h1_global_raw_global_all,XRCC4,True,0.25863784907711024,0.3508397766016334,0.7371964820590586,54.43584917609112,155.158715763011,14,0.0,0.0,,0.9970494042154272,0.9857276870589999,0.0985497635454224
h1_global_raw_global_all,TRAPPC6A,True,0.5145163673714982,0.41873562899151506,1.228737971523135,65.68533192653236,156.86587760570848,230,0.06521739130434782,0.06956521739130435,0.9375,0.9564191623235884,0.9891205191876948,0.08981206056049984
h1_global_raw_global_all,SIN3B,True,0.294463568852337,0.3893874055154608,0.7562226324771184,55.93613974259246,143.65164088588244,1161,0.11714039621016366,0.14556416881998277,0.8047337278106509,0.839917296750619,0.9904676545892438,0.10173231178483809
h1_global_raw_global_all,SV2A,False,0.2838809389313293,0.4061067625748043,0.6990303168838239,62.1862208699579,153.12776491502842,18,0.05555555555555555,0.05555555555555555,1.0,0.9905990180381045,0.9817673325729404,0.09529862877206775
h1_global_raw_global_all,EWSR1,True,0.3785474582560435,0.4053608034058475,0.9338531379341122,60.015349826385766,148.05415156605153,178,0.0449438202247191,0.06741573033707865,0.6666666666666666,0.9726771156605423,0.9910858771207744,0.09474271960431954
h1_global_raw_global_all,TXNDC9,True,0.26407250553690326,0.37862202852982185,0.6974567923643773,56.65552044106854,149.63609133113636,24,0.0,0.0,,0.999528266592507,0.9840804795679966,0.10319411707539336
h1_global_raw_global_all,TMBIM6,True,0.2518764319947715,0.29975989658130414,0.840260604795261,46.540204417639075,155.25827486738518,6,0.0,0.0,,0.997338761931303,,0.10872247136146203
h1_global_raw_global_all,METTL3,True,0.3279693203166842,0.38477747085103586,0.8523610272485402,62.418584275932545,162.2199557003105,2926,0.20847573479152426,0.2682843472317156,0.7770700636942676,0.6855728826136003,0.9905552223952026,0.09462748350663679
h1_global_raw_global_all,METTL14,True,0.29661543032565163,0.28096848374696093,1.0556893298850636,43.77090766079739,155.7858272112017,3008,0.21808510638297873,0.277593085106383,0.7856287425149701,0.6589422020540885,0.9900193145701305,0.10908412104372668
h1_global_raw_global_all,MED24,True,0.3643927957915408,0.3337027932891748,1.0919680719476963,54.21729796240354,162.47181340019768,647,0.080370942812983,0.08964451313755796,0.896551724137931,0.9780359517901027,0.987019508472791,0.09755570787835842
h1_global_raw_global_all,ATM,True,0.25970786550940694,0.47357024482198273,0.5484041034018773,65.92034115317333,139.1986550547598,76,0.013157894736842105,0.02631578947368421,0.5,0.9922560203366054,0.9939566936370111,0.09079456615416018
h1_global_raw_global_all,PHF10,True,0.29857592852476084,0.3059852375646732,0.9757854035740978,52.09470184226578,170.25233719406157,120,0.09166666666666666,0.1,0.9166666666666666,0.9650014170022532,0.9834470564034896,0.10796027353195115
h1_global_raw_global_all,DZIP3,False,0.3400619357767609,0.3906146322624837,0.870581662051634,59.03906044011332,151.1440063014344,1,0.0,0.0,,0.9999440941979172,,0.10090154082063692
h1_global_raw_global_all,ZNF562,True,0.35192156441525735,0.2871572542630919,1.2255360405864193,46.93426215400012,163.44445928919214,10,0.0,0.0,,0.9998494073501567,0.9937008012764424,0.10619078016719967
h1_global_raw_global_all,MED1,True,0.43417547408326207,0.31086023182502476,1.3966903117013962,55.83380744737809,179.61064726608552,302,0.059602649006622516,0.076158940397351,0.782608695652174,0.9476364147543745,0.9928834735287242,0.09890971291159588
h1_global_raw_global_strong,TMSB4X,True,0.3364655379282234,0.3883027298842544,0.8665031482743305,60.86966128203887,156.75826255505066,0,,,,,,0.10303351132957982
h1_global_raw_global_strong,PRCP,True,0.2735705668077411,0.3515150330144383,0.7782613575917943,51.076683074183684,145.30440600554837,6,0.16666666666666666,0.16666666666666666,1.0,0.9824551054023805,,0.12213489929683297
h1_global_raw_global_strong,TADA1,True,0.3267862654462095,0.3951427839980219,0.827008055518092,59.90220475229508,151.59635245318046,533,0.024390243902439025,0.04878048780487805,0.5,0.9547326367730311,0.9689400336219136,0.15366116865862384
h1_global_raw_global_strong,HIRA,True,0.4731227724856885,0.4348754511475175,1.0879500584299406,65.47014138330432,150.54917726568954,32,0.0,0.0,,0.9976813902653474,0.965700232437154,0.10168422979307935
h1_global_raw_global_strong,IGF2R,True,0.3518251030544841,0.4163461121002938,0.8450303553446723,63.18977833433305,151.77223107852927,6,0.0,0.0,,0.9980023414974678,,0.12324045952755494
h1_global_raw_global_strong,NCK2,True,0.24302253236597204,0.2623300896471025,0.9263997610525587,44.36972529150753,169.13700350270742,2,0.0,0.0,,0.9956539591820335,,0.1131293929325551
h1_global_raw_global_strong,MED13,True,0.36109876324967444,0.3047077086003217,1.185066058579173,50.166128361208216,164.6368862528844,113,0.0,0.008849557522123894,0.0,0.9949471849925617,0.9734751932646598,0.13549416509074516
h1_global_raw_global_strong,MED12,True,0.36228990842121234,0.44839855848610205,0.8079640345954445,77.52364461165357,172.89003977486334,68,0.0,0.0,,0.9959034140536581,0.9934202276374205,0.25926289058152724
h1_global_raw_global_strong,STAT1,True,0.4122233754697456,0.3537053686395572,1.1654428007560753,56.58909436461114,159.98935662827938,8,0.25,0.25,1.0,0.9805915824159478,,0.09840282855255596
h1_global_raw_global_strong,USP22,True,0.4403258945082701,0.3669116169547345,1.2000870895363136,54.984926299753205,149.85877731567336,21,0.0,0.0,,0.999740006507006,0.9795360414520754,0.13027561904948776
h1_global_raw_global_strong,MED13L,True,0.4652528259298523,0.3445839932863116,1.350186993576565,58.98284160202806,171.1711592854511,16,0.0,0.0,,0.9998468997908767,0.9776983231625965,0.1226119092594171
h1_global_raw_global_strong,TET1,True,0.3619258121021557,0.3814835096551417,0.9487325217001751,62.67225167183507,164.28561152876654,46,0.0,0.0,,0.9981299427645304,0.9724409337971776,0.1358294600704721
h1_global_raw_global_strong,KIF1B,True,0.30590826776214075,0.32228495344000524,0.9491856957544463,52.67253794330061,163.4346790971296,2,0.0,0.0,,0.9999802066607301,,0.11912581184059674
h1_global_raw_global_strong,SRC,False,0.4472550448329398,0.36451327673899137,1.2269924674189452,58.732099718764424,161.1247201863085,6,0.16666666666666666,0.16666666666666666,1.0,0.9919601878071034,,0.09904364377925089
h1_global_raw_global_strong,PBX1,True,0.3226378422046996,0.3500164152454378,0.9217791742094729,54.57587681360103,155.92376367643055,5,0.0,0.0,,0.9999932605632972,,0.11822811175685331
h1_global_raw_global_strong,CAST,True,0.3388600577746398,0.34213220683933204,0.990436009825205,56.93168140878771,166.4025785082644,38,0.07894736842105263,0.10526315789473684,0.75,0.9757841192193729,0.9322753995659515,0.1364943350893514
h1_global_raw_global_strong,IDE,True,0.40749774717368775,0.4316931878623628,0.9439522295719215,67.5756746639093,156.53634702582917,0,,,,,,0.11342859293913629
h1_global_raw_global_strong,MAPKAPK2,True,0.16565327407475353,0.330876935077389,0.5006492037168102,51.82816998324409,156.63881186254932,5,0.0,0.0,,0.9993743511085607,,0.11473954124226712
h1_global_raw_global_strong,PTPN1,True,0.13491319222449558,0.37034499813951244,0.36429057474045456,54.48594273264668,147.12212398267982,2,0.0,0.0,,0.999775133565669,,0.16359344847794127
h1_global_raw_global_strong,KDM2B,True,0.32460478431819495,0.2866595114543453,1.132370534894646,50.76698605099888,177.0985577748194,44,0.0,0.0,,0.9957999156603473,0.9605766006758772,0.12309542773521866
h1_global_raw_global_strong,ATP1B1,False,0.3218513944972123,0.37270369242927487,0.8635583736758593,57.22739431858485,153.54662559304924,2,0.0,0.0,,0.9999903323064282,,0.09985867840202862
h1_global_raw_global_strong,KAT2A,True,0.1722371683669898,0.40373831214024075,0.4266059553623988,61.77039819807857,152.99612729500458,738,0.03387533875338753,0.056910569105691054,0.5952380952380952,0.9474837046838712,1.0015421917914913,0.15069878835128925
h1_global_raw_global_strong,NISCH,True,0.3014470014708099,0.35815333945349465,0.8416702240743787,55.08183111852503,153.7939900339175,6,0.16666666666666666,0.16666666666666666,1.0,0.9829879771189108,,0.1162373312290776
h1_global_raw_global_strong,KDR,False,0.41758513401568925,0.3305500613554575,1.2633037558769002,54.25761478741688,164.14341163612997,7,0.14285714285714285,0.14285714285714285,1.0,0.9887857414919973,,0.10137478528013394
h1_global_raw_global_strong,WFS1,False,0.3445709169418151,0.39823069327611244,0.8652545440612421,61.31984878083001,153.98071975912217,4,0.0,0.0,,0.9995233805797276,,0.09747047557063344
h1_global_raw_global_strong,TARBP2,True,0.3429609039213366,0.455146273215263,0.7535179877417825,69.47372878316487,152.64044302150538,4,0.0,0.0,,0.9991183673142408,,0.11646492427169154
h1_global_raw_global_strong,MAP3K7,True,0.31065224956133175,0.39060486705384817,0.7953107494651511,60.42885010545287,154.7058298613628,1,0.0,0.0,,0.9999971635206683,,0.12361778401990599
h1_global_raw_global_strong,HMGN1,True,0.34642292223574167,0.347399725235549,0.997188244754238,58.284115875261776,167.77248696942155,3,0.0,0.0,,0.999994409829992,,0.11007248678798345
h1_global_raw_global_strong,TSC22D4,True,0.40826026319589637,0.3634336799969044,1.1233418520797902,57.94123056080382,159.42724560172118,3,0.3333333333333333,0.3333333333333333,1.0,0.9787357483286137,,0.09624208241328858
h1_global_raw_global_strong,FOXH1,True,0.4185577697315662,0.33697883330107475,1.2420892007706743,54.88401918927241,162.8708208513385,32,0.0,0.0,,0.9975487394909858,1.0047948374217852,0.10420805861894161
h1_global_raw_global_strong,PAGR1,True,0.35763946358856313,0.35852230266648605,0.9975375616206945,56.84776422143507,158.56130510886928,18,0.0,0.0,,0.9993710217701407,0.979476030847879,0.10651792381777342
h1_global_raw_global_strong,KLF10,True,0.26775895939009503,0.309363475470395,0.8655157464305078,48.05616012930782,155.33882936968305,15,0.0,0.0,,0.9996230918871921,0.970256308292066,0.11680700666881078
h1_global_raw_global_strong,POLB,True,0.33623886496598276,0.42885283755662884,0.784042532822424,66.01476653687078,153.9333793685199,3,0.0,0.0,,0.9954025582892343,,0.11739966344827833
h1_global_raw_global_strong,RNF2,True,0.43162912414346843,0.47363511544276693,0.9113114928988527,70.41466004136356,148.66857997962848,377,0.021220159151193633,0.029177718832891247,0.7272727272727273,0.9776564784613392,0.9879966081065235,0.09573850562168268
h1_global_raw_global_strong,SMARCA5,True,0.287929446653383,0.419384418460304,0.6865525612765137,64.62645050838404,154.09835860294635,953,0.04302203567681007,0.06505771248688352,0.6612903225806451,0.9269787384563701,0.9820131139602809,0.09727540902268428
h1_global_raw_global_strong,ACAT2,True,0.26856227382995346,0.35433962000030833,0.7579233556487974,50.43276407418094,142.32888795821663,313,0.03194888178913738,0.04472843450479233,0.7142857142857143,0.9603578609199355,0.9433127097576713,0.11494004830833213
h1_global_raw_global_strong,TRAM2,True,0.40776202022658886,0.41579324584713573,0.9806845693123657,63.3299554823916,152.31116934899546,1,0.0,0.0,,0.9999999094386638,,0.09317046234307541
h1_global_raw_global_strong,CAMSAP2,False,0.38588009387982586,0.31793816887461296,1.213695402617757,57.22890420559281,180.000106335652,2,0.0,0.0,,0.9999901778581249,,0.1000977354570606
h1_global_raw_global_strong,CDCA2,True,0.32498613283754624,0.4193694725307658,0.7749398898216289,63.24566851537321,150.8113314345583,8,0.125,0.125,1.0,0.9883255230250109,,0.10512999070648997
h1_global_raw_global_strong,CREG1,True,0.3662806052200067,0.3809087872379545,0.9615966275705538,60.64046086473254,159.19942751767056,4,0.0,0.0,,0.9996988920140767,,0.12349552301401993
h1_global_raw_global_strong,CASP2,True,0.3464890065428647,0.4041636125787312,0.8572988655067718,61.90841766029695,153.17662385610524,2,0.0,0.0,,0.9999991045382443,,0.10441629668254976
h1_global_raw_global_strong,UBE3C,True,0.3016683270195555,0.3843727810149488,0.7848326986707811,62.40320646075861,162.35074267220722,37,0.13513513513513514,0.13513513513513514,1.0,0.9490472004439016,0.7833008572816418,0.13149010081154366
h1_global_raw_global_strong,EIF4B,True,0.3769345383977185,0.3554195462183042,1.0605340713765907,55.67805803504688,156.6544626694463,124,0.008064516129032258,0.008064516129032258,1.0,0.9905853535136749,0.9675489407645852,0.1124530390693456
h1_global_raw_global_strong,STAG2,True,0.388068285900567,0.34120047870024306,1.1373614930988976,57.67922342367127,169.04789712896198,453,0.019867549668874173,0.03090507726269316,0.6428571428571429,0.9752306154429381,0.9753468822552057,0.1446056556732239
h1_global_raw_global_strong,HMGB2,True,0.3470872681490849,0.3774216688222222,0.9196272944057544,59.78485138783786,158.4033359144476,26,0.07692307692307693,0.07692307692307693,1.0,0.9829902866077989,0.8502948070660036,0.12450568942682891
h1_global_raw_global_strong,TGFBR2,False,0.45585315477499166,0.31683302991032797,1.438780404000208,52.02621647962456,164.20704777639295,260,0.05,0.06153846153846154,0.8125,0.9518676590379632,0.9950194179172934,0.10381040359958961
h1_global_raw_global_strong,ANTXR1,False,0.5293913446412106,0.4001958164875848,1.3228307814098148,66.1621531641978,165.32444977782606,2,0.0,0.0,,0.999990447257079,,0.08994395579672493
h1_global_raw_global_strong,MTA1,True,0.2970193979295664,0.37070255892413534,0.8012337405805492,55.33884216568577,149.28098237652284,28,0.17857142857142858,0.17857142857142858,1.0,0.934530944441327,0.7532190023554846,0.1078452674603465
h1_global_raw_global_strong,DHCR24,True,0.2528263445942825,0.362928713470196,0.69662811238286,51.501523567676394,141.90534299487368,32,0.0,0.0,,0.9970989299790873,0.9312840177676627,0.13614292122358684
h1_global_raw_global_strong,NDUFB4,True,0.3965598700294476,0.33775167631671216,1.1741166597722246,59.887796529961165,177.313099325091,17,0.058823529411764705,0.058823529411764705,1.0,0.9941139541904472,0.8353985612011452,0.10787126459202191
h1_global_raw_global_strong,ACVR1B,True,0.48126784831873587,0.38171440621739505,1.2608060908359924,64.13380174997681,168.01514615471743,25,0.04,0.04,1.0,0.992695709098423,0.9359417552700274,0.11808534847506719
h1_global_raw_global_strong,DHX36,True,0.35915817174567316,0.393613424642189,0.9124642333329024,59.86837676982661,152.09942807273268,1387,0.1658255227108868,0.1780821917808219,0.9311740890688259,0.8139798753241081,0.9010540217507385,0.14194080474124607
h1_global_raw_global_strong,LZTR1,True,0.26834762941174883,0.3300204448012917,0.813124258326854,51.18523325667554,155.09715856390238,191,0.03664921465968586,0.04712041884816754,0.7777777777777778,0.9474485419806935,0.9385736427093067,0.13248073386444228
h1_global_raw_global_strong,INSIG1,True,0.37157034227036984,0.40445594081519687,0.9186917653414984,60.39692545523691,149.32881275894854,219,0.0365296803652968,0.0365296803652968,1.0,0.9736078783210481,0.9583786130714561,0.09745359172955957
h1_global_raw_global_strong,LAD1,False,0.3926911491806075,0.3477402562505711,1.1292657152056795,52.539950109574605,151.0896399400934,2,0.0,0.0,,0.9999933462495324,,0.10532778786416971
h1_global_raw_global_strong,TCF3,True,0.42890742219213657,0.4656450060986026,0.9211038807990853,66.1718517309335,142.10793815948557,6,0.0,0.0,,0.9999932806325147,,0.11102159559781602
h1_global_raw_global_strong,DAXX,True,0.3596609858996179,0.3209536817326905,1.1206009040244167,51.408052538898275,160.1728083048257,28,0.03571428571428571,0.03571428571428571,1.0,0.9978142285619507,0.9672562683825401,0.13641094878410898
h1_global_raw_global_strong,CLDN7,True,0.27124622669597803,0.3547586961925441,0.7645935944830511,56.23328203811867,158.51135614614574,7,0.0,0.0,,0.9999194518218668,,0.13592706124250628
h1_global_raw_global_strong,NIT1,True,0.361624273286414,0.32465181665600085,1.113883412115907,52.61939742093486,162.07947937248127,143,0.006993006993006993,0.006993006993006993,1.0,0.9922910939597973,0.9844340191887834,0.11042628271729842
h1_global_raw_global_strong,PRR12,True,0.2616170963149363,0.3480344126509257,0.7516989320746712,56.78371891011981,163.1554721201469,105,0.01904761904761905,0.02857142857142857,0.6666666666666666,0.985872855027534,0.9620159926549879,0.11304717565426708
h1_global_raw_global_strong,ARID1A,True,0.43099708920261737,0.42815463213541477,1.0066388562772892,67.55502857658861,157.78184680534443,220,0.01818181818181818,0.04090909090909091,0.4444444444444444,0.9679455932656925,0.9952850788958907,0.0902266817929485
h1_global_raw_global_strong,STX4,True,0.299346157639634,0.35525254289891134,0.8426291764076529,56.78859030636307,159.85414162826277,19,0.0,0.0,,0.9990786949116437,0.9618677140204125,0.10996128855717854
h1_global_raw_global_strong,CENPO,True,0.29577143190580385,0.4345991245053278,0.6805614996175123,65.98936174498898,151.83961039981344,5,0.2,0.2,1.0,0.9932705365313257,,0.0977609830698431
h1_global_raw_global_strong,NRAS,True,0.28116357584673896,0.4113636856221285,0.6834914837500043,60.287449969892585,146.55510944948014,5,0.2,0.2,1.0,0.9936207593611306,,0.10467447674402731
h1_global_raw_global_strong,CHMP3,True,0.27299061866383223,0.5571899347947018,0.4899417624340547,78.82158455278295,141.46268557745032,98,0.02040816326530612,0.04081632653061224,0.5,0.9917845915501219,1.0666553582565106,0.1747220617790224
h1_global_raw_global_strong,EID2,True,0.3552895485361456,0.38491444968077393,0.9230351025553923,56.43903359897633,146.6274743538042,4,0.0,0.0,,0.9993700276845864,,0.10028216879810223
h1_global_raw_global_strong,UQCRQ,True,0.3616103613097731,0.3103685217840592,1.1650999889781533,51.14893831816137,164.80066349559945,48,0.0,0.0,,0.9960437093955422,0.9956896120897413,0.11474693957625016
h1_global_raw_global_strong,ZNF426,True,0.43927879796580666,0.43696758529805346,1.005289208503136,69.95669890663957,160.0958543845362,3,0.0,0.0,,0.9999994411782899,,0.09069135437057166
h1_global_raw_global_strong,BIRC2,True,0.3997254682990336,0.3634729923526279,1.0997391187492545,59.143068012689895,162.71654086285315,75,0.02666666666666667,0.02666666666666667,1.0,0.9683720861092162,0.9181304800347952,0.1052437796976973
h1_global_raw_global_strong,PLCB3,True,0.28598058237077306,0.35905710086976045,0.7964766096479619,57.8368534336153,161.07982071240048,2,0.0,0.0,,0.9995555961190461,,0.11226901235726651
h1_global_raw_global_strong,TFAM,True,0.4431254558514976,0.35151373397901947,1.2606206045933501,60.313088468778886,171.5810298108544,98,0.09183673469387756,0.09183673469387756,1.0,0.938291986147425,0.8832827250152206,0.17841550337855422
h1_global_raw_global_strong,PMS1,True,0.4926831187001654,0.38425872201914424,1.2821650894774468,62.435837375583496,162.4838521491592,1,0.0,0.0,,0.9980651757814871,,0.09293272146035876
h1_global_raw_global_strong,ZNF286A,True,0.3851826125700831,0.38389571827533087,1.0033521975721265,61.96802843961597,161.4189101092614,2,0.0,0.0,,0.9999974184530874,,0.11651397376789427
h1_global_raw_global_strong,GSK3B,True,0.44059098036352684,0.4445616087689641,0.991068440623039,67.20883187450733,151.18001768217312,217,0.03225806451612903,0.04608294930875576,0.7,0.9740355500535094,0.9506967049354046,0.14387865910759642
h1_global_raw_global_strong,LRPPRC,True,0.48252204626683987,0.420253423871978,1.1481692208980807,72.76289237594081,173.14051056513605,98,0.08163265306122448,0.08163265306122448,1.0,0.9567445623312363,0.8219314621461616,0.13794238382212887
h1_global_raw_global_strong,CASP3,True,0.3185035384551222,0.3663995870262039,0.8692791960825647,56.04214074178566,152.953613284989,417,0.04316546762589928,0.05755395683453238,0.75,0.9311928481394829,0.9596454418091374,0.1104641223929766
h1_global_raw_global_strong,MAST2,True,0.4530728480929366,0.42568147090701247,1.0643471211644717,66.89423820403358,157.14622969494067,0,,,,,,0.10313658412050766
h1_global_raw_global_strong,HAT1,True,0.1303205904512829,0.8972495452531346,0.145244532182534,142.9865490538449,159.36096018137866,29,0.0,0.0,,0.9999106566435219,1.0614368690533909,0.11572272109704627
h1_global_raw_global_strong,MAU2,True,0.18895328606502856,0.35697968046947004,0.529311040383399,52.76547330736919,147.81085925668492,902,0.0565410199556541,0.07317073170731707,0.7727272727272727,0.9344250363442185,0.9579940114578592,0.14624857725679616
h1_global_raw_global_strong,SMARCA4,True,0.38118195252308457,0.4054767228538511,0.9400834401546565,61.64713233027469,152.0361807612187,2229,0.10722296994167788,0.16285329744279947,0.6584022038567493,0.8313330919210775,0.9810015947270267,0.0981855960927287
h1_global_raw_global_strong,TWF2,True,0.3085618346059377,0.32177098697765344,0.9589485910591652,53.36668498673736,165.85300461052321,4,0.0,0.0,,0.9999999770231218,,0.09991479478986728
h1_global_raw_global_strong,IRF3,True,0.3860424523724031,0.3961923980568389,0.9743812709829437,62.709378130458084,158.28011450502797,4,0.25,0.25,1.0,0.9894306151570635,,0.10612830625293836
h1_global_raw_global_strong,MKI67,True,0.1967526525256956,0.3258086060325267,0.6038902867595003,50.05767308228592,153.6413469608856,5,0.0,0.0,,0.9999545730600126,,0.10384997997912615
h1_global_raw_global_strong,AKT2,True,0.3435395531489816,0.40246813034661244,0.8535820037554761,67.53329627118502,167.79787312109457,50,0.02,0.02,1.0,0.9700348766331774,0.9548926934802819,0.1514240848805499
h1_global_raw_global_strong,SSBP1,True,0.28210335123676533,0.3705082124069771,0.76139567704614,55.28626936779474,149.2173925339789,59,0.13559322033898305,0.13559322033898305,1.0,0.9558530650712014,0.82251241364016,0.17207512110350945
h1_global_raw_global_strong,PHF14,True,0.38235314647259705,0.4206213659686857,0.909019791688524,67.17955282691717,159.71502701058353,24,0.0,0.0,,0.999735178284455,1.0007546669031073,0.09160804590271801
h1_global_raw_global_strong,DNMT1,True,0.24374166079660917,0.573218326294648,0.42521609937383636,64.54260547087391,112.59689809306178,1279,0.0797498045347928,0.11727912431587177,0.68,0.8455408310116174,0.9673821975382396,0.12297634146541087
h1_global_raw_global_strong,TMSB10,True,0.28501862116213356,0.40238810728302665,0.708317706223014,61.999796610604164,154.07959501893413,263,0.07604562737642585,0.07984790874524715,0.9523809523809523,0.9087208619160213,0.9224292168714089,0.09356317891865669
h1_global_raw_global_strong,CLDN6,True,0.3312731919455957,0.3577800940252925,0.9259128651304368,58.32401971842512,163.0163910524939,4,0.0,0.0,,0.9998983088888431,,0.11376130541914253
h1_global_raw_global_strong,DLG5,True,0.30267089307827266,0.39612674226685946,0.7640758898180416,59.28856336235032,149.67069131224994,85,0.03529411764705882,0.058823529411764705,0.6,0.9771831232532053,0.9378717568604108,0.11791706585925155
h1_global_raw_global_strong,NDUFB6,True,0.44043286157033734,0.3607231261851975,1.2209720686003824,59.73990058403826,165.61150712961893,12,0.0,0.0,,0.9986148046824841,0.9145263063375932,0.09884146793695013
h1_global_raw_global_strong,STAT6,True,0.06497557229081086,1.7245009412234622,0.03767789900115297,263.43239267817523,152.75862504968006,73,0.0,0.0,,0.9998790301399733,0.9546974278309172,0.09974767498736455
h1_global_raw_global_strong,ZNF714,True,0.3181909784725208,0.45075424496182187,0.7059078911158587,67.90607560158472,150.64988596465963,8,0.125,0.125,1.0,0.9859263590193351,,0.09176994615855945
h1_global_raw_global_strong,SAFB,True,0.3144818219337617,0.39526423138761974,0.7956242861382569,62.80021176344536,158.88159559234117,165,0.024242424242424242,0.024242424242424242,1.0,0.9848836907248409,0.9419887178972689,0.0933952611360126
h1_global_raw_global_strong,SOX2,True,0.03484669812385815,3.9279588647800296,0.008871451897399036,649.1668928597384,165.26825132525732,1156,0.03373702422145329,0.06401384083044982,0.527027027027027,0.9330769448189187,2.1213207207895133,0.2075647172067872
h1_global_raw_global_strong,SLC25A3,True,0.29802110575251867,0.32068885963485194,0.929315430825556,53.297621780589076,166.19729740931973,21,0.0,0.0,,0.9995138190979274,0.9833092038635914,0.10939817900351255
h1_global_raw_global_strong,ZNF593,True,0.2713077035743589,0.32765342511864914,0.8280325574991733,52.01511442517168,158.75040648922283,21,0.0,0.0,,0.9995531825316456,0.9877933465763842,0.1225546541238086
h1_global_raw_global_strong,RAF1,True,0.2943645867258432,0.35308896606194734,0.8336839012811257,58.129385039225376,164.63098716323785,38,0.0,0.0,,0.9960560064086781,0.9506530706230706,0.1136948310357339
h1_global_raw_global_strong,METTL17,True,0.3104843279406057,0.3566476133117523,0.8705633133431502,55.817436072773006,156.5058449556536,81,0.024691358024691357,0.024691358024691357,1.0,0.9903660908663704,0.9284080512316459,0.10339966813038183
h1_global_raw_global_strong,IKBKG,True,0.2863748856928801,0.402357149184617,0.711743003133468,61.762463723350415,153.50159391603455,12,0.0,0.0,,0.9998041976358635,1.0042396032059697,0.10308215380498462
h1_global_raw_global_strong,SMAGP,True,0.40597268662539415,0.4261065898029621,0.9527491391605135,64.7623465411956,151.98625905115114,79,0.0379746835443038,0.0379746835443038,1.0,0.976083117121121,0.9433901943951596,0.10930410558990353
h1_global_raw_global_strong,MAP1B,True,0.34688519573440985,0.3822419639863759,0.9075016047865789,62.13050366137235,162.5423410172381,3,0.3333333333333333,0.3333333333333333,1.0,0.9959023001947971,,0.0974377543688981
h1_global_raw_global_strong,TAZ,True,0.30376337677681753,0.42726761284543185,0.7109440726243551,67.40343519310633,157.75460897732535,22,0.0,0.0,,0.9951378258150135,0.8673397319617823,0.13439475621555833
h1_global_raw_global_strong,OXCT1,True,0.4015988029155556,0.3541284178614943,1.1340485051742666,55.456953356503135,156.60125129577514,129,0.11627906976744186,0.11627906976744186,1.0,0.8540139069119044,0.8635149694645076,0.11239613381243542
h1_global_raw_global_strong,WSB2,True,0.289482007704383,0.3088013536004603,0.9374376256100434,46.52487251834601,150.66278685598564,106,0.02830188679245283,0.02830188679245283,1.0,0.9872920959526229,0.9604903152197694,0.11617878048620268
h1_global_raw_global_strong,C1QBP,True,0.25047995418218344,0.3175834166188221,0.788706025172658,50.22637104954522,158.15174351445802,66,0.0,0.015151515151515152,0.0,0.992318987971043,0.9610745207676158,0.12342659759435884
h1_global_raw_global_strong,CALM3,True,0.2705396090735234,0.44529237118449044,0.6075550056109884,67.7500552279327,152.14735219405537,1,0.0,0.0,,0.9988196518599987,,0.10330061125148553
h1_global_raw_global_strong,SIX4,True,0.3175639803500436,0.29467194358206655,1.0776865163669769,49.93588545606202,169.46263987346595,25,0.04,0.04,1.0,0.9945433822501737,0.9395984512033957,0.11262360329563074
h1_global_raw_global_strong,RRM1,True,0.3385215437217483,0.39255779266617014,0.8623482963427652,62.69533584414141,159.709823662722,5,0.0,0.0,,0.9988415105832866,,0.0960054757008246
h1_global_raw_global_strong,MBTPS1,True,0.3604269223976299,0.3200821947942155,1.1260448980279973,56.73544739449249,177.25274419268575,384,0.08072916666666667,0.08333333333333333,0.96875,0.9329032201149776,0.9264153326856644,0.101236633724929
h1_global_raw_global_strong,RAB3B,False,0.3941068795369781,0.3871518904027511,1.0179644974146758,62.44378062526662,161.29013488816196,0,,,,,,0.09039890995967811
h1_global_raw_global_strong,XRCC4,True,0.24563055553676086,0.3663537734884241,0.6704736604672156,56.84298100939691,155.158715763011,14,0.07142857142857142,0.07142857142857142,1.0,0.9855429833217608,0.8283838441150465,0.11843094678687038
h1_global_raw_global_strong,TRAPPC6A,True,0.501247731724217,0.4306559413628532,1.1639169080959828,67.55522218799649,156.86587760570848,230,0.05217391304347826,0.05217391304347826,1.0,0.9606977750129922,0.9556772490471585,0.08607947019868595
h1_global_raw_global_strong,SIN3B,True,0.2776054266007008,0.42596759887815727,0.6517054990375133,61.19094454306667,143.65164088588244,1161,0.07838070628768304,0.10335917312661498,0.7583333333333333,0.8988594483283849,0.942827547119347,0.09949775435970017
h1_global_raw_global_strong,SV2A,False,0.2838809389313293,0.4061067625748043,0.6990303168838239,62.1862208699579,153.12776491502842,18,0.05555555555555555,0.05555555555555555,1.0,0.9905990180381045,0.9817673325729404,0.09529862877206775
h1_global_raw_global_strong,EWSR1,True,0.3612359745206741,0.42783913336966145,0.8443266320113805,63.34335989779999,148.05415156605153,178,0.02247191011235955,0.02247191011235955,1.0,0.985144864724799,0.9526226256726922,0.11801518175923996
h1_global_raw_global_strong,TXNDC9,True,0.11754559453638642,0.837455478013016,0.14036041034119248,125.31356439371612,149.63609133113636,24,0.0,0.0,,0.9999421073246192,0.9816260117405379,0.10230659719588305
h1_global_raw_global_strong,TMBIM6,True,0.24262119065740456,0.31372344301859395,0.7733600916875847,48.70816054852331,155.25827486738518,6,0.16666666666666666,0.16666666666666666,1.0,0.9943808513072384,,0.1065983888838679
h1_global_raw_global_strong,METTL3,True,0.3325351895731479,0.3967363733180835,0.8381767136499425,64.35855690436135,162.2199557003105,2926,0.24094326725905674,0.2874231032125769,0.8382877526753865,0.6955725733680197,0.9185715623794379,0.1100066737584018
h1_global_raw_global_strong,METTL14,True,0.303932929479116,0.2963179857933756,1.0256985537524894,46.162142534378134,155.7858272112017,3008,0.25066489361702127,0.3011968085106383,0.8322295805739515,0.6682037675116876,0.9280798619310434,0.12551451421468396
h1_global_raw_global_strong,MED24,True,0.18504559900831438,0.6796297286752767,0.2722741386975556,110.42067445855653,162.47181340019768,647,0.03709428129829984,0.04791344667697063,0.7741935483870968,0.9905017099331032,0.9760408612671265,0.16747952963116147
h1_global_raw_global_strong,ATM,True,0.2544577877498582,0.48421422151523574,0.5255066382676489,67.40196839330835,139.1986550547598,76,0.0,0.0,,0.9959699312106921,0.9886344899251291,0.0933038642702461
h1_global_raw_global_strong,PHF10,True,0.27976995365167817,0.32125237254428446,0.8708728014549124,54.693967254801805,170.25233719406157,120,0.075,0.075,1.0,0.9543448961807934,0.8928570851261438,0.1329974879059429
h1_global_raw_global_strong,DZIP3,False,0.3400619357767609,0.3906146322624837,0.870581662051634,59.03906044011332,151.1440063014344,1,0.0,0.0,,0.9999440941979172,,0.10090154082063692
h1_global_raw_global_strong,ZNF562,True,0.31724209912401746,0.31516412609378125,1.006593304434712,51.511830176748845,163.44445928919214,10,0.0,0.0,,0.9997494034915518,0.956327379969812,0.1177984148620738
h1_global_raw_global_strong,MED1,True,0.4206597329402331,0.32057405334494915,1.3122076741737676,57.578513217998946,179.61064726608552,302,0.0,0.0,,0.9907787704422896,0.9701899889496671,0.1275079834827582
h1_global_raw_ridge,TMSB4X,True,0.33643538358092145,0.3883352052536235,0.8663530347736408,60.874752064517004,156.75826255505066,0,,,,,,0.10305476778497034
h1_global_raw_ridge,PRCP,True,0.2735554432777396,0.3515312361801599,0.7781824632435861,51.07903746555427,145.30440600554837,6,0.16666666666666666,0.16666666666666666,1.0,0.9824537909799591,,0.12216283600336879
h1_global_raw_ridge,TADA1,True,0.32665770529192156,0.39533650802335546,0.826277610750342,59.9315726079182,151.59635245318046,533,0.024390243902439025,0.04878048780487805,0.5,0.9547412351781807,0.9688912221592958,0.15406697295998814
h1_global_raw_ridge,HIRA,True,0.4730922308321178,0.4349038654286445,1.0878087514026453,65.47441912995059,150.54917726568954,32,0.0,0.0,,0.9976858667871771,0.9656468679374648,0.10175677199521994
h1_global_raw_ridge,IGF2R,True,0.3518023357553844,0.41637224356762126,0.8449226411948606,63.19374436543069,151.77223107852927,6,0.0,0.0,,0.9980023100043002,,0.12328476847784127
h1_global_raw_ridge,NCK2,True,0.24301594611729282,0.2623361435717951,0.9263532764054117,44.37074923418946,169.13700350270742,2,0.0,0.0,,0.9956538565730879,,0.1131347058097182
h1_global_raw_ridge,MED13,True,0.3609048051928432,0.3048791966961616,1.1837633039702473,50.19436162733673,164.6368862528844,113,0.0,0.008849557522123894,0.0,0.994948672169183,0.9733758861260294,0.135727276321589
h1_global_raw_ridge,MED12,True,0.3640862630520519,0.44624116297198413,0.8158957381412837,77.1506524154076,172.89003977486334,68,0.0,0.0,,0.9959087506738509,0.9923237464276252,0.2557007271188798
h1_global_raw_ridge,STAT1,True,0.41223947593302435,0.35369100285899147,1.1655356585289642,56.586795992620964,159.98935662827938,8,0.25,0.25,1.0,0.9805921048821943,,0.09839574082868138
h1_global_raw_ridge,USP22,True,0.43988369017448015,0.36724874984326994,1.1977813140608604,55.03544862222202,149.85877731567336,21,0.0,0.0,,0.9997405663138144,0.9793715868410636,0.13075902095368608
h1_global_raw_ridge,MED13L,True,0.46526591929825273,0.34457497156188976,1.3502603430228695,58.981297343000016,171.1711592854511,16,0.0,0.0,,0.9998468786215071,0.977704288868437,0.12259679140509085
h1_global_raw_ridge,TET1,True,0.361904087495186,0.38151001882731683,0.948609655409849,62.67660674739698,164.28561152876654,46,0.0,0.0,,0.9981302673012671,0.9724134956536524,0.1358697412773187
h1_global_raw_ridge,KIF1B,True,0.3058979572230128,0.32229792499426835,0.949115503081358,52.67465794510899,163.4346790971296,2,0.0,0.0,,0.9999802094385237,,0.1191518983027235
h1_global_raw_ridge,SRC,False,0.4472550448329398,0.36451327673899137,1.2269924674189452,58.732099718764424,161.1247201863085,6,0.16666666666666666,0.16666666666666666,1.0,0.9919601878071034,,0.09904364377925089
h1_global_raw_ridge,PBX1,True,0.3224505678432595,0.35023760871067,0.9206623155928257,54.610366131200664,155.92376367643055,5,0.0,0.0,,0.999993201437802,,0.11842388365262863
h1_global_raw_ridge,CAST,True,0.3388763396480123,0.34211549793524254,0.9905319744157179,56.92890100406317,166.4025785082644,38,0.07894736842105263,0.10526315789473684,0.75,0.9757852827465894,0.9322139075784939,0.13645815084894028
h1_global_raw_ridge,IDE,True,0.40735474637302826,0.43184545919698814,0.9432882474450465,67.59951066238828,156.53634702582917,0,,,,,,0.11369627897380138
h1_global_raw_ridge,MAPKAPK2,True,0.1656608075811929,0.330864593637414,0.5006906473732161,51.82623683474972,156.63881186254932,5,0.0,0.0,,0.9993743641204014,,0.1147280765842937
h1_global_raw_ridge,PTPN1,True,0.1348871175805425,0.3704175432472456,0.3641488370071833,54.49661572298093,147.12212398267982,2,0.0,0.0,,0.99977523444783,,0.1637043488312905
h1_global_raw_ridge,KDM2B,True,0.32418939803188934,0.287009537592725,1.1295422471009433,50.828975175289415,177.0985577748194,44,0.0,0.0,,0.9958198041941717,0.960592939863622,0.12355853615530872
h1_global_raw_ridge,ATP1B1,False,0.3218513944972123,0.37270369242927487,0.8635583736758593,57.22739431858485,153.54662559304924,2,0.0,0.0,,0.9999903323064282,,0.09985867840202862
h1_global_raw_ridge,KAT2A,True,0.1724882698443922,0.4029697498327252,0.4280427250829448,61.65281114144378,152.99612729500458,738,0.03387533875338753,0.056910569105691054,0.5952380952380952,0.94745371911284,1.0011251513391581,0.14960016555656844
h1_global_raw_ridge,NISCH,True,0.3011462049868775,0.35851161140983157,0.8399901018620649,55.13693119220734,153.7939900339175,6,0.16666666666666666,0.16666666666666666,1.0,0.9829726142615437,,0.11671495255052347
h1_global_raw_ridge,KDR,False,0.41758513401568925,0.3305500613554575,1.2633037558769002,54.25761478741688,164.14341163612997,7,0.14285714285714285,0.14285714285714285,1.0,0.9887857414919973,,0.10137478528013394
h1_global_raw_ridge,WFS1,False,0.3445709169418151,0.39823069327611244,0.8652545440612421,61.31984878083001,153.98071975912217,4,0.0,0.0,,0.9995233805797276,,0.09747047557063344
h1_global_raw_ridge,TARBP2,True,0.34392856414704986,0.453936116273255,0.7576585158516357,69.28900989141121,152.64044302150538,4,0.0,0.0,,0.9991162510061564,,0.1154265969098882
h1_global_raw_ridge,MAP3K7,True,0.3105472501311435,0.3907256826767066,0.7947961035059368,60.4475409866474,154.7058298613628,1,0.0,0.0,,0.9999971545282859,,0.12376902846932986
h1_global_raw_ridge,HMGN1,True,0.34639714370711766,0.347422263873718,0.9970493538463241,58.287897238640284,167.77248696942155,3,0.0,0.0,,0.9999944012402874,,0.11010823254887558
h1_global_raw_ridge,TSC22D4,True,0.40825606554672283,0.36343720949865016,1.1233193929424532,57.94179325954549,159.42724560172118,3,0.3333333333333333,0.3333333333333333,1.0,0.9787352952617937,,0.09624081917508975
h1_global_raw_ridge,FOXH1,True,0.4185519372265261,0.33698316743866763,1.2420559175339354,54.88472509381984,162.8708208513385,32,0.0,0.0,,0.9975488219311712,1.0047960368234397,0.10421217672642898
h1_global_raw_ridge,PAGR1,True,0.35762997393381474,0.35853124815532017,0.997486204546626,56.849182629819445,158.56130510886928,18,0.0,0.0,,0.9993708056594504,0.9794565609219427,0.1065305396072168
h1_global_raw_ridge,KLF10,True,0.26774245396174084,0.30938383734564456,0.8654054337771308,48.05932311917286,155.33882936968305,15,0.0,0.0,,0.9996235174194121,0.9702201804023476,0.11684497364470127
h1_global_raw_ridge,POLB,True,0.33632886359607816,0.4287446263377856,0.7844503299525956,65.99810921826865,153.9333793685199,3,0.0,0.0,,0.9954027082265677,,0.11733245102978972
h1_global_raw_ridge,RNF2,True,0.43164087518085237,0.47362122090189474,0.9113630389257029,70.41259435970262,148.66857997962848,377,0.021220159151193633,0.029177718832891247,0.7272727272727273,0.9776548958446448,0.9879925555149355,0.09572698744511958
h1_global_raw_ridge,SMARCA5,True,0.2880495068028892,0.4191958369171908,0.6871478231301981,64.59739040212749,154.09835860294635,953,0.04302203567681007,0.06505771248688352,0.6612903225806451,0.9269713636274081,0.9820066963814928,0.09719739570723329
h1_global_raw_ridge,ACAT2,True,0.26855870931420783,0.3543447175721197,0.7579023927725073,50.43348960590814,142.32888795821663,313,0.03194888178913738,0.04472843450479233,0.7142857142857143,0.9603573611241161,0.9433016039979788,0.11494385147079747
h1_global_raw_ridge,TRAM2,True,0.40776285732073175,0.4157924800973939,0.9806883886529614,63.32983885015299,152.31116934899546,1,0.0,0.0,,0.9999999094631722,,0.09316981139363185
h1_global_raw_ridge,CAMSAP2,False,0.38588009387982586,0.31793816887461296,1.213695402617757,57.22890420559281,180.000106335652,2,0.0,0.0,,0.9999901778581249,,0.1000977354570606
h1_global_raw_ridge,CDCA2,True,0.3250050593333242,0.41934282464787925,0.7750342684561965,63.24164971267518,150.8113314345583,8,0.125,0.125,1.0,0.9883258452468869,,0.10511512991872585
h1_global_raw_ridge,CREG1,True,0.3662814528902891,0.38090780523148143,0.9616013320275658,60.6403045298642,159.19942751767056,4,0.0,0.0,,0.9996988877247408,,0.12349395169796135
h1_global_raw_ridge,CASP2,True,0.34649955659028125,0.404151067697266,0.8573515803497289,61.90649607770744,153.17662385610524,2,0.0,0.0,,0.9999991057274112,,0.1044028160925535
h1_global_raw_ridge,UBE3C,True,0.3015210970610148,0.384541275257814,0.7841059372855652,62.43056162622377,162.35074267220722,37,0.13513513513513514,0.13513513513513514,1.0,0.9490466558636471,0.7827837393556168,0.1315793069471717
h1_global_raw_ridge,EIF4B,True,0.37692080229171865,0.35543453231081445,1.0604507104056935,55.680405673316585,156.6544626694463,124,0.008064516129032258,0.008064516129032258,1.0,0.9905851057998133,0.9675406824189889,0.11245341170932129
h1_global_raw_ridge,STAG2,True,0.38791564429513065,0.3413431515202514,1.1364389253672083,57.70334196387114,169.04789712896198,453,0.019867549668874173,0.03090507726269316,0.6428571428571429,0.9752273838921702,0.9752323879126984,0.1449183330595747
h1_global_raw_ridge,HMGB2,True,0.34712240634946834,0.37737840220980284,0.9198258414282179,59.77799781209692,158.4033359144476,26,0.07692307692307693,0.07692307692307693,1.0,0.9829905785353568,0.8505089893826713,0.1244419078584891
h1_global_raw_ridge,TGFBR2,False,0.45585315477499166,0.31683302991032797,1.438780404000208,52.02621647962456,164.20704777639295,260,0.05,0.06153846153846154,0.8125,0.9518676590379632,0.9950194179172934,0.10381040359958961
h1_global_raw_ridge,ANTXR1,False,0.5293913446412106,0.4001958164875848,1.3228307814098148,66.1621531641978,165.32444977782606,2,0.0,0.0,,0.999990447257079,,0.08994395579672493
h1_global_raw_ridge,MTA1,True,0.29702166965194216,0.37069895430420013,0.8012476598685049,55.338304064480745,149.28098237652284,28,0.17857142857142858,0.17857142857142858,1.0,0.934531358249587,0.7532515617952522,0.10784275555430628
h1_global_raw_ridge,DHCR24,True,0.25272059973094446,0.3631037072022153,0.6960011553674453,51.526356113240546,141.90534299487368,32,0.0,0.0,,0.9970989654948512,0.9311867003277553,0.13629345505124182
h1_global_raw_ridge,NDUFB4,True,0.39632601785769844,0.3379226536948314,1.1728305679547886,59.91811305878997,177.313099325091,17,0.058823529411764705,0.058823529411764705,1.0,0.9941102726148664,0.8344389184327906,0.10788347485123637
h1_global_raw_ridge,ACVR1B,True,0.4810812951513791,0.3818714477775025,1.259799070999624,64.16018711065063,168.01514615471743,25,0.04,0.04,1.0,0.9926954397095968,0.9354903717653184,0.1183032072041061
h1_global_raw_ridge,DHX36,True,0.35878722014817765,0.3942945341472369,0.9099472325279554,59.9719731359993,152.09942807273268,1387,0.1665465032444124,0.1788031723143475,0.9314516129032258,0.8140410027239191,0.8999903452450211,0.1428916222294682
h1_global_raw_ridge,LZTR1,True,0.26828321299821345,0.33010416549172056,0.8127228949037372,51.198218097874054,155.09715856390238,191,0.03664921465968586,0.04712041884816754,0.7777777777777778,0.9474472529966596,0.9385614628105957,0.13255369199632658
h1_global_raw_ridge,INSIG1,True,0.37159426979538374,0.40443002045610377,0.9188098088670844,60.39305479878725,149.32881275894854,219,0.0365296803652968,0.0365296803652968,1.0,0.9736087103658777,0.9583729064441485,0.0974611012807252
h1_global_raw_ridge,LAD1,False,0.3926911491806075,0.3477402562505711,1.1292657152056795,52.539950109574605,151.0896399400934,2,0.0,0.0,,0.9999933462495324,,0.10532778786416971
h1_global_raw_ridge,TCF3,True,0.42891032314886474,0.46564161383125885,0.9211168211960862,66.1713696628156,142.10793815948557,6,0.0,0.0,,0.9999932813987197,,0.111018887637496
h1_global_raw_ridge,DAXX,True,0.35947242828055664,0.3211096787256035,1.1194693031589844,51.433039015340256,160.1728083048257,28,0.03571428571428571,0.03571428571428571,1.0,0.9978152461102704,0.9675306153329877,0.13666452675623947
h1_global_raw_ridge,CLDN7,True,0.27135749581454444,0.3545959017470638,0.7652584095800012,56.207477269792534,158.51135614614574,7,0.0,0.0,,0.9999194446624121,,0.13574600841995954
h1_global_raw_ridge,NIT1,True,0.3616283906332745,0.32464843579316727,1.1139076944872979,52.618849452446966,162.07947937248127,143,0.006993006993006993,0.006993006993006993,1.0,0.9922910202169972,0.9844346475405985,0.11042236901224228
h1_global_raw_ridge,PRR12,True,0.26162300795270393,0.3480245862016129,0.7517371425050529,56.78211567114292,163.1554721201469,105,0.01904761904761905,0.02857142857142857,0.6666666666666666,0.9858741994488501,0.9620232604759722,0.11303575257198627
h1_global_raw_ridge,ARID1A,True,0.4309247698499638,0.4282399681779374,1.0062693860254324,67.5684930549769,157.78184680534443,220,0.01818181818181818,0.04090909090909091,0.4444444444444444,0.9679440647357208,0.9952872838470045,0.090199035017823
h1_global_raw_ridge,STX4,True,0.2994299329895104,0.35515562382669796,0.8430950065304906,56.77309739126699,159.85414162826277,19,0.0,0.0,,0.9990786658424167,0.961989068037941,0.10990508090265785
h1_global_raw_ridge,CENPO,True,0.2957188229363552,0.4346790427345289,0.6803153450325401,66.00149649777472,151.83961039981344,5,0.2,0.2,1.0,0.9932693877272839,,0.09782182633758892
h1_global_raw_ridge,NRAS,True,0.28115919667723765,0.4113732217993071,0.6834649942635407,60.28884754538272,146.55510944948014,5,0.2,0.2,1.0,0.9936205764249886,,0.10468556244668481
h1_global_raw_ridge,CHMP3,True,0.2741955834974551,0.5545708118005005,0.49442844387579,78.45107638016557,141.46268557745032,98,0.02040816326530612,0.04081632653061224,0.5,0.9917781378913839,1.065315356060253,0.17289617886199082
h1_global_raw_ridge,EID2,True,0.35531214592714205,0.38489378533786983,0.9231433695798432,56.43600363856712,146.6274743538042,4,0.0,0.0,,0.9993698818742331,,0.10027275723960064
h1_global_raw_ridge,UQCRQ,True,0.3615846152489047,0.31038931130464276,1.1649390042752292,51.152364444947295,164.80066349559945,48,0.0,0.0,,0.9960438681611057,0.9957230683288798,0.11476399979115
h1_global_raw_ridge,ZNF426,True,0.4392101493637543,0.437034245688205,1.0049787944469268,69.96737095875449,160.0958543845362,3,0.0,0.0,,0.9999994362749186,,0.09074000956715117
h1_global_raw_ridge,BIRC2,True,0.399660890181594,0.36353634097699455,1.099369843211591,59.15337588171525,162.71654086285315,75,0.02666666666666667,0.02666666666666667,1.0,0.9683697086498866,0.9179646150423386,0.10529094081844506
h1_global_raw_ridge,PLCB3,True,0.2859906802672834,0.35904281928258486,0.7965364154579966,57.834552958113576,161.07982071240048,2,0.0,0.0,,0.999555629769086,,0.11225715385365823
h1_global_raw_ridge,TFAM,True,0.4433409177925499,0.3513318037443621,1.26188666402412,60.28187269176265,171.5810298108544,98,0.09183673469387756,0.09183673469387756,1.0,0.9383100142809491,0.8826878136314553,0.17796448146618707
h1_global_raw_ridge,PMS1,True,0.4927122309557489,0.38423612246489375,1.2823162689519547,62.432165312952016,162.4838521491592,1,0.0,0.0,,0.9980652476418053,,0.0929398389489247
h1_global_raw_ridge,ZNF286A,True,0.38514407444532367,0.38393758286756124,1.0031424159332132,61.97478617646596,161.4189101092614,2,0.0,0.0,,0.9999974150329103,,0.1165501085718411
h1_global_raw_ridge,GSK3B,True,0.44032418909611204,0.44483951621437134,0.9898495368471641,67.25084592701799,151.18001768217312,217,0.03225806451612903,0.04608294930875576,0.7,0.974027130831575,0.9504436789022077,0.14436015422932763
h1_global_raw_ridge,LRPPRC,True,0.4825060919878343,0.42026794383919336,1.148091590284257,72.76540637047786,173.14051056513605,98,0.08163265306122448,0.08163265306122448,1.0,0.9567430643831732,0.8219158619670003,0.13799228189683474
h1_global_raw_ridge,CASP3,True,0.31831650381296256,0.36667318672365123,0.8681204825943997,56.08398880410391,152.953613284989,417,0.04316546762589928,0.05755395683453238,0.75,0.931210083831046,0.9595801091124271,0.11063258455987757
h1_global_raw_ridge,MAST2,True,0.4530926833906716,0.4256631507489493,1.0644395282830108,66.89135926026654,157.14622969494067,0,,,,,,0.10311157023534957
h1_global_raw_ridge,HAT1,True,0.13041611441332113,0.8965929391552653,0.14545744084957224,142.8819116756275,159.36096018137866,29,0.0,0.0,,0.9999106827006,1.0613532825380394,0.11567837792916225
h1_global_raw_ridge,MAU2,True,0.18969474254425886,0.3556346336234813,0.5333978319588895,52.5666607773231,147.81085925668492,902,0.057649667405764965,0.07427937915742794,0.7761194029850746,0.9343837553334725,0.9581152526543019,0.14534544356689824
h1_global_raw_ridge,SMARCA4,True,0.38117366736435615,0.4054874337524635,0.9400381753804236,61.64876077439223,152.0361807612187,2229,0.10722296994167788,0.16285329744279947,0.6584022038567493,0.8313358163336455,0.980997635258642,0.09819162955899371
h1_global_raw_ridge,TWF2,True,0.30855252035511943,0.32178178302997273,0.958887471657707,53.36847554445245,165.85300461052321,4,0.0,0.0,,0.999999976668844,,0.09992162014936577
h1_global_raw_ridge,IRF3,True,0.38603307903191375,0.39620280177208345,0.9743320271974759,62.71102483169827,158.28011450502797,4,0.25,0.25,1.0,0.9894298849459686,,0.10614800121117726
h1_global_raw_ridge,MKI67,True,0.19674364503806624,0.3258229088132497,0.6038361321942308,50.05987058078149,153.6413469608856,5,0.0,0.0,,0.9999545782019814,,0.10385739361128107
h1_global_raw_ridge,AKT2,True,0.3436233778335058,0.40236872690944525,0.8540012054933874,67.51661658584744,167.79787312109457,50,0.02,0.02,1.0,0.9700362536862487,0.95482503890071,0.15127941472112283
h1_global_raw_ridge,SSBP1,True,0.2827673064627911,0.3695790527262527,0.7651064214189566,55.147622582989335,149.2173925339789,59,0.13559322033898305,0.13559322033898305,1.0,0.9559077222625985,0.8214221790220426,0.17016897562492278
h1_global_raw_ridge,PHF14,True,0.382346825913037,0.42062834502039126,0.9089896827911145,67.18066748634884,159.71502701058353,24,0.0,0.0,,0.9997352018965153,1.000757362684041,0.09161327340617688
h1_global_raw_ridge,DNMT1,True,0.2437333785091642,0.5733329674411591,0.4251166291674628,64.5555137083649,112.59689809306178,1279,0.0797498045347928,0.11727912431587177,0.68,0.8455376041299657,0.967297759857241,0.12312521452161394
h1_global_raw_ridge,TMSB10,True,0.28500679939073026,0.40242707318547916,0.7082197455919429,62.00580046107359,154.07959501893413,263,0.07604562737642585,0.07984790874524715,0.9523809523809523,0.9087022216300371,0.9222010632745747,0.09359081827461162
h1_global_raw_ridge,CLDN6,True,0.33062226854772675,0.3585124676428835,0.9222057763331722,58.44340862246687,163.0163910524939,4,0.0,0.0,,0.999898086510889,,0.1142055068356386
h1_global_raw_ridge,DLG5,True,0.30267033311811814,0.3961279285164682,0.7640721881227702,59.288740909149325,149.67069131224994,85,0.03529411764705882,0.058823529411764705,0.6,0.9771830302869582,0.9378684097348525,0.11791925145054284
h1_global_raw_ridge,NDUFB6,True,0.4404095874368509,0.36074213296390994,1.2208432206639728,59.74304832530651,165.61150712961893,12,0.0,0.0,,0.9986145206844795,0.914399521196225,0.0988414360913312
h1_global_raw_ridge,STAT6,True,0.0675238508885232,1.6592544368247932,0.040695296266761334,253.46542637693665,152.75862504968006,73,0.0,0.0,,0.9998794604561432,0.955907768204795,0.09938454827664224
h1_global_raw_ridge,ZNF714,True,0.3187943495746527,0.4499362058736603,0.708532332835132,67.78283810623854,150.64988596465963,8,0.125,0.125,1.0,0.9859333431580944,,0.0915097269228302
h1_global_raw_ridge,SAFB,True,0.3144805496102403,0.39526570514706005,0.7956181007235036,62.80044591669676,158.88159559234117,165,0.024242424242424242,0.024242424242424242,1.0,0.9848836838359939,0.9419864764334898,0.09339591221758559
h1_global_raw_ridge,SOX2,True,0.03492199831899998,3.9171271357039323,0.008915206759742885,647.3767519365028,165.26825132525732,1156,0.03373702422145329,0.06401384083044982,0.527027027027027,0.9330768900966866,2.118081790962135,0.20762234036926536
h1_global_raw_ridge,SLC25A3,True,0.29824390603816364,0.3204559191866081,0.9306862135521675,53.25890770763363,166.19729740931973,21,0.0,0.0,,0.9995122604804219,0.9833590408129724,0.10929405594592281
h1_global_raw_ridge,ZNF593,True,0.27135277602733165,0.3276048127369106,0.8282930087637227,52.007397189810284,158.75040648922283,21,0.0,0.0,,0.9995529855412484,0.9878038276697149,0.12249688753306229
h1_global_raw_ridge,RAF1,True,0.2944392160995076,0.35300682441577635,0.8340893029102263,58.11586197892903,164.63098716323785,38,0.0,0.0,,0.9960545154031142,0.9505479629909962,0.11363246976388458
h1_global_raw_ridge,METTL17,True,0.31032408373486353,0.35682561833995624,0.8696799438856724,55.84529490011842,156.5058449556536,81,0.024691358024691357,0.024691358024691357,1.0,0.9903724360885562,0.9282761691693818,0.10334988108647639
h1_global_raw_ridge,IKBKG,True,0.28638989053051656,0.4023390100897581,0.7118123854473511,61.75967934337737,153.50159391603455,12,0.0,0.0,,0.9998040494095825,1.00423258238333,0.10306584203544689
h1_global_raw_ridge,SMAGP,True,0.40597030788487726,0.4261105659873812,0.9527346662811915,64.76295086659074,151.98625905115114,79,0.0379746835443038,0.0379746835443038,1.0,0.9760826248818714,0.9433783063383279,0.10931159010363588
h1_global_raw_ridge,MAP1B,True,0.34687678987904874,0.3822508718437761,0.9074584662316099,62.131951565367636,162.5423410172381,3,0.3333333333333333,0.3333333333333333,1.0,0.9959025677578804,,0.0974475475179793
h1_global_raw_ridge,TAZ,True,0.30393081433426816,0.4270163927495498,0.7117544419718032,67.36380406511321,157.75460897732535,22,0.0,0.0,,0.9951356388221617,0.8672683973107583,0.13407520549790314
h1_global_raw_ridge,OXCT1,True,0.40158350938068516,0.3541455291562921,1.1339505268848324,55.45963300667976,156.60125129577514,129,0.11627906976744186,0.11627906976744186,1.0,0.854006312319477,0.8634200921979339,0.11241961733450372
h1_global_raw_ridge,WSB2,True,0.2894835210646984,0.308799828659649,0.9374471557228727,46.52464276651359,150.66278685598564,106,0.02830188679245283,0.02830188679245283,1.0,0.9872920601559454,0.9604922076648995,0.11617784741790864
h1_global_raw_ridge,C1QBP,True,0.2505746848136132,0.31746840031618934,0.7892901610492513,50.208181020751255,158.15174351445802,66,0.0,0.015151515151515152,0.0,0.9923152506394957,0.9610010597328198,0.12332535346405055
h1_global_raw_ridge,CALM3,True,0.2705678507718904,0.44524552619602875,0.6076823569312344,67.7429278869747,152.14735219405537,1,0.0,0.0,,0.9988196865501844,,0.10328785119292208
h1_global_raw_ridge,SIX4,True,0.31755656058944554,0.294677943193154,1.077639395566485,49.936902165995114,169.46263987346595,25,0.04,0.04,1.0,0.9945432260569602,0.9395962091724369,0.1126298069877591
h1_global_raw_ridge,RRM1,True,0.3387633191591425,0.39227709995795185,0.8635816854857306,62.65050646120846,159.709823662722,5,0.0,0.0,,0.9988409539082616,,0.09591640422475116
h1_global_raw_ridge,MBTPS1,True,0.3604328814932229,0.320076378500534,1.126083977773516,56.734416440476416,177.25274419268575,384,0.08072916666666667,0.08333333333333333,0.96875,0.9329018945384925,0.9264318453759479,0.10123203038064751
h1_global_raw_ridge,RAB3B,False,0.3941068795369781,0.3871518904027511,1.0179644974146758,62.44378062526662,161.29013488816196,0,,,,,,0.09039890995967811
h1_global_raw_ridge,XRCC4,True,0.24561416939609743,0.3663760910242448,0.6703880941287841,56.84644376959385,155.158715763011,14,0.07142857142857142,0.07142857142857142,1.0,0.9855423348735352,0.8282641238284693,0.11845521397638199
h1_global_raw_ridge,TRAPPC6A,True,0.5012554917662994,0.43064893207290456,1.1639538715527151,67.55412266957731,156.86587760570848,230,0.05217391304347826,0.05217391304347826,1.0,0.9606975425509934,0.9556822577439037,0.0860762145282808
h1_global_raw_ridge,SIN3B,True,0.27825291013191916,0.42472988898088154,0.6551291005197993,61.01314548538231,143.65164088588244,1161,0.07924203273040482,0.10422049956933678,0.7603305785123967,0.8987801685839834,0.9433733135519309,0.09978558297335474
h1_global_raw_ridge,SV2A,False,0.2838809389313293,0.4061067625748043,0.6990303168838239,62.1862208699579,153.12776491502842,18,0.05555555555555555,0.05555555555555555,1.0,0.9905990180381045,0.9817673325729404,0.09529862877206775
h1_global_raw_ridge,EWSR1,True,0.36135249011807685,0.4276882306796823,0.8448969697945985,63.32101812806609,148.05415156605153,178,0.02247191011235955,0.02247191011235955,1.0,0.9851441994196334,0.95263228797305,0.11787576529271633
h1_global_raw_ridge,TXNDC9,True,0.11767665176581163,0.8365399726947691,0.1406706859287747,125.17657175630077,149.63609133113636,24,0.0,0.0,,0.999942085777733,0.9816267291755526,0.1022598727900922
h1_global_raw_ridge,TMBIM6,True,0.24261880190500362,0.31372690362468064,0.7733439469228772,48.70869783625433,155.25827486738518,6,0.16666666666666666,0.16666666666666666,1.0,0.9943808544964212,,0.10659984225753308
h1_global_raw_ridge,METTL3,True,0.33246713154180724,0.3969796110848499,0.8374917055141811,64.39801492411084,162.2199557003105,2926,0.24094326725905674,0.2874231032125769,0.8382877526753865,0.6955796308506748,0.9179941767123865,0.11027711424201775
h1_global_raw_ridge,METTL14,True,0.3039312243469191,0.29632522991064003,1.0256677247447772,46.163271065178584,155.7858272112017,3008,0.25066489361702127,0.3011968085106383,0.8322295805739515,0.668204111295227,0.9280652075981424,0.12552125643040843
h1_global_raw_ridge,MED24,True,0.1860515813200719,0.6757620151981921,0.27532115912952787,109.79228003622221,162.47181340019768,647,0.03709428129829984,0.04791344667697063,0.7741935483870968,0.9905034342839969,0.9757503783276728,0.16660522597078573
h1_global_raw_ridge,ATM,True,0.25445840117139235,0.4842129898094344,0.5255092418556065,67.40179694151738,139.1986550547598,76,0.0,0.0,,0.9959699094060657,0.9886346317161672,0.09330295684198374
h1_global_raw_ridge,PHF10,True,0.2797767928156045,0.3212456625606294,0.8709122812290162,54.692824864402,170.25233719406157,120,0.075,0.075,1.0,0.9543450986868642,0.892872478165167,0.13299328491262527
h1_global_raw_ridge,DZIP3,False,0.3400619357767609,0.3906146322624837,0.870581662051634,59.03906044011332,151.1440063014344,1,0.0,0.0,,0.9999440941979172,,0.10090154082063692
h1_global_raw_ridge,ZNF562,True,0.31760597946128105,0.3148231387988452,1.0088393777949527,51.456097692703544,163.44445928919214,10,0.0,0.0,,0.9997493328559772,0.9565388334754032,0.11760264822717656
h1_global_raw_ridge,MED1,True,0.4206567583638367,0.3205763041777169,1.3121891820508311,57.57891749152924,179.61064726608552,302,0.0,0.0,,0.9907789914505121,0.9701870893742481,0.12751228160917372
h1_global_shrunk_unscaled,TMSB4X,True,0.33755044780125554,0.3882608976137355,0.8693907881938455,60.8631037279936,156.75826255505066,0,,,,,,0.10412230978870303
h1_global_shrunk_unscaled,PRCP,True,0.2731333724708028,0.3577537452397056,0.7634675418640141,51.983195448315705,145.30440600554837,6,0.16666666666666666,0.16666666666666666,1.0,0.9730521413395653,,0.11412793067107836
h1_global_shrunk_unscaled,TADA1,True,0.3277622263913402,0.39382913141649,0.8322447484077009,59.70305981254415,151.59635245318046,533,0.024390243902439025,0.05065666041275797,0.48148148148148145,0.9498490546171029,0.9733045843525403,0.1393356466749227
h1_global_shrunk_unscaled,HIRA,True,0.4713547862571527,0.4375554081474302,1.0772459384122937,65.87360670474861,150.54917726568954,32,0.0,0.0,,0.996521313012873,0.9552061212255779,0.09234908885477879
h1_global_shrunk_unscaled,IGF2R,True,0.35322930224106996,0.4162731625215241,0.8485517060514457,63.17870661400693,151.77223107852927,6,0.0,0.0,,0.9973567427467827,,0.10663583226069129
h1_global_shrunk_unscaled,NCK2,True,0.24036424817022,0.26784381518747047,0.8974045116628256,45.30230030754171,169.13700350270742,2,0.5,0.5,1.0,0.9903047866046004,,0.1146551960373511
h1_global_shrunk_unscaled,MED13,True,0.36266953265085544,0.30317932474437165,1.196221190071729,49.91450000216542,164.6368862528844,113,0.0,0.008849557522123894,0.0,0.9946544240346364,0.982022370533141,0.11869374021647672
h1_global_shrunk_unscaled,MED12,True,0.3626593834888137,0.44948524809549645,0.8068326714289944,77.7115224214447,172.89003977486334,68,0.0,0.0,,0.9958910181812896,0.9909576479266778,0.2532087211522779
h1_global_shrunk_unscaled,STAT1,True,0.4039476693449927,0.36405980531377435,1.1095640426353577,58.2456940263674,159.98935662827938,8,0.25,0.25,1.0,0.9781263530494262,,0.10925172472400173
h1_global_shrunk_unscaled,USP22,True,0.44260610627834834,0.36514348504678706,1.212142964077904,54.71995621389537,149.85877731567336,21,0.0,0.0,,0.9997164142662456,0.9764308774386073,0.11353663730999604
h1_global_shrunk_unscaled,MED13L,True,0.45380751609170683,0.35386198514536793,1.2824421247319937,60.5709662243837,171.1711592854511,16,0.0,0.0,,0.9998940351990036,0.9805287506922546,0.12095284820283131
h1_global_shrunk_unscaled,TET1,True,0.36294314980974646,0.38209822801262716,0.9498687070533923,62.77324105311253,164.28561152876654,46,0.0,0.0,,0.9978128456333428,0.9860973234409546,0.11959387784896504
h1_global_shrunk_unscaled,KIF1B,True,0.3023438737573771,0.32738586273629144,0.9235092536690087,53.50620341724271,163.4346790971296,2,0.0,0.0,,0.9999882655612188,,0.11278776949404726
h1_global_shrunk_unscaled,SRC,False,0.4472550448329398,0.36451327673899137,1.2269924674189452,58.732099718764424,161.1247201863085,6,0.16666666666666666,0.16666666666666666,1.0,0.9919601878071034,,0.09904364377925089
h1_global_shrunk_unscaled,PBX1,True,0.32431222087382877,0.349631247779542,0.9275836268453956,54.515820052672844,155.92376367643055,5,0.0,0.0,,0.999999961150497,,0.10302982080586251
h1_global_shrunk_unscaled,CAST,True,0.33049802551882823,0.3518090608660687,0.9394244272879787,58.54193487068477,166.4025785082644,38,0.07894736842105263,0.13157894736842105,0.6,0.9712146561082753,0.9682674468612548,0.1411703892611025
h1_global_shrunk_unscaled,IDE,True,0.4087114020571151,0.4312145897447764,0.9478144102197927,67.50075666288888,156.53634702582917,0,,,,,,0.09618033475449587
h1_global_shrunk_unscaled,MAPKAPK2,True,0.16169460892493157,0.3407166703134113,0.4745720506607303,53.36945441965668,156.63881186254932,5,0.0,0.0,,0.9993283332350231,,0.10649817951430073
h1_global_shrunk_unscaled,PTPN1,True,0.12782499973781278,0.3984390158934913,0.320814465047224,58.61919429581916,147.12212398267982,2,0.0,0.0,,0.9997965330788197,,0.18737659375786347
h1_global_shrunk_unscaled,KDM2B,True,0.3299829944377062,0.28536650409851466,1.1563480285821803,50.53799631308904,177.0985577748194,44,0.045454545454545456,0.045454545454545456,1.0,0.9947882581634029,0.9474590900039488,0.10509471748420009
h1_global_shrunk_unscaled,ATP1B1,False,0.3218513944972123,0.37270369242927487,0.8635583736758593,57.22739431858485,153.54662559304924,2,0.0,0.0,,0.9999903323064282,,0.09985867840202862
h1_global_shrunk_unscaled,KAT2A,True,0.1706811340415406,0.40274063416258166,0.42379913910707756,61.61775733120921,152.99612729500458,738,0.02981029810298103,0.058265582655826556,0.5116279069767442,0.9463618444748767,1.0014983763352776,0.134847844912725
h1_global_shrunk_unscaled,NISCH,True,0.30407856473881767,0.3570104376273536,0.8517357833000218,54.90605968646575,153.7939900339175,6,0.16666666666666666,0.16666666666666666,1.0,0.9739538293159667,,0.09805730111272296
h1_global_shrunk_unscaled,KDR,False,0.41758513401568925,0.3305500613554575,1.2633037558769002,54.25761478741688,164.14341163612997,7,0.14285714285714285,0.14285714285714285,1.0,0.9887857414919973,,0.10137478528013394
h1_global_shrunk_unscaled,WFS1,False,0.3445709169418151,0.39823069327611244,0.8652545440612421,61.31984878083001,153.98071975912217,4,0.0,0.0,,0.9995233805797276,,0.09747047557063344
h1_global_shrunk_unscaled,TARBP2,True,0.34308580377423004,0.4554164364039008,0.7533452382248964,69.51496661196664,152.64044302150538,4,0.0,0.0,,0.9990252243901988,,0.10002792888261677
h1_global_shrunk_unscaled,MAP3K7,True,0.3121857068937302,0.38950366583548424,0.8014961970231854,60.25848785712153,154.7058298613628,1,0.0,0.0,,0.9999994431010982,,0.10682583705247418
h1_global_shrunk_unscaled,HMGN1,True,0.34082288844127606,0.35483540566282795,0.9605098110337194,59.531618472856216,167.77248696942155,3,0.0,0.0,,0.999998954203395,,0.10317502150253516
h1_global_shrunk_unscaled,TSC22D4,True,0.40389649592194515,0.3691616787999903,1.0940910693516863,58.85442963278976,159.42724560172118,3,0.3333333333333333,0.3333333333333333,1.0,0.9720333698599416,,0.11451311441185273
h1_global_shrunk_unscaled,FOXH1,True,0.41501998194140827,0.3427307419169957,1.210921376997223,55.82083726700934,162.8708208513385,32,0.0,0.0,,0.9982619140428496,0.9969603039098569,0.10766198587960639
h1_global_shrunk_unscaled,PAGR1,True,0.3520195763123386,0.365377430063856,0.9634409444798414,57.934722168249614,158.56130510886928,18,0.0,0.0,,0.9992253993759763,0.9577164908020486,0.09647614441353768
h1_global_shrunk_unscaled,KLF10,True,0.2646494842893039,0.31251942834227453,0.8468257019831003,48.54640215397148,155.33882936968305,15,0.0,0.0,,0.9990647296399002,0.9797367803160443,0.10622767653763787
h1_global_shrunk_unscaled,POLB,True,0.3382423714472574,0.4285286541081534,0.7893109788683833,65.96486388311162,153.9333793685199,3,0.0,0.0,,0.9958702042795996,,0.1010344455069828
h1_global_shrunk_unscaled,RNF2,True,0.42285209320808803,0.4854675606066311,0.8710202854330782,72.17377286156207,148.66857997962848,377,0.01856763925729443,0.026525198938992044,0.7,0.9806239965074801,0.9871634883900423,0.08712001878429466
h1_global_shrunk_unscaled,SMARCA5,True,0.2888920695178353,0.42032577140882144,0.6873051551170537,64.77151145261662,154.09835860294635,953,0.04302203567681007,0.06400839454354669,0.6721311475409836,0.9283079396144658,0.9863309030258904,0.10984152244873707
h1_global_shrunk_unscaled,ACAT2,True,0.26103887533293985,0.3671197014792555,0.7110456733352136,52.25173885909489,142.32888795821663,313,0.054313099041533544,0.05750798722044728,0.9444444444444444,0.9594088127667393,0.9215599790614712,0.10579132686523697
h1_global_shrunk_unscaled,TRAM2,True,0.403622647643438,0.4223086687028499,0.9557526936001403,64.32232715634859,152.31116934899546,1,0.0,0.0,,0.9999993348061265,,0.10155967925574585
h1_global_shrunk_unscaled,CAMSAP2,False,0.38588009387982586,0.31793816887461296,1.213695402617757,57.22890420559281,180.000106335652,2,0.0,0.0,,0.9999901778581249,,0.1000977354570606
h1_global_shrunk_unscaled,CDCA2,True,0.32705466547843715,0.4198172612208873,0.7790405390367143,63.31320012393177,150.8113314345583,8,0.125,0.125,1.0,0.9866748859218035,,0.09984562649513576
h1_global_shrunk_unscaled,CREG1,True,0.36803784116905625,0.3803885119961883,0.9675314305305419,60.557633344091734,159.19942751767056,4,0.0,0.0,,0.9996603111413743,,0.10639533052887654
h1_global_shrunk_unscaled,CASP2,True,0.34042730689521855,0.4125364521670695,0.8252053972611175,63.19094096052736,153.17662385610524,2,0.0,0.0,,0.9999969156006147,,0.09537023058921137
h1_global_shrunk_unscaled,UBE3C,True,0.30058307985127425,0.38495417573627244,0.7808282096859244,62.4975963255512,162.35074267220722,37,0.10810810810810811,0.10810810810810811,1.0,0.954064955291176,0.7573541725844894,0.153580357942341
h1_global_shrunk_unscaled,EIF4B,True,0.3674175391360351,0.37105247910434747,0.99020370386128,58.127026736257505,156.6544626694463,124,0.016129032258064516,0.016129032258064516,1.0,0.9889061025051384,0.9606784740524729,0.1305140371362167
h1_global_shrunk_unscaled,STAG2,True,0.38727613839629194,0.34199490067268334,1.1324032540676576,57.81351878754534,169.04789712896198,453,0.026490066225165563,0.03090507726269316,0.8571428571428571,0.9725282891295884,0.971926810655508,0.12973284113242228
h1_global_shrunk_unscaled,HMGB2,True,0.34815647227787966,0.3762321796996246,0.9253766452296558,59.59643234278445,158.4033359144476,26,0.07692307692307693,0.07692307692307693,1.0,0.9768762389896593,0.8416132099323794,0.1075828568902415
h1_global_shrunk_unscaled,TGFBR2,False,0.45585315477499166,0.31683302991032797,1.438780404000208,52.02621647962456,164.20704777639295,260,0.05,0.06153846153846154,0.8125,0.9518676590379632,0.9950194179172934,0.10381040359958961
h1_global_shrunk_unscaled,ANTXR1,False,0.5293913446412106,0.4001958164875848,1.3228307814098148,66.1621531641978,165.32444977782606,2,0.0,0.0,,0.999990447257079,,0.08994395579672493
h1_global_shrunk_unscaled,MTA1,True,0.2888430755153029,0.3831217254439382,0.7539198545334621,57.19278754405956,149.28098237652284,28,0.17857142857142858,0.17857142857142858,1.0,0.935908620947717,0.6681627351234771,0.09937153719275292
h1_global_shrunk_unscaled,DHCR24,True,0.25448816819767583,0.3643828042636285,0.6984088305483135,51.707866820464126,141.90534299487368,32,0.0,0.0,,0.9978085548998933,0.9338797324489824,0.11922452050131985
h1_global_shrunk_unscaled,NDUFB4,True,0.39955145117208435,0.3365871690466222,1.187066792545323,59.681314136714924,177.313099325091,17,0.058823529411764705,0.058823529411764705,1.0,0.9921119812130007,0.8088735634196755,0.1300266594008118
h1_global_shrunk_unscaled,ACVR1B,True,0.48303696171853877,0.3813697173564003,1.2665844710138003,64.07588880061887,168.01514615471743,25,0.04,0.04,1.0,0.990908984073107,0.9442122717679943,0.100955799644124
h1_global_shrunk_unscaled,DHX36,True,0.36126663352418975,0.3930312554397565,0.9191804176489073,59.779829167095066,152.09942807273268,1387,0.17519826964671953,0.18745493871665464,0.9346153846153846,0.8018481273898541,0.8903816205025775,0.1268703790160886
h1_global_shrunk_unscaled,LZTR1,True,0.26879087107739247,0.32994359133063,0.8146570448402569,51.17331350175013,155.09715856390238,191,0.04712041884816754,0.05235602094240838,0.9,0.9424861707815756,0.9329529429103877,0.11565828935119392
h1_global_shrunk_unscaled,INSIG1,True,0.35933499940890606,0.4165363039075313,0.8626739039022068,62.20087173351223,149.32881275894854,219,0.0365296803652968,0.0365296803652968,1.0,0.9702386102302376,0.9626420633528713,0.11230402048733946
h1_global_shrunk_unscaled,LAD1,False,0.3926911491806075,0.3477402562505711,1.1292657152056795,52.539950109574605,151.0896399400934,2,0.0,0.0,,0.9999933462495324,,0.10532778786416971
h1_global_shrunk_unscaled,TCF3,True,0.41611120417787584,0.4831240309831357,0.8612927064114534,68.65575991831284,142.10793815948557,6,0.0,0.0,,0.9999972373615978,,0.10851798585664221
h1_global_shrunk_unscaled,DAXX,True,0.36214172471859274,0.3196408254621576,1.132964552306435,51.19776866314643,160.1728083048257,28,0.03571428571428571,0.03571428571428571,1.0,0.996809019702333,0.9660232659907548,0.11999357034890737
h1_global_shrunk_unscaled,CLDN7,True,0.27303720179654095,0.3550080248844013,0.7691014925238606,56.2728034671911,158.51135614614574,7,0.0,0.0,,0.9999234799115554,,0.11935248476728831
h1_global_shrunk_unscaled,NIT1,True,0.35540590746708167,0.33144422839415993,1.0722947543513293,53.72030797913922,162.07947937248127,143,0.013986013986013986,0.013986013986013986,1.0,0.9894753310059182,0.9779990210949842,0.10232225947152536
h1_global_shrunk_unscaled,PRR12,True,0.25765230835074643,0.358099720675017,0.7194987694072268,58.42592899282513,163.1554721201469,105,0.01904761904761905,0.01904761904761905,1.0,0.9856208071225361,0.9669791548333883,0.1056113981892693
h1_global_shrunk_unscaled,ARID1A,True,0.43071367811414735,0.42879603104693775,1.0044721660844844,67.65622968138764,157.78184680534443,220,0.01818181818181818,0.04090909090909091,0.4444444444444444,0.9629731190522761,0.9937620149817656,0.1108216903644355
h1_global_shrunk_unscaled,STX4,True,0.3019268496016566,0.3551866497403006,0.8500512331260603,56.77805701205418,159.85414162826277,19,0.0,0.0,,0.9989447615657482,0.9785172759924465,0.10543278262261203
h1_global_shrunk_unscaled,CENPO,True,0.2959473753814313,0.4345184705392611,0.6810927393124265,65.97711527820422,151.83961039981344,5,0.2,0.2,1.0,0.991883988762828,,0.09572590742917667
h1_global_shrunk_unscaled,NRAS,True,0.2783752534965672,0.4182625969136662,0.6655513917588639,61.29852066930614,146.55510944948014,5,0.2,0.2,1.0,0.9891165977986371,,0.09473692456085794
h1_global_shrunk_unscaled,CHMP3,True,0.29771244162256755,0.5110217905438202,0.582582674812648,72.29051487892612,141.46268557745032,98,0.02040816326530612,0.04081632653061224,0.5,0.9847511309023341,1.0746979382904103,0.1591847311373898
h1_global_shrunk_unscaled,EID2,True,0.34737384019640816,0.3966880488550205,0.8756851667173986,58.16536670995014,146.6274743538042,4,0.0,0.0,,0.999295358375245,,0.11013890108097242
h1_global_shrunk_unscaled,UQCRQ,True,0.34967726901476354,0.32080319183748507,1.090005579470374,52.86857886632362,164.80066349559945,48,0.0,0.0,,0.9967498678286761,1.006671429605413,0.10631616060471594
h1_global_shrunk_unscaled,ZNF426,True,0.44184466245957754,0.43771887049888275,1.0094256661952739,70.0769765527528,160.0958543845362,3,0.0,0.0,,0.9999981897701944,,0.09624328347041491
h1_global_shrunk_unscaled,BIRC2,True,0.400923414334694,0.3625581803587964,1.1058181446573083,58.994212969513775,162.71654086285315,75,0.02666666666666667,0.02666666666666667,1.0,0.9604007218068729,0.9074249957323185,0.10417456639889827
h1_global_shrunk_unscaled,PLCB3,True,0.2801980842798851,0.37337599300771585,0.750444831824243,60.143338011997365,161.07982071240048,2,0.0,0.0,,0.9991383841076964,,0.10635036200442034
h1_global_shrunk_unscaled,TFAM,True,0.4453271351091051,0.3516543336002689,1.2663774978963165,60.33721269658387,171.5810298108544,98,0.09183673469387756,0.09183673469387756,1.0,0.9361277226582344,0.8722811307695881,0.16534513864360986
h1_global_shrunk_unscaled,PMS1,True,0.47863957045931776,0.3966633574547063,1.2066644459690785,64.45139032565959,162.4838521491592,1,0.0,0.0,,0.9980006252692513,,0.10667181688806227
h1_global_shrunk_unscaled,ZNF286A,True,0.38546739117853496,0.3845087806036371,1.0024930785023765,62.066988292480204,161.4189101092614,2,0.0,0.0,,0.9999998699545098,,0.0995278761609919
h1_global_shrunk_unscaled,GSK3B,True,0.4420590554224964,0.44590768210393555,0.991369005657673,67.4123312650898,151.18001768217312,217,0.03225806451612903,0.04608294930875576,0.7,0.9661602269285,0.9515796456368374,0.12916073189219093
h1_global_shrunk_unscaled,LRPPRC,True,0.47543773025209735,0.42877138408164667,1.1088373615939924,74.23769635561635,173.14051056513605,98,0.08163265306122448,0.08163265306122448,1.0,0.9545845825334132,0.8212875478958158,0.15046913048431315
h1_global_shrunk_unscaled,CASP3,True,0.3178663163895594,0.3668145675273404,0.8665585953476819,56.1056135088773,152.953613284989,417,0.03597122302158273,0.050359712230215826,0.7142857142857143,0.9194733166291901,0.9561133442296368,0.10733307316017136
h1_global_shrunk_unscaled,MAST2,True,0.44550042413155544,0.43298695601684567,1.0289003350812786,68.0422676451364,157.14622969494067,0,,,,,,0.09570280568628642
h1_global_shrunk_unscaled,HAT1,True,0.28803102169339817,0.40795928552244265,0.7060288413941567,65.01278345576567,159.36096018137866,29,0.0,0.0,,0.9988379983817693,1.0707989084697889,0.11894629315412335
h1_global_shrunk_unscaled,MAU2,True,0.1896794437264288,0.3559830765077624,0.5328327559478596,52.618164419450565,147.81085925668492,902,0.05432372505543237,0.07649667405764966,0.7101449275362319,0.9338861476042243,0.9570612563399735,0.13102426467422476
h1_global_shrunk_unscaled,SMARCA4,True,0.3699603194592356,0.4190107393058984,0.8829375592427152,63.70479250200346,152.0361807612187,2229,0.1009421265141319,0.1610587707492149,0.6267409470752089,0.8309509938321997,0.9827460677181559,0.10035106056331652
h1_global_shrunk_unscaled,TWF2,True,0.3070078366201053,0.3268444551311744,0.9393086888896188,54.20813492379461,165.85300461052321,4,0.0,0.0,,0.9999949309134684,,0.11472304578104199
h1_global_shrunk_unscaled,IRF3,True,0.38313640652242054,0.4004682821250885,0.9567209779743449,63.38616555039086,158.28011450502797,4,0.25,0.25,1.0,0.984356779903433,,0.09683684491062364
h1_global_shrunk_unscaled,MKI67,True,0.19371425352502047,0.33472146858760654,0.5787326828554462,51.42705729052563,153.6413469608856,5,0.0,0.0,,0.999920272131732,,0.11639359938007392
h1_global_shrunk_unscaled,AKT2,True,0.34591126588811555,0.40272164710058495,0.8589338774772138,67.57583584330217,167.79787312109457,50,0.02,0.02,1.0,0.9800129334533437,0.9462363372173178,0.13671018659463552
h1_global_shrunk_unscaled,SSBP1,True,0.28355372280923863,0.3704797233179318,0.7653690741015359,55.282018300211725,149.2173925339789,59,0.11864406779661017,0.13559322033898305,0.875,0.9493706666990378,0.7981445276450028,0.1588910603568815
h1_global_shrunk_unscaled,PHF14,True,0.3755657892974603,0.4293843020175879,0.874661201009805,68.57912539465961,159.71502701058353,24,0.0,0.0,,0.9997027262773801,1.001605592651428,0.09383599524518925
h1_global_shrunk_unscaled,DNMT1,True,0.2421179404087974,0.5945854413997096,0.40720462283575126,66.94847635290125,112.59689809306178,1279,0.08678655199374512,0.12509773260359655,0.69375,0.8290176517279078,0.9569953769457192,0.13000442310510799
h1_global_shrunk_unscaled,TMSB10,True,0.284020623187987,0.4071587475944204,0.6975672876145745,62.734854937764716,154.07959501893413,263,0.12167300380228137,0.12547528517110265,0.9696969696969697,0.879062656974259,0.8902120670357608,0.10682485878909609
h1_global_shrunk_unscaled,CLDN6,True,0.3338549372463926,0.35686821545601277,0.9355132308989372,58.175368564983025,163.0163910524939,4,0.0,0.0,,0.9998634515209562,,0.09689684194246692
h1_global_shrunk_unscaled,DLG5,True,0.29999504571152613,0.4038254900840461,0.7428828864891359,60.44084027038732,149.67069131224994,85,0.047058823529411764,0.058823529411764705,0.8,0.9736769894440122,0.916244120134526,0.1142075813449514
h1_global_shrunk_unscaled,NDUFB6,True,0.4388676218386741,0.3644261651646606,1.204270340029998,60.35316645038687,165.61150712961893,12,0.0,0.0,,0.9978458740011049,0.8670786945642516,0.1200138639463449
h1_global_shrunk_unscaled,STAT6,True,0.23746518440480555,0.4777661060739926,0.49703229548064426,72.98289345920271,152.75862504968006,73,0.0,0.0,,0.9972465618950787,0.9569652882473304,0.10032923026929086
h1_global_shrunk_unscaled,ZNF714,True,0.3212489030665447,0.44895840709664847,0.7155426827710312,67.63553283198533,150.64988596465963,8,0.125,0.125,1.0,0.9901303375600339,,0.10502596318944585
h1_global_shrunk_unscaled,SAFB,True,0.30534479671475784,0.40674390608954786,0.7507052770632875,64.62412079696874,158.88159559234117,165,0.030303030303030304,0.030303030303030304,1.0,0.9838051961584995,0.9177273207908926,0.10311942622673725
h1_global_shrunk_unscaled,SOX2,True,0.26469095529966796,0.40597306905606595,0.6519914139011853,67.09445920804396,165.26825132525732,1156,0.03546712802768166,0.06833910034602077,0.5189873417721519,0.9366057904488494,1.0123818655017551,0.1177093008394099
h1_global_shrunk_unscaled,SLC25A3,True,0.2998040430443712,0.3199563559704313,0.9370154317924458,53.175881651219946,166.19729740931973,21,0.0,0.0,,0.9993269657873551,0.983825974509027,0.11775092406932365
h1_global_shrunk_unscaled,ZNF593,True,0.27198213190515336,0.3278902816353443,0.8294912875997711,52.05271549347666,158.75040648922283,21,0.0,0.0,,0.9994808360790186,0.9879016867645951,0.1050623407403188
h1_global_shrunk_unscaled,RAF1,True,0.29576312305275826,0.3543273132980158,0.834717257046451,58.333255367150194,164.63098716323785,38,0.0,0.0,,0.9958660637804244,0.9630327027003467,0.09795210625914096
h1_global_shrunk_unscaled,METTL17,True,0.31325083420610333,0.3546159872999388,0.8833522611070316,55.499474727160255,156.5058449556536,81,0.024691358024691357,0.024691358024691357,1.0,0.9885873974212063,0.9156172885971435,0.12409095746290899
h1_global_shrunk_unscaled,IKBKG,True,0.28786295246574806,0.40226370365043895,0.7156075724791133,61.748119684909746,153.50159391603455,12,0.0,0.0,,0.9997277419128978,0.9989561802053007,0.09653959576259259
h1_global_shrunk_unscaled,SMAGP,True,0.4046806126190865,0.4323565305320469,0.9359882042745994,65.71225165190062,151.98625905115114,79,0.0759493670886076,0.0759493670886076,1.0,0.9650845242157406,0.9144726378412166,0.10286664334000196
h1_global_shrunk_unscaled,MAP1B,True,0.34405543696266794,0.38878325296754185,0.8849543655405135,63.19374008564133,162.5423410172381,3,0.3333333333333333,0.3333333333333333,1.0,0.9925340379065168,,0.09442533748432266
h1_global_shrunk_unscaled,TAZ,True,0.3044803189881177,0.4270580110350073,0.7129718003654508,67.37036954146187,157.75460897732535,22,0.0,0.0,,0.994094271725551,0.8493868385738811,0.11865910085402842
h1_global_shrunk_unscaled,OXCT1,True,0.397566956032018,0.36236333376018326,1.0971500673275432,56.7465514905533,156.60125129577514,129,0.14728682170542637,0.14728682170542637,1.0,0.7971936953277028,0.8385333608114005,0.10375939452293527
h1_global_shrunk_unscaled,WSB2,True,0.27774150605313974,0.32106899736410743,0.8650523978749894,48.37314991593353,150.66278685598564,106,0.03773584905660377,0.03773584905660377,1.0,0.9843794401211509,0.9424103945102899,0.10919139788147139
h1_global_shrunk_unscaled,C1QBP,True,0.2534276158254525,0.3172115981979079,0.7989229185350888,50.167567318006846,158.15174351445802,66,0.030303030303030304,0.045454545454545456,0.6666666666666666,0.9914626157033695,0.9453832581404625,0.10580132476358876
h1_global_shrunk_unscaled,CALM3,True,0.276283213756062,0.43661891419474186,0.6327788484967773,66.43041171257343,152.14735219405537,1,0.0,0.0,,0.9973910686808756,,0.09657873404772112
h1_global_shrunk_unscaled,SIX4,True,0.3114325523317962,0.30089200792517623,1.0350309882914575,50.9899539798282,169.46263987346595,25,0.04,0.04,1.0,0.993034415570176,0.9497865033091261,0.10664236333688464
h1_global_shrunk_unscaled,RRM1,True,0.3407570426226867,0.39112223602239843,0.8712290205949131,62.466063345706786,159.709823662722,5,0.0,0.0,,0.9988611396824415,,0.11161106965362987
h1_global_shrunk_unscaled,MBTPS1,True,0.35433882954325,0.32920754464842117,1.0763387270533789,58.35294069786877,177.25274419268575,384,0.09635416666666667,0.10416666666666667,0.925,0.9224102047059494,0.9020766151920284,0.10090396288150288
h1_global_shrunk_unscaled,RAB3B,False,0.3941068795369781,0.3871518904027511,1.0179644974146758,62.44378062526662,161.29013488816196,0,,,,,,0.09039890995967811
h1_global_shrunk_unscaled,XRCC4,True,0.247000676902874,0.36641310493879325,0.67410437447136,56.852186801040546,155.158715763011,14,0.07142857142857142,0.07142857142857142,1.0,0.9824370071972538,0.8162243040109077,0.10093289268462795
h1_global_shrunk_unscaled,TRAPPC6A,True,0.4915780702320608,0.44103836917205497,1.1145925266204892,69.18387083796485,156.86587760570848,230,0.0391304347826087,0.04782608695652174,0.8181818181818182,0.9580512149397644,0.9425147164895348,0.0992749174538753
h1_global_shrunk_unscaled,SIN3B,True,0.28224826115435375,0.4258501726187374,0.6627877110362238,61.174076068217914,143.65164088588244,1161,0.08613264427217916,0.10938845822566753,0.7874015748031497,0.897171039686964,0.9407596953788472,0.11717771438722512
h1_global_shrunk_unscaled,SV2A,False,0.2838809389313293,0.4061067625748043,0.6990303168838239,62.1862208699579,153.12776491502842,18,0.05555555555555555,0.05555555555555555,1.0,0.9905990180381045,0.9817673325729404,0.09529862877206775
h1_global_shrunk_unscaled,EWSR1,True,0.3627567693273405,0.4284701487467549,0.8466325376187317,63.43678434408069,148.05415156605153,178,0.02247191011235955,0.02247191011235955,1.0,0.9852616406224922,0.9454595075106498,0.10152303037281113
h1_global_shrunk_unscaled,TXNDC9,True,0.2194026651952127,0.4454902822097798,0.49249708457590274,66.66142455587632,149.63609133113636,24,0.0,0.0,,0.9992021005626655,0.9802695298829379,0.10379030307555122
h1_global_shrunk_unscaled,TMBIM6,True,0.2353610494719236,0.32426827065810426,0.7258220145753301,50.3453322966076,155.25827486738518,6,0.16666666666666666,0.16666666666666666,1.0,0.9938609610881817,,0.11528264730630297
h1_global_shrunk_unscaled,METTL3,True,0.3369453148404884,0.39551820689648715,0.8519084809885171,64.16094600141439,162.2199557003105,2926,0.23991797676008203,0.28058783321941216,0.8550548112058465,0.6738447546501058,0.9144430154561697,0.09186895964408708
h1_global_shrunk_unscaled,METTL14,True,0.3026363702076538,0.3088780702935041,0.9797923495186328,48.118825688073244,155.7858272112017,3008,0.24900265957446807,0.2935505319148936,0.8482446206115515,0.6508129292315452,0.9014291236665565,0.12051992043082324
h1_global_shrunk_unscaled,MED24,True,0.314689852261831,0.40071432311341365,0.7853221961640855,65.10478273166906,162.47181340019768,647,0.03863987635239567,0.04945904173106646,0.78125,0.9584300430283842,0.9708666585843213,0.1495212179816249
h1_global_shrunk_unscaled,ATM,True,0.251343041039375,0.49372413353843303,0.5090758663913066,68.7257353566265,139.1986550547598,76,0.0,0.0,,0.9959335866722672,0.9770616015443726,0.09212633620802443
h1_global_shrunk_unscaled,PHF10,True,0.2678410870301573,0.33561068070230116,0.798070807727785,57.13850277685671,170.25233719406157,120,0.075,0.08333333333333333,0.9,0.9519599604562001,0.871417731004779,0.16013690843873873
h1_global_shrunk_unscaled,DZIP3,False,0.3400619357767609,0.3906146322624837,0.870581662051634,59.03906044011332,151.1440063014344,1,0.0,0.0,,0.9999440941979172,,0.10090154082063692
h1_global_shrunk_unscaled,ZNF562,True,0.320769454661228,0.3160236570764246,1.0150172225355136,51.652315753449294,163.44445928919214,10,0.0,0.0,,0.9996821528758477,0.9418165392602565,0.10461086758917784
h1_global_shrunk_unscaled,MED1,True,0.4098107531022633,0.3295322750897813,1.2436134002067325,59.187505223941365,179.61064726608552,302,0.006622516556291391,0.009933774834437087,0.6666666666666666,0.989484724176159,0.960278553486493,0.12774913189425766
h1_global_shrunk_global_all,TMSB4X,True,0.3530381774081803,0.3724413271496458,0.9479028015232333,58.38325534767569,156.75826255505066,0,,,,,,0.10013137510033739
h1_global_shrunk_global_all,PRCP,True,0.2814449272054972,0.3447283541871352,0.8164252339182847,50.09054873843198,145.30440600554837,6,0.16666666666666666,0.16666666666666666,1.0,0.993553390408938,,0.10839089178814458
h1_global_shrunk_global_all,TADA1,True,0.3361407775636963,0.3779472407340918,0.8893854520826922,57.29542311503242,151.59635245318046,533,0.10131332082551595,0.1125703564727955,0.9,0.8993794365398138,0.9861184089028805,0.09544276322255663
h1_global_shrunk_global_all,HIRA,True,0.4770643628913068,0.43135012481480134,1.1059794247101071,64.93940640432083,150.54917726568954,32,0.03125,0.03125,1.0,0.9877455103123821,0.9802828603635642,0.09036997790268107
h1_global_shrunk_global_all,IGF2R,True,0.36364555561292733,0.4038778908374521,0.9003849031173705,61.29744857569081,151.77223107852927,6,0.0,0.0,,0.9988874837502789,,0.09373178159233322
h1_global_shrunk_global_all,NCK2,True,0.2524325288404014,0.2552025465185121,0.9891458070622751,43.16419400440143,169.13700350270742,2,0.0,0.0,,0.9977115433745103,,0.11228016445098782
h1_global_shrunk_global_all,MED13,True,0.3798916500597618,0.28848637151485235,1.3168443558180478,47.4954979325981,164.6368862528844,113,0.061946902654867256,0.061946902654867256,1.0,0.9747280200397516,0.9872317031136372,0.10634248784365356
h1_global_shrunk_global_all,MED12,True,0.45406170839084964,0.36302697624410213,1.250765750492148,62.76374836219119,172.89003977486334,68,0.014705882352941176,0.014705882352941176,1.0,0.9920915152599648,0.9787142665538558,0.0914728900856695
h1_global_shrunk_global_all,STAT1,True,0.42487979034231954,0.3427307932052863,1.2396895720071126,54.83327910161363,159.98935662827938,8,0.125,0.125,1.0,0.9909314161881742,,0.10262775904971097
h1_global_shrunk_global_all,USP22,True,0.4614502865198986,0.3527971204425613,1.3079763404560643,52.86974511001259,149.85877731567336,21,0.0,0.0,,0.9978921867365909,0.9934756610464863,0.1019197697935237
h1_global_shrunk_global_all,MED13L,True,0.48233335937287103,0.33407489366216075,1.4437881101614278,57.18398683631585,171.1711592854511,16,0.0,0.0,,0.9984676016340273,0.9891532025315934,0.09859376564504904
h1_global_shrunk_global_all,TET1,True,0.375508530881978,0.36389607081423136,1.0319114741793263,59.78288852663133,164.28561152876654,46,0.021739130434782608,0.043478260869565216,0.5,0.99147221142181,1.0010462994793927,0.09850248242164299
h1_global_shrunk_global_all,KIF1B,True,0.3107076350552504,0.3154842670491799,0.9848593654491654,51.561069945375856,163.4346790971296,2,0.0,0.0,,0.9999544337168254,,0.10258710262787027
h1_global_shrunk_global_all,SRC,False,0.4472550448329398,0.36451327673899137,1.2269924674189452,58.732099718764424,161.1247201863085,6,0.16666666666666666,0.16666666666666666,1.0,0.9919601878071034,,0.09904364377925089
h1_global_shrunk_global_all,PBX1,True,0.3371475632500716,0.33299855700807923,1.0124595321951853,51.92238830752014,155.92376367643055,5,0.0,0.0,,0.9999788299965797,,0.10571180331510505
h1_global_shrunk_global_all,CAST,True,0.3503461266583578,0.33084956468607285,1.0589287823025677,55.05422066209935,166.4025785082644,38,0.10526315789473684,0.10526315789473684,1.0,0.9807396380583695,0.9587988597947215,0.09686139432205951
h1_global_shrunk_global_all,IDE,True,0.41790778808109613,0.42109671976881685,0.9924270801979378,65.91694225716985,156.53634702582917,0,,,,,,0.0899898987775559
h1_global_shrunk_global_all,MAPKAPK2,True,0.1744054824904635,0.31943371176402613,0.5459833325898341,50.035717079561095,156.63881186254932,5,0.0,0.0,,0.9996105107494176,,0.10608759519200864
h1_global_shrunk_global_all,PTPN1,True,0.1449264091196595,0.34506670308591214,0.41999534531611066,50.766946273700135,147.12212398267982,2,0.0,0.0,,0.9992194947553359,,0.10268882136472367
h1_global_shrunk_global_all,KDM2B,True,0.3398113136198648,0.2752904303848103,1.234373868880458,48.75353819035923,177.0985577748194,44,0.09090909090909091,0.11363636363636363,0.8,0.9702811817413989,0.961634000957459,0.10668070994646009
h1_global_shrunk_global_all,ATP1B1,False,0.3218513944972123,0.37270369242927487,0.8635583736758593,57.22739431858485,153.54662559304924,2,0.0,0.0,,0.9999903323064282,,0.09985867840202862
h1_global_shrunk_global_all,KAT2A,True,0.17823436684477711,0.37860746701995135,0.47076294677353714,57.92547621902373,152.99612729500458,738,0.1002710027100271,0.11924119241192412,0.8409090909090909,0.8827986401167355,0.9870781494659493,0.09579194484229396
h1_global_shrunk_global_all,NISCH,True,0.31006383942521537,0.3485142338502502,0.8896733886583346,53.59939460744378,153.7939900339175,6,0.16666666666666666,0.16666666666666666,1.0,0.9946900918145914,,0.1022595602442655
h1_global_shrunk_global_all,KDR,False,0.41758513401568925,0.3305500613554575,1.2633037558769002,54.25761478741688,164.14341163612997,7,0.14285714285714285,0.14285714285714285,1.0,0.9887857414919973,,0.10137478528013394
h1_global_shrunk_global_all,WFS1,False,0.3445709169418151,0.39823069327611244,0.8652545440612421,61.31984878083001,153.98071975912217,4,0.0,0.0,,0.9995233805797276,,0.09747047557063344
h1_global_shrunk_global_all,TARBP2,True,0.36740477094302637,0.427904354543261,0.85861423713528,65.31551024831467,152.64044302150538,4,0.0,0.0,,0.9983519505449955,,0.09293647499002854
h1_global_shrunk_global_all,MAP3K7,True,0.3264425696428746,0.37481576284968476,0.8709414117511124,57.98618363678023,154.7058298613628,1,0.0,0.0,,0.999997902410733,,0.0975482645623813
h1_global_shrunk_global_all,HMGN1,True,0.3568236871701558,0.3396520577165988,1.050556530023689,56.98427042739529,167.77248696942155,3,0.0,0.0,,0.9999916286353944,,0.09713733586247705
h1_global_shrunk_global_all,TSC22D4,True,0.41621968264824455,0.3574065536101667,1.164555261911137,56.98034240207278,159.42724560172118,3,0.3333333333333333,0.3333333333333333,1.0,0.9939245854680064,,0.09945477676579972
h1_global_shrunk_global_all,FOXH1,True,0.428630701485941,0.33039007291677075,1.2973473981886807,53.81090237708803,162.8708208513385,32,0.0,0.0,,0.9975181075554193,0.9997703924446036,0.10390311398707452
h1_global_shrunk_global_all,PAGR1,True,0.3650753047044165,0.3522032486928011,1.0365472381625946,55.845806776314205,158.56130510886928,18,0.0,0.0,,0.9997122793581643,1.0035149821295173,0.09918052963010074
h1_global_shrunk_global_all,KLF10,True,0.2713623825632699,0.3046776508020397,0.8906540464944835,47.328269610693916,155.33882936968305,15,0.0,0.0,,0.9978333559214408,0.9886451076261566,0.10780072125007653
h1_global_shrunk_global_all,POLB,True,0.37029892658244684,0.39366391680994933,0.9406473663706839,60.598017050003385,153.9333793685199,3,0.0,0.0,,0.997812548447242,,0.09863568362947783
h1_global_shrunk_global_all,RNF2,True,0.44310343901531773,0.4599724550992808,0.9633260298590661,68.3834517293535,148.66857997962848,377,0.09018567639257294,0.09814323607427056,0.918918918918919,0.9273225121926842,0.985760258488439,0.08942006426720997
h1_global_shrunk_global_all,SMARCA5,True,0.3033194300467438,0.39553219927419997,0.7668640646787638,60.950862682767706,154.09835860294635,953,0.0776495278069255,0.11122770199370409,0.6981132075471698,0.8818864159408544,0.9959031083627988,0.10122852296632219
h1_global_shrunk_global_all,ACAT2,True,0.2783936021293,0.3402961342139305,0.8180921677890266,48.433970359148766,142.32888795821663,313,0.025559105431309903,0.06389776357827476,0.4,0.9631858176125777,1.0014347420478669,0.1080733932076479
h1_global_shrunk_global_all,TRAM2,True,0.41497008935880075,0.4101737991810193,1.011693311926208,62.47405098958109,152.31116934899546,1,0.0,0.0,,0.9999944938749338,,0.09527757677252222
h1_global_shrunk_global_all,CAMSAP2,False,0.38588009387982586,0.31793816887461296,1.213695402617757,57.22890420559281,180.000106335652,2,0.0,0.0,,0.9999901778581249,,0.1000977354570606
h1_global_shrunk_global_all,CDCA2,True,0.3426092779103955,0.3950169449759997,0.8673280533097426,59.573031411042166,150.8113314345583,8,0.125,0.25,0.5,0.9928453536424591,,0.09908610803242734
h1_global_shrunk_global_all,CREG1,True,0.3765644963092977,0.3686012014508401,1.0216040936033675,58.6811002532993,159.19942751767056,4,0.0,0.0,,0.9988620429665916,,0.09808101854285714
h1_global_shrunk_global_all,CASP2,True,0.35445028600496303,0.3949406523008857,0.8974773397976892,60.49567574297762,153.17662385610524,2,0.0,0.0,,0.9999562649922594,,0.09707522896571487
h1_global_shrunk_global_all,UBE3C,True,0.322500527211939,0.36413094941934115,0.8856718379094449,59.116930068165956,162.35074267220722,37,0.21621621621621623,0.21621621621621623,1.0,0.9619102794631477,0.954463612134217,0.10215779847242717
h1_global_shrunk_global_all,EIF4B,True,0.3924753358186259,0.33793120863801884,1.1614060074547095,52.93843190842539,156.6544626694463,124,0.024193548387096774,0.08064516129032258,0.3,0.9756192294260414,1.0017179145190498,0.10756174751418185
h1_global_shrunk_global_all,STAG2,True,0.4031131818126574,0.3272025003395065,1.231999087398127,55.31289461773204,169.04789712896198,453,0.05077262693156733,0.0706401766004415,0.71875,0.9330370758587988,0.9940020650234911,0.09555872558113863
h1_global_shrunk_global_all,HMGB2,True,0.35769313872867187,0.3635299141345628,0.9839441675115341,57.58435110360745,158.4033359144476,26,0.11538461538461539,0.11538461538461539,1.0,0.9850130247450012,0.9739755470996201,0.0983841954147938
h1_global_shrunk_global_all,TGFBR2,False,0.45585315477499166,0.31683302991032797,1.438780404000208,52.02621647962456,164.20704777639295,260,0.05,0.06153846153846154,0.8125,0.9518676590379632,0.9950194179172934,0.10381040359958961
h1_global_shrunk_global_all,ANTXR1,False,0.5293913446412106,0.4001958164875848,1.3228307814098148,66.1621531641978,165.32444977782606,2,0.0,0.0,,0.999990447257079,,0.08994395579672493
h1_global_shrunk_global_all,MTA1,True,0.30428476917543423,0.35680763431786916,0.8527978101061484,53.26459417041463,149.28098237652284,28,0.17857142857142858,0.17857142857142858,1.0,0.9773298160451868,0.9741782416619812,0.10360622228771794
h1_global_shrunk_global_all,DHCR24,True,0.2698550444899568,0.33478079595086113,0.8060648870957516,47.50718367750377,141.90534299487368,32,0.0,0.03125,0.0,0.9925194790306636,1.0161464170970997,0.10849336475983004
h1_global_shrunk_global_all,NDUFB4,True,0.41367943110979344,0.3275026402806233,1.2631331178134286,58.07050818530771,177.313099325091,17,0.0,0.0,,0.9938919870143358,0.9563851364611895,0.10175306383954161
h1_global_shrunk_global_all,ACVR1B,True,0.49840798051325413,0.36750838746080666,1.3561812397177122,61.746975432311956,168.01514615471743,25,0.04,0.08,0.5,0.9925966331350472,1.0060402356839895,0.09453549609161473
h1_global_shrunk_global_all,DHX36,True,0.3651489962214537,0.3715377148962552,0.9828046563816936,56.510673943170424,152.09942807273268,1387,0.1658255227108868,0.18312905551550107,0.905511811023622,0.7912961998506738,0.9828761965846498,0.09996131614168981
h1_global_shrunk_global_all,LZTR1,True,0.28847798562955473,0.30524859508713353,0.9450591756113026,47.34318975363758,155.09715856390238,191,0.07329842931937172,0.07853403141361257,0.9333333333333333,0.9526250391261928,0.9864044872872946,0.10831189745739389
h1_global_shrunk_global_all,INSIG1,True,0.384186844968195,0.39135792550365955,0.9816764141770332,58.44101437926651,149.32881275894854,219,0.0730593607305936,0.0821917808219178,0.8888888888888888,0.9647621935614097,0.9855392352996525,0.09992467815585585
h1_global_shrunk_global_all,LAD1,False,0.3926911491806075,0.3477402562505711,1.1292657152056795,52.539950109574605,151.0896399400934,2,0.0,0.0,,0.9999933462495324,,0.10532778786416971
h1_global_shrunk_global_all,TCF3,True,0.4476372661019485,0.4440117377407644,1.0081653885539863,63.097592568950276,142.10793815948557,6,0.0,0.0,,0.9999880295340067,,0.09518906625922642
h1_global_shrunk_global_all,DAXX,True,0.37789457250827824,0.3077560781117486,1.2279028730378536,49.29415530403808,160.1728083048257,28,0.0,0.0,,0.9947995126133454,0.9813265173943295,0.10429228865986358
h1_global_shrunk_global_all,CLDN7,True,0.2872946554134216,0.33127383365322993,0.8672422214733544,52.51066462810617,158.51135614614574,7,0.0,0.0,,0.9997929045513935,,0.10191544841666589
h1_global_shrunk_global_all,NIT1,True,0.3714660710430969,0.31753015595750245,1.169860764634944,51.46512236265478,162.07947937248127,143,0.055944055944055944,0.055944055944055944,1.0,0.9800533374023155,0.9870811314043754,0.10497363451322043
h1_global_shrunk_global_all,PRR12,True,0.26711407623080213,0.33742166606060897,0.7916328531873886,55.0521912296852,163.1554721201469,105,0.02857142857142857,0.02857142857142857,1.0,0.9891351161692669,0.9924178555914664,0.1014627921077976
h1_global_shrunk_global_all,ARID1A,True,0.4476280964552798,0.4075747563294166,1.0982723770396876,64.3078977648936,157.78184680534443,220,0.02727272727272727,0.07272727272727272,0.375,0.9515843853987894,1.0008606293930733,0.09581751345559822
h1_global_shrunk_global_all,STX4,True,0.32008767632956575,0.3338053343557902,0.958905216261154,53.36016519438009,159.85414162826277,19,0.0,0.0,,0.9987287904594603,1.0049157524851888,0.10437122768236444
h1_global_shrunk_global_all,CENPO,True,0.3052763578882975,0.4204624236722047,0.7260490847721817,63.84285059814886,151.83961039981344,5,0.0,0.0,,0.9976114788318288,,0.09283773767791922
h1_global_shrunk_global_all,NRAS,True,0.28376391666613676,0.402869932935261,0.704356154351524,59.0426471152319,146.55510944948014,5,0.0,0.0,,0.9967244919979138,,0.09749862480121003
h1_global_shrunk_global_all,CHMP3,True,0.33708722674246383,0.4435289220024318,0.7600118279110006,62.742792437735496,141.46268557745032,98,0.04081632653061224,0.061224489795918366,0.6666666666666666,0.9822252048773915,0.9968240842122101,0.09377489579292526
h1_global_shrunk_global_all,EID2,True,0.37070565955973434,0.37349946814022034,0.9925199128277282,54.76528368588966,146.6274743538042,4,0.0,0.0,,0.99855082526208,,0.10441189146703116
h1_global_shrunk_global_all,UQCRQ,True,0.3805274761450992,0.2966955037382222,1.2825522171742882,48.89561587222012,164.80066349559945,48,0.0625,0.0625,1.0,0.985974077695558,0.9778549460647911,0.10802037576988462
h1_global_shrunk_global_all,ZNF426,True,0.45365248809257314,0.42424613029117375,1.0693143807374668,67.92004669829873,160.0958543845362,3,0.0,0.0,,0.9999830276700603,,0.08944237838555243
h1_global_shrunk_global_all,BIRC2,True,0.413983284967797,0.34939322999211236,1.1848634988638527,56.8520577852158,162.71654086285315,75,0.06666666666666667,0.06666666666666667,1.0,0.9782049061768119,0.9836371616456772,0.10081637557907128
h1_global_shrunk_global_all,PLCB3,True,0.29725306776032495,0.3429723240985754,0.8666969515443759,55.245920475113834,161.07982071240048,2,0.0,0.0,,0.9998588812274444,,0.10117830104289312
h1_global_shrunk_global_all,TFAM,True,0.4677541801852885,0.33137875565546765,1.4115394309453246,56.85830815280463,171.5810298108544,98,0.12244897959183673,0.12244897959183673,1.0,0.9648662697258331,0.9655587442234824,0.09585689870063885
h1_global_shrunk_global_all,PMS1,True,0.5117603799275399,0.3703510658185512,1.381825049690205,60.176067821745,162.4838521491592,1,0.0,0.0,,0.9991825943469494,,0.09670444495042818
h1_global_shrunk_global_all,ZNF286A,True,0.4055893944920346,0.36191049540908227,1.1206897827972087,58.419197726036906,161.4189101092614,2,0.0,0.0,,0.9999939912440694,,0.09896062295426135
h1_global_shrunk_global_all,GSK3B,True,0.4617979039175269,0.42367130243718365,1.0899909936335521,64.05063499388274,151.18001768217312,217,0.04608294930875576,0.055299539170506916,0.8333333333333334,0.9657790569730649,0.989947281025847,0.08991375490997855
h1_global_shrunk_global_all,LRPPRC,True,0.4927941417723881,0.41119560832199037,1.1984421326467602,71.19461756701112,173.14051056513605,98,0.1326530612244898,0.1326530612244898,1.0,0.9556788723555728,0.9597810576999539,0.08190598717726319
h1_global_shrunk_global_all,CASP3,True,0.3307021773422105,0.3458436879605398,0.9562186295559717,52.89804170537081,152.953613284989,417,0.13189448441247004,0.13908872901678657,0.9482758620689655,0.8821990454098201,0.9784231638786359,0.10434302010436065
h1_global_shrunk_global_all,MAST2,True,0.4634628601828316,0.41659528330803774,1.1125014582561636,65.46637808055378,157.14622969494067,0,,,,,,0.09117490602882611
h1_global_shrunk_global_all,HAT1,True,0.3531133448037501,0.3341801530148472,1.0566556440234252,53.25527005800609,159.36096018137866,29,0.0,0.0,,0.9970449003816356,0.9776017529469988,0.10069269509157405
h1_global_shrunk_global_all,MAU2,True,0.22225680589009628,0.30629330858895465,0.725633892930925,45.27347712710634,147.81085925668492,902,0.10975609756097561,0.12084257206208426,0.908256880733945,0.8788745980846644,0.9865804306303967,0.10870141662079039
h1_global_shrunk_global_all,SMARCA4,True,0.39053112907697557,0.3913325555123781,0.9979520578492294,59.49670714762957,152.0361807612187,2229,0.14939434724091522,0.19380888290713325,0.7708333333333334,0.744627780512297,0.9926295005317513,0.09862594360099275
h1_global_shrunk_global_all,TWF2,True,0.3137840124520154,0.31560642011749257,0.9942256952035428,52.344273050857225,165.85300461052321,4,0.0,0.0,,0.9999739412236317,,0.10493147689547623
h1_global_shrunk_global_all,IRF3,True,0.3912374712047466,0.3903228414996076,1.0023432646207049,61.78034404648577,158.28011450502797,4,0.0,0.0,,0.9969200141913944,,0.09544176010215828
h1_global_shrunk_global_all,MKI67,True,0.20284476196680234,0.31716208918474775,0.6395618167612861,48.72921058727318,153.6413469608856,5,0.0,0.0,,0.9999316078326138,,0.10840735565404885
h1_global_shrunk_global_all,AKT2,True,0.37108978864388287,0.3728729106807393,0.9952178825927551,62.56728135669992,167.79787312109457,50,0.02,0.02,1.0,0.9883093795206704,0.9919111220761738,0.08923676832496255
h1_global_shrunk_global_all,SSBP1,True,0.2978393471116683,0.34920340429811486,0.8529107776320615,52.107221453353546,149.2173925339789,59,0.0847457627118644,0.1016949152542373,0.8333333333333334,0.9700798711361065,0.9642857684741347,0.10004102215191871
h1_global_shrunk_global_all,PHF14,True,0.3912027962731798,0.4112866294324788,0.9511682808969207,65.68865512890021,159.71502701058353,24,0.0,0.0,,0.9990600210606599,0.9944760491566943,0.09208115101295106
h1_global_shrunk_global_all,DNMT1,True,0.24016132362731957,0.5539638032694055,0.4335325200129069,62.374605903970185,112.59689809306178,1279,0.10007818608287725,0.14464425332290853,0.6918918918918919,0.8153287976830053,0.9948198187182746,0.09205615424656129
h1_global_shrunk_global_all,TMSB10,True,0.28483506900762195,0.3960641538689966,0.7191639693347125,61.025404429651815,154.07959501893413,263,0.07224334600760456,0.09125475285171103,0.7916666666666666,0.9408788178453904,0.9915212506316851,0.09802388680101612
h1_global_shrunk_global_all,CLDN6,True,0.36111639828072495,0.326891895144059,1.1046967014021059,53.288737010694746,163.0163910524939,4,0.0,0.0,,0.9999894596691047,,0.10116173782883182
h1_global_shrunk_global_all,DLG5,True,0.3047774407963997,0.38758368520359837,0.7863526057251341,58.00991810577203,149.67069131224994,85,0.058823529411764705,0.058823529411764705,1.0,0.9851116230258263,0.992172017721977,0.09638480257285349
h1_global_shrunk_global_all,NDUFB6,True,0.44611990849487226,0.3564385469308861,1.2516039927111908,59.03032495631546,165.61150712961893,12,0.0,0.0,,0.9968722808216812,0.9725030950311798,0.0982809202570482
h1_global_shrunk_global_all,STAT6,True,0.28694371588461626,0.39641371981188,0.7238491039633711,60.55561478929191,152.75862504968006,73,0.0,0.0,,0.9971018358689643,0.9992336341867956,0.10021201466824035
h1_global_shrunk_global_all,ZNF714,True,0.34733039886726785,0.4163166369066662,0.8342938236819387,62.718053875179876,150.64988596465963,8,0.125,0.125,1.0,0.996109323245935,,0.09684878830369008
h1_global_shrunk_global_all,SAFB,True,0.326761435071774,0.3826433429703096,0.8539582383303826,60.79498487391024,158.88159559234117,165,0.05454545454545454,0.05454545454545454,1.0,0.9759334916387004,0.9856286933772913,0.09890482799576504
h1_global_shrunk_global_all,SOX2,True,0.32466808256079893,0.32968251340355575,0.9847901218933661,54.48605248272137,165.26825132525732,1156,0.06314878892733564,0.08996539792387544,0.7019230769230769,0.8984528027927824,0.9966417318695924,0.10605421643918322
h1_global_shrunk_global_all,SLC25A3,True,0.32005130256477893,0.29993405066189927,1.0670722509114408,49.84822862103764,166.19729740931973,21,0.047619047619047616,0.047619047619047616,1.0,0.9955406580258761,0.9906867515266995,0.11043509070448038
h1_global_shrunk_global_all,ZNF593,True,0.28453498679835976,0.3154678699758075,0.901946010603806,50.08065259294873,158.75040648922283,21,0.047619047619047616,0.047619047619047616,1.0,0.9922371521664811,0.9926184719175607,0.10591629065526235
h1_global_shrunk_global_all,RAF1,True,0.315103271242317,0.3335348351312682,0.9447387140785546,54.91016916098847,164.63098716323785,38,0.07894736842105263,0.10526315789473684,0.75,0.9854621385529334,0.9823270415358775,0.10210640474775999
h1_global_shrunk_global_all,METTL17,True,0.3274078884584762,0.33966244412647906,0.9639213699367961,53.15915781771709,156.5058449556536,81,0.08641975308641975,0.08641975308641975,1.0,0.9723562007005018,0.9676661853250336,0.10670742670114312
h1_global_shrunk_global_all,IKBKG,True,0.2982883871800464,0.39063414010380076,0.7636004039503155,59.962963143952976,153.50159391603455,12,0.08333333333333333,0.08333333333333333,1.0,0.9951537279609834,0.9962743319902424,0.09567085379505363
h1_global_shrunk_global_all,SMAGP,True,0.40869881210972414,0.41887041052233087,0.9757165983629096,63.662546722509,151.98625905115114,79,0.08860759493670886,0.08860759493670886,1.0,0.9756457956504357,0.9795541606689157,0.09375902560305184
h1_global_shrunk_global_all,MAP1B,True,0.35386345677122616,0.3756083147236787,0.9421076235534097,61.05225478072628,162.5423410172381,3,0.3333333333333333,0.3333333333333333,1.0,0.9944877079203137,,0.09478074172566947
h1_global_shrunk_global_all,TAZ,True,0.3219372183546234,0.4009250367833101,0.8029860667659485,63.24777240697087,157.75460897732535,22,0.045454545454545456,0.045454545454545456,1.0,0.9913141908263253,0.9720876942366161,0.09121302978696233
h1_global_shrunk_global_all,OXCT1,True,0.4067883714628078,0.34686836041289776,1.1727456807492724,54.320019275573706,156.60125129577514,129,0.10077519379844961,0.10077519379844961,1.0,0.9276486046307085,0.9838687803748576,0.10251853836322203
h1_global_shrunk_global_all,WSB2,True,0.3059803697024641,0.29371131378516635,1.041772500211796,44.25136506600604,150.66278685598564,106,0.05660377358490566,0.07547169811320754,0.75,0.9717942655573781,0.9914729137487029,0.11222184046118962
h1_global_shrunk_global_all,C1QBP,True,0.26762021012635523,0.29924443835770426,0.89431974607479,47.32602966327569,158.15174351445802,66,0.10606060606060606,0.12121212121212122,0.875,0.9726175090240735,0.9648050908854275,0.10757175515153242
h1_global_shrunk_global_all,CALM3,True,0.2998288895828934,0.4016029102162324,0.7465804702995267,61.10281942282671,152.14735219405537,1,0.0,0.0,,0.9990404015100219,,0.09825259428710456
h1_global_shrunk_global_all,SIX4,True,0.32866651844285616,0.28700366736900074,1.145164873521597,48.63639912571698,169.46263987346595,25,0.0,0.0,,0.9982056991617513,0.9959231240842958,0.10855856024527788
h1_global_shrunk_global_all,RRM1,True,0.3734367526545162,0.3565874340813213,1.0472515769284017,56.95051621747033,159.709823662722,5,0.0,0.0,,0.9976148113464857,,0.102408195293738
h1_global_shrunk_global_all,MBTPS1,True,0.37001813569127495,0.3105778522218145,1.191386098668131,55.05077659178705,177.25274419268575,384,0.13020833333333334,0.13541666666666666,0.9615384615384616,0.8940589715684171,0.9790067570206369,0.10040412138817369
h1_global_shrunk_global_all,RAB3B,False,0.3941068795369781,0.3871518904027511,1.0179644974146758,62.44378062526662,161.29013488816196,0,,,,,,0.09039890995967811
h1_global_shrunk_global_all,XRCC4,True,0.25861230519591233,0.351011278659812,0.7367635199168355,54.46245921518882,155.158715763011,14,0.07142857142857142,0.07142857142857142,1.0,0.995581593509031,0.9824883439646127,0.09982900112107647
h1_global_shrunk_global_all,TRAPPC6A,True,0.514450963249308,0.4189131251307261,1.2280612193489242,65.71317501418132,156.86587760570848,230,0.06086956521739131,0.06086956521739131,1.0,0.9558555709414628,0.9878656946787295,0.09128266510496005
h1_global_shrunk_global_all,SIN3B,True,0.2948661520819162,0.38960750659880966,0.7568287240049215,55.96775762437628,143.65164088588244,1161,0.11800172265288544,0.1438415159345392,0.8203592814371258,0.8425251432553054,0.9896036482681303,0.1033051613667962
h1_global_shrunk_global_all,SV2A,False,0.2838809389313293,0.4061067625748043,0.6990303168838239,62.1862208699579,153.12776491502842,18,0.05555555555555555,0.05555555555555555,1.0,0.9905990180381045,0.9817673325729404,0.09529862877206775
h1_global_shrunk_global_all,EWSR1,True,0.37860520485378496,0.40554078201093186,0.9335810888769731,60.04199640606157,148.05415156605153,178,0.0449438202247191,0.056179775280898875,0.8,0.9725515277846477,0.9897954986365901,0.09595475436369928
h1_global_shrunk_global_all,TXNDC9,True,0.2678299309979101,0.3731980601381395,0.7176616376268747,55.84389901143356,149.63609133113636,24,0.0,0.0,,0.9963758857423131,0.984069578517116,0.10260803408570568
h1_global_shrunk_global_all,TMBIM6,True,0.2518123913653964,0.2998624903814807,0.8397595546046601,46.55613295406658,155.25827486738518,6,0.0,0.0,,0.9966838765895495,,0.11011226479566658
h1_global_shrunk_global_all,METTL3,True,0.32850230718856965,0.3847514523602974,0.8538039432296836,62.41436355751757,162.2199557003105,2926,0.21599453178400546,0.2713602187286398,0.7959697732997482,0.6768852235648302,0.9892225628633667,0.0960496469797764
h1_global_shrunk_global_all,METTL14,True,0.2972174381384945,0.2810089593010675,1.0576795803156636,43.77721317847572,155.7858272112017,3008,0.23238031914893617,0.2902260638297872,0.8006872852233677,0.6496533740325279,0.9884956654121958,0.11010705379584945
h1_global_shrunk_global_all,MED24,True,0.36732217854281307,0.3312870473174429,1.1087731365206106,53.824807333662044,162.47181340019768,647,0.07573415765069552,0.08500772797527048,0.8909090909090909,0.9309003393024525,0.9869160028498453,0.09778305768126595
h1_global_shrunk_global_all,ATM,True,0.2597705132470105,0.4737073901810453,0.5483775820928809,65.93943160270183,139.1986550547598,76,0.013157894736842105,0.02631578947368421,0.5,0.9920903162335735,0.9929515430000723,0.09208757195983927
h1_global_shrunk_global_all,PHF10,True,0.29856278087398436,0.3060425471073423,0.9755597177449499,52.10445892584871,170.25233719406157,120,0.1,0.10833333333333334,0.9230769230769231,0.9622017042689521,0.980634707724089,0.11025484694393625
h1_global_shrunk_global_all,DZIP3,False,0.3400619357767609,0.3906146322624837,0.870581662051634,59.03906044011332,151.1440063014344,1,0.0,0.0,,0.9999440941979172,,0.10090154082063692
h1_global_shrunk_global_all,ZNF562,True,0.3520646332609575,0.28734529615536564,1.2252319351370156,46.964996559406515,163.44445928919214,10,0.0,0.0,,0.9997742688285142,0.9918406547307165,0.10759885247543755
h1_global_shrunk_global_all,MED1,True,0.4341161634696393,0.3109343183419907,1.3961667717622706,55.84711417464404,179.61064726608552,302,0.056291390728476824,0.0728476821192053,0.7727272727272727,0.9499630530287835,0.9925196147964028,0.09961136077364038
h1_global_shrunk_global_strong,TMSB4X,True,0.3375214160354084,0.3882931138401008,0.8692438881993664,60.8681538876647,156.75826255505066,0,,,,,,0.10411960304680441
h1_global_shrunk_global_strong,PRCP,True,0.27603577209377395,0.35342259515767194,0.7810360058349594,51.353860258324914,145.30440600554837,6,0.16666666666666666,0.16666666666666666,1.0,0.9733382635495145,,0.11071012749434021
h1_global_shrunk_global_strong,TADA1,True,0.3277407823638453,0.3938618522759356,0.8321211624583369,59.70802017548523,151.59635245318046,533,0.024390243902439025,0.05065666041275797,0.48148148148148145,0.949851458267637,0.9733030888500595,0.13939484967001647
h1_global_shrunk_global_strong,HIRA,True,0.4736776572599462,0.43517544707070127,1.0884751436424436,65.5153055227227,150.54917726568954,32,0.0,0.0,,0.9961440164218928,0.9606264347165939,0.08968911272955972
h1_global_shrunk_global_strong,IGF2R,True,0.35320910590577564,0.41629773045207863,0.848453114366509,63.18243534364017,151.77223107852927,6,0.0,0.0,,0.997356733472748,,0.10666241168887347
h1_global_shrunk_global_strong,NCK2,True,0.24453346893686514,0.2632846264326946,0.928779899723378,44.53117278315568,169.13700350270742,2,0.5,0.5,1.0,0.9903747179607433,,0.11479933157421036
h1_global_shrunk_global_strong,MED13,True,0.36263527961091974,0.30320921994720484,1.1959902791678374,49.919421855273775,164.6368862528844,113,0.0,0.008849557522123894,0.0,0.9946551191665279,0.9820126985203822,0.11872061555119123
h1_global_shrunk_global_strong,MED12,True,0.3625207248318026,0.44965462784956933,0.8062203797735245,77.74080649386342,172.89003977486334,68,0.0,0.0,,0.995890614296202,0.9910859522251296,0.25348067474104335
h1_global_shrunk_global_strong,STAT1,True,0.4118335667941582,0.3562789444822971,1.1559301305121654,57.00083910792518,159.98935662827938,8,0.25,0.25,1.0,0.9782133945331022,,0.10912512633883213
h1_global_shrunk_global_strong,USP22,True,0.44256954442222124,0.36517077684260607,1.211952249434722,54.72404612904756,149.85877731567336,21,0.0,0.0,,0.9997165496320434,0.9764120797978721,0.11356347701893235
h1_global_shrunk_global_strong,MED13L,True,0.4635891151549071,0.346606095848165,1.3375099881624353,59.32896724173458,171.1711592854511,16,0.0,0.0,,0.9998871301112603,0.983181038256724,0.11322734851623453
h1_global_shrunk_global_strong,TET1,True,0.36291467835355434,0.38213487820026965,0.9497030997609113,62.77926215160201,164.28561152876654,46,0.0,0.0,,0.9978134737081832,0.9860743682718096,0.11963167790434612
h1_global_shrunk_global_strong,KIF1B,True,0.30558308009273366,0.32319451751211664,0.9455082420489306,52.82119225554441,163.4346790971296,2,0.0,0.0,,0.9999875536590264,,0.10831906764448873
h1_global_shrunk_global_strong,SRC,False,0.4472550448329398,0.36451327673899137,1.2269924674189452,58.732099718764424,161.1247201863085,6,0.16666666666666666,0.16666666666666666,1.0,0.9919601878071034,,0.09904364377925089
h1_global_shrunk_global_strong,PBX1,True,0.3242876159452981,0.3496618329679487,0.9274321226103721,54.520589010361974,155.92376367643055,5,0.0,0.0,,0.9999999617771572,,0.10302201230619325
h1_global_shrunk_global_strong,CAST,True,0.33761379843053874,0.3440945551734798,0.9811657678231097,57.2582212315213,166.4025785082644,38,0.07894736842105263,0.13157894736842105,0.6,0.9715343228998767,0.938595286029509,0.12924411866877378
h1_global_shrunk_global_strong,IDE,True,0.4086932790474723,0.4312346000972608,0.9477284034149754,67.50388901036948,156.53634702582917,0,,,,,,0.09619995168292696
h1_global_shrunk_global_strong,MAPKAPK2,True,0.16597559615924573,0.3326658607781386,0.4989258464063979,52.10838517951987,156.63881186254932,5,0.0,0.0,,0.9993330692393302,,0.10312661603626139
h1_global_shrunk_global_strong,PTPN1,True,0.13369781356381452,0.3792490373514974,0.3525330334323304,55.79592389353897,147.12212398267982,2,0.0,0.0,,0.9997842802426894,,0.16418170021108655
h1_global_shrunk_global_strong,KDM2B,True,0.32996215181294386,0.2853867970015185,1.1561927716340297,50.541590156944075,177.0985577748194,44,0.045454545454545456,0.045454545454545456,1.0,0.9947900694685492,0.9474456288298908,0.10510632766083162
h1_global_shrunk_global_strong,ATP1B1,False,0.3218513944972123,0.37270369242927487,0.8635583736758593,57.22739431858485,153.54662559304924,2,0.0,0.0,,0.9999903323064282,,0.09985867840202862
h1_global_shrunk_global_strong,KAT2A,True,0.17066315103413227,0.4027908411165494,0.42370166749831856,61.625438800729555,152.99612729500458,738,0.02981029810298103,0.058265582655826556,0.5116279069767442,0.9463641737300519,1.0015242942896423,0.1349053735844074
h1_global_shrunk_global_strong,NISCH,True,0.304065219863707,0.35702809605458957,0.8516562792223934,54.90877544644809,153.7939900339175,6,0.16666666666666666,0.16666666666666666,1.0,0.9739525531420916,,0.09805105015579106
h1_global_shrunk_global_strong,KDR,False,0.41758513401568925,0.3305500613554575,1.2633037558769002,54.25761478741688,164.14341163612997,7,0.14285714285714285,0.14285714285714285,1.0,0.9887857414919973,,0.10137478528013394
h1_global_shrunk_global_strong,WFS1,False,0.3445709169418151,0.39823069327611244,0.8652545440612421,61.31984878083001,153.98071975912217,4,0.0,0.0,,0.9995233805797276,,0.09747047557063344
h1_global_shrunk_global_strong,TARBP2,True,0.3430427148587987,0.45547086636615575,0.7531606084834076,69.52327482551888,152.64044302150538,4,0.0,0.0,,0.9990253263645963,,0.10005720510151547
h1_global_shrunk_global_strong,MAP3K7,True,0.3121579269511026,0.3895358733976855,0.8013586123104351,60.263470554759685,154.7058298613628,1,0.0,0.0,,0.9999994419901593,,0.10685135503002205
h1_global_shrunk_global_strong,HMGN1,True,0.3462365243655892,0.34941428660148677,0.9909054599146317,58.622103845777666,167.77248696942155,3,0.0,0.0,,0.9999994539565049,,0.09906781788378631
h1_global_shrunk_global_strong,TSC22D4,True,0.4082982538312642,0.3649706440073718,1.118715328301904,58.18626449958161,159.42724560172118,3,0.3333333333333333,0.3333333333333333,1.0,0.9723275067156639,,0.11193417290379089
h1_global_shrunk_global_strong,FOXH1,True,0.4198219231674961,0.33845800423396266,1.2403959070717967,55.124932973291294,162.8708208513385,32,0.0,0.0,,0.998279790380972,0.9978404560447929,0.1074902446098688
h1_global_shrunk_global_strong,PAGR1,True,0.35656902431382437,0.36066382572879047,0.9886464870528899,57.1873269131148,158.56130510886928,18,0.0,0.0,,0.9992890264260257,0.9685143528910137,0.09537662148505499
h1_global_shrunk_global_strong,KLF10,True,0.2670575242360074,0.30965962713744716,0.8624228050157466,48.10216398258358,155.33882936968305,15,0.0,0.0,,0.9989791867931972,0.9816577938772983,0.10432379354507772
h1_global_shrunk_global_strong,POLB,True,0.3381854734087462,0.4285985880717799,0.7890494341808432,65.97562905446529,153.9333793685199,3,0.0,0.0,,0.9958701328881917,,0.10106125267513254
h1_global_shrunk_global_strong,RNF2,True,0.42973400353236746,0.4769013958440002,0.901096132821843,70.9002533104302,148.66857997962848,377,0.021220159151193633,0.029177718832891247,0.7272727272727273,0.9800613959206232,0.9848045148395057,0.08642828927969934
h1_global_shrunk_global_strong,SMARCA5,True,0.28886103290620796,0.42037698957702707,0.6871475843548258,64.77940408826775,154.09835860294635,953,0.04302203567681007,0.06400839454354669,0.6721311475409836,0.9283105930269295,0.9863325859076678,0.1098392821103369
h1_global_shrunk_global_strong,ACAT2,True,0.26713462855801756,0.3577596953646587,0.7466873211800216,50.91953959752222,142.32888795821663,313,0.054313099041533544,0.05750798722044728,0.9444444444444444,0.9599794467042441,0.9368219486712405,0.10387976506466633
h1_global_shrunk_global_strong,TRAM2,True,0.4076271897809454,0.41800379171741064,0.9751758186359221,63.666646308792764,152.31116934899546,1,0.0,0.0,,0.9999990723202152,,0.10091683418707176
h1_global_shrunk_global_strong,CAMSAP2,False,0.38588009387982586,0.31793816887461296,1.213695402617757,57.22890420559281,180.000106335652,2,0.0,0.0,,0.9999901778581249,,0.1000977354570606
h1_global_shrunk_global_strong,CDCA2,True,0.3270220840064125,0.4198663460766669,0.7788718649689031,63.32060267638517,150.8113314345583,8,0.125,0.125,1.0,0.9866743513262957,,0.09983732541964864
h1_global_shrunk_global_strong,CREG1,True,0.3680193468975641,0.3804115094565216,0.9674243227376015,60.56129452661116,159.19942751767056,4,0.0,0.0,,0.9996604550994711,,0.10641724057138166
h1_global_shrunk_global_strong,CASP2,True,0.34557104786473825,0.4060760994980367,0.8510007072366715,62.20136594976513,153.17662385610524,2,0.0,0.0,,0.9999975762483354,,0.09288192520239866
h1_global_shrunk_global_strong,UBE3C,True,0.30054232954684845,0.3850003236794,0.7806287710997303,62.50508847839076,162.35074267220722,37,0.10810810810810811,0.10810810810810811,1.0,0.954065059682181,0.7572120985042337,0.15362733170061088
h1_global_shrunk_global_strong,EIF4B,True,0.37658252399113323,0.35979443801591565,1.0466602153935323,56.36340435883867,156.6544626694463,124,0.016129032258064516,0.016129032258064516,1.0,0.9890401679179629,0.9621274201547039,0.12726949746949842
h1_global_shrunk_global_strong,STAG2,True,0.38724433092928234,0.34202483577605214,1.132211144990765,57.818579253820175,169.04789712896198,453,0.026490066225165563,0.03090507726269316,0.8571428571428571,0.9725278625493279,0.9718994336698977,0.12978247939343798
h1_global_shrunk_global_strong,HMGB2,True,0.3481361072114496,0.37625745983570313,0.9252603453057567,59.60043680067166,158.4033359144476,26,0.07692307692307693,0.07692307692307693,1.0,0.9768761803480444,0.8414625695708259,0.10760633196628903
h1_global_shrunk_global_strong,TGFBR2,False,0.45585315477499166,0.31683302991032797,1.438780404000208,52.02621647962456,164.20704777639295,260,0.05,0.06153846153846154,0.8125,0.9518676590379632,0.9950194179172934,0.10381040359958961
h1_global_shrunk_global_strong,ANTXR1,False,0.5293913446412106,0.4001958164875848,1.3228307814098148,66.1621531641978,165.32444977782606,2,0.0,0.0,,0.999990447257079,,0.08994395579672493
h1_global_shrunk_global_strong,MTA1,True,0.29461859484521125,0.37402173438647063,0.7877044774643673,55.83433193938323,149.28098237652284,28,0.17857142857142858,0.17857142857142858,1.0,0.9363002108183986,0.7358014230055205,0.10167707088701884
h1_global_shrunk_global_strong,DHCR24,True,0.25445788389953694,0.36443724130580385,0.6982214084043571,51.71559172760564,141.90534299487368,32,0.0,0.0,,0.9978085563945531,0.9337974311274526,0.11925282671115657
h1_global_shrunk_global_strong,NDUFB4,True,0.3995236712736561,0.3366080226644016,1.1869107221843653,59.685011756315525,177.313099325091,17,0.058823529411764705,0.058823529411764705,1.0,0.9921114295596489,0.8087116818475658,0.13005236230927705
h1_global_shrunk_global_strong,ACVR1B,True,0.4830064183448789,0.3813965206184733,1.2664153767360928,64.08039215461349,168.01514615471743,25,0.04,0.04,1.0,0.9909090688059004,0.9441387574154247,0.1009769167120177
h1_global_shrunk_global_strong,DHX36,True,0.3612445815023929,0.3930754576961571,0.9190209524137497,59.786552305013124,152.09942807273268,1387,0.17519826964671953,0.18745493871665464,0.9346153846153846,0.8018522918916301,0.8902967331325364,0.12691862918585686
h1_global_shrunk_global_strong,LZTR1,True,0.2687536626846547,0.32999236795579556,0.8144238739504904,51.180878617717646,155.09715856390238,191,0.04712041884816754,0.05235602094240838,0.9,0.9424854885660316,0.9329354483014044,0.11568347264705867
h1_global_shrunk_global_strong,INSIG1,True,0.3678561560654247,0.40722691962126367,0.9033198404652244,60.810712430527076,149.32881275894854,219,0.0365296803652968,0.0365296803652968,1.0,0.9703530146834509,0.9569478656432016,0.11163288546832664
h1_global_shrunk_global_strong,LAD1,False,0.3926911491806075,0.3477402562505711,1.1292657152056795,52.539950109574605,151.0896399400934,2,0.0,0.0,,0.9999933462495324,,0.10532778786416971
h1_global_shrunk_global_strong,TCF3,True,0.4268661797406696,0.4696929701346828,0.9088196053227435,66.7470995538446,142.10793815948557,6,0.0,0.0,,0.9999984924116476,,0.1015499150889733
h1_global_shrunk_global_strong,DAXX,True,0.3621109501617156,0.31966652435144643,1.1327771992903615,51.20188492641413,160.1728083048257,28,0.03571428571428571,0.03571428571428571,1.0,0.9968093346257464,0.9660738159774679,0.12002370193681448
h1_global_shrunk_global_strong,CLDN7,True,0.27300704443277307,0.3550549253007932,0.7689149621047748,56.280237715797206,158.51135614614574,7,0.0,0.0,,0.9999234933104784,,0.11938760293335748
h1_global_shrunk_global_strong,NIT1,True,0.3608553969435861,0.32650877273490947,1.105193572353299,52.92037189542194,162.07947937248127,143,0.013986013986013986,0.013986013986013986,1.0,0.9893326630708708,0.9781156228137509,0.10370261045486068
h1_global_shrunk_global_strong,PRR12,True,0.26167395005821853,0.3507652638259443,0.7460087330314029,57.22927222286983,163.1554721201469,105,0.01904761904761905,0.01904761904761905,1.0,0.98612522532329,0.9623718720238911,0.10164538763225309
h1_global_shrunk_global_strong,ARID1A,True,0.43068247717375285,0.4288332759562204,1.004312168204319,67.66210625195836,157.78184680534443,220,0.01818181818181818,0.04090909090909091,0.4444444444444444,0.9629737083015248,0.9937613013034772,0.11083179548051886
h1_global_shrunk_global_strong,STX4,True,0.3018917010459173,0.3552298607475602,0.8498488849180755,56.78496447052854,159.85414162826277,19,0.0,0.0,,0.9989448227230479,0.9784792601151383,0.105425850131518
h1_global_shrunk_global_strong,CENPO,True,0.29592854615647485,0.43454725286412255,0.6810042963244965,65.98148557519758,151.83961039981344,5,0.2,0.2,1.0,0.9918835542242861,,0.09572296573983789
h1_global_shrunk_global_strong,NRAS,True,0.28081320954283606,0.4129330266314186,0.6800454103504976,60.517444913272655,146.55510944948014,5,0.2,0.2,1.0,0.9891828075407931,,0.09406473103325709
h1_global_shrunk_global_strong,CHMP3,True,0.2976423498500063,0.5111548618036583,0.5822938840877832,72.30933949671599,141.46268557745032,98,0.02040816326530612,0.04081632653061224,0.5,0.9847523412798183,1.0748161671858292,0.15931359203402903
h1_global_shrunk_global_strong,EID2,True,0.35554559811272907,0.3879246864434187,0.9165325397887192,56.88041701268991,146.6274743538042,4,0.0,0.0,,0.9992539118167221,,0.1102989027403005
h1_global_shrunk_global_strong,UQCRQ,True,0.3599368034756232,0.312026100255975,1.1535471012852576,51.422108350129115,164.80066349559945,48,0.0,0.0,,0.996818042967384,1.0000079855319408,0.10309617738123639
h1_global_shrunk_global_strong,ZNF426,True,0.44182055026655087,0.43774545319028935,1.0093092847602694,70.08123233144538,160.0958543845362,3,0.0,0.0,,0.9999981931598517,,0.09624481412810047
h1_global_shrunk_global_strong,BIRC2,True,0.4008971598673973,0.36258413672615536,1.1056665729702844,58.9984364998238,162.71654086285315,75,0.02666666666666667,0.02666666666666667,1.0,0.9603998687450642,0.9073391251320297,0.10417331310752777
h1_global_shrunk_global_strong,PLCB3,True,0.2867784269597229,0.3626811265892077,0.7907178122465238,58.420610846760994,161.07982071240048,2,0.0,0.0,,0.9991626677662327,,0.10156639797644393
h1_global_shrunk_global_strong,TFAM,True,0.4452817793712276,0.3516945774609191,1.266103624872374,60.344117779637806,171.5810298108544,98,0.09183673469387756,0.09183673469387756,1.0,0.9361236290746948,0.8723883098230443,0.16543359607218605
h1_global_shrunk_global_strong,PMS1,True,0.4900610436812611,0.3872021725456965,1.2656464204715314,62.91410055574818,162.4838521491592,1,0.0,0.0,,0.9980155008353011,,0.10626535794952961
h1_global_shrunk_global_strong,ZNF286A,True,0.38542776653578675,0.38455285742755896,1.0022751335514197,62.074103125358754,161.4189101092614,2,0.0,0.0,,0.9999998691702786,,0.09954775917542905
h1_global_shrunk_global_strong,GSK3B,True,0.4420205831286982,0.44595068140086397,0.9911871459421921,67.41883189955976,151.18001768217312,217,0.03225806451612903,0.04608294930875576,0.7,0.9661584791806166,0.9515606633765928,0.12921881398833876
h1_global_shrunk_global_strong,LRPPRC,True,0.4821672269839751,0.42213022410073275,1.142223890770057,73.08784252577617,173.14051056513605,98,0.07142857142857142,0.07142857142857142,1.0,0.954939259846537,0.8154922138595027,0.13329201863650839
h1_global_shrunk_global_strong,CASP3,True,0.3178406465556374,0.36685219454328927,0.866399741594381,56.11136869692381,152.953613284989,417,0.03597122302158273,0.050359712230215826,0.7142857142857143,0.9194758516476288,0.9560995106853003,0.10733043438173395
h1_global_shrunk_global_strong,MAST2,True,0.45173166256786523,0.427052147082815,1.0577904025389768,67.10963479719364,157.14622969494067,0,,,,,,0.09176210870125825
h1_global_shrunk_global_strong,HAT1,True,0.30721572592215407,0.38263553063665956,0.8028938802703033,60.9771655617694,159.36096018137866,29,0.0,0.0,,0.9989235121336966,1.0497235057731442,0.10872391459719345
h1_global_shrunk_global_strong,MAU2,True,0.18962568782920947,0.3560806711749003,0.532535751529374,52.63258997105909,147.81085925668492,902,0.05432372505543237,0.07649667405764966,0.7101449275362319,0.9338894819378323,0.9570609897369595,0.13107451878853088
h1_global_shrunk_global_strong,SMARCA4,True,0.37745844040068804,0.40943341755301604,0.921904329784738,62.24869308077388,152.0361807612187,2229,0.10273665320771647,0.16195603409600717,0.6343490304709142,0.8298724914192039,0.9836447400631606,0.10166908737055727
h1_global_shrunk_global_strong,TWF2,True,0.31000039742630453,0.32272132481826743,0.9605823154105905,53.524301372998266,165.85300461052321,4,0.0,0.0,,0.9999934327637744,,0.11331771570887829
h1_global_shrunk_global_strong,IRF3,True,0.38602177489028333,0.3970386192232648,0.9722524616005014,62.843318113576544,158.28011450502797,4,0.25,0.25,1.0,0.9845238713301279,,0.09416836157225018
h1_global_shrunk_global_strong,MKI67,True,0.19703339190727004,0.3284768554321958,0.5998394975135217,50.46762651407866,153.6413469608856,5,0.0,0.0,,0.9999166215652382,,0.11558683617771723
h1_global_shrunk_global_strong,AKT2,True,0.3458643989504615,0.4027800084816627,0.8586930623847178,67.58562875891943,167.79787312109457,50,0.02,0.02,1.0,0.9800124176028383,0.9462683368113813,0.13678050689849164
h1_global_shrunk_global_strong,SSBP1,True,0.283524512039876,0.37052257760839385,0.7652017155605932,55.28841290569337,149.2173925339789,59,0.11864406779661017,0.13559322033898305,0.875,0.9493678384521003,0.798180762291718,0.1589670168198651
h1_global_shrunk_global_strong,PHF14,True,0.38103352580524397,0.42296012447354703,0.9008734009606967,67.55308770469233,159.71502701058353,24,0.0,0.0,,0.9996854776889295,0.9998898005025055,0.09475045182946461
h1_global_shrunk_global_strong,DNMT1,True,0.24377850725671882,0.5804005641782788,0.4200176951961724,65.35130317793723,112.59689809306178,1279,0.0875684128225176,0.1235340109460516,0.7088607594936709,0.8291794405416579,0.9629579360475524,0.11637963262829172
h1_global_shrunk_global_strong,TMSB10,True,0.2852007846226609,0.4032588214278276,0.7072400390717903,62.133955893412356,154.07959501893413,263,0.12547528517110265,0.12927756653992395,0.9705882352941176,0.8803886988629955,0.9094546658847299,0.1057793092872298
h1_global_shrunk_global_strong,CLDN6,True,0.3338053842391658,0.3569253213071168,0.9352247215656145,58.18467775473798,163.0163910524939,4,0.0,0.0,,0.999863432985861,,0.09691423929651397
h1_global_shrunk_global_strong,DLG5,True,0.3026215299064043,0.39809733731582725,0.7601696910279054,59.58350368562582,149.67069131224994,85,0.047058823529411764,0.058823529411764705,0.8,0.9739535431129864,0.9309690265353415,0.10805837257824909
h1_global_shrunk_global_strong,NDUFB6,True,0.4418001239215029,0.3615234933368454,1.2220509373919461,59.87245059427972,165.61150712961893,12,0.0,0.0,,0.9978845456494009,0.88977842856169,0.1158199216071836
h1_global_shrunk_global_strong,STAT6,True,0.2373889922292185,0.47791983178702097,0.4967129975368085,73.0063763877597,152.75862504968006,73,0.0,0.0,,0.9972463210805504,0.9568957306694941,0.10029566198285352
h1_global_shrunk_global_strong,ZNF714,True,0.3211989818915587,0.4490275268030967,0.7153213616509704,67.64594570787966,150.64988596465963,8,0.125,0.125,1.0,0.9901298391479048,,0.10502113636357263
h1_global_shrunk_global_strong,SAFB,True,0.3125928115814685,0.3978211983479444,0.7857620782391466,63.20646675397864,158.88159559234117,165,0.030303030303030304,0.030303030303030304,1.0,0.9838713777315017,0.9319225693135001,0.10404543993054303
h1_global_shrunk_global_strong,SOX2,True,0.2828052635164361,0.3795266713645152,0.745152540925949,62.723709307709036,165.26825132525732,1156,0.03633217993079585,0.06920415224913495,0.525,0.9361599172329814,1.0044232680449312,0.12050390352571315
h1_global_shrunk_global_strong,SLC25A3,True,0.29976739146143405,0.3199954867630852,0.9367863106249763,53.18238508320451,166.19729740931973,21,0.0,0.0,,0.9993273280411108,0.9838177284121508,0.1177521091241115
h1_global_shrunk_global_strong,ZNF593,True,0.2719591248995154,0.327915829715824,0.8293565002189698,52.056771261637834,158.75040648922283,21,0.0,0.0,,0.9994809979392468,0.987896013152997,0.10507563704050338
h1_global_shrunk_global_strong,RAF1,True,0.29572686986104557,0.3543699589088884,0.834514502221334,58.340276156166325,164.63098716323785,38,0.0,0.0,,0.9958670066863523,0.9630993467898861,0.0979388615928908
h1_global_shrunk_global_strong,METTL17,True,0.31322352221320504,0.35464682958970534,0.8831984275048409,55.50430172578053,156.5058449556536,81,0.024691358024691357,0.024691358024691357,1.0,0.9885890177657782,0.9155619995191216,0.12410344250239537
h1_global_shrunk_global_strong,IKBKG,True,0.28784190489490313,0.4022905596409652,0.7155074808411989,61.75224212226172,153.50159391603455,12,0.0,0.0,,0.9997280334777947,0.9989613026030775,0.09653443948331342
h1_global_shrunk_global_strong,SMAGP,True,0.40705065169389354,0.4277678561549438,0.9515690481111181,65.01483619932084,151.98625905115114,79,0.0759493670886076,0.0759493670886076,1.0,0.9653957574094144,0.9225900810964571,0.09849255609708718
h1_global_shrunk_global_strong,MAP1B,True,0.34780862865990875,0.38401278972016695,0.905721470666015,62.41833782167632,162.5423410172381,3,0.3333333333333333,0.3333333333333333,1.0,0.9924097713384902,,0.09541722358887841
h1_global_shrunk_global_strong,TAZ,True,0.30444658220764903,0.4271094384600725,0.7128069641947508,67.37848245479374,157.75460897732535,22,0.0,0.0,,0.994094849030278,0.849383430199561,0.11870906126549571
h1_global_shrunk_global_strong,OXCT1,True,0.40195438217159213,0.3567536840333245,1.1267000178589475,55.86807332399622,156.60125129577514,129,0.14728682170542637,0.14728682170542637,1.0,0.7986929354412591,0.8487410550234152,0.10063146694063924
h1_global_shrunk_global_strong,WSB2,True,0.28680534056346496,0.3114258803957958,0.9209425375918014,46.92029103950946,150.66278685598564,106,0.03773584905660377,0.03773584905660377,1.0,0.9841755962351479,0.9513637925365461,0.11106162616489733
h1_global_shrunk_global_strong,C1QBP,True,0.2533984231752643,0.3172497912597585,0.7987347199474945,50.17360761732867,158.15174351445802,66,0.030303030303030304,0.045454545454545456,0.6666666666666666,0.9914643096032777,0.9453924357725905,0.10581789811804156
h1_global_shrunk_global_strong,CALM3,True,0.28426681793463,0.42408630523356816,0.6703041678699535,64.52360844304737,152.14735219405537,1,0.0,0.0,,0.9974146305122057,,0.09419373622605942
h1_global_shrunk_global_strong,SIX4,True,0.3171497464953212,0.29586086940246925,1.0719557038274363,50.137363964201185,169.46263987346595,25,0.04,0.04,1.0,0.9930994671651183,0.9490907104737608,0.10788719538534539
h1_global_shrunk_global_strong,RRM1,True,0.3406956336469838,0.3911939323683476,0.8709123671329987,62.47751395647558,159.709823662722,5,0.0,0.0,,0.9988613082581469,,0.11160640216613478
h1_global_shrunk_global_strong,MBTPS1,True,0.36049503515416703,0.32248510517506523,1.1178656916835512,57.1613698535472,177.25274419268575,384,0.09635416666666667,0.10416666666666667,0.925,0.9216630992310584,0.9185711769431295,0.10218563142750124
h1_global_shrunk_global_strong,RAB3B,False,0.3941068795369781,0.3871518904027511,1.0179644974146758,62.44378062526662,161.29013488816196,0,,,,,,0.09039890995967811
h1_global_shrunk_global_strong,XRCC4,True,0.24697915471321108,0.3664440586341183,0.6739887000318683,56.85698953665529,155.158715763011,14,0.07142857142857142,0.07142857142857142,1.0,0.9824360594113599,0.8160367621341992,0.10094917096871063
h1_global_shrunk_global_strong,TRAPPC6A,True,0.4994721497795183,0.4334429094973694,1.152336648807378,67.99240239027652,156.86587760570848,230,0.034782608695652174,0.043478260869565216,0.8,0.957947822875686,0.9492067424521704,0.09894920092853872
h1_global_shrunk_global_strong,SIN3B,True,0.28221368416795045,0.42592428186152215,0.6625912073726395,61.18472198254875,143.65164088588244,1161,0.08613264427217916,0.10938845822566753,0.7874015748031497,0.8971764837970455,0.9407229799964454,0.11717920499911101
h1_global_shrunk_global_strong,SV2A,False,0.2838809389313293,0.4061067625748043,0.6990303168838239,62.1862208699579,153.12776491502842,18,0.05555555555555555,0.05555555555555555,1.0,0.9905990180381045,0.9817673325729404,0.09529862877206775
h1_global_shrunk_global_strong,EWSR1,True,0.3627239227554302,0.4285152916433746,0.8464666951892622,63.44346793733896,148.05415156605153,178,0.02247191011235955,0.02247191011235955,1.0,0.9852622496372357,0.9454395719857593,0.101547281120204
h1_global_shrunk_global_strong,TXNDC9,True,0.23364255056209335,0.42023091076232594,0.5559861128212837,62.88171094299801,149.63609133113636,24,0.0,0.0,,0.9991633090729557,0.9806510447301425,0.09715143466113096
h1_global_shrunk_global_strong,TMBIM6,True,0.24118569842321516,0.3156509893665411,0.7640897907756748,49.00742806923252,155.25827486738518,6,0.16666666666666666,0.16666666666666666,1.0,0.9938406511302114,,0.1153883830429678
h1_global_shrunk_global_strong,METTL3,True,0.3369423886500993,0.3955452923869503,0.8518427475569056,64.16533980847744,162.2199557003105,2926,0.23991797676008203,0.28058783321941216,0.8550548112058465,0.6738457612234162,0.9143648871528262,0.09188212710076152
h1_global_shrunk_global_strong,METTL14,True,0.3056026655134183,0.2986132545786431,1.0234062313966525,46.51971288076308,155.7858272112017,3008,0.2483377659574468,0.2922207446808511,0.8498293515358362,0.6504614496652323,0.9190857731773074,0.11489477602183412
h1_global_shrunk_global_strong,MED24,True,0.3146002625205203,0.4008450622992289,0.7848425541679063,65.12602416427093,162.47181340019768,647,0.03863987635239567,0.04945904173106646,0.78125,0.9584298488548861,0.9708911418429853,0.14961540790944944
h1_global_shrunk_global_strong,ATM,True,0.25448905710791125,0.48668644992687876,0.522901463860657,67.74609926319722,139.1986550547598,76,0.0,0.0,,0.9958506742900479,0.9796370740789309,0.09326741349270806
h1_global_shrunk_global_strong,PHF10,True,0.27776282764284754,0.32468649716438136,0.8554800709874381,55.27863499758897,170.25233719406157,120,0.08333333333333333,0.08333333333333333,1.0,0.9521034583068019,0.8846659042964214,0.15141320594222255
h1_global_shrunk_global_strong,DZIP3,False,0.3400619357767609,0.3906146322624837,0.870581662051634,59.03906044011332,151.1440063014344,1,0.0,0.0,,0.9999440941979172,,0.10090154082063692
h1_global_shrunk_global_strong,ZNF562,True,0.3207130251989061,0.316080410696861,1.014656442934352,51.66159181825423,163.44445928919214,10,0.0,0.0,,0.9996821809842493,0.9417661961970516,0.10459762271118198
h1_global_shrunk_global_strong,MED1,True,0.41869478736064625,0.32246576085039547,1.298416260555784,57.91828402749027,179.61064726608552,302,0.006622516556291391,0.009933774834437087,0.6666666666666666,0.9890871963192727,0.9681361618862752,0.11878594964698229
h1_global_shrunk_ridge,TMSB4X,True,0.3332547192881947,0.39310274870461487,0.8477547419507078,61.62210389255012,156.75826255505066,0,,,,,,0.10358513150210187
h1_global_shrunk_ridge,PRCP,True,0.2755999239500079,0.35407374920571905,0.7783687002164134,51.448475810494514,145.30440600554837,6,0.16666666666666666,0.16666666666666666,1.0,0.9732751963912518,,0.11124612435062471
h1_global_shrunk_ridge,TADA1,True,0.3253513850006663,0.39749291812329285,0.8185086329003476,60.25847651346191,151.59635245318046,533,0.024390243902439025,0.05065666041275797,0.48148148148148145,0.9500646435606667,0.9733581129309262,0.1457474763063991
h1_global_shrunk_ridge,HIRA,True,0.4729327226963778,0.4359414431920991,1.0848537804376135,65.63062560858785,150.54917726568954,32,0.0,0.0,,0.9962977573293845,0.9587305054508867,0.09058325325708184
h1_global_shrunk_ridge,IGF2R,True,0.3501072231724181,0.4201033159587073,0.833383622248844,63.76001754654132,151.77223107852927,6,0.0,0.0,,0.9973559891790797,,0.11063752788849157
h1_global_shrunk_ridge,NCK2,True,0.24422354454726025,0.263617518241011,0.9264313926359783,44.58747710610491,169.13700350270742,2,0.5,0.5,1.0,0.9903665787916356,,0.11480172115354571
h1_global_shrunk_ridge,MED13,True,0.3573377925365334,0.30789491263831037,1.1605836208028044,50.69085970987529,164.6368862528844,113,0.0,0.008849557522123894,0.0,0.994732618359746,0.9805010505109886,0.12281047730844548
h1_global_shrunk_ridge,MED12,True,0.43112222874954254,0.38631541194508323,1.1159850614782845,66.79008693682816,172.89003977486334,68,0.0,0.0,,0.997465169784622,1.0112741965938845,0.11468779742348223
h1_global_shrunk_ridge,STAT1,True,0.4121597218842682,0.3559602678418609,1.1578812556332116,56.94985423724933,159.98935662827938,8,0.25,0.25,1.0,0.9782193040575389,,0.1091015490872531
h1_global_shrunk_ridge,USP22,True,0.43323144698784066,0.37236179474108444,1.1634691128532153,55.801683278968646,149.85877731567336,21,0.0,0.0,,0.9997393403842505,0.9720264789594729,0.12025555300449951
h1_global_shrunk_ridge,MED13L,True,0.4639713097342953,0.34633021004028713,1.3396790008019326,59.28174354816972,171.1711592854511,16,0.0,0.0,,0.9998866037312821,0.9832849134813263,0.11291627531054461
h1_global_shrunk_ridge,TET1,True,0.3616053870879314,0.38382096214691735,0.9421199537025744,63.056261483865875,164.28561152876654,46,0.0,0.0,,0.9978402580889115,0.9850264264430302,0.1213525128135962
h1_global_shrunk_ridge,KIF1B,True,0.30515895904902834,0.3237469365096562,0.9425848545131378,52.911476677134445,163.4346790971296,2,0.0,0.0,,0.9999877006080069,,0.10894028417198127
h1_global_shrunk_ridge,SRC,False,0.4472550448329398,0.36451327673899137,1.2269924674189452,58.732099718764424,161.1247201863085,6,0.16666666666666666,0.16666666666666666,1.0,0.9919601878071034,,0.09904364377925089
h1_global_shrunk_ridge,PBX1,True,0.31843317725099657,0.35700971408993715,0.8919454140420885,55.666298289949395,155.92376367643055,5,0.0,0.0,,0.9999999814289613,,0.10265121579913442
h1_global_shrunk_ridge,CAST,True,0.3380390517147477,0.3436432082791635,0.9836919327098611,57.18311594450536,166.4025785082644,38,0.07894736842105263,0.13157894736842105,0.6,0.9715608328213388,0.9370067466543827,0.12848852264950086
h1_global_shrunk_ridge,IDE,True,0.40445279621167807,0.43595691489190413,0.9277357059744368,68.24310291782898,156.53634702582917,0,,,,,,0.1006393881670387
h1_global_shrunk_ridge,MAPKAPK2,True,0.1661029531853128,0.33243537625558134,0.49965486542446164,52.0722823577538,156.63881186254932,5,0.0,0.0,,0.9993332169681408,,0.10303013666110986
h1_global_shrunk_ridge,PTPN1,True,0.1334224968738303,0.3801127551453872,0.35100768145177935,55.92299588989768,147.12212398267982,2,0.0,0.0,,0.9997850588307838,,0.1652625544113673
h1_global_shrunk_ridge,KDM2B,True,0.3204205343400802,0.29483081573991665,1.08679458602705,52.21411225511276,177.0985577748194,44,0.022727272727272728,0.022727272727272728,1.0,0.9952297076837041,0.9432964612833565,0.11037128771957891
h1_global_shrunk_ridge,ATP1B1,False,0.3218513944972123,0.37270369242927487,0.8635583736758593,57.22739431858485,153.54662559304924,2,0.0,0.0,,0.9999903323064282,,0.09985867840202862
h1_global_shrunk_ridge,KAT2A,True,0.17517261561072917,0.39013904539780925,0.4490004722088573,59.6897630524348,152.99612729500458,738,0.02981029810298103,0.05962059620596206,0.5,0.9451266990036259,0.9953363781144319,0.11899649733272523
h1_global_shrunk_ridge,NISCH,True,0.2980645339138204,0.3650116175525996,0.816589170263514,56.136593072148614,153.7939900339175,6,0.16666666666666666,0.16666666666666666,1.0,0.9736698974914896,,0.10173894012633651
h1_global_shrunk_ridge,KDR,False,0.41758513401568925,0.3305500613554575,1.2633037558769002,54.25761478741688,164.14341163612997,7,0.14285714285714285,0.14285714285714285,1.0,0.9887857414919973,,0.10137478528013394
h1_global_shrunk_ridge,WFS1,False,0.3445709169418151,0.39823069327611244,0.8652545440612421,61.31984878083001,153.98071975912217,4,0.0,0.0,,0.9995233805797276,,0.09747047557063344
h1_global_shrunk_ridge,TARBP2,True,0.36606750006281225,0.42907510770810264,0.8531548288087731,65.49421453006492,152.64044302150538,4,0.0,0.0,,0.9986847268311412,,0.09218482783425902
h1_global_shrunk_ridge,MAP3K7,True,0.3086801289317104,0.393632152590855,0.7841842362215656,60.89718882668281,154.7058298613628,1,0.0,0.0,,0.9999993072776396,,0.11002156709123156
h1_global_shrunk_ridge,HMGN1,True,0.34542925269928865,0.3502090278845111,0.9863516505725297,58.755439567327926,167.77248696942155,3,0.0,0.0,,0.9999993779006416,,0.0996882211632947
h1_global_shrunk_ridge,TSC22D4,True,0.40804567640440953,0.3652094838527338,1.1172921143771528,58.22434207826761,159.42724560172118,3,0.3333333333333333,0.3333333333333333,1.0,0.9723021770350176,,0.11210931845835487
h1_global_shrunk_ridge,FOXH1,True,0.4195140203761986,0.3387307756351083,1.2384880576310924,55.16935947530066,162.8708208513385,32,0.0,0.0,,0.9982784791040509,0.9977833075410424,0.10751375245453623
h1_global_shrunk_ridge,PAGR1,True,0.3561283004839097,0.36111491803356244,0.9861910508244656,57.25885269768401,158.56130510886928,18,0.0,0.0,,0.9992810478947773,0.9673928506242843,0.0951735820928567
h1_global_shrunk_ridge,KLF10,True,0.2665435421559923,0.3102655876762498,0.8590818728956826,48.1962931833254,155.33882936968305,15,0.0,0.0,,0.9990027860403122,0.9812116595525008,0.10474276622698643
h1_global_shrunk_ridge,POLB,True,0.34702406101633426,0.4180430480689362,0.8301156127804074,64.35077911076796,153.9333793685199,3,0.0,0.0,,0.995884771646974,,0.09708813347262409
h1_global_shrunk_ridge,RNF2,True,0.42995280580285317,0.476631535639916,0.9020653768232247,70.860133577096,148.66857997962848,377,0.021220159151193633,0.029177718832891247,0.7272727272727273,0.9800342283846731,0.9847959015166949,0.08650974498662516
h1_global_shrunk_ridge,SMARCA5,True,0.29175425477893263,0.4156293128362473,0.7019578402399163,64.04779489533621,154.09835860294635,953,0.04302203567681007,0.06400839454354669,0.6721311475409836,0.9280206478843428,0.9862104767681475,0.10993097729126
h1_global_shrunk_ridge,ACAT2,True,0.26696912943142315,0.3580098332723593,0.7457033428138381,50.95514144776144,142.32888795821663,313,0.054313099041533544,0.05750798722044728,0.9444444444444444,0.9599582541436688,0.9363043673402258,0.10380631420230631
h1_global_shrunk_ridge,TRAM2,True,0.4075079290718785,0.41813103814886965,0.9745938279922454,63.68602736156377,152.31116934899546,1,0.0,0.0,,0.9999990827097175,,0.10094450321982365
h1_global_shrunk_ridge,CAMSAP2,False,0.38588009387982586,0.31793816887461296,1.213695402617757,57.22890420559281,180.000106335652,2,0.0,0.0,,0.9999901778581249,,0.1000977354570606
h1_global_shrunk_ridge,CDCA2,True,0.32807979924830366,0.418275305052758,0.7843633015985063,63.080655661202464,150.8113314345583,8,0.125,0.125,1.0,0.9866926453730079,,0.10009972733462892
h1_global_shrunk_ridge,CREG1,True,0.36617004914057927,0.38270812364474943,0.9567867168674953,60.92691419060599,159.19942751767056,4,0.0,0.0,,0.9996727972189928,,0.10856345311738351
h1_global_shrunk_ridge,CASP2,True,0.34574962017650696,0.4058543620623455,0.851905640288263,62.16740095798344,153.17662385610524,2,0.0,0.0,,0.9999976085028985,,0.09296885816099854
h1_global_shrunk_ridge,UBE3C,True,0.3016219963870334,0.3837835596155569,0.7859169285134927,62.30754592896898,162.35074267220722,37,0.10810810810810811,0.10810810810810811,1.0,0.9540622136864232,0.7610108663592812,0.15236350509494415
h1_global_shrunk_ridge,EIF4B,True,0.37630999302224416,0.3601265943535708,1.0449380826698529,56.41543813143629,156.6544626694463,124,0.016129032258064516,0.016129032258064516,1.0,0.9890354307322176,0.9620303987589777,0.12739032190862273
h1_global_shrunk_ridge,STAG2,True,0.3818479316784805,0.3471644560241198,1.0999050307498963,58.68742124879745,169.04789712896198,453,0.026490066225165563,0.03090507726269316,0.8571428571428571,0.9724230541525212,0.9675706697669723,0.13793654126342994
h1_global_shrunk_ridge,HMGB2,True,0.3462426604873133,0.37861037953305765,0.9145091608802071,59.973147129871435,158.4033359144476,26,0.07692307692307693,0.07692307692307693,1.0,0.9768726141907953,0.8279976074748622,0.10974971772336385
h1_global_shrunk_ridge,TGFBR2,False,0.45585315477499166,0.31683302991032797,1.438780404000208,52.02621647962456,164.20704777639295,260,0.05,0.06153846153846154,0.8125,0.9518676590379632,0.9950194179172934,0.10381040359958961
h1_global_shrunk_ridge,ANTXR1,False,0.5293913446412106,0.4001958164875848,1.3228307814098148,66.1621531641978,165.32444977782606,2,0.0,0.0,,0.999990447257079,,0.08994395579672493
h1_global_shrunk_ridge,MTA1,True,0.2945617694419193,0.3741110466560579,0.787364532736525,55.84766456272549,149.28098237652284,28,0.17857142857142858,0.17857142857142858,1.0,0.9362943623169505,0.7350688968072088,0.10165605231585273
h1_global_shrunk_ridge,DHCR24,True,0.2513210948967919,0.37011597293641646,0.679033365955182,52.52143408742356,141.90534299487368,32,0.0,0.0,,0.997808658801008,0.9256561005353616,0.12218517213592724
h1_global_shrunk_ridge,NDUFB4,True,0.39406156320092667,0.3408106484467774,1.1562478021060576,60.43019235909211,177.313099325091,17,0.058823529411764705,0.058823529411764705,1.0,0.9920251662129134,0.821169881403978,0.13452508202329533
h1_global_shrunk_ridge,ACVR1B,True,0.478102073770599,0.3857256971460796,1.2394872244913855,64.80775938162884,168.01514615471743,25,0.04,0.04,1.0,0.990920884669214,0.9329248239086697,0.10431584333472162
h1_global_shrunk_ridge,DHX36,True,0.3574539891620647,0.40042572179070335,0.8926848843863749,60.90452326997715,152.09942807273268,1387,0.17519826964671953,0.18745493871665464,0.9346153846153846,0.8024544407702179,0.8784828036211176,0.13476924442338495
h1_global_shrunk_ridge,LZTR1,True,0.26884873653239116,0.32986776040732096,0.8150197406391475,51.16155234101362,155.09715856390238,191,0.04712041884816754,0.05235602094240838,0.9,0.9424872354698657,0.9329801701535035,0.11561913247338064
h1_global_shrunk_ridge,INSIG1,True,0.36859138453182116,0.40644873423273525,0.9068582418582788,60.694506930351764,149.32881275894854,219,0.0410958904109589,0.0410958904109589,1.0,0.9703688695369609,0.9564398581427113,0.11150737695411682
h1_global_shrunk_ridge,LAD1,False,0.3926911491806075,0.3477402562505711,1.1292657152056795,52.539950109574605,151.0896399400934,2,0.0,0.0,,0.9999933462495324,,0.10532778786416971
h1_global_shrunk_ridge,TCF3,True,0.42706716985968884,0.46944692164529095,0.9097240820387704,66.71213411032987,142.10793815948557,6,0.0,0.0,,0.9999985155145351,,0.10142206679051434
h1_global_shrunk_ridge,DAXX,True,0.3557317435835141,0.3251208141321731,1.0941524753899536,52.075513837901426,160.1728083048257,28,0.03571428571428571,0.03571428571428571,1.0,0.9968604255525692,0.975927057061583,0.1261003393627804
h1_global_shrunk_ridge,CLDN7,True,0.2740146834663572,0.3534906118175218,0.7751682061865013,56.03227626412615,158.51135614614574,7,0.0,0.0,,0.9999230137711999,,0.11820972726682505
h1_global_shrunk_ridge,NIT1,True,0.3607278470135802,0.3266222685202677,1.1044190239931424,52.93876723322377,162.07947937248127,143,0.013986013986013986,0.013986013986013986,1.0,0.9893377545116254,0.9780556901284388,0.103672863689544
h1_global_shrunk_ridge,PRR12,True,0.2617392443654795,0.3506442677972459,0.7464523689770562,57.20953105868288,163.1554721201469,105,0.01904761904761905,0.01904761904761905,1.0,0.9861366854762466,0.9622857773830077,0.10157888818907573
h1_global_shrunk_ridge,ARID1A,True,0.427556266788085,0.4325748222836514,0.9883984105476309,68.25245434140818,157.78184680534443,220,0.01818181818181818,0.04090909090909091,0.4444444444444444,0.9630241032220757,0.9937004200314169,0.11174236949768712
h1_global_shrunk_ridge,STX4,True,0.3022885515446703,0.3547425380748792,0.8521350531716134,56.70706392299114,159.85414162826277,19,0.0,0.0,,0.9989441194579148,0.9789089672309781,0.10550333831945105
h1_global_shrunk_ridge,CENPO,True,0.2938657524371078,0.43772023630002815,0.6713551900663838,66.46327014391055,151.83961039981344,5,0.2,0.2,1.0,0.9918429749604515,,0.09533817552283366
h1_global_shrunk_ridge,NRAS,True,0.28060212680223534,0.4134094858547508,0.6787510601554589,60.587272446896314,146.55510944948014,5,0.2,0.2,1.0,0.9891738805129274,,0.0938803982736954
h1_global_shrunk_ridge,CHMP3,True,0.3298476186326936,0.4557599985236062,0.7237309542329416,64.47303336992412,141.46268557745032,98,0.02040816326530612,0.04081632653061224,0.5,0.9839753108140531,1.0178487463388561,0.10644696499957446
h1_global_shrunk_ridge,EID2,True,0.35603708701799347,0.3874136223035026,0.9190102425956295,56.80548096862121,146.6274743538042,4,0.0,0.0,,0.9992505112724822,,0.11028179533782813
h1_global_shrunk_ridge,UQCRQ,True,0.3592375397901549,0.3126052119938359,1.149173225548263,51.51754634876668,164.80066349559945,48,0.0,0.0,,0.9968136824382988,1.0004877269411623,0.10308688729849115
h1_global_shrunk_ridge,ZNF426,True,0.4400868111616443,0.4396601463769548,1.0009704422568328,70.38776677304882,160.0958543845362,3,0.0,0.0,,0.9999984158921067,,0.09631714439598153
h1_global_shrunk_ridge,BIRC2,True,0.3975084721882555,0.3659525045607208,1.0862296807215832,59.54652566221798,162.71654086285315,75,0.02666666666666667,0.02666666666666667,1.0,0.9603128958825721,0.896798168015708,0.10393392999871325
h1_global_shrunk_ridge,PLCB3,True,0.28703562732736376,0.3622650497964357,0.7923359636505236,58.35358927157869,161.07982071240048,2,0.0,0.0,,0.9991639392085488,,0.10138108828693755
h1_global_shrunk_ridge,TFAM,True,0.4491742904802342,0.34826010329504686,1.2897667181235877,59.754827165398666,171.5810298108544,98,0.09183673469387756,0.09183673469387756,1.0,0.9365291681712534,0.8642413922123194,0.1576572794698759
h1_global_shrunk_ridge,PMS1,True,0.49085184526031367,0.38656350750562635,1.2697831940413296,62.81032779980458,162.4838521491592,1,0.0,0.0,,0.9980169289263807,,0.10619436045368497
h1_global_shrunk_ridge,ZNF286A,True,0.38586500544449354,0.38406684924609524,1.0046818833802709,61.99565221440269,161.4189101092614,2,0.0,0.0,,0.9999998777535333,,0.09932867659373236
h1_global_shrunk_ridge,GSK3B,True,0.4390009684249477,0.4493430186860618,0.976984063775252,67.93168551031987,151.18001768217312,217,0.03225806451612903,0.04608294930875576,0.7,0.966030030627336,0.9502783293805838,0.13372491363878444
h1_global_shrunk_ridge,LRPPRC,True,0.48177964554931235,0.4225101556775447,1.1402794443525792,73.1536240729652,173.14051056513605,98,0.07142857142857142,0.07142857142857142,1.0,0.9549110462763849,0.8151142465708975,0.13435492018868614
h1_global_shrunk_ridge,CASP3,True,0.3129290837224085,0.3740715215635226,0.8365488033262879,57.21559085015445,152.953613284989,417,0.03357314148681055,0.047961630695443645,0.7,0.9198373770339754,0.9537839544001259,0.10663822595288362
h1_global_shrunk_ridge,MAST2,True,0.4521339005428928,0.42667600495083713,1.0596656369157413,67.0505254793239,157.14622969494067,0,,,,,,0.09150544483552106
h1_global_shrunk_ridge,HAT1,True,0.3100812219703708,0.37913258344158046,0.8178701475763567,60.418932533296925,159.36096018137866,29,0.0,0.0,,0.9989390135809268,1.0465208604056067,0.10736578003242893
h1_global_shrunk_ridge,MAU2,True,0.20953326612188442,0.32346237796733945,0.6477824946400454,47.81125202456303,147.81085925668492,902,0.057649667405764965,0.07982261640798226,0.7222222222222222,0.9311657438951515,0.9673184349051055,0.11405020449457487
h1_global_shrunk_ridge,SMARCA4,True,0.37721709957367944,0.4097398454700255,0.9206258647873552,62.29528121095461,152.0361807612187,2229,0.10273665320771647,0.16195603409600717,0.6343490304709142,0.8299221070596484,0.9835885801306786,0.10163866872333205
h1_global_shrunk_ridge,TWF2,True,0.3096613327826929,0.32319716664240117,0.958118958775759,53.603221169250205,165.85300461052321,4,0.0,0.0,,0.9999936552114923,,0.11351969920093025
h1_global_shrunk_ridge,IRF3,True,0.38568029014060795,0.39744604350906376,0.9703966021033307,62.90780527618494,158.28011450502797,4,0.25,0.25,1.0,0.9844942266007103,,0.09449597132021939
h1_global_shrunk_ridge,MKI67,True,0.19670716865468504,0.32908563447206507,0.597738545987436,50.561160145765726,153.6413469608856,5,0.0,0.0,,0.9999170481072672,,0.11569828494972206
h1_global_shrunk_ridge,AKT2,True,0.35258328028130015,0.3945623413603382,0.8936060118299525,66.20672169394403,167.79787312109457,50,0.02,0.02,1.0,0.9801040303059995,0.9440738152971719,0.12654482905199163
h1_global_shrunk_ridge,SSBP1,True,0.2916260493547957,0.35882355633772484,0.8127282732806905,53.542715456484586,149.2173925339789,59,0.13559322033898305,0.15254237288135594,0.8888888888888888,0.950813260049699,0.8108030014607971,0.13564145236796074
h1_global_shrunk_ridge,PHF14,True,0.3807461004239725,0.42329376230138677,0.8994843164092737,67.60637467937751,159.71502701058353,24,0.0,0.0,,0.9996867093455194,0.9999862892659154,0.09471731185263486
h1_global_shrunk_ridge,DNMT1,True,0.24345289293729674,0.5837436269648392,0.4170544768139468,65.72772167783427,112.59689809306178,1279,0.08835027365129007,0.12431587177482409,0.710691823899371,0.8291565583456367,0.9612822813214146,0.1195464579277536
h1_global_shrunk_ridge,TMSB10,True,0.2848789167106876,0.40442524451505624,0.7044043876447033,62.31367789031328,154.07959501893413,263,0.12547528517110265,0.12927756653992395,0.9705882352941176,0.8798687355637053,0.9027661478833621,0.10616570435558959
h1_global_shrunk_ridge,CLDN6,True,0.3262969407001354,0.36576581307863293,0.8920925057312219,59.62582281845981,163.0163910524939,4,0.0,0.0,,0.9998613334746393,,0.0997350632291435
h1_global_shrunk_ridge,DLG5,True,0.30253944317404186,0.3982864651389261,0.7596026218679391,59.61181057765541,149.67069131224994,85,0.047058823529411764,0.058823529411764705,0.8,0.9739409051403026,0.930436043407172,0.10827427893794861
h1_global_shrunk_ridge,NDUFB6,True,0.44119444065398195,0.36212885384317073,1.2183355067449348,59.972705260089,165.61150712961893,12,0.0,0.0,,0.9978749731951198,0.8845867159112993,0.11680314759442997
h1_global_shrunk_ridge,STAT6,True,0.2803973247975856,0.407318394461861,0.6883983846789921,62.22139789543711,152.75862504968006,73,0.0,0.0,,0.9967775468304522,1.0055600506683697,0.1094037693333716
h1_global_shrunk_ridge,ZNF714,True,0.3358667461381827,0.4297064937326226,0.7816189679162028,64.73523427909332,150.64988596465963,8,0.125,0.125,1.0,0.9903875774228763,,0.10489244777293259
h1_global_shrunk_ridge,SAFB,True,0.3125676921051218,0.3978511716723179,0.7856397425984254,63.21122896358032,158.88159559234117,165,0.030303030303030304,0.030303030303030304,1.0,0.9838711483103927,0.9318650010486751,0.10404389265181734
h1_global_shrunk_ridge,SOX2,True,0.2867493346767544,0.37421722616191866,0.7662643903856042,61.84622658356864,165.26825132525732,1156,0.03633217993079585,0.06920415224913495,0.525,0.9360287452539449,1.0031774585030233,0.12071932438972423
h1_global_shrunk_ridge,SLC25A3,True,0.29997351144577905,0.31977555643918815,0.9380751761832212,53.14583325775446,166.19729740931973,21,0.0,0.0,,0.9993252771551621,0.9838641549725682,0.11774522778494571
h1_global_shrunk_ridge,ZNF593,True,0.2697257947306458,0.3304257505773687,0.8162977439238346,52.45522221866384,158.75040648922283,21,0.0,0.0,,0.9994928634640766,0.9873596107760623,0.10637191755663986
h1_global_shrunk_ridge,RAF1,True,0.2956985446895523,0.35440328677762184,0.8343561014294287,58.34576295609596,164.63098716323785,38,0.0,0.0,,0.9958677414170796,0.9631513872959182,0.09792850635142264
h1_global_shrunk_ridge,METTL17,True,0.3089651582835937,0.3595321897389034,0.8593532570976968,56.268889143843445,156.5058449556536,81,0.024691358024691357,0.024691358024691357,1.0,0.9887943642209303,0.9074740442806779,0.12577341721471785
h1_global_shrunk_ridge,IKBKG,True,0.2862862227742786,0.4042938721325746,0.7081141776009918,62.059753782835664,153.50159391603455,12,0.0,0.0,,0.9997470852872141,0.9993408923048391,0.09612863760550792
h1_global_shrunk_ridge,SMAGP,True,0.40695436360594583,0.42796840529390745,0.9508981470874465,65.04531691270786,151.98625905115114,79,0.0759493670886076,0.0759493670886076,1.0,0.9653769662226421,0.9219929721018069,0.09869293029491168
h1_global_shrunk_ridge,MAP1B,True,0.34748357871471575,0.3844263527418942,0.9039015567905616,62.48555932338603,162.5423410172381,3,0.3333333333333333,0.3333333333333333,1.0,0.9924237101245212,,0.09534375427478596
h1_global_shrunk_ridge,TAZ,True,0.3095655273314416,0.419411858272926,0.7380943605318773,66.16415370229883,157.75460897732535,22,0.0,0.0,,0.9939873030034002,0.8498683189386066,0.11104662695337171
h1_global_shrunk_ridge,OXCT1,True,0.40147129957154404,0.357388601482381,1.123346681752905,55.96750219098798,156.60125129577514,129,0.14728682170542637,0.14728682170542637,1.0,0.7984435374700035,0.8463392210013169,0.10099370382877092
h1_global_shrunk_ridge,WSB2,True,0.28666344697820867,0.31157147913479966,0.9200567644196515,46.9422273512905,150.66278685598564,106,0.03773584905660377,0.03773584905660377,1.0,0.9841801607630025,0.9511672051114136,0.11103572170770673
h1_global_shrunk_ridge,C1QBP,True,0.2529566785703038,0.3178287349357523,0.7958898952967166,50.26516856908376,158.15174351445802,66,0.030303030303030304,0.045454545454545456,0.6666666666666666,0.9914893395213469,0.9455317402600797,0.10606949307875085
h1_global_shrunk_ridge,CALM3,True,0.2848447605819355,0.42320697919822153,0.6730625310612375,64.38982131505408,152.14735219405537,1,0.0,0.0,,0.9974170421695222,,0.09444260820017104
h1_global_shrunk_ridge,SIX4,True,0.3167551105705338,0.29619939799105044,1.0693982253809455,50.194731912494795,169.46263987346595,25,0.04,0.04,1.0,0.9930930217252537,0.9491539370894125,0.10781018215888864
h1_global_shrunk_ridge,RRM1,True,0.35133296652062396,0.37916632677537176,0.9265932697888621,60.556587188136646,159.709823662722,5,0.0,0.0,,0.9988218829633037,,0.11189044696424663
h1_global_shrunk_ridge,MBTPS1,True,0.3605078836524763,0.32247107616215853,1.1179541679923894,57.15888317251117,177.25274419268575,384,0.09635416666666667,0.10416666666666667,0.925,0.9216607283421306,0.918609460882001,0.1021877245884134
h1_global_shrunk_ridge,RAB3B,False,0.3941068795369781,0.3871518904027511,1.0179644974146758,62.44378062526662,161.29013488816196,0,,,,,,0.09039890995967811
h1_global_shrunk_ridge,XRCC4,True,0.2447786607632219,0.3696439781755905,0.6622011319414641,57.3534849432551,155.158715763011,14,0.07142857142857142,0.07142857142857142,1.0,0.9823534318689101,0.7975152686551661,0.10262060934091732
h1_global_shrunk_ridge,TRAPPC6A,True,0.4996589103555851,0.433265065259615,1.1532407074089541,67.96450469784406,156.86587760570848,230,0.034782608695652174,0.043478260869565216,0.8,0.957944256056473,0.9493908751393492,0.09893009306931927
h1_global_shrunk_ridge,SIN3B,True,0.29581970567517013,0.39141610448504327,0.7557678447195161,56.22756567843648,143.65164088588244,1161,0.10163652024117141,0.1231696813092162,0.8251748251748252,0.8805782910724731,0.9804439614614958,0.10755172430546982
h1_global_shrunk_ridge,SV2A,False,0.2838809389313293,0.4061067625748043,0.6990303168838239,62.1862208699579,153.12776491502842,18,0.05555555555555555,0.05555555555555555,1.0,0.9905990180381045,0.9817673325729404,0.09529862877206775
h1_global_shrunk_ridge,EWSR1,True,0.36328961012528505,0.4277383867406712,0.8493266477519583,63.328443941121705,148.05415156605153,178,0.02247191011235955,0.02247191011235955,1.0,0.9852513747180542,0.9457862029236548,0.10112964193697077
h1_global_shrunk_ridge,TXNDC9,True,0.2364218861031129,0.41568064001557165,0.5687584730774482,62.200826213955295,149.63609133113636,24,0.0,0.0,,0.9991525835858157,0.9807587029849999,0.09828435618491456
h1_global_shrunk_ridge,TMBIM6,True,0.2410510619250257,0.31584674172040766,0.7631899591935882,49.03782024199507,155.25827486738518,6,0.16666666666666666,0.16666666666666666,1.0,0.9938411911029116,,0.11539423837717461
h1_global_shrunk_ridge,METTL3,True,0.3362880899698589,0.39962497352455395,0.841509195493751,64.8271455018909,162.2199557003105,2926,0.24162679425837322,0.2819548872180451,0.8569696969696969,0.6739730025425135,0.9037292026288998,0.09392097485611023
h1_global_shrunk_ridge,METTL14,True,0.3055623903662771,0.2987953167752853,1.0226478569477748,46.54807559067088,155.7858272112017,3008,0.24800531914893617,0.29188829787234044,0.8496583143507973,0.6504700452428123,0.9187263263322913,0.11499566199962205
h1_global_shrunk_ridge,MED24,True,0.3516466364848397,0.351948488459953,0.9991423404702371,57.18170914354711,162.47181340019768,647,0.04482225656877898,0.05564142194744977,0.8055555555555556,0.957847978171863,0.9707332151316092,0.11384638859961702
h1_global_shrunk_ridge,ATM,True,0.2544418359015347,0.4867922118382009,0.5226908518949469,67.76082117900928,139.1986550547598,76,0.0,0.0,,0.9958525394356528,0.9795898820978385,0.09325358598057969
h1_global_shrunk_ridge,PHF10,True,0.2781907660520378,0.32423754036342955,0.8579844448000097,55.20219905292775,170.25233719406157,120,0.08333333333333333,0.08333333333333333,1.0,0.9521115889671421,0.8852802647667962,0.15098031167592632
h1_global_shrunk_ridge,DZIP3,False,0.3400619357767609,0.3906146322624837,0.870581662051634,59.03906044011332,151.1440063014344,1,0.0,0.0,,0.9999440941979172,,0.10090154082063692
h1_global_shrunk_ridge,ZNF562,True,0.3290020541211852,0.3079556300890731,1.0683423908373575,50.33364144497102,163.44445928919214,10,0.0,0.0,,0.9996777120582069,0.9496547328019037,0.10638340256019646
h1_global_shrunk_ridge,MED1,True,0.41863722196475955,0.32251055010418517,1.2980574490649104,57.926328654354,179.61064726608552,302,0.006622516556291391,0.009933774834437087,0.6666666666666666,0.9890912397136128,0.9680812176410682,0.1188464373303128
