source_target_gene,n_cells
A1BG,387
AAAS,411
AACS,176
AAGAB,99
AAK1,240
AAMDC,195
AAMP,157
AAR2,93
AARS,46
AARS2,358
AARSD1,367
AASDH,85
AASDHPPT,177
AATF,182
ABCA7,708
ABCA8,46
ABCB6,235
ABCB7,244
ABCB8,88
ABCB9,532
ABCB10,38
ABCC1,201
ABCC4,170
ABCC5,306
ABCC10,131
ABCD3,207
ABCD4,117
ABCE1,120
ABCF1,490
ABCF2,217
ABCF3,260
ABCG1,294
ABHD2,229
ABHD3,50
ABHD5,143
ABHD6,295
ABHD8,192
ABHD10,148
ABHD11,155
ABHD12,233
ABHD13,113
ABHD14A,210
ABHD14B,802
ABHD16A,223
ABHD17A,250
ABHD17B,58
ABI1,85
ABI2,179
ABITRAM,225
ABL1,226
ABL2,460
ABO,553
ABR,66
ABRACL,224
ABRAXAS1,230
ABRAXAS2,201
ABT1,202
AC015871.1,229
AC118549.1,158
ACAA1,249
ACAA2,204
ACACA,166
ACAD8,208
ACAD9,131
ACAD10,141
ACADM,127
ACADS,103
ACADSB,216
ACADVL,268
ACAP2,160
ACAP3,179
ACAT1,213
ACAT2,152
ACBD3,237
ACBD5,238
ACBD6,214
ACCS,110
ACD,153
ACER3,311
ACIN1,355
ACLY,90
ACO1,157
ACO2,155
ACOT7,348
ACOT8,119
ACOT9,247
ACOT12,422
ACOT13,147
ACOX1,178
ACP1,49
ACP2,57
ACP5,363
ACSF3,89
ACSL1,406
ACSL3,130
ACSL4,93
ACSM3,75
ACSS2,132
ACTB,363
ACTG1,19
ACTL6A,62
ACTN1,273
ACTN4,305
ACTR1A,451
ACTR1B,517
ACTR2,498
ACTR3,261
ACTR3B,117
ACTR3C,122
ACTR5,50
ACTR6,184
ACTR8,408
ACTR10,99
ACVR1B,212
ACVR2B,115
ACY1,70
ACYP1,236
ACYP2,85
ADA,173
ADAL,119
ADAM9,214
ADAM10,84
ADAM15,117
ADAM17,258
ADAMTS3,135
ADAMTS14,140
ADAMTSL4,101
ADAR,394
ADARB1,374
ADAT1,192
ADAT2,175
ADAT3,318
ADCK2,309
ADCK5,81
ADCY3,262
ADCY7,60
ADD1,280
ADD2,210
ADD3,207
ADH5,171
ADI1,100
ADIPOR1,143
ADIPOR2,241
ADK,219
ADNP,156
ADNP2,87
ADO,150
ADORA2B,174
ADPGK,93
ADPRHL2,151
ADRM1,403
ADSL,255
ADSS,87
ADTRP,141
AEBP1,255
AEBP2,167
AEN,321
AFF1,142
AFF4,154
AFG3L2,26
AFMID,88
AFTPH,156
AGA,30
AGAP1,105
AGAP3,90
AGBL5,372
AGFG1,243
AGFG2,293
AGGF1,189
AGK,90
AGL,166
AGO1,165
AGO2,42
AGO3,188
AGPAT1,261
AGPAT2,115
AGPAT3,163
AGPAT4,207
AGPAT5,97
AGPS,163
AGRN,126
AGTRAP,47
AHCTF1,584
AHCY,198
AHCYL1,314
AHDC1,170
AHI1,120
AHNAK,531
AHR,128
AHRR,145
AHSA1,73
AHSA2,236
AHSP,132
AIDA,244
AIF1,251
AIFM1,150
AIFM2,172
AIG1,106
AIMP1,283
AIMP2,182
AIP,34
AIRE,155
AK1,201
AK2,210
AK3,184
AK4,173
AKAP1,126
AKAP8,184
AKAP8L,139
AKAP9,156
AKAP11,84
AKAP13,259
AKAP17A,81
AKIP1,87
AKIRIN1,126
AKIRIN2,277
AKNA,417
AKR1A1,76
AKR1C1,122
AKR1C2,208
AKR1E2,182
AKR7A2,254
AKT1,228
AKT1S1,193
AKT2,105
ALAD,222
ALAS1,108
ALAS2,47
ALDH1A1,173
ALDH1A2,202
ALDH1B1,269
ALDH2,276
ALDH4A1,229
ALDH5A1,201
ALDH9A1,201
ALDH16A1,78
ALDH18A1,195
ALDOA,133
ALDOC,71
ALG1,182
ALG1L,378
ALG2,372
ALG3,183
ALG5,224
ALG6,248
ALG8,139
ALG9,97
ALG11,277
ALG12,168
ALG13,327
ALG14,285
ALKBH2,164
ALKBH3,252
ALKBH4,145
ALKBH5,143
ALKBH6,178
ALKBH7,274
ALKBH8,245
ALMS1,171
ALS2,50
ALX1,76
ALX3,129
ALX4,262
ALYREF,312
AMBRA1,249
AMD1,29
AMDHD2,133
AMFR,292
AMH,280
AMHR2,184
AMMECR1,205
AMN1,98
AMOTL1,99
AMPD2,616
AMPD3,85
AMZ2,228
ANAPC1,114
ANAPC2,166
ANAPC4,12
ANAPC5,45
ANAPC7,160
ANAPC10,15
ANAPC11,195
ANAPC13,257
ANAPC15,1091
ANAPC16,110
ANGEL2,110
ANGPT1,185
ANHX,210
ANK1,99
ANK3,48
ANKFY1,220
ANKHD1,191
ANKIB1,67
ANKLE1,85
ANKLE2,288
ANKMY1,162
ANKMY2,173
ANKRA2,123
ANKRD9,142
ANKRD10,163
ANKRD11,563
ANKRD12,206
ANKRD13A,59
ANKRD13B,495
ANKRD13C,132
ANKRD13D,337
ANKRD16,131
ANKRD17,77
ANKRD26,229
ANKRD27,245
ANKRD28,79
ANKRD33B,237
ANKRD36,153
ANKRD36C,103
ANKRD39,78
ANKRD40,346
ANKRD46,362
ANKRD49,311
ANKRD52,13
ANKRD54,82
ANKS1A,89
ANKS3,210
ANKS6,220
ANKZF1,252
ANLN,166
ANO6,134
ANO10,241
ANP32A,95
ANP32B,260
ANP32E,154
ANTKMT,211
ANTXR2,171
ANXA1,119
ANXA2,221
ANXA2R,100
ANXA3,217
ANXA4,126
ANXA5,264
ANXA6,238
ANXA7,159
ANXA11,133
AOPEP,140
AP1AR,241
AP1B1,443
AP1G1,169
AP1G2,236
AP1M1,211
AP1S1,158
AP1S2,179
AP2A1,90
AP2A2,193
AP2B1,228
AP2M1,572
AP2S1,169
AP3B1,206
AP3D1,102
AP3M1,85
AP3M2,184
AP3S1,318
AP3S2,157
AP4B1,122
AP4M1,134
AP4S1,90
AP5B1,74
AP5M1,208
AP5S1,130
AP5Z1,234
APAF1,261
APBA2,246
APBA3,288
APBB3,63
APC,361
APEH,84
APEX1,206
APEX2,94
APH1A,166
APH1B,185
API5,206
APIP,188
APLP1,176
APLP2,242
APMAP,217
APOBEC3B,187
APOBEC3C,224
APOBEC3G,291
APOBR,178
APOC1,265
APOE,129
APOL2,176
APOM,160
APOO,144
APOOL,115
APPBP2,103
APPL1,117
APRT,119
APTX,248
AQP3,292
AQP7,260
AQP10,161
AQR,19
AR,117
ARAF,222
ARAP1,286
ARCN1,253
AREG,105
AREL1,154
ARF1,174
ARF3,268
ARF4,194
ARF5,452
ARF6,357
ARFGAP1,260
ARFGAP2,160
ARFGAP3,73
ARFGEF1,243
ARFGEF2,23
ARFIP1,221
ARFIP2,87
ARFRP1,391
ARG2,150
ARGFX,187
ARGLU1,673
ARHGAP1,153
ARHGAP4,322
ARHGAP5,332
ARHGAP6,164
ARHGAP11A,109
ARHGAP11B,443
ARHGAP12,167
ARHGAP17,88
ARHGAP18,154
ARHGAP19,105
ARHGAP21,321
ARHGAP22,198
ARHGAP24,173
ARHGAP25,171
ARHGAP35,181
ARHGAP45,149
ARHGDIA,179
ARHGDIB,219
ARHGEF1,607
ARHGEF2,132
ARHGEF6,76
ARHGEF7,202
ARHGEF9,82
ARHGEF10,350
ARHGEF11,164
ARHGEF12,262
ARHGEF18,321
ARHGEF25,211
ARHGEF39,219
ARID1A,271
ARID1B,480
ARID2,200
ARID3A,54
ARID3B,274
ARID3C,203
ARID4A,251
ARID4B,66
ARID5A,222
ARID5B,260
ARIH1,91
ARIH2,129
ARL1,117
ARL2,26
ARL2BP,398
ARL3,221
ARL4A,209
ARL4D,333
ARL5A,88
ARL5B,189
ARL6IP1,305
ARL6IP4,137
ARL6IP5,179
ARL6IP6,211
ARL8A,215
ARL8B,227
ARL11,192
ARL13B,129
ARL14EP,233
ARL15,254
ARL16,203
ARL17A,212
ARMC1,211
ARMC5,204
ARMC6,132
ARMC7,169
ARMC8,182
ARMC10,204
ARMCX3,196
ARMCX5,134
ARMCX6,215
ARNT,95
ARNT2,115
ARNTL,265
ARNTL2,310
ARPC1A,229
ARPC1B,77
ARPC2,483
ARPC3,342
ARPC4,381
ARPC4-TTLL3,355
ARPC5,172
ARPC5L,257
ARPP19,239
ARRB1,55
ARRB2,81
ARRDC1,244
ARRDC2,386
ARRDC3,129
ARRDC4,266
ARSK,158
ARV1,179
ARVCF,445
ARX,439
ASAH1,208
ASAH2B,217
ASAP1,251
ASAP3,221
ASB1,283
ASB3,245
ASB6,112
ASB7,34
ASB8,10
ASB13,659
ASCC1,103
ASCC2,182
ASCC3,128
ASCL1,227
ASCL2,186
ASCL3,39
ASCL4,142
ASCL5,89
ASF1A,200
ASF1B,680
ASH1L,306
ASH2L,66
ASIC4,293
ASL,110
ASMTL,79
ASNS,144
ASNSD1,240
ASPH,224
ASPM,286
ASPSCR1,131
ASRGL1,287
ASXL1,307
ASXL2,249
ATAD1,157
ATAD2,67
ATAD2B,164
ATAD3A,72
ATAD3B,75
ATAD5,181
ATE1,226
ATF1,348
ATF2,188
ATF3,310
ATF4,103
ATF5,50
ATF6,127
ATF6B,194
ATF7,28
ATF7IP,333
ATF7IP2,163
ATG2A,120
ATG2B,79
ATG3,193
ATG4A,118
ATG4B,187
ATG4C,173
ATG4D,133
ATG5,180
ATG7,281
ATG9A,147
ATG10,144
ATG12,44
ATG13,134
ATG16L1,100
ATIC,74
ATL2,157
ATL3,168
ATM,157
ATMIN,144
ATN1,192
ATOH1,193
ATOH7,113
ATOH8,241
ATOX1,128
ATP1A1,118
ATP1B3,133
ATP2A2,297
ATP2A3,166
ATP2B1,148
ATP2B4,71
ATP2C1,91
ATP5F1A,175
ATP5F1B,98
ATP5F1C,73
ATP5F1D,159
ATP5F1E,25
ATP5IF1,108
ATP5MC1,294
ATP5MC2,112
ATP5MC3,133
ATP5MD,86
ATP5ME,183
ATP5MF,375
ATP5MG,92
ATP5MPL,34
ATP5PB,36
ATP5PD,110
ATP5PF,115
ATP5PO,215
ATP6AP1,170
ATP6AP2,384
ATP6V0A1,133
ATP6V0A2,108
ATP6V0B,294
ATP6V0C,42
ATP6V0D1,198
ATP6V0E1,197
ATP6V0E2,86
ATP6V1A,29
ATP6V1B2,169
ATP6V1C1,93
ATP6V1D,337
ATP6V1E1,283
ATP6V1E2,278
ATP6V1F,100
ATP6V1G1,190
ATP6V1H,147
ATP7A,213
ATP7B,103
ATP8B2,189
ATP9B,177
ATP11A,271
ATP11B,193
ATP11C,47
ATP13A1,74
ATP13A2,382
ATP13A3,122
ATP23,184
ATPAF1,148
ATPAF2,264
ATPSCKMT,70
ATR,78
ATRAID,144
ATRIP,164
ATRX,413
ATXN1L,109
ATXN2,121
ATXN2L,139
ATXN3,342
ATXN7,481
ATXN7L1,165
ATXN7L3,318
ATXN7L3B,132
ATXN10,75
AUH,144
AUNIP,262
AUP1,238
AURKA,24
AURKAIP1,129
AURKB,40
AVEN,152
AVL9,310
AVPI1,201
AXIN1,124
AXL,236
AZI2,159
AZIN1,31
B2M,277
B3GALNT2,185
B3GALT6,261
B3GAT3,213
B3GNT2,163
B3GNT5,62
B3GNTL1,217
B4GALNT1,39
B4GALNT4,304
B4GALT1,140
B4GALT2,219
B4GALT3,173
B4GALT4,287
B4GALT5,179
B4GALT7,146
B9D1,182
B9D2,94
BABAM1,171
BABAM2,112
BACH1,192
BACH2,318
BAD,361
BAG1,196
BAG2,93
BAG3,333
BAG4,161
BAG5,78
BAG6,199
BAHCC1,256
BAHD1,316
BAIAP2,363
BAIAP2L1,193
BAK1,92
BAMBI,107
BANF1,287
BANP,238
BAP1,371
BARD1,328
BARHL1,120
BARHL2,193
BARX1,119
BARX2,135
BATF,235
BATF2,196
BATF3,194
BAX,382
BAZ1A,202
BAZ1B,224
BAZ2A,341
BAZ2B,389
BBC3,145
BBIP1,231
BBS1,142
BBS2,318
BBS4,233
BBS7,276
BBX,196
BCAP29,54
BCAP31,211
BCAR1,535
BCAS2,119
BCAT1,165
BCAT2,126
BCCIP,52
BCKDHA,266
BCKDHB,114
BCKDK,293
BCL2L1,375
BCL2L2,186
BCL2L11,252
BCL2L12,121
BCL2L13,198
BCL6,155
BCL6B,149
BCL7A,220
BCL7B,46
BCL7C,119
BCL10,236
BCL11A,138
BCL11B,152
BCLAF1,144
BCOR,225
BCORL1,212
BCR,261
BCS1L,209
BDH2,141
BDP1,184
BECN1,130
BEND6,186
BEST1,529
BET1,94
BET1L,311
BEX2,179
BEX4,79
BFAR,218
BGLAP,91
BHLHA9,300
BHLHA15,161
BHLHE22,212
BHLHE23,218
BHLHE40,424
BHLHE41,93
BICD1,340
BICD2,312
BID,185
BIN3,223
BIRC2,270
BIRC5,41
BIRC6,230
BIVM,320
BLCAP,231
BLM,106
BLMH,311
BLOC1S1,76
BLOC1S2,70
BLOC1S3,412
BLOC1S4,131
BLOC1S5,304
BLOC1S6,157
BLVRA,264
BLVRB,267
BLZF1,278
BMI1,220
BMP1,157
BMP2K,80
BMPR2,197
BMS1,23
BNC1,130
BNC2,136
BNIP1,170
BNIP2,292
BNIP3,135
BNIP3L,575
BOD1,126
BOD1L1,434
BOLA1,323
BOLA2,307
BOLA3,216
BOP1,492
BORA,63
BPGM,167
BPHL,31
BPNT1,133
BPTF,104
BRAF,161
BRAP,198
BRAT1,395
BRCA1,197
BRCA2,360
BRCC3,373
BRD1,246
BRD2,169
BRD3,227
BRD4,239
BRD7,115
BRD8,127
BRD9,76
BRF1,269
BRF2,376
BRI3,146
BRI3BP,386
BRIP1,308
BRIX1,116
BRK1,391
BRMS1,101
BRMS1L,128
BROX,72
BRPF1,230
BRPF3,166
BRWD1,189
BRWD3,80
BSCL2,362
BSDC1,74
BSG,226
BST2,77
BSX,275
BTAF1,161
BTBD1,159
BTBD2,213
BTBD3,123
BTBD7,139
BTBD10,242
BTF3,83
BTF3L4,340
BTG1,342
BTG2,163
BTG3,177
BTK,175
BTN2A1,70
BTN2A2,60
BTN3A2,101
BTNL9,285
BUB1,676
BUB1B,234
BUB3,278
BUD13,122
BUD23,73
BUD31,52
BYSL,120
BZW1,138
BZW2,274
C1D,361
C1GALT1,52
C1GALT1C1,195
C1QBP,306
C1QTNF4,446
C1RL,210
C1orf35,217
C1orf43,130
C1orf50,246
C1orf52,352
C1orf53,234
C1orf56,91
C1orf61,454
C1orf109,561
C1orf112,267
C1orf122,64
C1orf131,51
C1orf159,199
C1orf174,281
C1orf198,350
C1orf216,206
C2CD2,73
C2CD2L,295
C2CD3,26
C2orf42,245
C2orf49,201
C2orf68,24
C2orf69,227
C2orf76,207
C2orf88,237
C3orf33,62
C3orf38,249
C4orf3,151
C4orf33,235
C4orf36,291
C4orf46,151
C4orf48,131
C5orf15,231
C5orf22,208
C5orf24,112
C5orf30,279
C5orf34,101
C5orf51,85
C6orf15,389
C6orf47,118
C6orf52,232
C6orf62,340
C6orf89,253
C6orf120,213
C6orf136,242
C7orf26,205
C7orf50,194
C8orf33,225
C8orf44,128
C8orf76,115
C8orf82,232
C9orf16,561
C9orf40,144
C9orf64,188
C9orf78,424
C9orf85,243
C10orf88,73
C11orf1,171
C11orf24,193
C11orf49,206
C11orf54,133
C11orf58,283
C11orf68,229
C11orf71,123
C11orf74,17
C11orf80,164
C11orf95,217
C11orf96,266
C12orf4,258
C12orf29,352
C12orf43,111
C12orf45,108
C12orf49,88
C12orf57,113
C12orf60,40
C12orf65,105
C12orf73,120
C12orf76,165
C14orf93,399
C14orf119,157
C14orf178,87
C15orf39,124
C15orf40,254
C15orf41,181
C15orf61,183
C16orf58,53
C16orf70,379
C16orf72,338
C16orf86,489
C16orf87,261
C16orf91,311
C16orf95,125
C17orf49,208
C17orf53,168
C17orf58,95
C17orf75,363
C17orf80,164
C17orf99,159
C18orf21,57
C18orf25,313
C18orf32,32
C19orf12,196
C19orf25,332
C19orf47,283
C19orf48,126
C19orf53,363
C19orf54,181
C19orf73,101
C19orf81,192
C20orf27,162
C20orf96,139
C20orf203,151
C21orf58,306
C21orf91,194
C22orf39,445
C22orf46,113
CA5A,482
CA8,238
CA11,376
CAAP1,15
CAB39,349
CAB39L,327
CABIN1,276
CACNB3,911
CACTIN,46
CACUL1,228
CACYBP,246
CAD,58
CADM4,845
CALB1,159
CALCOCO1,50
CALCOCO2,434
CALM1,317
CALM2,212
CALM3,74
CALML4,213
CALR,190
CALU,163
CAMK1,253
CAMK2G,254
CAMKK2,16
CAMKMT,298
CAMLG,155
CAMSAP1,133
CAMTA1,173
CAMTA2,166
CAND1,59
CANT1,62
CANX,377
CAP1,69
CAPG,281
CAPN1,29
CAPN2,148
CAPN7,267
CAPN10,241
CAPN15,86
CAPNS1,235
CAPRIN1,44
CAPZA1,226
CAPZA2,88
CAPZB,65
CARD8,339
CARD9,136
CARD11,282
CARF,85
CARHSP1,86
CARM1,156
CARMIL1,24
CARS,28
CARS2,197
CASC3,244
CASC4,53
CASP2,156
CASP3,234
CASP6,372
CASP7,308
CASP8,178
CASP8AP2,211
CASP9,71
CASP10,63
CASS4,185
CAST,137
CASZ1,146
CAT,220
CAV2,283
CAVIN1,259
CBFA2T2,120
CBFA2T3,305
CBFB,153
CBL,206
CBLL1,236
CBLL2,42
CBLN1,352
CBR1,216
CBR4,206
CBS,229
CBWD1,195
CBX1,309
CBX2,188
CBX3,32
CBX4,285
CBX5,171
CBX6,102
CBX8,159
CBY1,294
CC2D1A,220
CC2D1B,223
CCAR1,167
CCAR2,392
CCDC6,252
CCDC8,179
CCDC9,182
CCDC12,311
CCDC14,185
CCDC17,42
CCDC18,154
CCDC22,124
CCDC25,158
CCDC28A,296
CCDC28B,263
CCDC32,161
CCDC34,136
CCDC43,79
CCDC47,173
CCDC50,168
CCDC51,171
CCDC57,302
CCDC58,73
CCDC59,186
CCDC61,208
CCDC66,205
CCDC69,46
CCDC71,157
CCDC71L,211
CCDC74A,237
CCDC77,320
CCDC78,212
CCDC82,225
CCDC84,48
CCDC85B,137
CCDC85C,169
CCDC86,132
CCDC88A,163
CCDC88B,157
CCDC88C,226
CCDC90B,41
CCDC91,210
CCDC92,265
CCDC93,196
CCDC97,116
CCDC106,366
CCDC107,203
CCDC112,91
CCDC115,346
CCDC116,167
CCDC117,186
CCDC124,554
CCDC125,215
CCDC127,83
CCDC130,276
CCDC136,290
CCDC137,280
CCDC138,287
CCDC142,204
CCDC144A,294
CCDC144NL,148
CCDC150,168
CCDC167,155
CCDC169,218
CCDC169-SOHLH2,229
CCDC174,98
CCHCR1,132
CCM2,243
CCNA2,54
CCNB1,445
CCNB1IP1,183
CCNB2,65
CCNC,237
CCND1,312
CCND2,162
CCND3,138
CCNDBP1,62
CCNE1,181
CCNE2,81
CCNF,309
CCNG1,139
CCNH,96
CCNI,69
CCNJ,44
CCNK,746
CCNL1,427
CCNL2,168
CCNO,176
CCNQ,151
CCNT1,168
CCNT2,310
CCNY,329
CCP110,66
CCPG1,302
CCR10,214
CCS,137
CCSAP,187
CCSER2,163
CCT2,60
CCT3,82
CCT4,115
CCT5,50
CCT6A,96
CCT7,49
CCT8,79
CCZ1,269
CCZ1B,164
CD2AP,133
CD2BP2,371
CD3D,200
CD3EAP,119
CD7,110
CD8B,209
CD9,167
CD24,253
CD33,298
CD46,88
CD47,189
CD52,128
CD53,99
CD55,284
CD58,220
CD59,321
CD63,256
CD68,174
CD69,122
CD81,275
CD99,115
CD99L2,18
CD151,232
CD164,295
CD226,80
CD276,183
CD320,148
CDADC1,177
CDAN1,167
CDC5L,33
CDC6,117
CDC7,235
CDC14A,219
CDC14B,266
CDC16,80
CDC20,126
CDC23,31
CDC25A,215
CDC25B,112
CDC25C,143
CDC26,13
CDC27,340
CDC34,242
CDC37,373
CDC40,58
CDC42,124
CDC42BPA,235
CDC42BPB,102
CDC42EP1,244
CDC42EP4,158
CDC42SE1,130
CDC42SE2,143
CDC45,164
CDC73,102
CDC123,249
CDCA2,128
CDCA3,91
CDCA4,122
CDCA5,123
CDCA7,250
CDCA7L,101
CDCA8,96
CDIPT,470
CDK1,244
CDK2,235
CDK2AP1,364
CDK2AP2,142
CDK4,105
CDK5,204
CDK5RAP1,143
CDK5RAP2,113
CDK5RAP3,243
CDK6,349
CDK7,30
CDK8,181
CDK9,337
CDK10,105
CDK11A,432
CDK11B,94
CDK12,58
CDK13,209
CDK16,189
CDK17,104
CDK19,115
CDKAL1,227
CDKL1,152
CDKN1B,222
CDKN1C,153
CDKN2AIP,235
CDKN2AIPNL,149
CDKN2C,306
CDKN2D,239
CDKN3,100
CDPF1,393
CDR2,210
CDR2L,43
CDS2,73
CDT1,16
CDV3,65
CDX1,171
CDX2,319
CDX4,160
CDYL,124
CEBPA,89
CEBPB,172
CEBPD,179
CEBPE,166
CEBPG,57
CEBPZ,85
CELF1,210
CELF2,217
CEMIP2,244
CENPA,65
CENPB,228
CENPBD1,62
CENPC,99
CENPE,118
CENPF,184
CENPH,172
CENPI,31
CENPJ,154
CENPK,73
CENPL,193
CENPM,58
CENPN,223
CENPO,197
CENPP,116
CENPQ,170
CENPS,111
CENPT,92
CENPV,296
CENPW,92
CEP19,157
CEP44,202
CEP55,54
CEP57,107
CEP57L1,244
CEP63,60
CEP68,128
CEP70,314
CEP72,114
CEP76,261
CEP78,71
CEP85,274
CEP85L,261
CEP89,212
CEP95,127
CEP97,332
CEP104,231
CEP120,218
CEP135,52
CEP152,289
CEP164,195
CEP170,165
CEP192,129
CEP250,174
CEP290,151
CEP350,115
CEPT1,150
CERCAM,404
CERK,209
CERS2,162
CERS4,309
CERS5,47
CERS6,262
CERT1,126
CES2,158
CETN2,208
CETN3,121
CFAP298,164
CFAP410,319
CFD,125
CFDP1,292
CFH,21
CFL1,23
CFL2,127
CFLAR,265
CGGBP1,296
CHAC1,205
CHAC2,175
CHAF1A,35
CHAF1B,86
CHAMP1,212
CHCHD1,169
CHCHD2,163
CHCHD3,85
CHCHD4,138
CHCHD5,271
CHCHD6,195
CHCHD7,189
CHCHD10,320
CHD1,74
CHD1L,188
CHD2,337
CHD3,174
CHD4,89
CHD6,185
CHD7,310
CHD8,237
CHD9,185
CHDH,165
CHEK1,199
CHEK2,94
CHERP,116
CHFR,90
CHI3L2,310
CHIC2,67
CHID1,195
CHKA,277
CHKB,197
CHM,207
CHML,15
CHMP1A,151
CHMP1B,134
CHMP2A,75
CHMP2B,258
CHMP3,51
CHMP4A,250
CHMP4B,224
CHMP5,213
CHMP6,207
CHMP7,459
CHORDC1,552
CHP1,157
CHPF,798
CHPF2,278
CHPT1,209
CHRAC1,126
CHRNA5,272
CHRNB1,117
CHST2,166
CHST10,213
CHST11,210
CHST12,210
CHSY1,207
CHTF8,55
CHTF18,235
CHTOP,271
CHUK,181
CHURC1,304
CIAO1,621
CIAO2A,130
CIAO2B,298
CIAO3,142
CIAPIN1,211
CIB1,100
CIB2,111
CIC,136
CINP,102
CIP2A,68
CIR1,137
CIRBP,178
CISD1,195
CISD2,260
CISD3,178
CISH,222
CIT,42
CITED1,166
CITED2,333
CIZ1,262
CKAP2,194
CKAP2L,163
CKAP5,411
CKB,136
CKLF,185
CKS2,219
CLASP1,70
CLASP2,408
CLASRP,235
CLCA1,109
CLCC1,131
CLCN2,175
CLCN3,236
CLCN6,236
CLCN7,203
CLDN6,101
CLDN7,132
CLDN15,235
CLDND1,243
CLEC2B,57
CLEC2D,58
CLEC2L,47
CLEC11A,220
CLEC16A,235
CLHC1,47
CLIC1,119
CLIC2,140
CLIC4,221
CLINT1,373
CLIP1,80
CLK1,227
CLK2,248
CLK3,360
CLK4,284
CLN3,237
CLN5,264
CLN6,231
CLN8,196
CLNS1A,51
CLOCK,188
CLP1,99
CLPB,229
CLPP,107
CLPTM1,234
CLPTM1L,251
CLPX,150
CLSPN,105
CLSTN1,172
CLSTN3,339
CLTA,235
CLTB,264
CLTC,174
CLU,398
CLUAP1,103
CLUH,244
CMAS,85
CMBL,210
CMC1,236
CMC2,200
CMC4,280
CMIP,58
CMPK1,518
CMPK2,247
CMSS1,224
CMTM3,240
CMTM4,178
CMTM6,245
CMTM7,147
CMTR1,303
CMTR2,140
CNBD2,134
CNBP,191
CNDP2,337
CNEP1R1,190
CNIH1,87
CNIH4,79
CNN1,432
CNN2,496
CNNM3,357
CNOT1,146
CNOT2,111
CNOT3,232
CNOT4,70
CNOT6,238
CNOT6L,106
CNOT7,165
CNOT8,243
CNOT9,231
CNOT10,271
CNOT11,199
CNP,165
CNPPD1,352
CNPY2,154
CNPY3,312
CNST,249
CNTRL,346
CNTROB,336
COA1,63
COA3,86
COA4,176
COA5,406
COA6,57
COA8,350
COASY,457
COBL,561
COCH,225
COG1,66
COG2,285
COG3,37
COG4,202
COG5,133
COG6,300
COG7,94
COG8,70
COIL,148
COL2A1,121
COL18A1,275
COLEC11,400
COLGALT1,190
COLGALT2,269
COMMD1,241
COMMD2,165
COMMD3,350
COMMD4,201
COMMD5,319
COMMD6,419
COMMD7,259
COMMD8,157
COMMD9,219
COMMD10,205
COMT,67
COMTD1,197
COP1,72
COPA,167
COPB1,64
COPB2,114
COPE,167
COPG1,612
COPG2,274
COPRS,285
COPS2,67
COPS3,97
COPS4,243
COPS5,142
COPS6,203
COPS7A,148
COPS7B,139
COPS8,366
COPS9,104
COPZ1,304
COQ2,148
COQ3,22
COQ4,335
COQ5,351
COQ6,138
COQ7,164
COQ8A,687
COQ8B,241
COQ9,301
COQ10A,83
COQ10B,160
CORO1A,110
CORO1B,462
CORO1C,164
CORO2A,187
CORO7,345
COTL1,131
COX4I1,145
COX5A,124
COX5B,249
COX6A1,187
COX6B1,308
COX6C,174
COX7A2,151
COX7A2L,227
COX7B,168
COX7C,225
COX8A,239
COX10,176
COX11,150
COX14,76
COX15,162
COX16,56
COX17,288
COX18,187
COX19,17
COX20,382
CPAMD8,474
CPD,91
CPEB1,183
CPEB4,196
CPED1,119
CPNE1,123
CPNE2,303
CPNE3,219
CPNE7,237
CPNE8,141
CPOX,218
CPPED1,119
CPQ,252
CPSF1,49
CPSF2,28
CPSF3,451
CPSF4,78
CPSF6,89
CPSF7,211
CPT1A,192
CPT1C,235
CPT2,96
CPVL,137
CPXCR1,189
CPXM1,88
CR1L,105
CRADD,102
CRAT,182
CRBN,178
CRCP,319
CREB1,198
CREB3,125
CREB3L1,145
CREB3L2,203
CREB3L3,43
CREB3L4,218
CREB5,365
CREBBP,147
CREBL2,322
CREBZF,275
CREG1,277
CRELD1,258
CRELD2,142
CREM,100
CRIM1,27
CRIPT,168
CRK,442
CRKL,276
CRLF3,89
CRLS1,210
CRNKL1,194
CRTAP,100
CRTC2,250
CRTC3,188
CRX,255
CRY1,330
CRY2,305
CRYAB,336
CRYBG1,208
CRYM,73
CRYZ,153
CRYZL1,161
CS,495
CSAD,128
CSAG1,106
CSDE1,124
CSE1L,139
CSH2,452
CSK,150
CSKMT,257
CSMD1,207
CSNK1A1,256
CSNK1D,324
CSNK1E,231
CSNK1G1,252
CSNK1G2,270
CSNK1G3,265
CSNK2A1,153
CSNK2A2,257
CSNK2B,215
CSPP1,180
CSRNP1,216
CSRNP2,185
CSRNP3,139
CSRP1,122
CST3,195
CSTB,258
CSTF1,93
CSTF2,167
CSTF2T,160
CSTF3,109
CT45A5,350
CTAG2,271
CTBP1,218
CTBP2,260
CTBS,158
CTCF,109
CTCFL,367
CTDNEP1,115
CTDP1,117
CTDSP1,115
CTDSP2,100
CTDSPL,277
CTDSPL2,210
CTH,52
CTNNA1,42
CTNNAL1,201
CTNNB1,39
CTNNBIP1,290
CTNNBL1,79
CTNND1,97
CTPS1,17
CTPS2,206
CTR9,95
CTSA,264
CTSB,215
CTSC,306
CTSD,187
CTSF,141
CTSH,155
CTSL,258
CTSS,54
CTSV,231
CTSZ,104
CTTN,146
CTU1,177
CTU2,295
CTXN1,84
CUEDC2,136
CUL1,456
CUL2,95
CUL3,268
CUL4A,162
CUL4B,170
CUL5,191
CUL7,51
CUTA,204
CUTC,80
CUX1,277
CUX2,304
CWC15,58
CWC22,26
CWC25,316
CWC27,200
CWF19L1,165
CWF19L2,125
CXCL2,161
CXCL3,245
CXXC1,184
CXXC4,228
CXXC5,313
CXorf38,83
CXorf40A,97
CXorf40B,290
CXorf56,167
CYB5A,259
CYB5B,56
CYB5D2,216
CYB5R1,200
CYB5R2,124
CYB5R3,211
CYB5R4,253
CYB5RL,111
CYB561,182
CYB561A3,247
CYB561D2,165
CYBA,144
CYBC1,201
CYBRD1,140
CYC1,267
CYCS,220
CYFIP1,229
CYHR1,165
CYP2A13,310
CYP2R1,209
CYP3A5,108
CYP4F11,279
CYP20A1,197
CYP51A1,157
CYREN,196
CYS1,368
CYSTM1,214
CYTH1,193
CYTH2,203
CYTH3,217
CZIB,224
D2HGDH,243
DAAM1,234
DAB2,95
DACH1,118
DACH2,30
DAD1,158
DAG1,113
DAGLB,44
DALRD3,377
DAP,240
DAP3,224
DAPK1,209
DAPK3,131
DARS,67
DARS2,58
DAXX,295
DAZAP1,196
DAZAP2,100
DBF4,238
DBF4B,158
DBI,300
DBN1,187
DBNDD2,422
DBNL,160
DBP,79
DBR1,143
DBT,197
DBX1,161
DBX2,276
DCAF1,181
DCAF4,154
DCAF4L2,123
DCAF5,336
DCAF6,420
DCAF7,162
DCAF8,157
DCAF10,61
DCAF11,261
DCAF12,242
DCAF13,54
DCAF15,320
DCAF16,84
DCAF17,277
DCAKD,436
DCBLD2,99
DCK,176
DCLRE1A,153
DCLRE1B,345
DCLRE1C,97
DCP1A,135
DCP2,241
DCPS,139
DCTD,185
DCTN1,313
DCTN2,111
DCTN3,206
DCTN4,90
DCTN5,152
DCTN6,121
DCTPP1,342
DCUN1D1,225
DCUN1D2,71
DCUN1D4,244
DCUN1D5,144
DCXR,44
DDA1,402
DDAH2,66
DDB1,214
DDB2,69
DDHD1,126
DDHD2,166
DDI2,87
DDIT3,264
DDIT4,172
DDN,583
DDOST,174
DDR1,359
DDRGK1,136
DDT,324
DDX1,306
DDX3X,107
DDX5,310
DDX6,112
DDX10,126
DDX11,230
DDX17,254
DDX18,69
DDX19A,213
DDX19B,722
DDX20,108
DDX21,136
DDX23,86
DDX24,108
DDX27,48
DDX28,297
DDX31,113
DDX39A,59
DDX39B,78
DDX41,121
DDX42,99
DDX46,287
DDX47,145
DDX49,111
DDX50,259
DDX51,150
DDX52,144
DDX54,181
DDX55,201
DDX56,83
DDX59,258
DEAF1,100
DECR1,207
DECR2,70
DEDD,299
DEDD2,168
DEF6,161
DEF8,127
DEGS1,121
DEK,140
DELE1,79
DENND1A,83
DENND1B,115
DENND2D,431
DENND4A,89
DENND4B,457
DENND4C,281
DENND5A,124
DENND10,238
DENR,400
DEPDC1,195
DEPDC1B,80
DEPDC5,209
DEPDC7,173
DERA,32
DERL1,221
DERL2,82
DERL3,133
DES,499
DESI1,482
DESI2,239
DEXI,139
DFFA,70
DFFB,270
DGAT1,48
DGCR2,49
DGCR6L,182
DGCR8,130
DGKD,140
DGKE,190
DGKH,442
DGKQ,416
DGKZ,171
DGLUCY,193
DGUOK,130
DHCR7,147
DHCR24,148
DHDDS,93
DHFR,315
DHODH,401
DHPS,111
DHRS1,126
DHRS2,96
DHRS3,220
DHRS4,103
DHRS4L2,111
DHRS7,121
DHRS7B,99
DHRS11,188
DHRS12,125
DHRS13,186
DHRSX,215
DHTKD1,95
DHX8,145
DHX9,192
DHX15,101
DHX16,215
DHX29,49
DHX30,307
DHX32,220
DHX33,266
DHX34,293
DHX35,71
DHX36,435
DHX37,188
DHX38,48
DHX40,259
DHX57,130
DIABLO,147
DIAPH1,178
DIAPH3,280
DICER1,342
DIDO1,389
DIMT1,136
DIP2A,193
DIP2B,203
DIPK1B,366
DIPK2A,201
DIRAS1,215
DIRAS3,280
DIS3,46
DIS3L,259
DIS3L2,306
DIXDC1,171
DKC1,94
DLAT,18
DLC1,168
DLD,162
DLG1,204
DLG5,219
DLGAP4,138
DLGAP5,185
DLL3,169
DLST,49
DLX1,237
DLX2,311
DLX3,138
DLX4,179
DLX5,211
DLX6,166
DMAC1,19
DMAC2,221
DMAC2L,164
DMAP1,117
DMBX1,207
DMC1,70
DMD,131
DMPK,163
DMRT1,55
DMRT2,155
DMRT3,86
DMRTA1,204
DMRTA2,212
DMRTB1,200
DMRTC2,49
DMTF1,40
DMTN,365
DMWD,346
DMXL1,125
DMXL2,229
DNA2,16
DNAAF2,292
DNAAF3,370
DNAH14,268
DNAJA1,523
DNAJA2,26
DNAJA3,159
DNAJB1,214
DNAJB4,40
DNAJB6,227
DNAJB9,289
DNAJB11,399
DNAJB12,230
DNAJB14,209
DNAJC1,109
DNAJC2,49
DNAJC3,933
DNAJC4,53
DNAJC5,197
DNAJC6,236
DNAJC7,174
DNAJC8,488
DNAJC9,212
DNAJC10,240
DNAJC11,171
DNAJC12,79
DNAJC13,115
DNAJC14,121
DNAJC16,156
DNAJC17,13
DNAJC19,216
DNAJC21,117
DNAJC24,100
DNAJC25,177
DNAJC30,256
DNAL1,250
DNASE1L1,205
DNASE2,70
DNLZ,316
DNM1,247
DNM1L,224
DNM2,23
DNMT1,509
DNMT3A,102
DNMT3B,380
DNPEP,135
DNPH1,129
DNTTIP1,267
DNTTIP2,110
DOCK2,250
DOCK6,244
DOCK7,115
DOCK8,157
DOCK9,138
DOCK11,64
DOHH,305
DOK1,369
DOK2,144
DOK3,128
DOK4,390
DOLK,319
DOLPP1,222
DONSON,367
DOT1L,171
DPAGT1,273
DPCD,18
DPF1,380
DPF2,424
DPF3,100
DPH1,689
DPH2,246
DPH3,112
DPH5,101
DPH6,236
DPH7,180
DPM1,106
DPM2,310
DPM3,223
DPP3,124
DPP7,372
DPP8,196
DPP9,496
DPPA2,135
DPRX,172
DPY19L1,293
DPY19L2,84
DPY19L3,100
DPY19L4,244
DPY30,10
DPYSL2,188
DR1,287
DRAM1,345
DRAM2,221
DRAP1,435
DRG1,274
DRG2,188
DRGX,142
DROSHA,35
DSC2,197
DSCC1,86
DSCR4,214
DSG2,263
DSN1,83
DST,491
DSTN,141
DSTYK,193
DTD1,286
DTD2,212
DTL,111
DTNBP1,327
DTWD1,136
DTWD2,246
DTX2,56
DTYMK,227
DUS1L,241
DUS2,186
DUS3L,293
DUS4L,140
DUSP1,185
DUSP3,179
DUSP7,280
DUSP9,1351
DUSP10,306
DUSP11,245
DUSP12,126
DUSP13,287
DUSP14,204
DUSP22,146
DUSP23,229
DUSP28,243
DUT,48
DUXA,113
DVL1,130
DVL2,278
DVL3,338
DXO,44
DYM,203
DYNC1H1,156
DYNC1I2,144
DYNC1LI1,182
DYNC1LI2,172
DYNC2LI1,92
DYNLL1,128
DYNLL2,178
DYNLRB1,380
DYNLT1,323
DYNLT3,125
DYRK1A,111
DYRK2,85
DYRK3,73
DYRK4,178
DZIP1,162
E2F1,226
E2F2,214
E2F3,393
E2F4,158
E2F5,56
E2F6,308
E2F7,136
E2F8,179
E4F1,243
EAF1,44
EAF2,184
EAPP,216
EARS2,360
EBAG9,70
EBF1,115
EBF2,286
EBF3,183
EBF4,225
EBNA1BP2,112
EBP,222
EBPL,149
ECD,135
ECE1,282
ECE2,71
ECH1,283
ECHDC1,128
ECHDC3,197
ECHS1,270
ECI1,138
ECI2,99
ECM1,121
ECPAS,177
ECSIT,234
ECT2,37
EDARADD,162
EDC3,365
EDC4,448
EDEM1,172
EDEM2,121
EDEM3,202
EDF1,290
EEA1,217
EED,76
EEF1A1,64
EEF1A2,273
EEF1AKMT1,194
EEF1AKMT2,195
EEF1AKNMT,142
EEF1B2,60
EEF1D,199
EEF1E1,222
EEF1G,201
EEF2,443
EEF2K,260
EEFSEC,155
EFCAB2,201
EFCAB11,237
EFCAB14,90
EFHD1,31
EFHD2,46
EFNA1,137
EFNA3,341
EFNA4,213
EFR3A,48
EFTUD2,109
EGFL7,280
EGFL8,79
EGLN1,319
EGLN2,331
EGLN3,176
EGR1,374
EGR2,201
EGR3,298
EGR4,269
EHBP1,224
EHBP1L1,86
EHD1,178
EHD4,186
EHF,69
EHMT1,135
EHMT2,186
EI24,181
EID1,127
EID2,125
EID2B,37
EIF1,216
EIF1AD,108
EIF1AX,223
EIF1B,125
EIF2A,105
EIF2AK1,227
EIF2AK2,215
EIF2AK3,194
EIF2AK4,142
EIF2B1,217
EIF2B2,123
EIF2B3,80
EIF2B4,184
EIF2B5,237
EIF2D,105
EIF2S1,89
EIF2S2,247
EIF2S3,63
EIF3A,161
EIF3B,42
EIF3C,94
EIF3D,96
EIF3E,102
EIF3F,76
EIF3G,49
EIF3H,291
EIF3I,74
EIF3J,161
EIF3K,138
EIF3L,157
EIF3M,125
EIF4A1,58
EIF4A2,145
EIF4A3,24
EIF4B,107
EIF4E,172
EIF4E2,184
EIF4EBP1,139
EIF4EBP2,163
EIF4ENIF1,207
EIF4G1,223
EIF4G2,418
EIF4G3,278
EIF4H,239
EIF5,278
EIF5A,179
EIF5A2,178
EIF5AL1,83
EIF5B,69
EIF6,109
EIPR1,133
ELAC1,198
ELAC2,141
ELAVL1,220
ELF1,49
ELF2,211
ELF3,303
ELF4,244
ELF5,267
ELK1,143
ELK3,126
ELK4,120
ELL,122
ELL2,134
ELMO2,44
ELMOD2,127
ELMOD3,255
ELMSAN1,551
ELOA,205
ELOB,402
ELOF1,248
ELOVL1,350
ELOVL2,120
ELOVL5,293
ELOVL6,229
ELP1,82
ELP2,370
ELP3,197
ELP4,99
ELP5,317
ELP6,154
EMC1,195
EMC2,158
EMC3,458
EMC4,115
EMC6,155
EMC7,380
EMC8,366
EMC9,251
EMC10,187
EMD,360
EME1,156
EME2,181
EMG1,30
EMILIN2,316
EML2,150
EML3,130
EML4,68
EMP2,282
EMP3,48
EMX1,310
EMX2,150
EN1,17
EN2,212
ENDOD1,49
ENDOG,87
ENDOV,251
ENGASE,328
ENKD1,122
ENO1,123
ENO2,283
ENO3,285
ENOPH1,255
ENOSF1,265
ENOX2,124
ENPP3,297
ENSA,155
ENTPD4,321
ENTPD6,106
ENTPD7,30
ENTR1,54
ENY2,258
EOGT,71
EOMES,93
EP300,95
EP400,83
EPAS1,234
EPB41,276
EPB41L2,299
EPB41L5,178
EPC1,100
EPC2,259
EPCAM,144
EPHB4,271
EPHB6,201
EPHX1,77
EPHX2,222
EPM2AIP1,87
EPN1,155
EPN2,378
EPOP,232
EPOR,416
EPPK1,186
EPRS,122
EPS8L1,232
EPS8L2,164
EPS15,193
EPS15L1,118
ERAL1,231
ERAP1,297
ERBIN,109
ERC1,340
ERCC1,214
ERCC2,143
ERCC3,269
ERCC4,463
ERCC5,111
ERCC6L2,96
ERCC8,34
ERF,403
ERG,449
ERG28,244
ERGIC1,226
ERGIC2,153
ERGIC3,252
ERH,36
ERI1,164
ERI2,187
ERI3,231
ERICH1,112
ERLEC1,87
ERLIN1,197
ERLIN2,189
ERMAP,441
ERMARD,83
ERMP1,177
ERN1,361
ERP29,72
ERP44,269
ERV3-1,140
ERVW-1,375
ESAM,330
ESCO1,56
ESCO2,46
ESD,56
ESF1,233
ESPL1,106
ESPN,1006
ESR1,177
ESR2,305
ESRRA,205
ESRRB,273
ESRRG,519
ESS2,110
ESX1,190
ESYT1,330
ESYT2,81
ETAA1,169
ETF1,69
ETFA,152
ETFB,359
ETFDH,196
ETFRF1,253
ETHE1,304
ETNK1,294
ETNK2,240
ETS1,352
ETS2,91
ETV1,129
ETV2,286
ETV3,315
ETV3L,156
ETV4,96
ETV5,19
ETV6,250
ETV7,75
EVA1B,171
EVI5,117
EVL,203
EVX1,207
EVX2,205
EWSR1,158
EXD3,172
EXO1,251
EXO5,38
EXOC1,351
EXOC2,204
EXOC3,450
EXOC4,187
EXOC5,266
EXOC6,27
EXOC7,63
EXOC8,52
EXOG,98
EXOSC1,170
EXOSC2,161
EXOSC3,60
EXOSC4,139
EXOSC5,45
EXOSC6,51
EXOSC7,205
EXOSC8,131
EXOSC9,58
EXOSC10,210
EXPH5,78
EXT2,203
EXTL2,190
EXTL3,161
EYA3,132
EZH1,236
EZH2,198
EZR,367
F2R,89
F2RL3,336
F8A1,56
F11R,241
F12,402
FABP5,250
FADD,102
FADS1,251
FADS2,489
FADS3,58
FAF1,225
FAF2,379
FAH,379
FAHD1,218
FAHD2A,535
FAHD2B,62
FAIM,64
FAM3A,217
FAM3C,254
FAM8A1,316
FAM13A,174
FAM13B,118
FAM20B,122
FAM24B,130
FAM32A,304
FAM49B,315
FAM50A,42
FAM53B,148
FAM53C,215
FAM72B,141
FAM72C,191
FAM72D,446
FAM76A,302
FAM76B,152
FAM78A,271
FAM83A,68
FAM83D,339
FAM83G,89
FAM83H,243
FAM86C1,117
FAM89A,278
FAM89B,236
FAM91A1,160
FAM92A,110
FAM98A,210
FAM98B,120
FAM98C,306
FAM102B,164
FAM104A,227
FAM104B,94
FAM110A,191
FAM111A,94
FAM114A2,215
FAM117A,495
FAM117B,89
FAM118A,298
FAM118B,157
FAM120A,228
FAM120AOS,255
FAM120B,186
FAM120C,211
FAM122A,212
FAM122B,236
FAM124B,170
FAM126A,180
FAM126B,148
FAM131A,158
FAM133B,86
FAM135A,167
FAM136A,89
FAM156A,212
FAM156B,1006
FAM160A2,179
FAM160B2,346
FAM161A,39
FAM162A,113
FAM168B,134
FAM170A,95
FAM171A1,216
FAM171A2,363
FAM174A,167
FAM174C,153
FAM177A1,130
FAM178B,203
FAM184A,237
FAM185A,85
FAM189B,117
FAM192A,222
FAM193A,226
FAM193B,237
FAM199X,271
FAM200B,202
FAM204A,185
FAM207A,306
FAM210A,163
FAM210B,330
FAM216A,20
FAM217B,157
FAM219B,380
FAM222B,347
FAM229A,415
FAM229B,172
FAM241A,329
FAM241B,203
FAN1,293
FANCA,70
FANCB,121
FANCD2,142
FANCE,40
FANCF,85
FANCG,315
FANCI,20
FANCL,88
FANCM,78
FAR1,400
FAR2,175
FARP2,289
FARS2,90
FARSA,141
FARSB,102
FASN,212
FASTK,192
FASTKD1,143
FASTKD2,19
FASTKD3,136
FASTKD5,317
FAT1,319
FAU,55
FAXDC2,479
FBF1,306
FBH1,218
FBL,48
FBLIM1,291
FBRS,46
FBRSL1,70
FBXL3,155
FBXL4,261
FBXL5,491
FBXL8,383
FBXL12,345
FBXL13,77
FBXL14,648
FBXL15,37
FBXL19,467
FBXL20,147
FBXO3,418
FBXO4,238
FBXO5,287
FBXO6,85
FBXO7,89
FBXO8,98
FBXO9,281
FBXO11,110
FBXO17,230
FBXO21,197
FBXO22,226
FBXO25,227
FBXO27,309
FBXO28,30
FBXO31,237
FBXO33,159
FBXO34,236
FBXO38,198
FBXO41,251
FBXO42,305
FBXO44,272
FBXO45,183
FBXO46,239
FBXW2,208
FBXW4,305
FBXW5,64
FBXW7,798
FBXW9,88
FBXW11,334
FCER1G,141
FCF1,154
FCGR2A,174
FCGR2C,97
FCGRT,224
FCHO1,127
FCHSD1,96
FDFT1,257
FDPS,22
FDX1,209
FDX2,276
FDXR,387
FECH,6
FEM1A,226
FEM1B,187
FEN1,320
FERD3L,170
FERMT2,200
FERMT3,195
FES,63
FEV,314
FEZ1,234
FEZ2,374
FEZF1,250
FEZF2,93
FGD6,209
FGF2,171
FGF13,156
FGFR1,298
FGFR1OP,236
FGFR1OP2,382
FGFR3,272
FGFR4,154
FGFRL1,188
FGGY,298
FH,108
FHIT,258
FHL2,218
FHL3,320
FHOD1,135
FIBP,179
FIGLA,327
FIGNL1,248
FIP1L1,20
FIS1,226
FIZ1,194
FJX1,825
FKBP1A,131
FKBP1B,107
FKBP2,183
FKBP3,397
FKBP4,184
FKBP5,213
FKBP7,311
FKBP8,135
FKBP9,211
FKBP11,258
FKBP14,227
FKBP15,123
FKBPL,37
FKRP,229
FLAD1,174
FLCN,105
FLI1,143
FLII,320
FLNA,328
FLNB,169
FLNC,238
FLOT1,208
FLOT2,230
FLVCR1,119
FLYWCH1,246
FLYWCH2,241
FMC1,166
FMNL1,187
FMNL3,265
FMR1,252
FMR1NB,208
FN1,196
FN3KRP,81
FNBP1,32
FNBP4,357
FNDC3A,340
FNDC3B,152
FNDC4,235
FNDC10,121
FNIP1,121
FNIP2,210
FNTA,108
FOLR3,610
FOPNL,91
FOS,406
FOSB,311
FOSL1,192
FOSL2,87
FOXA1,240
FOXA2,85
FOXA3,183
FOXB1,208
FOXB2,24
FOXC1,188
FOXC2,167
FOXD1,154
FOXD2,165
FOXD3,434
FOXD4,240
FOXD4L1,184
FOXE1,253
FOXE3,210
FOXF1,240
FOXF2,88
FOXG1,184
FOXH1,286
FOXI1,281
FOXI2,110
FOXI3,94
FOXJ1,164
FOXJ2,210
FOXJ3,198
FOXK1,162
FOXK2,155
FOXL1,267
FOXL2,375
FOXM1,224
FOXN1,116
FOXN2,232
FOXN3,279
FOXN4,173
FOXO1,185
FOXO3,381
FOXO4,293
FOXO6,144
FOXP1,816
FOXP2,187
FOXP3,216
FOXP4,239
FOXQ1,275
FOXR1,255
FOXR2,113
FOXRED1,242
FOXRED2,122
FOXS1,155
FPGS,53
FPGT,157
FRA10AC1,60
FRAT2,252
FRG1,106
FRG2,111
FRMD8,152
FRRS1,170
FRYL,278
FSCN1,453
FSTL3,428
FTH1,73
FTL,158
FTO,240
FTSJ1,130
FTSJ3,64
FUBP1,68
FUBP3,118
FUCA1,173
FUCA2,248
FUNDC1,335
FUNDC2,69
FUOM,151
FURIN,241
FUS,215
FUT1,163
FUT8,341
FUT10,127
FUT11,42
FXN,306
FXR1,204
FXR2,210
FXYD5,318
FYN,219
FYTTD1,65
FZD2,187
FZD3,177
FZD5,197
FZR1,136
G0S2,114
G2E3,21
G3BP1,62
G3BP2,175
G6PC3,120
G6PD,175
GAA,134
GAB2,424
GAB3,133
GABARAP,140
GABARAPL1,165
GABARAPL2,82
GABBR1,347
GABPA,196
GABPB1,154
GABRE,209
GABRG3,72
GAD1,251
GADD45A,88
GADD45GIP1,91
GAK,414
GAL,444
GALC,285
GALE,156
GALK1,116
GALK2,136
GALM,96
GALNT1,144
GALNT2,211
GALNT5,81
GALNT6,158
GALNT7,57
GALNT10,161
GALNT11,284
GALNT12,141
GALT,229
GAMT,246
GAN,307
GANAB,268
GANC,57
GAPDH,357
GAPVD1,140
GAR1,271
GARS,486
GART,29
GAS2L1,218
GAS6,240
GAS8,313
GATA1,46
GATA2,329
GATA3,118
GATA4,175
GATA5,287
GATA6,105
GATAD1,170
GATAD2A,200
GATAD2B,258
GATC,212
GATD1,45
GATD3A,139
GBA,249
GBA2,186
GBE1,99
GBF1,82
GBGT1,141
GBX1,373
GBX2,194
GCAT,254
GCC1,112
GCC2,117
GCDH,187
GCFC2,155
GCHFR,164
GCLC,326
GCLM,202
GCM1,184
GCM2,251
GCOM1,197
GCSH,337
GDA,168
GDAP2,264
GDE1,309
GDF11,281
GDF15,38
GDI1,237
GDI2,162
GDPD5,376
GEMIN2,142
GEMIN4,89
GEMIN5,110
GEMIN6,242
GEMIN7,380
GEMIN8,187
GEN1,154
GET1,142
GET3,152
GET4,217
GFER,415
GFI1,312
GFI1B,42
GFM1,481
GFM2,52
GFOD1,330
GFOD2,276
GFPT1,114
GGA1,241
GGA2,198
GGA3,294
GGCT,315
GGCX,102
GGH,59
GGNBP2,220
GGPS1,242
GGT1,252
GHDC,130
GHITM,125
GID4,147
GID8,230
GIGYF1,307
GIGYF2,251
GINM1,85
GINS1,69
GINS2,65
GINS3,117
GINS4,67
GIPC1,158
GIPC3,183
GIPR,289
GIT1,194
GIT2,118
GJA3,256
GJC1,231
GK,178
GK5,180
GKAP1,72
GLA,68
GLB1,95
GLB1L2,196
GLCCI1,225
GLCE,237
GLE1,64
GLG1,194
GLI1,184
GLI2,229
GLI3,324
GLI4,329
GLIS1,47
GLIS2,93
GLIS3,249
GLMN,153
GLO1,170
GLOD4,222
GLOD5,60
GLRX,237
GLRX2,179
GLRX3,346
GLRX5,184
GLS,69
GLT8D1,342
GLTP,118
GLUD1,182
GLUD2,142
GLUL,187
GLYR1,237
GM2A,70
GMCL1,128
GMDS,184
GMEB1,161
GMEB2,140
GMFB,177
GMFG,201
GMIP,182
GMNN,55
GMPPA,281
GMPPB,347
GMPR,136
GMPR2,164
GMPS,153
GNA11,82
GNA13,117
GNAI2,85
GNAI3,211
GNAQ,124
GNAS,92
GNB1,52
GNB1L,168
GNB2,131
GNB4,123
GNE,107
GNG5,208
GNG7,393
GNG10,101
GNG12,192
GNL1,151
GNL2,205
GNL3,30
GNL3L,116
GNPAT,167
GNPDA1,122
GNPDA2,139
GNPNAT1,244
GNPTAB,184
GNPTG,209
GNS,276
GOLGA1,113
GOLGA2,206
GOLGA3,36
GOLGA4,204
GOLGA5,130
GOLGA6L1,482
GOLGA7,111
GOLGA8A,436
GOLGA8B,191
GOLGB1,118
GOLIM4,127
GOLM1,483
GOLPH3,107
GOLPH3L,66
GOLT1B,101
GON4L,440
GON7,247
GOPC,139
GORAB,249
GORASP1,245
GORASP2,194
GOSR1,130
GOSR2,126
GOT1,240
GOT2,232
GP1BB,298
GP6,262
GPAA1,141
GPALPP1,86
GPANK1,99
GPATCH1,215
GPATCH2,27
GPATCH2L,225
GPATCH3,262
GPATCH4,208
GPATCH8,284
GPATCH11,136
GPBP1,284
GPBP1L1,190
GPCPD1,227
GPD1L,178
GPD2,132
GPHN,274
GPI,231
GPKOW,83
GPN1,85
GPN2,43
GPN3,129
GPR61,238
GPR68,362
GPR89A,129
GPR89B,45
GPR107,129
GPR108,201
GPR137,257
GPR160,244
GPR180,208
GPRC5C,217
GPRIN1,253
GPS1,671
GPS2,305
GPSM1,359
GPSM2,242
GPSM3,257
GPT2,38
GPX4,322
GRAMD1A,255
GRAMD4,167
GRAP2,214
GRB2,436
GRB10,458
GRHL1,241
GRHL2,293
GRHL3,115
GRHPR,341
GRINA,6
GRIPAP1,227
GRK2,230
GRK3,120
GRK6,161
GRN,118
GRPEL1,206
GRPEL2,296
GRSF1,273
GRTP1,331
GRWD1,420
GSC,188
GSC2,142
GSDMA,264
GSE1,243
GSK3A,292
GSK3B,227
GSKIP,281
GSN,184
GSPT1,45
GSR,194
GSS,170
GSTCD,13
GSTK1,215
GSTM3,209
GSTM4,102
GSTO1,150
GSTP1,122
GSTZ1,169
GSX1,149
GSX2,167
GTF2A1,144
GTF2A2,237
GTF2B,29
GTF2E1,219
GTF2E2,115
GTF2F1,80
GTF2F2,62
GTF2H1,223
GTF2H2,382
GTF2H2C,176
GTF2H3,130
GTF2H4,153
GTF2H5,98
GTF2I,230
GTF2IRD1,93
GTF2IRD2,300
GTF2IRD2B,224
GTF3A,132
GTF3C1,301
GTF3C2,240
GTF3C3,159
GTF3C4,324
GTF3C5,424
GTF3C6,509
GTPBP1,235
GTPBP2,321
GTPBP3,145
GTPBP4,114
GTPBP6,171
GTPBP8,93
GTPBP10,151
GTSE1,253
GTSF1,38
GUCD1,205
GUF1,62
GUK1,313
GULP1,70
GUSB,230
GXYLT1,221
GYG1,270
GYPA,47
GYPB,115
GYPC,114
GYPE,53
GYS1,291
GZF1,307
H1FX,175
H2AFV,311
H2AFX,309
H2AFY,155
H2AFZ,271
H3F3A,522
H3F3B,132
HACE1,249
HACL1,158
HADH,183
HADHA,82
HADHB,63
HAGH,116
HAGHL,274
HAMP,83
HAND1,200
HAND2,229
HAPLN2,235
HARS,153
HARS2,104
HAT1,32
HAUS1,26
HAUS2,28
HAUS3,193
HAUS4,71
HAUS5,76
HAUS6,40
HAUS7,364
HAUS8,152
HAX1,191
HBA2,1199
HBD,92
HBE1,19
HBG1,84
HBG2,186
HBP1,182
HBQ1,216
HBS1L,71
HBZ,71
HCCS,134
HCFC1,104
HCFC1R1,80
HCLS1,211
HCRTR1,344
HDAC1,165
HDAC2,98
HDAC3,142
HDAC5,129
HDAC6,138
HDAC7,50
HDAC8,133
HDAC10,135
HDDC2,171
HDDC3,223
HDGF,35
HDHD2,81
HDHD3,45
HDHD5,124
HDLBP,330
HDX,219
HEATR1,106
HEATR3,118
HEATR5A,199
HEATR5B,51
HEBP1,106
HEBP2,46
HECTD1,344
HECTD3,249
HECTD4,222
HELLS,29
HELQ,169
HELT,166
HELZ,190
HEMGN,157
HEMK1,138
HEPH,170
HERC1,239
HERC4,121
HERPUD1,238
HERPUD2,149
HES1,245
HES2,232
HES3,171
HES4,171
HES5,152
HES6,85
HES7,117
HESX1,150
HEXA,135
HEXB,193
HEXD,242
HEXIM1,203
HEXIM2,233
HEY1,158
HEY2,170
HEYL,161
HGS,91
HHEX,228
HHLA3,120
HIBADH,210
HIBCH,220
HIC1,222
HIC2,282
HIF1A,163
HIF1AN,76
HIF3A,453
HIGD1A,79
HIGD2A,176
HIKESHI,381
HILPDA,83
HINFP,103
HINT1,183
HINT2,183
HINT3,118
HIP1R,193
HIPK1,173
HIPK2,233
HIPK3,402
HIRA,608
HIRIP3,90
HIST1H1B,220
HIST1H1C,308
HIST1H1D,145
HIST1H1E,95
HIST1H2AA,156
HIST1H2AB,247
HIST1H2AC,121
HIST1H2AD,99
HIST1H2AE,254
HIST1H2AG,206
HIST1H2AH,37
HIST1H2AI,125
HIST1H2AK,88
HIST1H2AL,114
HIST1H2AM,121
HIST1H2BA,202
HIST1H2BB,303
HIST1H2BC,158
HIST1H2BD,248
HIST1H2BE,172
HIST1H2BF,260
HIST1H2BG,118
HIST1H2BH,193
HIST1H2BJ,127
HIST1H2BK,55
HIST1H2BL,495
HIST1H2BM,364
HIST1H2BN,271
HIST1H2BO,244
HIST1H3A,66
HIST1H3F,145
HIST1H3H,23
HIST1H3J,102
HIST1H4A,22
HIST1H4B,91
HIST1H4C,274
HIST1H4D,316
HIST1H4E,161
HIST1H4H,185
HIST1H4I,177
HIST1H4J,184
HIST2H2AA3,194
HIST2H2AB,164
HIST2H2AC,142
HIST2H2BE,71
HIST2H2BF,210
HIST2H3A,186
HIST2H3D,356
HIST2H4A,477
HIST3H2A,116
HIST3H2BB,183
HIVEP1,41
HIVEP2,315
HIVEP3,254
HJURP,173
HK1,452
HK2,229
HLA-B,215
HLA-C,125
HLA-E,173
HLCS,558
HLF,522
HLTF,95
HLX,56
HM13,263
HMBOX1,148
HMBS,479
HMCES,204
HMG20A,118
HMG20B,153
HMGA1,228
HMGA2,188
HMGB1,521
HMGB2,263
HMGB3,199
HMGCL,149
HMGCR,279
HMGCS1,63
HMGN1,184
HMGN2,239
HMGN3,130
HMGN4,177
HMGN5,100
HMGXB3,342
HMGXB4,200
HMMR,136
HMOX2,381
HMX1,107
HMX2,132
HMX3,173
HNF1A,78
HNF1B,206
HNF4A,347
HNF4G,146
HNRNPA0,130
HNRNPA1,260
HNRNPA1L2,83
HNRNPA2B1,275
HNRNPA3,134
HNRNPAB,186
HNRNPC,136
HNRNPD,61
HNRNPDL,103
HNRNPF,404
HNRNPH1,255
HNRNPH2,79
HNRNPH3,186
HNRNPK,33
HNRNPL,195
HNRNPLL,107
HNRNPM,412
HNRNPR,274
HNRNPU,169
HNRNPUL1,172
HNRNPUL2,209
HOMER1,283
HOMER3,249
HOMEZ,198
HOOK1,36
HOOK2,426
HOOK3,205
HOXA1,96
HOXA2,228
HOXA3,411
HOXA4,129
HOXA5,122
HOXA6,137
HOXA7,154
HOXA9,145
HOXA10,221
HOXA11,72
HOXA13,156
HOXB1,37
HOXB2,170
HOXB3,152
HOXB4,236
HOXB5,334
HOXB6,321
HOXB7,272
HOXB8,281
HOXB9,273
HOXB13,189
HOXC4,222
HOXC5,136
HOXC6,11
HOXC8,144
HOXC9,210
HOXC10,151
HOXC11,194
HOXC12,224
HOXC13,103
HOXD1,214
HOXD3,109
HOXD4,130
HOXD8,190
HOXD9,208
HOXD10,299
HOXD11,193
HOXD12,323
HOXD13,195
HP1BP3,300
HPCAL1,400
HPF1,202
HPRT1,142
HPS1,200
HPS3,139
HPS4,266
HPS5,68
HPS6,74
HRAS,264
HRC,365
HS2ST1,191
HS3ST3A1,89
HS3ST3B1,89
HS6ST1,414
HSBP1,168
HSCB,167
HSD3B7,285
HSD11B1L,174
HSD17B1,173
HSD17B4,174
HSD17B7,560
HSD17B8,230
HSD17B10,69
HSD17B11,122
HSD17B12,137
HSDL1,183
HSDL2,246
HSF1,241
HSF2,55
HSF4,137
HSF5,167
HSFX1,370
HSFY1,235
HSP90AA1,251
HSP90AB1,74
HSP90B1,239
HSPA1B,231
HSPA4,64
HSPA4L,239
HSPA5,299
HSPA8,232
HSPA9,212
HSPA13,100
HSPA14,222
HSPB1,281
HSPB11,142
HSPBP1,136
HSPD1,214
HSPE1,39
HSPG2,860
HSPH1,110
HTATIP2,208
HTATSF1,248
HTRA2,178
HTT,199
HUS1,417
HUWE1,222
HYAL2,399
HYAL3,64
HYI,120
HYLS1,157
HYOU1,71
HYPK,175
IAH1,73
IARS,92
IARS2,94
IBA57,235
IBTK,371
ICA1,34
ICAM1,121
ICAM2,73
ICAM3,176
ICAM4,48
ICAM5,292
ICE1,195
ICK,167
ICMT,221
ID1,81
ID2,325
ID3,200
IDE,283
IDH1,125
IDH2,26
IDH3A,108
IDH3B,145
IDH3G,232
IDI1,153
IDS,129
IDUA,95
IER2,123
IER3,92
IER3IP1,95
IER5,203
IER5L,216
IFI27L1,71
IFI27L2,89
IFI30,107
IFI35,39
IFITM1,217
IFITM2,262
IFITM3,71
IFNAR1,87
IFNAR2,183
IFNGR1,81
IFNGR2,295
IFRD1,472
IFRD2,92
IFT20,228
IFT27,168
IFT43,251
IFT46,152
IFT52,119
IFT57,278
IFT80,107
IFT81,180
IFT88,252
IFT172,195
IGBP1,165
IGF1,23
IGF1R,252
IGF2BP1,114
IGF2BP2,39
IGF2BP3,104
IGF2R,244
IGFBP2,239
IGFBP4,339
IGFLR1,274
IGHMBP2,134
IGSF3,165
IGSF8,298
IK,327
IKBIP,163
IKBKB,116
IKBKE,195
IKBKG,190
IKZF1,120
IKZF2,307
IKZF3,75
IKZF4,471
IKZF5,239
IL6ST,240
IL10RB,241
IL13RA1,280
IL15RA,112
IL17RA,168
IL17RC,181
IL23A,39
IL23R,126
IL27RA,117
ILF2,88
ILF3,213
ILK,218
ILKAP,236
ILRUN,161
ILVBL,211
IMMP1L,44
IMMP2L,175
IMMT,72
IMP3,25
IMP4,88
IMPA1,200
IMPA2,103
IMPACT,283
IMPAD1,90
IMPDH1,348
IMPDH2,142
INCENP,34
INF2,137
ING1,381
ING2,130
ING3,169
ING4,155
ING5,215
INHBE,122
INIP,123
INKA2,215
INO80,286
INO80B,194
INO80C,167
INO80D,255
INO80E,23
INPP1,250
INPP4A,161
INPP5A,240
INPP5B,276
INPP5E,127
INPP5F,303
INPP5K,238
INPPL1,173
INSIG1,121
INSIG2,317
INSM1,196
INSM2,229
INTS1,440
INTS2,59
INTS3,135
INTS4,37
INTS5,56
INTS6,280
INTS7,66
INTS8,108
INTS9,84
INTS10,148
INTS11,71
INTS12,89
INTS13,117
INTS14,183
INTU,319
INVS,90
IP6K1,39
IP6K2,239
IPO4,162
IPO5,117
IPO7,164
IPO8,239
IPO9,415
IPO11,175
IPO13,60
IPP,255
IPPK,168
IQCB1,245
IQCC,285
IQCE,161
IQGAP1,44
IQGAP2,138
IQGAP3,59
IQSEC1,124
IQSEC2,488
IRAK1,317
IRAK4,214
IREB2,157
IRF1,274
IRF2,57
IRF2BP1,134
IRF2BP2,287
IRF2BPL,320
IRF3,342
IRF4,186
IRF5,352
IRF6,90
IRF7,170
IRF8,153
IRF9,130
IRGQ,121
IRX1,89
IRX2,379
IRX3,145
IRX4,33
IRX5,142
IRX6,205
ISCA1,67
ISCA2,512
ISCU,121
ISG15,47
ISG20L2,45
ISL1,525
ISL2,181
ISOC1,188
ISOC2,416
IST1,335
ISX,179
ISY1,57
ISYNA1,279
ITCH,170
ITFG1,12
ITFG2,51
ITGA2B,232
ITGA5,200
ITGAE,205
ITGAV,105
ITGB1,269
ITGB1BP1,164
ITGB3BP,199
ITGB5,178
ITM2A,171
ITM2B,150
ITM2C,144
ITPA,186
ITPK1,78
ITPKA,874
ITPKC,186
ITPR1,133
ITPR2,290
ITPR3,84
ITPRID2,190
ITPRIP,76
ITSN1,237
ITSN2,209
IVNS1ABP,217
IWS1,118
JAG2,163
JAGN1,307
JAK1,78
JAK2,268
JARID2,149
JAZF1,460
JDP2,252
JKAMP,146
JMJD1C,66
JMJD4,288
JMJD6,412
JMJD8,177
JMY,284
JOSD1,88
JOSD2,181
JPT1,187
JPT2,116
JRK,406
JRKL,155
JTB,199
JUN,216
JUNB,266
JUND,135
JUP,95
KALRN,157
KANK2,191
KANSL1,44
KANSL2,159
KANSL3,255
KARS,105
KAT2A,105
KAT2B,155
KAT5,237
KAT6A,146
KAT6B,97
KAT7,125
KAT8,466
KATNA1,183
KATNAL1,128
KATNB1,468
KATNBL1,158
KAZALD1,114
KBTBD2,180
KBTBD3,110
KBTBD4,118
KBTBD6,193
KCMF1,259
KCNA10,289
KCNE3,469
KCNH2,615
KCNIP3,413
KCNK5,284
KCNMB3,33
KCNN4,165
KCTD2,157
KCTD3,34
KCTD5,146
KCTD6,194
KCTD9,262
KCTD10,58
KCTD13,269
KCTD15,124
KCTD20,104
KDELR1,30
KDELR2,244
KDELR3,98
KDM1A,150
KDM1B,253
KDM2A,298
KDM2B,326
KDM3A,211
KDM3B,227
KDM4A,272
KDM4B,121
KDM4C,264
KDM5A,185
KDM5B,193
KDM5C,223
KDM6A,312
KDM8,168
KDSR,62
KEAP1,266
KEL,308
KHDC1,138
KHDC4,166
KHDRBS1,129
KHK,127
KHNYN,223
KHSRP,101
KIAA0100,63
KIAA0232,181
KIAA0319L,123
KIAA0355,242
KIAA0513,174
KIAA0586,175
KIAA0895L,198
KIAA0930,390
KIAA1109,310
KIAA1143,434
KIAA1191,195
KIAA1324L,54
KIAA1522,392
KIAA1586,227
KIAA1958,16
KIAA2013,148
KIDINS220,92
KIF1A,230
KIF1B,290
KIF1C,172
KIF2A,301
KIF2C,209
KIF3A,218
KIF3B,70
KIF4A,299
KIF5B,413
KIF9,129
KIF11,772
KIF13A,254
KIF14,164
KIF15,219
KIF16B,268
KIF18A,135
KIF18B,141
KIF20A,143
KIF20B,124
KIF21A,151
KIF22,276
KIF23,45
KIFAP3,257
KIFC1,262
KIFC2,158
KIFC3,137
KIN,253
KISS1R,176
KIT,273
KLC1,221
KLC2,246
KLC4,282
KLF1,157
KLF2,253
KLF3,121
KLF4,461
KLF5,169
KLF6,213
KLF7,490
KLF8,83
KLF9,331
KLF10,489
KLF11,335
KLF12,287
KLF13,224
KLF14,115
KLF15,121
KLF16,137
KLF17,176
KLHDC2,297
KLHDC3,176
KLHDC4,173
KLHDC8B,216
KLHDC10,157
KLHL5,159
KLHL7,148
KLHL8,402
KLHL11,286
KLHL12,61
KLHL17,162
KLHL18,91
KLHL20,188
KLHL21,216
KLHL22,112
KLHL23,295
KLHL24,286
KLHL36,342
KLHL42,111
KMT2A,205
KMT2B,264
KMT2C,219
KMT2D,230
KMT2E,77
KNL1,15
KNOP1,145
KNSTRN,101
KNTC1,223
KPNA1,243
KPNA2,87
KPNA3,200
KPNA4,180
KPNA5,221
KPNA6,83
KPNB1,225
KPTN,99
KRAS,206
KRBA1,126
KRCC1,120
KREMEN2,178
KRI1,57
KRIT1,261
KRR1,262
KRT8,693
KRT10,438
KRT17,197
KRT18,223
KRT19,183
KRTAP4-2,350
KRTAP4-7,391
KRTCAP2,236
KSR1,220
KTI12,172
KTN1,295
KXD1,185
KYAT3,306
L2HGDH,74
L3HYPDH,194
L3MBTL1,408
L3MBTL2,77
L3MBTL3,288
L3MBTL4,211
LACTB,120
LACTB2,141
LAGE3,46
LAMA5,286
LAMB1,60
LAMB2,229
LAMP1,316
LAMP2,195
LAMTOR1,164
LAMTOR2,117
LAMTOR3,94
LAMTOR4,297
LAMTOR5,77
LANCL1,246
LANCL2,216
LAP3,185
LAPTM4A,199
LAPTM4B,208
LAPTM5,190
LARP1,203
LARP1B,72
LARP4,201
LARP4B,153
LARP7,283
LARS,86
LARS2,280
LAS1L,117
LASP1,249
LATS1,174
LBH,220
LBR,204
LBX1,213
LBX2,163
LCE1C,317
LCE1E,326
LCLAT1,50
LCMT1,239
LCMT2,127
LCN10,228
LCOR,104
LCORL,121
LCP1,220
LCP2,126
LDB1,212
LDHA,234
LDHB,156
LDLR,175
LDLRAP1,109
LEF1,198
LEMD2,305
LEMD3,171
LENG1,66
LENG8,217
LEO1,97
LEPR,217
LEPROT,253
LEPROTL1,28
LETM1,154
LETMD1,163
LEUTX,115
LGALS1,292
LGALS8,195
LGALSL,211
LGMN,273
LGR4,196
LHPP,194
LHX1,177
LHX2,72
LHX3,334
LHX4,122
LHX5,139
LHX6,138
LHX8,371
LHX9,114
LIAS,44
LIG1,3
LIG3,91
LIMA1,314
LIMD1,180
LIMD2,150
LIME1,381
LIMK1,373
LIMK2,277
LIMS1,590
LIN7B,217
LIN7C,202
LIN9,57
LIN28A,296
LIN28B,235
LIN37,211
LIN52,15
LIN54,676
LIPH,137
LIPT1,51
LITAF,375
LIX1L,182
LLGL1,274
LLGL2,133
LLPH,181
LMAN1,244
LMAN2,186
LMAN2L,131
LMBR1,152
LMBR1L,134
LMBRD1,108
LMBRD2,169
LMF2,330
LMNA,166
LMNB1,216
LMNB2,35
LMO2,273
LMO4,67
LMX1A,194
LMX1B,42
LNPEP,42
LNPK,220
LONP1,156
LONP2,391
LONRF3,370
LPA,247
LPCAT1,305
LPCAT2,59
LPCAT3,129
LPCAT4,138
LPGAT1,247
LPIN1,124
LPIN2,154
LPL,168
LRBA,228
LRCH3,65
LRCH4,390
LRFN1,244
LRFN4,212
LRG1,193
LRIF1,72
LRIG2,73
LRMDA,47
LRP5,209
LRP6,227
LRP8,7
LRP10,227
LRP12,243
LRPAP1,200
LRPPRC,131
LRR1,235
LRRC8A,380
LRRC8B,307
LRRC8C,302
LRRC8D,467
LRRC14,691
LRRC20,266
LRRC23,206
LRRC28,173
LRRC37A3,214
LRRC37B,245
LRRC40,208
LRRC41,221
LRRC42,194
LRRC45,263
LRRC47,416
LRRC57,88
LRRC58,110
LRRC59,218
LRRC61,310
LRRCC1,154
LRRFIP1,285
LRRFIP2,132
LRSAM1,48
LRWD1,68
LSG1,84
LSM1,124
LSM2,125
LSM3,57
LSM4,51
LSM5,346
LSM6,83
LSM7,145
LSM10,323
LSM11,191
LSM12,50
LSM14A,215
LSM14B,182
LSR,66
LSS,233
LST1,334
LTA4H,35
LTB,99
LTB4R,209
LTB4R2,349
LTBP1,206
LTBP3,432
LTBP4,674
LTBR,104
LTF,263
LTN1,195
LTO1,20
LTV1,143
LUC7L,296
LUC7L2,493
LUC7L3,80
LURAP1,122
LUZP1,251
LY6E,450
LYAR,90
LYL1,87
LYN,129
LYPLA1,189
LYPLA2,44
LYPLAL1,77
LYRM1,328
LYRM2,384
LYRM4,202
LYRM7,59
LYSMD2,79
LYSMD3,114
LYZ,248
LZIC,72
LZTFL1,255
LZTR1,299
LZTS2,244
M6PR,190
MACC1,116
MACF1,274
MACO1,288
MACROD1,127
MAD1L1,220
MAD2L1,195
MAD2L1BP,182
MAD2L2,385
MADD,135
MAEA,346
MAF,121
MAF1,82
MAFA,139
MAFB,179
MAFF,297
MAFG,257
MAFK,296
MAGEA1,264
MAGEA2,255
MAGEA3,97
MAGEA6,59
MAGEA9B,290
MAGEA12,15
MAGEB1,323
MAGEB2,223
MAGEC1,261
MAGEC2,35
MAGED1,369
MAGED2,390
MAGEF1,141
MAGEH1,212
MAGI1,282
MAGI3,74
MAGOH,170
MAGOHB,43
MAGT1,167
MAIP1,263
MAK16,109
MALSU1,131
MAML1,187
MAN1A1,281
MAN1A2,158
MAN1B1,203
MAN2A1,196
MAN2A2,109
MAN2B1,424
MAN2C1,55
MANBA,147
MANBAL,194
MANEA,57
MANEAL,84
MANF,402
MAP1A,177
MAP1B,217
MAP1LC3B,163
MAP1S,237
MAP2K1,220
MAP2K2,185
MAP2K3,174
MAP2K4,170
MAP2K5,164
MAP2K7,78
MAP3K1,137
MAP3K2,212
MAP3K3,294
MAP3K4,157
MAP3K5,168
MAP3K6,116
MAP3K7,174
MAP3K8,160
MAP3K11,283
MAP4,119
MAP4K1,116
MAP4K2,214
MAP4K3,148
MAP4K4,337
MAP4K5,167
MAP7D1,62
MAP7D3,152
MAPK1,305
MAPK1IP1L,223
MAPK3,257
MAPK6,219
MAPK8,306
MAPK8IP3,265
MAPK9,228
MAPK11,147
MAPK12,46
MAPK14,223
MAPKAP1,150
MAPKAPK2,132
MAPKAPK3,308
MAPKAPK5,125
MAPRE1,233
MAPRE2,358
MAPRE3,64
MAPT,198
MARCH3,61
MARCH5,184
MARCH6,108
MARCH7,159
MARCH8,219
MARCH9,51
MARCKSL1,150
MARK2,349
MARK3,392
MARK4,146
MARS,155
MARS2,155
MAST1,416
MAST2,143
MAST4,177
MASTL,161
MAT2A,76
MAT2B,364
MATK,158
MATR3,94
MAU2,119
MAVS,193
MAX,211
MAZ,177
MBD1,272
MBD2,151
MBD3,200
MBD4,200
MBD5,162
MBD6,233
MBIP,205
MBLAC2,212
MBNL1,171
MBNL2,270
MBOAT1,48
MBOAT2,200
MBOAT7,198
MBTD1,187
MBTPS1,149
MBTPS2,400
MCAM,107
MCAT,161
MCCC1,197
MCCC2,100
MCEE,60
MCFD2,325
MCL1,233
MCM2,133
MCM3,201
MCM3AP,159
MCM4,165
MCM5,169
MCM6,143
MCM7,305
MCM8,256
MCM9,234
MCM10,156
MCMBP,231
MCOLN1,6
MCPH1,44
MCRIP1,155
MCRIP2,189
MCRS1,173
MCTS1,236
MCU,66
MCUB,256
MCUR1,79
MDC1,179
MDH1,194
MDH2,312
MDK,113
MDM1,67
MDM2,116
MDM4,122
MDN1,84
MDP1,196
ME1,182
ME2,176
MEA1,292
MEAF6,39
MECOM,120
MECP2,102
MECR,96
MED1,181
MED4,69
MED6,139
MED7,122
MED8,71
MED9,39
MED10,368
MED11,181
MED12,186
MED13,268
MED13L,158
MED14,106
MED15,306
MED16,76
MED17,80
MED18,55
MED19,299
MED20,107
MED21,29
MED22,185
MED23,21
MED24,58
MED25,186
MED26,285
MED27,25
MED28,81
MED29,108
MED30,114
MED31,67
MEF2A,85
MEF2B,114
MEF2C,203
MEF2D,165
MEGF8,140
MEIOB,146
MEIS1,284
MEIS2,125
MEIS3,427
MELK,278
MEMO1,407
MEN1,259
MEOX1,191
MEOX2,114
MEPCE,335
MESD,118
MESP1,252
MESP2,427
MEST,195
METAP1,253
METAP1D,137
METAP2,271
METRN,163
METRNL,89
METTL1,420
METTL2A,121
METTL2B,605
METTL3,325
METTL4,18
METTL5,287
METTL6,152
METTL7A,235
METTL8,57
METTL9,349
METTL14,282
METTL15,307
METTL16,41
METTL17,245
METTL18,114
METTL21A,185
METTL22,216
METTL23,259
METTL26,207
MEX3A,315
MEX3B,308
MEX3C,347
MEX3D,191
MFAP1,92
MFAP3,205
MFF,106
MFGE8,315
MFHAS1,165
MFN1,27
MFN2,340
MFSD1,205
MFSD2B,71
MFSD3,103
MFSD4B,181
MFSD5,201
MFSD6,142
MFSD8,227
MFSD9,139
MFSD10,247
MFSD11,147
MFSD12,157
MGA,273
MGAT1,373
MGAT2,176
MGAT3,168
MGAT4B,169
MGAT5,287
MGME1,102
MGRN1,146
MGST1,217
MGST2,125
MGST3,120
MIA2,151
MIA3,305
MIB1,146
MIB2,186
MICA,153
MICAL1,111
MICAL2,138
MICAL3,396
MICALL1,113
MICALL2,471
MICB,378
MICOS10,138
MICOS13,138
MICU1,63
MICU2,306
MID1IP1,275
MIDN,568
MIEF1,119
MIEN1,201
MIER1,393
MIER2,305
MIER3,158
MIF,234
MIF4GD,323
MIGA2,183
MIIP,41
MINDY2,358
MINDY3,188
MINK1,101
MINPP1,197
MIOS,228
MIPEP,182
MIPOL1,180
MIS12,123
MIS18A,194
MIS18BP1,138
MITD1,109
MITF,402
MIXL1,180
MKI67,211
MKKS,125
MKLN1,150
MKNK1,503
MKNK2,564
MKRN1,308
MKRN2,122
MKRN3,214
MKS1,172
MKX,348
MLEC,505
MLF1,198
MLF2,65
MLH1,223
MLH3,63
MLLT1,99
MLLT3,332
MLLT6,821
MLLT10,198
MLLT11,126
MLST8,169
MLX,145
MLXIP,153
MLXIPL,289
MLYCD,218
MMAB,147
MMACHC,189
MMADHC,226
MMGT1,318
MMP15,316
MMP17,200
MMS19,247
MMS22L,82
MMUT,217
MNAT1,126
MND1,140
MNT,176
MNX1,236
MOB1A,131
MOB1B,166
MOB2,84
MOB3A,316
MOB3B,349
MOB4,218
MOCOS,97
MOCS1,140
MOCS2,353
MOCS3,191
MOG,294
MOGS,273
MOK,282
MON1A,260
MON1B,188
MON2,335
MORC2,92
MORC3,117
MORF4L1,152
MORF4L2,263
MORN1,467
MORN2,51
MORN4,275
MOSMO,71
MOSPD3,301
MOV10,142
MPC1,138
MPC2,118
MPDU1,80
MPG,204
MPHOSPH6,141
MPHOSPH8,231
MPHOSPH9,111
MPHOSPH10,65
MPI,204
MPIG6B,155
MPLKIP,135
MPND,59
MPP1,223
MPP3,235
MPP5,156
MPP6,158
MPPE1,218
MPRIP,201
MPST,69
MPV17,197
MPV17L2,191
MPZ,121
MPZL1,168
MR1,250
MRAP2,62
MRAS,177
MRC2,193
MRE11,154
MRFAP1,86
MRFAP1L1,90
MRGBP,129
MRI1,109
MRM1,102
MRM2,211
MRM3,225
MRNIP,122
MRPL1,322
MRPL2,247
MRPL3,306
MRPL4,202
MRPL9,238
MRPL10,162
MRPL11,105
MRPL13,130
MRPL14,264
MRPL15,75
MRPL16,130
MRPL17,141
MRPL18,250
MRPL19,229
MRPL20,337
MRPL21,28
MRPL22,154
MRPL23,171
MRPL24,268
MRPL27,149
MRPL28,103
MRPL30,62
MRPL32,88
MRPL33,295
MRPL34,52
MRPL35,260
MRPL36,347
MRPL37,223
MRPL38,245
MRPL39,229
MRPL40,228
MRPL41,106
MRPL42,105
MRPL43,142
MRPL44,117
MRPL45,260
MRPL46,139
MRPL47,51
MRPL48,74
MRPL49,43
MRPL50,222
MRPL51,102
MRPL52,90
MRPL53,201
MRPL54,209
MRPL55,207
MRPL58,161
MRPS2,193
MRPS5,138
MRPS6,370
MRPS7,217
MRPS9,104
MRPS10,120
MRPS11,129
MRPS12,62
MRPS14,124
MRPS15,133
MRPS16,70
MRPS17,123
MRPS18A,184
MRPS18B,99
MRPS18C,179
MRPS21,223
MRPS22,225
MRPS23,194
MRPS24,264
MRPS25,125
MRPS26,197
MRPS27,128
MRPS28,260
MRPS30,142
MRPS31,155
MRPS33,150
MRPS34,193
MRPS35,321
MRPS36,81
MRRF,101
MRS2,101
MRTFA,136
MRTO4,182
MS4A3,104
MS4A4A,105
MSANTD1,115
MSANTD3,229
MSANTD4,140
MSC,116
MSGN1,80
MSH2,170
MSH3,124
MSH5,201
MSH6,203
MSI2,136
MSL1,222
MSL2,102
MSL3,277
MSMO1,166
MSN,742
MSRB1,444
MSRB2,180
MST1,243
MSTO1,227
MSX1,134
MSX2,281
MT1F,226
MT1X,268
MT2A,290
MTA1,144
MTA2,70
MTA3,104
MTBP,178
MTCH1,201
MTCH2,317
MTCP1,150
MTDH,379
MTF1,168
MTF2,130
MTFMT,260
MTFP1,176
MTFR1,198
MTFR1L,173
MTFR2,206
MTG1,43
MTG2,367
MTHFD1,60
MTHFD1L,183
MTHFD2,391
MTHFD2L,239
MTHFR,337
MTHFS,210
MTHFSD,188
MTIF2,234
MTIF3,125
MTM1,188
MTMR1,174
MTMR2,264
MTMR3,42
MTMR4,225
MTMR9,206
MTMR12,111
MTMR14,282
MTO1,207
MTOR,128
MTPAP,154
MTPN,191
MTR,57
MTRES1,181
MTREX,103
MTRF1,189
MTRF1L,218
MTRNR2L1,116
MTRNR2L8,75
MTRR,228
MTX1,54
MTX2,243
MUL1,116
MUS81,184
MUTYH,142
MVB12A,78
MVD,135
MVK,361
MXD1,57
MXD3,343
MXD4,230
MXI1,356
MXRA7,345
MXRA8,46
MYB,184
MYBBP1A,117
MYBL1,269
MYBL2,63
MYC,99
MYCBP,395
MYCBP2,276
MYCL,67
MYCN,219
MYD88,355
MYEOV,133
MYF5,60
MYF6,305
MYH9,216
MYH10,255
MYL4,108
MYL6,289
MYL6B,186
MYL12A,346
MYL12B,125
MYLIP,136
MYLK3,328
MYNN,144
MYO1C,454
MYO1D,320
MYO1H,246
MYO6,277
MYO9A,216
MYO9B,208
MYO16,245
MYO18A,181
MYO19,134
MYOD1,428
MYOG,240
MYPOP,144
MYRF,450
MYRFL,266
MYSM1,245
MYT1,81
MYT1L,160
MZF1,287
MZT1,394
MZT2A,155
MZT2B,163
N4BP1,152
N4BP2,316
N4BP2L2,115
N6AMT1,312
NAA10,202
NAA11,228
NAA15,225
NAA16,175
NAA20,290
NAA25,204
NAA30,365
NAA35,461
NAA38,147
NAA40,122
NAA50,105
NAA60,48
NAA80,215
NAAA,204
NAB1,153
NAB2,238
NABP1,163
NABP2,664
NACA,160
NACA2,101
NACC1,247
NACC2,89
NADK,164
NADK2,149
NADSYN1,7
NAE1,187
NAF1,203
NAGA,256
NAGK,337
NAGLU,481
NAGPA,242
NAIF1,264
NAMPT,108
NANOG,261
NANOGNB,62
NANP,346
NANS,179
NAP1L1,232
NAP1L4,158
NAPA,19
NAPEPLD,194
NAPG,183
NARF,250
NARS,105
NARS2,267
NASP,404
NAT8L,278
NAT9,204
NAT10,22
NAT14,97
NAV1,184
NAXD,176
NAXE,111
NBAS,142
NBEAL1,307
NBEAL2,234
NBN,156
NBPF1,52
NBPF3,258
NBPF12,342
NBPF15,184
NBR1,29
NCAM2,78
NCAPD2,41
NCAPD3,212
NCAPG,125
NCAPG2,164
NCAPH,99
NCAPH2,306
NCBP1,87
NCBP2,547
NCDN,167
NCK1,241
NCK2,287
NCKAP1,123
NCKAP1L,116
NCKAP5L,148
NCKIPSD,41
NCL,443
NCLN,74
NCOA1,187
NCOA2,201
NCOA3,85
NCOA4,321
NCOA5,126
NCOA6,264
NCOA7,181
NCOR1,191
NCOR2,434
NCR3LG1,134
NCS1,92
NCSTN,203
NDC1,106
NDC80,105
NDE1,152
NDEL1,241
NDFIP1,270
NDFIP2,55
NDOR1,69
NDRG2,307
NDRG3,229
NDST1,106
NDST2,131
NDUFA1,45
NDUFA2,161
NDUFA3,238
NDUFA4,148
NDUFA5,64
NDUFA6,334
NDUFA7,117
NDUFA8,162
NDUFA9,115
NDUFA10,56
NDUFA11,234
NDUFA12,223
NDUFA13,213
NDUFAB1,227
NDUFAF1,133
NDUFAF2,98
NDUFAF3,156
NDUFAF4,100
NDUFAF5,34
NDUFAF6,131
NDUFAF7,44
NDUFAF8,263
NDUFB1,287
NDUFB2,126
NDUFB3,301
NDUFB4,313
NDUFB5,19
NDUFB6,389
NDUFB7,166
NDUFB8,340
NDUFB9,105
NDUFB10,357
NDUFB11,179
NDUFC1,341
NDUFC2,79
NDUFS1,73
NDUFS2,217
NDUFS3,180
NDUFS4,129
NDUFS5,393
NDUFS6,103
NDUFS7,306
NDUFS8,65
NDUFV1,400
NDUFV2,160
NDUFV3,170
NEBL,141
NECAB3,186
NECAP1,204
NECAP2,282
NECTIN2,129
NEDD1,51
NEDD4,65
NEDD4L,362
NEDD8,122
NEDD8-MDP1,47
NEFH,104
NEIL2,187
NEIL3,260
NEK1,97
NEK2,147
NEK4,153
NEK6,71
NEK7,177
NEK9,279
NELFA,159
NELFB,227
NELFCD,431
NELFE,143
NEMF,99
NENF,511
NEPRO,24
NES,314
NET1,124
NETO2,237
NEU1,276
NEU3,407
NEURL4,214
NEUROD1,372
NEUROD2,79
NEUROD4,142
NEUROD6,29
NEUROG1,203
NEUROG2,130
NEUROG3,235
NEXN,160
NF1,143
NF2,322
NFAT5,80
NFATC1,289
NFATC2,280
NFATC2IP,363
NFATC3,220
NFATC4,87
NFE2,145
NFE2L1,93
NFE2L2,140
NFE2L3,186
NFE4,153
NFIA,50
NFIB,161
NFIC,302
NFIL3,158
NFIX,403
NFKB1,321
NFKB2,254
NFKBIA,255
NFKBIB,245
NFKBID,172
NFKBIE,95
NFKBIL1,61
NFRKB,468
NFS1,150
NFU1,56
NFX1,158
NFXL1,114
NFYA,130
NFYB,92
NFYC,29
NGDN,23
NGLY1,212
NGRN,188
NHEJ1,109
NHLH1,218
NHLH2,224
NHLRC2,268
NHLRC3,266
NHP2,124
NIF3L1,62
NIFK,75
NIN,156
NINJ1,159
NINJ2,357
NIP7,202
NIPA1,228
NIPA2,71
NIPAL3,133
NIPBL,46
NIPSNAP1,77
NIPSNAP2,242
NIPSNAP3A,123
NISCH,412
NIT1,237
NIT2,104
NKAP,56
NKAPD1,229
NKIRAS1,128
NKIRAS2,99
NKRF,175
NKTR,140
NKX1-1,164
NKX1-2,156
NKX2-1,109
NKX2-2,34
NKX2-3,172
NKX2-4,239
NKX2-5,157
NKX2-6,127
NKX2-8,564
NKX3-1,114
NKX3-2,81
NKX6-1,152
NKX6-2,138
NKX6-3,215
NLE1,218
NLK,149
NLN,66
NLRP1,232
NLRP2,60
NMD3,103
NME1,238
NME1-NME2,196
NME3,152
NME4,78
NME6,208
NME7,105
NMI,251
NMNAT1,148
NMNAT3,228
NMRAL1,204
NMT1,80
NMT2,115
NMU,224
NNMT,297
NNT,62
NOA1,141
NOB1,134
NOBOX,257
NOC2L,31
NOC3L,84
NOC4L,52
NOL6,44
NOL7,192
NOL8,106
NOL9,32
NOL10,38
NOL11,169
NOL12,114
NOLC1,234
NOM1,121
NOMO1,593
NOMO3,308
NONO,205
NOP2,28
NOP9,137
NOP10,161
NOP14,46
NOP16,88
NOP53,70
NOP56,191
NOP58,77
NOS1AP,164
NOS3,68
NOSIP,141
NOSTRIN,333
NOTO,232
NOTUM,212
NPAS1,240
NPAS2,183
NPAS3,140
NPAS4,169
NPAT,16
NPB,432
NPC1,103
NPC2,108
NPEPPS,372
NPHP4,235
NPL,160
NPLOC4,74
NPM1,92
NPM3,154
NPRL2,122
NPRL3,200
NPTN,183
NPW,28
NQO1,345
NQO2,134
NR0B1,167
NR1D1,243
NR1D2,103
NR1H2,223
NR1H3,190
NR1H4,168
NR1I2,133
NR1I3,95
NR2C1,117
NR2C2,200
NR2C2AP,177
NR2E1,34
NR2E3,317
NR2F1,119
NR2F2,127
NR2F6,297
NR3C1,160
NR3C2,103
NR4A1,152
NR4A2,220
NR4A3,224
NR5A1,290
NR5A2,271
NR6A1,70
NRARP,215
NRAS,235
NRBF2,30
NRBP1,92
NRDE2,172
NRF1,111
NRGN,143
NRIP1,235
NRIP3,231
NRL,326
NRM,116
NRROS,110
NRSN2,208
NRTN,107
NSA2,187
NSD1,182
NSD2,228
NSD3,348
NSDHL,201
NSF,430
NSFL1C,204
NSL1,118
NSMAF,292
NSMCE1,147
NSMCE2,332
NSMCE4A,177
NSMF,763
NSRP1,149
NSUN2,264
NSUN4,312
NSUN5,116
NSUN6,116
NT5C,303
NT5C2,174
NT5C3A,170
NT5C3B,307
NT5DC1,207
NT5DC2,190
NT5DC3,97
NT5M,154
NTAN1,256
NTHL1,279
NTMT1,126
NTPCR,118
NTRK1,124
NUB1,315
NUBP1,229
NUBP2,405
NUBPL,74
NUCB1,90
NUCB2,190
NUCKS1,165
NUDC,70
NUDCD1,132
NUDCD2,216
NUDCD3,138
NUDT1,229
NUDT2,216
NUDT3,52
NUDT4,161
NUDT5,138
NUDT6,330
NUDT8,153
NUDT9,184
NUDT12,100
NUDT14,272
NUDT15,180
NUDT16,127
NUDT16L1,262
NUDT19,158
NUDT21,57
NUDT22,254
NUF2,312
NUFIP1,100
NUFIP2,245
NUMA1,368
NUMB,224
NUMBL,121
NUP35,166
NUP37,135
NUP42,120
NUP43,86
NUP50,184
NUP54,188
NUP62,40
NUP62CL,166
NUP85,52
NUP88,34
NUP93,155
NUP98,346
NUP107,176
NUP133,99
NUP153,215
NUP155,15
NUP160,157
NUP188,274
NUP205,774
NUP210,271
NUP214,363
NUS1,276
NUSAP1,206
NUTF2,54
NVL,149
NXF1,652
NXT1,168
NXT2,178
OAF,284
OARD1,167
OAT,177
OAZ1,152
OAZ2,193
OBI1,138
OBSL1,386
OCEL1,132
OCIAD1,254
ODC1,211
ODF2,221
ODF2L,174
ODR4,188
OFD1,162
OGA,112
OGDH,4
OGFOD1,162
OGFOD2,152
OGFOD3,163
OGFR,200
OGG1,231
OGT,38
OIP5,264
OLA1,316
OLFML3,468
OLIG1,120
OLIG2,155
OLIG3,273
OMA1,137
ONECUT1,93
ONECUT2,232
ONECUT3,79
OPA1,164
OPA3,159
OPLAH,349
OPN3,208
OR1D2,263
OR1E2,87
OR2A1,366
OR2T5,280
OR2T29,253
OR4F4,121
OR4K1,65
OR4N2,310
OR7A10,116
OR7A17,202
OR51B4,141
OR51B5,152
ORAI1,211
ORAI2,237
ORAI3,150
ORC1,362
ORC2,93
ORC3,315
ORC4,115
ORC5,116
ORC6,144
ORMDL1,236
ORMDL2,234
ORMDL3,250
OS9,220
OSBP,191
OSBP2,299
OSBPL2,261
OSBPL3,166
OSBPL5,280
OSBPL6,119
OSBPL8,204
OSBPL9,89
OSBPL11,90
OSER1,222
OSGEP,123
OSGIN2,234
OSR1,70
OSR2,109
OST4,149
OSTC,514
OSTF1,127
OSTM1,131
OTOP1,272
OTP,119
OTUB1,240
OTUD4,192
OTUD5,150
OTUD6B,254
OTUD7B,225
OTX1,303
OTX2,105
OVCA2,223
OVOL1,212
OVOL2,184
OVOL3,162
OXA1L,246
OXCT1,334
OXLD1,226
OXNAD1,316
OXR1,244
OXSM,77
OXSR1,95
P2RX1,139
P2RX4,182
P2RX5,175
P2RY1,27
P4HA1,151
P4HA2,192
P4HB,215
PA2G4,222
PAAF1,94
PABPC1,31
PABPC1L,223
PABPC4,132
PABPN1,162
PACC1,221
PACRGL,70
PACS1,334
PACS2,189
PACSIN2,197
PACSIN3,193
PAF1,88
PAFAH1B1,153
PAFAH1B2,294
PAFAH1B3,143
PAGE1,342
PAGE2B,215
PAGE5,108
PAGR1,233
PAICS,147
PAIP1,251
PAIP2,311
PAK1,137
PAK1IP1,44
PAK2,47
PAK4,101
PALB2,222
PALM,165
PALM3,170
PAM,336
PAM16,90
PAN2,215
PAN3,243
PANK2,311
PANK3,152
PANK4,324
PANX1,169
PAPOLA,48
PAPOLG,358
PAPSS1,186
PAQR3,135
PAQR4,96
PAQR8,177
PARD3,202
PARD6B,210
PARG,113
PARK7,8
PARL,157
PARN,308
PARP1,261
PARP2,506
PARP4,157
PARP6,181
PARP12,111
PARP14,199
PARPBP,136
PARS2,111
PARVB,171
PASD1,119
PASK,85
PATL1,112
PATZ1,519
PAX1,58
PAX2,172
PAX3,337
PAX4,320
PAX5,222
PAX6,285
PAX7,104
PAX8,119
PAX9,98
PAXBP1,158
PAXIP1,128
PAXX,343
PBDC1,172
PBK,145
PBRM1,154
PBX1,285
PBX2,36
PBX3,174
PBX4,145
PBXIP1,105
PC,480
PCBD1,183
PCBD2,146
PCBP1,152
PCBP2,486
PCBP4,209
PCCA,286
PCCB,443
PCED1A,12
PCF11,351
PCGF1,260
PCGF2,239
PCGF3,159
PCGF5,325
PCGF6,179
PCID2,456
PCIF1,148
PCK2,237
PCLAF,134
PCM1,212
PCMT1,177
PCMTD1,185
PCMTD2,184
PCNA,65
PCNP,276
PCNT,142
PCNX3,198
PCNX4,242
PCOLCE,250
PCOLCE2,179
PCSK6,275
PCSK7,255
PCSK9,178
PCTP,272
PCYOX1,81
PCYT1A,103
PCYT2,167
PDAP1,86
PDCD2,127
PDCD2L,101
PDCD4,190
PDCD5,527
PDCD6,421
PDCD6IP,597
PDCD7,115
PDCD10,325
PDCD11,26
PDCL,85
PDCL3,206
PDE3B,252
PDE4A,299
PDE4DIP,288
PDE6D,311
PDE7A,252
PDE8A,432
PDE12,140
PDF,181
PDGFA,83
PDHA1,317
PDHB,158
PDHX,368
PDIA3,120
PDIA4,127
PDIA5,318
PDIA6,57
PDIK1L,82
PDK1,69
PDK2,161
PDLIM1,230
PDLIM2,285
PDLIM4,114
PDLIM5,111
PDLIM7,270
PDP2,235
PDPK1,140
PDPR,160
PDRG1,212
PDS5A,146
PDS5B,187
PDSS1,130
PDSS2,201
PDX1,292
PDXDC1,60
PDXK,240
PDXP,154
PDZD8,122
PDZD11,137
PEA15,185
PEAK1,258
PEBP1,145
PECR,290
PEF1,118
PEG3,82
PELI1,260
PELO,466
PELP1,59
PEMT,205
PEPD,224
PER3,361
PES1,50
PET100,70
PET117,182
PEX1,99
PEX2,130
PEX3,146
PEX5,221
PEX6,224
PEX7,55
PEX10,214
PEX11B,93
PEX13,98
PEX14,131
PEX16,148
PEX19,421
PEX26,84
PFAS,75
PFDN1,126
PFDN2,95
PFDN4,125
PFDN5,241
PFDN6,211
PFKFB2,62
PFKFB4,402
PFKL,484
PFKM,353
PFKP,142
PFN1,234
PGAM1,296
PGAM5,174
PGAP2,271
PGBD1,179
PGBD2,112
PGD,211
PGGT1B,81
PGK1,103
PGLS,231
PGM2,38
PGM2L1,173
PGM3,151
PGP,240
PGPEP1,77
PGR,144
PGRMC1,217
PGRMC2,189
PGS1,229
PHACTR1,379
PHACTR2,165
PHACTR4,170
PHAX,404
PHB,112
PHB2,224
PHC2,200
PHC3,246
PHF1,232
PHF2,274
PHF3,57
PHF5A,122
PHF6,72
PHF7,279
PHF8,188
PHF10,146
PHF12,330
PHF13,219
PHF14,161
PHF19,18
PHF20,197
PHF20L1,57
PHF21A,61
PHF23,261
PHGDH,144
PHIP,255
PHKA2,249
PHKB,309
PHKG1,131
PHKG2,251
PHLDA2,112
PHLDB1,212
PHLDB3,42
PHOSPHO2,151
PHOX2A,270
PHOX2B,33
PHPT1,199
PHRF1,225
PHTF1,61
PHTF2,227
PHYH,52
PHYHD1,213
PHYKPL,231
PI4K2A,143
PI4K2B,137
PI4KA,283
PI4KB,63
PIAS1,319
PIAS2,266
PIAS3,228
PIAS4,130
PIBF1,68
PICALM,95
PICK1,75
PIEZO1,130
PIF1,570
PIGA,101
PIGB,127
PIGC,49
PIGF,152
PIGG,194
PIGH,252
PIGK,163
PIGL,204
PIGM,228
PIGN,247
PIGO,177
PIGP,259
PIGQ,130
PIGS,138
PIGT,345
PIGU,136
PIGV,215
PIGW,141
PIGX,113
PIH1D1,203
PIK3C2A,17
PIK3C3,242
PIK3CA,134
PIK3CB,126
PIK3CD,89
PIK3CG,172
PIK3R1,233
PIK3R2,336
PIK3R4,142
PIKFYVE,232
PILRB,77
PIM1,171
PIM2,216
PIM3,92
PIN1,37
PIN4,83
PINK1,1745
PINX1,208
PIP4K2A,194
PIP4K2B,245
PIP4K2C,164
PIP4P1,107
PIP4P2,339
PIP5K1A,55
PIP5K1C,324
PIR,306
PISD,130
PITHD1,47
PITPNA,186
PITPNB,140
PITPNC1,55
PITPNM1,235
PITRM1,130
PITX1,218
PITX2,393
PITX3,209
PIWIL4,132
PJA2,130
PKIB,316
PKIG,335
PKLR,209
PKM,357
PKMYT1,148
PKN1,585
PKN2,93
PKN3,197
PKNOX1,257
PKNOX2,118
PKP3,382
PKP4,192
PLA2G6,155
PLA2G10,358
PLA2G12A,37
PLA2G15,170
PLAA,260
PLAG1,206
PLAGL1,328
PLAGL2,278
PLAUR,92
PLBD1,37
PLBD2,228
PLCB1,191
PLCB3,98
PLCB4,202
PLCD1,119
PLCD3,316
PLCG1,213
PLCL2,40
PLCXD1,193
PLD1,255
PLD3,517
PLD6,150
PLEC,398
PLEKHA1,92
PLEKHA2,229
PLEKHA3,219
PLEKHA4,203
PLEKHA5,166
PLEKHA8,257
PLEKHB2,131
PLEKHF1,142
PLEKHF2,137
PLEKHG2,149
PLEKHG4,257
PLEKHH3,384
PLEKHJ1,23
PLEKHM2,241
PLEKHN1,248
PLEKHO1,277
PLIN2,254
PLIN3,171
PLK1,29
PLK3,120
PLK4,43
PLOD1,179
PLOD2,188
PLOD3,354
PLP2,178
PLPBP,194
PLRG1,49
PLS1,282
PLSCR1,185
PLSCR3,136
PLTP,214
PLXNA1,215
PLXNB1,79
PLXNB2,231
PLXND1,392
PMAIP1,373
PMF1,85
PML,162
PMM1,218
PMM2,224
PMP22,248
PMPCA,179
PMPCB,417
PMS1,98
PMS2,139
PMVK,203
PNISR,314
PNKD,199
PNKP,373
PNMA1,212
PNMA8A,141
PNMT,210
PNN,86
PNO1,63
PNP,270
PNPLA2,222
PNPLA4,281
PNPLA6,213
PNPLA8,163
PNPO,106
PNPT1,153
PNRC1,337
PNRC2,101
POC1A,233
POC1B,166
POC5,152
PODXL2,155
POFUT1,111
POFUT2,230
POGK,184
POGLUT1,212
POGLUT2,43
POGLUT3,165
POGZ,71
POLA1,170
POLA2,138
POLB,74
POLD1,112
POLD2,83
POLD3,85
POLD4,352
POLDIP2,80
POLDIP3,128
POLE,120
POLE2,153
POLE3,131
POLE4,130
POLG,240
POLG2,327
POLH,242
POLK,260
POLL,94
POLM,304
POLQ,240
POLR1A,142
POLR1B,108
POLR1C,292
POLR1D,203
POLR1E,247
POLR2A,231
POLR2B,180
POLR2C,86
POLR2D,336
POLR2E,448
POLR2F,184
POLR2G,46
POLR2H,47
POLR2I,110
POLR2J3,200
POLR2K,20
POLR2L,77
POLR2M,111
POLR3A,13
POLR3B,130
POLR3C,214
POLR3D,200
POLR3E,367
POLR3F,220
POLR3G,161
POLR3GL,167
POLR3H,259
POLR3K,172
POLRMT,308
POM121,146
POM121C,70
POMGNT1,202
POMGNT2,178
POMP,29
POMT1,214
POMT2,270
PON2,65
POP1,104
POP4,149
POP5,65
POP7,364
POPDC3,247
POR,260
POT1,19
POTEI,210
POU1F1,145
POU2AF1,66
POU2F1,241
POU2F2,251
POU2F3,350
POU3F1,316
POU3F2,102
POU3F3,163
POU3F4,157
POU4F1,252
POU4F2,180
POU4F3,332
POU5F1,435
POU5F1B,158
POU5F2,226
POU6F1,65
POU6F2,164
PPA1,199
PPA2,147
PPAN,75
PPARA,289
PPARD,90
PPARG,121
PPARGC1B,340
PPAT,12
PPCDC,492
PPCS,165
PPDPF,40
PPFIA1,252
PPFIA3,518
PPFIBP1,219
PPHLN1,172
PPIA,297
PPIB,189
PPIC,416
PPID,282
PPIE,64
PPIF,256
PPIG,112
PPIH,187
PPIL1,55
PPIL2,310
PPIL3,273
PPIL4,79
PPIP5K1,588
PPIP5K2,121
PPM1A,38
PPM1B,201
PPM1D,78
PPM1F,181
PPM1G,269
PPM1H,73
PPM1K,218
PPM1N,183
PPME1,497
PPOX,68
PPP1CA,546
PPP1CB,279
PPP1CC,269
PPP1R2,119
PPP1R3D,166
PPP1R3E,577
PPP1R7,192
PPP1R8,114
PPP1R9B,167
PPP1R10,21
PPP1R11,132
PPP1R12A,490
PPP1R12B,44
PPP1R12C,164
PPP1R14A,278
PPP1R14B,85
PPP1R14C,193
PPP1R15A,91
PPP1R15B,316
PPP1R16A,101
PPP1R16B,171
PPP1R18,515
PPP1R26,163
PPP1R35,133
PPP1R37,150
PPP2CA,471
PPP2CB,259
PPP2R1A,1061
PPP2R1B,41
PPP2R2A,80
PPP2R2D,98
PPP2R3B,233
PPP2R3C,137
PPP2R5A,188
PPP2R5C,51
PPP2R5D,112
PPP2R5E,129
PPP3CA,124
PPP3CB,85
PPP3CC,195
PPP3R1,143
PPP4C,271
PPP4R1,50
PPP4R2,406
PPP5C,271
PPP6C,240
PPP6R1,306
PPP6R2,299
PPP6R3,222
PPRC1,262
PPT1,86
PPT2,65
PPTC7,304
PPWD1,28
PPY,39
PQBP1,135
PRADC1,270
PRAME,62
PRC1,382
PRCC,261
PRCP,372
PRDM1,216
PRDM2,143
PRDM4,176
PRDM5,312
PRDM6,130
PRDM8,327
PRDM9,355
PRDM10,47
PRDM12,149
PRDM13,385
PRDM14,205
PRDM15,47
PRDM16,76
PRDX1,176
PRDX2,130
PRDX3,217
PRDX4,84
PRDX5,182
PRDX6,228
PREB,110
PRELID1,263
PRELID2,111
PRELID3B,105
PREP,103
PREPL,112
PRG2,174
PRICKLE3,280
PRIM1,102
PRIM2,65
PRIMPOL,171
PRKAA1,55
PRKAB1,409
PRKAB2,272
PRKACA,64
PRKAG1,92
PRKAR1A,148
PRKAR1B,188
PRKAR2A,183
PRKAR2B,296
PRKCA,153
PRKCB,210
PRKCI,284
PRKCQ,187
PRKCSH,206
PRKD2,365
PRKD3,252
PRKDC,35
PRKRA,269
PRKRIP1,460
PRKX,193
PRMT1,107
PRMT2,217
PRMT3,211
PRMT5,199
PRMT6,113
PRMT7,157
PRNP,193
PRODH,939
PROP1,243
PRORP,40
PROS1,223
PROSER1,175
PROSER2,190
PROX1,340
PROX2,149
PRPF3,43
PRPF4,25
PRPF4B,281
PRPF6,126
PRPF8,63
PRPF18,203
PRPF19,70
PRPF31,26
PRPF38A,26
PRPF38B,38
PRPF39,88
PRPF40A,134
PRPF40B,86
PRPS1,76
PRPS2,196
PRPSAP1,186
PRPSAP2,292
PRR3,282
PRR4,83
PRR5,114
PRR7,142
PRR11,144
PRR12,158
PRR13,157
PRR14,131
PRR14L,89
PRRC1,268
PRRC2A,185
PRRC2B,134
PRRC2C,81
PRRX1,183
PRRX2,279
PRSS16,307
PRSS21,114
PRSS50,467
PRSS57,192
PRTFDC1,170
PRUNE1,195
PRXL2A,272
PRXL2C,129
PSAP,74
PSAT1,122
PSD4,116
PSEN1,128
PSEN2,151
PSENEN,120
PSIP1,254
PSKH1,110
PSMA1,108
PSMA2,106
PSMA3,202
PSMA4,197
PSMA5,8
PSMA6,71
PSMA7,63
PSMB1,129
PSMB2,59
PSMB3,32
PSMB4,197
PSMB5,205
PSMB6,189
PSMB7,266
PSMB10,196
PSMC1,140
PSMC2,269
PSMC3,94
PSMC3IP,144
PSMC4,131
PSMC5,24
PSMC6,68
PSMD1,194
PSMD2,29
PSMD3,108
PSMD4,218
PSMD5,190
PSMD6,200
PSMD7,178
PSMD8,53
PSMD9,198
PSMD10,168
PSMD11,119
PSMD12,210
PSMD13,156
PSMD14,23
PSME1,288
PSME2,372
PSME3,67
PSME4,196
PSMF1,120
PSMG1,321
PSMG2,364
PSMG3,791
PSMG4,80
PSPC1,179
PSPH,57
PSRC1,174
PSTK,777
PSTPIP2,290
PTAR1,182
PTBP1,71
PTBP2,118
PTBP3,338
PTCD1,194
PTCD2,174
PTCD3,99
PTDSS1,43
PTDSS2,277
PTEN,222
PTER,54
PTF1A,241
PTGER3,308
PTGES2,270
PTGES3,71
PTGFRN,228
PTGR2,188
PTK2,302
PTK2B,221
PTK7,212
PTMA,346
PTMS,186
PTOV1,79
PTP4A1,349
PTP4A2,59
PTP4A3,360
PTPA,232
PTPMT1,271
PTPN1,371
PTPN2,261
PTPN4,177
PTPN7,154
PTPN9,78
PTPN11,250
PTPN12,252
PTPN18,427
PTPN23,371
PTPRA,260
PTPRC,109
PTPRF,185
PTPRG,110
PTPRH,271
PTPRR,227
PTPRS,113
PTRH1,191
PTRH2,142
PTRHD1,203
PTS,143
PTTG1,23
PTTG1IP,125
PUF60,100
PUM1,206
PUM2,245
PURA,321
PURB,240
PURG,143
PUS1,226
PUS3,128
PUS7,21
PUS7L,118
PUS10,104
PUSL1,185
PVR,191
PWP1,72
PWP2,39
PWWP2A,243
PWWP2B,351
PWWP3A,39
PXK,283
PXMP2,408
PXMP4,263
PXN,431
PYCARD,170
PYCR1,355
PYCR2,153
PYCR3,263
PYDC2,56
PYGB,357
PYGL,59
PYGO2,91
PYROXD1,211
PYURF,114
QARS,205
QDPR,337
QKI,188
QPCTL,141
QPRT,431
QRICH1,43
QRSL1,286
QSER1,287
QSOX1,200
QSOX2,242
QTRT1,39
QTRT2,184
R3HCC1,196
R3HCC1L,134
R3HDM1,346
R3HDM2,189
R3HDM4,262
RAB1A,350
RAB1B,48
RAB2A,180
RAB2B,252
RAB3GAP1,115
RAB3GAP2,186
RAB3IL1,80
RAB3IP,180
RAB4A,656
RAB4B,701
RAB5A,163
RAB5B,78
RAB5C,374
RAB5IF,113
RAB6A,148
RAB7A,67
RAB8A,159
RAB8B,151
RAB9A,296
RAB10,155
RAB11A,320
RAB11B,134
RAB11FIP1,68
RAB11FIP4,156
RAB12,285
RAB13,253
RAB14,155
RAB18,66
RAB20,49
RAB21,137
RAB22A,98
RAB23,183
RAB24,260
RAB27A,279
RAB28,145
RAB30,93
RAB31,171
RAB32,54
RAB35,82
RAB40B,43
RAB40C,252
RABAC1,250
RABEP1,189
RABEP2,254
RABEPK,210
RABGAP1,321
RABGAP1L,373
RABGEF1,233
RABGGTA,129
RABGGTB,141
RABIF,259
RABL3,124
RABL6,121
RAC1,406
RAC2,277
RAC3,385
RACGAP1,95
RACK1,50
RAD1,165
RAD9A,113
RAD17,295
RAD18,264
RAD21,291
RAD23A,200
RAD23B,97
RAD50,169
RAD51,244
RAD51AP1,247
RAD51B,40
RAD51C,95
RAD51D,362
RAD52,432
RAD54B,263
RAD54L,219
RAD54L2,23
RAE1,78
RAF1,135
RAG1,84
RAI1,94
RAI14,153
RALA,111
RALB,49
RALBP1,224
RALGAPA1,307
RALGAPB,227
RALGDS,462
RALGPS2,193
RALY,197
RAMAC,148
RAN,149
RANBP1,176
RANBP2,198
RANBP3,151
RANBP6,134
RANBP9,261
RANBP10,25
RANGAP1,123
RANGRF,161
RAP1A,406
RAP1B,171
RAP1GAP,1270
RAP1GDS1,178
RAP2A,109
RAP2B,157
RAP2C,130
RAPGEF1,74
RAPGEF2,109
RAPGEF6,52
RARA,211
RARB,119
RARG,320
RARS,273
RARS2,187
RASA1,398
RASA2,280
RASA3,287
RASGEF1A,277
RASGRP2,350
RASSF1,374
RASSF3,31
RASSF5,374
RASSF7,146
RAVER1,356
RAX,266
RAX2,172
RB1,433
RB1CC1,246
RBAK,652
RBAK-RBAKDN,76
RBBP4,144
RBBP5,56
RBBP6,92
RBBP7,136
RBBP8,161
RBCK1,159
RBFA,196
RBFOX2,191
RBIS,145
RBL1,256
RBL2,564
RBM3,190
RBM4,237
RBM4B,199
RBM5,99
RBM6,187
RBM7,113
RBM8A,25
RBM10,255
RBM12,149
RBM12B,133
RBM14-RBM4,630
RBM15,259
RBM15B,273
RBM17,124
RBM18,168
RBM19,77
RBM22,9
RBM23,160
RBM25,49
RBM26,168
RBM27,146
RBM28,42
RBM33,188
RBM34,206
RBM38,188
RBM39,103
RBM41,118
RBM42,86
RBM45,261
RBM48,82
RBMX,92
RBMX2,126
RBMXL1,132
RBP5,169
RBPJ,123
RBPJL,203
RBPMS2,329
RBX1,67
RC3H1,72
RC3H2,166
RCAN1,58
RCBTB2,372
RCC1,179
RCC1L,92
RCC2,252
RCCD1,363
RCE1,271
RCHY1,251
RCL1,107
RCN1,610
RCN2,144
RCN3,235
RCOR1,66
RCOR3,98
RCSD1,282
RDH10,30
RDH11,202
RDH13,573
RDH14,21
RDX,303
RECQL,134
RECQL4,365
RECQL5,94
REEP3,184
REEP4,187
REEP5,284
REEP6,144
REL,169
RELA,185
RELB,451
RELL2,55
RELN,194
RELT,192
RENBP,272
REPIN1,317
REPS1,177
RER1,116
RERE,151
RESF1,126
REST,472
RETREG2,227
RETREG3,161
RETSAT,129
REV1,147
REV3L,217
REX1BD,134
REXO1,190
REXO2,98
REXO4,99
RFC1,160
RFC2,133
RFC3,113
RFC4,113
RFC5,145
RFESD,298
RFFL,47
RFK,46
RFLNB,113
RFNG,172
RFPL4B,129
RFT1,244
RFWD3,64
RFX1,181
RFX2,151
RFX3,157
RFX4,155
RFX5,163
RFX6,208
RFX7,112
RFX8,249
RFXANK,133
RFXAP,174
RGCC,207
RGL2,341
RGP1,240
RGPD6,466
RGS10,342
RGS14,168
RGS16,230
RGS19,169
RGS20,432
RHAG,98
RHBDD1,326
RHBDD2,387
RHBDD3,244
RHCE,270
RHD,233
RHEB,67
RHEBL1,68
RHNO1,147
RHOA,119
RHOBTB1,167
RHOBTB3,152
RHOC,235
RHOG,956
RHOH,96
RHOQ,563
RHOT1,322
RHOT2,382
RHOXF1,245
RHOXF2,87
RHOXF2B,143
RHPN1,572
RIC8A,488
RICTOR,172
RIDA,54
RIF1,192
RILP,171
RILPL2,219
RIMKLB,124
RING1,256
RINT1,223
RIOK1,246
RIOK2,98
RIOK3,116
RIOX1,232
RIOX2,206
RIPK1,423
RIPK2,205
RIPOR1,228
RIPOR3,288
RIT1,105
RLF,156
RLIM,178
RMDN1,180
RMDN3,128
RMI1,354
RMI2,218
RMND1,112
RMND5A,239
RMND5B,271
RNASE1,79
RNASEH1,78
RNASEH2A,166
RNASEH2B,94
RNASEH2C,213
RNASEK,20
RNASET2,113
RND2,75
RNF2,114
RNF4,36
RNF5,119
RNF6,138
RNF7,188
RNF8,352
RNF10,281
RNF11,290
RNF13,211
RNF14,513
RNF19A,242
RNF19B,340
RNF20,99
RNF24,79
RNF25,217
RNF26,72
RNF31,178
RNF34,23
RNF40,273
RNF41,257
RNF44,176
RNF103,249
RNF111,298
RNF113A,87
RNF114,265
RNF115,228
RNF121,165
RNF123,355
RNF125,233
RNF126,230
RNF130,177
RNF138,299
RNF139,352
RNF141,314
RNF144A,223
RNF145,318
RNF146,247
RNF149,75
RNF157,237
RNF166,434
RNF167,112
RNF168,168
RNF169,161
RNF170,435
RNF181,267
RNF182,192
RNF185,133
RNF187,326
RNF207,527
RNF208,119
RNF213,216
RNF214,189
RNF216,349
RNF217,254
RNF220,214
RNFT1,164
RNFT2,201
RNGTT,208
RNH1,189
RNMT,208
RNPC3,90
RNPEP,252
RNPEPL1,104
RNPS1,219
RO60,298
ROCK1,170
ROCK2,153
ROGDI,238
ROMO1,149
ROR2,195
RORA,128
RORB,117
RORC,215
RP9,32
RPA1,321
RPA2,117
RPA3,101
RPAIN,146
RPAP1,75
RPAP2,152
RPAP3,34
RPE,206
RPF1,57
RPF2,29
RPGR,178
RPGRIP1L,150
RPIA,303
RPL3,1963
RPL4,187
RPL5,109
RPL6,90
RPL7,130
RPL7A,10
RPL7L1,37
RPL8,233
RPL9,136
RPL10,143
RPL10A,116
RPL11,204
RPL12,147
RPL13,152
RPL13A,283
RPL14,64
RPL15,98
RPL17,32
RPL17-C18orf32,96
RPL18,148
RPL18A,56
RPL19,117
RPL21,118
RPL22,280
RPL22L1,226
RPL23,132
RPL23A,52
RPL24,189
RPL26,87
RPL26L1,315
RPL27,15
RPL27A,40
RPL28,106
RPL29,142
RPL30,161
RPL31,118
RPL32,147
RPL34,151
RPL35,51
RPL35A,91
RPL36,86
RPL36A,104
RPL36AL,313
RPL37,277
RPL37A,264
RPL38,82
RPL39,67
RPL39L,231
RPL41,93
RPLP0,87
RPLP1,97
RPLP2,179
RPN1,103
RPN2,191
RPP14,87
RPP21,111
RPP25,219
RPP25L,63
RPP30,101
RPP38,58
RPP40,49
RPRD1A,87
RPRD1B,64
RPRD2,105
RPS2,78
RPS3,163
RPS3A,129
RPS4X,63
RPS5,41
RPS6,58
RPS6KA1,332
RPS6KA3,434
RPS6KA4,204
RPS6KB1,146
RPS6KB2,45
RPS6KC1,118
RPS6KL1,264
RPS7,125
RPS8,17
RPS9,181
RPS10,70
RPS10-NUDT3,114
RPS11,115
RPS12,261
RPS13,32
RPS14,93
RPS15,19
RPS15A,175
RPS16,20
RPS17,130
RPS18,41
RPS19,160
RPS19BP1,60
RPS20,128
RPS21,94
RPS23,68
RPS24,89
RPS25,75
RPS26,32
RPS27,87
RPS27A,26
RPS27L,139
RPS28,202
RPS29,377
RPSA,109
RPTOR,105
RPUSD1,424
RPUSD2,160
RPUSD3,254
RPUSD4,181
RRAGA,66
RRAGB,89
RRAGC,362
RRAGD,246
RRAS,188
RRAS2,197
RRBP1,188
RREB1,151
RRM1,74
RRM2,493
RRM2B,265
RRN3,59
RRNAD1,151
RRP1,112
RRP1B,125
RRP7A,70
RRP8,215
RRP9,185
RRP12,87
RRP15,36
RRP36,61
RRS1,67
RSAD1,205
RSBN1,166
RSBN1L,154
RSC1A1,71
RSF1,68
RSKR,248
RSL1D1,427
RSL24D1,78
RSPRY1,139
RSRC1,69
RSRC2,167
RSU1,24
RTCA,144
RTCB,298
RTEL1,424
RTF1,56
RTF2,175
RTKN2,86
RTL8A,225
RTL8C,318
RTL10,39
RTN2,158
RTN3,112
RTN4,122
RTN4IP1,144
RTRAF,298
RTTN,237
RUFY1,264
RUFY2,190
RUFY3,444
RUNDC1,164
RUNX1,180
RUNX2,153
RUNX3,255
RUSC1,282
RUVBL1,67
RUVBL2,6
RWDD1,181
RWDD2B,136
RWDD3,60
RWDD4,204
RXRA,92
RXRB,116
RXRG,96
RXYLT1,248
RYBP,134
RYK,298
S100A1,394
S100A4,261
S100A6,111
S100A10,250
S100A11,199
S100A13,230
S100P,37
S100PBP,118
SAAL1,296
SAC3D1,132
SACM1L,240
SACS,283
SAE1,99
SAFB,112
SAFB2,178
SAGE1,160
SALL1,70
SALL2,254
SALL3,221
SALL4,67
SAMD1,196
SAMD4B,176
SAMHD1,205
SAMM50,103
SAMSN1,128
SAP18,88
SAP30,39
SAP30BP,97
SAP30L,149
SAP130,266
SAPCD2,375
SAR1A,185
SAR1B,251
SARNP,185
SARS,20
SARS2,317
SART1,224
SART3,137
SASS6,129
SAT1,303
SAT2,89
SATB1,385
SATB2,355
SAV1,117
SAYSD1,134
SBDS,261
SBF1,192
SBNO1,414
SBNO2,167
SC5D,181
SCAF1,146
SCAF4,254
SCAF8,181
SCAF11,167
SCAI,258
SCAMP1,31
SCAMP2,363
SCAMP3,203
SCAMP4,153
SCAND1,318
SCAP,334
SCAPER,74
SCARB1,218
SCARB2,308
SCCPDH,209
SCD,22
SCFD1,118
SCFD2,141
SCG3,74
SCIN,133
SCLT1,210
SCLY,184
SCMH1,188
SCML2,64
SCML4,132
SCNM1,337
SCO1,202
SCO2,153
SCOC,275
SCP2,200
SCRIB,175
SCRN2,293
SCRN3,109
SCRT1,234
SCRT2,240
SCYL1,127
SCYL2,275
SDAD1,140
SDC1,283
SDC3,112
SDCBP,324
SDCCAG8,153
SDE2,215
SDF2,103
SDF2L1,82
SDF4,163
SDHA,128
SDHAF1,21
SDHAF2,267
SDHB,34
SDHC,198
SDHD,103
SDR39U1,148
SDSL,89
SEBOX,60
SEC11A,329
SEC11C,73
SEC13,22
SEC14L1,514
SEC16A,368
SEC22A,96
SEC22B,116
SEC22C,82
SEC23A,183
SEC23B,280
SEC23IP,108
SEC24A,110
SEC24B,93
SEC24C,70
SEC24D,102
SEC31A,384
SEC61A1,207
SEC61B,244
SEC61G,55
SEC62,18
SEC63,115
SECISBP2,230
SECISBP2L,235
SEH1L,95
SEL1L,348
SEL1L3,172
SELENBP1,185
SELENOF,183
SELENOH,223
SELENOI,144
SELENOK,123
SELENOM,103
SELENOO,185
SELENOP,242
SELENOS,111
SELENOT,169
SELENOW,80
SELPLG,186
SEM1,21
SEMA4B,157
SEMA4C,542
SENP1,116
SENP2,155
SENP3,333
SENP5,70
SENP6,169
SENP7,353
SEPHS1,96
SEPHS2,254
SEPSECS,228
SEPTIN1,643
SEPTIN2,16
SEPTIN5,274
SEPTIN6,126
SEPTIN7,175
SEPTIN8,299
SEPTIN9,284
SEPTIN11,177
SERBP1,278
SERF1B,218
SERF2,392
SERGEF,156
SERHL2,147
SERINC1,135
SERINC3,416
SERP1,121
SERPINB1,111
SERPINB6,87
SERPINB9,66
SERPINF1,218
SERPING1,245
SERPINH1,169
SERTAD1,107
SERTAD2,198
SERTAD3,46
SESN1,50
SESN2,332
SET,54
SETBP1,86
SETD1A,89
SETD1B,98
SETD2,311
SETD3,277
SETD4,156
SETD5,347
SETD6,210
SETD7,194
SETD9,208
SETDB1,319
SETDB2,96
SETMAR,182
SETX,409
SEZ6L2,233
SF1,107
SF3A1,462
SF3A2,316
SF3A3,22
SF3B1,96
SF3B2,429
SF3B3,335
SF3B4,140
SF3B5,51
SFI1,167
SFMBT1,279
SFPQ,183
SFSWAP,221
SFT2D1,133
SFT2D2,236
SFT2D3,288
SFXN1,129
SFXN2,197
SFXN4,149
SFXN5,165
SGK1,142
SGK3,275
SGMS1,129
SGO1,84
SGO2,262
SGPL1,108
SGPP1,348
SGSH,143
SGSM2,237
SGSM3,149
SGTA,122
SGTB,206
SH2B1,169
SH2B3,308
SH2D2A,334
SH2D3A,175
SH3BGR,280
SH3BGRL,103
SH3BGRL2,132
SH3BGRL3,60
SH3BP1,44
SH3BP2,305
SH3BP5,215
SH3BP5L,223
SH3GL1,213
SH3GL3,336
SH3GLB1,521
SH3GLB2,140
SH3KBP1,128
SHARPIN,287
SHB,666
SHC1,394
SHCBP1,173
SHFL,166
SHISA5,204
SHKBP1,157
SHLD1,209
SHLD2,103
SHMT1,215
SHMT2,55
SHOC2,267
SHOX,126
SHOX2,352
SHPK,144
SHPRH,224
SHQ1,242
SHROOM1,360
SIAH1,90
SIAH2,147
SIGIRR,264
SIGLEC14,264
SIGMAR1,32
SIK3,182
SIKE1,79
SIL1,222
SIM1,155
SIM2,156
SIMC1,1170
SIN3A,478
SIN3B,92
SINHCAF,69
SIPA1,270
SIRT1,180
SIRT2,153
SIRT3,161
SIRT5,154
SIRT6,126
SIRT7,81
SIVA1,126
SIX1,196
SIX2,206
SIX3,134
SIX4,239
SIX5,294
SIX6,258
SKA1,112
SKA2,67
SKA3,139
SKAP2,224
SKI,235
SKIL,234
SKIV2L,44
SKOR1,275
SKOR2,227
SKP1,74
SKP2,381
SLAIN2,237
SLBP,85
SLC1A4,217
SLC1A5,870
SLC2A1,120
SLC2A3,160
SLC2A4RG,259
SLC2A8,53
SLC2A11,161
SLC2A13,169
SLC3A2,166
SLC4A1AP,182
SLC4A2,403
SLC4A5,430
SLC4A7,55
SLC5A3,48
SLC5A6,60
SLC6A6,74
SLC6A8,258
SLC6A19,162
SLC7A1,81
SLC7A5,596
SLC7A6,183
SLC7A6OS,70
SLC7A8,96
SLC7A11,152
SLC8B1,485
SLC9A3R1,195
SLC9A3R2,436
SLC9A6,221
SLC9B1,182
SLC9B2,213
SLC10A3,85
SLC10A4,79
SLC10A7,256
SLC11A2,390
SLC12A2,228
SLC12A4,124
SLC12A5,476
SLC12A7,51
SLC12A9,262
SLC13A3,251
SLC15A4,90
SLC16A1,233
SLC16A5,397
SLC16A9,230
SLC17A5,67
SLC18B1,285
SLC19A1,156
SLC19A2,152
SLC20A1,284
SLC20A2,308
SLC22A23,23
SLC25A1,208
SLC25A3,174
SLC25A4,151
SLC25A5,170
SLC25A6,466
SLC25A10,472
SLC25A11,125
SLC25A12,231
SLC25A13,152
SLC25A14,219
SLC25A15,114
SLC25A16,196
SLC25A17,193
SLC25A19,137
SLC25A20,234
SLC25A21,108
SLC25A22,130
SLC25A23,288
SLC25A24,212
SLC25A25,197
SLC25A26,75
SLC25A28,50
SLC25A29,302
SLC25A32,212
SLC25A33,222
SLC25A36,73
SLC25A37,76
SLC25A38,194
SLC25A39,222
SLC25A41,91
SLC25A42,80
SLC25A44,125
SLC25A46,182
SLC25A51,95
SLC25A53,365
SLC26A6,224
SLC27A2,271
SLC27A4,180
SLC27A5,198
SLC29A1,514
SLC29A2,274
SLC30A1,323
SLC30A5,316
SLC30A6,111
SLC30A7,166
SLC30A9,116
SLC31A1,138
SLC33A1,253
SLC35A1,78
SLC35A2,195
SLC35A3,233
SLC35A4,52
SLC35B1,112
SLC35B2,162
SLC35B3,114
SLC35B4,128
SLC35C2,144
SLC35D1,334
SLC35D2,252
SLC35E1,360
SLC35E2B,121
SLC35E3,41
SLC35F2,129
SLC35F5,89
SLC35F6,219
SLC35G1,144
SLC35G2,121
SLC35G6,376
SLC37A1,198
SLC37A3,227
SLC37A4,43
SLC38A1,287
SLC38A2,140
SLC38A5,119
SLC38A6,139
SLC38A7,141
SLC38A9,195
SLC38A10,98
SLC39A1,203
SLC39A3,288
SLC39A4,270
SLC39A6,220
SLC39A7,297
SLC39A8,234
SLC39A9,800
SLC39A10,352
SLC39A11,217
SLC39A13,315
SLC39A14,263
SLC40A1,605
SLC41A3,267
SLC43A1,39
SLC43A3,281
SLC44A2,218
SLC44A4,253
SLC45A4,91
SLC48A1,299
SLC50A1,145
SLC52A2,37
SLC66A1,164
SLC66A2,232
SLC66A3,193
SLCO4A1,165
SLIRP,49
SLK,48
SLMAP,51
SLTM,205
SLU7,63
SLX1A,186
SLX4IP,190
SMAD1,342
SMAD2,320
SMAD3,148
SMAD4,161
SMAD5,127
SMAD6,162
SMAD9,224
SMAGP,281
SMAP1,106
SMAP2,303
SMARCA1,81
SMARCA2,63
SMARCA4,132
SMARCA5,140
SMARCAD1,116
SMARCAL1,78
SMARCB1,431
SMARCC1,117
SMARCC2,272
SMARCD1,342
SMARCD2,307
SMARCD3,565
SMARCE1,46
SMC1A,82
SMC2,37
SMC3,31
SMC4,254
SMC5,251
SMC6,123
SMCHD1,304
SMCO4,191
SMDT1,158
SMG1,83
SMG5,159
SMG6,173
SMG7,41
SMG8,174
SMG9,142
SMIM1,262
SMIM3,205
SMIM4,125
SMIM7,83
SMIM8,234
SMIM10,244
SMIM12,40
SMIM13,240
SMIM14,260
SMIM15,168
SMIM19,199
SMIM20,284
SMIM29,238
SMN2,99
SMNDC1,36
SMPD2,70
SMPD4,118
SMS,268
SMTN,126
SMU1,49
SMUG1,109
SMURF1,189
SMURF2,382
SMYD2,205
SMYD3,274
SMYD4,19
SMYD5,393
SNAI1,178
SNAI2,155
SNAI3,244
SNAP23,83
SNAP29,277
SNAP47,241
SNAPC1,104
SNAPC2,109
SNAPC3,404
SNAPC4,262
SNAPC5,274
SNAPIN,129
SNCG,416
SND1,207
SNF8,282
SNHG32,148
SNIP1,62
SNRK,224
SNRNP25,207
SNRNP27,52
SNRNP35,119
SNRNP40,423
SNRNP48,95
SNRNP70,70
SNRNP200,160
SNRPA,168
SNRPA1,117
SNRPB,197
SNRPB2,74
SNRPC,43
SNRPD1,70
SNRPD2,14
SNRPD3,73
SNRPE,98
SNRPF,66
SNRPG,209
SNTA1,94
SNTB2,228
SNUPN,348
SNW1,361
SNX1,203
SNX2,165
SNX3,92
SNX4,74
SNX5,292
SNX6,221
SNX8,232
SNX9,319
SNX10,147
SNX11,239
SNX12,331
SNX13,158
SNX14,122
SNX15,697
SNX17,204
SNX19,88
SNX24,257
SNX25,132
SNX27,190
SNX29,31
SNX33,216
SOAT1,104
SOCS1,101
SOCS2,252
SOCS3,40
SOCS4,114
SOD1,366
SOD2,350
SOGA1,268
SOHLH1,61
SOHLH2,317
SON,276
SORBS3,363
SORD,263
SORT1,97
SOS1,115
SOSTDC1,221
SOX1,478
SOX2,7
SOX3,65
SOX4,344
SOX5,302
SOX6,428
SOX8,202
SOX9,151
SOX10,96
SOX11,257
SOX12,130
SOX13,142
SOX14,186
SOX15,214
SOX17,237
SOX18,248
SOX21,117
SOX30,306
SP1,198
SP2,234
SP3,146
SP4,95
SP5,130
SP6,328
SP7,107
SP8,79
SP9,32
SP100,370
SP110,69
SP140,100
SP140L,205
SPA17,42
SPAG5,192
SPAG7,83
SPAG9,180
SPARC,138
SPART,277
SPAST,152
SPATA2L,217
SPATA5,142
SPATA5L1,157
SPATA22,171
SPATA24,221
SPATA33,313
SPATC1L,189
SPATS2,66
SPATS2L,263
SPC24,24
SPC25,40
SPCS1,101
SPCS2,229
SPCS3,277
SPDEF,140
SPDL1,79
SPDYC,96
SPDYE2,371
SPECC1,209
SPECC1L,182
SPEG,474
SPEN,305
SPG7,205
SPG11,278
SPG21,118
SPHK1,287
SPHK2,121
SPI1,82
SPIB,373
SPIC,85
SPICE1,141
SPIDR,67
SPIN1,187
SPIN2B,114
SPIN4,79
SPINDOC,109
SPINT2,106
SPIRE1,38
SPN,296
SPNS1,184
SPOP,36
SPOUT1,73
SPPL2A,206
SPPL2B,139
SPPL3,128
SPR,154
SPRED1,75
SPRED2,124
SPRTN,351
SPRY1,55
SPRY2,392
SPRY4,226
SPRYD3,336
SPRYD4,206
SPRYD7,121
SPSB2,173
SPSB3,172
SPTA1,21
SPTAN1,221
SPTB,124
SPTBN1,219
SPTBN2,105
SPTLC1,65
SPTLC2,101
SPTSSA,266
SPTY2D1,422
SPZ1,85
SQLE,244
SQSTM1,215
SRA1,273
SRBD1,64
SRCAP,400
SRD5A1,260
SRD5A3,152
SREBF1,127
SREBF2,191
SREK1,188
SREK1IP1,135
SRF,367
SRFBP1,92
SRGAP2,128
SRGN,318
SRI,203
SRM,320
SRP9,324
SRP14,290
SRP19,207
SRP54,160
SRP68,111
SRP72,303
SRPK1,347
SRPK2,210
SRPRB,244
SRR,154
SRRD,146
SRRM1,295
SRRM2,341
SRRT,100
SRSF1,117
SRSF2,140
SRSF3,37
SRSF4,272
SRSF5,201
SRSF6,505
SRSF7,104
SRSF8,69
SRSF9,221
SRSF10,248
SRSF11,880
SRXN1,98
SRY,63
SS18,254
SS18L1,118
SS18L2,344
SSB,98
SSBP1,220
SSBP2,170
SSBP3,261
SSBP4,177
SSH2,266
SSNA1,106
SSR1,92
SSR2,101
SSR3,62
SSR4,128
SSRP1,314
SSU72,169
SSX1,114
SSX2IP,39
SSX3,34
SSX4,211
ST3GAL2,354
ST3GAL4,173
ST6GAL1,385
ST6GALNAC1,126
ST6GALNAC4,283
ST6GALNAC6,179
ST7,68
ST7L,132
ST13,375
ST18,120
ST20-MTHFS,52
STAC3,95
STAG1,95
STAG2,268
STAM,217
STAM2,423
STAMBP,261
STAP2,248
STAR,240
STARD3,36
STARD3NL,86
STARD4,99
STARD7,252
STARD8,155
STARD10,144
STAT1,127
STAT2,69
STAT3,170
STAT4,113
STAT5A,474
STAT5B,129
STAT6,23
STAU1,127
STAU2,331
STC2,217
STEAP1B,152
STEAP3,274
STIL,345
STIM1,240
STIM2,223
STIP1,55
STK3,185
STK4,241
STK11,271
STK11IP,217
STK16,181
STK17A,218
STK17B,198
STK19,158
STK24,31
STK25,347
STK32C,305
STK35,359
STK38,245
STK38L,1169
STK40,195
STMN1,219
STMN3,247
STMP1,161
STN1,18
STOM,184
STOML1,66
STOML2,59
STON2,152
STPG1,201
STRADA,121
STRADB,231
STRAP,231
STRBP,243
STRIP1,224
STRIP2,176
STRN,271
STRN3,151
STRN4,39
STT3A,66
STT3B,136
STUB1,104
STX1A,146
STX2,173
STX3,192
STX4,136
STX5,78
STX6,261
STX7,225
STX8,359
STX10,146
STX12,101
STX16,267
STX17,182
STX18,106
STXBP1,211
STXBP2,214
STXBP3,76
STXBP4,279
STXBP5,149
STXBP6,193
STYX,217
STYXL1,286
SUB1,198
SUCLA2,147
SUCLG1,32
SUCLG2,167
SUCO,131
SUDS3,132
SUGP1,267
SUGP2,206
SUGT1,89
SULT1A1,131
SULT1A3,843
SUMF2,411
SUMO1,111
SUMO2,170
SUMO3,166
SUN1,502
SUN2,267
SUOX,317
SUPT3H,110
SUPT4H1,146
SUPT5H,139
SUPT6H,105
SUPT7L,127
SUPT16H,101
SUPT20H,224
SUPV3L1,154
SURF1,231
SURF2,37
SURF4,170
SURF6,158
SUSD1,304
SUSD3,257
SUV39H1,94
SUV39H2,66
SUZ12,257
SVIP,240
SWI5,164
SWSAP1,145
SYAP1,163
SYCE1,238
SYCP2,207
SYCP2L,176
SYF2,109
SYK,454
SYMPK,88
SYNC,170
SYNCRIP,72
SYNGR1,132
SYNGR2,119
SYNGR3,575
SYNJ2,201
SYNJ2BP,88
SYNRG,178
SYP,155
SYPL1,301
SYPL2,189
SYS1,182
SYT5,194
SYTL4,33
SYVN1,169
SZRD1,96
SZT2,208
TAB1,187
TAB2,212
TAB3,148
TAC3,102
TACC1,169
TACC3,213
TACO1,245
TADA1,280
TADA2A,123
TADA2B,159
TADA3,356
TAF1,88
TAF1A,66
TAF1B,128
TAF1C,201
TAF1D,219
TAF2,142
TAF3,140
TAF4B,132
TAF5,39
TAF5L,28
TAF6,154
TAF6L,134
TAF7,91
TAF8,107
TAF9,154
TAF9B,167
TAF10,52
TAF11,151
TAF12,58
TAF13,71
TAF15,282
TAFA2,199
TAGLN2,269
TAL1,408
TAL2,192
TALDO1,156
TAMM41,214
TANGO2,183
TANGO6,66
TANK,275
TAOK1,128
TAOK2,287
TAOK3,277
TAP2,94
TAPBP,216
TAPT1,81
TARBP1,335
TARBP2,92
TARDBP,376
TARS,175
TARS2,156
TARSL2,210
TASOR,25
TASOR2,148
TASP1,173
TATDN1,66
TATDN2,223
TATDN3,338
TAX1BP1,304
TAX1BP3,266
TAZ,130
TBC1D1,87
TBC1D3,71
TBC1D4,134
TBC1D5,105
TBC1D7,186
TBC1D9B,61
TBC1D10A,147
TBC1D10B,100
TBC1D12,206
TBC1D13,200
TBC1D14,166
TBC1D15,104
TBC1D20,323
TBC1D22A,338
TBC1D22B,170
TBC1D23,124
TBC1D24,565
TBC1D28,219
TBC1D31,64
TBCA,315
TBCB,198
TBCC,268
TBCCD1,219
TBCD,38
TBCE,116
TBCK,188
TBK1,267
TBKBP1,114
TBL1X,106
TBL1XR1,74
TBL2,372
TBL3,86
TBP,301
TBPL1,146
TBPL2,138
TBR1,46
TBRG1,245
TBRG4,95
TBX1,623
TBX2,207
TBX3,263
TBX4,456
TBX5,158
TBX6,283
TBX10,282
TBX15,297
TBX18,242
TBX19,207
TBX20,241
TBX21,82
TBX22,139
TBXA2R,297
TBXAS1,175
TBXT,368
TCAIM,182
TCEA1,118
TCEA2,40
TCEAL1,47
TCEAL8,215
TCEAL9,172
TCEANC2,125
TCERG1,138
TCF3,94
TCF4,159
TCF7,63
TCF7L1,107
TCF7L2,185
TCF12,247
TCF15,275
TCF19,343
TCF20,136
TCF21,186
TCF23,178
TCF24,279
TCF25,54
TCFL5,35
TCHP,136
TCIRG1,410
TCOF1,163
TCP1,30
TCP11L1,179
TCTA,214
TCTEX1D2,121
TCTN1,95
TCTN3,177
TDG,160
TDGF1,243
TDP1,198
TDP2,351
TDRD3,63
TDRKH,196
TEAD1,59
TEAD2,168
TEAD3,717
TEAD4,144
TEC,246
TECPR1,245
TECR,188
TEDC1,140
TEDC2,302
TEF,321
TEFM,341
TEKT2,182
TEKT4,237
TELO2,80
TEN1,220
TENT2,29
TENT4A,248
TENT4B,51
TEPSIN,49
TERF1,198
TERF2,46
TERF2IP,190
TES,196
TESC,160
TESMIN,70
TET1,160
TET2,201
TET3,190
TEX2,290
TEX10,142
TEX15,94
TEX30,215
TEX261,217
TEX264,530
TFAM,147
TFAP2A,290
TFAP2B,37
TFAP2C,140
TFAP2D,54
TFAP2E,106
TFAP4,53
TFB1M,182
TFB2M,434
TFCP2,330
TFCP2L1,18
TFDP1,318
TFDP2,193
TFDP3,102
TFE3,220
TFEB,451
TFEC,72
TFG,223
TFIP11,101
TFPI,30
TFPT,209
TFR2,17
TFRC,169
TGDS,79
TGFB1,262
TGFBR1,46
TGFBR3,191
TGFBRAP1,309
TGIF1,299
TGIF2,163
TGIF2LX,164
TGIF2LY,182
TGM2,215
TGOLN2,181
TGS1,374
THADA,42
THAP1,183
THAP2,242
THAP3,146
THAP4,42
THAP5,141
THAP6,98
THAP7,299
THAP8,108
THAP9,241
THAP10,323
THAP11,158
THAP12,134
THEM4,105
THEM6,88
THEMIS2,124
THG1L,54
THOC1,55
THOC2,47
THOC3,281
THOC5,21
THOC6,291
THOC7,153
THOP1,255
THRA,295
THRAP3,175
THRB,305
THTPA,21
THUMPD1,73
THUMPD2,366
THUMPD3,239
THYN1,83
TIA1,121
TIAL1,13
TICRR,133
TIFA,30
TIGD1,133
TIGD2,72
TIGD3,189
TIGD4,251
TIGD5,53
TIGD6,229
TIGD7,100
TIMELESS,122
TIMM8A,405
TIMM8B,325
TIMM9,314
TIMM10,140
TIMM10B,209
TIMM13,237
TIMM17A,129
TIMM17B,138
TIMM21,70
TIMM22,111
TIMM23B,169
TIMM29,183
TIMM44,63
TIMM50,53
TIMMDC1,43
TIMP1,418
TINF2,115
TIPARP,44
TIPIN,210
TIPRL,106
TJAP1,301
TJP1,303
TJP2,299
TK1,98
TKT,484
TLCD1,309
TLCD3A,168
TLCD5,166
TLE3,235
TLE4,76
TLE5,167
TLK1,134
TLK2,244
TLN1,246
TLNRD1,274
TLX1,331
TLX2,112
TLX3,110
TM2D1,89
TM2D2,88
TM2D3,96
TM4SF19,171
TM7SF2,250
TM7SF3,187
TM9SF1,346
TM9SF2,180
TM9SF3,216
TM9SF4,167
TMA7,284
TMA16,233
TMBIM1,96
TMBIM4,160
TMBIM6,133
TMC6,215
TMCO1,261
TMCO3,259
TMCO6,113
TMED1,144
TMED2,353
TMED3,258
TMED4,124
TMED5,160
TMED7,368
TMED8,156
TMED9,69
TMED10,315
TMEM8A,188
TMEM9,242
TMEM9B,125
TMEM11,164
TMEM14A,125
TMEM14B,173
TMEM14C,172
TMEM18,130
TMEM19,209
TMEM30A,98
TMEM33,207
TMEM38B,189
TMEM39A,249
TMEM39B,209
TMEM41A,122
TMEM41B,41
TMEM43,59
TMEM44,221
TMEM50A,287
TMEM50B,253
TMEM52,399
TMEM53,195
TMEM54,161
TMEM59,196
TMEM60,100
TMEM62,75
TMEM63A,237
TMEM63B,210
TMEM64,290
TMEM65,130
TMEM68,169
TMEM69,249
TMEM70,246
TMEM74B,268
TMEM80,123
TMEM87A,276
TMEM97,127
TMEM98,280
TMEM99,108
TMEM101,121
TMEM106B,270
TMEM106C,281
TMEM107,83
TMEM109,200
TMEM115,125
TMEM116,208
TMEM120A,266
TMEM120B,65
TMEM123,126
TMEM126A,228
TMEM126B,82
TMEM127,386
TMEM128,127
TMEM129,39
TMEM131,310
TMEM131L,203
TMEM134,273
TMEM135,200
TMEM138,302
TMEM141,161
TMEM147,93
TMEM150A,319
TMEM158,57
TMEM159,109
TMEM160,381
TMEM161A,172
TMEM161B,199
TMEM164,213
TMEM165,135
TMEM167A,77
TMEM167B,126
TMEM168,197
TMEM170A,293
TMEM173,263
TMEM175,141
TMEM177,261
TMEM179B,198
TMEM181,237
TMEM183A,61
TMEM184B,96
TMEM184C,101
TMEM185B,234
TMEM186,79
TMEM189,239
TMEM192,213
TMEM198,205
TMEM199,218
TMEM201,103
TMEM203,249
TMEM205,146
TMEM208,104
TMEM209,197
TMEM214,208
TMEM216,308
TMEM218,215
TMEM219,78
TMEM222,218
TMEM223,111
TMEM230,133
TMEM231,165
TMEM234,123
TMEM237,299
TMEM240,394
TMEM241,136
TMEM242,146
TMEM243,162
TMEM245,334
TMEM248,195
TMEM250,173
TMEM251,189
TMEM256,245
TMEM258,287
TMEM259,256
TMEM267,120
TMEM273,153
TMF1,143
TMLHE,197
TMOD1,132
TMOD3,154
TMPO,318
TMSB4X,173
TMSB10,433
TMTC4,103
TMUB1,147
TMUB2,267
TMX1,149
TMX2,111
TMX3,311
TMX4,135
TNFAIP1,249
TNFAIP2,260
TNFAIP8,308
TNFAIP8L1,157
TNFAIP8L2,232
TNFRSF1A,168
TNFRSF1B,473
TNFRSF8,143
TNFRSF10A,86
TNFRSF10B,212
TNFRSF12A,154
TNFSF9,256
TNFSF10,62
TNIK,245
TNIP1,404
TNIP2,243
TNK2,345
TNKS,211
TNKS1BP1,241
TNKS2,99
TNNI3,253
TNNT1,355
TNNT2,48
TNPO1,112
TNPO2,307
TNPO3,210
TNRC6A,379
TNRC6B,87
TNRC6C,240
TNRC18,146
TNXB,80
TOB1,196
TOB2,215
TOE1,318
TOGARAM1,281
TOLLIP,125
TOM1,151
TOM1L1,168
TOMM5,113
TOMM6,66
TOMM7,265
TOMM20,182
TOMM22,114
TOMM34,190
TOMM40,197
TOMM40L,123
TOMM70,186
TONSL,34
TOP1,218
TOP1MT,181
TOP2A,22
TOP2B,275
TOP3A,294
TOP3B,96
TOPBP1,106
TOPORS,201
TOR1A,215
TOR1AIP1,66
TOR1AIP2,187
TOR1B,146
TOR2A,139
TOR3A,158
TOR4A,274
TOX4,256
TP53,220
TP53BP1,293
TP53BP2,238
TP53I3,300
TP53I13,159
TP53RK,249
TP63,150
TP73,196
TPD52L1,275
TPD52L2,240
TPGS1,175
TPGS2,152
TPI1,72
TPM1,434
TPM3,189
TPM4,586
TPMT,127
TPP1,195
TPP2,41
TPR,92
TPRA1,234
TPRKB,38
TPRN,229
TPRX1,121
TPST2,265
TPT1,96
TPX2,171
TRA2A,464
TRA2B,389
TRABD,348
TRADD,126
TRAF2,78
TRAF3,241
TRAF3IP1,187
TRAF3IP2,204
TRAF4,200
TRAF5,277
TRAF7,374
TRAFD1,136
TRAIP,202
TRAK1,175
TRAM1,272
TRAM2,253
TRAP1,271
TRAPPC1,194
TRAPPC2,208
TRAPPC2L,88
TRAPPC3,377
TRAPPC4,443
TRAPPC5,103
TRAPPC6A,163
TRAPPC6B,147
TRAPPC8,270
TRAPPC10,54
TRAPPC11,125
TRAPPC12,227
TRAPPC13,171
TRDMT1,153
TREML2,169
TRERF1,156
TRIAP1,164
TRIB2,334
TRIB3,167
TRIM4,137
TRIM5,254
TRIM7,116
TRIM8,248
TRIM11,124
TRIM13,118
TRIM14,228
TRIM16,241
TRIM21,110
TRIM23,230
TRIM24,104
TRIM25,116
TRIM26,220
TRIM27,77
TRIM28,57
TRIM33,244
TRIM35,382
TRIM37,187
TRIM38,95
TRIM39,136
TRIM41,158
TRIM44,282
TRIM49C,197
TRIM56,134
TRIM58,253
TRIM59,122
TRIM65,117
TRIM68,37
TRIM71,251
TRIOBP,392
TRIP4,137
TRIP6,320
TRIP10,276
TRIP11,228
TRIP12,89
TRIP13,170
TRIR,146
TRIT1,111
TRMT1,177
TRMT1L,110
TRMT2A,268
TRMT2B,222
TRMT5,112
TRMT6,204
TRMT10A,150
TRMT10B,137
TRMT10C,181
TRMT11,151
TRMT12,212
TRMT13,205
TRMT44,49
TRMT61A,156
TRMT61B,243
TRMT112,179
TRMU,169
TRNAU1AP,68
TRNP1,403
TRNT1,386
TROAP,259
TRPC4AP,99
TRPM4,295
TRPM7,56
TRPS1,246
TRPT1,312
TRPV2,213
TRRAP,325
TRUB1,79
TRUB2,199
TSC1,81
TSC2,250
TSC22D1,120
TSC22D2,112
TSC22D4,300
TSEN2,254
TSEN15,144
TSEN34,540
TSEN54,107
TSFM,150
TSG101,74
TSHZ1,236
TSHZ2,237
TSHZ3,121
TSKU,171
TSN,199
TSNARE1,119
TSNAX,132
TSPAN3,178
TSPAN4,418
TSPAN13,243
TSPAN14,58
TSPAN17,414
TSPAN18,216
TSPAN31,125
TSPAN32,147
TSPO,253
TSPYL1,211
TSPYL2,302
TSPYL4,304
TSPYL5,229
TSPYL6,183
TSR1,329
TSR2,192
TSR3,303
TSSC4,265
TSSK3,449
TST,179
TSTA3,268
TSTD2,213
TSTD3,82
TTC1,86
TTC3,158
TTC4,172
TTC5,131
TTC7A,256
TTC7B,66
TTC8,125
TTC9C,183
TTC12,66
TTC13,182
TTC14,148
TTC17,172
TTC19,117
TTC21B,242
TTC26,75
TTC27,73
TTC31,211
TTC32,180
TTC33,198
TTC37,194
TTC38,72
TTF1,30
TTF2,52
TTI1,241
TTI2,93
TTK,65
TTL,48
TTLL3,200
TTLL4,190
TTLL5,50
TTLL12,263
TTPAL,155
TUBA1A,125
TUBA1B,134
TUBA1C,103
TUBA3D,165
TUBA4A,298
TUBB,140
TUBB2A,300
TUBB2B,306
TUBB3,312
TUBB4B,227
TUBB6,81
TUBD1,410
TUBE1,280
TUBG1,31
TUBGCP2,116
TUBGCP3,13
TUBGCP4,63
TUBGCP5,61
TUBGCP6,378
TUFM,103
TULP1,233
TULP4,163
TUSC2,204
TUSC3,253
TUT1,553
TUT4,148
TUT7,179
TVP23B,110
TVP23C,205
TWF1,258
TWF2,284
TWIST1,194
TWIST2,230
TWISTNB,62
TWNK,119
TWSG1,200
TXLNA,225
TXLNG,131
TXN,97
TXN2,77
TXNDC5,241
TXNDC9,31
TXNDC11,239
TXNDC12,35
TXNDC15,153
TXNDC17,167
TXNIP,100
TXNL1,217
TXNL4A,145
TXNL4B,254
TXNRD1,184
TXNRD2,330
TYK2,144
TYMP,116
TYMS,89
TYRO3,281
TYROBP,93
TYW1,63
TYW1B,71
TYW3,16
TYW5,152
U2AF1,45
U2AF1L4,262
U2AF2,208
U2SURP,116
UAP1,221
UBA1,137
UBA2,228
UBA3,140
UBA5,217
UBA6,88
UBA52,138
UBAC1,160
UBAC2,162
UBALD1,211
UBALD2,260
UBAP1,155
UBAP2,87
UBAP2L,112
UBB,289
UBC,230
UBE2A,247
UBE2B,94
UBE2D1,403
UBE2D2,101
UBE2D3,401
UBE2D4,248
UBE2E1,155
UBE2E3,216
UBE2F,53
UBE2G1,106
UBE2G2,190
UBE2H,404
UBE2I,103
UBE2J1,199
UBE2J2,44
UBE2K,112
UBE2L3,520
UBE2L6,156
UBE2M,409
UBE2N,399
UBE2O,244
UBE2Q1,162
UBE2Q2,83
UBE2R2,35
UBE2S,156
UBE2T,79
UBE2V1,162
UBE2V2,34
UBE2W,181
UBE2Z,104
UBE3A,228
UBE3B,127
UBE3C,178
UBE3D,243
UBE4A,53
UBE4B,195
UBFD1,175
UBIAD1,181
UBL3,78
UBL4A,232
UBL5,119
UBL7,143
UBLCP1,72
UBN1,205
UBN2,258
UBP1,185
UBQLN1,205
UBQLN2,172
UBQLN4,298
UBR1,308
UBR2,33
UBR3,146
UBR4,50
UBR5,102
UBR7,339
UBTF,511
UBXN1,287
UBXN2A,82
UBXN2B,238
UBXN4,232
UBXN6,451
UBXN7,140
UBXN8,235
UBXN10,455
UBXN11,225
UCHL3,100
UCHL5,238
UCK1,222
UCK2,156
UCKL1,181
UCP2,363
UFC1,264
UFD1,111
UFL1,473
UFM1,260
UFSP1,178
UFSP2,187
UGCG,141
UGDH,100
UGGT1,239
UGGT2,223
UGP2,200
UGT8,210
UHMK1,275
UHRF1,193
UHRF1BP1,102
UHRF1BP1L,131
UHRF2,215
UIMC1,227
ULK3,232
UMPS,27
UNC13D,248
UNC45A,351
UNC50,114
UNC93B1,271
UNC119,354
UNC119B,297
UNCX,308
UNG,270
UNK,225
UNKL,248
UPF1,270
UPF2,351
UPF3A,187
UPF3B,193
UPRT,180
UQCC1,102
UQCC2,171
UQCR10,89
UQCR11,240
UQCRB,208
UQCRC1,643
UQCRC2,118
UQCRFS1,168
UQCRH,216
UQCRHL,103
UQCRQ,189
URB1,107
URB2,249
URGCP,275
URI1,142
URM1,246
UROD,412
UROS,217
USB1,140
USE1,156
USF1,161
USF2,409
USO1,183
USP1,45
USP2,352
USP3,226
USP4,23
USP5,341
USP6NL,233
USP7,615
USP8,151
USP9X,231
USP10,251
USP11,211
USP12,297
USP13,208
USP14,212
USP15,125
USP16,194
USP19,187
USP20,242
USP21,170
USP22,286
USP24,301
USP25,122
USP28,180
USP30,302
USP32,143
USP33,107
USP34,78
USP36,303
USP37,100
USP38,310
USP39,159
USP40,144
USP42,151
USP44,194
USP45,264
USP46,180
USP47,374
USP48,214
USP49,105
USP51,262
USP53,186
USP54,302
USPL1,131
UTP3,19
UTP6,57
UTP11,80
UTP14A,8
UTP15,85
UTP18,147
UTP20,108
UTP23,183
UTP25,43
UTRN,172
UVRAG,22
UXS1,284
UXT,217
VAC14,145
VAMP1,147
VAMP2,127
VAMP3,132
VAMP4,114
VAMP7,152
VAMP8,270
VAPA,126
VAPB,148
VARS,113
VARS2,194
VASP,111
VAT1,376
VAV1,174
VAX1,167
VAX2,144
VBP1,249
VCL,246
VCP,288
VCPIP1,79
VCX,37
VDAC1,88
VDAC2,88
VDAC3,52
VDR,125
VEGFA,122
VEGFB,340
VENTX,57
VEZF1,114
VEZT,483
VGF,195
VGLL4,200
VHL,378
VILL,300
VIM,100
VIPAS39,219
VIRMA,52
VKORC1,97
VKORC1L1,403
VMA21,80
VMP1,193
VOPP1,239
VPS4A,114
VPS4B,131
VPS8,266
VPS11,59
VPS13A,63
VPS13B,110
VPS13C,368
VPS13D,334
VPS16,130
VPS18,337
VPS25,166
VPS26A,151
VPS26B,177
VPS26C,203
VPS28,37
VPS29,187
VPS33A,305
VPS33B,215
VPS35,52
VPS35L,170
VPS36,288
VPS37A,304
VPS37B,212
VPS37C,378
VPS39,249
VPS41,731
VPS45,211
VPS51,175
VPS52,58
VPS53,148
VPS54,194
VPS72,200
VRK1,187
VRK2,287
VRK3,228
VSIG10,144
VSX1,75
VSX2,37
VTA1,254
VTI1A,93
VTI1B,101
VWA1,31
VWA8,216
VWDE,157
WAC,331
WARS,206
WARS2,179
WAS,163
WASF1,183
WASF2,105
WASHC2A,196
WASHC2C,268
WASHC3,229
WASHC4,117
WASHC5,223
WASL,146
WBP1,247
WBP1L,583
WBP2,146
WBP4,234
WBP11,368
WDCP,156
WDFY1,166
WDFY2,98
WDFY3,172
WDHD1,404
WDR1,203
WDR3,220
WDR4,731
WDR5,96
WDR6,226
WDR7,150
WDR11,126
WDR12,68
WDR13,210
WDR18,174
WDR19,182
WDR20,246
WDR24,114
WDR25,454
WDR26,409
WDR27,82
WDR33,74
WDR34,196
WDR36,168
WDR37,142
WDR41,172
WDR43,138
WDR44,199
WDR45,220
WDR45B,195
WDR46,110
WDR48,102
WDR53,314
WDR54,453
WDR55,106
WDR59,214
WDR60,141
WDR61,188
WDR62,235
WDR66,100
WDR70,20
WDR73,20
WDR74,286
WDR75,84
WDR76,228
WDR77,57
WDR81,396
WDR82,151
WDR83,262
WDR83OS,202
WDR89,156
WDR91,178
WDR92,138
WDSUB1,148
WDTC1,209
WDYHV1,89
WEE1,88
WHAMM,268
WIPF1,149
WIPF2,252
WIPF3,215
WIPI1,382
WIPI2,100
WIZ,161
WNK1,304
WNK2,204
WNK4,217
WNT5B,278
WRAP53,271
WRAP73,219
WRN,85
WRNIP1,364
WSB1,231
WSB2,156
WT1,281
WTAP,225
WWC2,227
WWOX,178
WWP1,142
WWP2,138
XAB2,157
XAGE1B,73
XBP1,273
XIAP,167
XK,72
XPA,198
XPC,225
XPNPEP1,142
XPNPEP3,177
XPO1,130
XPO4,211
XPO5,476
XPO6,201
XPO7,230
XPOT,232
XPR1,344
XRCC1,509
XRCC2,344
XRCC3,78
XRCC4,215
XRCC5,78
XRCC6,29
XRN1,26
XRN2,118
XRRA1,234
XXYLT1,86
XYLB,198
XYLT2,92
YAE1,51
YAF2,84
YARS,382
YARS2,272
YBEY,214
YBX1,158
YBX2,281
YBX3,233
YDJC,96
YEATS2,354
YEATS4,472
YES1,283
YIF1A,232
YIF1B,205
YIPF1,220
YIPF2,126
YIPF3,86
YIPF4,204
YIPF5,75
YIPF6,81
YJEFN3,270
YJU2,139
YKT6,93
YLPM1,28
YME1L1,90
YOD1,234
YPEL1,225
YPEL3,109
YPEL5,163
YRDC,227
YTHDC1,137
YTHDC2,231
YTHDF1,278
YTHDF2,88
YTHDF3,163
YWHAB,185
YWHAE,88
YWHAG,109
YWHAH,246
YWHAQ,212
YWHAZ,377
YY1,177
YY1AP1,155
YY2,310
ZADH2,310
ZBED1,284
ZBED2,10
ZBED3,249
ZBED4,227
ZBED5,172
ZBED6,133
ZBED6CL,99
ZBTB1,283
ZBTB2,76
ZBTB3,147
ZBTB4,363
ZBTB5,151
ZBTB6,87
ZBTB7A,970
ZBTB7B,120
ZBTB7C,514
ZBTB8A,211
ZBTB8B,90
ZBTB8OS,133
ZBTB9,53
ZBTB10,134
ZBTB11,306
ZBTB12,173
ZBTB14,34
ZBTB16,33
ZBTB17,318
ZBTB18,176
ZBTB20,200
ZBTB21,191
ZBTB22,119
ZBTB24,278
ZBTB25,62
ZBTB26,249
ZBTB32,291
ZBTB33,106
ZBTB34,154
ZBTB37,299
ZBTB38,437
ZBTB39,90
ZBTB40,129
ZBTB41,154
ZBTB42,171
ZBTB43,187
ZBTB44,260
ZBTB45,198
ZBTB46,89
ZBTB47,308
ZBTB48,83
ZBTB49,276
ZC2HC1C,146
ZC3H3,171
ZC3H4,465
ZC3H7A,95
ZC3H7B,123
ZC3H8,16
ZC3H11A,120
ZC3H12A,172
ZC3H13,148
ZC3H14,218
ZC3H15,127
ZC3H18,67
ZC3HAV1,183
ZC3HC1,166
ZCCHC3,136
ZCCHC4,176
ZCCHC7,140
ZCCHC8,190
ZCCHC9,68
ZCCHC10,112
ZCCHC17,157
ZCRB1,275
ZDHHC3,166
ZDHHC4,125
ZDHHC5,286
ZDHHC6,354
ZDHHC7,127
ZDHHC8,100
ZDHHC9,192
ZDHHC12,282
ZDHHC14,134
ZDHHC16,309
ZDHHC17,234
ZDHHC18,192
ZDHHC19,134
ZDHHC20,148
ZDHHC24,140
ZEB1,438
ZEB2,61
ZER1,253
ZFAND1,219
ZFAND2A,165
ZFAND2B,204
ZFAND3,86
ZFAND5,145
ZFAND6,198
ZFAT,241
ZFC3H1,209
ZFHX2,364
ZFHX3,337
ZFHX4,329
ZFP1,72
ZFP2,286
ZFP3,151
ZFP14,154
ZFP28,498
ZFP30,120
ZFP36L1,481
ZFP36L2,207
ZFP37,47
ZFP41,205
ZFP42,341
ZFP57,127
ZFP62,131
ZFP64,181
ZFP69,124
ZFP69B,406
ZFP82,116
ZFP90,247
ZFP91,230
ZFP92,271
ZFPL1,285
ZFPM1,160
ZFPM2,275
ZFR,170
ZFX,157
ZFY,253
ZFYVE9,273
ZFYVE16,150
ZFYVE19,47
ZFYVE21,279
ZFYVE27,155
ZFYVE28,323
ZGLP1,192
ZGPAT,111
ZHX1,131
ZHX2,238
ZHX3,261
ZIC1,138
ZIC2,279
ZIC3,161
ZIC4,451
ZIC5,19
ZIK1,261
ZIM2,147
ZIM3,94
ZKSCAN1,323
ZKSCAN2,136
ZKSCAN3,92
ZKSCAN4,34
ZKSCAN5,90
ZKSCAN7,111
ZKSCAN8,110
ZMAT1,296
ZMAT2,364
ZMAT3,215
ZMAT4,272
ZMAT5,109
ZMIZ2,234
ZMPSTE24,206
ZMYM1,100
ZMYM2,94
ZMYM3,463
ZMYM4,105
ZMYM5,203
ZMYM6,233
ZMYND8,166
ZMYND11,229
ZMYND19,140
ZNF2,116
ZNF3,40
ZNF7,268
ZNF8,210
ZNF10,154
ZNF12,303
ZNF14,204
ZNF16,88
ZNF17,123
ZNF18,267
ZNF19,189
ZNF20,337
ZNF22,149
ZNF23,332
ZNF24,175
ZNF25,184
ZNF26,51
ZNF28,217
ZNF30,337
ZNF32,108
ZNF33A,139
ZNF33B,90
ZNF34,238
ZNF35,280
ZNF37A,196
ZNF41,106
ZNF43,542
ZNF44,140
ZNF45,87
ZNF48,187
ZNF57,197
ZNF69,286
ZNF70,185
ZNF71,200
ZNF74,223
ZNF75A,227
ZNF75D,126
ZNF76,234
ZNF77,91
ZNF79,158
ZNF80,30
ZNF81,176
ZNF83,423
ZNF84,289
ZNF85,254
ZNF90,194
ZNF91,104
ZNF92,189
ZNF93,131
ZNF98,136
ZNF99,178
ZNF100,167
ZNF101,219
ZNF106,123
ZNF107,128
ZNF112,49
ZNF114,287
ZNF117,123
ZNF121,29
ZNF124,185
ZNF131,73
ZNF132,168
ZNF133,240
ZNF134,54
ZNF135,112
ZNF136,65
ZNF138,45
ZNF140,101
ZNF141,192
ZNF142,146
ZNF143,195
ZNF146,61
ZNF148,89
ZNF154,130
ZNF155,43
ZNF157,97
ZNF160,218
ZNF165,189
ZNF169,213
ZNF174,23
ZNF175,187
ZNF177,224
ZNF180,181
ZNF181,194
ZNF182,204
ZNF184,266
ZNF189,162
ZNF195,209
ZNF197,284
ZNF200,148
ZNF202,300
ZNF205,198
ZNF207,510
ZNF208,51
ZNF211,289
ZNF212,187
ZNF213,155
ZNF214,257
ZNF215,166
ZNF217,235
ZNF219,74
ZNF221,198
ZNF222,145
ZNF223,124
ZNF224,174
ZNF225,81
ZNF226,307
ZNF227,183
ZNF229,294
ZNF230,42
ZNF232,611
ZNF233,66
ZNF234,135
ZNF235,90
ZNF236,82
ZNF239,148
ZNF248,257
ZNF250,47
ZNF251,219
ZNF253,245
ZNF254,250
ZNF256,177
ZNF257,61
ZNF260,13
ZNF263,333
ZNF264,186
ZNF266,174
ZNF267,313
ZNF268,212
ZNF273,406
ZNF274,75
ZNF275,73
ZNF276,70
ZNF277,173
ZNF280A,160
ZNF280B,210
ZNF280C,64
ZNF280D,209
ZNF281,351
ZNF282,362
ZNF283,124
ZNF284,386
ZNF285,148
ZNF286A,129
ZNF286B,240
ZNF287,265
ZNF292,343
ZNF296,146
ZNF300,150
ZNF302,319
ZNF304,201
ZNF311,227
ZNF317,322
ZNF318,80
ZNF319,370
ZNF320,228
ZNF322,85
ZNF324,47
ZNF324B,183
ZNF326,145
ZNF329,131
ZNF330,204
ZNF331,197
ZNF333,304
ZNF334,142
ZNF335,283
ZNF337,129
ZNF341,266
ZNF343,82
ZNF345,239
ZNF346,100
ZNF347,150
ZNF350,197
ZNF354A,239
ZNF354B,149
ZNF354C,100
ZNF358,277
ZNF362,45
ZNF365,199
ZNF366,365
ZNF367,149
ZNF382,187
ZNF383,95
ZNF384,128
ZNF385A,328
ZNF385B,93
ZNF385C,141
ZNF385D,310
ZNF391,177
ZNF394,152
ZNF395,48
ZNF396,130
ZNF397,63
ZNF398,218
ZNF404,100
ZNF407,234
ZNF408,177
ZNF410,125
ZNF414,112
ZNF415,80
ZNF416,278
ZNF417,137
ZNF418,245
ZNF419,251
ZNF420,398
ZNF423,309
ZNF425,97
ZNF426,198
ZNF428,206
ZNF429,89
ZNF430,163
ZNF431,228
ZNF432,212
ZNF433,163
ZNF436,351
ZNF438,311
ZNF439,219
ZNF440,236
ZNF441,148
ZNF442,72
ZNF443,189
ZNF444,198
ZNF445,167
ZNF446,96
ZNF449,146
ZNF451,247
ZNF454,133
ZNF460,179
ZNF461,128
ZNF462,300
ZNF467,189
ZNF468,393
ZNF469,180
ZNF470,360
ZNF471,198
ZNF473,107
ZNF474,151
ZNF479,314
ZNF480,202
ZNF483,142
ZNF484,170
ZNF485,184
ZNF486,126
ZNF488,480
ZNF490,183
ZNF491,76
ZNF492,344
ZNF493,264
ZNF496,148
ZNF497,12
ZNF500,218
ZNF501,207
ZNF502,132
ZNF503,187
ZNF506,360
ZNF507,279
ZNF510,42
ZNF511,33
ZNF512,94
ZNF512B,243
ZNF513,127
ZNF514,300
ZNF516,71
ZNF517,178
ZNF518A,117
ZNF518B,239
ZNF519,147
ZNF521,136
ZNF524,117
ZNF526,212
ZNF527,397
ZNF528,151
ZNF529,223
ZNF530,264
ZNF532,168
ZNF534,252
ZNF536,102
ZNF540,374
ZNF541,185
ZNF543,211
ZNF544,189
ZNF546,124
ZNF547,303
ZNF548,153
ZNF549,232
ZNF550,214
ZNF551,257
ZNF552,357
ZNF554,37
ZNF555,238
ZNF556,183
ZNF557,184
ZNF558,126
ZNF559,249
ZNF560,271
ZNF561,248
ZNF562,110
ZNF563,216
ZNF564,227
ZNF565,324
ZNF566,200
ZNF567,37
ZNF568,167
ZNF569,103
ZNF570,295
ZNF571,114
ZNF572,241
ZNF573,86
ZNF574,642
ZNF575,213
ZNF576,102
ZNF577,182
ZNF578,197
ZNF579,157
ZNF580,736
ZNF581,208
ZNF582,152
ZNF583,276
ZNF584,282
ZNF585A,11
ZNF585B,71
ZNF586,141
ZNF587,184
ZNF587B,111
ZNF589,97
ZNF592,109
ZNF593,276
ZNF594,134
ZNF595,187
ZNF596,156
ZNF597,162
ZNF598,125
ZNF599,234
ZNF600,178
ZNF605,52
ZNF606,155
ZNF607,172
ZNF608,150
ZNF609,188
ZNF610,118
ZNF611,79
ZNF613,143
ZNF614,145
ZNF615,188
ZNF616,123
ZNF618,183
ZNF619,281
ZNF620,127
ZNF621,178
ZNF622,92
ZNF623,218
ZNF624,158
ZNF626,115
ZNF627,150
ZNF628,147
ZNF629,374
ZNF630,285
ZNF638,51
ZNF639,264
ZNF641,144
ZNF644,158
ZNF646,162
ZNF648,207
ZNF649,249
ZNF652,188
ZNF653,125
ZNF654,216
ZNF655,139
ZNF658,264
ZNF660,126
ZNF662,251
ZNF664,150
ZNF665,231
ZNF667,53
ZNF668,130
ZNF669,177
ZNF670,101
ZNF671,60
ZNF672,334
ZNF674,348
ZNF675,87
ZNF676,175
ZNF677,172
ZNF678,218
ZNF679,196
ZNF680,259
ZNF681,38
ZNF682,270
ZNF683,216
ZNF684,122
ZNF687,416
ZNF688,167
ZNF689,150
ZNF691,187
ZNF692,112
ZNF695,108
ZNF696,205
ZNF697,145
ZNF699,286
ZNF700,58
ZNF701,186
ZNF703,80
ZNF704,166
ZNF705A,148
ZNF705B,107
ZNF705D,23
ZNF705G,135
ZNF706,191
ZNF707,181
ZNF708,47
ZNF709,341
ZNF710,51
ZNF711,229
ZNF713,180
ZNF714,67
ZNF716,247
ZNF717,101
ZNF718,795
ZNF720,205
ZNF721,428
ZNF726,181
ZNF727,170
ZNF728,253
ZNF729,95
ZNF730,162
ZNF732,228
ZNF735,145
ZNF736,376
ZNF737,64
ZNF740,151
ZNF746,336
ZNF747,117
ZNF749,97
ZNF750,122
ZNF761,158
ZNF763,373
ZNF764,256
ZNF765,257
ZNF766,100
ZNF768,168
ZNF770,170
ZNF771,114
ZNF772,192
ZNF773,172
ZNF774,2
ZNF775,153
ZNF776,138
ZNF777,70
ZNF778,254
ZNF780A,88
ZNF780B,129
ZNF781,159
ZNF782,99
ZNF783,166
ZNF784,182
ZNF785,123
ZNF786,152
ZNF787,244
ZNF789,64
ZNF790,314
ZNF791,158
ZNF792,254
ZNF793,108
ZNF799,36
ZNF800,228
ZNF804A,246
ZNF804B,223
ZNF805,198
ZNF808,212
ZNF813,194
ZNF814,98
ZNF816,331
ZNF821,336
ZNF823,146
ZNF827,60
ZNF829,48
ZNF830,5
ZNF831,247
ZNF835,118
ZNF836,113
ZNF837,280
ZNF841,143
ZNF843,304
ZNF844,145
ZNF845,206
ZNF846,152
ZNF850,119
ZNF852,113
ZNF853,285
ZNF860,161
ZNF865,144
ZNF875,201
ZNF878,169
ZNF879,127
ZNF880,124
ZNF883,308
ZNF888,187
ZNF891,137
ZNFX1,187
ZNHIT1,162
ZNHIT2,137
ZNHIT3,128
ZNHIT6,132
ZNRD1,81
ZNRD2,165
ZNRF1,146
ZNRF2,254
ZRANB2,90
ZRANB3,45
ZRSR2,148
ZSCAN1,62
ZSCAN2,68
ZSCAN5A,364
ZSCAN5B,303
ZSCAN9,334
ZSCAN10,133
ZSCAN12,163
ZSCAN16,62
ZSCAN18,533
ZSCAN20,253
ZSCAN21,117
ZSCAN22,180
ZSCAN23,82
ZSCAN25,54
ZSCAN26,29
ZSCAN29,66
ZSCAN30,204
ZSCAN31,193
ZSCAN32,60
ZSWIM1,144
ZSWIM7,214
ZSWIM8,162
ZUP1,147
ZW10,295
ZWILCH,33
ZWINT,26
ZXDA,168
ZXDB,198
ZXDC,47
ZYG11A,92
ZYG11B,120
ZYX,506
ZZEF1,271
control,75328
