source_target_gene,n_cells
A1BG,649
A1CF,429
A2M,173
A2ML1,332
A3GALT2,70
A4GALT,304
A4GNT,273
AAAS,139
AACS,64
AADAC,39
AADACL2,220
AADACL3,178
AADACL4,1
AADAT,3
AAGAB,74
AAK1,166
AAMDC,207
AAMP,53
AANAT,133
AAR2,68
AARD,104
AARS1,110
AARS2,157
AARSD1,325
AASDH,119
AASS,158
AATF,34
AATK,58
ABAT,171
ABCA1,64
ABCA10,182
ABCA12,153
ABCA13,205
ABCA2,173
ABCA3,99
ABCA4,136
ABCA5,202
ABCA6,270
ABCA7,530
ABCA8,241
ABCA9,481
ABCB1,152
ABCB10,75
ABCB11,274
ABCB4,422
ABCB5,199
ABCB6,83
ABCB7,115
ABCB8,428
ABCB9,165
ABCC1,215
ABCC10,86
ABCC11,193
ABCC12,244
ABCC2,196
ABCC3,106
ABCC4,334
ABCC5,241
ABCC6,168
ABCC8,25
ABCC9,221
ABCD1,166
ABCD2,98
ABCD3,97
ABCD4,167
ABCE1,96
ABCF1,124
ABCF2,78
ABCF3,56
ABCG1,217
ABCG2,190
ABCG4,91
ABCG5,143
ABCG8,118
ABHD1,132
ABHD10,353
ABHD11,146
ABHD12,150
ABHD12B,137
ABHD13,227
ABHD14A,121
ABHD14B,230
ABHD15,299
ABHD16A,95
ABHD16B,190
ABHD17A,304
ABHD17B,120
ABHD17C,173
ABHD18,179
ABHD2,237
ABHD3,154
ABHD4,43
ABHD5,19
ABHD6,76
ABHD8,190
ABI1,148
ABI2,13
ABI3,375
ABI3BP,240
ABITRAM,329
ABL1,148
ABL2,542
ABLIM1,95
ABLIM2,203
ABLIM3,133
ABO,318
ABR,87
ABRA,173
ABRACL,40
ABRAXAS1,164
ABRAXAS2,78
ABT1,30
ABTB1,194
ABTB2,141
ABTB3,147
ACAA1,199
ACAA2,1
ACACA,123
ACACB,358
ACAD10,41
ACAD11,134
ACAD8,68
ACAD9,8
ACADL,249
ACADM,41
ACADS,3
ACADSB,146
ACADVL,189
ACAN,193
ACAP1,316
ACAP2,150
ACAP3,149
ACAT1,108
ACAT2,113
ACBD3,112
ACBD4,78
ACBD5,1
ACBD6,187
ACBD7,78
ACCS,256
ACCSL,283
ACD,60
ACE,397
ACE2,45
ACER1,179
ACER2,266
ACER3,30
ACHE,191
ACIN1,409
ACKR1,89
ACKR2,152
ACKR3,132
ACKR4,294
ACLY,146
ACMSD,80
ACO1,27
ACO2,155
ACOD1,190
ACOT1,306
ACOT11,240
ACOT12,190
ACOT13,42
ACOT2,95
ACOT4,34
ACOT6,321
ACOT7,72
ACOT8,103
ACOT9,128
ACOX1,169
ACOX2,373
ACOX3,353
ACOXL,453
ACP1,159
ACP2,5
ACP3,82
ACP4,237
ACP5,578
ACP6,123
ACP7,227
ACR,30
ACRBP,18
ACRV1,291
ACSBG1,319
ACSBG2,309
ACSF2,232
ACSF3,136
ACSL1,42
ACSL3,105
ACSL4,59
ACSL5,493
ACSL6,193
ACSM1,113
ACSM2A,150
ACSM2B,46
ACSM3,107
ACSM4,101
ACSM5,554
ACSM6,415
ACSS1,123
ACSS2,36
ACSS3,101
ACTA1,477
ACTA2,438
ACTB,38
ACTBL2,169
ACTC1,288
ACTG1,52
ACTG2,442
ACTL10,492
ACTL6A,72
ACTL6B,42
ACTL7A,162
ACTL7B,187
ACTL8,89
ACTL9,379
ACTMAP,180
ACTN1,62
ACTN2,325
ACTN3,208
ACTN4,225
ACTR10,215
ACTR1A,258
ACTR1B,324
ACTR2,56
ACTR3,217
ACTR3B,21
ACTR3C,48
ACTR5,288
ACTR6,104
ACTR8,69
ACTRT1,201
ACTRT2,42
ACTRT3,200
ACVR1,287
ACVR1B,133
ACVR1C,174
ACVR2A,141
ACVR2B,19
ACVRL1,116
ACY1,159
ACY3,227
ACYP1,343
ACYP2,300
ADA,271
ADA2,192
ADAD1,122
ADAD2,336
ADAL,105
ADAM10,60
ADAM11,51
ADAM12,86
ADAM15,124
ADAM17,252
ADAM18,191
ADAM19,153
ADAM2,93
ADAM20,194
ADAM21,76
ADAM22,318
ADAM23,103
ADAM28,141
ADAM29,315
ADAM30,321
ADAM32,66
ADAM33,158
ADAM7,175
ADAM8,22
ADAM9,251
ADAMDEC1,119
ADAMTS1,230
ADAMTS10,81
ADAMTS12,68
ADAMTS13,164
ADAMTS14,123
ADAMTS15,288
ADAMTS16,30
ADAMTS17,142
ADAMTS18,227
ADAMTS19,134
ADAMTS2,423
ADAMTS20,226
ADAMTS3,63
ADAMTS4,259
ADAMTS5,295
ADAMTS6,205
ADAMTS7,50
ADAMTS8,7
ADAMTS9,101
ADAMTSL1,283
ADAMTSL2,6
ADAMTSL3,125
ADAMTSL5,171
ADAP1,245
ADAP2,70
ADAR,248
ADARB1,65
ADARB2,86
ADAT1,65
ADAT2,163
ADAT3,238
ADCK1,393
ADCK2,75
ADCK5,93
ADCY1,28
ADCY10,185
ADCY2,243
ADCY3,173
ADCY4,100
ADCY5,101
ADCY6,308
ADCY7,113
ADCY8,72
ADCY9,142
ADCYAP1,151
ADCYAP1R1,257
ADD1,17
ADD2,27
ADD3,113
ADGB,258
ADGRA1,96
ADGRA2,56
ADGRA3,45
ADGRB1,81
ADGRB2,71
ADGRB3,166
ADGRD1,328
ADGRD2,151
ADGRE1,150
ADGRE2,266
ADGRE3,119
ADGRE5,64
ADGRF1,212
ADGRF3,451
ADGRF4,242
ADGRF5,511
ADGRG1,104
ADGRG2,75
ADGRG3,160
ADGRG4,87
ADGRG5,353
ADGRG6,104
ADGRG7,124
ADGRL1,109
ADGRL2,133
ADGRL3,211
ADGRL4,93
ADGRV1,45
ADH1A,163
ADH1B,171
ADH1C,112
ADH4,57
ADH5,102
ADH6,233
ADH7,237
ADHFE1,266
ADI1,173
ADIG,208
ADIPOQ,164
ADIPOR1,81
ADIPOR2,104
ADIRF,151
ADISSP,199
ADK,117
ADM,70
ADM2,29
ADM5,128
ADNP,322
ADNP2,161
ADO,417
ADORA1,45
ADORA2A,177
ADORA2B,242
ADORA3,535
ADPGK,49
ADPRH,59
ADPRHL1,178
ADPRM,153
ADPRS,78
ADRA1A,133
ADRA1B,299
ADRA1D,400
ADRA2A,111
ADRA2B,19
ADRA2C,144
ADRB1,164
ADRB2,85
ADRB3,79
ADRM1,477
ADSL,2
ADSS1,209
ADSS2,350
ADTRP,149
AEBP1,276
AEBP2,258
AEN,99
AFAP1,89
AFAP1L1,117
AFAP1L2,140
AFDN,112
AFF1,80
AFF2,70
AFF3,49
AFF4,35
AFG1L,461
AFG3L2,116
AFM,61
AFMID,370
AFP,118
AFTPH,352
AGA,387
AGAP1,167
AGAP2,50
AGAP3,364
AGAP9,349
AGBL1,514
AGBL2,37
AGBL3,46
AGBL4,149
AGBL5,425
AGER,3
AGFG1,191
AGFG2,84
AGGF1,402
AGK,318
AGL,279
AGMAT,71
AGMO,103
AGO1,159
AGO2,118
AGO3,123
AGO4,353
AGPAT1,177
AGPAT2,307
AGPAT3,212
AGPAT4,153
AGPAT5,69
AGPS,22
AGR2,100
AGR3,100
AGRN,105
AGRP,169
AGT,130
AGTPBP1,269
AGTR1,62
AGTR2,180
AGTRAP,176
AGXT,316
AGXT2,51
AHCTF1,153
AHCY,33
AHCYL1,285
AHCYL2,75
AHDC1,205
AHI1,238
AHNAK,322
AHNAK2,226
AHR,129
AHRR,151
AHSA1,115
AHSG,129
AHSP,285
AICDA,200
AIF1,174
AIF1L,169
AIFM1,418
AIFM2,143
AIFM3,165
AIG1,169
AIM2,262
AIMP1,321
AIMP2,229
AIP,274
AIPL1,226
AIRE,149
AJAP1,176
AJM1,27
AJUBA,243
AK1,53
AK2,321
AK3,150
AK4,520
AK5,117
AK7,66
AK8,185
AK9,181
AKAIN1,121
AKAP1,56
AKAP10,240
AKAP11,327
AKAP12,458
AKAP13,269
AKAP14,36
AKAP17A,299
AKAP3,331
AKAP4,94
AKAP5,116
AKAP6,202
AKAP7,65
AKAP8,5
AKAP8L,76
AKAP9,323
AKIP1,67
AKIRIN1,40
AKIRIN2,300
AKNA,174
AKNAD1,401
AKR1A1,112
AKR1B1,482
AKR1B10,96
AKR1B15,29
AKR1C2,383
AKR1C3,210
AKR1C4,172
AKR1D1,283
AKR1E2,44
AKR7A2,77
AKR7A3,152
AKT1,132
AKT1S1,7
AKT2,101
AKT3,129
AKTIP,152
ALAD,395
ALAS1,74
ALAS2,231
ALB,365
ALCAM,61
ALDH16A1,89
ALDH18A1,193
ALDH1A1,162
ALDH1A2,141
ALDH1A3,411
ALDH1B1,65
ALDH1L1,324
ALDH1L2,91
ALDH2,185
ALDH3A1,412
ALDH3A2,133
ALDH3B1,561
ALDH3B2,109
ALDH4A1,120
ALDH5A1,129
ALDH6A1,99
ALDH7A1,243
ALDH8A1,231
ALDH9A1,125
ALDOA,66
ALDOB,283
ALDOC,57
ALG1,76
ALG10,125
ALG10B,138
ALG12,134
ALG13,100
ALG14,229
ALG2,255
ALG3,118
ALG5,73
ALG6,391
ALG8,363
ALG9,456
ALK,250
ALKAL1,136
ALKAL2,106
ALKBH1,137
ALKBH2,86
ALKBH3,45
ALKBH4,213
ALKBH5,119
ALKBH6,243
ALKBH7,32
ALKBH8,149
ALLC,328
ALMS1,79
ALOX12,404
ALOX12B,429
ALOX15,106
ALOX15B,170
ALOX5,29
ALOX5AP,250
ALOXE3,221
ALPG,83
ALPI,194
ALPK1,326
ALPK2,396
ALPK3,204
ALPL,464
ALPP,40
ALS2,285
ALS2CL,203
ALX1,144
ALX3,204
ALX4,134
ALYREF,5
AMACR,63
AMBN,396
AMBP,88
AMBRA1,83
AMD1,73
AMDHD1,46
AMDHD2,92
AMELX,110
AMELY,92
AMER1,67
AMER2,490
AMER3,105
AMFR,232
AMH,144
AMHR2,97
AMIGO1,357
AMIGO2,65
AMIGO3,172
AMMECR1,232
AMMECR1L,132
AMN,272
AMN1,253
AMOT,142
AMOTL1,48
AMOTL2,127
AMPD1,112
AMPD2,172
AMPD3,254
AMPH,391
AMT,118
AMTN,127
AMY1B,191
AMY2A,46
AMY2B,102
AMZ1,22
AMZ2,119
ANAPC1,30
ANAPC10,119
ANAPC11,141
ANAPC13,263
ANAPC15,76
ANAPC16,374
ANAPC2,25
ANAPC4,89
ANAPC5,21
ANAPC7,144
ANGEL1,47
ANGEL2,131
ANGPT1,54
ANGPT2,287
ANGPT4,82
ANGPTL1,334
ANGPTL2,139
ANGPTL3,366
ANGPTL4,215
ANGPTL5,193
ANGPTL6,67
ANGPTL7,228
ANGPTL8,182
ANHX,83
ANK1,273
ANK2,315
ANK3,224
ANKAR,193
ANKDD1A,399
ANKDD1B,480
ANKEF1,66
ANKFN1,377
ANKFY1,108
ANKH,99
ANKHD1,342
ANKIB1,64
ANKK1,154
ANKLE1,87
ANKLE2,41
ANKMY1,287
ANKMY2,132
ANKRA2,387
ANKRD1,127
ANKRD10,125
ANKRD11,272
ANKRD12,171
ANKRD13A,88
ANKRD13B,22
ANKRD13C,277
ANKRD13D,227
ANKRD16,289
ANKRD17,76
ANKRD18A,160
ANKRD18B,110
ANKRD2,33
ANKRD22,191
ANKRD23,235
ANKRD24,48
ANKRD26,75
ANKRD27,129
ANKRD28,179
ANKRD29,50
ANKRD30A,118
ANKRD30B,181
ANKRD31,159
ANKRD33,152
ANKRD33B,104
ANKRD34A,479
ANKRD34B,385
ANKRD34C,147
ANKRD35,146
ANKRD36,347
ANKRD36C,89
ANKRD37,176
ANKRD39,99
ANKRD40,29
ANKRD42,152
ANKRD44,184
ANKRD45,103
ANKRD46,85
ANKRD49,65
ANKRD50,69
ANKRD52,29
ANKRD53,103
ANKRD54,84
ANKRD55,45
ANKRD6,59
ANKRD60,178
ANKRD61,198
ANKRD62,234
ANKRD63,552
ANKRD65,354
ANKRD66,116
ANKRD7,60
ANKRD9,60
ANKS1A,366
ANKS1B,212
ANKS3,162
ANKS4B,392
ANKS6,41
ANKUB1,67
ANKZF1,145
ANO1,81
ANO10,71
ANO2,100
ANO3,134
ANO4,313
ANO5,43
ANO6,3
ANO7,58
ANO8,396
ANO9,107
ANOS1,311
ANP32A,323
ANP32B,151
ANP32D,121
ANP32E,324
ANPEP,330
ANTKMT,144
ANTXR1,336
ANTXR2,87
ANXA1,133
ANXA10,98
ANXA11,280
ANXA13,292
ANXA2,95
ANXA2R,106
ANXA3,116
ANXA4,64
ANXA5,74
ANXA6,202
ANXA7,69
ANXA9,83
AOAH,166
AOC1,433
AOC2,26
AOC3,376
AOPEP,165
AOX1,406
AP1AR,85
AP1B1,222
AP1G1,526
AP1G2,105
AP1M1,268
AP1M2,147
AP1S1,39
AP1S2,95
AP1S3,25
AP2A1,54
AP2A2,187
AP2B1,211
AP2M1,88
AP2S1,220
AP3B1,120
AP3B2,117
AP3D1,40
AP3M1,50
AP3M2,119
AP3S1,48
AP3S2,172
AP4B1,130
AP4E1,15
AP4M1,174
AP4S1,59
AP5B1,151
AP5M1,189
AP5S1,206
AP5Z1,302
APAF1,277
APBA1,86
APBA2,192
APBA3,99
APBB1,32
APBB1IP,122
APBB2,203
APBB3,211
APC,475
APC2,457
APCDD1,89
APCDD1L,58
APCS,326
APEH,220
APEX1,68
APEX2,71
APH1A,194
APH1B,409
API5,169
APIP,66
APLF,110
APLN,185
APLNR,154
APLP1,428
APLP2,43
APMAP,143
APOA1,202
APOA2,125
APOA4,280
APOA5,273
APOB,54
APOBEC1,159
APOBEC2,127
APOBEC3A,460
APOBEC3B,89
APOBEC3F,30
APOBEC3G,121
APOBEC3H,262
APOBEC4,304
APOBR,491
APOC1,313
APOC2,240
APOC4,155
APOD,171
APOE,277
APOF,296
APOH,345
APOL1,316
APOL2,145
APOL3,327
APOL4,357
APOL5,89
APOL6,42
APOLD1,98
APOO,266
APOOL,127
APP,49
APPBP2,102
APPL1,73
APPL2,91
APRG1,554
APRT,30
APTX,197
AQP1,67
AQP10,96
AQP11,164
AQP12A,137
AQP12B,70
AQP2,225
AQP3,286
AQP4,305
AQP5,46
AQP6,85
AQP7,97
AQP8,110
AQP9,332
AQR,20
AR,47
ARAF,83
ARAP1,349
ARAP2,173
ARAP3,75
ARC,214
ARCN1,63
AREG,168
AREL1,231
ARF1,177
ARF3,417
ARF4,73
ARF5,313
ARF6,167
ARFGAP1,224
ARFGAP2,254
ARFGAP3,55
ARFGEF1,46
ARFGEF2,137
ARFGEF3,180
ARFIP1,218
ARFIP2,60
ARG1,152
ARG2,377
ARGFX,86
ARGLU1,279
ARHGAP1,156
ARHGAP10,153
ARHGAP11A,263
ARHGAP11B,370
ARHGAP12,172
ARHGAP15,103
ARHGAP17,224
ARHGAP18,228
ARHGAP19,74
ARHGAP20,126
ARHGAP21,210
ARHGAP22,63
ARHGAP23,86
ARHGAP24,115
ARHGAP25,131
ARHGAP26,14
ARHGAP27,322
ARHGAP28,109
ARHGAP29,63
ARHGAP30,236
ARHGAP31,86
ARHGAP32,212
ARHGAP33,112
ARHGAP35,231
ARHGAP36,194
ARHGAP39,400
ARHGAP4,77
ARHGAP40,86
ARHGAP42,235
ARHGAP44,4
ARHGAP45,113
ARHGAP5,277
ARHGAP6,47
ARHGAP8,596
ARHGAP9,454
ARHGDIA,113
ARHGDIB,70
ARHGDIG,103
ARHGEF1,285
ARHGEF10,36
ARHGEF10L,29
ARHGEF11,62
ARHGEF12,106
ARHGEF15,151
ARHGEF16,206
ARHGEF17,33
ARHGEF18,63
ARHGEF19,53
ARHGEF2,203
ARHGEF25,127
ARHGEF26,16
ARHGEF28,188
ARHGEF3,41
ARHGEF33,157
ARHGEF35,246
ARHGEF37,325
ARHGEF38,166
ARHGEF39,199
ARHGEF4,231
ARHGEF40,112
ARHGEF5,89
ARHGEF6,278
ARHGEF7,106
ARHGEF9,188
ARID1A,27
ARID1B,249
ARID2,117
ARID3A,428
ARID3B,75
ARID3C,143
ARID4A,111
ARID4B,366
ARID5A,62
ARID5B,315
ARIH1,264
ARIH2,237
ARIH2OS,257
ARL1,209
ARL10,318
ARL11,162
ARL13A,90
ARL13B,176
ARL14,81
ARL14EP,106
ARL14EPL,246
ARL15,351
ARL16,311
ARL2,136
ARL2BP,168
ARL3,395
ARL4A,180
ARL4C,252
ARL4D,34
ARL5A,74
ARL5B,137
ARL5C,140
ARL6,93
ARL6IP1,158
ARL6IP4,200
ARL6IP5,66
ARL6IP6,183
ARL8A,215
ARL8B,51
ARL9,98
ARMC1,133
ARMC10,65
ARMC12,215
ARMC2,78
ARMC3,152
ARMC5,233
ARMC6,96
ARMC7,122
ARMC8,17
ARMC9,203
ARMCX1,134
ARMCX2,70
ARMCX3,337
ARMCX4,94
ARMCX6,251
ARMH1,260
ARMH3,284
ARMH4,44
ARMS2,135
ARMT1,180
ARNT,242
ARNT2,113
ARPC1A,304
ARPC1B,37
ARPC2,276
ARPC3,463
ARPC4,70
ARPC5,424
ARPC5L,328
ARPIN,96
ARPP19,112
ARPP21,114
ARR3,106
ARRB1,101
ARRB2,53
ARRDC1,212
ARRDC1-AS1,249
ARRDC2,175
ARRDC3,199
ARRDC4,200
ARRDC5,165
ARSA,129
ARSB,119
ARSD,326
ARSF,201
ARSG,208
ARSH,33
ARSI,103
ARSJ,119
ARSK,77
ARSL,37
ART1,298
ART3,490
ART4,123
ART5,177
ARTN,239
ARV1,86
ARVCF,74
ARX,334
AS3MT,26
ASAH1,89
ASAH2,153
ASAH2B,148
ASAP1,162
ASAP2,126
ASAP3,231
ASB1,402
ASB10,97
ASB11,220
ASB12,444
ASB13,281
ASB14,71
ASB15,492
ASB16,226
ASB17,297
ASB18,151
ASB2,262
ASB4,86
ASB5,82
ASB6,162
ASB7,94
ASB8,26
ASB9,375
ASCC1,162
ASCC2,127
ASCC3,21
ASCL1,36
ASCL2,65
ASCL3,209
ASCL4,270
ASCL5,339
ASF1A,148
ASF1B,195
ASGR1,156
ASGR2,176
ASH1L,114
ASH2L,260
ASIC1,89
ASIC2,71
ASIC3,464
ASIC4,225
ASIC5,191
ASIP,400
ASL,393
ASMT,65
ASMTL,85
ASNS,211
ASNSD1,134
ASPA,231
ASPDH,289
ASPG,201
ASPH,53
ASPHD1,125
ASPHD2,78
ASPM,213
ASPN,45
ASPRV1,178
ASPSCR1,35
ASRGL1,36
ASS1,95
ASTE1,168
ASTL,154
ASTN1,57
ASTN2,155
ASXL1,133
ASXL2,452
ASXL3,150
ASZ1,110
ATAD1,120
ATAD2,79
ATAD2B,111
ATAD3A,207
ATAD3B,112
ATAD3C,146
ATAD5,89
ATAT1,173
ATCAY,33
ATE1,426
ATF1,87
ATF2,95
ATF3,219
ATF4,214
ATF6,110
ATF6B,147
ATF7,47
ATF7IP,573
ATF7IP2,171
ATG10,88
ATG101,498
ATG12,207
ATG13,308
ATG14,192
ATG16L1,169
ATG16L2,80
ATG2A,91
ATG2B,91
ATG3,203
ATG4A,310
ATG4B,215
ATG4C,181
ATG4D,341
ATG5,225
ATG7,260
ATG9A,385
ATG9B,46
ATIC,64
ATL1,224
ATL2,137
ATL3,24
ATM,11
ATMIN,272
ATN1,119
ATOH1,168
ATOH7,166
ATOH8,271
ATOSA,16
ATOSB,140
ATOX1,75
ATP10A,100
ATP10B,34
ATP10D,168
ATP11A,272
ATP11AUN,15
ATP11B,118
ATP11C,110
ATP12A,199
ATP13A1,201
ATP13A2,158
ATP13A3,99
ATP13A4,281
ATP13A5,348
ATP1A1,48
ATP1A2,229
ATP1A3,98
ATP1A4,116
ATP1B1,80
ATP1B2,100
ATP1B3,97
ATP1B4,179
ATP23,169
ATP2A1,252
ATP2A2,245
ATP2A3,247
ATP2B1,3
ATP2B2,319
ATP2B3,289
ATP2B4,260
ATP2C1,63
ATP2C2,171
ATP4A,217
ATP4B,129
ATP5F1A,383
ATP5F1B,295
ATP5F1C,83
ATP5F1D,176
ATP5F1E,163
ATP5IF1,165
ATP5MC1,351
ATP5MC2,122
ATP5MC3,218
ATP5ME,306
ATP5MG,87
ATP5MGL,80
ATP5MJ,32
ATP5MK,136
ATP5PB,30
ATP5PD,183
ATP5PO,127
ATP6AP1,184
ATP6AP2,82
ATP6V0A1,27
ATP6V0A2,113
ATP6V0A4,137
ATP6V0B,84
ATP6V0C,87
ATP6V0D1,344
ATP6V0D2,81
ATP6V0E1,120
ATP6V0E2,103
ATP6V1A,171
ATP6V1B1,96
ATP6V1B2,162
ATP6V1C1,46
ATP6V1C2,353
ATP6V1D,240
ATP6V1E1,87
ATP6V1F,143
ATP6V1G1,178
ATP6V1G2,193
ATP6V1G3,604
ATP6V1H,217
ATP7A,90
ATP7B,161
ATP8A1,196
ATP8A2,56
ATP8B1,318
ATP8B2,131
ATP8B3,132
ATP8B4,110
ATP9A,105
ATP9B,434
ATPAF1,226
ATPAF2,172
ATPSCKMT,72
ATR,298
ATRAID,224
ATRIP,70
ATRN,367
ATRNL1,121
ATRX,184
ATXN1,106
ATXN10,142
ATXN1L,225
ATXN2,295
ATXN2L,141
ATXN3,36
ATXN3L,107
ATXN7,62
ATXN7L1,219
ATXN7L2,386
ATXN7L3,296
ATXN7L3B,211
AUH,317
AUNIP,45
AUP1,193
AURKA,28
AURKAIP1,99
AURKB,7
AURKC,259
AUTS2,110
AVEN,146
AVIL,214
AVL9,146
AVP,101
AVPI1,294
AVPR1A,254
AVPR1B,19
AVPR2,219
AWAT1,241
AWAT2,191
AXDND1,428
AXIN1,85
AXIN2,244
AXL,18
AZGP1,320
AZI2,113
AZIN1,131
AZIN2,107
AZU1,350
B2M,265
B3GALNT1,128
B3GALNT2,167
B3GALT1,238
B3GALT2,265
B3GALT4,55
B3GALT5,675
B3GALT6,106
B3GAT1,65
B3GAT2,160
B3GAT3,317
B3GLCT,209
B3GNT2,171
B3GNT3,326
B3GNT4,215
B3GNT5,1
B3GNT6,18
B3GNT7,38
B3GNT8,235
B3GNT9,146
B3GNTL1,72
B4GALNT1,4
B4GALNT2,325
B4GALNT3,454
B4GALNT4,54
B4GALT1,82
B4GALT2,38
B4GALT3,179
B4GALT4,130
B4GALT5,85
B4GALT6,51
B4GALT7,66
B4GAT1,162
B9D1,46
B9D2,50
BAALC,203
BAAT,238
BABAM1,260
BABAM2,141
BACE1,375
BACE2,213
BACH1,121
BACH2,376
BAD,225
BAG1,88
BAG2,193
BAG3,152
BAG4,77
BAG5,168
BAHCC1,93
BAHD1,54
BAIAP2,118
BAIAP2L1,137
BAIAP2L2,147
BAIAP3,69
BAK1,87
BAMBI,290
BANF1,129
BANF2,136
BANK1,95
BANP,183
BAP1,166
BARD1,46
BARHL1,127
BARHL2,136
BARX1,91
BARX2,221
BASP1,56
BATF,200
BATF2,277
BATF3,149
BAX,58
BAZ1A,210
BAZ1B,37
BAZ2A,331
BAZ2B,61
BBC3,165
BBIP1,236
BBLN,27
BBOF1,174
BBOX1,661
BBS1,153
BBS10,80
BBS12,110
BBS2,234
BBS4,107
BBS5,258
BBS7,196
BBS9,66
BBX,15
BCAM,102
BCAN,211
BCAP29,272
BCAP31,77
BCAR1,403
BCAR3,273
BCAS1,143
BCAS2,168
BCAS3,528
BCAS4,101
BCAT1,356
BCAT2,335
BCCIP,152
BCDIN3D,471
BCHE,362
BCKDHA,312
BCKDHB,153
BCKDK,62
BCL10,342
BCL11A,262
BCL11B,198
BCL2,77
BCL2A1,113
BCL2L1,519
BCL2L10,56
BCL2L11,323
BCL2L12,287
BCL2L13,443
BCL2L14,375
BCL2L15,202
BCL2L2,105
BCL3,83
BCL6,206
BCL6B,331
BCL7A,57
BCL7B,186
BCL7C,106
BCL9,95
BCL9L,372
BCLAF1,190
BCLAF3,290
BCO1,291
BCO2,216
BCOR,44
BCORL1,118
BCR,229
BCS1L,258
BDH1,415
BDH2,107
BDKRB1,124
BDKRB2,212
BDNF,154
BDP1,45
BEAN1,221
BECN1,481
BEGAIN,184
BEND2,33
BEND3,125
BEND4,166
BEND5,120
BEND6,162
BEND7,49
BEST1,175
BEST2,8
BEST3,76
BEST4,150
BET1,241
BET1L,164
BEX1,184
BEX2,55
BEX3,107
BEX4,45
BEX5,158
BFAR,168
BFSP1,409
BFSP2,90
BGN,54
BHLHA15,63
BHLHA9,48
BHLHE22,73
BHLHE23,187
BHLHE40,159
BHLHE41,387
BHMT,128
BHMT2,75
BICC1,257
BICD1,97
BICD2,160
BICDL1,390
BICDL2,165
BICRA,62
BICRAL,35
BID,84
BIK,142
BIN1,139
BIN2,290
BIN3,98
BIRC2,65
BIRC3,106
BIRC5,2
BIRC6,19
BIRC7,222
BIVM,154
BLCAP,96
BLID,133
BLK,133
BLM,143
BLMH,119
BLNK,233
BLOC1S1,91
BLOC1S2,269
BLOC1S3,277
BLOC1S4,148
BLOC1S5,182
BLOC1S6,118
BLTP1,95
BLTP2,149
BLTP3A,108
BLTP3B,110
BLVRA,667
BLVRB,126
BLZF1,170
BMAL1,160
BMAL2,243
BMERB1,313
BMF,265
BMI1,228
BMP1,69
BMP10,64
BMP15,267
BMP2,186
BMP2K,26
BMP3,222
BMP4,584
BMP5,194
BMP6,440
BMP7,91
BMP8A,54
BMP8B,53
BMPER,272
BMPR1A,476
BMPR1B,139
BMPR2,103
BMS1,93
BMT2,149
BMX,66
BNC1,70
BNC2,24
BNIP1,330
BNIP2,35
BNIP3,144
BNIP3L,21
BNIP5,521
BNIPL,110
BOC,186
BOD1,36
BOD1L1,390
BOD1L2,160
BOK,617
BOLA1,158
BOLA3,165
BOLL,41
BOP1,287
BORA,150
BORCS5,326
BORCS6,336
BORCS7,168
BORCS8,130
BPGM,87
BPHL,70
BPI,228
BPIFA1,355
BPIFA2,354
BPIFA3,41
BPIFB1,306
BPIFB2,13
BPIFB3,63
BPIFB4,209
BPIFB6,188
BPIFC,164
BPNT1,184
BPNT2,90
BPTF,156
BRAF,24
BRAP,95
BRAT1,124
BRCA1,54
BRCA2,301
BRCC3,301
BRD1,14
BRD2,155
BRD3,44
BRD4,144
BRD7,194
BRD8,61
BRD9,100
BRDT,138
BRF1,62
BRF2,233
BRI3,71
BRI3BP,135
BRICD5,223
BRINP1,96
BRINP2,158
BRINP3,306
BRIP1,298
BRIX1,81
BRK1,199
BRME1,183
BRMS1,196
BRMS1L,79
BRPF1,122
BRPF3,43
BRS3,535
BRSK1,66
BRSK2,404
BRWD1,104
BRWD3,189
BSCL2,429
BSDC1,91
BSG,194
BSN,103
BSND,138
BSPH1,448
BSPRY,117
BST1,38
BST2,374
BSX,330
BTAF1,243
BTBD1,151
BTBD10,215
BTBD16,160
BTBD17,202
BTBD18,393
BTBD19,136
BTBD2,115
BTBD3,105
BTBD6,89
BTBD7,319
BTBD8,532
BTBD9,60
BTC,332
BTD,161
BTF3,272
BTF3L4,258
BTG1,268
BTG2,114
BTG3,145
BTG4,210
BTK,158
BTLA,106
BTN1A1,196
BTN2A1,61
BTN2A2,263
BTN3A1,92
BTN3A2,143
BTN3A3,190
BTNL2,169
BTNL3,163
BTNL8,183
BTNL9,234
BTRC,112
BUB1,93
BUB1B,4
BUB3,158
BUD13,158
BUD23,78
BUD31,104
BVES,59
BYSL,114
BZW1,508
BZW2,62
C10orf105,72
C10orf120,65
C10orf53,98
C10orf55,72
C10orf62,129
C10orf67,187
C10orf71,56
C10orf88,69
C10orf90,267
C10orf95,172
C11orf16,314
C11orf21,252
C11orf24,14
C11orf40,223
C11orf42,237
C11orf52,384
C11orf54,177
C11orf58,214
C11orf65,239
C11orf68,93
C11orf71,57
C11orf86,172
C11orf87,108
C11orf91,83
C11orf96,164
C11orf98,361
C12orf4,83
C12orf40,409
C12orf42,180
C12orf43,140
C12orf50,135
C12orf54,138
C12orf56,92
C12orf57,274
C12orf60,88
C12orf71,236
C12orf75,133
C12orf76,213
C14orf119,175
C14orf132,446
C14orf178,28
C14orf180,270
C14orf28,159
C14orf39,12
C14orf93,257
C15orf32,229
C15orf39,175
C15orf40,190
C15orf48,168
C15orf61,225
C15orf62,265
C16orf46,127
C16orf54,104
C16orf74,206
C16orf78,249
C16orf82,161
C16orf86,269
C16orf87,12
C16orf89,179
C16orf90,30
C16orf92,117
C16orf95,194
C16orf96,8
C17orf100,157
C17orf107,145
C17orf49,291
C17orf50,151
C17orf58,332
C17orf67,373
C17orf75,305
C17orf78,263
C17orf80,200
C17orf99,247
C18orf21,277
C18orf32,223
C18orf54,101
C18orf63,139
C19orf12,48
C19orf18,240
C19orf25,87
C19orf33,76
C19orf38,320
C19orf44,169
C19orf47,344
C19orf53,7
C19orf67,245
C19orf73,155
C19orf81,170
C1D,181
C1GALT1,46
C1GALT1C1,85
C1QA,167
C1QB,181
C1QBP,192
C1QC,130
C1QL1,100
C1QL2,111
C1QL3,216
C1QL4,116
C1QTNF1,206
C1QTNF12,58
C1QTNF2,63
C1QTNF3,110
C1QTNF4,216
C1QTNF5,109
C1QTNF6,225
C1QTNF7,326
C1QTNF8,121
C1QTNF9,538
C1QTNF9B,550
C1R,77
C1RL,122
C1S,155
C1orf105,221
C1orf115,129
C1orf116,234
C1orf122,299
C1orf127,213
C1orf131,16
C1orf141,163
C1orf146,171
C1orf159,106
C1orf162,92
C1orf167,220
C1orf174,284
C1orf185,45
C1orf198,406
C1orf21,272
C1orf210,145
C1orf216,12
C1orf226,72
C1orf35,102
C1orf43,92
C1orf50,333
C1orf52,291
C1orf53,186
C1orf54,193
C1orf56,30
C1orf74,315
C1orf87,170
C1orf94,243
C2,743
C20orf144,144
C20orf173,22
C20orf202,125
C20orf203,184
C20orf96,169
C21orf58,356
C21orf62,177
C21orf91,80
C22orf15,108
C22orf23,109
C22orf31,619
C22orf42,82
C2CD2,131
C2CD2L,308
C2CD3,84
C2CD4A,116
C2CD4B,179
C2CD4C,75
C2CD4D,86
C2CD5,44
C2CD6,45
C2orf16,42
C2orf27A,44
C2orf42,105
C2orf49,149
C2orf50,30
C2orf66,112
C2orf68,131
C2orf69,166
C2orf72,44
C2orf73,68
C2orf74,265
C2orf76,95
C2orf78,268
C2orf80,143
C2orf81,259
C2orf83,360
C2orf88,238
C3,234
C3AR1,72
C3orf18,31
C3orf20,147
C3orf22,62
C3orf33,79
C3orf36,112
C3orf38,66
C3orf52,377
C3orf62,50
C3orf70,169
C3orf80,333
C3orf84,190
C4BPA,178
C4BPB,172
C4orf17,149
C4orf19,36
C4orf3,47
C4orf33,194
C4orf36,372
C4orf46,99
C4orf50,87
C4orf51,176
C5,256
C5AR1,113
C5AR2,755
C5orf15,140
C5orf22,3
C5orf24,416
C5orf34,187
C5orf46,195
C5orf47,134
C5orf52,79
C5orf58,31
C5orf60,248
C5orf63,188
C5orf64,287
C6,305
C6orf118,90
C6orf120,198
C6orf132,59
C6orf136,201
C6orf141,103
C6orf15,107
C6orf163,95
C6orf226,88
C6orf47,78
C6orf52,132
C6orf58,143
C6orf62,202
C6orf89,194
C7,162
C7orf25,53
C7orf33,23
C7orf50,161
C7orf57,39
C8A,120
C8B,499
C8G,171
C8orf33,368
C8orf34,136
C8orf44,228
C8orf48,58
C8orf58,70
C8orf74,220
C8orf76,267
C8orf82,379
C9,213
C9orf131,305
C9orf152,254
C9orf153,226
C9orf163,198
C9orf40,51
C9orf43,80
C9orf50,39
C9orf57,62
C9orf72,11
C9orf78,419
C9orf85,67
CA1,194
CA10,176
CA11,87
CA12,128
CA13,89
CA14,125
CA2,38
CA3,194
CA4,332
CA5A,323
CA5B,209
CA6,279
CA7,27
CA8,402
CA9,75
CAAP1,104
CAB39,145
CAB39L,115
CABCOCO1,147
CABIN1,326
CABLES1,104
CABLES2,35
CABP1,97
CABP2,36
CABP4,253
CABP5,161
CABP7,76
CABS1,184
CABYR,129
CACFD1,56
CACHD1,79
CACNA1A,420
CACNA1B,68
CACNA1C,99
CACNA1D,280
CACNA1E,126
CACNA1F,192
CACNA1G,90
CACNA1H,166
CACNA1I,33
CACNA1S,448
CACNA2D1,205
CACNA2D2,134
CACNA2D3,21
CACNB1,38
CACNB2,530
CACNB3,232
CACNB4,131
CACNG1,33
CACNG2,53
CACNG3,195
CACNG4,272
CACNG5,247
CACNG6,139
CACNG7,222
CACNG8,212
CACTIN,146
CACUL1,61
CACYBP,248
CAD,28
CADM1,92
CADM2,109
CADM3,121
CADM4,91
CADPS,143
CADPS2,71
CAGE1,146
CALB1,425
CALB2,6
CALCA,338
CALCB,273
CALCOCO1,19
CALCOCO2,275
CALCR,224
CALCRL,270
CALD1,36
CALHM1,49
CALHM2,252
CALHM3,32
CALHM4,101
CALHM5,312
CALHM6,210
CALM1,232
CALM3,36
CALML3,205
CALML4,368
CALML5,174
CALML6,50
CALN1,265
CALR,169
CALR3,261
CALU,365
CALY,268
CAMK1,45
CAMK1D,169
CAMK1G,319
CAMK2A,29
CAMK2B,92
CAMK2D,22
CAMK2G,345
CAMK2N1,150
CAMK2N2,143
CAMK4,185
CAMKK1,62
CAMKK2,57
CAMKMT,234
CAMKV,278
CAMLG,155
CAMP,448
CAMSAP1,88
CAMSAP2,68
CAMSAP3,252
CAMTA1,97
CAMTA2,441
CAND1,124
CAND2,43
CANT1,78
CANX,189
CAP1,245
CAP2,51
CAPG,447
CAPN1,303
CAPN10,115
CAPN11,72
CAPN12,70
CAPN13,268
CAPN14,347
CAPN15,106
CAPN2,172
CAPN3,265
CAPN5,127
CAPN6,218
CAPN7,131
CAPN8,296
CAPN9,70
CAPNS1,105
CAPNS2,91
CAPRIN1,117
CAPRIN2,87
CAPS,133
CAPS2,27
CAPSL,324
CAPZA1,154
CAPZA2,202
CAPZA3,122
CAPZB,120
CARD10,107
CARD11,189
CARD14,86
CARD16,161
CARD18,53
CARD19,98
CARD6,214
CARD8,486
CARD9,67
CARF,127
CARHSP1,248
CARM1,301
CARMIL1,50
CARMIL2,324
CARMIL3,231
CARNMT1,170
CARNS1,214
CARS1,47
CARS2,33
CARTPT,297
CASC3,481
CASD1,165
CASK,235
CASKIN1,81
CASKIN2,121
CASP1,169
CASP10,274
CASP12,318
CASP14,314
CASP2,441
CASP3,620
CASP4,534
CASP5,74
CASP6,369
CASP7,73
CASP8,336
CASP8AP2,29
CASP9,295
CASQ1,263
CASQ2,210
CASR,150
CASS4,10
CAST,118
CASTOR1,203
CASTOR3P,73
CASZ1,324
CAT,447
CATIP,82
CATSPER1,268
CATSPER2,106
CATSPER3,240
CATSPER4,12
CATSPERB,117
CATSPERD,98
CATSPERE,238
CATSPERG,109
CATSPERZ,295
CAV1,221
CAV2,392
CAV3,173
CAVIN1,181
CAVIN2,314
CAVIN3,112
CAVIN4,53
CBARP,2
CBFA2T2,147
CBFA2T3,218
CBFB,100
CBL,133
CBLB,90
CBLC,80
CBLIF,172
CBLL1,128
CBLL2,211
CBLN1,85
CBLN2,149
CBLN3,59
CBLN4,125
CBR1,114
CBR3,102
CBR4,139
CBS,20
CBX1,59
CBX2,35
CBX3,5
CBX4,295
CBX5,68
CBX6,101
CBX7,27
CBX8,38
CBY1,40
CBY2,186
CBY3,119
CC2D1A,74
CC2D1B,216
CC2D2A,189
CC2D2B,296
CCAR1,15
CCAR2,92
CCBE1,107
CCDC102A,139
CCDC102B,268
CCDC103,224
CCDC106,370
CCDC107,93
CCDC110,137
CCDC112,94
CCDC113,147
CCDC115,49
CCDC116,63
CCDC117,136
CCDC12,91
CCDC120,183
CCDC121,457
CCDC122,197
CCDC124,241
CCDC125,194
CCDC126,146
CCDC127,83
CCDC13,164
CCDC134,521
CCDC136,343
CCDC137,218
CCDC138,245
CCDC14,355
CCDC140,177
CCDC141,194
CCDC142,101
CCDC144A,329
CCDC144NL,561
CCDC146,118
CCDC148,293
CCDC149,267
CCDC15,295
CCDC150,177
CCDC152,264
CCDC153,266
CCDC154,221
CCDC158,175
CCDC159,69
CCDC160,100
CCDC166,100
CCDC167,111
CCDC168,121
CCDC169,144
CCDC17,139
CCDC170,165
CCDC171,209
CCDC172,83
CCDC174,39
CCDC175,385
CCDC177,60
CCDC178,473
CCDC179,256
CCDC18,213
CCDC180,100
CCDC181,332
CCDC183,227
CCDC184,244
CCDC185,281
CCDC186,298
CCDC190,266
CCDC191,189
CCDC198,20
CCDC22,212
CCDC24,123
CCDC25,125
CCDC27,310
CCDC28A,38
CCDC28B,449
CCDC3,85
CCDC30,89
CCDC32,104
CCDC33,481
CCDC34,285
CCDC38,201
CCDC39,17
CCDC40,83
CCDC42,106
CCDC43,23
CCDC47,107
CCDC50,102
CCDC51,132
CCDC54,85
CCDC57,239
CCDC59,149
CCDC6,95
CCDC60,135
CCDC61,122
CCDC62,310
CCDC63,173
CCDC65,500
CCDC66,225
CCDC68,151
CCDC69,38
CCDC7,143
CCDC70,106
CCDC71,116
CCDC71L,12
CCDC73,523
CCDC74A,106
CCDC74B,27
CCDC77,453
CCDC78,96
CCDC8,355
CCDC80,169
CCDC81,337
CCDC82,219
CCDC83,104
CCDC85A,76
CCDC85B,183
CCDC85C,294
CCDC86,44
CCDC87,150
CCDC88A,261
CCDC88B,1
CCDC88C,85
CCDC89,327
CCDC9,113
CCDC90B,99
CCDC91,131
CCDC92,115
CCDC93,483
CCDC96,94
CCDC97,155
CCDC9B,349
CCER1,109
CCHCR1,172
CCIN,236
CCK,906
CCKAR,278
CCKBR,142
CCL1,75
CCL11,334
CCL13,183
CCL14,625
CCL16,135
CCL17,94
CCL18,501
CCL19,227
CCL2,150
CCL20,127
CCL21,276
CCL22,125
CCL23,260
CCL24,97
CCL25,42
CCL26,60
CCL27,637
CCL28,42
CCL3,168
CCL3L3,286
CCL4,65
CCL4L2,100
CCL5,116
CCL7,311
CCL8,95
CCM2,258
CCM2L,213
CCN1,347
CCN2,85
CCN3,105
CCN4,302
CCN5,336
CCN6,91
CCNA1,44
CCNA2,36
CCNB1,72
CCNB1IP1,347
CCNB2,72
CCNB3,136
CCNC,93
CCND1,374
CCND2,216
CCND3,225
CCNDBP1,88
CCNE1,77
CCNE2,85
CCNF,290
CCNG1,312
CCNG2,375
CCNH,228
CCNI,178
CCNI2,525
CCNJ,167
CCNJL,126
CCNK,295
CCNL1,53
CCNL2,368
CCNO,38
CCNP,641
CCNQ,298
CCNT1,146
CCNT2,87
CCNY,169
CCNYL1,184
CCP110,399
CCPG1,268
CCR1,77
CCR10,30
CCR2,68
CCR3,235
CCR4,201
CCR5,135
CCR6,422
CCR7,428
CCR8,83
CCR9,107
CCRL2,120
CCS,90
CCSAP,358
CCSER1,152
CCSER2,209
CCT2,9
CCT3,20
CCT4,135
CCT5,25
CCT6A,24
CCT6B,52
CCT7,26
CCT8,34
CCT8L2,184
CCZ1,60
CCZ1B,112
CD101,113
CD109,117
CD14,51
CD151,117
CD160,155
CD163,116
CD163L1,143
CD164,117
CD164L2,46
CD177,252
CD180,419
CD19,91
CD1A,249
CD1B,351
CD1C,147
CD1D,66
CD1E,99
CD2,67
CD200,161
CD200R1,410
CD200R1L,226
CD207,123
CD209,356
CD22,101
CD226,425
CD24,221
CD244,116
CD247,213
CD248,196
CD27,165
CD274,2
CD276,55
CD28,203
CD2AP,208
CD2BP2,19
CD300A,105
CD300C,141
CD300E,116
CD300LB,85
CD300LD,175
CD300LD-AS1,531
CD300LF,413
CD300LG,237
CD302,83
CD320,166
CD33,225
CD34,197
CD36,91
CD37,70
CD38,86
CD3D,154
CD3E,199
CD3G,105
CD4,69
CD40,73
CD40LG,101
CD44,128
CD46,613
CD47,77
CD48,25
CD5,274
CD52,119
CD53,238
CD55,72
CD58,42
CD59,628
CD5L,218
CD6,253
CD63,112
CD68,94
CD69,207
CD7,26
CD70,91
CD72,175
CD74,133
CD79A,88
CD79B,64
CD80,182
CD81,275
CD82,120
CD83,417
CD84,163
CD86,562
CD8A,124
CD8B,245
CD9,150
CD93,270
CD96,112
CD99,60
CD99L2,46
CDA,197
CDADC1,47
CDAN1,23
CDC123,130
CDC14A,239
CDC14B,130
CDC16,42
CDC20,58
CDC20B,257
CDC23,15
CDC25A,283
CDC25B,129
CDC25C,362
CDC26,24
CDC27,20
CDC34,128
CDC37,308
CDC37L1,110
CDC40,40
CDC42,44
CDC42BPA,225
CDC42BPB,30
CDC42BPG,126
CDC42EP1,64
CDC42EP2,21
CDC42EP3,44
CDC42EP4,146
CDC42EP5,206
CDC42SE1,117
CDC42SE2,158
CDC45,7
CDC5L,13
CDC6,35
CDC7,76
CDC73,85
CDCA2,57
CDCA3,144
CDCA4,136
CDCA5,82
CDCA7,274
CDCA7L,79
CDCA8,8
CDCP1,68
CDCP2,96
CDH1,167
CDH10,217
CDH11,291
CDH12,167
CDH13,277
CDH15,111
CDH16,23
CDH17,588
CDH18,9
CDH19,185
CDH2,307
CDH20,95
CDH22,305
CDH23,101
CDH24,83
CDH26,105
CDH3,162
CDH4,178
CDH5,79
CDH6,280
CDH7,132
CDH8,85
CDH9,193
CDHR1,52
CDHR2,655
CDHR3,81
CDHR4,181
CDHR5,91
CDIN1,433
CDIP1,124
CDIPT,67
CDK1,1
CDK10,274
CDK11A,272
CDK12,114
CDK13,122
CDK14,190
CDK15,111
CDK16,141
CDK17,73
CDK18,7
CDK19,9
CDK2,10
CDK20,133
CDK2AP1,137
CDK2AP2,239
CDK4,41
CDK5,109
CDK5R1,134
CDK5R2,187
CDK5RAP1,790
CDK5RAP2,118
CDK5RAP3,91
CDK6,183
CDK7,124
CDK8,9
CDK9,266
CDKAL1,172
CDKL1,150
CDKL2,55
CDKL3,405
CDKL4,177
CDKL5,153
CDKN1A,327
CDKN1B,167
CDKN1C,94
CDKN2A,300
CDKN2AIP,160
CDKN2AIPNL,31
CDKN2B,228
CDKN2C,157
CDKN2D,275
CDKN3,144
CDNF,10
CDO1,223
CDON,125
CDPF1,136
CDR1,27
CDR2,32
CDR2L,139
CDRT15,201
CDRT15L2,95
CDRT15P3,90
CDRT4,167
CDS1,70
CDS2,171
CDSN,161
CDT1,38
CDV3,100
CDX1,106
CDX2,134
CDX4,171
CDYL,380
CDYL2,103
CEACAM1,362
CEACAM16,278
CEACAM18,278
CEACAM19,8
CEACAM20,132
CEACAM21,110
CEACAM3,412
CEACAM4,162
CEACAM5,89
CEACAM6,217
CEACAM7,97
CEACAM8,135
CEBPA,60
CEBPB,32
CEBPD,266
CEBPE,187
CEBPG,56
CEBPZ,13
CECR2,264
CEL,551
CELA1,145
CELA2A,174
CELA2B,144
CELA3A,267
CELA3B,324
CELF1,174
CELF2,86
CELF3,69
CELF4,111
CELF5,431
CELF6,74
CELSR1,276
CELSR2,287
CELSR3,62
CEMIP,104
CEMIP2,112
CEMP1,193
CENATAC,162
CEND1,300
CENPA,27
CENPB,61
CENPC,30
CENPE,78
CENPF,261
CENPH,95
CENPI,58
CENPJ,36
CENPK,98
CENPL,41
CENPM,228
CENPN,247
CENPO,114
CENPP,91
CENPQ,117
CENPS,319
CENPT,52
CENPU,120
CENPV,98
CENPW,80
CENPX,85
CEP104,96
CEP112,85
CEP120,114
CEP126,90
CEP128,146
CEP131,68
CEP135,106
CEP152,105
CEP162,238
CEP164,301
CEP170,213
CEP170B,179
CEP19,39
CEP192,28
CEP20,344
CEP250,147
CEP290,222
CEP295,223
CEP350,205
CEP41,86
CEP43,324
CEP44,232
CEP55,68
CEP57,180
CEP57L1,451
CEP63,54
CEP68,451
CEP70,127
CEP72,163
CEP76,149
CEP78,119
CEP83,179
CEP85,147
CEP85L,131
CEP89,188
CEP95,62
CEP97,85
CEPT1,259
CER1,155
CERCAM,243
CERK,276
CERKL,290
CERS2,40
CERS3,134
CERS4,190
CERS5,275
CERS6,154
CERT1,235
CES1,43
CES2,313
CES3,119
CES4A,311
CES5A,85
CETN1,34
CETN2,579
CETN3,317
CETP,188
CFAP100,122
CFAP107,151
CFAP119,121
CFAP126,94
CFAP141,87
CFAP144,150
CFAP157,452
CFAP161,148
CFAP20,205
CFAP206,271
CFAP20DC,74
CFAP210,62
CFAP221,133
CFAP251,289
CFAP276,368
CFAP298,97
CFAP299,70
CFAP300,87
CFAP36,156
CFAP410,139
CFAP418,49
CFAP43,116
CFAP44,133
CFAP46,211
CFAP47,747
CFAP52,322
CFAP53,148
CFAP54,33
CFAP57,342
CFAP58,206
CFAP61,151
CFAP65,184
CFAP68,129
CFAP69,121
CFAP70,184
CFAP73,121
CFAP74,123
CFAP77,322
CFAP90,139
CFAP91,173
CFAP92,80
CFAP95,113
CFAP97,35
CFAP97D1,176
CFB,1
CFD,180
CFDP1,472
CFH,159
CFHR1,132
CFHR3,451
CFHR4,112
CFHR5,367
CFI,258
CFL1,112
CFL2,24
CFLAR,251
CFP,103
CFTR,202
CGA,380
CGAS,290
CGB2,118
CGB5,109
CGB7,118
CGB8,129
CGGBP1,225
CGN,79
CGNL1,82
CGREF1,121
CGRRF1,221
CH25H,115
CHAC1,157
CHAC2,103
CHAD,43
CHADL,144
CHAF1A,48
CHAF1B,46
CHAMP1,78
CHAT,402
CHCHD1,355
CHCHD10,30
CHCHD2,134
CHCHD3,142
CHCHD4,251
CHCHD5,133
CHCHD6,136
CHCHD7,270
CHCT1,175
CHD1,56
CHD1L,146
CHD2,611
CHD3,325
CHD4,85
CHD5,76
CHD6,319
CHD7,205
CHD8,210
CHD9,186
CHDH,191
CHEK1,74
CHERP,88
CHFR,363
CHGA,290
CHGB,153
CHI3L1,85
CHI3L2,539
CHIA,252
CHIC1,302
CHIC2,113
CHID1,218
CHIT1,91
CHKA,87
CHKB,200
CHL1,157
CHM,190
CHML,178
CHMP1A,125
CHMP1B,117
CHMP2A,12
CHMP2B,190
CHMP3,85
CHMP4B,54
CHMP4C,52
CHMP5,68
CHMP6,101
CHMP7,134
CHN1,104
CHN2,384
CHODL,181
CHORDC1,158
CHP1,65
CHP2,23
CHPF,28
CHPF2,100
CHPT1,120
CHRAC1,99
CHRD,239
CHRDL1,173
CHRDL2,231
CHRM1,146
CHRM2,134
CHRM4,351
CHRM5,238
CHRNA1,175
CHRNA10,164
CHRNA2,25
CHRNA3,127
CHRNA4,196
CHRNA5,334
CHRNA6,117
CHRNA7,164
CHRNA9,292
CHRNB1,124
CHRNB2,145
CHRNB3,244
CHRNB4,123
CHRND,94
CHRNE,332
CHRNG,111
CHST1,200
CHST10,237
CHST11,231
CHST12,90
CHST13,178
CHST14,159
CHST15,351
CHST2,33
CHST3,94
CHST4,216
CHST5,117
CHST6,133
CHST7,106
CHST8,119
CHST9,101
CHSY1,89
CHSY3,162
CHTF18,78
CHTF8,157
CHTOP,221
CHUK,9
CIAO1,144
CIAO2A,116
CIAO2B,385
CIAO3,237
CIAPIN1,166
CIART,73
CIB1,66
CIB2,224
CIB3,252
CIB4,158
CIBAR1,95
CIBAR2,98
CIC,48
CIDEA,221
CIDEB,298
CIDEC,308
CIITA,102
CILK1,31
CILP,224
CILP2,62
CINP,100
CIP2A,65
CIPC,357
CIR1,101
CIRBP,329
CISD1,379
CISD2,272
CISD3,62
CISH,342
CIT,229
CITED1,417
CITED2,246
CITED4,183
CIZ1,30
CKAP2,79
CKAP2L,268
CKAP4,247
CKAP5,133
CKB,124
CKLF,279
CKM,241
CKMT1A,204
CKMT1B,39
CKMT2,149
CKS2,331
CLASP1,130
CLASP2,219
CLASRP,119
CLBA1,34
CLC,209
CLCA1,127
CLCA2,191
CLCA4,116
CLCC1,60
CLCF1,188
CLCN1,265
CLCN2,52
CLCN3,51
CLCN4,477
CLCN5,271
CLCN6,201
CLCN7,84
CLCNKA,374
CLCNKB,145
CLDN1,292
CLDN10,9
CLDN11,10
CLDN12,75
CLDN14,346
CLDN15,43
CLDN16,241
CLDN17,243
CLDN18,385
CLDN19,305
CLDN2,297
CLDN20,64
CLDN22,118
CLDN23,148
CLDN24,195
CLDN25,314
CLDN3,131
CLDN4,249
CLDN5,74
CLDN6,319
CLDN7,272
CLDN8,157
CLDN9,330
CLDND1,39
CLDND2,104
CLEC10A,103
CLEC11A,115
CLEC12A,137
CLEC12B,246
CLEC14A,329
CLEC16A,129
CLEC17A,145
CLEC18A,294
CLEC18B,66
CLEC18C,70
CLEC19A,370
CLEC1A,145
CLEC1B,118
CLEC2A,143
CLEC2B,303
CLEC2D,201
CLEC2L,75
CLEC3A,309
CLEC3B,426
CLEC4A,158
CLEC4C,26
CLEC4D,144
CLEC4E,126
CLEC4F,268
CLEC4G,141
CLEC4M,118
CLEC5A,166
CLEC6A,280
CLEC7A,172
CLEC9A,271
CLGN,172
CLHC1,178
CLIC1,249
CLIC2,100
CLIC3,134
CLIC4,228
CLIC5,67
CLIC6,213
CLINT1,104
CLIP1,3
CLIP2,240
CLIP3,236
CLIP4,253
CLK1,315
CLK2,173
CLK3,400
CLK4,213
CLLU1,156
CLLU1-AS1,438
CLMN,32
CLMP,170
CLN3,75
CLN5,363
CLN6,51
CLN8,67
CLNK,189
CLNS1A,260
CLOCK,152
CLP1,97
CLPB,116
CLPP,78
CLPS,295
CLPSL1,358
CLPSL2,447
CLPTM1,54
CLPTM1L,143
CLPX,377
CLRN1,267
CLRN2,253
CLRN3,126
CLSPN,46
CLSTN1,469
CLSTN2,237
CLSTN3,303
CLTA,139
CLTB,213
CLTC,109
CLTCL1,204
CLTRN,93
CLU,228
CLUAP1,34
CLUH,289
CLUL1,238
CLVS1,280
CLVS2,551
CLXN,402
CLYBL,250
CMA1,212
CMAS,275
CMBL,262
CMC1,225
CMC2,41
CMIP,271
CMKLR1,409
CMKLR2,313
CMPK1,226
CMPK2,238
CMSS1,272
CMTM1,65
CMTM2,287
CMTM3,109
CMTM4,5
CMTM5,314
CMTM6,474
CMTM7,339
CMTM8,81
CMTR1,191
CMTR2,132
CMYA5,174
CNBD1,181
CNBD2,275
CNBP,110
CNDP1,209
CNDP2,382
CNEP1R1,369
CNFN,54
CNGA1,113
CNGA2,178
CNGA3,122
CNGA4,451
CNGB1,315
CNGB3,224
CNIH1,60
CNIH2,340
CNIH3,106
CNIH4,171
CNKSR1,146
CNKSR2,88
CNKSR3,106
CNMD,289
CNN1,138
CNN2,61
CNN3,150
CNNM1,133
CNNM2,108
CNNM3,136
CNNM4,50
CNOT1,40
CNOT10,232
CNOT11,138
CNOT2,314
CNOT3,127
CNOT4,463
CNOT6,27
CNOT6L,245
CNOT7,115
CNOT8,311
CNOT9,24
CNP,474
CNPPD1,459
CNPY1,293
CNPY2,173
CNPY3,150
CNPY4,141
CNR1,62
CNR2,185
CNRIP1,81
CNST,151
CNTD1,271
CNTF,128
CNTFR,73
CNTLN,12
CNTN1,32
CNTN2,139
CNTN3,338
CNTN4,138
CNTN5,128
CNTN6,206
CNTNAP1,188
CNTNAP2,107
CNTNAP4,119
CNTNAP5,23
CNTRL,246
CNTROB,220
COA1,88
COA3,187
COA4,58
COA5,146
COA6,64
COA7,239
COA8,143
COASY,68
COBL,45
COBLL1,113
COCH,244
COG1,182
COG2,18
COG3,189
COG4,163
COG5,71
COG6,37
COG7,143
COG8,83
COIL,190
COL10A1,532
COL11A1,261
COL11A2,135
COL12A1,37
COL13A1,161
COL14A1,53
COL15A1,253
COL16A1,51
COL17A1,60
COL18A1,44
COL19A1,129
COL1A1,50
COL1A2,12
COL20A1,282
COL21A1,17
COL22A1,154
COL23A1,334
COL24A1,364
COL25A1,279
COL26A1,146
COL27A1,65
COL28A1,73
COL2A1,98
COL3A1,169
COL4A1,141
COL4A2,217
COL4A3,303
COL4A4,235
COL4A5,77
COL4A6,213
COL5A1,93
COL5A2,298
COL5A3,16
COL6A1,61
COL6A2,197
COL6A3,188
COL6A5,109
COL6A6,521
COL7A1,128
COL8A1,156
COL8A2,224
COL9A1,60
COL9A2,135
COL9A3,206
COLEC10,345
COLEC11,239
COLEC12,68
COLGALT1,131
COLGALT2,78
COLQ,123
COMMD1,268
COMMD10,216
COMMD2,121
COMMD3,403
COMMD4,233
COMMD5,257
COMMD6,369
COMMD7,171
COMMD8,39
COMMD9,376
COMP,81
COMT,86
COMTD1,141
COP1,140
COPA,78
COPB1,30
COPB2,9
COPE,156
COPG1,181
COPG2,48
COPRS,62
COPS2,35
COPS3,145
COPS4,87
COPS5,385
COPS6,39
COPS7A,185
COPS7B,252
COPS8,111
COPS9,324
COPZ1,296
COPZ2,369
COQ10A,354
COQ10B,389
COQ2,153
COQ3,85
COQ4,113
COQ5,85
COQ6,169
COQ7,43
COQ8A,98
COQ8B,240
COQ9,380
CORIN,98
CORO1A,8
CORO1B,332
CORO1C,71
CORO2A,76
CORO2B,131
CORO6,300
CORO7,211
CORT,158
COTL1,50
COX10,26
COX11,90
COX14,100
COX15,178
COX16,99
COX17,424
COX18,9
COX19,170
COX20,14
COX4I1,113
COX4I2,108
COX5A,166
COX5B,48
COX6A1,229
COX6A2,128
COX6B1,101
COX6B2,142
COX6C,94
COX7A1,151
COX7A2,25
COX7A2L,125
COX7B,38
COX7B2,48
COX7C,95
COX8A,50
COX8C,249
CP,8
CPA1,372
CPA2,153
CPA3,164
CPA4,364
CPA5,371
CPA6,290
CPAMD8,169
CPB1,234
CPB2,19
CPD,82
CPE,108
CPEB1,330
CPEB2,146
CPEB3,201
CPEB4,130
CPED1,109
CPLANE1,147
CPLANE2,220
CPLX1,191
CPLX2,390
CPLX3,60
CPLX4,159
CPM,211
CPN1,211
CPN2,288
CPNE2,190
CPNE3,157
CPNE4,73
CPNE5,89
CPNE6,62
CPNE7,95
CPNE8,295
CPNE9,269
CPO,177
CPOX,76
CPPED1,340
CPQ,251
CPS1,63
CPSF1,25
CPSF2,40
CPSF3,41
CPSF4,45
CPSF4L,585
CPSF6,130
CPSF7,57
CPT1A,200
CPT1B,129
CPT1C,24
CPT2,360
CPTP,33
CPVL,229
CPXCR1,19
CPXM1,185
CPXM2,126
CPZ,160
CR1,357
CR1L,87
CR2,191
CRABP1,1
CRABP2,194
CRACD,682
CRACDL,47
CRACR2A,39
CRACR2B,176
CRADD,228
CRAMP1,176
CRAT,267
CRB1,294
CRB2,573
CRB3,234
CRBN,300
CRCP,266
CRCT1,307
CREB1,91
CREB3,91
CREB3L1,155
CREB3L2,332
CREB3L3,169
CREB3L4,190
CREB5,333
CREBBP,303
CREBL2,39
CREBRF,340
CREBZF,172
CREG1,114
CREG2,54
CRELD1,167
CRELD2,159
CREM,79
CRH,94
CRHBP,235
CRHR1,125
CRHR2,209
CRIM1,295
CRIP1,105
CRIP2,102
CRIP3,73
CRIPT,90
CRISP1,194
CRISP2,159
CRISP3,205
CRISPLD1,50
CRISPLD2,112
CRK,86
CRKL,107
CRLF1,196
CRLF2,401
CRLF3,248
CRLS1,57
CRMP1,187
CRNKL1,36
CRNN,113
CROCC,27
CROT,101
CRP,171
CRPPA,235
CRTAC1,190
CRTAM,119
CRTAP,51
CRTC1,198
CRTC2,191
CRTC3,112
CRX,204
CRY1,141
CRY2,131
CRYAA,571
CRYAB,263
CRYBA1,284
CRYBA2,26
CRYBA4,129
CRYBB1,262
CRYBB2,238
CRYBB3,150
CRYBG1,198
CRYBG2,327
CRYBG3,121
CRYGA,156
CRYGB,86
CRYGC,278
CRYGD,181
CRYGN,22
CRYGS,181
CRYL1,74
CRYM,85
CRYZ,99
CRYZL1,168
CS,136
CSAG1,109
CSAG3,84
CSDC2,100
CSDE1,95
CSE1L,45
CSF1,174
CSF1R,200
CSF2,113
CSF2RA,151
CSF2RB,310
CSF3,261
CSF3R,319
CSGALNACT1,142
CSGALNACT2,198
CSH2,396
CSHL1,221
CSK,237
CSKMT,168
CSMD1,44
CSMD2,201
CSMD3,64
CSN1S1,122
CSN2,120
CSN3,114
CSNK1A1,262
CSNK1A1L,82
CSNK1D,58
CSNK1E,75
CSNK1G1,145
CSNK1G2,69
CSNK1G3,202
CSNK2A1,154
CSNK2A2,36
CSNK2A3,109
CSNK2B,260
CSPG4,46
CSPG5,199
CSPP1,264
CSRNP1,43
CSRNP2,58
CSRNP3,617
CSRP1,66
CSRP2,113
CSRP3,270
CST1,139
CST11,186
CST2,250
CST3,179
CST4,52
CST5,122
CST6,135
CST7,21
CST8,279
CST9,187
CST9L,148
CSTA,347
CSTB,223
CSTF1,41
CSTF2,324
CSTF2T,221
CSTF3,122
CSTL1,382
CSTPP1,71
CT45A1,453
CT45A3,113
CT45A5,80
CT47A7,403
CT47B1,107
CT55,333
CT62,153
CT83,52
CTAG1A,135
CTAG1B,82
CTAG2,271
CTAGE1,73
CTBP1,91
CTBP2,195
CTBS,67
CTC1,191
CTCF,191
CTCFL,159
CTDNEP1,120
CTDP1,197
CTDSP1,143
CTDSP2,257
CTDSPL,115
CTDSPL2,116
CTF1,177
CTH,152
CTHRC1,115
CTIF,293
CTLA4,217
CTNNA1,179
CTNNA2,12
CTNNA3,233
CTNNAL1,47
CTNNB1,90
CTNNBIP1,121
CTNNBL1,117
CTNND1,159
CTNND2,49
CTNS,204
CTPS1,112
CTPS2,151
CTR9,98
CTRB1,99
CTRB2,127
CTRC,378
CTRL,171
CTSA,207
CTSB,84
CTSC,495
CTSD,120
CTSE,243
CTSF,33
CTSG,149
CTSH,95
CTSK,167
CTSL,549
CTSO,167
CTSS,777
CTSV,122
CTSW,131
CTSZ,107
CTTN,34
CTTNBP2,244
CTTNBP2NL,198
CTU1,20
CTU2,207
CTXN1,105
CTXN3,207
CUBN,203
CUEDC1,329
CUEDC2,40
CUL1,89
CUL2,33
CUL3,149
CUL4A,150
CUL4B,161
CUL5,249
CUL7,27
CUL9,176
CUTA,421
CUTC,81
CUX1,106
CUX2,67
CUZD1,233
CWC15,58
CWC22,8
CWC25,198
CWC27,133
CWF19L1,289
CWF19L2,73
CWH43,101
CX3CL1,240
CX3CR1,62
CXADR,22
CXCL1,249
CXCL10,220
CXCL11,219
CXCL12,206
CXCL13,293
CXCL14,11
CXCL17,252
CXCL2,129
CXCL3,144
CXCL5,182
CXCL6,96
CXCL8,353
CXCL9,104
CXCR1,135
CXCR2,303
CXCR3,337
CXCR4,299
CXCR5,413
CXCR6,157
CXXC1,116
CXXC4,240
CXXC5,121
CXorf38,279
CXorf58,151
CXorf66,203
CYB561,218
CYB561A3,265
CYB561D1,21
CYB561D2,294
CYB5A,67
CYB5B,102
CYB5D1,149
CYB5D2,29
CYB5R1,296
CYB5R2,179
CYB5R3,50
CYB5R4,134
CYB5RL,146
CYBA,38
CYBB,371
CYBC1,204
CYBRD1,316
CYC1,60
CYCS,155
CYFIP1,41
CYFIP2,216
CYGB,129
CYLC1,152
CYLC2,199
CYLD,62
CYP11A1,592
CYP11B1,478
CYP11B2,7
CYP17A1,128
CYP19A1,596
CYP1A1,104
CYP1A2,300
CYP1B1,214
CYP20A1,194
CYP21A2,49
CYP24A1,76
CYP26A1,133
CYP26B1,599
CYP26C1,112
CYP27A1,54
CYP27B1,46
CYP27C1,67
CYP2A13,203
CYP2A6,97
CYP2A7,133
CYP2B6,212
CYP2C18,156
CYP2C19,95
CYP2C8,544
CYP2C9,309
CYP2D6,346
CYP2E1,115
CYP2F1,29
CYP2J2,244
CYP2R1,132
CYP2S1,212
CYP2U1,61
CYP39A1,116
CYP3A4,162
CYP3A43,112
CYP3A5,287
CYP3A7,99
CYP46A1,199
CYP4A11,187
CYP4A22,60
CYP4B1,542
CYP4F11,279
CYP4F12,139
CYP4F2,104
CYP4F22,168
CYP4F3,149
CYP4F8,228
CYP4V2,116
CYP4X1,272
CYP4Z1,117
CYP51A1,90
CYP7A1,282
CYP7B1,148
CYP8B1,8
CYREN,131
CYRIA,103
CYRIB,393
CYS1,179
CYSLTR1,88
CYSLTR2,74
CYSRT1,210
CYSTM1,113
CYTH1,256
CYTH2,186
CYTH3,200
CYTH4,155
CYTIP,171
CYTL1,168
CYYR1,182
CZIB,65
D2HGDH,88
DAAM1,218
DAAM2,165
DAB1,320
DAB2,204
DAB2IP,238
DACH1,136
DACH2,116
DACT1,177
DACT2,250
DACT3,109
DAD1,100
DAG1,242
DAGLA,52
DAGLB,157
DALRD3,114
DAND5,37
DAO,253
DAOA,248
DAP,205
DAP3,10
DAPK1,227
DAPK2,282
DAPK3,196
DAPL1,214
DAPP1,209
DARS1,164
DARS2,21
DAW1,49
DAXX,325
DAZAP1,128
DAZAP2,234
DAZL,206
DBF4,136
DBF4B,152
DBH,184
DBI,409
DBN1,309
DBNDD1,130
DBNDD2,711
DBNL,66
DBP,3
DBR1,52
DBT,99
DBX1,614
DBX2,159
DCAF1,39
DCAF10,142
DCAF11,86
DCAF12,285
DCAF12L1,183
DCAF12L2,93
DCAF13,44
DCAF15,78
DCAF16,492
DCAF17,52
DCAF4,48
DCAF4L1,90
DCAF4L2,460
DCAF5,41
DCAF6,261
DCAF7,79
DCAF8,70
DCAF8L1,102
DCAF8L2,446
DCAKD,373
DCANP1,131
DCBLD1,209
DCBLD2,335
DCC,210
DCD,224
DCDC1,189
DCDC2,290
DCDC2B,96
DCDC2C,110
DCHS1,147
DCHS2,97
DCK,59
DCLK1,10
DCLK2,393
DCLK3,158
DCLRE1A,292
DCLRE1B,99
DCLRE1C,105
DCN,195
DCP1A,33
DCP1B,172
DCP2,59
DCPS,290
DCST1,116
DCST2,374
DCSTAMP,206
DCT,159
DCTD,332
DCTN1,334
DCTN2,55
DCTN3,147
DCTN4,127
DCTN5,43
DCTN6,136
DCTPP1,93
DCUN1D1,129
DCUN1D2,14
DCUN1D3,124
DCUN1D4,238
DCUN1D5,39
DCX,354
DCXR,409
DDA1,184
DDAH1,67
DDAH2,202
DDB1,688
DDB2,58
DDC,356
DDHD1,338
DDHD2,114
DDI1,212
DDI2,109
DDIAS,19
DDIT3,172
DDIT4,455
DDIT4L,342
DDN,300
DDO,205
DDOST,70
DDR1,638
DDR2,219
DDRGK1,239
DDT,148
DDTL,46
DDX1,80
DDX10,93
DDX11,342
DDX17,52
DDX18,89
DDX19A,304
DDX19B,258
DDX20,228
DDX21,21
DDX23,69
DDX24,237
DDX25,353
DDX27,130
DDX28,326
DDX31,115
DDX39A,211
DDX39B,127
DDX3X,11
DDX3Y,235
DDX4,267
DDX41,319
DDX42,141
DDX43,106
DDX46,288
DDX47,14
DDX49,175
DDX5,97
DDX50,71
DDX51,23
DDX52,54
DDX53,235
DDX54,238
DDX55,78
DDX56,78
DDX59,219
DDX6,124
DDX60,164
DDX60L,111
DEAF1,324
DECR1,94
DECR2,125
DEDD,41
DEDD2,214
DEF6,634
DEF8,13
DEFA1,524
DEFA4,253
DEFA5,373
DEFA6,30
DEFB1,123
DEFB103A,150
DEFB103B,494
DEFB104A,339
DEFB104B,65
DEFB106A,354
DEFB106B,315
DEFB110,68
DEFB112,14
DEFB113,262
DEFB114,333
DEFB115,5
DEFB116,67
DEFB118,223
DEFB119,161
DEFB121,284
DEFB123,278
DEFB124,3
DEFB125,198
DEFB126,244
DEFB127,205
DEFB128,20
DEFB129,144
DEFB130A,90
DEFB131A,81
DEFB132,175
DEFB134,292
DEFB135,110
DEFB136,180
DEFB4A,156
DEFB4B,142
DEGS1,8
DEGS2,313
DEK,162
DELE1,159
DELEC1,161
DENND10,128
DENND11,29
DENND1A,151
DENND1B,322
DENND1C,69
DENND2A,109
DENND2B,17
DENND2C,109
DENND2D,297
DENND3,66
DENND4A,130
DENND4B,435
DENND4C,127
DENND5A,172
DENND5B,141
DENND6A,135
DENND6B,315
DENR,125
DEPDC1,219
DEPDC1B,68
DEPDC4,237
DEPDC5,97
DEPDC7,103
DEPP1,17
DEPTOR,247
DERA,293
DERL1,84
DERL2,105
DERL3,48
DES,545
DESI1,271
DESI2,65
DET1,156
DEUP1,451
DEXI,27
DFFA,40
DFFB,255
DGAT1,201
DGAT2,37
DGAT2L6,137
DGCR2,35
DGCR6,75
DGCR6L,275
DGCR8,126
DGKA,282
DGKB,200
DGKD,225
DGKE,187
DGKG,36
DGKH,240
DGKI,234
DGKK,148
DGKQ,462
DGKZ,129
DGLUCY,164
DGUOK,126
DHCR24,232
DHCR7,53
DHDDS,134
DHDH,35
DHFR,203
DHFR2,194
DHH,201
DHODH,313
DHPS,118
DHRS1,173
DHRS11,74
DHRS13,178
DHRS2,225
DHRS3,442
DHRS4,425
DHRS4L2,119
DHRS7,117
DHRS7B,202
DHRS7C,110
DHRS9,147
DHTKD1,50
DHX15,409
DHX16,86
DHX29,61
DHX30,319
DHX32,123
DHX33,271
DHX34,299
DHX35,404
DHX36,159
DHX37,39
DHX38,378
DHX40,50
DHX57,235
DHX58,110
DHX8,9
DHX9,110
DIABLO,241
DIAPH1,53
DIAPH2,122
DIAPH3,46
DICER1,84
DIDO1,206
DIMT1,160
DIO1,247
DIO2,156
DIO3,154
DIP2A,34
DIP2B,167
DIP2C,180
DIPK1A,103
DIPK1B,69
DIPK1C,88
DIPK2A,452
DIPK2B,67
DIRAS1,209
DIRAS2,14
DIRAS3,83
DIRC1,237
DIS3,201
DIS3L,70
DIS3L2,71
DISC1,422
DISP1,203
DISP2,432
DISP3,489
DIXDC1,60
DKC1,115
DKK1,91
DKK2,120
DKK3,251
DKK4,323
DKKL1,126
DLAT,177
DLC1,75
DLD,126
DLEC1,133
DLEU7,364
DLG1,184
DLG2,257
DLG3,94
DLG4,231
DLG5,82
DLGAP1,401
DLGAP2,92
DLGAP3,264
DLGAP4,23
DLGAP5,42
DLK1,56
DLK2,329
DLL1,73
DLL3,144
DLL4,107
DLST,28
DLX1,358
DLX2,170
DLX3,56
DLX4,71
DLX5,76
DLX6,236
DMAC1,220
DMAC2,159
DMAC2L,213
DMAP1,79
DMBT1,19
DMBX1,70
DMC1,344
DMD,334
DMGDH,238
DMKN,58
DMP1,192
DMPK,16
DMRT1,134
DMRT2,111
DMRT3,161
DMRTA1,158
DMRTA2,58
DMRTB1,83
DMRTC1,139
DMRTC1B,78
DMRTC2,140
DMTF1,272
DMTN,186
DMWD,311
DMXL1,156
DMXL2,294
DNA2,8
DNAAF1,162
DNAAF10,63
DNAAF11,198
DNAAF2,91
DNAAF3,161
DNAAF4,169
DNAAF6,16
DNAAF8,225
DNAAF9,253
DNAH1,97
DNAH10,104
DNAH11,192
DNAH12,119
DNAH14,171
DNAH17,153
DNAH2,159
DNAH3,170
DNAH5,60
DNAH6,29
DNAH7,386
DNAH8,324
DNAH9,137
DNAI1,375
DNAI2,166
DNAI3,444
DNAI4,35
DNAI7,72
DNAJA1,320
DNAJA2,39
DNAJA3,45
DNAJA4,236
DNAJB1,131
DNAJB11,430
DNAJB12,83
DNAJB13,231
DNAJB14,123
DNAJB2,262
DNAJB4,136
DNAJB5,239
DNAJB6,280
DNAJB7,162
DNAJB8,101
DNAJB9,235
DNAJC1,207
DNAJC10,148
DNAJC11,248
DNAJC12,95
DNAJC13,246
DNAJC14,66
DNAJC15,330
DNAJC16,412
DNAJC17,172
DNAJC18,229
DNAJC19,85
DNAJC2,383
DNAJC21,256
DNAJC22,119
DNAJC24,71
DNAJC25,769
DNAJC27,36
DNAJC28,391
DNAJC3,275
DNAJC30,125
DNAJC4,174
DNAJC5,252
DNAJC5B,110
DNAJC5G,51
DNAJC6,153
DNAJC7,185
DNAJC8,57
DNAJC9,98
DNAL1,238
DNAL4,546
DNALI1,331
DNASE1,57
DNASE1L1,212
DNASE1L2,114
DNASE1L3,56
DNASE2,321
DNASE2B,94
DND1,164
DNER,159
DNHD1,154
DNLZ,196
DNM1,322
DNM1L,253
DNM2,33
DNM3,131
DNMBP,153
DNMT1,201
DNMT3A,258
DNMT3B,692
DNMT3L,94
DNPEP,119
DNPH1,87
DNTT,40
DNTTIP1,201
DNTTIP2,75
DOC2A,467
DOC2B,154
DOCK1,126
DOCK10,71
DOCK11,95
DOCK2,199
DOCK3,112
DOCK4,60
DOCK5,69
DOCK6,73
DOCK7,159
DOCK8,255
DOCK8-AS1,42
DOCK9,97
DOHH,187
DOK1,106
DOK2,123
DOK3,222
DOK4,171
DOK5,282
DOK6,77
DOK7,207
DOLK,139
DOLPP1,69
DONSON,12
DOP1A,36
DOP1B,95
DOT1L,239
DPAGT1,55
DPCD,146
DPEP1,372
DPEP2,396
DPEP3,254
DPF1,487
DPF2,292
DPF3,364
DPH1,680
DPH2,161
DPH3,58
DPH5,30
DPH6,196
DPH7,146
DPM1,101
DPM2,78
DPM3,239
DPP10,87
DPP3,112
DPP4,96
DPP6,154
DPP7,236
DPP8,137
DPP9,219
DPPA2,265
DPPA3,192
DPPA4,222
DPPA5,75
DPRX,77
DPT,236
DPY19L1,217
DPY19L2,239
DPY19L3,29
DPY19L4,343
DPYD,78
DPYS,187
DPYSL2,106
DPYSL3,174
DPYSL4,106
DPYSL5,278
DQX1,130
DR1,73
DRAM1,83
DRAM2,138
DRAP1,101
DRAXIN,53
DRC1,127
DRC3,47
DRC7,232
DRD1,65
DRD2,212
DRD3,162
DRD4,95
DRD5,84
DRG1,115
DRG2,70
DRGX,67
DRICH1,115
DROSHA,214
DRP2,242
DSC1,96
DSC2,46
DSC3,68
DSCAM,210
DSCAML1,301
DSCC1,137
DSCR4,244
DSE,418
DSEL,71
DSG1,224
DSG2,302
DSG3,171
DSG4,135
DSN1,87
DSP,112
DSPP,327
DST,572
DSTN,82
DSTYK,49
DTD1,64
DTD2,118
DTHD1,250
DTL,11
DTNA,48
DTNB,119
DTNBP1,131
DTWD1,193
DTWD2,53
DTX1,175
DTX2,141
DTX3,108
DTX3L,68
DTX4,279
DTYMK,76
DUOX1,89
DUOX2,273
DUOXA1,103
DUOXA2,86
DUS1L,153
DUS2,24
DUS3L,117
DUS4L,191
DUSP1,87
DUSP10,197
DUSP11,149
DUSP12,95
DUSP14,209
DUSP15,261
DUSP16,501
DUSP18,120
DUSP19,196
DUSP2,189
DUSP21,87
DUSP22,121
DUSP23,365
DUSP26,23
DUSP28,40
DUSP29,181
DUSP3,90
DUSP4,85
DUSP5,196
DUSP6,226
DUSP7,410
DUSP8,86
DUSP9,101
DUT,3
DUXA,165
DVL1,41
DVL2,50
DVL3,93
DXO,171
DYDC1,140
DYDC2,166
DYM,182
DYNAP,85
DYNC1H1,87
DYNC1I1,179
DYNC1I2,62
DYNC1LI1,265
DYNC1LI2,112
DYNC2H1,11
DYNC2I1,142
DYNC2I2,62
DYNC2LI1,121
DYNLL1,92
DYNLL2,100
DYNLRB1,116
DYNLRB2,104
DYNLT1,64
DYNLT2,62
DYNLT2B,193
DYNLT3,421
DYNLT4,191
DYNLT5,21
DYRK1A,101
DYRK1B,108
DYRK2,27
DYRK3,228
DYRK4,203
DYSF,97
DYTN,111
DZANK1,61
DZIP1,95
DZIP1L,28
DZIP3,192
E2F1,155
E2F2,143
E2F3,183
E2F4,77
E2F5,157
E2F6,151
E2F7,77
E2F8,65
E4F1,173
EAF1,122
EAF2,75
EAPP,269
EARS2,305
EBAG9,199
EBF1,224
EBF2,47
EBF3,321
EBF4,129
EBI3,313
EBLN1,222
EBLN2,122
EBNA1BP2,43
EBP,554
EBPL,194
ECD,27
ECE1,47
ECE2,88
ECEL1,182
ECH1,180
ECHDC1,286
ECHDC2,194
ECHDC3,55
ECHS1,108
ECI1,93
ECI2,477
ECM1,353
ECM2,117
ECPAS,104
ECRG4,345
ECSCR,442
ECSIT,53
ECT2,13
ECT2L,120
EDA,168
EDA2R,41
EDAR,113
EDARADD,343
EDC3,40
EDC4,352
EDDM3A,240
EDDM3B,55
EDEM1,39
EDEM2,273
EDEM3,160
EDF1,238
EDIL3,184
EDN1,136
EDN2,22
EDN3,165
EDNRA,88
EDNRB,199
EDRF1,81
EEA1,158
EED,131
EEF1A1,9
EEF1A2,325
EEF1AKMT1,325
EEF1AKMT2,168
EEF1AKMT3,234
EEF1B2,158
EEF1D,169
EEF1E1,47
EEF1G,70
EEF2,335
EEF2K,134
EEF2KMT,232
EEFSEC,128
EEIG1,82
EEIG2,107
EEPD1,75
EFCAB11,233
EFCAB12,104
EFCAB13,90
EFCAB14,127
EFCAB2,251
EFCAB3,189
EFCAB5,152
EFCAB6,152
EFCAB7,230
EFCAB8,301
EFCAB9,89
EFCC1,46
EFEMP1,140
EFEMP2,111
EFHB,325
EFHC1,39
EFHC2,72
EFHD1,123
EFHD2,209
EFL1,468
EFNA1,117
EFNA2,42
EFNA3,384
EFNA4,64
EFNA5,3
EFNB1,129
EFNB2,69
EFNB3,75
EFR3A,182
EFR3B,144
EFS,256
EFTUD2,5
EGF,247
EGFL6,96
EGFL7,411
EGFL8,104
EGFLAM,136
EGFR,42
EGLN1,135
EGLN2,27
EGLN3,14
EGR1,113
EGR2,179
EGR3,134
EGR4,271
EHBP1,23
EHBP1L1,38
EHD1,253
EHD2,64
EHD3,129
EHD4,160
EHF,99
EHHADH,87
EHMT1,18
EHMT2,332
EI24,183
EID1,24
EID2,155
EID2B,198
EID3,63
EIF1,129
EIF1AD,424
EIF1AX,68
EIF1AY,121
EIF1B,111
EIF2A,228
EIF2AK1,154
EIF2AK2,131
EIF2AK3,202
EIF2AK4,194
EIF2B1,169
EIF2B2,67
EIF2B3,172
EIF2B4,101
EIF2B5,160
EIF2D,150
EIF2S1,92
EIF2S2,87
EIF2S3,96
EIF3A,126
EIF3B,23
EIF3D,226
EIF3E,12
EIF3F,91
EIF3G,4
EIF3H,331
EIF3I,17
EIF3J,12
EIF3K,246
EIF3L,86
EIF3M,103
EIF4A1,106
EIF4A2,357
EIF4A3,58
EIF4B,65
EIF4E,40
EIF4E1B,182
EIF4E2,262
EIF4E3,203
EIF4EBP1,193
EIF4EBP2,117
EIF4EBP3,184
EIF4ENIF1,53
EIF4G1,59
EIF4G2,334
EIF4G3,196
EIF4H,131
EIF5,329
EIF5A,9
EIF5A2,326
EIF5AL1,38
EIF5B,186
EIF6,93
EIPR1,233
ELAC1,146
ELAC2,57
ELANE,559
ELAPOR1,230
ELAPOR2,303
ELAVL1,86
ELAVL2,177
ELAVL3,92
ELAVL4,160
ELF1,43
ELF2,66
ELF3,445
ELF4,23
ELF5,174
ELFN1,322
ELFN2,138
ELK1,42
ELK3,136
ELK4,244
ELL,54
ELL2,189
ELL3,258
ELMO1,113
ELMO2,119
ELMO3,130
ELMOD1,201
ELMOD2,184
ELN,301
ELOA,112
ELOA2,174
ELOB,76
ELOC,156
ELOF1,635
ELOVL1,278
ELOVL2,141
ELOVL3,86
ELOVL4,85
ELOVL5,59
ELOVL6,387
ELOVL7,54
ELP1,174
ELP2,134
ELP3,140
ELP4,166
ELP5,446
ELP6,236
ELSPBP1,233
EMB,517
EMC1,93
EMC10,210
EMC2,103
EMC3,468
EMC4,84
EMC6,189
EMC7,151
EMC8,46
EMC9,171
EMCN,51
EMD,133
EME1,184
EME2,314
EMG1,137
EMID1,77
EMILIN1,262
EMILIN2,197
EMILIN3,30
EML1,41
EML2,606
EML3,44
EML4,148
EML5,95
EML6,196
EMP1,94
EMP2,611
EMP3,291
EMSY,11
EMX1,118
EMX2,414
EN1,138
EN2,144
ENAH,20
ENAM,111
ENC1,240
ENDOD1,111
ENDOG,81
ENDOU,307
ENDOV,118
ENG,270
ENGASE,56
ENHO,206
ENKD1,162
ENKUR,86
ENO1,110
ENO2,214
ENO3,232
ENO4,170
ENOPH1,119
ENOSF1,36
ENOX1,128
ENOX2,15
ENPEP,55
ENPP1,214
ENPP2,245
ENPP3,51
ENPP4,28
ENPP5,126
ENPP6,448
ENPP7,215
ENSA,414
ENTHD1,298
ENTPD1,158
ENTPD2,97
ENTPD3,367
ENTPD4,233
ENTPD5,185
ENTPD6,78
ENTPD7,88
ENTPD8,309
ENTR1,172
ENTREP1,133
ENTREP2,145
ENTREP3,203
ENY2,179
EOGT,179
EOLA1,283
EOLA2,166
EOMES,61
EP300,86
EP400,177
EPAS1,77
EPB41,382
EPB41L1,211
EPB41L2,243
EPB41L3,8
EPB41L4A,213
EPB41L4B,256
EPB41L5,177
EPB42,46
EPC1,192
EPC2,87
EPCAM,62
EPDR1,130
EPG5,76
EPGN,56
EPHA1,81
EPHA10,322
EPHA2,49
EPHA3,272
EPHA4,495
EPHA5,60
EPHA6,6
EPHA7,204
EPHA8,195
EPHB1,214
EPHB2,165
EPHB3,90
EPHB4,128
EPHB6,17
EPHX1,62
EPHX2,175
EPHX3,128
EPHX4,33
EPM2A,147
EPM2AIP1,332
EPN1,127
EPN2,145
EPN3,420
EPO,329
EPOP,94
EPOR,519
EPPIN,385
EPPK1,317
EPRS1,211
EPS15,103
EPS15L1,31
EPS8,151
EPS8L1,276
EPS8L2,162
EPS8L3,224
EPSTI1,107
EPX,239
EPYC,96
EQTN,235
ERAL1,277
ERAP1,115
ERAP2,160
ERAS,254
ERBB2,376
ERBB3,497
ERBB4,152
ERBIN,425
ERC1,52
ERC2,175
ERCC1,30
ERCC2,200
ERCC3,153
ERCC4,255
ERCC5,112
ERCC6,173
ERCC6L,262
ERCC6L2,234
ERCC8,249
EREG,163
ERF,83
ERFE,68
ERG,226
ERG28,44
ERGIC1,143
ERGIC2,157
ERGIC3,214
ERH,595
ERI1,88
ERI2,195
ERI3,243
ERICH1,66
ERICH2,86
ERICH3,197
ERICH4,153
ERICH5,65
ERICH6,364
ERICH6B,72
ERLEC1,67
ERLIN1,268
ERLIN2,247
ERMAP,184
ERMARD,193
ERMN,163
ERMP1,244
ERN1,82
ERN2,68
ERO1A,314
ERO1B,338
ERP27,205
ERP29,67
ERP44,261
ERRFI1,226
ERV3-1,160
ERVFRD-1,89
ERVMER34-1,28
ERVV-1,133
ERVV-2,176
ERVW-1,329
ESAM,208
ESCO1,58
ESCO2,189
ESD,153
ESF1,345
ESM1,365
ESPL1,10
ESPN,291
ESPNL,349
ESR1,225
ESR2,116
ESRP1,346
ESRP2,87
ESRRA,86
ESRRB,271
ESRRG,898
ESS2,27
ESX1,33
ESYT1,40
ESYT2,214
ESYT3,95
ETAA1,94
ETF1,2
ETFA,120
ETFB,391
ETFBKMT,148
ETFDH,103
ETFRF1,70
ETHE1,447
ETNK1,181
ETNK2,71
ETNPPL,321
ETS1,92
ETS2,282
ETV1,240
ETV2,165
ETV3,67
ETV3L,226
ETV4,120
ETV5,72
ETV6,64
ETV7,282
EVA1A,162
EVA1C,108
EVC,237
EVC2,209
EVI2A,336
EVI2B,81
EVI5,94
EVI5L,32
EVL,325
EVPL,17
EVPLL,74
EVX1,138
EVX2,110
EWSR1,71
EXD1,242
EXD2,179
EXD3,58
EXO1,211
EXO5,123
EXOC1,67
EXOC2,56
EXOC3,12
EXOC3-AS1,138
EXOC3L1,288
EXOC3L2,487
EXOC3L4,70
EXOC4,105
EXOC5,82
EXOC6,307
EXOC6B,76
EXOC7,72
EXOC8,67
EXOG,149
EXOSC1,153
EXOSC10,282
EXOSC2,89
EXOSC3,116
EXOSC4,32
EXOSC5,84
EXOSC6,136
EXOSC7,105
EXOSC8,168
EXOSC9,217
EXPH5,32
EXT1,37
EXT2,286
EXTL1,155
EXTL2,118
EXTL3,301
EYA1,409
EYA2,124
EYA3,140
EYA4,160
EYS,160
EZH1,12
EZH2,49
EZR,143
F10,79
F11,421
F11R,225
F12,277
F13A1,174
F13B,67
F2,49
F2R,33
F2RL1,285
F2RL2,88
F2RL3,133
F3,223
F5,261
F7,5
F8,299
F8A1,359
F9,221
FA2H,142
FAAH,150
FAAH2,250
FAAP100,49
FAAP20,196
FAAP24,180
FABP1,105
FABP12,115
FABP2,269
FABP3,94
FABP4,141
FABP5,269
FABP6,229
FABP7,180
FABP9,248
FADD,37
FADS1,94
FADS2,296
FADS3,299
FADS6,34
FAF1,9
FAF2,61
FAH,134
FAHD1,70
FAHD2A,151
FAHD2B,383
FAIM,184
FAIM2,226
FAM107A,211
FAM107B,280
FAM110A,252
FAM110B,356
FAM110C,149
FAM110D,243
FAM111A,293
FAM111B,181
FAM114A1,112
FAM114A2,205
FAM117A,323
FAM117B,53
FAM118A,183
FAM120A,252
FAM120AOS,193
FAM120B,109
FAM120C,202
FAM124A,48
FAM124B,78
FAM131A,247
FAM131B,307
FAM131C,103
FAM133A,143
FAM133B,231
FAM135A,70
FAM135B,90
FAM136A,67
FAM13A,98
FAM13B,95
FAM13C,118
FAM149A,121
FAM149B1,191
FAM151A,271
FAM151B,194
FAM153A,435
FAM156A,90
FAM156B,790
FAM161A,25
FAM161B,58
FAM162A,44
FAM162B,28
FAM163A,100
FAM163B,96
FAM167A,437
FAM167B,37
FAM168A,78
FAM168B,276
FAM169A,100
FAM170A,457
FAM170B,275
FAM171A1,221
FAM171A2,32
FAM171B,55
FAM174A,177
FAM174B,198
FAM174C,36
FAM177A1,186
FAM177B,309
FAM178B,171
FAM180A,77
FAM180B,113
FAM181A,337
FAM181B,271
FAM184A,337
FAM184B,55
FAM185A,42
FAM186A,338
FAM186B,95
FAM187A,313
FAM187B,183
FAM193A,159
FAM193B,191
FAM199X,167
FAM200A,199
FAM200B,41
FAM200C,493
FAM204A,828
FAM209A,405
FAM209B,73
FAM20A,153
FAM20B,66
FAM20C,84
FAM210A,173
FAM210B,62
FAM216A,152
FAM216B,191
FAM217A,237
FAM217B,785
FAM218A,149
FAM219A,119
FAM219B,270
FAM220A,252
FAM221A,202
FAM221B,296
FAM222A,275
FAM222B,130
FAM227A,83
FAM227B,46
FAM228A,277
FAM228B,56
FAM229A,134
FAM229B,143
FAM234A,348
FAM234B,226
FAM241A,323
FAM241B,173
FAM24A,231
FAM24B,73
FAM25A,287
FAM25EP,429
FAM32A,212
FAM3A,81
FAM3B,200
FAM3C,56
FAM3D,728
FAM43A,143
FAM43B,123
FAM47A,143
FAM47B,393
FAM47C,99
FAM47E,196
FAM50A,67
FAM50B,210
FAM53A,201
FAM53B,69
FAM53C,195
FAM72B,128
FAM72C,390
FAM76A,64
FAM76B,323
FAM78A,242
FAM78B,315
FAM81A,194
FAM81B,565
FAM83A,445
FAM83B,21
FAM83C,191
FAM83D,119
FAM83E,76
FAM83F,109
FAM83G,240
FAM83H,185
FAM85B,98
FAM89A,127
FAM89B,53
FAM8A1,169
FAM90A1,142
FAM91A1,52
FAM98A,142
FAM98B,83
FAM98C,212
FAM9A,244
FAM9B,163
FAM9C,106
FAN1,124
FANCA,475
FANCB,97
FANCC,151
FANCD2,137
FANCD2OS,190
FANCE,127
FANCF,444
FANCG,11
FANCI,225
FANCL,144
FANCM,309
FANK1,73
FAP,153
FAR1,221
FAR2,234
FARP1,239
FARP2,193
FARS2,335
FARSA,184
FARSB,130
FAS,72
FASLG,191
FASN,113
FASTK,59
FASTKD1,133
FASTKD2,133
FASTKD3,250
FAT1,463
FAT2,256
FAT3,396
FAT4,158
FATE1,132
FAU,115
FAXC,139
FAXDC2,433
FBF1,20
FBH1,242
FBL,67
FBLIM1,419
FBLN1,86
FBLN2,45
FBLN5,126
FBLN7,61
FBN1,42
FBN2,163
FBN3,177
FBP1,54
FBP2,285
FBRS,56
FBRSL1,31
FBXL12,97
FBXL13,85
FBXL14,175
FBXL15,99
FBXL16,264
FBXL17,93
FBXL18,27
FBXL19,60
FBXL2,82
FBXL20,170
FBXL22,47
FBXL3,255
FBXL4,119
FBXL5,212
FBXL6,231
FBXL7,101
FBXL8,280
FBXO10,246
FBXO11,199
FBXO15,148
FBXO16,125
FBXO17,252
FBXO2,42
FBXO21,18
FBXO22,141
FBXO24,178
FBXO25,249
FBXO27,369
FBXO28,194
FBXO3,289
FBXO30,161
FBXO31,558
FBXO32,102
FBXO33,179
FBXO34,6
FBXO36,159
FBXO38,8
FBXO39,152
FBXO4,86
FBXO40,6
FBXO41,104
FBXO42,122
FBXO43,115
FBXO44,269
FBXO45,318
FBXO46,326
FBXO47,197
FBXO48,253
FBXO5,66
FBXO6,33
FBXO7,232
FBXO8,610
FBXO9,332
FBXW10,74
FBXW10B,77
FBXW11,170
FBXW12,154
FBXW2,154
FBXW4,78
FBXW5,259
FBXW7,393
FBXW8,170
FBXW9,309
FCAMR,223
FCAR,84
FCER1A,214
FCER1G,244
FCER2,439
FCF1,46
FCGBP,576
FCGR1A,73
FCGR1BP,200
FCGR2A,195
FCGR2C,81
FCGR3A,106
FCGR3B,296
FCGRT,244
FCHO1,185
FCHO2,45
FCHSD1,61
FCHSD2,29
FCMR,39
FCN1,387
FCN2,230
FCN3,485
FCRL1,106
FCRL2,219
FCRL3,387
FCRL4,243
FCRL5,193
FCRL6,347
FCRLA,225
FCRLB,274
FCSK,80
FDCSP,163
FDFT1,540
FDPS,93
FDX1,148
FDX2,123
FDXACB1,112
FDXR,69
FECH,27
FEM1A,111
FEM1B,125
FEM1C,232
FEN1,87
FER,277
FER1L6,231
FERD3L,151
FERMT1,356
FERMT2,115
FERMT3,274
FES,123
FETUB,191
FEV,124
FEZ1,236
FEZ2,95
FEZF1,47
FEZF2,76
FFAR1,109
FFAR2,172
FFAR3,225
FFAR4,350
FGA,332
FGB,73
FGD1,39
FGD2,118
FGD3,1129
FGD4,262
FGD5,450
FGD6,138
FGF1,131
FGF10,46
FGF11,332
FGF12,132
FGF13,97
FGF14,158
FGF16,108
FGF17,113
FGF18,142
FGF19,321
FGF2,298
FGF20,206
FGF21,83
FGF22,26
FGF23,51
FGF3,280
FGF4,87
FGF5,52
FGF6,126
FGF7,441
FGF8,62
FGF9,24
FGFBP1,57
FGFBP2,132
FGFBP3,138
FGFR1,80
FGFR1OP2,275
FGFR2,62
FGFR3,46
FGFR4,257
FGFRL1,89
FGG,278
FGGY,286
FGL1,382
FGL2,228
FGR,86
FH,68
FHAD1,192
FHDC1,64
FHIP1A,47
FHIP1B,193
FHIP2A,156
FHIP2B,110
FHIT,110
FHL1,342
FHL2,319
FHL3,70
FHL5,68
FHOD1,50
FHOD3,100
FIBCD1,272
FIBIN,91
FIBP,83
FICD,238
FIG4,40
FIGLA,192
FIGN,178
FIGNL1,331
FIGNL2,17
FILIP1,90
FILIP1L,124
FIP1L1,231
FIS1,604
FITM1,148
FITM2,146
FIZ1,153
FJX1,103
FKBP10,210
FKBP11,120
FKBP14,86
FKBP15,153
FKBP1A,121
FKBP1B,176
FKBP2,366
FKBP3,170
FKBP4,140
FKBP5,139
FKBP6,232
FKBP7,250
FKBP8,131
FKBP9,154
FKBPL,307
FKRP,126
FKTN,69
FLACC1,120
FLAD1,259
FLCN,43
FLG,461
FLG2,343
FLI1,92
FLII,69
FLNA,145
FLNB,42
FLNC,190
FLOT1,285
FLOT2,32
FLRT1,204
FLRT2,99
FLRT3,216
FLT1,190
FLT3,232
FLT3LG,92
FLT4,227
FLVCR1,337
FLVCR2,24
FLYWCH1,187
FLYWCH2,93
FMC1,203
FMN1,44
FMN2,212
FMNL1,113
FMNL2,164
FMNL3,145
FMO1,148
FMO2,55
FMO3,220
FMO4,135
FMO5,250
FMOD,127
FMR1,384
FMR1NB,5
FN1,56
FN3K,478
FN3KRP,113
FNBP1,261
FNBP1L,102
FNBP4,102
FNDC1,197
FNDC10,271
FNDC11,21
FNDC3A,175
FNDC3B,77
FNDC4,230
FNDC5,96
FNDC7,198
FNDC8,152
FNDC9,145
FNIP1,237
FNIP2,80
FNTA,61
FOCAD,97
FOLH1,190
FOLR1,183
FOLR2,140
FOLR3,326
FOS,200
FOSB,151
FOSL1,53
FOSL2,221
FOXA1,27
FOXA2,118
FOXA3,81
FOXB1,169
FOXB2,667
FOXC1,104
FOXC2,178
FOXD1,141
FOXD2,3
FOXD3,214
FOXD4,148
FOXD4L1,237
FOXE1,95
FOXE3,109
FOXF1,107
FOXF2,151
FOXG1,118
FOXH1,142
FOXI1,378
FOXI2,241
FOXI3,218
FOXJ1,286
FOXJ2,127
FOXJ3,203
FOXK1,220
FOXK2,91
FOXL1,46
FOXL2,208
FOXL2NB,258
FOXM1,141
FOXN1,58
FOXN2,187
FOXN3,152
FOXN4,36
FOXO1,241
FOXO3,287
FOXO4,187
FOXO6,105
FOXP1,737
FOXP2,409
FOXP3,250
FOXP4,153
FOXQ1,150
FOXR1,272
FOXR2,47
FOXRED1,279
FOXRED2,81
FOXS1,171
FPGS,179
FPGT,292
FPR1,150
FPR2,201
FPR3,161
FRA10AC1,6
FRAS1,98
FRAT1,347
FRAT2,26
FREM1,206
FREM2,118
FREM3,121
FREY1,321
FRG1,220
FRG2,735
FRG2B,202
FRG2C,421
FRK,163
FRMD1,118
FRMD3,65
FRMD4A,517
FRMD4B,237
FRMD5,284
FRMD6,216
FRMD7,119
FRMD8,404
FRMPD1,76
FRMPD2,47
FRMPD3,97
FRMPD4,473
FRRS1,171
FRRS1L,30
FRS2,163
FRS3,173
FRY,147
FRYL,68
FRZB,83
FSBP,258
FSCB,218
FSCN1,441
FSCN2,146
FSCN3,102
FSD1,44
FSD1L,70
FSD2,204
FSHB,217
FSHR,66
FSIP1,83
FSIP2,445
FST,228
FSTL1,86
FSTL3,193
FSTL4,279
FSTL5,441
FTCD,430
FTH1,344
FTHL17,112
FTL,67
FTMT,270
FTO,82
FTSJ1,435
FTSJ3,53
FUBP1,103
FUBP3,215
FUCA1,174
FUCA2,123
FUNDC1,442
FUNDC2,152
FUOM,126
FURIN,170
FUS,600
FUT1,186
FUT10,238
FUT11,87
FUT2,165
FUT3,161
FUT4,77
FUT6,226
FUT7,74
FUT8,168
FUT9,205
FUZ,241
FXN,159
FXR1,318
FXR2,32
FXYD1,225
FXYD2,289
FXYD3,244
FXYD4,80
FXYD5,89
FXYD6,150
FXYD7,414
FYB1,336
FYB2,4
FYCO1,83
FYN,83
FYTTD1,38
FZD1,294
FZD10,167
FZD2,244
FZD3,111
FZD4,192
FZD5,205
FZD6,446
FZD7,192
FZD8,110
FZD9,128
FZR1,175
G0S2,219
G2E3,345
G3BP1,73
G3BP2,116
G6PC1,91
G6PC2,111
G6PC3,138
G6PD,80
GAA,120
GAB1,10
GAB2,40
GAB3,81
GAB4,299
GABARAP,131
GABARAPL1,93
GABARAPL2,27
GABBR1,201
GABBR2,552
GABPB1,132
GABPB2,99
GABRA1,209
GABRA2,286
GABRA3,319
GABRA4,149
GABRA5,118
GABRA6,109
GABRB1,155
GABRB2,139
GABRB3,153
GABRD,40
GABRE,73
GABRG1,74
GABRG2,45
GABRG3,192
GABRP,228
GABRQ,165
GABRR1,188
GABRR2,345
GABRR3,218
GAD1,120
GAD2,81
GADD45A,455
GADD45B,56
GADD45G,58
GADD45GIP1,242
GADL1,62
GAGE10,227
GAGE12B,386
GAK,48
GAL,298
GAL3ST1,43
GAL3ST2,94
GAL3ST3,227
GAL3ST4,319
GALC,148
GALE,90
GALK1,99
GALK2,420
GALM,228
GALNS,108
GALNT1,99
GALNT10,59
GALNT11,7
GALNT12,180
GALNT13,300
GALNT14,142
GALNT15,328
GALNT16,99
GALNT17,244
GALNT18,149
GALNT2,116
GALNT3,133
GALNT4,54
GALNT5,228
GALNT6,91
GALNT7,150
GALNT8,170
GALNT9,162
GALNTL5,409
GALNTL6,78
GALR1,89
GALR2,205
GALR3,118
GALT,393
GAMT,185
GAN,160
GANAB,94
GANC,359
GAP43,244
GAPDH,420
GAPDHS,181
GAPT,113
GAPVD1,115
GAR1,39
GAREM1,344
GAREM2,235
GARIN1A,213
GARIN1B,429
GARIN2,707
GARIN3,323
GARIN4,144
GARIN5A,201
GARIN5B,275
GARIN6,471
GARNL3,196
GARRE1,110
GARS1,135
GART,120
GAS1,189
GAS2,360
GAS2L1,74
GAS2L2,80
GAS2L3,160
GAS6,20
GAS7,135
GAS8,269
GAS8-AS1,116
GASK1A,96
GASK1B,420
GAST,90
GATA1,170
GATA2,78
GATA3,65
GATA4,466
GATA5,102
GATA6,157
GATAD1,163
GATAD2A,358
GATAD2B,196
GATB,163
GATC,272
GATD1,99
GATD3,43
GATM,366
GBA1,160
GBA2,94
GBA3,241
GBE1,81
GBF1,133
GBGT1,58
GBP1,181
GBP2,229
GBP3,180
GBP4,252
GBP5,130
GBP6,293
GBP7,18
GBX1,134
GBX2,309
GC,154
GCA,94
GCAT,4
GCC1,116
GCC2,210
GCDH,320
GCFC2,59
GCG,429
GCGR,78
GCH1,220
GCHFR,97
GCK,24
GCKR,174
GCLC,172
GCLM,378
GCM1,352
GCM2,88
GCN1,238
GCNA,125
GCNT1,192
GCNT2,443
GCNT3,408
GCNT4,408
GCNT7,489
GCSAM,323
GCSAML,169
GCSH,143
GDA,123
GDAP1,249
GDAP1L1,468
GDAP2,153
GDE1,115
GDF10,232
GDF11,52
GDF15,26
GDF2,87
GDF3,193
GDF5,404
GDF6,207
GDF7,340
GDF9,143
GDI1,151
GDI2,464
GDNF,211
GDNF-AS1,453
GDPD1,211
GDPD2,199
GDPD3,386
GDPD4,100
GDPD5,99
GDPGP1,103
GEM,621
GEMIN2,188
GEMIN4,114
GEMIN5,28
GEMIN6,409
GEMIN7,202
GEMIN8,173
GEN1,389
GET1,58
GET3,138
GET4,97
GFAP,157
GFER,67
GFI1,429
GFI1B,284
GFM1,524
GFM2,108
GFOD1,136
GFOD2,126
GFPT1,132
GFPT2,255
GFRA1,234
GFRA2,241
GFRA3,171
GFRA4,69
GFRAL,200
GFUS,55
GGA1,198
GGA2,97
GGA3,155
GGACT,67
GGCT,225
GGCX,155
GGH,208
GGN,155
GGNBP2,279
GGPS1,98
GGT1,83
GGT5,98
GGT6,362
GGT7,118
GH2,244
GHDC,204
GHITM,93
GHR,225
GHRH,177
GHRHR,737
GHRL,276
GHSR,49
GID4,224
GID8,122
GIGYF1,330
GIGYF2,91
GIMAP1,142
GIMAP2,116
GIMAP4,118
GIMAP5,126
GIMAP6,190
GIMAP7,187
GIMAP8,242
GIMD1,79
GIN1,111
GINM1,135
GINS1,9
GINS2,94
GINS3,91
GINS4,67
GIP,312
GIPC1,96
GIPC2,27
GIPC3,108
GIPR,320
GIT1,57
GIT2,27
GJA1,51
GJA10,154
GJA3,216
GJA4,86
GJA5,362
GJA8,235
GJA9,186
GJB1,161
GJB2,78
GJB3,257
GJB4,178
GJB5,226
GJB6,399
GJB7,427
GJC1,147
GJC2,113
GJC3,524
GJD2,244
GJD3,387
GJD4,242
GJE1,258
GK,113
GK2,136
GK5,127
GKAP1,134
GKN1,210
GKN2,29
GLA,263
GLB1,150
GLB1L,217
GLB1L2,12
GLB1L3,178
GLCCI1,179
GLCE,268
GLDC,186
GLDN,64
GLE1,88
GLG1,72
GLI1,144
GLI2,341
GLI3,446
GLI4,174
GLIPR1,265
GLIPR1L1,53
GLIPR1L2,181
GLIPR2,72
GLIS1,270
GLIS2,281
GLIS3,82
GLMN,124
GLMP,569
GLO1,143
GLOD4,183
GLOD5,66
GLP1R,282
GLP2R,293
GLRA1,77
GLRA2,195
GLRA3,201
GLRB,118
GLRX,123
GLRX2,123
GLRX3,111
GLRX5,284
GLS,475
GLS2,138
GLT1D1,73
GLT6D1,150
GLT8D1,110
GLT8D2,119
GLTP,167
GLTPD2,312
GLUD1,200
GLUD2,43
GLUL,302
GLYAT,380
GLYATL1,392
GLYATL2,280
GLYATL3,190
GLYCTK,210
GLYR1,19
GM2A,71
GMCL1,133
GMDS,40
GMEB1,17
GMEB2,185
GMFB,156
GMFG,265
GMIP,123
GML,639
GMNC,79
GMPPA,222
GMPPB,167
GMPR,210
GMPR2,107
GMPS,207
GNA11,21
GNA12,243
GNA13,21
GNA14,346
GNA15,205
GNAI1,190
GNAI2,54
GNAI3,379
GNAL,176
GNAO1,31
GNAQ,148
GNAS,279
GNAT1,317
GNAT2,245
GNAT3,124
GNAZ,290
GNB1,165
GNB1L,532
GNB2,193
GNB3,163
GNB4,187
GNB5,123
GNE,292
GNG10,291
GNG11,121
GNG12,36
GNG13,198
GNG2,126
GNG3,168
GNG4,389
GNG5,125
GNG7,195
GNG8,44
GNGT1,42
GNGT2,326
GNL1,184
GNL2,22
GNL3,113
GNL3L,89
GNLY,83
GNMT,205
GNPAT,106
GNPDA1,285
GNPDA2,63
GNPNAT1,134
GNPTAB,246
GNPTG,73
GNRH1,117
GNRH2,82
GNRHR,171
GNS,10
GOLGA1,138
GOLGA2,187
GOLGA3,75
GOLGA4,87
GOLGA5,169
GOLGA6L1,182
GOLGA6L2,154
GOLGA7,101
GOLGA7B,69
GOLGA8A,260
GOLGA8B,215
GOLGB1,193
GOLIM4,232
GOLM1,109
GOLM2,459
GOLPH3,84
GOLPH3L,159
GOLT1A,299
GOLT1B,11
GON4L,221
GON7,143
GOPC,120
GORAB,104
GORASP1,104
GORASP2,192
GOSR1,333
GOSR2,113
GOT1,116
GOT1L1,242
GOT2,44
GP1BA,116
GP1BB,227
GP2,591
GP5,342
GP6,89
GP9,45
GPA33,199
GPAA1,62
GPALPP1,46
GPAM,67
GPANK1,188
GPAT2,330
GPAT3,220
GPAT4,302
GPATCH1,86
GPATCH11,310
GPATCH2,291
GPATCH2L,52
GPATCH3,229
GPATCH4,278
GPATCH8,315
GPBAR1,40
GPBP1,256
GPBP1L1,100
GPC1,103
GPC2,79
GPC3,26
GPC4,272
GPC5,145
GPC6,195
GPCPD1,52
GPD1,44
GPD1L,221
GPD2,148
GPER1,32
GPHA2,200
GPHB5,213
GPHN,392
GPI,121
GPIHBP1,153
GPKOW,61
GPLD1,114
GPM6A,396
GPM6B,351
GPN1,64
GPN2,350
GPN3,34
GPNMB,311
GPR101,129
GPR107,57
GPR108,334
GPR119,173
GPR12,309
GPR132,180
GPR135,45
GPR137,403
GPR137B,229
GPR137C,123
GPR139,127
GPR141,95
GPR142,294
GPR143,149
GPR146,345
GPR148,136
GPR149,105
GPR15,177
GPR150,206
GPR151,187
GPR152,14
GPR153,409
GPR155,194
GPR156,264
GPR157,68
GPR158,50
GPR15LG,35
GPR160,260
GPR161,57
GPR162,98
GPR17,102
GPR171,258
GPR173,138
GPR174,128
GPR176,131
GPR179,34
GPR18,261
GPR180,389
GPR182,192
GPR183,84
GPR19,317
GPR20,199
GPR21,313
GPR22,68
GPR25,143
GPR26,101
GPR27,63
GPR3,300
GPR31,295
GPR32,131
GPR33,299
GPR34,281
GPR35,217
GPR37,178
GPR37L1,123
GPR39,80
GPR45,8
GPR50,208
GPR52,443
GPR55,91
GPR6,195
GPR61,86
GPR62,25
GPR63,82
GPR65,193
GPR68,153
GPR78,279
GPR82,383
GPR83,64
GPR84,239
GPR85,288
GPR87,141
GPR88,277
GPR89A,82
GPR89B,278
GPRASP1,301
GPRASP2,171
GPRASP3,128
GPRC5A,301
GPRC5B,88
GPRC5C,120
GPRC5D,61
GPRC6A,196
GPRIN1,110
GPRIN2,83
GPRIN3,95
GPS1,170
GPS2,168
GPSM1,3
GPSM2,81
GPSM3,185
GPT,228
GPT2,117
GPX1,35
GPX2,149
GPX3,45
GPX4,356
GPX5,85
GPX6,138
GPX7,47
GPX8,189
GRAMD1A,167
GRAMD1B,244
GRAMD1C,239
GRAMD2B,226
GRAMD4,313
GRAP,279
GRAP2,137
GRAPL,277
GRB10,172
GRB14,86
GRB2,235
GRB7,147
GREB1,206
GREB1L,119
GREM1,182
GREM2,166
GRHL1,41
GRHL2,36
GRHL3,164
GRHPR,495
GRIA1,183
GRIA2,208
GRIA3,91
GRIA4,656
GRID1,164
GRID2,140
GRID2IP,569
GRIK1,379
GRIK2,162
GRIK3,27
GRIK4,254
GRIK5,128
GRIN1,184
GRIN2A,80
GRIN2B,91
GRIN2C,40
GRIN2D,112
GRIN3A,64
GRIN3B,103
GRINA,59
GRIP1,335
GRIP2,15
GRIPAP1,66
GRK1,170
GRK2,69
GRK3,80
GRK4,65
GRK5,198
GRK6,44
GRK7,56
GRM1,328
GRM2,150
GRM3,80
GRM4,519
GRM5,546
GRM6,43
GRM7,56
GRM8,111
GRN,48
GRP,260
GRPEL1,114
GRPEL2,133
GRPR,57
GRSF1,148
GRTP1,117
GRWD1,112
GRXCR1,189
GRXCR2,110
GSAP,349
GSC,146
GSC2,244
GSDMA,146
GSDMB,173
GSDMC,153
GSDMD,427
GSDME,200
GSE1,128
GSG1,136
GSG1L,233
GSK3A,50
GSK3B,225
GSKIP,166
GSN,190
GSPT1,55
GSPT2,123
GSR,46
GSS,206
GSTA1,152
GSTA2,106
GSTA3,6
GSTA4,280
GSTA5,217
GSTCD,149
GSTK1,119
GSTM1,82
GSTM2,469
GSTM3,30
GSTM4,25
GSTM5,268
GSTO1,61
GSTO2,128
GSTP1,163
GSTT2,437
GSTT2B,78
GSTZ1,96
GSX1,190
GSX2,68
GTDC1,287
GTF2A1,52
GTF2A1L,230
GTF2A2,212
GTF2B,70
GTF2E1,227
GTF2E2,257
GTF2F1,10
GTF2F2,174
GTF2H1,43
GTF2H2,198
GTF2H2C,75
GTF2H3,123
GTF2H4,39
GTF2H5,215
GTF2I,298
GTF2IRD1,300
GTF3A,103
GTF3C1,52
GTF3C2,373
GTF3C3,53
GTF3C4,165
GTF3C5,72
GTF3C6,154
GTPBP1,184
GTPBP10,472
GTPBP2,184
GTPBP3,211
GTPBP4,172
GTPBP6,9
GTPBP8,194
GTSCR1,260
GTSE1,103
GTSF1,36
GTSF1L,185
GUCA1A,332
GUCA1B,320
GUCA1C,199
GUCA2A,225
GUCA2B,81
GUCD1,47
GUCY1A1,149
GUCY1A2,186
GUCY1B1,78
GUCY2C,220
GUCY2D,109
GUCY2F,199
GUF1,432
GUK1,240
GULP1,271
GUSB,60
GXYLT1,272
GXYLT2,181
GYG1,214
GYG2,99
GYPA,355
GYPB,53
GYPC,28
GYPE,419
GYS1,327
GYS2,200
GZF1,57
GZMA,192
GZMB,123
GZMK,98
GZMM,32
H1-0,168
H1-1,352
H1-10,44
H1-2,96
H1-3,211
H1-4,232
H1-5,109
H1-6,91
H1-7,127
H1-8,117
H2AC1,122
H2AC11,115
H2AC12,253
H2AC13,87
H2AC14,240
H2AC15,305
H2AC16,234
H2AC17,441
H2AC20,365
H2AC21,154
H2AC25,76
H2AC4,415
H2AC6,231
H2AC8,353
H2AJ,149
H2AP,212
H2AX,266
H2AZ1,186
H2AZ2,188
H2BC1,44
H2BC10,195
H2BC11,312
H2BC12,176
H2BC13,117
H2BC14,70
H2BC15,101
H2BC17,54
H2BC18,120
H2BC21,236
H2BC26,18
H2BC3,346
H2BC4,128
H2BC5,126
H2BC6,107
H2BC7,286
H2BC8,335
H2BC9,46
H2BW1,114
H2BW2,104
H3-3A,2
H3-3B,340
H3-4,144
H3-5,248
H3C1,98
H3C10,321
H3C11,45
H3C12,271
H3C13,110
H3C2,320
H3C3,88
H3C6,109
H3C7,449
H3C8,162
H4C1,35
H4C11,136
H4C12,198
H4C13,140
H4C16,135
H4C2,74
H4C3,117
H4C4,156
H4C5,146
H4C6,77
H4C7,298
H4C8,115
H4C9,189
H6PD,236
HAAO,120
HABP2,263
HABP4,286
HACD1,300
HACD2,88
HACD3,127
HACD4,203
HACE1,152
HACL1,226
HADH,130
HADHA,268
HADHB,269
HAGH,12
HAGHL,299
HAL,299
HAMP,139
HAND1,141
HAND2,256
HAO1,161
HAO2,314
HAP1,179
HAPLN1,95
HAPLN2,227
HAPLN3,443
HAPLN4,69
HAPSTR1,891
HARBI1,101
HARS1,56
HARS2,154
HAS1,272
HAS2,74
HAS3,78
HASPIN,63
HAT1,117
HAUS1,68
HAUS2,60
HAUS4,80
HAUS5,119
HAUS6,184
HAUS7,169
HAUS8,166
HAVCR1,119
HAVCR2,87
HAX1,119
HBB,176
HBE1,205
HBEGF,135
HBG1,86
HBG2,148
HBM,106
HBP1,233
HBQ1,119
HBS1L,80
HBZ,197
HCAR1,196
HCAR2,85
HCAR3,167
HCCS,343
HCFC1,213
HCFC1R1,143
HCFC2,277
HCK,274
HCLS1,7
HCN1,351
HCN2,28
HCN3,168
HCN4,32
HCRT,145
HCRTR1,210
HCST,276
HDAC1,133
HDAC10,296
HDAC11,91
HDAC2,106
HDAC3,223
HDAC4,72
HDAC5,355
HDAC6,71
HDAC7,58
HDAC8,215
HDAC9,514
HDC,18
HDDC2,247
HDDC3,28
HDGF,144
HDGFL1,90
HDHD2,254
HDHD3,398
HDHD5,171
HDLBP,359
HDX,284
HEATR1,75
HEATR3,90
HEATR5A,113
HEATR5B,430
HEATR6,104
HEATR9,148
HEBP1,48
HEBP2,153
HECA,136
HECTD1,90
HECTD2,200
HECTD3,171
HECTD4,193
HECW1,227
HECW2,137
HEG1,49
HELB,102
HELLS,120
HELQ,42
HELT,78
HELZ,234
HELZ2,399
HEMGN,75
HEMK1,154
HENMT1,276
HEPACAM,201
HEPACAM2,341
HEPH,170
HEPHL1,135
HEPN1,158
HERC1,215
HERC3,183
HERC4,8
HERC5,289
HERC6,242
HERPUD1,94
HERPUD2,207
HES1,59
HES2,443
HES3,9
HES4,200
HES5,130
HES6,159
HES7,198
HESX1,335
HEXA,150
HEXB,42
HEXD,312
HEXIM1,92
HEXIM2,369
HEY1,100
HEY2,159
HEYL,189
HFE,98
HFM1,212
HGD,344
HGF,123
HGFAC,659
HGH1,94
HGS,210
HGSNAT,237
HHAT,376
HHATL,46
HHEX,225
HHIP,263
HHIPL1,223
HHIPL2,196
HHLA1,191
HHLA2,125
HIBADH,139
HIBCH,286
HIC1,143
HIC2,251
HID1,291
HIF1A,407
HIF1AN,74
HIF3A,372
HIGD1A,104
HIGD1B,249
HIGD1C,238
HIGD2A,239
HIKESHI,101
HILPDA,104
HINFP,58
HINT1,28
HINT2,217
HINT3,134
HIP1,130
HIP1R,117
HIPK1,172
HIPK2,53
HIPK3,303
HIPK4,136
HIRA,86
HIVEP1,10
HIVEP2,77
HIVEP3,494
HJURP,107
HJV,96
HK1,328
HK2,60
HK3,114
HKDC1,237
HLA-A,110
HLA-B,375
HLA-C,127
HLA-DMA,391
HLA-DMB,171
HLA-DOA,156
HLA-DOB,105
HLA-DPA1,222
HLA-DPB1,711
HLA-DQA1,58
HLA-DQA2,242
HLA-DQB1,372
HLA-DQB2,332
HLA-DRA,681
HLA-DRB1,277
HLA-DRB5,2
HLA-E,362
HLA-F,16
HLA-G,146
HLCS,546
HLF,440
HLTF,267
HLX,110
HM13,73
HMBOX1,115
HMBS,417
HMCES,246
HMCN1,146
HMCN2,150
HMG20A,149
HMG20B,539
HMGA1,304
HMGA2,76
HMGB1,196
HMGB2,132
HMGB3,354
HMGB4,82
HMGCL,257
HMGCLL1,276
HMGCR,69
HMGCS1,16
HMGCS2,275
HMGN1,92
HMGN2,190
HMGN3,181
HMGN4,37
HMGN5,186
HMGXB3,131
HMGXB4,2
HMHB1,190
HMMR,45
HMOX1,565
HMOX2,325
HMSD,100
HMX1,36
HMX2,322
HMX3,248
HNF1A,474
HNF1B,101
HNF4A,63
HNF4G,293
HNMT,415
HNRNPA0,77
HNRNPA1,20
HNRNPA1L2,424
HNRNPA2B1,214
HNRNPA3,173
HNRNPAB,32
HNRNPC,86
HNRNPCL1,704
HNRNPD,132
HNRNPDL,79
HNRNPF,165
HNRNPH1,137
HNRNPH2,42
HNRNPH3,215
HNRNPK,101
HNRNPL,249
HNRNPLL,178
HNRNPM,571
HNRNPR,332
HNRNPU,82
HNRNPUL1,185
HNRNPUL2,76
HOATZ,62
HOMER1,204
HOMER2,105
HOMER3,5
HOMEZ,213
HOOK1,13
HOOK2,356
HOOK3,121
HOPX,245
HORMAD1,387
HORMAD2,133
HOXA1,334
HOXA10,205
HOXA11,341
HOXA13,75
HOXA2,58
HOXA3,383
HOXA4,247
HOXA5,112
HOXA6,252
HOXA7,173
HOXA9,150
HOXB1,146
HOXB13,121
HOXB2,303
HOXB3,182
HOXB4,132
HOXB5,66
HOXB6,181
HOXB7,164
HOXB8,247
HOXB9,102
HOXC10,102
HOXC11,187
HOXC12,167
HOXC13,171
HOXC4,270
HOXC8,95
HOXC9,80
HOXD1,169
HOXD10,263
HOXD11,98
HOXD12,59
HOXD13,96
HOXD3,132
HOXD4,201
HOXD8,75
HOXD9,222
HP,98
HP1BP3,22
HPCA,17
HPCAL1,18
HPCAL4,85
HPD,27
HPDL,76
HPF1,103
HPGD,293
HPGDS,301
HPN,590
HPR,28
HPRT1,84
HPS1,340
HPS3,145
HPS4,178
HPS5,58
HPS6,249
HPSE,67
HPSE2,342
HPX,236
HR,129
HRAS,325
HRC,111
HRCT1,108
HRG,106
HRH1,205
HRH2,88
HRH3,206
HRH4,103
HRK,185
HRNR,123
HROB,131
HS1BP3,106
HS2ST1,202
HS3ST1,63
HS3ST2,158
HS3ST3A1,162
HS3ST3B1,186
HS3ST4,243
HS3ST5,215
HS3ST6,567
HS6ST1,190
HS6ST2,244
HS6ST3,208
HSBP1,89
HSBP1L1,84
HSD11B1,350
HSD11B1L,5
HSD11B2,61
HSD17B1,85
HSD17B10,183
HSD17B11,93
HSD17B12,239
HSD17B13,101
HSD17B14,29
HSD17B2,165
HSD17B3,36
HSD17B4,117
HSD17B6,250
HSD17B7,360
HSD17B8,232
HSD3B1,220
HSD3B2,65
HSD3B7,267
HSDL1,145
HSDL2,76
HSF1,80
HSF2,273
HSF2BP,196
HSF4,147
HSF5,215
HSH2D,127
HSP90AA1,322
HSP90AB1,86
HSP90B1,142
HSPA12A,72
HSPA12B,70
HSPA13,163
HSPA14,126
HSPA1L,71
HSPA2,234
HSPA4,167
HSPA4L,294
HSPA5,64
HSPA6,78
HSPA8,131
HSPA9,56
HSPB1,450
HSPB3,141
HSPB6,100
HSPB7,167
HSPB8,146
HSPB9,238
HSPBAP1,114
HSPBP1,214
HSPD1,162
HSPE1,940
HSPG2,149
HSPH1,31
HTATIP2,86
HTATSF1,76
HTN1,182
HTN3,213
HTR1A,83
HTR1B,116
HTR1D,378
HTR1E,143
HTR1F,121
HTR2A,605
HTR2B,277
HTR2C,169
HTR3A,168
HTR3B,188
HTR3C,180
HTR3D,34
HTR3E,293
HTR4,222
HTR5A,690
HTR6,396
HTR7,285
HTRA1,142
HTRA2,65
HTRA3,7
HTRA4,75
HTT,33
HUNK,166
HUS1,186
HUS1B,283
HUWE1,205
HVCN1,39
HYAL1,33
HYAL2,184
HYAL4,490
HYCC1,294
HYCC2,8
HYDIN,226
HYI,295
HYKK,25
HYLS1,64
HYOU1,341
HYPK,89
IAH1,501
IAPP,442
IARS1,100
IARS2,308
IBA57,259
IBSP,132
IBTK,402
ICA1,62
ICA1L,90
ICAM1,125
ICAM2,292
ICAM3,92
ICAM4,311
ICAM5,138
ICE1,214
ICE2,95
ICMT,149
ICOS,108
ICOSLG,105
ID1,430
ID2,671
ID3,201
ID4,131
IDE,146
IDH1,288
IDH2,168
IDH3A,308
IDH3B,20
IDH3G,84
IDI1,19
IDI2,107
IDNK,373
IDO1,102
IDO2,282
IDS,237
IDUA,130
IER2,203
IER3,103
IER3IP1,155
IER5,313
IER5L,261
IFFO1,441
IFFO2,258
IFI16,332
IFI27,31
IFI27L1,67
IFI27L2,234
IFI30,160
IFI35,489
IFI44,44
IFI44L,330
IFI6,173
IFIH1,139
IFIT1,232
IFIT1B,360
IFIT2,227
IFIT3,114
IFIT5,82
IFITM1,90
IFITM10,282
IFITM2,129
IFITM3,638
IFITM5,108
IFNA1,50
IFNA13,499
IFNA14,106
IFNA16,202
IFNA2,122
IFNA5,309
IFNA6,237
IFNA7,172
IFNA8,166
IFNAR1,69
IFNAR2,240
IFNB1,110
IFNE,382
IFNG,278
IFNGR1,308
IFNGR2,123
IFNK,91
IFNL1,44
IFNL2,54
IFNL3,230
IFNL4,114
IFNLR1,47
IFNW1,421
IFRD1,281
IFRD2,30
IFT122,310
IFT140,590
IFT172,377
IFT20,111
IFT22,267
IFT25,141
IFT27,203
IFT43,146
IFT46,327
IFT52,317
IFT57,179
IFT74,283
IFT80,162
IFT81,54
IFT88,315
IFTAP,296
IGBP1,182
IGDCC3,90
IGDCC4,10
IGF1,120
IGF1R,362
IGF2,54
IGF2BP1,129
IGF2BP2,217
IGF2BP3,221
IGF2R,58
IGFALS,144
IGFBP1,188
IGFBP2,102
IGFBP3,178
IGFBP4,97
IGFBP5,150
IGFBP6,161
IGFBP7,205
IGFBPL1,34
IGFL1,231
IGFL2,447
IGFL3,184
IGFL4,67
IGFLR1,152
IGFN1,160
IGHMBP2,24
IGIP,148
IGLL1,317
IGLL5,180
IGLON5,48
IGSF1,62
IGSF10,11
IGSF11,16
IGSF21,298
IGSF22,102
IGSF23,282
IGSF3,143
IGSF5,342
IGSF6,74
IGSF8,173
IGSF9,215
IGSF9B,102
IHH,218
IHO1,86
IK,483
IKBIP,73
IKBKB,252
IKBKE,211
IKBKG,163
IKZF1,85
IKZF2,389
IKZF3,336
IKZF4,479
IKZF5,168
IL10,310
IL10RA,196
IL10RB,4
IL11,119
IL11RA,561
IL12A,47
IL12B,95
IL12RB1,144
IL12RB2,240
IL13,411
IL13RA1,25
IL13RA2,456
IL15,74
IL15RA,198
IL16,262
IL17A,77
IL17B,149
IL17C,192
IL17D,298
IL17F,467
IL17RA,24
IL17RB,48
IL17RC,404
IL17RD,196
IL17RE,96
IL17REL,195
IL18,158
IL18BP,70
IL18R1,202
IL18RAP,593
IL19,128
IL1A,222
IL1B,195
IL1F10,160
IL1R1,37
IL1R2,422
IL1RAP,84
IL1RAPL1,93
IL1RAPL2,100
IL1RL1,125
IL1RL2,247
IL1RN,228
IL2,261
IL20,176
IL20RA,551
IL20RB,113
IL21,204
IL21R,178
IL22,235
IL22RA1,361
IL22RA2,98
IL23A,81
IL23R,26
IL24,143
IL25,134
IL26,166
IL27,61
IL27RA,343
IL2RA,41
IL2RB,205
IL2RG,114
IL3,308
IL31,60
IL31RA,372
IL32,158
IL33,280
IL34,134
IL36A,222
IL36B,113
IL36G,191
IL36RN,281
IL37,354
IL3RA,158
IL4,161
IL4I1,210
IL4R,114
IL5,429
IL5RA,46
IL6,287
IL6R,166
IL6ST,140
IL7,294
IL7R,126
IL9,200
IL9R,245
ILDR1,128
ILDR2,155
ILF2,63
ILF3,160
ILK,109
ILKAP,83
ILRUN,97
ILVBL,220
IMMP1L,361
IMMP2L,122
IMMT,202
IMP3,164
IMP4,81
IMPA1,89
IMPA2,134
IMPACT,5
IMPDH1,149
IMPDH2,33
IMPG1,171
IMPG2,104
INA,255
INAFM1,231
INAVA,224
INCA1,80
INCENP,2
INF2,99
ING1,437
ING2,17
ING3,68
ING4,143
ING5,204
INHA,18
INHBA,114
INHBB,284
INHBC,130
INHBE,106
INIP,161
INKA1,54
INKA2,565
INMT,138
INO80,209
INO80B,198
INO80C,61
INO80D,129
INPP1,81
INPP4A,33
INPP4B,440
INPP5A,84
INPP5B,213
INPP5D,79
INPP5E,123
INPP5F,162
INPP5J,257
INPP5K,250
INPPL1,84
INS,204
INSC,172
INSIG1,87
INSIG2,42
INSL3,67
INSL4,380
INSL5,271
INSL6,205
INSM1,150
INSM2,113
INSR,82
INSRR,56
INSYN1,289
INSYN2A,208
INSYN2B,147
INTS1,170
INTS10,200
INTS11,82
INTS12,79
INTS13,131
INTS14,115
INTS15,55
INTS2,64
INTS3,81
INTS4,101
INTS5,125
INTS6,158
INTS6L,3
INTS7,45
INTS8,57
INTS9,145
INTU,433
INVS,165
IP6K1,229
IP6K2,120
IP6K3,202
IPCEF1,180
IPMK,74
IPO11,180
IPO13,92
IPO4,40
IPO5,218
IPO7,132
IPO8,48
IPO9,50
IPP,196
IPPK,24
IQCA1,28
IQCB1,209
IQCC,203
IQCD,57
IQCE,75
IQCF1,157
IQCF2,82
IQCF3,677
IQCF5,88
IQCF6,61
IQCG,161
IQCH,62
IQCJ,303
IQCK,217
IQCN,704
IQGAP1,165
IQGAP2,122
IQGAP3,226
IQSEC1,281
IQSEC2,397
IQSEC3,210
IQUB,97
IRAG1,176
IRAG2,760
IRAK1,466
IRAK1BP1,23
IRAK2,64
IRAK3,119
IRAK4,209
IREB2,64
IRF1,83
IRF2,94
IRF2BP1,100
IRF2BP2,191
IRF2BPL,165
IRF3,68
IRF4,256
IRF5,120
IRF6,151
IRF7,198
IRF8,159
IRF9,261
IRGC,171
IRGM,145
IRGQ,108
IRS1,189
IRS2,67
IRS4,229
IRX1,316
IRX2,39
IRX2-DT,113
IRX3,170
IRX4,142
IRX5,96
IRX6,386
ISCA1,59
ISCA2,132
ISCU,101
ISG15,105
ISG20,126
ISG20L2,105
ISL1,280
ISL2,134
ISLR,50
ISLR2,325
ISM1,292
ISM2,153
ISOC1,16
ISOC2,306
IST1,189
ISX,246
ISY1,34
ISYNA1,155
ITCH,113
ITFG1,64
ITFG2,36
ITGA1,181
ITGA10,146
ITGA11,199
ITGA2,187
ITGA2B,66
ITGA3,113
ITGA4,111
ITGA5,113
ITGA6,87
ITGA7,171
ITGA8,83
ITGA9,54
ITGAD,216
ITGAE,322
ITGAL,150
ITGAM,59
ITGAV,100
ITGAX,166
ITGB1,20
ITGB1BP1,72
ITGB1BP2,91
ITGB2,508
ITGB3,361
ITGB3BP,93
ITGB4,184
ITGB5,389
ITGB6,47
ITGB7,170
ITGB8,172
ITGBL1,114
ITIH1,118
ITIH2,159
ITIH3,393
ITIH4,307
ITIH5,202
ITIH6,122
ITK,135
ITLN1,551
ITLN2,330
ITM2A,325
ITM2B,185
ITM2C,106
ITPA,35
ITPK1,317
ITPKA,237
ITPKB,352
ITPKC,65
ITPR1,208
ITPR2,219
ITPR3,46
ITPRID1,287
ITPRID2,117
ITPRIP,98
ITPRIPL1,165
ITPRIPL2,157
ITSN1,343
ITSN2,217
IVD,69
IVL,170
IVNS1ABP,228
IWS1,24
IYD,167
IZUMO1,81
IZUMO1R,252
IZUMO2,185
IZUMO3,311
IZUMO4,174
JADE1,90
JADE2,372
JADE3,204
JAG1,51
JAG2,203
JAGN1,100
JAK1,36
JAK2,162
JAK3,136
JAKMIP1,64
JAKMIP2,61
JAKMIP3,257
JAM2,168
JAM3,173
JAML,411
JARID2,204
JAZF1,234
JCAD,249
JCHAIN,37
JDP2,125
JHY,126
JKAMP,358
JMJD1C,38
JMJD4,46
JMJD6,135
JMJD8,223
JMY,152
JOSD1,185
JOSD2,222
JPH1,81
JPH2,254
JPH3,348
JPH4,246
JPT1,47
JPT2,168
JRK,281
JRKL,285
JSRP1,269
JTB,114
JUN,158
JUNB,135
JUND,124
JUP,81
KAAG1,58
KALRN,277
KANK1,57
KANK2,156
KANK3,75
KANK4,222
KANSL1,294
KANSL1L,267
KANSL2,31
KANSL3,173
KARS1,48
KASH5,57
KAT2A,177
KAT2B,210
KAT5,48
KAT6A,39
KAT6B,165
KAT7,124
KAT8,490
KATNA1,84
KATNAL1,45
KATNAL2,199
KATNB1,185
KATNBL1,175
KATNIP,131
KAZALD1,245
KAZN,108
KBTBD11,321
KBTBD12,90
KBTBD13,140
KBTBD2,4
KBTBD4,217
KBTBD6,140
KBTBD7,267
KBTBD8,309
KCMF1,163
KCNA1,75
KCNA10,161
KCNA2,396
KCNA3,224
KCNA4,215
KCNA5,80
KCNA6,207
KCNA7,83
KCNAB1,96
KCNAB2,111
KCNAB3,180
KCNB1,180
KCNB2,97
KCNC1,217
KCNC2,357
KCNC3,61
KCNC4,115
KCND1,244
KCND2,164
KCND3,114
KCNE1,220
KCNE2,294
KCNE3,570
KCNE4,66
KCNE5,443
KCNF1,177
KCNG1,145
KCNG2,47
KCNG3,155
KCNG4,157
KCNH1,97
KCNH2,161
KCNH3,101
KCNH4,178
KCNH5,158
KCNH6,138
KCNH7,61
KCNH8,87
KCNIP1,123
KCNIP2,295
KCNIP3,25
KCNIP4,127
KCNJ1,293
KCNJ10,48
KCNJ11,11
KCNJ13,82
KCNJ14,173
KCNJ15,13
KCNJ16,152
KCNJ2,288
KCNJ3,384
KCNJ4,188
KCNJ5,59
KCNJ5-AS1,223
KCNJ6,64
KCNJ8,166
KCNJ9,131
KCNK1,77
KCNK10,187
KCNK12,154
KCNK13,36
KCNK15,380
KCNK16,131
KCNK17,31
KCNK18,180
KCNK2,120
KCNK3,249
KCNK4,67
KCNK5,270
KCNK6,248
KCNK7,201
KCNK9,118
KCNMA1,122
KCNMB1,2
KCNMB2,440
KCNMB3,158
KCNMB4,276
KCNN1,80
KCNN2,62
KCNN3,25
KCNN4,80
KCNQ1,157
KCNQ2,68
KCNQ3,120
KCNQ4,180
KCNQ5,111
KCNRG,86
KCNS1,213
KCNS2,236
KCNS3,104
KCNT1,845
KCNT2,38
KCNU1,99
KCNV1,53
KCNV2,275
KCP,493
KCTD1,140
KCTD10,196
KCTD11,68
KCTD12,152
KCTD13,43
KCTD14,179
KCTD15,81
KCTD16,256
KCTD17,84
KCTD18,340
KCTD19,133
KCTD2,52
KCTD20,261
KCTD21,222
KCTD3,62
KCTD4,272
KCTD5,482
KCTD6,278
KCTD8,71
KCTD9,98
KDELR1,150
KDELR2,199
KDELR3,40
KDF1,24
KDM1A,25
KDM1B,111
KDM2A,283
KDM2B,236
KDM3A,151
KDM3B,186
KDM4A,28
KDM4B,170
KDM4C,152
KDM4D,175
KDM4E,80
KDM5A,169
KDM5B,62
KDM5C,157
KDM5D,269
KDM6A,288
KDM6B,210
KDM7A,84
KDM8,89
KDR,90
KDSR,140
KEAP1,18
KEL,111
KERA,183
KHDC1,50
KHDC1L,1
KHDC3L,379
KHDC4,223
KHDRBS1,155
KHDRBS2,7
KHDRBS3,263
KHK,108
KHNYN,171
KHSRP,125
KIAA0040,126
KIAA0232,318
KIAA0319,208
KIAA0319L,90
KIAA0408,57
KIAA0513,121
KIAA0586,306
KIAA0753,141
KIAA0825,95
KIAA0930,521
KIAA1143,364
KIAA1191,197
KIAA1210,145
KIAA1217,383
KIAA1328,106
KIAA1549,196
KIAA1549L,407
KIAA1586,11
KIAA1614,116
KIAA1671,237
KIAA1755,258
KIAA1958,160
KIAA2013,243
KIAA2026,219
KICS2,92
KIDINS220,107
KIF11,19
KIF12,60
KIF13A,230
KIF13B,55
KIF14,327
KIF15,196
KIF16B,22
KIF17,269
KIF18A,240
KIF18B,165
KIF19,194
KIF1A,49
KIF1B,223
KIF1C,54
KIF20A,187
KIF20B,132
KIF21A,148
KIF21B,56
KIF22,409
KIF23,9
KIF24,150
KIF25,177
KIF26A,243
KIF26B,228
KIF27,53
KIF2A,124
KIF2B,223
KIF2C,98
KIF3A,190
KIF3B,148
KIF3C,21
KIF4A,29
KIF4B,209
KIF5A,316
KIF5B,255
KIF5C,9
KIF6,86
KIF7,128
KIF9,113
KIFAP3,135
KIFBP,178
KIFC1,334
KIFC2,85
KIFC3,82
KIN,145
KIR2DL1,69
KIR2DL3,262
KIR2DL4,429
KIR2DS4,215
KIR3DL1,88
KIR3DL2,410
KIRREL1,74
KIRREL2,244
KIRREL3,48
KISS1,59
KISS1R,80
KIT,62
KITLG,273
KIZ,73
KL,335
KLB,184
KLC1,21
KLC2,75
KLC3,114
KLC4,119
KLF1,48
KLF10,427
KLF11,195
KLF12,112
KLF13,124
KLF14,234
KLF15,51
KLF16,123
KLF17,105
KLF2,185
KLF3,39
KLF4,236
KLF5,54
KLF6,109
KLF7,304
KLF8,79
KLF9,90
KLHDC1,10
KLHDC10,218
KLHDC2,321
KLHDC3,281
KLHDC4,133
KLHDC7A,143
KLHDC7B,79
KLHDC8A,27
KLHDC8B,132
KLHDC9,226
KLHL1,137
KLHL10,160
KLHL11,164
KLHL12,173
KLHL13,27
KLHL14,221
KLHL15,98
KLHL17,267
KLHL18,259
KLHL2,173
KLHL20,124
KLHL21,168
KLHL22,43
KLHL23,97
KLHL24,160
KLHL25,116
KLHL26,168
KLHL28,75
KLHL29,59
KLHL3,287
KLHL30,116
KLHL31,357
KLHL32,108
KLHL33,154
KLHL34,141
KLHL35,110
KLHL36,319
KLHL38,227
KLHL4,182
KLHL40,170
KLHL41,181
KLHL42,271
KLHL5,142
KLHL6,414
KLHL7,121
KLHL8,81
KLHL9,291
KLK1,312
KLK10,74
KLK11,447
KLK12,206
KLK13,144
KLK14,323
KLK15,206
KLK2,105
KLK3,93
KLK4,19
KLK5,51
KLK6,61
KLK7,369
KLK8,246
KLK9,307
KLKB1,348
KLLN,193
KLRB1,133
KLRC1,823
KLRC2,213
KLRC3,89
KLRC4,407
KLRD1,662
KLRF1,229
KLRF2,198
KLRG1,198
KLRG2,64
KLRK1,262
KMO,189
KMT2A,37
KMT2B,199
KMT2C,161
KMT2D,26
KMT2E,47
KMT5A,154
KMT5B,14
KMT5C,57
KNCN,316
KNDC1,198
KNG1,91
KNL1,46
KNOP1,7
KNSTRN,278
KNTC1,180
KPNA1,281
KPNA2,312
KPNA3,265
KPNA4,101
KPNA5,81
KPNA6,28
KPNA7,131
KPNB1,68
KPRP,105
KPTN,93
KRAS,52
KRBA1,230
KRBA2,197
KRBOX1,234
KRBOX4,99
KRBOX5,40
KRCC1,44
KREMEN1,86
KREMEN2,220
KRI1,375
KRIT1,58
KRR1,178
KRT1,156
KRT10,137
KRT10-AS1,54
KRT12,150
KRT13,20
KRT14,66
KRT15,120
KRT16,249
KRT17,266
KRT18,105
KRT19,338
KRT2,258
KRT20,360
KRT222,88
KRT23,138
KRT24,104
KRT25,314
KRT26,107
KRT27,105
KRT28,189
KRT3,155
KRT31,349
KRT32,22
KRT33A,302
KRT33B,96
KRT34,624
KRT35,135
KRT36,500
KRT37,180
KRT38,117
KRT39,127
KRT4,193
KRT40,311
KRT5,182
KRT6A,545
KRT6B,251
KRT6C,345
KRT7,54
KRT71,217
KRT72,310
KRT74,92
KRT75,112
KRT76,112
KRT77,91
KRT78,74
KRT79,523
KRT8,354
KRT80,80
KRT81,163
KRT82,178
KRT83,175
KRT84,95
KRT85,303
KRT86,142
KRT9,293
KRTAP1-1,326
KRTAP1-3,140
KRTAP1-4,68
KRTAP1-5,292
KRTAP10-10,173
KRTAP10-12,225
KRTAP10-3,191
KRTAP10-4,152
KRTAP10-5,49
KRTAP10-7,212
KRTAP10-8,216
KRTAP11-1,258
KRTAP12-1,115
KRTAP12-2,89
KRTAP12-3,93
KRTAP12-4,81
KRTAP13-1,138
KRTAP13-2,441
KRTAP13-3,165
KRTAP13-4,158
KRTAP15-1,199
KRTAP16-1,196
KRTAP17-1,129
KRTAP19-1,109
KRTAP19-2,133
KRTAP19-3,149
KRTAP19-4,221
KRTAP19-5,45
KRTAP19-6,14
KRTAP19-7,61
KRTAP19-8,268
KRTAP2-3,134
KRTAP2-4,177
KRTAP20-1,81
KRTAP20-2,176
KRTAP20-3,170
KRTAP21-1,378
KRTAP21-2,256
KRTAP21-3,238
KRTAP22-1,86
KRTAP22-2,515
KRTAP23-1,151
KRTAP24-1,181
KRTAP25-1,218
KRTAP26-1,311
KRTAP27-1,251
KRTAP29-1,257
KRTAP3-1,397
KRTAP3-2,334
KRTAP3-3,150
KRTAP4-1,75
KRTAP4-11,116
KRTAP4-2,154
KRTAP4-3,145
KRTAP4-4,244
KRTAP4-5,158
KRTAP4-6,81
KRTAP4-7,15
KRTAP4-9,83
KRTAP5-1,386
KRTAP5-11,146
KRTAP5-3,246
KRTAP5-5,112
KRTAP5-6,133
KRTAP5-9,130
KRTAP6-1,60
KRTAP6-2,260
KRTAP6-3,352
KRTAP7-1,137
KRTAP8-1,276
KRTAP9-1,767
KRTAP9-6,98
KRTCAP2,129
KRTCAP3,303
KRTDAP,148
KSR1,257
KSR2,149
KTI12,125
KTN1,298
KXD1,39
KY,151
KYAT1,199
KYAT3,61
KYNU,295
L1CAM,372
L1TD1,587
L2HGDH,478
L3HYPDH,100
L3MBTL1,247
L3MBTL2,86
L3MBTL3,69
L3MBTL4,193
LACC1,168
LACRT,260
LACTB,203
LACTB2,97
LACTBL1,164
LAD1,172
LAG3,492
LAGE3,223
LAIR1,131
LAIR2,543
LALBA,32
LAMA1,60
LAMA2,17
LAMA3,73
LAMA4,49
LAMA5,510
LAMB1,112
LAMB2,41
LAMB3,159
LAMB4,104
LAMC1,20
LAMC2,157
LAMC3,71
LAMP1,111
LAMP2,253
LAMP3,123
LAMP5,177
LAMTOR1,31
LAMTOR2,148
LAMTOR3,244
LAMTOR4,218
LAMTOR5,252
LANCL1,82
LANCL2,327
LANCL3,172
LAP3,242
LAPTM4A,404
LAPTM4B,143
LAPTM5,60
LARGE1,344
LARGE2,70
LARP1,249
LARP1B,195
LARP4,226
LARP4B,302
LARP6,13
LARP7,150
LARS1,39
LARS2,47
LAS1L,56
LASP1,81
LAT,93
LAT2,156
LATS1,222
LATS2,123
LAX1,88
LAYN,31
LBH,1
LBP,149
LBR,54
LBX1,171
LBX2,390
LCA5,359
LCA5L,119
LCAT,249
LCE1A,99
LCE1B,185
LCE1C,21
LCE1D,551
LCE1E,232
LCE1F,345
LCE2A,139
LCE2B,139
LCE2D,167
LCE3A,62
LCE3B,135
LCE3C,239
LCE3D,288
LCE3E,226
LCE4A,482
LCE5A,187
LCE6A,244
LCK,93
LCLAT1,68
LCMT1,134
LCMT2,272
LCN1,23
LCN10,28
LCN12,219
LCN15,154
LCN2,281
LCN6,219
LCN8,147
LCN9,397
LCNL1,199
LCOR,273
LCORL,316
LCP1,104
LCP2,166
LCT,53
LCTL,235
LDAF1,243
LDAH,182
LDB1,260
LDB2,75
LDB3,153
LDHA,205
LDHAL6A,62
LDHAL6B,455
LDHB,109
LDHC,124
LDLR,131
LDLRAD1,103
LDLRAD2,101
LDLRAD3,61
LDLRAD4,53
LDLRAP1,342
LDOC1,246
LEAP2,268
LECT2,188
LEF1,430
LEFTY1,77
LEFTY2,131
LEKR1,285
LELP1,246
LEMD1,278
LEMD2,355
LEMD3,66
LENEP,220
LENG1,55
LENG8,57
LENG9,260
LEO1,73
LEP,132
LEPR,77
LEPROT,134
LEPROTL1,61
LETM1,69
LETM2,124
LETMD1,300
LEUTX,21
LFNG,102
LGALS1,718
LGALS12,152
LGALS13,364
LGALS14,339
LGALS16,198
LGALS2,176
LGALS3,282
LGALS3BP,199
LGALS4,45
LGALS7,101
LGALS7B,143
LGALS8,362
LGALS9,78
LGALS9B,198
LGALS9C,248
LGALSL,354
LGI1,221
LGI2,216
LGI3,193
LGI4,220
LGMN,138
LGR4,87
LGR5,170
LGR6,126
LGSN,183
LHB,383
LHCGR,289
LHFPL1,84
LHFPL2,85
LHFPL3,20
LHFPL4,131
LHFPL5,230
LHFPL6,97
LHFPL7,195
LHPP,126
LHX1,299
LHX2,126
LHX3,316
LHX4,185
LHX5,102
LHX6,178
LHX8,321
LHX9,63
LIAS,239
LIF,9
LIFR,180
LIG1,82
LIG3,125
LIG4,373
LILRA1,120
LILRA2,158
LILRA4,315
LILRA5,133
LILRA6,97
LILRB1,183
LILRB2,306
LILRB3,166
LILRB4,672
LILRB5,64
LIM2,356
LIMA1,245
LIMCH1,336
LIMD1,391
LIMD2,57
LIME1,262
LIMK1,141
LIMK2,128
LIMS1,27
LIMS2,175
LIN28A,13
LIN28B,143
LIN37,192
LIN52,212
LIN54,305
LIN7A,78
LIN7B,322
LIN7C,74
LIN9,72
LINC01465,568
LINC01565,171
LINC01587,318
LINC01588,44
LINC01600,213
LINC01619,113
LINC01621,144
LINC02693,266
LINC02694,174
LINC02860,120
LINC02868,173
LINC02870,256
LINC02872,110
LINC02873,314
LINC02874,228
LINC02875,94
LINC02876,223
LINC02877,85
LINC02897,258
LINC02898,56
LINC02899,96
LINC02901,38
LINC02902,188
LINC02903,157
LINC02906,110
LINC02907,310
LINC02908,98
LINC02909,35
LINC02910,373
LINC02911,528
LINC02913,34
LINC02914,88
LINC02915,315
LINC03040,49
LINC03041,573
LINC03042,132
LINGO1,20
LINGO2,455
LINGO3,70
LINGO4,91
LINS1,205
LIPA,150
LIPC,293
LIPE,83
LIPF,143
LIPG,84
LIPH,76
LIPI,49
LIPJ,98
LIPK,372
LIPM,303
LIPN,308
LIPT1,89
LIPT2,137
LITAF,125
LIX1,237
LIX1L,289
LKAAEAR1,87
LLCFC1,239
LLGL1,224
LLGL2,260
LLPH,325
LMAN1,185
LMAN1L,256
LMAN2,324
LMAN2L,141
LMBR1,470
LMBR1L,32
LMBRD1,50
LMBRD2,77
LMCD1,292
LMF1,130
LMF2,400
LMLN,214
LMNA,241
LMNB1,122
LMNB2,75
LMNTD1,86
LMNTD2,226
LMO1,301
LMO2,98
LMO3,195
LMO4,354
LMO7,332
LMO7DN,24
LMOD1,115
LMOD2,79
LMOD3,73
LMTK2,231
LMTK3,285
LMX1A,124
LMX1B,35
LNP1,144
LNPEP,235
LNPK,291
LNX1,257
LNX2,154
LONP1,164
LONP2,358
LONRF1,43
LONRF2,55
LONRF3,274
LORICRIN,12
LOX,55
LOXHD1,323
LOXL1,144
LOXL2,217
LOXL3,210
LOXL4,4
LPA,38
LPAR1,87
LPAR2,119
LPAR3,58
LPAR4,75
LPAR5,299
LPAR6,175
LPCAT1,567
LPCAT2,36
LPCAT3,141
LPCAT4,228
LPGAT1,26
LPIN1,56
LPIN2,274
LPIN3,249
LPL,80
LPO,252
LPP,259
LPXN,279
LRAT,159
LRATD1,121
LRATD2,54
LRBA,115
LRCH1,9
LRCH2,101
LRCH3,259
LRCH4,539
LRCOL1,692
LRFN1,205
LRFN2,129
LRFN3,133
LRFN4,167
LRFN5,155
LRG1,286
LRGUK,240
LRIF1,18
LRIG1,149
LRIG2,182
LRIG3,79
LRIT1,262
LRIT2,88
LRIT3,68
LRMDA,320
LRP1,424
LRP10,239
LRP11,63
LRP12,205
LRP1B,78
LRP2,127
LRP2BP,389
LRP3,131
LRP4,214
LRP5,296
LRP6,165
LRP8,182
LRPAP1,106
LRPPRC,38
LRR1,59
LRRC1,228
LRRC10,149
LRRC10B,43
LRRC14,362
LRRC14B,61
LRRC15,206
LRRC17,304
LRRC18,10
LRRC19,238
LRRC2,507
LRRC20,109
LRRC23,311
LRRC24,119
LRRC25,491
LRRC26,49
LRRC27,112
LRRC28,51
LRRC3,18
LRRC30,155
LRRC31,363
LRRC32,217
LRRC34,173
LRRC36,316
LRRC37A2,310
LRRC37A3,79
LRRC37B,56
LRRC38,57
LRRC39,187
LRRC3B,261
LRRC3C,104
LRRC4,267
LRRC40,33
LRRC41,99
LRRC42,268
LRRC43,84
LRRC45,221
LRRC46,68
LRRC47,363
LRRC49,106
LRRC4B,252
LRRC4C,385
LRRC52,113
LRRC53,242
LRRC55,126
LRRC56,247
LRRC57,13
LRRC58,122
LRRC59,541
LRRC61,84
LRRC63,37
LRRC66,380
LRRC69,259
LRRC7,176
LRRC70,301
LRRC71,158
LRRC72,157
LRRC73,229
LRRC74A,112
LRRC75A,43
LRRC75B,351
LRRC8A,125
LRRC8B,69
LRRC8C,249
LRRC8D,163
LRRC8E,157
LRRCC1,370
LRRD1,67
LRRFIP1,89
LRRFIP2,138
LRRIQ1,469
LRRIQ3,149
LRRIQ4,53
LRRK1,194
LRRK2,545
LRRN1,169
LRRN2,43
LRRN3,428
LRRN4,500
LRRN4CL,28
LRRTM1,110
LRRTM2,112
LRRTM3,352
LRRTM4,103
LRSAM1,179
LRTM1,368
LRTM2,142
LRWD1,226
LSAMP,179
LSG1,512
LSM1,111
LSM10,87
LSM11,38
LSM12,321
LSM14A,64
LSM14B,298
LSM2,15
LSM3,49
LSM4,22
LSM5,214
LSM6,35
LSM7,92
LSMEM1,92
LSMEM2,230
LSP1,92
LSR,212
LSS,371
LST1,328
LTA,80
LTA4H,180
LTB,263
LTB4R,245
LTB4R2,174
LTBP1,294
LTBP2,109
LTBP3,242
LTBP4,364
LTBR,342
LTC4S,297
LTF,88
LTK,213
LTN1,180
LTO1,171
LTV1,81
LUC7L,65
LUC7L2,832
LUC7L3,32
LUM,173
LURAP1,151
LURAP1L,358
LUZP1,113
LUZP2,52
LUZP4,82
LVRN,339
LXN,68
LY6D,233
LY6E,151
LY6G5B,154
LY6G5C,133
LY6G6C,258
LY6G6D,92
LY6G6F,264
LY6H,189
LY6K,51
LY75,121
LY86,119
LY9,228
LY96,403
LYAR,161
LYG1,123
LYG2,449
LYL1,114
LYN,295
LYNX1,70
LYPD1,255
LYPD2,16
LYPD3,99
LYPD4,51
LYPD5,141
LYPD6,250
LYPD6B,195
LYPD8,143
LYPLA1,225
LYPLA2,256
LYPLAL1,59
LYRM1,89
LYRM2,79
LYRM4,186
LYRM7,270
LYRM9,99
LYSET,219
LYSMD1,87
LYSMD2,82
LYSMD3,206
LYSMD4,104
LYST,85
LYVE1,242
LYZ,99
LYZL1,105
LYZL2,586
LYZL4,267
LYZL6,146
LZIC,250
LZTFL1,103
LZTR1,80
LZTS1,98
LZTS2,529
LZTS3,46
M1AP,164
M6PR,119
MAB21L1,102
MAB21L2,147
MAB21L3,258
MAB21L4,150
MACC1,111
MACF1,226
MACIR,204
MACO1,99
MACROD1,438
MACROD2,76
MACROH2A1,387
MACROH2A2,197
MAD1L1,236
MAD2L1,20
MAD2L1BP,106
MAD2L2,112
MADCAM1,165
MADD,167
MAEA,312
MAEL,139
MAF,109
MAF1,275
MAFA,105
MAFB,264
MAFF,42
MAFG,182
MAFK,170
MAG,218
MAGEA1,88
MAGEA10,155
MAGEA11,191
MAGEA12,199
MAGEA2,15
MAGEA4,80
MAGEA6,80
MAGEA8,156
MAGEB1,566
MAGEB10,265
MAGEB16,330
MAGEB17,309
MAGEB18,6
MAGEB2,363
MAGEB3,382
MAGEB4,306
MAGEB5,132
MAGEB6,247
MAGEC1,113
MAGEC2,255
MAGEC3,909
MAGED1,275
MAGED2,227
MAGEE1,106
MAGEE2,99
MAGEF1,140
MAGEH1,37
MAGEL2,87
MAGI1,79
MAGI2,157
MAGI3,137
MAGIX,102
MAGOH,103
MAGOHB,109
MAGT1,190
MAIP1,169
MAJIN,88
MAK,148
MAK16,32
MAL,124
MAL2,102
MALL,240
MALRD1,96
MALSU1,149
MALT1,133
MAMDC2,117
MAMDC4,164
MAML1,96
MAML2,166
MAML3,294
MAMLD1,142
MAMSTR,440
MAN1A1,273
MAN1A2,182
MAN1B1,141
MAN1C1,25
MAN2A1,6
MAN2A2,67
MAN2B1,550
MAN2B2,118
MAN2C1,64
MANBA,472
MANBAL,304
MANEA,285
MANEAL,46
MANF,192
MANSC1,235
MANSC4,55
MAOA,256
MAOB,183
MAP10,126
MAP1A,137
MAP1B,86
MAP1LC3A,106
MAP1LC3B,128
MAP1LC3B2,59
MAP1LC3C,103
MAP1S,125
MAP2,296
MAP2K1,134
MAP2K2,147
MAP2K3,31
MAP2K4,151
MAP2K5,240
MAP2K6,301
MAP2K7,315
MAP3K1,45
MAP3K10,179
MAP3K11,316
MAP3K12,104
MAP3K13,281
MAP3K14,229
MAP3K15,172
MAP3K19,3
MAP3K2,176
MAP3K20,174
MAP3K21,353
MAP3K3,66
MAP3K4,108
MAP3K5,359
MAP3K6,237
MAP3K7,89
MAP3K7CL,270
MAP3K8,187
MAP3K9,511
MAP4,277
MAP4K1,96
MAP4K2,183
MAP4K3,66
MAP4K4,139
MAP4K5,152
MAP6,143
MAP6D1,161
MAP7,390
MAP7D1,42
MAP7D2,62
MAP7D3,89
MAP9,125
MAPK1,47
MAPK10,524
MAPK11,21
MAPK12,18
MAPK13,182
MAPK14,255
MAPK15,61
MAPK1IP1L,205
MAPK3,249
MAPK4,183
MAPK6,16
MAPK7,140
MAPK8,133
MAPK8IP1,462
MAPK8IP2,43
MAPK8IP3,135
MAPK9,65
MAPKAP1,172
MAPKAPK2,19
MAPKAPK3,67
MAPKAPK5,107
MAPKBP1,456
MAPRE1,9
MAPRE2,332
MAPRE3,222
MAPT,215
MARCHF1,413
MARCHF10,83
MARCHF11,238
MARCHF2,557
MARCHF3,33
MARCHF4,58
MARCHF5,158
MARCHF6,216
MARCHF7,139
MARCHF8,64
MARCHF9,145
MARCKS,111
MARCKSL1,102
MARCO,109
MARF1,42
MARK1,92
MARK2,461
MARK3,222
MARK4,58
MARS1,248
MARS2,244
MARVELD1,90
MARVELD2,109
MARVELD3,120
MAS1,271
MAS1L,286
MASP1,358
MASP2,283
MAST1,443
MAST2,60
MAST3,151
MAST4,110
MASTL,39
MAT1A,173
MAT2A,78
MAT2B,425
MATCAP1,76
MATCAP2,252
MATK,85
MATN1,315
MATN2,194
MATN3,94
MATN4,103
MATR3,291
MAU2,159
MAVS,511
MAX,84
MAZ,322
MB,470
MB21D2,158
MBD1,182
MBD2,47
MBD3,65
MBD3L1,282
MBD3L2,120
MBD3L4,164
MBD4,279
MBD5,36
MBD6,374
MBIP,103
MBL2,267
MBLAC1,69
MBLAC2,79
MBNL1,413
MBNL2,193
MBNL3,159
MBOAT1,68
MBOAT2,79
MBOAT4,313
MBOAT7,470
MBP,283
MBTD1,236
MBTPS1,8
MBTPS2,144
MC1R,132
MC2R,129
MC3R,121
MC4R,138
MC5R,365
MCAM,208
MCAT,270
MCC,318
MCCC1,380
MCCC2,566
MCCD1,69
MCEE,231
MCEMP1,257
MCF2,230
MCF2L,269
MCF2L2,136
MCFD2,83
MCHR1,262
MCHR2,207
MCIDAS,215
MCL1,107
MCM10,50
MCM2,33
MCM3,93
MCM3AP,102
MCM4,146
MCM5,84
MCM6,17
MCM7,325
MCM8,357
MCM9,107
MCMBP,199
MCMDC2,66
MCOLN1,247
MCOLN2,78
MCOLN3,242
MCPH1,121
MCRIP1,142
MCRIP2,364
MCRS1,168
MCTP1,195
MCTP2,311
MCTS1,92
MCU,238
MCUB,45
MCUR1,62
MDC1,97
MDFI,54
MDFIC,481
MDGA1,160
MDGA2,51
MDH1,53
MDH1B,203
MDH2,89
MDK,139
MDM1,54
MDM2,62
MDM4,99
MDN1,60
ME1,290
ME2,70
ME3,300
MEA1,37
MEAF6,259
MEAK7,47
MECOM,291
MECP2,75
MECR,94
MED1,159
MED10,96
MED11,13
MED12,58
MED12L,220
MED13,179
MED13L,167
MED14,44
MED15,329
MED16,103
MED17,82
MED18,110
MED19,171
MED20,69
MED21,156
MED22,29
MED23,188
MED24,151
MED25,156
MED26,42
MED27,154
MED28,9
MED29,40
MED30,44
MED31,125
MED4,70
MED6,101
MED7,12
MED8,117
MED9,66
MEDAG,229
MEF2A,135
MEF2B,320
MEF2C,177
MEF2D,209
MEFV,38
MEGF10,92
MEGF11,217
MEGF6,185
MEGF8,113
MEGF9,72
MEI1,64
MEIG1,199
MEIOB,51
MEIOC,217
MEIS1,130
MEIS2,67
MEIS3,347
MELK,95
MELTF,547
MEMO1,55
MEN1,194
MEOX1,210
MEOX2,98
MEP1A,88
MEP1B,265
MEPCE,45
MEPE,222
MERTK,67
MESD,172
MESP1,69
MESP2,285
MEST,361
MET,117
METAP1,102
METAP1D,214
METAP2,175
METRN,63
METRNL,103
METTL1,180
METTL13,106
METTL14,155
METTL15,462
METTL16,365
METTL17,78
METTL18,503
METTL21A,217
METTL21C,160
METTL22,113
METTL23,229
METTL24,242
METTL25,53
METTL25B,168
METTL26,274
METTL27,151
METTL2A,91
METTL2B,261
METTL3,54
METTL4,36
METTL5,285
METTL6,205
METTL8,96
METTL9,391
MEX3A,187
MEX3B,252
MEX3C,187
MEX3D,69
MFAP1,7
MFAP2,152
MFAP3,107
MFAP3L,298
MFAP4,207
MFAP5,260
MFF,120
MFGE8,359
MFHAS1,139
MFN1,370
MFN2,425
MFNG,141
MFRP,79
MFSD1,199
MFSD10,64
MFSD11,111
MFSD12,359
MFSD13A,81
MFSD14A,250
MFSD14B,170
MFSD2A,233
MFSD2B,213
MFSD3,206
MFSD4A,174
MFSD4B,136
MFSD5,151
MFSD6,415
MFSD6L,170
MFSD8,83
MFSD9,23
MGA,125
MGAM,181
MGARP,238
MGAT1,121
MGAT2,383
MGAT3,192
MGAT4A,380
MGAT4B,36
MGAT4C,107
MGAT5,224
MGAT5B,130
MGLL,151
MGME1,222
MGMT,40
MGP,126
MGRN1,10
MGST1,19
MGST2,125
MGST3,1
MIA,221
MIA2,136
MIA3,240
MIB1,119
MIB2,325
MICA,351
MICAL1,79
MICAL2,322
MICAL3,296
MICALL1,56
MICALL2,56
MICB,261
MICOS10,66
MICOS13,169
MICU1,134
MICU2,195
MICU3,168
MID1,53
MID1IP1,160
MID2,177
MIDEAS,341
MIDN,245
MIEF1,8
MIEF2,199
MIEN1,186
MIER1,526
MIER2,29
MIER3,56
MIF,320
MIF4GD,68
MIGA1,217
MIGA2,260
MIIP,51
MILR1,141
MINAR1,54
MINAR2,258
MINDY1,75
MINDY2,103
MINDY3,157
MINDY4,299
MINDY4B,688
MINK1,365
MINPP1,181
MIOS,60
MIOX,193
MIP,243
MIPOL1,59
MIR1-1HG,374
MIR1915HG,357
MIR205HG,572
MIR9-1HG,451
MIS12,37
MIS18A,141
MIS18BP1,65
MISP,273
MITD1,350
MITF,189
MIX23,167
MIXL1,189
MKI67,20
MKKS,229
MKLN1,110
MKNK1,635
MKNK2,166
MKRN1,84
MKRN2,88
MKRN2OS,496
MKRN3,97
MKS1,294
MKX,402
MLANA,239
MLC1,84
MLEC,493
MLF1,240
MLF2,131
MLH1,150
MLH3,37
MLIP,232
MLKL,281
MLLT1,190
MLLT10,99
MLLT11,282
MLLT3,117
MLLT6,177
MLN,143
MLNR,95
MLPH,245
MLST8,75
MLX,69
MLXIP,206
MLXIPL,109
MLYCD,84
MMAA,224
MMAB,55
MMACHC,280
MMADHC,45
MMD,244
MMD2,159
MME,86
MMEL1,103
MMGT1,101
MMP1,220
MMP10,256
MMP11,116
MMP12,229
MMP13,183
MMP14,333
MMP15,115
MMP16,213
MMP17,140
MMP19,79
MMP2,22
MMP20,119
MMP21,68
MMP23B,103
MMP24,88
MMP25,83
MMP26,321
MMP27,94
MMP28,8
MMP3,67
MMP7,402
MMP8,63
MMP9,142
MMRN1,137
MMRN2,371
MMS19,106
MMS22L,5
MMUT,246
MN1,174
MNAT1,160
MND1,124
MNDA,405
MNS1,96
MNT,93
MNX1,84
MOAP1,74
MOB1A,127
MOB1B,180
MOB2,32
MOB3A,277
MOB3B,100
MOB3C,55
MOB4,119
MOBP,106
MOCOS,212
MOCS1,45
MOCS2,96
MOCS3,138
MOG,156
MOGAT1,121
MOGAT2,85
MOGAT3,44
MOGS,210
MOK,34
MON1A,125
MON1B,91
MON2,54
MORC1,85
MORC2,297
MORC3,190
MORC4,93
MORF4L1,105
MORF4L2,114
MORN1,36
MORN2,335
MORN3,423
MORN4,192
MORN5,141
MOS,117
MOSMO,29
MOSPD1,105
MOSPD2,306
MOSPD3,301
MOV10,223
MOV10L1,142
MOXD1,135
MPC1,251
MPC2,97
MPDU1,253
MPDZ,129
MPEG1,110
MPG,100
MPHOSPH10,133
MPHOSPH6,48
MPHOSPH8,323
MPHOSPH9,341
MPI,44
MPIG6B,261
MPL,222
MPLKIP,196
MPND,102
MPO,249
MPP1,94
MPP2,346
MPP3,40
MPP4,198
MPP7,172
MPPE1,269
MPPED1,74
MPPED2,157
MPRIP,230
MPST,76
MPV17,77
MPV17L,352
MPV17L2,49
MPZ,479
MPZL1,32
MPZL2,305
MPZL3,233
MRAP,7
MRAP2,206
MRAS,92
MRC1,188
MRC2,177
MRE11,119
MREG,108
MRFAP1,118
MRFAP1L1,222
MRGBP,60
MRGPRD,185
MRGPRE,393
MRGPRF,289
MRGPRG,300
MRGPRX1,349
MRGPRX2,116
MRGPRX3,139
MRGPRX4,191
MRI1,36
MRM1,170
MRM2,221
MRM3,70
MRNIP,185
MRO,135
MROH1,229
MROH2A,302
MROH2B,298
MROH5,233
MROH6,552
MROH7,215
MROH8,267
MROH9,76
MRPL1,156
MRPL10,57
MRPL11,434
MRPL13,168
MRPL14,174
MRPL15,130
MRPL16,140
MRPL17,133
MRPL18,96
MRPL19,195
MRPL2,136
MRPL20,176
MRPL21,7
MRPL22,175
MRPL23,181
MRPL24,175
MRPL27,170
MRPL28,44
MRPL3,76
MRPL30,173
MRPL32,246
MRPL33,3
MRPL34,347
MRPL35,190
MRPL36,276
MRPL37,149
MRPL38,60
MRPL39,358
MRPL4,189
MRPL40,83
MRPL41,51
MRPL42,174
MRPL43,69
MRPL44,281
MRPL45,96
MRPL46,93
MRPL47,247
MRPL48,308
MRPL49,111
MRPL50,256
MRPL51,75
MRPL52,137
MRPL53,114
MRPL54,188
MRPL55,229
MRPL57,256
MRPL58,254
MRPL9,283
MRPS10,485
MRPS11,129
MRPS12,275
MRPS14,53
MRPS15,337
MRPS16,67
MRPS17,101
MRPS18A,367
MRPS18B,147
MRPS18C,45
MRPS2,20
MRPS21,76
MRPS22,244
MRPS23,267
MRPS24,139
MRPS25,171
MRPS26,346
MRPS27,105
MRPS28,177
MRPS30,361
MRPS31,20
MRPS33,158
MRPS34,131
MRPS35,209
MRPS36,40
MRPS5,199
MRPS7,46
MRPS9,154
MRRF,198
MRS2,156
MRTFA,41
MRTFB,367
MRTO4,98
MS4A1,362
MS4A10,146
MS4A12,112
MS4A13,94
MS4A15,81
MS4A18,367
MS4A2,158
MS4A3,17
MS4A4A,190
MS4A4E,22
MS4A5,205
MS4A6A,80
MS4A6E,342
MS4A8,145
MSANTD1,103
MSANTD2,126
MSANTD3,149
MSANTD4,228
MSC,472
MSGN1,37
MSH2,210
MSH3,48
MSH4,234
MSH5,59
MSH6,128
MSI1,73
MSI2,163
MSL1,73
MSL2,34
MSL3,214
MSLN,31
MSMB,553
MSMO1,113
MSMP,333
MSN,179
MSR1,167
MSRA,267
MSRB1,231
MSRB2,135
MSRB3,110
MSS51,12
MST1,149
MST1R,135
MSTN,117
MSTO1,233
MSX1,166
MSX2,300
MT1A,101
MT1B,300
MT1E,74
MT1F,466
MT1G,180
MT1H,148
MT1HL1,129
MT1M,210
MT1X,170
MT2A,220
MT3,442
MT4,152
MTA1,155
MTA2,175
MTA3,31
MTAP,311
MTARC1,522
MTARC2,206
MTBP,116
MTCH1,72
MTCH2,488
MTCL1,405
MTDH,148
MTERF1,88
MTERF2,156
MTERF3,167
MTERF4,100
MTF1,211
MTF2,198
MTFMT,49
MTFP1,273
MTFR1,74
MTFR1L,251
MTFR2,9
MTG1,174
MTG2,95
MTHFD1,235
MTHFD1L,99
MTHFD2,541
MTHFD2L,173
MTHFR,654
MTHFS,396
MTHFSD,262
MTIF2,81
MTIF3,142
MTM1,51
MTMR1,158
MTMR10,258
MTMR11,138
MTMR12,124
MTMR14,241
MTMR2,91
MTMR3,386
MTMR4,399
MTMR6,85
MTMR7,129
MTMR8,120
MTMR9,96
MTNR1A,35
MTNR1B,313
MTO1,206
MTOR,63
MTPAP,85
MTPN,36
MTR,361
MTRES1,171
MTREX,118
MTRF1,262
MTRF1L,417
MTRFR,263
MTRR,160
MTSS1,89
MTSS2,255
MTTP,225
MTURN,172
MTUS1,202
MTUS2,182
MTX1,145
MTX2,92
MTX3,279
MUC1,131
MUC12,77
MUC13,418
MUC15,481
MUC16,147
MUC17,450
MUC19,186
MUC2,102
MUC20,54
MUC21,245
MUC22,273
MUC3A,239
MUC4,224
MUC5AC,197
MUC5B,189
MUC6,395
MUC7,535
MUCL1,464
MUCL3,176
MUL1,211
MUS81,345
MUSK,227
MUSTN1,114
MUTYH,249
MVB12A,193
MVB12B,206
MVD,81
MVK,113
MVP,114
MX1,127
MX2,386
MXD1,282
MXD3,54
MXD4,110
MXI1,325
MXRA5,100
MXRA7,79
MXRA8,3
MYADM,611
MYADML2,362
MYB,142
MYBBP1A,72
MYBL1,262
MYBL2,120
MYBPC1,139
MYBPC2,5
MYBPC3,116
MYBPH,233
MYBPHL,257
MYC,7
MYCBP,225
MYCBP2,179
MYCBPAP,62
MYCL,282
MYCN,605
MYCT1,127
MYD88,337
MYDGF,256
MYEF2,70
MYEOV,98
MYF5,147
MYF6,88
MYG1,155
MYH1,352
MYH10,119
MYH11,12
MYH13,269
MYH14,81
MYH15,353
MYH2,20
MYH3,277
MYH4,194
MYH6,589
MYH7,304
MYH7B,42
MYH8,264
MYH9,255
MYL1,187
MYL10,161
MYL11,359
MYL12A,319
MYL12B,148
MYL2,259
MYL3,147
MYL4,213
MYL5,26
MYL6,128
MYL6B,26
MYL7,273
MYL9,164
MYLIP,178
MYLK,246
MYLK2,304
MYLK3,331
MYLK4,355
MYMK,249
MYNN,71
MYO10,91
MYO15A,297
MYO16,434
MYO18A,367
MYO18B,178
MYO19,220
MYO1A,406
MYO1B,33
MYO1C,434
MYO1D,154
MYO1E,110
MYO1F,102
MYO1G,179
MYO1H,183
MYO3A,196
MYO3B,113
MYO5A,118
MYO5B,232
MYO5C,252
MYO6,205
MYO7A,282
MYO7B,291
MYO9A,72
MYO9B,39
MYOC,98
MYOCD,223
MYOD1,411
MYOF,206
MYOG,65
MYOM1,155
MYOM2,59
MYOM3,309
MYORG,255
MYOT,466
MYOZ1,120
MYOZ2,223
MYOZ3,88
MYPN,169
MYPOP,153
MYRF,648
MYRFL,27
MYRIP,42
MYSM1,87
MYT1,195
MYT1L,145
MZB1,368
MZF1,119
MZT1,67
MZT2A,76
MZT2B,73
N4BP1,204
N4BP2,244
N4BP2L1,181
N4BP2L2,75
N4BP3,123
N6AMT1,142
NAA11,163
NAA15,128
NAA16,101
NAA20,171
NAA25,98
NAA30,256
NAA35,174
NAA38,98
NAA40,238
NAA50,54
NAA60,245
NAA80,103
NAAA,261
NAALAD2,21
NAALADL1,295
NAALADL2,287
NAB1,259
NAB2,90
NABP1,115
NABP2,328
NACA,26
NACA2,19
NACAD,60
NACC1,148
NACC2,73
NADK,163
NADK2,135
NADSYN1,89
NAE1,95
NAF1,228
NAGA,130
NAGK,275
NAGLU,83
NAGPA,182
NAGS,413
NAIF1,311
NAIP,360
NALCN,110
NALF1,230
NALF2,219
NAMPT,54
NANOG,221
NANOGNB,123
NANOS1,43
NANOS2,177
NANOS3,69
NANP,341
NANS,73
NAP1L1,131
NAP1L2,260
NAP1L3,304
NAP1L4,166
NAP1L5,38
NAPA,10
NAPB,113
NAPEPLD,271
NAPG,226
NAPRT,302
NAPSA,342
NARF,180
NARS1,168
NARS2,305
NASP,131
NAT1,82
NAT10,113
NAT14,312
NAT16,98
NAT2,113
NAT8,123
NAT8B,91
NAT8L,310
NAT9,172
NATD1,123
NAV1,61
NAV2,216
NAV3,582
NAXD,72
NAXE,228
NBAS,217
NBEA,8
NBEAL1,57
NBEAL2,247
NBL1,180
NBN,144
NBPF1,40
NBPF11,385
NBPF12,186
NBPF14,197
NBPF15,155
NBPF3,54
NBPF8,905
NBPF9,329
NBR1,54
NCALD,383
NCAM1,109
NCAM2,88
NCAN,18
NCAPD2,11
NCAPD3,210
NCAPG,197
NCAPG2,68
NCAPH,107
NCAPH2,304
NCBP1,183
NCBP2,79
NCBP3,195
NCCRP1,83
NCDN,70
NCEH1,63
NCF1,184
NCF2,157
NCF4,86
NCK1,408
NCK2,238
NCKAP1,446
NCKAP1L,219
NCKAP5,135
NCKAP5L,213
NCKIPSD,116
NCL,343
NCLN,193
NCMAP,16
NCOA1,139
NCOA2,54
NCOA3,145
NCOA4,26
NCOA5,183
NCOA6,90
NCOA7,54
NCOR1,29
NCOR2,414
NCR1,421
NCR2,214
NCR3,319
NCR3LG1,33
NCS1,154
NCSTN,106
NDC1,144
NDC80,21
NDE1,256
NDEL1,298
NDFIP1,87
NDFIP2,507
NDN,218
NDNF,130
NDOR1,172
NDP,152
NDRG1,26
NDRG2,122
NDRG3,216
NDRG4,239
NDST1,220
NDST2,85
NDST4,105
NDUFA1,130
NDUFA10,294
NDUFA12,351
NDUFA2,46
NDUFA3,195
NDUFA4,131
NDUFA4L2,97
NDUFA5,6
NDUFA6,255
NDUFA7,82
NDUFA8,134
NDUFA9,90
NDUFAB1,42
NDUFAF1,78
NDUFAF2,119
NDUFAF3,88
NDUFAF4,76
NDUFAF5,132
NDUFAF6,258
NDUFAF7,155
NDUFAF8,22
NDUFB1,313
NDUFB10,75
NDUFB11,96
NDUFB2,122
NDUFB3,325
NDUFB4,69
NDUFB5,174
NDUFB6,120
NDUFB7,95
NDUFB9,110
NDUFC1,169
NDUFC2,89
NDUFS1,234
NDUFS2,279
NDUFS3,144
NDUFS4,331
NDUFS5,597
NDUFS6,68
NDUFS7,203
NDUFS8,44
NDUFV1,354
NDUFV2,140
NDUFV3,157
NEB,131
NEBL,314
NECAB1,86
NECAB2,229
NECAB3,598
NECAP1,37
NECAP2,60
NECTIN1,51
NECTIN2,65
NECTIN3,185
NECTIN4,262
NEDD1,196
NEDD4,122
NEDD4L,198
NEDD8,28
NEDD9,338
NEFH,97
NEFL,295
NEFM,414
NEGR1,154
NEIL1,137
NEIL2,174
NEIL3,58
NEK1,155
NEK10,192
NEK11,53
NEK2,85
NEK3,37
NEK4,222
NEK5,457
NEK6,82
NEK7,171
NEK8,136
NEK9,67
NELFA,66
NELFB,14
NELFCD,105
NELFE,148
NELL1,158
NELL2,81
NEMF,212
NEMP1,182
NEMP2,177
NENF,51
NEO1,213
NEPRO,99
NES,325
NET1,169
NETO1,368
NETO2,40
NEU1,232
NEU2,200
NEU3,107
NEU4,867
NEURL1,63
NEURL1B,432
NEURL2,161
NEURL4,83
NEUROD1,195
NEUROD2,215
NEUROD4,39
NEUROD6,58
NEUROG1,141
NEUROG2,318
NEUROG3,380
NEXMIF,289
NEXN,159
NF1,126
NF2,210
NFAM1,239
NFASC,82
NFAT5,277
NFATC1,241
NFATC2,408
NFATC2IP,201
NFATC3,303
NFATC4,164
NFE2,216
NFE2L1,124
NFE2L2,222
NFE2L3,70
NFE4,271
NFIA,141
NFIB,24
NFIC,292
NFIL3,27
NFIX,520
NFKB1,196
NFKB2,40
NFKBIA,213
NFKBIB,138
NFKBID,523
NFKBIE,210
NFKBIL1,293
NFKBIZ,145
NFRKB,212
NFS1,96
NFU1,312
NFX1,86
NFXL1,229
NFYA,92
NFYB,113
NFYC,45
NGB,116
NGDN,86
NGEF,40
NGF,74
NGFR,225
NGLY1,93
NGRN,63
NHEJ1,244
NHERF1,221
NHERF2,480
NHERF4,65
NHLH1,206
NHLH2,296
NHLRC1,238
NHLRC2,130
NHLRC3,60
NHLRC4,234
NHP2,179
NHS,289
NHSL1,429
NHSL2,62
NIBAN1,315
NIBAN2,329
NIBAN3,255
NICN1,147
NID1,159
NID2,70
NIF3L1,167
NIFK,93
NIM1K,402
NIN,188
NINJ1,75
NINJ2,266
NINL,93
NIP7,95
NIPA1,119
NIPA2,246
NIPAL1,208
NIPAL2,150
NIPAL3,70
NIPAL4,410
NIPBL,233
NIPSNAP1,97
NIPSNAP2,280
NIPSNAP3A,43
NIPSNAP3B,152
NISCH,59
NIT1,238
NIT2,53
NKAIN1,145
NKAIN2,68
NKAIN3,287
NKAIN4,456
NKAP,98
NKAPD1,38
NKAPL,538
NKD1,100
NKD2,202
NKG7,323
NKIRAS1,27
NKIRAS2,261
NKPD1,64
NKRF,185
NKTR,8
NKX1-1,130
NKX2-1,215
NKX2-2,350
NKX2-3,272
NKX2-4,20
NKX2-5,127
NKX2-6,91
NKX2-8,59
NKX3-1,377
NKX3-2,144
NKX6-1,116
NKX6-2,155
NKX6-3,120
NLE1,78
NLGN1,63
NLGN2,432
NLGN3,110
NLGN4X,184
NLGN4Y,121
NLK,40
NLN,163
NLRC3,308
NLRC4,186
NLRC5,319
NLRP1,369
NLRP10,237
NLRP11,319
NLRP12,470
NLRP13,103
NLRP14,125
NLRP2,128
NLRP3,160
NLRP4,173
NLRP5,341
NLRP6,207
NLRP7,131
NLRP8,253
NLRP9,305
NLRX1,127
NMB,114
NMBR,874
NMD3,90
NME1,200
NME2,591
NME3,179
NME4,227
NME5,191
NME6,173
NME7,210
NME8,36
NME9,63
NMI,236
NMNAT1,111
NMNAT2,161
NMNAT3,402
NMRAL1,270
NMRK1,314
NMRK2,119
NMS,51
NMT1,229
NMT2,108
NMU,115
NMUR1,132
NMUR2,65
NNAT,91
NNMT,471
NNT,103
NOA1,112
NOB1,364
NOBOX,347
NOC2L,140
NOC3L,101
NOC4L,75
NOCT,189
NOD1,26
NOD2,82
NODAL,48
NOG,71
NOL10,272
NOL11,40
NOL12,148
NOL3,146
NOL4,162
NOL4L,44
NOL6,35
NOL7,23
NOL8,45
NOL9,64
NOLC1,60
NOM1,120
NOMO3,114
NONO,131
NOP14,16
NOP16,39
NOP2,33
NOP53,43
NOP56,175
NOP58,137
NOP9,200
NOPCHAP1,49
NOS1,66
NOS1AP,101
NOS2,230
NOS3,150
NOSIP,299
NOSTRIN,204
NOTCH1,342
NOTCH2,96
NOTCH2NLA,100
NOTCH3,157
NOTCH4,515
NOTO,304
NOTUM,130
NOVA1,513
NOVA2,145
NOX1,147
NOX3,60
NOX4,182
NOXA1,201
NOXO1,259
NOXRED1,90
NPAP1,125
NPAS1,266
NPAS2,317
NPAS3,89
NPAS4,553
NPAT,126
NPB,204
NPBWR1,216
NPBWR2,171
NPC1,229
NPC1L1,129
NPC2,42
NPDC1,138
NPEPL1,172
NPEPPS,59
NPFF,210
NPFFR1,180
NPFFR2,36
NPHP1,179
NPHP3,55
NPHP4,330
NPHS1,242
NPHS2,158
NPIPA8,357
NPL,134
NPLOC4,31
NPM1,113
NPM2,9
NPM3,101
NPNT,208
NPPA,321
NPPB,162
NPPC,366
NPR1,509
NPR2,64
NPR3,132
NPRL2,321
NPRL3,487
NPS,166
NPSR1,152
NPTN,171
NPTX1,119
NPTX2,104
NPTXR,168
NPVF,175
NPW,117
NPY,378
NPY1R,240
NPY2R,303
NPY4R,257
NPY5R,31
NQO1,544
NQO2,244
NR0B1,138
NR0B2,251
NR1D1,235
NR1D2,85
NR1H2,195
NR1H3,372
NR1H4,261
NR1I2,191
NR1I3,377
NR2C1,114
NR2C2,287
NR2C2AP,187
NR2E1,98
NR2E3,165
NR2F1,91
NR2F2,131
NR2F6,140
NR3C1,190
NR3C2,198
NR4A1,214
NR4A2,218
NR4A3,90
NR5A1,135
NR5A2,428
NR6A1,241
NRAP,140
NRARP,254
NRAS,61
NRBF2,213
NRBP1,193
NRBP2,345
NRCAM,74
NRDC,64
NRDE2,39
NREP,140
NRF1,305
NRG1,169
NRG2,43
NRG3,163
NRG4,174
NRGN,266
NRIP1,73
NRIP2,98
NRIP3,290
NRK,130
NRL,392
NRM,254
NRN1,309
NRN1L,289
NRP1,2
NRP2,93
NRROS,68
NRSN1,226
NRSN2,186
NRTN,253
NRXN1,311
NRXN2,427
NRXN3,816
NSA2,159
NSD1,91
NSD2,271
NSD3,89
NSDHL,187
NSF,433
NSFL1C,100
NSG1,195
NSG2,354
NSL1,384
NSMAF,89
NSMCE1,78
NSMCE2,55
NSMCE3,86
NSMCE4A,90
NSMF,126
NSRP1,69
NSUN2,75
NSUN3,93
NSUN4,374
NSUN5,53
NSUN6,4
NSUN7,116
NT5C,267
NT5C1A,82
NT5C1B,457
NT5C2,156
NT5C3A,190
NT5C3B,13
NT5DC1,43
NT5DC2,64
NT5DC3,384
NT5DC4,248
NT5E,132
NT5M,247
NTAN1,245
NTAQ1,95
NTF3,85
NTF4,218
NTHL1,263
NTM,49
NTMT1,81
NTMT2,167
NTN1,149
NTN3,41
NTN4,51
NTN5,133
NTNG1,354
NTNG2,139
NTPCR,311
NTRK1,64
NTRK2,187
NTRK3,226
NTS,129
NTSR1,242
NTSR2,25
NUAK1,147
NUAK2,63
NUB1,129
NUBP1,220
NUBP2,98
NUBPL,94
NUCB1,152
NUCB2,308
NUCKS1,123
NUDC,136
NUDCD1,29
NUDCD2,62
NUDCD3,131
NUDT1,119
NUDT10,135
NUDT11,141
NUDT12,132
NUDT13,171
NUDT14,108
NUDT15,256
NUDT16,115
NUDT16L1,177
NUDT17,62
NUDT18,290
NUDT19,149
NUDT2,199
NUDT21,252
NUDT22,108
NUDT3,320
NUDT4,191
NUDT5,249
NUDT6,214
NUDT7,204
NUDT8,239
NUDT9,51
NUF2,14
NUFIP1,26
NUFIP2,130
NUGGC,184
NUMA1,84
NUMB,552
NUMBL,12
NUP107,127
NUP133,67
NUP153,131
NUP155,65
NUP160,53
NUP188,67
NUP205,16
NUP210,100
NUP210L,22
NUP214,78
NUP35,242
NUP37,55
NUP42,67
NUP43,269
NUP50,143
NUP54,66
NUP58,54
NUP62CL,239
NUP85,75
NUP88,35
NUP93,29
NUP98,46
NUPR1,114
NUPR2,238
NUS1,233
NUSAP1,31
NUTF2,11
NUTM2F,103
NUTM2G,407
NVL,59
NWD1,473
NWD2,407
NXF1,179
NXF2,404
NXF2B,202
NXF3,332
NXN,179
NXNL1,156
NXNL2,374
NXPE1,391
NXPE2,252
NXPE3,164
NXPE4,145
NXPH1,142
NXPH2,47
NXPH3,118
NXPH4,377
NXT1,165
NXT2,336
NYAP1,289
NYAP2,171
NYNRIN,104
NYX,118
OAF,448
OARD1,114
OAS1,125
OAS2,151
OAS3,39
OASL,112
OAT,210
OAZ1,22
OAZ2,318
OAZ3,405
OBI1,32
OBP2A,356
OBP2B,164
OBSCN,283
OBSL1,140
OC90,292
OCA2,308
OCEL1,67
OCIAD1,369
OCIAD2,128
OCLN,251
OCM,260
OCM2,79
OCRL,65
OCSTAMP,214
ODAD1,263
ODAD2,247
ODAD3,288
ODAD4,255
ODAM,103
ODAPH,204
ODC1,92
ODF1,160
ODF2,380
ODF2L,126
ODF4,90
ODR4,88
OFD1,182
OGA,75
OGDH,32
OGDHL,126
OGFOD1,225
OGFOD2,424
OGFOD3,78
OGFR,328
OGFRL1,392
OGG1,81
OGN,436
OGT,68
OIP5,228
OIT3,60
OLA1,53
OLAH,217
OLFM1,399
OLFM2,95
OLFM3,64
OLFM4,91
OLFML1,352
OLFML2A,406
OLFML2B,41
OLFML3,226
OLIG1,190
OLIG2,114
OLIG3,115
OLR1,152
OMA1,39
OMD,163
OMG,37
OMP,235
ONECUT1,30
ONECUT2,99
ONECUT3,233
OOEP,206
OOSP1,115
OOSP2,124
OPA1,88
OPA3,402
OPALIN,187
OPCML,148
OPHN1,207
OPLAH,174
OPN1LW,90
OPN1SW,364
OPN3,97
OPN4,341
OPN5,190
OPRD1,66
OPRK1,55
OPRL1,326
OPRM1,304
OPRPN,202
OPTC,566
OPTN,153
OR10A2,212
OR10A3,166
OR10A4,354
OR10A5,350
OR10A6,278
OR10A7,65
OR10AD1,160
OR10AG1,151
OR10C1,392
OR10G2,139
OR10G3,169
OR10G4,245
OR10G7,269
OR10G8,79
OR10G9,1
OR10H1,362
OR10H2,321
OR10H3,69
OR10H4,230
OR10H5,140
OR10J1,378
OR10J3,236
OR10J5,104
OR10K1,197
OR10K2,187
OR10P1,416
OR10Q1,297
OR10R2,356
OR10S1,215
OR10T2,353
OR10V1,292
OR10W1,225
OR10X1,115
OR10Z1,161
OR11A1,108
OR11G2,182
OR11H4,153
OR11H6,164
OR11L1,528
OR12D2,454
OR12D3,112
OR13A1,629
OR13C2,81
OR13C3,47
OR13C4,38
OR13C5,186
OR13C8,203
OR13C9,143
OR13D1,135
OR13F1,233
OR13G1,93
OR13H1,127
OR13J1,53
OR14A16,137
OR14C36,338
OR14I1,179
OR14J1,148
OR1A1,225
OR1A2,128
OR1B1,211
OR1C1,272
OR1D2,79
OR1D5,176
OR1E1,418
OR1E2,190
OR1F1,239
OR1G1,164
OR1I1,50
OR1J1,125
OR1J2,64
OR1J4,161
OR1K1,210
OR1L1,149
OR1L3,187
OR1L4,306
OR1L6,181
OR1L8,311
OR1M1,277
OR1N1,232
OR1N2,168
OR1Q1,89
OR1S1,174
OR1S2,21
OR2A1,230
OR2A12,223
OR2A14,172
OR2A2,226
OR2A25,160
OR2A42,88
OR2A5,373
OR2AE1,270
OR2AG1,102
OR2AG2,178
OR2AK2,63
OR2AP1,366
OR2AT4,140
OR2B11,343
OR2B2,127
OR2B3,99
OR2B6,112
OR2C1,230
OR2C3,40
OR2D2,210
OR2D3,110
OR2F1,141
OR2F2,28
OR2G2,111
OR2G3,268
OR2G6,176
OR2H1,186
OR2H2,336
OR2J2,296
OR2J3,225
OR2K2,332
OR2L13,99
OR2L2,271
OR2L3,104
OR2L5,51
OR2L8,279
OR2M2,116
OR2M3,188
OR2M4,255
OR2M5,75
OR2M7,64
OR2S2,524
OR2T1,181
OR2T10,176
OR2T11,241
OR2T12,182
OR2T2,292
OR2T27,80
OR2T29,153
OR2T33,364
OR2T35,132
OR2T4,167
OR2T5,165
OR2T6,265
OR2T8,461
OR2V1,386
OR2V2,287
OR2W1,242
OR2W3,355
OR2Y1,82
OR2Z1,165
OR3A1,21
OR3A2,137
OR3A3,264
OR4A15,221
OR4A16,312
OR4A47,383
OR4A5,76
OR4B1,83
OR4C11,245
OR4C12,116
OR4C13,169
OR4C15,128
OR4C16,396
OR4C3,328
OR4C45,270
OR4C46,46
OR4C6,251
OR4D1,197
OR4D10,248
OR4D11,91
OR4D2,297
OR4D5,166
OR4D6,240
OR4D9,79
OR4E2,174
OR4F15,186
OR4F17,299
OR4F4,157
OR4F5,419
OR4F6,85
OR4K1,217
OR4K13,173
OR4K14,227
OR4K15,173
OR4K17,168
OR4K2,101
OR4K5,522
OR4L1,3
OR4M1,20
OR4M2,275
OR4N2,117
OR4N4,168
OR4N5,422
OR4P4,80
OR4Q3,148
OR4S1,162
OR4S2,97
OR4X1,88
OR4X2,349
OR51A2,103
OR51A4,243
OR51A7,252
OR51B2,13
OR51B4,260
OR51B5,14
OR51B6,243
OR51D1,73
OR51E1,4
OR51E2,151
OR51F1,139
OR51F2,351
OR51G1,107
OR51G2,211
OR51I1,123
OR51I2,137
OR51L1,284
OR51M1,119
OR51Q1,412
OR51S1,207
OR51T1,96
OR51V1,160
OR52A1,215
OR52A5,121
OR52B2,322
OR52B4,247
OR52B6,121
OR52D1,87
OR52E2,89
OR52E4,22
OR52E6,142
OR52E8,124
OR52H1,136
OR52I1,289
OR52I2,295
OR52J3,300
OR52K1,186
OR52K2,128
OR52L1,391
OR52M1,468
OR52N1,116
OR52N2,211
OR52N4,181
OR52N5,132
OR52R1,168
OR52W1,121
OR56A1,518
OR56A3,126
OR56A4,52
OR56A5,127
OR56B1,322
OR56B4,413
OR5A1,352
OR5A2,127
OR5AC2,25
OR5AK2,17
OR5AN1,57
OR5AP2,155
OR5AR1,297
OR5AS1,73
OR5AU1,287
OR5B12,65
OR5B17,173
OR5B2,71
OR5B21,94
OR5B3,394
OR5C1,155
OR5D13,352
OR5D14,393
OR5D16,48
OR5D18,16
OR5F1,6
OR5H2,284
OR5H6,264
OR5I1,90
OR5J2,171
OR5K1,126
OR5K2,172
OR5K3,267
OR5K4,68
OR5L1,162
OR5L2,368
OR5M1,184
OR5M10,329
OR5M11,91
OR5M3,294
OR5M8,116
OR5M9,349
OR5P2,160
OR5P3,250
OR5T1,142
OR5T2,97
OR5T3,39
OR5V1,248
OR5W2,132
OR6A2,136
OR6B1,212
OR6B2,406
OR6B3,318
OR6C1,123
OR6C2,163
OR6C3,30
OR6C4,209
OR6C6,211
OR6C65,132
OR6C68,240
OR6C70,15
OR6C74,234
OR6C75,335
OR6C76,173
OR6F1,124
OR6K2,243
OR6K3,574
OR6K6,397
OR6M1,149
OR6N1,71
OR6N2,85
OR6P1,463
OR6Q1,187
OR6S1,849
OR6T1,172
OR6V1,76
OR6X1,61
OR6Y1,132
OR7A10,253
OR7A17,329
OR7A5,397
OR7C1,86
OR7C2,135
OR7D2,418
OR7D4,148
OR7E24,210
OR7G1,281
OR7G2,203
OR7G3,81
OR8A1,240
OR8B12,124
OR8B2,198
OR8B3,53
OR8B4,127
OR8B8,133
OR8D1,208
OR8D2,289
OR8D4,61
OR8G1,267
OR8G2P,303
OR8G5,46
OR8H1,119
OR8H2,91
OR8H3,9
OR8I2,118
OR8J1,321
OR8J3,521
OR8K1,140
OR8K3,135
OR8K5,280
OR8S1,310
OR8U1,327
OR8U3,232
OR9A2,146
OR9A4,264
OR9G1,564
OR9G4,605
OR9I1,175
OR9K2,174
OR9Q1,136
OR9Q2,426
ORAI1,312
ORAI2,329
ORAI3,281
ORC1,27
ORC2,33
ORC3,358
ORC4,252
ORC5,112
ORC6,128
ORM1,310
ORM2,348
ORMDL1,166
ORMDL2,92
ORMDL3,309
OS9,81
OSBP,146
OSBP2,132
OSBPL10,123
OSBPL11,284
OSBPL1A,350
OSBPL2,109
OSBPL3,219
OSBPL5,130
OSBPL6,285
OSBPL7,55
OSBPL8,176
OSBPL9,421
OSCAR,426
OSCP1,165
OSER1,142
OSGEP,49
OSGEPL1,74
OSGIN1,129
OSGIN2,86
OSM,48
OSMR,44
OSR1,98
OSR2,182
OST4,67
OSTC,201
OSTF1,138
OSTM1,375
OSTN,147
OTC,307
OTOA,161
OTOF,57
OTOG,105
OTOGL,43
OTOL1,301
OTOP1,61
OTOP2,53
OTOP3,105
OTOR,34
OTOS,214
OTP,110
OTUB1,424
OTUB2,73
OTUD1,120
OTUD3,144
OTUD4,92
OTUD5,122
OTUD6A,53
OTUD6B,6
OTUD7A,356
OTUD7B,53
OTULIN,90
OTULINL,79
OTX1,249
OTX2,213
OVCA2,359
OVCH2,63
OVGP1,511
OVOL1,8
OVOL2,175
OVOL3,79
OXA1L,297
OXCT1,75
OXCT2,117
OXER1,67
OXGR1,280
OXLD1,139
OXNAD1,271
OXR1,110
OXSM,283
OXSR1,179
OXT,61
OXTR,149
P2RX1,203
P2RX2,176
P2RX3,283
P2RX4,51
P2RX5,28
P2RX6,182
P2RX7,94
P2RY1,161
P2RY10,15
P2RY11,88
P2RY12,91
P2RY13,320
P2RY14,214
P2RY2,134
P2RY4,244
P2RY6,109
P2RY8,71
P3H1,182
P3H2,300
P3H3,150
P3H4,124
P4HA1,114
P4HA2,234
P4HA3,170
P4HB,72
P4HTM,160
PA2G4,99
PAAF1,377
PABIR1,51
PABIR2,276
PABIR3,118
PABPC1,43
PABPC1L,315
PABPC3,689
PABPC4,219
PABPC4L,64
PABPC5,132
PABPN1,122
PABPN1L,179
PACC1,148
PACRG,603
PACRGL,117
PACS1,209
PACS2,139
PACSIN1,536
PACSIN2,123
PACSIN3,117
PADI1,317
PADI2,276
PADI3,82
PADI4,314
PADI6,66
PAEP,110
PAF1,93
PAFAH1B1,164
PAFAH1B2,219
PAFAH1B3,134
PAFAH2,89
PAG1,19
PAGE1,56
PAGE2,196
PAGE2B,337
PAGE4,126
PAGE5,251
PAGR1,81
PAH,257
PAICS,98
PAIP1,155
PAIP2,132
PAIP2B,208
PAK1,166
PAK1IP1,149
PAK2,73
PAK3,258
PAK4,174
PAK5,27
PAK6,199
PAK6-AS1,57
PALB2,278
PALD1,238
PALLD,44
PALM,139
PALM2AKAP2,308
PALM3,96
PALMD,104
PALS1,97
PALS2,230
PAM,351
PAM16,5
PAMR1,62
PAN2,123
PAN3,100
PANK1,159
PANK2,42
PANK3,99
PANK4,86
PANX1,277
PANX2,72
PANX3,149
PAOX,210
PAPLN,70
PAPOLA,122
PAPOLB,154
PAPOLG,78
PAPPA,225
PAPPA2,60
PAPSS1,163
PAPSS2,164
PAQR3,142
PAQR4,128
PAQR5,43
PAQR6,175
PAQR7,175
PAQR8,163
PAQR9,58
PARD3,70
PARD3B,58
PARD6A,85
PARD6B,92
PARD6G,166
PARG,144
PARK7,169
PARL,302
PARM1,83
PARN,284
PARP1,166
PARP10,139
PARP11,235
PARP12,37
PARP14,211
PARP15,173
PARP16,615
PARP2,138
PARP3,304
PARP4,185
PARP6,83
PARP8,243
PARP9,130
PARPBP,243
PARS2,50
PARVA,193
PARVB,37
PARVG,163
PASD1,61
PASK,20
PATE1,197
PATE2,111
PATE3,171
PATE4,396
PATJ,131
PATL1,485
PATL2,474
PATZ1,451
PAWR,116
PAX1,311
PAX2,46
PAX3,19
PAX4,87
PAX5,6
PAX6,218
PAX7,282
PAX8,255
PAX9,310
PAXBP1,115
PAXIP1,125
PAXX,106
PBDC1,212
PBK,259
PBLD,324
PBOV1,68
PBRM1,164
PBX1,121
PBX2,532
PBX3,32
PBX4,74
PBXIP1,106
PC,244
PCARE,134
PCBD1,112
PCBD2,33
PCBP1,74
PCBP2,43
PCBP3,168
PCBP4,4
PCCA,113
PCCB,192
PCDH1,18
PCDH10,514
PCDH11X,241
PCDH11Y,393
PCDH12,119
PCDH15,132
PCDH17,105
PCDH18,165
PCDH19,108
PCDH20,33
PCDH7,127
PCDH8,138
PCDH9,245
PCDHA1,254
PCDHA10,132
PCDHA11,155
PCDHA12,123
PCDHA13,75
PCDHA2,110
PCDHA3,214
PCDHA4,89
PCDHA5,107
PCDHA6,82
PCDHA7,150
PCDHA8,267
PCDHA9,80
PCDHAC1,197
PCDHAC2,124
PCDHB1,112
PCDHB11,205
PCDHB12,176
PCDHB13,65
PCDHB14,105
PCDHB15,75
PCDHB16,164
PCDHB2,216
PCDHB3,290
PCDHB4,166
PCDHB5,324
PCDHB6,230
PCDHB7,167
PCDHB8,270
PCDHGA1,251
PCDHGA10,71
PCDHGA11,56
PCDHGA12,115
PCDHGA2,142
PCDHGA3,55
PCDHGA4,230
PCDHGA5,271
PCDHGA6,191
PCDHGA7,250
PCDHGA8,132
PCDHGA9,149
PCDHGB1,32
PCDHGB2,3
PCDHGB3,287
PCDHGB4,111
PCDHGB5,123
PCDHGB6,84
PCDHGB7,112
PCDHGC3,305
PCDHGC4,134
PCDHGC5,197
PCED1A,51
PCED1B,893
PCF11,5
PCGF1,219
PCGF2,196
PCGF3,48
PCGF5,682
PCGF6,174
PCID2,337
PCIF1,126
PCK1,326
PCK2,127
PCLAF,167
PCLO,421
PCM1,231
PCMT1,285
PCMTD1,69
PCMTD2,120
PCNA,11
PCNP,124
PCNT,177
PCNX1,110
PCNX2,100
PCNX3,6
PCNX4,202
PCOLCE,376
PCOLCE2,150
PCP2,230
PCP4,102
PCP4L1,52
PCSK1,91
PCSK1N,249
PCSK2,89
PCSK4,262
PCSK5,235
PCSK6,210
PCSK7,170
PCSK9,197
PCTP,20
PCYOX1,115
PCYOX1L,162
PCYT1A,140
PCYT1B,186
PCYT2,128
PDAP1,226
PDC,72
PDCD1,132
PDCD10,226
PDCD11,119
PDCD1LG2,72
PDCD2,145
PDCD2L,71
PDCD4,116
PDCD5,256
PDCD6,225
PDCD6IP,78
PDCD7,55
PDCL,78
PDCL2,104
PDCL3,270
PDE10A,201
PDE11A,189
PDE12,100
PDE1A,536
PDE1B,361
PDE1C,368
PDE2A,243
PDE3A,41
PDE3B,41
PDE4A,281
PDE4B,172
PDE4C,126
PDE4D,173
PDE4DIP,101
PDE5A,100
PDE6A,3
PDE6B,73
PDE6C,38
PDE6D,73
PDE6G,519
PDE6H,111
PDE7A,128
PDE7B,264
PDE8A,254
PDE8B,43
PDE9A,89
PDF,267
PDGFA,297
PDGFB,304
PDGFC,137
PDGFD,367
PDGFRA,170
PDGFRB,116
PDGFRL,261
PDHA1,259
PDHA2,180
PDHB,225
PDHX,225
PDIA2,162
PDIA3,95
PDIA4,50
PDIA5,131
PDIA6,124
PDIK1L,123
PDILT,317
PDK1,119
PDK2,72
PDK3,178
PDK4,38
PDLIM1,41
PDLIM2,293
PDLIM3,83
PDLIM4,164
PDLIM5,195
PDLIM7,159
PDP1,32
PDP2,94
PDPK1,102
PDPN,71
PDPR,97
PDRG1,85
PDS5A,257
PDS5B,96
PDSS1,213
PDSS2,427
PDX1,119
PDXDC1,185
PDXK,219
PDXP,460
PDYN,150
PDZD11,242
PDZD2,118
PDZD4,406
PDZD7,304
PDZD8,87
PDZD9,86
PDZK1,315
PDZK1IP1,280
PDZRN3,42
PDZRN4,272
PEA15,58
PEAK1,228
PEAK3,55
PEAR1,105
PEBP1,376
PEBP4,220
PECAM1,103
PECR,144
PEDS1,119
PEF1,79
PEG10,627
PEG3,97
PELI1,116
PELI2,88
PELI3,250
PELO,154
PELP1,118
PEMT,324
PENK,87
PEPD,102
PER1,270
PER2,56
PER3,282
PERP,130
PES1,57
PET100,130
PEX1,165
PEX10,278
PEX11A,60
PEX11B,147
PEX11G,33
PEX12,73
PEX13,179
PEX14,150
PEX16,182
PEX2,124
PEX26,323
PEX3,164
PEX5,163
PEX5L,173
PEX6,41
PEX7,190
PF4,80
PF4V1,73
PFAS,70
PFDN1,404
PFDN2,32
PFDN4,199
PFDN5,106
PFDN6,198
PFKFB1,298
PFKFB2,239
PFKFB3,47
PFKFB4,258
PFKL,297
PFKM,593
PFKP,232
PFN2,84
PFN3,263
PFN4,81
PGA3,217
PGA4,117
PGA5,209
PGAM1,218
PGAM2,30
PGAM5,73
PGAP1,146
PGAP2,280
PGAP3,136
PGAP4,62
PGAP6,89
PGBD1,31
PGBD2,281
PGBD4,212
PGBD5,191
PGC,304
PGD,129
PGF,35
PGGHG,260
PGGT1B,99
PGK1,92
PGK2,243
PGLS,30
PGLYRP1,182
PGLYRP2,205
PGLYRP3,177
PGLYRP4,151
PGM1,62
PGM2,93
PGM2L1,228
PGM3,227
PGM5,107
PGP,83
PGPEP1,275
PGPEP1L,451
PGR,57
PGRMC1,348
PGRMC2,139
PGS1,256
PHACTR1,254
PHACTR2,165
PHACTR3,313
PHACTR4,192
PHAF1,155
PHAX,262
PHB1,314
PHB2,84
PHC1,172
PHC2,214
PHC3,255
PHETA1,135
PHETA2,291
PHEX,88
PHF1,58
PHF10,57
PHF11,40
PHF12,32
PHF13,269
PHF14,191
PHF19,329
PHF2,163
PHF20,258
PHF20L1,90
PHF21A,213
PHF21B,193
PHF23,59
PHF24,303
PHF3,284
PHF5A,6
PHF6,140
PHF7,21
PHF8,142
PHGDH,70
PHGR1,53
PHIP,98
PHKA1,64
PHKA2,62
PHKB,109
PHKG1,263
PHKG2,166
PHLDA1,470
PHLDA2,34
PHLDA3,208
PHLDB1,419
PHLDB2,63
PHLDB3,310
PHLPP1,164
PHLPP2,308
PHOSPHO1,148
PHOX2A,22
PHOX2B,140
PHPT1,84
PHRF1,154
PHTF1,72
PHTF2,333
PHYH,77
PHYHD1,139
PHYHIP,221
PHYHIPL,275
PHYKPL,218
PI15,206
PI16,187
PI3,248
PI4K2B,48
PI4KA,273
PI4KB,80
PIANP,51
PIAS1,56
PIAS2,551
PIAS3,71
PIAS4,67
PIBF1,160
PICALM,42
PICK1,38
PID1,190
PIDD1,186
PIERCE1,179
PIERCE2,157
PIEZO1,151
PIEZO2,396
PIF1,223
PIGA,120
PIGB,191
PIGC,43
PIGF,32
PIGG,106
PIGH,79
PIGK,251
PIGL,99
PIGM,214
PIGN,155
PIGO,39
PIGP,83
PIGQ,44
PIGR,216
PIGS,320
PIGT,283
PIGU,179
PIGV,39
PIGW,126
PIGX,174
PIGZ,11
PIH1D1,211
PIH1D2,120
PIK3AP1,664
PIK3C2A,159
PIK3C2B,91
PIK3C2G,181
PIK3C3,382
PIK3CA,143
PIK3CB,147
PIK3CD,138
PIK3CG,512
PIK3IP1,148
PIK3R1,347
PIK3R2,172
PIK3R3,96
PIK3R4,124
PIK3R5,29
PIK3R6,247
PIKFYVE,340
PILRA,149
PILRB,109
PIM1,54
PIM2,82
PIM3,133
PIMREG,269
PIN1,84
PIN4,399
PINK1,223
PINLYP,84
PIP,322
PIP4K2A,42
PIP4K2B,83
PIP4K2C,69
PIP4P1,41
PIP4P2,150
PIP5K1A,94
PIP5K1B,73
PIP5K1C,284
PIP5KL1,132
PIPOX,275
PIR,33
PIRT,84
PISD,544
PITHD1,281
PITPNA,82
PITPNB,73
PITPNC1,47
PITPNM1,7
PITPNM2,581
PITPNM3,178
PITRM1,193
PITX1,248
PITX2,920
PITX3,75
PIWIL1,22
PIWIL2,116
PIWIL3,251
PIWIL4,224
PJA1,106
PJA2,164
PJVK,165
PKD1L1,104
PKD1L1-AS1,127
PKD1L2,128
PKD1L3,14
PKD2,211
PKD2L1,90
PKD2L2,243
PKDCC,192
PKDREJ,145
PKHD1,192
PKHD1L1,105
PKIA,138
PKIB,186
PKIG,276
PKLR,164
PKM,322
PKMYT1,113
PKN1,141
PKN2,234
PKN3,45
PKNOX1,104
PKNOX2,75
PKP1,25
PKP2,174
PKP3,350
PKP4,106
PLA1A,214
PLA2G10,414
PLA2G12A,41
PLA2G12B,122
PLA2G15,189
PLA2G1B,190
PLA2G2A,106
PLA2G2C,46
PLA2G2D,117
PLA2G2E,120
PLA2G2F,208
PLA2G3,275
PLA2G4A,395
PLA2G4C,102
PLA2G4D,165
PLA2G4E,431
PLA2G4F,76
PLA2G5,39
PLA2G6,148
PLA2G7,105
PLA2R1,101
PLAA,93
PLAAT1,96
PLAAT2,105
PLAAT3,305
PLAAT4,291
PLAAT5,170
PLAC1,623
PLAC4,88
PLAC8,258
PLAC8L1,69
PLAC9,246
PLAG1,248
PLAGL1,298
PLAGL2,171
PLAT,115
PLAU,183
PLAUR,129
PLB1,125
PLBD1,67
PLBD2,123
PLCB1,106
PLCB2,116
PLCB3,2
PLCB4,76
PLCD1,150
PLCD3,85
PLCD4,172
PLCE1,128
PLCG1,121
PLCG2,61
PLCH1,622
PLCH2,271
PLCL1,176
PLCL2,29
PLCXD1,333
PLCXD2,240
PLCXD3,37
PLCZ1,313
PLD1,228
PLD2,196
PLD3,250
PLD4,201
PLD5,125
PLD6,224
PLEC,181
PLEK,331
PLEK2,151
PLEKHA1,302
PLEKHA2,182
PLEKHA3,282
PLEKHA4,460
PLEKHA5,129
PLEKHA6,184
PLEKHA7,267
PLEKHA8,120
PLEKHB1,91
PLEKHB2,380
PLEKHD1,100
PLEKHF1,355
PLEKHF2,164
PLEKHG1,440
PLEKHG2,381
PLEKHG3,146
PLEKHG4,293
PLEKHG4B,199
PLEKHG5,90
PLEKHG6,143
PLEKHG7,203
PLEKHH1,145
PLEKHH2,230
PLEKHH3,188
PLEKHJ1,26
PLEKHM1,79
PLEKHM2,82
PLEKHM3,104
PLEKHN1,157
PLEKHO1,25
PLEKHO2,179
PLEKHS1,402
PLET1,114
PLG,337
PLGRKT,119
PLIN1,254
PLIN2,422
PLIN3,247
PLIN4,111
PLIN5,16
PLK1,50
PLK2,599
PLK3,95
PLK4,160
PLK5,59
PLLP,296
PLN,83
PLOD1,225
PLOD2,149
PLOD3,72
PLP1,161
PLP2,214
PLPBP,132
PLPP1,104
PLPP2,256
PLPP3,181
PLPP4,74
PLPP5,62
PLPP6,56
PLPP7,564
PLPPR1,150
PLPPR2,31
PLPPR3,375
PLPPR4,74
PLPPR5,158
PLRG1,39
PLS1,329
PLS3,145
PLSCR1,83
PLSCR2,262
PLSCR3,368
PLSCR4,162
PLSCR5,602
PLTP,174
PLVAP,29
PLXDC1,297
PLXDC2,177
PLXNA1,71
PLXNA2,153
PLXNA3,445
PLXNA4,206
PLXNB1,133
PLXNB2,187
PLXNB3,157
PLXNC1,111
PLXND1,116
PM20D1,6
PM20D2,59
PMAIP1,184
PMCH,82
PMEL,140
PMEPA1,214
PMFBP1,296
PML,250
PMM1,218
PMM2,110
PMP2,125
PMP22,207
PMPCA,87
PMPCB,313
PMS1,127
PMS2,135
PMVK,121
PNCK,198
PNISR,224
PNKD,64
PNKP,48
PNLDC1,145
PNLIP,18
PNLIPRP1,191
PNLIPRP2,363
PNLIPRP3,98
PNMA1,267
PNMA2,395
PNMA3,173
PNMA5,450
PNMA8A,61
PNMA8B,79
PNMT,72
PNN,56
PNO1,188
PNOC,175
PNP,209
PNPLA1,131
PNPLA2,261
PNPLA3,114
PNPLA4,88
PNPLA5,369
PNPLA6,578
PNPLA7,198
PNPLA8,337
PNPO,226
PNPT1,256
PNRC1,92
PNRC2,591
POC1A,166
POC5,221
PODN,242
PODNL1,518
PODXL,338
PODXL2,86
POF1B,99
POFUT1,89
POFUT2,68
POGK,84
POGLUT1,140
POGLUT2,151
POGLUT3,142
POGZ,111
POLA1,189
POLA2,29
POLB,264
POLD1,20
POLD2,13
POLD3,25
POLD4,374
POLDIP2,246
POLDIP3,261
POLE,102
POLE2,311
POLE3,118
POLE4,133
POLG,118
POLG2,359
POLH,340
POLI,264
POLK,243
POLL,109
POLM,377
POLQ,221
POLR1A,53
POLR1B,408
POLR1C,211
POLR1D,155
POLR1E,138
POLR1F,53
POLR1G,280
POLR1H,28
POLR2A,49
POLR2B,20
POLR2C,29
POLR2D,267
POLR2E,56
POLR2F,271
POLR2G,5
POLR2H,79
POLR2I,33
POLR2J2,129
POLR2J3,9
POLR2K,24
POLR2L,20
POLR2M,87
POLR3A,297
POLR3B,146
POLR3C,200
POLR3D,43
POLR3E,53
POLR3F,54
POLR3G,212
POLR3GL,104
POLR3H,36
POLR3K,50
POLRMT,25
POM121,66
POM121C,127
POM121L12,72
POM121L2,561
POMC,199
POMGNT1,3
POMGNT2,204
POMP,144
POMT1,152
POMT2,792
POMZP3,104
PON2,115
POP1,151
POP4,206
POP5,61
POP7,44
POPDC2,367
POPDC3,286
POR,69
PORCN,154
POSTN,460
POT1,299
POTEC,173
POTED,283
POTEF,98
POTEI,228
POU1F1,226
POU2AF1,411
POU2AF2,32
POU2AF3,352
POU2F1,161
POU2F2,154
POU2F3,236
POU3F1,340
POU3F2,100
POU3F3,230
POU3F4,133
POU4F1,128
POU4F2,123
POU4F3,152
POU5F1,473
POU5F1B,136
POU5F2,29
POU6F1,216
POU6F2,315
PP2D1,352
PPA1,92
PPA2,147
PPAN,47
PPARA,44
PPARD,165
PPARG,558
PPARGC1A,756
PPARGC1B,281
PPAT,109
PPBP,94
PPCDC,352
PPCS,136
PPDPF,83
PPDPFL,327
PPEF1,159
PPEF2,35
PPFIA1,159
PPFIA2,855
PPFIA3,616
PPFIA4,88
PPFIBP1,311
PPFIBP2,276
PPHLN1,163
PPIA,133
PPIB,93
PPIC,477
PPID,63
PPIE,81
PPIF,268
PPIG,288
PPIH,83
PPIL1,390
PPIL2,488
PPIL3,38
PPIL4,309
PPIL6,94
PPIP5K1,843
PPIP5K2,169
PPL,237
PPM1A,141
PPM1B,113
PPM1D,159
PPM1E,123
PPM1F,238
PPM1G,161
PPM1H,158
PPM1J,184
PPM1K,174
PPM1L,138
PPM1M,78
PPM1N,191
PPME1,163
PPOX,113
PPP1CA,285
PPP1CB,4
PPP1CC,39
PPP1R10,61
PPP1R11,182
PPP1R12A,204
PPP1R12B,311
PPP1R12C,267
PPP1R13B,29
PPP1R13L,208
PPP1R14A,94
PPP1R14B,253
PPP1R14C,118
PPP1R14D,125
PPP1R15A,158
PPP1R15B,300
PPP1R16A,102
PPP1R16B,348
PPP1R17,202
PPP1R18,105
PPP1R1A,312
PPP1R1B,365
PPP1R1C,334
PPP1R2,189
PPP1R21,86
PPP1R26,377
PPP1R27,96
PPP1R35,169
PPP1R36,189
PPP1R37,187
PPP1R3A,92
PPP1R3B,177
PPP1R3C,181
PPP1R3D,224
PPP1R3E,236
PPP1R3F,20
PPP1R3G,97
PPP1R42,14
PPP1R7,177
PPP1R8,69
PPP1R9A,87
PPP1R9B,469
PPP2CA,71
PPP2CB,172
PPP2R1A,149
PPP2R1B,45
PPP2R2A,103
PPP2R2B,280
PPP2R2C,199
PPP2R2D,259
PPP2R3A,93
PPP2R3B,179
PPP2R3C,28
PPP2R5A,54
PPP2R5B,428
PPP2R5C,84
PPP2R5D,6
PPP2R5E,147
PPP3CA,95
PPP3CB,208
PPP3CC,88
PPP3R1,217
PPP3R2,69
PPP4C,48
PPP4R1,292
PPP4R2,22
PPP4R3A,120
PPP4R3B,345
PPP4R4,123
PPP5C,203
PPP5D1P,153
PPP6C,258
PPP6R1,126
PPP6R2,62
PPP6R3,88
PPRC1,218
PPT1,196
PPTC7,74
PPWD1,94
PPY,177
PQBP1,348
PRAC1,264
PRADC1,91
PRAF2,149
PRAM1,140
PRAME,79
PRAMEF10,117
PRAMEF12,324
PRAMEF20,383
PRAMEF6,436
PRAMEF7,361
PRAMEF8,164
PRAP1,48
PRB1,115
PRB2,308
PRB3,254
PRB4,104
PRC1,47
PRCC,59
PRCD,677
PRCP,422
PRDM1,142
PRDM10,289
PRDM11,240
PRDM12,89
PRDM13,93
PRDM14,82
PRDM15,104
PRDM16,250
PRDM2,146
PRDM4,87
PRDM5,139
PRDM6,385
PRDM7,306
PRDM8,324
PRDM9,86
PRDX1,7
PRDX2,62
PRDX3,151
PRDX4,48
PRDX5,134
PRDX6,248
PREB,113
PRELID1,127
PRELID2,432
PRELID3A,66
PRELID3B,98
PRELP,169
PREP,35
PREPL,131
PREX1,331
PREX2,38
PRF1,238
PRG2,149
PRG3,190
PRG4,159
PRH1,198
PRH2,111
PRICKLE1,97
PRICKLE2,50
PRICKLE3,250
PRICKLE4,410
PRIM1,28
PRIM2,153
PRIMA1,116
PRIMPOL,60
PRKAA1,229
PRKAA2,287
PRKAB1,277
PRKAB2,281
PRKACA,155
PRKACB,253
PRKACG,85
PRKAG1,32
PRKAG2,231
PRKAG3,256
PRKAR1A,124
PRKAR1B,70
PRKAR2A,141
PRKAR2B,184
PRKCA,34
PRKCB,263
PRKCD,178
PRKCE,28
PRKCG,118
PRKCH,92
PRKCI,154
PRKCQ,77
PRKCSH,83
PRKCZ,396
PRKD1,229
PRKD2,293
PRKD3,98
PRKDC,31
PRKG1,168
PRKG2,103
PRKN,88
PRKRA,167
PRKRIP1,477
PRKX,97
PRL,489
PRLH,47
PRLHR,90
PRLR,226
PRM1,503
PRM2,191
PRM3,335
PRMT1,53
PRMT2,194
PRMT3,48
PRMT5,305
PRMT6,133
PRMT7,141
PRMT8,142
PRMT9,342
PRND,73
PRNP,311
PROB1,190
PROC,406
PROCA1,105
PROCR,37
PRODH,323
PRODH2,142
PROK1,58
PROK2,74
PROKR1,190
PROKR2,208
PROM1,560
PROM2,238
PROP1,248
PRORP,28
PRORY,157
PROS1,32
PROSER1,173
PROSER2,84
PROSER3,109
PROX1,150
PROX2,111
PROZ,64
PRPF18,485
PRPF19,140
PRPF3,78
PRPF31,56
PRPF38A,76
PRPF38B,43
PRPF39,156
PRPF4,32
PRPF40A,33
PRPF40B,103
PRPF4B,83
PRPF6,8
PRPF8,22
PRPH,105
PRPH2,229
PRPS1,268
PRPS1L1,542
PRPS2,89
PRPSAP1,233
PRPSAP2,226
PRR11,143
PRR12,210
PRR14,321
PRR14L,88
PRR15,90
PRR15L,112
PRR16,273
PRR18,128
PRR19,153
PRR20E,255
PRR22,134
PRR23A,70
PRR23B,187
PRR23C,53
PRR23E,73
PRR27,309
PRR29,199
PRR3,167
PRR30,107
PRR32,153
PRR34,235
PRR35,110
PRR4,528
PRR5,672
PRR5L,106
PRR7,341
PRR9,492
PRRC1,173
PRRC2A,103
PRRC2B,409
PRRC2C,273
PRRG1,98
PRRG2,306
PRRG3,93
PRRG4,268
PRRT1,328
PRRT2,133
PRRT3,93
PRRT4,321
PRRX1,302
PRRX2,166
PRSS1,221
PRSS12,126
PRSS16,458
PRSS2,211
PRSS21,96
PRSS22,328
PRSS23,56
PRSS27,109
PRSS3,189
PRSS33,190
PRSS35,105
PRSS36,42
PRSS37,107
PRSS38,157
PRSS48,161
PRSS50,239
PRSS51,89
PRSS53,122
PRSS54,271
PRSS55,140
PRSS56,120
PRSS57,184
PRSS58,205
PRSS8,153
PRTFDC1,481
PRTG,226
PRTN3,157
PRUNE1,107
PRUNE2,62
PRX,40
PRXL2A,408
PRXL2B,431
PRXL2C,366
PRY,163
PRY2,208
PSAP,88
PSAPL1,230
PSAT1,406
PSCA,373
PSD,84
PSD2,150
PSD3,52
PSD4,1
PSEN1,329
PSEN2,187
PSENEN,567
PSG11,471
PSG2,154
PSG9,29
PSIP1,115
PSKH1,96
PSKH2,86
PSMA1,34
PSMA2,17
PSMA3,16
PSMA4,238
PSMA5,42
PSMA6,39
PSMA7,46
PSMA8,235
PSMB1,30
PSMB10,108
PSMB11,169
PSMB2,20
PSMB3,118
PSMB4,31
PSMB5,20
PSMB6,47
PSMB7,136
PSMB8,267
PSMB9,334
PSMC1,22
PSMC2,49
PSMC3,58
PSMC3IP,131
PSMC4,12
PSMC5,17
PSMC6,20
PSMD1,11
PSMD10,194
PSMD11,27
PSMD12,69
PSMD13,29
PSMD14,23
PSMD2,33
PSMD3,18
PSMD4,83
PSMD5,56
PSMD6,46
PSMD7,12
PSMD8,8
PSMD9,342
PSME1,38
PSME2,267
PSME3,151
PSME3IP1,297
PSME4,358
PSMF1,114
PSMG1,115
PSMG2,181
PSMG3,153
PSMG4,10
PSORS1C1,312
PSORS1C2,471
PSPC1,218
PSPH,146
PSPN,33
PSRC1,188
PSTK,135
PSTPIP1,216
PSTPIP2,193
PTAFR,558
PTAR1,53
PTBP1,29
PTBP2,201
PTBP3,146
PTCD1,146
PTCD2,232
PTCD3,204
PTCH1,138
PTCH2,167
PTCHD1,218
PTCHD3,291
PTCHD4,190
PTCRA,277
PTDSS1,243
PTDSS2,249
PTEN,142
PTER,50
PTF1A,67
PTGDR,314
PTGDR2,235
PTGDS,280
PTGER1,73
PTGER2,48
PTGER3,361
PTGER4,612
PTGES,358
PTGES2,220
PTGES3,106
PTGES3L,132
PTGFR,384
PTGFRN,283
PTGIR,220
PTGIS,57
PTGR1,443
PTGR2,121
PTGR3,112
PTGS1,143
PTGS2,328
PTH,119
PTH1R,233
PTH2,204
PTH2R,58
PTHLH,251
PTK2,75
PTK2B,366
PTK6,248
PTK7,108
PTMA,190
PTMS,418
PTN,78
PTOV1,82
PTP4A1,27
PTP4A2,89
PTP4A3,207
PTPA,342
PTPDC1,435
PTPMT1,125
PTPN1,55
PTPN11,310
PTPN12,16
PTPN13,160
PTPN14,196
PTPN18,34
PTPN2,46
PTPN20,296
PTPN22,258
PTPN23,147
PTPN3,115
PTPN4,341
PTPN5,75
PTPN6,46
PTPN7,208
PTPN9,78
PTPRA,90
PTPRB,214
PTPRC,201
PTPRCAP,69
PTPRD,574
PTPRE,962
PTPRF,112
PTPRG,286
PTPRH,199
PTPRJ,43
PTPRK,582
PTPRM,11
PTPRN,385
PTPRN2,86
PTPRO,84
PTPRQ,24
PTPRR,116
PTPRS,59
PTPRT,200
PTPRU,471
PTPRZ1,141
PTRH2,318
PTRHD1,63
PTS,411
PTTG1,42
PTTG1IP,186
PTTG2,156
PTX3,235
PTX4,50
PUDP,25
PUF60,97
PUM1,39
PUM2,230
PUM3,181
PURA,503
PURB,88
PURG,331
PUS1,156
PUS10,41
PUS3,170
PUS7,103
PUS7L,723
PUSL1,114
PVALB,56
PVR,123
PVRIG,108
PWP1,11
PWP2,119
PWWP2A,217
PWWP2B,218
PWWP3A,178
PWWP3B,123
PXDC1,254
PXDN,197
PXDNL,78
PXK,66
PXMP2,55
PXMP4,111
PXN,170
PXT1,85
PXYLP1,145
PYCARD,319
PYCR1,107
PYCR2,61
PYCR3,131
PYDC1,129
PYDC2,356
PYGB,114
PYGL,412
PYGM,58
PYGO1,140
PYGO2,84
PYHIN1,333
PYM1,122
PYROXD1,122
PYROXD2,16
PYY,459
PZP,141
QARS1,23
QDPR,230
QKI,280
QPCT,141
QPCTL,53
QPRT,290
QRFP,232
QRFPR,157
QRICH1,174
QRICH2,153
QRSL1,107
QSER1,244
QSOX1,90
QSOX2,136
QTRT1,294
QTRT2,175
R3HCC1,356
R3HCC1L,45
R3HDM1,247
R3HDM2,124
R3HDM4,228
R3HDML,307
RAB10,235
RAB11A,64
RAB11B,156
RAB11FIP1,79
RAB11FIP2,142
RAB11FIP3,237
RAB11FIP4,38
RAB11FIP5,69
RAB12,135
RAB13,35
RAB14,366
RAB15,155
RAB17,223
RAB18,57
RAB19,87
RAB1A,150
RAB1B,189
RAB20,66
RAB21,158
RAB22A,228
RAB23,192
RAB24,140
RAB25,512
RAB26,104
RAB27A,61
RAB27B,301
RAB28,147
RAB29,10
RAB2A,173
RAB2B,155
RAB30,43
RAB31,240
RAB32,57
RAB33A,76
RAB33B,165
RAB34,786
RAB35,379
RAB36,204
RAB37,158
RAB38,198
RAB39A,349
RAB39B,80
RAB3A,253
RAB3B,2
RAB3C,104
RAB3D,50
RAB3GAP1,177
RAB3GAP2,83
RAB3IL1,273
RAB3IP,156
RAB40A,138
RAB40AL,240
RAB40B,78
RAB40C,346
RAB41,167
RAB42,80
RAB43,131
RAB44,277
RAB4A,88
RAB5A,23
RAB5B,69
RAB5C,333
RAB5IF,174
RAB6A,64
RAB6B,481
RAB6C,193
RAB6D,11
RAB7A,166
RAB8A,97
RAB8B,52
RAB9A,435
RAB9B,52
RABAC1,374
RABEP1,351
RABEP2,153
RABEPK,67
RABGAP1,45
RABGAP1L,242
RABGGTA,100
RABGGTB,45
RABIF,77
RABL2A,175
RABL2B,156
RABL3,180
RABL6,140
RAC1,257
RAC2,174
RAC3,36
RACGAP1,18
RACK1,49
RAD1,269
RAD17,349
RAD18,112
RAD21,25
RAD21L1,123
RAD23A,125
RAD23B,94
RAD50,231
RAD51,125
RAD51AP1,489
RAD51AP2,157
RAD51B,212
RAD51C,109
RAD51D,68
RAD52,337
RAD54B,55
RAD54L,180
RAD54L2,86
RAD9A,81
RADIL,88
RADX,192
RAE1,90
RAET1E,377
RAET1G,83
RAET1L,127
RAF1,32
RAG1,153
RAG2,49
RAI1,102
RAI14,146
RAI2,116
RALA,53
RALB,102
RALBP1,163
RALGAPA1,119
RALGAPA2,77
RALGAPB,293
RALGDS,406
RALGPS1,266
RALGPS2,330
RALY,39
RALYL,289
RAMAC,146
RAMP1,53
RAMP2,107
RAMP3,393
RAN,113
RANBP1,73
RANBP10,162
RANBP17,64
RANBP2,272
RANBP3,169
RANBP3L,186
RANBP6,30
RANBP9,26
RANGAP1,77
RANGRF,96
RAP1A,112
RAP1B,277
RAP1GAP,335
RAP1GAP2,52
RAP1GDS1,309
RAP2A,126
RAP2B,279
RAP2C,243
RAPGEF1,79
RAPGEF2,63
RAPGEF3,336
RAPGEF4,218
RAPGEF5,93
RAPGEF6,150
RAPGEFL1,59
RAPH1,538
RAPSN,324
RARA,533
RARB,249
RARG,487
RARRES1,164
RARRES2,28
RARS1,283
RARS2,133
RASA1,524
RASA2,61
RASA3,249
RASA4,17
RASA4B,98
RASAL1,120
RASAL2,99
RASAL3,475
RASD1,152
RASD2,193
RASEF,122
RASGEF1A,199
RASGEF1B,91
RASGEF1C,109
RASGRF1,146
RASGRF2,27
RASGRP1,407
RASGRP2,513
RASGRP3,107
RASGRP4,150
RASIP1,87
RASL10A,150
RASL10B,461
RASL11A,99
RASL11B,147
RASL12,95
RASSF1,232
RASSF2,176
RASSF3,104
RASSF4,192
RASSF5,144
RASSF6,230
RASSF7,351
RASSF8,84
RASSF9,284
RAVER1,337
RAVER2,70
RAX,265
RAX2,95
RB1,124
RB1CC1,111
RBAK,353
RBBP4,50
RBBP5,51
RBBP6,64
RBBP7,309
RBBP8,134
RBBP8NL,562
RBBP9,96
RBCK1,23
RBFA,33
RBFOX1,91
RBFOX2,512
RBFOX3,62
RBIS,84
RBKS,98
RBL1,223
RBL2,625
RBM10,116
RBM11,217
RBM12B,208
RBM15,264
RBM15B,390
RBM17,33
RBM18,85
RBM19,24
RBM20,141
RBM22,50
RBM23,133
RBM24,163
RBM25,243
RBM26,127
RBM27,162
RBM28,87
RBM3,161
RBM33,140
RBM34,105
RBM38,90
RBM39,169
RBM4,163
RBM41,253
RBM42,60
RBM43,114
RBM44,194
RBM45,236
RBM46,48
RBM47,297
RBM48,107
RBM4B,168
RBM5,170
RBM6,74
RBM7,223
RBM8A,26
RBMS1,243
RBMS2,74
RBMS3,90
RBMX,49
RBMX2,138
RBMXL1,163
RBMXL2,149
RBMXL3,80
RBP1,214
RBP2,280
RBP3,67
RBP4,313
RBP5,206
RBP7,101
RBPJ,326
RBPJL,69
RBPMS,307
RBPMS2,112
RBSN,72
RBX1,20
RC3H1,26
RC3H2,114
RCAN1,199
RCAN2,308
RCBTB1,348
RCBTB2,71
RCC1,365
RCC1L,413
RCC2,271
RCCD1,499
RCE1,148
RCHY1,151
RCL1,115
RCN1,46
RCN2,111
RCN3,217
RCOR1,259
RCOR2,292
RCOR3,96
RCSD1,245
RCVRN,321
RD3,216
RD3L,46
RDH10,151
RDH11,133
RDH12,69
RDH13,432
RDH14,133
RDH16,127
RDH5,86
RDH8,163
RDM1,279
RDX,95
REC114,381
REC8,175
RECK,72
RECQL,119
RECQL4,151
RECQL5,156
REEP1,208
REEP2,219
REEP3,117
REEP4,157
REEP5,135
REEP6,142
REG1A,225
REG1B,124
REG3A,134
REG3G,422
REG4,71
REL,3
RELA,174
RELB,133
RELCH,65
RELL1,139
RELL2,244
RELN,143
RELT,155
REM1,74
REM2,164
REN,390
RENBP,143
REP15,166
REPIN1,107
REPS1,149
REPS2,263
RER1,605
RERE,228
RERG,8
RERGL,218
RESF1,111
RESP18,67
REST,235
RET,387
RETN,120
RETNLB,438
RETREG1,140
RETREG2,115
RETREG3,125
RETSAT,21
REV1,64
REV3L,71
REX1BD,89
REXO1,160
REXO2,147
REXO4,336
RFC1,43
RFC2,41
RFC3,87
RFC4,79
RFC5,214
RFESD,55
RFFL,18
RFK,21
RFLNA,236
RFLNB,184
RFNG,67
RFPL1,206
RFPL2,261
RFPL3,369
RFPL4A,134
RFPL4AL1,121
RFPL4B,26
RFT1,249
RFTN1,140
RFTN2,274
RFWD3,217
RFX1,70
RFX2,41
RFX3,246
RFX4,67
RFX5,171
RFX6,279
RFX7,75
RFX8,199
RFXANK,293
RFXAP,507
RGCC,212
RGL1,358
RGL2,230
RGL3,35
RGL4,272
RGMA,422
RGMB,429
RGN,144
RGP1,300
RGPD1,249
RGPD2,109
RGPD3,166
RGPD4,264
RGPD5,120
RGPD6,21
RGPD8,33
RGR,132
RGS1,47
RGS10,123
RGS11,85
RGS12,198
RGS13,216
RGS14,286
RGS16,185
RGS17,75
RGS18,110
RGS19,154
RGS2,112
RGS20,160
RGS21,180
RGS22,152
RGS3,251
RGS4,200
RGS5,83
RGS6,73
RGS7,75
RGS7BP,161
RGS8,308
RGS9,226
RGS9BP,201
RGSL1,397
RHAG,93
RHBDD1,81
RHBDD2,99
RHBDD3,69
RHBDF1,45
RHBDF2,408
RHBDL1,244
RHBDL2,170
RHBDL3,92
RHBG,56
RHCE,269
RHCG,104
RHD,310
RHEB,149
RHEBL1,123
RHEX,157
RHO,264
RHOA,125
RHOB,63
RHOBTB1,105
RHOBTB2,173
RHOBTB3,248
RHOC,284
RHOD,33
RHOF,137
RHOG,69
RHOH,228
RHOJ,41
RHOT1,150
RHOT2,40
RHOU,260
RHOV,109
RHOXF1,176
RHOXF2,182
RHOXF2B,279
RHPN1,63
RHPN2,61
RIBC2,205
RIC1,162
RIC3,128
RIC8A,143
RIC8B,78
RICTOR,129
RIDA,452
RIF1,77
RIGI,21
RIIAD1,333
RILP,47
RILPL1,231
RILPL2,35
RIMBP2,165
RIMBP3B,299
RIMBP3C,125
RIMKLA,55
RIMKLB,383
RIMOC1,210
RIMS1,155
RIMS2,154
RIMS3,56
RIMS4,240
RIN1,270
RIN2,101
RIN3,150
RING1,371
RINL,312
RINT1,34
RIOK1,39
RIOK2,80
RIOK3,268
RIOX1,128
RIOX2,22
RIPK1,298
RIPK2,78
RIPK3,309
RIPK4,99
RIPOR1,313
RIPOR2,217
RIPOR3,315
RIPPLY1,49
RIPPLY2,69
RIPPLY3,86
RIT1,116
RIT2,209
RITA1,127
RLBP1,3
RLF,148
RLIM,156
RLN1,263
RLN2,228
RLN3,191
RMC1,140
RMDN1,208
RMDN2,99
RMDN3,95
RMI1,178
RMI2,209
RMND1,101
RMND5A,39
RMND5B,80
RNASE1,113
RNASE10,144
RNASE11,15
RNASE12,49
RNASE13,215
RNASE2,113
RNASE3,397
RNASE6,204
RNASE7,156
RNASE8,566
RNASE9,215
RNASEH1,120
RNASEH2A,200
RNASEH2B,380
RNASEH2C,51
RNASEL,260
RNASET2,257
RND1,145
RND2,544
RND3,42
RNF10,162
RNF103,117
RNF11,75
RNF111,139
RNF112,415
RNF113A,6
RNF113B,361
RNF114,103
RNF115,95
RNF121,75
RNF122,396
RNF123,675
RNF125,16
RNF126,71
RNF128,183
RNF13,111
RNF130,334
RNF133,103
RNF135,74
RNF138,61
RNF139,174
RNF14,199
RNF141,474
RNF144A,403
RNF144B,70
RNF145,180
RNF146,92
RNF148,117
RNF149,154
RNF150,118
RNF151,1
RNF152,249
RNF157,289
RNF166,381
RNF167,68
RNF168,34
RNF169,113
RNF17,231
RNF170,61
RNF175,168
RNF180,147
RNF181,83
RNF182,54
RNF183,69
RNF185,176
RNF186,137
RNF187,196
RNF19A,138
RNF19B,185
RNF2,216
RNF20,175
RNF207,429
RNF208,364
RNF212,107
RNF212B,50
RNF213,251
RNF214,183
RNF215,264
RNF216,67
RNF217,70
RNF220,58
RNF222,171
RNF223,192
RNF224,321
RNF24,209
RNF25,450
RNF26,115
RNF31,212
RNF32,262
RNF34,110
RNF39,180
RNF4,81
RNF40,136
RNF41,58
RNF43,405
RNF44,358
RNF5,72
RNF6,103
RNF7,77
RNF8,102
RNFT1,225
RNFT2,31
RNGTT,16
RNH1,121
RNLS,192
RNMT,197
RNPC3,279
RNPEP,50
RNPEPL1,121
RNPS1,192
RO60,358
ROBO1,120
ROBO2,230
ROBO3,163
ROBO4,206
ROCK1,11
ROCK2,123
ROGDI,153
ROM1,141
ROMO1,108
ROPN1,251
ROPN1B,170
ROPN1L,154
ROR1,386
ROR2,61
RORA,21
RORB,40
RORC,554
ROS1,166
RP1,275
RP1L1,287
RP2,294
RP9,79
RPA1,39
RPA2,20
RPA3,1
RPA4,51
RPAIN,112
RPAP1,70
RPAP2,55
RPAP3,123
RPE,110
RPE65,162
RPF1,60
RPF2,45
RPGR,109
RPGRIP1,373
RPGRIP1L,178
RPH3A,66
RPH3AL,327
RPIA,137
RPL10,70
RPL10A,22
RPL10L,206
RPL11,49
RPL12,125
RPL13,63
RPL13A,99
RPL14,16
RPL15,19
RPL17,9
RPL18,68
RPL18A,66
RPL19,19
RPL21,45
RPL22,617
RPL22L1,73
RPL23,13
RPL23A,54
RPL24,11
RPL26,33
RPL26L1,172
RPL27,29
RPL27A,26
RPL28,69
RPL29,125
RPL3,90
RPL30,51
RPL31,29
RPL32,12
RPL34,14
RPL35,26
RPL35A,29
RPL36,13
RPL36A,306
RPL36AL,172
RPL37,55
RPL37A,111
RPL38,15
RPL39,34
RPL39L,80
RPL3L,145
RPL4,102
RPL41,107
RPL5,70
RPL6,19
RPL7,27
RPL7A,34
RPL7L1,115
RPL8,19
RPL9,33
RPLP0,7
RPLP1,51
RPLP2,98
RPN1,184
RPN2,72
RPP14,64
RPP21,69
RPP25,80
RPP25L,50
RPP30,95
RPP40,113
RPRD1A,136
RPRD1B,126
RPRD2,169
RPRM,98
RPRML,159
RPS10,4
RPS11,72
RPS12,105
RPS13,41
RPS14,12
RPS15,58
RPS15A,12
RPS16,162
RPS17,85
RPS18,22
RPS19,40
RPS19BP1,89
RPS2,95
RPS20,59
RPS21,31
RPS23,40
RPS24,26
RPS25,61
RPS26,42
RPS27,54
RPS27A,40
RPS27L,392
RPS28,47
RPS29,321
RPS3,386
RPS3A,49
RPS4X,5
RPS4Y1,221
RPS4Y2,217
RPS5,38
RPS6,79
RPS6KA1,314
RPS6KA2,131
RPS6KA3,217
RPS6KA4,53
RPS6KA5,73
RPS6KA6,29
RPS6KB1,218
RPS6KB2,488
RPS6KC1,270
RPS6KL1,98
RPS7,55
RPS8,16
RPS9,47
RPSA,81
RPTN,261
RPTOR,145
RPUSD1,383
RPUSD2,45
RPUSD3,25
RRAD,37
RRAGA,120
RRAGB,203
RRAGC,94
RRAGD,268
RRAS,340
RRAS2,210
RRBP1,19
RREB1,91
RRH,30
RRM1,21
RRM2,137
RRM2B,69
RRN3,99
RRP1,22
RRP12,107
RRP15,77
RRP1B,201
RRP36,79
RRP7A,11
RRP8,141
RRP9,5
RRS1,45
RS1,357
RSAD1,138
RSAD2,413
RSBN1,103
RSBN1L,60
RSC1A1,472
RSF1,127
RSL1D1,216
RSL24D1,118
RSPH1,227
RSPH10B,551
RSPH10B2,94
RSPH14,92
RSPH3,426
RSPH4A,75
RSPH6A,143
RSPH9,100
RSPO1,261
RSPO2,95
RSPO3,245
RSPO4,95
RSPRY1,264
RSRC1,219
RSRC2,157
RSRP1,30
RSU1,232
RTBDN,374
RTCA,131
RTCB,165
RTEL1,91
RTF1,149
RTF2,255
RTKN,98
RTKN2,156
RTL1,104
RTL10,18
RTL3,157
RTL4,405
RTL5,16
RTL6,77
RTL8A,62
RTL8B,73
RTL8C,87
RTL9,494
RTN1,125
RTN2,157
RTN3,545
RTN4,32
RTN4IP1,39
RTN4R,47
RTN4RL1,185
RTN4RL2,111
RTP1,50
RTP2,142
RTP3,114
RTP4,257
RTP5,35
RTRAF,173
RTTN,309
RUBCN,232
RUBCNL,98
RUFY1,89
RUFY2,188
RUFY3,243
RUFY4,104
RUNDC1,70
RUNDC3A,145
RUNDC3B,90
RUNX1,292
RUNX1T1,380
RUNX2,200
RUNX3,574
RUSC1,615
RUSC1-AS1,323
RUSC2,484
RUSF1,210
RUVBL1,11
RUVBL2,80
RWDD1,300
RWDD2A,126
RWDD2B,15
RWDD3,67
RWDD4,236
RXFP1,121
RXFP2,116
RXFP3,258
RXFP4,261
RXRA,198
RXRB,61
RXRG,79
RXYLT1,206
RYBP,309
RYK,143
RYR1,203
RYR2,41
RYR3,69
S100A1,522
S100A10,393
S100A11,67
S100A12,426
S100A13,515
S100A14,267
S100A16,127
S100A2,176
S100A3,115
S100A4,206
S100A5,315
S100A6,271
S100A7,39
S100A7A,303
S100A8,19
S100A9,236
S100B,161
S100G,194
S100P,40
S100PBP,29
S100Z,148
S1PR1,408
S1PR2,92
S1PR3,170
S1PR4,153
S1PR5,173
SAA1,45
SAA2,54
SAA4,83
SAAL1,398
SAC3D1,206
SACM1L,316
SACS,273
SAE1,143
SAFB,277
SAFB2,141
SAG,110
SAGE1,242
SALL1,470
SALL2,461
SALL3,229
SALL4,195
SAMD1,60
SAMD10,217
SAMD11,212
SAMD12,136
SAMD13,195
SAMD14,198
SAMD15,25
SAMD3,276
SAMD4A,243
SAMD4B,236
SAMD5,213
SAMD7,120
SAMD8,246
SAMD9,145
SAMD9L,325
SAMHD1,77
SAMM50,137
SAMSN1,188
SANBR,340
SAP130,55
SAP18,280
SAP25,19
SAP30,469
SAP30BP,236
SAP30L,128
SAPCD1,159
SAPCD2,16
SAR1A,230
SAR1B,92
SARAF,59
SARDH,299
SARM1,142
SARNP,186
SARS1,30
SARS2,430
SART1,116
SART3,134
SASH1,32
SASH3,101
SASS6,164
SAT1,235
SAT2,130
SATB1,274
SATB2,71
SATL1,77
SAV1,68
SAXO1,324
SAXO2,323
SAYSD1,43
SBDS,82
SBF1,14
SBF2,261
SBK1,169
SBK2,87
SBNO1,60
SBNO2,155
SBSN,295
SBSPON,182
SC5D,262
SCAF1,146
SCAF11,88
SCAF4,71
SCAF8,23
SCAI,103
SCAMP1,203
SCAMP2,388
SCAMP3,127
SCAMP4,217
SCAMP5,38
SCAND1,29
SCAND3,85
SCAP,388
SCAPER,83
SCARA3,81
SCARA5,112
SCARB1,177
SCARB2,88
SCARF1,161
SCARF2,129
SCCPDH,89
SCD,135
SCD5,73
SCEL,34
SCFD1,249
SCFD2,43
SCG2,40
SCG3,691
SCG5,164
SCGB1A1,139
SCGB1C1,517
SCGB1D1,184
SCGB1D2,205
SCGB1D4,212
SCGB2A1,122
SCGB2A2,519
SCGB2B2,345
SCGB3A1,47
SCGB3A2,300
SCGN,203
SCHIP1,480
SCIMP,47
SCIN,36
SCLT1,320
SCLY,141
SCMH1,707
SCML1,199
SCML2,141
SCML4,64
SCN10A,302
SCN11A,266
SCN1A,234
SCN1B,84
SCN2A,128
SCN2B,41
SCN3A,62
SCN3B,126
SCN4A,182
SCN4B,139
SCN5A,81
SCN7A,107
SCN8A,318
SCN9A,349
SCNM1,178
SCNN1A,189
SCNN1B,227
SCNN1D,408
SCNN1G,279
SCO1,120
SCO2,291
SCOC,33
SCP2,95
SCP2D1,159
SCP2D1-AS1,173
SCPEP1,175
SCRG1,99
SCRIB,139
SCRN1,14
SCRN2,118
SCRN3,130
SCRT1,199
SCRT2,78
SCT,56
SCTR,366
SCUBE1,211
SCUBE2,131
SCUBE3,170
SCX,175
SCYL1,123
SCYL2,73
SCYL3,210
SDAD1,19
SDC1,106
SDC2,59
SDC3,200
SDC4,234
SDCBP,73
SDCBP2,200
SDCCAG8,107
SDE2,132
SDF2,54
SDF2L1,254
SDF4,99
SDHA,41
SDHAF1,39
SDHAF2,228
SDHAF3,162
SDHAF4,174
SDHB,385
SDHC,90
SDHD,10
SDK1,419
SDK2,301
SDR16C5,126
SDR39U1,243
SDR42E1,207
SDR42E2,87
SDR9C7,403
SDS,179
SDSL,98
SEC11A,70
SEC11C,4
SEC13,32
SEC14L1,229
SEC14L2,69
SEC14L3,119
SEC14L4,252
SEC14L5,103
SEC14L6,88
SEC16A,141
SEC16B,362
SEC22A,151
SEC22B,35
SEC22C,72
SEC23A,192
SEC23B,164
SEC23IP,153
SEC24A,106
SEC24B,36
SEC24C,144
SEC24D,25
SEC31A,120
SEC31B,64
SEC61A1,444
SEC61A2,192
SEC61B,75
SEC61G,41
SEC62,113
SEC63,188
SECISBP2,64
SECISBP2L,309
SECTM1,80
SEH1L,28
SEL1L,145
SEL1L2,284
SEL1L3,372
SELE,102
SELENBP1,166
SELENOF,195
SELENOH,131
SELENOI,190
SELENOK,323
SELENOM,200
SELENON,379
SELENOO,28
SELENOP,203
SELENOS,177
SELENOT,136
SELENOV,48
SELENOW,291
SELL,209
SELP,332
SELPLG,140
SEM1,281
SEMA3A,338
SEMA3B,329
SEMA3C,119
SEMA3D,168
SEMA3E,139
SEMA3F,135
SEMA3G,189
SEMA4A,56
SEMA4B,243
SEMA4C,230
SEMA4D,647
SEMA4F,168
SEMA4G,88
SEMA5A,166
SEMA5B,89
SEMA6A,255
SEMA6B,222
SEMA6C,216
SEMA6D,29
SEMA7A,96
SENP1,93
SENP2,128
SENP3,202
SENP5,269
SENP6,157
SENP7,188
SENP8,44
SEPHS1,335
SEPHS2,369
SEPSECS,439
SEPTIN1,95
SEPTIN10,43
SEPTIN11,113
SEPTIN12,101
SEPTIN14,99
SEPTIN2,116
SEPTIN3,111
SEPTIN4,441
SEPTIN5,238
SEPTIN6,40
SEPTIN7,460
SEPTIN8,102
SEPTIN9,101
SERAC1,156
SERBP1,297
SERF2,245
SERGEF,66
SERHL2,197
SERINC1,91
SERINC2,131
SERINC3,222
SERINC4,241
SERINC5,184
SERP1,144
SERP2,84
SERPINA1,425
SERPINA10,100
SERPINA11,107
SERPINA12,201
SERPINA3,239
SERPINA4,318
SERPINA5,509
SERPINA6,118
SERPINA7,184
SERPINA9,158
SERPINB1,28
SERPINB10,100
SERPINB11,142
SERPINB12,282
SERPINB13,469
SERPINB2,202
SERPINB3,49
SERPINB4,364
SERPINB5,328
SERPINB6,157
SERPINB7,261
SERPINB8,134
SERPINB9,39
SERPINC1,177
SERPIND1,222
SERPINE1,130
SERPINE2,231
SERPINE3,155
SERPINF1,187
SERPINF2,153
SERPING1,116
SERPINH1,123
SERPINI1,47
SERPINI2,198
SERTAD1,306
SERTAD2,56
SERTAD3,202
SERTAD4,76
SERTM1,90
SESN1,289
SESN2,63
SESN3,146
SESTD1,271
SET,145
SETBP1,243
SETD1A,41
SETD1B,192
SETD2,145
SETD3,119
SETD4,120
SETD5,226
SETD6,172
SETD7,6
SETD9,173
SETDB1,106
SETDB2,235
SETMAR,11
SETX,155
SEZ6,369
SEZ6L,110
SEZ6L2,358
SF1,40
SF3A1,133
SF3A2,211
SF3A3,319
SF3B1,12
SF3B2,62
SF3B3,71
SF3B4,41
SF3B5,17
SFI1,134
SFMBT1,238
SFMBT2,333
SFN,216
SFPQ,220
SFR1,299
SFRP1,190
SFRP2,14
SFRP4,116
SFRP5,340
SFSWAP,267
SFT2D1,182
SFT2D2,132
SFT2D3,367
SFTA2,331
SFTA3,24
SFTPA1,145
SFTPA2,137
SFTPB,252
SFTPC,198
SFTPD,172
SFXN1,155
SFXN2,50
SFXN3,373
SFXN4,390
SFXN5,91
SGCA,436
SGCB,106
SGCE,112
SGCG,146
SGCZ,204
SGF29,171
SGIP1,420
SGK1,281
SGK2,180
SGK3,544
SGMS1,87
SGMS2,64
SGO1,20
SGO2,188
SGPL1,73
SGPP1,1
SGPP2,90
SGSH,321
SGSM1,328
SGSM2,150
SGSM3,285
SGTA,402
SGTB,244
SH2B1,205
SH2B2,226
SH2B3,82
SH2D1A,87
SH2D1B,108
SH2D2A,329
SH2D3A,319
SH2D3C,286
SH2D4A,153
SH2D4B,383
SH2D5,62
SH2D6,213
SH2D7,55
SH3BGR,433
SH3BGRL,127
SH3BGRL2,346
SH3BGRL3,56
SH3BP1,80
SH3BP2,176
SH3BP4,50
SH3BP5,252
SH3BP5L,105
SH3D19,217
SH3GL1,288
SH3GL2,3
SH3GL3,532
SH3GLB1,52
SH3GLB2,208
SH3KBP1,108
SH3PXD2A,108
SH3PXD2B,160
SH3RF1,215
SH3RF2,200
SH3RF3,225
SH3TC1,214
SH3TC2,222
SH3YL1,104
SHANK1,144
SHANK2,180
SHANK3,151
SHARPIN,88
SHB,72
SHBG,245
SHC1,138
SHC2,220
SHC3,375
SHC4,30
SHCBP1,55
SHCBP1L,213
SHD,49
SHF,417
SHFL,332
SHH,224
SHISA2,138
SHISA3,123
SHISA4,70
SHISA5,62
SHISA6,137
SHISA7,347
SHISA8,133
SHISA9,2
SHISAL1,368
SHISAL2A,140
SHISAL2B,44
SHKBP1,262
SHLD1,180
SHLD2,114
SHMT1,125
SHMT2,56
SHOC1,166
SHOC2,275
SHOX,121
SHOX2,44
SHPK,42
SHPRH,87
SHQ1,72
SHROOM1,299
SHROOM2,45
SHROOM3,275
SHROOM4,78
SHTN1,176
SI,148
SIAE,27
SIAH1,40
SIAH3,235
SIDT1,174
SIDT2,314
SIGIRR,200
SIGLEC1,247
SIGLEC10,148
SIGLEC11,267
SIGLEC12,131
SIGLEC14,267
SIGLEC15,405
SIGLEC5,257
SIGLEC6,283
SIGLEC7,359
SIGLEC8,288
SIGLEC9,82
SIGLECL1,197
SIGMAR1,65
SIK1,149
SIK2,103
SIK3,47
SIKE1,104
SIL1,52
SIM1,159
SIM2,276
SIMC1,80
SIN3A,320
SIN3B,61
SINHCAF,236
SIPA1,431
SIPA1L1,268
SIPA1L2,154
SIPA1L3,115
SIRPA,94
SIRPB1,168
SIRPB2,52
SIRPD,128
SIRPG,98
SIRT1,155
SIRT2,120
SIRT3,76
SIRT4,505
SIRT5,44
SIRT6,74
SIRT7,173
SIT1,195
SIVA1,197
SIX1,384
SIX2,32
SIX3,26
SIX4,278
SIX5,121
SIX6,48
SKA1,190
SKA2,155
SKA3,61
SKAP1,74
SKAP2,127
SKI,233
SKIC2,361
SKIC3,116
SKIC8,33
SKIDA1,185
SKIL,211
SKOR1,117
SKOR2,33
SKP1,53
SKP2,15
SLA,127
SLA2,175
SLAIN1,192
SLAIN2,349
SLAMF1,128
SLAMF6,51
SLAMF7,279
SLAMF8,276
SLAMF9,193
SLBP,80
SLC10A1,197
SLC10A2,166
SLC10A3,74
SLC10A4,407
SLC10A5,194
SLC10A6,294
SLC10A7,16
SLC11A1,60
SLC11A2,377
SLC12A1,232
SLC12A2,417
SLC12A3,224
SLC12A4,258
SLC12A5,451
SLC12A6,332
SLC12A7,362
SLC12A8,499
SLC12A9,143
SLC13A1,155
SLC13A2,175
SLC13A3,368
SLC13A4,272
SLC13A5,179
SLC14A1,264
SLC14A2,261
SLC15A1,318
SLC15A2,211
SLC15A3,253
SLC15A4,192
SLC15A5,55
SLC16A1,179
SLC16A10,166
SLC16A11,216
SLC16A12,207
SLC16A13,57
SLC16A14,77
SLC16A2,64
SLC16A3,55
SLC16A4,101
SLC16A5,68
SLC16A6,202
SLC16A7,112
SLC16A8,31
SLC16A9,116
SLC17A1,215
SLC17A2,76
SLC17A3,154
SLC17A4,158
SLC17A5,233
SLC17A6,41
SLC17A7,151
SLC17A8,392
SLC18A1,108
SLC18A2,81
SLC18A3,27
SLC18B1,276
SLC19A1,24
SLC19A2,75
SLC19A3,393
SLC1A1,221
SLC1A2,169
SLC1A3,302
SLC1A4,195
SLC1A5,357
SLC1A6,278
SLC1A7,392
SLC20A1,266
SLC22A1,389
SLC22A10,524
SLC22A11,86
SLC22A12,198
SLC22A13,125
SLC22A14,167
SLC22A15,251
SLC22A16,41
SLC22A17,417
SLC22A18,174
SLC22A18AS,22
SLC22A2,62
SLC22A23,169
SLC22A24,157
SLC22A25,293
SLC22A3,243
SLC22A31,173
SLC22A4,149
SLC22A5,38
SLC22A6,196
SLC22A7,38
SLC22A8,39
SLC22A9,162
SLC23A1,149
SLC23A2,100
SLC23A3,243
SLC24A1,414
SLC24A2,121
SLC24A3,406
SLC24A4,81
SLC24A5,86
SLC25A1,122
SLC25A11,227
SLC25A12,92
SLC25A13,259
SLC25A14,71
SLC25A15,58
SLC25A16,101
SLC25A17,20
SLC25A18,79
SLC25A19,541
SLC25A2,280
SLC25A20,383
SLC25A21,82
SLC25A22,30
SLC25A23,229
SLC25A24,130
SLC25A25,420
SLC25A26,376
SLC25A27,28
SLC25A28,92
SLC25A29,63
SLC25A3,226
SLC25A30,503
SLC25A31,185
SLC25A32,373
SLC25A33,60
SLC25A34,166
SLC25A35,165
SLC25A36,65
SLC25A37,278
SLC25A38,509
SLC25A39,302
SLC25A4,265
SLC25A40,8
SLC25A41,113
SLC25A42,540
SLC25A43,84
SLC25A44,59
SLC25A45,186
SLC25A46,196
SLC25A47,95
SLC25A48,98
SLC25A5,133
SLC25A51,327
SLC25A52,123
SLC25A53,83
SLC25A6,254
SLC26A1,58
SLC26A11,59
SLC26A2,216
SLC26A3,199
SLC26A4,344
SLC26A5,222
SLC26A6,159
SLC26A7,139
SLC26A8,93
SLC26A9,223
SLC27A1,303
SLC27A2,130
SLC27A3,35
SLC27A4,197
SLC27A5,416
SLC27A6,97
SLC28A1,297
SLC28A2,239
SLC28A3,40
SLC29A1,468
SLC29A2,89
SLC29A3,82
SLC29A4,84
SLC2A1,54
SLC2A10,33
SLC2A11,203
SLC2A12,98
SLC2A13,138
SLC2A14,256
SLC2A2,55
SLC2A3,173
SLC2A4,80
SLC2A4RG,168
SLC2A5,268
SLC2A6,174
SLC2A7,261
SLC2A8,239
SLC2A9,199
SLC30A1,192
SLC30A10,43
SLC30A2,51
SLC30A3,2
SLC30A4,95
SLC30A5,351
SLC30A6,368
SLC30A7,115
SLC30A8,170
SLC30A9,90
SLC31A1,147
SLC31A2,196
SLC32A1,6
SLC33A1,153
SLC34A1,569
SLC34A2,79
SLC34A3,75
SLC35A1,135
SLC35A2,137
SLC35A3,211
SLC35A4,259
SLC35A5,220
SLC35B1,201
SLC35B2,133
SLC35B3,140
SLC35B4,94
SLC35C1,137
SLC35C2,240
SLC35D1,217
SLC35D2,120
SLC35D3,267
SLC35E1,9
SLC35E2B,68
SLC35E3,177
SLC35E4,48
SLC35F1,37
SLC35F2,216
SLC35F3,270
SLC35F4,87
SLC35F5,310
SLC35G1,219
SLC35G2,99
SLC35G3,118
SLC35G4,195
SLC35G5,130
SLC35G6,312
SLC36A1,327
SLC36A2,96
SLC36A3,310
SLC36A4,68
SLC37A1,28
SLC37A2,184
SLC37A3,20
SLC37A4,304
SLC38A1,231
SLC38A10,314
SLC38A11,278
SLC38A2,44
SLC38A3,103
SLC38A4,246
SLC38A5,153
SLC38A6,124
SLC38A7,4
SLC38A8,60
SLC38A9,102
SLC39A1,278
SLC39A10,136
SLC39A11,391
SLC39A12,421
SLC39A13,236
SLC39A14,407
SLC39A2,116
SLC39A3,54
SLC39A4,404
SLC39A5,95
SLC39A6,216
SLC39A7,226
SLC39A8,257
SLC39A9,141
SLC3A1,290
SLC3A2,194
SLC40A1,346
SLC41A1,72
SLC41A2,190
SLC41A3,162
SLC43A1,279
SLC43A2,30
SLC43A3,42
SLC44A1,221
SLC44A2,109
SLC44A3,41
SLC44A4,477
SLC44A5,61
SLC45A1,112
SLC45A2,20
SLC45A3,66
SLC45A4,876
SLC46A1,151
SLC46A2,55
SLC46A3,249
SLC47A1,74
SLC47A2,158
SLC48A1,376
SLC49A3,107
SLC49A4,53
SLC4A1,149
SLC4A10,104
SLC4A11,339
SLC4A1AP,302
SLC4A2,284
SLC4A3,20
SLC4A4,70
SLC4A5,356
SLC4A7,79
SLC4A8,84
SLC4A9,75
SLC50A1,97
SLC51A,99
SLC51B,75
SLC52A1,374
SLC52A2,1
SLC52A3,70
SLC5A1,4
SLC5A10,223
SLC5A11,32
SLC5A12,127
SLC5A2,176
SLC5A4,321
SLC5A5,464
SLC5A6,41
SLC5A7,85
SLC5A8,262
SLC5A9,173
SLC66A1,46
SLC66A2,132
SLC66A3,76
SLC6A1,237
SLC6A11,126
SLC6A12,225
SLC6A13,307
SLC6A14,92
SLC6A15,77
SLC6A16,145
SLC6A17,72
SLC6A18,221
SLC6A19,109
SLC6A2,393
SLC6A20,119
SLC6A3,416
SLC6A4,183
SLC6A5,236
SLC6A6,173
SLC6A7,62
SLC6A8,117
SLC6A9,185
SLC7A1,76
SLC7A10,47
SLC7A11,105
SLC7A13,377
SLC7A14,186
SLC7A2,339
SLC7A3,157
SLC7A4,484
SLC7A5,90
SLC7A6,27
SLC7A6OS,144
SLC7A7,240
SLC7A8,58
SLC7A9,200
SLC8A1,589
SLC8A2,70
SLC8A3,106
SLC8B1,227
SLC9A1,161
SLC9A2,50
SLC9A3,91
SLC9A4,199
SLC9A5,68
SLC9A6,148
SLC9A7,72
SLC9A8,271
SLC9A9,420
SLC9B1,277
SLC9B2,132
SLC9C1,141
SLC9C2,142
SLCO1A2,279
SLCO1B1,125
SLCO1B3,87
SLCO1C1,95
SLCO2A1,138
SLCO2B1,253
SLCO3A1,171
SLCO4A1,274
SLCO4C1,77
SLCO5A1,265
SLCO6A1,80
SLF1,629
SLF2,3
SLFN11,238
SLFN12,376
SLFN12L,369
SLFN13,306
SLFN14,166
SLFN5,66
SLFNL1,55
SLIRP,58
SLIT1,313
SLIT2,76
SLIT3,68
SLITRK1,327
SLITRK2,229
SLITRK3,199
SLITRK4,255
SLITRK5,579
SLITRK6,243
SLK,91
SLMAP,56
SLN,61
SLPI,228
SLTM,71
SLU7,119
SLURP1,293
SLX4,143
SLX4IP,11
SLX9,102
SMAD1,180
SMAD2,107
SMAD3,42
SMAD4,108
SMAD5,175
SMAD6,43
SMAD7,52
SMAD9,81
SMAGP,127
SMAP1,102
SMAP2,640
SMARCA1,69
SMARCA2,32
SMARCA4,67
SMARCA5,344
SMARCAD1,52
SMARCAL1,209
SMARCB1,475
SMARCC1,217
SMARCC2,176
SMARCD1,199
SMARCD2,200
SMARCD3,506
SMARCE1,111
SMC1B,124
SMC2,3
SMC3,106
SMC4,338
SMC5,200
SMC6,78
SMCHD1,114
SMCO1,119
SMCO2,266
SMCO3,306
SMCO4,118
SMCP,169
SMCR8,69
SMDT1,122
SMG1,197
SMG5,28
SMG6,33
SMG7,259
SMG8,220
SMG9,57
SMIM1,259
SMIM10,16
SMIM11,127
SMIM12,432
SMIM13,86
SMIM14,95
SMIM15,197
SMIM17,213
SMIM18,236
SMIM2,287
SMIM20,134
SMIM21,43
SMIM22,58
SMIM23,142
SMIM24,21
SMIM29,358
SMIM3,145
SMIM5,689
SMIM6,46
SMIM7,79
SMIM8,265
SMIM9,64
SMKR1,118
SMLR1,87
SMNDC1,262
SMO,293
SMOC1,235
SMOC2,163
SMOX,88
SMPD1,178
SMPD2,461
SMPD3,190
SMPD4,280
SMPDL3A,204
SMPDL3B,307
SMPX,289
SMR3A,676
SMR3B,138
SMS,191
SMTN,258
SMTNL1,181
SMTNL2,238
SMU1,10
SMUG1,23
SMURF1,89
SMURF2,131
SMYD1,392
SMYD2,116
SMYD3,83
SMYD4,66
SMYD5,325
SNAI1,72
SNAI3,12
SNAP23,46
SNAP25,86
SNAP29,102
SNAP47,236
SNAP91,159
SNAPC1,117
SNAPC2,73
SNAPC3,59
SNAPC4,320
SNAPC5,69
SNAPIN,89
SNCA,60
SNCAIP,37
SNCB,89
SNCG,101
SND1,144
SNED1,168
SNF8,92
SNHG28,257
SNHG32,89
SNIP1,46
SNN,75
SNORC,348
SNPH,123
SNRK,139
SNRNP200,40
SNRNP25,28
SNRNP27,141
SNRNP35,135
SNRNP40,180
SNRNP48,135
SNRNP70,35
SNRPA,268
SNRPA1,15
SNRPB,13
SNRPB2,348
SNRPC,226
SNRPD1,26
SNRPD2,10
SNRPD3,37
SNRPE,69
SNRPF,58
SNRPG,5
SNTA1,27
SNTB1,91
SNTB2,60
SNTG1,73
SNTG2,129
SNTN,299
SNU13,42
SNUPN,103
SNURF,146
SNW1,230
SNX1,259
SNX10,27
SNX11,324
SNX12,106
SNX13,354
SNX14,81
SNX15,330
SNX16,184
SNX17,289
SNX18,289
SNX19,420
SNX2,127
SNX20,264
SNX21,32
SNX22,119
SNX24,190
SNX25,294
SNX27,73
SNX29,154
SNX3,220
SNX30,68
SNX31,78
SNX32,399
SNX33,414
SNX4,90
SNX5,118
SNX6,316
SNX7,112
SNX8,99
SNX9,85
SOAT1,104
SOAT2,199
SOBP,10
SOCS1,363
SOCS2,125
SOCS3,91
SOCS4,232
SOCS5,251
SOCS6,78
SOCS7,258
SOD1,36
SOD2,200
SOD3,61
SOGA1,51
SOGA3,87
SOHLH1,180
SOHLH2,34
SON,292
SORBS1,261
SORBS2,344
SORBS3,109
SORCS1,86
SORCS2,177
SORCS3,146
SORD,122
SORL1,247
SORT1,56
SOS1,190
SOS2,251
SOST,70
SOSTDC1,216
SOWAHA,246
SOWAHB,267
SOWAHC,14
SOWAHD,70
SOX1,124
SOX10,352
SOX11,257
SOX12,76
SOX13,79
SOX14,318
SOX15,217
SOX17,270
SOX18,116
SOX2,43
SOX21,52
SOX3,106
SOX30,256
SOX4,232
SOX5,193
SOX6,629
SOX8,131
SOX9,105
SP1,129
SP100,250
SP110,194
SP140,195
SP140L,142
SP2,284
SP3,128
SP4,230
SP5,64
SP6,114
SP7,479
SP8,168
SP9,98
SPA17,20
SPACA1,48
SPACA3,250
SPACA4,101
SPACA5,208
SPACA5B,142
SPACA7,97
SPACA9,141
SPACDR,258
SPAG1,378
SPAG16,84
SPAG17,36
SPAG4,177
SPAG5,234
SPAG6,205
SPAG7,120
SPAG8,75
SPAG9,126
SPAM1,137
SPANXC,393
SPANXN1,201
SPANXN2,156
SPANXN3,302
SPANXN4,137
SPANXN5,101
SPARC,248
SPARCL1,280
SPART,114
SPAST,99
SPATA12,170
SPATA13,10
SPATA16,144
SPATA17,179
SPATA18,77
SPATA19,211
SPATA2,68
SPATA20,8
SPATA21,425
SPATA22,407
SPATA24,232
SPATA25,29
SPATA2L,358
SPATA3,234
SPATA31D1,234
SPATA31E1,123
SPATA32,340
SPATA33,125
SPATA4,70
SPATA45,91
SPATA46,388
SPATA6,95
SPATA6L,154
SPATA7,405
SPATA8,266
SPATA9,53
SPATC1,334
SPATC1L,436
SPATS1,103
SPATS2,213
SPATS2L,401
SPC24,1
SPC25,346
SPCS1,177
SPCS2,164
SPCS3,244
SPDEF,56
SPDL1,63
SPDYA,209
SPDYC,172
SPDYE2,231
SPDYE2B,364
SPDYE4,179
SPECC1,389
SPECC1L,123
SPEF1,80
SPEF2,184
SPEG,96
SPEM1,266
SPEM2,122
SPEN,124
SPG11,280
SPG21,65
SPG7,71
SPHK1,110
SPHK2,353
SPHKAP,83
SPI1,28
SPIB,198
SPIC,335
SPICE1,141
SPIDR,96
SPIN1,171
SPIN2A,15
SPIN2B,90
SPIN3,64
SPIN4,74
SPINDOC,52
SPINK1,175
SPINK13,92
SPINK14,158
SPINK2,223
SPINK4,75
SPINK5,301
SPINK6,238
SPINK7,111
SPINK8,243
SPINT1,74
SPINT2,130
SPINT3,105
SPINT4,130
SPIRE1,30
SPIRE2,40
SPN,118
SPNS1,43
SPNS2,231
SPNS3,258
SPO11,51
SPOCD1,75
SPOCK1,96
SPOCK2,95
SPOCK3,31
SPON1,71
SPON2,256
SPOP,70
SPOPL,65
SPOUT1,71
SPP1,262
SPP2,275
SPPL2A,99
SPPL2B,107
SPPL2C,108
SPPL3,149
SPR,83
SPRED1,73
SPRED2,90
SPRED3,44
SPRING1,69
SPRN,82
SPRR1A,376
SPRR1B,505
SPRR2A,16
SPRR2B,199
SPRR2D,331
SPRR2E,264
SPRR2F,261
SPRR2G,6
SPRR3,490
SPRR4,264
SPRTN,237
SPRY1,298
SPRY2,212
SPRY3,58
SPRY4,129
SPRYD3,122
SPRYD4,449
SPRYD7,53
SPSB1,153
SPSB2,33
SPSB3,86
SPSB4,120
SPTA1,137
SPTAN1,100
SPTB,116
SPTBN1,134
SPTBN2,223
SPTBN4,437
SPTBN5,370
SPTLC1,55
SPTLC2,87
SPTLC3,328
SPTSSA,238
SPTY2D1,17
SPX,639
SPZ1,192
SQLE,167
SQOR,74
SQSTM1,395
SRA1,25
SRARP,321
SRBD1,185
SRC,170
SRCAP,236
SRCIN1,2
SRD5A1,96
SRD5A2,38
SRD5A3,147
SREBF1,174
SREBF2,16
SREK1,139
SREK1IP1,197
SRF,119
SRFBP1,39
SRGAP1,274
SRGAP2,71
SRGAP3,150
SRGN,565
SRI,195
SRL,125
SRM,78
SRMS,57
SRP14,338
SRP19,88
SRP54,42
SRP68,168
SRP72,145
SRP9,63
SRPK1,104
SRPK2,312
SRPK3,118
SRPRA,71
SRPRB,38
SRPX,50
SRPX2,144
SRR,218
SRRD,185
SRRM1,72
SRRM2,46
SRRM3,134
SRRM4,128
SRRM5,171
SRRT,97
SRSF1,96
SRSF10,54
SRSF11,159
SRSF12,418
SRSF2,96
SRSF3,36
SRSF4,224
SRSF5,132
SRSF6,155
SRSF7,102
SRSF8,140
SRSF9,138
SRXN1,89
SRY,316
SS18,44
SS18L1,312
SS18L2,142
SSB,33
SSBP1,112
SSBP2,216
SSBP3,61
SSBP4,162
SSC4D,324
SSC5D,120
SSH1,51
SSH2,42
SSH3,73
SSMEM1,370
SSNA1,103
SSPN,212
SSR1,28
SSR2,417
SSR3,16
SSR4,203
SSRP1,133
SST,72
SSTR1,19
SSTR2,195
SSTR3,255
SSTR4,274
SSTR5,409
SSU72,113
SSUH2,232
SSX1,303
SSX2IP,190
SSX3,133
SSX4,112
SSX4B,79
SSX7,293
ST13,41
ST14,204
ST18,106
ST20,298
ST3GAL1,118
ST3GAL2,292
ST3GAL3,121
ST3GAL4,74
ST3GAL5,139
ST3GAL6,465
ST6GAL1,313
ST6GAL2,22
ST6GALNAC1,133
ST6GALNAC2,49
ST6GALNAC3,366
ST6GALNAC4,345
ST6GALNAC5,189
ST6GALNAC6,234
ST7,125
ST7L,145
ST8SIA1,55
ST8SIA2,74
ST8SIA3,107
ST8SIA4,130
ST8SIA5,34
ST8SIA6,312
STAB1,121
STAB2,136
STAC,292
STAC2,423
STAC3,223
STAG1,180
STAG2,122
STAG3,26
STAM,157
STAM2,110
STAMBP,134
STAMBPL1,61
STAP1,153
STAP2,392
STAR,257
STARD10,93
STARD13,340
STARD3,52
STARD3NL,393
STARD4,277
STARD5,48
STARD6,254
STARD7,67
STARD8,104
STARD9,80
STAT1,357
STAT2,86
STAT3,102
STAT4,159
STAT5A,194
STAT5B,175
STAT6,237
STATH,106
STAU1,459
STAU2,112
STBD1,48
STC1,88
STC2,114
STEAP1,239
STEAP1B,133
STEAP2,288
STEAP3,159
STEAP4,346
STEEP1,404
STH,235
STIL,82
STIM1,55
STIM2,38
STIMATE,172
STING1,178
STIP1,47
STK10,81
STK11,323
STK11IP,21
STK16,2
STK17A,94
STK17B,388
STK19,42
STK24,2
STK25,444
STK26,234
STK3,30
STK31,209
STK32A,129
STK32B,173
STK32C,201
STK33,275
STK35,22
STK36,192
STK38,106
STK38L,122
STK39,67
STK4,140
STK40,21
STKLD1,227
STMN1,84
STMN2,260
STMN3,265
STMN4,171
STMND1,238
STMP1,108
STN1,202
STOM,277
STOML1,65
STOML2,29
STOML3,31
STON1,383
STON2,125
STOX1,214
STOX2,160
STPG1,174
STPG2,256
STPG3,196
STPG4,50
STRA6,119
STRA8,77
STRADA,205
STRADB,357
STRAP,167
STRBP,86
STRC,231
STRIP1,146
STRIP2,204
STRN,130
STRN3,47
STRN4,141
STS,144
STT3A,20
STT3B,50
STUB1,60
STUM,228
STX10,324
STX11,213
STX12,43
STX16,90
STX17,279
STX18,236
STX19,83
STX1A,300
STX1B,7
STX2,92
STX3,107
STX4,328
STX5,60
STX6,91
STX7,163
STX8,132
STXBP1,351
STXBP2,328
STXBP3,97
STXBP4,55
STXBP5,68
STXBP5L,56
STXBP6,327
STYK1,81
STYX,389
STYXL1,82
STYXL2,462
SUB1,363
SUCLA2,356
SUCLG1,193
SUCLG2,82
SUCNR1,206
SUCO,99
SUDS3,125
SUFU,140
SUGCT,84
SUGP1,159
SUGP2,128
SUGT1,42
SULF1,354
SULF2,129
SULT1A1,553
SULT1A2,409
SULT1A3,811
SULT1A4,547
SULT1B1,219
SULT1C2,249
SULT1C3,133
SULT1C4,214
SULT1E1,118
SULT2A1,189
SULT2B1,233
SULT4A1,27
SULT6B1,47
SUMF1,367
SUMF2,194
SUMO1,132
SUMO2,145
SUMO3,133
SUMO4,237
SUN1,310
SUN2,62
SUN3,117
SUN5,128
SUOX,106
SUPT16H,53
SUPT20H,168
SUPT3H,313
SUPT4H1,369
SUPT5H,11
SUPT6H,52
SUPT7L,96
SUPV3L1,138
SURF1,99
SURF2,260
SURF4,382
SURF6,69
SUSD1,109
SUSD2,104
SUSD3,162
SUSD4,324
SUSD5,188
SUSD6,337
SUV39H1,82
SUV39H2,196
SUZ12,61
SV2A,41
SV2B,111
SV2C,213
SVBP,35
SVEP1,111
SVIL,236
SVIP,134
SVOP,92
SVOPL,83
SWAP70,123
SWI5,84
SWSAP1,254
SWT1,128
SYAP1,187
SYBU,665
SYCE1,355
SYCE1L,265
SYCE2,248
SYCE3,65
SYCN,77
SYCP1,100
SYCP2,70
SYCP2L,52
SYCP3,456
SYDE1,59
SYDE2,47
SYF2,205
SYK,172
SYMPK,135
SYN1,88
SYN2,145
SYN3,193
SYNC,263
SYNCRIP,21
SYNDIG1,91
SYNDIG1L,245
SYNE1,612
SYNE2,405
SYNE3,92
SYNE4,140
SYNGAP1,129
SYNGR1,108
SYNGR2,86
SYNGR3,121
SYNGR4,234
SYNJ1,458
SYNJ2,76
SYNJ2BP,354
SYNM,201
SYNPO,342
SYNPO2,468
SYNPO2L,452
SYNPR,259
SYNRG,149
SYP,167
SYPL1,344
SYPL2,197
SYS1,215
SYT1,349
SYT10,260
SYT11,362
SYT12,246
SYT13,140
SYT14,176
SYT15,274
SYT16,160
SYT17,244
SYT2,104
SYT3,150
SYT4,145
SYT5,91
SYT6,73
SYT7,27
SYT8,278
SYT9,78
SYTL1,475
SYTL2,239
SYTL3,435
SYTL4,194
SYTL5,48
SYVN1,349
SZRD1,141
SZT2,49
TAAR1,75
TAAR2,62
TAAR5,259
TAAR6,98
TAAR8,90
TAAR9,217
TAB1,81
TAB2,45
TAB3,88
TAC1,296
TAC3,443
TAC4,251
TACC1,1
TACC2,263
TACC3,383
TACO1,47
TACR1,111
TACR2,558
TACR3,114
TACSTD2,135
TADA1,100
TADA2A,63
TADA2B,74
TADA3,51
TAF1,103
TAF10,137
TAF11,24
TAF12,99
TAF13,103
TAF15,28
TAF1A,95
TAF1B,155
TAF1C,27
TAF1D,267
TAF1L,138
TAF2,213
TAF3,134
TAF4,180
TAF4B,98
TAF5,44
TAF5L,91
TAF6,66
TAF6L,112
TAF7,114
TAF7L,89
TAF8,95
TAF9,140
TAF9B,134
TAFA1,148
TAFA2,310
TAFA3,190
TAFA4,441
TAFA5,79
TAFAZZIN,70
TAGAP,171
TAGLN,222
TAGLN3,121
TAL1,300
TAL2,78
TALDO1,52
TAMALIN,150
TAMM41,250
TANC1,40
TANC2,102
TANGO2,162
TANGO6,112
TANK,433
TAOK1,131
TAOK2,197
TAOK3,480
TAP1,337
TAP2,45
TAPBP,169
TAPBPL,120
TAPT1,76
TARBP1,121
TARBP2,245
TARDBP,57
TARM1,573
TARP,95
TARS1,50
TARS2,189
TARS3,162
TAS1R1,109
TAS1R2,153
TAS1R3,178
TAS2R1,112
TAS2R10,105
TAS2R13,131
TAS2R14,214
TAS2R16,243
TAS2R19,166
TAS2R20,252
TAS2R3,213
TAS2R30,63
TAS2R31,256
TAS2R38,154
TAS2R39,137
TAS2R4,671
TAS2R40,102
TAS2R41,152
TAS2R42,290
TAS2R43,263
TAS2R46,132
TAS2R5,92
TAS2R50,152
TAS2R60,201
TAS2R7,98
TAS2R8,181
TAS2R9,52
TASL,147
TASOR,117
TASOR2,72
TASP1,68
TAT,275
TATDN1,269
TATDN2,150
TATDN3,533
TAX1BP1,91
TAX1BP3,54
TBATA,139
TBC1D1,130
TBC1D10A,288
TBC1D10B,114
TBC1D10C,158
TBC1D12,154
TBC1D13,42
TBC1D14,258
TBC1D15,127
TBC1D16,55
TBC1D17,131
TBC1D19,227
TBC1D2,158
TBC1D20,96
TBC1D21,276
TBC1D22A,197
TBC1D22B,169
TBC1D23,215
TBC1D24,154
TBC1D25,145
TBC1D28,191
TBC1D2B,213
TBC1D3,153
TBC1D30,165
TBC1D31,106
TBC1D32,174
TBC1D4,254
TBC1D5,194
TBC1D7,29
TBC1D8,163
TBC1D8B,116
TBC1D9,316
TBC1D9B,164
TBCA,36
TBCB,147
TBCC,19
TBCCD1,240
TBCD,43
TBCE,165
TBCEL,185
TBCK,254
TBK1,253
TBKBP1,258
TBL1X,121
TBL1XR1,462
TBL1Y,157
TBL2,348
TBL3,19
TBP,486
TBPL1,148
TBPL2,368
TBR1,146
TBRG1,103
TBRG4,207
TBX1,175
TBX10,139
TBX15,68
TBX18,107
TBX19,83
TBX2,16
TBX20,235
TBX21,344
TBX22,42
TBX3,173
TBX4,498
TBX5,805
TBX6,126
TBXA2R,17
TBXAS1,156
TBXT,210
TC2N,251
TCAF1,135
TCAF2,133
TCAIM,610
TCAP,411
TCEA1,306
TCEA2,18
TCEA3,10
TCEAL1,276
TCEAL2,412
TCEAL3,73
TCEAL4,261
TCEAL5,82
TCEAL6,296
TCEAL7,15
TCEAL8,127
TCEAL9,165
TCEANC,304
TCEANC2,136
TCERG1,275
TCERG1L,273
TCF12,269
TCF15,229
TCF19,243
TCF20,88
TCF21,376
TCF23,156
TCF24,80
TCF25,166
TCF3,162
TCF4,275
TCF7,373
TCF7L1,242
TCF7L2,272
TCFL5,181
TCHH,352
TCHHL1,64
TCHP,271
TCIM,47
TCIRG1,69
TCL1A,60
TCL1B,200
TCN1,218
TCN2,415
TCOF1,40
TCP1,158
TCP10L,479
TCP10L3,433
TCP11,267
TCP11L1,167
TCP11L2,77
TCTA,292
TCTE1,172
TCTN1,43
TCTN2,78
TCTN3,305
TDG,174
TDO2,52
TDP1,298
TDP2,144
TDRD1,145
TDRD12,96
TDRD15,127
TDRD3,182
TDRD5,149
TDRD6,230
TDRD7,218
TDRD9,49
TDRKH,143
TDRP,70
TEAD1,288
TEAD2,60
TEAD3,1
TEAD4,160
TEC,104
TECPR1,163
TECPR2,51
TECR,258
TECRL,197
TECTA,458
TECTB,102
TEDC1,170
TEDC2,216
TEDDM1,237
TEF,301
TEFM,324
TEK,176
TEKT1,417
TEKT2,114
TEKT3,180
TEKT4,67
TEKT5,215
TEKTIP1,198
TELO2,141
TENM1,127
TENM2,171
TENM3,295
TENM4,88
TENT2,135
TENT4A,150
TENT4B,274
TENT5A,305
TENT5B,161
TENT5C,83
TENT5D,246
TEP1,34
TEPSIN,146
TERB1,75
TERB2,141
TERF1,384
TERF2,124
TERF2IP,134
TERT,103
TES,88
TESC,204
TESK1,130
TESK2,97
TESMIN,205
TESPA1,499
TET1,150
TET2,67
TET3,253
TEX10,97
TEX101,320
TEX11,116
TEX12,266
TEX13A,143
TEX13B,212
TEX14,275
TEX15,280
TEX19,21
TEX2,303
TEX22,129
TEX26,284
TEX261,236
TEX264,168
TEX28,141
TEX29,125
TEX30,367
TEX35,60
TEX36,140
TEX38,74
TEX44,184
TEX46,285
TEX47,50
TEX55,309
TEX9,378
TF,84
TFAM,83
TFAP2A,321
TFAP2B,255
TFAP2C,143
TFAP2D,91
TFAP2E,294
TFAP4,201
TFB1M,58
TFB2M,139
TFCP2,152
TFCP2L1,328
TFDP1,13
TFDP2,381
TFDP3,127
TFE3,324
TFEB,388
TFEC,545
TFF1,245
TFF2,242
TFF3,98
TFG,164
TFIP11,183
TFPI,435
TFPI2,296
TFPT,131
TFR2,140
TFRC,98
TG,526
TGDS,19
TGFA,151
TGFB1,417
TGFB1I1,16
TGFB2,881
TGFB3,143
TGFBI,221
TGFBR1,69
TGFBR2,161
TGFBR3,222
TGFBR3L,155
TGFBRAP1,326
TGIF1,107
TGIF2,108
TGIF2LX,108
TGIF2LY,112
TGM1,6
TGM2,212
TGM3,61
TGM4,287
TGM5,515
TGM6,269
TGM7,333
TGOLN2,291
TGS1,53
TH,488
THADA,151
THAP1,93
THAP10,224
THAP11,77
THAP12,125
THAP2,362
THAP3,186
THAP4,46
THAP5,103
THAP6,125
THAP7,286
THAP8,136
THAP9,87
THBD,538
THBS1,224
THBS2,211
THBS3,197
THBS4,38
THEM4,101
THEM5,206
THEM6,63
THEMIS,447
THEMIS2,23
THG1L,176
THNSL1,100
THNSL2,272
THOC1,138
THOC2,97
THOC3,146
THOC5,174
THOC6,127
THOC7,87
THOP1,76
THPO,214
THRA,22
THRAP3,87
THRB,145
THRSP,296
THSD1,105
THSD4,342
THSD7A,313
THSD7B,123
THTPA,61
THUMPD1,204
THUMPD2,29
THUMPD3,79
THY1,242
THYN1,226
TIA1,95
TIAL1,90
TIAM1,204
TIAM2,267
TICAM1,182
TICAM2,336
TICRR,21
TIE1,35
TIFA,182
TIFAB,131
TIGAR,243
TIGD1,96
TIGD2,136
TIGD3,161
TIGD4,173
TIGD5,49
TIGD6,355
TIGD7,73
TIGIT,232
TIMD4,650
TIMELESS,90
TIMM10,143
TIMM10B,231
TIMM13,84
TIMM17A,58
TIMM17B,268
TIMM21,165
TIMM22,38
TIMM29,54
TIMM44,218
TIMM50,321
TIMM8A,91
TIMM8B,63
TIMM9,171
TIMMDC1,169
TIMP1,403
TIMP2,89
TIMP3,77
TIMP4,75
TINAG,180
TINAGL1,15
TINF2,208
TIPARP,129
TIPIN,60
TIPRL,215
TIRAP,330
TJAP1,258
TJP1,70
TJP2,479
TJP3,203
TK1,536
TK2,229
TKFC,79
TKT,322
TKTL1,374
TKTL2,162
TLCD1,160
TLCD2,89
TLCD3A,50
TLCD3B,34
TLCD4,152
TLCD5,176
TLDC2,128
TLE1,33
TLE2,242
TLE3,132
TLE4,119
TLE5,61
TLE6,194
TLK1,123
TLK2,85
TLL1,15
TLL2,142
TLN1,179
TLN2,401
TLNRD1,171
TLR1,185
TLR10,279
TLR2,258
TLR3,134
TLR4,233
TLR5,273
TLR6,224
TLR7,134
TLR8,164
TLR9,183
TLX2,44
TLX3,147
TM2D1,322
TM2D2,160
TM2D3,75
TM4SF1,180
TM4SF18,379
TM4SF19,165
TM4SF20,265
TM4SF4,96
TM4SF5,97
TM6SF1,270
TM7SF2,258
TM7SF3,58
TM9SF1,140
TM9SF2,109
TM9SF3,18
TM9SF4,191
TMA16,117
TMA7,181
TMBIM1,199
TMBIM4,169
TMBIM6,6
TMC1,452
TMC2,350
TMC3,3
TMC4,114
TMC5,192
TMC6,132
TMC7,352
TMC8,668
TMCC1,92
TMCC2,375
TMCC3,57
TMCO1,70
TMCO2,77
TMCO3,90
TMCO4,42
TMCO5A,72
TMCO6,112
TMED1,101
TMED10,408
TMED2,81
TMED3,83
TMED4,124
TMED5,172
TMED6,249
TMED7,28
TMED8,130
TMED9,253
TMEFF1,139
TMEFF2,199
TMEM100,562
TMEM101,272
TMEM102,138
TMEM104,269
TMEM105,143
TMEM106A,48
TMEM106B,27
TMEM106C,113
TMEM107,128
TMEM108,210
TMEM109,210
TMEM11,70
TMEM114,158
TMEM115,310
TMEM116,150
TMEM117,16
TMEM119,108
TMEM120A,78
TMEM120B,266
TMEM121,395
TMEM121B,42
TMEM123,82
TMEM125,129
TMEM126A,166
TMEM126B,424
TMEM127,434
TMEM128,37
TMEM129,151
TMEM130,211
TMEM131,285
TMEM131L,281
TMEM132A,250
TMEM132B,207
TMEM132C,127
TMEM132D,357
TMEM132E,124
TMEM132E-DT,66
TMEM134,314
TMEM135,122
TMEM138,193
TMEM139,347
TMEM140,83
TMEM141,383
TMEM143,191
TMEM144,31
TMEM145,109
TMEM147,26
TMEM14A,117
TMEM14B,197
TMEM14C,66
TMEM150A,38
TMEM150B,471
TMEM150C,332
TMEM151A,49
TMEM151B,137
TMEM154,154
TMEM156,72
TMEM158,358
TMEM160,113
TMEM161A,110
TMEM161B,103
TMEM163,80
TMEM164,243
TMEM165,18
TMEM167A,147
TMEM167B,92
TMEM168,86
TMEM169,248
TMEM17,72
TMEM170A,126
TMEM170B,231
TMEM171,203
TMEM174,132
TMEM175,116
TMEM176A,64
TMEM176B,133
TMEM177,26
TMEM178A,229
TMEM178B,150
TMEM179,357
TMEM179B,234
TMEM18,120
TMEM181,44
TMEM182,82
TMEM183A,414
TMEM184A,153
TMEM184B,25
TMEM184C,193
TMEM185A,21
TMEM185B,261
TMEM186,206
TMEM187,26
TMEM19,76
TMEM190,121
TMEM191B,565
TMEM191C,371
TMEM192,199
TMEM196,52
TMEM198,357
TMEM199,102
TMEM200A,107
TMEM200B,298
TMEM200C,267
TMEM201,372
TMEM202,16
TMEM203,329
TMEM204,233
TMEM205,72
TMEM207,272
TMEM208,37
TMEM209,78
TMEM210,33
TMEM212,266
TMEM213,348
TMEM214,34
TMEM215,69
TMEM216,161
TMEM217,107
TMEM218,81
TMEM219,16
TMEM220,214
TMEM221,197
TMEM222,79
TMEM223,134
TMEM225,185
TMEM229A,323
TMEM229B,498
TMEM230,410
TMEM231,163
TMEM232,277
TMEM233,237
TMEM234,141
TMEM235,243
TMEM236,178
TMEM237,41
TMEM238,131
TMEM239,123
TMEM240,35
TMEM241,82
TMEM242,189
TMEM243,153
TMEM244,236
TMEM245,118
TMEM247,182
TMEM248,116
TMEM249,60
TMEM25,85
TMEM250,397
TMEM252,161
TMEM253,225
TMEM254,214
TMEM255A,73
TMEM255B,115
TMEM256,21
TMEM258,38
TMEM259,7
TMEM26,147
TMEM260,156
TMEM263,291
TMEM266,9
TMEM267,8
TMEM268,48
TMEM270,260
TMEM273,146
TMEM30A,273
TMEM30B,94
TMEM31,85
TMEM33,195
TMEM35A,130
TMEM35B,64
TMEM37,158
TMEM38A,93
TMEM38B,31
TMEM39A,34
TMEM39B,106
TMEM40,312
TMEM41A,41
TMEM41B,92
TMEM42,189
TMEM43,79
TMEM44,93
TMEM45A,5
TMEM45B,74
TMEM47,74
TMEM50A,43
TMEM50B,86
TMEM51,246
TMEM51-AS2,193
TMEM52,312
TMEM52B,298
TMEM53,396
TMEM54,42
TMEM59,83
TMEM59L,92
TMEM60,129
TMEM61,438
TMEM62,151
TMEM63A,444
TMEM63B,213
TMEM63C,22
TMEM64,16
TMEM65,36
TMEM67,234
TMEM68,76
TMEM69,205
TMEM70,257
TMEM71,154
TMEM72,74
TMEM74,53
TMEM74B,170
TMEM79,117
TMEM80,204
TMEM81,184
TMEM82,168
TMEM86A,123
TMEM86B,80
TMEM87A,79
TMEM87B,49
TMEM88,130
TMEM88B,258
TMEM89,33
TMEM8B,70
TMEM9,150
TMEM91,212
TMEM92,218
TMEM94,366
TMEM95,249
TMEM97,75
TMEM98,131
TMEM9B,240
TMF1,203
TMIE,153
TMIGD1,229
TMIGD2,318
TMLHE,122
TMOD1,437
TMOD2,294
TMOD3,122
TMOD4,132
TMPO,269
TMPPE,60
TMPRSS11A,59
TMPRSS11B,162
TMPRSS11D,385
TMPRSS11E,240
TMPRSS11F,9
TMPRSS12,457
TMPRSS13,231
TMPRSS15,283
TMPRSS2,174
TMPRSS3,141
TMPRSS4,119
TMPRSS5,79
TMPRSS6,242
TMPRSS7,343
TMPRSS9,126
TMSB10,76
TMSB15A,228
TMSB15B,264
TMSB4X,242
TMSB4Y,189
TMTC1,110
TMTC2,35
TMTC3,85
TMTC4,165
TMUB1,312
TMUB2,57
TMX1,237
TMX2,117
TMX3,85
TMX4,82
TNC,72
TNF,86
TNFAIP1,347
TNFAIP2,51
TNFAIP3,182
TNFAIP6,227
TNFAIP8,159
TNFAIP8L1,233
TNFAIP8L2,489
TNFAIP8L3,116
TNFRSF10A,443
TNFRSF10B,84
TNFRSF10C,240
TNFRSF10D,191
TNFRSF11A,57
TNFRSF11B,102
TNFRSF12A,74
TNFRSF13B,438
TNFRSF13C,108
TNFRSF14,219
TNFRSF17,213
TNFRSF18,87
TNFRSF19,217
TNFRSF1A,138
TNFRSF1B,81
TNFRSF21,113
TNFRSF25,135
TNFRSF4,184
TNFRSF6B,200
TNFRSF8,131
TNFRSF9,222
TNFSF10,123
TNFSF11,165
TNFSF12,330
TNFSF13,89
TNFSF13B,151
TNFSF14,46
TNFSF15,222
TNFSF18,115
TNFSF4,568
TNFSF8,139
TNFSF9,156
TNIK,41
TNIP1,148
TNIP2,170
TNIP3,284
TNK1,281
TNK2,262
TNKS,77
TNKS1BP1,221
TNKS2,244
TNMD,138
TNN,302
TNNC1,71
TNNC2,45
TNNI1,118
TNNI2,192
TNNI3,35
TNNI3K,300
TNNT1,569
TNNT2,221
TNNT3,166
TNP1,132
TNP2,43
TNPO1,30
TNPO2,428
TNPO3,84
TNR,130
TNRC18,143
TNRC6A,24
TNRC6B,242
TNRC6C,164
TNS1,364
TNS2,351
TNS3,288
TNS4,126
TNXB,54
TOB1,155
TOB2,200
TOE1,97
TOGARAM1,157
TOGARAM2,263
TOLLIP,136
TOM1,89
TOM1L1,35
TOM1L2,91
TOMM20,118
TOMM20L,185
TOMM22,126
TOMM34,33
TOMM40,62
TOMM40L,121
TOMM5,302
TOMM6,107
TOMM7,111
TOMM70,132
TONSL,47
TOP1,90
TOP1MT,252
TOP2A,6
TOP2B,158
TOP3A,485
TOP3B,64
TOPAZ1,354
TOPBP1,503
TOPORS,111
TOR1A,126
TOR1AIP1,184
TOR1AIP2,324
TOR1B,110
TOR2A,198
TOR3A,64
TOR4A,190
TOX,187
TOX2,72
TOX3,36
TOX4,131
TP53,214
TP53AIP1,270
TP53BP1,430
TP53BP2,117
TP53I11,54
TP53I13,236
TP53I3,152
TP53INP1,138
TP53INP2,458
TP53RK,327
TP53TG3C,109
TP53TG5,362
TP63,129
TP73,69
TPBG,131
TPBGL,160
TPCN1,85
TPCN2,287
TPD52,229
TPD52L1,138
TPD52L2,42
TPD52L3,242
TPGS1,85
TPGS2,115
TPH1,173
TPH2,128
TPI1,336
TPK1,290
TPM1,289
TPM3,190
TPM4,187
TPMT,250
TPO,579
TPP1,109
TPP2,94
TPPP,67
TPPP2,234
TPPP3,6
TPR,110
TPRA1,192
TPRG1,402
TPRG1L,39
TPRKB,65
TPRN,142
TPRX1,135
TPSAB1,277
TPSB2,384
TPSD1,86
TPSG1,289
TPST1,157
TPST2,279
TPT1,110
TPTE,65
TPTE2,331
TPX2,83
TRA2A,522
TRA2B,86
TRABD,268
TRABD2A,153
TRABD2B,26
TRADD,218
TRAF1,278
TRAF2,222
TRAF3,368
TRAF3IP1,80
TRAF3IP2,209
TRAF3IP3,277
TRAF4,185
TRAF5,59
TRAF6,100
TRAF7,284
TRAFD1,29
TRAIP,147
TRAK1,269
TRAK2,211
TRAM1,233
TRAM1L1,277
TRAM2,188
TRANK1,265
TRAP1,362
TRAPPC1,224
TRAPPC10,114
TRAPPC11,123
TRAPPC12,124
TRAPPC13,191
TRAPPC14,41
TRAPPC2,397
TRAPPC2L,100
TRAPPC3,241
TRAPPC3L,46
TRAPPC4,72
TRAPPC5,157
TRAPPC6A,254
TRAPPC6B,362
TRAPPC8,131
TRAPPC9,154
TRARG1,457
TRAT1,206
TRDMT1,280
TRDN,245
TREH,280
TREM1,263
TREM2,119
TREML1,41
TREML2,82
TREML4,67
TRERF1,77
TREX1,303
TRH,340
TRHDE,253
TRHR,250
TRIAP1,137
TRIB1,255
TRIB2,240
TRIB3,93
TRIL,171
TRIM10,161
TRIM11,85
TRIM13,226
TRIM14,169
TRIM15,94
TRIM16,99
TRIM16L,450
TRIM17,125
TRIM2,130
TRIM21,256
TRIM22,464
TRIM23,185
TRIM24,63
TRIM25,306
TRIM26,231
TRIM27,79
TRIM28,164
TRIM29,635
TRIM3,75
TRIM31,73
TRIM32,114
TRIM33,102
TRIM34,299
TRIM35,166
TRIM36,641
TRIM37,48
TRIM38,85
TRIM39,22
TRIM4,222
TRIM40,370
TRIM41,15
TRIM42,88
TRIM43,285
TRIM44,66
TRIM45,119
TRIM46,168
TRIM47,197
TRIM49,177
TRIM49C,70
TRIM49D1,274
TRIM5,216
TRIM50,210
TRIM51,420
TRIM52,70
TRIM54,139
TRIM55,141
TRIM56,103
TRIM58,35
TRIM59,96
TRIM6,54
TRIM60,74
TRIM61,217
TRIM62,30
TRIM63,16
TRIM65,85
TRIM66,441
TRIM67,202
TRIM68,182
TRIM69,52
TRIM7,122
TRIM71,14
TRIM72,72
TRIM73,716
TRIM74,219
TRIM77,110
TRIM8,291
TRIM9,336
TRIML1,367
TRIML2,62
TRIO,63
TRIOBP,205
TRIP10,206
TRIP11,121
TRIP12,188
TRIP13,278
TRIP4,259
TRIP6,164
TRIQK,320
TRIR,198
TRIT1,302
TRMO,104
TRMT1,80
TRMT10A,322
TRMT10B,113
TRMT10C,52
TRMT11,177
TRMT112,61
TRMT12,339
TRMT13,73
TRMT1L,278
TRMT2A,29
TRMT2B,121
TRMT44,270
TRMT5,83
TRMT6,430
TRMT61A,214
TRMT61B,161
TRMT9B,208
TRMU,265
TRNAU1AP,68
TRNP1,360
TRNT1,220
TRO,542
TROAP,113
TRPA1,142
TRPC1,141
TRPC3,93
TRPC4,205
TRPC4AP,187
TRPC5,86
TRPC5OS,105
TRPC6,81
TRPC7,211
TRPM1,105
TRPM2,551
TRPM3,143
TRPM4,268
TRPM5,101
TRPM6,220
TRPM7,225
TRPM8,62
TRPS1,29
TRPT1,20
TRPV1,169
TRPV2,106
TRPV3,581
TRPV4,1
TRPV5,139
TRPV6,207
TRRAP,102
TRUB1,278
TRUB2,73
TSACC,228
TSBP1,89
TSC1,188
TSC2,188
TSC22D1,32
TSC22D2,9
TSC22D3,95
TSC22D4,75
TSEN15,379
TSEN2,96
TSEN34,194
TSEN54,74
TSFM,107
TSG101,78
TSGA10,90
TSGA10IP,190
TSGA13,128
TSHB,280
TSHR,107
TSHZ1,456
TSHZ2,117
TSHZ3,208
TSKS,152
TSKU,70
TSLP,192
TSN,351
TSNARE1,241
TSNAX,79
TSNAXIP1,276
TSPAN1,689
TSPAN10,239
TSPAN11,153
TSPAN12,11
TSPAN13,386
TSPAN14,307
TSPAN15,113
TSPAN16,92
TSPAN17,12
TSPAN18,60
TSPAN19,36
TSPAN2,253
TSPAN3,265
TSPAN31,283
TSPAN32,170
TSPAN33,332
TSPAN4,146
TSPAN5,23
TSPAN6,222
TSPAN7,146
TSPAN8,232
TSPAN9,162
TSPEAR,148
TSPO,193
TSPO2,216
TSPOAP1,235
TSPY1,297
TSPYL1,167
TSPYL2,170
TSPYL4,540
TSPYL5,186
TSPYL6,140
TSR1,502
TSR2,40
TSR3,287
TSSC4,154
TSSK1B,278
TSSK2,226
TSSK3,43
TSSK4,166
TSSK6,232
TST,112
TSTD1,82
TSTD2,151
TSTD3,82
TTBK1,100
TTBK2,94
TTC1,147
TTC12,73
TTC13,86
TTC14,16
TTC16,187
TTC17,159
TTC19,157
TTC21A,433
TTC21B,101
TTC22,99
TTC23,237
TTC23L,150
TTC24,177
TTC27,43
TTC28,120
TTC29,255
TTC3,54
TTC31,123
TTC32,145
TTC33,183
TTC34,387
TTC36,233
TTC38,137
TTC39A,37
TTC39B,136
TTC39C,72
TTC4,70
TTC5,152
TTC6,200
TTC7B,258
TTC8,146
TTC9,323
TTC9B,47
TTC9C,443
TTF1,168
TTF2,247
TTI1,199
TTI2,67
TTK,32
TTL,50
TTLL1,46
TTLL10,297
TTLL11,120
TTLL12,90
TTLL13,169
TTLL2,212
TTLL3,337
TTLL4,16
TTLL5,46
TTLL6,170
TTLL7,321
TTLL8,505
TTLL9,530
TTN,301
TTPA,132
TTPAL,103
TTR,527
TTYH1,18
TTYH2,171
TTYH3,217
TUB,167
TUBA1A,73
TUBA1B,47
TUBA1C,74
TUBA3C,124
TUBA3D,213
TUBA3E,287
TUBA4A,27
TUBA8,259
TUBAL3,129
TUBB,169
TUBB1,255
TUBB2A,119
TUBB2B,95
TUBB3,194
TUBB4A,69
TUBB4B,247
TUBB6,39
TUBB8,240
TUBD1,459
TUBE1,135
TUBG1,130
TUBG2,148
TUBGCP2,22
TUBGCP3,52
TUBGCP4,201
TUBGCP5,51
TUBGCP6,179
TUFM,249
TUFT1,174
TULP1,155
TULP2,191
TULP3,208
TULP4,79
TUSC1,87
TUSC2,65
TUSC3,160
TUT1,136
TUT4,118
TUT7,100
TVP23A,138
TVP23B,107
TVP23C,378
TWF1,61
TWF2,58
TWIST1,258
TWIST2,141
TWNK,87
TWSG1,254
TXK,419
TXLNA,177
TXLNB,21
TXLNG,135
TXN,119
TXN2,277
TXNDC11,176
TXNDC12,224
TXNDC15,164
TXNDC16,294
TXNDC17,298
TXNDC2,129
TXNDC5,302
TXNDC8,549
TXNDC9,85
TXNIP,732
TXNL1,108
TXNL4A,131
TXNL4B,97
TXNRD1,41
TXNRD2,100
TXNRD3,454
TYK2,364
TYMP,582
TYR,66
TYRO3,95
TYROBP,335
TYRP1,285
TYSND1,84
TYW1,274
TYW1B,144
TYW3,180
TYW5,70
U2AF1,29
U2AF1L4,123
U2AF2,44
U2SURP,49
UACA,135
UAP1,50
UAP1L1,235
UBA1,186
UBA2,29
UBA3,215
UBA5,117
UBA52,93
UBA6,441
UBA7,464
UBAC1,207
UBAC2,202
UBALD1,135
UBALD2,158
UBAP1,89
UBAP1L,150
UBAP2,321
UBAP2L,310
UBASH3A,191
UBASH3B,52
UBB,124
UBC,154
UBD,284
UBE2A,218
UBE2B,77
UBE2C,92
UBE2D1,224
UBE2D2,206
UBE2D3,144
UBE2D4,262
UBE2E1,384
UBE2E2,137
UBE2E3,85
UBE2F,316
UBE2G1,74
UBE2G2,437
UBE2H,121
UBE2I,46
UBE2J1,65
UBE2J2,188
UBE2K,290
UBE2L3,71
UBE2L6,161
UBE2M,95
UBE2N,16
UBE2NL,220
UBE2O,95
UBE2Q1,167
UBE2Q2,511
UBE2QL1,205
UBE2R2,39
UBE2S,149
UBE2T,93
UBE2U,16
UBE2V1,150
UBE2V2,82
UBE2W,215
UBE2Z,129
UBE3A,29
UBE3B,216
UBE3C,91
UBE3D,103
UBE4A,56
UBE4B,134
UBFD1,158
UBIAD1,29
UBL3,61
UBL4A,198
UBL4B,144
UBL5,80
UBL7,349
UBLCP1,314
UBN1,44
UBN2,223
UBP1,260
UBQLN1,66
UBQLN2,89
UBQLN3,87
UBQLN4,40
UBQLNL,278
UBR1,180
UBR2,140
UBR3,311
UBR4,84
UBR5,110
UBR7,47
UBTD1,78
UBTD2,44
UBTF,229
UBXN1,29
UBXN10,11
UBXN11,139
UBXN2A,452
UBXN2B,91
UBXN4,192
UBXN6,428
UBXN7,339
UBXN8,403
UCHL1,190
UCHL3,246
UCHL5,330
UCK1,122
UCK2,100
UCKL1,100
UCMA,105
UCN,292
UCN2,162
UCN3,31
UCP1,190
UCP3,202
UEVLD,62
UFC1,288
UFD1,111
UFL1,339
UFM1,52
UFSP1,98
UFSP2,238
UGCG,153
UGDH,277
UGGT1,62
UGGT2,157
UGP2,123
UGT1A1,123
UGT1A10,154
UGT1A3,65
UGT1A4,66
UGT1A5,83
UGT1A6,355
UGT1A7,125
UGT1A8,166
UGT2A3,392
UGT2B15,168
UGT2B17,46
UGT2B4,44
UGT2B7,147
UGT3A1,313
UGT8,111
UHMK1,172
UHRF1,231
UHRF2,179
UIMC1,62
ULBP1,177
ULBP2,83
ULBP3,218
ULK1,159
ULK2,120
ULK3,187
ULK4,42
UMOD,266
UMODL1,95
UMPS,66
UNC119,512
UNC119B,108
UNC13A,61
UNC13B,48
UNC13C,80
UNC13D,108
UNC45A,99
UNC45B,106
UNC50,78
UNC5A,230
UNC5B,75
UNC5C,182
UNC5CL,231
UNC5D,192
UNC79,249
UNC80,79
UNC93A,65
UNC93B1,177
UNCX,53
UNG,221
UNK,8
UNKL,310
UPB1,134
UPF1,226
UPF2,203
UPF3A,142
UPF3B,140
UPK1A,335
UPK1B,404
UPK2,91
UPK3A,195
UPK3B,194
UPK3BL1,266
UPP1,46
UPP2,215
UPRT,45
UQCC1,83
UQCC2,152
UQCC3,400
UQCC4,480
UQCC5,177
UQCC6,473
UQCR10,331
UQCR11,250
UQCRB,110
UQCRC1,253
UQCRC2,109
UQCRFS1,86
UQCRH,158
UQCRHL,49
UQCRQ,214
URAD,463
URB1,178
URB2,130
URGCP,590
URI1,143
URM1,155
UROC1,267
UROD,137
UROS,22
USB1,57
USE1,149
USF1,19
USF2,108
USF3,145
USH1C,89
USH1G,174
USH2A,73
USHBP1,166
USO1,158
USP1,144
USP10,266
USP11,419
USP12,156
USP13,64
USP14,73
USP15,388
USP16,259
USP18,35
USP19,364
USP2,297
USP20,78
USP21,141
USP22,74
USP24,365
USP25,125
USP26,198
USP27X,289
USP28,133
USP29,170
USP3,258
USP30,669
USP31,181
USP32,151
USP33,124
USP34,503
USP35,122
USP36,264
USP37,51
USP38,410
USP39,79
USP4,19
USP40,102
USP42,89
USP43,90
USP44,560
USP45,248
USP46,321
USP47,407
USP48,238
USP49,313
USP5,354
USP50,215
USP51,89
USP53,146
USP54,642
USP6,322
USP6NL,93
USP7,107
USP8,182
USP9X,132
USP9Y,112
USPL1,98
UST,158
UTF1,120
UTP11,43
UTP14A,20
UTP15,59
UTP18,65
UTP20,178
UTP23,79
UTP25,172
UTP3,245
UTP4,52
UTP6,344
UTRN,359
UTS2,121
UTS2B,223
UTS2R,53
UTY,241
UVRAG,54
UVSSA,163
UXS1,86
UXT,127
VAC14,52
VAMP1,58
VAMP2,270
VAMP3,83
VAMP4,185
VAMP5,266
VAMP7,443
VAMP8,469
VANGL1,274
VANGL2,193
VAPA,99
VAPB,7
VARS1,216
VARS2,298
VASH1,355
VASH2,241
VASN,82
VASP,89
VAT1,285
VAT1L,567
VAV1,202
VAV2,238
VAV3,87
VAX1,96
VAX2,179
VBP1,379
VCAM1,447
VCAN,68
VCL,126
VCP,6
VCPIP1,192
VCPKMT,573
VCX,224
VDAC1,134
VDAC2,26
VDAC3,60
VDR,212
VEGFA,63
VEGFB,149
VEGFC,203
VEGFD,201
VENTX,71
VEPH1,328
VEZF1,538
VEZT,235
VGF,143
VGLL1,366
VGLL2,166
VGLL3,101
VGLL4,323
VHL,11
VHLL,90
VIL1,34
VILL,388
VIM,87
VIP,288
VIPAS39,42
VIPR1,121
VIPR2,7
VIRMA,91
VIT,273
VKORC1,4
VKORC1L1,139
VLDLR,220
VMA21,90
VMAC,102
VMO1,135
VMP1,187
VN1R1,625
VN1R2,260
VN1R4,96
VNN1,606
VNN2,256
VOPP1,17
VPREB1,218
VPREB3,375
VPS11,143
VPS13A,98
VPS13B,190
VPS13C,105
VPS13D,50
VPS16,62
VPS18,62
VPS25,240
VPS26A,271
VPS26B,286
VPS26C,210
VPS28,170
VPS33A,137
VPS33B,272
VPS35,57
VPS35L,78
VPS36,195
VPS37A,52
VPS37B,170
VPS37C,47
VPS37D,367
VPS39,167
VPS41,740
VPS45,64
VPS4A,73
VPS4B,127
VPS50,175
VPS51,135
VPS52,73
VPS53,78
VPS54,155
VPS72,315
VPS8,222
VPS9D1,94
VRK1,155
VRK2,183
VRK3,326
VRTN,37
VSIG1,86
VSIG10,95
VSIG10L,314
VSIG2,199
VSIG4,338
VSIG8,114
VSIR,23
VSNL1,250
VSTM1,100
VSTM2A,120
VSTM2B,38
VSTM2L,210
VSTM4,65
VSTM5,236
VSX1,38
VSX2,22
VTA1,495
VTCN1,112
VTI1A,486
VTI1B,155
VWA1,149
VWA2,336
VWA3A,402
VWA3B,399
VWA5A,26
VWA5B1,223
VWA5B2,122
VWA7,24
VWA8,232
VWC2,132
VWC2L,249
VWCE,117
VWDE,42
VWF,63
VXN,133
WAC,117
WAPL,135
WARS1,171
WARS2,134
WAS,167
WASF1,189
WASF2,6
WASF3,79
WASHC2A,220
WASHC2C,145
WASHC3,78
WASHC4,28
WASHC5,132
WASL,198
WBP1,222
WBP11,383
WBP1L,67
WBP2,40
WBP2NL,161
WBP4,122
WDCP,249
WDFY1,222
WDFY2,195
WDFY3,158
WDFY4,161
WDHD1,135
WDPCP,214
WDR1,17
WDR11,81
WDR12,87
WDR13,100
WDR17,152
WDR18,99
WDR19,252
WDR20,423
WDR24,81
WDR25,114
WDR26,181
WDR27,47
WDR3,38
WDR31,81
WDR33,67
WDR35,153
WDR36,48
WDR37,80
WDR38,162
WDR4,165
WDR41,49
WDR43,91
WDR44,87
WDR45B,25
WDR46,27
WDR47,191
WDR48,22
WDR49,129
WDR5,13
WDR53,158
WDR54,62
WDR55,93
WDR59,111
WDR5B,187
WDR6,129
WDR62,242
WDR64,157
WDR7,232
WDR70,132
WDR72,307
WDR73,107
WDR74,696
WDR75,121
WDR76,30
WDR77,148
WDR81,318
WDR82,80
WDR83,299
WDR83OS,165
WDR86,103
WDR87,235
WDR88,72
WDR89,22
WDR90,153
WDR91,225
WDR93,69
WDSUB1,125
WDTC1,276
WEE1,6
WEE2,141
WFDC1,382
WFDC10A,239
WFDC10B,424
WFDC11,83
WFDC12,129
WFDC13,261
WFDC2,83
WFDC3,19
WFDC5,90
WFDC6,74
WFDC8,273
WFDC9,232
WFIKKN1,172
WFIKKN2,13
WFS1,108
WHAMM,259
WHRN,291
WIF1,173
WIPF1,96
WIPF2,194
WIPF3,260
WIPI1,290
WIPI2,14
WIZ,105
WLS,95
WNK1,229
WNK2,236
WNK3,116
WNK4,311
WNT1,693
WNT10A,131
WNT10B,161
WNT11,175
WNT16,49
WNT2,733
WNT2B,232
WNT3,96
WNT3A,132
WNT4,166
WNT5A,53
WNT5B,374
WNT6,213
WNT7A,96
WNT7B,82
WNT8A,32
WNT8B,153
WNT9A,136
WNT9B,202
WRAP53,178
WRAP73,185
WRN,6
WRNIP1,140
WSB1,127
WSB2,72
WSCD1,497
WSCD2,149
WT1,124
WTAP,93
WTIP,131
WWC1,352
WWC2,85
WWC3,29
WWOX,182
WWP1,370
WWP2,336
WWTR1,80
XAB2,29
XAF1,118
XAGE1B,44
XAGE2,305
XAGE3,158
XAGE5,558
XBP1,208
XCL1,21
XCL2,338
XCR1,57
XDH,122
XG,154
XIAP,537
XIRP1,309
XIRP2,122
XK,225
XKR3,283
XKR4,256
XKR5,73
XKR6,153
XKR7,234
XKR8,178
XKR9,156
XKRX,143
XPA,235
XPC,232
XPNPEP1,347
XPNPEP2,47
XPNPEP3,77
XPO1,70
XPO4,99
XPO5,53
XPO6,37
XPO7,161
XPOT,25
XPR1,24
XRCC1,101
XRCC2,441
XRCC3,61
XRCC4,277
XRCC5,65
XRCC6,242
XRN1,178
XRN2,335
XRRA1,81
XXYLT1,37
XYLB,164
XYLT1,32
XYLT2,241
YAE1,96
YAF2,73
YAP1,166
YARS1,90
YARS2,104
YBEY,36
YBX1,105
YBX2,166
YBX3,130
YDJC,165
YEATS2,273
YEATS4,224
YES1,213
YIF1A,6
YIF1B,6
YIPF1,269
YIPF2,184
YIPF3,223
YIPF4,204
YIPF5,152
YIPF6,163
YIPF7,371
YJEFN3,10
YJU2,258
YJU2B,161
YKT6,159
YLPM1,257
YME1L1,148
YOD1,90
YPEL1,90
YPEL2,85
YPEL3,301
YPEL4,189
YPEL5,137
YRDC,270
YTHDC1,88
YTHDC2,315
YTHDF1,143
YTHDF2,83
YTHDF3,8
YWHAB,216
YWHAE,97
YWHAG,280
YWHAH,54
YWHAH-AS1,344
YWHAQ,25
YWHAZ,182
YY1,165
YY1AP1,251
YY2,298
ZACN,238
ZAN,153
ZAP70,329
ZAR1,209
ZAR1L,334
ZBBX,44
ZBED2,145
ZBED3,137
ZBED4,254
ZBED6,234
ZBP1,181
ZBTB1,227
ZBTB10,154
ZBTB11,218
ZBTB12,64
ZBTB14,56
ZBTB16,124
ZBTB17,263
ZBTB18,125
ZBTB2,35
ZBTB20,251
ZBTB21,479
ZBTB22,223
ZBTB24,110
ZBTB25,113
ZBTB26,85
ZBTB3,35
ZBTB32,184
ZBTB33,65
ZBTB34,379
ZBTB37,257
ZBTB38,444
ZBTB39,165
ZBTB4,279
ZBTB40,47
ZBTB41,180
ZBTB42,82
ZBTB43,119
ZBTB44,74
ZBTB45,2
ZBTB46,7
ZBTB47,233
ZBTB48,49
ZBTB49,73
ZBTB5,90
ZBTB6,179
ZBTB7A,237
ZBTB7B,214
ZBTB7C,538
ZBTB8A,127
ZBTB8B,57
ZBTB8OS,427
ZBTB9,47
ZC2HC1A,242
ZC2HC1B,262
ZC2HC1C,89
ZC3H12A,48
ZC3H12B,372
ZC3H12C,153
ZC3H12D,58
ZC3H13,237
ZC3H14,127
ZC3H15,106
ZC3H18,65
ZC3H3,22
ZC3H4,309
ZC3H6,239
ZC3H7A,69
ZC3H7B,167
ZC3H8,72
ZC3HAV1,132
ZC3HAV1L,226
ZC3HC1,85
ZC4H2,167
ZCCHC10,131
ZCCHC12,56
ZCCHC13,303
ZCCHC14,104
ZCCHC17,179
ZCCHC18,2
ZCCHC2,15
ZCCHC24,272
ZCCHC3,99
ZCCHC4,90
ZCCHC7,161
ZCCHC8,269
ZCCHC9,72
ZCRB1,170
ZCWPW1,191
ZCWPW2,143
ZDBF2,107
ZDHHC1,122
ZDHHC11,68
ZDHHC11B,37
ZDHHC12,171
ZDHHC13,153
ZDHHC14,39
ZDHHC15,169
ZDHHC16,150
ZDHHC17,436
ZDHHC18,248
ZDHHC19,360
ZDHHC2,83
ZDHHC20,276
ZDHHC21,122
ZDHHC22,119
ZDHHC23,164
ZDHHC24,26
ZDHHC3,300
ZDHHC4,224
ZDHHC5,47
ZDHHC6,329
ZDHHC7,99
ZDHHC8,263
ZDHHC9,19
ZEB1,236
ZEB2,186
ZER1,2
ZFAND1,278
ZFAND2A,29
ZFAND2B,138
ZFAND3,79
ZFAND4,117
ZFAND5,211
ZFAND6,254
ZFAT,222
ZFC3H1,60
ZFHX2,475
ZFHX3,387
ZFHX4,165
ZFP1,315
ZFP14,121
ZFP2,126
ZFP28,68
ZFP3,256
ZFP30,199
ZFP36,143
ZFP36L1,226
ZFP36L2,357
ZFP37,154
ZFP41,63
ZFP42,262
ZFP57,131
ZFP62,207
ZFP64,298
ZFP69,81
ZFP69B,70
ZFP82,46
ZFP90,187
ZFP91,116
ZFP92,313
ZFPL1,137
ZFPM1,55
ZFPM2,23
ZFR,180
ZFR2,62
ZFTA,143
ZFTRAF1,231
ZFX,74
ZFY,198
ZFYVE1,80
ZFYVE16,79
ZFYVE19,65
ZFYVE21,108
ZFYVE26,126
ZFYVE27,39
ZFYVE28,104
ZFYVE9,144
ZG16,530
ZG16B,118
ZGLP1,211
ZGPAT,122
ZGRF1,155
ZHX1,118
ZHX2,179
ZHX3,92
ZIC1,104
ZIC2,133
ZIC3,140
ZIC4,254
ZIC5,529
ZIK1,63
ZIM2,227
ZIM3,314
ZKSCAN1,121
ZKSCAN2,69
ZKSCAN3,233
ZKSCAN4,108
ZKSCAN5,129
ZKSCAN7,111
ZKSCAN8,120
ZMAT1,209
ZMAT2,109
ZMAT3,235
ZMAT4,180
ZMAT5,76
ZMIZ1,109
ZMIZ2,146
ZMPSTE24,159
ZMYM1,158
ZMYM2,45
ZMYM3,607
ZMYM4,4
ZMYM5,346
ZMYM6,236
ZMYND10,153
ZMYND11,8
ZMYND12,231
ZMYND19,95
ZMYND8,243
ZNF10,308
ZNF100,53
ZNF101,76
ZNF106,369
ZNF107,133
ZNF112,162
ZNF114,105
ZNF117,63
ZNF12,78
ZNF121,207
ZNF124,114
ZNF131,212
ZNF132,61
ZNF133,64
ZNF134,132
ZNF135,164
ZNF136,53
ZNF138,126
ZNF14,230
ZNF140,76
ZNF141,94
ZNF142,81
ZNF143,207
ZNF146,131
ZNF148,53
ZNF154,100
ZNF155,185
ZNF157,133
ZNF16,96
ZNF160,115
ZNF165,146
ZNF169,152
ZNF17,160
ZNF174,131
ZNF175,208
ZNF177,447
ZNF18,333
ZNF180,234
ZNF181,141
ZNF182,77
ZNF184,159
ZNF185,47
ZNF189,155
ZNF19,181
ZNF195,91
ZNF197,164
ZNF2,94
ZNF20,245
ZNF200,385
ZNF202,152
ZNF205,349
ZNF207,325
ZNF208,163
ZNF211,71
ZNF212,261
ZNF213,294
ZNF214,96
ZNF215,155
ZNF217,120
ZNF219,42
ZNF22,129
ZNF22-AS1,340
ZNF221,63
ZNF222,132
ZNF223,123
ZNF224,289
ZNF225,546
ZNF227,414
ZNF229,116
ZNF23,482
ZNF230,129
ZNF232,221
ZNF233,117
ZNF235,492
ZNF236,235
ZNF239,263
ZNF24,340
ZNF248,299
ZNF25,215
ZNF250,469
ZNF251,57
ZNF253,91
ZNF254,101
ZNF256,232
ZNF257,127
ZNF26,39
ZNF260,43
ZNF263,619
ZNF264,131
ZNF266,159
ZNF267,352
ZNF268,78
ZNF273,241
ZNF274,148
ZNF275,91
ZNF276,50
ZNF277,314
ZNF28,314
ZNF280A,175
ZNF280B,66
ZNF280C,242
ZNF280D,135
ZNF281,44
ZNF282,175
ZNF283,207
ZNF284,363
ZNF285,159
ZNF286A,235
ZNF286B,263
ZNF287,98
ZNF292,286
ZNF296,94
ZNF3,304
ZNF30,9
ZNF300,148
ZNF302,127
ZNF304,51
ZNF311,162
ZNF317,218
ZNF318,166
ZNF319,230
ZNF32,52
ZNF320,81
ZNF322,258
ZNF324,196
ZNF324B,14
ZNF326,133
ZNF329,503
ZNF330,295
ZNF331,215
ZNF333,77
ZNF334,32
ZNF335,57
ZNF337,397
ZNF33A,98
ZNF33B,137
ZNF34,99
ZNF341,250
ZNF343,286
ZNF345,122
ZNF346,110
ZNF347,107
ZNF35,372
ZNF350,208
ZNF354A,85
ZNF354B,96
ZNF354C,223
ZNF358,177
ZNF362,75
ZNF365,273
ZNF366,165
ZNF367,47
ZNF37A,58
ZNF382,83
ZNF383,52
ZNF384,236
ZNF385A,287
ZNF385B,92
ZNF385C,55
ZNF385D,246
ZNF391,67
ZNF394,169
ZNF395,8
ZNF396,85
ZNF397,85
ZNF398,96
ZNF404,229
ZNF407,219
ZNF408,30
ZNF41,351
ZNF410,308
ZNF414,71
ZNF415,346
ZNF416,178
ZNF417,436
ZNF418,43
ZNF419,159
ZNF420,50
ZNF423,392
ZNF425,229
ZNF426,141
ZNF428,42
ZNF429,193
ZNF43,414
ZNF430,171
ZNF431,35
ZNF432,153
ZNF433,100
ZNF436,117
ZNF438,612
ZNF439,919
ZNF44,95
ZNF440,111
ZNF441,88
ZNF442,235
ZNF443,237
ZNF444,131
ZNF445,240
ZNF446,74
ZNF449,203
ZNF45,366
ZNF451,70
ZNF454,81
ZNF460,218
ZNF461,43
ZNF462,126
ZNF467,66
ZNF468,75
ZNF469,70
ZNF470,11
ZNF471,78
ZNF473,161
ZNF474,270
ZNF479,516
ZNF48,166
ZNF480,84
ZNF483,101
ZNF484,188
ZNF485,107
ZNF486,129
ZNF488,409
ZNF490,63
ZNF491,56
ZNF492,307
ZNF493,74
ZNF496,62
ZNF497,44
ZNF500,47
ZNF501,246
ZNF502,76
ZNF503,109
ZNF506,152
ZNF507,170
ZNF510,396
ZNF511,116
ZNF512,173
ZNF512B,79
ZNF513,232
ZNF514,303
ZNF516,176
ZNF517,120
ZNF518A,113
ZNF518B,100
ZNF519,98
ZNF521,131
ZNF524,117
ZNF526,226
ZNF527,209
ZNF528,86
ZNF529,89
ZNF530,243
ZNF532,318
ZNF534,115
ZNF536,159
ZNF540,387
ZNF541,77
ZNF543,95
ZNF544,182
ZNF546,312
ZNF547,168
ZNF548,30
ZNF549,3
ZNF550,107
ZNF551,280
ZNF552,28
ZNF554,68
ZNF555,376
ZNF556,229
ZNF557,168
ZNF558,126
ZNF559,130
ZNF560,192
ZNF561,101
ZNF561-AS1,245
ZNF562,298
ZNF563,645
ZNF565,4
ZNF566,167
ZNF567,146
ZNF568,77
ZNF569,144
ZNF57,220
ZNF570,314
ZNF571,242
ZNF572,184
ZNF573,285
ZNF574,238
ZNF575,126
ZNF577,206
ZNF578,72
ZNF579,57
ZNF580,208
ZNF581,65
ZNF582,17
ZNF583,154
ZNF584,148
ZNF585B,171
ZNF586,69
ZNF587,196
ZNF587B,73
ZNF589,36
ZNF592,200
ZNF593,222
ZNF594,60
ZNF595,477
ZNF596,4
ZNF597,86
ZNF598,196
ZNF599,483
ZNF600,130
ZNF605,438
ZNF606,66
ZNF607,218
ZNF608,333
ZNF609,361
ZNF610,152
ZNF611,57
ZNF613,214
ZNF614,115
ZNF615,107
ZNF616,145
ZNF618,5
ZNF619,99
ZNF620,100
ZNF621,48
ZNF622,74
ZNF623,108
ZNF624,185
ZNF626,4
ZNF627,434
ZNF628,35
ZNF629,92
ZNF630,25
ZNF638,113
ZNF639,163
ZNF641,103
ZNF644,73
ZNF646,287
ZNF648,196
ZNF649,14
ZNF652,344
ZNF653,200
ZNF654,198
ZNF655,190
ZNF658,179
ZNF660,200
ZNF662,21
ZNF664,722
ZNF665,121
ZNF667,138
ZNF668,94
ZNF669,223
ZNF670,102
ZNF671,18
ZNF672,114
ZNF674,173
ZNF675,141
ZNF676,338
ZNF677,73
ZNF678,180
ZNF679,139
ZNF680,126
ZNF681,267
ZNF682,112
ZNF683,458
ZNF684,80
ZNF687,49
ZNF688,183
ZNF689,63
ZNF69,335
ZNF691,258
ZNF692,60
ZNF695,205
ZNF696,45
ZNF697,88
ZNF699,170
ZNF7,190
ZNF70,151
ZNF700,157
ZNF701,136
ZNF703,32
ZNF704,68
ZNF705A,202
ZNF705B,269
ZNF705D,219
ZNF705G,573
ZNF706,121
ZNF707,155
ZNF708,39
ZNF71,82
ZNF710,376
ZNF711,253
ZNF713,300
ZNF714,158
ZNF716,153
ZNF717,9
ZNF718,380
ZNF721,123
ZNF726,102
ZNF727,216
ZNF728,103
ZNF729,141
ZNF730,206
ZNF732,4
ZNF735,95
ZNF736,433
ZNF737,165
ZNF74,86
ZNF740,99
ZNF746,103
ZNF747,326
ZNF749,114
ZNF750,124
ZNF75A,181
ZNF75D,39
ZNF76,158
ZNF761,63
ZNF763,271
ZNF764,38
ZNF765,314
ZNF766,220
ZNF768,331
ZNF77,49
ZNF770,94
ZNF771,215
ZNF772,239
ZNF773,131
ZNF774,87
ZNF775,486
ZNF776,161
ZNF777,286
ZNF778,194
ZNF780A,321
ZNF780B,59
ZNF781,25
ZNF782,76
ZNF783,192
ZNF784,46
ZNF785,147
ZNF786,75
ZNF787,43
ZNF789,153
ZNF79,134
ZNF790,225
ZNF791,72
ZNF792,203
ZNF793,345
ZNF799,158
ZNF8,58
ZNF80,102
ZNF800,86
ZNF804A,408
ZNF804B,103
ZNF805,125
ZNF808,393
ZNF81,228
ZNF813,418
ZNF814,129
ZNF816,359
ZNF821,137
ZNF823,354
ZNF827,93
ZNF829,407
ZNF83,835
ZNF830,10
ZNF831,164
ZNF835,1
ZNF836,104
ZNF837,120
ZNF839,136
ZNF84,87
ZNF841,239
ZNF843,127
ZNF844,184
ZNF845,246
ZNF846,133
ZNF85,42
ZNF850,117
ZNF852,135
ZNF853,319
ZNF860,130
ZNF862,372
ZNF865,143
ZNF875,496
ZNF878,279
ZNF879,326
ZNF880,146
ZNF883,158
ZNF888,495
ZNF891,93
ZNF90,360
ZNF91,72
ZNF92,155
ZNF93,77
ZNF98,220
ZNF99,290
ZNFX1,111
ZNG1A,168
ZNHIT1,105
ZNHIT2,51
ZNHIT3,137
ZNHIT6,27
ZNRD2,19
ZNRF1,125
ZNRF2,58
ZNRF3,187
ZNRF4,222
ZP1,70
ZP2,231
ZP3,49
ZP4,48
ZPBP,80
ZPBP2,108
ZPLD1,346
ZPR1,66
ZRANB1,120
ZRANB2,225
ZRANB3,34
ZRSR2,155
ZSCAN1,117
ZSCAN10,156
ZSCAN12,209
ZSCAN16,152
ZSCAN18,294
ZSCAN2,156
ZSCAN20,120
ZSCAN21,259
ZSCAN22,247
ZSCAN23,153
ZSCAN25,6
ZSCAN26,326
ZSCAN29,248
ZSCAN30,65
ZSCAN31,203
ZSCAN32,178
ZSCAN5A,447
ZSCAN5B,621
ZSCAN9,74
ZSWIM1,172
ZSWIM2,38
ZSWIM3,53
ZSWIM4,177
ZSWIM5,142
ZSWIM6,162
ZSWIM7,134
ZSWIM8,461
ZSWIM9,126
ZUP1,213
ZW10,263
ZWILCH,216
ZWINT,20
ZXDA,63
ZXDB,176
ZXDC,102
ZYG11A,36
ZYG11B,141
ZYX,38
ZZEF1,139
ZZZ3,16
control,165777
