retrieval,cosine,signed_top100,normalized_absolute_error,norm_ratio,squared_error,truth_energy,strong_genes,strong_direction,strong_normalized_absolute_error,model,target_gene
0.5,0.0,0.0,1.0,0.0,62.99345551498004,62.99345551498004,308,0.0,1.0,unchanged,ACAT2
0.5,0.0,0.0,1.0,0.0,13.812968118568701,13.812968118568701,24,0.0,1.0,unchanged,ACVR1B
0.5,0.0,0.0,1.0,0.0,19.72512091528857,19.72512091528857,49,0.0,1.0,unchanged,AKT2
0.5,0.0,0.0,1.0,0.0,6.192756404375936,6.192756404375936,2,,,unchanged,ANTXR1
0.5,0.0,0.0,1.0,0.0,48.38802555772017,48.38802555772017,217,0.0,1.0,unchanged,ARID1A
0.5,0.0,0.0,1.0,0.0,26.41233409544507,26.41233409544507,64,0.0,1.0,unchanged,ATM
0.5,0.0,0.0,1.0,0.0,7.053278287402917,7.053278287402917,2,,,unchanged,ATP1B1
0.5,0.0,0.0,1.0,0.0,27.087378263499872,27.087378263499872,74,0.0,1.0,unchanged,BIRC2
0.5,0.0,0.0,1.0,0.0,26.52781495402035,26.52781495402035,63,0.0,1.0,unchanged,C1QBP
0.5,0.0,0.0,1.0,0.0,7.498691845734399,7.498691845734399,1,,,unchanged,CALM3
0.5,0.0,0.0,1.0,0.0,6.528200962092747,6.528200962092747,2,,,unchanged,CAMSAP2
0.5,0.0,0.0,1.0,0.0,7.450710725090044,7.450710725090044,2,,,unchanged,CASP2
0.5,0.0,0.0,1.0,0.0,91.47758942064371,91.47758942064371,407,0.0,1.0,unchanged,CASP3
0.5,0.0,0.0,1.0,0.0,11.393941129561444,11.393941129561444,7,,,unchanged,CDCA2
0.5,0.0,0.0,1.0,0.0,12.609021293969683,12.609021293969683,5,,,unchanged,CENPO
0.5,0.0,0.0,1.0,0.0,7.481135663140309,7.481135663140309,3,,,unchanged,CLDN6
0.5,0.0,0.0,1.0,0.0,9.673734820860822,9.673734820860822,6,,,unchanged,CLDN7
0.5,0.0,0.0,1.0,0.0,7.029077870685338,7.029077870685338,4,,,unchanged,CREG1
0.5,0.0,0.0,1.0,0.0,16.136433374893258,16.136433374893258,27,0.0,1.0,unchanged,DAXX
0.5,0.0,0.0,1.0,0.0,14.867637654619715,14.867637654619715,30,0.0,1.0,unchanged,DHCR24
0.5,0.0,0.0,1.0,0.0,257.41320220865396,257.41320220865396,1355,0.0,1.0,unchanged,DHX36
0.5,0.0,0.0,1.0,0.0,26.18158259644693,26.18158259644693,83,0.0,1.0,unchanged,DLG5
0.5,0.0,0.0,1.0,0.0,296.0737007986536,296.0737007986536,1249,0.0,1.0,unchanged,DNMT1
0.5,0.0,0.0,1.0,0.0,7.122725282478875,7.122725282478875,1,,,unchanged,DZIP3
0.5,0.0,0.0,1.0,0.0,7.661271256088746,7.661271256088746,4,,,unchanged,EID2
0.5,0.0,0.0,1.0,0.0,42.01560178119702,42.01560178119702,121,0.0,1.0,unchanged,EIF4B
0.5,0.0,0.0,1.0,0.0,48.21426153907538,48.21426153907538,168,0.0,1.0,unchanged,EWSR1
0.5,0.0,0.0,1.0,0.0,16.203624068291273,16.203624068291273,32,0.0,1.0,unchanged,FOXH1
0.5,0.0,0.0,1.0,0.0,49.55702396914154,49.55702396914154,210,0.0,1.0,unchanged,GSK3B
0.5,0.0,0.0,1.0,0.0,14.528155782774952,14.528155782774952,21,0.0,1.0,unchanged,HAT1
0.5,0.0,0.0,1.0,0.0,19.302192887177647,19.302192887177647,30,0.0,1.0,unchanged,HIRA
0.5,0.0,0.0,1.0,0.0,17.5888817695471,17.5888817695471,26,0.0,1.0,unchanged,HMGB2
0.5,0.0,0.0,1.0,0.0,8.665649004259743,8.665649004259743,3,,,unchanged,HMGN1
0.5,0.0,0.0,1.0,0.0,6.449773819997329,6.449773819997329,0,,,unchanged,IDE
0.5,0.0,0.0,1.0,0.0,7.693827921327384,7.693827921327384,6,,,unchanged,IGF2R
0.5,0.0,0.0,1.0,0.0,13.646273051761941,13.646273051761941,12,0.0,1.0,unchanged,IKBKG
0.5,0.0,0.0,1.0,0.0,68.21436740295266,68.21436740295266,211,0.0,1.0,unchanged,INSIG1
0.5,0.0,0.0,1.0,0.0,9.769387549995765,9.769387549995765,4,,,unchanged,IRF3
0.5,0.0,0.0,1.0,0.0,153.37824425186463,153.37824425186463,725,0.0,1.0,unchanged,KAT2A
0.5,0.0,0.0,1.0,0.0,24.06075179443121,24.06075179443121,43,0.0,1.0,unchanged,KDM2B
0.5,0.0,0.0,1.0,0.0,10.11198493030455,10.11198493030455,6,,,unchanged,KDR
0.5,0.0,0.0,1.0,0.0,6.69087079597112,6.69087079597112,2,,,unchanged,KIF1B
0.5,0.0,0.0,1.0,0.0,13.300007286384627,13.300007286384627,15,0.0,1.0,unchanged,KLF10
0.5,0.0,0.0,1.0,0.0,5.920222444335906,5.920222444335906,2,,,unchanged,LAD1
0.5,0.0,0.0,1.0,0.0,47.27100491269485,47.27100491269485,95,0.0,1.0,unchanged,LRPPRC
0.5,0.0,0.0,1.0,0.0,55.22848238108435,55.22848238108435,188,0.0,1.0,unchanged,LZTR1
0.5,0.0,0.0,1.0,0.0,7.241618203713607,7.241618203713607,3,,,unchanged,MAP1B
0.5,0.0,0.0,1.0,0.0,8.182501097657678,8.182501097657678,1,,,unchanged,MAP3K7
0.5,0.0,0.0,1.0,0.0,8.269342076753372,8.269342076753372,5,,,unchanged,MAPKAPK2
0.5,0.0,0.0,1.0,0.0,7.87403313204214,7.87403313204214,0,,,unchanged,MAST2
0.5,0.0,0.0,1.0,0.0,184.26695059851897,184.26695059851897,877,0.0,1.0,unchanged,MAU2
0.5,0.0,0.0,1.0,0.0,113.22375789941742,113.22375789941742,369,0.0,1.0,unchanged,MBTPS1
0.5,0.0,0.0,1.0,0.0,61.51475170519875,61.51475170519875,297,0.0,1.0,unchanged,MED1
0.5,0.0,0.0,1.0,0.0,27.331448610164685,27.331448610164685,63,0.0,1.0,unchanged,MED12
0.5,0.0,0.0,1.0,0.0,32.28189205061412,32.28189205061412,111,0.0,1.0,unchanged,MED13
0.5,0.0,0.0,1.0,0.0,14.178753537119377,14.178753537119377,16,0.0,1.0,unchanged,MED13L
0.5,0.0,0.0,1.0,0.0,121.97603662753404,121.97603662753404,627,0.0,1.0,unchanged,MED24
0.5,0.0,0.0,1.0,0.0,521.7589591021322,521.7589591021322,2934,0.0,1.0,unchanged,METTL14
0.5,0.0,0.0,1.0,0.0,41.49671149249956,41.49671149249956,79,0.0,1.0,unchanged,METTL17
0.5,0.0,0.0,1.0,0.0,516.8112415279878,516.8112415279878,2854,0.0,1.0,unchanged,METTL3
0.5,0.0,0.0,1.0,0.0,7.591143498909098,7.591143498909098,5,,,unchanged,MKI67
0.5,0.0,0.0,1.0,0.0,30.12594658665021,30.12594658665021,27,0.0,1.0,unchanged,MTA1
0.5,0.0,0.0,1.0,0.0,6.505627959900664,6.505627959900664,2,,,unchanged,NCK2
0.5,0.0,0.0,1.0,0.0,15.52257157290596,15.52257157290596,17,0.0,1.0,unchanged,NDUFB4
0.5,0.0,0.0,1.0,0.0,14.885182758767087,14.885182758767087,12,0.0,1.0,unchanged,NDUFB6
0.5,0.0,0.0,1.0,0.0,12.690324226318992,12.690324226318992,6,,,unchanged,NISCH
0.5,0.0,0.0,1.0,0.0,46.90246490662895,46.90246490662895,138,0.0,1.0,unchanged,NIT1
0.5,0.0,0.0,1.0,0.0,8.538777098219047,8.538777098219047,5,,,unchanged,NRAS
0.5,0.0,0.0,1.0,0.0,44.788514093946645,44.788514093946645,128,0.0,1.0,unchanged,OXCT1
0.5,0.0,0.0,1.0,0.0,13.285708722799463,13.285708722799463,18,0.0,1.0,unchanged,PAGR1
0.5,0.0,0.0,1.0,0.0,7.64471489712024,7.64471489712024,4,,,unchanged,PBX1
0.5,0.0,0.0,1.0,0.0,47.24549797390515,47.24549797390515,116,0.0,1.0,unchanged,PHF10
0.5,0.0,0.0,1.0,0.0,15.106048180617183,15.106048180617183,24,0.0,1.0,unchanged,PHF14
0.5,0.0,0.0,1.0,0.0,6.9343598555527795,6.9343598555527795,2,,,unchanged,PLCB3
0.5,0.0,0.0,1.0,0.0,9.347203583334098,9.347203583334098,1,,,unchanged,PMS1
0.5,0.0,0.0,1.0,0.0,9.151565276077248,9.151565276077248,3,,,unchanged,POLB
0.5,0.0,0.0,1.0,0.0,8.816105543913617,8.816105543913617,6,,,unchanged,PRCP
0.5,0.0,0.0,1.0,0.0,27.429552199261032,27.429552199261032,104,0.0,1.0,unchanged,PRR12
0.5,0.0,0.0,1.0,0.0,5.9740375389209905,5.9740375389209905,2,,,unchanged,PTPN1
0.5,0.0,0.0,1.0,0.0,5.991342454168576,5.991342454168576,0,,,unchanged,RAB3B
0.5,0.0,0.0,1.0,0.0,15.900502690749565,15.900502690749565,38,0.0,1.0,unchanged,RAF1
0.5,0.0,0.0,1.0,0.0,78.41398389155121,78.41398389155121,369,0.0,1.0,unchanged,RNF2
0.5,0.0,0.0,1.0,0.0,10.869071071300136,10.869071071300136,4,,,unchanged,RRM1
0.5,0.0,0.0,1.0,0.0,45.00885087723821,45.00885087723821,163,0.0,1.0,unchanged,SAFB
0.5,0.0,0.0,1.0,0.0,199.670816517702,199.670816517702,1125,0.0,1.0,unchanged,SIN3B
0.5,0.0,0.0,1.0,0.0,12.429553860157547,12.429553860157547,25,0.0,1.0,unchanged,SIX4
0.5,0.0,0.0,1.0,0.0,19.42975764584817,19.42975764584817,20,0.0,1.0,unchanged,SLC25A3
0.5,0.0,0.0,1.0,0.0,32.335155617567125,32.335155617567125,79,0.0,1.0,unchanged,SMAGP
0.5,0.0,0.0,1.0,0.0,478.99842202935355,478.99842202935355,2187,0.0,1.0,unchanged,SMARCA4
0.5,0.0,0.0,1.0,0.0,160.6884127437941,160.6884127437941,931,0.0,1.0,unchanged,SMARCA5
0.5,0.0,0.0,1.0,0.0,215.0600329516683,215.0600329516683,1133,0.0,1.0,unchanged,SOX2
0.5,0.0,0.0,1.0,0.0,9.880173346383751,9.880173346383751,6,,,unchanged,SRC
0.5,0.0,0.0,1.0,0.0,29.254291616807656,29.254291616807656,59,0.0,1.0,unchanged,SSBP1
0.5,0.0,0.0,1.0,0.0,96.7523509635953,96.7523509635953,445,0.0,1.0,unchanged,STAG2
0.5,0.0,0.0,1.0,0.0,7.5422348030052815,7.5422348030052815,8,,,unchanged,STAT1
0.5,0.0,0.0,1.0,0.0,25.95918969962473,25.95918969962473,68,0.0,1.0,unchanged,STAT6
0.5,0.0,0.0,1.0,0.0,13.277049082877419,13.277049082877419,19,0.0,1.0,unchanged,STX4
0.5,0.0,0.0,1.0,0.0,15.957221000842587,15.957221000842587,18,0.0,1.0,unchanged,SV2A
0.5,0.0,0.0,1.0,0.0,106.90871731150742,106.90871731150742,519,0.0,1.0,unchanged,TADA1
0.5,0.0,0.0,1.0,0.0,10.044942840033457,10.044942840033457,4,,,unchanged,TARBP2
0.5,0.0,0.0,1.0,0.0,9.079844081761223,9.079844081761223,6,,,unchanged,TCF3
0.5,0.0,0.0,1.0,0.0,15.38127803967939,15.38127803967939,45,0.0,1.0,unchanged,TET1
0.5,0.0,0.0,1.0,0.0,43.95216012740541,43.95216012740541,93,0.0,1.0,unchanged,TFAM
0.5,0.0,0.0,1.0,0.0,51.4298230003904,51.4298230003904,258,0.0,1.0,unchanged,TGFBR2
0.5,0.0,0.0,1.0,0.0,8.198855126981474,8.198855126981474,6,,,unchanged,TMBIM6
0.5,0.0,0.0,1.0,0.0,84.30263426260876,84.30263426260876,254,0.0,1.0,unchanged,TMSB10
0.5,0.0,0.0,1.0,0.0,6.678250672178237,6.678250672178237,0,,,unchanged,TMSB4X
0.5,0.0,0.0,1.0,0.0,8.012210174475577,8.012210174475577,1,,,unchanged,TRAM2
0.5,0.0,0.0,1.0,0.0,48.455519812672556,48.455519812672556,221,0.0,1.0,unchanged,TRAPPC6A
0.5,0.0,0.0,1.0,0.0,9.455926150273223,9.455926150273223,3,,,unchanged,TSC22D4
0.5,0.0,0.0,1.0,0.0,7.314825838630052,7.314825838630052,4,,,unchanged,TWF2
0.5,0.0,0.0,1.0,0.0,15.420421000084424,15.420421000084424,24,0.0,1.0,unchanged,TXNDC9
0.5,0.0,0.0,1.0,0.0,24.042657867481203,24.042657867481203,36,0.0,1.0,unchanged,UBE3C
0.5,0.0,0.0,1.0,0.0,24.15574781099572,24.15574781099572,47,0.0,1.0,unchanged,UQCRQ
0.5,0.0,0.0,1.0,0.0,15.826681899792487,15.826681899792487,20,0.0,1.0,unchanged,USP22
0.5,0.0,0.0,1.0,0.0,7.148489770333529,7.148489770333529,4,,,unchanged,WFS1
0.5,0.0,0.0,1.0,0.0,32.55657037688374,32.55657037688374,103,0.0,1.0,unchanged,WSB2
0.5,0.0,0.0,1.0,0.0,25.313817835146892,25.313817835146892,14,0.0,1.0,unchanged,XRCC4
0.5,0.0,0.0,1.0,0.0,6.851757919079917,6.851757919079917,2,,,unchanged,ZNF286A
0.5,0.0,0.0,1.0,0.0,8.334607696182072,8.334607696182072,3,,,unchanged,ZNF426
0.5,0.0,0.0,1.0,0.0,8.219798985184106,8.219798985184106,8,,,unchanged,ZNF562
0.5,0.0,0.0,1.0,0.0,14.902642054461282,14.902642054461282,21,0.0,1.0,unchanged,ZNF593
0.5,0.0,0.0,1.0,0.0,11.274728689325888,11.274728689325888,8,,,unchanged,ZNF714
0.9836065573770492,0.07944489307970083,0.04,3.4762309098252695,3.3382270772296394,731.5650360658743,62.99345551498004,308,0.5714285714285714,1.1173448941815027,additive,ACAT2
0.9918032786885246,0.0953218832076204,0.05,5.243969560187059,5.964463379983901,489.5003126968168,13.812968118568701,24,0.75,0.9895018270306102,additive,ACVR1B
0.2786885245901639,-0.011467307088933789,0.01,4.571688846530565,4.862956730871599,488.3915913963832,19.72512091528857,49,0.4897959183673469,1.2253917608811873,additive,AKT2
0.180327868852459,-0.03897601771229193,0.0,6.205576961715812,7.911491940612353,397.6271142416981,6.192756404375936,2,,,additive,ANTXR1
1.0,0.17836065568019419,0.03,2.8093190899065212,2.790178548109095,376.9320824251719,48.38802555772017,217,0.7741935483870968,0.8454928497075902,additive,ARID1A
1.0,0.14947718453357903,0.06,2.7944480469728727,3.1241879138583784,259.54239878888495,26.41233409544507,64,0.671875,0.9525052964882478,additive,ATM
0.7131147540983607,0.024870247756919567,0.06,7.4301600354802355,8.631006442000247,529.4540642539487,7.053278287402917,2,,,additive,ATP1B1
0.5,-0.007362239891899954,0.01,3.1476321008082606,3.1168441199146524,291.47674527290906,27.087378263499872,74,0.5135135135135135,1.0734255100266403,additive,BIRC2
0.7540983606557377,0.04354618454925899,0.03,3.7823675958064134,4.48475489579794,549.7210151624485,26.52781495402035,63,0.6190476190476191,1.260887394765862,additive,C1QBP
0.032786885245901676,-0.0513165285446463,0.0,5.909440979099967,7.677890101293527,455.45555837868267,7.498691845734399,1,,,additive,CALM3
0.040983606557377095,-0.06348989858696921,0.0,7.93359911602136,9.226583572546245,569.9213062914928,6.528200962092747,2,,,additive,CAMSAP2
0.6639344262295082,0.033234816388118635,0.04,5.903181851965206,7.612432642890098,435.4428937972132,7.450710725090044,2,,,additive,CASP2
1.0,0.197617129603595,0.05,2.287130072157077,2.3906864407731576,527.8714730830185,91.47758942064371,407,0.7002457002457002,0.8867482199913473,additive,CASP3
0.049180327868852514,-0.04115324129221078,0.01,5.609603709398161,6.620901499394667,517.0716301819773,11.393941129561444,7,,,additive,CDCA2
0.29508196721311475,-0.023946110611289373,0.01,4.986518643458118,5.163945777385759,351.9637924310052,12.609021293969683,5,,,additive,CENPO
0.6885245901639344,0.029047108488498022,0.0,5.545102999429208,7.3410982981470285,407.461915690815,7.481135663140309,3,,,additive,CLDN6
0.2295081967213115,-0.012804186596910218,0.0,5.223269399069929,6.65323149869381,439.53453655325313,9.673734820860822,6,,,additive,CLDN7
0.47540983606557374,0.01187238905836443,0.03,6.343739177070158,8.003581147911206,455.9570775575812,7.029077870685338,4,,,additive,CREG1
0.8934426229508197,0.03601084175346377,0.05,4.866062387775732,5.172419338315864,441.8380635976355,16.136433374893258,27,0.5555555555555556,1.25044693398153,additive,DAXX
0.9180327868852459,0.07640341399081407,0.01,5.054280443877043,5.668231383384489,479.6701713855253,14.867637654619715,30,0.6666666666666666,0.9445462784507699,additive,DHCR24
1.0,0.2676932336623004,0.02,1.3148545838185368,1.2119128919908253,468.46399464744746,257.41320220865396,1355,0.7535055350553506,0.8716179373475467,additive,DHX36
1.0,0.11415529430881746,0.03,4.941307154663688,4.7605690453872604,591.078794368533,26.18158259644693,83,0.6987951807228916,1.088080035494931,additive,DLG5
1.0,0.336963576829835,0.11,1.480050366209195,1.3921306935746554,592.0980141797234,296.0737007986536,1249,0.7902321857485989,0.8443672008927879,additive,DNMT1
0.9590163934426229,0.05263076241388034,0.02,5.724449537853825,6.651653155745301,317.2770009125069,7.122725282478875,1,,,additive,DZIP3
0.6147540983606558,0.004847720387351881,0.01,4.9696148803454845,5.805855301269511,265.47580851112673,7.661271256088746,4,,,additive,EID2
1.0,0.09898308300400091,0.0,2.8308182177024506,3.23308893475383,454.3072165290232,42.01560178119702,121,0.7603305785123967,0.895574447977112,additive,EIF4B
1.0,0.15886560453841225,0.02,2.7030738215667243,2.817624970198882,387.8240970991061,48.21426153907538,168,0.7440476190476191,1.0073581588256626,additive,EWSR1
1.0,0.16708059966097,0.1,3.478934005156994,3.9827800641589373,251.6689606682165,16.203624068291273,32,0.9375,0.7299338737057101,additive,FOXH1
0.7704918032786885,0.024528085538933618,0.01,3.05128337714287,2.7089905713810176,406.6519156457048,49.55702396914154,210,0.5285714285714286,1.037003390911589,additive,GSK3B
0.9918032786885246,0.058124155687784,0.02,4.109376702883071,4.596773468952115,313.74945911938977,14.528155782774952,21,0.5238095238095238,1.3006922040590276,additive,HAT1
1.0,0.16485339091611032,0.08,5.623083333080608,5.700836114477991,610.3339507838602,19.302192887177647,30,0.6666666666666666,1.7216028023892065,additive,HIRA
0.38524590163934425,-0.019718802082664813,0.0,3.6393197303796856,3.7614457348641395,269.0538955376296,17.5888817695471,26,0.23076923076923078,1.166188210749479,additive,HMGB2
0.5901639344262295,0.004299555227731234,0.0,4.953499205663539,5.517131884450672,272.0260032198206,8.665649004259743,3,,,additive,HMGN1
0.6639344262295082,0.013313931727781943,0.05,6.527431811269184,8.066594683267613,424.7508456163006,6.449773819997329,0,,,additive,IDE
0.8442622950819672,0.048449284913916466,0.02,5.816205923860535,7.358168869598981,418.7723845652089,7.693827921327384,6,,,additive,IGF2R
0.6967213114754098,0.022332251440043596,0.02,4.995886597026057,5.342470657749182,399.88184202529726,13.646273051761941,12,0.5,1.1315845221411616,additive,IKBKG
0.05737704918032782,-0.0552829368553383,0.0,2.8405918761011764,2.7122190081425637,590.4643018050648,68.21436740295266,211,0.44549763033175355,1.1686266288396858,additive,INSIG1
0.5163934426229508,0.0005886542235000744,0.02,4.840710184043015,5.010374610431137,254.96103646686112,9.769387549995765,4,,,additive,IRF3
1.0,0.3038151063676837,0.07,1.360217691604123,1.4784016595734812,350.82971964493447,153.37824425186463,725,0.8068965517241379,0.8243395249045197,additive,KAT2A
0.9508196721311475,0.05438063999902396,0.06,3.0368051564152285,3.1003135530759494,247.21821087029826,24.06075179443121,43,0.5581395348837209,1.4731329455241529,additive,KDM2B
0.5573770491803278,0.0005461092115605576,0.0,4.575885945957924,4.725010412302008,235.81717811275882,10.11198493030455,6,,,additive,KDR
0.5491803278688525,0.00329444771692841,0.05,6.450377066853785,8.06085833180274,441.0911401689345,6.69087079597112,2,,,additive,KIF1B
0.9590163934426229,0.04819083781693446,0.03,3.6659275696746967,4.059451882765198,227.26909893342972,13.300007286384627,15,0.7333333333333333,0.9672440608421478,additive,KLF10
0.12295081967213117,-0.024797283027137657,0.0,7.069225005190197,9.07421243694331,496.06350774900966,5.920222444335906,2,,,additive,LAD1
1.0,0.1644919785151704,0.07,2.473469287679586,2.388805454685976,279.86859103853067,47.27100491269485,95,0.6631578947368421,1.0625947637076243,additive,LRPPRC
0.8934426229508197,0.04261389340369436,0.07,2.4086600274860426,2.07183377675601,282.5443534964202,55.22848238108435,188,0.5106382978723404,1.1354730612408739,additive,LZTR1
0.24590163934426235,-0.016411942176540774,0.01,6.235438066981024,8.003390919851714,473.0005487813427,7.241618203713607,3,,,additive,MAP1B
0.9672131147540983,0.057198640145087444,0.04,4.49868403223597,5.654355924763021,264.4985132383475,8.182501097657678,1,,,additive,MAP3K7
0.8360655737704918,0.050755830101567916,0.07,5.569014412745366,6.891841524427412,395.2569981250948,8.269342076753372,5,,,additive,MAPKAPK2
0.680327868852459,0.01903787186652177,0.06,6.193465478412817,7.721011023601866,474.9618989149289,7.87403313204214,0,,,additive,MAST2
1.0,0.20436523573410317,0.04,2.0769343198683377,1.931900319439954,726.4931488353046,184.26695059851897,877,0.7058152793614595,0.9324552436277328,additive,MAU2
0.9426229508196722,0.06726619884638393,0.01,2.5377940583816274,2.1966592375991913,626.1036010222795,113.22375789941742,369,0.5392953929539296,1.0515788154820371,additive,MBTPS1
1.0,0.15804122491541658,0.05,2.059343604112444,2.3121392390029842,345.4152485727216,61.51475170519875,297,0.734006734006734,0.9137160291176537,additive,MED1
1.0,0.09649014880999959,0.04,3.403599833538013,3.5809776758893936,358.92595722208756,27.331448610164685,63,0.7142857142857143,1.1821028913488303,additive,MED12
1.0,0.15193861280756812,0.06,2.6085175913147447,2.9336917119405905,281.3387863326843,32.28189205061412,111,0.7747747747747747,0.9519813060385667,additive,MED13
0.9426229508196722,0.04950480162478977,0.01,3.746603668863215,4.3963540468799005,282.0529480258057,14.178753537119377,16,0.625,1.0487416266109717,additive,MED13L
1.0,0.23419309117135648,0.12,1.6803185573595656,1.5441777369560046,324.6042592780198,121.97603662753404,627,0.7687400318979266,0.8401535211406568,additive,MED24
0.9918032786885246,0.17213784271429908,0.01,1.176570394249701,0.7768945613681456,697.1217549089858,521.7589591021322,2934,0.6547375596455351,0.9252218454799657,additive,METTL14
0.9672131147540983,0.05152337971981855,0.05,2.6359345927302105,2.6060063775928137,312.1685036523796,41.49671149249956,79,0.620253164556962,1.174394068781409,additive,METTL17
1.0,0.2671712189469761,0.01,1.136605581340711,0.8813740945929447,674.8855631890578,516.8112415279878,2854,0.7477224947442186,0.8543588292137739,additive,METTL3
0.4590163934426229,-0.005803273154897036,0.01,4.633129491657045,5.499052510461711,237.6286281279003,7.591143498909098,5,,,additive,MKI67
0.8278688524590164,0.028934004702544175,0.0,3.1813041642941666,2.7047336386630043,245.79960171073483,30.12594658665021,27,0.7037037037037037,0.9899754067428362,additive,MTA1
0.38524590163934425,-0.011123798345871237,0.0,6.218621577070334,7.745784007810587,397.94597679794833,6.505627959900664,2,,,additive,NCK2
0.9426229508196722,0.07962961210697081,0.0,4.79962427930218,5.858509070843945,533.8073735481559,15.52257157290596,17,0.5294117647058824,2.0955953017046602,additive,NDUFB4
0.8442622950819672,0.02966358819005144,0.01,6.258736423380782,6.9180938579002,721.1810263305546,14.885182758767087,12,0.5,2.931466124579419,additive,NDUFB6
0.024590163934426257,-0.04310325417799636,0.0,5.514088033726944,5.776920045577116,442.52192705573077,12.690324226318992,6,,,additive,NISCH
1.0,0.11190787118936613,0.0,2.939311874008005,3.3370003478875727,534.1580135125064,46.90246490662895,138,0.6231884057971014,1.05529466240349,additive,NIT1
0.319672131147541,-0.008958843753501611,0.03,6.288001595244488,7.402783352038642,477.6066100755379,8.538777098219047,5,,,additive,NRAS
0.3278688524590164,-0.016503855299400762,0.01,3.6078497379550014,3.2415459996251657,520.2014139073199,44.788514093946645,128,0.5703125,1.051436596450453,additive,OXCT1
0.9426229508196722,0.07982050082520463,0.01,4.638476437249105,5.681642619161646,430.1120620747199,13.285708722799463,18,0.7222222222222222,1.3706306350231048,additive,PAGR1
0.07377049180327866,-0.042256502424494684,0.01,5.266264602145191,6.246543223622874,309.97190911480413,7.64471489712024,4,,,additive,PBX1
0.8688524590163934,0.03975296961169037,0.02,3.031516822843764,2.591448684013761,354.7934082510647,47.24549797390515,116,0.5431034482758621,1.1157571853005972,additive,PHF10
0.4426229508196722,-0.01700843573106745,0.04,3.648421539504381,4.159018263179427,278.5390583734902,15.106048180617183,24,0.5,1.119800859218956,additive,PHF14
0.5983606557377049,0.005935618108602523,0.01,6.4462468839637,7.849744370669643,433.57293384891295,6.9343598555527795,2,,,additive,PLCB3
0.33606557377049184,-0.027275203518384403,0.01,5.136175075473339,5.364484506880537,281.073485466159,9.347203583334098,1,,,additive,PMS1
0.5245901639344263,-0.0033763824053913774,0.02,5.078110973927222,5.699321694489236,306.76736793403376,9.151565276077248,3,,,additive,POLB
0.16393442622950816,-0.022971497635901804,0.0,6.414236410935171,7.275577459238701,478.4349651530921,8.816105543913617,6,,,additive,PRCP
1.0,0.12595078158705802,0.04,5.0412595061855585,5.094914697447846,704.2465880551168,27.429552199261032,104,0.5961538461538461,1.1173304309162126,additive,PRR12
0.29508196721311475,-0.007251307701685291,0.02,7.040573890947116,9.630328856025304,560.859961877924,5.9740375389209905,2,,,additive,PTPN1
0.4672131147540983,-0.00618329373338184,0.01,6.466777634795652,8.109137001358254,400.5714820182357,5.991342454168576,0,,,additive,RAB3B
0.6885245901639344,0.026392565180673795,0.0,5.0551099386545495,5.443495089521774,482.48967454895853,15.900502690749565,38,0.5789473684210527,1.0143340500323197,additive,RAF1
1.0,0.09360802780534087,0.03,2.013171376385376,1.7991098971438253,305.81251123003483,78.41398389155121,369,0.6558265582655827,0.9277908895286807,additive,RNF2
0.2704918032786885,-0.011001904015904384,0.03,5.254997783010361,5.924519671741052,393.7896549236175,10.869071071300136,4,,,additive,RRM1
0.9672131147540983,0.053670522610331534,0.01,2.864657648531307,2.8537333636661812,397.7644318732612,45.00885087723821,163,0.558282208588957,1.090721764098944,additive,SAFB
1.0,0.25578530772411545,0.04,1.4725452944548854,1.5113371583858481,501.37029064607054,199.670816517702,1125,0.752,0.9012479269803747,additive,SIN3B
0.9836065573770492,0.07887944102811727,0.03,3.915978138748406,4.693063193383599,276.98601680733896,12.429553860157547,25,0.84,1.0396084122465623,additive,SIX4
0.9672131147540983,0.08290490966514016,0.01,4.4680068448625,5.360410383963781,560.455066632251,19.42975764584817,20,0.5,1.0006036309679034,additive,SLC25A3
0.7459016393442623,0.02177550833776081,0.02,4.219769080202271,3.8538642072887943,507.15847266045006,32.335155617567125,79,0.5949367088607594,1.0324821362682297,additive,SMAGP
0.5,-0.011067256036589257,0.0,1.2098866459685451,0.6034104619593781,659.8013492697226,478.99842202935355,2187,0.5203475080018289,1.0205625073455102,additive,SMARCA4
1.0,0.2050287165559935,0.03,1.6733194377151188,1.5268382451267444,434.6852401992921,160.6884127437941,931,0.7132116004296455,0.8727434057148976,additive,SMARCA5
1.0,0.11575585428919312,0.02,1.5489817856120731,1.1706256289153558,451.4864573043196,215.0600329516683,1133,0.6566637246248896,0.946408053726288,additive,SOX2
0.9508196721311475,0.05582094695719332,0.02,6.939809905527816,8.063296762587637,643.3628309616761,9.880173346383751,6,,,additive,SRC
1.0,0.08937925536809012,0.06,3.19046426508644,3.2625650304678,323.5852099616969,29.254291616807656,59,0.4915254237288136,1.3768258775424491,additive,SSBP1
1.0,0.19592962781977366,0.04,2.417675954392579,2.424181643545378,573.4239606162779,96.7523509635953,445,0.750561797752809,0.9244617870788567,additive,STAG2
0.43442622950819676,-0.014988430136590016,0.02,4.984993001853426,5.917524051359355,272.9872643950929,7.5422348030052815,8,,,additive,STAT1
0.7131147540983607,0.011339096676649691,0.0,3.369444276635632,3.1378129968811983,279.7027531413348,25.95918969962473,68,0.5147058823529411,1.048312091667258,additive,STAT6
0.7131147540983607,0.021392687221330486,0.0,5.769810706002373,6.114446954930524,506.18554007326907,13.277049082877419,19,0.47368421052631576,1.0669201236539423,additive,STX4
0.6885245901639344,0.027287131409862855,0.02,5.075972987901876,5.275215532825681,455.41921372682646,15.957221000842587,18,0.8333333333333334,0.7814121054984027,additive,SV2A
1.0,0.26144138941363954,0.06,1.7651290797610966,1.8804636562623596,379.8340039732603,106.90871731150742,519,0.7784200385356455,0.8627604401345017,additive,TADA1
0.5,-0.0017538316345350239,0.01,4.439338547793703,5.1852485976179565,280.304040803731,10.044942840033457,4,,,additive,TARBP2
0.9344262295081968,0.044877526911486436,0.02,4.710170612550103,5.62782309976729,292.07377141194036,9.079844081761223,6,,,additive,TCF3
0.9836065573770492,0.07680108246679228,0.0,4.0607248168247,4.543658665484592,322.1903738421956,15.38127803967939,45,0.5111111111111111,1.0053830370391572,additive,TET1
0.9918032786885246,0.14977090673682475,0.06,2.5903890139637475,2.4648990363002263,278.5418452154028,43.95216012740541,93,0.6129032258064516,1.1322922697074136,additive,TFAM
1.0,0.287899484850198,0.05,2.7723035275503425,3.0610400334921946,442.6782099633465,51.4298230003904,258,0.8527131782945736,0.8775995585617028,additive,TGFBR2
0.29508196721311475,-0.0034578573095778754,0.01,6.247768581525322,7.590446186661314,481.00524002736336,8.198855126981474,6,,,additive,TMBIM6
0.48360655737704916,0.012343588301217494,0.0,2.9613960018060963,2.427265463425782,575.9299101668864,84.30263426260876,254,0.4645669291338583,1.1340034394858753,additive,TMSB10
0.08196721311475408,-0.04041725989342811,0.0,5.686044626677351,7.806209401170097,417.84422977656675,6.678250672178237,0,,,additive,TMSB4X
0.9508196721311475,0.05121261566931048,0.07,6.3076302295739906,7.513315270354591,454.13490337955363,8.012210174475577,1,,,additive,TRAM2
0.7049180327868853,0.023715801581366273,0.0,3.6482793174992265,3.31895645984958,574.5879067768373,48.455519812672556,221,0.49321266968325794,1.1887359668905004,additive,TRAPPC6A
0.6557377049180328,0.010053273054593368,0.05,5.276594410019158,5.808932943057928,327.42945043013265,9.455926150273223,3,,,additive,TSC22D4
0.16393442622950816,-0.019081095937282522,0.01,6.606636739773431,7.969219140212075,474.0927097963781,7.314825838630052,4,,,additive,TWF2
0.5,0.008587716228504174,0.0,5.069725880192323,5.649068091449172,506.0202687583949,15.420421000084424,24,0.5,1.1049224861033988,additive,TXNDC9
0.43442622950819676,-0.008233537947952865,0.01,3.7198014047482957,3.586726303977374,334.7619973784194,24.042657867481203,36,0.5833333333333334,1.0246169532642388,additive,UBE3C
0.9508196721311475,0.08865596792237297,0.03,4.396546402971035,4.954241985521639,595.8273039418264,24.15574781099572,47,0.5319148936170213,1.2907247040373413,additive,UQCRQ
0.9918032786885246,0.08410691030719365,0.0,3.6627591304840914,4.257705642828252,291.39853124322866,15.826681899792487,20,0.3,1.222747418466255,additive,USP22
0.4426229508196722,0.013461600788360287,0.02,6.2454527494792345,7.785942290285801,438.997870076351,7.148489770333529,4,,,additive,WFS1
0.7622950819672132,0.01898904882415982,0.06,3.7407015881026875,3.5884888350803035,447.3587962999243,32.55657037688374,103,0.5339805825242718,1.1697920420460586,additive,WSB2
0.30327868852459017,-0.02037180378558414,0.01,3.3458556858301667,3.2159973729984066,290.44240336925736,25.313817835146892,14,0.8571428571428571,0.8679356044793277,additive,XRCC4
0.819672131147541,0.027766548069775073,0.0,4.578410745033563,5.862657496196265,240.1210991510907,6.851757919079917,2,,,additive,ZNF286A
0.7295081967213115,0.025134578198493848,0.04,4.456363186987083,5.089964812618119,222.13291046142575,8.334607696182072,3,,,additive,ZNF426
0.9754098360655737,0.062024225438170266,0.09,4.43164668067698,5.419877188277285,244.15056334452373,8.219798985184106,8,,,additive,ZNF562
0.4426229508196722,-0.008420551371842309,0.0,4.327843313046805,4.85798375578934,367.8243283411431,14.902642054461282,21,0.5238095238095238,1.313793671782208,additive,ZNF593
0.5819672131147541,-7.847242869878199e-05,0.01,4.816726783462465,4.8286067663337455,274.1585704832514,11.274728689325888,8,,,additive,ZNF714
0.9918032786885246,0.08014200375692598,0.06,3.3527704450133253,3.0104754084551857,603.5044616932701,62.99345551498004,308,0.577922077922078,1.1368877445267112,ratio,ACAT2
0.9836065573770492,0.08601552932894792,0.02,4.709017263309408,4.527601266431007,286.20863871975416,13.812968118568701,24,0.7916666666666666,0.6726871083891449,ratio,ACVR1B
0.17213114754098358,-0.017430170392500135,0.02,4.018648440603055,3.55584925901678,271.5759000911588,19.72512091528857,49,0.42857142857142855,1.223705707363437,ratio,AKT2
0.30327868852459017,-0.011892824978736415,0.01,5.608940868307986,6.065668684940784,234.9321998188676,6.192756404375936,2,,,ratio,ANTXR1
1.0,0.1860156499927713,0.09,2.598593769875143,2.3077756608956177,264.5500967024264,48.38802555772017,217,0.7788018433179723,0.7371159837197079,ratio,ARID1A
1.0,0.09800230968193688,0.01,2.566961595151639,2.498457426846644,178.35140733415588,26.41233409544507,64,0.671875,0.8554885824551988,ratio,ATM
0.7131147540983607,0.014843051638032265,0.0,6.866123786111162,6.99935740078949,351.1349073643505,7.053278287402917,2,,,ratio,ATP1B1
0.7049180327868853,-0.0001020636299096667,0.02,2.9316492545235424,2.56625521681003,205.48998945301105,27.087378263499872,74,0.5135135135135135,0.9929169288176016,ratio,BIRC2
0.6475409836065573,0.03442517413445313,0.02,3.3850105010977614,3.3873057644687328,324.71698612168086,26.52781495402035,63,0.6190476190476191,1.0748309159243614,ratio,C1QBP
0.11475409836065575,-0.02927073260222739,0.01,5.1030473614720915,5.422566744213865,230.37237454339476,7.498691845734399,1,,,ratio,CALM3
0.180327868852459,-0.02352729664601169,0.01,7.803344387769049,8.464651148545896,476.8760699517134,6.528200962092747,2,,,ratio,CAMSAP2
0.5573770491803278,0.0332920483674785,0.01,5.220126364892992,5.6258043141222025,240.47232257463855,7.450710725090044,2,,,ratio,CASP2
1.0,0.27236810257137234,0.21,1.9370095635082172,1.7067361552069809,272.898444579033,91.47758942064371,407,0.7125307125307125,0.7630114316871606,ratio,CASP3
0.024590163934426257,-0.05431341739478938,0.02,4.918972676558621,4.751102026905131,274.4694186132342,11.393941129561444,7,,,ratio,CDCA2
0.5901639344262295,-0.0023284720367832195,0.0,4.8410778626810105,4.47690322115144,265.5902604834687,12.609021293969683,5,,,ratio,CENPO
0.6065573770491803,0.0379720104293654,0.05,4.757088668140132,5.256093632361483,211.17264514251127,7.481135663140309,3,,,ratio,CLDN6
0.30327868852459017,-0.000550183682072391,0.03,4.496054750443003,4.655806122264904,219.41630362994061,9.673734820860822,6,,,ratio,CLDN7
0.1311475409836066,-0.025717653451337946,0.0,5.708376601953527,6.069704080731879,268.1839557154149,7.029077870685338,4,,,ratio,CREG1
0.9344262295081968,0.021252713132311273,0.02,4.729906429073583,4.641354316656858,360.56678275055094,16.136433374893258,27,0.5925925925925926,1.0862226833228674,ratio,DAXX
0.9426229508196722,0.09072374641439647,0.01,4.409926251691004,4.04336697078373,247.02814367796827,14.867637654619715,30,0.6666666666666666,0.7672373994042365,ratio,DHCR24
1.0,0.33746083933353854,0.1,1.1355714334341498,0.8655449461994522,299.88458018413286,257.41320220865396,1355,0.7586715867158672,0.7543137819684853,ratio,DHX36
1.0,0.10450266187414359,0.02,4.646050238073584,4.043961096379228,432.21635102746774,26.18158259644693,83,0.6746987951807228,0.9533388632067838,ratio,DLG5
1.0,0.392901129393098,0.22,1.2519394647363031,1.0997687444880149,398.3051452126339,296.0737007986536,1249,0.7878302642113691,0.6961070231780848,ratio,DNMT1
1.0,0.03155750118927465,0.03,5.448966616453984,5.534584554837346,222.81530658011758,7.122725282478875,1,,,ratio,DZIP3
0.9426229508196722,0.020976538716041663,0.02,4.689125747924276,4.686531305348233,174.42386593008248,7.661271256088746,4,,,ratio,EID2
1.0,0.14130767360017055,0.08,2.4258332090629855,2.315002008244322,239.69813431476382,42.01560178119702,121,0.7520661157024794,0.8660325097260402,ratio,EIF4B
1.0,0.1575160329686155,0.04,2.5335599120904444,2.399190567928901,289.29971626535075,48.21426153907538,168,0.7380952380952381,0.7939157180971544,ratio,EWSR1
1.0,0.15454607617444904,0.07,3.1670717500833625,2.959715677999972,143.32254570405962,16.203624068291273,32,0.9375,0.5084298232016845,ratio,FOXH1
0.9426229508196722,0.045853305473163346,0.03,2.729919828397205,2.0867948921698503,255.87976585972132,49.55702396914154,210,0.5190476190476191,0.9858109416882823,ratio,GSK3B
1.0,0.04089600269323238,0.01,3.981357558296223,4.048429057956709,247.83070584430067,14.528155782774952,21,0.5238095238095238,1.1227361274543026,ratio,HAT1
1.0,0.13351580415446027,0.04,5.343081071950826,4.746797027134245,429.7543910442213,19.302192887177647,30,0.6666666666666666,0.9295410485399224,ratio,HIRA
0.17213114754098358,-0.035575248785886866,0.0,3.407508033315362,3.0552139198862607,185.59281636199177,17.5888817695471,26,0.23076923076923078,1.1324799812744426,ratio,HMGB2
0.9016393442622951,0.014905674849027318,0.02,4.696898768142991,4.603344077224347,191.10827847802332,8.665649004259743,3,,,ratio,HMGN1
0.5,0.0027369263017234646,0.0,6.068269699540861,6.613133516048588,288.28770486668395,6.449773819997329,0,,,ratio,IDE
0.7786885245901639,0.05647367194741143,0.03,4.974043114646232,5.06781572820531,200.88861625915524,7.693827921327384,6,,,ratio,IGF2R
0.6229508196721312,0.010067081412002406,0.01,4.433817476232919,3.9717614099657403,227.82344517742555,13.646273051761941,12,0.4166666666666667,1.0201859425204887,ratio,IKBKG
0.008196721311475419,-0.08123335225900714,0.01,2.6391595111665076,2.2621130658223203,442.3479059116729,68.21436740295266,211,0.4549763033175355,1.1920316939863955,ratio,INSIG1
0.5081967213114754,-0.005971034706620574,0.0,4.566766999628467,4.0718671947850495,172.22188534763987,9.769387549995765,4,,,ratio,IRF3
1.0,0.4481456703566024,0.16,1.1002615658268857,0.9990967363487148,169.13211257246752,153.37824425186463,725,0.8096551724137931,0.6361613409797788,ratio,KAT2A
0.2704918032786885,-0.022503058376011256,0.0,2.838923009884132,2.516738985323671,179.1862838750654,24.06075179443121,43,0.5581395348837209,1.028949090939119,ratio,KDM2B
0.8032786885245902,0.006634090948115432,0.01,4.292130466246299,3.8256681859427695,157.59505668447383,10.11198493030455,6,,,ratio,KDR
0.38524590163934425,-0.012041523952431793,0.01,5.800731800208763,6.107102698177158,257.22237166607454,6.69087079597112,2,,,ratio,KIF1B
0.9918032786885246,0.04662542061483559,0.02,3.3720954733224455,3.2404491564498112,148.93795206766458,13.300007286384627,15,0.7333333333333333,0.950935818079071,ratio,KLF10
0.024590163934426257,-0.05279702419678971,0.01,6.363889455426254,6.897645841063481,291.90170931627574,5.920222444335906,2,,,ratio,LAD1
0.9836065573770492,0.1214314094752819,0.07,2.2763755963348182,1.9694492900759428,208.01248814858445,47.27100491269485,95,0.6631578947368421,0.7649720998758938,ratio,LRPPRC
0.360655737704918,-0.016320682833561473,0.02,2.236518087689151,1.6901415441942693,216.0398484785079,55.22848238108435,188,0.5106382978723404,1.0672591763236523,ratio,LZTR1
0.3278688524590164,0.003535377606705715,0.0,5.4552190083173375,5.7554758750051755,246.82915874507987,7.241618203713607,3,,,ratio,MAP1B
1.0,0.04916996740298432,0.01,4.183514894543378,4.442400518621789,166.08887360482152,8.182501097657678,1,,,ratio,MAP3K7
0.5,0.027419527441780115,0.01,4.744437064109265,4.639666673123507,184.1753813186961,8.269342076753372,5,,,ratio,MAPKAPK2
0.6475409836065573,0.011676034354650762,0.01,5.760740586979265,6.217734253515345,311.1425947235348,7.87403313204214,0,,,ratio,MAST2
1.0,0.23825525482024434,0.07,1.8773785972634514,1.6322283414430696,531.8672785389259,184.26695059851897,877,0.7069555302166477,0.8627355060199067,ratio,MAU2
0.9918032786885246,0.09033605645088369,0.02,2.2726701901075237,1.7404129825391506,420.58020784206485,113.22375789941742,369,0.5474254742547425,1.026871334376372,ratio,MBTPS1
1.0,0.2119687059990969,0.07,1.8567939815912033,1.757287891288036,205.64877624433245,61.51475170519875,297,0.7171717171717171,0.778857446964857,ratio,MED1
1.0,0.08532800970630712,0.01,3.2526744025506438,3.13294232037981,280.98566165416514,27.331448610164685,63,0.7142857142857143,0.7658267165334476,ratio,MED12
1.0,0.17654491502597375,0.04,2.3569685495558135,2.2569187626791116,170.9903138637451,32.28189205061412,111,0.7747747747747747,0.7148677090341108,ratio,MED13
0.9754098360655737,0.04950554018519256,0.03,3.419498089706369,3.405324381351269,173.81832214551707,14.178753537119377,16,0.625,0.9378829720791529,ratio,MED13L
1.0,0.25388603406341775,0.09,1.5129034687481269,1.1922171924459761,221.50936617088965,121.97603662753404,627,0.7671451355661882,0.7273620936577021,ratio,MED24
0.9918032786885246,0.22472135931907117,0.02,1.0686100633462592,0.6009959041086778,569.2822488348013,521.7589591021322,2934,0.6567825494205862,0.8889863853263735,ratio,METTL14
0.9508196721311475,0.03921723646628046,0.01,2.460437302238971,2.1199880583095525,221.09735129243091,41.49671149249956,79,0.6075949367088608,0.9444532924971114,ratio,METTL17
1.0,0.39222986706576285,0.11,0.9794813942560707,0.6508335753842699,471.8649995760915,516.8112415279878,2854,0.7498248072880168,0.7759126421640391,ratio,METTL3
0.8852459016393442,0.01771770040940973,0.0,4.389987335611288,4.566745181484199,164.6772349469099,7.591143498909098,5,,,ratio,MKI67
0.9836065573770492,0.035863538749689436,0.03,2.8867743366730583,2.1058233409738203,159.16885384680577,30.12594658665021,27,0.7037037037037037,0.9897813154589739,ratio,MTA1
0.5491803278688525,0.0005008045967622071,0.01,5.787368796072046,6.266121885437206,261.9036177567756,6.505627959900664,2,,,ratio,NCK2
0.9426229508196722,0.13919294519610528,0.02,4.18065936345907,4.327477580524037,287.51455806589377,15.52257157290596,17,0.5294117647058824,0.9952592238580267,ratio,NDUFB4
0.9754098360655737,0.0802312593328272,0.01,6.259769849949016,6.578532507767476,643.3596595743209,14.885182758767087,12,0.5,1.6617083347228605,ratio,NDUFB6
0.5983606557377049,0.030129507213837108,0.0,4.814271934509585,4.191217378243129,232.40735529004974,12.690324226318992,6,,,ratio,NISCH
1.0,0.12326069297878361,0.01,2.5652266962657615,2.497143827243063,310.50031822897165,46.90246490662895,138,0.6231884057971014,0.9685828327855917,ratio,NIT1
0.2295081967213115,-0.017014369644959438,0.01,5.508294575049154,5.3191465972223835,251.6746859633763,8.538777098219047,5,,,ratio,NRAS
0.16393442622950816,-0.026847018858019742,0.03,3.3708728984728014,2.687580980233853,374.7633501182603,44.788514093946645,128,0.5546875,0.992639238403559,ratio,OXCT1
0.8688524590163934,0.06646580286719919,0.03,4.068439408465052,4.226447855574293,243.14219344407996,13.285708722799463,18,0.7222222222222222,0.8789282336545365,ratio,PAGR1
0.34426229508196726,-0.015398548700097754,0.01,5.015882979909354,5.316876818824026,225.006308591846,7.64471489712024,4,,,ratio,PBX1
0.9918032786885246,0.034903107095402834,0.04,2.8999957742817783,2.288095337734526,287.04744054636546,47.24549797390515,116,0.5258620689655172,1.1249255033339332,ratio,PHF10
0.5737704918032787,-0.005573461705979426,0.02,3.375261589123823,3.2936852959785776,179.53655012299026,15.106048180617183,24,0.5,1.2743869411221227,ratio,PHF14
0.3114754098360656,-0.0114222322173472,0.0,6.038961495492533,6.526878667740834,303.37303036632113,6.9343598555527795,2,,,ratio,PLCB3
0.9262295081967213,0.021866165982996604,0.01,4.822275730537189,4.317500605725594,181.8217770960264,9.347203583334098,1,,,ratio,PMS1
0.8688524590163934,0.015550139858411355,0.02,4.788749232724926,4.751476791814859,214.40982140631564,9.151565276077248,3,,,ratio,POLB
0.25409836065573765,-0.011228318001124043,0.0,5.732519295079197,5.4028902722289,267.2386756688808,8.816105543913617,6,,,ratio,PRCP
1.0,0.10383875327253346,0.02,4.795860908040546,4.378840969598967,528.4265231085517,27.429552199261032,104,0.6057692307692307,1.0090885793157123,ratio,PRR12
0.3114754098360656,0.0029423525053713633,0.02,5.964750783511631,6.678709555089131,272.2121526708855,5.9740375389209905,2,,,ratio,PTPN1
0.7377049180327868,0.014675764011886224,0.0,5.946055577538193,6.4749650397828695,256.04075161294054,5.991342454168576,0,,,ratio,RAB3B
0.7622950819672132,0.04524204292832635,0.03,4.622405761491787,4.3784799795425995,314.4309170099517,15.900502690749565,38,0.5526315789473685,0.888601796787991,ratio,RAF1
1.0,0.10858384541220052,0.05,1.8223869966477146,1.4095320892074807,210.20247539429408,78.41398389155121,369,0.6666666666666666,0.8852631339970214,ratio,RNF2
0.09836065573770492,-0.03981727480361855,0.0,4.50320307390181,4.070508916943712,194.48241887748497,10.869071071300136,4,,,ratio,RRM1
1.0,0.05469088114550603,0.01,2.744916227062002,2.4650663442263547,306.37159232687554,45.00885087723821,163,0.558282208588957,1.0530797898894426,ratio,SAFB
1.0,0.3295949215779188,0.14,1.2230456130512466,1.0452254871144764,280.23685166095936,199.670816517702,1125,0.7493333333333333,0.714344523789358,ratio,SIN3B
1.0,0.07055751890982231,0.03,3.557561790728808,3.553606988468646,163.15846835801435,12.429553860157547,25,0.84,0.6295714592387726,ratio,SIX4
1.0,0.12703830642309302,0.02,3.9244653472930584,3.900334428560884,295.7524826672306,19.42975764584817,20,0.45,1.2342830759531263,ratio,SLC25A3
0.9016393442622951,0.027327908656482897,0.0,3.9848259184049355,3.253379745378109,368.8362438321334,32.335155617567125,79,0.569620253164557,0.9900708930950821,ratio,SMAGP
0.8770491803278688,0.019642587349914933,0.01,1.1277733672266352,0.43433420390542926,561.1865546600711,478.99842202935355,2187,0.516689529035208,0.9880284572085383,ratio,SMARCA4
1.0,0.23013428906073238,0.08,1.5050842480453095,1.2157809494104765,308.28675338666847,160.6884127437941,931,0.7121374865735768,0.8100409084198487,ratio,SMARCA5
1.0,0.12857142091140744,0.04,1.4471578803451952,0.9454303389464329,355.0055926322469,215.0600329516683,1133,0.6487202118270079,0.9003635625139238,ratio,SOX2
0.9262295081967213,0.03205716331449475,0.02,6.622907179101962,6.953436431185784,483.1845748948913,9.880173346383751,6,,,ratio,SRC
1.0,0.047464464458793855,0.01,3.0077637427821537,2.6905016409775326,233.5484964134488,29.254291616807656,59,0.5084745762711864,0.9703874593537206,ratio,SSBP1
1.0,0.1937625844554157,0.04,2.1708179352184103,1.8931406722201745,372.5296352931307,96.7523509635953,445,0.7460674157303371,0.7749805457694224,ratio,STAG2
0.6885245901639344,-0.0014769590914633338,0.01,4.645709261786674,4.653660818704247,170.98476750532006,7.5422348030052815,8,,,ratio,STAT1
0.860655737704918,0.010202368432218532,0.01,3.1502965445805837,2.6739234491097057,210.14758172471682,25.95918969962473,68,0.5147058823529411,1.0005873007165784,ratio,STAT6
0.9098360655737705,0.032377033439900615,0.02,5.479487096324151,5.191495660139523,366.65177447769975,13.277049082877419,19,0.5263157894736842,1.0256278295386396,ratio,STX4
0.860655737704918,0.0734287492502744,0.0,4.32229206278588,3.5886678271722836,213.0530594938482,15.957221000842587,18,0.8333333333333334,0.768890595707967,ratio,SV2A
1.0,0.31424323174436647,0.14,1.5095729614358226,1.401254920602626,222.67435177649713,106.90871731150742,519,0.7764932562620424,0.6749251798038751,ratio,TADA1
0.6311475409836065,-0.0019903702312283208,0.01,4.23653797583375,4.435638997010468,207.85548637860649,10.044942840033457,4,,,ratio,TARBP2
0.9262295081967213,0.0175254901812445,0.02,4.496665825716617,4.680749592020455,206.52424866579997,9.079844081761223,6,,,ratio,TCF3
1.0,0.08335942438111582,0.02,3.858978478377441,3.8576643780250772,234.38651471304883,15.38127803967939,45,0.4888888888888889,1.0893589222394624,ratio,TET1
1.0,0.10498014519312363,0.04,2.4247121336848485,2.0714844427382566,213.43689005886407,43.95216012740541,93,0.6344086021505376,0.8572676213348077,ratio,TFAM
1.0,0.3329005419699212,0.16,2.299374874231705,2.0982957258028962,206.0174504477538,51.4298230003904,258,0.8410852713178295,0.5870049515448177,ratio,TGFBR2
0.35245901639344257,0.007553275491599247,0.01,5.611795322528881,5.761565582287664,279.65147469677964,8.198855126981474,6,,,ratio,TMBIM6
0.2295081967213115,-0.010150601416337014,0.0,2.6722712904092263,1.8856237763367547,387.27428502134353,84.30263426260876,254,0.4566929133858268,1.1375651568808898,ratio,TMSB10
0.1311475409836066,-0.03141192293080696,0.01,4.81541806289931,5.241592906711353,192.35761581284825,6.678250672178237,0,,,ratio,TMSB4X
0.8524590163934427,0.025305819208818272,0.01,5.894391893033143,6.18787506714063,312.28886613129686,8.012210174475577,1,,,ratio,TRAM2
0.4918032786885246,0.0007535092122987468,0.01,3.469405966686189,2.86681795541711,446.4848999430541,48.455519812672556,221,0.4660633484162896,1.1948959538839428,ratio,TRAPPC6A
0.09836065573770492,-0.0298628285119369,0.0,5.067095302262475,4.930632322938293,242.1248551469629,9.455926150273223,3,,,ratio,TSC22D4
0.05737704918032782,-0.04541951832187521,0.0,5.858084884625301,5.894627599148032,265.3972193360503,7.314825838630052,4,,,ratio,TWF2
0.5573770491803278,0.008804205031259357,0.04,4.80955209964252,4.804062587003079,370.00414187586034,15.420421000084424,24,0.4166666666666667,0.9583993050173526,ratio,TXNDC9
0.9016393442622951,0.033464197231860414,0.01,3.352973197762513,2.759783528052423,202.72041201018112,24.042657867481203,36,0.5555555555555556,0.9689446456727833,ratio,UBE3C
0.9836065573770492,0.13939008087862192,0.01,4.021956531893109,3.954297719744694,375.23757738444243,24.15574781099572,47,0.5319148936170213,1.0432174904820868,ratio,UQCRQ
1.0,0.06976274644794365,0.02,3.4078049681283815,3.4606005363066634,197.72137708770475,15.826681899792487,20,0.3,1.2346993073098587,ratio,USP22
0.2622950819672131,-0.00490468054746072,0.01,5.504903838710203,5.611997016910961,232.68020114250982,7.148489770333529,4,,,ratio,WFS1
0.5491803278688525,0.0010585999268534845,0.04,3.690947415784902,3.37811781785142,403.84888363891844,32.55657037688374,103,0.5339805825242718,1.1767756858923293,ratio,WSB2
0.9672131147540983,0.0252824356834917,0.02,3.159767684132696,2.6919903091396717,205.31257172478962,25.313817835146892,14,0.8571428571428571,0.7687516658382154,ratio,XRCC4
0.9016393442622951,0.020985210068694513,0.0,4.199210262507099,4.492165334413256,143.82532807756718,6.851757919079917,2,,,ratio,ZNF286A
0.9672131147540983,0.03086529660932067,0.04,4.125318777313816,4.062126746671858,143.77295134245003,8.334607696182072,3,,,ratio,ZNF426
0.9590163934426229,0.03241750007030349,0.01,4.075208635924265,4.173193883447742,149.1480730889811,8.219798985184106,8,,,ratio,ZNF562
1.0,0.031128636602319775,0.01,4.173876418303723,4.2043822107858375,274.4332920308037,14.902642054461282,21,0.5238095238095238,1.263410598299928,ratio,ZNF593
0.8114754098360656,0.011151494156604465,0.04,4.479820836478552,3.7638244406890213,170.05030496088682,11.274728689325888,8,,,ratio,ZNF714
0.9918032786885246,0.08208393971546714,0.09,3.2560601229596475,2.817094690432462,533.7779451077531,62.99345551498004,308,0.577922077922078,1.0660953622060938,log1p,ACAT2
0.9672131147540983,0.09029959470066921,0.05,4.5763830688938985,4.194898476017571,246.41752160612415,13.812968118568701,24,0.75,0.6751433381242842,log1p,ACVR1B
0.180327868852459,-0.01792032998081647,0.02,3.910249921150257,3.259994018704005,231.6597364911724,19.72512091528857,49,0.42857142857142855,1.1867474316720708,log1p,AKT2
0.30327868852459017,-0.014854396880388197,0.01,5.440826155527789,5.587170800236686,200.5367215808507,6.192756404375936,2,,,log1p,ANTXR1
1.0,0.1966496880094455,0.1,2.5136990595081437,2.1255520494371116,226.55240759657858,48.38802555772017,217,0.7788018433179723,0.7119156139549144,log1p,ARID1A
1.0,0.10750213038323707,0.01,2.4819683674913797,2.2496659476115255,147.3097516145673,26.41233409544507,64,0.671875,0.8476534097972874,log1p,ATM
0.7213114754098361,0.014608453259022778,0.0,6.6686672480562565,6.520826438562543,305.6231967647058,7.053278287402917,2,,,log1p,ATP1B1
0.7377049180327868,-0.000683697959487085,0.02,2.828057751246298,2.3141102249533576,172.22887645875085,27.087378263499872,74,0.5135135135135135,0.9678157921120994,log1p,BIRC2
0.6639344262295082,0.0395976999466972,0.02,3.289568185195374,3.1337513650232163,280.4578673028321,26.52781495402035,63,0.6190476190476191,1.0273527082745462,log1p,C1QBP
0.12295081967213117,-0.03064980843350537,0.01,4.960952182775586,4.960282329807898,194.27958921534872,7.498691845734399,1,,,log1p,CALM3
0.17213114754098358,-0.025338250644885225,0.01,7.52309335166482,7.799630672160544,406.246659678629,6.528200962092747,2,,,log1p,CAMSAP2
0.5655737704918034,0.03496811216607897,0.01,5.07873311029123,5.211324061062593,207.0808676428439,7.450710725090044,2,,,log1p,CASP2
1.0,0.2880992969020336,0.24,1.8828929327109138,1.589635402869809,238.84753135767727,91.47758942064371,407,0.7100737100737101,0.7424584083940486,log1p,CASP3
0.024590163934426257,-0.05535531457538666,0.01,4.791870515492087,4.432059309633127,240.79756699289374,11.393941129561444,7,,,log1p,CDCA2
0.540983606557377,-0.004286773761910913,0.0,4.6582806474130845,4.05706754863985,220.58953875541243,12.609021293969683,5,,,log1p,CENPO
0.6229508196721312,0.04157322776343472,0.05,4.608565272305795,4.6711347850821,167.81019104738442,7.481135663140309,3,,,log1p,CLDN6
0.2786885245901639,-0.0037834161527622026,0.04,4.379367095323115,4.308515427825092,189.565607945794,9.673734820860822,6,,,log1p,CLDN7
0.139344262295082,-0.026309436297469995,0.0,5.535293368363849,5.586166850387322,228.43939264852048,7.029077870685338,4,,,log1p,CREG1
0.9098360655737705,0.01905888307484558,0.02,4.564939182073452,4.257777826453606,306.0496471951318,16.136433374893258,27,0.5925925925925926,1.0528540425763402,log1p,DAXX
0.9426229508196722,0.10002860935890925,0.02,4.2908004027097295,3.749118865542591,212.6942532414561,14.867637654619715,30,0.6666666666666666,0.7728293701241602,log1p,DHCR24
1.0,0.36022809713721216,0.13,1.109276603118733,0.7911977731367003,271.8207683494405,257.41320220865396,1355,0.7579335793357933,0.744335827372175,log1p,DHX36
1.0,0.11168177517850256,0.03,4.5024097528865425,3.752690465469774,372.9428061740317,26.18158259644693,83,0.6746987951807228,0.9002177924555148,log1p,DLG5
1.0,0.4274495996572364,0.26,1.221660833381711,0.9646008473112717,327.40371726437826,296.0737007986536,1249,0.7814251401120896,0.6761146095377084,log1p,DNMT1
1.0,0.0356959598700667,0.03,5.2574293113023245,5.031371718981721,184.87391094608085,7.122725282478875,1,,,log1p,DZIP3
0.9590163934426229,0.024363131768036665,0.02,4.526231143568841,4.264589530094307,145.40270289272678,7.661271256088746,4,,,log1p,EID2
1.0,0.14841764873706445,0.09,2.3599853995806748,2.137590629394601,207.33780801675147,42.01560178119702,121,0.7520661157024794,0.7825458344147188,log1p,EIF4B
1.0,0.1704482409055292,0.05,2.4426832295422183,2.1975638161944517,244.9354374083577,48.21426153907538,168,0.7380952380952381,0.7462244878415388,log1p,EWSR1
1.0,0.17127079864823633,0.12,3.045148022772527,2.6626840272173693,116.30647312192914,16.203624068291273,32,0.9375,0.49322732579051554,log1p,FOXH1
0.9426229508196722,0.04458169890619275,0.03,2.6594933615683045,1.9238647538279319,224.47930745358656,49.55702396914154,210,0.5190476190476191,0.9600381049056593,log1p,GSK3B
0.9918032786885246,0.04214432288930652,0.01,3.836252126822984,3.693751002603375,208.22414188624435,14.528155782774952,21,0.5238095238095238,1.0976482629566486,log1p,HAT1
1.0,0.1453130610760492,0.07,5.164475709672165,4.375554611848337,364.3062626334472,19.302192887177647,30,0.6666666666666666,0.9100092191284973,log1p,HIRA
0.1885245901639344,-0.037663639833960934,0.0,3.288955300392652,2.761389660164647,155.36753209394521,17.5888817695471,26,0.23076923076923078,1.123317124762412,log1p,HMGB2
0.9098360655737705,0.015504396180172124,0.02,4.531135997854023,4.182022746402375,159.09815081900763,8.665649004259743,3,,,log1p,HMGN1
0.540983606557377,0.004614125713848088,0.0,5.878729173932172,6.101444993025092,246.1964148166917,6.449773819997329,0,,,log1p,IDE
0.7786885245901639,0.06035093090838033,0.03,4.834034507538701,4.625804245317224,168.031060849413,7.693827921327384,6,,,log1p,IGF2R
0.6557377049180328,0.012498076531145756,0.01,4.304192396010874,3.6620131237175224,195.39830749003312,13.646273051761941,12,0.4166666666666667,1.028002510389966,log1p,IKBKG
0.008196721311475419,-0.08253434265800796,0.01,2.5667752902674215,2.093616992843397,390.78801762336684,68.21436740295266,211,0.45023696682464454,1.1456904406730173,log1p,INSIG1
0.5491803278688525,-0.005426603138259674,0.0,4.402747422476608,3.6827923327716783,142.6616773692416,9.769387549995765,4,,,log1p,IRF3
1.0,0.4795729133866246,0.24,1.073588656472999,0.9185174606813857,147.65449584533275,153.37824425186463,725,0.8082758620689655,0.6305946222247595,log1p,KAT2A
0.29508196721311475,-0.02519679471428707,0.0,2.7391482572258115,2.251203797070776,148.72828362173692,24.06075179443121,43,0.5581395348837209,1.0153594850176386,log1p,KDM2B
0.8524590163934427,0.0105779613823102,0.03,4.136492768351619,3.4245332506412356,127.96695515950772,10.11198493030455,6,,,log1p,KDR
0.38524590163934425,-0.012367310237526616,0.0,5.6235583968538885,5.6369029916078786,220.22400380024385,6.69087079597112,2,,,log1p,KIF1B
1.0,0.053881857956514616,0.03,3.249795956197112,2.9151482662390107,122.14649823823662,13.300007286384627,15,0.7333333333333333,0.9149839247593937,log1p,KLF10
0.032786885245901676,-0.052406123814322775,0.01,6.161142138291679,6.3247871150568304,246.67108377992835,5.920222444335906,2,,,log1p,LAD1
0.9836065573770492,0.1317508614711258,0.08,2.1979505435388855,1.7590680096026907,171.63169752075493,47.27100491269485,95,0.6631578947368421,0.7523273537061335,log1p,LRPPRC
0.4098360655737705,-0.01658398665515858,0.0,2.1668755778077973,1.5239320940542884,186.28096374410725,55.22848238108435,188,0.5106382978723404,1.0365999388687068,log1p,LZTR1
0.3278688524590164,0.002837527178036205,0.0,5.292747108825701,5.3029730893390585,210.6690212805595,7.241618203713607,3,,,log1p,MAP1B
1.0,0.049449141778356666,0.01,4.030922621840994,4.022506267708021,137.32476971968458,8.182501097657678,1,,,log1p,MAP3K7
0.5081967213114754,0.02923084472321714,0.01,4.617849029069281,4.251501617487134,155.68455508567587,8.269342076753372,5,,,log1p,MAPKAPK2
0.6229508196721312,0.011156241900524218,0.0,5.590467893881296,5.764282933556704,268.49147676998774,7.87403313204214,0,,,log1p,MAST2
1.0,0.24895801697285483,0.1,1.8302905169642663,1.5241508951243956,472.4856657870092,184.26695059851897,877,0.7058152793614595,0.8284628654987214,log1p,MAU2
0.9918032786885246,0.09432666589405206,0.02,2.2133975662283296,1.6126566567148501,373.23401575093953,113.22375789941742,369,0.5474254742547425,1.0029013082181295,log1p,MBTPS1
1.0,0.22743849369978925,0.1,1.7925444185925696,1.5922509268317349,172.91702643447798,61.51475170519875,297,0.7171717171717171,0.7389659262043743,log1p,MED1
1.0,0.09448178861996495,0.02,3.137709400538677,2.858538680773395,235.90002045117805,27.331448610164685,63,0.7142857142857143,0.7382201596574828,log1p,MED12
1.0,0.19236333534264677,0.07,2.270901652317431,2.0211271178420676,139.0501605184836,32.28189205061412,111,0.7747747747747747,0.6945924535677378,log1p,MED13
0.9754098360655737,0.05731396463553298,0.04,3.3028000121916263,3.103067304800248,145.66299307083784,14.178753537119377,16,0.625,0.9464654577348095,log1p,MED13L
1.0,0.27033472862309443,0.16,1.4701215287859428,1.0925045369376696,195.51323357467518,121.97603662753404,627,0.7671451355661882,0.7095586215729199,log1p,MED24
0.9918032786885246,0.24031916584172808,0.02,1.0521980404928608,0.5460482401296499,540.3946057884373,521.7589591021322,2934,0.656441717791411,0.8806428824449307,log1p,METTL14
0.9508196721311475,0.04052081441086115,0.01,2.3743682019586876,1.9147092287857712,187.18918720039744,41.49671149249956,79,0.6075949367088608,0.9318220538823037,log1p,METTL17
1.0,0.414476752068605,0.12,0.9655310531202895,0.6033220052056394,446.4585291170851,516.8112415279878,2854,0.7498248072880168,0.7698663520283153,log1p,METTL3
0.8852459016393442,0.019470798533339835,0.01,4.231422958818549,4.133234616307823,136.05358745829284,7.591143498909098,5,,,log1p,MKI67
0.9918032786885246,0.040099072978799215,0.03,2.790563310278628,1.8986632693332364,134.14038452837286,30.12594658665021,27,0.7037037037037037,0.9739144268069172,log1p,MTA1
0.540983606557377,0.00045916142974853133,0.01,5.5953492906753945,5.754247236702909,221.88144816187094,6.505627959900664,2,,,log1p,NCK2
0.9426229508196722,0.1447978198723696,0.04,4.071583404761105,4.037243788327685,250.3817060251956,15.52257157290596,17,0.5294117647058824,0.9665728807916217,log1p,NDUFB4
0.9754098360655737,0.08051048563323822,0.01,6.071181428060795,6.155023425262572,564.0475871163118,14.885182758767087,12,0.5,1.5922175689231697,log1p,NDUFB6
0.5573770491803278,0.028027282383224373,0.01,4.676804560112,3.8234101638404483,195.48360321399025,12.690324226318992,6,,,log1p,NISCH
1.0,0.13310531137216128,0.03,2.4965451384258532,2.3153900235090408,269.4382234934538,46.90246490662895,138,0.6231884057971014,0.9403970889855511,log1p,NIT1
0.23770491803278693,-0.015587073662196332,0.02,5.343939501999632,4.875881445019234,212.83944768734239,8.538777098219047,5,,,log1p,NRAS
0.15573770491803274,-0.02806630652087369,0.02,3.2733098329169077,2.49414382132431,329.6773333183244,44.788514093946645,128,0.5546875,0.953386179410206,log1p,OXCT1
0.9098360655737705,0.07798997015269286,0.05,3.9554957122761083,3.7990464126736287,197.1622904463989,13.285708722799463,18,0.7222222222222222,0.8803518595979375,log1p,PAGR1
0.35245901639344257,-0.017537708223394993,0.01,4.836606177651173,4.835631487010986,187.70025421439317,7.64471489712024,4,,,log1p,PBX1
1.0,0.03669068088528701,0.04,2.7989845402932154,2.0673545019145783,242.0032211915168,47.24549797390515,116,0.5258620689655172,1.0758290842938991,log1p,PHF10
0.5491803278688525,-0.007879040424652149,0.02,3.2635621674581605,3.0006452483674844,151.83325159512728,15.106048180617183,24,0.5,1.1704903363104995,log1p,PHF14
0.30327868852459017,-0.011597005428999965,0.0,5.84885588825848,5.969969005318309,255.03880344748018,6.9343598555527795,2,,,log1p,PLCB3
0.9180327868852459,0.023847944462067987,0.01,4.649377943420064,3.9155975286979925,150.91196749755676,9.347203583334098,1,,,log1p,PMS1
0.860655737704918,0.014646674587564846,0.02,4.612170505697876,4.285559169798002,176.0804996640333,9.151565276077248,3,,,log1p,POLB
0.25409836065573765,-0.011105161727148318,0.0,5.560128870815753,4.988111316895463,229.1485862395827,8.816105543913617,6,,,log1p,PRCP
1.0,0.11138751477684303,0.01,4.655136226854459,4.096607054163058,462.7246850263389,27.429552199261032,104,0.6057692307692307,0.9565391751756125,log1p,PRR12
0.30327868852459017,0.002237645617621326,0.01,5.853344037124677,6.301491843465839,243.02742219858035,5.9740375389209905,2,,,log1p,PTPN1
0.7295081967213115,0.014398569727493095,0.0,5.773136925531943,5.9948224426466705,220.27327734176097,5.991342454168576,0,,,log1p,RAB3B
0.7704918032786885,0.051128494288572926,0.04,4.469207040268642,3.997487261292258,263.4893511356277,15.900502690749565,38,0.5526315789473685,0.8685439528355141,log1p,RAF1
1.0,0.1114396896264754,0.05,1.770971390538633,1.2791636801464483,184.36386264081045,78.41398389155121,369,0.6666666666666666,0.8661902954683329,log1p,RNF2
0.0901639344262295,-0.04342221086399706,0.0,4.3761744770258835,3.7199983816846625,164.79086746423908,10.869071071300136,4,,,log1p,RRM1
1.0,0.061110033844813276,0.01,2.6505445370428293,2.265422023090773,263.53838509646937,45.00885087723821,163,0.558282208588957,0.9985240258022178,log1p,SAFB
1.0,0.3523619331481303,0.16,1.1923374736423606,0.9652596373021888,249.88496468540495,199.670816517702,1125,0.7484444444444445,0.7006965458875234,log1p,SIN3B
1.0,0.07723750991372558,0.04,3.4314151525171477,3.2189386803307687,135.0386581917026,12.429553860157547,25,0.84,0.5564511983584264,log1p,SIX4
0.9918032786885246,0.1327358855831646,0.02,3.818294231076306,3.6463963706043363,258.96352465353607,19.42975764584817,20,0.45,1.1487277582112696,log1p,SLC25A3
0.8934426229508197,0.02818727856653782,0.0,3.8560333194507317,2.9891294267181947,315.7975426462734,32.335155617567125,79,0.569620253164557,0.9648398936252218,log1p,SMAGP
0.8442622950819672,0.0183123066881815,0.03,1.1157300071936789,0.37909319930470503,541.1855953658978,478.99842202935355,2187,0.5176040237768633,0.9865298691649321,log1p,SMARCA4
1.0,0.23589653383032322,0.09,1.4692307980875472,1.1170378658730389,276.5066546681171,160.6884127437941,931,0.7121374865735768,0.785872987691828,log1p,SMARCA5
1.0,0.13932475638619304,0.05,1.4100000914201178,0.8573154063063873,321.7511401607133,215.0600329516683,1133,0.646954986760812,0.8890530407551062,log1p,SOX2
0.9262295081967213,0.0328897221908955,0.01,6.427976469685976,6.495626033722449,422.5342968282543,9.880173346383751,6,,,log1p,SRC
1.0,0.04997691266467349,0.03,2.907151711779913,2.4493770186445465,197.60171617507433,29.254291616807656,59,0.5084745762711864,0.9459642327562221,log1p,SSBP1
1.0,0.20635320345492547,0.05,2.109273387262107,1.7605902760569083,326.3525717869595,96.7523509635953,445,0.7460674157303371,0.7507755313976552,log1p,STAG2
0.6639344262295082,-0.004194790197796686,0.01,4.4817178425413395,4.2275419762906,142.6053963361452,7.5422348030052815,8,,,log1p,STAT1
0.8278688524590164,0.01046323850854434,0.01,3.0388983706807435,2.3499273585648415,168.03339075538668,25.95918969962473,68,0.5147058823529411,0.9834274459463302,log1p,STAT6
0.9180327868852459,0.03623443014902578,0.03,5.30193008406307,4.815959904062035,316.5841012515762,13.277049082877419,19,0.5263157894736842,1.0045559757719393,log1p,STX4
0.8934426229508197,0.08006039716591785,0.01,4.212825314806254,3.3360430118072153,185.0241868579565,15.957221000842587,18,0.8333333333333334,0.7690293649962621,log1p,SV2A
1.0,0.3381431459932579,0.16,1.4655671000187862,1.2774442418564065,189.00881363908235,106.90871731150742,519,0.7764932562620424,0.6580082419292809,log1p,TADA1
0.6475409836065573,-0.0001953621271733957,0.01,4.092431422032853,4.0539406021269055,175.14380796972483,10.044942840033457,4,,,log1p,TARBP2
0.9344262295081968,0.02166411504071281,0.03,4.336227974395662,4.25685480923609,171.93929508585637,9.079844081761223,6,,,log1p,TCF3
1.0,0.0873629524174449,0.04,3.715259374857401,3.4991803777679005,194.3096222070989,15.38127803967939,45,0.4888888888888889,1.0332653297428216,log1p,TET1
1.0,0.11411357991768906,0.06,2.3467619105912196,1.8888495799712963,181.81540470111509,43.95216012740541,93,0.6344086021505376,0.8345531241872431,log1p,TFAM
1.0,0.35060438936427357,0.21,2.235833691510703,1.9586323897355022,178.09276546250842,51.4298230003904,258,0.8410852713178295,0.5519508585488911,log1p,TGFBR2
0.3688524590163934,0.010182625744372282,0.01,5.4613275308792,5.345386141176859,241.57346862086087,8.198855126981474,6,,,log1p,TMBIM6
0.23770491803278693,-0.006590087434749143,0.0,2.6028815434655317,1.751336639396692,344.81994131413603,84.30263426260876,254,0.4566929133858268,1.112795913218477,log1p,TMSB10
0.12295081967213117,-0.03745773966316079,0.01,4.684386880402127,4.833640558878883,165.127732064209,6.678250672178237,0,,,log1p,TMSB4X
0.8442622950819672,0.025365840279453065,0.01,5.703014278004719,5.716755352557169,267.5378824836527,8.012210174475577,1,,,log1p,TRAM2
0.5081967213114754,0.002270865720974939,0.01,3.3623787796650353,2.6625861865221276,391.3884351973858,48.455519812672556,221,0.4660633484162896,1.1487032636336207,log1p,TRAPPC6A
0.10655737704918034,-0.03133080192657325,0.0,4.8869475098409065,4.503367501236087,203.89347457794602,9.455926150273223,3,,,log1p,TSC22D4
0.05737704918032782,-0.04740306445677541,0.0,5.7091272729811084,5.469949441511971,229.97030938654552,7.314825838630052,4,,,log1p,TWF2
0.5901639344262295,0.009900718210826017,0.03,4.649085021855556,4.387631611200717,310.9439959287118,15.420421000084424,24,0.4166666666666667,0.9281663901014789,log1p,TXNDC9
0.9016393442622951,0.034140971649843886,0.01,3.24991050319069,2.525199338351791,173.20826440144336,24.042657867481203,36,0.5555555555555556,0.9567424053722346,log1p,UBE3C
0.9836065573770492,0.14388022211722265,0.03,3.907664715523872,3.6896076680368495,327.3461720536767,24.15574781099572,47,0.5319148936170213,0.9925395847840276,log1p,UQCRQ
1.0,0.07391412940684516,0.02,3.2968563048546926,3.155755129606035,166.05798828227861,15.826681899792487,20,0.3,1.1910912027950145,log1p,USP22
0.25409836065573765,-0.0033779387249024953,0.01,5.363769247517944,5.209415341437645,201.39584894832964,7.148489770333529,4,,,log1p,WFS1
0.5901639344262295,0.00223865177462776,0.05,3.5511250621602723,3.071428462584412,339.23689406732353,32.55657037688374,103,0.5339805825242718,1.1344041884261755,log1p,WSB2
0.9426229508196722,0.022018929157499274,0.01,3.051527186285237,2.4463271235908315,174.07769261222748,25.313817835146892,14,0.8571428571428571,0.7673622065433107,log1p,XRCC4
0.9098360655737705,0.025132935250412675,0.0,4.054102421189343,4.053904001139573,118.05828734959212,6.851757919079917,2,,,log1p,ZNF286A
0.9672131147540983,0.03498424010826794,0.03,3.96115355862671,3.5770230611174028,112.89072027983764,8.334607696182072,3,,,log1p,ZNF426
0.9672131147540983,0.03534684180509282,0.03,3.9425932806784383,3.81258992099075,125.48604777817347,8.219798985184106,8,,,log1p,ZNF562
1.0,0.03317211988614252,0.01,4.038638850122627,3.873779015582863,234.70410811317538,14.902642054461282,21,0.5238095238095238,1.1759847445025475,log1p,ZNF593
0.8688524590163934,0.01387495436357384,0.03,4.31853001839636,3.413314482243294,141.56545496905062,11.274728689325888,8,,,log1p,ZNF714
0.3278688524590164,0.004233866053650628,0.0,1.2584298205278492,1.0200208510630555,127.99043509826788,62.99345551498004,308,0.538961038961039,1.0024247875374617,additive_common,ACAT2
0.08196721311475408,-0.033876367024369546,0.0,1.6528431684842824,2.1782777783031606,81.39261564933264,13.812968118568701,24,0.5,1.0359764002935277,additive_common,ACVR1B
0.4918032786885246,0.017083412100920948,0.01,1.5614222640893762,1.8228331946858374,84.03770271967132,19.72512091528857,49,0.6530612244897959,0.992723117214236,additive_common,AKT2
0.1311475409836066,-0.022572520685483384,0.0,1.9009468357534505,3.2532299899505994,72.64333985858065,6.192756404375936,2,,,additive_common,ANTXR1
0.48360655737704916,0.015540428924112537,0.0,1.3237108481800248,1.1638253566452186,112.17877113218319,48.38802555772017,217,0.4792626728110599,1.0394292949396178,additive_common,ARID1A
0.9098360655737705,0.0755982724441385,0.06,1.3872259671860623,1.5752640966442422,85.66266057233027,26.41233409544507,64,0.5625,0.9558258270434609,additive_common,ATM
0.0,-0.0622985185377159,0.0,1.9130379182695707,3.0483249176514877,75.27327044866321,7.053278287402917,2,,,additive_common,ATP1B1
0.7459016393442623,0.046528196922956885,0.01,1.4226648490185205,1.5555116908117672,88.70754254795177,27.087378263499872,74,0.527027027027027,0.9736374096522175,additive_common,BIRC2
0.8278688524590164,0.05563814158529692,0.04,1.3832579359358677,1.5718316379498467,87.42896961838959,26.52781495402035,63,0.6349206349206349,0.9941933737208642,additive_common,C1QBP
0.28688524590163933,-0.0008866940509725247,0.01,1.8022382136680155,2.9564055732259487,73.07907704120188,7.498691845734399,1,,,additive_common,CALM3
0.9016393442622951,0.07117355315346166,0.06,1.8883716391259409,3.1685459396345372,69.12483528612826,6.528200962092747,2,,,additive_common,CAMSAP2
0.8114754098360656,0.05304028780309958,0.02,1.7689465446534895,2.965909633702595,70.64759851985617,7.450710725090044,2,,,additive_common,CASP2
0.8442622950819672,0.061089530078879864,0.02,1.1628525025991128,0.8464462979627372,147.5582295195959,91.47758942064371,407,0.5847665847665847,0.9658907545226496,additive_common,CASP3
0.360655737704918,0.00853408857686009,0.0,1.7012779725475715,2.3983898642732586,76.46858777057498,11.393941129561444,7,,,additive_common,CDCA2
0.5,0.017632024734207694,0.01,1.7239830298543126,2.2799014599356795,77.13634481124855,12.609021293969683,5,,,additive_common,CENPO
0.6639344262295082,0.040419697481852986,0.06,1.829211019916167,2.9598724787481663,71.23216280692536,7.481135663140309,3,,,additive_common,CLDN6
0.8032786885245902,0.052763306815504084,0.05,1.7191847451806044,2.602913145030084,72.55765678186569,9.673734820860822,6,,,additive_common,CLDN7
0.0901639344262295,-0.03310519331163405,0.01,1.874507633517005,3.0535679486292784,73.99127282057086,7.029077870685338,4,,,additive_common,CREG1
0.819672131147541,0.05366171979094557,0.04,1.556915614640466,2.0153616545908153,78.18726537281071,16.136433374893258,27,0.6296296296296297,0.9798418244505315,additive_common,DAXX
0.35245901639344257,0.006724353488013014,0.0,1.6176162499333062,2.0995962173479548,79.98889298187339,14.867637654619715,30,0.43333333333333335,0.9998863166288431,additive_common,DHCR24
0.8770491803278688,0.06912380302690502,0.01,1.0865791076996436,0.504593157661445,304.9974377734592,257.41320220865396,1355,0.5321033210332103,0.9960950361657223,additive_common,DHX36
0.3688524590163934,0.008750771488480477,0.0,1.5021885994802704,1.5821906669760415,90.99766485165584,26.18158259644693,83,0.6385542168674698,1.0033064662657223,additive_common,DLG5
0.9180327868852459,0.09278244750076327,0.02,1.083478644565202,0.4704969902893881,335.7652503129721,296.0737007986536,1249,0.5860688550840673,1.000802250452132,additive_common,DNMT1
0.20491803278688525,-0.00693535977503398,0.0,1.9363170716871654,3.03342784225201,72.96349048376368,7.122725282478875,1,,,additive_common,DZIP3
0.05737704918032782,-0.047222721083857326,0.0,1.9096419399081896,2.9248685055115944,75.31869529845137,7.661271256088746,4,,,additive_common,EID2
0.17213114754098358,-0.017273204792672834,0.0,1.3385828967357571,1.24896846085001,109.36953539485954,42.01560178119702,121,0.45454545454545453,1.011888619369976,additive_common,EIF4B
0.5983606557377049,0.035520140861735355,0.01,1.281548898413457,1.1659206815782333,109.76187345554763,48.21426153907538,168,0.5535714285714286,0.9774144143147867,additive_common,EWSR1
0.2295081967213115,-0.00449036352710882,0.0,1.6209316038805255,2.011178818199844,82.0373621090616,16.203624068291273,32,0.5625,1.1370670195213657,additive_common,FOXH1
0.42622950819672134,0.010905536645465334,0.0,1.357350600201887,1.1500167258558105,113.855050871567,49.55702396914154,210,0.5,1.0033994755839166,additive_common,GSK3B
0.7704918032786885,0.04954789696810707,0.02,1.567684401226478,2.123985373547748,77.0113690098125,14.528155782774952,21,0.7142857142857143,0.9406684903013773,additive_common,HAT1
0.9590163934426229,0.13640135462444686,0.07,1.5442604225384353,1.8426949267053407,75.14020233672566,19.302192887177647,30,0.7,1.214702632321389,additive_common,HIRA
0.7377049180327868,0.04580758340362651,0.0,1.5463429710403866,1.9303570717096779,80.0193589357051,17.5888817695471,26,0.5769230769230769,0.9858274134005719,additive_common,HMGB2
0.3114754098360656,0.0017290581300045049,0.0,1.851396646707211,2.7501489655704083,74.12430642591015,8.665649004259743,3,,,additive_common,HMGN1
0.06557377049180324,-0.04614364373442188,0.01,1.8731620475490498,3.187751972905494,73.88829686418546,6.449773819997329,0,,,additive_common,IDE
0.25409836065573765,-0.002159470309141576,0.0,1.8571814401406306,2.9186736103797357,73.33188371478434,7.693827921327384,6,,,additive_common,IGF2R
0.2622950819672131,-0.0018242459926591215,0.0,1.6497983308505053,2.191541692906754,79.29645687158853,13.646273051761941,12,0.9166666666666666,0.9699573961212681,additive_common,IKBKG
0.4672131147540983,0.014144755392636661,0.0,1.2356243175983823,0.9802093430713813,131.86387800764408,68.21436740295266,211,0.5592417061611374,1.0151907412859194,additive_common,INSIG1
0.47540983606557374,0.014582249925739291,0.0,1.8447093419894547,2.5901391517169743,74.57247755687021,9.769387549995765,4,,,additive_common,IRF3
0.5573770491803278,0.03266994177164961,0.01,1.1301590184251296,0.6536945809788759,212.36817305232307,153.37824425186463,725,0.6027586206896551,0.9810046768497755,additive_common,KAT2A
0.9918032786885246,0.15190076161044572,0.06,1.4066459125118427,1.6504492293879978,77.5375451866872,24.06075179443121,43,0.6511627906976745,1.1449201009754788,additive_common,KDM2B
0.4508196721311475,0.013493394289856646,0.0,1.8336425768821074,2.545883690552973,74.9583093768463,10.11198493030455,6,,,additive_common,KDR
0.032786885245901676,-0.050299148619149366,0.0,1.8902734684369868,3.1297917684914123,74.3385736373343,6.69087079597112,2,,,additive_common,KIF1B
0.7295081967213115,0.04523443428963555,0.03,1.6424225578424616,2.219886787380553,76.17002887629698,13.300007286384627,15,0.6,0.9673444590714432,additive_common,KLF10
0.2786885245901639,-0.0011589855462291634,0.01,1.9494973193748024,3.327267770352374,71.50695286757006,5.920222444335906,2,,,additive_common,LAD1
0.12295081967213117,-0.026782032774687207,0.0,1.282049612986449,1.1774957501168113,115.7935268320395,47.27100491269485,95,0.43157894736842106,1.2442100442031285,additive_common,LRPPRC
0.9672131147540983,0.14129871748467468,0.06,1.2635395085287826,1.0893694980902981,103.7672976099442,55.22848238108435,188,0.6170212765957447,1.007240431935318,additive_common,LZTR1
0.4590163934426229,0.013502294932866182,0.0,1.8485646674735012,3.008423370438689,72.1943708120069,7.241618203713607,3,,,additive_common,MAP1B
0.7950819672131147,0.05245098809288163,0.03,1.7714237320157356,2.830177862658916,71.29425875792914,8.182501097657678,1,,,additive_common,MAP3K7
0.09836065573770492,-0.031860493012168874,0.01,1.8272841016584118,2.8152780023649076,75.2938689361269,8.269342076753372,5,,,additive_common,MAPKAPK2
0.049180327868852514,-0.048088751133227726,0.0,1.7651318877850344,2.885081904411693,75.5999902657468,7.87403313204214,0,,,additive_common,MAST2
0.6475409836065573,0.03873675184339077,0.01,1.1322866456880036,0.5963936920349093,241.29402043189364,184.26695059851897,877,0.5974914481185861,0.9890562819882118,additive_common,MAU2
0.6721311475409837,0.04072352763156264,0.0,1.1849574420185671,0.7608306209940333,171.74864510589003,113.22375789941742,369,0.6016260162601627,0.998281045936599,additive_common,MBTPS1
0.6147540983606558,0.03602071275782068,0.03,1.2454282444671345,1.032207779851398,122.48147961528512,61.51475170519875,297,0.6262626262626263,0.9850719571111002,additive_common,MED1
0.5655737704918034,0.03286468201243278,0.02,1.4237782255153573,1.5485507413813142,90.09058077858614,27.331448610164685,63,0.6666666666666666,1.0400153841347153,additive_common,MED12
0.33606557377049184,0.005741345303003121,0.01,1.399522258387124,1.4248766687771337,97.29478516832245,32.28189205061412,111,0.6666666666666666,1.0345444089999174,additive_common,MED13
0.2704918032786885,-0.0015315609189520195,0.0,1.5952899883005252,2.1499964312785247,79.81320121417133,14.178753537119377,16,0.3125,1.1881646248742754,additive_common,MED13L
0.680327868852459,0.042046813145576276,0.02,1.1750611012673813,0.733026215748135,179.99815885996549,121.97603662753404,627,0.6331738437001595,0.9713714472756199,additive_common,MED24
0.4426229508196722,0.011814971349912773,0.0,1.0651659171154781,0.3544229272905799,582.9303018756107,521.7589591021322,2934,0.5173824130879345,1.004391758382179,additive_common,METTL14
1.0,0.15592522475087484,0.06,1.293217974389054,1.256752984005222,90.77443317298412,41.49671149249956,79,0.5822784810126582,1.015322997715069,additive_common,METTL17
0.4098360655737705,0.01078495059478326,0.0,1.065373558029695,0.3561154287006002,578.3824914250097,516.8112415279878,2854,0.5073580939032937,1.0044300188927628,additive_common,METTL3
0.11475409836065575,-0.02973925758365001,0.01,1.857182000637728,2.9383475634985174,74.4589072874034,7.591143498909098,5,,,additive_common,MKI67
0.1885245901639344,-0.010331275937132369,0.0,1.5702709505697974,1.4749809623189385,96.58516180932338,30.12594658665021,27,0.6296296296296297,0.9914882568548411,additive_common,MTA1
0.19672131147540983,-0.00792167262946299,0.0,1.8824107738098457,3.1740382349028455,72.37384961423237,6.505627959900664,2,,,additive_common,NCK2
0.9344262295081968,0.11246807093223121,0.06,1.514463497459036,2.054825422667862,73.88903974260448,15.52257157290596,17,0.7647058823529411,2.1141795687770726,additive_common,NDUFB4
0.9262295081967213,0.09960191934616916,0.07,1.5294042674881219,2.0983584597606812,74.20423123069065,14.885182758767087,12,0.5833333333333334,1.2768703167031767,additive_common,NDUFB6
0.9836065573770492,0.1440852566834692,0.06,1.7255162495276821,2.272586417551273,69.92059805070468,12.690324226318992,6,,,additive_common,NISCH
0.38524590163934425,0.009450151724496798,0.0,1.298349061017313,1.182112833318848,111.39562702026072,46.90246490662895,138,0.5217391304347826,1.01030484790533,additive_common,NIT1
0.14754098360655743,-0.02018607837765864,0.0,1.8439825326594266,2.770504930975335,75.03492071550873,8.538777098219047,5,,,additive_common,NRAS
0.2213114754098361,-0.004495351164402565,0.0,1.3586619307439005,1.2096881838336266,110.81670221671182,44.788514093946645,128,0.609375,1.0168826059193112,additive_common,OXCT1
0.3770491803278688,0.009093759891712676,0.01,1.6344141550289397,2.2210810276495176,78.29009047476947,13.285708722799463,18,0.5,1.0286913357624043,additive_common,PAGR1
0.016393442622950838,-0.0544797029493459,0.0,1.8246696214417197,2.9280340246317675,75.62473128545562,7.64471489712024,4,,,additive_common,PBX1
0.5491803278688525,0.02906419648580771,0.0,1.3622251203602096,1.1778135609206735,109.55193349822828,47.24549797390515,116,0.5862068965517241,1.0052242514560956,additive_common,PHF10
0.860655737704918,0.06436057194963576,0.02,1.4989036719951967,2.0829619324261146,76.59686641646172,15.106048180617183,24,0.625,0.9441654111260197,additive_common,PHF14
0.21311475409836067,-0.006478655024440069,0.02,1.8850178647244094,3.0743519093608476,72.7516630203211,6.9343598555527795,2,,,additive_common,PLCB3
0.024590163934426257,-0.05167205676998853,0.0,1.8938038247098958,2.6479874037229774,77.44617304533722,9.347203583334098,1,,,additive_common,PMS1
0.319672131147541,0.002845751659989034,0.01,1.804379265021934,2.6761415123345023,74.55324597539166,9.151565276077248,3,,,additive_common,POLB
0.639344262295082,0.03861329730687888,0.06,1.8854662066368053,2.726580820010511,72.5008168780157,8.816105543913617,6,,,additive_common,PRCP
0.23770491803278693,-0.004222935281511793,0.01,1.4237034086729856,1.5457790142948846,93.32872797750596,27.429552199261032,104,0.5865384615384616,1.0097571538837649,additive_common,PRR12
0.7540983606557377,0.048523336746935444,0.04,1.9157349551155638,3.312247585155606,69.59479796602491,5.9740375389209905,2,,,additive_common,PTPN1
0.6311475409836065,0.0367524799683511,0.06,1.911787476099702,3.3074607103975313,70.07582927476562,5.991342454168576,0,,,additive_common,RAB3B
0.6065573770491803,0.03590215937578232,0.01,1.596119321108174,2.030258504770798,79.12357692493167,15.900502690749565,38,0.5263157894736842,1.02605367812547,additive_common,RAF1
0.8360655737704918,0.05816969178320832,0.03,1.2215045262070574,0.9142395526430723,135.6147812080305,78.41398389155121,369,0.5284552845528455,0.9830228343052345,additive_common,RNF2
0.15573770491803274,-0.019708354537574177,0.0,1.8015473281800916,2.4556165487015558,77.46218435565271,10.869071071300136,4,,,additive_common,RRM1
0.30327868852459017,0.0015118712367385124,0.0,1.317072185644567,1.206723591280152,110.38569226543592,45.00885087723821,163,0.5460122699386503,1.039043294963042,additive_common,SAFB
0.7622950819672132,0.04925758168615211,0.04,1.124741413366339,0.5729272365716921,253.94206288165466,199.670816517702,1125,0.5644444444444444,1.0153654485247707,additive_common,SIN3B
0.43442622950819676,0.011373492235155477,0.0,1.6447492697407864,2.296301954511008,77.3213798741336,12.429553860157547,25,0.52,1.015606340583784,additive_common,SIX4
0.7213114754098361,0.04487475157106707,0.01,1.461459489670842,1.8366359209232856,81.76808219509351,19.42975764584817,20,0.45,1.0554347409612932,additive_common,SLC25A3
0.4180327868852459,0.010833668007996242,0.01,1.446837957567342,1.4237026324695248,96.87875644862011,32.335155617567125,79,0.569620253164557,1.0003174295105053,additive_common,SMAGP
0.8688524590163934,0.06803787337743805,0.02,1.0564372765507615,0.36990459346091464,520.4290861298163,478.99842202935355,2187,0.5555555555555556,0.9918844357271411,additive_common,SMARCA4
0.7049180327868853,0.04429450657995347,0.0,1.1316541049458866,0.6386523070085351,217.13812224293034,160.6884127437941,931,0.6058002148227712,0.9889704292862317,additive_common,SMARCA5
0.5901639344262295,0.0336959491825218,0.02,1.1318375015471465,0.5520480901597196,272.60010286833887,215.0600329516683,1133,0.6001765225066196,0.9924231315049059,additive_common,SOX2
0.16393442622950816,-0.019376794980731932,0.0,1.7013625337987963,2.5755766764283425,76.40741217723254,9.880173346383751,6,,,additive_common,SRC
0.040983606557377095,-0.04997658195157227,0.0,1.3918400066043732,1.4967937898494934,99.17207562183266,29.254291616807656,59,0.3389830508474576,1.4265489018918853,additive_common,SSBP1
0.7131147540983607,0.04465778869002027,0.02,1.1934529625984567,0.8230495891051034,155.18104509575193,96.7523509635953,445,0.5910112359550562,1.0031237393108394,additive_common,STAG2
0.5737704918032787,0.03322024000330162,0.01,1.860003402932686,2.947859235127008,71.60610458959837,7.5422348030052815,8,,,additive_common,STAT1
0.5819672131147541,0.03356241463035452,0.0,1.4997467095762744,1.5889535429706136,88.73149898251047,25.95918969962473,68,0.5882352941176471,1.005547817251933,additive_common,STAT6
0.7786885245901639,0.05087708542561752,0.05,1.6561619603458761,2.2218052332560614,75.81647169884577,13.277049082877419,19,0.3684210526315789,1.005802550337431,additive_common,STX4
0.9508196721311475,0.12132257755894375,0.07,1.651230083891801,2.0266471197297076,73.65123080447547,15.957221000842587,18,0.7222222222222222,0.9386243051525145,additive_common,SV2A
0.6967213114754098,0.04302005421563953,0.01,1.1877443005133033,0.7829791661178821,165.24760293201257,106.90871731150742,519,0.6107899807321773,0.9940165358029972,additive_common,TADA1
0.4016393442622951,0.010292479729403186,0.01,1.6937280476180914,2.554365447114107,75.05783523137913,10.044942840033457,4,,,additive_common,TARBP2
0.34426229508196726,0.006017375644409742,0.0,1.755965243278008,2.686690070776492,74.327330255715,9.079844081761223,6,,,additive_common,TCF3
0.5163934426229508,0.01883819002519171,0.0,1.5891538909021707,2.064241734892168,79.72609814679879,15.38127803967939,45,0.5777777777777777,0.9977099821093934,additive_common,TET1
0.139344262295082,-0.02247436913991169,0.0,1.318972252358724,1.22114336361788,111.90571444901838,43.95216012740541,93,0.40860215053763443,1.2647781817031498,additive_common,TFAM
0.5327868852459017,0.027525838681090757,0.0,1.288502010085107,1.1288838264246264,113.77468710029542,51.4298230003904,258,0.5775193798449613,1.0086342738680605,additive_common,TGFBR2
0.8852459016393442,0.06965835779116732,0.06,1.7878493090468914,2.827353814981135,70.51041602739191,8.198855126981474,6,,,additive_common,TMBIM6
0.39344262295081966,0.0100888121820685,0.01,1.2747075688854712,0.8817311684187511,148.34385648339057,84.30263426260876,254,0.5354330708661418,0.9998129401735731,additive_common,TMSB10
0.5081967213114754,0.018715278689880488,0.0,1.8496177822882827,3.132747611178014,71.43622637666743,6.678250672178237,0,,,additive_common,TMSB4X
0.008196721311475419,-0.05830927040487437,0.01,1.8253490412874795,2.8600959250205285,76.22567511090892,8.012210174475577,1,,,additive_common,TRAM2
0.6885245901639344,0.04243667603936454,0.01,1.300675121487722,1.1630145212796603,109.21359741481935,48.455519812672556,221,0.5882352941176471,0.976208341269035,additive_common,TRAPPC6A
0.9426229508196722,0.11333064445208905,0.06,1.7337765972433221,2.63272034688465,69.35430726118517,9.455926150273223,3,,,additive_common,TSC22D4
0.10655737704918034,-0.031125343837621926,0.0,1.9085028596054727,2.993331187431199,74.21891863668674,7.314825838630052,4,,,additive_common,TWF2
0.8934426229508197,0.06985029195286521,0.03,1.5283563518160368,2.0616201503911533,76.520263305145,15.420421000084424,24,0.6666666666666666,0.9797748367146155,additive_common,TXNDC9
0.8524590163934427,0.0618580007949671,0.05,1.5078314689506143,1.6510701568142534,84.67268389937537,24.042657867481203,36,0.5,0.9918558750623501,additive_common,UBE3C
0.9754098360655737,0.14244470825295352,0.06,1.405970072320568,1.6472007157528958,78.36124945454544,24.15574781099572,47,0.5531914893617021,1.0877887000068,additive_common,UQCRQ
0.540983606557377,0.02791239574038744,0.0,1.5506445407270355,2.0349878892762407,79.56979756892514,15.826681899792487,20,0.6,0.9628770318237381,additive_common,USP22
0.07377049180327866,-0.03703401952777112,0.0,1.8895021560359035,3.027956388452677,74.29278647238294,7.148489770333529,4,,,additive_common,WFS1
0.6229508196721312,0.03634502669354401,0.04,1.4033908433828353,1.4188531264545259,94.73986999200102,32.55657037688374,103,0.5436893203883495,1.0077524612451747,additive_common,WSB2
0.6557377049180328,0.03996732552329249,0.01,1.440503585725996,1.6090811252005415,87.59899135442953,25.313817835146892,14,0.5,0.9845838752426521,additive_common,XRCC4
0.24590163934426235,-0.004009484396306266,0.0,1.877351736938393,3.0928279436920274,72.56276100487693,6.851757919079917,2,,,additive_common,ZNF286A
0.5245901639344263,0.020400595780965366,0.02,1.8422568544736202,2.8042335724096135,72.92206527424196,8.334607696182072,3,,,additive_common,ZNF426
0.7868852459016393,0.05097935812181623,0.04,1.7961182315246007,2.8237495014397838,71.39434121835123,8.219798985184106,8,,,additive_common,ZNF562
0.29508196721311475,0.0010416539397951044,0.0,1.5569326387017994,2.097128926191128,80.37860357511141,14.902642054461282,21,0.7142857142857143,0.9975651546918957,additive_common,ZNF593
0.180327868852459,-0.014568610486697355,0.0,1.8694938018053318,2.4110361151536006,77.60785908292809,11.274728689325888,8,,,additive_common,ZNF714
0.5983606557377049,0.028037455433609523,0.01,1.0229946393619411,0.42941715021828764,73.09253861614783,62.99345551498004,308,0.4902597402597403,1.0073628399643888,ratio_common,ACAT2
0.5737704918032787,0.02555548284807552,0.02,1.1251658943312977,0.9170301126373173,24.78148603687116,13.812968118568701,24,0.5,0.991181979613553,ratio_common,ACVR1B
0.3770491803278688,0.014742840238423257,0.01,1.096056521990496,0.7673919949474651,30.894734925454504,19.72512091528857,49,0.5102040816326531,1.002508780416399,ratio_common,AKT2
0.20491803278688525,0.0010414193315643112,0.0,1.2014272910841208,1.3695727394526522,17.79102675704253,6.192756404375936,2,,,ratio_common,ANTXR1
0.48360655737704916,0.022192805561916214,0.02,1.047032352043258,0.4899572077193523,58.95166454592687,48.38802555772017,217,0.48847926267281105,1.007159372715586,ratio_common,ARID1A
0.33606557377049184,0.013138705859393654,0.02,1.0628789411844302,0.6631682269212154,37.567999465180435,26.41233409544507,64,0.671875,0.9693025869947482,ratio_common,ATM
0.07377049180327866,-0.014400480175178209,0.01,1.2230451372503561,1.283310039900722,18.929907217585427,7.053278287402917,2,,,ratio_common,ATP1B1
0.639344262295082,0.030304964632822624,0.0,1.0502420922964988,0.6548526892401018,37.62820044398431,27.087378263499872,74,0.5945945945945946,0.9944300340216049,ratio_common,BIRC2
0.7377049180327868,0.042435447671499794,0.02,1.037745490524641,0.6617232009403708,36.65392106686001,26.52781495402035,63,0.7142857142857143,0.9691774643387169,ratio_common,C1QBP
0.39344262295081966,0.016267624400109263,0.03,1.161351904316614,1.2446130437638183,18.81097715879922,7.498691845734399,1,,,ratio_common,CALM3
0.06557377049180324,-0.01558249725915938,0.01,1.216041761963735,1.3339217196546096,18.41552493673879,6.528200962092747,2,,,ratio_common,CAMSAP2
0.9262295081967213,0.060791643658194616,0.01,1.1444625883789599,1.2486141448796733,17.93554957138905,7.450710725090044,2,,,ratio_common,CASP2
1.0,0.08242608529586488,0.03,0.9983443874348337,0.356344242085997,97.71975457077687,91.47758942064371,407,0.6486486486486487,0.9829361316967373,ratio_common,CASP3
0.049180327868852514,-0.016440491427480563,0.02,1.1656856640406394,1.0096947915871393,23.38815301155239,11.393941129561444,7,,,ratio_common,CDCA2
0.3114754098360656,0.00922836421241497,0.0,1.1404507114961138,0.9598125241104227,24.001588296867837,12.609021293969683,5,,,ratio_common,CENPO
0.11475409836065575,-0.004741400054020126,0.01,1.1876216524767487,1.2460725714664875,19.18547048937613,7.481135663140309,3,,,ratio_common,CLDN6
0.09836065573770492,-0.007894737576836106,0.01,1.1635158367112584,1.0957967612521313,21.457046123625034,9.673734820860822,6,,,ratio_common,CLDN7
0.0,-0.029579212188311547,0.0,1.2138793386681808,1.285517296172633,19.179569266820486,7.029077870685338,4,,,ratio_common,CREG1
0.540983606557377,0.024264823603655776,0.01,1.0991751676733783,0.848444281772924,27.087956348397757,16.136433374893258,27,0.7037037037037037,0.9664043036307587,ratio_common,DAXX
0.5491803278688525,0.025185354194157853,0.02,1.1129864273051904,0.8839060724327487,25.821621998484233,14.867637654619715,30,0.7,0.9887492737061981,ratio_common,DHCR24
0.8770491803278688,0.05686404505835222,0.03,1.003713335523248,0.2124279670918512,262.81028551399476,257.41320220865396,1355,0.5874538745387454,0.9881658757102947,ratio_common,DHX36
0.6557377049180328,0.0324514558397362,0.0,1.0705922803037318,0.666084234069077,36.66566747654671,26.18158259644693,83,0.5180722891566265,0.9852364394997554,ratio_common,DLG5
0.7459016393442623,0.04293318988796768,0.04,1.0036039736576046,0.198073869319227,302.6540488259416,296.0737007986536,1249,0.5180144115292233,0.9974648109563066,ratio_common,DNMT1
0.016393442622950838,-0.023042157328387828,0.01,1.2272406226084547,1.2770385409818874,19.157843768193132,7.122725282478875,1,,,ratio_common,DZIP3
0.024590163934426257,-0.020989191745364125,0.0,1.2172808670019242,1.2313362977737483,19.673214396440386,7.661271256088746,4,,,ratio_common,EID2
0.17213114754098358,-0.0007667578795007263,0.06,1.049075035560668,0.525801483971407,53.6654158092212,42.01560178119702,121,0.4628099173553719,0.9927010910710704,ratio_common,EIF4B
0.6065573770491803,0.028354078717706763,0.02,1.036797234964816,0.4908393156297727,58.48817298708652,48.21426153907538,168,0.5119047619047619,0.9963035345462014,ratio_common,EWSR1
0.4672131147540983,0.02098512149972378,0.01,1.1207121945191159,0.8466833553360101,27.243755889009616,16.203624068291273,32,0.625,0.9924807404009206,ratio_common,FOXH1
0.21311475409836067,0.0017170641888347034,0.01,1.0545428290840886,0.4841439315732576,61.09056564960058,49.55702396914154,210,0.47619047619047616,1.0032409260507902,ratio_common,GSK3B
0.6147540983606558,0.029466077917074368,0.03,1.0950265429112922,0.8941736291602695,25.378521996187793,14.528155782774952,21,0.8095238095238095,0.9461340311348253,ratio_common,HAT1
0.4016393442622951,0.017156087520366816,0.01,1.0967748658042307,0.7757535577070162,30.404346938180744,19.302192887177647,30,0.5333333333333333,0.9989138916552672,ratio_common,HIRA
0.6475409836065573,0.0312388544265217,0.0,1.085000643918337,0.812658321419006,28.311776751474863,17.5888817695471,26,0.6923076923076923,0.9786496839152745,ratio_common,HMGB2
0.05737704918032782,-0.016308741044396776,0.01,1.1897309054959067,1.1577813632341245,20.608833622013684,8.665649004259743,3,,,ratio_common,HMGN1
0.4426229508196722,0.01862469940250127,0.01,1.1802122740037695,1.3420072407158865,17.743292119465952,6.449773819997329,0,,,ratio_common,IDE
0.3278688524590164,0.012882338916261971,0.02,1.1809975460611835,1.2287283175440782,19.0661941422305,7.693827921327384,6,,,ratio_common,IGF2R
0.7786885245901639,0.04449890590157908,0.01,1.1001274741532177,0.9226140694788642,24.14170473271652,13.646273051761941,12,0.75,0.9784677051317384,ratio_common,IKBKG
0.7868852459016393,0.04451505434269859,0.04,1.0185978929868262,0.41265695919879986,77.3241827983463,68.21436740295266,211,0.6587677725118484,0.980087489426943,ratio_common,INSIG1
0.6311475409836065,0.029946385687569185,0.04,1.1701326780967514,1.090419055688852,20.74730205010299,9.769387549995765,4,,,ratio_common,IRF3
0.9918032786885246,0.07490891569751039,0.04,0.9983968035389085,0.2751979665754242,158.67046213937883,153.37824425186463,725,0.6579310344827586,0.9789168669274178,ratio_common,KAT2A
0.6967213114754098,0.03717125001005,0.01,1.0502846545416185,0.694820310707502,34.43383718861324,24.06075179443121,43,0.5348837209302325,0.9955216174861602,ratio_common,KDM2B
0.5901639344262295,0.025660076986748537,0.0,1.1627373446863254,1.0717880110441902,21.171717820906714,10.11198493030455,6,,,ratio_common,KDR
0.29508196721311475,0.008944429844338892,0.01,1.1998528971268225,1.3176066553948853,18.149099559515307,6.69087079597112,2,,,ratio_common,KIF1B
0.5,0.022299449316949917,0.0,1.1151066393319502,0.9345470311226594,24.361601867896944,13.300007286384627,15,0.6666666666666666,0.9978765629575413,ratio_common,KLF10
0.032786885245901676,-0.020023214690165048,0.0,1.2385010346794731,1.4007418009826034,17.8682513950811,5.920222444335906,2,,,ratio_common,LAD1
0.9344262295081968,0.0607933815151579,0.02,1.017954046304887,0.4957122875305307,56.037820229658266,47.27100491269485,95,0.6210526315789474,0.9836936171187406,ratio_common,LRPPRC
0.7704918032786885,0.04421077225300542,0.01,1.0239103427092395,0.4586121400529528,64.60483729510753,55.22848238108435,188,0.5691489361702128,0.9928326857011148,ratio_common,LZTR1
0.28688524590163933,0.006794459036188082,0.04,1.1810327448131694,1.266511943395574,18.73292194155617,7.241618203713607,3,,,ratio_common,MAP1B
0.34426229508196726,0.013521974428989206,0.01,1.1670615611930664,1.1914726165913905,19.534779332221234,8.182501097657678,1,,,ratio_common,MAP3K7
0.7213114754098361,0.039217845264496856,0.0,1.164295241630876,1.1851999452637059,19.116543499797693,8.269342076753372,5,,,ratio_common,MAPKAPK2
0.6721311475409837,0.03321116260854828,0.01,1.1495367047106433,1.2145865922717622,18.85472607159865,7.87403313204214,0,,,ratio_common,MAST2
0.9098360655737705,0.058381689993090374,0.03,1.0002150783281127,0.25107494555124754,190.4808502764669,184.26695059851897,877,0.5621436716077537,0.9920096504336268,ratio_common,MAU2
0.860655737704918,0.05362638432013283,0.01,1.005798996971733,0.32030101808759115,120.95009858809883,113.22375789941742,369,0.5257452574525745,0.9972243562276416,ratio_common,MBTPS1
0.819672131147541,0.046950474416381414,0.0,1.0169976493925628,0.4345477083090846,70.62061238323872,61.51475170519875,297,0.5185185185185185,1.0015286901867726,ratio_common,MED1
0.8278688524590164,0.04777456299125221,0.01,1.0471661072641492,0.6519222088836233,37.244892155779404,27.331448610164685,63,0.6349206349206349,0.9817015705828002,ratio_common,MED12
0.7540983606557377,0.0432193134520556,0.0,1.043564682863539,0.5998568341824803,42.22398589095059,32.28189205061412,111,0.6036036036036037,0.9840763587056325,ratio_common,MED13
0.47540983606557374,0.021364172059977912,0.02,1.0922955660037255,0.9051239879429087,25.246333857056506,14.178753537119377,16,0.25,1.0469735100483353,ratio_common,MED13L
0.9508196721311475,0.06308772910615261,0.0,1.005907774296981,0.30859568044496877,128.84256692925624,121.97603662753404,627,0.5502392344497608,0.9905019472843699,ratio_common,MED24
0.7049180327868853,0.0387782879696711,0.01,1.0018948157687646,0.14920801202301676,527.337067613251,521.7589591021322,2934,0.521813224267212,0.9977390608899703,ratio_common,METTL14
0.9180327868852459,0.05991870831036119,0.03,1.020557362575593,0.5290786794773966,50.48161378014082,41.49671149249956,79,0.5569620253164557,0.9919699675321823,ratio_common,METTL17
0.6885245901639344,0.03686996488126208,0.01,1.0018252388902638,0.14992053582238216,522.713761984082,516.8112415279878,2854,0.5171688857743518,0.9980563599925246,ratio_common,METTL3
0.139344262295082,-0.004063175084993428,0.01,1.1980676979068157,1.2370108275270755,19.283388385621265,7.591143498909098,5,,,ratio_common,MKI67
0.180327868852459,-0.0006236161963129854,0.03,1.099524379960181,0.6209501705824165,41.76521400713247,30.12594658665021,27,0.48148148148148145,1.0058469980922051,ratio_common,MTA1
0.14754098360655743,-0.001308757010915219,0.0,1.2034721266071788,1.3362339133512544,18.144317919570828,6.505627959900664,2,,,ratio_common,NCK2
0.4590163934426229,0.020425744820879103,0.01,1.0829261030920407,0.8650580782525346,26.589956599412215,15.52257157290596,17,0.5294117647058824,1.0028799716434544,ratio_common,NDUFB4
0.5655737704918034,0.025436403491831832,0.03,1.084366948899416,0.8833849905987508,25.83217436900225,14.885182758767087,12,0.5833333333333334,1.0029569689876634,ratio_common,NDUFB6
0.5163934426229508,0.022947264798543393,0.01,1.1494551824141979,0.9567329746569346,23.749042997012786,12.690324226318992,6,,,ratio_common,NISCH
0.5819672131147541,0.025618192729892478,0.01,1.0294535117309154,0.4976560269245568,57.322477156501826,46.90246490662895,138,0.572463768115942,0.9911895085039651,ratio_common,NIT1
0.16393442622950816,-0.0007967410180928963,0.0,1.1875388834133394,1.1663509926147548,20.170582725997452,8.538777098219047,5,,,ratio_common,NRAS
0.4918032786885246,0.022201198156553414,0.01,1.0437740754399083,0.5092649351365661,55.39166588385365,44.788514093946645,128,0.5,0.9976215490685002,ratio_common,OXCT1
0.319672131147541,0.011226513350691084,0.02,1.1122561216043374,0.9350497926617398,24.62271508468193,13.285708722799463,18,0.5,0.9949849885411516,ratio_common,PAGR1
0.5327868852459017,0.023149429327390964,0.03,1.168303116883879,1.2326689452369148,18.824357913558615,7.64471489712024,4,,,ratio_common,PBX1
0.8114754098360656,0.04668846694070197,0.0,1.036451266469842,0.4958460822559629,56.67393949597736,47.24549797390515,116,0.5603448275862069,0.98745426080989,ratio_common,PHF10
0.9836065573770492,0.06945929554822157,0.0,1.0634321870864374,0.8769032281089182,24.881792975352752,15.106048180617183,24,0.625,0.9937807989127896,ratio_common,PHF14
0.040983606557377095,-0.01931326872295947,0.02,1.2108320315801715,1.2942671067066998,18.896965505840086,6.9343598555527795,2,,,ratio_common,PLCB3
0.2704918032786885,0.005933703020414463,0.02,1.2043857322186329,1.114772510322292,20.839480949620057,9.347203583334098,1,,,ratio_common,PMS1
0.4180327868852459,0.017562711610952235,0.02,1.1727839626352732,1.126625069095279,20.405344518213028,9.151565276077248,3,,,ratio_common,POLB
0.0901639344262295,-0.008740322015694952,0.02,1.2099606505742626,1.1478594426266062,20.608939346937508,8.816105543913617,6,,,ratio_common,PRCP
0.8688524590163934,0.05371973437225867,0.04,1.04045253512462,0.6507553433774946,37.12770125805507,27.429552199261032,104,0.5673076923076923,0.9856056078303762,ratio_common,PRR12
0.19672131147540983,0.0008404330538365276,0.01,1.219286471625301,1.3944184742425423,17.575971209741603,5.9740375389209905,2,,,ratio_common,PTPN1
0.2295081967213115,0.0034839244811284828,0.02,1.209445193285503,1.3924032545390215,17.54914992045176,5.991342454168576,0,,,ratio_common,RAB3B
0.1311475409836066,-0.004343709657873495,0.01,1.1184704995776376,0.8547156858769186,27.63450407667885,15.900502690749565,38,0.5,1.0135631990129457,ratio_common,RAF1
0.8032786885245902,0.04612594152503153,0.05,1.0193477646260074,0.3848844294738453,87.24572821019316,78.41398389155121,369,0.5853658536585366,0.982920301043134,ratio_common,RNF2
0.12295081967213117,-0.004484770997960616,0.01,1.189269264261067,1.033786573356139,22.585791337407652,10.869071071300136,4,,,ratio_common,RRM1
0.43442622950819676,0.018517213289953705,0.0,1.035208058085025,0.508016875467448,55.777985044139825,45.00885087723821,163,0.5276073619631901,0.9964162380523748,ratio_common,SAFB
0.38524590163934425,0.015362199329472392,0.05,1.010802779294021,0.24119583531518024,209.80707236773338,199.670816517702,1125,0.5146666666666667,0.995654143993564,ratio_common,SIN3B
0.2786885245901639,0.00652996633378774,0.01,1.128991411446669,0.9667169453635455,23.888563336900667,12.429553860157547,25,0.52,1.0185266561046813,ratio_common,SIX4
0.8524590163934427,0.050141518636938165,0.02,1.0525031261590032,0.7732027853444957,29.539127067176388,19.42975764584817,20,0.65,0.9822595866406582,ratio_common,SLC25A3
0.35245901639344257,0.013779862116059386,0.01,1.0685416762342534,0.5993625782808084,43.4169706752712,32.335155617567125,79,0.46835443037974683,1.0006037125329732,ratio_common,SMAGP
0.9672131147540983,0.06679447341732848,0.02,0.9958360749847346,0.15572561699213816,480.64964771992527,478.99842202935355,2187,0.5761316872427984,0.9919332494633576,ratio_common,SMARCA4
0.9754098360655737,0.06833444401803197,0.04,1.001590336032034,0.2688653407134975,166.39976811487418,160.6884127437941,931,0.5639097744360902,0.9958701332293003,ratio_common,SMARCA5
0.7950819672131147,0.046023360908226056,0.01,1.0031870139374635,0.23240595269476566,222.07536021174104,215.0600329516683,1133,0.5489849955869374,0.9937156198955956,ratio_common,SOX2
0.5245901639344263,0.02302571557834601,0.01,1.1160990041067802,1.0842884196022942,21.002762123326452,9.880173346383751,6,,,ratio_common,SRC
0.8852459016393442,0.05772427361682483,0.01,1.0372917425660186,0.6301331223099346,38.74203757330935,29.254291616807656,59,0.6610169491525424,0.9888984338367953,ratio_common,SSBP1
0.8442622950819672,0.049346709361376064,0.02,1.0041655098659712,0.3464944943757799,105.05967311041701,96.7523509635953,445,0.5235955056179775,0.994972489077449,ratio_common,STAG2
0.2622950819672131,0.004773197374906257,0.0,1.190838657541687,1.241015132851091,19.068816089098043,7.5422348030052815,8,,,ratio_common,STAT1
0.680327868852459,0.03535435528660205,0.03,1.0687966725216054,0.6689313277670561,36.347274737974566,25.95918969962473,68,0.5147058823529411,0.9967628186634968,ratio_common,STAT6
0.360655737704918,0.013916288384850923,0.03,1.1129662871418216,0.9353546749662633,24.547339075808452,13.277049082877419,19,0.3684210526315789,1.0105246650596122,ratio_common,STX4
0.4508196721311475,0.01965825097633346,0.01,1.1193524773435761,0.8531953339438479,27.037877315171254,15.957221000842587,18,0.5555555555555556,0.9919700001159459,ratio_common,SV2A
0.8934426229508197,0.05783559208353395,0.01,1.0042280366298215,0.32962530309475746,114.44842159717098,106.90871731150742,519,0.5857418111753372,0.9849047706557077,ratio_common,TADA1
0.24590163934426235,0.004041502466266509,0.02,1.1366903777657793,1.0753587338657202,21.57356669525227,10.044942840033457,4,,,ratio_common,TARBP2
0.30327868852459017,0.008966644490260632,0.0,1.1611024300379913,1.131065891947429,20.511606766103974,9.079844081761223,6,,,ratio_common,TCF3
0.2213114754098361,0.0028397315871940805,0.03,1.1141485812507996,0.8690222383544708,26.921298318207015,15.38127803967939,45,0.4666666666666667,1.0246261967135266,ratio_common,TET1
0.7622950819672132,0.04346898638834141,0.02,1.0342681278221553,0.5140874352384666,53.60371041719292,43.95216012740541,93,0.6236559139784946,0.9847475622498242,ratio_common,TFAM
0.9426229508196722,0.061914705647427966,0.02,1.0217810646134462,0.4752472218244999,60.01913513087885,51.4298230003904,258,0.5930232558139535,0.9811607281117724,ratio_common,TGFBR2
0.4098360655737705,0.017181733571580662,0.01,1.1644161630415943,1.1902837247127496,19.479439098164093,8.198855126981474,6,,,ratio_common,TMBIM6
0.42622950819672134,0.01835561790079069,0.02,1.0333034207061393,0.3711987703059366,94.76976410990521,84.30263426260876,254,0.5196850393700787,0.9960565139221293,ratio_common,TMSB10
0.1885245901639344,4.5497216174224695e-05,0.01,1.1827350112258086,1.318851031469797,18.293385031722835,6.678250672178237,0,,,ratio_common,TMSB4X
0.15573770491803274,-0.0010210902970843713,0.0,1.1826377224065758,1.2040677797843657,19.647847392921875,8.012210174475577,1,,,ratio_common,TRAM2
0.8360655737704918,0.04904703425330411,0.03,1.0256414089343913,0.4896158552738495,57.744213983543474,48.455519812672556,221,0.5384615384615384,0.9929648989773023,ratio_common,TRAPPC6A
0.7295081967213115,0.04061348919462593,0.02,1.1336669951175737,1.1083452534354328,20.22056822257742,9.455926150273223,3,,,ratio_common,TSC22D4
0.008196721311475419,-0.023247007852828506,0.0,1.2295556148841635,1.2601583063979624,19.359335972225317,7.314825838630052,4,,,ratio_common,TWF2
0.9016393442622951,0.058223737100345584,0.01,1.0650377273662754,0.8679185811651996,25.477862246630092,15.420421000084424,24,0.7083333333333334,0.9685115259220619,ratio_common,TXNDC9
0.6639344262295082,0.03287478227023244,0.02,1.0733909042820229,0.6950817140754794,34.5598124698615,24.042657867481203,36,0.5555555555555556,0.9853422691088233,ratio_common,UBE3C
0.6229508196721312,0.029587022303529848,0.02,1.057713290102188,0.6934527234996749,34.780466938934794,24.15574781099572,47,0.5531914893617021,0.9863741812152466,ratio_common,UQCRQ
0.7131147540983607,0.038941028317527625,0.03,1.081294449473551,0.8567067028394613,26.38662856845406,15.826681899792487,20,0.7,0.9673094133132775,ratio_common,USP22
0.25409836065573765,0.004727127520050689,0.02,1.1914198894954076,1.2747351213060916,18.678274327590398,7.148489770333529,4,,,ratio_common,WFS1
0.23770491803278693,0.003579794277861403,0.01,1.0615913491426363,0.5973209915321092,44.033275645899515,32.55657037688374,103,0.4174757281553398,1.005324065556831,ratio_common,WSB2
0.9590163934426229,0.06432839665722526,0.02,1.0471552038674652,0.6774048104345448,34.72358529044399,25.313817835146892,14,0.5714285714285714,1.003248291554017,ratio_common,XRCC4
0.08196721311475408,-0.0132983991833702,0.01,1.21489516936356,1.302045306536205,18.70497171986266,6.851757919079917,2,,,ratio_common,ZNF286A
0.5081967213114754,0.022900726240001053,0.03,1.1772094914121816,1.1805503661573131,19.499883581468996,8.334607696182072,3,,,ratio_common,ZNF426
0.3688524590163934,0.014648493155485729,0.01,1.1762214106398683,1.1887663498004555,19.549461618165843,8.219798985184106,8,,,ratio_common,ZNF562
0.5573770491803278,0.02538310308905109,0.0,1.094145682682819,0.8828673709824605,25.850644019713055,14.902642054461282,21,0.6666666666666666,0.9831332232469049,ratio_common,ZNF593
0.10655737704918034,-0.0063763959890377,0.01,1.2035442264568608,1.0150187190424675,23.036608218183215,11.274728689325888,8,,,ratio_common,ZNF714
0.6639344262295082,0.06594584164130714,0.01,1.028948899400724,0.19373078700932994,63.74812581981932,62.99345551498004,308,0.4902597402597403,1.002974805469616,log1p_common,ACAT2
0.4180327868852459,0.03508541130094599,0.02,1.1355279948702337,0.41371651165346507,15.776212516195484,13.812968118568701,24,0.5,0.9902400390664389,log1p_common,ACVR1B
0.2704918032786885,0.018600149323608022,0.01,1.1052949340600937,0.34620753980193697,21.83532691060251,19.72512091528857,49,0.5102040816326531,1.0012151349931346,log1p_common,AKT2
0.3114754098360656,0.01981099104556774,0.01,1.209986776439676,0.6178803164843572,8.405393852435076,6.192756404375936,2,,,log1p_common,ANTXR1
0.2786885245901639,0.01864415880590309,0.03,1.0528752096748881,0.22104332676073335,50.35344159890806,48.38802555772017,217,0.4930875576036866,1.0061037544716032,log1p_common,ARID1A
0.35245901639344257,0.025466187937227408,0.02,1.062938624532052,0.29918717139201384,28.374100967530595,26.41233409544507,64,0.671875,0.973832030412798,log1p_common,ATM
0.040983606557377095,-0.034905461139449624,0.01,1.2326422082791328,0.5789630523153558,9.702603597317202,7.053278287402917,2,,,log1p_common,ATP1B1
0.7049180327868853,0.07426291682692397,0.01,1.059056267936699,0.2954356312903924,28.26303518666802,27.087378263499872,74,0.5945945945945946,0.9942652057808034,log1p_common,BIRC2
0.7786885245901639,0.0922333228805078,0.02,1.0452291213393532,0.2985352504792705,27.431179886799363,26.52781495402035,63,0.7142857142857143,0.9641091363683851,log1p_common,C1QBP
0.42622950819672134,0.03516446659648098,0.03,1.171762074795419,0.5615049710237995,9.566814461356453,7.498691845734399,1,,,log1p_common,CALM3
0.08196721311475408,-0.026140102452947775,0.01,1.2257233233513285,0.601796422024974,9.09783778206582,6.528200962092747,2,,,log1p_common,CAMSAP2
0.7213114754098361,0.0782462749648106,0.01,1.1533880390010434,0.5633100607080016,9.158148353344192,7.450710725090044,2,,,log1p_common,CASP2
1.0,0.16837569782647394,0.05,0.9977608131261613,0.1607640738858953,88.88946532043076,91.47758942064371,407,0.6461916461916462,0.9814103761461491,log1p_common,CASP3
0.032786885245901676,-0.03506514328304001,0.03,1.1756277509529673,0.45552201749269455,14.122177013778202,11.393941129561444,7,,,log1p_common,CDCA2
0.39344262295081966,0.029726002413815362,0.01,1.1518630081331935,0.4330177208404491,14.648663827812065,12.609021293969683,5,,,log1p_common,CENPO
0.1311475409836066,-0.006182418043233446,0.01,1.1964600711501074,0.5621634343626677,9.897383774935165,7.481135663140309,3,,,log1p_common,CLDN6
0.049180327868852514,-0.030696545898340234,0.01,1.1723294761383187,0.4943667686577867,12.331585785454363,9.673734820860822,6,,,log1p_common,CLDN7
0.016393442622950838,-0.041741302401514364,0.02,1.2244252054596416,0.5799588520743343,9.733647346761828,7.029077870685338,4,,,log1p_common,CREG1
0.5573770491803278,0.053261276382431964,0.01,1.1057187146096776,0.3827741354947733,17.842731479603433,16.136433374893258,27,0.7037037037037037,0.9676254160386137,log1p_common,DAXX
0.5655737704918034,0.05394308500788507,0.02,1.1196399389363516,0.3987726595634922,16.59224762901633,14.867637654619715,30,0.7,0.9911038969321533,log1p_common,DHCR24
0.860655737704918,0.09926525692316936,0.04,1.005569326208087,0.09583650123563171,254.87978398007021,257.41320220865396,1355,0.5918819188191882,0.989633283690393,log1p_common,DHX36
0.639344262295082,0.061302443244139616,0.01,1.0784412788997164,0.3005027228537868,27.5812181709465,26.18158259644693,83,0.5301204819277109,0.9872130551117669,log1p_common,DLG5
0.8442622950819672,0.09677006562399851,0.04,1.00218092328134,0.08936067544039797,293.3173889023965,296.0737007986536,1249,0.522017614091273,0.9962609246717054,log1p_common,DNMT1
0.05737704918032782,-0.03058902237693651,0.01,1.2374221661635652,0.5761336766822299,9.738024369106672,7.122725282478875,1,,,log1p_common,DZIP3
0.06557377049180324,-0.027956955070674517,0.0,1.2282509986320944,0.5555151905777419,10.263484503710654,7.661271256088746,4,,,log1p_common,EID2
0.21311475409836067,0.007911434142448595,0.06,1.0555635383683872,0.2372144085271706,44.22214620145023,42.01560178119702,121,0.4628099173553719,0.995089575052768,log1p_common,EIF4B
0.4590163934426229,0.03994665492428028,0.02,1.0409256695098905,0.2214412881826887,49.72551667394433,48.21426153907538,168,0.5059523809523809,0.9974895883122957,log1p_common,EWSR1
0.3688524590163934,0.026987450379547175,0.01,1.1294676671756376,0.3819796966505971,18.23379512549662,16.203624068291273,32,0.625,0.9910007259543138,log1p_common,FOXH1
0.2295081967213115,0.015187613387743605,0.02,1.060221461683774,0.2184206775202151,51.5924803459023,49.55702396914154,210,0.47619047619047616,1.0036841195836999,log1p_common,GSK3B
0.6147540983606558,0.05829449836865867,0.05,1.1042780322263435,0.4034048496017205,16.209105625490615,14.528155782774952,21,0.8095238095238095,0.9490215094898896,log1p_common,HAT1
0.5081967213114754,0.04663251655881183,0.02,1.1010625628964297,0.34997984403620497,21.03639859024736,19.302192887177647,30,0.5333333333333333,0.999540102531656,log1p_common,HIRA
0.7131147540983607,0.07448733513148574,0.03,1.0910785508189798,0.36662936284252823,18.992449932486746,17.5888817695471,26,0.6923076923076923,0.9791531753357366,log1p_common,HMGB2
0.139344262295082,-0.0045561220168454835,0.01,1.2008430811812087,0.5223310120940988,11.071140392050536,8.665649004259743,3,,,log1p_common,HMGN1
0.4098360655737705,0.03362454862616353,0.01,1.1907457637029724,0.6054441905358158,8.551413867192789,6.449773819997329,0,,,log1p_common,IDE
0.38524590163934425,0.02745844273306897,0.01,1.1902223648512935,0.5543386049147289,9.823854481147487,7.693827921327384,6,,,log1p_common,IGF2R
0.8360655737704918,0.09638348092098831,0.04,1.1083534762593232,0.41623570389576164,14.915590271040497,13.646273051761941,12,0.75,0.9781437774157884,log1p_common,IKBKG
0.819672131147541,0.09618491728326452,0.05,1.021972196211159,0.18616945650592195,68.13562612522492,68.21436740295266,211,0.6540284360189573,0.9804384307603197,log1p_common,INSIG1
0.4918032786885246,0.04333338015953147,0.05,1.1797725761576288,0.49194062631449886,11.71711698381187,9.769387549995765,4,,,log1p_common,IRF3
0.9918032786885246,0.13852871997381538,0.04,1.0018259034636148,0.12415507536418303,150.46657230901806,153.37824425186463,725,0.6537931034482759,0.9800234737322778,log1p_common,KAT2A
0.7459016393442623,0.08720520658896148,0.01,1.055987834012546,0.31346695295007565,25.10955105810455,24.06075179443121,43,0.5348837209302325,0.9971946320625084,log1p_common,KDM2B
0.4672131147540983,0.040208961791193064,0.0,1.1734664711253948,0.48353526351056453,12.083027687085206,10.11198493030455,6,,,log1p_common,KDR
0.14754098360655743,-0.002239205837237939,0.01,1.2118233610520468,0.5944359096711067,9.072929053773144,6.69087079597112,2,,,log1p_common,KIF1B
0.48360655737704916,0.04268733543632207,0.0,1.1234040847125695,0.4216192384132569,15.185511793232822,13.300007286384627,15,0.6666666666666666,0.9949316271761368,log1p_common,KLF10
0.024590163934426257,-0.0383689079920948,0.0,1.2480437975537473,0.6319421834066963,8.571563198890207,5.920222444335906,2,,,log1p_common,LAD1
0.9426229508196722,0.1233841539257446,0.02,1.0242706467420344,0.22363972082779457,47.026497022691494,47.27100491269485,95,0.6210526315789474,0.9860367925563447,log1p_common,LRPPRC
0.7950819672131147,0.09284605652109319,0.02,1.0300262794449493,0.20690205498156614,55.4708459802582,55.22848238108435,188,0.5691489361702128,0.9939620215243616,log1p_common,LZTR1
0.30327868852459017,0.019162164977859174,0.03,1.191630835531288,0.5713846208192064,9.44728803387099,7.241618203713607,3,,,log1p_common,MAP1B
0.23770491803278693,0.015331429602449029,0.01,1.17605943691486,0.5375307613936225,10.411881530651822,8.182501097657678,1,,,log1p_common,MAP3K7
0.6475409836065573,0.06131125874945756,0.0,1.1757548781007336,0.5347008568303198,10.09139767291585,8.269342076753372,5,,,log1p_common,MAPKAPK2
0.4508196721311475,0.0391000645742017,0.01,1.1604851274621963,0.5479585905969896,9.900873704910472,7.87403313204214,0,,,log1p_common,MAST2
0.9754098360655737,0.13412381637238227,0.04,1.002267126214072,0.1132720171405403,181.03225473275148,184.26695059851897,877,0.5598631698973774,0.9916327940526313,log1p_common,MAU2
0.7868852459016393,0.09281865487900583,0.01,1.0114909319923526,0.14450323719594196,112.55075513017385,113.22375789941742,369,0.5311653116531165,0.9976297266046046,log1p_common,MBTPS1
0.8032786885245902,0.09349927458626872,0.02,1.024901324165692,0.19604542920799836,61.62385423680744,61.51475170519875,297,0.5218855218855218,0.9991776356902434,log1p_common,MED1
0.7704918032786885,0.09197810538764174,0.02,1.0563505245913871,0.2941135502661777,28.216953823744234,27.331448610164685,63,0.6349206349206349,0.980447362084245,log1p_common,MED12
0.7622950819672132,0.09139227828649274,0.01,1.051984482154916,0.2706243486549689,33.04928384046566,32.28189205061412,111,0.6036036036036037,0.9810042364972489,log1p_common,MED13
0.6721311475409837,0.0669038018535769,0.03,1.1007073651962829,0.40834508457816904,15.76827731851167,14.178753537119377,16,0.25,1.0326688572369627,log1p_common,MED13L
0.9098360655737705,0.11849286161146433,0.01,1.0114078480046345,0.1392223948435524,120.31583973528316,121.97603662753404,627,0.5518341307814992,0.9899165023248933,log1p_common,MED24
0.5983606557377049,0.057820222634455735,0.01,1.0034100412981641,0.06731493044146603,520.0616622497831,521.7589591021322,2934,0.5248807089297887,0.996703820127569,log1p_common,METTL14
0.9180327868852459,0.11957784374774948,0.03,1.0272351925691763,0.23869290947720498,41.49212768974152,41.49671149249956,79,0.5569620253164557,0.9930839414661916,log1p_common,METTL17
0.5819672131147541,0.05697512119223035,0.01,1.003354855467354,0.06763638429197891,515.1923293298994,516.8112415279878,2854,0.5175192711983182,0.9968583878896209,log1p_common,METTL3
0.10655737704918034,-0.009496826250823789,0.01,1.2070318934640563,0.5580752446288229,10.035855062729802,7.591143498909098,5,,,log1p_common,MKI67
0.20491803278688525,0.0062722621817739984,0.02,1.1075070025827916,0.28014057002464393,32.38432337368463,30.12594658665021,27,0.48148148148148145,1.0071357697139043,log1p_common,MTA1
0.180327868852459,0.003688870249291117,0.0,1.213099186122008,0.6028395641173225,8.840939867399873,6.505627959900664,2,,,log1p_common,NCK2
0.6065573770491803,0.05783363178540922,0.01,1.0927767097300092,0.390269420360717,17.18610732252581,15.52257157290596,17,0.5294117647058824,1.006079696161115,log1p_common,NDUFB4
0.5901639344262295,0.05780236289182289,0.03,1.0941686098510524,0.39853757441669413,16.563626607096097,14.885182758767087,12,0.5833333333333334,1.0042900407458952,log1p_common,NDUFB6
0.4426229508196722,0.03858861897009589,0.0,1.1580945817398058,0.4316283875570553,14.631831881150028,12.690324226318992,6,,,log1p_common,NISCH
0.6885245901639344,0.07282668906525883,0.01,1.034268672496079,0.22451663541388944,47.7329252588294,46.90246490662895,138,0.5869565217391305,0.9903239744537483,log1p_common,NIT1
0.17213114754098358,0.002760140433463165,0.0,1.197814930507429,0.526197185216071,10.878220330553699,8.538777098219047,5,,,log1p_common,NRAS
0.5245901639344263,0.049944034619477294,0.01,1.0499488733027158,0.2297539737993927,46.124878288577705,44.788514093946645,128,0.5078125,0.997593372763141,log1p_common,OXCT1
0.3770491803278688,0.02743394505456156,0.03,1.1240810800650503,0.4218460583914403,15.342446622174304,13.285708722799463,18,0.5,0.9944710614890614,log1p_common,PAGR1
0.43442622950819676,0.03751306265306037,0.01,1.179121932699476,0.5561164121212085,9.689998771252581,7.64471489712024,4,,,log1p_common,PBX1
0.8114754098360656,0.0941464804858334,0.01,1.042981610227504,0.22370008208128084,47.619709526469066,47.24549797390515,116,0.5603448275862069,0.9881378719768652,log1p_common,PHF10
0.9508196721311475,0.12392409986548757,0.0,1.0693358782472906,0.3956133387457981,15.98911543025089,15.106048180617183,24,0.625,0.9940507737665735,log1p_common,PHF14
0.008196721311475419,-0.041813248551567726,0.02,1.2217676400995576,0.5839063136046565,9.637211220709702,6.9343598555527795,2,,,log1p_common,PLCB3
0.3278688524590164,0.02042454685938657,0.02,1.2117176275200228,0.5029276442529628,11.51941963708513,9.347203583334098,1,,,log1p_common,PMS1
0.29508196721311475,0.018799366042370966,0.02,1.1838051666247857,0.5082749051576515,11.340920659734202,9.151565276077248,3,,,log1p_common,POLB
0.07377049180327866,-0.027856743284553755,0.01,1.2225185716628746,0.5178547551794378,11.434709658164142,8.816105543913617,6,,,log1p_common,PRCP
0.9262295081967213,0.11982063293781446,0.05,1.0455558550469928,0.29358712095910083,27.86397618824398,27.429552199261032,104,0.5673076923076923,0.9860652922419807,log1p_common,PRR12
0.16393442622950816,0.0016432335703093566,0.01,1.2271085970743767,0.6290894257437886,8.32593262398786,5.9740375389209905,2,,,log1p_common,PTPN1
0.1885245901639344,0.00470260927679877,0.01,1.2197402002011084,0.6281802629426259,8.320190866970332,5.991342454168576,0,,,log1p_common,RAB3B
0.15573770491803274,-0.0006872348669086914,0.01,1.1240170893043524,0.38560346835235204,18.273176260400575,15.900502690749565,38,0.5,1.0152633624508076,log1p_common,RAF1
0.7540983606557377,0.08918432962378142,0.04,1.0223099093803163,0.1736399288936214,78.3495984514788,78.41398389155121,369,0.5853658536585366,0.9870673487350502,log1p_common,RNF2
0.09836065573770492,-0.02130996591177284,0.01,1.1968906742757062,0.4663909821816754,13.449367893740465,10.869071071300136,4,,,log1p_common,RRM1
0.5163934426229508,0.04942434973558884,0.01,1.0402533990259537,0.22919091388944274,46.35341158755796,45.00885087723821,163,0.5398773006134969,0.9957174780706224,log1p_common,SAFB
0.680327868852459,0.0671454964926495,0.04,1.0132545596806133,0.10881507404916087,199.11729626720154,199.670816517702,1125,0.5173333333333333,0.9945873553693765,log1p_common,SIN3B
0.34426229508196726,0.02213265132011419,0.02,1.1361483117799251,0.43613263826405796,14.553840869365072,12.429553860157547,25,0.52,1.0134912685986621,log1p_common,SIX4
0.8770491803278688,0.10152404363887327,0.02,1.0611560138052654,0.3488290676011661,20.41781218354203,19.42975764584817,20,0.65,0.9834432181340774,log1p_common,SLC25A3
0.360655737704918,0.026786993828204552,0.0,1.077733701896754,0.27040136598004266,34.230979348927946,32.335155617567125,79,0.46835443037974683,1.001589084280313,log1p_common,SMAGP
0.9836065573770492,0.13490820964075514,0.02,0.997850024092407,0.07025533638343169,472.2827535000123,478.99842202935355,2187,0.572930955647005,0.9922468364490509,log1p_common,SMARCA4
0.8934426229508197,0.11442331503101218,0.03,1.0050601000482067,0.12129812241891043,158.59216297475479,160.6884127437941,931,0.5628356605800214,0.9900213216027597,log1p_common,SMARCA5
0.8524590163934427,0.09766143320363672,0.02,1.0075336970159974,0.10484953406803316,213.0199548244908,215.0600329516683,1133,0.5507502206531333,0.9931851723371214,log1p_common,SOX2
0.5327868852459017,0.05079754787558415,0.01,1.1273459091078297,0.48917480069874764,11.753397154092426,9.880173346383751,6,,,log1p_common,SRC
0.8852459016393442,0.11380437178636836,0.02,1.0447775130079056,0.2842834424374863,29.72562735785996,29.254291616807656,59,0.6610169491525424,0.9891401299736975,log1p_common,SSBP1
0.9016393442622951,0.11509033581152225,0.03,1.0086411221443008,0.15632037764606485,95.6352609893289,96.7523509635953,445,0.5213483146067416,0.9942982104359663,log1p_common,STAG2
0.25409836065573765,0.016921056288613495,0.0,1.199299226309484,0.5598817798858633,9.76357398742665,7.5422348030052815,8,,,log1p_common,STAT1
0.6311475409836065,0.06094124580287293,0.03,1.0769800980547035,0.30178718413466116,27.368590183663628,25.95918969962473,68,0.5147058823529411,0.9946721910050339,log1p_common,STAT6
0.540983606557377,0.05149800130537225,0.04,1.1222275571912297,0.42198360550331165,15.064239982177693,13.277049082877419,19,0.3684210526315789,1.0081067523092109,log1p_common,STX4
0.5491803278688525,0.052150298377455814,0.04,1.1260496309132069,0.38491756426963153,17.68083064698783,15.957221000842587,18,0.5555555555555556,0.9915222645287933,log1p_common,SV2A
0.9590163934426229,0.12631654274313867,0.02,1.0089843088368933,0.14870987186765774,105.25650639879963,106.90871731150742,519,0.5876685934489403,0.9852960387945899,log1p_common,TADA1
0.33606557377049184,0.020980899100344577,0.03,1.1455214601620192,0.4851461887892954,12.204698145174557,10.044942840033457,4,,,log1p_common,TARBP2
0.2213114754098361,0.01361675121245182,0.01,1.1688522853709413,0.5102783745246264,11.317910807477517,9.079844081761223,6,,,log1p_common,TCF3
0.19672131147540983,0.0059088133831166605,0.04,1.123561512863312,0.3920578441718962,17.674259904243094,15.38127803967939,45,0.4666666666666667,1.0207379047548475,log1p_common,TET1
0.7377049180327868,0.08539715739611234,0.02,1.0410522126959139,0.2319296361818076,44.575361886710795,43.95216012740541,93,0.6236559139784946,0.9869049736669062,log1p_common,TFAM
0.9344262295081968,0.1227796173904941,0.02,1.027225585882265,0.21440694266927995,51.08630944435399,51.4298230003904,258,0.5968992248062015,0.9813711110774561,log1p_common,TGFBR2
0.4016393442622951,0.032929217169482744,0.0,1.1728297697859942,0.5369943949275858,10.273143911814994,8.198855126981474,6,,,log1p_common,TMBIM6
0.5,0.04565481066489964,0.02,1.0381977937201305,0.16746566799138998,85.37778986667026,84.30263426260876,254,0.5196850393700787,0.9969645840813453,log1p_common,TMSB10
0.24590163934426235,0.016297745848603815,0.01,1.1927534563841629,0.5949973077340525,8.912977442462914,6.678250672178237,0,,,log1p_common,TMSB4X
0.11475409836065575,-0.008673632482962951,0.0,1.191922960162659,0.5432130469675583,10.451957617912228,8.012210174475577,1,,,log1p_common,TRAM2
0.8278688524590164,0.09626741997599214,0.05,1.0296020905319632,0.220889326209332,48.759006587386914,48.455519812672556,221,0.5384615384615384,0.9931958625174343,log1p_common,TRAPPC6A
0.7295081967213115,0.07921916042810016,0.02,1.1418609316120343,0.5000279986883424,11.07103997098417,9.455926150273223,3,,,log1p_common,TSC22D4
0.0,-0.059715862745307546,0.0,1.238527645402809,0.5685181887372713,10.17574228861442,7.314825838630052,4,,,log1p_common,TWF2
0.9672131147540983,0.12891652736163062,0.03,1.0732614059613792,0.391559931185055,16.227866419050752,15.420421000084424,24,0.7083333333333334,0.9666379050045747,log1p_common,TXNDC9
0.6229508196721312,0.059251845518778226,0.04,1.0812846553501376,0.3135848846167066,25.513455767680473,24.042657867481203,36,0.5555555555555556,0.987116019855276,log1p_common,UBE3C
0.6557377049180328,0.06333447024811463,0.02,1.0660700763604838,0.31284996840266865,25.56274110023299,24.15574781099572,47,0.5531914893617021,0.9881946999733006,log1p_common,UQCRQ
0.6967213114754098,0.07404255044307276,0.05,1.0902240927798799,0.3865017121297751,17.285085764370614,15.826681899792487,20,0.7,0.9646599853601677,log1p_common,USP22
0.319672131147541,0.020156284452752166,0.01,1.2011090560279862,0.5750944929738525,9.347008796225694,7.148489770333529,4,,,log1p_common,WFS1
0.28688524590163933,0.018771411898926105,0.01,1.0649193086136308,0.2694803077331322,34.59144016938385,32.55657037688374,103,0.4368932038834951,1.0045197791619194,log1p_common,WSB2
0.8688524590163934,0.09927325822823312,0.01,1.053652172431483,0.30560998083723356,26.14207743149409,25.313817835146892,14,0.5714285714285714,1.003077316640597,log1p_common,XRCC4
0.0901639344262295,-0.022360328091884756,0.01,1.22390572498186,0.5874154346859173,9.39599718271545,6.851757919079917,2,,,log1p_common,ZNF286A
0.47540983606557374,0.040291457590398594,0.03,1.1852483763273058,0.5326032074488599,10.341143308247341,8.334607696182072,3,,,log1p_common,ZNF426
0.2622950819672131,0.018230097393403446,0.01,1.1844437314680885,0.5363098339225176,10.423315654820748,8.219798985184106,8,,,log1p_common,ZNF562
0.5737704918032787,0.055386930708039885,0.02,1.1018735232883263,0.3983040512432848,16.609358782265094,14.902642054461282,21,0.6666666666666666,0.9787201533946771,log1p_common,ZNF593
0.12295081967213117,-0.008051778607844843,0.01,1.2141212082920088,0.457923897937798,13.722117133750633,11.274728689325888,8,,,log1p_common,ZNF714
