retrieval,cosine,signed_top100,normalized_absolute_error,norm_ratio,squared_error,truth_energy,strong_genes,strong_direction,strong_normalized_absolute_error,model,seed,target_gene
0.5491803278688525,0.0028700184283917316,0.0,1.0216094979572956,0.12965205893870008,64.00547364867232,62.99345551498004,308,0.5064935064935064,1.0001186607241581,unchanged,20260925,ACAT2
0.5655737704918034,0.005249361996751736,0.0,1.0606954383807625,0.275736604143151,14.823190486799442,13.812968118568701,24,0.3333333333333333,1.0174734037041882,unchanged,20260925,ACVR1B
0.2622950819672131,-0.004228604221493515,0.0,1.0582627527459796,0.23129181909114171,20.818918097462287,19.72512091528857,49,0.4489795918367347,1.0056639191516827,unchanged,20260925,AKT2
0.9016393442622951,0.00966616754464582,0.0,1.0931024185534728,0.4132953334486009,7.201080006302066,6.192756404375936,2,,,unchanged,20260925,ANTXR1
0.8278688524590164,0.006063459047756863,0.0,1.02819541454334,0.14628353852090192,49.33763596977481,48.38802555772017,217,0.5529953917050692,0.9945431556919369,unchanged,20260925,ARID1A
0.42622950819672134,-0.0008872107766043635,0.0,1.0370430869468648,0.19688067721187408,27.44535614851217,26.41233409544507,64,0.515625,1.0051447659594985,unchanged,20260925,ATM
0.5573770491803278,-0.0006141950985414198,0.0,1.0983629426677823,0.3875522208993259,8.116015400484676,7.053278287402917,2,,,unchanged,20260925,ATP1B1
0.016393442622950838,-0.011617272331137891,0.0,1.0463085187048706,0.19863211802272782,28.281114828489265,27.087378263499872,74,0.4864864864864865,1.0015088907941425,unchanged,20260925,BIRC2
0.6065573770491803,0.002377998804148562,0.0,1.03708872052219,0.19956155519956514,27.559102330741762,26.52781495402035,63,0.5714285714285714,0.985914889514337,unchanged,20260925,C1QBP
0.4918032786885246,-0.00348159913272087,0.0,1.0877182894817605,0.37786529749813735,8.589101627942195,7.498691845734399,1,,,unchanged,20260925,CALM3
0.1885245901639344,-0.0071569255699212965,0.01,1.0992776248650284,0.4004607183198099,7.612541161071306,6.528200962092747,2,,,unchanged,20260925,CAMSAP2
0.6475409836065573,0.0007502464679588491,0.0,1.087363994458393,0.37887581214280647,8.51600127848878,7.450710725090044,2,,,unchanged,20260925,CASP2
0.48360655737704916,-0.002231646643621769,0.0,1.0167533963512803,0.10708026292709455,92.57020811558795,91.47758942064371,407,0.48402948402948404,1.00124587635201,unchanged,20260925,CASP3
0.4918032786885246,8.684511176293441e-05,0.0,1.068373646200143,0.30208374222843953,12.433092696659493,11.393941129561444,7,,,unchanged,20260925,CDCA2
0.35245901639344257,-0.0031793733688199066,0.0,1.0738516151254685,0.2942727910951772,13.724512176722541,12.609021293969683,5,,,unchanged,20260925,CENPO
0.5491803278688525,1.924216389844548e-05,0.01,1.0862708298291228,0.3776040359687332,8.547723240492822,7.481135663140309,3,,,unchanged,20260925,CLDN6
0.9672131147540983,0.013071307684732822,0.01,1.0689329571676147,0.32703904895725316,10.625677568677418,9.673734820860822,6,,,unchanged,20260925,CLDN7
0.008196721311475419,-0.014497205494339386,0.0,1.0960098035478243,0.3888693470078075,8.171263709003007,7.029077870685338,4,,,unchanged,20260925,CREG1
0.4508196721311475,-0.00027283143972932914,0.01,1.057046618100097,0.25500040722877426,17.187953598444615,16.136433374893258,27,0.6296296296296297,0.9828581882532949,unchanged,20260925,DAXX
0.4098360655737705,-0.0027443007376679036,0.0,1.0676523186660207,0.2645471473370461,15.929739866407488,14.867637654619715,30,0.4,0.9991871201147672,unchanged,20260925,DHCR24
0.8360655737704918,0.007034426510945489,0.0,1.006813793151089,0.0635483645504368,258.22259736108134,257.41320220865396,1355,0.5335793357933579,0.9985211065924288,unchanged,20260925,DHX36
0.2622950819672131,-0.005672364487780182,0.0,1.049370871964385,0.19973367387563468,27.28538410835319,26.18158259644693,83,0.6265060240963856,0.9922798748181412,unchanged,20260925,DLG5
0.4098360655737705,-0.00219473637292316,0.0,1.0076579230953884,0.059281531137278805,297.19123530476895,296.0737007986536,1249,0.4859887910328263,1.0000892538436197,unchanged,20260925,DNMT1
0.9590163934426229,0.011254099275826657,0.01,1.089029828756728,0.3855692363319436,8.119801171203282,7.122725282478875,1,,,unchanged,20260925,DZIP3
0.5901639344262295,0.0012371578091242472,0.0,1.091877269701992,0.3656241499323587,8.67850688576532,7.661271256088746,4,,,unchanged,20260925,EID2
0.8032786885245902,0.004981730894957742,0.0,1.0292005834638642,0.15686125800681497,42.98374935712743,42.01560178119702,121,0.5619834710743802,0.9956627211370925,unchanged,20260925,EIF4B
0.09836065573770492,-0.010043953909988138,0.01,1.0273295157173075,0.14492789631732006,49.36732456899374,48.21426153907538,168,0.4583333333333333,1.0052462341497228,unchanged,20260925,EWSR1
0.049180327868852514,-0.01221799727569989,0.0,1.065741612878213,0.2547411997530531,17.355992325955807,16.203624068291273,32,0.40625,1.0076583150950973,unchanged,20260925,FOXH1
0.39344262295081966,-0.003151165980570958,0.0,1.032311771847479,0.14587787814568415,50.657176329874574,49.55702396914154,210,0.5333333333333333,0.9969196761233377,unchanged,20260925,GSK3B
0.4180327868852459,-0.0016814621738030608,0.01,1.0578279303543194,0.26666071781207323,15.574251255963196,14.528155782774952,21,0.42857142857142855,1.0118352465033336,unchanged,20260925,HAT1
0.25409836065573765,-0.005576417358111024,0.0,1.0630005818966033,0.23423832189230265,20.411683180072544,19.302192887177647,30,0.5333333333333333,1.0050302252971177,unchanged,20260925,HIRA
0.360655737704918,-0.0036411544022142586,0.0,1.0562653163670406,0.24318070343009993,18.660181361279303,17.5888817695471,26,0.6538461538461539,1.0020500226667644,unchanged,20260925,HMGB2
0.12295081967213117,-0.008310326806323296,0.0,1.0922695014689943,0.35097863920944866,9.783686702230412,8.665649004259743,3,,,unchanged,20260925,HMGN1
0.8852459016393442,0.008484789783436527,0.01,1.091739513973183,0.4056144580561523,7.466516047368329,6.449773819997329,0,,,unchanged,20260925,IDE
0.8934426229508197,0.008637067795774448,0.01,1.0906036344625147,0.3635179129004895,8.662217845285655,7.693827921327384,6,,,unchanged,20260925,IGF2R
0.6885245901639344,0.004003307140188631,0.01,1.0703977874249029,0.2764765601023433,14.659176499692194,13.646273051761941,12,0.5,0.9981439866526607,unchanged,20260925,IKBKG
0.4016393442622951,-0.0029964235130937886,0.01,1.0225206421995572,0.12381056569672576,69.3106428179492,68.21436740295266,211,0.5260663507109005,0.9969292055955686,unchanged,20260925,INSIG1
0.8114754098360656,0.007635525026330487,0.0,1.0869682815694544,0.3285251407273475,10.774773239688388,9.769387549995765,4,,,unchanged,20260925,IRF3
0.4590163934426229,-0.00028139843337992475,0.01,1.010570536132323,0.08296251008016921,154.44107405901624,153.37824425186463,725,0.4910344827586207,1.0002895411209691,unchanged,20260925,KAT2A
0.3770491803278688,-0.003164720817392106,0.0,1.0452241065450343,0.2071555789296837,25.12482923169902,24.06075179443121,43,0.4186046511627907,1.0011564113605165,unchanged,20260925,KDM2B
0.680327868852459,0.0030074004055095295,0.0,1.0884029056074598,0.32096501587055415,11.134185270776147,10.11198493030455,6,,,unchanged,20260925,KDR
0.008196721311475419,-0.015876444139862236,0.02,1.0996608309778617,0.39488674648144706,7.818110819221204,6.69087079597112,2,,,unchanged,20260925,KIF1B
1.0,0.018666221954502273,0.01,1.0615918094487478,0.2815306349637835,14.214373102054232,13.300007286384627,15,0.5333333333333333,0.9917295490301076,unchanged,20260925,KLF10
0.14754098360655743,-0.007464746289706925,0.0,1.1028286541229466,0.42377653402372295,7.0208706506032215,5.920222444335906,2,,,unchanged,20260925,LAD1
0.5081967213114754,-0.0001716624038724964,0.0,1.0322363349713504,0.1486218243853406,48.31756001385396,47.27100491269485,95,0.5157894736842106,1.0009262167144046,unchanged,20260925,LRPPRC
0.5163934426229508,0.0006737389369933835,0.01,1.0310184206743656,0.13830736309589348,56.27465125405105,55.22848238108435,188,0.48404255319148937,1.0005604182535126,unchanged,20260925,LZTR1
0.35245901639344257,-0.00427415243619759,0.01,1.0923949050921276,0.3835170023062198,8.330494792767698,7.241618203713607,3,,,unchanged,20260925,MAP1B
0.040983606557377095,-0.013164441527060115,0.0,1.0872224976948581,0.3573605138526186,9.304448336277648,8.182501097657678,1,,,unchanged,20260925,MAP3K7
0.35245901639344257,-0.0022511982696141993,0.0,1.0911963725160383,0.355383853424677,9.32697242411901,8.269342076753372,5,,,unchanged,20260925,MAPKAPK2
0.0,-0.028454874429573902,0.0,1.0905468221999701,0.365253668843644,9.08818334935196,7.87403313204214,0,,,unchanged,20260925,MAST2
0.7540983606557377,0.004097713827224677,0.0,1.008990760377619,0.07544662306190673,185.20189818127255,184.26695059851897,877,0.500570125427594,0.9992518726989437,unchanged,20260925,MAU2
0.319672131147541,-0.002143466414854597,0.0,1.0173669992240777,0.0968407995864371,114.33259104835318,113.22375789941742,369,0.4878048780487805,1.0019272950785405,unchanged,20260925,MBTPS1
0.4426229508196722,-0.0012838409021224872,0.0,1.0205222917042331,0.13151500541231595,62.59949578317823,61.51475170519875,297,0.5151515151515151,0.9972004465645895,unchanged,20260925,MED1
0.6147540983606558,0.004572304641442139,0.0,1.0371019600239928,0.1950462102482248,28.32247061298962,27.331448610164685,63,0.4126984126984127,1.0072238807139786,unchanged,20260925,MED12
0.7377049180327868,0.005955095842954101,0.0,1.0308862985012166,0.18008757083208773,33.25960259982877,32.28189205061412,111,0.43243243243243246,1.0037501133581268,unchanged,20260925,MED13
0.7295081967213115,0.003864759336323302,0.0,1.0564867725750478,0.27240920785321426,15.201058461376094,14.178753537119377,16,0.625,0.97268610743623,unchanged,20260925,MED13L
0.42622950819672134,-0.004429322814721088,0.01,1.0148953452613712,0.09119008351689017,123.08887913878314,121.97603662753404,627,0.507177033492823,1.0000798703731062,unchanged,20260925,MED24
0.15573770491803274,-0.010204282761102468,0.0,1.0043416318615601,0.04511893713297435,523.3015557815706,521.7589591021322,2934,0.5088616223585549,1.000415086861463,unchanged,20260925,METTL14
0.43442622950819676,-0.0012621242936407813,0.01,1.0310250534207734,0.16026421747025416,42.579326092305664,41.49671149249956,79,0.5063291139240507,1.001309531093704,unchanged,20260925,METTL17
0.23770491803278693,-0.006798117371582227,0.0,1.0040524932930777,0.045333688851624344,518.1919083517805,516.8112415279878,2854,0.4898388227049755,1.0003793797960165,unchanged,20260925,METTL3
0.3114754098360656,-0.003753710108284554,0.0,1.0881940638616407,0.36711391934593424,8.635143658358913,7.591143498909098,5,,,unchanged,20260925,MKI67
0.8688524590163934,0.00646360319695027,0.0,1.0518620347569243,0.18685939058441542,31.105065817500527,30.12594658665021,27,0.5925925925925926,0.9938556037723192,unchanged,20260925,MTA1
0.6065573770491803,0.002826300159694382,0.0,1.0898393211413178,0.4036438901855059,7.550735964641709,6.505627959900664,2,,,unchanged,20260925,NCK2
0.23770491803278693,-0.0035823225907862175,0.01,1.0614706510029124,0.2614527067271762,16.61273316385424,15.52257157290596,17,0.5882352941176471,1.0030184130064022,unchanged,20260925,NDUFB4
0.5737704918032787,0.0003475035734199742,0.01,1.0560057858248348,0.2663648101089084,15.938534006010974,14.885182758767087,12,0.4166666666666667,0.9942805556858574,unchanged,20260925,NDUFB6
0.17213114754098358,-0.004036872900679103,0.01,1.083424456569975,0.2881564422453816,13.773578386943413,12.690324226318992,6,,,unchanged,20260925,NISCH
0.639344262295082,0.00114651749642408,0.0,1.0227273215712185,0.15013254285358732,47.94348956311119,46.90246490662895,138,0.45652173913043476,1.0057150768745737,unchanged,20260925,NIT1
0.42622950819672134,-0.0015905843060071024,0.0,1.084708806602163,0.34663582700618556,9.574181554792341,8.538777098219047,5,,,unchanged,20260925,NRAS
0.3114754098360656,-0.0010556041178283767,0.0,1.0330363789738655,0.15660003636288095,45.9016961841482,44.788514093946645,128,0.546875,0.9957422451136154,unchanged,20260925,OXCT1
0.9754098360655737,0.013060419975741188,0.0,1.0605117824937236,0.2859668725633061,14.272934627768349,13.285708722799463,18,0.4444444444444444,1.0589903668930958,unchanged,20260925,PAGR1
0.5491803278688525,0.0014069618366621204,0.0,1.086424643920456,0.3778283754128348,8.727902968160626,7.64471489712024,4,,,unchanged,20260925,PBX1
0.180327868852459,-0.005429134600440773,0.0,1.0348445243544355,0.14803175813004885,48.35674846977926,47.24549797390515,116,0.45689655172413796,1.0016965804322877,unchanged,20260925,PHF10
0.2295081967213115,-0.004930545886606003,0.0,1.056332903046939,0.26235199209054094,16.18485635218993,15.106048180617183,24,0.625,0.9890050669212176,unchanged,20260925,PHF14
0.33606557377049184,-0.0012385322474126137,0.0,1.0920457495152507,0.3873110714082893,7.981235035256043,6.9343598555527795,2,,,unchanged,20260925,PLCB3
0.032786885245901676,-0.011996158570563829,0.01,1.0953546210324603,0.33544396632794593,10.474202766848663,9.347203583334098,1,,,unchanged,20260925,PMS1
0.7622950819672132,0.0047574004147411635,0.0,1.0851138245499807,0.34095731212419417,10.185763056540235,9.151565276077248,3,,,unchanged,20260925,POLB
0.4672131147540983,0.0012481493669078184,0.0,1.088992425227126,0.34285559234465984,9.844892933204225,8.816105543913617,6,,,unchanged,20260925,PRCP
0.06557377049180324,-0.008070915787485469,0.0,1.0470803684925558,0.1962492187498162,28.57285921041258,27.429552199261032,104,0.4519230769230769,1.0025939524306131,unchanged,20260925,PRR12
0.8770491803278688,0.011460608930248393,0.03,1.0937806679245559,0.4144542527604766,6.94345973310313,5.9740375389209905,2,,,unchanged,20260925,PTPN1
0.4098360655737705,-0.0030964119317383144,0.0,1.093254964153815,0.4176246096943449,7.051789639703761,5.991342454168576,0,,,unchanged,20260925,RAB3B
0.360655737704918,-0.0032087789818038928,0.0,1.0614926942208422,0.2576562374807761,16.982377036727485,15.900502690749565,38,0.5526315789473685,0.9997049311157165,unchanged,20260925,RAF1
0.139344262295082,-0.010679107028248192,0.0,1.0204171624329093,0.11496913283614424,79.64300051655378,78.41398389155121,369,0.46612466124661245,1.0053571765971565,unchanged,20260925,RNF2
0.639344262295082,0.0016438996412440326,0.0,1.0803649625411373,0.3126698239048775,11.920484391645845,10.869071071300136,4,,,unchanged,20260925,RRM1
0.3770491803278688,-0.0034690663371248673,0.0,1.0275609752763657,0.15371520481239173,46.12033817881837,45.00885087723821,163,0.4723926380368098,1.0041382205090144,unchanged,20260925,SAFB
0.8278688524590164,0.005737354616571061,0.0,1.0086712054243328,0.07160984253327392,200.53065245086287,199.670816517702,1125,0.5146666666666667,0.9983079317797132,unchanged,20260925,SIN3B
0.39344262295081966,-0.0009000784835688046,0.01,1.0675916747634544,0.29052858057962083,13.485194044619636,12.429553860157547,25,0.56,1.0025607036376876,unchanged,20260925,SIX4
0.28688524590163933,-0.005288917371642899,0.0,1.0535358359087164,0.2322859198488224,20.525864702928406,19.42975764584817,20,0.4,1.0036393200230316,unchanged,20260925,SLC25A3
0.9426229508196722,0.009903511749334414,0.01,1.0435337529648574,0.17950991420880394,33.26214801407001,32.335155617567125,79,0.6708860759493671,0.9931402518772168,unchanged,20260925,SMAGP
0.4016393442622951,-0.004246566675353959,0.0,1.003833853569434,0.046817376979965256,480.23878509648705,478.99842202935355,2187,0.5052583447645176,0.9994618592610148,unchanged,20260925,SMARCA4
0.10655737704918034,-0.010923510619657224,0.0,1.0109353910716596,0.08179496030555018,162.05063137095237,160.6884127437941,931,0.48549946294307195,1.0003574855940964,unchanged,20260925,SMARCA5
0.0,-0.02311451168003345,0.0,1.0098119634164486,0.06836684037128098,216.74493306468736,215.0600329516683,1133,0.4969108561341571,1.000742538250126,unchanged,20260925,SOX2
0.6885245901639344,0.00572911847673477,0.0,1.0669572812909494,0.3223119244499489,10.870086194643482,9.880173346383751,6,,,unchanged,20260925,SRC
0.16393442622950816,-0.007189420713535945,0.0,1.045065330354309,0.192089549442038,30.414529114283532,29.254291616807656,59,0.5423728813559322,0.9980861123927062,unchanged,20260925,SSBP1
0.680327868852459,0.004107362925948077,0.0,1.0166833772108606,0.1059762725009396,97.75474443730758,96.7523509635953,445,0.4606741573033708,1.0013582313866427,unchanged,20260925,STAG2
0.34426229508196726,-0.004241498162927691,0.0,1.0980879883551913,0.3757975790035951,8.631421827125038,7.5422348030052815,8,,,unchanged,20260925,STAT1
0.12295081967213117,-0.0075938321011777355,0.0,1.0515878351802599,0.20195127559386575,27.09753874001096,25.95918969962473,68,0.4411764705882353,1.0022205975997738,unchanged,20260925,STAT6
0.2786885245901639,-0.005390990116468927,0.0,1.0708292925827156,0.27845698775618644,14.346390738485596,13.277049082877419,19,0.6842105263157895,0.9969241355566475,unchanged,20260925,STX4
0.1885245901639344,-0.005279990503171528,0.0,1.0767831596293762,0.253911066126745,17.028782308716316,15.957221000842587,18,0.5555555555555556,0.9998255638585976,unchanged,20260925,SV2A
0.819672131147541,0.0071534998468842466,0.0,1.0121920878606099,0.10067794870665371,107.83835809646723,106.90871731150742,519,0.5279383429672447,0.997536306721105,unchanged,20260925,TADA1
0.39344262295081966,-0.003067954764391289,0.0,1.0761137129490475,0.3234880124695174,11.116028941430145,10.044942840033457,4,,,unchanged,20260925,TARBP2
0.12295081967213117,-0.008454710363357133,0.0,1.0824466230653684,0.34572981359274463,10.218231303016406,9.079844081761223,6,,,unchanged,20260925,TCF3
0.05737704918032782,-0.0168204456141917,0.01,1.0635901844027398,0.26493686945371536,16.598002613850518,15.38127803967939,45,0.5333333333333333,0.9952238261798828,unchanged,20260925,TET1
0.7868852459016393,0.005071214155633862,0.01,1.0316328342625147,0.15451893285194016,44.932684622371326,43.95216012740541,93,0.5806451612903226,0.9939733645106389,unchanged,20260925,TFAM
0.5081967213114754,-0.0005189136745353631,0.0,1.0295100518014333,0.1448974341727968,52.51733977739052,51.4298230003904,258,0.49612403100775193,1.00047451798071,unchanged,20260925,TGFBR2
0.7540983606557377,0.0050415005531082935,0.0,1.0857100721477386,0.3573614812283908,9.216365450567949,8.198855126981474,6,,,unchanged,20260925,TMBIM6
0.06557377049180324,-0.010237178489702159,0.0,1.027025768407792,0.11126464317387157,85.53833324210854,84.30263426260876,254,0.48031496062992124,1.0028624293678932,unchanged,20260925,TMSB10
0.0,-0.028877782977118183,0.0,1.1011618188937258,0.4040129578447173,7.924148237255185,6.678250672178237,0,,,unchanged,20260925,TMSB4X
0.680327868852459,-0.0006945368472091291,0.0,1.0819583798062002,0.36220474220145615,9.067381433161223,8.012210174475577,1,,,unchanged,20260925,TRAM2
0.8688524590163934,0.009297727104625623,0.0,1.0282329528758247,0.14678797427976556,49.367313160074914,48.455519812672556,221,0.5429864253393665,0.995547257948191,unchanged,20260925,TRAPPC6A
0.7868852459016393,0.004334567911036966,0.0,1.082893928012613,0.3339026914500967,10.482805306594255,9.455926150273223,3,,,unchanged,20260925,TSC22D4
0.6557377049180328,8.640324493749098e-05,0.0,1.0921566002914567,0.3792914835438851,8.366672085969814,7.314825838630052,4,,,unchanged,20260925,TWF2
0.07377049180327866,-0.011307913373569558,0.0,1.0632330299889197,0.2649695553260052,16.595478218699267,15.420421000084424,24,0.4583333333333333,1.0023552417051675,unchanged,20260925,TXNDC9
0.4672131147540983,0.0011087958099369876,0.0,1.056594653867641,0.20930232322065376,25.084746371148558,24.042657867481203,36,0.4722222222222222,0.997528819296867,unchanged,20260925,UBE3C
0.6885245901639344,0.002180697054381462,0.01,1.0430998322543836,0.2088641441923378,25.187519317855084,24.15574781099572,47,0.3829787234042553,1.0021346293743771,unchanged,20260925,UQCRQ
0.4590163934426229,-0.0007163511762945181,0.0,1.056788014353125,0.25523920562798963,16.863531099613272,15.826681899792487,20,0.55,0.9743955961166572,unchanged,20260925,USP22
0.4672131147540983,0.0016230221938093067,0.0,1.095867790316371,0.38507264725868845,8.19953923222818,7.148489770333529,4,,,unchanged,20260925,WFS1
0.43442622950819676,-0.0014006440007727043,0.0,1.0333687667193336,0.17817169601263094,33.606333010585814,32.55657037688374,103,0.4174757281553398,1.0086729238996015,unchanged,20260925,WSB2
0.30327868852459017,-0.001868080188914162,0.0,1.0488821406700026,0.2038535889199722,26.385045837184947,25.313817835146892,14,0.7142857142857143,0.9941882067011697,unchanged,20260925,XRCC4
0.05737704918032782,-0.013725040481255163,0.0,1.0991307589656156,0.39840456397317553,8.014243845711162,6.851757919079917,2,,,unchanged,20260925,ZNF286A
0.24590163934426235,-0.004584291234282815,0.0,1.0959412460466988,0.3568836499074836,9.42342464936111,8.334607696182072,3,,,unchanged,20260925,ZNF426
0.008196721311475419,-0.015704484374550617,0.01,1.0931638732436872,0.36116537910710594,9.38523712771391,8.219798985184106,8,,,unchanged,20260925,ZNF562
0.024590163934426257,-0.010133226257410345,0.0,1.0591718401343184,0.2640400650493357,16.021358228762985,14.902642054461282,21,0.38095238095238093,1.0115878310654756,unchanged,20260925,ZNF593
0.8524590163934427,0.007994094148972746,0.0,1.088014954535048,0.30442567304855217,12.264737534085727,11.274728689325888,8,,,unchanged,20260925,ZNF714
0.9836065573770492,0.07941353573601331,0.04,3.4821378583369023,3.3415945661907114,732.9615211684709,62.99345551498004,308,0.5811688311688312,1.1149393375053502,additive,20260925,ACAT2
0.9918032786885246,0.09539451867760412,0.05,5.258443403539831,5.972620132727539,490.8117871163956,13.812968118568701,24,0.7916666666666666,1.011390030179069,additive,20260925,ACVR1B
0.2786885245901639,-0.011826260881468317,0.01,4.588957709697112,4.867872310539321,489.40625328824683,19.72512091528857,49,0.46938775510204084,1.2204392236034918,additive,20260925,AKT2
0.180327868852459,-0.03875006330102768,0.0,6.226432770770652,7.925949312167468,399.0298537498127,6.192756404375936,2,,,additive,20260925,ANTXR1
1.0,0.17853080782460168,0.03,2.8166449604178014,2.7934408341048904,377.71117882218863,48.38802555772017,217,0.7741935483870968,0.8421895140889919,additive,20260925,ARID1A
1.0,0.14941599652160875,0.06,2.805878220090945,3.1311570908367474,260.64892554025806,26.41233409544507,64,0.671875,0.948233381571718,additive,20260925,ATM
0.7131147540983607,0.025007708399166512,0.06,7.436236404600449,8.635225533620716,529.949655430239,7.053278287402917,2,,,additive,20260925,ATP1B1
0.48360655737704916,-0.007454266591376416,0.01,3.1590015759488748,3.1197252389240404,291.9801619644668,27.087378263499872,74,0.5405405405405406,1.0704141841936863,additive,20260925,BIRC2
0.7540983606557377,0.04327800266440297,0.03,3.791413934773718,4.4893574587658565,550.8699612967756,26.52781495402035,63,0.6507936507936508,1.2607095455568669,additive,20260925,C1QBP
0.032786885245901676,-0.05129696453977123,0.0,5.9304780267500545,7.6845945061207415,456.23080108657905,7.498691845734399,1,,,additive,20260925,CALM3
0.040983606557377095,-0.06355250045691091,0.0,7.943916537668412,9.231080146308258,570.4743949713062,6.528200962092747,2,,,additive,20260925,CAMSAP2
0.6721311475409837,0.03372879344431446,0.04,5.923215000107957,7.621632385097389,436.4264482951077,7.450710725090044,2,,,additive,20260925,CASP2
1.0,0.19760321947487375,0.05,2.293686304988216,2.393280781258657,528.9191155373014,91.47758942064371,407,0.7027027027027027,0.8865513310905792,additive,20260925,CASP3
0.049180327868852514,-0.04080968793893478,0.01,5.624952441070992,6.624295656209753,517.5351817310171,11.393941129561444,7,,,additive,20260925,CDCA2
0.29508196721311475,-0.02362296552214842,0.01,5.004553083459112,5.1740450442930515,353.24418647349705,12.609021293969683,5,,,additive,20260925,CENPO
0.6885245901639344,0.028956127794378665,0.0,5.566475305897395,7.350333085887753,408.482890509817,7.481135663140309,3,,,additive,20260925,CLDN6
0.23770491803278693,-0.012098723256413955,0.0,5.240780377666026,6.664922757960986,440.95272224434274,9.673734820860822,6,,,additive,20260925,CLDN7
0.47540983606557374,0.012135130959698356,0.03,6.3659537179939205,8.017395311519783,457.4808084740731,7.029077870685338,4,,,additive,20260925,CREG1
0.8934426229508197,0.03642493211833281,0.05,4.874649552445486,5.18220600235865,443.39265701796086,16.136433374893258,27,0.5925925925925926,1.2503304963890587,additive,20260925,DAXX
0.9180327868852459,0.07684325031813803,0.01,5.067941819396892,5.674971813955566,480.71738789908454,14.867637654619715,30,0.6333333333333333,0.9400144055354791,additive,20260925,DHCR24
1.0,0.2679209245336245,0.02,1.3178136112014973,1.2136859496567893,469.18443373865296,257.41320220865396,1355,0.7571955719557195,0.8722043784221516,additive,20260925,DHX36
1.0,0.11418529302318628,0.03,4.954803151625642,4.765540835089426,592.2815967620763,26.18158259644693,83,0.6987951807228916,1.0845575591686256,additive,20260925,DLG5
1.0,0.3365430990103821,0.11,1.4835763799248654,1.393888416873087,593.5442369671742,296.0737007986536,1249,0.789431545236189,0.846960382479928,additive,20260925,DNMT1
0.9590163934426229,0.05232341249389672,0.02,5.751177710465031,6.670437153081189,319.0745288553709,7.122725282478875,1,,,additive,20260925,DZIP3
0.6147540983606558,0.004607595119385297,0.01,4.992287095699568,5.813280545070829,266.15762148108485,7.661271256088746,4,,,additive,20260925,EID2
1.0,0.09920411945085068,0.0,2.8393080915788733,3.237190362976626,455.3279590199935,42.01560178119702,121,0.7355371900826446,0.8966301570092696,additive,20260925,EIF4B
1.0,0.15856474767291706,0.03,2.708688493837341,2.8201952539401693,388.56520278047395,48.21426153907538,168,0.7202380952380952,1.0029572926239896,additive,20260925,EWSR1
1.0,0.16720380556479764,0.1,3.492296828005163,3.9919554084157682,252.78897516441526,16.203624068291273,32,0.90625,0.7345623658445091,additive,20260925,FOXH1
0.7786885245901639,0.02519596011342213,0.01,3.0596687034726404,2.7121925146949537,407.32482257425767,49.55702396914154,210,0.5428571428571428,1.0314478176761204,additive,20260925,GSK3B
0.9918032786885246,0.05836256506897525,0.02,4.12036312888471,4.602149818831611,314.4270123110323,14.528155782774952,21,0.47619047619047616,1.2981270832738985,additive,20260925,HAT1
1.0,0.1651771455122735,0.08,5.63196904713731,5.705753208818755,611.3139530120961,19.302192887177647,30,0.6333333333333333,1.721950778662276,additive,20260925,HIRA
0.3770491803278688,-0.019580716169050827,0.0,3.6505967087762126,3.767562688110949,269.84988628893626,17.5888817695471,26,0.2692307692307692,1.1678211343396985,additive,20260925,HMGB2
0.5983606557377049,0.004780157544436567,0.0,4.97563028003779,5.527766805552186,272.9970486389651,8.665649004259743,3,,,additive,20260925,HMGN1
0.6639344262295082,0.012368728266000146,0.05,6.540578413333137,8.076461365795248,425.87493463557814,6.449773819997329,0,,,additive,20260925,IDE
0.8360655737704918,0.04794127476015674,0.02,5.836201802389245,7.362515313095367,419.31896889552564,7.693827921327384,6,,,additive,20260925,IGF2R
0.6967213114754098,0.022600359678401634,0.02,5.000775329299935,5.346479499332329,400.4250235255714,13.646273051761941,12,0.5,1.1173809281965696,additive,20260925,IKBKG
0.05737704918032782,-0.05508436104622533,0.0,2.847617955088031,2.715793692050025,591.7412806182858,68.21436740295266,211,0.4597156398104265,1.1655231630896192,additive,20260925,INSIG1
0.5081967213114754,-4.852553210177543e-05,0.02,4.860288252130654,5.019896741504507,255.95649310755832,9.769387549995765,4,,,additive,20260925,IRF3
1.0,0.30370840480931527,0.07,1.364210161652381,1.4797069435516903,351.3487233800623,153.37824425186463,725,0.8068965517241379,0.825064011467917,additive,20260925,KAT2A
0.9508196721311475,0.05399167364275473,0.06,3.0451832054246717,3.1059964873362556,248.11010023213245,24.06075179443121,43,0.5581395348837209,1.4719231311854009,additive,20260925,KDM2B
0.5573770491803278,0.0006746534597140796,0.0,4.594714849284625,4.7340065092517705,236.6652434815662,10.11198493030455,6,,,additive,20260925,KDR
0.540983606557377,0.0025332028503607697,0.05,6.474296170789158,8.073645331789878,442.5532271681176,6.69087079597112,2,,,additive,20260925,KIF1B
0.9590163934426229,0.04819412602962052,0.03,3.68812935618578,4.068882009756186,228.27611657532486,13.300007286384627,15,0.6666666666666666,0.978775189992175,additive,20260925,KLF10
0.12295081967213117,-0.024398579544481644,0.0,7.081953682162344,9.079514183877166,496.5920020663325,5.920222444335906,2,,,additive,20260925,LAD1
1.0,0.16462089628273885,0.07,2.483623375960899,2.3946602304647056,281.07223198990516,47.27100491269485,95,0.6526315789473685,1.0629036965846248,additive,20260925,LRPPRC
0.8934426229508197,0.04292672180420993,0.07,2.4156940786313617,2.0756878526555482,283.33730861416234,55.22848238108435,188,0.4946808510638298,1.134918877862867,additive,20260925,LZTR1
0.23770491803278693,-0.01679004084344894,0.01,6.253750141892066,8.011232272769975,473.9556586126912,7.241618203713607,3,,,additive,20260925,MAP1B
0.9672131147540983,0.05767336468206924,0.04,4.519123960996629,5.6690321149169725,265.8005359083364,8.182501097657678,1,,,additive,20260925,MAP3K7
0.8360655737704918,0.05104724892070628,0.07,5.589538533814627,6.900009479184951,396.14843722932403,8.269342076753372,5,,,additive,20260925,MAPKAPK2
0.6967213114754098,0.019017986093935988,0.06,6.210173393483849,7.727674923309371,475.7729408818785,7.87403313204214,0,,,additive,20260925,MAST2
1.0,0.20408569915944613,0.04,2.078473528162054,1.932830278182481,727.2844889747023,184.26695059851897,877,0.7001140250855188,0.9332493448649113,additive,20260925,MAU2
0.9426229508196722,0.06659193926400246,0.01,2.5423830922414514,2.198789972452256,627.4672673255637,113.22375789941742,369,0.5501355013550135,1.0515411628455311,additive,20260925,MBTPS1
1.0,0.157889059485501,0.05,2.064626094310481,2.314088602183985,345.97541957522606,61.51475170519875,297,0.7104377104377104,0.9154708404987049,additive,20260925,MED1
1.0,0.09622427303610695,0.04,3.4156638127634564,3.586079879135914,359.9506149564754,27.331448610164685,63,0.7142857142857143,1.1880937902103503,additive,20260925,MED12
1.0,0.15105110860619217,0.06,2.6174732304207873,2.9371976666111776,282.13715764295335,32.28189205061412,111,0.7657657657657657,0.9613517432783826,additive,20260925,MED13
0.9426229508196722,0.04947499116506707,0.01,3.7622443155806056,4.406232516521948,283.2757340021063,14.178753537119377,16,0.625,1.0553413796534432,additive,20260925,MED13L
1.0,0.23381352195967833,0.12,1.6845352652853924,1.5458712437964108,325.2889515288139,121.97603662753404,627,0.7623604465709729,0.8403478420915418,additive,20260925,MED24
0.9918032786885246,0.1717697330314953,0.01,1.1781806055771444,0.7780194359137004,698.1311545895774,521.7589591021322,2934,0.6588275391956373,0.9256174483452535,additive,20260925,METTL14
0.9672131147540983,0.05120047473932693,0.05,2.6468533510941294,2.612718256551799,313.6633450918314,41.49671149249956,79,0.620253164556962,1.1787732947395624,additive,20260925,METTL17
1.0,0.2667909089554351,0.01,1.1377808106970455,0.8821712131682332,675.7387242274639,516.8112415279878,2854,0.7449194113524877,0.854704446272725,additive,20260925,METTL3
0.4590163934426229,-0.005892630373592596,0.01,4.657241152707566,5.510902562815427,238.62755398889658,7.591143498909098,5,,,additive,20260925,MKI67
0.8360655737704918,0.028897925513241524,0.0,3.1964987900963133,2.712638555112685,247.08182744273896,30.12594658665021,27,0.7037037037037037,0.988886174794555,additive,20260925,MTA1
0.38524590163934425,-0.010517909295851686,0.0,6.239598385223342,7.758848523155347,399.2044850683229,6.505627959900664,2,,,additive,20260925,NCK2
0.9426229508196722,0.07965421401029703,0.0,4.815193456063087,5.866002320104369,535.1480997733868,15.52257157290596,17,0.5294117647058824,2.096804373776042,additive,20260925,NDUFB4
0.8360655737704918,0.029579592035851768,0.01,6.263758738725343,6.924894705570899,722.5936883826472,14.885182758767087,12,0.5,2.9265085813483056,additive,20260925,NDUFB6
0.024590163934426257,-0.04323003207224754,0.0,5.529642666660947,5.783643553872463,443.5342803071662,12.690324226318992,6,,,additive,20260925,NISCH
1.0,0.11167529011216301,0.0,2.9485799427661084,3.341350933809524,535.5479812606704,46.90246490662895,138,0.6159420289855072,1.0593943404445623,additive,20260925,NIT1
0.319672131147541,-0.008702430984372032,0.03,6.299667446441192,7.404718528697338,477.8191613892478,8.538777098219047,5,,,additive,20260925,NRAS
0.3114754098360656,-0.01713765975343118,0.01,3.615094694333693,3.2437119095724802,521.0178966259723,44.788514093946645,128,0.5625,1.05562807190517,additive,20260925,OXCT1
0.9426229508196722,0.08044437650745707,0.01,4.651779199389848,5.690528325897807,431.3414005053881,13.285708722799463,18,0.7222222222222222,1.3542330418461583,additive,20260925,PAGR1
0.07377049180327866,-0.04315120387276555,0.01,5.286567137655072,6.258259836353839,311.1851459268215,7.64471489712024,4,,,additive,20260925,PBX1
0.8852459016393442,0.04048428885601984,0.02,3.0437283286672945,2.59795393956865,356.18437790383376,47.24549797390515,116,0.5517241379310345,1.1111534075267295,additive,20260925,PHF10
0.43442622950819676,-0.016887445711689878,0.04,3.661130374948691,4.167978736931939,279.65554756802277,15.106048180617183,24,0.4583333333333333,1.1342683071770494,additive,20260925,PHF14
0.5983606557377049,0.005619150901288907,0.01,6.465386575380027,7.860884791528784,434.82019076933307,6.9343598555527795,2,,,additive,20260925,PLCB3
0.33606557377049184,-0.026688293366520677,0.01,5.152350585126473,5.372262131106789,281.79905824619135,9.347203583334098,1,,,additive,20260925,PMS1
0.5327868852459017,-0.0027772206048391566,0.02,5.099811030546826,5.71051525575508,307.87424290163915,9.151565276077248,3,,,additive,20260925,POLB
0.16393442622950816,-0.022546855335666974,0.01,6.4360703471954865,7.285094003540692,479.6058971530542,8.816105543913617,6,,,additive,20260925,PRCP
1.0,0.12576617007189034,0.04,5.0499583588706844,5.098870229628006,705.3769066850309,27.429552199261032,104,0.5961538461538461,1.117871251040559,additive,20260925,PRR12
0.29508196721311475,-0.006803033506785982,0.02,7.05576300040774,9.635553193021202,561.4101019573452,5.9740375389209905,2,,,additive,20260925,PTPN1
0.4672131147540983,-0.006131067923664243,0.01,6.484518122958868,8.122724190145844,401.88876827436013,5.991342454168576,0,,,additive,20260925,RAB3B
0.6885245901639344,0.02609259239711341,0.0,5.070562491302008,5.450277750592045,483.7108429388419,15.900502690749565,38,0.5526315789473685,1.0111114300368906,additive,20260925,RAF1
1.0,0.09293426053296634,0.03,2.022164914574248,1.8033822781068298,307.1472333351503,78.41398389155121,369,0.6747967479674797,0.9319087401987812,additive,20260925,RNF2
0.2622950819672131,-0.011175890504629504,0.02,5.274280621652477,5.930465471271753,394.579638976204,10.869071071300136,4,,,additive,20260925,RRM1
0.9672131147540983,0.05335033812330039,0.01,2.8726723360062287,2.858993007324585,399.173800313042,45.00885087723821,163,0.5766871165644172,1.090802608384389,additive,20260925,SAFB
1.0,0.25556028097585065,0.04,1.4763892481595837,1.5135669668027618,502.6253092476308,199.670816517702,1125,0.7582222222222222,0.9015678934571247,additive,20260925,SIN3B
0.9836065573770492,0.07914342382212347,0.03,3.9281422313055536,4.700248301634927,277.77997787708705,12.429553860157547,25,0.8,1.0370893936248256,additive,20260925,SIX4
0.9672131147540983,0.08334399452848373,0.01,4.480255705579753,5.365489913564311,561.4057351670037,19.42975764584817,20,0.5,0.9946802230573523,additive,20260925,SLC25A3
0.7459016393442623,0.021683179239356257,0.02,4.228692884825278,3.855460840240349,507.5772572204456,32.335155617567125,79,0.569620253164557,1.0339666389072122,additive,20260925,SMAGP
0.5,-0.010782717980681427,0.0,1.2122178510219204,0.6053180719783413,660.7610391929699,478.99842202935355,2187,0.5180612711476908,1.0207106128278793,additive,20260925,SMARCA4
1.0,0.2046413623966153,0.03,1.6762611825900917,1.5289213327187103,435.7611611842865,160.6884127437941,931,0.715359828141783,0.873963211839616,additive,20260925,SMARCA5
1.0,0.11554686812306819,0.02,1.5524048259710206,1.1728847119930377,452.61797711423253,215.0600329516683,1133,0.6531332744924978,0.9466969486042163,additive,20260925,SOX2
0.9590163934426229,0.056046234116225134,0.02,6.950755431385322,8.070230119484611,644.4244477661302,9.880173346383751,6,,,additive,20260925,SRC
1.0,0.08947073129991653,0.06,3.2041643484838316,3.267499144399153,324.48449480518445,29.254291616807656,59,0.5084745762711864,1.382875517977957,additive,20260925,SSBP1
1.0,0.19552697825658757,0.04,2.4251467938417366,2.4279411059643,575.2354947293944,96.7523509635953,445,0.7438202247191011,0.9257758575446355,additive,20260925,STAG2
0.4426229508196722,-0.014398891821616678,0.02,4.998036360307821,5.9265859029116434,273.74611362679286,7.5422348030052815,8,,,additive,20260925,STAT1
0.7049180327868853,0.010878212077500117,0.0,3.386000653397179,3.142786806765434,280.58595321464145,25.95918969962473,68,0.5294117647058824,1.0476759706741958,additive,20260925,STAT6
0.7049180327868853,0.02078133804269582,0.0,5.786574270440432,6.123201187728795,507.70235657240573,13.277049082877419,19,0.47368421052631576,1.079669567048926,additive,20260925,STX4
0.6885245901639344,0.027415109505289297,0.02,5.093946376669249,5.28301741480671,456.70530325762655,15.957221000842587,18,0.7777777777777778,0.7838349374254989,additive,20260925,SV2A
1.0,0.260848027395533,0.06,1.7684753988167126,1.8821816152801116,380.66782882298844,106.90871731150742,519,0.7726396917148363,0.8646855100121432,additive,20260925,TADA1
0.5163934426229508,-0.0014213315019740032,0.01,4.457309516929947,5.19434533065042,281.2181111371354,10.044942840033457,4,,,additive,20260925,TARBP2
0.9344262295081968,0.04475147429227212,0.02,4.728030311073523,5.637041458423078,293.02204576785914,9.079844081761223,6,,,additive,20260925,TCF3
0.9836065573770492,0.07656968462554793,0.0,4.071561385784153,4.551549752509667,323.3080610350647,15.38127803967939,45,0.5555555555555556,1.0047425289911456,additive,20260925,TET1
0.9918032786885246,0.14902014759101515,0.06,2.600060663318634,2.468815546553339,279.5024968931202,43.95216012740541,93,0.6129032258064516,1.1351300696199318,additive,20260925,TFAM
1.0,0.28705802287144605,0.05,2.782103149931511,3.0628044079889962,443.44674107553146,51.4298230003904,258,0.8527131782945736,0.8831116306632057,additive,20260925,TGFBR2
0.29508196721311475,-0.003309221383089221,0.01,6.261436034790184,7.599335085471283,482.09423519546294,8.198855126981474,6,,,additive,20260925,TMBIM6
0.4672131147540983,0.01184292797697182,0.0,2.9693715842794526,2.4299117056781525,577.2130856183921,84.30263426260876,254,0.46062992125984253,1.134921523132128,additive,20260925,TMSB10
0.07377049180327866,-0.04113278185284646,0.0,5.710348720185672,7.816965808817283,419.04701712719236,6.678250672178237,0,,,additive,20260925,TMSB4X
0.9426229508196722,0.05103571960997407,0.07,6.319907695161866,7.521321915721533,455.1141389622106,8.012210174475577,1,,,additive,20260925,TRAM2
0.7049180327868853,0.023249917485111918,0.0,3.657438184975662,3.323609653632831,576.2249897257209,48.455519812672556,221,0.502262443438914,1.1911785107812323,additive,20260925,TRAPPC6A
0.6475409836065573,0.009784397229856119,0.05,5.298733840382166,5.817685953807204,328.4196787761289,9.455926150273223,3,,,additive,20260925,TSC22D4
0.16393442622950816,-0.01923226017389166,0.01,6.621911524508507,7.976672612733288,474.98181431098004,7.314825838630052,4,,,additive,20260925,TWF2
0.5245901639344263,0.009007377734626806,0.0,5.082312859940457,5.656080325085409,507.16765024830573,15.420421000084424,24,0.4583333333333333,1.1056159921373094,additive,20260925,TXNDC9
0.43442622950819676,-0.008642279646393348,0.01,3.7280920409743628,3.590770553295527,335.53207358893826,24.042657867481203,36,0.5555555555555556,1.0211857495651568,additive,20260925,UBE3C
0.9508196721311475,0.08899561888949663,0.03,4.4053317032055315,4.957968488955714,596.6222496798359,24.15574781099572,47,0.5319148936170213,1.291270194356386,additive,20260925,UQCRQ
1.0,0.08413144993934737,0.0,3.675990899622501,4.265841583833382,292.47109179029644,15.826681899792487,20,0.25,1.2413888200486425,additive,20260925,USP22
0.4508196721311475,0.013011942298670226,0.02,6.258079277400089,7.789132064983459,439.4024745820974,7.148489770333529,4,,,additive,20260925,WFS1
0.7622950819672132,0.01899567706393851,0.06,3.747687857354532,3.59365674601422,448.5592476225623,32.55657037688374,103,0.5145631067961165,1.1790909042908597,additive,20260925,WSB2
0.30327868852459017,-0.020603416006553747,0.01,3.3614988764885467,3.2240873709487605,291.80740958649864,25.313817835146892,14,0.8571428571428571,0.8935637731571198,additive,20260925,XRCC4
0.819672131147541,0.0277879210633964,0.0,4.607729896220298,5.880454965301893,241.54460644551258,6.851757919079917,2,,,additive,20260925,ZNF286A
0.7377049180327868,0.025937414734413727,0.04,4.474912355852149,5.102494389357768,223.12376538533516,8.334607696182072,3,,,additive,20260925,ZNF426
0.9836065573770492,0.06260313212187989,0.09,4.449403298841863,5.433789304206395,245.32583329553097,8.219798985184106,8,,,additive,20260925,ZNF562
0.4508196721311475,-0.008647131947946736,0.0,4.340230972388468,4.866197322131827,369.0495297365227,14.902642054461282,21,0.5238095238095238,1.322520498335069,additive,20260925,ZNF593
0.5819672131147541,0.00019172934130032052,0.01,4.835012525413981,4.834965668358445,274.82195156904334,11.274728689325888,8,,,additive,20260925,ZNF714
0.9918032786885246,0.08005453755287543,0.06,3.358290819770612,3.012909572380979,604.4366895205106,62.99345551498004,308,0.5681818181818182,1.139329939468523,ratio,20260925,ACAT2
0.9836065573770492,0.0860462772210229,0.04,4.732373745688828,4.535718888995924,287.2017524706914,13.812968118568701,24,0.75,0.6821853006713057,ratio,20260925,ACVR1B
0.17213114754098358,-0.017623566371166986,0.02,4.039256110810748,3.5640663922231823,272.76276652636386,19.72512091528857,49,0.40816326530612246,1.2151164796424816,ratio,20260925,AKT2
0.30327868852459017,-0.01135890737326767,0.01,5.629466261434953,6.07704072932222,235.74883020709677,6.192756404375936,2,,,ratio,20260925,ANTXR1
1.0,0.1858832408634767,0.09,2.6096035658569954,2.313786247066978,265.8156808052388,48.38802555772017,217,0.783410138248848,0.7389419813663999,ratio,20260925,ARID1A
1.0,0.09836025586424943,0.01,2.582790233043024,2.5053301162325723,179.17676245244937,26.41233409544507,64,0.671875,0.8498023234628443,ratio,20260925,ATM
0.7131147540983607,0.014792402439106261,0.0,6.893815991450493,7.0140660224897,352.5906476884071,7.053278287402917,2,,,ratio,20260925,ATP1B1
0.7213114754098361,0.00016936763681407838,0.02,2.947055043950174,2.5744405811378783,206.59197365663374,27.087378263499872,74,0.5135135135135135,0.9921350532155159,ratio,20260925,BIRC2
0.6475409836065573,0.033084586997022325,0.02,3.397189240038751,3.391319705228538,325.6726601788988,26.52781495402035,63,0.6190476190476191,1.080586700459485,ratio,20260925,C1QBP
0.11475409836065575,-0.030490463443623227,0.01,5.133907699280867,5.4371967869000555,231.66964149423558,7.498691845734399,1,,,ratio,20260925,CALM3
0.180327868852459,-0.023626766079210923,0.01,7.819227784052002,8.47080972529011,477.56984339860367,6.528200962092747,2,,,ratio,20260925,CAMSAP2
0.5573770491803278,0.032816550394127814,0.01,5.249231324513628,5.641263307098189,241.80237140762344,7.450710725090044,2,,,ratio,20260925,CASP2
1.0,0.2715524872623626,0.21,1.9462784829152304,1.709430513987651,273.8612589484731,91.47758942064371,407,0.7002457002457002,0.763252319019534,ratio,20260925,CASP3
0.024590163934426257,-0.05460424747101505,0.02,4.944920326639479,4.761506198628168,275.64151971985245,11.393941129561444,7,,,ratio,20260925,CDCA2
0.5573770491803278,-0.0028023122388007482,0.0,4.862624632815461,4.485562262216103,266.62290857136935,12.609021293969683,5,,,ratio,20260925,CENPO
0.6147540983606558,0.03825991928437751,0.05,4.783699946443088,5.267113631759251,212.01125005703273,7.481135663140309,3,,,ratio,20260925,CLDN6
0.30327868852459017,-0.00010154426802037987,0.03,4.514065541312699,4.661996775342693,219.93391602526793,9.673734820860822,6,,,ratio,20260925,CLDN7
0.1311475409836066,-0.025734359661882294,0.0,5.739956224923099,6.084576131946954,269.4613312463282,7.029077870685338,4,,,ratio,20260925,CREG1
0.9344262295081968,0.021300884970881617,0.01,4.7460533753715035,4.649325013661541,361.7490420842992,16.136433374893258,27,0.5925925925925926,1.080139502277157,ratio,20260925,DAXX
0.9426229508196722,0.09076785454656629,0.01,4.426939145534257,4.0531257856887075,248.17122579445908,14.867637654619715,30,0.6333333333333333,0.7697065412530715,ratio,20260925,DHCR24
1.0,0.33668483697430296,0.09,1.1402106017054712,0.8683995890945145,301.0097055761238,257.41320220865396,1355,0.7564575645756457,0.7544813047600302,ratio,20260925,DHX36
1.0,0.1041908962253545,0.02,4.658089951371957,4.048942362480711,433.31064789012646,26.18158259644693,83,0.6746987951807228,0.9516590738741594,ratio,20260925,DLG5
1.0,0.39268821917522356,0.21,1.2551720806739548,1.1011482775181645,399.0219659918414,296.0737007986536,1249,0.7910328262610088,0.6971309512888397,ratio,20260925,DNMT1
1.0,0.031472006898290744,0.03,5.47468890350249,5.544692384784105,223.61517132550466,7.122725282478875,1,,,ratio,20260925,DZIP3
0.9508196721311475,0.0218164304198847,0.02,4.722082417528126,4.701938283027056,175.4665904857122,7.661271256088746,4,,,ratio,20260925,EID2
1.0,0.14136066792496457,0.08,2.435554207781259,2.3198801375052303,240.57983335920034,42.01560178119702,121,0.7520661157024794,0.8674271372498775,ratio,20260925,EIF4B
1.0,0.15725590585384025,0.04,2.542309850320579,2.40140677384583,289.83924727173996,48.21426153907538,168,0.7142857142857143,0.8014096074447602,ratio,20260925,EWSR1
1.0,0.15465252210611471,0.08,3.1924477869740286,2.9710088031751294,144.3409968511341,16.203624068291273,32,0.9375,0.5156496534071439,ratio,20260925,FOXH1
0.9426229508196722,0.04564229001085173,0.03,2.739523638608118,2.091670742106185,256.9110065677069,49.55702396914154,210,0.5285714285714286,0.9887934209747954,ratio,20260925,GSK3B
0.9918032786885246,0.040402300866044176,0.01,4.005121094076146,4.060026592773709,249.24136647034547,14.528155782774952,21,0.47619047619047616,1.1621050172248226,ratio,20260925,HAT1
1.0,0.13303337156337075,0.04,5.358402782172702,4.7510562273271955,430.60175820119537,19.302192887177647,30,0.6666666666666666,0.9331206607355605,ratio,20260925,HIRA
0.16393442622950816,-0.03501493599912439,0.0,3.425779211911158,3.0646661424992225,186.5616938602228,17.5888817695471,26,0.23076923076923078,1.1280971145524648,ratio,20260925,HMGB2
0.9016393442622951,0.015200876665351474,0.01,4.733503421105467,4.6247997691600045,192.7948398591862,8.665649004259743,3,,,ratio,20260925,HMGN1
0.5,0.002636020132664718,0.0,6.0856641283024375,6.6245412206242325,289.26991481771495,6.449773819997329,0,,,ratio,20260925,IDE
0.7786885245901639,0.05644915879087175,0.04,5.004406192296006,5.081504799096687,201.9475774342529,7.693827921327384,6,,,ratio,20260925,IGF2R
0.6229508196721312,0.010335755243868752,0.01,4.453716209720642,3.984123603497921,229.1329746771052,13.646273051761941,12,0.4166666666666667,1.0211500890972214,ratio,20260925,IKBKG
0.008196721311475419,-0.08155013063831515,0.01,2.6443100662589707,2.263526408495594,442.897711869365,68.21436740295266,211,0.44549763033175355,1.1926008821074787,ratio,20260925,INSIG1
0.5245901639344263,-0.005927629076225372,0.0,4.594359374723937,4.086839935091126,173.41357697656255,9.769387549995765,4,,,ratio,20260925,IRF3
1.0,0.4459078341653594,0.17,1.1093736284000981,1.0031942939224443,170.51587060078458,153.37824425186463,725,0.8041379310344827,0.6373742517683482,ratio,20260925,KAT2A
0.2786885245901639,-0.02170766532563513,0.0,2.8527920400783535,2.525425268458167,180.15283292562125,24.06075179443121,43,0.5581395348837209,1.036790017986211,ratio,20260925,KDM2B
0.8032786885245902,0.0067920244244348005,0.02,4.325569603043325,3.8396311952220445,158.66321164082515,10.11198493030455,6,,,ratio,20260925,KDR
0.38524590163934425,-0.012219041906605516,0.01,5.822232528277883,6.1163841232683325,257.9974852168083,6.69087079597112,2,,,ratio,20260925,KIF1B
0.9918032786885246,0.04644173617036438,0.02,3.402199998314151,3.2534465829404815,150.06030146649638,13.300007286384627,15,0.6666666666666666,0.9798163456142919,ratio,20260925,KLF10
0.024590163934426257,-0.05273798995340428,0.01,6.38586321006646,6.910070532951314,292.9202997711478,5.920222444335906,2,,,ratio,20260925,LAD1
0.9836065573770492,0.12142481467044215,0.07,2.2876665694280667,1.9737192895409408,208.76061496510073,47.27100491269485,95,0.6631578947368421,0.7650089569407159,ratio,20260925,LRPPRC
0.38524590163934425,-0.015672344437128068,0.02,2.248718609316003,1.6974287889001596,217.2947999307272,55.22848238108435,188,0.5106382978723404,1.0688310195988366,ratio,20260925,LZTR1
0.33606557377049184,0.004153985160875045,0.0,5.471048749919744,5.762265939533879,247.34352391083883,7.241618203713607,3,,,ratio,20260925,MAP1B
1.0,0.04916290809397122,0.0,4.20887570367144,4.458508996953458,167.2496346135112,8.182501097657678,1,,,ratio,20260925,MAP3K7
0.5163934426229508,0.02791762521005366,0.01,4.775027398580565,4.6518085640199835,185.06446887593827,8.269342076753372,5,,,ratio,20260925,MAPKAPK2
0.6475409836065573,0.011702008033140695,0.01,5.780181421773171,6.223551843432637,311.7088884991874,7.87403313204214,0,,,ratio,20260925,MAST2
1.0,0.2376418856558571,0.07,1.88129606073925,1.633268967084877,532.7712709748248,184.26695059851897,877,0.701254275940707,0.8619562435548863,ratio,20260925,MAU2
0.9918032786885246,0.08972479351716971,0.02,2.2798862587849005,1.7430577364169795,421.81049975337817,113.22375789941742,369,0.5447154471544715,1.0271125361906208,ratio,20260925,MBTPS1
1.0,0.21184522047431237,0.08,1.8653786665601555,1.7614158751731337,206.46139622534005,61.51475170519875,297,0.7205387205387206,0.7789640049830902,ratio,20260925,MED1
1.0,0.08533052381917887,0.01,3.2662484397172307,3.1376185865034736,281.7648539752955,27.331448610164685,63,0.7142857142857143,0.7749573566767036,ratio,20260925,MED12
1.0,0.17610798291388682,0.04,2.373558346994465,2.2639547691832247,172.0008320683151,32.28189205061412,111,0.7657657657657657,0.7215118891668957,ratio,20260925,MED13
0.9754098360655737,0.048774328455841856,0.04,3.442471149324981,3.4174403537600364,175.04425345560162,14.178753537119377,16,0.5625,0.9552698033899973,ratio,20260925,MED13L
1.0,0.2533212141656586,0.1,1.5196900687607955,1.1960823754769876,222.56076609146103,121.97603662753404,627,0.7575757575757576,0.7283189618731364,ratio,20260925,MED24
0.9918032786885246,0.22352716192113536,0.02,1.0716901436608584,0.6026702240075593,570.6921592977294,521.7589591021322,2934,0.65439672801636,0.8897152217037424,ratio,20260925,METTL14
0.9508196721311475,0.03918398836763431,0.01,2.4708394465821697,2.124587833024365,221.8984282512512,41.49671149249956,79,0.5949367088607594,0.9474051335566189,ratio,20260925,METTL17
1.0,0.39122503878459497,0.11,0.9820909216440015,0.6522737673814716,472.9284929180721,516.8112415279878,2854,0.7522775052557814,0.7760866863012207,ratio,20260925,METTL3
0.8770491803278688,0.01722734961131668,0.0,4.424777801603237,4.585753443626851,166.02691584380193,7.591143498909098,5,,,ratio,20260925,MKI67
0.9836065573770492,0.035997468530847884,0.03,2.906958047237387,2.112752813373408,160.01748836151012,30.12594658665021,27,0.7037037037037037,0.9932930769346904,ratio,20260925,MTA1
0.5327868852459017,-0.00026045188040793067,0.01,5.810720140083566,6.274827647415496,262.67598743024274,6.505627959900664,2,,,ratio,20260925,NCK2
0.9426229508196722,0.13846941819345165,0.02,4.1982960688719215,4.334004319088797,288.4612147336765,15.52257157290596,17,0.5882352941176471,1.0015848785262789,ratio,20260925,NDUFB4
0.9754098360655737,0.08055291518517586,0.01,6.269871567173277,6.582570056296187,644.0779600062586,14.885182758767087,12,0.5,1.672770276622985,ratio,20260925,NDUFB6
0.5901639344262295,0.029749542360377943,0.0,4.839271777795745,4.200258126734483,233.40370226231178,12.690324226318992,6,,,ratio,20260925,NISCH
1.0,0.12259155524897188,0.01,2.5751627482084984,2.5000386197013467,311.30225273470006,46.90246490662895,138,0.6159420289855072,0.9672023624286589,ratio,20260925,NIT1
0.21311475409836067,-0.017275340705924236,0.01,5.53696735093063,5.33162251100527,252.8366889892331,8.538777098219047,5,,,ratio,20260925,NRAS
0.16393442622950816,-0.02663352098423625,0.03,3.378435212389303,2.690287977678455,375.3704353886297,44.788514093946645,128,0.546875,0.986688658795813,ratio,20260925,OXCT1
0.8688524590163934,0.06615191461785386,0.03,4.091530760111243,4.236460693803436,244.2856447325417,13.285708722799463,18,0.7777777777777778,0.867687748771503,ratio,20260925,PAGR1
0.34426229508196726,-0.014940818929800311,0.01,5.041248633184749,5.332368798893873,226.23384676831608,7.64471489712024,4,,,ratio,20260925,PBX1
0.9918032786885246,0.035761841983837764,0.04,2.907586784908705,2.292034291400809,287.70082005006304,47.24549797390515,116,0.5258620689655172,1.1196256471507435,ratio,20260925,PHF10
0.5819672131147541,-0.004677785438238648,0.02,3.3943819609257035,3.304179286722393,180.49481672508975,15.106048180617183,24,0.4583333333333333,1.2726994553300346,ratio,20260925,PHF14
0.3114754098360656,-0.01136480857288979,0.0,6.058946913617028,6.53388447813464,304.0034390902015,6.9343598555527795,2,,,ratio,20260925,PLCB3
0.9262295081967213,0.0215342181136285,0.01,4.8532859125555445,4.3300395757848005,182.85705078061005,9.347203583334098,1,,,ratio,20260925,PMS1
0.8688524590163934,0.015579196118517878,0.02,4.817136752659227,4.766176609988256,215.68347797926054,9.151565276077248,3,,,ratio,20260925,POLB
0.24590163934426235,-0.011896134726385234,0.0,5.761279207297231,5.413903386534724,268.35483776747407,8.816105543913617,6,,,ratio,20260925,PRCP
1.0,0.10342308039246727,0.02,4.802594134860542,4.381010949993386,529.0354642606136,27.429552199261032,104,0.6153846153846154,1.0093592639837634,ratio,20260925,PRR12
0.30327868852459017,0.0016279578391551735,0.02,5.99561243134699,6.692969523419049,273.4558888087605,5.9740375389209905,2,,,ratio,20260925,PTPN1
0.7459016393442623,0.014808430847065401,0.0,5.9721251619768045,6.486409250999449,256.9171396471255,5.991342454168576,0,,,ratio,20260925,RAB3B
0.7622950819672132,0.04506291893073259,0.03,4.636008810845044,4.38325081487722,315.1136747532285,15.900502690749565,38,0.5526315789473685,0.8914634264801913,ratio,20260925,RAF1
1.0,0.10769384960290924,0.05,1.8316850916566425,1.4141976468808546,211.35346137438017,78.41398389155121,369,0.6666666666666666,0.8855563232795648,ratio,20260925,RNF2
0.09836065573770492,-0.03976919890776812,0.0,4.5317118569971795,4.080707137813701,195.3905043873903,10.869071071300136,4,,,ratio,20260925,RRM1
1.0,0.053918675937099904,0.01,2.753545885369517,2.4686123085474274,307.3131475658973,45.00885087723821,163,0.5644171779141104,1.0617593315146725,ratio,20260925,SAFB
1.0,0.3292818553350412,0.14,1.2282706927006088,1.047904699203879,281.1349625030597,199.670816517702,1125,0.7493333333333333,0.7147604803644515,ratio,20260925,SIN3B
1.0,0.06899614308416198,0.03,3.5852484798494832,3.567244147695578,164.48002066170739,12.429553860157547,25,0.84,0.640165902069121,ratio,20260925,SIX4
1.0,0.12696796349949868,0.02,3.9367468296261094,3.9062230343886153,296.627271230745,19.42975764584817,20,0.45,1.2382551934115467,ratio,20260925,SLC25A3
0.8934426229508197,0.027132893938358868,0.0,3.998133020274345,3.258598971223378,369.96710692334443,32.335155617567125,79,0.5822784810126582,0.9905551971340653,ratio,20260925,SMAGP
0.8852459016393442,0.020117460902076556,0.01,1.1298280800872615,0.43683368365847514,561.9837960275988,478.99842202935355,2187,0.5244627343392776,0.9881178193858916,ratio,20260925,SMARCA4
1.0,0.2296313767131065,0.08,1.5085633594339305,1.2181406633566927,309.2320017778811,160.6884127437941,931,0.7089151450053706,0.8085363162520104,ratio,20260925,SMARCA5
1.0,0.1279807274102318,0.04,1.451161224400035,0.9481084067546575,356.18895232144365,215.0600329516683,1133,0.6451897616946161,0.901950445556354,ratio,20260925,SOX2
0.9262295081967213,0.03202336725499338,0.02,6.632596699376579,6.956738252830178,483.640914832797,9.880173346383751,6,,,ratio,20260925,SRC
1.0,0.0477687532572048,0.01,3.023882276432677,2.6984253319117575,234.72761413127728,29.254291616807656,59,0.5084745762711864,0.9668797590456024,ratio,20260925,SSBP1
1.0,0.1932771070770396,0.04,2.1785489949562993,1.8962785936788527,373.74059518782224,96.7523509635953,445,0.7415730337078652,0.7757571605043493,ratio,20260925,STAG2
0.6885245901639344,-0.00155805400961423,0.01,4.676414342274783,4.666363383459359,171.8836704326666,7.5422348030052815,8,,,ratio,20260925,STAT1
0.8524590163934427,0.010393713711127505,0.01,3.1653388227555688,2.6797783411231033,210.93155840308256,25.95918969962473,68,0.5294117647058824,1.0027537158328874,ratio,20260925,STAT6
0.9098360655737705,0.03252205308581246,0.02,5.496205750497549,5.1974323128772255,367.44552394657944,13.277049082877419,19,0.5263157894736842,1.0257041493904138,ratio,20260925,STX4
0.860655737704918,0.07355776118853646,0.0,4.3430702346631085,3.598050356838761,214.09224668470566,15.957221000842587,18,0.8333333333333334,0.7722412345013316,ratio,20260925,SV2A
1.0,0.314176242036669,0.14,1.516012457307401,1.4050524772106923,223.57865481222504,106.90871731150742,519,0.7707129094412332,0.6727240565799065,ratio,20260925,TADA1
0.6147540983606558,-0.0023518646279764937,0.01,4.256082491789069,4.447638331811382,208.9589914312624,10.044942840033457,4,,,ratio,20260925,TARBP2
0.9262295081967213,0.017310989319784052,0.02,4.523328986928297,4.6924910981665375,207.53808134398423,9.079844081761223,6,,,ratio,20260925,TCF3
1.0,0.08348140445023454,0.02,3.8751191443417916,3.864974787710229,235.2216254119773,15.38127803967939,45,0.5333333333333333,1.0783394868476743,ratio,20260925,TET1
1.0,0.10407562882965296,0.04,2.4380370718584765,2.0778825312881315,214.70990417558122,43.95216012740541,93,0.6451612903225806,0.860448371410367,ratio,20260925,TFAM
1.0,0.33218296679439374,0.16,2.312750658269366,2.1032712598170162,207.0774619920927,51.4298230003904,258,0.8372093023255814,0.5891247399719137,ratio,20260925,TGFBR2
0.34426229508196726,0.006692803564935232,0.01,5.643300307546178,5.773604278827631,280.8700098226587,8.198855126981474,6,,,ratio,20260925,TMBIM6
0.2295081967213115,-0.010242179262708194,0.0,2.681152238665425,1.8894009087887542,388.51197440842066,84.30263426260876,254,0.452755905511811,1.1389971821444023,ratio,20260925,TMSB10
0.1311475409836066,-0.03128281341146376,0.01,4.842060984752352,5.255710652745258,193.34418091059538,6.678250672178237,0,,,ratio,20260925,TMSB4X
0.860655737704918,0.025752880392028995,0.01,5.9139663310373125,6.194669077543666,312.9157773946156,8.012210174475577,1,,,ratio,20260925,TRAM2
0.5,0.0006937863446418873,0.01,3.4780543107211974,2.868968700035521,447.0991054990195,48.455519812672556,221,0.4660633484162896,1.1956123227960458,ratio,20260925,TRAPPC6A
0.09836065573770492,-0.03007873025158122,0.0,5.0990719713723385,4.947575583585839,243.73725489027845,9.455926150273223,3,,,ratio,20260925,TSC22D4
0.05737704918032782,-0.04559742843488497,0.0,5.878984954003517,5.904680703326302,266.2869500919835,7.314825838630052,4,,,ratio,20260925,TWF2
0.5573770491803278,0.008528544143956622,0.04,4.828375870189132,4.811224925158134,371.1050729069856,15.420421000084424,24,0.4166666666666667,0.9524000650532465,ratio,20260925,TXNDC9
0.8934426229508197,0.033242076434954526,0.01,3.3704777145900153,2.766758164338488,203.66547902821577,24.042657867481203,36,0.5277777777777778,0.9758718310969454,ratio,20260925,UBE3C
0.9836065573770492,0.1393250536639613,0.02,4.03431755767686,3.9588908002991787,376.0970467146193,24.15574781099572,47,0.5106382978723404,1.049918433048235,ratio,20260925,UQCRQ
1.0,0.06903484329820957,0.02,3.4258640193361507,3.469949291362962,198.80612515825928,15.826681899792487,20,0.3,1.2391810525175513,ratio,20260925,USP22
0.2622950819672131,-0.0044178592776621724,0.01,5.5350060908708,5.625926148071592,233.76100633483992,7.148489770333529,4,,,ratio,20260925,WFS1
0.5573770491803278,0.0017326154779240387,0.05,3.7000002593431227,3.382469818542981,404.65801838207,32.55657037688374,103,0.5242718446601942,1.1693869292577246,ratio,20260925,WSB2
0.9672131147540983,0.02508019715807265,0.02,3.176189680539554,2.7001154420975686,206.43885599372976,25.313817835146892,14,0.8571428571428571,0.7657410438635024,ratio,20260925,XRCC4
0.8934426229508197,0.021157634187766956,0.0,4.232065571480826,4.505877584542645,144.6561315593877,6.851757919079917,2,,,ratio,20260925,ZNF286A
0.9672131147540983,0.029999550541525123,0.04,4.168064160666997,4.082111436024211,145.17812075317602,8.334607696182072,3,,,ratio,20260925,ZNF426
0.9590163934426229,0.0324713907945777,0.01,4.110535500713467,4.191674703632296,150.40520621520795,8.219798985184106,8,,,ratio,20260925,ZNF562
1.0,0.03159699939888668,0.01,4.190623428839664,4.212717142082025,275.4122596236093,14.902642054461282,21,0.47619047619047616,1.2545450099680464,ratio,20260925,ZNF593
0.8114754098360656,0.010603961404700095,0.03,4.51477334680794,3.780947342429139,171.54924495196335,11.274728689325888,8,,,ratio,20260925,ZNF714
0.9918032786885246,0.08218537243700293,0.09,3.261460801005952,2.8206206984824047,534.9576592105618,62.99345551498004,308,0.577922077922078,1.0668791526800279,log1p,20260925,ACAT2
0.9672131147540983,0.09054166634109762,0.05,4.592628488752835,4.203180632332899,247.32950226617703,13.812968118568701,24,0.75,0.69661874952399,log1p,20260925,ACVR1B
0.180327868852459,-0.01832240712401301,0.02,3.9236118919691974,3.267727857246224,232.7128466974809,19.72512091528857,49,0.42857142857142855,1.181915684930147,log1p,20260925,AKT2
0.30327868852459017,-0.014007990885364127,0.01,5.4648009903134005,5.598528231720677,201.2668535693143,6.192756404375936,2,,,log1p,20260925,ANTXR1
1.0,0.19595246681639733,0.1,2.5267043474744177,2.1318643821226724,227.8765146788997,48.38802555772017,217,0.7649769585253456,0.7162067168363699,log1p,20260925,ARID1A
1.0,0.10860614229047261,0.01,2.49437723389777,2.2567504194504764,147.98113808027614,26.41233409544507,64,0.640625,0.8561017814322601,log1p,20260925,ATM
0.7459016393442623,0.01530508423661704,0.0,6.68711191947369,6.531292034864704,306.5203217785918,7.053278287402917,2,,,log1p,20260925,ATP1B1
0.7295081967213115,-0.0009853868758002472,0.02,2.842522481534313,2.322711776949645,173.3475066295809,27.087378263499872,74,0.4864864864864865,0.9709552497734092,log1p,20260925,BIRC2
0.6639344262295082,0.0400689189001061,0.02,3.303373381441991,3.141176237912465,281.5996817719248,26.52781495402035,63,0.6349206349206349,1.0209112321156846,log1p,20260925,C1QBP
0.11475409836065575,-0.03111368403961466,0.01,4.985315569180026,4.974432171876024,195.37482607443079,7.498691845734399,1,,,log1p,20260925,CALM3
0.17213114754098358,-0.025487473359248395,0.01,7.5418701678765965,7.8124761399399345,407.5753272916112,6.528200962092747,2,,,log1p,20260925,CAMSAP2
0.5655737704918034,0.03494776247513276,0.01,5.096231631983582,5.223096316314576,207.99153768886214,7.450710725090044,2,,,log1p,20260925,CASP2
1.0,0.2875751459418887,0.24,1.8898922635193176,1.592518569452336,239.68755576679678,91.47758942064371,407,0.7076167076167076,0.7410447562511749,log1p,20260925,CASP3
0.024590163934426257,-0.054784168850626466,0.01,4.810316399202392,4.444149620687288,241.97773020846978,11.393941129561444,7,,,log1p,20260925,CDCA2
0.5573770491803278,-0.004244013652560309,0.0,4.688648302844082,4.068105241045274,221.71716207873567,12.609021293969683,5,,,log1p,20260925,CENPO
0.6147540983606558,0.041363965111305814,0.05,4.637138536034428,4.685835895506725,168.84480708433813,7.481135663140309,3,,,log1p,20260925,CLDN6
0.2786885245901639,-0.004548858502118669,0.04,4.401403376334329,4.321922131542345,190.7499007113091,9.673734820860822,6,,,log1p,20260925,CLDN7
0.139344262295082,-0.025805711268493934,0.0,5.557229307312084,5.600851896957911,229.55991217394055,7.029077870685338,4,,,log1p,20260925,CREG1
0.9098360655737705,0.01857751948197549,0.02,4.57723375268267,4.26646368586494,307.30533148678404,16.136433374893258,27,0.5555555555555556,1.059823439402635,log1p,20260925,DAXX
0.9590163934426229,0.10115122901548457,0.02,4.311494532595919,3.7572111617907855,213.44787425555336,14.867637654619715,30,0.7,0.7717844914194779,log1p,20260925,DHCR24
1.0,0.3604084853002205,0.13,1.1123770284128058,0.7934834050253948,272.25554701015267,257.41320220865396,1355,0.7527675276752768,0.7435172758999589,log1p,20260925,DHX36
1.0,0.11193634053197327,0.03,4.511581084849562,3.7578147160392814,373.8703652084305,26.18158259644693,83,0.6746987951807228,0.9036154322326653,log1p,20260925,DLG5
1.0,0.42657188659373113,0.26,1.2252049814981931,0.966570668233971,328.5337734770815,296.0737007986536,1249,0.7830264211369096,0.6750200515003609,log1p,20260925,DNMT1
1.0,0.03608040977841069,0.03,5.274436759174096,5.041496346261452,185.5675562129437,7.122725282478875,1,,,log1p,20260925,DZIP3
0.9672131147540983,0.02333867965318535,0.02,4.555979430667717,4.276411267309446,146.23897198313045,7.661271256088746,4,,,log1p,20260925,EID2
1.0,0.14679673598723963,0.09,2.370803637795721,2.1421827240498215,208.39805538945538,42.01560178119702,121,0.7603305785123967,0.7896385291584204,log1p,20260925,EIF4B
1.0,0.16995918180088554,0.05,2.4504571948843674,2.2010499948450346,245.7212727183923,48.21426153907538,168,0.75,0.7502044460365936,log1p,20260925,EWSR1
1.0,0.16926872864147421,0.12,3.072097691279309,2.6785917874221115,117.76875494615429,16.203624068291273,32,0.9375,0.4953716116447843,log1p,20260925,FOXH1
0.9426229508196722,0.04460265813110755,0.03,2.6692274638409854,1.9279886273448055,225.2442716221761,49.55702396914154,210,0.5285714285714286,0.9586167840360124,log1p,20260925,GSK3B
0.9918032786885246,0.04174117766847097,0.01,3.8516676367345877,3.701290539079223,209.06828589790712,14.528155782774952,21,0.47619047619047616,1.0795455560717027,log1p,20260925,HAT1
1.0,0.1455544760824843,0.07,5.172797245709362,4.377267138784231,364.5451902342106,19.302192887177647,30,0.6666666666666666,0.9072436449269246,log1p,20260925,HIRA
0.1885245901639344,-0.03701924005980298,0.0,3.311174952383432,2.77539765583065,156.68735861332715,17.5888817695471,26,0.23076923076923078,1.1157302087442025,log1p,20260925,HMGB2
0.9098360655737705,0.016337702360907806,0.02,4.547048041120935,4.192898787692685,159.82399253423733,8.665649004259743,3,,,log1p,20260925,HMGN1
0.540983606557377,0.004900635489746313,0.0,5.905400415656175,6.120370979499595,247.66456507851245,6.449773819997329,0,,,log1p,20260925,IDE
0.7786885245901639,0.061016758345426095,0.03,4.865368182068248,4.643031554447684,169.19602038627025,7.693827921327384,6,,,log1p,20260925,IGF2R
0.6639344262295082,0.012446551146408195,0.01,4.321321322257601,3.673051403494498,196.50459843745773,13.646273051761941,12,0.4166666666666667,1.0257731074734506,log1p,20260925,IKBKG
0.008196721311475419,-0.08228926320399566,0.01,2.571513443508898,2.0959389786583014,391.4076792234893,68.21436740295266,211,0.4597156398104265,1.144971654918977,log1p,20260925,INSIG1
0.5983606557377049,-0.003766716135831342,0.0,4.42700328310415,3.697417681516532,143.59780241799916,9.769387549995765,4,,,log1p,20260925,IRF3
1.0,0.47756286265465586,0.25,1.0796213207586365,0.9221298387067913,148.7114823929282,153.37824425186463,725,0.8041379310344827,0.6326106172874572,log1p,20260925,KAT2A
0.29508196721311475,-0.025295255552456174,0.0,2.760059293416165,2.26350413397719,150.09007452681283,24.06075179443121,43,0.5813953488372093,1.020140610589969,log1p,20260925,KDM2B
0.8360655737704918,0.009487548883356314,0.02,4.165932678198363,3.4397753257517034,129.09752962641312,10.11198493030455,6,,,log1p,20260925,KDR
0.38524590163934425,-0.011903343889970483,0.0,5.645110106361761,5.647063238295674,220.9577186414976,6.69087079597112,2,,,log1p,20260925,KIF1B
1.0,0.053239068003026746,0.03,3.278992059193003,2.93062217024407,123.37750587085671,13.300007286384627,15,0.7333333333333333,0.9096919729835511,log1p,20260925,KLF10
0.032786885245901676,-0.05157642626683318,0.01,6.179582370226506,6.33918550555482,247.6972403016804,5.920222444335906,2,,,log1p,20260925,LAD1
0.9836065573770492,0.13035095290162949,0.08,2.2123026346763752,1.7643334240186233,172.67660105088885,47.27100491269485,95,0.6736842105263158,0.7516034760552455,log1p,20260925,LRPPRC
0.3770491803278688,-0.016847198182391054,0.01,2.178089940553406,1.5300055139147455,187.36094117161312,55.22848238108435,188,0.5,1.0385396742202184,log1p,20260925,LZTR1
0.319672131147541,0.002775108485864984,0.0,5.314890882961951,5.3157958091942525,211.65932950954902,7.241618203713607,3,,,log1p,20260925,MAP1B
1.0,0.04904194203108012,0.01,4.061793942356385,4.039485218676689,138.4580029489532,8.182501097657678,1,,,log1p,20260925,MAP3K7
0.5081967213114754,0.02923047883811247,0.01,4.6355296373104675,4.259007792345973,156.20920899052845,8.269342076753372,5,,,log1p,20260925,MAPKAPK2
0.6229508196721312,0.010785906258677763,0.0,5.61154454667596,5.777267107378088,269.7028718741975,7.87403313204214,0,,,log1p,20260925,MAST2
1.0,0.24885459014748076,0.09,1.8330088182760291,1.5254429541215029,473.15132309286895,184.26695059851897,877,0.7035347776510832,0.8308037318632274,log1p,20260925,MAU2
0.9918032786885246,0.09393006447292354,0.02,2.2207410855307708,1.6154196173542283,374.32992677658893,113.22375789941742,369,0.5528455284552846,1.0040787658959365,log1p,20260925,MBTPS1
1.0,0.2255422705844207,0.1,1.804064833746767,1.5980735525822076,174.26961864053416,61.51475170519875,297,0.7037037037037037,0.7421653634083957,log1p,20260925,MED1
1.0,0.09406795966831757,0.02,3.151907971155422,2.8684809916353644,237.46980756541782,27.331448610164685,63,0.7142857142857143,0.7413757386016238,log1p,20260925,MED12
1.0,0.19109640226510263,0.08,2.2849331240244735,2.030076894031521,140.27551963537084,32.28189205061412,111,0.7837837837837838,0.6935252365790344,log1p,20260925,MED13
0.9754098360655737,0.057719025260513625,0.04,3.3181244329723323,3.1127343454101224,146.4635056720796,14.178753537119377,16,0.5625,0.9519675970344014,log1p,20260925,MED13L
1.0,0.26914308315059143,0.16,1.4767882213655363,1.095704575923113,196.47484067616884,121.97603662753404,627,0.7687400318979266,0.7105917979543223,log1p,20260925,MED24
0.9918032786885246,0.23940629418240775,0.02,1.0547208790453109,0.5480340355606231,541.5522551709826,521.7589591021322,2934,0.6530334014996592,0.8807559312569615,log1p,20260925,METTL14
0.9508196721311475,0.04049519390595117,0.01,2.385986966901586,1.9223080417173928,188.37763049653483,41.49671149249956,79,0.620253164556962,0.9298717963252628,log1p,20260925,METTL17
1.0,0.4131170222611156,0.12,0.9677909630327816,0.6047680488370354,447.59183946453527,516.8112415279878,2854,0.748072880168185,0.7705989639054182,log1p,20260925,METTL3
0.8852459016393442,0.019584593489202145,0.01,4.252328639273541,4.1454771191905335,136.8121851617968,7.591143498909098,5,,,log1p,20260925,MKI67
0.9836065573770492,0.040122036748992194,0.03,2.809409234095093,1.906218809062736,134.98555137522737,30.12594658665021,27,0.7037037037037037,0.9720456230894802,log1p,20260925,MTA1
0.5491803278688525,0.000485799433194608,0.01,5.613223058924226,5.765510629657164,222.72349795454394,6.505627959900664,2,,,log1p,20260925,NCK2
0.9426229508196722,0.14437813150306192,0.04,4.084662518779765,4.044948187282115,251.36634164707456,15.52257157290596,17,0.5294117647058824,0.9725264154696845,log1p,20260925,NDUFB4
0.9754098360655737,0.08070298642509899,0.0,6.082605921828964,6.16444865086027,565.7180443328036,14.885182758767087,12,0.5,1.5920937759109535,log1p,20260925,NDUFB6
0.5655737704918034,0.027802286737159957,0.01,4.701073647636009,3.834911986787296,196.61514374984532,12.690324226318992,6,,,log1p,20260925,NISCH
1.0,0.1329778154834125,0.03,2.505515330280463,2.3211862959103238,270.6541095556986,46.90246490662895,138,0.6086956521739131,0.949013054707045,log1p,20260925,NIT1
0.23770491803278693,-0.015019511882784949,0.01,5.374023955573706,4.894171721523845,214.32273290003735,8.538777098219047,5,,,log1p,20260925,NRAS
0.15573770491803274,-0.027547949954225406,0.02,3.2826222670971634,2.5005069258749413,331.000670620456,44.788514093946645,128,0.5546875,0.9500320694852494,log1p,20260925,OXCT1
0.9098360655737705,0.0773293496732496,0.05,3.9734733504315334,3.8097550298474516,198.28949005371527,13.285708722799463,18,0.7222222222222222,0.8905943927145706,log1p,20260925,PAGR1
0.35245901639344257,-0.01714248344686309,0.01,4.858103656004976,4.849203557956153,188.6794371816835,7.64471489712024,4,,,log1p,20260925,PBX1
1.0,0.03643606941170425,0.03,2.811529536639018,2.072410626879632,243.02445452988567,47.24549797390515,116,0.5172413793103449,1.0786255374886367,log1p,20260925,PHF10
0.5327868852459017,-0.008469471890137832,0.02,3.2826501089747175,3.0140037427389927,153.1039162373629,15.106048180617183,24,0.5,1.1572977494714862,log1p,20260925,PHF14
0.30327868852459017,-0.011577309988320498,0.0,5.8735250339836895,5.985126256812251,256.29615671821546,6.9343598555527795,2,,,log1p,20260925,PLCB3
0.9180327868852459,0.024699855346346937,0.01,4.680751042690895,3.9300126966869597,151.90008098903002,9.347203583334098,1,,,log1p,20260925,PMS1
0.860655737704918,0.014586211463650965,0.02,4.640347553604683,4.302800432318066,177.4357497466758,9.151565276077248,3,,,log1p,20260925,POLB
0.24590163934426235,-0.011363784576996128,0.0,5.58805409740621,5.005398869144881,230.69789611992482,8.816105543913617,6,,,log1p,20260925,PRCP
1.0,0.11089758893888968,0.01,4.664307160174472,4.103403454875113,464.32210577281813,27.429552199261032,104,0.6057692307692307,0.9588689770259915,log1p,20260925,PRR12
0.319672131147541,0.003015497781850776,0.01,5.87419837343702,6.313757694377315,243.89281850817827,5.9740375389209905,2,,,log1p,20260925,PTPN1
0.7295081967213115,0.014412775730975904,0.0,5.792805407759239,6.004848034665488,220.9913066771225,5.991342454168576,0,,,log1p,20260925,RAB3B
0.7704918032786885,0.05101835191899566,0.04,4.48562780511984,4.0080680537228135,264.833040213869,15.900502690749565,38,0.5526315789473685,0.8695964767299701,log1p,20260925,RAF1
1.0,0.11051654625887422,0.05,1.7780823347346495,1.2835849165933093,185.36089494595186,78.41398389155121,369,0.6612466124661247,0.8681235199726073,log1p,20260925,RNF2
0.0901639344262295,-0.04357362759136472,0.0,4.395721457079265,3.729598425172457,165.5895225753755,10.869071071300136,4,,,log1p,20260925,RRM1
1.0,0.060571897970841324,0.01,2.6614312765491626,2.268056371877127,264.1712922668164,45.00885087723821,163,0.558282208588957,0.9987788339098101,log1p,20260925,SAFB
1.0,0.3515844638940676,0.16,1.1971941339176508,0.9683858582964368,250.95273653563507,199.670816517702,1125,0.7502222222222222,0.700862472903852,log1p,20260925,SIN3B
1.0,0.07794221244144166,0.05,3.453819487056106,3.2300167680540275,135.84879667968508,12.429553860157547,25,0.84,0.564329964957647,log1p,20260925,SIX4
0.9918032786885246,0.13166361081943873,0.03,3.833037813071733,3.653331215439538,260.0635641324061,19.42975764584817,20,0.45,1.1464129343746383,log1p,20260925,SLC25A3
0.8934426229508197,0.02821722113826641,0.0,3.8685397159025183,2.995246312476308,316.9642447034873,32.335155617567125,79,0.5949367088607594,0.9687844784832313,log1p,20260925,SMAGP
0.8442622950819672,0.018452199208976002,0.02,1.1188180627962112,0.38201611959723125,542.1487312170938,478.99842202935355,2187,0.5230909922267947,0.9862822188351594,log1p,20260925,SMARCA4
1.0,0.23545647757065452,0.09,1.4717421798545167,1.1183468936353522,277.03577937008805,160.6884127437941,931,0.7132116004296455,0.7867929885823914,log1p,20260925,SMARCA5
1.0,0.13927384730945727,0.05,1.4125497623673968,0.8593004823569191,322.38383925112413,215.0600329516683,1133,0.646072374227714,0.8892022274440355,log1p,20260925,SOX2
0.9262295081967213,0.032975625173310034,0.01,6.450292011621129,6.510019849254483,424.3634685528557,9.880173346383751,6,,,log1p,20260925,SRC
1.0,0.04992056419931262,0.03,2.9188045858089815,2.456145417969681,198.56133906847282,29.254291616807656,59,0.5254237288135594,0.9447124353307814,log1p,20260925,SSBP1
1.0,0.20607077177689218,0.05,2.1147124729081073,1.7632070466442893,327.2365963006421,96.7523509635953,445,0.7415730337078652,0.7496251824986749,log1p,20260925,STAG2
0.6639344262295082,-0.0026557683875409683,0.01,4.506986452423733,4.244096505069255,143.56566880214683,7.5422348030052815,8,,,log1p,20260925,STAT1
0.8278688524590164,0.009268135823813018,0.01,3.0595677130050634,2.358528945777437,169.22641190780948,25.95918969962473,68,0.5147058823529411,0.9862177319358812,log1p,20260925,STAT6
0.9180327868852459,0.03644834856452237,0.03,5.315576992689805,4.8221924435011445,317.3482669638721,13.277049082877419,19,0.5263157894736842,0.9992322338990406,log1p,20260925,STX4
0.8934426229508197,0.07960778459618686,0.01,4.233367452908418,3.345621336663595,186.06928914232816,15.957221000842587,18,0.8333333333333334,0.7666800980354413,log1p,20260925,SV2A
1.0,0.336689772147397,0.17,1.4723118136578022,1.2808067108119738,190.08335633167124,106.90871731150742,519,0.7707129094412332,0.661715863011649,log1p,20260925,TADA1
0.6475409836065573,5.472496796372453e-06,0.01,4.110061386125615,4.063452421571752,175.9030321664889,10.044942840033457,4,,,log1p,20260925,TARBP2
0.9344262295081968,0.020870307388360394,0.03,4.362069569306751,4.270980926736061,173.08911046909168,9.079844081761223,6,,,log1p,20260925,TCF3
1.0,0.0861326921199199,0.04,3.736997637298131,3.510505818402114,195.63312902268362,15.38127803967939,45,0.5111111111111111,1.0483478254591663,log1p,20260925,TET1
1.0,0.11339638543664801,0.05,2.3581281401508773,1.8949244386587651,182.8842115054458,43.95216012740541,93,0.6344086021505376,0.841393011773683,log1p,20260925,TFAM
1.0,0.34997471270440306,0.22,2.2472760238554343,1.9646529665074384,179.21768749361794,51.4298230003904,258,0.8372093023255814,0.5497194171839251,log1p,20260925,TGFBR2
0.360655737704918,0.00983294654035555,0.01,5.478177274280986,5.355781218301652,242.51447887273287,8.198855126981474,6,,,log1p,20260925,TMBIM6
0.23770491803278693,-0.006577446849819751,0.0,2.6100920165558064,1.754400552042244,345.72512416763504,84.30263426260876,254,0.4566929133858268,1.1102234921597414,log1p,20260925,TMSB10
0.12295081967213117,-0.03632714655280182,0.01,4.712729889632188,4.850113076859143,166.1280194401815,6.678250672178237,0,,,log1p,20260925,TMSB4X
0.8524590163934427,0.025023790262688132,0.01,5.72272511119727,5.727901956588841,268.5868573466958,8.012210174475577,1,,,log1p,20260925,TRAM2
0.5081967213114754,0.0021645332704350686,0.01,3.3718499081260758,2.6663592382196093,392.38934653538513,48.455519812672556,221,0.47058823529411764,1.14875787071254,log1p,20260925,TRAPPC6A
0.10655737704918034,-0.03200048284557191,0.0,4.9037017976229835,4.512906054388246,204.76951242356836,9.455926150273223,3,,,log1p,20260925,TSC22D4
0.05737704918032782,-0.04747956002656133,0.0,5.73065292623473,5.4866583557845345,231.32718425566932,7.314825838630052,4,,,log1p,20260925,TWF2
0.5901639344262295,0.010573761186075234,0.03,4.657990782064932,4.394070681295194,311.72278419795,15.420421000084424,24,0.4583333333333333,0.9113244407350006,log1p,20260925,TXNDC9
0.9098360655737705,0.03430470418811577,0.01,3.2655331855424423,2.5339210993014434,174.2348649661203,24.042657867481203,36,0.5555555555555556,0.955328373182017,log1p,20260925,UBE3C
0.9836065573770492,0.1434841306896905,0.03,3.923507227455227,3.69472161042773,328.2935203674989,24.15574781099572,47,0.5531914893617021,0.9904867533212861,log1p,20260925,UQCRQ
1.0,0.07380463670390383,0.02,3.3171108838754386,3.168826975391366,167.34684204550874,15.826681899792487,20,0.35,1.2037321660158895,log1p,20260925,USP22
0.2622950819672131,-0.0033503614039917568,0.01,5.3855405811551105,5.2223175662412356,202.35654659711025,7.148489770333529,4,,,log1p,20260925,WFS1
0.5901639344262295,0.0016893639480213725,0.05,3.5643118381449947,3.078282573956613,340.7182780115809,32.55657037688374,103,0.5145631067961165,1.1447252089653621,log1p,20260925,WSB2
0.9508196721311475,0.02194074122935601,0.01,3.0662572218464037,2.4547485901002433,175.12283041225572,25.313817835146892,14,0.9285714285714286,0.7730131677140284,log1p,20260925,XRCC4
0.9098360655737705,0.024069473996643134,0.0,4.088816416822665,4.077472633512427,119.42269980965509,6.851757919079917,2,,,log1p,20260925,ZNF286A
0.9672131147540983,0.03436089417442142,0.03,3.9933772103214595,3.5967805812518394,114.0978902175513,8.334607696182072,3,,,log1p,20260925,ZNF426
0.9590163934426229,0.035163986880936436,0.03,3.9759039867314185,3.8332326136125063,126.78290936197185,8.219798985184106,8,,,log1p,20260925,ZNF562
1.0,0.033296785724468196,0.01,4.053505213542646,3.88454561059148,235.9238580305088,14.902642054461282,21,0.5238095238095238,1.1878626428711894,log1p,20260925,ZNF593
0.8688524590163934,0.013504894134774903,0.03,4.349159412680954,3.4260539058134403,142.57242112034774,11.274728689325888,8,,,log1p,20260925,ZNF714
0.34426229508196726,-0.0041846995286055665,0.0,1.0229465586234963,0.128243934915976,64.09709024188001,62.99345551498004,308,0.5227272727272727,1.001287123464089,unchanged,20260926,ACAT2
0.7868852459016393,0.004276455442459217,0.0,1.067303061803209,0.278277092310884,14.849742721279902,13.812968118568701,24,0.5,1.0084566390256728,unchanged,20260926,ACVR1B
0.4098360655737705,-0.0007500337822051286,0.0,1.0577531668754752,0.23177539413588674,20.791609128612343,19.72512091528857,49,0.5306122448979592,1.000247937991155,unchanged,20260926,AKT2
0.11475409836065575,-0.010398642091071244,0.0,1.1005680382494065,0.4157486747124603,7.316700843491299,6.192756404375936,2,,,unchanged,20260926,ANTXR1
0.5901639344262295,0.0009023238435175013,0.0,1.0282199821675266,0.14861073987787402,49.44370527155473,48.38802555772017,217,0.47465437788018433,1.0027714297255221,unchanged,20260926,ARID1A
0.34426229508196726,-0.0016676604936373786,0.0,1.0415002595859923,0.19898202706020743,27.475629058521932,26.41233409544507,64,0.546875,1.009665561280614,unchanged,20260926,ATM
0.5573770491803278,0.0032487944050333313,0.0,1.0868189481250852,0.3807213469072012,8.05819392256616,7.053278287402917,2,,,unchanged,20260926,ATP1B1
0.09836065573770492,-0.00698506336472059,0.0,1.0430981106283959,0.19819304585225334,28.226382620865607,27.087378263499872,74,0.4189189189189189,1.0084647766654635,unchanged,20260926,BIRC2
0.9754098360655737,0.014536978442056942,0.0,1.0341642959179218,0.20139919751886443,27.448493681575172,26.52781495402035,63,0.5396825396825397,0.9842249654162861,unchanged,20260926,C1QBP
0.15573770491803274,-0.005830121409795462,0.0,1.0914659475505748,0.37325523549593614,8.576041782249497,7.498691845734399,1,,,unchanged,20260926,CALM3
0.8360655737704918,0.006740470572867875,0.01,1.0890656188918542,0.3947344811944213,7.510655504554146,6.528200962092747,2,,,unchanged,20260926,CAMSAP2
0.23770491803278693,-0.00881873498683976,0.0,1.0907766913408574,0.3777575820069373,8.563574798326046,7.450710725090044,2,,,unchanged,20260926,CASP2
0.139344262295082,-0.008830420573344227,0.01,1.0182824953362335,0.10644635983340557,92.68607787913356,91.47758942064371,407,0.5405405405405406,0.997708378171039,unchanged,20260926,CASP3
0.6229508196721312,0.002516753702597236,0.0,1.0656863114511295,0.3027398555851966,12.420849434395173,11.393941129561444,7,,,unchanged,20260926,CDCA2
0.8032786885245902,0.005875078221530855,0.0,1.0721416815952998,0.2965558758281242,13.673989440130594,12.609021293969683,5,,,unchanged,20260926,CENPO
0.3114754098360656,-0.0022446688354548164,0.0,1.0902689345022492,0.37271091895729147,8.53288349622719,7.481135663140309,3,,,unchanged,20260926,CLDN6
0.7295081967213115,0.003828843285205498,0.0,1.0692355956686583,0.3279229570381401,10.689693035356274,9.673734820860822,6,,,unchanged,20260926,CLDN7
0.6967213114754098,0.005472874885977686,0.0,1.0885325859424262,0.3839830589047079,8.035923034411828,7.029077870685338,4,,,unchanged,20260926,CREG1
0.032786885245901676,-0.011094814285307453,0.0,1.0642727319487186,0.25567090771471884,17.28277940705126,16.136433374893258,27,0.48148148148148145,1.00436788279985,unchanged,20260926,DAXX
0.7295081967213115,0.0042701669262310395,0.0,1.0631776576392178,0.2628539236907529,15.861499459961804,14.867637654619715,30,0.3,1.0135363393434826,unchanged,20260926,DHCR24
0.10655737704918034,-0.009590281577496248,0.0,1.0071679539000082,0.06333768135209657,258.7585759849119,257.41320220865396,1355,0.4900369003690037,1.000710863043284,unchanged,20260926,DHX36
0.16393442622950816,-0.007911555159096716,0.0,1.0546823939140146,0.202294800741794,27.336821871864046,26.18158259644693,83,0.4819277108433735,1.0043386451598117,unchanged,20260926,DLG5
0.8770491803278688,0.008320237933102374,0.02,1.00699309468156,0.05966785794767164,296.83382612420746,296.0737007986536,1249,0.4747798238590873,1.0011209273465798,unchanged,20260926,DNMT1
0.5901639344262295,0.0012894208282622415,0.0,1.0922308628231479,0.379304594874806,8.140518630001406,7.122725282478875,1,,,unchanged,20260926,DZIP3
0.639344262295082,0.0027414733632485345,0.0,1.0914088509152438,0.3728077700861159,8.710417603797671,7.661271256088746,4,,,unchanged,20260926,EID2
0.4098360655737705,-0.0014439086720826895,0.01,1.0295701987754244,0.15978946625961793,43.10776022113599,42.01560178119702,121,0.4628099173553719,1.0033426220663255,unchanged,20260926,EIF4B
0.38524590163934425,-0.0014123924891684377,0.0,1.0263470947156035,0.14887309511656538,49.30311954520431,48.21426153907538,168,0.5,0.9993889386315865,unchanged,20260926,EWSR1
0.7704918032786885,0.004511447710868033,0.0,1.059777363965394,0.2570282250910413,17.236513871348166,16.203624068291273,32,0.59375,0.988165765621029,unchanged,20260926,FOXH1
0.9344262295081968,0.008726258960970781,0.0,1.0322685605192932,0.14556989664159228,50.48126413020225,49.55702396914154,210,0.5476190476190477,0.9959875250913423,unchanged,20260926,GSK3B
0.9508196721311475,0.01222169432132979,0.0,1.052856023006598,0.2689999307873791,15.483900577656932,14.528155782774952,21,0.5714285714285714,0.9791749900948058,unchanged,20260926,HAT1
0.3688524590163934,-0.0015641707515054834,0.02,1.0606380827360051,0.23106689052087548,20.346726500694317,19.302192887177647,30,0.4666666666666667,0.9924553689199865,unchanged,20260926,HIRA
0.4672131147540983,-0.000470913468476245,0.0,1.0576753625605368,0.24580793719599778,18.655701104195796,17.5888817695471,26,0.5,1.0074799666290246,unchanged,20260926,HMGB2
0.5491803278688525,0.0029705899384889116,0.0,1.0873476843851835,0.34804153292432244,9.697425640652419,8.665649004259743,3,,,unchanged,20260926,HMGN1
0.33606557377049184,-0.004390808810978773,0.0,1.0975144401105261,0.40707716017992257,7.541634167208823,6.449773819997329,0,,,unchanged,20260926,IDE
0.4508196721311475,-0.0007568656957137677,0.01,1.0962110462075334,0.36431461145739985,8.719235229106712,7.693827921327384,6,,,unchanged,20260926,IGF2R
0.09836065573770492,-0.007283708355415594,0.0,1.0731216858525112,0.2756271204578914,14.737776815506455,13.646273051761941,12,0.5,0.9930755925783942,unchanged,20260926,IKBKG
0.34426229508196726,-0.0011945195290704613,0.01,1.02069024242636,0.1253842687448491,69.3072136002109,68.21436740295266,211,0.5118483412322274,1.0000625683653246,unchanged,20260926,INSIG1
0.9590163934426229,0.013649868312746614,0.0,1.0846697436767498,0.32663142011998364,10.724551638172791,9.769387549995765,4,,,unchanged,20260926,IRF3
0.032786885245901676,-0.01324124749588337,0.0,1.0117165508532038,0.08325540369075372,154.77954977204433,153.37824425186463,725,0.5048275862068966,1.001112906171835,unchanged,20260926,KAT2A
0.040983606557377095,-0.01238635351398061,0.0,1.0481473895065831,0.20836758080317955,25.22959611474193,24.06075179443121,43,0.5116279069767442,0.9931295130944033,unchanged,20260926,KDM2B
0.860655737704918,0.008416096070623713,0.0,1.0897362903819063,0.32489925437476835,11.124101175125773,10.11198493030455,6,,,unchanged,20260926,KDR
0.4016393442622951,-0.0014775940394426538,0.0,1.0938630155494555,0.3916224776637653,7.724780838004117,6.69087079597112,2,,,unchanged,20260926,KIF1B
0.5163934426229508,-0.001757995542414449,0.0,1.0679188793313839,0.2830725593941683,14.378975092041319,13.300007286384627,15,0.6666666666666666,0.9977395500071939,unchanged,20260926,KLF10
0.0,-0.016279850690945705,0.01,1.1075371155847054,0.4207361916784903,7.04931535595041,5.920222444335906,2,,,unchanged,20260926,LAD1
0.024590163934426257,-0.01066853960284397,0.0,1.03358718274236,0.1481893437250726,48.4585475404816,47.27100491269485,95,0.5052631578947369,1.0009040364814414,unchanged,20260926,LRPPRC
0.7295081967213115,0.004150255233674952,0.0,1.029068570864555,0.13744314587335946,56.208775245026956,55.22848238108435,188,0.5,0.9971966053308366,unchanged,20260926,LZTR1
0.23770491803278693,-0.005078323393535126,0.0,1.092739882754393,0.3767647289847828,8.297289192259353,7.241618203713607,3,,,unchanged,20260926,MAP1B
0.5327868852459017,-0.0006587068948312855,0.01,1.0796520700132508,0.36105570780006735,9.253074043810539,8.182501097657678,1,,,unchanged,20260926,MAP3K7
0.3770491803278688,-0.0040597850034109415,0.0,1.0891109773761107,0.35419515547830854,9.330547742127955,8.269342076753372,5,,,unchanged,20260926,MAPKAPK2
0.2622950819672131,-0.0044891625910883255,0.0,1.0824923300084657,0.3641079221366326,8.943670598187579,7.87403313204214,0,,,unchanged,20260926,MAST2
0.7295081967213115,0.005305374949960913,0.0,1.011031203522003,0.07677411149542955,185.2029591368771,184.26695059851897,877,0.5347776510832383,0.9981440403904525,unchanged,20260926,MAU2
0.5737704918032787,-0.00142510195574614,0.0,1.0183878804637547,0.09560084365894578,114.28942027185732,113.22375789941742,369,0.4878048780487805,1.0016403917565897,unchanged,20260926,MBTPS1
0.5983606557377049,0.002070253087124106,0.0,1.019124008560681,0.13050301853402194,62.52917236247404,61.51475170519875,297,0.5084175084175084,0.9991752168356879,unchanged,20260926,MED1
0.7950819672131147,0.005183029143459064,0.0,1.0354235676769492,0.19299617130345437,28.29479778992743,27.331448610164685,63,0.47619047619047616,1.0016996250444137,unchanged,20260926,MED12
0.180327868852459,-0.006313751701637697,0.0,1.0382384978088144,0.17737715956457115,33.369872111384424,32.28189205061412,111,0.5585585585585585,0.9969656125958353,unchanged,20260926,MED13
0.8360655737704918,0.005697179017648404,0.0,1.0584258951358727,0.27197422371256175,15.18361607380089,14.178753537119377,16,0.625,0.9989035117299234,unchanged,20260926,MED13L
0.16393442622950816,-0.007473492544935719,0.01,1.0140683366036845,0.09321490372649868,123.20583562807565,121.97603662753404,627,0.49282296650717705,1.0002675487734651,unchanged,20260926,MED24
0.5819672131147541,-0.0017659201245183954,0.0,1.003705181277462,0.045303607988324696,522.9133101034492,521.7589591021322,2934,0.49625085207907293,1.000350647866696,unchanged,20260926,METTL14
0.6065573770491803,0.0004032826394682013,0.0,1.0313288000920875,0.16135310586787696,42.57167064761064,41.49671149249956,79,0.4936708860759494,1.0002823585398166,unchanged,20260926,METTL17
0.11475409836065575,-0.007544165049693501,0.0,1.0044919593631565,0.04491230195792132,518.2039271508706,516.8112415279878,2854,0.5105115627189909,0.9998561595881732,unchanged,20260926,METTL3
0.8114754098360656,0.003948280757703607,0.0,1.0887006054479824,0.37048492647779674,8.610888554294041,7.591143498909098,5,,,unchanged,20260926,MKI67
0.7459016393442623,0.004415738607264401,0.0,1.0504400008928065,0.18830596265239855,31.144086564628857,30.12594658665021,27,0.5185185185185185,0.9975782191332773,unchanged,20260926,MTA1
0.040983606557377095,-0.010257263877716097,0.0,1.0942481735540062,0.39638834711123544,7.580718380481732,6.505627959900664,2,,,unchanged,20260926,NCK2
0.23770491803278693,-0.004642637210035911,0.0,1.05809577055057,0.26297713180965004,16.633968863832944,15.52257157290596,17,0.47058823529411764,0.9952604169469939,unchanged,20260926,NDUFB4
0.47540983606557374,-0.0025882472049520984,0.0,1.0614549147447643,0.27139545275376425,16.002470066585417,14.885182758767087,12,0.5,0.9836372937994547,unchanged,20260926,NDUFB6
0.9426229508196722,0.013204919561405624,0.0,1.0756825177449778,0.2924475645974743,13.67765790926121,12.690324226318992,6,,,unchanged,20260926,NISCH
0.7786885245901639,0.006195518784244003,0.0,1.023298785556431,0.14987268188354835,47.86887813005474,46.90246490662895,138,0.5362318840579711,1.0005875003993079,unchanged,20260926,NIT1
0.8114754098360656,0.004789651947548045,0.0,1.0884067141018705,0.3482919707202291,9.546104336491714,8.538777098219047,5,,,unchanged,20260926,NRAS
0.860655737704918,0.005937284276198462,0.0,1.0330874726413415,0.15538201924729475,45.78722976620635,44.788514093946645,128,0.5234375,1.0006155483184642,unchanged,20260926,OXCT1
0.9180327868852459,0.010948264111529075,0.0,1.0571140572708442,0.2815677651424823,14.257093978375284,13.285708722799463,18,0.2777777777777778,1.03488235044765,unchanged,20260926,PAGR1
0.09836065573770492,-0.011731906326298419,0.0,1.0873058408178682,0.36988861763096165,8.756994820788126,7.64471489712024,4,,,unchanged,20260926,PBX1
0.5163934426229508,-0.001048783827685521,0.01,1.0339143207996295,0.1483475572853167,48.299930877783936,47.24549797390515,116,0.41379310344827586,1.0020332982253468,unchanged,20260926,PHF10
0.48360655737704916,0.0010079901090598823,0.0,1.0550463057286137,0.26319782951707876,16.144475634903742,15.106048180617183,24,0.4166666666666667,1.0061300437718497,unchanged,20260926,PHF14
0.319672131147541,-0.0038166015329086293,0.01,1.0947923488487816,0.3948144050345994,8.036174944955578,6.9343598555527795,2,,,unchanged,20260926,PLCB3
0.2622950819672131,-0.006453966707456074,0.0,1.0963225535979397,0.33714830189245937,10.450368638381434,9.347203583334098,1,,,unchanged,20260926,PMS1
0.0,-0.01540316073416873,0.0,1.089251030272189,0.3394278817975444,10.301622455055476,9.151565276077248,3,,,unchanged,20260926,POLB
0.7950819672131147,0.006606214566886226,0.0,1.0914164505808615,0.349842432306817,9.854355892955791,8.816105543913617,6,,,unchanged,20260926,PRCP
0.7459016393442623,0.006752159294195973,0.0,1.041300361617836,0.19415525040302412,28.39162527987365,27.429552199261032,104,0.5,0.9963439690611067,unchanged,20260926,PRR12
0.23770491803278693,-0.006202054207250166,0.01,1.1023273081350669,0.4229157825960117,7.073879669329336,5.9740375389209905,2,,,unchanged,20260926,PTPN1
0.6557377049180328,0.003641582698109223,0.01,1.0932110552203276,0.4135870704562737,6.998139873342405,5.991342454168576,0,,,unchanged,20260926,RAB3B
0.9836065573770492,0.01320448459947106,0.0,1.0558129339079854,0.2578979106995598,16.849770880018568,15.900502690749565,38,0.42105263157894735,1.0101607397204255,unchanged,20260926,RAF1
0.8360655737704918,0.007749761042884811,0.0,1.019241053901709,0.11688259238874395,79.34318302026979,78.41398389155121,369,0.4959349593495935,0.9974918796105833,unchanged,20260926,RNF2
0.3688524590163934,-0.003465472695098115,0.0,1.083708315133583,0.31013741531852373,11.93787858683893,10.869071071300136,4,,,unchanged,20260926,RRM1
0.4426229508196722,-0.001645737389696362,0.0,1.0238585036782968,0.15251413899800573,46.078376353365314,45.00885087723821,163,0.44171779141104295,1.0076692554203948,unchanged,20260926,SAFB
0.8278688524590164,0.008249343631912726,0.0,1.0076710967129987,0.07158001074965639,200.45806298427829,199.670816517702,1125,0.4951111111111111,0.9998910047755584,unchanged,20260926,SIN3B
0.7049180327868853,0.0006808451534844953,0.01,1.0614339483819768,0.2883306910419211,13.45799963636667,12.429553860157547,25,0.52,0.9949175057068379,unchanged,20260926,SIX4
0.5573770491803278,0.00033009272250316774,0.0,1.0491353625413098,0.23085777699364826,20.462311396104006,19.42975764584817,20,0.35,1.0133442394999468,unchanged,20260926,SLC25A3
0.24590163934426235,-0.002821363429083934,0.0,1.0443778437284685,0.18313705137968328,33.45306511155967,32.335155617567125,79,0.5063291139240507,0.9996493548437753,unchanged,20260926,SMAGP
0.8852459016393442,0.007897368992716501,0.0,1.0035191706265774,0.04672485340055815,479.6906729958023,478.99842202935355,2187,0.5130315500685871,0.9994140731503667,unchanged,20260926,SMARCA4
0.639344262295082,0.001490329412636344,0.0,1.0091899994006701,0.08085152005828544,161.7001033747689,160.6884127437941,931,0.5016111707841031,0.9993987150703376,unchanged,20260926,SMARCA5
0.5327868852459017,0.001284048833283629,0.0,1.008161565956271,0.07132615804170717,216.11474074857435,215.0600329516683,1133,0.5075022065313327,1.000067909344525,unchanged,20260926,SOX2
0.5327868852459017,-0.0012540288093737563,0.0,1.0709836993489474,0.3274084432371201,10.947404456499097,9.880173346383751,6,,,unchanged,20260926,SRC
0.6147540983606558,0.0009855415423884386,0.0,1.0423530076873686,0.19178236495799153,30.31921969580253,29.254291616807656,59,0.6101694915254238,0.996420835747649,unchanged,20260926,SSBP1
0.7622950819672132,0.00788463342707811,0.0,1.0144835800364636,0.10241386006066783,97.6108933259475,96.7523509635953,445,0.5078651685393258,0.99709442158345,unchanged,20260926,STAG2
0.4180327868852459,-0.0034745129544594302,0.0,1.0950352772130896,0.37306856070209,8.61151714702081,7.5422348030052815,8,,,unchanged,20260926,STAT1
0.9344262295081968,0.007172594648265477,0.0,1.0459276629606586,0.20077554115709587,26.93085916771553,25.95918969962473,68,0.47058823529411764,1.0049617988112127,unchanged,20260926,STAT6
0.6229508196721312,0.0027538399530921062,0.0,1.0681518419747378,0.2775257790074119,14.27936053504254,13.277049082877419,19,0.47368421052631576,1.0002918043761442,unchanged,20260926,STX4
0.7213114754098361,0.006551441747152681,0.0,1.0677945371829074,0.2585527012176107,16.96989358643082,15.957221000842587,18,0.3888888888888889,1.0000836117945509,unchanged,20260926,SV2A
0.180327868852459,-0.009282772389109618,0.0,1.015074485240307,0.09980035150749851,108.1716255049092,106.90871731150742,519,0.47398843930635837,1.0034336275655247,unchanged,20260926,TADA1
0.3114754098360656,-0.0027249209836685533,0.0,1.0773859891964834,0.3314032666907372,11.166302204994487,10.044942840033457,4,,,unchanged,20260926,TARBP2
0.2786885245901639,-0.006660612783448401,0.0,1.0815451689661422,0.34021194764611334,10.17193331000657,9.079844081761223,6,,,unchanged,20260926,TCF3
0.049180327868852514,-0.01475842621832488,0.0,1.0552823546953913,0.26216401539416817,16.557457108430313,15.38127803967939,45,0.4666666666666667,1.008073650276542,unchanged,20260926,TET1
0.3114754098360656,-0.0024136334536342253,0.0,1.0338472957518452,0.1540654977547729,45.02810429904977,43.95216012740541,93,0.5376344086021505,1.0025716664173148,unchanged,20260926,TFAM
0.9344262295081968,0.011373549861032907,0.0,1.0271793060084597,0.14281948291415414,52.31177635529177,51.4298230003904,258,0.5116279069767442,0.9935021124730297,unchanged,20260926,TGFBR2
0.7295081967213115,0.0023369651646516112,0.01,1.0871994920387276,0.3575508794517306,9.233316677352343,8.198855126981474,6,,,unchanged,20260926,TMBIM6
0.2786885245901639,-0.0025377574093066475,0.01,1.0259196163286552,0.11220970027371106,85.41210235446572,84.30263426260876,254,0.5039370078740157,1.0008645666220248,unchanged,20260926,TMSB10
0.9672131147540983,0.013569661546338358,0.01,1.0879904779392209,0.40259475735503225,7.687710931656663,6.678250672178237,0,,,unchanged,20260926,TMSB4X
0.9262295081967213,0.011035167688483751,0.01,1.0808614759634807,0.3620972136445891,8.998695806644392,8.012210174475577,1,,,unchanged,20260926,TRAM2
0.5901639344262295,0.0039248617750811,0.0,1.0296289814578323,0.14764710348605606,49.455674605228666,48.455519812672556,221,0.497737556561086,1.0004882999285774,unchanged,20260926,TRAPPC6A
0.4098360655737705,-0.001228502307625565,0.0,1.0825912144150893,0.3332546955282137,10.513831532089466,9.455926150273223,3,,,unchanged,20260926,TSC22D4
0.4918032786885246,-0.0009801587997857982,0.0,1.0941866575106867,0.3823140891896178,8.389472649530205,7.314825838630052,4,,,unchanged,20260926,TWF2
0.7131147540983607,0.005220508872886985,0.0,1.0599471178391682,0.26223470072052635,16.438616612050595,15.420421000084424,24,0.5,0.9867630577735422,unchanged,20260926,TXNDC9
0.08196721311475408,-0.011444109799368041,0.0,1.0581402218607918,0.20862203008247923,25.20387348162478,24.042657867481203,36,0.4444444444444444,1.0006541793051453,unchanged,20260926,UBE3C
0.180327868852459,-0.007639116833408745,0.0,1.0454749457539299,0.210461363002579,25.303374422659143,24.15574781099572,47,0.425531914893617,1.003485074074038,unchanged,20260926,UQCRQ
0.29508196721311475,-0.0036604878449139305,0.0,1.052649310024809,0.253016441039618,16.86917984417903,15.826681899792487,20,0.55,0.9826521395451776,unchanged,20260926,USP22
0.7540983606557377,0.004785504892854633,0.01,1.0913319033564373,0.384040808813213,8.176526125797922,7.148489770333529,4,,,unchanged,20260926,WFS1
0.4426229508196722,0.001742936509601668,0.0,1.0353234467671402,0.18128286158958687,33.60591900091437,32.55657037688374,103,0.5533980582524272,0.9945971390413606,unchanged,20260926,WSB2
0.14754098360655743,-0.008450628784729021,0.0,1.0492828940818624,0.2048532055337786,26.46375148848555,25.313817835146892,14,0.42857142857142855,1.0132820459649483,unchanged,20260926,XRCC4
0.5819672131147541,-0.0006059118134283936,0.0,1.0930516302688202,0.39215895288549035,7.908736624401433,6.851757919079917,2,,,unchanged,20260926,ZNF286A
0.5327868852459017,-0.0024511522453868053,0.0,1.0937790182154647,0.3576805653017527,9.41551334879679,8.334607696182072,3,,,unchanged,20260926,ZNF426
0.5901639344262295,0.0010878537741074636,0.0,1.0862403164885404,0.35525881605416254,9.250856762645965,8.219798985184106,8,,,unchanged,20260926,ZNF562
0.2295081967213115,-0.007993136710572694,0.0,1.056307732021227,0.26189493083201276,15.98719194540226,14.902642054461282,21,0.3333333333333333,1.0277857191670035,unchanged,20260926,ZNF593
0.3770491803278688,-0.0025114046641342494,0.01,1.0921242074962147,0.30481457992232575,12.339547368332997,11.274728689325888,8,,,unchanged,20260926,ZNF714
0.9836065573770492,0.07961402466245651,0.04,3.4789910458573536,3.340465299269957,732.4131049565772,62.99345551498004,308,0.577922077922078,1.1153875402542024,additive,20260926,ACAT2
0.9918032786885246,0.09478970012232593,0.05,5.259060022678653,5.971122339361412,490.6684001571982,13.812968118568701,24,0.7083333333333334,0.9988870847184641,additive,20260926,ACVR1B
0.2786885245901639,-0.011763878803718254,0.01,4.586570210730312,4.868516298173159,489.5182511335772,19.72512091528857,49,0.46938775510204084,1.236775348887093,additive,20260926,AKT2
0.180327868852459,-0.038876163099890705,0.0,6.223586297430935,7.918784143860731,398.3357177832022,6.192756404375936,2,,,additive,20260926,ANTXR1
1.0,0.17836248722081446,0.03,2.815262345511387,2.793419970400558,377.75140220497076,48.38802555772017,217,0.7788018433179723,0.8427027670179925,additive,20260926,ARID1A
1.0,0.15004385001912723,0.06,2.8051272332305675,3.1324473910453925,260.74831280504213,26.41233409544507,64,0.640625,0.9473621567284084,additive,20260926,ATM
0.7049180327868853,0.024058504182261145,0.06,7.456271111683246,8.645748162720928,531.3442870568547,7.053278287402917,2,,,additive,20260926,ATP1B1
0.4918032786885246,-0.007349866493635219,0.01,3.1617040336418163,3.1249885271084414,292.8549135742238,27.087378263499872,74,0.5405405405405406,1.0769582597660254,additive,20260926,BIRC2
0.7540983606557377,0.04389716914711574,0.03,3.790493446242318,4.488219402098594,550.4541007750178,26.52781495402035,63,0.6031746031746031,1.2627298751213507,additive,20260926,C1QBP
0.032786885245901676,-0.05094178215054601,0.0,5.924540569317673,7.686248079088433,456.38172288129783,7.498691845734399,1,,,additive,20260926,CALM3
0.040983606557377095,-0.06301440243720235,0.0,7.9526188268986235,9.240391988925076,571.5400751427969,6.528200962092747,2,,,additive,20260926,CAMSAP2
0.6557377049180328,0.032156894959823185,0.04,5.926483647390807,7.625788789390604,437.07516675795665,7.450710725090044,2,,,additive,20260926,CASP2
1.0,0.19716062803519055,0.05,2.2923999075277113,2.3918456103014365,528.5364588496972,91.47758942064371,407,0.687960687960688,0.8887952628205626,additive,20260926,CASP3
0.032786885245901676,-0.041437214467975575,0.01,5.6255199237608995,6.629660537049132,518.4451514285281,11.393941129561444,7,,,additive,20260926,CDCA2
0.29508196721311475,-0.024570371628437785,0.01,5.007041111318594,5.174400070387167,353.4143484694117,12.609021293969683,5,,,additive,20260926,CENPO
0.6885245901639344,0.028787080069377087,0.0,5.569630716649287,7.349303895047434,408.38874518472886,7.481135663140309,3,,,additive,20260926,CLDN6
0.2295081967213115,-0.012767964984830224,0.0,5.246048330655139,6.663840152684955,440.8991631710625,9.673734820860822,6,,,additive,20260926,CLDN7
0.47540983606557374,0.011850276366167556,0.03,6.362117188208651,8.01537961028471,457.28608947052595,7.029077870685338,4,,,additive,20260926,CREG1
0.8934426229508197,0.03643732145389043,0.05,4.875353783840838,5.177424431452838,442.59688460442237,16.136433374893258,27,0.5555555555555556,1.2321258993302022,additive,20260926,DAXX
0.9180327868852459,0.0765155613144707,0.01,5.068546265843614,5.67349464721762,480.52681046106255,14.867637654619715,30,0.7,0.9366791108857814,additive,20260926,DHCR24
1.0,0.26680957216408496,0.02,1.3187150966539791,1.21372770678944,469.89920454555823,257.41320220865396,1355,0.7571955719557195,0.8724563589707223,additive,20260926,DHX36
1.0,0.11441949919722809,0.03,4.94746136551948,4.763800559250703,591.799392810042,26.18158259644693,83,0.7108433734939759,1.0755639959358052,additive,20260926,DLG5
1.0,0.3365929126419661,0.11,1.483060141242734,1.3938727230302081,593.4932959767157,296.0737007986536,1249,0.789431545236189,0.8453898618309853,additive,20260926,DNMT1
0.9590163934426229,0.05285680198049632,0.02,5.740265162124806,6.660610430992009,318.098163027057,7.122725282478875,1,,,additive,20260926,DZIP3
0.6065573770491803,0.00463477617331481,0.01,4.996455313016257,5.819500367573078,266.7090809761229,7.661271256088746,4,,,additive,20260926,EID2
1.0,0.09840728803486518,0.0,2.8435694095727246,3.2392491951696867,456.0879239495497,42.01560178119702,121,0.743801652892562,0.900681569997815,additive,20260926,EIF4B
1.0,0.1587691300413311,0.03,2.709938019753358,2.822556428771672,389.115856103384,48.21426153907538,168,0.7380952380952381,1.0035169931053198,additive,20260926,EWSR1
1.0,0.16687700553759668,0.1,3.5008841404173734,3.991956941990497,252.83144282730103,16.203624068291273,32,0.9375,0.7264262385143012,additive,20260926,FOXH1
0.7704918032786885,0.02368242209415334,0.01,3.06185689759175,2.713230647838377,408.00837021587387,49.55702396914154,210,0.5095238095238095,1.0386665997001512,additive,20260926,GSK3B
0.9918032786885246,0.057983399752252814,0.02,4.117171320504651,4.601941448881053,314.4502030125056,14.528155782774952,21,0.47619047619047616,1.2987795520059562,additive,20260926,HAT1
1.0,0.16476798807810897,0.08,5.6360931436242785,5.707439346146799,611.7648072594795,19.302192887177647,30,0.6666666666666666,1.7228113395362645,additive,20260926,HIRA
0.3688524590163934,-0.020090368778123847,0.0,3.65169280602528,3.766686221131552,269.80066483813727,17.5888817695471,26,0.3076923076923077,1.1628672666980033,additive,20260926,HMGB2
0.5901639344262295,0.0034052505380744113,0.0,4.971084448610253,5.528227586692714,273.1728884025084,8.665649004259743,3,,,additive,20260926,HMGN1
0.6639344262295082,0.012997166806544036,0.05,6.5493397855108535,8.076219232500545,425.7842770864694,6.449773819997329,0,,,additive,20260926,IDE
0.8442622950819672,0.0482927198833493,0.02,5.8378874388301325,7.364644684572098,419.5188459889953,7.693827921327384,6,,,additive,20260926,IGF2R
0.6885245901639344,0.021867311736420737,0.02,5.011200667895674,5.344197248426087,400.2003984786231,13.646273051761941,12,0.5,1.132609733556107,additive,20260926,IKBKG
0.06557377049180324,-0.055049492767889674,0.0,2.8456234293757414,2.7160685452680067,591.8322673819184,68.21436740295266,211,0.44549763033175355,1.169039450655519,additive,20260926,INSIG1
0.5245901639344263,0.00025003594656785655,0.02,4.862700633684931,5.023031566836414,256.23476202564063,9.769387549995765,4,,,additive,20260926,IRF3
1.0,0.30282668608821706,0.07,1.3662350414988251,1.480272208733752,351.9530626537345,153.37824425186463,725,0.8055172413793104,0.8249519703549115,additive,20260926,KAT2A
0.9508196721311475,0.055148567236076446,0.06,3.0454183593902044,3.1063122150324993,247.98353969554898,24.06075179443121,43,0.5581395348837209,1.4641369718627262,additive,20260926,KDM2B
0.5655737704918034,0.0012703785323256846,0.0,4.595145037994027,4.736002258497482,236.79927136406144,10.11198493030455,6,,,additive,20260926,KDR
0.5491803278688525,0.002927170655991556,0.05,6.466600278156379,8.066341900819127,441.72224752104796,6.69087079597112,2,,,additive,20260926,KIF1B
0.9590163934426229,0.04762445769457076,0.03,3.6835906064838526,4.068147481632557,228.25921110208574,13.300007286384627,15,0.7333333333333333,0.958352076109383,additive,20260926,KLF10
0.12295081967213117,-0.02476802284612334,0.0,7.097348236015324,9.085704356289346,497.29923895994307,5.920222444335906,2,,,additive,20260926,LAD1
1.0,0.16395020944036973,0.07,2.4837949066627556,2.3925927415014643,280.78825010573763,47.27100491269485,95,0.6842105263157895,1.060554897657934,additive,20260926,LRPPRC
0.8934426229508197,0.0419294362984232,0.07,2.4203218431273914,2.0781757919258483,284.12519988475134,55.22848238108435,188,0.5,1.1370939703586256,additive,20260926,LZTR1
0.23770491803278693,-0.01638967431208303,0.01,6.256496109920855,8.012275669050966,474.0305239961175,7.241618203713607,3,,,additive,20260926,MAP1B
0.9672131147540983,0.05739898264641522,0.04,4.52220898938202,5.665761481934994,265.52572229985003,8.182501097657678,1,,,additive,20260926,MAP3K7
0.8360655737704918,0.051048153981043454,0.07,5.587609340191172,6.903277495480698,396.51859964533946,8.269342076753372,5,,,additive,20260926,MAPKAPK2
0.6885245901639344,0.019268105096441352,0.06,6.204372708163651,7.727422059945436,475.7118072027806,7.87403313204214,0,,,additive,20260926,MAST2
1.0,0.2038071588592055,0.05,2.080773305954394,1.9337310535762755,728.0570238552089,184.26695059851897,877,0.7103762827822121,0.9338783788742996,additive,20260926,MAU2
0.9508196721311475,0.06711648879725705,0.01,2.542199211954789,2.198298148028826,626.968706346679,113.22375789941742,369,0.5501355013550135,1.0537710885599412,additive,20260926,MBTPS1
1.0,0.1579544787953736,0.05,2.066209348104812,2.3159926812546403,346.46210910113643,61.51475170519875,297,0.7171717171717171,0.9209704945531135,additive,20260926,MED1
1.0,0.09634974734769047,0.04,3.409601219510063,3.584539380871846,359.63222011313775,27.331448610164685,63,0.7142857142857143,1.1840921725068894,additive,20260926,MED12
1.0,0.151626087447766,0.06,2.617296692253445,2.9373699090306533,282.05909886003695,32.28189205061412,111,0.7657657657657657,0.9630180233135553,additive,20260926,MED13
0.9426229508196722,0.04901248352282803,0.01,3.760998501470001,4.406156072562752,283.3240789005773,14.178753537119377,16,0.5625,1.0471775009271578,additive,20260926,MED13L
1.0,0.2333566237404155,0.12,1.6868305357639057,1.5464611394039967,325.65017780796416,121.97603662753404,627,0.759170653907496,0.841818644474574,additive,20260926,MED24
0.9918032786885246,0.17223492103832033,0.01,1.177842808522782,0.777875821024147,697.6627040832605,521.7589591021322,2934,0.6496250852079073,0.925323433571856,additive,20260926,METTL14
0.9672131147540983,0.05159457868197366,0.05,2.644042009218161,2.6096210029797726,312.91994515489256,41.49671149249956,79,0.6075949367088608,1.171243839939733,additive,20260926,METTL17
1.0,0.2664447972183449,0.01,1.1386962886572303,0.882798666176948,676.4538525339424,516.8112415279878,2854,0.7512263489838823,0.8549277521511904,additive,20260926,METTL3
0.4590163934426229,-0.006145568600791141,0.01,4.658756337145781,5.513001378190003,238.82455002120355,7.591143498909098,5,,,additive,20260926,MKI67
0.8442622950819672,0.02896982446417542,0.0,3.1963507118570504,2.710217237106721,246.6787350534791,30.12594658665021,27,0.6666666666666666,0.9917428144879428,additive,20260926,MTA1
0.39344262295081966,-0.010881348406450714,0.0,6.241345443857425,7.759963465040634,399.35389706501996,6.505627959900664,2,,,additive,20260926,NCK2
0.9426229508196722,0.07971883187047456,0.0,4.81906995690214,5.867536175460424,535.4119043175135,15.52257157290596,17,0.5294117647058824,2.094197269122251,additive,20260926,NDUFB4
0.8278688524590164,0.029146714057401258,0.01,6.264028331138864,6.9212154378892485,721.9278176001217,14.885182758767087,12,0.5,2.926145426477538,additive,20260926,NDUFB6
0.024590163934426257,-0.04295300771621521,0.0,5.531837914186357,5.783626157186566,443.4910425083198,12.690324226318992,6,,,additive,20260926,NISCH
1.0,0.11187911009917732,0.0,2.9448463122281976,3.339553759246788,534.9398116507082,46.90246490662895,138,0.6086956521739131,1.063064329978429,additive,20260926,NIT1
0.319672131147541,-0.007827470061300593,0.03,6.3042290070828795,7.410640270979273,478.4584405244715,8.538777098219047,5,,,additive,20260926,NRAS
0.3114754098360656,-0.01726139740505385,0.01,3.613308734535658,3.242945857248131,520.8301061375538,44.788514093946645,128,0.5859375,1.0552519779334946,additive,20260926,OXCT1
0.9426229508196722,0.07897455306087896,0.01,4.653184581918062,5.686020321146998,430.8917409624345,13.285708722799463,18,0.7222222222222222,1.3773680499985113,additive,20260926,PAGR1
0.07377049180327866,-0.0419462164685082,0.01,5.28616810842202,6.258744604980099,311.11654432641524,7.64471489712024,4,,,additive,20260926,PBX1
0.8688524590163934,0.039393085628118295,0.02,3.0389119738663286,2.595203495952765,355.7876575356104,47.24549797390515,116,0.5258620689655172,1.1140901779220511,additive,20260926,PHF10
0.4426229508196722,-0.01658065898452603,0.04,3.6631539768946326,4.167645627736952,279.57480452335847,15.106048180617183,24,0.4166666666666667,1.120434634403811,additive,20260926,PHF14
0.5983606557377049,0.00549908108960333,0.01,6.465977444417229,7.859936838590417,434.73001314035815,6.9343598555527795,2,,,additive,20260926,PLCB3
0.3278688524590164,-0.027358889092102552,0.02,5.14738845745025,5.3678496081416,281.42117696713694,9.347203583334098,1,,,additive,20260926,PMS1
0.5,-0.004210946890850834,0.02,5.097545075522674,5.710161381111436,307.9870831976642,9.151565276077248,3,,,additive,20260926,POLB
0.17213114754098358,-0.022471534765225724,0.0,6.4350169385135265,7.286413000921046,479.7661882734785,8.816105543913617,6,,,additive,20260926,PRCP
1.0,0.12567890220365413,0.04,5.046150964240166,5.097855790557694,705.1245812738763,27.429552199261032,104,0.6057692307692307,1.1248910482364693,additive,20260926,PRR12
0.29508196721311475,-0.007601186728736126,0.02,7.061434987017198,9.638200783269504,561.8070800278736,5.9740375389209905,2,,,additive,20260926,PTPN1
0.4672131147540983,-0.005859173969145206,0.01,6.483051793070161,8.117167514599045,401.32125655382595,5.991342454168576,0,,,additive,20260926,RAB3B
0.6885245901639344,0.02667310583731796,0.0,5.066834878945274,5.448960200472828,483.3830075680405,15.900502690749565,38,0.5789473684210527,1.015444930241952,additive,20260926,RAF1
1.0,0.09346180340448398,0.03,2.0193505036495054,1.802688736284419,306.8120884664199,78.41398389155121,369,0.6639566395663956,0.9312998241281255,additive,20260926,RNF2
0.2622950819672131,-0.011244551822627218,0.03,5.285892291410687,5.936379244403711,395.35270393918523,10.869071071300136,4,,,additive,20260926,RRM1
0.9672131147540983,0.053118752482451875,0.01,2.8718050721314174,2.8571229175152997,398.7612143936648,45.00885087723821,163,0.5644171779141104,1.0937896296701035,additive,20260926,SAFB
1.0,0.25529483405603925,0.04,1.4761063121636586,1.5129108384689294,502.45614770997054,199.670816517702,1125,0.7555555555555555,0.9014482631512164,additive,20260926,SIN3B
0.9836065573770492,0.07870244603940986,0.03,3.9337419293040368,4.703515938836125,278.2070468811797,12.429553860157547,25,0.84,1.061604927156831,additive,20260926,SIX4
0.9672131147540983,0.08275122557106729,0.01,4.475747620371945,5.365089135390076,561.4470572022926,19.42975764584817,20,0.45,1.0159357858050655,additive,20260926,SLC25A3
0.7377049180327868,0.021196689291191555,0.02,4.229876261249104,3.858425148980294,508.4338788206002,32.335155617567125,79,0.5822784810126582,1.0392995255823052,additive,20260926,SMAGP
0.5,-0.010651040822147358,0.0,1.2110276517267418,0.6052545353075182,660.6471897252204,478.99842202935355,2187,0.5276634659350709,1.019853024953254,additive,20260926,SMARCA4
1.0,0.2042425378641558,0.03,1.6771645800326174,1.5288565226201702,435.9295372111404,160.6884127437941,931,0.7024704618689581,0.874788484298082,additive,20260926,SMARCA5
1.0,0.11607273931206187,0.02,1.550266298635255,1.1720140921036255,451.95710244544034,215.0600329516683,1133,0.6434245366284201,0.9463592922488828,additive,20260926,SOX2
0.9508196721311475,0.05560615091816654,0.02,6.954101904844572,8.069663821246266,644.404945600075,9.880173346383751,6,,,additive,20260926,SRC
1.0,0.08899978210112687,0.06,3.195950912087021,3.2648195608590482,324.0764185946897,29.254291616807656,59,0.4915254237288136,1.37218901294466,additive,20260926,SSBP1
1.0,0.1960457596495945,0.04,2.4212703525557044,2.425296548732289,573.8503012267729,96.7523509635953,445,0.7460674157303371,0.9208974303329263,additive,20260926,STAG2
0.42622950819672134,-0.0155816738824423,0.02,5.01764080751513,5.936110614691338,274.70628013738065,7.5422348030052815,8,,,additive,20260926,STAT1
0.6967213114754098,0.011276487514947609,0.0,3.382437062143002,3.1432523766090106,280.5966665907581,25.95918969962473,68,0.5294117647058824,1.0467218744778126,additive,20260926,STAT6
0.7131147540983607,0.021014980004863206,0.0,5.783298207941468,6.12269461377867,507.58228645522195,13.277049082877419,19,0.47368421052631576,1.0618933112586166,additive,20260926,STX4
0.6885245901639344,0.027932579295584875,0.02,5.094354632010114,5.282305398651112,456.49864914794455,15.957221000842587,18,0.8333333333333334,0.7786401381243354,additive,20260926,SV2A
1.0,0.2609183815211956,0.06,1.771030581921132,1.8832376897986034,381.0057273359776,106.90871731150742,519,0.7726396917148363,0.864107879689923,additive,20260926,TADA1
0.4918032786885246,-0.00236912629391947,0.01,4.455049999424817,5.19302415199351,281.17910176197176,10.044942840033457,4,,,additive,20260926,TARBP2
0.9344262295081968,0.0439119967792329,0.02,4.730904062720585,5.64073899016241,293.48366102989144,9.079844081761223,6,,,additive,20260926,TCF3
0.9836065573770492,0.07733229639400077,0.0,4.072461431351985,4.549783216815983,322.9581871051105,15.38127803967939,45,0.5111111111111111,1.003562436520394,additive,20260926,TET1
0.9918032786885246,0.1500667930395276,0.06,2.5943134025671406,2.4692111082670056,279.35598780949374,43.95216012740541,93,0.6236559139784946,1.1328998085038635,additive,20260926,TFAM
1.0,0.2874232841180401,0.05,2.7791712671667375,3.063428819616271,443.50994333238026,51.4298230003904,258,0.8643410852713178,0.8817153761853181,additive,20260926,TGFBR2
0.30327868852459017,-0.003431477478165681,0.01,6.270198461096794,7.601566783213929,482.3877317809839,8.198855126981474,6,,,additive,20260926,TMBIM6
0.48360655737704916,0.012398427727924238,0.0,2.966030130399471,2.4295664365955876,576.8447761205367,84.30263426260876,254,0.4566929133858268,1.1356070607783766,additive,20260926,TMSB10
0.07377049180327866,-0.04104551558254053,0.0,5.706603289005638,7.815690055349131,418.9040193667946,6.678250672178237,0,,,additive,20260926,TMSB4X
0.9426229508196722,0.05117247608290227,0.07,6.3256675484095535,7.526209405145224,455.68290382024355,8.012210174475577,1,,,additive,20260926,TRAM2
0.7049180327868853,0.02365538893917158,0.0,3.6514868266705403,3.3192966286161787,574.715976972501,48.455519812672556,221,0.48868778280542985,1.1885263725833048,additive,20260926,TRAPPC6A
0.6639344262295082,0.010802575933550605,0.05,5.2918568106539094,5.820664995136837,328.63489450130237,9.455926150273223,3,,,additive,20260926,TSC22D4
0.15573770491803274,-0.019205382285655485,0.01,6.623146084719811,7.97425996002714,474.69649569103865,7.314825838630052,4,,,additive,20260926,TWF2
0.5081967213114754,0.00860190246967959,0.0,5.083271631382086,5.655280814705125,507.0991373997,15.420421000084424,24,0.5416666666666666,1.1044556293616898,additive,20260926,TXNDC9
0.43442622950819676,-0.008669432254889144,0.01,3.7352676249460446,3.593866253311496,336.0727966615172,24.042657867481203,36,0.5833333333333334,1.0238929195118391,additive,20260926,UBE3C
0.9508196721311475,0.08900654318347649,0.03,4.4033514282724555,4.956360488014396,596.2414505065243,24.15574781099572,47,0.5319148936170213,1.2862353761136516,additive,20260926,UQCRQ
1.0,0.08423263834543558,0.0,3.672983763719736,4.261785409181411,291.92080554212754,15.826681899792487,20,0.25,1.2292536263700884,additive,20260926,USP22
0.4426229508196722,0.01267077509546216,0.02,6.270399304363666,7.7962057168324845,440.2272729713759,7.148489770333529,4,,,additive,20260926,WFS1
0.7622950819672132,0.018972237498830962,0.06,3.7465764881361374,3.592306646790314,448.2505440314894,32.55657037688374,103,0.5631067961165048,1.1739015995574693,additive,20260926,WSB2
0.3114754098360656,-0.020655235185778494,0.01,3.358923208314212,3.2234341691912145,291.7085748894741,25.313817835146892,14,0.7857142857142857,0.8925623756845292,additive,20260926,XRCC4
0.8278688524590164,0.027874116313849732,0.0,4.602641895444604,5.876090303280637,241.18774113720357,6.851757919079917,2,,,additive,20260926,ZNF286A
0.7295081967213115,0.025347570194583197,0.04,4.481540388868319,5.099588927748735,222.92810953856085,8.334607696182072,3,,,additive,20260926,ZNF426
0.9836065573770492,0.06306467731172227,0.09,4.452882433565279,5.4327694292817315,245.1945649696957,8.219798985184106,8,,,additive,20260926,ZNF562
0.4508196721311475,-0.008606872472076355,0.0,4.339995827232097,4.865298966984348,368.9131761509942,14.902642054461282,21,0.5714285714285714,1.3272618752404008,additive,20260926,ZNF593
0.5819672131147541,1.4855009937657428e-05,0.01,4.8388292520013225,4.834804049337162,274.8236151408681,11.274728689325888,8,,,additive,20260926,ZNF714
0.9918032786885246,0.07993400598573407,0.06,3.3573185087564497,3.012154168402444,604.203343445079,62.99345551498004,308,0.5746753246753247,1.1387199671908652,ratio,20260926,ACAT2
0.9836065573770492,0.085042311751299,0.02,4.7301746008310035,4.537506569137556,287.54739959817044,13.812968118568701,24,0.75,0.6554292982582246,ratio,20260926,ACVR1B
0.16393442622950816,-0.018517132867198555,0.02,4.03141997161954,3.5590218218703455,272.1759386373815,19.72512091528857,49,0.4489795918367347,1.227491369179937,ratio,20260926,AKT2
0.3114754098360656,-0.010984895361662025,0.01,5.633654183411603,6.074375895560456,235.51978601130716,6.192756404375936,2,,,ratio,20260926,ANTXR1
1.0,0.1853494893148532,0.09,2.6103360661839874,2.313147402297749,265.80362738335225,48.38802555772017,217,0.7695852534562212,0.7445189250904823,ratio,20260926,ARID1A
1.0,0.09765099101798033,0.01,2.581500430351137,2.506219608754152,179.38377972571007,26.41233409544507,64,0.65625,0.8530306632560336,ratio,20260926,ATM
0.7131147540983607,0.01431033992419994,0.0,6.886752357067847,7.006660051390717,351.9074481692445,7.053278287402917,2,,,ratio,20260926,ATP1B1
0.7213114754098361,0.00045070341752643356,0.02,2.948127204957776,2.5728228901833234,206.32722736774403,27.087378263499872,74,0.4864864864864865,0.991389778240598,ratio,20260926,BIRC2
0.6475409836065573,0.03398868203872168,0.02,3.397051967815055,3.3921500610294375,325.6579132978964,26.52781495402035,63,0.6190476190476191,1.0787241418993696,ratio,20260926,C1QBP
0.1311475409836066,-0.02879802862050531,0.01,5.133145453948805,5.438672085537057,231.6525888956574,7.498691845734399,1,,,ratio,20260926,CALM3
0.180327868852459,-0.02348413594898428,0.01,7.819336143171358,8.47386959703047,477.89348468592607,6.528200962092747,2,,,ratio,20260926,CAMSAP2
0.5573770491803278,0.03349717721428991,0.01,5.241434842559264,5.632639800125721,241.02509802075934,7.450710725090044,2,,,ratio,20260926,CASP2
1.0,0.27130808332767176,0.22,1.9464700254152454,1.7110118856998235,274.35400262574024,91.47758942064371,407,0.7027027027027027,0.7623341498633586,ratio,20260926,CASP3
0.024590163934426257,-0.05483154862960643,0.02,4.943692635755145,4.763006648064176,275.83088913628586,11.393941129561444,7,,,ratio,20260926,CDCA2
0.6065573770491803,-0.0018634209213188476,0.0,4.861721824733824,4.487331011144109,266.71690222154245,12.609021293969683,5,,,ratio,20260926,CENPO
0.5983606557377049,0.03777640219072174,0.05,4.7868652747794185,5.269497535152052,212.2359207662683,7.481135663140309,3,,,ratio,20260926,CLDN6
0.3114754098360656,-0.0004787022799336789,0.03,4.52148459374965,4.66591715382411,220.3217295273994,9.673734820860822,6,,,ratio,20260926,CLDN7
0.1311475409836066,-0.02574049924723645,0.0,5.730328601349153,6.081511072954808,269.1986345471754,7.029077870685338,4,,,ratio,20260926,CREG1
0.9344262295081968,0.021642501098715683,0.02,4.7417643528481666,4.64829040656165,361.5432837635092,16.136433374893258,27,0.5925925925925926,1.1044306758956428,ratio,20260926,DAXX
0.9426229508196722,0.09114868900709845,0.01,4.4250487205724935,4.051427598971701,247.9253060004246,14.867637654619715,30,0.6333333333333333,0.7727706171887776,ratio,20260926,DHCR24
1.0,0.3355277981539568,0.1,1.1412209436190195,0.8677306667342605,301.3435941343521,257.41320220865396,1355,0.7586715867158672,0.7558860185713377,ratio,20260926,DHX36
1.0,0.10428736494939897,0.02,4.653974338917138,4.046365238004176,432.7580519479916,26.18158259644693,83,0.6746987951807228,0.9562477006199804,ratio,20260926,DLG5
1.0,0.3924582974236415,0.22,1.2559395563947335,1.100816681935571,399.032763475039,296.0737007986536,1249,0.7854283426741393,0.6982681831750055,ratio,20260926,DNMT1
1.0,0.031263454647816005,0.03,5.4760668253146205,5.545679136763861,223.70915186535933,7.122725282478875,1,,,ratio,20260926,DZIP3
0.9344262295081968,0.020455800571487673,0.02,4.718716812870616,4.701852504939483,175.55846495070915,7.661271256088746,4,,,ratio,20260926,EID2
1.0,0.14077817371362694,0.08,2.435699997519191,2.3200207212272432,240.71912960790684,42.01560178119702,121,0.7603305785123967,0.8707638655211517,ratio,20260926,EIF4B
1.0,0.15812787014202284,0.04,2.541640384458108,2.402689607173675,289.91490844895503,48.21426153907538,168,0.7380952380952381,0.8002306600568231,ratio,20260926,EWSR1
1.0,0.15413389489021587,0.07,3.192270039887684,2.9675222760661226,144.07285322732514,16.203624068291273,32,0.875,0.5204968949030547,ratio,20260926,FOXH1
0.9344262295081968,0.04504450249079846,0.03,2.7448050023528654,2.0934588647528245,257.39781434109807,49.55702396914154,210,0.5238095238095238,0.9874380914490329,ratio,20260926,GSK3B
1.0,0.04057129679954897,0.01,4.000791246860204,4.05673662757642,248.83735054299933,14.528155782774952,21,0.5238095238095238,1.1184430303037047,ratio,20260926,HAT1
1.0,0.13334672574187578,0.04,5.3526952263262,4.749890642099789,430.3365299340536,19.302192887177647,30,0.7,0.9407236433620428,ratio,20260926,HIRA
0.15573770491803274,-0.034972456585037,0.0,3.4250830833253425,3.062858115326909,186.3600274263486,17.5888817695471,26,0.23076923076923078,1.1327743387218232,ratio,20260926,HMGB2
0.9016393442622951,0.015657994162042457,0.02,4.724934145500696,4.6171439467512325,192.1471425282483,8.665649004259743,3,,,ratio,20260926,HMGN1
0.5,0.002961582125853554,0.0,6.090833354419719,6.623980887831179,289.19423536372346,6.449773819997329,0,,,ratio,20260926,IDE
0.7786885245901639,0.05615857713879529,0.03,5.011519787624614,5.083555685491631,202.12892264059178,7.693827921327384,6,,,ratio,20260926,IGF2R
0.6229508196721312,0.009746726063181027,0.01,4.454120321095542,3.9809012449344268,228.84763355010455,13.646273051761941,12,0.4166666666666667,1.0236663675563373,ratio,20260926,IKBKG
0.008196721311475419,-0.0814821743131307,0.01,2.648166950062719,2.2669478442550135,443.9721329586146,68.21436740295266,211,0.4597156398104265,1.192343746209308,ratio,20260926,INSIG1
0.5491803278688525,-0.005400498368442794,0.0,4.590530624085774,4.08460067002225,173.1924878674623,9.769387549995765,4,,,ratio,20260926,IRF3
1.0,0.4465136920074185,0.17,1.1080566060498214,1.0027278352181725,170.24980448607678,153.37824425186463,725,0.8110344827586207,0.6363502056508914,ratio,20260926,KAT2A
0.29508196721311475,-0.021435554216813993,0.0,2.858868598171045,2.526340002255992,180.2318927915579,24.06075179443121,43,0.5581395348837209,1.0323523213807777,ratio,20260926,KDM2B
0.7950819672131147,0.006055984825657447,0.01,4.322973600626433,3.8371794499810434,158.53034372541168,10.11198493030455,6,,,ratio,20260926,KDR
0.38524590163934425,-0.01311769909791756,0.0,5.82447859453083,6.1160346928772125,258.0423777403205,6.69087079597112,2,,,ratio,20260926,KIF1B
0.9918032786885246,0.04638270891667622,0.02,3.396886957989533,3.2521105078721213,149.95145570924365,13.300007286384627,15,0.7333333333333333,0.9443842065154003,ratio,20260926,KLF10
0.032786885245901676,-0.052922580587095515,0.01,6.388963859062431,6.909955458423705,292.92591543102014,5.920222444335906,2,,,ratio,20260926,LAD1
0.9836065573770492,0.12126936160874746,0.07,2.287841390537032,1.9745215817870436,208.9301617608471,47.27100491269485,95,0.6631578947368421,0.7666573381414048,ratio,20260926,LRPPRC
0.38524590163934425,-0.015539391373997314,0.02,2.251424856060075,1.697743387172603,217.32940255867658,55.22848238108435,188,0.5159574468085106,1.065892750679351,ratio,20260926,LZTR1
0.33606557377049184,0.003954172697926654,0.0,5.4838731809505274,5.768865771941936,247.9109343016737,7.241618203713607,3,,,ratio,20260926,MAP1B
1.0,0.04882448128611602,0.01,4.208991700793254,4.454981965461714,167.0199027583156,8.182501097657678,1,,,ratio,20260926,MAP3K7
0.5163934426229508,0.02811709048419541,0.01,4.776026002021985,4.654700145376535,185.2703107680902,8.269342076753372,5,,,ratio,20260926,MAPKAPK2
0.6475409836065573,0.011546428231997361,0.01,5.783627358588935,6.230144047480731,312.369374914554,7.87403313204214,0,,,ratio,20260926,MAST2
1.0,0.23791666171111905,0.07,1.8812513858157445,1.6337823197474877,532.8699114257454,184.26695059851897,877,0.7058152793614595,0.862008576413926,ratio,20260926,MAU2
0.9918032786885246,0.08995727322491415,0.02,2.280213671151406,1.742866510729526,421.64715805564913,113.22375789941742,369,0.5474254742547425,1.0297352780962095,ratio,20260926,MBTPS1
1.0,0.21187494660961764,0.07,1.8641454648612776,1.759930677031918,206.17195301879235,61.51475170519875,297,0.734006734006734,0.7784116866842242,ratio,20260926,MED1
1.0,0.0853233286429526,0.01,3.2723110666076423,3.141467893952116,282.4087395663911,27.331448610164685,63,0.7301587301587301,0.7722434317696748,ratio,20260926,MED12
1.0,0.1769223272295778,0.04,2.3713513355616413,2.2647013392680226,171.98241563456205,32.28189205061412,111,0.7837837837837838,0.7133955728706116,ratio,20260926,MED13
0.9754098360655737,0.049641441312240506,0.04,3.441329928005711,3.4164785100749757,174.8683762263479,14.178753537119377,16,0.5625,0.936499561838571,ratio,20260926,MED13L
1.0,0.25384365933724695,0.09,1.5206927432514632,1.1957990065488409,222.34319780379232,121.97603662753404,627,0.7607655502392344,0.7265262382657005,ratio,20260926,MED24
0.9918032786885246,0.2244670946410119,0.02,1.0712891613328714,0.6025576869167119,570.0566307866695,521.7589591021322,2934,0.6571233810497614,0.8894242331012906,ratio,20260926,METTL14
0.9508196721311475,0.039123011759105805,0.01,2.4720956357545294,2.125115784430534,222.00056938661072,41.49671149249956,79,0.620253164556962,0.946884474961726,ratio,20260926,METTL17
1.0,0.39057944936947975,0.11,0.9829883487588815,0.6523200003781835,473.37625923333746,516.8112415279878,2854,0.748072880168185,0.7763606394081917,ratio,20260926,METTL3
0.8770491803278688,0.017324574241688102,0.0,4.416050335359175,4.577578197612014,165.45362569124723,7.591143498909098,5,,,ratio,20260926,MKI67
0.9918032786885246,0.036886065497248606,0.03,2.906543305103945,2.1115668422614444,159.75607946933474,30.12594658665021,27,0.7037037037037037,0.9912414442753887,ratio,20260926,MTA1
0.5491803278688525,0.00035799750940709835,0.01,5.81507716122859,6.282173844536539,263.2255804192753,6.505627959900664,2,,,ratio,20260926,NCK2
0.9426229508196722,0.13927530672050575,0.02,4.198606381800124,4.335056195780875,288.48978143572253,15.52257157290596,17,0.5294117647058824,1.001082966655449,ratio,20260926,NDUFB4
0.9754098360655737,0.08095953447058758,0.01,6.267947264883673,6.583035854450011,644.088437589037,14.885182758767087,12,0.5,1.6409339092579172,ratio,20260926,NDUFB6
0.6147540983606558,0.03104426902399041,0.0,4.8415411782531805,4.2047211976036944,233.73820068677787,12.690324226318992,6,,,ratio,20260926,NISCH
1.0,0.12348800126767498,0.01,2.575360764153419,2.500974402354386,311.3006789712829,46.90246490662895,138,0.6159420289855072,0.9668895282328985,ratio,20260926,NIT1
0.2295081967213115,-0.01659923283004727,0.01,5.5357363358373295,5.332322284150646,252.83904628638993,8.538777098219047,5,,,ratio,20260926,NRAS
0.16393442622950816,-0.02716788877395111,0.02,3.3816425318402525,2.692692431058449,376.0847664935228,44.788514093946645,128,0.53125,0.9948233864605194,ratio,20260926,OXCT1
0.8688524590163934,0.06679062389857346,0.03,4.083737412612356,4.231951945422426,243.71447363323534,13.285708722799463,18,0.7222222222222222,0.8632553935969454,ratio,20260926,PAGR1
0.35245901639344257,-0.01423028783270074,0.01,5.041149371160248,5.329429901759832,225.93573958153974,7.64471489712024,4,,,ratio,20260926,PBX1
0.9918032786885246,0.03458765587910289,0.04,2.9125955334375493,2.2919702402882867,287.9414588425675,47.24549797390515,116,0.5086206896551724,1.1254206430664724,ratio,20260926,PHF10
0.5573770491803278,-0.005658662175712134,0.02,3.3977497424869245,3.304178805523279,180.5926857872572,15.106048180617183,24,0.5,1.2683815583200972,ratio,20260926,PHF14
0.3114754098360656,-0.011896890805307599,0.0,6.061265917018037,6.542637652414038,304.8468131051236,6.9343598555527795,2,,,ratio,20260926,PLCB3
0.9262295081967213,0.022646174754341115,0.01,4.849884652998904,4.332099991390332,182.93299357518163,9.347203583334098,1,,,ratio,20260926,PMS1
0.8770491803278688,0.015759107928363558,0.02,4.813065537415486,4.763525623923151,215.43735087386676,9.151565276077248,3,,,ratio,20260926,POLB
0.25409836065573765,-0.011478871507620905,0.0,5.76259010903629,5.4160413090327975,268.51956333874426,8.816105543913617,6,,,ratio,20260926,PRCP
1.0,0.10358589429440788,0.02,4.803144240638821,4.382325938520832,529.3049508327167,27.429552199261032,104,0.625,1.0090501170005692,ratio,20260926,PRR12
0.3114754098360656,0.002683361563172299,0.02,5.994127974141821,6.691519376251748,273.25558371475654,5.9740375389209905,2,,,ratio,20260926,PTPN1
0.7377049180327868,0.0145934616625674,0.0,5.96864690219808,6.48266434854151,256.64351589277624,5.991342454168576,0,,,ratio,20260926,RAB3B
0.7622950819672132,0.045600149474486776,0.03,4.639446740211096,4.388600327242713,315.77716483307563,15.900502690749565,38,0.5526315789473685,0.8704981204589722,ratio,20260926,RAF1
1.0,0.1088883924227339,0.05,1.8307403896836494,1.4140538683915567,211.05909767809345,78.41398389155121,369,0.6639566395663956,0.8862638823295943,ratio,20260926,RNF2
0.11475409836065575,-0.038841013934678106,0.0,4.526801176030438,4.079258410411771,195.17845524679296,10.869071071300136,4,,,ratio,20260926,RRM1
1.0,0.05406529783369246,0.01,2.754763134463483,2.469398623319527,307.4515003184531,45.00885087723821,163,0.558282208588957,1.052125720850282,ratio,20260926,SAFB
1.0,0.32922576465510867,0.14,1.228848298886517,1.0476575491486426,281.0875154019326,199.670816517702,1125,0.7484444444444445,0.71466815798013,ratio,20260926,SIN3B
1.0,0.07174014459849475,0.03,3.575683132044511,3.5624600560192965,163.82125701222958,12.429553860157547,25,0.84,0.6253675897558556,ratio,20260926,SIX4
1.0,0.12716257136041575,0.02,3.9368018344625346,3.9073570571961365,296.76428996136246,19.42975764584817,20,0.45,1.2201782261921972,ratio,20260926,SLC25A3
0.9016393442622951,0.027642785990472707,0.0,3.9943544818774477,3.2560127502078946,369.31948832298366,32.335155617567125,79,0.5949367088607594,0.9804231440244499,ratio,20260926,SMAGP
0.8770491803278688,0.01984563667252103,0.01,1.1305710661945412,0.43685379147774744,562.1055831984659,478.99842202935355,2187,0.51440329218107,0.9891775263426554,ratio,20260926,SMARCA4
1.0,0.22952034342648306,0.08,1.5101131708811426,1.2186528053759995,309.4382290660501,160.6884127437941,931,0.7142857142857143,0.8104029692601584,ratio,20260926,SMARCA5
1.0,0.12851475951351263,0.04,1.451454880038185,0.9481448124930384,355.98400795886806,215.0600329516683,1133,0.6407766990291263,0.8999666439042519,ratio,20260926,SOX2
0.9262295081967213,0.03206793720028543,0.02,6.640159704324259,6.961775941735731,484.3243652035401,9.880173346383751,6,,,ratio,20260926,SRC
1.0,0.04759270671106869,0.01,3.020188336137035,2.6956675010137303,234.3279012278558,29.254291616807656,59,0.4745762711864407,0.9684988419535823,ratio,20260926,SSBP1
1.0,0.19342789727470944,0.04,2.1777391576937926,1.895883083579868,373.55495516380006,96.7523509635953,445,0.7438202247191011,0.7728331795139383,ratio,20260926,STAG2
0.7049180327868853,-0.0015030375053237074,0.01,4.674549454259772,4.669816943422267,172.12306086154422,7.5422348030052815,8,,,ratio,20260926,STAT1
0.8524590163934427,0.01100898086577184,0.01,3.165527685658588,2.679500749284352,210.807495818857,25.95918969962473,68,0.5147058823529411,1.0006145437456482,ratio,20260926,STAT6
0.9016393442622951,0.03158649977134532,0.02,5.4969485007886005,5.198567115526586,367.7303255299065,13.277049082877419,19,0.5263157894736842,1.0342035824001141,ratio,20260926,STX4
0.860655737704918,0.07304564547177402,0.0,4.346864815094736,3.5976712824886135,214.1084097894705,15.957221000842587,18,0.8333333333333334,0.7677279867415511,ratio,20260926,SV2A
1.0,0.31425212774052075,0.13,1.51553591046667,1.4047892327763885,223.4944672189459,106.90871731150742,519,0.7764932562620424,0.6736795066992781,ratio,20260926,TADA1
0.6229508196721312,-0.0022579503304731873,0.01,4.253410401052193,4.443567609804013,208.5868523723583,10.044942840033457,4,,,ratio,20260926,TARBP2
0.9262295081967213,0.017405973281768686,0.02,4.52021207005332,4.689925741903666,207.3122532771818,9.079844081761223,6,,,ratio,20260926,TCF3
1.0,0.0832476914719817,0.02,3.8773833786399217,3.865200736962849,235.27569979324824,15.38127803967939,45,0.4888888888888889,1.0821066413370022,ratio,20260926,TET1
1.0,0.1051082462162873,0.04,2.433753286680263,2.074737260437119,213.9762880591474,43.95216012740541,93,0.6666666666666666,0.8525138658254149,ratio,20260926,TFAM
1.0,0.3320069458814144,0.16,2.314777819579572,2.1049064474447188,207.41359766063422,51.4298230003904,258,0.8410852713178295,0.5867301435407507,ratio,20260926,TGFBR2
0.360655737704918,0.008277653267585823,0.01,5.63663030298871,5.771384866127359,280.5101871389358,8.198855126981474,6,,,ratio,20260926,TMBIM6
0.21311475409836067,-0.010581855455175234,0.0,2.682114724402227,1.8878419887911915,388.1209920256032,84.30263426260876,254,0.4645669291338583,1.1378218768011745,ratio,20260926,TMSB10
0.1311475409836066,-0.031453254184338954,0.01,4.848515587239762,5.258609870187671,193.56093860144512,6.678250672178237,0,,,ratio,20260926,TMSB4X
0.8688524590163934,0.025541903363419702,0.01,5.915484950124068,6.198452618697345,313.31086327631226,8.012210174475577,1,,,ratio,20260926,TRAM2
0.5,0.001110113012281175,0.01,3.478602414649672,2.8709458765953264,447.5330527066058,48.455519812672556,221,0.46153846153846156,1.197005025411126,ratio,20260926,TRAPPC6A
0.09836065573770492,-0.029569905821262028,0.0,5.097029013047666,4.944542797006175,243.40426504707634,9.455926150273223,3,,,ratio,20260926,TSC22D4
0.06557377049180324,-0.044656318120016754,0.0,5.889375921300006,5.909180803133123,266.5974758587058,7.314825838630052,4,,,ratio,20260926,TWF2
0.5737704918032787,0.009307185180097583,0.04,4.819678041935259,4.807322962881685,370.41190936578323,15.420421000084424,24,0.4583333333333333,0.9473266539851601,ratio,20260926,TXNDC9
0.9016393442622951,0.03334098480711223,0.01,3.3705046999568093,2.766088947704325,203.56437100299914,24.042657867481203,36,0.5555555555555556,0.9726953540731538,ratio,20260926,UBE3C
0.9836065573770492,0.13957024182221273,0.02,4.030348198213754,3.9593069452205953,376.12694207574935,24.15574781099572,47,0.5531914893617021,1.0372770076445301,ratio,20260926,UQCRQ
1.0,0.07043277061244238,0.02,3.4234340430828287,3.467661414614457,198.40647629145855,15.826681899792487,20,0.4,1.2138757698358718,ratio,20260926,USP22
0.2622950819672131,-0.004479231577857244,0.01,5.53754158514947,5.627656274120024,233.90523546120448,7.148489770333529,4,,,ratio,20260926,WFS1
0.5491803278688525,0.0010940505472650185,0.04,3.702851553477414,3.3843217321652386,405.206509161853,32.55657037688374,103,0.5436893203883495,1.17388876897707,ratio,20260926,WSB2
0.9672131147540983,0.025659994503353895,0.02,3.180160455184813,2.7002482483475094,206.3775800222205,25.313817835146892,14,0.9285714285714286,0.7609098379943434,ratio,20260926,XRCC4
0.8852459016393442,0.020446017322656353,0.0,4.2316210127254035,4.50593553170016,144.70363312753813,6.851757919079917,2,,,ratio,20260926,ZNF286A
0.9672131147540983,0.03157498792706972,0.04,4.1602203175569725,4.077882480758418,144.78553228669648,8.334607696182072,3,,,ratio,20260926,ZNF426
0.9590163934426229,0.0332030631528244,0.01,4.109162442565862,4.191027106672173,150.31051846408684,8.219798985184106,8,,,ratio,20260926,ZNF562
1.0,0.031124589478111607,0.01,4.191467955626547,4.211194575217232,275.28184762273713,14.902642054461282,21,0.5714285714285714,1.257621037164632,ratio,20260926,ZNF593
0.8360655737704918,0.011520064781311979,0.04,4.507754604588093,3.778115726547566,171.23054671170394,11.274728689325888,8,,,ratio,20260926,ZNF714
0.9918032786885246,0.08208697929844722,0.09,3.2623064825706485,2.8216509168297987,535.3481365014408,62.99345551498004,308,0.577922077922078,1.065663075494363,log1p,20260926,ACAT2
0.9672131147540983,0.08985114554653736,0.04,4.597896040191168,4.204941407280378,247.60981107433906,13.812968118568701,24,0.75,0.6612121012459118,log1p,20260926,ACVR1B
0.180327868852459,-0.01851241253228032,0.02,3.92782030114972,3.268342233945362,232.81699786642997,19.72512091528857,49,0.40816326530612246,1.2002152905468217,log1p,20260926,AKT2
0.30327868852459017,-0.014435153703741335,0.01,5.461139044783325,5.601320932750204,201.49066859574373,6.192756404375936,2,,,log1p,20260926,ANTXR1
1.0,0.19683240027059568,0.11,2.523998228258027,2.1307941070479632,227.49460323112143,48.38802555772017,217,0.783410138248848,0.7100308757842742,log1p,20260926,ARID1A
1.0,0.10651652557954647,0.01,2.49469192955394,2.2588646175351763,148.47050573697027,26.41233409544507,64,0.65625,0.8739166851376642,log1p,20260926,ATM
0.7459016393442623,0.015735091197393296,0.0,6.68882502677373,6.535394898285834,306.85792491189227,7.053278287402917,2,,,log1p,20260926,ATP1B1
0.7622950819672132,0.00033642433801474937,0.02,2.8458433742773415,2.3238383790735657,173.32295685909133,27.087378263499872,74,0.527027027027027,0.966516760096779,log1p,20260926,BIRC2
0.6639344262295082,0.039325934740259,0.02,3.3024085400083503,3.1396327101129025,281.46954921775796,26.52781495402035,63,0.6190476190476191,1.0339162390333867,log1p,20260926,C1QBP
0.12295081967213117,-0.030719491042395332,0.01,4.989031016184653,4.975464018466642,195.42288061184837,7.498691845734399,1,,,log1p,20260926,CALM3
0.17213114754098358,-0.02539535143806174,0.01,7.528241417306891,7.80369418480663,406.6677379547063,6.528200962092747,2,,,log1p,20260926,CAMSAP2
0.5491803278688525,0.034151572481107,0.01,5.107303264568443,5.227020078094882,208.35701677685765,7.450710725090044,2,,,log1p,20260926,CASP2
1.0,0.28752424244686764,0.24,1.890928693028897,1.5945804590311452,240.19506330791526,91.47758942064371,407,0.7051597051597052,0.7445361676488599,log1p,20260926,CASP3
0.024590163934426257,-0.055431842108275065,0.01,4.811157801559241,4.443035594009962,241.92910824197125,11.393941129561444,7,,,log1p,20260926,CDCA2
0.5327868852459017,-0.004233494543668006,0.0,4.6733021267289745,4.0668992349188695,221.5922487645944,12.609021293969683,5,,,log1p,20260926,CENPO
0.5983606557377049,0.04058273898653015,0.06,4.636776322196675,4.688487717886044,169.08394307870105,7.481135663140309,3,,,log1p,20260926,CLDN6
0.2786885245901639,-0.004908214792871794,0.04,4.402154898453251,4.323346159452678,190.89917903499725,9.673734820860822,6,,,log1p,20260926,CLDN7
0.139344262295082,-0.025773846227986424,0.0,5.552693429038719,5.601723132784126,229.62632326832093,7.029077870685338,4,,,log1p,20260926,CREG1
0.9098360655737705,0.018162077368808816,0.02,4.581898137619636,4.26678346280884,307.40637875955713,16.136433374893258,27,0.5555555555555556,1.0598640575191907,log1p,20260926,DAXX
0.9426229508196722,0.09986129640622608,0.02,4.3089605345976185,3.7586592592599257,213.74950284532187,14.867637654619715,30,0.6333333333333333,0.7796650881306662,log1p,20260926,DHCR24
1.0,0.35840753995553115,0.13,1.1142288624572343,0.7937789154927336,273.13915904415137,257.41320220865396,1355,0.7557195571955719,0.7451517148458133,log1p,20260926,DHX36
1.0,0.11214334419538068,0.03,4.50982352408791,3.7577149445993503,373.81058687877686,26.18158259644693,83,0.6987951807228916,0.9001603969710263,log1p,20260926,DLG5
1.0,0.4269319179892195,0.28,1.2251097164293205,0.9665235700433346,328.3126593095569,296.0737007986536,1249,0.7806244995996797,0.6758766766191386,log1p,20260926,DNMT1
1.0,0.03513437170463098,0.03,5.28634423677422,5.050532469728973,186.28051791018103,7.122725282478875,1,,,log1p,20260926,DZIP3
0.9590163934426229,0.02346387036951667,0.02,4.558183384950775,4.28043505227425,146.49310668153225,7.661271256088746,4,,,log1p,20260926,EID2
1.0,0.14736730720597924,0.09,2.3736088893961673,2.144614079765032,208.70315536254253,42.01560178119702,121,0.7603305785123967,0.7809710904349784,log1p,20260926,EIF4B
1.0,0.16957057590094443,0.05,2.4534683260967314,2.2034919375894284,246.28239791046772,48.21426153907538,168,0.7380952380952381,0.7571431029527024,log1p,20260926,EWSR1
1.0,0.17076015991305568,0.12,3.0734196385054653,2.6793061028969545,117.69735213759833,16.203624068291273,32,0.9375,0.48585780845429877,log1p,20260926,FOXH1
0.9426229508196722,0.045029780087922924,0.03,2.6665911744977313,1.9274963827681935,225.07079811181458,49.55702396914154,210,0.5142857142857142,0.9580446554672314,log1p,20260926,GSK3B
0.9918032786885246,0.0420656965934737,0.01,3.851677986276825,3.7027770227746695,209.19146559964202,14.528155782774952,21,0.5238095238095238,1.0976419815948568,log1p,20260926,HAT1
1.0,0.14525325152499977,0.06,5.1704598602447245,4.3791658622301775,364.9063638697423,19.302192887177647,30,0.6666666666666666,0.9168312502889446,log1p,20260926,HIRA
0.1885245901639344,-0.03797235300779232,0.0,3.307117821246717,2.771453546403774,156.39034594070907,17.5888817695471,26,0.23076923076923078,1.1179121041860427,log1p,20260926,HMGB2
0.9098360655737705,0.015444024520025293,0.02,4.556926055322241,4.194023379352093,159.97036685170082,8.665649004259743,3,,,log1p,20260926,HMGN1
0.540983606557377,0.004584125521435568,0.0,5.9008432388083145,6.110942388041709,246.94629700621874,6.449773819997329,0,,,log1p,20260926,IDE
0.7786885245901639,0.06021507905721706,0.03,4.861085000755149,4.638568495203444,168.93872031917115,7.693827921327384,6,,,log1p,20260926,IGF2R
0.6557377049180328,0.012377285372502003,0.01,4.325674634371227,3.676197419541951,196.8259928669438,13.646273051761941,12,0.4166666666666667,1.036185708583149,log1p,20260926,IKBKG
0.008196721311475419,-0.08291026884821522,0.01,2.5735798006378725,2.0968501290226174,391.85615653548064,68.21436740295266,211,0.44549763033175355,1.1482264233908457,log1p,20260926,INSIG1
0.5491803278688525,-0.005494657537458702,0.0,4.431812883113149,3.698535295043187,143.80350606662284,9.769387549995765,4,,,log1p,20260926,IRF3
1.0,0.47791873829599657,0.24,1.0797581613319192,0.9216264299935844,148.54225815880437,153.37824425186463,725,0.8082758620689655,0.6320926018552082,log1p,20260926,KAT2A
0.29508196721311475,-0.02533297775398359,0.0,2.7573513241343512,2.2604717711796933,149.76041323229202,24.06075179443121,43,0.5581395348837209,1.0040395216114282,log1p,20260926,KDM2B
0.8442622950819672,0.010368610543866038,0.02,4.167887245863743,3.445107889584883,129.40637177478746,10.11198493030455,6,,,log1p,20260926,KDR
0.38524590163934425,-0.012704028269975125,0.0,5.6541766562535365,5.651381501796112,221.3454038262468,6.69087079597112,2,,,log1p,20260926,KIF1B
1.0,0.05333697163471493,0.03,3.2766736934553133,2.927446867018387,123.1269834689414,13.300007286384627,15,0.6666666666666666,0.9149423399971294,log1p,20260926,KLF10
0.032786885245901676,-0.052907363039303414,0.01,6.188697727460729,6.342614096723,248.05670206948173,5.920222444335906,2,,,log1p,20260926,LAD1
0.9836065573770492,0.1306759337973348,0.07,2.2130685381861004,1.7666604073024983,172.98204987596722,47.27100491269485,95,0.6736842105263158,0.7551912207234512,log1p,20260926,LRPPRC
0.4098360655737705,-0.01677128028924559,0.0,2.1806938252085577,1.529477840831487,187.2579722992441,55.22848238108435,188,0.5053191489361702,1.0378938460662448,log1p,20260926,LZTR1
0.3278688524590164,0.003071766663363112,0.0,5.318490954858701,5.320171935935455,211.9733514885544,7.241618203713607,3,,,log1p,20260926,MAP1B
1.0,0.04885940619637284,0.01,4.048125678677136,4.029883585970517,137.84377406410707,8.182501097657678,1,,,log1p,20260926,MAP3K7
0.5081967213114754,0.028506746909447673,0.01,4.640630718545234,4.262397413662984,156.4974438749611,8.269342076753372,5,,,log1p,20260926,MAPKAPK2
0.639344262295082,0.011532160556884025,0.01,5.610882979927606,5.780140035742821,269.8959015904433,7.87403313204214,0,,,log1p,20260926,MAST2
1.0,0.24836456260221992,0.1,1.83386833124972,1.5261580853143435,473.7634738846106,184.26695059851897,877,0.7058152793614595,0.8275358761158982,log1p,20260926,MAU2
0.9918032786885246,0.09409890375484198,0.02,2.2194101955366716,1.6154613553334924,374.2825429589139,113.22375789941742,369,0.5365853658536586,1.0015020297023407,log1p,20260926,MBTPS1
1.0,0.22711370027580866,0.1,1.8018565940043192,1.597987867675414,173.94620764765034,61.51475170519875,297,0.7171717171717171,0.7457046166227355,log1p,20260926,MED1
1.0,0.09332559789057014,0.02,3.152150837289074,2.866416707139421,237.2731780742688,27.331448610164685,63,0.7142857142857143,0.7263788077121517,log1p,20260926,MED12
1.0,0.19018150406032283,0.06,2.2877875323816474,2.02947048530357,140.32341104562724,32.28189205061412,111,0.7747747747747747,0.7044623131765563,log1p,20260926,MED13
0.9754098360655737,0.05667232401088858,0.04,3.321811434669952,3.110825155022779,146.39049419975728,14.178753537119377,16,0.625,0.9349785008425537,log1p,20260926,MED13L
1.0,0.2693677204534369,0.16,1.4773472175763147,1.0965640703945219,196.5881479255225,121.97603662753404,627,0.759170653907496,0.7122892184142723,log1p,20260926,MED24
0.9918032786885246,0.23921797655466354,0.02,1.0547915554536216,0.5482342747844444,541.7244999137541,521.7589591021322,2934,0.6574642126789366,0.881076179877611,log1p,20260926,METTL14
0.9508196721311475,0.04053327189886495,0.01,2.3869128925009053,1.922559847182229,188.4108839063436,41.49671149249956,79,0.6329113924050633,0.9279683172922164,log1p,20260926,METTL17
1.0,0.4139195226191932,0.12,0.9675829064013984,0.6047965451383699,447.09581675610843,516.8112415279878,2854,0.7508759635599159,0.7701578282138094,log1p,20260926,METTL3
0.9098360655737705,0.02122101973839752,0.01,4.2481065331624155,4.146534206492539,136.77539073586252,7.591143498909098,5,,,log1p,20260926,MKI67
0.9918032786885246,0.04064228591591358,0.03,2.8091917652613896,1.906827244741208,134.99420111695974,30.12594658665021,27,0.6666666666666666,0.9802587465344301,log1p,20260926,MTA1
0.5245901639344263,-0.00019358139502312325,0.01,5.6224126834856225,5.7704397779998775,223.14440085476866,6.505627959900664,2,,,log1p,20260926,NCK2
0.9426229508196722,0.14334784753842306,0.04,4.091840706157879,4.048416841827607,251.91605069464418,15.52257157290596,17,0.5294117647058824,0.9736656702710494,log1p,20260926,NDUFB4
0.9754098360655737,0.07997922668360835,0.0,6.078361388523205,6.158649922113482,564.8010040853288,14.885182758767087,12,0.5,1.591168701051107,log1p,20260926,NDUFB6
0.5491803278688525,0.026927301086426447,0.01,4.704950568783868,3.834135052338949,196.62522596606647,12.690324226318992,6,,,log1p,20260926,NISCH
1.0,0.1326001635361293,0.03,2.506781370232124,2.3191513080574286,270.31874988855833,46.90246490662895,138,0.6159420289855072,0.9438271665045697,log1p,20260926,NIT1
0.23770491803278693,-0.015406916078844228,0.01,5.369887900743265,4.888350414616539,213.86732238832275,8.538777098219047,5,,,log1p,20260926,NRAS
0.15573770491803274,-0.028140795638700093,0.02,3.2861257694736845,2.5006704078286424,331.1704922171315,44.788514093946645,128,0.546875,0.9527767474111737,log1p,20260926,OXCT1
0.9098360655737705,0.07774990129391138,0.05,3.9709653650190124,3.8062165757861077,197.89619409451666,13.285708722799463,18,0.7222222222222222,0.8629736672562979,log1p,20260926,PAGR1
0.360655737704918,-0.017022190111835984,0.01,4.857320750300048,4.84599648823768,188.43198526054044,7.64471489712024,4,,,log1p,20260926,PBX1
1.0,0.03637126738028162,0.03,2.8150457178242236,2.0762812102768273,243.7825035621207,47.24549797390515,116,0.5172413793103449,1.0746096274235435,log1p,20260926,PHF10
0.540983606557377,-0.007851730706788311,0.02,3.283481455868523,3.013606585702415,153.011408413546,15.106048180617183,24,0.5,1.1901106810387951,log1p,20260926,PHF14
0.30327868852459017,-0.010964813841973186,0.01,5.870724972728768,5.9796081400379775,255.7866508461287,6.9343598555527795,2,,,log1p,20260926,PLCB3
0.9262295081967213,0.024715337523723135,0.01,4.6765228750712104,3.9298329435670603,151.8858205515931,9.347203583334098,1,,,log1p,20260926,PMS1
0.8852459016393442,0.015710478813693095,0.02,4.631996122389798,4.295907039677945,176.80673826824363,9.151565276077248,3,,,log1p,20260926,POLB
0.25409836065573765,-0.011214958058782209,0.0,5.584907634258055,5.002542429851525,230.43216971841346,8.816105543913617,6,,,log1p,20260926,PRCP
1.0,0.1111384443029202,0.01,4.6654744464039,4.104059777938465,464.4116415501782,27.429552199261032,104,0.625,0.9565817083867658,log1p,20260926,PRR12
0.319672131147541,0.002703527701980012,0.02,5.88016809520735,6.320010362381317,244.3880683454817,5.9740375389209905,2,,,log1p,20260926,PTPN1
0.7213114754098361,0.013787101128939978,0.0,5.795619467878271,6.00665449740759,221.16603029091135,5.991342454168576,0,,,log1p,20260926,RAB3B
0.7704918032786885,0.05157074683857494,0.04,4.487024431389657,4.0102321674654,265.0349961702336,15.900502690749565,38,0.5789473684210527,0.8546889475927149,log1p,20260926,RAF1
1.0,0.10978663124496163,0.05,1.7806306861840613,1.2834384298630994,185.48086406910622,78.41398389155121,369,0.6476964769647696,0.8730697141468418,log1p,20260926,RNF2
0.0901639344262295,-0.04324282808024124,0.0,4.403385583133322,3.7309844034652846,165.6763944348212,10.869071071300136,4,,,log1p,20260926,RRM1
1.0,0.06072721782499856,0.01,2.6628211504235813,2.2718206951638926,264.88818526947523,45.00885087723821,163,0.5705521472392638,0.9988508247363832,log1p,20260926,SAFB
1.0,0.35100768814323574,0.16,1.1984032752208014,0.9681302164891504,251.11277129166126,199.670816517702,1125,0.752,0.7019326028513778,log1p,20260926,SIN3B
1.0,0.0769646006919322,0.03,3.4536837043561786,3.2313628645545553,136.03282668579254,12.429553860157547,25,0.84,0.5572203655183462,log1p,20260926,SIX4
0.9918032786885246,0.13211528768787387,0.02,3.8327349353586686,3.6552009361627094,260.25534800790365,19.42975764584817,20,0.45,1.153007182894128,log1p,20260926,SLC25A3
0.8934426229508197,0.02826870380632354,0.0,3.8643104981859375,2.99396723059249,316.7089009280533,32.335155617567125,79,0.5822784810126582,0.9656961096881679,log1p,20260926,SMAGP
0.8442622950819672,0.016122501402018652,0.02,1.1191349047142387,0.381629434672546,542.8658601911518,478.99842202935355,2187,0.5185185185185185,0.9878780155577978,log1p,20260926,SMARCA4
1.0,0.23458857773218728,0.09,1.4757602418934506,1.11994220641361,277.80122072407516,160.6884127437941,931,0.7024704618689581,0.7880754507061943,log1p,20260926,SMARCA5
1.0,0.1375502078715562,0.05,1.4156441137438673,0.8607332277226166,323.46612238977497,215.0600329516683,1133,0.6398940864960282,0.8905207355520066,log1p,20260926,SOX2
0.9262295081967213,0.032856738959364286,0.01,6.4290904891171,6.495921404842696,422.5762521102896,9.880173346383751,6,,,log1p,20260926,SRC
1.0,0.049873458001813684,0.03,2.9189375147065926,2.4566672308747064,198.64158122529756,29.254291616807656,59,0.5084745762711864,0.9451866894827738,log1p,20260926,SSBP1
1.0,0.2058515572776908,0.05,2.1148183441433606,1.7632670050728072,327.3294590010166,96.7523509635953,445,0.7415730337078652,0.753462039057529,log1p,20260926,STAG2
0.6721311475409837,-0.003680503813556968,0.01,4.5026128297917225,4.2405858120085735,143.40641598131623,7.5422348030052815,8,,,log1p,20260926,STAT1
0.8360655737704918,0.010972889889838501,0.01,3.0553825223791944,2.3592689432715956,169.10786914275394,25.95918969962473,68,0.5294117647058824,0.9835512208956979,log1p,20260926,STAT6
0.9180327868852459,0.03679438453656454,0.03,5.319740639117883,4.827002623819097,317.91550351149465,13.277049082877419,19,0.5263157894736842,0.9970110323921324,log1p,20260926,STX4
0.8852459016393442,0.07933093723654133,0.01,4.235503581091927,3.345842910373834,186.12194717579325,15.957221000842587,18,0.8333333333333334,0.7591171836734449,log1p,20260926,SV2A
1.0,0.336155716931655,0.16,1.4748338874355011,1.281595782390313,190.38905754786225,106.90871731150742,519,0.7745664739884393,0.6597862415831699,log1p,20260926,TADA1
0.6475409836065573,-0.00040609678506576044,0.01,4.115540110986463,4.067323874057064,176.2528557673345,10.044942840033457,4,,,log1p,20260926,TARBP2
0.9344262295081968,0.020794432772053766,0.03,4.358714259922135,4.268519369661349,172.90506224815397,9.079844081761223,6,,,log1p,20260926,TCF3
1.0,0.08790129609667172,0.04,3.7346775958109983,3.5092135998845055,195.30610420707464,15.38127803967939,45,0.4888888888888889,1.0332158550288226,log1p,20260926,TET1
1.0,0.11281023243102108,0.06,2.3619142715988803,1.8965850984724202,183.24212097738283,43.95216012740541,93,0.6236559139784946,0.840021250675704,log1p,20260926,TFAM
1.0,0.34994265776591493,0.22,2.2493333357725853,1.9651656460832336,179.3093289833796,51.4298230003904,258,0.8333333333333334,0.5496897132015166,log1p,20260926,TGFBR2
0.360655737704918,0.009642262906198762,0.01,5.479603594389787,5.352996996470389,242.2872115111919,8.198855126981474,6,,,log1p,20260926,TMBIM6
0.23770491803278693,-0.006054760310870174,0.0,2.610867293097364,1.7542512122599792,345.5261874158656,84.30263426260876,254,0.4566929133858268,1.1118105834964054,log1p,20260926,TMSB10
0.10655737704918034,-0.03800972685701482,0.01,4.709089639380977,4.845371882354964,165.92762387970294,6.678250672178237,0,,,log1p,20260926,TMSB4X
0.8442622950819672,0.02489657911372886,0.01,5.727949220618258,5.729760204348675,268.76838160380936,8.012210174475577,1,,,log1p,20260926,TRAM2
0.5,0.0016926189183462854,0.01,3.370092835960533,2.6655314984517595,392.29757035045725,48.455519812672556,221,0.47058823529411764,1.1481642010216933,log1p,20260926,TRAPPC6A
0.10655737704918034,-0.031237930119268884,0.0,4.9060759588253555,4.512223474143158,204.64577522308434,9.455926150273223,3,,,log1p,20260926,TSC22D4
0.05737704918032782,-0.0479714814124704,0.0,5.733499784429397,5.482363967730719,231.01908930982077,7.314825838630052,4,,,log1p,20260926,TWF2
0.5983606557377049,0.010635156199829281,0.03,4.657653587069977,4.392662200382696,311.52408382686394,15.420421000084424,24,0.4166666666666667,0.9171160367211686,log1p,20260926,TXNDC9
0.9016393442622951,0.03349820789091444,0.01,3.2672518196682456,2.5339025357125,174.330900061124,24.042657867481203,36,0.5555555555555556,0.9611394036491945,log1p,20260926,UBE3C
0.9836065573770492,0.14354676133646166,0.03,3.9188131126514105,3.6968961462154417,328.6555241192809,24.15574781099572,47,0.5319148936170213,0.9952221712868887,log1p,20260926,UQCRQ
1.0,0.0740639616736218,0.02,3.311984764576698,3.166869836565706,167.12917067452474,15.826681899792487,20,0.35,1.2009381214004466,log1p,20260926,USP22
0.25409836065573765,-0.0045574559191730105,0.0,5.390665740037879,5.221327818138713,202.372716924979,7.148489770333529,4,,,log1p,20260926,WFS1
0.5901639344262295,0.0020057391835020845,0.05,3.564385345971646,3.0776753061931488,340.5332374214702,32.55657037688374,103,0.5339805825242718,1.151185869079833,log1p,20260926,WSB2
0.9426229508196722,0.021721071879695426,0.01,3.0676555379601664,2.4545163565574835,175.12152570732258,25.313817835146892,14,0.8571428571428571,0.768309216714009,log1p,20260926,XRCC4
0.9016393442622951,0.025130955690705878,0.0,4.082862993070623,4.074616734059791,119.20485275925186,6.851757919079917,2,,,log1p,20260926,ZNF286A
0.9672131147540983,0.03477483945074031,0.03,3.9893680849883304,3.591741624882592,113.77409127012609,8.334607696182072,3,,,log1p,20260926,ZNF426
0.9672131147540983,0.035530147644000885,0.03,3.9733348620356246,3.8336039385322183,126.78301903259413,8.219798985184106,8,,,log1p,20260926,ZNF562
1.0,0.03425144051908141,0.01,4.052395440112489,3.8845885499493353,235.81825582221506,14.902642054461282,21,0.5238095238095238,1.1915486372950743,log1p,20260926,ZNF593
0.8934426229508197,0.015200533847770937,0.03,4.352504965313267,3.4330278379651458,142.97835701127704,11.274728689325888,8,,,log1p,20260926,ZNF714
0.47540983606557374,-0.0010903087736578822,0.0,1.0233574856426968,0.12875298084852652,64.05540492591683,62.99345551498004,308,0.487012987012987,0.9958502111463974,unchanged,20260927,ACAT2
0.7622950819672132,0.0045605412853986825,0.0,1.064422775920563,0.28040032690644895,14.863676247071115,13.812968118568701,24,0.5416666666666666,1.0000801888541113,unchanged,20260927,ACVR1B
0.6065573770491803,0.0018855862327748023,0.01,1.058611620318151,0.23199660877977835,20.769517292700733,19.72512091528857,49,0.5102040816326531,0.9943677878249992,unchanged,20260927,AKT2
0.9180327868852459,0.01245728925910438,0.0,1.0925249646266404,0.40986847616240235,7.169852404477828,6.192756404375936,2,,,unchanged,20260927,ANTXR1
0.5819672131147541,0.0003714626504138014,0.0,1.0298711456455139,0.14983214339202358,49.468934552149456,48.38802555772017,217,0.511520737327189,1.000567694950359,unchanged,20260927,ARID1A
0.9590163934426229,0.013353604153099158,0.0,1.037997640203128,0.20323352178689746,27.35990469379323,26.41233409544507,64,0.5625,0.9967576243897194,unchanged,20260927,ATM
0.7540983606557377,0.0047346579856921,0.01,1.0931102008264149,0.38687430571855647,8.083115412903089,7.053278287402917,2,,,unchanged,20260927,ATP1B1
0.20491803278688525,-0.008340790811872964,0.0,1.047161198594964,0.19696147611869108,28.22720029736346,27.087378263499872,74,0.4594594594594595,0.9991790227309687,unchanged,20260927,BIRC2
0.5983606557377049,0.0008817910675318999,0.01,1.0372691341889781,0.19895954974512736,27.56860780108068,26.52781495402035,63,0.4603174603174603,1.0060425860637738,unchanged,20260927,C1QBP
0.9508196721311475,0.012319732773170888,0.0,1.0835863088123923,0.3717050975933676,8.46606857063574,7.498691845734399,1,,,unchanged,20260927,CALM3
0.4672131147540983,-0.0018659787314129984,0.0,1.0963778493530614,0.4000355433236021,7.582644804702903,6.528200962092747,2,,,unchanged,20260927,CAMSAP2
0.33606557377049184,-0.00389718175961845,0.0,1.0896851284786835,0.3781793392500683,8.538270702813108,7.450710725090044,2,,,unchanged,20260927,CASP2
0.7377049180327868,0.003668356042371719,0.0,1.0174671325058688,0.10740594812053054,92.46079340347023,91.47758942064371,407,0.5552825552825553,0.9941717982193898,unchanged,20260927,CASP3
0.43442622950819676,-0.0009664868735631089,0.0,1.070509465748157,0.30552793153597796,12.464263968410204,11.393941129561444,7,,,unchanged,20260927,CDCA2
0.20491803278688525,-0.005876224996382666,0.0,1.076494797303541,0.2891452379289959,13.706045657750796,12.609021293969683,5,,,unchanged,20260927,CENPO
0.7049180327868853,0.005606587737764852,0.0,1.0879836591039123,0.37413677511570204,8.496947194529533,7.481135663140309,3,,,unchanged,20260927,CLDN6
0.20491803278688525,-0.004045052852656071,0.01,1.0738547356901715,0.33149386831915656,10.762707199644433,9.673734820860822,6,,,unchanged,20260927,CLDN7
0.7377049180327868,0.004860584645416906,0.01,1.0918866439628665,0.3900055534576855,8.071581649579972,7.029077870685338,4,,,unchanged,20260927,CREG1
0.28688524590163933,-0.002185930741729186,0.0,1.0607912008275835,0.2573307339902317,17.223127296284126,16.136433374893258,27,0.4074074074074074,1.0022883371061455,unchanged,20260927,DAXX
0.2295081967213115,-0.0038383207422457645,0.0,1.0698063013230255,0.2625070072547087,15.922126357495042,14.867637654619715,30,0.5333333333333333,1.0041188219255992,unchanged,20260927,DHCR24
0.5491803278688525,0.0001944546699155603,0.0,1.0075745694237979,0.0637772332457068,258.45385477754326,257.41320220865396,1355,0.4966789667896679,1.0010088850391223,unchanged,20260927,DHX36
0.9344262295081968,0.010182835825609587,0.0,1.0458376906585478,0.2009650546899968,27.13182127226697,26.18158259644693,83,0.5301204819277109,0.9917193139893458,unchanged,20260927,DLG5
0.9836065573770492,0.012711502213912587,0.0,1.0046568833503997,0.06018902479114078,296.69324474701165,296.0737007986536,1249,0.5044035228182546,0.9980358427511985,unchanged,20260927,DNMT1
0.008196721311475419,-0.016566361497782164,0.0,1.1010902228345618,0.3849412338002967,8.26901327464099,7.122725282478875,1,,,unchanged,20260927,DZIP3
0.4098360655737705,0.0005868541695667514,0.0,1.0955633677151408,0.36960472980064146,8.704536044655224,7.661271256088746,4,,,unchanged,20260927,EID2
0.7459016393442623,0.005237311305145009,0.0,1.02663599020896,0.15881446304844757,43.005426844479146,42.01560178119702,121,0.5702479338842975,0.9954016606983263,unchanged,20260927,EIF4B
0.09836065573770492,-0.008954237342310175,0.0,1.0282129989430144,0.14884504219526992,49.41096044781708,48.21426153907538,168,0.5357142857142857,0.9963030257695965,unchanged,20260927,EWSR1
0.9098360655737705,0.008256807290926977,0.0,1.0586444452685746,0.25197157679160004,17.164964246501718,16.203624068291273,32,0.25,1.0067975844173476,unchanged,20260927,FOXH1
0.7622950819672132,0.004640036786004316,0.0,1.0306415216049445,0.1464447805576504,50.55247865580061,49.55702396914154,210,0.4714285714285714,0.999605053076201,unchanged,20260927,GSK3B
0.6065573770491803,0.0028777782404635576,0.01,1.05712909301871,0.26806935968532175,15.549750901658674,14.528155782774952,21,0.5714285714285714,0.978758712656504,unchanged,20260927,HAT1
0.4426229508196722,0.00035148630020422886,0.0,1.0606323820077697,0.2326444697616832,20.343737412985334,19.302192887177647,30,0.5666666666666667,0.9993077921751116,unchanged,20260927,HIRA
0.6229508196721312,0.0006799679085360763,0.0,1.05467921006877,0.24442275756801232,18.633838733250563,17.5888817695471,26,0.5384615384615384,1.0081855106409863,unchanged,20260927,HMGB2
0.19672131147540983,-0.005781567946420754,0.0,1.0893718626052415,0.3490118556251003,9.756177142896107,8.665649004259743,3,,,unchanged,20260927,HMGN1
0.032786885245901676,-0.01652280468563807,0.0,1.0998022915776697,0.40339059840218044,7.585283996510478,6.449773819997329,0,,,unchanged,20260927,IDE
0.8360655737704918,0.008586949995183855,0.0,1.0892082233046836,0.36644459316574124,8.678548316521717,7.693827921327384,6,,,unchanged,20260927,IGF2R
0.4016393442622951,-0.0011483997590619648,0.0,1.0691029232687903,0.27608082942870654,14.695053637547316,13.646273051761941,12,0.5,1.0048661363308096,unchanged,20260927,IKBKG
0.7459016393442623,0.006034850049662874,0.0,1.0200309895894322,0.12399636440237036,69.16108046365915,68.21436740295266,211,0.5402843601895735,0.9976406600942604,unchanged,20260927,INSIG1
0.28688524590163933,-0.0057777868483151066,0.0,1.0931702633636178,0.32681326147116535,10.84971986199367,9.769387549995765,4,,,unchanged,20260927,IRF3
0.4426229508196722,-0.004136958445712649,0.0,1.010648366355207,0.08262481411073377,154.53019013686935,153.37824425186463,725,0.4675862068965517,1.0020919392243697,unchanged,20260927,KAT2A
0.7377049180327868,0.005990220210785425,0.0,1.0426967873897672,0.20861789942584083,25.04777420773326,24.06075179443121,43,0.5348837209302325,0.996994903066349,unchanged,20260927,KDM2B
0.9590163934426229,0.011602834521115638,0.01,1.0855182536515686,0.32102412816805465,11.078760575523361,10.11198493030455,6,,,unchanged,20260927,KDR
0.3688524590163934,-0.001970900500586276,0.01,1.0940478224451387,0.39299725309527056,7.734619595014833,6.69087079597112,2,,,unchanged,20260927,KIF1B
0.024590163934426257,-0.017011561519869038,0.0,1.0710427445891486,0.2813452602460642,14.480082351143286,13.300007286384627,15,0.4,0.9977563240348286,unchanged,20260927,KLF10
0.39344262295081966,-0.003095439013444872,0.01,1.1024348973012978,0.42358067083514156,6.997957030911763,5.920222444335906,2,,,unchanged,20260927,LAD1
0.9098360655737705,0.007567844853071883,0.0,1.0290207758320176,0.14708082124377708,48.18837431654103,47.27100491269485,95,0.5157894736842106,0.9977384433461615,unchanged,20260927,LRPPRC
0.15573770491803274,-0.006613529522012162,0.0,1.029080655434509,0.13897022021451375,56.39661390446334,55.22848238108435,188,0.44680851063829785,1.004155164787384,unchanged,20260927,LZTR1
0.4426229508196722,0.0013669999257935987,0.01,1.0895735206015782,0.3811221229571939,8.285947062050475,7.241618203713607,3,,,unchanged,20260927,MAP1B
0.5,0.00043130653792752035,0.01,1.078123161772508,0.35738280116052995,9.225067793905232,8.182501097657678,1,,,unchanged,20260927,MAP3K7
0.7295081967213115,0.0030302179300523593,0.0,1.094563004692532,0.3538075421583913,9.286765118804723,8.269342076753372,5,,,unchanged,20260927,MAPKAPK2
0.032786885245901676,-0.01205274237288765,0.0,1.0869297678465097,0.36695995710259094,9.00399907370917,7.87403313204214,0,,,unchanged,20260927,MAST2
0.4098360655737705,-0.001730359153757182,0.0,1.0101736367057854,0.07511657836584022,185.35457847317946,184.26695059851897,877,0.48346636259977194,1.0000838826641816,unchanged,20260927,MAU2
0.5491803278688525,-0.0007850038781606074,0.0,1.0196963817279632,0.09651048178214572,114.29551081465263,113.22375789941742,369,0.5257452574525745,1.0012063194394865,unchanged,20260927,MBTPS1
0.819672131147541,0.007751784660670045,0.0,1.0193633952665109,0.12987145932700045,62.42843798779059,61.51475170519875,297,0.5353535353535354,0.9961803511786584,unchanged,20260927,MED1
0.21311475409836067,-0.008075722687261633,0.0,1.0396778907897049,0.19169221113466184,28.42038846137113,27.331448610164685,63,0.5396825396825397,0.9953710488509655,unchanged,20260927,MED12
0.43442622950819676,-0.0004907335184368572,0.01,1.034229988733507,0.18022582632249942,33.33616164102035,32.28189205061412,111,0.4954954954954955,1.001008989619489,unchanged,20260927,MED13
0.6885245901639344,0.00356452397018358,0.0,1.0562768914105873,0.27185016017701813,15.199120116580655,14.178753537119377,16,0.3125,1.011169206245073,unchanged,20260927,MED13L
0.09836065573770492,-0.010153039179030177,0.0,1.0144769419336472,0.09251672058839154,123.24922193263106,121.97603662753404,627,0.4704944178628389,0.9998844136405262,unchanged,20260927,MED24
0.17213114754098358,-0.007638068040411086,0.0,1.0042302510388772,0.04416747926740334,523.128824021868,521.7589591021322,2934,0.5020449897750511,1.0002973899192613,unchanged,20260927,METTL14
0.6475409836065573,0.0025550080918985366,0.01,1.0309465927230006,0.1606674150437162,42.53383901719313,41.49671149249956,79,0.4810126582278481,1.001905352550201,unchanged,20260927,METTL17
0.8852459016393442,0.00968042343181792,0.0,1.0029102361100948,0.04481487393591347,517.4007779380572,516.8112415279878,2854,0.5035038542396636,0.999531442166659,unchanged,20260927,METTL3
0.35245901639344257,-0.003183159139052552,0.0,1.092500066625134,0.3730388234390565,8.665539655403311,7.591143498909098,5,,,unchanged,20260927,MKI67
0.38524590163934425,-0.002875250754310665,0.0,1.053682412561578,0.18751324283661852,31.21769617216375,30.12594658665021,27,0.48148148148148145,0.9984626240861024,unchanged,20260927,MTA1
0.9918032786885246,0.013993384822208327,0.0,1.0881747279902887,0.4067664090682936,7.5079815063048665,6.505627959900664,2,,,unchanged,20260927,NCK2
0.21311475409836067,-0.005407292298855255,0.0,1.0573543475376626,0.264014155460561,16.648868840782693,15.52257157290596,17,0.35294117647058826,1.0111010918281602,unchanged,20260927,NDUFB4
0.12295081967213117,-0.011781321742089339,0.0,1.0618403677482349,0.26910454909741216,16.057511067541547,14.885182758767087,12,0.5,0.9974816475610517,unchanged,20260927,NDUFB6
0.30327868852459017,-0.0044496690308555645,0.01,1.0867491061113315,0.29265758222946586,13.810282384847795,12.690324226318992,6,,,unchanged,20260927,NISCH
0.6967213114754098,0.0020184154943108253,0.0,1.0244812368583243,0.15015329307052996,47.93149879337001,46.90246490662895,138,0.5144927536231884,1.0000096531912865,unchanged,20260927,NIT1
0.6639344262295082,0.0033678523987346206,0.0,1.0906572645905064,0.35762091112220185,9.610256040311132,8.538777098219047,5,,,unchanged,20260927,NRAS
0.5491803278688525,0.0007581745717984974,0.0,1.0323089910550758,0.15422270277387162,45.84331883094906,44.788514093946645,128,0.5390625,0.9970896351408552,unchanged,20260927,OXCT1
0.3770491803278688,-0.0033554678613484253,0.0,1.06249294197522,0.2820796980469511,14.367988791611332,13.285708722799463,18,0.5,0.994894354544725,unchanged,20260927,PAGR1
0.7622950819672132,0.0024334940184585117,0.0,1.0852545252150299,0.37136778536836823,8.685210969013957,7.64471489712024,4,,,unchanged,20260927,PBX1
0.6557377049180328,0.004028044594389164,0.0,1.0354255291398498,0.15011921665126882,48.25307461747974,47.24549797390515,116,0.5431034482758621,0.9957009828121176,unchanged,20260927,PHF10
0.4098360655737705,-0.0036454593582815205,0.0,1.0548310071417915,0.2624765173976997,16.17567145666724,15.106048180617183,24,0.4583333333333333,0.9962079201985595,unchanged,20260927,PHF14
0.3688524590163934,-0.006157399542531784,0.0,1.095516858399738,0.39487149233917135,8.0493096321993,6.9343598555527795,2,,,unchanged,20260927,PLCB3
0.7786885245901639,0.006118488513729422,0.0,1.0920681559673509,0.3370439520258195,10.370481465548268,9.347203583334098,1,,,unchanged,20260927,PMS1
0.7295081967213115,0.002045864084872717,0.0,1.0827241827511793,0.33610665258381467,10.172810636432303,9.151565276077248,3,,,unchanged,20260927,POLB
0.7459016393442623,0.0044814752553910256,0.0,1.090199569689079,0.35118728108322933,9.875667709139492,8.816105543913617,6,,,unchanged,20260927,PRCP
0.008196721311475419,-0.012935262127142126,0.0,1.0429364811558166,0.19263577659688944,28.584120502490713,27.429552199261032,104,0.5096153846153846,1.00008097524146,unchanged,20260927,PRR12
0.540983606557377,0.0013069436214898054,0.0,1.0989556932041709,0.4171601063586546,7.007140663982074,5.9740375389209905,2,,,unchanged,20260927,PTPN1
0.4180327868852459,-0.0006756549241332936,0.01,1.1046120352222712,0.4271086886396924,7.087752060574635,5.991342454168576,0,,,unchanged,20260927,RAB3B
0.3278688524590164,-0.0034594659973530457,0.0,1.0629973342675743,0.2573094658163788,16.981553507442634,15.900502690749565,38,0.3684210526315789,1.014373210349837,unchanged,20260927,RAF1
0.8032786885245902,0.006025850565603694,0.0,1.019809679615622,0.1166902016770889,79.37144119707061,78.41398389155121,369,0.5311653116531165,0.9979238972680272,unchanged,20260927,RNF2
0.008196721311475419,-0.018501911195674035,0.0,1.0861686221664602,0.31184319125817916,12.05146911965699,10.869071071300136,4,,,unchanged,20260927,RRM1
0.07377049180327866,-0.00827216133878582,0.01,1.0274945634696817,0.15208471275966387,46.16314329472027,45.00885087723821,163,0.44785276073619634,1.006553607157468,unchanged,20260927,SAFB
0.639344262295082,0.0006291341665593114,0.0,1.009070801401579,0.07233979122340616,200.69752835396594,199.670816517702,1125,0.5004444444444445,0.9984390576825474,unchanged,20260927,SIN3B
0.25409836065573765,-0.0059533730580009075,0.01,1.0700841248253237,0.29420285552291625,13.548938585544379,12.429553860157547,25,0.32,1.0170158495806,unchanged,20260927,SIX4
0.28688524590163933,-0.0057425233480187295,0.0,1.0525160242367477,0.23429299583444693,20.548602245884616,19.42975764584817,20,0.55,1.00828823251482,unchanged,20260927,SLC25A3
0.5655737704918034,0.0017784186651876278,0.0,1.0388333115074544,0.1777431461926326,33.336265699058146,32.335155617567125,79,0.46835443037974683,1.0034866903141102,unchanged,20260927,SMAGP
0.9590163934426229,0.007948427381644092,0.01,1.0030618481656959,0.047269130240704046,479.70874803337676,478.99842202935355,2187,0.5080018289894833,0.9987836450732314,unchanged,20260927,SMARCA4
0.8524590163934427,0.007715332082736623,0.0,1.0086274858515265,0.0808973347763672,161.53943129924284,160.6884127437941,931,0.4865735767991407,1.0003978260627628,unchanged,20260927,SMARCA5
0.05737704918032782,-0.013114836716614954,0.0,1.0081245674977575,0.07103780076412691,216.54602626176577,215.0600329516683,1133,0.4819064430714916,1.0012719634329046,unchanged,20260927,SOX2
0.8114754098360656,0.006370643293074394,0.0,1.0699378321429764,0.32658995797863194,10.892889379446647,9.880173346383751,6,,,unchanged,20260927,SRC
0.032786885245901676,-0.016636974109149143,0.0,1.048627565112734,0.19114171219154727,30.509160118561404,29.254291616807656,59,0.4915254237288136,1.0016740594535944,unchanged,20260927,SSBP1
0.319672131147541,-0.0036488902757487477,0.0,1.0166169069501145,0.10388600185490729,97.86988305525452,96.7523509635953,445,0.5168539325842697,0.9998154479769521,unchanged,20260927,STAG2
0.5491803278688525,-0.0011149100789694711,0.01,1.0953268286901843,0.37820254932465924,8.62741525712007,7.5422348030052815,8,,,unchanged,20260927,STAT1
0.5491803278688525,0.0013783493572321031,0.0,1.0467039918984486,0.1995185249529699,26.97828594677156,25.95918969962473,68,0.5735294117647058,0.9982021193253645,unchanged,20260927,STAT6
0.16393442622950816,-0.006374799941889883,0.0,1.0747448975839449,0.2860635035278039,14.411964908807075,13.277049082877419,19,0.5263157894736842,1.0034193299957406,unchanged,20260927,STX4
0.180327868852459,-0.007170066603966073,0.01,1.0756907587476872,0.2574649219528172,17.07391159205965,15.957221000842587,18,0.4444444444444444,0.9989701368857368,unchanged,20260927,SV2A
0.6475409836065573,0.0013879788396069942,0.0,1.0138138756542692,0.0994702383278718,107.93698707216008,106.90871731150742,519,0.48747591522157996,0.9998020311406457,unchanged,20260927,TADA1
0.20491803278688525,-0.006622392900878894,0.0,1.0752840618802064,0.325679758030702,11.153712303781381,10.044942840033457,4,,,unchanged,20260927,TARBP2
0.7213114754098361,0.003114565104591052,0.0,1.0752035725871136,0.33762264838722056,10.095751128671724,9.079844081761223,6,,,unchanged,20260927,TCF3
0.032786885245901676,-0.0102748154059351,0.0,1.05627561591235,0.2618314712789129,16.518512203059817,15.38127803967939,45,0.4,1.019043609296373,unchanged,20260927,TET1
0.2622950819672131,-0.007168720041777003,0.0,1.0378746446982312,0.15756373475213148,45.14262157482243,43.95216012740541,93,0.5483870967741935,1.0002318688849525,unchanged,20260927,TFAM
0.3278688524590164,-0.0029680887345171726,0.0,1.0308245861858474,0.14333673826171514,52.53023055461587,51.4298230003904,258,0.5193798449612403,1.0016525117487147,unchanged,20260927,TGFBR2
0.39344262295081966,-0.0037915811764771606,0.0,1.0899940344608634,0.3572570357901787,9.267508069605093,8.198855126981474,6,,,unchanged,20260927,TMBIM6
0.7213114754098361,0.003994439510344107,0.0,1.024048172000495,0.11096781818864715,85.26598981840787,84.30263426260876,254,0.4448818897637795,0.9985807902767,unchanged,20260927,TMSB10
0.6557377049180328,0.002065413875567671,0.0,1.0892878375734416,0.3971774763015529,7.720787549158056,6.678250672178237,0,,,unchanged,20260927,TMSB4X
0.08196721311475408,-0.010768819584395717,0.0,1.0873600151328406,0.35975940812187246,9.111286708017188,8.012210174475577,1,,,unchanged,20260927,TRAM2
0.7786885245901639,0.009578858281553939,0.0,1.029485056001339,0.14835377025053895,49.38425327410444,48.455519812672556,221,0.5113122171945701,0.998993449756305,unchanged,20260927,TRAPPC6A
0.4180327868852459,-0.003068792155492062,0.0,1.0856012252406053,0.32982963632118556,10.503755730079614,9.455926150273223,3,,,unchanged,20260927,TSC22D4
0.9590163934426229,0.0109589014870082,0.0,1.088179591189178,0.3757975001277854,8.28760335441207,7.314825838630052,4,,,unchanged,20260927,TWF2
0.9508196721311475,0.015315533841123188,0.0,1.0568875464734737,0.2622619736483206,16.357180404331466,15.420421000084424,24,0.625,0.9939824819162913,unchanged,20260927,TXNDC9
0.4426229508196722,-0.0020915559467462623,0.0,1.054135316436384,0.20710056132287044,25.09469166210978,24.042657867481203,36,0.5,1.0049259530250159,unchanged,20260927,UBE3C
0.38524590163934425,-0.0017152948738034261,0.0,1.0461582164066605,0.20881594023671812,25.22634163471957,24.15574781099572,47,0.3829787234042553,1.001114315598842,unchanged,20260927,UQCRQ
0.15573770491803274,-0.008180826809564105,0.0,1.0571064896647255,0.26155691934987507,16.977147555058,15.826681899792487,20,0.5,1.0049166708553554,unchanged,20260927,USP22
0.14754098360655743,-0.004624930980425271,0.0,1.097714941670593,0.3828429471034461,8.221549330714542,7.148489770333529,4,,,unchanged,20260927,WFS1
0.8032786885245902,0.004560032819750675,0.0,1.0337044064630678,0.1768065980247263,33.52181035332632,32.55657037688374,103,0.5339805825242718,1.0009957535036744,unchanged,20260927,WSB2
0.9344262295081968,0.01202745705308277,0.0,1.0437591174315508,0.20495326192854235,26.25234551467787,25.313817835146892,14,0.7857142857142857,0.9922446856481031,unchanged,20260927,XRCC4
0.8360655737704918,0.007755269629513293,0.01,1.0912003839223368,0.3951604145410907,7.879676471038559,6.851757919079917,2,,,unchanged,20260927,ZNF286A
0.049180327868852514,-0.01262121729594478,0.0,1.0992592541108865,0.3609982716150487,9.496720611499883,8.334607696182072,3,,,unchanged,20260927,ZNF426
0.7704918032786885,0.007007335699693615,0.0,1.0848747211529304,0.3592079543392913,9.239022602311904,8.219798985184106,8,,,unchanged,20260927,ZNF562
0.25409836065573765,-0.002902536321347099,0.0,1.0565854130825194,0.26546187703565527,15.975796712760303,14.902642054461282,21,0.5714285714285714,0.9960074703784036,unchanged,20260927,ZNF593
0.5491803278688525,0.0023283873580396174,0.0,1.0938427871904859,0.30762682330266844,12.325552723574866,11.274728689325888,8,,,unchanged,20260927,ZNF714
0.9836065573770492,0.07970228335184625,0.04,3.4792235610876676,3.340340678803173,732.3247660674479,62.99345551498004,308,0.577922077922078,1.1157172441073147,additive,20260927,ACAT2
0.9918032786885246,0.09580372129396585,0.05,5.255535494385059,5.968891117439711,490.13904591832585,13.812968118568701,24,0.7916666666666666,0.9810169070412774,additive,20260927,ACVR1B
0.2786885245901639,-0.011445090968077073,0.02,4.584415917413634,4.867856039706428,489.329921926917,19.72512091528857,49,0.4897959183673469,1.2321312921469896,additive,20260927,AKT2
0.180327868852459,-0.03880743596385985,0.0,6.21884348569009,7.9173956212672865,398.19213789544926,6.192756404375936,2,,,additive,20260927,ANTXR1
1.0,0.1776791364071609,0.03,2.81623454007209,2.793223337125055,377.88636254907084,48.38802555772017,217,0.7649769585253456,0.84862076771555,additive,20260927,ARID1A
1.0,0.149161174987801,0.06,2.8046249127452216,3.1308996525949615,260.6505229373116,26.41233409544507,64,0.65625,0.9496727178127091,additive,20260927,ATM
0.7131147540983607,0.02459109355987531,0.06,7.443794473724385,8.640154127849957,530.5992345964054,7.053278287402917,2,,,additive,20260927,ATP1B1
0.5,-0.007243851345507111,0.01,3.1627771581313486,3.1239821835755808,292.666228772199,27.087378263499872,74,0.5135135135135135,1.0825913139763228,additive,20260927,BIRC2
0.7540983606557377,0.04293338051392813,0.03,3.786387130884931,4.486107597444602,550.1856578037655,26.52781495402035,63,0.6031746031746031,1.2594738140536816,additive,20260927,C1QBP
0.032786885245901676,-0.051041576179062347,0.0,5.924054546117907,7.683600867269036,456.0860989666794,7.498691845734399,1,,,additive,20260927,CALM3
0.040983606557377095,-0.06375191034275413,0.0,7.9410829707334765,9.231357170941063,570.5320481833445,6.528200962092747,2,,,additive,20260927,CAMSAP2
0.6639344262295082,0.03317410398677621,0.04,5.929561563282626,7.6258407366851655,436.9654534919864,7.450710725090044,2,,,additive,20260927,CASP2
1.0,0.19698689503704056,0.05,2.294559340849707,2.393310154337671,529.2007841421483,91.47758942064371,407,0.7002457002457002,0.8871520217399952,additive,20260927,CASP3
0.032786885245901676,-0.04140081997919858,0.01,5.62475435891372,6.626960761598101,518.0293180073058,11.393941129561444,7,,,additive,20260927,CDCA2
0.29508196721311475,-0.024033505989407435,0.01,5.008414252796501,5.17117857214858,352.9221045546258,12.609021293969683,5,,,additive,20260927,CENPO
0.680327868852459,0.028172828699873965,0.0,5.571613905239121,7.347872306712151,408.2994877382149,7.481135663140309,3,,,additive,20260927,CLDN6
0.21311475409836067,-0.013703068141021684,0.0,5.249641059371253,6.6648100289741485,441.14503544181207,9.673734820860822,6,,,additive,20260927,CLDN7
0.47540983606557374,0.011083458496280276,0.03,6.362153828441149,8.012544527622167,457.05353262486597,7.029077870685338,4,,,additive,20260927,CREG1
0.8852459016393442,0.03591549896541444,0.05,4.879529048236825,5.181839717785522,443.4170245751554,16.136433374893258,27,0.5555555555555556,1.2642872858441858,additive,20260927,DAXX
0.9180327868852459,0.0762650485498617,0.01,5.069387580809009,5.6779899876571625,481.3175558629524,14.867637654619715,30,0.6333333333333333,0.9487492063082835,additive,20260927,DHCR24
1.0,0.2673107816894827,0.02,1.3208474867182325,1.214684346450514,470.05236831391505,257.41320220865396,1355,0.7512915129151292,0.8722246950270549,additive,20260927,DHX36
1.0,0.11431245995993158,0.03,4.950429472140008,4.76288488479022,591.6031835949836,26.18158259644693,83,0.6987951807228916,1.085406639485972,additive,20260927,DLG5
1.0,0.33669167163673963,0.11,1.4829756028551495,1.393049635803727,592.8967246702113,296.0737007986536,1249,0.7934347477982386,0.8456241926766657,additive,20260927,DNMT1
0.9590163934426229,0.05248432867600639,0.02,5.73846572250175,6.660893580214344,318.1601595901896,7.122725282478875,1,,,additive,20260927,DZIP3
0.6065573770491803,0.003952972004121081,0.01,4.998099647117223,5.8202579093826055,266.83738531009107,7.661271256088746,4,,,additive,20260927,EID2
1.0,0.0994047413650931,0.0,2.838367536638197,3.238148933804337,455.5261716433075,42.01560178119702,121,0.7520661157024794,0.897548599709498,additive,20260927,EIF4B
1.0,0.1585708770729157,0.03,2.71042453661258,2.8222840792829174,389.09985689252755,48.21426153907538,168,0.7380952380952381,1.0094159649155656,additive,20260927,EWSR1
1.0,0.16706662085473767,0.1,3.49240752389641,3.9863596582197616,252.11361359891143,16.203624068291273,32,0.90625,0.7244281832783394,additive,20260927,FOXH1
0.7786885245901639,0.02472024427917181,0.01,3.0628044089727555,2.7133630493864382,407.764561625481,49.55702396914154,210,0.5476190476190477,1.037614777094101,additive,20260927,GSK3B
0.9918032786885246,0.058192109553112985,0.02,4.123083181921179,4.605107521246189,314.84044034557394,14.528155782774952,21,0.42857142857142855,1.3086998629307938,additive,20260927,HAT1
1.0,0.16464680723125108,0.08,5.6370736955993355,5.706220815199213,611.5307994594796,19.302192887177647,30,0.6666666666666666,1.7196329340708187,additive,20260927,HIRA
0.3688524590163934,-0.019866379055911505,0.0,3.652965115017982,3.7682045024452817,269.9732647335224,17.5888817695471,26,0.23076923076923078,1.1560386638636495,additive,20260927,HMGB2
0.5901639344262295,0.00416521283919897,0.0,4.976183608826128,5.5318280145726035,273.4448896958316,8.665649004259743,3,,,additive,20260927,HMGN1
0.6721311475409837,0.013657781556831236,0.05,6.5441434439481885,8.076608477695556,425.7559383219117,6.449773819997329,0,,,additive,20260927,IDE
0.8360655737704918,0.04838011856904682,0.02,5.845186495187691,7.368939616892721,419.99260766308424,7.693827921327384,6,,,additive,20260927,IGF2R
0.6885245901639344,0.02207103566596638,0.02,5.009173598149274,5.352065376823882,401.31440884737844,13.646273051761941,12,0.5,1.1448882656305432,additive,20260927,IKBKG
0.06557377049180324,-0.054892631520858375,0.0,2.8475523031786243,2.715932728331577,591.7227996754157,68.21436740295266,211,0.44075829383886256,1.164197839588618,additive,20260927,INSIG1
0.5163934426229508,0.00021842069361004788,0.02,4.8636864880305755,5.019818395271883,255.92262630825363,9.769387549995765,4,,,additive,20260927,IRF3
1.0,0.3034858890691911,0.07,1.3643753999842696,1.4808539522611277,351.86378338170425,153.37824425186463,725,0.8068965517241379,0.825250122936134,additive,20260927,KAT2A
0.9508196721311475,0.05443960691809737,0.06,3.045600920877139,3.102976696306003,247.5999264594454,24.06075179443121,43,0.5581395348837209,1.4695498114623953,additive,20260927,KDM2B
0.5573770491803278,0.00046971691927090377,0.0,4.601643722570158,4.736742030879414,236.94681381993405,10.11198493030455,6,,,additive,20260927,KDR
0.5491803278688525,0.0031787954921919637,0.05,6.47262778058482,8.07164157786208,442.26710535956727,6.69087079597112,2,,,additive,20260927,KIF1B
0.9590163934426229,0.04817317697656621,0.03,3.6840305084770892,4.070133608887015,228.41226444485505,13.300007286384627,15,0.6666666666666666,0.9502781580567611,additive,20260927,KLF10
0.12295081967213117,-0.024782619385343062,0.0,7.086680456679945,9.084943153656406,497.2187000511191,5.920222444335906,2,,,additive,20260927,LAD1
1.0,0.1645002599529676,0.07,2.482764215462994,2.392727768256144,280.69227241395777,47.27100491269485,95,0.6947368421052632,1.0614015859844967,additive,20260927,LRPPRC
0.8934426229508197,0.042588020013519405,0.07,2.418357229901266,2.076556098169383,283.6099877502888,55.22848238108435,188,0.5053191489361702,1.1377015671068096,additive,20260927,LZTR1
0.24590163934426235,-0.016202371230487258,0.01,6.256704822935937,8.012109095997676,473.98942001864964,7.241618203713607,3,,,additive,20260927,MAP1B
0.9672131147540983,0.05735485869640225,0.04,4.516550675119484,5.663973495190226,265.3657353794536,8.182501097657678,1,,,additive,20260927,MAP3K7
0.8360655737704918,0.050320921463811556,0.07,5.600804476645819,6.9032696112016225,396.6007350059043,8.269342076753372,5,,,additive,20260927,MAPKAPK2
0.6885245901639344,0.018782212795832007,0.06,6.20972530292071,7.727887507130591,475.82744159856645,7.87403313204214,0,,,additive,20260927,MAST2
1.0,0.2040748399515764,0.04,2.0786697574687025,1.932587095579743,727.1373021833379,184.26695059851897,877,0.7058152793614595,0.9326598811828305,additive,20260927,MAU2
0.9426229508196722,0.06723906806968781,0.01,2.5429253097197835,2.1988317694100563,627.1652300184662,113.22375789941742,369,0.5392953929539296,1.0529273326530826,additive,20260927,MBTPS1
1.0,0.1581997252000432,0.05,2.068211391194256,2.316600614519334,346.5536418249977,61.51475170519875,297,0.7171717171717171,0.9182779146511068,additive,20260927,MED1
1.0,0.09571718242427678,0.04,3.41284140985938,3.5876866739640474,360.35665396699545,27.331448610164685,63,0.6984126984126984,1.1861675919717258,additive,20260927,MED12
1.0,0.151109883442149,0.06,2.618670164998291,2.9386684759115735,282.3906513392334,32.28189205061412,111,0.7657657657657657,0.9656947635051595,additive,20260927,MED13
0.9426229508196722,0.049095007304737245,0.01,3.7655261799712174,4.405671231431883,283.25386634992935,14.178753537119377,16,0.5625,1.048024521688266,additive,20260927,MED13L
1.0,0.2341129910194414,0.12,1.6850823997261095,1.5481889975668268,325.91836691086104,121.97603662753404,627,0.7607655502392344,0.839372696962384,additive,20260927,MED24
0.9918032786885246,0.1726009355543794,0.01,1.1771295382866498,0.7779852609728409,697.4347302703545,521.7589591021322,2934,0.6571233810497614,0.9246735059306533,additive,20260927,METTL14
0.9672131147540983,0.051339217238851036,0.05,2.641604956125024,2.607368651183215,312.49724160499375,41.49671149249956,79,0.620253164556962,1.1827224864724617,additive,20260927,METTL17
1.0,0.2663654339909182,0.01,1.1387860953542566,0.8828400297471771,676.5526260008461,516.8112415279878,2854,0.7463209530483532,0.8555436277108229,additive,20260927,METTL3
0.4508196721311475,-0.007114171183227399,0.01,4.659946543989442,5.512805079593574,238.8891709314206,7.591143498909098,5,,,additive,20260927,MKI67
0.8278688524590164,0.029585410307863803,0.0,3.1970775446462323,2.712160851839698,246.89224564844523,30.12594658665021,27,0.7037037037037037,0.9955306373896002,additive,20260927,MTA1
0.39344262295081966,-0.010883101871780569,0.0,6.237252440968985,7.756001864747251,398.953624850186,6.505627959900664,2,,,additive,20260927,NCK2
0.9426229508196722,0.07953980617207157,0.0,4.81334369583746,5.865312156003581,535.0449599258063,15.52257157290596,17,0.5294117647058824,2.1098743311594776,additive,20260927,NDUFB4
0.8278688524590164,0.029027021533391092,0.01,6.264590666796918,6.922855324387149,722.2889967082674,14.885182758767087,12,0.5,2.9292850274579116,additive,20260927,NDUFB6
0.024590163934426257,-0.04348517722299388,0.0,5.530542372631642,5.780427714067306,443.09625414461425,12.690324226318992,6,,,additive,20260927,NISCH
1.0,0.11162273247074032,0.0,2.9467512408183194,3.340919846846329,535.4338593762557,46.90246490662895,138,0.6231884057971014,1.064193409762979,additive,20260927,NIT1
0.30327868852459017,-0.00923846324829805,0.03,6.309372672501863,7.4105764450793945,478.6289220683705,8.538777098219047,5,,,additive,20260927,NRAS
0.319672131147541,-0.01642577444866799,0.01,3.614604936040509,3.244416987521123,521.0169783643935,44.788514093946645,128,0.5546875,1.0514485822488846,additive,20260927,OXCT1
0.9426229508196722,0.08018627569515384,0.01,4.654461813152916,5.692034696557531,431.60501870557937,13.285708722799463,18,0.7777777777777778,1.3618743004775473,additive,20260927,PAGR1
0.07377049180327866,-0.04262264287460222,0.01,5.281155603763169,6.2591444964596725,311.21980184445783,7.64471489712024,4,,,additive,20260927,PBX1
0.860655737704918,0.03933552295210198,0.02,3.040892651869211,2.5933019096725505,355.3426986232327,47.24549797390515,116,0.5517241379310345,1.113295814017294,additive,20260927,PHF10
0.4426229508196722,-0.01631579931186624,0.04,3.665756926887462,4.168794989091398,279.68676157439836,15.106048180617183,24,0.4583333333333333,1.1371302918325756,additive,20260927,PHF14
0.5983606557377049,0.006325746281749616,0.01,6.461711963169169,7.854111075060021,434.0055965496698,6.9343598555527795,2,,,additive,20260927,PLCB3
0.33606557377049184,-0.027349279294596386,0.01,5.156572660728458,5.37042948820645,281.6804816675377,9.347203583334098,1,,,additive,20260927,PMS1
0.5327868852459017,-0.0032939643519316643,0.02,5.095590846040658,5.707616613618918,307.6251882864458,9.151565276077248,3,,,additive,20260927,POLB
0.16393442622950816,-0.02327106781365719,0.01,6.435557278834642,7.282270293119162,479.33512344919103,8.816105543913617,6,,,additive,20260927,PRCP
1.0,0.1261442089056909,0.04,5.046346690112434,5.097677653813871,704.9458670376615,27.429552199261032,104,0.5961538461538461,1.1224733559156665,additive,20260927,PRR12
0.29508196721311475,-0.007889525973689283,0.02,7.058159637724531,9.637338944435124,561.7409601891723,5.9740375389209905,2,,,additive,20260927,PTPN1
0.4590163934426229,-0.006100550154091284,0.01,6.486080877628798,8.118598595184435,401.4840457156514,5.991342454168576,0,,,additive,20260927,RAB3B
0.6885245901639344,0.026430999794189343,0.0,5.063276018162626,5.447702101674386,483.2080365324322,15.900502690749565,38,0.631578947368421,1.007565884034674,additive,20260927,RAF1
1.0,0.0933532949455396,0.03,2.018058935894749,1.8004372101681456,306.2395924041832,78.41398389155121,369,0.6612466124661247,0.9260457520558533,additive,20260927,RNF2
0.2786885245901639,-0.010841430070388753,0.03,5.280243928405023,5.936252944688122,395.28435470077955,10.869071071300136,4,,,additive,20260927,RRM1
0.9672131147540983,0.053679031346398474,0.01,2.8698033126569276,2.857649226770037,398.749947002229,45.00885087723821,163,0.5828220858895705,1.0841674502612109,additive,20260927,SAFB
1.0,0.25565554166892257,0.04,1.4762049981509953,1.5129331823403809,502.24943799532105,199.670816517702,1125,0.7537777777777778,0.9024658934385292,additive,20260927,SIN3B
0.9836065573770492,0.08001397045778884,0.03,3.9347465674009445,4.704059776249768,278.11620685966176,12.429553860157547,25,0.84,1.0166603025223742,additive,20260927,SIX4
0.9672131147540983,0.08268262674210729,0.01,4.4791908485962715,5.366075083417374,561.6637651838329,19.42975764584817,20,0.4,1.017125181625889,additive,20260927,SLC25A3
0.7540983606557377,0.022201690907457078,0.02,4.227631224744109,3.8594087839216584,508.42716628119433,32.335155617567125,79,0.569620253164557,1.033693693487414,additive,20260927,SMAGP
0.5,-0.0107909979586762,0.0,1.211640931950102,0.6048151392178327,660.4691155739979,478.99842202935355,2187,0.5203475080018289,1.021256445202361,additive,20260927,SMARCA4
1.0,0.20382069357370458,0.03,1.6797092726546967,1.5293913720063805,436.3646097744288,160.6884127437941,931,0.7110633727175081,0.8762683100370252,additive,20260927,SMARCA5
1.0,0.11556333794061452,0.02,1.5512149522961352,1.1719751002496075,452.19617753223935,215.0600329516683,1133,0.6513680494263019,0.9464541527404879,additive,20260927,SOX2
0.9508196721311475,0.055627373802863575,0.02,6.946231277403548,8.06885575204542,644.2736019134364,9.880173346383751,6,,,additive,20260927,SRC
1.0,0.08925368837987145,0.06,3.199113528289228,3.2674759967381375,324.52168396503805,29.254291616807656,59,0.5084745762711864,1.3812563540951495,additive,20260927,SSBP1
1.0,0.1956556969618447,0.04,2.422553233287167,2.425695724732179,574.2055983984609,96.7523509635953,445,0.7460674157303371,0.9266691186384117,additive,20260927,STAG2
0.43442622950819676,-0.01549895574682341,0.02,4.998296759262471,5.926744138114972,273.8586420033067,7.5422348030052815,8,,,additive,20260927,STAT1
0.7131147540983607,0.011482470367095937,0.0,3.384237864360285,3.1458952533095084,280.99295532473445,25.95918969962473,68,0.5147058823529411,1.0484195342412284,additive,20260927,STAT6
0.7131147540983607,0.021136508379181636,0.0,5.785317316261814,6.125258577203593,507.97803220830554,13.277049082877419,19,0.47368421052631576,1.0628961240542976,additive,20260927,STX4
0.6885245901639344,0.027112421919421342,0.02,5.089033654463201,5.278299232710096,455.9652685457711,15.957221000842587,18,0.8333333333333334,0.7812689533744053,additive,20260927,SV2A
1.0,0.2614375036147409,0.06,1.7706391724767778,1.8824016097482879,380.50684089448515,106.90871731150742,519,0.7803468208092486,0.8644820296829943,additive,20260927,TADA1
0.5,-0.0024774647771304698,0.01,4.4630952073185775,5.197405502123432,281.64790957369223,10.044942840033457,4,,,additive,20260927,TARBP2
0.9426229508196722,0.04461457167575187,0.02,4.728588571407319,5.64118036030596,293.4565489428717,9.079844081761223,6,,,additive,20260927,TCF3
0.9836065573770492,0.07725637122539034,0.0,4.078134169592462,4.554916223127349,323.67545072215614,15.38127803967939,45,0.5555555555555556,1.0004436715436273,additive,20260927,TET1
0.9918032786885246,0.14950688175023363,0.06,2.600474296485871,2.4683817593889144,279.30843499937794,43.95216012740541,93,0.6236559139784946,1.1275209552614514,additive,20260927,TFAM
1.0,0.2880205380279881,0.05,2.7823122316784232,3.0664616081305,444.1880126769007,51.4298230003904,258,0.8488372093023255,0.8797427163844114,additive,20260927,TGFBR2
0.29508196721311475,-0.0036678539072722382,0.01,6.26605437311118,7.599738702557574,482.1892460222848,8.198855126981474,6,,,additive,20260927,TMBIM6
0.47540983606557374,0.012523161936443514,0.0,2.9689544341128915,2.430322239571097,577.1017379804525,84.30263426260876,254,0.4645669291338583,1.1350556143872277,additive,20260927,TMSB10
0.07377049180327866,-0.04044521953934581,0.0,5.713088910190526,7.817078070823177,418.9870122959835,6.678250672178237,0,,,additive,20260927,TMSB4X
0.9426229508196722,0.050290854342051654,0.07,6.321209839918283,7.520884749760862,455.1515782023819,8.012210174475577,1,,,additive,20260927,TRAM2
0.7049180327868853,0.02386995534001528,0.0,3.6531868103026923,3.321338095763711,575.299127480872,48.455519812672556,221,0.4841628959276018,1.1927416677968086,additive,20260927,TRAPPC6A
0.6721311475409837,0.010494502618985525,0.05,5.292522427673516,5.817495295747698,328.32061206703816,9.455926150273223,3,,,additive,20260927,TSC22D4
0.16393442622950816,-0.019241275053924527,0.01,6.617166550516947,7.9754893228617965,474.8444583388805,7.314825838630052,4,,,additive,20260927,TWF2
0.5327868852459017,0.009175185303065138,0.0,5.073315124950644,5.652067392829754,506.4397530516313,15.420421000084424,24,0.4166666666666667,1.1161390153398163,additive,20260927,TXNDC9
0.4426229508196722,-0.0077453560158613185,0.01,3.7343883881590174,3.59332458252501,335.81930301848786,24.042657867481203,36,0.5833333333333334,1.0206822763384968,additive,20260927,UBE3C
0.9508196721311475,0.08838140048816326,0.03,4.406429032384686,4.9596985582137965,597.17645475887,24.15574781099572,47,0.5106382978723404,1.3009932038429248,additive,20260927,UQCRQ
1.0,0.08463182434465234,0.0,3.676955361805151,4.2641261979304605,292.17654347251636,15.826681899792487,20,0.35,1.240315585742818,additive,20260927,USP22
0.4426229508196722,0.01324283674246773,0.02,6.269429974708815,7.801330224781036,440.73391610978223,7.148489770333529,4,,,additive,20260927,WFS1
0.7540983606557377,0.018379677816544794,0.06,3.7489020301370872,3.591428728071241,448.18487248495114,32.55657037688374,103,0.5145631067961165,1.175487393184508,additive,20260927,WSB2
0.30327868852459017,-0.020365326592316615,0.01,3.3569596214781425,3.223660450972115,291.69842592490403,25.313817835146892,14,0.9285714285714286,0.8632609338007592,additive,20260927,XRCC4
0.8278688524590164,0.02952855056554586,0.0,4.59990423688679,5.874789700239967,240.95033025672083,6.851757919079917,2,,,additive,20260927,ZNF286A
0.7295081967213115,0.024829838273362062,0.04,4.48108698203859,5.104715294462326,223.40598987098377,8.334607696182072,3,,,additive,20260927,ZNF426
0.9754098360655737,0.06152900437646863,0.09,4.455107119999205,5.428353367767494,244.94193733316433,8.219798985184106,8,,,additive,20260927,ZNF562
0.4508196721311475,-0.008108426533070662,0.0,4.342202556909299,4.866509018037996,369.0166814186606,14.902642054461282,21,0.5714285714285714,1.3186455023041483,additive,20260927,ZNF593
0.5655737704918034,-0.0007227337511027756,0.01,4.83788278508636,4.8351454647901395,274.9412574409215,11.274728689325888,8,,,additive,20260927,ZNF714
0.9918032786885246,0.07949592739262905,0.06,3.360393426701626,3.01471227210771,605.3151623276849,62.99345551498004,308,0.577922077922078,1.136740237059669,ratio,20260927,ACAT2
0.9836065573770492,0.0852229449635822,0.04,4.731809678102276,4.537271382587891,287.4958298774852,13.812968118568701,24,0.75,0.6795397136711251,ratio,20260927,ACVR1B
0.180327868852459,-0.017074289881847744,0.02,4.032960543057389,3.562878649824988,272.5177637530494,19.72512091528857,49,0.40816326530612246,1.2191942659013697,ratio,20260927,AKT2
0.30327868852459017,-0.01196629511629791,0.01,5.636063942430374,6.078297196604657,235.889313474648,6.192756404375936,2,,,ratio,20260927,ANTXR1
1.0,0.18586838412417764,0.09,2.610547804902597,2.3144523052279617,265.95619132752364,48.38802555772017,217,0.7741935483870968,0.7392565394563663,ratio,20260927,ARID1A
1.0,0.09903833672230672,0.01,2.5833521429555044,2.504794208211577,179.01891051847377,26.41233409544507,64,0.671875,0.8418887078571251,ratio,20260927,ATM
0.7213114754098361,0.015178348434065644,0.0,6.889215801161044,7.012189893075631,352.3672547097292,7.053278287402917,2,,,ratio,20260927,ATP1B1
0.7213114754098361,0.0002835044383545525,0.02,2.945333002424832,2.573143156073411,206.39516908177416,27.087378263499872,74,0.5,0.9981133314841961,ratio,20260927,BIRC2
0.6557377049180328,0.03497000660026817,0.02,3.3962912401611254,3.3923719057174044,325.5208173909314,26.52781495402035,63,0.6190476190476191,1.085173970405383,ratio,20260927,C1QBP
0.1311475409836066,-0.02892638872839641,0.01,5.129329488851941,5.4327433298558985,231.17716625497664,7.498691845734399,1,,,ratio,20260927,CALM3
0.180327868852459,-0.022767984290467957,0.01,7.818103352002797,8.470491723306722,477.43959924654587,6.528200962092747,2,,,ratio,20260927,CAMSAP2
0.5573770491803278,0.03203034418900468,0.01,5.2500082914708255,5.638780914447384,241.66101590786576,7.450710725090044,2,,,ratio,20260927,CASP2
1.0,0.27253748835103525,0.21,1.9434264842468427,1.7096047797412242,273.59901566284015,91.47758942064371,407,0.7100737100737101,0.7621144799012773,ratio,20260927,CASP3
0.024590163934426257,-0.05428346079722357,0.02,4.937464207801184,4.762705375666865,275.73832892539394,11.393941129561444,7,,,ratio,20260927,CDCA2
0.6147540983606558,-0.0012798692064829944,0.0,4.866193121521255,4.487519463510057,266.67219863600826,12.609021293969683,5,,,ratio,20260927,CENPO
0.6065573770491803,0.03774903694776476,0.05,4.785605904066317,5.264625543984034,211.85688209666415,7.481135663140309,3,,,ratio,20260927,CLDN6
0.30327868852459017,-0.0007966639114849661,0.03,4.5133389175648055,4.663946439344114,220.1725366228748,9.673734820860822,6,,,ratio,20260927,CLDN7
0.1311475409836066,-0.026172730238404687,0.0,5.734697176654122,6.0838348753385825,269.43515412951956,7.029077870685338,4,,,ratio,20260927,CREG1
0.9098360655737705,0.02009486824733956,0.01,4.747287007402111,4.648386710486472,361.7898344257585,16.136433374893258,27,0.5555555555555556,1.0926585986391424,ratio,20260927,DAXX
0.9426229508196722,0.09006754521081456,0.01,4.431626538113721,4.050475947755285,247.9434681733968,14.867637654619715,30,0.6666666666666666,0.7692907960855817,ratio,20260927,DHCR24
1.0,0.33617862237358853,0.09,1.1405470013795433,0.8682444025190329,301.19350634727425,257.41320220865396,1355,0.7549815498154981,0.7548761566560458,ratio,20260927,DHX36
1.0,0.10469595845237391,0.02,4.663324816850824,4.051113269369654,433.652054693634,26.18158259644693,83,0.6867469879518072,0.9547077470011089,ratio,20260927,DLG5
1.0,0.3922507302896496,0.22,1.2556910007776825,1.1018353032409711,399.5957609599823,296.0737007986536,1249,0.7878302642113691,0.696450648771126,ratio,20260927,DNMT1
1.0,0.0315626762428485,0.03,5.477044812494255,5.548828166531953,223.93294345081105,7.122725282478875,1,,,ratio,20260927,DZIP3
0.9344262295081968,0.02032905124476456,0.02,4.71313131464921,4.694887740083138,175.068365776221,7.661271256088746,4,,,ratio,20260927,EID2
1.0,0.14135641785070457,0.08,2.4387662459763626,2.3197195046982,240.5512568832698,42.01560178119702,121,0.7603305785123967,0.8669204700820108,ratio,20260927,EIF4B
1.0,0.15732431249887222,0.04,2.5424697323516017,2.404477131608073,290.4882669071801,48.21426153907538,168,0.7142857142857143,0.8011014801597389,ratio,20260927,EWSR1
1.0,0.1549590938042522,0.07,3.1866924523319478,2.969717785911998,144.19368767474504,16.203624068291273,32,0.9375,0.5085395261259789,ratio,20260927,FOXH1
0.9426229508196722,0.046199532705204105,0.03,2.7398141204354096,2.0905218039401605,256.56261789908785,49.55702396914154,210,0.5285714285714286,0.986346071892736,ratio,20260927,GSK3B
0.9918032786885246,0.04038682061431406,0.01,3.994090968380601,4.05357714767232,248.49052818868603,14.528155782774952,21,0.47619047619047616,1.1538258441187557,ratio,20260927,HAT1
1.0,0.1338153850976908,0.04,5.35843389178551,4.753219898179935,430.84408333122707,19.302192887177647,30,0.6666666666666666,0.9322003542646524,ratio,20260927,HIRA
0.17213114754098358,-0.034354651268932286,0.0,3.429018884870106,3.065426872663554,186.5734522280538,17.5888817695471,26,0.2692307692307692,1.1311060262850023,ratio,20260927,HMGB2
0.9016393442622951,0.015191768126224098,0.02,4.725407388740582,4.617311426994732,192.19780854701423,8.665649004259743,3,,,ratio,20260927,HMGN1
0.4918032786885246,0.001787207478030781,0.0,6.094148735017156,6.624557308306769,289.34382328303417,6.449773819997329,0,,,ratio,20260927,IDE
0.7786885245901639,0.05720347508449745,0.04,5.0028666628577225,5.084506372565374,202.12072322176792,7.693827921327384,6,,,ratio,20260927,IGF2R
0.639344262295082,0.01019437110405831,0.01,4.45746096076841,3.98259342969398,228.98241971863786,13.646273051761941,12,0.4166666666666667,1.0350805646659316,ratio,20260927,IKBKG
0.008196721311475419,-0.08077858140259524,0.01,2.6470094984043095,2.2644305883721296,442.94868984357083,68.21436740295266,211,0.4549763033175355,1.1909862255965344,ratio,20260927,INSIG1
0.5245901639344263,-0.00510180311064491,0.0,4.5993545944342475,4.088255137934793,173.46080044624279,9.769387549995765,4,,,ratio,20260927,IRF3
1.0,0.44625611040614305,0.16,1.106839631095279,1.001698346499812,170.1534623353159,153.37824425186463,725,0.8082758620689655,0.6389322724731139,ratio,20260927,KAT2A
0.2704918032786885,-0.0225269693675058,0.0,2.8523045907577838,2.523269425970069,179.9881818935258,24.06075179443121,43,0.5116279069767442,1.0305050536411213,ratio,20260927,KDM2B
0.7950819672131147,0.0064433993397395965,0.02,4.326661766954118,3.8395701138300655,158.68554814933978,10.11198493030455,6,,,ratio,20260927,KDR
0.4016393442622951,-0.01148753214896744,0.01,5.825817102452293,6.120078748318354,258.24066917905543,6.69087079597112,2,,,ratio,20260927,KIF1B
0.9918032786885246,0.04674301038610715,0.02,3.4006592769979234,3.2532736018781385,150.01947407244603,13.300007286384627,15,0.6666666666666666,0.9645757717518967,ratio,20260927,KLF10
0.024590163934426257,-0.05227328787111699,0.01,6.390154364481614,6.912762202782824,293.10421537921934,5.920222444335906,2,,,ratio,20260927,LAD1
0.9836065573770492,0.1215120535884745,0.07,2.287634871549975,1.9745092747735813,208.88270115295703,47.27100491269485,95,0.6631578947368421,0.7638300352215398,ratio,20260927,LRPPRC
0.3688524590163934,-0.014963285455618187,0.02,2.250506478785214,1.6972562603300527,217.12922507296014,55.22848238108435,188,0.5106382978723404,1.0654536887909023,ratio,20260927,LZTR1
0.3278688524590164,0.003033597407886492,0.0,5.477681846085356,5.765877716802168,247.73838848276176,7.241618203713607,3,,,ratio,20260927,MAP1B
1.0,0.04935621424750814,0.0,4.209968706823102,4.459552629657004,167.31084337764463,8.182501097657678,1,,,ratio,20260927,MAP3K7
0.4918032786885246,0.0270359070289984,0.01,4.775115097197634,4.651211221411645,185.08661729706714,8.269342076753372,5,,,ratio,20260927,MAPKAPK2
0.639344262295082,0.01160623775208621,0.01,5.782868536675166,6.229608628388902,312.3110755345773,7.87403313204214,0,,,ratio,20260927,MAST2
1.0,0.2375560171669601,0.07,1.8817346349793194,1.6327719089990071,532.5673314871299,184.26695059851897,877,0.7046750285062714,0.8655983907761962,ratio,20260927,MAU2
0.9918032786885246,0.089654305689956,0.02,2.280750096886637,1.7442192112520094,422.2733415694134,113.22375789941742,369,0.5420054200542005,1.030330515579268,ratio,20260927,MBTPS1
1.0,0.2115893987555875,0.07,1.865909025834898,1.7624341441061144,206.71105593969236,61.51475170519875,297,0.7138047138047138,0.7811066471670448,ratio,20260927,MED1
1.0,0.08495151247291982,0.01,3.2652865789353323,3.139993585709824,282.2263233593525,27.331448610164685,63,0.7142857142857143,0.7766774232035539,ratio,20260927,MED12
1.0,0.176897859289092,0.04,2.369654832035512,2.2613479363824394,171.53432935115165,32.28189205061412,111,0.7837837837837838,0.716374308241319,ratio,20260927,MED13
0.9754098360655737,0.04963322467636685,0.03,3.438008750926388,3.415825501953901,174.8068321515191,14.178753537119377,16,0.6875,0.9355651156541539,ratio,20260927,MED13L
1.0,0.25269706604808373,0.1,1.520060095013951,1.1948989554692826,222.47070185353095,121.97603662753404,627,0.7623604465709729,0.7296066845949513,ratio,20260927,MED24
0.9918032786885246,0.2249324100388223,0.02,1.070702168739504,0.6027513639134018,569.8403895758051,521.7589591021322,2934,0.658145875937287,0.8885255476900251,ratio,20260927,METTL14
0.9508196721311475,0.03905026874106851,0.01,2.4741572104385474,2.1258208280773014,222.13548375376268,41.49671149249956,79,0.620253164556962,0.9438433453780041,ratio,20260927,METTL17
1.0,0.3907451457331338,0.11,0.9825749859560919,0.6524179898121619,473.2910363576897,516.8112415279878,2854,0.748072880168185,0.7768560844815958,ratio,20260927,METTL3
0.8852459016393442,0.01811518958278378,0.0,4.421448391633771,4.584257372209263,165.86137108422912,7.591143498909098,5,,,ratio,20260927,MKI67
0.9836065573770492,0.03586453296897782,0.03,2.9102142086484575,2.1159603830618243,160.43610454457797,30.12594658665021,27,0.7037037037037037,0.9907832869560282,ratio,20260927,MTA1
0.5573770491803278,0.0012061479736640267,0.01,5.80712351238661,6.278464691464659,262.85321882768267,6.505627959900664,2,,,ratio,20260927,NCK2
0.9426229508196722,0.13886841943197564,0.02,4.202021494396368,4.337616523401747,288.8781801546911,15.52257157290596,17,0.5294117647058824,0.9815867244767695,ratio,20260927,NDUFB4
0.9754098360655737,0.08039392376295339,0.01,6.272158706984342,6.584633535768699,644.5086124016476,14.885182758767087,12,0.5,1.6677426325857418,ratio,20260927,NDUFB6
0.5983606557377049,0.03005516640579665,0.0,4.844025184445979,4.201056914252694,233.45567485633376,12.690324226318992,6,,,ratio,20260927,NISCH
1.0,0.12324795341775982,0.01,2.5750649366666267,2.5012786765837713,311.4248655076452,46.90246490662895,138,0.6231884057971014,0.9721057824384404,ratio,20260927,NIT1
0.2295081967213115,-0.016907099488934697,0.01,5.528144747568745,5.328512766270234,252.5191993303743,8.538777098219047,5,,,ratio,20260927,NRAS
0.16393442622950816,-0.026868192468679306,0.03,3.3792810786248055,2.6908670183449233,375.5679388904905,44.788514093946645,128,0.5546875,0.9949365330186547,ratio,20260927,OXCT1
0.8688524590163934,0.06636043889590833,0.03,4.085676338527539,4.231345071279668,243.69568011162315,13.285708722799463,18,0.7222222222222222,0.9083074873101568,ratio,20260927,PAGR1
0.33606557377049184,-0.015615379077811055,0.01,5.043928068848769,5.33373310512446,226.400413215137,7.64471489712024,4,,,ratio,20260927,PBX1
0.9918032786885246,0.03508889429444748,0.03,2.909286639147601,2.2911406817607025,287.65603040004606,47.24549797390515,116,0.5258620689655172,1.1270173543735458,ratio,20260927,PHF10
0.5737704918032787,-0.005310972774993933,0.02,3.3960514217230666,3.3065914398317613,180.79929637558234,15.106048180617183,24,0.4583333333333333,1.2837616202317108,ratio,20260927,PHF14
0.3114754098360656,-0.0117146913648834,0.0,6.063595853810917,6.541932812450491,304.7662138479991,6.9343598555527795,2,,,ratio,20260927,PLCB3
0.9262295081967213,0.023452063023760752,0.01,4.853376978461039,4.333982805466514,183.0194172006955,9.347203583334098,1,,,ratio,20260927,PMS1
0.8688524590163934,0.015216227770154233,0.02,4.813976042828166,4.764887935980111,215.60309726355592,9.151565276077248,3,,,ratio,20260927,POLB
0.24590163934426235,-0.011753960246342074,0.0,5.759746057108147,5.412903994558998,268.2456665585826,8.816105543913617,6,,,ratio,20260927,PRCP
1.0,0.10381711021414616,0.02,4.802956517137163,4.382339312691294,529.2525032288536,27.429552199261032,104,0.6057692307692307,1.0170536596439756,ratio,20260927,PRR12
0.3114754098360656,0.0020159719378599734,0.02,5.992528633827197,6.688689239011645,273.0827863844752,5.9740375389209905,2,,,ratio,20260927,PTPN1
0.7377049180327868,0.014923104576115677,0.0,5.966241074399873,6.484227326277547,256.7390561480513,5.991342454168576,0,,,ratio,20260927,RAB3B
0.7622950819672132,0.04480335515466818,0.03,4.638815123529622,4.38509588267527,315.40446839271243,15.900502690749565,38,0.5789473684210527,0.8813570882583724,ratio,20260927,RAF1
1.0,0.10890163056818747,0.05,1.8301503853712924,1.4127852229072981,210.7966162433073,78.41398389155121,369,0.6504065040650406,0.88368785401236,ratio,20260927,RNF2
0.10655737704918034,-0.03910921408312946,0.0,4.531521931383829,4.0822193421862965,195.4674126929974,10.869071071300136,4,,,ratio,20260927,RRM1
1.0,0.053983466225732926,0.01,2.755990666691898,2.470124877285447,307.62762386047143,45.00885087723821,163,0.5705521472392638,1.0551455918906387,ratio,20260927,SAFB
1.0,0.3287457473328386,0.14,1.228666122379968,1.0479574730518304,281.37446536024663,199.670816517702,1125,0.7493333333333333,0.7152980146107316,ratio,20260927,SIN3B
1.0,0.07005295117894031,0.03,3.579789899133866,3.5631512079873082,164.0306846049856,12.429553860157547,25,0.84,0.6283657672860307,ratio,20260927,SIX4
1.0,0.12725278352657618,0.02,3.939323596839311,3.9059797227193855,296.5483083649836,19.42975764584817,20,0.45,1.231652582977709,ratio,20260927,SLC25A3
0.9098360655737705,0.027114775860432195,0.0,3.996170195437355,3.260730193446751,370.41645703962723,32.335155617567125,79,0.5822784810126582,0.9891403122503222,ratio,20260927,SMAGP
0.8852459016393442,0.020610728266143352,0.01,1.130631238492221,0.43691420007845977,561.8094791364996,478.99842202935355,2187,0.5235482395976223,0.9871573617338971,ratio,20260927,SMARCA4
1.0,0.22957355663388845,0.09,1.5110251751340305,1.2180480422316078,309.2252127185846,160.6884127437941,931,0.7035445757250268,0.8119828811290135,ratio,20260927,SMARCA5
1.0,0.1274707171855229,0.04,1.4530545441227554,0.9481665736842322,356.4174667887611,215.0600329516683,1133,0.6451897616946161,0.9013955958613551,ratio,20260927,SOX2
0.9262295081967213,0.03173690747308881,0.02,6.639373161124753,6.962023452642877,484.40379874762175,9.880173346383751,6,,,ratio,20260927,SRC
1.0,0.04664920393052254,0.01,3.0276293813087936,2.6997328233627904,235.10727923270147,29.254291616807656,59,0.5254237288135594,0.9746752403468644,ratio,20260927,SSBP1
1.0,0.19383061587036018,0.04,2.1758682523872874,1.8955146420257951,373.2858779059248,96.7523509635953,445,0.7415730337078652,0.7724835421549754,ratio,20260927,STAG2
0.7049180327868853,-0.001557049638397607,0.01,4.674788528263877,4.6645415741587035,171.75534552039068,7.5422348030052815,8,,,ratio,20260927,STAT1
0.8524590163934427,0.009807159176488561,0.01,3.170327958801274,2.6821432450593687,211.34113511957653,25.95918969962473,68,0.5441176470588235,1.002835692624707,ratio,20260927,STAT6
0.9098360655737705,0.032521126673014836,0.02,5.503656260498783,5.202130361158596,368.0902800985232,13.277049082877419,19,0.47368421052631576,1.0248696414533256,ratio,20260927,STX4
0.860655737704918,0.07276513848300362,0.0,4.34688590634536,3.5994007801531764,214.3352252329213,15.957221000842587,18,0.8333333333333334,0.7710008556403094,ratio,20260927,SV2A
1.0,0.3140353536584093,0.14,1.515949967007564,1.4051618555795444,223.64649806219677,106.90871731150742,519,0.7784200385356455,0.6720163832154282,ratio,20260927,TADA1
0.639344262295082,-0.00037564823719694423,0.01,4.2518124641410795,4.44428605366399,208.4829644638951,10.044942840033457,4,,,ratio,20260927,TARBP2
0.9262295081967213,0.017178394531993598,0.02,4.522702935793284,4.69174456112139,207.4860027067823,9.079844081761223,6,,,ratio,20260927,TCF3
1.0,0.08244843129555571,0.02,3.8762234197182965,3.865600716658733,235.4172815392106,15.38127803967939,45,0.4888888888888889,1.0745367633011742,ratio,20260927,TET1
1.0,0.10463315982391286,0.04,2.4357314608539347,2.0756863485991177,214.22733684703775,43.95216012740541,93,0.6344086021505376,0.8576270669779673,ratio,20260927,TFAM
1.0,0.3323228320943711,0.16,2.3112940459592455,2.1034426061733864,207.0784171029996,51.4298230003904,258,0.8410852713178295,0.5839364025815625,ratio,20260927,TGFBR2
0.35245901639344257,0.00800984766855697,0.01,5.638587939810969,5.7791001371281965,281.26516021720295,8.198855126981474,6,,,ratio,20260927,TMBIM6
0.2213114754098361,-0.010571261845684701,0.0,2.6829363104807578,1.888874862937642,388.44831492916467,84.30263426260876,254,0.46062992125984253,1.1372531466721862,ratio,20260927,TMSB10
0.139344262295082,-0.030781776997542153,0.01,4.847619718965471,5.257037567533692,193.40271314540198,6.678250672178237,0,,,ratio,20260927,TMSB4X
0.860655737704918,0.025593512112351828,0.01,5.913350363774556,6.192508067320391,312.7180061358714,8.012210174475577,1,,,ratio,20260927,TRAM2
0.4918032786885246,0.0009391333191130916,0.01,3.4766951627483715,2.8687122825274387,446.9596240650028,48.455519812672556,221,0.4751131221719457,1.1943979784437102,ratio,20260927,TRAPPC6A
0.10655737704918034,-0.02925766839332331,0.0,5.091098366969201,4.9451230474244054,243.42965131187688,9.455926150273223,3,,,ratio,20260927,TSC22D4
0.05737704918032782,-0.046312466191139025,0.0,5.880005463180291,5.902811780992793,266.18603288264177,7.314825838630052,4,,,ratio,20260927,TWF2
0.5819672131147541,0.009189198598311224,0.03,4.823186634757221,4.810315637793753,370.87239188657446,15.420421000084424,24,0.4166666666666667,0.95885239829702,ratio,20260927,TXNDC9
0.9016393442622951,0.03311225470441081,0.01,3.3757772339147443,2.769599316948325,204.05640911652006,24.042657867481203,36,0.5833333333333334,0.9666951681986848,ratio,20260927,UBE3C
0.9836065573770492,0.1399816357305169,0.02,4.034178792599795,3.9618341430584003,376.5147166756716,24.15574781099572,47,0.5319148936170213,1.0376051720083437,ratio,20260927,UQCRQ
1.0,0.0706838453265805,0.02,3.4234132123048595,3.4678816897237486,198.40260355834482,15.826681899792487,20,0.25,1.2241166058745612,ratio,20260927,USP22
0.25409836065573765,-0.005375281169727367,0.01,5.52760078307546,5.619231515167267,233.2993468299901,7.148489770333529,4,,,ratio,20260927,WFS1
0.5491803278688525,0.0010212313029013935,0.04,3.699833977268632,3.3824053271151726,404.8004965561753,32.55657037688374,103,0.5533980582524272,1.1771266335304842,ratio,20260927,WSB2
0.9672131147540983,0.024267653086280486,0.02,3.1795350589428537,2.6999393622610186,206.5260780669817,25.313817835146892,14,0.8571428571428571,0.7844755612420207,ratio,20260927,XRCC4
0.8934426229508197,0.02091039394541434,0.0,4.227904844599885,4.508601308386777,144.8388481508136,6.851757919079917,2,,,ratio,20260927,ZNF286A
0.9672131147540983,0.03094715756629442,0.04,4.1564064581016655,4.0754543830430565,144.6644606389204,8.334607696182072,3,,,ratio,20260927,ZNF426
0.9590163934426229,0.03219273626444875,0.01,4.106043048115657,4.189575078482607,150.28087156973848,8.219798985184106,8,,,ratio,20260927,ZNF562
1.0,0.030165526583482438,0.01,4.192457264240476,4.213625300243101,275.7052223429346,14.902642054461282,21,0.5238095238095238,1.2573115945567652,ratio,20260927,ZNF593
0.8114754098360656,0.011424829670530491,0.03,4.514186168214164,3.776354345290881,171.08908904428944,11.274728689325888,8,,,ratio,20260927,ZNF714
0.9918032786885246,0.08226085851246763,0.09,3.2614075901328436,2.819838502463847,534.6610172538306,62.99345551498004,308,0.5681818181818182,1.0672322586706886,log1p,20260927,ACAT2
0.9672131147540983,0.08893450783083692,0.04,4.598064349862482,4.204432871115209,247.65847136600215,13.812968118568701,24,0.7916666666666666,0.6816170163595943,log1p,20260927,ACVR1B
0.180327868852459,-0.018022178575633273,0.02,3.9243145437432814,3.2687122396436203,232.80176177536697,19.72512091528857,49,0.42857142857142855,1.1893499960112899,log1p,20260927,AKT2
0.30327868852459017,-0.014791924074438368,0.01,5.475640583838189,5.609497082204325,202.08455378783464,6.192756404375936,2,,,log1p,20260927,ANTXR1
1.0,0.19634097366576958,0.1,2.5232712483867448,2.1309323147385393,227.6218148436306,48.38802555772017,217,0.7788018433179723,0.720202948545253,log1p,20260927,ARID1A
1.0,0.10664134523165247,0.01,2.4969311293892407,2.2593507521085807,148.51088690007373,26.41233409544507,64,0.625,0.8521897075761252,log1p,20260927,ATM
0.7213114754098361,0.014497327660589693,0.0,6.683618508896197,6.530863025196281,306.55530629534394,7.053278287402917,2,,,log1p,20260927,ATP1B1
0.7622950819672132,-0.00011096393334454437,0.02,2.839571513927333,2.3221554864188296,173.16748163654586,27.087378263499872,74,0.5135135135135135,0.9673313647909367,log1p,20260927,BIRC2
0.6639344262295082,0.039202243503709384,0.02,3.299042218524382,3.1401395100164358,281.57352612050164,26.52781495402035,63,0.6190476190476191,1.0516447132849898,log1p,20260927,C1QBP
0.11475409836065575,-0.03172451618190353,0.01,4.982405948741487,4.9731092438409785,195.32108494610986,7.498691845734399,1,,,log1p,20260927,CALM3
0.17213114754098358,-0.024643338115868066,0.01,7.551185010170778,7.816379747052743,407.8887575523002,6.528200962092747,2,,,log1p,20260927,CAMSAP2
0.5573770491803278,0.034302830265415946,0.01,5.103007199085416,5.224942412652495,208.18450006567852,7.450710725090044,2,,,log1p,20260927,CASP2
1.0,0.2877737527519354,0.24,1.8902167034196737,1.5937902530713641,239.93340108709833,91.47758942064371,407,0.7100737100737101,0.7389661479842379,log1p,20260927,CASP3
0.024590163934426257,-0.05568822530010614,0.01,4.809115546630816,4.4419620196394805,241.84502053111498,11.393941129561444,7,,,log1p,20260927,CDCA2
0.5081967213114754,-0.005103259622797084,0.0,4.678200512594943,4.066298041440423,221.61972045053668,12.609021293969683,5,,,log1p,20260927,CENPO
0.5901639344262295,0.040300930702967086,0.05,4.637185547133392,4.686868694401807,168.9911327339983,7.481135663140309,3,,,log1p,20260927,CLDN6
0.2786885245901639,-0.003559297325010187,0.04,4.400951153029024,4.323377519620907,190.7889730584128,9.673734820860822,6,,,log1p,20260927,CLDN7
0.139344262295082,-0.0261951272018388,0.0,5.564492948986397,5.603583519309934,229.80671377200616,7.029077870685338,4,,,log1p,20260927,CREG1
0.9098360655737705,0.018943014734039077,0.02,4.577058947514538,4.263863625376852,306.8986997321291,16.136433374893258,27,0.5555555555555556,1.0707061036761583,log1p,20260927,DAXX
0.9508196721311475,0.10064139205502677,0.02,4.308065686618538,3.7604590225520247,213.85812795052618,14.867637654619715,30,0.6333333333333333,0.7660288065136316,log1p,20260927,DHCR24
1.0,0.35961083825354395,0.13,1.112956799932229,0.7937353726980276,272.6376889039409,257.41320220865396,1355,0.7476014760147601,0.7443707536446833,log1p,20260927,DHX36
1.0,0.11148683858651035,0.03,4.509723735845546,3.756165922468767,373.64407581728466,26.18158259644693,83,0.6746987951807228,0.901254314589951,log1p,20260927,DLG5
1.0,0.4264885223966073,0.26,1.2250410897791866,0.9665094476920424,328.56190944379506,296.0737007986536,1249,0.7798238590872698,0.6764453637443809,log1p,20260927,DNMT1
1.0,0.03523786577858607,0.03,5.283167777654501,5.045014881111209,185.8790838097769,7.122725282478875,1,,,log1p,20260927,DZIP3
0.9590163934426229,0.023259332466586683,0.02,4.555876589962503,4.276362677436896,146.24100470644572,7.661271256088746,4,,,log1p,20260927,EID2
1.0,0.14831612464179808,0.1,2.37277892682609,2.1432954107932756,208.31102930055138,42.01560178119702,121,0.768595041322314,0.7888602006932289,log1p,20260927,EIF4B
1.0,0.1702065796531343,0.05,2.4519790490039144,2.201789395040065,245.81358801842129,48.21426153907538,168,0.7440476190476191,0.7482399621840379,log1p,20260927,EWSR1
1.0,0.17079966836509197,0.12,3.0669930150620717,2.675256118659551,117.36494886852546,16.203624068291273,32,0.90625,0.501153324394348,log1p,20260927,FOXH1
0.9344262295081968,0.04367282582673923,0.03,2.6728436027477125,1.9306439574533467,225.9182186012216,49.55702396914154,210,0.5238095238095238,0.9614917105922105,log1p,20260927,GSK3B
0.9918032786885246,0.04214321258623762,0.01,3.855671432696005,3.7048417189806884,209.40279807498086,14.528155782774952,21,0.5238095238095238,1.0901609807672017,log1p,20260927,HAT1
1.0,0.14565854992799854,0.07,5.1835825681124525,4.385755220412932,365.9155958926589,19.302192887177647,30,0.6666666666666666,0.9095099091356195,log1p,20260927,HIRA
0.1885245901639344,-0.03861865888759081,0.0,3.3036165459417255,2.7704428758582442,156.35346769257256,17.5888817695471,26,0.23076923076923078,1.120238631458693,log1p,20260927,HMGB2
0.9098360655737705,0.014788939750594334,0.02,4.551536803918083,4.193024553514475,159.94564570183383,8.665649004259743,3,,,log1p,20260927,HMGN1
0.5245901639344263,0.00377410784210065,0.0,5.903039008587575,6.113163259540542,247.18514081834644,6.449773819997329,0,,,log1p,20260927,IDE
0.7786885245901639,0.0599645383835563,0.03,4.869635014383301,4.6456087957413965,169.45300164241587,7.693827921327384,6,,,log1p,20260927,IGF2R
0.6557377049180328,0.013118010264571291,0.01,4.322607257982276,3.6733327399978375,196.46539019995177,13.646273051761941,12,0.4166666666666667,1.0340204086241171,log1p,20260927,IKBKG
0.008196721311475419,-0.08289690192521702,0.01,2.5761197290882554,2.097441412134967,392.0281923490754,68.21436740295266,211,0.4597156398104265,1.1433324799026143,log1p,20260927,INSIG1
0.5163934426229508,-0.006361181589041333,0.0,4.430957265966766,3.69827399403753,143.8472106088609,9.769387549995765,4,,,log1p,20260927,IRF3
1.0,0.47767791924292696,0.23,1.0810802621388271,0.9221748251052723,148.68507010399537,153.37824425186463,725,0.8068965517241379,0.6329956036871077,log1p,20260927,KAT2A
0.29508196721311475,-0.024329813758500785,0.0,2.7544181953450364,2.2623395327090186,149.8567325060571,24.06075179443121,43,0.5348837209302325,1.0163744149052625,log1p,20260927,KDM2B
0.8442622950819672,0.010336153372817177,0.03,4.164400721376825,3.4394724040987104,129.01748690957223,10.11198493030455,6,,,log1p,20260927,KDR
0.39344262295081966,-0.011215418961575073,0.0,5.634757250371073,5.645857035546467,220.81441277613513,6.69087079597112,2,,,log1p,20260927,KIF1B
1.0,0.053300790091321035,0.03,3.273202412278282,2.927456807142962,123.13056087737849,13.300007286384627,15,0.6666666666666666,0.9314443432239791,log1p,20260927,KLF10
0.032786885245901676,-0.05276541820119343,0.01,6.190189287454737,6.33913341019469,247.78254183633868,5.920222444335906,2,,,log1p,20260927,LAD1
0.9836065573770492,0.13186074129841907,0.08,2.210514251812914,1.7667108215189546,172.79195103411823,47.27100491269485,95,0.6526315789473685,0.7542222244696674,log1p,20260927,LRPPRC
0.4016393442622951,-0.01718292439746194,0.0,2.1797834052783687,1.531075274519619,187.6005616943511,55.22848238108435,188,0.5106382978723404,1.0389673161733348,log1p,20260927,LZTR1
0.319672131147541,0.0033227404619569282,0.0,5.316464503867362,5.3170331565076205,211.7123821842681,7.241618203713607,3,,,log1p,20260927,MAP1B
1.0,0.049209207678959144,0.01,4.053619530782209,4.037402157339318,138.3109554308084,8.182501097657678,1,,,log1p,20260927,MAP3K7
0.5081967213114754,0.028998345199450458,0.01,4.642437893183206,4.265554723562734,156.68392993968715,8.269342076753372,5,,,log1p,20260927,MAPKAPK2
0.6147540983606558,0.010701539716490913,0.0,5.610681524704001,5.775471357121366,269.54749686675825,7.87403313204214,0,,,log1p,20260927,MAST2
1.0,0.2481629174851119,0.1,1.8337315587789216,1.5258106242697607,473.7132608289555,184.26695059851897,877,0.7046750285062714,0.8292854300202804,log1p,20260927,MAU2
0.9918032786885246,0.09422777043121587,0.02,2.2200017549820172,1.6160508989248685,374.43852638367855,113.22375789941742,369,0.5311653116531165,1.0021352514115554,log1p,20260927,MBTPS1
1.0,0.22592559297501488,0.11,1.8025804181872074,1.5985231877390829,174.27017100295097,61.51475170519875,297,0.7272727272727273,0.7411051038929928,log1p,20260927,MED1
1.0,0.09393187770495691,0.02,3.1502076018700182,2.864021172170251,236.8152907267737,27.331448610164685,63,0.7301587301587301,0.7323960223038501,log1p,20260927,MED12
1.0,0.19195936062927818,0.07,2.2804802086127665,2.02633051961569,139.7182611778935,32.28189205061412,111,0.7747747747747747,0.7010855508511238,log1p,20260927,MED13
0.9754098360655737,0.05648344218389678,0.04,3.3242805684007437,3.11589140277894,146.84632591560762,14.178753537119377,16,0.6875,0.9221469321245794,log1p,20260927,MED13L
1.0,0.26972373309437975,0.16,1.4766456216435955,1.096901072262483,196.56090161436828,121.97603662753404,627,0.7639553429027113,0.7095378761766623,log1p,20260927,MED24
0.9918032786885246,0.24035387059874305,0.02,1.0527939786407294,0.5472044570019076,540.7443584907426,521.7589591021322,2934,0.6588275391956373,0.879690042373946,log1p,20260927,METTL14
0.9508196721311475,0.04066298338205322,0.01,2.389141186224496,1.9207717409186602,188.11104435511777,41.49671149249956,79,0.6329113924050633,0.9335125724879209,log1p,20260927,METTL17
1.0,0.4127141985984313,0.12,0.9684792953317992,0.605732626023889,448.0356054813559,516.8112415279878,2854,0.7491240364400841,0.7710308998694861,log1p,20260927,METTL3
0.8934426229508197,0.019454678999379,0.01,4.261696180049197,4.152274401194832,137.24651087556413,7.591143498909098,5,,,log1p,20260927,MKI67
0.9836065573770492,0.03966422150556493,0.03,2.8130384043916017,1.9090354516056385,135.35514129759997,30.12594658665021,27,0.7037037037037037,0.9764325857283317,log1p,20260927,MTA1
0.5491803278688525,0.00021411757379531077,0.01,5.613371386255779,5.76587437502722,222.77116535049637,6.505627959900664,2,,,log1p,20260927,NCK2
0.9426229508196722,0.14474051833486104,0.04,4.090306512204398,4.048711833706765,251.7767661761431,15.52257157290596,17,0.5294117647058824,0.9708597673177771,log1p,20260927,NDUFB4
0.9754098360655737,0.08032424056958057,0.01,6.081899143217405,6.1603282227537415,565.0414845278591,14.885182758767087,12,0.5,1.5707578137687648,log1p,20260927,NDUFB6
0.5573770491803278,0.027297858211599663,0.01,4.699341022241116,3.8370178861304716,196.86781085893088,12.690324226318992,6,,,log1p,20260927,NISCH
1.0,0.1322551965640629,0.03,2.5051365349670007,2.3199676028309515,270.5612840016182,46.90246490662895,138,0.6086956521739131,0.9515892023649591,log1p,20260927,NIT1
0.23770491803278693,-0.015463607107561566,0.01,5.3666210998476815,4.893327374042958,214.28906273492953,8.538777098219047,5,,,log1p,20260927,NRAS
0.15573770491803274,-0.02863352666507739,0.03,3.284210172860171,2.4999617321545804,331.1203248565893,44.788514093946645,128,0.5546875,0.9559158725299324,log1p,20260927,OXCT1
0.9098360655737705,0.07799251843205372,0.05,3.97315683689497,3.8099952257859075,198.24617525624907,13.285708722799463,18,0.7222222222222222,0.9014369805324127,log1p,20260927,PAGR1
0.35245901639344257,-0.01760546320172777,0.01,4.858792173856506,4.847665634756987,188.5993433076788,7.64471489712024,4,,,log1p,20260927,PBX1
1.0,0.037065867315322465,0.03,2.810324938119306,2.073005710522806,243.01558915490648,47.24549797390515,116,0.5431034482758621,1.076161854184275,log1p,20260927,PHF10
0.5573770491803278,-0.006454168547720657,0.02,3.280148872996137,3.0122838130643736,152.7634975765696,15.106048180617183,24,0.5,1.1736024349674474,log1p,20260927,PHF14
0.30327868852459017,-0.011703823815730484,0.0,5.870077015773302,5.984660273077322,256.26790453463195,6.9343598555527795,2,,,log1p,20260927,PLCB3
0.9262295081967213,0.0239082436626077,0.01,4.677930653708573,3.9309239617565908,152.0247905513818,9.347203583334098,1,,,log1p,20260927,PMS1
0.8688524590163934,0.014588520541912257,0.02,4.633556754117629,4.299007985864474,177.1380391107977,9.151565276077248,3,,,log1p,20260927,POLB
0.25409836065573765,-0.010671733886890635,0.0,5.583535395082992,5.000451677031284,230.1994825773559,8.816105543913617,6,,,log1p,20260927,PRCP
1.0,0.11140808537987855,0.01,4.662484699351255,4.101647785767631,463.82278617999475,27.429552199261032,104,0.6153846153846154,0.9504721619621787,log1p,20260927,PRR12
0.3114754098360656,0.00190893416802131,0.02,5.877709699282226,6.316117726996416,244.15430844424984,5.9740375389209905,2,,,log1p,20260927,PTPN1
0.7377049180327868,0.014737498899601978,0.0,5.790200782585723,6.006183123823764,221.0637816650929,5.991342454168576,0,,,log1p,20260927,RAB3B
0.7704918032786885,0.05115907675715634,0.04,4.487151913176402,4.008080636189773,264.8166866431268,15.900502690749565,38,0.5789473684210527,0.8595178102359885,log1p,20260927,RAF1
1.0,0.11119511568784254,0.05,1.7799558956455357,1.2834908909802287,185.2070103672977,78.41398389155121,369,0.6531165311653117,0.8691023030211249,log1p,20260927,RNF2
0.0901639344262295,-0.043336165121904476,0.0,4.400431224029195,3.732188272591896,165.78275376682257,10.869071071300136,4,,,log1p,20260927,RRM1
1.0,0.06090612389065202,0.01,2.661344996846682,2.2712837808258266,264.74475375525446,45.00885087723821,163,0.558282208588957,1.0048569294779617,log1p,20260927,SAFB
1.0,0.3517364579019752,0.16,1.1975567091875,0.9690420128536807,251.05562440586633,199.670816517702,1125,0.7502222222222222,0.7018978569432802,log1p,20260927,SIN3B
1.0,0.07752189468401882,0.04,3.454018681793719,3.2312345161961633,135.97799740834333,12.429553860157547,25,0.84,0.5643445078544017,log1p,20260927,SIX4
0.9918032786885246,0.13208045682671418,0.02,3.829565398920433,3.65039891612429,259.60331442202175,19.42975764584817,20,0.45,1.1489914784260773,log1p,20260927,SLC25A3
0.9098360655737705,0.028475883548200933,0.0,3.8648217532366624,2.9936806013125907,316.61381973088993,32.335155617567125,79,0.569620253164557,0.9584894964095658,log1p,20260927,SMAGP
0.8442622950819672,0.01855784898926854,0.02,1.117894300771759,0.38164926067272104,541.9823937109719,478.99842202935355,2187,0.5212620027434842,0.9868624126954354,log1p,20260927,SMARCA4
1.0,0.23509499066516204,0.09,1.4744195211597666,1.1187334631180972,277.275456006244,160.6884127437941,931,0.706766917293233,0.789008659773781,log1p,20260927,SMARCA5
1.0,0.13855004727785408,0.05,1.4148193518318815,0.8597573327860549,322.79303019851096,215.0600329516683,1133,0.6478375992939099,0.8915091547575623,log1p,20260927,SOX2
0.9262295081967213,0.03253220926347777,0.01,6.443121203430224,6.505963357143488,423.90145181624644,9.880173346383751,6,,,log1p,20260927,SRC
1.0,0.05093762251921553,0.03,2.919221099867324,2.456926070067373,198.5250574330613,29.254291616807656,59,0.5254237288135594,0.9475484526730849,log1p,20260927,SSBP1
1.0,0.20508218263846104,0.05,2.1166047429916173,1.7640791315218476,327.8369029830749,96.7523509635953,445,0.7460674157303371,0.7525080867168743,log1p,20260927,STAG2
0.6639344262295082,-0.004659683475746335,0.01,4.511785386971708,4.243075266710345,143.62851579638198,7.5422348030052815,8,,,log1p,20260927,STAT1
0.8278688524590164,0.009632116303252846,0.01,3.0588368642358508,2.3597717915762346,169.3334484167189,25.95918969962473,68,0.5147058823529411,0.9901339739911355,log1p,20260927,STAT6
0.9180327868852459,0.036423705190763614,0.03,5.317910160204581,4.821447633119858,317.25677806417,13.277049082877419,19,0.5263157894736842,1.004200202897751,log1p,20260927,STX4
0.8852459016393442,0.07938553945325598,0.01,4.232251057813373,3.346174525298675,186.15068838270207,15.957221000842587,18,0.8333333333333334,0.7674783850648274,log1p,20260927,SV2A
1.0,0.33634575904812636,0.16,1.4737335970667027,1.2807317306242738,190.1624262836427,106.90871731150742,519,0.7726396917148363,0.6609021845225593,log1p,20260927,TADA1
0.6475409836065573,3.3150580663321583e-05,0.01,4.110064873531464,4.063416628435187,175.89785077488753,10.044942840033457,4,,,log1p,20260927,TARBP2
0.9344262295081968,0.021925123231080014,0.03,4.360028440013149,4.2703687575621085,172.9600667815835,9.079844081761223,6,,,log1p,20260927,TCF3
1.0,0.08727773123935018,0.04,3.736769337081064,3.511341167949176,195.59745290027593,15.38127803967939,45,0.5333333333333333,1.0496722602651027,log1p,20260927,TET1
1.0,0.11376001641327853,0.06,2.35866751356293,1.895265325372559,182.87701918839923,43.95216012740541,93,0.6344086021505376,0.8318113158247494,log1p,20260927,TFAM
1.0,0.3489812340075709,0.2,2.2525849071215265,1.96537818749212,179.53900280988177,51.4298230003904,258,0.8294573643410853,0.5644891466826011,log1p,20260927,TGFBR2
0.34426229508196726,0.008825797091359744,0.01,5.477668854673968,5.353517633035954,242.40450507914113,8.198855126981474,6,,,log1p,20260927,TMBIM6
0.2295081967213115,-0.0062120956843091804,0.0,2.608669889526622,1.7540345038957925,345.50840329079347,84.30263426260876,254,0.46062992125984253,1.111694624052098,log1p,20260927,TMSB10
0.12295081967213117,-0.03707016849005523,0.01,4.712754560420435,4.85062488040986,166.20956287265946,6.678250672178237,0,,,log1p,20260927,TMSB4X
0.8524590163934427,0.025568686512397926,0.01,5.717412980456332,5.722827248622624,268.0733401817644,8.012210174475577,1,,,log1p,20260927,TRAM2
0.5163934426229508,0.0023519358317693785,0.01,3.3705461390020828,2.6679526371828857,392.7524153512205,48.455519812672556,221,0.4751131221719457,1.1471717934128876,log1p,20260927,TRAPPC6A
0.11475409836065575,-0.03095932916051771,0.0,4.90585047810448,4.515060202400045,204.865808738513,9.455926150273223,3,,,log1p,20260927,TSC22D4
0.06557377049180324,-0.046117903976801905,0.0,5.734848282738562,5.482200805384015,230.85722665480014,7.314825838630052,4,,,log1p,20260927,TWF2
0.5901639344262295,0.010167384206632912,0.03,4.6594525192273695,4.3922430964725425,311.53081118485784,15.420421000084424,24,0.4583333333333333,0.9030156685404148,log1p,20260927,TXNDC9
0.9098360655737705,0.034004185834004864,0.01,3.2688320416615375,2.53546966342732,174.4576908994452,24.042657867481203,36,0.5555555555555556,0.9580044317661596,log1p,20260927,UBE3C
0.9836065573770492,0.14417223937856682,0.03,3.9191798054497227,3.6970330424969786,328.5673091012621,24.15574781099572,47,0.5319148936170213,1.0047746915639895,log1p,20260927,UQCRQ
1.0,0.07327781298339531,0.02,3.314935723593467,3.1653783463009675,167.06196046864633,15.826681899792487,20,0.25,1.1727163337865703,log1p,20260927,USP22
0.25409836065573765,-0.00432500191263388,0.0,5.390207435195955,5.223831654596312,202.5424734851135,7.148489770333529,4,,,log1p,20260927,WFS1
0.5901639344262295,0.0025298533079150813,0.05,3.562492489996309,3.0779596647823992,340.48514689728574,32.55657037688374,103,0.5242718446601942,1.1332126494918164,log1p,20260927,WSB2
0.9426229508196722,0.02185338524272953,0.01,3.065429441842079,2.4541290091713384,175.0573817111269,25.313817835146892,14,0.9285714285714286,0.7739371964520898,log1p,20260927,XRCC4
0.9098360655737705,0.025734339504457818,0.0,4.07701379170974,4.06365907418354,118.56401059839109,6.851757919079917,2,,,log1p,20260927,ZNF286A
0.9672131147540983,0.034906818086077436,0.03,3.991060221015154,3.5965589374289193,114.05199967956534,8.334607696182072,3,,,log1p,20260927,ZNF426
0.9672131147540983,0.036339459170520325,0.03,3.970519152391838,3.8291261506685728,126.45265052619328,8.219798985184106,8,,,log1p,20260927,ZNF562
1.0,0.03288755192144677,0.0,4.053006379146706,3.883506698934678,235.85198838759428,14.902642054461282,21,0.5238095238095238,1.1648011693108482,log1p,20260927,ZNF593
0.860655737704918,0.013038442979569015,0.03,4.353029738032334,3.428087092313022,142.76498109966792,11.274728689325888,8,,,log1p,20260927,ZNF714
0.33606557377049184,-0.001977209111583726,0.0,1.0216953709011498,0.12651418081886553,64.0332335504875,62.99345551498004,308,0.4577922077922078,1.0025006804864451,unchanged,20260928,ACAT2
0.06557377049180324,-0.010946785468044694,0.0,1.0692333932844762,0.27577881698621426,14.946898692044748,13.812968118568701,24,0.4583333333333333,0.9989833949904118,unchanged,20260928,ACVR1B
0.4180327868852459,-0.0025924506310341395,0.0,1.0572874963782648,0.22836053981210386,20.777112169074446,19.72512091528857,49,0.5918367346938775,0.9918526685736293,unchanged,20260928,AKT2
0.4016393442622951,-0.00035917474612565624,0.0,1.0950892582430465,0.4098056429269971,7.234595079345751,6.192756404375936,2,,,unchanged,20260928,ANTXR1
0.5655737704918034,0.00029997370427862916,0.0,1.0284293235700757,0.14924595332181287,49.461504946159316,48.38802555772017,217,0.511520737327189,1.0021476592721976,unchanged,20260928,ARID1A
0.016393442622950838,-0.016297735659870725,0.01,1.0420160687090163,0.1998627444383822,27.63944419024803,26.41233409544507,64,0.5,0.9975754705745135,unchanged,20260928,ATM
0.06557377049180324,-0.007597826186837229,0.01,1.0916783557819394,0.3768985703636068,8.09561000348475,7.053278287402917,2,,,unchanged,20260928,ATP1B1
0.7459016393442623,0.0037304548952648785,0.0,1.043074899067278,0.19693162996215136,28.098083588570834,27.087378263499872,74,0.5405405405405406,0.9952792880301676,unchanged,20260928,BIRC2
0.9016393442622951,0.009416281769283318,0.0,1.034026217704369,0.19570715460980875,27.446091793925998,26.52781495402035,63,0.6507936507936508,0.9718178680020488,unchanged,20260928,C1QBP
0.7213114754098361,0.003964137382269058,0.0,1.0869211656370512,0.37834867870129824,8.549619038389356,7.498691845734399,1,,,unchanged,20260928,CALM3
0.25409836065573765,-0.005555557622400495,0.0,1.0961549319790176,0.40033508835365794,7.603502411456558,6.528200962092747,2,,,unchanged,20260928,CAMSAP2
0.23770491803278693,-0.006925531248816483,0.0,1.0879353184826295,0.38405985932677666,8.589340353564971,7.450710725090044,2,,,unchanged,20260928,CASP2
0.2786885245901639,-0.0006729294448533881,0.0,1.017095088470776,0.10733324365052851,92.54466457814098,91.47758942064371,407,0.4668304668304668,1.001519084990338,unchanged,20260928,CASP3
0.06557377049180324,-0.01226879624575812,0.01,1.0721349966820493,0.30157407777858924,12.514499077729152,11.393941129561444,7,,,unchanged,20260928,CDCA2
0.4672131147540983,0.00035774072716208836,0.01,1.0748756187844515,0.28914339576305637,13.660576177921268,12.609021293969683,5,,,unchanged,20260928,CENPO
0.9180327868852459,0.010696740987108082,0.0,1.0856099364881016,0.3783180350832825,8.491320859991719,7.481135663140309,3,,,unchanged,20260928,CLDN6
0.0,-0.021991062246404944,0.0,1.0807280430311443,0.3301475536514602,10.868615178997828,9.673734820860822,6,,,unchanged,20260928,CLDN7
0.1885245901639344,-0.006762408700746402,0.0,1.087085950157766,0.38846344706821045,8.126722833734199,7.029077870685338,4,,,unchanged,20260928,CREG1
0.5327868852459017,0.002152814339651446,0.0,1.0541925764800568,0.252999672031029,17.15172987864566,16.136433374893258,27,0.5555555555555556,0.9915768409127382,unchanged,20260928,DAXX
0.9180327868852459,0.00748417653002664,0.0,1.066737111141175,0.26718540667295293,15.86954866670382,14.867637654619715,30,0.7,0.9885610231256242,unchanged,20260928,DHCR24
0.23770491803278693,-0.004852701517071498,0.0,1.0077644073337106,0.06362735495578035,258.6142843391102,257.41320220865396,1355,0.4774907749077491,1.0014254884320912,unchanged,20260928,DHX36
0.38524590163934425,-0.0008486943213483363,0.0,1.0468616945151796,0.1990606190914037,27.227877530149854,26.18158259644693,83,0.4939759036144578,1.003918015388689,unchanged,20260928,DLG5
0.860655737704918,0.007162841372606164,0.01,1.0061722357409877,0.060400406890291414,296.89765380034424,296.0737007986536,1249,0.49399519615692555,1.0005745990782517,unchanged,20260928,DNMT1
0.5819672131147541,0.0004008945664662629,0.02,1.0914573594910577,0.3829147143595089,8.164898667420566,7.122725282478875,1,,,unchanged,20260928,DZIP3
0.8442622950819672,0.007843104958672058,0.0,1.0879998865192086,0.3687078778510197,8.658476649506007,7.661271256088746,4,,,unchanged,20260928,EID2
0.319672131147541,-0.002960931363693831,0.0,1.0283744829487467,0.15776562195364513,43.1006235143399,42.01560178119702,121,0.5619834710743802,0.9977068070841463,unchanged,20260928,EIF4B
0.040983606557377095,-0.014207854806588503,0.0,1.0285988898480742,0.14737729151940943,49.463391630826365,48.21426153907538,168,0.43452380952380953,1.008534339354654,unchanged,20260928,EWSR1
0.7704918032786885,0.007368296799216534,0.0,1.0634178987002996,0.258745821070494,17.22666203895902,16.203624068291273,32,0.625,0.9865111716827251,unchanged,20260928,FOXH1
0.639344262295082,0.0040357373324629445,0.0,1.0303580236603678,0.14533167785811513,50.54560015169919,49.55702396914154,210,0.5571428571428572,0.997593525823406,unchanged,20260928,GSK3B
0.7622950819672132,0.004086739488676408,0.0,1.055696040335065,0.27016620348090825,15.556481599479786,14.528155782774952,21,0.47619047619047616,1.0052194806022547,unchanged,20260928,HAT1
0.8688524590163934,0.006150782690355178,0.0,1.059681063346634,0.23599685649276322,20.32118239316332,19.302192887177647,30,0.6666666666666666,0.9944681019720648,unchanged,20260928,HIRA
0.4180327868852459,-0.002064947816788049,0.0,1.0557788141545634,0.2454477679262495,18.6663464217001,17.5888817695471,26,0.5,0.9963795394824283,unchanged,20260928,HMGB2
0.8934426229508197,0.009334327722278518,0.0,1.0885011340603488,0.35113570323804943,9.677285973411706,8.665649004259743,3,,,unchanged,20260928,HMGN1
0.7213114754098361,0.002896519654243547,0.0,1.0929645172564406,0.4047826139418268,7.491438368076217,6.449773819997329,0,,,unchanged,20260928,IDE
1.0,0.027376563038221325,0.0,1.0849949022637972,0.3668593590280289,8.574764236703494,7.693827921327384,6,,,unchanged,20260928,IGF2R
0.21311475409836067,-0.004726226593771984,0.0,1.071184688697666,0.27777672608064347,14.735048876390298,13.646273051761941,12,0.25,1.0149778761217567,unchanged,20260928,IKBKG
0.4098360655737705,-0.0009584128086095828,0.0,1.0209146017080284,0.12489499980470554,69.29475766677227,68.21436740295266,211,0.46919431279620855,0.998892764656284,unchanged,20260928,INSIG1
0.860655737704918,0.005078946097246374,0.01,1.0917664157273033,0.3349743013025328,10.832347224777717,9.769387549995765,4,,,unchanged,20260928,IRF3
0.6885245901639344,0.0012102756937219107,0.0,1.010980526087967,0.0835087619119123,154.41685669977014,153.37824425186463,725,0.5075862068965518,1.0000586652946801,unchanged,20260928,KAT2A
0.7049180327868853,0.002944913292157847,0.01,1.0434343478145736,0.2098207405795939,25.09028574867616,24.06075179443121,43,0.5348837209302325,0.9948180475648489,unchanged,20260928,KDM2B
0.680327868852459,0.0028331169626651573,0.0,1.0938627741822713,0.3272587584662687,11.176210372118064,10.11198493030455,6,,,unchanged,20260928,KDR
0.9836065573770492,0.014581792676414003,0.01,1.0884968608908072,0.3935329509519934,7.650283803326644,6.69087079597112,2,,,unchanged,20260928,KIF1B
0.680327868852459,0.002245223792521239,0.0,1.0640180096674428,0.2835194408096906,14.35217277972385,13.300007286384627,15,0.5333333333333333,1.0034531780648965,unchanged,20260928,KLF10
0.680327868852459,0.0037094274312471018,0.0,1.098514735601096,0.41825090470958215,6.937499456211965,5.920222444335906,2,,,unchanged,20260928,LAD1
0.040983606557377095,-0.016720963353163996,0.0,1.0315383853436009,0.14931897706885802,48.56101509405072,47.27100491269485,95,0.4105263157894737,1.0071867808126083,unchanged,20260928,LRPPRC
0.6311475409836065,0.0026559976399753433,0.0,1.0266923165439674,0.13768228794108822,56.235023943899904,55.22848238108435,188,0.48936170212765956,0.998621685355417,unchanged,20260928,LZTR1
0.19672131147540983,-0.006691413594368395,0.01,1.0937811042504704,0.384236598443337,8.347992166370924,7.241618203713607,3,,,unchanged,20260928,MAP1B
0.008196721311475419,-0.018643948860650482,0.0,1.0880258225421724,0.35881023595046735,9.345431413906127,8.182501097657678,1,,,unchanged,20260928,MAP3K7
0.7950819672131147,0.005551403832530919,0.01,1.0916935922480295,0.3600703496960651,9.308408599466746,8.269342076753372,5,,,unchanged,20260928,MAPKAPK2
0.6065573770491803,0.0016619077487293693,0.0,1.078307329864707,0.3625746141300855,8.899667047503808,7.87403313204214,0,,,unchanged,20260928,MAST2
0.319672131147541,-0.0020011979950762464,0.0,1.0099049179474247,0.07532112375473797,185.36789710115835,184.26695059851897,877,0.4709236031927024,1.0004956708388302,unchanged,20260928,MAU2
0.639344262295082,0.005410748719893437,0.0,1.0191994190248406,0.0959521330521555,114.1486223247133,113.22375789941742,369,0.5121951219512195,1.0007287703199903,unchanged,20260928,MBTPS1
0.23770491803278693,-0.006879556321295657,0.0,1.0207776581564152,0.13007476901136644,62.665640971522855,61.51475170519875,297,0.531986531986532,0.9956936226212207,unchanged,20260928,MED1
0.9180327868852459,0.008593957229046016,0.01,1.0350682740424053,0.19804493998792078,28.3104014831354,27.331448610164685,63,0.6349206349206349,0.9916631491315081,unchanged,20260928,MED12
0.860655737704918,0.007875513517122873,0.0,1.0324515253634527,0.18115445617162645,33.24917272645078,32.28189205061412,111,0.5405405405405406,0.9927171004805422,unchanged,20260928,MED13
0.5573770491803278,-0.0013138469086008558,0.0,1.0565150170675444,0.2648584390343311,15.183260937535763,14.178753537119377,16,0.5,1.0074763733912144,unchanged,20260928,MED13L
0.7295081967213115,0.0029921571995828737,0.0,1.0140781121388176,0.09276511456809997,122.95797188299115,121.97603662753404,627,0.48484848484848486,1.0002437219582179,unchanged,20260928,MED24
0.6557377049180328,0.005341680823402811,0.0,1.0026613882510058,0.044333385116653086,522.5373292653619,521.7589591021322,2934,0.49795501022494887,1.0000634438767477,unchanged,20260928,METTL14
0.8114754098360656,0.005852069941851678,0.0,1.0308404007524936,0.1579746939271975,42.45557791403713,41.49671149249956,79,0.4936708860759494,0.995190343854996,unchanged,20260928,METTL17
0.42622950819672134,-0.0007364858818647805,0.0,1.0038361964795925,0.04546363117954515,517.9140693801003,516.8112415279878,2854,0.4954449894884373,1.0003947838506624,unchanged,20260928,METTL3
0.07377049180327866,-0.012090033801955119,0.0,1.089843262796873,0.36881473507195833,8.691421100156035,7.591143498909098,5,,,unchanged,20260928,MKI67
0.12295081967213117,-0.00892254237821731,0.0,1.0553877575698454,0.18655971459370033,31.27476042698138,30.12594658665021,27,0.5555555555555556,0.9956791240912101,unchanged,20260928,MTA1
0.2622950819672131,-0.007194024136761071,0.0,1.0982433292184661,0.4000411055247979,7.584187541545216,6.505627959900664,2,,,unchanged,20260928,NCK2
0.1885245901639344,-0.0066104879707768426,0.0,1.0609568333583645,0.2637776413931906,16.656744438619654,15.52257157290596,17,0.47058823529411764,1.0134759289171977,unchanged,20260928,NDUFB4
0.5901639344262295,0.0016813629024470679,0.01,1.0539763920665712,0.2692047472492912,15.950454768504692,14.885182758767087,12,0.4166666666666667,1.0203663265914744,unchanged,20260928,NDUFB6
0.5,0.0012111609080282134,0.0,1.0817622794201218,0.28505763614118473,13.712750078142468,12.690324226318992,6,,,unchanged,20260928,NISCH
0.21311475409836067,-0.00842971662764083,0.0,1.0252174069470987,0.14989688063302914,48.0748507049795,46.90246490662895,138,0.463768115942029,1.0006072265911183,unchanged,20260928,NIT1
0.05737704918032782,-0.010989209722203554,0.0,1.0897292825257985,0.3480938916340802,9.638741603627793,8.538777098219047,5,,,unchanged,20260928,NRAS
0.38524590163934425,-0.002369490803702213,0.0,1.0321939521383048,0.1522010235540848,45.858351774775215,44.788514093946645,128,0.484375,0.9988762380588889,unchanged,20260928,OXCT1
1.0,0.020112513164595423,0.0,1.054373730923126,0.2804518455679741,14.18079421906746,13.285708722799463,18,0.6111111111111112,1.0085122462759937,unchanged,20260928,PAGR1
0.17213114754098358,-0.008488054937065602,0.0,1.089330291811517,0.36916697224110595,8.734478733423494,7.64471489712024,4,,,unchanged,20260928,PBX1
0.7459016393442623,0.008563794985596365,0.01,1.0326687714239655,0.15034404110380925,48.191744962303815,47.24549797390515,116,0.5775862068965517,0.9922703897073151,unchanged,20260928,PHF10
0.6311475409836065,0.0009039514668103265,0.0,1.052153502594532,0.2683130203430557,16.186233240750532,15.106048180617183,24,0.5416666666666666,0.9968100478540175,unchanged,20260928,PHF14
0.6639344262295082,0.0012818103724416237,0.0,1.0880155182988105,0.3870178680005136,7.96612785674972,6.9343598555527795,2,,,unchanged,20260928,PLCB3
0.07377049180327866,-0.011396611447746936,0.0,1.0954763338201745,0.3354249327209982,10.470319641033994,9.347203583334098,1,,,unchanged,20260928,PMS1
0.6147540983606558,0.0036602402118686007,0.0,1.0840585237704856,0.33493703227512883,10.155774913006415,9.151565276077248,3,,,unchanged,20260928,POLB
0.3770491803278688,-0.0030931962763677025,0.0,1.0894790021244956,0.3458879268610016,9.88971550566902,8.816105543913617,6,,,unchanged,20260928,PRCP
0.7131147540983607,0.004120334183078647,0.01,1.041930530113284,0.19416482947779024,28.419757196917818,27.429552199261032,104,0.5480769230769231,0.9962920633709553,unchanged,20260928,PRR12
0.5573770491803278,0.0029791697361460263,0.0,1.0979585252628998,0.4180771243080192,7.003348892058089,5.9740375389209905,2,,,unchanged,20260928,PTPN1
0.4918032786885246,0.0004012654480409438,0.01,1.1008653845475829,0.4207650807118553,7.050046074559365,5.991342454168576,0,,,unchanged,20260928,RAB3B
0.8770491803278688,0.011599830144991299,0.0,1.05785131522199,0.257749005224076,16.86176536013889,15.900502690749565,38,0.42105263157894735,1.008369603499182,unchanged,20260928,RAF1
0.29508196721311475,-0.0032576699811957066,0.0,1.0184539889482567,0.1163812856127698,79.53552869619779,78.41398389155121,369,0.4715447154471545,1.0048603444650859,unchanged,20260928,RNF2
0.540983606557377,9.293958919793492e-06,0.0,1.081101387056848,0.30976076887109294,11.91191470479595,10.869071071300136,4,,,unchanged,20260928,RRM1
0.4672131147540983,-7.510072254537554e-05,0.0,1.0269922457810228,0.1518011886134986,46.04704310813383,45.00885087723821,163,0.4662576687116564,1.003386193460119,unchanged,20260928,SAFB
0.8688524590163934,0.007394045706325341,0.0,1.0076986636566447,0.07254745637167086,200.5074961436829,199.670816517702,1125,0.5137777777777778,0.9989487929426489,unchanged,20260928,SIN3B
0.4098360655737705,-0.003509420064432446,0.0,1.065893850981268,0.2920365330651003,13.515090119661247,12.429553860157547,25,0.32,1.010796358438016,unchanged,20260928,SIX4
0.139344262295082,-0.010361964662936676,0.0,1.056007929521462,0.2359633189038174,20.606594265248226,19.42975764584817,20,0.7,0.9907054877585699,unchanged,20260928,SLC25A3
0.4590163934426229,-0.001597186087412745,0.0,1.0443302387126676,0.1803408392894955,33.40541350824033,32.335155617567125,79,0.569620253164557,0.9964582808551055,unchanged,20260928,SMAGP
0.8688524590163934,0.008130864325607591,0.0,1.0037544676969332,0.04618455282008417,479.66038455799804,478.99842202935355,2187,0.4974851394604481,0.9996905858406788,unchanged,20260928,SMARCA4
0.8360655737704918,0.006185474554573978,0.0,1.009136840366032,0.0806468692033142,161.5732015806393,160.6884127437941,931,0.5177228786251342,1.0000103180632982,unchanged,20260928,SMARCA5
0.4180327868852459,-0.0002925206853211376,0.0,1.0076748109738392,0.0702347399672221,216.12974347536786,215.0600329516683,1133,0.499558693733451,0.9999807644336137,unchanged,20260928,SOX2
0.5573770491803278,0.0011734922994408247,0.0,1.0703549202212617,0.32476764256868085,10.914744052197529,9.880173346383751,6,,,unchanged,20260928,SRC
0.7868852459016393,0.006739057701508218,0.0,1.0387120357995272,0.1874819033757022,30.208641540228577,29.254291616807656,59,0.576271186440678,0.9979352419979348,unchanged,20260928,SSBP1
0.2786885245901639,-0.008484773018915343,0.0,1.0159448955266008,0.10420202797543399,97.97397746996677,96.7523509635953,445,0.49213483146067416,1.0031053088405686,unchanged,20260928,STAG2
0.28688524590163933,-0.004309734127006534,0.0,1.0960033448266104,0.3761625735615384,8.633902417186492,7.5422348030052815,8,,,unchanged,20260928,STAT1
0.24590163934426235,-0.006130016101746366,0.0,1.0464357611967017,0.20135174496782904,27.07572310960503,25.95918969962473,68,0.35294117647058826,1.009532840125278,unchanged,20260928,STAT6
0.639344262295082,0.0038425013427697066,0.0,1.0688581269249027,0.28329153274761787,14.313681195481285,13.277049082877419,19,0.47368421052631576,1.0026791066348366,unchanged,20260928,STX4
0.28688524590163933,-0.005380478116102486,0.0,1.0707688552400942,0.2564519265828586,17.050725610995357,15.957221000842587,18,0.5,0.9962850105638534,unchanged,20260928,SV2A
0.9672131147540983,0.010779722800742339,0.0,1.0119127235809,0.09910905773558996,107.7304037062647,106.90871731150742,519,0.5240847784200385,0.9989709684586529,unchanged,20260928,TADA1
0.024590163934426257,-0.013278274440438831,0.0,1.0770332663513182,0.3267771817647211,11.204746010524017,10.044942840033457,4,,,unchanged,20260928,TARBP2
0.43442622950819676,-0.0015075820822315312,0.0,1.0809580206554137,0.3424706627432564,10.15415997550269,9.079844081761223,6,,,unchanged,20260928,TCF3
0.6639344262295082,0.006506627859476395,0.0,1.0580626379137055,0.26422396265980097,16.40222403506698,15.38127803967939,45,0.4222222222222222,1.002724626982454,unchanged,20260928,TET1
0.7540983606557377,0.0036852660687356877,0.01,1.032687218624858,0.1557458379547299,44.9678434024164,43.95216012740541,93,0.46236559139784944,1.0012010065035013,unchanged,20260928,TFAM
0.07377049180327866,-0.01273659302704685,0.0,1.0320993993204781,0.14393189001050638,52.683825717081916,51.4298230003904,258,0.4844961240310077,1.0032338386227053,unchanged,20260928,TGFBR2
0.7295081967213115,0.001545728102722586,0.0,1.0898891817767868,0.36548111687183965,9.284765431437933,8.198855126981474,6,,,unchanged,20260928,TMBIM6
0.7868852459016393,0.004961365511951133,0.01,1.026391736996788,0.1111590203376071,85.25131935123841,84.30263426260876,254,0.484251968503937,1.0008080820919742,unchanged,20260928,TMSB10
0.9836065573770492,0.014769085663197219,0.0,1.0827709087318427,0.39607274488800165,7.647761403681933,6.678250672178237,0,,,unchanged,20260928,TMSB4X
0.6147540983606558,0.00176277826260938,0.0,1.0825996202902757,0.360328809236299,9.042311923212782,8.012210174475577,1,,,unchanged,20260928,TRAM2
0.4508196721311475,0.0014132813947155289,0.0,1.0335867142593977,0.14840312277136677,49.502353643015425,48.455519812672556,221,0.497737556561086,0.9970807222697305,unchanged,20260928,TRAPPC6A
0.2295081967213115,-0.005790822052114561,0.0,1.0856403275763908,0.33290835573861566,10.54036579699917,9.455926150273223,3,,,unchanged,20260928,TSC22D4
0.47540983606557374,-0.001207144636908474,0.0,1.0956339234741328,0.37395650795472013,8.344360576597813,7.314825838630052,4,,,unchanged,20260928,TWF2
0.7950819672131147,0.006219700748398264,0.0,1.0567073459930947,0.2593948265318263,16.408237126530647,15.420421000084424,24,0.5416666666666666,0.993862253972053,unchanged,20260928,TXNDC9
0.08196721311475408,-0.01338466789558253,0.0,1.0576171734226343,0.2115761133937379,25.25508591792255,24.042657867481203,36,0.4722222222222222,1.004408302958237,unchanged,20260928,UBE3C
0.680327868852459,0.004770233541107169,0.0,1.0443435918476778,0.20904056806014967,25.16312980413045,24.15574781099572,47,0.5319148936170213,0.998673579620279,unchanged,20260928,UQCRQ
0.139344262295082,-0.0091397102797066,0.0,1.0558430468381939,0.25662632871963736,16.943223496144206,15.826681899792487,20,0.6,0.9865419147309983,unchanged,20260928,USP22
0.2704918032786885,-0.0051397171901054785,0.01,1.0946575693799772,0.3857375861594526,8.240483414193474,7.148489770333529,4,,,unchanged,20260928,WFS1
0.5901639344262295,0.004568595787457244,0.0,1.0366279019306273,0.1803733554400471,33.562126981610774,32.55657037688374,103,0.4854368932038835,0.9983672260347608,unchanged,20260928,WSB2
0.29508196721311475,-0.003982404004533559,0.0,1.0464476841681174,0.20279659079942566,26.3957732695239,25.313817835146892,14,0.21428571428571427,1.0093046119438551,unchanged,20260928,XRCC4
0.2213114754098361,-0.0076326907343935504,0.01,1.091309587681691,0.3885509510787445,7.9268207997406295,6.851757919079917,2,,,unchanged,20260928,ZNF286A
0.7459016393442623,0.0031545998115552368,0.0,1.094250663116835,0.3605642155033329,9.399201155100187,8.334607696182072,3,,,unchanged,20260928,ZNF426
0.8934426229508197,0.010005816041578994,0.0,1.0812198686483785,0.3595528966945794,9.223297076542703,8.219798985184106,8,,,unchanged,20260928,ZNF562
0.39344262295081966,0.0005927872179827756,0.0,1.0573756552872253,0.2646983105785125,15.942121844881132,14.902642054461282,21,0.5238095238095238,0.9983691542680962,unchanged,20260928,ZNF593
0.9508196721311475,0.00963431411293459,0.0,1.0869876421621996,0.30319577827870736,12.245319495128792,11.274728689325888,8,,,unchanged,20260928,ZNF714
0.9836065573770492,0.07939120283231532,0.04,3.481496215351675,3.340157420039821,732.3803935895256,62.99345551498004,308,0.5714285714285714,1.1173545760454011,additive,20260928,ACAT2
0.9918032786885246,0.09557854031784284,0.05,5.260252867381023,5.974387267775536,491.0683767073611,13.812968118568701,24,0.75,0.9928755401946973,additive,20260928,ACVR1B
0.2786885245901639,-0.011574109632091429,0.01,4.584608461810305,4.8709188332606255,489.94445498578307,19.72512091528857,49,0.46938775510204084,1.233561625368445,additive,20260928,AKT2
0.180327868852459,-0.037933140660718054,0.0,6.224908438204773,7.924272496152097,398.78428064824845,6.192756404375936,2,,,additive,20260928,ANTXR1
1.0,0.17807424119969867,0.03,2.817798932112092,2.79447355223631,378.09604378441117,48.38802555772017,217,0.7695852534562212,0.8440271652347476,additive,20260928,ARID1A
1.0,0.14885134873917436,0.06,2.8079576972705182,3.131670178840156,260.82315808554404,26.41233409544507,64,0.625,0.9530408396679728,additive,20260928,ATM
0.7131147540983607,0.025205819358791286,0.06,7.4450841761538475,8.63582625563211,529.9984877582567,7.053278287402917,2,,,additive,20260928,ATP1B1
0.48360655737704916,-0.007758468986738848,0.01,3.1634746322734024,3.1242353640475256,292.7962798242511,27.087378263499872,74,0.5135135135135135,1.0722076395353837,additive,20260928,BIRC2
0.7540983606557377,0.04350012398567407,0.03,3.7908914441429005,4.488622618935551,550.6437371276807,26.52781495402035,63,0.6190476190476191,1.2581022393649717,additive,20260928,C1QBP
0.032786885245901676,-0.05186993335425771,0.0,5.935968431664096,7.690319166058279,456.9612943548683,7.498691845734399,1,,,additive,20260928,CALM3
0.040983606557377095,-0.0637137903213293,0.0,7.945517452162591,9.233069723963848,570.7353085349454,6.528200962092747,2,,,additive,20260928,CAMSAP2
0.6721311475409837,0.03348215421247736,0.04,5.914587167905244,7.615040923958843,435.70945924750913,7.450710725090044,2,,,additive,20260928,CASP2
1.0,0.19715882393854967,0.05,2.2962569299167552,2.3941269100474836,529.4537331237096,91.47758942064371,407,0.7051597051597052,0.8869080179714093,additive,20260928,CASP3
0.040983606557377095,-0.041138183257395704,0.01,5.631430943095155,6.628793869128573,518.2682384539914,11.393941129561444,7,,,additive,20260928,CDCA2
0.29508196721311475,-0.02350718273964556,0.01,5.00063953291869,5.17276195502899,353.0609227810225,12.609021293969683,5,,,additive,20260928,CENPO
0.6885245901639344,0.0284941006255568,0.0,5.570506260011424,7.351387473855487,408.64922111836756,7.481135663140309,3,,,additive,20260928,CLDN6
0.2295081967213115,-0.01255445809440642,0.0,5.242024863491748,6.665868619786661,441.13369568181173,9.673734820860822,6,,,additive,20260928,CLDN7
0.47540983606557374,0.012027849207010591,0.03,6.360329069362911,8.011401260336058,456.81857799202254,7.029077870685338,4,,,additive,20260928,CREG1
0.8852459016393442,0.03606682292628177,0.05,4.872507498719275,5.1787120638693285,442.8724702251152,16.136433374893258,27,0.5925925925925926,1.257563765770793,additive,20260928,DAXX
0.9180327868852459,0.07628489892923142,0.01,5.067130139632583,5.676996585646726,481.1487498370869,14.867637654619715,30,0.6666666666666666,0.9487691350137901,additive,20260928,DHCR24
1.0,0.267184552702569,0.02,1.3200431663596113,1.2139414322805888,469.7690559006254,257.41320220865396,1355,0.7512915129151292,0.8733708356987058,additive,20260928,DHX36
1.0,0.11462058000432877,0.03,4.952110355045147,4.765336336868655,592.123174001295,26.18158259644693,83,0.6987951807228916,1.0870399178323655,additive,20260928,DLG5
1.0,0.33620111891890647,0.11,1.4831344731326865,1.3928617292142,593.1837936677282,296.0737007986536,1249,0.7926341072858286,0.8451712558121816,additive,20260928,DNMT1
0.9590163934426229,0.05295482077998382,0.02,5.742888415007579,6.656837434832677,317.7338155922358,7.122725282478875,1,,,additive,20260928,DZIP3
0.6147540983606558,0.005461469351821308,0.01,4.989633184613794,5.818157511886767,266.51574948824174,7.661271256088746,4,,,additive,20260928,EID2
1.0,0.0991036726652945,0.0,2.8376561007636996,3.23797928885103,455.5633467529992,42.01560178119702,121,0.7355371900826446,0.9025245837068783,additive,20260928,EIF4B
1.0,0.15842021506946705,0.03,2.71089456596541,2.821471384224154,388.9321322255109,48.21426153907538,168,0.7440476190476191,1.0108849702980314,additive,20260928,EWSR1
1.0,0.16526510459582336,0.1,3.4993043201052467,3.994115754158567,253.30776709761878,16.203624068291273,32,0.90625,0.7327009682686226,additive,20260928,FOXH1
0.7704918032786885,0.024693781337064184,0.01,3.060867089220237,2.712392358444344,407.513050589032,49.55702396914154,210,0.5428571428571428,1.0351425659748301,additive,20260928,GSK3B
0.9918032786885246,0.05792545425389063,0.02,4.119731075599484,4.603173121684108,314.6205939078936,14.528155782774952,21,0.42857142857142855,1.32457812933518,additive,20260928,HAT1
1.0,0.16422251404578864,0.08,5.636259591103355,5.708022464502,612.0097822545968,19.302192887177647,30,0.6666666666666666,1.7250816297381473,additive,20260928,HIRA
0.38524590163934425,-0.01982844601430545,0.0,3.6529899354628728,3.7692662021181538,270.10973255744375,17.5888817695471,26,0.2692307692307692,1.1636912112108888,additive,20260928,HMGB2
0.5901639344262295,0.004614396062172624,0.0,4.969500386076417,5.530185461166492,273.2445017810434,8.665649004259743,3,,,additive,20260928,HMGN1
0.6639344262295082,0.013081450309854897,0.05,6.541208545760693,8.07521131305922,425.67066848165814,6.449773819997329,0,,,additive,20260928,IDE
0.8442622950819672,0.048615862221653934,0.02,5.835989126921875,7.367479666744172,419.8014403091581,7.693827921327384,6,,,additive,20260928,IGF2R
0.6967213114754098,0.022153931363104055,0.02,5.01436070003658,5.349833135925901,400.97765108683114,13.646273051761941,12,0.5,1.1322560535922566,additive,20260928,IKBKG
0.06557377049180324,-0.05541356048649106,0.0,2.844791567410182,2.7137342163695535,591.0849116803852,68.21436740295266,211,0.44075829383886256,1.1722787090662772,additive,20260928,INSIG1
0.5,0.00019565966321847002,0.02,4.864780102173845,5.023398084684984,256.2760701217385,9.769387549995765,4,,,additive,20260928,IRF3
1.0,0.30371935290635577,0.07,1.365677051782228,1.481064331338419,351.83370307804375,153.37824425186463,725,0.8179310344827586,0.823672732956344,additive,20260928,KAT2A
0.9508196721311475,0.05422965074535627,0.06,3.0481102485480425,3.106754791628005,248.18590600582078,24.06075179443121,43,0.5581395348837209,1.4771706494150965,additive,20260928,KDM2B
0.540983606557377,0.00035116775160161135,0.0,4.594191688378827,4.733443985454781,236.64236507294882,10.11198493030455,6,,,additive,20260928,KDR
0.540983606557377,0.0027824407104560496,0.05,6.471651993528373,8.06997411658766,442.1298905042521,6.69087079597112,2,,,additive,20260928,KIF1B
0.9590163934426229,0.04737178338387938,0.03,3.685435255868544,4.068946551253965,228.37202483171666,13.300007286384627,15,0.7333333333333333,0.943602289604553,additive,20260928,KLF10
0.12295081967213117,-0.02436944095531135,0.0,7.091565254973293,9.086324659038652,497.3232726830061,5.920222444335906,2,,,additive,20260928,LAD1
1.0,0.16441918175679365,0.07,2.4823840456495843,2.3918874686854403,280.5336218789471,47.27100491269485,95,0.6736842105263158,1.0635246119120554,additive,20260928,LRPPRC
0.8934426229508197,0.04235697005593999,0.07,2.415909899358073,2.076091318426514,283.5585635892196,55.22848238108435,188,0.5,1.132232269487522,additive,20260928,LZTR1
0.24590163934426235,-0.016510219960509515,0.01,6.256286001781433,8.014625998089452,474.31785541126925,7.241618203713607,3,,,additive,20260928,MAP1B
0.9590163934426229,0.05676480353052691,0.04,4.513992994399162,5.664147913119833,265.43643333059094,8.182501097657678,1,,,additive,20260928,MAP3K7
0.8360655737704918,0.05009372071480243,0.07,5.593978845596304,6.899881813033003,396.242788097456,8.269342076753372,5,,,additive,20260928,MAPKAPK2
0.6639344262295082,0.018423243403917162,0.06,6.211514946743464,7.729941354831476,476.12051704367923,7.87403313204214,0,,,additive,20260928,MAST2
1.0,0.20413666454150436,0.05,2.0800072874496864,1.9334070911377153,727.6157242212741,184.26695059851897,877,0.7115165336374002,0.931922836965565,additive,20260928,MAU2
0.9508196721311475,0.06760216145547741,0.01,2.5412580109742553,2.1986065290065984,626.8757406641527,113.22375789941742,369,0.5447154471544715,1.048509374630341,additive,20260928,MBTPS1
1.0,0.15733108192047177,0.05,2.065843990146016,2.315738096370847,346.5721285291068,61.51475170519875,297,0.7239057239057239,0.9184472443352226,additive,20260928,MED1
1.0,0.09630396007355152,0.04,3.417892420830272,3.5886536195728547,360.42614528599455,27.331448610164685,63,0.7142857142857143,1.193862763964056,additive,20260928,MED12
1.0,0.15166761974618814,0.06,2.6167076830587868,2.937293137280824,282.0374147247346,32.28189205061412,111,0.7657657657657657,0.9609396750246957,additive,20260928,MED13
0.9426229508196722,0.04942014465837391,0.01,3.754768038710069,4.399309186567727,282.4279007766704,14.178753537119377,16,0.625,1.0569976819910811,additive,20260928,MED13L
1.0,0.23344466104484649,0.12,1.6854024075043377,1.5469594729306266,325.77661768699915,121.97603662753404,627,0.7543859649122807,0.841788526076139,additive,20260928,MED24
0.9918032786885246,0.17084313597547798,0.01,1.179889349962672,0.7783970289610895,699.1227547328037,521.7589591021322,2934,0.6533742331288344,0.9261918898193339,additive,20260928,METTL14
0.9672131147540983,0.05194147136458994,0.05,2.643365709133623,2.610294001913667,312.9876913275947,41.49671149249956,79,0.620253164556962,1.1783577159949654,additive,20260928,METTL17
1.0,0.2672016748027414,0.01,1.1373343538241436,0.8821166657191225,675.3295034347316,516.8112415279878,2854,0.7498248072880168,0.8539078992694014,additive,20260928,METTL3
0.4508196721311475,-0.006302445087516617,0.01,4.650317050006693,5.506304946579159,238.27688911104417,7.591143498909098,5,,,additive,20260928,MKI67
0.8114754098360656,0.028564942543642627,0.0,3.1979476359941956,2.709822832767899,246.6811294900574,30.12594658665021,27,0.6666666666666666,0.9946906813217634,additive,20260928,MTA1
0.38524590163934425,-0.01090338733423264,0.0,6.240276871063487,7.75675591006689,399.031877365822,6.505627959900664,2,,,additive,20260928,NCK2
0.9426229508196722,0.07956257371617025,0.0,4.80867509939978,5.866053994759239,535.1740713885372,15.52257157290596,17,0.5294117647058824,2.105606450943341,additive,20260928,NDUFB4
0.8278688524590164,0.029488668945081533,0.01,6.26318149564338,6.918948898605441,721.3924111425672,14.885182758767087,12,0.5,2.9365609067064824,additive,20260928,NDUFB6
0.024590163934426257,-0.04314571373671179,0.0,5.530056838870623,5.782304828620799,443.3239447558444,12.690324226318992,6,,,additive,20260928,NISCH
1.0,0.11215045315723607,0.0,2.946525557584093,3.339295667745126,534.7766757984109,46.90246490662895,138,0.6304347826086957,1.0595427449964077,additive,20260928,NIT1
0.30327868852459017,-0.009364342772968761,0.03,6.304002498763626,7.411438892470388,478.75414358156604,8.538777098219047,5,,,additive,20260928,NRAS
0.3278688524590164,-0.016252332528723237,0.01,3.6112984743100958,3.243524190416818,520.7058383351387,44.788514093946645,128,0.5703125,1.0459764078728968,additive,20260928,OXCT1
0.9508196721311475,0.08035537065387899,0.01,4.654560304964418,5.690650159198892,431.37302058895955,13.285708722799463,18,0.7222222222222222,1.37902836069301,additive,20260928,PAGR1
0.07377049180327866,-0.04231566228037385,0.01,5.284608063814449,6.258319680631902,311.1109619008017,7.64471489712024,4,,,additive,20260928,PBX1
0.8688524590163934,0.03931958766456974,0.02,3.0393816117675856,2.5944899805451365,355.63338531579313,47.24549797390515,116,0.5344827586206896,1.1155571844829122,additive,20260928,PHF10
0.4426229508196722,-0.016745440759564915,0.04,3.6638568427189533,4.16553428389196,279.3287056265554,15.106048180617183,24,0.4583333333333333,1.130673638402677,additive,20260928,PHF14
0.5983606557377049,0.005851624012222926,0.01,6.467702881888846,7.862443643436468,434.96468346945403,6.9343598555527795,2,,,additive,20260928,PLCB3
0.3278688524590164,-0.02772749140066293,0.01,5.15769031931769,5.375615883135979,282.2420912853702,9.347203583334098,1,,,additive,20260928,PMS1
0.5245901639344263,-0.0032284961923250547,0.02,5.090016796879101,5.7058451732425395,307.43321553987545,9.151565276077248,3,,,additive,20260928,POLB
0.16393442622950816,-0.02276224688731511,0.01,6.434011462454652,7.2837242158983635,479.45707908174546,8.816105543913617,6,,,additive,20260928,PRCP
1.0,0.12545845498717625,0.04,5.04608707794532,5.098069343363922,705.2444868362509,27.429552199261032,104,0.5865384615384616,1.1202659378754276,additive,20260928,PRR12
0.29508196721311475,-0.006980840261690306,0.02,7.0588431968391605,9.639527089871754,561.8884980803269,5.9740375389209905,2,,,additive,20260928,PTPN1
0.4672131147540983,-0.006425274049189744,0.01,6.4848915426730755,8.121324073711753,401.78103171009064,5.991342454168576,0,,,additive,20260928,RAB3B
0.6885245901639344,0.026558947268864118,0.0,5.067758436154053,5.447504133715534,483.1517419864176,15.900502690749565,38,0.631578947368421,1.0087982115501495,additive,20260928,RAF1
1.0,0.0924181419911345,0.03,2.0212908673596095,1.8034894938525925,307.3219721664399,78.41398389155121,369,0.6693766937669376,0.9307668593811008,additive,20260928,RNF2
0.2786885245901639,-0.010718488361773457,0.02,5.276841016027836,5.933550930524641,394.9192633929928,10.869071071300136,4,,,additive,20260928,RRM1
0.9672131147540983,0.053995794581817864,0.01,2.8717035825021977,2.8590422138876996,399.02011038864885,45.00885087723821,163,0.5766871165644172,1.0903520876988753,additive,20260928,SAFB
1.0,0.25579584168825953,0.04,1.4745638997662396,1.5125743618180891,501.98455993914735,199.670816517702,1125,0.7582222222222222,0.8990354556537028,additive,20260928,SIN3B
0.9836065573770492,0.07876405661906691,0.03,3.9338579757821033,4.699750443876899,277.7671108575726,12.429553860157547,25,0.84,1.0344505452863917,additive,20260928,SIX4
0.9672131147540983,0.08267515074495116,0.01,4.4799245287512015,5.36646044472099,561.7444456553044,19.42975764584817,20,0.45,0.9957433235571465,additive,20260928,SLC25A3
0.7377049180327868,0.021739918418191933,0.02,4.2301366564418315,3.8574427525259085,508.05460863501725,32.335155617567125,79,0.6075949367088608,1.03461415106255,additive,20260928,SMAGP
0.5,-0.011034669860863648,0.0,1.2117189241165516,0.6052857162816422,660.8880399028526,478.99842202935355,2187,0.5230909922267947,1.0200815024095198,additive,20260928,SMARCA4
1.0,0.20428914539495713,0.03,1.6771687651865244,1.5284607732291542,435.73819759564145,160.6884127437941,931,0.7056928034371643,0.8749827807104111,additive,20260928,SMARCA5
1.0,0.11512377167861777,0.02,1.551130213453208,1.171896554658307,452.3820551171009,215.0600329516683,1133,0.646072374227714,0.9479844801036029,additive,20260928,SOX2
0.9590163934426229,0.055663146344198396,0.02,6.954861503099866,8.071889790632563,644.7484093489437,9.880173346383751,6,,,additive,20260928,SRC
1.0,0.08940913694210056,0.06,3.1992158038533938,3.26798198136399,324.5860584161178,29.254291616807656,59,0.5084745762711864,1.3752736377530819,additive,20260928,SSBP1
1.0,0.19572583693822188,0.04,2.422628343849479,2.4272554599925527,574.8459520549616,96.7523509635953,445,0.7528089887640449,0.9227911360657038,additive,20260928,STAG2
0.4426229508196722,-0.015008464021377585,0.02,5.010972279342832,5.930460229413886,274.1479618415396,7.5422348030052815,8,,,additive,20260928,STAT1
0.7131147540983607,0.011826329769187814,0.0,3.3819964209072397,3.142567516661121,280.3956050482867,25.95918969962473,68,0.5294117647058824,1.048580677998459,additive,20260928,STAT6
0.7131147540983607,0.02142405673251565,0.0,5.785577876724023,6.119164310640354,506.9439855505383,13.277049082877419,19,0.47368421052631576,1.0705797444840304,additive,20260928,STX4
0.680327868852459,0.027324048477848452,0.02,5.093905727431331,5.281709026176175,456.5012245547013,15.957221000842587,18,0.8333333333333334,0.7819259901986115,additive,20260928,SV2A
1.0,0.2612736745439904,0.06,1.769674652149269,1.8839965251650401,381.1258906734569,106.90871731150742,519,0.7764932562620424,0.8656374446023821,additive,20260928,TADA1
0.5081967213114754,-0.0019259579354086358,0.01,4.449733394684213,5.192151680050534,281.0418185004959,10.044942840033457,4,,,additive,20260928,TARBP2
0.9344262295081968,0.04499636781193923,0.02,4.7230871325437525,5.6345512946384595,292.7441574551338,9.079844081761223,6,,,additive,20260928,TCF3
0.9836065573770492,0.07655541770511294,0.0,4.07907607516181,4.554431708442558,323.70692298161384,15.38127803967939,45,0.4666666666666667,1.0142971280131798,additive,20260928,TET1
0.9918032786885246,0.14963790489504333,0.06,2.604252623347762,2.470718102940066,279.75645662854623,43.95216012740541,93,0.6344086021505376,1.1336438323703644,additive,20260928,TFAM
1.0,0.2874057633719488,0.05,2.7805907454520353,3.0638548024811714,443.63710897437977,51.4298230003904,258,0.8488372093023255,0.87930263661165,additive,20260928,TGFBR2
0.29508196721311475,-0.003822187305918465,0.01,6.262795631580832,7.60362622616863,482.6933029842261,8.198855126981474,6,,,additive,20260928,TMBIM6
0.4672131147540983,0.012035463484632553,0.0,2.9698113321043675,2.4308080271944283,577.4996727459204,84.30263426260876,254,0.4645669291338583,1.1362088471155092,additive,20260928,TMSB10
0.08196721311475408,-0.03998090726745344,0.0,5.706979324065394,7.8153740579727105,418.75972948202264,6.678250672178237,0,,,additive,20260928,TMSB4X
0.9508196721311475,0.05175439610398749,0.07,6.323877204620271,7.520865920016186,454.97294164100344,8.012210174475577,1,,,additive,20260928,TRAM2
0.7049180327868853,0.023804599218584622,0.0,3.652941965284609,3.321247083798734,575.291079882934,48.455519812672556,221,0.4796380090497738,1.1908929085915476,additive,20260928,TRAPPC6A
0.6475409836065573,0.00996490906815368,0.05,5.291549405908895,5.817925230866559,328.4260997632797,9.455926150273223,3,,,additive,20260928,TSC22D4
0.180327868852459,-0.01860312874168906,0.01,6.624051435698069,7.983067717088196,475.6567195833368,7.314825838630052,4,,,additive,20260928,TWF2
0.5081967213114754,0.00861738113789903,0.0,5.08244632136282,5.655404476710444,507.11797341786917,15.420421000084424,24,0.5416666666666666,1.106643541097073,additive,20260928,TXNDC9
0.4426229508196722,-0.008060119777522865,0.01,3.733465125381851,3.5929090402804573,335.80173299117166,24.042657867481203,36,0.5833333333333334,1.0328897975498748,additive,20260928,UBE3C
0.9508196721311475,0.08846852466364893,0.03,4.4035207947688795,4.957678059558472,596.6801806125063,24.15574781099572,47,0.5531914893617021,1.2949818720092097,additive,20260928,UQCRQ
1.0,0.08442779558143446,0.0,3.6714371639689634,4.260449264156555,291.7178321068161,15.826681899792487,20,0.3,1.25157820505908,additive,20260928,USP22
0.4426229508196722,0.013404596102870784,0.02,6.2664692716553985,7.797477542682563,440.28700799493237,7.148489770333529,4,,,additive,20260928,WFS1
0.7622950819672132,0.01896245686938896,0.06,3.7489817075728213,3.592378814834926,448.26962341153376,32.55657037688374,103,0.5436893203883495,1.1749649989440178,additive,20260928,WSB2
0.3114754098360656,-0.020227175581679458,0.01,3.3608751901635094,3.2233051250747384,291.6175267043385,25.313817835146892,14,0.8571428571428571,0.8741074942105639,additive,20260928,XRCC4
0.819672131147541,0.02790059362410396,0.0,4.598522280135095,5.876012688251752,241.17938901604325,6.851757919079917,2,,,additive,20260928,ZNF286A
0.7377049180327868,0.025379023688826396,0.03,4.478245491575335,5.101303139044174,223.07045359135873,8.334607696182072,3,,,additive,20260928,ZNF426
0.9754098360655737,0.06152309583437223,0.09,4.454587848628001,5.4295272238145476,245.04604353338598,8.219798985184106,8,,,additive,20260928,ZNF562
0.4590163934426229,-0.008350218790550581,0.0,4.334240231332025,4.863167682795015,368.5664346746595,14.902642054461282,21,0.5714285714285714,1.298730221950778,additive,20260928,ZNF593
0.5819672131147541,0.0004828002907321757,0.01,4.8362733842806245,4.839600504987893,275.2957260658776,11.274728689325888,8,,,additive,20260928,ZNF714
0.9918032786885246,0.07987542897834281,0.06,3.353908594311475,3.011030894243164,603.810682674312,62.99345551498004,308,0.5746753246753247,1.1351493722272794,ratio,20260928,ACAT2
0.9836065573770492,0.08624162236537596,0.02,4.727214811950287,4.536322213093845,287.25144125857537,13.812968118568701,24,0.75,0.6740363531827914,ratio,20260928,ACVR1B
0.180327868852459,-0.016529221539952798,0.02,4.032385994737379,3.561152135253175,272.1974111500573,19.72512091528857,49,0.40816326530612246,1.2272112976142426,ratio,20260928,AKT2
0.30327868852459017,-0.01263563976730623,0.01,5.642382319641444,6.080123906837665,236.0775300871477,6.192756404375936,2,,,ratio,20260928,ANTXR1
1.0,0.1856449369053149,0.09,2.60806151801048,2.3124171638734086,265.5871653655298,48.38802555772017,217,0.7741935483870968,0.7374706213085813,ratio,20260928,ARID1A
1.0,0.09743979464525879,0.01,2.5817831998702063,2.506981089361017,179.50864844767645,26.41233409544507,64,0.65625,0.8556085950982656,ratio,20260928,ATM
0.7131147540983607,0.015068581566947304,0.0,6.886160371017825,7.009277020075817,352.0906564911544,7.053278287402917,2,,,ratio,20260928,ATP1B1
0.6967213114754098,-0.00019761092764221242,0.02,2.9466315812038255,2.5744827564265833,206.64903871807272,27.087378263499872,74,0.5,0.9872070945082146,ratio,20260928,BIRC2
0.6475409836065573,0.03459559029633736,0.02,3.397213077149812,3.392489034997884,325.609073316166,26.52781495402035,63,0.6190476190476191,1.0889108130096508,ratio,20260928,C1QBP
0.12295081967213117,-0.029143279322866117,0.01,5.131396597544841,5.439484247913102,231.7473541999527,7.498691845734399,1,,,ratio,20260928,CALM3
0.180327868852459,-0.023195344446280394,0.01,7.826717198099683,8.475988404636674,478.0966254436152,6.528200962092747,2,,,ratio,20260928,CAMSAP2
0.5655737704918034,0.03377531942165943,0.01,5.2429726696534384,5.6387686117180165,241.51336532498397,7.450710725090044,2,,,ratio,20260928,CASP2
1.0,0.2721711515167854,0.21,1.9457881305960458,1.710129734364027,273.85167976887374,91.47758942064371,407,0.7076167076167076,0.7636600173902224,ratio,20260928,CASP3
0.024590163934426257,-0.05491558617807717,0.02,4.951014471402664,4.767337662019421,276.3157272793354,11.393941129561444,7,,,ratio,20260928,CDCA2
0.5737704918032787,-0.002435569379042038,0.0,4.864711174407929,4.487780337498256,266.83252419584767,12.609021293969683,5,,,ratio,20260928,CENPO
0.6147540983606558,0.03781309456517255,0.05,4.788194434061097,5.268085068037424,212.12247779655033,7.481135663140309,3,,,ratio,20260928,CLDN6
0.30327868852459017,-7.519107085376335e-06,0.03,4.519660923934679,4.670005468261884,220.64842360025156,9.673734820860822,6,,,ratio,20260928,CLDN7
0.139344262295082,-0.02518627830245019,0.0,5.7289357831054994,6.0802614413792675,269.0439829990853,7.029077870685338,4,,,ratio,20260928,CREG1
0.9344262295081968,0.021142239448412488,0.02,4.746353566339643,4.649988478598617,361.8719517379506,16.136433374893258,27,0.5555555555555556,1.0861005183394212,ratio,20260928,DAXX
0.9426229508196722,0.09094099458395004,0.01,4.43265569100846,4.054270009424155,248.28518689590052,14.867637654619715,30,0.7333333333333333,0.7594861697381435,ratio,20260928,DHCR24
1.0,0.33704560589793203,0.1,1.1391876891122161,0.8676270108376375,300.63722574801596,257.41320220865396,1355,0.7542435424354244,0.7551108144172115,ratio,20260928,DHX36
1.0,0.10493935267834091,0.02,4.65747583709062,4.048032214826721,432.96402112419435,26.18158259644693,83,0.6867469879518072,0.9525220503555449,ratio,20260928,DLG5
1.0,0.39244906343019387,0.22,1.2563850683181088,1.1017752705510027,399.44114238038105,296.0737007986536,1249,0.7902321857485989,0.6974829059164293,ratio,20260928,DNMT1
1.0,0.031239820561957926,0.03,5.478518307360315,5.55086221834846,224.1183707823087,7.122725282478875,1,,,ratio,20260928,DZIP3
0.9508196721311475,0.0208080496849463,0.02,4.721344887940812,4.698263690378725,175.27577654329662,7.661271256088746,4,,,ratio,20260928,EID2
1.0,0.14071666173760822,0.08,2.4386429110820744,2.322243247857691,241.13833944943661,42.01560178119702,121,0.7603305785123967,0.8655010723035647,ratio,20260928,EIF4B
1.0,0.15619595333603317,0.04,2.546079408423594,2.404561539551617,290.7681883176204,48.21426153907538,168,0.75,0.7967103915492085,ratio,20260928,EWSR1
1.0,0.1538030929207528,0.08,3.1920678216498257,2.9692116535173763,144.25875815012367,16.203624068291273,32,0.875,0.5138385715116839,ratio,20260928,FOXH1
0.9426229508196722,0.045508040442857584,0.03,2.7440181573712925,2.092496586099692,257.10635620128994,49.55702396914154,210,0.5142857142857142,0.9867684688566616,ratio,20260928,GSK3B
1.0,0.04060956889614459,0.01,4.002596909636481,4.0622397667010395,249.47546167550252,14.528155782774952,21,0.5238095238095238,1.0876785742151576,ratio,20260928,HAT1
1.0,0.13342957794666824,0.04,5.3561902919737765,4.750555483323978,430.43983124472095,19.302192887177647,30,0.6666666666666666,0.9246854345089399,ratio,20260928,HIRA
0.15573770491803274,-0.03608199818517726,0.0,3.4238714436416835,3.062145047188852,186.40184911807566,17.5888817695471,26,0.23076923076923078,1.1374570953872027,ratio,20260928,HMGB2
0.9016393442622951,0.014468901825599461,0.02,4.730145984606748,4.619384584009543,192.42107488763725,8.665649004259743,3,,,ratio,20260928,HMGN1
0.5081967213114754,0.0033645873024567645,0.0,6.0931325602500115,6.626664549401256,289.3890391203546,6.449773819997329,0,,,ratio,20260928,IDE
0.7786885245901639,0.05592925858129582,0.04,5.008636931614126,5.085462108738663,202.2943761754325,7.693827921327384,6,,,ratio,20260928,IGF2R
0.6147540983606558,0.009115619237444911,0.01,4.452801417891651,3.9786148590475605,228.66842941313854,13.646273051761941,12,0.4166666666666667,1.0229481724356326,ratio,20260928,IKBKG
0.008196721311475419,-0.08057732616127193,0.01,2.644447406709139,2.2636339372597494,442.6316888974668,68.21436740295266,211,0.4597156398104265,1.1906141940397523,ratio,20260928,INSIG1
0.540983606557377,-0.005460481735363491,0.0,4.599458553411729,4.087238950189409,173.40818061797947,9.769387549995765,4,,,ratio,20260928,IRF3
1.0,0.44636898034497974,0.16,1.1076061723630324,1.0027015760665923,170.28983536279713,153.37824425186463,725,0.8013793103448276,0.6372740258573134,ratio,20260928,KAT2A
0.2786885245901639,-0.022196133628367233,0.0,2.8517494677536854,2.5245061982967982,180.0995417157367,24.06075179443121,43,0.5813953488372093,1.0277619623737206,ratio,20260928,KDM2B
0.7868852459016393,0.0056004513854516855,0.01,4.323740708646099,3.8391019720012936,158.7147075904982,10.11198493030455,6,,,ratio,20260928,KDR
0.4016393442622951,-0.01160171126961111,0.01,5.8158185427010665,6.117124987945164,258.0077149076116,6.69087079597112,2,,,ratio,20260928,KIF1B
1.0,0.04716292512412523,0.02,3.3989976081749633,3.2560694231507834,150.2216747005695,13.300007286384627,15,0.6666666666666666,0.946135048346232,ratio,20260928,KLF10
0.024590163934426257,-0.052712163346611926,0.01,6.388540016544601,6.911119099785233,293.00463960439527,5.920222444335906,2,,,ratio,20260928,LAD1
0.9836065573770492,0.12045915658875367,0.07,2.2884362221797465,1.973634737357663,208.92599204323676,47.27100491269485,95,0.6631578947368421,0.7667463004957258,ratio,20260928,LRPPRC
0.35245901639344257,-0.01736429859261448,0.02,2.246044140626882,1.6947341518996633,217.10203676783067,55.22848238108435,188,0.5106382978723404,1.0707032662665223,ratio,20260928,LZTR1
0.319672131147541,0.003703229669996558,0.0,5.478560249973125,5.766413491116612,247.7271835395743,7.241618203713607,3,,,ratio,20260928,MAP1B
1.0,0.048751767815531435,0.01,4.204511749520505,4.453844454953183,166.94319100884206,8.182501097657678,1,,,ratio,20260928,MAP3K7
0.5,0.02697986890519295,0.01,4.768619539556387,4.650547845752603,185.04019755474656,8.269342076753372,5,,,ratio,20260928,MAPKAPK2
0.6475409836065573,0.012046121105884197,0.01,5.783788551795543,6.231048989083836,312.40896974813694,7.87403313204214,0,,,ratio,20260928,MAST2
1.0,0.23733172319614004,0.07,1.8819426690201846,1.633671866540138,533.1652640231883,184.26695059851897,877,0.7046750285062714,0.8630260364851938,ratio,20260928,MAU2
0.9918032786885246,0.09017633964382074,0.02,2.2790924429002755,1.7421969295201505,421.31016120883316,113.22375789941742,369,0.5555555555555556,1.0280698384793734,ratio,20260928,MBTPS1
1.0,0.21139902424388698,0.08,1.866485925829736,1.7605822172405194,206.3991556946697,61.51475170519875,297,0.7070707070707071,0.7769781206997611,ratio,20260928,MED1
1.0,0.08422512047543748,0.01,3.2679037663722466,3.1391994866550217,282.21837530082223,27.331448610164685,63,0.7301587301587301,0.763225514260947,ratio,20260928,MED12
1.0,0.1754701851338868,0.04,2.373048751585722,2.264240992116085,172.13265572138937,32.28189205061412,111,0.7657657657657657,0.7176198240597743,ratio,20260928,MED13
0.9754098360655737,0.04954503053472728,0.04,3.436926389180639,3.414177808677835,174.6581258252844,14.178753537119377,16,0.5625,0.9532971642273328,ratio,20260928,MED13L
1.0,0.25408934824740437,0.09,1.5191644009599798,1.195873245654796,222.2885817853671,121.97603662753404,627,0.7671451355661882,0.7261923408848678,ratio,20260928,MED24
0.9918032786885246,0.22368340401443845,0.02,1.0708681536122004,0.6022447756472301,570.425737407162,521.7589591021322,2934,0.6540558963871848,0.8896496503392604,ratio,20260928,METTL14
0.9508196721311475,0.038290804517791634,0.01,2.4709702040603347,2.1220816084624943,221.62223105812956,41.49671149249956,79,0.6329113924050633,0.9380224192980156,ratio,20260928,METTL17
1.0,0.3912391870560867,0.11,0.982321456418768,0.6520508221356324,472.85882664618384,516.8112415279878,2854,0.7512263489838823,0.7760238373506626,ratio,20260928,METTL3
0.8852459016393442,0.01759929070797132,0.0,4.417109448963096,4.581345364496752,165.695445533015,7.591143498909098,5,,,ratio,20260928,MKI67
0.9836065573770492,0.03534833558882972,0.03,2.911541009929395,2.1152438788345425,160.412108780332,30.12594658665021,27,0.7037037037037037,0.9897274299443022,ratio,20260928,MTA1
0.5573770491803278,0.0012674620582782102,0.01,5.814658835509049,6.2760578128962194,262.65166779527,6.505627959900664,2,,,ratio,20260928,NCK2
0.9426229508196722,0.13853605596395102,0.02,4.202823422718963,4.3366568463326844,288.7978466409595,15.52257157290596,17,0.5294117647058824,0.9853127203379831,ratio,20260928,NDUFB4
0.9754098360655737,0.08045695274506576,0.01,6.269147368397797,6.5821247635650195,644.0105728466141,14.885182758767087,12,0.5,1.6402931183660119,ratio,20260928,NDUFB6
0.5983606557377049,0.03026171611730997,0.0,4.839251397420639,4.198590508995664,233.17264111555107,12.690324226318992,6,,,ratio,20260928,NISCH
1.0,0.12288123522088158,0.01,2.5747011386109464,2.501751575574266,311.6164262406706,46.90246490662895,138,0.6231884057971014,0.9704243564191544,ratio,20260928,NIT1
0.2213114754098361,-0.017130834177698426,0.01,5.534938022744998,5.3328784610993,252.93826801860737,8.538777098219047,5,,,ratio,20260928,NRAS
0.16393442622950816,-0.02692460545184268,0.02,3.3797844380393207,2.6915149521119814,375.7392960467577,44.788514093946645,128,0.546875,0.9897142741628939,ratio,20260928,OXCT1
0.8688524590163934,0.0663302697790454,0.04,4.091004419542672,4.2358399620452065,244.1967916565888,13.285708722799463,18,0.6666666666666666,0.8870386212108876,ratio,20260928,PAGR1
0.360655737704918,-0.014027939544107023,0.01,5.03633819653189,5.326429716111005,225.67420981802138,7.64471489712024,4,,,ratio,20260928,PBX1
0.9918032786885246,0.03546559611465806,0.04,2.9105568088356133,2.2924007411795473,287.84312272766954,47.24549797390515,116,0.5344827586206896,1.118396958407249,ratio,20260928,PHF10
0.5573770491803278,-0.005973473497841506,0.02,3.397427549213225,3.3044682621997223,180.6530610505261,15.106048180617183,24,0.5,1.2994699421006382,ratio,20260928,PHF14
0.319672131147541,-0.011236856141659781,0.0,6.0622708221424775,6.542809843614963,304.8025742012296,6.9343598555527795,2,,,ratio,20260928,PLCB3
0.9098360655737705,0.02070890627369314,0.01,4.854447718923517,4.332127092627939,183.092069616843,9.347203583334098,1,,,ratio,20260928,PMS1
0.8688524590163934,0.015338453449694556,0.02,4.8171258457033685,4.766426201756552,215.72618327032262,9.151565276077248,3,,,ratio,20260928,POLB
0.25409836065573765,-0.010789257868080214,0.0,5.760317273379793,5.415336847407389,268.3863039942473,8.816105543913617,6,,,ratio,20260928,PRCP
1.0,0.10365858227419643,0.02,4.8048529343252815,4.382364300184297,529.2964803189428,27.429552199261032,104,0.5961538461538461,1.015821991800114,ratio,20260928,PRR12
0.3114754098360656,0.0032248116067128125,0.02,5.997837571250219,6.69457346599661,273.4564092560689,5.9740375389209905,2,,,ratio,20260928,PTPN1
0.7540983606557377,0.01501611303546962,0.0,5.970541437999142,6.487421564741844,256.97950330219027,5.991342454168576,0,,,ratio,20260928,RAB3B
0.7540983606557377,0.04483955028614654,0.03,4.635919937724471,4.382753874466105,315.0762536321979,15.900502690749565,38,0.5526315789473685,0.8967469486529626,ratio,20260928,RAF1
1.0,0.10788600338686861,0.05,1.8327304463044052,1.4147697964431674,211.42808418071058,78.41398389155121,369,0.6531165311653117,0.8849153773452392,ratio,20260928,RNF2
0.11475409836065575,-0.039697751124658474,0.0,4.533992644361296,4.083586108628359,195.6421258212276,10.869071071300136,4,,,ratio,20260928,RRM1
1.0,0.05407847503567309,0.01,2.757915300635621,2.4694727568501627,307.4646896395301,45.00885087723821,163,0.5644171779141104,1.0599149346826917,ratio,20260928,SAFB
1.0,0.32843843812823326,0.14,1.22860924929999,1.0475583435761424,281.3884205031729,199.670816517702,1125,0.7475555555555555,0.715475550224941,ratio,20260928,SIN3B
1.0,0.06986000827443126,0.03,3.5862630604696366,3.569120087303715,164.56655578650486,12.429553860157547,25,0.84,0.6202696140136211,ratio,20260928,SIX4
1.0,0.12652948411769266,0.02,3.9439184113835104,3.909230614357716,297.1357499950842,19.42975764584817,20,0.45,1.2364536358562088,ratio,20260928,SLC25A3
0.9180327868852459,0.02779616006270141,0.0,4.000357008050027,3.26001554263517,370.12337289578926,32.335155617567125,79,0.569620253164557,0.990323633869387,ratio,20260928,SMAGP
0.8688524590163934,0.018358101336196697,0.01,1.131290732177497,0.43705497669398424,562.8088015820535,478.99842202935355,2187,0.522633744855967,0.9880107131079665,ratio,20260928,SMARCA4
1.0,0.2302172196914075,0.08,1.50956934442538,1.2187358060884976,309.19166686529246,160.6884127437941,931,0.7089151450053706,0.8118905391232295,ratio,20260928,SMARCA5
1.0,0.12862972103406567,0.04,1.4513201437466727,0.9476183713892633,355.7516192364261,215.0600329516683,1133,0.6443071491615181,0.9005090527416071,ratio,20260928,SOX2
0.9262295081967213,0.03262842211334566,0.02,6.637760560389219,6.962612392360845,484.3617966199712,9.880173346383751,6,,,ratio,20260928,SRC
1.0,0.047465934600788295,0.01,3.022752985947102,2.697759403631091,234.67214837058896,29.254291616807656,59,0.4915254237288136,0.9713905141873251,ratio,20260928,SSBP1
1.0,0.194339886304642,0.04,2.1756832676714017,1.8947811356993207,372.85767464159187,96.7523509635953,445,0.750561797752809,0.7744438128037577,ratio,20260928,STAG2
0.7049180327868853,-0.0009748959669168714,0.01,4.6727123281473215,4.668108508170842,171.9655094540289,7.5422348030052815,8,,,ratio,20260928,STAT1
0.860655737704918,0.010585875700118685,0.01,3.1720259672345748,2.683157344839635,211.3733821793408,25.95918969962473,68,0.5147058823529411,0.9979530616420837,ratio,20260928,STAT6
0.9016393442622951,0.032382329264619134,0.02,5.496466556153372,5.1961107946896,367.28358034852374,13.277049082877419,19,0.42105263157894735,1.0331367099067204,ratio,20260928,STX4
0.8688524590163934,0.07391170517720415,0.0,4.343604225591232,3.597774814087005,214.02061404322313,15.957221000842587,18,0.8333333333333334,0.7662776958110674,ratio,20260928,SV2A
1.0,0.313104531617867,0.14,1.518989362760861,1.4051269533592634,223.9180122092282,106.90871731150742,519,0.7822736030828517,0.6724970362666057,ratio,20260928,TADA1
0.6311475409836065,-0.0013393063463071652,0.01,4.254777061522017,4.443177712577254,208.47002893329855,10.044942840033457,4,,,ratio,20260928,TARBP2
0.9262295081967213,0.016949486585723508,0.02,4.527266466302046,4.698425772115022,208.07309796414745,9.079844081761223,6,,,ratio,20260928,TCF3
1.0,0.08328389139399507,0.02,3.879569044897107,3.866355601433771,235.40577459457043,15.38127803967939,45,0.5333333333333333,1.0792396085635771,ratio,20260928,TET1
1.0,0.10446829428329278,0.04,2.4376361487360905,2.077998664695496,214.65832837054165,43.95216012740541,93,0.6559139784946236,0.857770066647644,ratio,20260928,TFAM
1.0,0.3316357493179541,0.17,2.311323710158631,2.1022480219415787,207.00943738454268,51.4298230003904,258,0.8410852713178295,0.5883025396152818,ratio,20260928,TGFBR2
0.34426229508196726,0.007478140930871308,0.01,5.635119499156727,5.7698627914811516,280.4420112885364,8.198855126981474,6,,,ratio,20260928,TMBIM6
0.20491803278688525,-0.010702325854807758,0.0,2.67832009483585,1.8872057352199425,387.95570421541856,84.30263426260876,254,0.4448818897637795,1.1395509665648098,ratio,20260928,TMSB10
0.1311475409836066,-0.030638003777963777,0.01,4.844768165953503,5.2604685258947255,193.63500753662765,6.678250672178237,0,,,ratio,20260928,TMSB4X
0.8688524590163934,0.025964545762314443,0.01,5.918882871816709,6.200988375807003,313.51974827234505,8.012210174475577,1,,,ratio,20260928,TRAM2
0.4918032786885246,0.0008660606065889743,0.01,3.4774464990045963,2.8706153050434327,447.5090138406334,48.455519812672556,221,0.4841628959276018,1.1908921986747092,ratio,20260928,TRAPPC6A
0.08196721311475408,-0.03039687433351191,0.0,5.089727745829504,4.943255870858893,243.36053005243048,9.455926150273223,3,,,ratio,20260928,TSC22D4
0.06557377049180324,-0.044840851058726525,0.0,5.883071375150997,5.9082164403278234,266.5294343212102,7.314825838630052,4,,,ratio,20260928,TWF2
0.5573770491803278,0.008492624546179587,0.03,4.824837628966053,4.8141316190777435,371.5410734208348,15.420421000084424,24,0.375,0.9852822698125597,ratio,20260928,TXNDC9
0.9016393442622951,0.033079321048011215,0.01,3.3717399164911814,2.76883478097347,203.9602066192538,24.042657867481203,36,0.5833333333333334,0.9691501448412843,ratio,20260928,UBE3C
0.9836065573770492,0.13904675519818474,0.02,4.033998764259111,3.9595907001296413,376.27944707385944,24.15574781099572,47,0.48936170212765956,1.0452433302723183,ratio,20260928,UQCRQ
1.0,0.07021815877591518,0.02,3.4198193436449253,3.4662352314025697,198.27669248754174,15.826681899792487,20,0.35,1.2333150775069097,ratio,20260928,USP22
0.2622950819672131,-0.00418385170487274,0.01,5.5260690695798695,5.622403597985848,233.45873030599444,7.148489770333529,4,,,ratio,20260928,WFS1
0.5573770491803278,0.0010150678382624828,0.04,3.7023733081753964,3.3823907802871833,404.79865118067914,32.55657037688374,103,0.5048543689320388,1.1796879377353118,ratio,20260928,WSB2
0.9672131147540983,0.024960658976610657,0.02,3.179128759851787,2.7022426507123463,206.7434137099619,25.313817835146892,14,0.9285714285714286,0.7634875077021114,ratio,20260928,XRCC4
0.8934426229508197,0.019882709279335203,0.0,4.235233067748495,4.507415534778113,144.8294135461179,6.851757919079917,2,,,ratio,20260928,ZNF286A
0.9590163934426229,0.030242741796724915,0.04,4.163519880943598,4.0776209219818575,144.85844479608755,8.334607696182072,3,,,ratio,20260928,ZNF426
0.9590163934426229,0.03251037131251651,0.01,4.106044022751602,4.184673431673729,149.92421110904598,8.219798985184106,8,,,ratio,20260928,ZNF562
1.0,0.03140893055208923,0.01,4.189433346076868,4.212630697911491,275.4251007793436,14.902642054461282,21,0.5238095238095238,1.2538535278810372,ratio,20260928,ZNF593
0.8114754098360656,0.011385455833573924,0.04,4.506362503584084,3.7742699227233807,170.91552758121952,11.274728689325888,8,,,ratio,20260928,ZNF714
0.9918032786885246,0.08180860599138567,0.09,3.2633275576504603,2.8193382752867313,534.6491451568888,62.99345551498004,308,0.5681818181818182,1.0656696151191722,log1p,20260928,ACAT2
0.9672131147540983,0.08927157705405289,0.05,4.599724863687536,4.2042777246975715,247.60168278923572,13.812968118568701,24,0.75,0.6753158033849312,log1p,20260928,ACVR1B
0.180327868852459,-0.01790003451343909,0.02,3.923108525085341,3.2649382025790996,232.29695929557545,19.72512091528857,49,0.40816326530612246,1.187868990880506,log1p,20260928,AKT2
0.30327868852459017,-0.014614445780870329,0.01,5.463123256259932,5.602919393575522,201.61430577228765,6.192756404375936,2,,,log1p,20260928,ANTXR1
1.0,0.1964225206336689,0.1,2.5218000050040272,2.12900526337085,227.24440623977574,48.38802555772017,217,0.783410138248848,0.7158378554256748,log1p,20260928,ARID1A
1.0,0.10685014879498693,0.01,2.4944494197881584,2.2592278775621852,148.47199524132424,26.41233409544507,64,0.625,0.849319301992737,log1p,20260928,ATM
0.7131147540983607,0.01393345602998391,0.0,6.687530466217921,6.530195953244446,306.54593291096455,7.053278287402917,2,,,log1p,20260928,ATP1B1
0.7622950819672132,-0.0003267202217173234,0.02,2.842135267842768,2.3241601154502907,173.44695534615923,27.087378263499872,74,0.5135135135135135,0.9740752057830119,log1p,20260928,BIRC2
0.6639344262295082,0.03946110918132901,0.02,3.299484925897866,3.139558852109936,281.43488437477936,26.52781495402035,63,0.6031746031746031,1.0322498695030127,log1p,20260928,C1QBP
0.11475409836065575,-0.030868362557481353,0.01,4.987384324634111,4.977644986668914,195.59777612481463,7.498691845734399,1,,,log1p,20260928,CALM3
0.17213114754098358,-0.025022461493308158,0.01,7.541524286884404,7.810609682030169,407.3369237439934,6.528200962092747,2,,,log1p,20260928,CAMSAP2
0.5491803278688525,0.034351958881583836,0.01,5.104126964028191,5.226189569743119,208.27715062510373,7.450710725090044,2,,,log1p,20260928,CASP2
1.0,0.28712311029554977,0.24,1.8907382288902015,1.592775219695916,239.8805621661755,91.47758942064371,407,0.7027027027027027,0.745055662138662,log1p,20260928,CASP3
0.024590163934426257,-0.05466982704328178,0.01,4.814057675847544,4.445401517954647,242.09451107035102,11.393941129561444,7,,,log1p,20260928,CDCA2
0.5327868852459017,-0.004552070694830373,0.0,4.674080597182007,4.065912127347146,221.52358366311122,12.609021293969683,5,,,log1p,20260928,CENPO
0.6229508196721312,0.042295863635158575,0.05,4.627355287615094,4.682947155062923,168.57882977381524,7.481135663140309,3,,,log1p,20260928,CLDN6
0.2786885245901639,-0.003769598759654848,0.04,4.404410575105851,4.325434839962996,190.978842480941,9.673734820860822,6,,,log1p,20260928,CLDN7
0.139344262295082,-0.025823958426283114,0.0,5.559042058225374,5.603850567119108,229.79860898314286,7.029077870685338,4,,,log1p,20260928,CREG1
0.9180327868852459,0.019396796872200524,0.02,4.577509535234969,4.261507691663477,306.51362723016496,16.136433374893258,27,0.5925925925925926,1.0625310736260922,log1p,20260928,DAXX
0.9426229508196722,0.10005365872977916,0.02,4.311395763343648,3.760875923787523,213.96922671508514,14.867637654619715,30,0.7,0.7780726151285448,log1p,20260928,DHCR24
1.0,0.3597880926188302,0.13,1.1125419395579415,0.7939112119789443,272.60454817826866,257.41320220865396,1355,0.7490774907749077,0.7445943320403648,log1p,20260928,DHX36
1.0,0.11155890884444508,0.03,4.512552854569545,3.756116190606342,373.62040977659944,26.18158259644693,83,0.6626506024096386,0.8943623668904099,log1p,20260928,DLG5
1.0,0.4261050027110192,0.26,1.2254909753511203,0.9658013091341141,328.5549486949765,296.0737007986536,1249,0.7742193755004003,0.676587600858859,log1p,20260928,DNMT1
1.0,0.03586196353570915,0.03,5.291315316459163,5.051289938141372,186.28228456284774,7.122725282478875,1,,,log1p,20260928,DZIP3
0.9590163934426229,0.023186133514014023,0.02,4.5551885583195775,4.277646887735834,146.32950499971858,7.661271256088746,4,,,log1p,20260928,EID2
1.0,0.14821304375551678,0.09,2.369397559236109,2.1434011299815965,208.3473187528736,42.01560178119702,121,0.743801652892562,0.7860916093195273,log1p,20260928,EIF4B
1.0,0.169342527961466,0.05,2.4520791218931506,2.202643479653415,246.1644630811167,48.21426153907538,168,0.7202380952380952,0.7506840868939696,log1p,20260928,EWSR1
1.0,0.1692689542670804,0.12,3.0714486544114226,2.6775404208977363,117.68325588537601,16.203624068291273,32,0.90625,0.4949123571611102,log1p,20260928,FOXH1
0.9344262295081968,0.04390522857628509,0.03,2.6711937628078624,1.9290705055349477,225.57963096294745,49.55702396914154,210,0.5333333333333333,0.9638152695875053,log1p,20260928,GSK3B
0.9918032786885246,0.04152689470099685,0.01,3.8547361256690054,3.7040732087585697,209.38735059574978,14.528155782774952,21,0.47619047619047616,1.0941832554184105,log1p,20260928,HAT1
1.0,0.14432628865205255,0.07,5.180422615356791,4.383341065148227,365.74598435562393,19.302192887177647,30,0.6666666666666666,0.9168177962819649,log1p,20260928,HIRA
0.19672131147540983,-0.036232102166523,0.0,3.3073640058358698,2.772689455196985,156.3427779620789,17.5888817695471,26,0.3076923076923077,1.1095148207476353,log1p,20260928,HMGB2
0.9016393442622951,0.014317980477819361,0.02,4.56026383641094,4.197052452504903,160.27172131398058,8.665649004259743,3,,,log1p,20260928,HMGN1
0.5491803278688525,0.0050927273126838805,0.0,5.90041272283237,6.112505046366733,247.02929968096132,6.449773819997329,0,,,log1p,20260928,IDE
0.7704918032786885,0.059191416031092216,0.03,4.860229953855069,4.638899796273576,169.03513226881267,7.693827921327384,6,,,log1p,20260928,IGF2R
0.6639344262295082,0.012848427535244008,0.01,4.329864711677195,3.6746140301787085,196.62044544597546,13.646273051761941,12,0.4166666666666667,1.0300286373731475,log1p,20260928,IKBKG
0.008196721311475419,-0.08268868048501099,0.01,2.573572703081116,2.0975525624241036,392.00167005673603,68.21436740295266,211,0.4597156398104265,1.1443669612149958,log1p,20260928,INSIG1
0.5573770491803278,-0.0051283620741271515,0.0,4.429402956089295,3.6963756120356788,143.6207957753267,9.769387549995765,4,,,log1p,20260928,IRF3
1.0,0.47826909519648486,0.24,1.0794583964326014,0.9223522326892429,148.5419989999077,153.37824425186463,725,0.8082758620689655,0.6294564204874883,log1p,20260928,KAT2A
0.29508196721311475,-0.025319906624206003,0.0,2.758691224198455,2.264345800443353,150.18547918261507,24.06075179443121,43,0.5581395348837209,1.0176189634948691,log1p,20260928,KDM2B
0.8360655737704918,0.00944149557777989,0.03,4.1559138712870585,3.4339418156357984,128.6963778982926,10.11198493030455,6,,,log1p,20260928,KDR
0.3770491803278688,-0.012922294647202967,0.0,5.655841054779297,5.655983032021571,221.71083990245296,6.69087079597112,2,,,log1p,20260928,KIF1B
1.0,0.05425274341574739,0.03,3.2707498024214927,2.9286102104472915,123.1446010564319,13.300007286384627,15,0.7333333333333333,0.9145508341252101,log1p,20260928,KLF10
0.032786885245901676,-0.05219850632325758,0.01,6.19100540288473,6.343217685411612,248.0491717136356,5.920222444335906,2,,,log1p,20260928,LAD1
0.9836065573770492,0.13139424804923894,0.07,2.2079168826325466,1.7634273946407464,172.36274039958397,47.27100491269485,95,0.6736842105263158,0.7541592616033601,log1p,20260928,LRPPRC
0.4098360655737705,-0.016761594617034564,0.01,2.17964323749149,1.5310567343893753,187.52613749976516,55.22848238108435,188,0.4946808510638298,1.039569142977726,log1p,20260928,LZTR1
0.319672131147541,0.002298502344798365,0.0,5.3143343589206005,5.315611648042196,211.68185120430198,7.241618203713607,3,,,log1p,20260928,MAP1B
1.0,0.04867288707009039,0.01,4.056955716592295,4.037237762110163,138.33566048707576,8.182501097657678,1,,,log1p,20260928,MAP3K7
0.5163934426229508,0.03037911538335985,0.01,4.638912724992615,4.264487456611236,156.5117747374021,8.269342076753372,5,,,log1p,20260928,MAPKAPK2
0.6229508196721312,0.010471082876874545,0.01,5.607766907928828,5.7748083291604395,269.50826623373246,7.87403313204214,0,,,log1p,20260928,MAST2
1.0,0.24913395364085184,0.1,1.8325101266025239,1.525069814690926,472.8187858621743,184.26695059851897,877,0.701254275940707,0.8285722794792751,log1p,20260928,MAU2
0.9918032786885246,0.09480828259157813,0.02,2.2181282837802416,1.6157176750712858,374.11131062769675,113.22375789941742,369,0.5474254742547425,1.0013471515930865,log1p,20260928,MBTPS1
1.0,0.22644768498056242,0.1,1.8016528707844008,1.5972617425503297,173.95465217175686,61.51475170519875,297,0.7171717171717171,0.742096553415975,log1p,20260928,MED1
1.0,0.09370637233795852,0.02,3.150220267320435,2.8650947822237067,237.01320683578706,27.331448610164685,63,0.7142857142857143,0.7433544972043452,log1p,20260928,MED12
1.0,0.1918998146540037,0.07,2.2869677929850174,2.030293316609666,140.19590329019587,32.28189205061412,111,0.8018018018018018,0.7038268913176592,log1p,20260928,MED13
0.9754098360655737,0.05626353453832957,0.04,3.328901546503863,3.1186074338954684,147.1015134557618,14.178753537119377,16,0.625,0.9448014137138805,log1p,20260928,MED13L
1.0,0.26896924707506686,0.16,1.4788592461671057,1.097359283756339,196.85536869240346,121.97603662753404,627,0.7559808612440191,0.7117941465843758,log1p,20260928,MED24
0.9918032786885246,0.2388957118969527,0.02,1.054897637553903,0.5486821579792175,542.0535465484863,521.7589591021322,2934,0.652692569870484,0.8814789149310172,log1p,20260928,METTL14
0.9508196721311475,0.040450568913223656,0.01,2.383110827882997,1.9192982012470146,187.91504356235754,41.49671149249956,79,0.6075949367088608,0.9334301863855634,log1p,20260928,METTL17
1.0,0.41276448726990556,0.12,0.96822412740749,0.6052208964013135,447.9021874879518,516.8112415279878,2854,0.747021723896286,0.7707424897034248,log1p,20260928,METTL3
0.8770491803278688,0.01838480975536223,0.02,4.2640778249789015,4.152130503643119,137.30492539943663,7.591143498909098,5,,,log1p,20260928,MKI67
0.9836065573770492,0.039774710938508664,0.03,2.812372964173829,1.9081913646818045,135.24738738113382,30.12594658665021,27,0.7037037037037037,0.9793620267069487,log1p,20260928,MTA1
0.5327868852459017,0.0002557581275239919,0.01,5.616548093419939,5.7660134290937695,222.7784730987184,6.505627959900664,2,,,log1p,20260928,NCK2
0.9426229508196722,0.1436038459925583,0.04,4.084783853080827,4.047735671665225,251.80130789030548,15.52257157290596,17,0.5294117647058824,0.9903701160738345,log1p,20260928,NDUFB4
0.9754098360655737,0.08043430265866122,0.01,6.0832848140754505,6.163319700494259,565.5628923313925,14.885182758767087,12,0.5,1.585364522483197,log1p,20260928,NDUFB6
0.5655737704918034,0.028159021098474596,0.01,4.7064625154342075,3.837613054330273,196.84148583174675,12.690324226318992,6,,,log1p,20260928,NISCH
1.0,0.13324658618794968,0.03,2.5041210073407267,2.320845503768648,270.5256491950965,46.90246490662895,138,0.6376811594202898,0.940776456740658,log1p,20260928,NIT1
0.23770491803278693,-0.015525497739604622,0.01,5.369710269783346,4.887676648037005,213.820800193204,8.538777098219047,5,,,log1p,20260928,NRAS
0.16393442622950816,-0.027522271026446273,0.02,3.2791517374794275,2.497644632955718,330.347109989953,44.788514093946645,128,0.5390625,0.9555689070047718,log1p,20260928,OXCT1
0.9098360655737705,0.07746311011400665,0.05,3.9749945268309803,3.8079073555224165,198.0927566735386,13.285708722799463,18,0.7222222222222222,0.854314384906372,log1p,20260928,PAGR1
0.360655737704918,-0.017177698674122725,0.01,4.864490859606542,4.850994001096876,188.81528907985395,7.64471489712024,4,,,log1p,20260928,PBX1
0.9918032786885246,0.03670529975892959,0.04,2.811596803089588,2.0731926916752648,243.12219634214733,47.24549797390515,116,0.5258620689655172,1.077669223642845,log1p,20260928,PHF10
0.540983606557377,-0.008563155010313662,0.02,3.2769756924998314,3.0083067973399147,152.59270310379583,15.106048180617183,24,0.4583333333333333,1.1699376271352506,log1p,20260928,PHF14
0.30327868852459017,-0.011663421059032284,0.0,5.8703223946482055,5.984630453666015,256.26207130714516,6.9343598555527795,2,,,log1p,20260928,PLCB3
0.9180327868852459,0.02353983418117724,0.01,4.683579579366081,3.9337296838762623,152.25688460322485,9.347203583334098,1,,,log1p,20260928,PMS1
0.8688524590163934,0.014595616166113065,0.02,4.64318187267483,4.303766260248505,177.51082310857535,9.151565276077248,3,,,log1p,20260928,POLB
0.25409836065573765,-0.011082452413185818,0.0,5.580973434395431,4.999723692027311,230.17137192110414,8.816105543913617,6,,,log1p,20260928,PRCP
1.0,0.1105433704553175,0.01,4.6663498570958515,4.102078207648704,464.1116033105277,27.429552199261032,104,0.6153846153846154,0.9617076277931681,log1p,20260928,PRR12
0.3114754098360656,0.0023811472673212334,0.01,5.878394915039596,6.314840664433152,244.02234464687703,5.9740375389209905,2,,,log1p,20260928,PTPN1
0.7540983606557377,0.015158176122578554,0.0,5.789562360040234,6.00521892415183,220.96429250123424,5.991342454168576,0,,,log1p,20260928,RAB3B
0.7786885245901639,0.0515311033956516,0.04,4.484494800178406,4.005386989572756,264.43046244172444,15.900502690749565,38,0.5526315789473685,0.8766424359926753,log1p,20260928,RAF1
1.0,0.1124605750910842,0.05,1.7783739600445598,1.2841127276920967,185.06652032389582,78.41398389155121,369,0.6693766937669376,0.8639789540629377,log1p,20260928,RNF2
0.0901639344262295,-0.04432388959377461,0.0,4.402415669494845,3.7335548594801473,165.97509805423084,10.869071071300136,4,,,log1p,20260928,RRM1
1.0,0.0604887109537587,0.01,2.6593656989718952,2.2698340820144987,264.5416852579176,45.00885087723821,163,0.5705521472392638,1.0016030662069515,log1p,20260928,SAFB
1.0,0.3514824261532783,0.16,1.196464844092613,0.9673507880724619,250.7374152077138,199.670816517702,1125,0.7448888888888889,0.7003455850901994,log1p,20260928,SIN3B
1.0,0.07584583551845368,0.04,3.4596468232822977,3.234176315920506,136.34349064884958,12.429553860157547,25,0.84,0.5466725491622149,log1p,20260928,SIX4
0.9918032786885246,0.13295344269694842,0.02,3.82876791856409,3.6547285805405094,260.07164871061536,19.42975764584817,20,0.45,1.1519322013317488,log1p,20260928,SLC25A3
0.8934426229508197,0.028018467860838156,0.0,3.867147487275661,2.9944651388051002,316.8528630179606,32.335155617567125,79,0.5822784810126582,0.969755506044525,log1p,20260928,SMAGP
0.8442622950819672,0.017196275669947067,0.03,1.1194932617181126,0.3819419362751105,542.5824376947041,478.99842202935355,2187,0.5134887974394147,0.9873031837611372,log1p,20260928,SMARCA4
1.0,0.2346886342284342,0.09,1.475263875840196,1.1204744741990469,277.91668374291146,160.6884127437941,931,0.7046186895810956,0.7871196524238687,log1p,20260928,SMARCA5
1.0,0.13931079207898964,0.05,1.4123798185805148,0.8589917301001928,322.2745898572149,215.0600329516683,1133,0.6478375992939099,0.888987790852326,log1p,20260928,SOX2
0.9262295081967213,0.03256425361547741,0.01,6.443727920088269,6.5035592078421125,423.5898586682422,9.880173346383751,6,,,log1p,20260928,SRC
1.0,0.0504191570361524,0.03,2.9183795167077204,2.4562232666382546,198.50064630745823,29.254291616807656,59,0.5084745762711864,0.9454393136929494,log1p,20260928,SSBP1
1.0,0.20565477138111482,0.05,2.1178343099816774,1.7646505835809558,327.8138055335852,96.7523509635953,445,0.7438202247191011,0.7491189084617831,log1p,20260928,STAG2
0.6557377049180328,-0.005115757846763304,0.01,4.512240397904463,4.243416593250768,143.679580293186,7.5422348030052815,8,,,log1p,20260928,STAT1
0.8278688524590164,0.01009008037755986,0.01,3.057694083420057,2.359674838266101,169.2655134548642,25.95918969962473,68,0.5294117647058824,0.9881799527448221,log1p,20260928,STAT6
0.9180327868852459,0.036042924962374316,0.03,5.3127644812653205,4.822969085492155,317.49889394145976,13.277049082877419,19,0.5263157894736842,1.0117010329335583,log1p,20260928,STX4
0.8852459016393442,0.07930293379204394,0.01,4.229348397096474,3.343784247434813,185.91038983069885,15.957221000842587,18,0.8333333333333334,0.7710080321771848,log1p,20260928,SV2A
1.0,0.3377406704550488,0.16,1.4703034960742412,1.2809257500613729,189.81956363754722,106.90871731150742,519,0.7784200385356455,0.6579647137882437,log1p,20260928,TADA1
0.6475409836065573,-0.0007478323972487406,0.01,4.109974673371502,4.066301522944229,176.1972364041015,10.044942840033457,4,,,log1p,20260928,TARBP2
0.9344262295081968,0.022179248782594623,0.03,4.358754280232474,4.271710898939727,173.0439166315693,9.079844081761223,6,,,log1p,20260928,TCF3
1.0,0.08675200324296638,0.04,3.729935603796678,3.5085547467974725,195.36081331407007,15.38127803967939,45,0.5111111111111111,1.0312618820641422,log1p,20260928,TET1
1.0,0.11322221914722046,0.06,2.360388960597106,1.8944040472054207,182.83173128610142,43.95216012740541,93,0.6559139784946236,0.8327377772010595,log1p,20260928,TFAM
1.0,0.3495399648371462,0.21,2.2454442203444427,1.9627046168681326,178.982058867746,51.4298230003904,258,0.8333333333333334,0.5504078406247365,log1p,20260928,TGFBR2
0.3688524590163934,0.010350792148462002,0.01,5.480804214556315,5.356095723639921,242.49656844221292,8.198855126981474,6,,,log1p,20260928,TMBIM6
0.23770491803278693,-0.006394972698141087,0.0,2.6122643758285933,1.7552864132024146,345.9342081871612,84.30263426260876,254,0.44881889763779526,1.1122618362425667,log1p,20260928,TMSB10
0.12295081967213117,-0.03686799104037107,0.01,4.711615166003208,4.851393804734996,166.24666350442445,6.678250672178237,0,,,log1p,20260928,TMSB4X
0.8524590163934427,0.025338950503854808,0.01,5.7271812075293935,5.726927382117858,268.4688806864261,8.012210174475577,1,,,log1p,20260928,TRAM2
0.5081967213114754,0.00157994422606236,0.01,3.370837705701198,2.666097679401915,392.47286079485315,48.455519812672556,221,0.4796380090497738,1.1531289029381397,log1p,20260928,TRAPPC6A
0.10655737704918034,-0.03222828053597693,0.0,4.909884701848839,4.51937029111555,205.34499530537357,9.455926150273223,3,,,log1p,20260928,TSC22D4
0.05737704918032782,-0.047409330005913713,0.0,5.730673639410265,5.481754837830617,230.92472683708388,7.314825838630052,4,,,log1p,20260928,TWF2
0.5819672131147541,0.009827396863516278,0.03,4.659461838702907,4.390573112532676,311.3511983662202,15.420421000084424,24,0.4166666666666667,0.9328378896899124,log1p,20260928,TXNDC9
0.9016393442622951,0.03331316593491791,0.01,3.2655854893055887,2.5306147159650916,173.95837331316085,24.042657867481203,36,0.5277777777777778,0.9723544314435075,log1p,20260928,UBE3C
0.9836065573770492,0.14389851349857402,0.03,3.9210135833740365,3.6972634979022576,328.65575968298003,24.15574781099572,47,0.5319148936170213,1.0005710429154309,log1p,20260928,UQCRQ
1.0,0.07426849707641534,0.02,3.317194379628846,3.1691683256935,167.33375317289156,15.826681899792487,20,0.3,1.2054821519584449,log1p,20260928,USP22
0.25409836065573765,-0.003846881410591859,0.01,5.3883427728603985,5.223572228348702,202.48737600855554,7.148489770333529,4,,,log1p,20260928,WFS1
0.5901639344262295,0.001606615935357928,0.05,3.558595818877229,3.076524488349979,340.3827635069406,32.55657037688374,103,0.5339805825242718,1.1340699892953803,log1p,20260928,WSB2
0.9426229508196722,0.02187939370538844,0.01,3.0650670287232185,2.4534764364014325,174.9738038348662,25.313817835146892,14,0.7857142857142857,0.7686356044891858,log1p,20260928,XRCC4
0.9098360655737705,0.024841453336672786,0.0,4.085852458406738,4.07262363692265,119.11043556029088,6.851757919079917,2,,,log1p,20260928,ZNF286A
0.9590163934426229,0.032980746114244494,0.03,3.9913716934104015,3.5895092288281654,113.74911824786832,8.334607696182072,3,,,log1p,20260928,ZNF426
0.9672131147540983,0.03754299277514438,0.03,3.968699653539,3.8339879705049085,126.68013068244143,8.219798985184106,8,,,log1p,20260928,ZNF562
1.0,0.03306866447033404,0.01,4.052338732913644,3.882649131657097,235.73261841105818,14.902642054461282,21,0.5238095238095238,1.1463905293091838,log1p,20260928,ZNF593
0.860655737704918,0.013569848481246342,0.03,4.349513352110215,3.4253828105919055,142.5157675557739,11.274728689325888,8,,,log1p,20260928,ZNF714
0.7540983606557377,0.0036664596136003176,0.0,1.0222393679488335,0.12905037485841062,63.98293676267138,62.99345551498004,308,0.4837662337662338,0.9995087590612682,unchanged,20260929,ACAT2
0.680327868852459,0.0018052355552090028,0.0,1.068333071107448,0.27798688512373676,14.866525253080914,13.812968118568701,24,0.5416666666666666,0.9918039654653277,unchanged,20260929,ACVR1B
0.9672131147540983,0.014244087810083687,0.0,1.0504935920486533,0.22898553543236552,20.630720848712677,19.72512091528857,49,0.5306122448979592,0.9965178172310593,unchanged,20260929,AKT2
0.7213114754098361,0.003717221960208923,0.0,1.098852297063889,0.41874702668523606,7.259371507651915,6.192756404375936,2,,,unchanged,20260929,ANTXR1
0.5491803278688525,0.0010533342102929167,0.01,1.0289070064121995,0.14564753603065062,49.39964370201119,48.38802555772017,217,0.5299539170506913,0.9994756431702536,unchanged,20260929,ARID1A
0.5491803278688525,0.0014298403361442747,0.0,1.0368361382815707,0.19540095244577255,27.406038682295446,26.41233409544507,64,0.453125,0.9963319497781664,unchanged,20260929,ATM
0.2622950819672131,-0.004884676488270206,0.0,1.0930353906612376,0.3886160907513635,8.14525973452406,7.053278287402917,2,,,unchanged,20260929,ATP1B1
0.6065573770491803,0.002868229585099739,0.0,1.0412523848537585,0.1954433337875329,28.09169547095989,27.087378263499872,74,0.40540540540540543,1.0077281882290419,unchanged,20260929,BIRC2
0.09836065573770492,-0.012121212839141573,0.0,1.039223055202177,0.2002769809148219,27.720666509254784,26.52781495402035,63,0.5079365079365079,0.9974154352822119,unchanged,20260929,C1QBP
0.4098360655737705,-0.0030669379029728576,0.0,1.0884066721206878,0.3714004810022454,8.550131733848833,7.498691845734399,1,,,unchanged,20260929,CALM3
0.6311475409836065,0.0029227145931016224,0.0,1.094404108001583,0.39634028424582535,7.5385630643655315,6.528200962092747,2,,,unchanged,20260929,CAMSAP2
0.3114754098360656,-0.005927505197681753,0.0,1.0832859143065023,0.37097505328722835,8.508863666949736,7.450710725090044,2,,,unchanged,20260929,CASP2
0.0,-0.02203601525361032,0.0,1.0200351377746755,0.1078877979143665,92.97732893818333,91.47758942064371,407,0.4594594594594595,1.002560494266261,unchanged,20260929,CASP3
0.9672131147540983,0.017301654538836076,0.0,1.0637298663382584,0.3001416208698129,12.302027975114015,11.393941129561444,7,,,unchanged,20260929,CDCA2
0.5819672131147541,0.002491353833797498,0.0,1.0727544946935585,0.29062778103595893,13.655776771607748,12.609021293969683,5,,,unchanged,20260929,CENPO
0.319672131147541,-0.002337693385884165,0.0,1.093827991542348,0.37780639292473345,8.562190151444959,7.481135663140309,3,,,unchanged,20260929,CLDN6
0.024590163934426257,-0.013572570819850398,0.0,1.0776530408134504,0.33412984631936926,10.841478013890914,9.673734820860822,6,,,unchanged,20260929,CLDN7
0.6311475409836065,0.0014958053163654274,0.0,1.0845565346906776,0.3849476262052602,8.062584709600632,7.029077870685338,4,,,unchanged,20260929,CREG1
0.38524590163934425,-0.001663159122192168,0.0,1.0575504952597863,0.2561709648365051,17.20911358488349,16.136433374893258,27,0.5555555555555556,0.980843444546861,unchanged,20260929,DAXX
0.032786885245901676,-0.012798465914161783,0.0,1.0716881110552896,0.2698288128731696,16.05280214236373,14.867637654619715,30,0.4,1.0081261171041505,unchanged,20260929,DHCR24
0.7295081967213115,0.004795535408767032,0.0,1.0066277514491324,0.0633349113074717,258.28940106397386,257.41320220865396,1355,0.5062730627306273,1.0001675388659697,unchanged,20260929,DHX36
0.7131147540983607,0.002957118832644487,0.0,1.04916196827255,0.2019996670429009,27.21861391387519,26.18158259644693,83,0.4819277108433735,1.0005463274578847,unchanged,20260929,DLG5
0.4098360655737705,-0.0028767645259225867,0.0,1.0061750515988008,0.059580906784476716,297.22622243233053,296.0737007986536,1249,0.4899919935948759,0.9995366409900328,unchanged,20260929,DNMT1
0.5081967213114754,0.00010981423568127827,0.0,1.0987871029376244,0.38722396902499984,8.190118066374701,7.122725282478875,1,,,unchanged,20260929,DZIP3
0.7213114754098361,0.0049633440804162515,0.01,1.0912463010050872,0.37409736082167866,8.70500674851558,7.661271256088746,4,,,unchanged,20260929,EID2
0.06557377049180324,-0.012044810380637528,0.0,1.0322789145608087,0.15619858486756233,43.198793167929786,42.01560178119702,121,0.49586776859504134,1.0004887276343104,unchanged,20260929,EIF4B
0.7786885245901639,0.00562737547899981,0.0,1.0287825410586844,0.1479605337796087,49.18949432886801,48.21426153907538,168,0.4642857142857143,1.000539358347727,unchanged,20260929,EWSR1
0.819672131147541,0.006408298849435508,0.0,1.0605613353576768,0.2530018076909722,17.1882744285084,16.203624068291273,32,0.53125,0.9953761125750359,unchanged,20260929,FOXH1
0.9918032786885246,0.01876310038438783,0.0,1.0310342953326834,0.14844516849361059,50.3729994409653,49.55702396914154,210,0.580952380952381,0.9938767507338893,unchanged,20260929,GSK3B
0.19672131147540983,-0.0077359372289368174,0.0,1.0618509079185616,0.27457883652329784,15.685204067555105,14.528155782774952,21,0.5238095238095238,0.9857979183113418,unchanged,20260929,HAT1
0.4016393442622951,-0.002000591771361077,0.0,1.06482093810019,0.2355656665813541,20.391487527456295,19.302192887177647,30,0.5666666666666667,0.9999962148107155,unchanged,20260929,HIRA
0.7295081967213115,0.0013476609900650045,0.0,1.0555210626810658,0.2434612206714302,18.619892059267578,17.5888817695471,26,0.46153846153846156,1.006257190989116,unchanged,20260929,HMGB2
0.3114754098360656,-0.0056833883296710744,0.0,1.0926218297305816,0.34963953273531406,9.759445223000865,8.665649004259743,3,,,unchanged,20260929,HMGN1
0.9508196721311475,0.010562664770840233,0.0,1.0869831477033058,0.4067062553771666,7.461215576331808,6.449773819997329,0,,,unchanged,20260929,IDE
0.16393442622950816,-0.008867379747152952,0.0,1.0952372456021404,0.3699001918067007,8.797017000002644,7.693827921327384,6,,,unchanged,20260929,IGF2R
0.2295081967213115,-0.005330529389193645,0.0,1.0758734679147872,0.2773401557654392,14.736259582609257,13.646273051761941,12,0.5,0.995978200478654,unchanged,20260929,IKBKG
0.1885245901639344,-0.004440029086582328,0.0,1.0207521311478842,0.12383513012427218,69.33545706654176,68.21436740295266,211,0.5355450236966824,0.9992572402915018,unchanged,20260929,INSIG1
0.28688524590163933,-0.005803036966887209,0.0,1.0905042234311473,0.32485461374096486,10.837189490503459,9.769387549995765,4,,,unchanged,20260929,IRF3
0.3770491803278688,-0.0008819334431194299,0.01,1.0103188050404093,0.0822529718219843,154.4381852637306,153.37824425186463,725,0.5186206896551724,0.9991364030646203,unchanged,20260929,KAT2A
0.16393442622950816,-0.009378328370422871,0.0,1.046267869797155,0.21069057465337165,25.22390553693889,24.06075179443121,43,0.3953488372093023,1.0131667936654287,unchanged,20260929,KDM2B
0.6639344262295082,0.004388014158285057,0.0,1.086390933283321,0.32385577930533743,11.14381590019439,10.11198493030455,6,,,unchanged,20260929,KDR
0.8442622950819672,0.007765943932095883,0.01,1.0907168818002255,0.39434003803699985,7.6903478589216245,6.69087079597112,2,,,unchanged,20260929,KIF1B
0.360655737704918,-0.002008205956036039,0.0,1.068917982766638,0.2835426630655128,14.384426917055674,13.300007286384627,15,0.6,0.9957393100570028,unchanged,20260929,KLF10
0.4426229508196722,-0.00199186729907347,0.0,1.103786446302472,0.424933834619884,6.999251584941733,5.920222444335906,2,,,unchanged,20260929,LAD1
0.6311475409836065,0.002571330899855886,0.0,1.0318963008045634,0.151594683046255,48.320484930892064,47.27100491269485,95,0.47368421052631576,0.9983108370781019,unchanged,20260929,LRPPRC
0.5163934426229508,0.001821731683927771,0.01,1.0291060349592087,0.13738373536747392,56.243236054023484,55.22848238108435,188,0.5425531914893617,0.9997863082195122,unchanged,20260929,LZTR1
0.2213114754098361,-0.004671268186576447,0.0,1.0899165368520156,0.37665485366137114,8.294461073685623,7.241618203713607,3,,,unchanged,20260929,MAP1B
0.7786885245901639,0.007405277726757721,0.0,1.0753326674932124,0.3529739019177245,9.159187633322812,8.182501097657678,1,,,unchanged,20260929,MAP3K7
0.3114754098360656,-0.006340870372506143,0.0,1.0926899079229582,0.35772496188595126,9.365060693487923,8.269342076753372,5,,,unchanged,20260929,MAPKAPK2
0.5245901639344263,0.0004780111531840056,0.0,1.0815903454723554,0.3665976362855155,8.92949492219316,7.87403313204214,0,,,unchanged,20260929,MAST2
0.33606557377049184,-0.0026722838120330082,0.0,1.009974601032371,0.0752834533801964,185.3854428551847,184.26695059851897,877,0.48574686431014824,1.000321795480333,unchanged,20260929,MAU2
0.4180327868852459,-0.0036825505248544886,0.0,1.0194039751423762,0.09649373425279675,114.35845547441049,113.22375789941742,369,0.46070460704607047,1.0050857334150136,unchanged,20260929,MBTPS1
0.6229508196721312,0.0004622541120894252,0.0,1.018414237011949,0.13248333919874583,62.586914041437915,61.51475170519875,297,0.46464646464646464,1.0071988877334352,unchanged,20260929,MED1
0.540983606557377,0.0011406432521663483,0.0,1.0386988036908462,0.19442595057997208,28.352494379136665,27.331448610164685,63,0.6349206349206349,0.9915198932340238,unchanged,20260929,MED12
0.7295081967213115,0.00214794943240237,0.0,1.03312844387564,0.18049735847609236,33.30858205326737,32.28189205061412,111,0.6126126126126126,0.9889183837120102,unchanged,20260929,MED13
0.9590163934426229,0.014683560944320703,0.0,1.0553981402411312,0.27240973441634664,15.117488732998016,14.178753537119377,16,0.5625,0.9744936830694548,unchanged,20260929,MED13L
0.2622950819672131,-0.005210885180703599,0.0,1.01413212657787,0.09353428323620082,123.16206512604174,121.97603662753404,627,0.518341307814992,1.0010558737145874,unchanged,20260929,MED24
0.8032786885245902,0.004462480915436477,0.0,1.0031053625221913,0.04484779919918954,522.5995441935486,521.7589591021322,2934,0.5105657805044308,0.9995936652616142,unchanged,20260929,METTL14
0.28688524590163933,-0.003245222683018393,0.0,1.0326053869973277,0.1583091119404751,42.57933046769748,41.49671149249956,79,0.5569620253164557,0.998407342878621,unchanged,20260929,METTL17
0.7295081967213115,0.004196401549384651,0.0,1.0028280346488825,0.04554772847608498,517.6858527958,516.8112415279878,2854,0.4800280308339173,1.0001245069879898,unchanged,20260929,METTL3
0.6311475409836065,-0.0002349887952280402,0.0,1.0919571037685007,0.37706032031354353,8.671755643390242,7.591143498909098,5,,,unchanged,20260929,MKI67
0.3278688524590164,-0.006872382110513035,0.0,1.0540648008218354,0.18695540789462659,31.256331828547886,30.12594658665021,27,0.48148148148148145,1.0036664691257338,unchanged,20260929,MTA1
0.2704918032786885,-0.0042352793997053806,0.01,1.0963502907613105,0.4014663626502466,7.576297437388589,6.505627959900664,2,,,unchanged,20260929,NCK2
0.4918032786885246,-0.0009387677000283333,0.0,1.0552376549864184,0.26225952443518247,16.597858286600918,15.52257157290596,17,0.5294117647058824,0.9926240446737951,unchanged,20260929,NDUFB4
0.680327868852459,0.0012288618607932192,0.0,1.055384566898883,0.2653704690913489,15.923711221212022,14.885182758767087,12,0.3333333333333333,1.013699310773454,unchanged,20260929,NDUFB6
0.6885245901639344,0.0014614110341234182,0.0,1.0834594039230672,0.29102905014369274,13.754373419091031,12.690324226318992,6,,,unchanged,20260929,NISCH
0.6229508196721312,0.0018923199267631343,0.0,1.0261688700721108,0.1518633904438768,47.95719539521453,46.90246490662895,138,0.463768115942029,0.9954019942115385,unchanged,20260929,NIT1
0.9426229508196722,0.013688990848767672,0.01,1.0845794313608217,0.35019003297044066,9.504047961581387,8.538777098219047,5,,,unchanged,20260929,NRAS
0.06557377049180324,-0.009318430633392598,0.0,1.036497194974594,0.1535130705624588,45.97215200839152,44.788514093946645,128,0.46875,1.0042655648007583,unchanged,20260929,OXCT1
0.12295081967213117,-0.008996196050612568,0.0,1.061987156118882,0.2813442025227925,14.404586145957545,13.285708722799463,18,0.5555555555555556,0.9886093619817564,unchanged,20260929,PAGR1
0.6639344262295082,0.0021611729163143107,0.0,1.082963126549509,0.3733077321895188,8.697736898215751,7.64471489712024,4,,,unchanged,20260929,PBX1
0.20491803278688525,-0.00870333633212892,0.0,1.033939504965082,0.14800861465766077,48.40220418661325,47.24549797390515,116,0.4051724137931034,1.0059649827727115,unchanged,20260929,PHF10
0.7295081967213115,0.005175035923098595,0.0,1.0559490924167136,0.2655981449689457,16.130138769831444,15.106048180617183,24,0.5,1.0002848782164924,unchanged,20260929,PHF14
0.34426229508196726,-0.00489403303812764,0.0,1.0955297734592595,0.39087920361521056,8.02036731125624,6.9343598555527795,2,,,unchanged,20260929,PLCB3
0.05737704918032782,-0.011218652595332427,0.0,1.0949980812084537,0.32982415405861376,10.43320224198618,9.347203583334098,1,,,unchanged,20260929,PMS1
0.9016393442622951,0.007801028857239238,0.0,1.0834388888577164,0.3402353571123053,10.162371461465675,9.151565276077248,3,,,unchanged,20260929,POLB
0.17213114754098358,-0.0070268921134219765,0.0,1.093089511360303,0.3475277617707424,9.923934063855997,8.816105543913617,6,,,unchanged,20260929,PRCP
0.9344262295081968,0.009937609581172492,0.0,1.040019661728836,0.19591466276779057,28.37556202188029,27.429552199261032,104,0.5384615384615384,0.992751903644404,unchanged,20260929,PRR12
0.23770491803278693,-0.004471564796059386,0.0,1.1017607167235868,0.4178921082229288,7.039633051132711,5.9740375389209905,2,,,unchanged,20260929,PTPN1
0.5327868852459017,0.00198114355604263,0.0,1.0943920771530682,0.41993908169187044,7.03793959025295,5.991342454168576,0,,,unchanged,20260929,RAB3B
0.5245901639344263,0.0009219056333293978,0.0,1.0603902693875416,0.2565661675323799,16.93965044900529,15.900502690749565,38,0.42105263157894735,1.0073471206848723,unchanged,20260929,RAF1
0.6065573770491803,0.002704967974769404,0.0,1.0182639306520063,0.11646217391835154,79.42814213870909,78.41398389155121,369,0.4878048780487805,1.000478306043898,unchanged,20260929,RNF2
0.2295081967213115,-0.005782223782899345,0.0,1.0893984063073379,0.3169652814748138,12.000894810690797,10.869071071300136,4,,,unchanged,20260929,RRM1
0.29508196721311475,-0.0024816572258206273,0.0,1.0272164835521918,0.15248216507583637,46.089406607791766,45.00885087723821,163,0.5153374233128835,1.0004689931730502,unchanged,20260929,SAFB
0.47540983606557374,-0.0013261713872888825,0.0,1.008943268702158,0.07267786816108716,200.76398211887505,199.670816517702,1125,0.488,1.0006893265286492,unchanged,20260929,SIN3B
0.3688524590163934,-0.0026522404946252125,0.0,1.0683584465194063,0.29617884557747126,13.539425809438608,12.429553860157547,25,0.56,0.9965983498845492,unchanged,20260929,SIX4
0.9262295081967213,0.011140481596849307,0.0,1.0512589940866304,0.23284124246580837,20.382342648003508,19.42975764584817,20,0.65,0.9811800780661302,unchanged,20260929,SLC25A3
0.7704918032786885,0.006981269374849013,0.01,1.0413296482194714,0.1809805409792757,33.312550637930734,32.335155617567125,79,0.5189873417721519,0.9962173984054417,unchanged,20260929,SMAGP
0.360655737704918,-0.0030847804716450196,0.01,1.0040907988963736,0.04600427159338339,480.14812322051677,478.99842202935355,2187,0.5020576131687243,1.0003153973434196,unchanged,20260929,SMARCA4
0.5327868852459017,0.00210392528808473,0.01,1.0108029657144308,0.08058964630775259,161.67754342919864,160.6884127437941,931,0.48764769065520946,1.0002817781933682,unchanged,20260929,SMARCA5
0.34426229508196726,-0.006537259805948601,0.0,1.0098310707421927,0.07015720596378335,216.3158341448978,215.0600329516683,1133,0.4801412180052957,1.0012570829679959,unchanged,20260929,SOX2
0.180327868852459,-0.0077814560311775145,0.0,1.0719558185874576,0.32417937055956125,10.968350338919048,9.880173346383751,6,,,unchanged,20260929,SRC
0.9918032786885246,0.012729516020766338,0.01,1.042074072325121,0.1908554654969874,30.177756378460632,29.254291616807656,59,0.4406779661016949,0.996217002713898,unchanged,20260929,SSBP1
0.8442622950819672,0.00478042610800343,0.0,1.015361188563357,0.10277441278281506,97.67923548172885,96.7523509635953,445,0.5191011235955056,0.9995657557700881,unchanged,20260929,STAG2
0.180327868852459,-0.005577851737136461,0.0,1.093874382952639,0.3742116324028302,8.629892487920497,7.5422348030052815,8,,,unchanged,20260929,STAT1
0.3114754098360656,-0.006308258627024049,0.0,1.0528360773355536,0.20291495941236665,27.094503460896256,25.95918969962473,68,0.47058823529411764,1.0045001924011652,unchanged,20260929,STAT6
0.8934426229508197,0.008083154851556296,0.0,1.0678109716931559,0.28008073245745335,14.258453298276201,13.277049082877419,19,0.631578947368421,0.9915284681897699,unchanged,20260929,STX4
0.6639344262295082,0.001651104421407399,0.0,1.071156131136609,0.2569935280657145,16.997584371940167,15.957221000842587,18,0.5,1.0039512964556518,unchanged,20260929,SV2A
0.08196721311475408,-0.007926513219019913,0.0,1.0149896103148155,0.1006110828686811,108.16142877562581,106.90871731150742,519,0.535645472061657,0.9982492950940212,unchanged,20260929,TADA1
0.30327868852459017,-0.006682909555672368,0.0,1.0773504482097216,0.32354294840838965,11.139886369741573,10.044942840033457,4,,,unchanged,20260929,TARBP2
0.6229508196721312,0.004176906810506356,0.0,1.0747316180621926,0.33512705958413436,10.074182865267124,9.079844081761223,6,,,unchanged,20260929,TCF3
0.28688524590163933,-0.0016512910288019665,0.0,1.0553549416809482,0.2630114391674138,16.458638649033002,15.38127803967939,45,0.4444444444444444,0.9983100041530872,unchanged,20260929,TET1
0.6885245901639344,0.004113121968874664,0.0,1.0321183664991342,0.15691471286175115,44.97762592571055,43.95216012740541,93,0.41935483870967744,1.0089427367416473,unchanged,20260929,TFAM
0.860655737704918,0.008482213242738365,0.0,1.0254483916262533,0.14189752716492324,52.34155537317562,51.4298230003904,258,0.5310077519379846,0.9974253792274828,unchanged,20260929,TGFBR2
0.2704918032786885,-0.0035123440928544686,0.0,1.088193969886323,0.3515128542903096,9.232161388392653,8.198855126981474,6,,,unchanged,20260929,TMBIM6
0.540983606557377,0.00043367997879674994,0.0,1.0253461888602882,0.11172816874899931,85.34682988664886,84.30263426260876,254,0.4921259842519685,1.0001196361245812,unchanged,20260929,TMSB10
0.8688524590163934,0.006662555280104116,0.01,1.0835582400498724,0.3965740857077768,7.693255365378973,6.678250672178237,0,,,unchanged,20260929,TMSB4X
0.5983606557377049,0.00012849723060521178,0.0,1.0867380471515486,0.36395867196698956,9.07280550062283,8.012210174475577,1,,,unchanged,20260929,TRAM2
0.24590163934426235,-0.005952801838729761,0.0,1.0320527423490788,0.14727072520681644,49.5914147569671,48.455519812672556,221,0.45701357466063347,1.00328080515501,unchanged,20260929,TRAPPC6A
0.5737704918032787,0.0011357842817533712,0.0,1.0830545486143233,0.33384802090430515,10.502660697856326,9.455926150273223,3,,,unchanged,20260929,TSC22D4
0.8032786885245902,0.0044308625472056894,0.0,1.091599723797971,0.37576261033198394,8.323303572830426,7.314825838630052,4,,,unchanged,20260929,TWF2
0.5,0.000411011432369522,0.0,1.056114555732428,0.2586788742199695,16.4489957723675,15.420421000084424,24,0.3333333333333333,1.006895079464108,unchanged,20260929,TXNDC9
0.39344262295081966,-0.003394151928295706,0.01,1.0566219246116193,0.21200349254669143,25.157867536140134,24.042657867481203,36,0.5833333333333334,1.0013912986599378,unchanged,20260929,UBE3C
0.9508196721311475,0.013154802043957354,0.0,1.0395868001152102,0.20884221306122774,25.076577333939237,24.15574781099572,47,0.46808510638297873,0.9939005508003756,unchanged,20260929,UQCRQ
0.5327868852459017,-0.0005362946299307651,0.0,1.055777148925315,0.2586729555089667,16.890063168280882,15.826681899792487,20,0.55,0.9819170916720759,unchanged,20260929,USP22
0.8032786885245902,0.006062959549592088,0.0,1.0903471760825627,0.3855842262292372,8.17786966935964,7.148489770333529,4,,,unchanged,20260929,WFS1
0.42622950819672134,-0.0006679683811211627,0.0,1.0371333009641222,0.18161888348966443,33.63836173115983,32.55657037688374,103,0.5728155339805825,0.9857332344369913,unchanged,20260929,WSB2
0.25409836065573765,-0.004437169439830937,0.0,1.0488045159201307,0.20321639337171318,26.404851324171005,25.313817835146892,14,0.2857142857142857,1.0142320898036172,unchanged,20260929,XRCC4
0.6721311475409837,0.0038042466983672528,0.0,1.0915838177592432,0.391970898540376,7.884036074763555,6.851757919079917,2,,,unchanged,20260929,ZNF286A
0.180327868852459,-0.005166080558395199,0.0,1.096491103242433,0.35700562415698545,9.427621945803095,8.334607696182072,3,,,unchanged,20260929,ZNF426
0.8032786885245902,0.003347255320254523,0.0,1.083322044912095,0.3574473862361941,9.25036202527442,8.219798985184106,8,,,unchanged,20260929,ZNF562
0.819672131147541,0.008476254642836935,0.0,1.0532112787659083,0.2637462095478589,15.872668482640082,14.902642054461282,21,0.5238095238095238,0.9921230254217351,unchanged,20260929,ZNF593
0.33606557377049184,-0.0016046251613422242,0.0,1.0906478870747311,0.30862298201299043,12.35979271970505,11.274728689325888,8,,,unchanged,20260929,ZNF714
0.9836065573770492,0.07997145808193046,0.04,3.481219751612871,3.340717526612471,732.3662911901527,62.99345551498004,308,0.5681818181818182,1.1160036338374661,additive,20260929,ACAT2
0.9918032786885246,0.09557219809127757,0.05,5.250412466200944,5.967650217279043,489.975901071054,13.812968118568701,24,0.75,0.9783205695638661,additive,20260929,ACVR1B
0.2786885245901639,-0.01133037182407081,0.02,4.589371441408084,4.8699039727614295,489.7021707743021,19.72512091528857,49,0.4897959183673469,1.2237849576571245,additive,20260929,AKT2
0.180327868852459,-0.03934149115417255,0.0,6.233643175605075,7.922980859199763,398.7951165989367,6.192756404375936,2,,,additive,20260929,ANTXR1
1.0,0.17820169982804782,0.03,2.8186199970755967,2.794640944244896,378.10395786320476,48.38802555772017,217,0.783410138248848,0.8417229116580874,additive,20260929,ARID1A
1.0,0.14815895960385403,0.06,2.8081594859616863,3.1306996563590066,260.7847672641921,26.41233409544507,64,0.625,0.9622341541069949,additive,20260929,ATM
0.7131147540983607,0.025115840372421268,0.06,7.440780362838871,8.634573358379994,529.8572739657588,7.053278287402917,2,,,additive,20260929,ATP1B1
0.4918032786885246,-0.007710062721161078,0.01,3.154807790190256,3.119075332520192,291.9132932282547,27.087378263499872,74,0.5405405405405406,1.0679146324584494,additive,20260929,BIRC2
0.7459016393442623,0.04318847534900565,0.03,3.793947299433562,4.48811606061201,550.5984875595061,26.52781495402035,63,0.6190476190476191,1.2634666481149381,additive,20260929,C1QBP
0.032786885245901676,-0.0516722294833129,0.0,5.928899244070795,7.684621293347449,456.2771578857869,7.498691845734399,1,,,additive,20260929,CALM3
0.040983606557377095,-0.06348310033548336,0.0,7.9431752766310515,9.234044819035061,570.825861491458,6.528200962092747,2,,,additive,20260929,CAMSAP2
0.6639344262295082,0.033132971868534325,0.04,5.923317479917468,7.620035625501262,436.3135759670316,7.450710725090044,2,,,additive,20260929,CASP2
1.0,0.19738980384130178,0.05,2.294071510575687,2.3931962662017248,528.9786091319058,91.47758942064371,407,0.7027027027027027,0.8850523990879918,additive,20260929,CASP3
0.040983606557377095,-0.04183275795304393,0.01,5.626619926218581,6.627771291772106,518.2177287386527,11.393941129561444,7,,,additive,20260929,CDCA2
0.29508196721311475,-0.02379875529331756,0.01,5.000827881924669,5.171799536336265,352.97284703662393,12.609021293969683,5,,,additive,20260929,CENPO
0.6885245901639344,0.02843179688865975,0.0,5.570468829702755,7.351510197941418,408.66952087301416,7.481135663140309,3,,,additive,20260929,CLDN6
0.2213114754098361,-0.013217087446118273,0.0,5.242085275689357,6.660072069810552,440.47042855424377,9.673734820860822,6,,,additive,20260929,CLDN7
0.47540983606557374,0.011928117601470079,0.03,6.365050463250889,8.010576966068479,456.73711674033143,7.029077870685338,4,,,additive,20260929,CREG1
0.8934426229508197,0.036096089998392956,0.05,4.877292501221039,5.178533270351058,442.83790546333114,16.136433374893258,27,0.5555555555555556,1.243631453452905,additive,20260929,DAXX
0.9180327868852459,0.07632189919156798,0.01,5.067945265122787,5.672774115315504,480.43956891989177,14.867637654619715,30,0.6333333333333333,0.9460380160414718,additive,20260929,DHCR24
1.0,0.2677196678393451,0.02,1.3173238602796102,1.2139920651582568,469.45929143108475,257.41320220865396,1355,0.7564575645756457,0.8713501606659477,additive,20260929,DHX36
1.0,0.11387402171381183,0.03,4.9529091821861675,4.766585406124647,592.6137320313305,26.18158259644693,83,0.6867469879518072,1.087822374900658,additive,20260929,DLG5
1.0,0.3364269013241057,0.11,1.4841844043323622,1.3938873519479988,593.6394782467241,296.0737007986536,1249,0.7950360288230585,0.8451017526072991,additive,20260929,DNMT1
0.9590163934426229,0.05275699000364825,0.02,5.738177404874526,6.655288756210339,317.6068961537916,7.122725282478875,1,,,additive,20260929,DZIP3
0.6147540983606558,0.004940870412001504,0.01,4.987448896858281,5.820616492084993,266.7812360502213,7.661271256088746,4,,,additive,20260929,EID2
1.0,0.0992607945403742,0.0,2.8406033274612987,3.2373324362314118,455.35000527058656,42.01560178119702,121,0.7603305785123967,0.9078190368971858,additive,20260929,EIF4B
1.0,0.1587717247088404,0.02,2.707934279596789,2.8204543869107725,388.57542232411623,48.21426153907538,168,0.7261904761904762,1.0041386438541497,additive,20260929,EWSR1
1.0,0.16672514177114303,0.1,3.4960872851908467,3.9900843537881943,252.61901017128568,16.203624068291273,32,0.9375,0.7268444131810753,additive,20260929,FOXH1
0.7786885245901639,0.02448437369663056,0.01,3.0592765417361756,2.712148486738428,407.504380162968,49.55702396914154,210,0.5666666666666667,1.03460122088581,additive,20260929,GSK3B
0.9918032786885246,0.05763175836619254,0.02,4.122382344429092,4.604235101554287,314.8001552404044,14.528155782774952,21,0.42857142857142855,1.3039734083735517,additive,20260929,HAT1
1.0,0.16494613849308476,0.08,5.630872481049034,5.7042858383626225,611.0510080799912,19.302192887177647,30,0.6666666666666666,1.7194810446833269,additive,20260929,HIRA
0.38524590163934425,-0.020473183106454244,0.0,3.654741739291938,3.7683545336117246,270.07369699312295,17.5888817695471,26,0.3076923076923077,1.173357877669188,additive,20260929,HMGB2
0.5901639344262295,0.004185203908593407,0.0,4.9721862681236315,5.528495589227472,273.123818879647,8.665649004259743,3,,,additive,20260929,HMGN1
0.6639344262295082,0.01348439268822115,0.05,6.546338944355011,8.077050643968661,425.8199940350267,6.449773819997329,0,,,additive,20260929,IDE
0.8278688524590164,0.048400993698783694,0.02,5.840574742663424,7.367117800156987,419.785045914797,7.693827921327384,6,,,additive,20260929,IGF2R
0.6967213114754098,0.022009825521699104,0.02,5.008089655933451,5.348278872383829,400.772719779065,13.646273051761941,12,0.5,1.1361592151868651,additive,20260929,IKBKG
0.06557377049180324,-0.05518532083499269,0.0,2.844966333021899,2.7140061471438255,591.1031398765771,68.21436740295266,211,0.44075829383886256,1.1697373724305284,additive,20260929,INSIG1
0.5081967213114754,-0.0001266650036919665,0.02,4.860232916803297,5.022392853645527,256.2090495313906,9.769387549995765,4,,,additive,20260929,IRF3
1.0,0.3034763557490044,0.07,1.3643279789349412,1.4799936166719674,351.5575016588005,153.37824425186463,725,0.8041379310344827,0.8253028669931252,additive,20260929,KAT2A
0.9508196721311475,0.05389850491331144,0.06,3.0502443254868568,3.1064638643849714,248.19267536152356,24.06075179443121,43,0.5581395348837209,1.476594696804635,additive,20260929,KDM2B
0.5573770491803278,0.0008288326795313355,0.0,4.603635618646974,4.739535750578476,237.18007057040722,10.11198493030455,6,,,additive,20260929,KDR
0.5491803278688525,0.002935783226588211,0.05,6.46715010410546,8.068935513527466,442.0012199538752,6.69087079597112,2,,,additive,20260929,KIF1B
0.9590163934426229,0.04833547628798121,0.03,3.6861433823378222,4.071073995344654,228.49530721071147,13.300007286384627,15,0.7333333333333333,0.9549158182477504,additive,20260929,KLF10
0.12295081967213117,-0.024851297987935766,0.0,7.082744903603931,9.082414019360112,496.9533230711665,5.920222444335906,2,,,additive,20260929,LAD1
1.0,0.16459408110217466,0.07,2.4833106236742597,2.392175852516789,280.55480093708786,47.27100491269485,95,0.7157894736842105,1.0609953805041323,additive,20260929,LRPPRC
0.8934426229508197,0.043226535199494966,0.07,2.418737940320125,2.075661194413382,283.262584420801,55.22848238108435,188,0.5159574468085106,1.1324388183472411,additive,20260929,LZTR1
0.24590163934426235,-0.016399598735482083,0.01,6.254302022090668,8.014252424740901,474.26156348740795,7.241618203713607,3,,,additive,20260929,MAP1B
0.9590163934426229,0.055912161564395976,0.04,4.523429176333999,5.665925436626733,265.67863275922366,8.182501097657678,1,,,additive,20260929,MAP3K7
0.8360655737704918,0.05098522462162743,0.07,5.5937821121516675,6.904105859119453,396.6196667451039,8.269342076753372,5,,,additive,20260929,MAPKAPK2
0.6885245901639344,0.01922151373794103,0.06,6.205741473460377,7.725600257203825,475.4963558560303,7.87403313204214,0,,,additive,20260929,MAST2
1.0,0.204307546570271,0.04,2.0806147314040695,1.934265003251611,728.0407908270533,184.26695059851897,877,0.7092360319270239,0.9302479238982501,additive,20260929,MAU2
0.9426229508196722,0.06733448642721195,0.01,2.543534551454556,2.1986982422671164,627.0532714809121,113.22375789941742,369,0.5501355013550135,1.0542411521452864,additive,20260929,MBTPS1
1.0,0.1583589402529399,0.05,2.0641762682568268,2.316089733265655,346.3726269908373,61.51475170519875,297,0.734006734006734,0.9162942815661966,additive,20260929,MED1
1.0,0.09575916780499721,0.04,3.413658396660167,3.5853695944607438,359.9062852846532,27.331448610164685,63,0.7142857142857143,1.1847957759748837,additive,20260929,MED12
1.0,0.15198654384130372,0.06,2.6164485198949783,2.9366841366311958,281.8674285055288,32.28189205061412,111,0.7747747747747747,0.9547765554092758,additive,20260929,MED13
0.9426229508196722,0.049525786182564036,0.02,3.7608876167242755,4.4041128549105215,283.0075765624623,14.178753537119377,16,0.625,1.0599550324665077,additive,20260929,MED13L
1.0,0.233016518700007,0.12,1.6873813445562604,1.5467616573189666,325.8747888784749,121.97603662753404,627,0.7527910685805422,0.8422718261382341,additive,20260929,MED24
0.9918032786885246,0.17170242242520667,0.01,1.178355458904818,0.7785168806436156,698.5006662551835,521.7589591021322,2934,0.6530334014996592,0.9261278488583309,additive,20260929,METTL14
0.9672131147540983,0.05079860485551665,0.05,2.6476220111211166,2.611200775265787,313.42793084722746,41.49671149249956,79,0.620253164556962,1.1765538430012044,additive,20260929,METTL17
1.0,0.26662330767712317,0.01,1.138745962307818,0.8826374686270135,676.188313098143,516.8112415279878,2854,0.748072880168185,0.8551643231265228,additive,20260929,METTL3
0.4672131147540983,-0.005602388195236408,0.01,4.658565815025886,5.509317272446568,238.47051597357193,7.591143498909098,5,,,additive,20260929,MKI67
0.819672131147541,0.028076655540787133,0.0,3.195314507774467,2.710803492629602,246.919337335105,30.12594658665021,27,0.7037037037037037,0.9997872332439661,additive,20260929,MTA1
0.39344262295081966,-0.010937967582085793,0.0,6.240152267604804,7.760135323725008,399.37699041004646,6.505627959900664,2,,,additive,20260929,NCK2
0.9426229508196722,0.07962135172893188,0.0,4.810921881172587,5.865358039180338,535.0383527984935,15.52257157290596,17,0.5882352941176471,2.075096322341111,additive,20260929,NDUFB4
0.8360655737704918,0.029983237205204828,0.01,6.269447226733411,6.922307342696626,721.9794813535865,14.885182758767087,12,0.5,2.946052775811033,additive,20260929,NDUFB6
0.024590163934426257,-0.04368548382825183,0.0,5.529930216947514,5.781703452295439,443.31424131231046,12.690324226318992,6,,,additive,20260929,NISCH
1.0,0.11218020929853134,0.0,2.9448493722035924,3.3395834691584008,534.854481851951,46.90246490662895,138,0.6014492753623188,1.058325352270739,additive,20260929,NIT1
0.3114754098360656,-0.008771408597167392,0.03,6.304584882269902,7.409470075060239,478.4296427872124,8.538777098219047,5,,,additive,20260929,NRAS
0.319672131147541,-0.01690219953495449,0.01,3.6172568340543885,3.246229102711576,521.684976618769,44.788514093946645,128,0.5546875,1.0548614641520224,additive,20260929,OXCT1
0.9426229508196722,0.07984404557862887,0.01,4.653302288801086,5.6886428109375,431.15112121904065,13.285708722799463,18,0.7222222222222222,1.3594773996275828,additive,20260929,PAGR1
0.07377049180327866,-0.04258240734028819,0.01,5.29120367262836,6.259108442530359,311.2124775747635,7.64471489712024,4,,,additive,20260929,PBX1
0.8688524590163934,0.03961037846315698,0.02,3.041250687443657,2.5957056224600685,355.85563794748214,47.24549797390515,116,0.5172413793103449,1.1116845472458,additive,20260929,PHF10
0.4426229508196722,-0.016841299535161926,0.04,3.6644887836636566,4.166145563995129,279.41801538786643,15.106048180617183,24,0.4166666666666667,1.133747328907206,additive,20260929,PHF14
0.5983606557377049,0.006338101957302064,0.01,6.458136177514705,7.857307469058532,434.3522124693915,6.9343598555527795,2,,,additive,20260929,PLCB3
0.3278688524590164,-0.027810083535320135,0.01,5.151996119667322,5.372117716843146,281.89714245059463,9.347203583334098,1,,,additive,20260929,PMS1
0.540983606557377,-0.0024418467840614843,0.02,5.097523683095585,5.710218052298216,307.80811325616753,9.151565276077248,3,,,additive,20260929,POLB
0.16393442622950816,-0.02280759891135043,0.01,6.431738611653257,7.281522674908737,479.17932107763704,8.816105543913617,6,,,additive,20260929,PRCP
1.0,0.1259674486797378,0.04,5.05014542132459,5.098774089291856,705.2943774479488,27.429552199261032,104,0.5961538461538461,1.1171944940064278,additive,20260929,PRR12
0.29508196721311475,-0.007145096200521689,0.02,7.062484637194446,9.640054266354712,561.9681796406217,5.9740375389209905,2,,,additive,20260929,PTPN1
0.4590163934426229,-0.006154772428069969,0.01,6.488620157964619,8.12400337531366,402.0156853345252,5.991342454168576,0,,,additive,20260929,RAB3B
0.680327868852459,0.026025734036692623,0.0,5.067977386499962,5.447260374533871,483.20208857038386,15.900502690749565,38,0.5789473684210527,1.0143952857973777,additive,20260929,RAF1
1.0,0.09302820347531315,0.03,2.0201260040634486,1.8016112659021997,306.6458692622577,78.41398389155121,369,0.6666666666666666,0.9292865768594388,additive,20260929,RNF2
0.29508196721311475,-0.010354766756073037,0.03,5.273694054165663,5.932393507811918,394.72281357832065,10.869071071300136,4,,,additive,20260929,RRM1
0.9672131147540983,0.05263126036304306,0.01,2.8730401550628684,2.8581940923067424,399.15706718133174,45.00885087723821,163,0.558282208588957,1.0886033171252476,additive,20260929,SAFB
1.0,0.25573064182068783,0.04,1.4743300533580794,1.511578961044444,501.5245390830339,199.670816517702,1125,0.7555555555555555,0.9021457101336824,additive,20260929,SIN3B
0.9836065573770492,0.07802616020109313,0.03,3.9430020131514416,4.70701000535216,278.68804064607207,12.429553860157547,25,0.88,1.0479101453939164,additive,20260929,SIX4
0.9672131147540983,0.0829333486838616,0.01,4.481107248747022,5.366765775773214,561.7532925087385,19.42975764584817,20,0.5,0.9906038457778218,additive,20260929,SLC25A3
0.7459016393442623,0.02141414695568807,0.02,4.227584553562108,3.858255412423657,508.337499960461,32.335155617567125,79,0.5949367088607594,1.030999776317324,additive,20260929,SMAGP
0.5,-0.010347777323363703,0.0,1.2105983033342875,0.6053312233303934,660.5165770646443,478.99842202935355,2187,0.5267489711934157,1.0202496120443636,additive,20260929,SMARCA4
1.0,0.20497023235387873,0.03,1.6767473270668891,1.5289853650594434,435.6268132804503,160.6884127437941,931,0.7089151450053706,0.8750762592106361,additive,20260929,SMARCA5
1.0,0.11509773571178514,0.02,1.5527202933866604,1.1726208022683509,452.7244985393004,215.0600329516683,1133,0.6443071491615181,0.9481945977688412,additive,20260929,SOX2
0.9590163934426229,0.056191013781505976,0.02,6.950006174697613,8.070406119598514,644.429231391722,9.880173346383751,6,,,additive,20260929,SRC
1.0,0.09001271570369289,0.06,3.196860697211084,3.2661766928865994,324.1350738890739,29.254291616807656,59,0.5084745762711864,1.375272226281404,additive,20260929,SSBP1
1.0,0.19541462617667554,0.04,2.424185633684946,2.4273756162043356,575.044016652391,96.7523509635953,445,0.748314606741573,0.9267764346729978,additive,20260929,STAG2
0.4426229508196722,-0.014296235097517004,0.02,5.010587277989826,5.9292429501549435,273.9751008617903,7.5422348030052815,8,,,additive,20260929,STAT1
0.7049180327868853,0.011490532471287106,0.0,3.3778771277762707,3.1424157842733043,280.4257276457588,25.95918969962473,68,0.5294117647058824,1.0522213868866799,additive,20260929,STAT6
0.7131147540983607,0.021500377816027743,0.0,5.7802046884274425,6.117828467546788,506.71531091751706,13.277049082877419,19,0.5263157894736842,1.0731101593954444,additive,20260929,STX4
0.6885245901639344,0.027333038446971488,0.02,5.088100883475657,5.282036041343217,456.55454821639574,15.957221000842587,18,0.7777777777777778,0.7830454571021501,additive,20260929,SV2A
1.0,0.26042744090046016,0.06,1.7729089460956153,1.8844513158730005,381.624681589001,106.90871731150742,519,0.766859344894027,0.8657973332263837,additive,20260929,TADA1
0.4918032786885246,-0.0020300908967642545,0.01,4.45996642050141,5.19518408488453,281.36920596517655,10.044942840033457,4,,,additive,20260929,TARBP2
0.9344262295081968,0.04494249894351627,0.02,4.727377002591167,5.639979453615604,293.3009252228588,9.079844081761223,6,,,additive,20260929,TCF3
0.9836065573770492,0.07609154743580791,0.0,4.07323066715006,4.548773144706501,322.9928533596465,15.38127803967939,45,0.5555555555555556,0.9985005321553188,additive,20260929,TET1
0.9918032786885246,0.14893647970296403,0.06,2.5997057320704156,2.469237094868194,279.6066275198076,43.95216012740541,93,0.6236559139784946,1.1318184318586353,additive,20260929,TFAM
1.0,0.2879294938044088,0.04,2.7811966249087403,3.0637769263632983,443.44982117898616,51.4298230003904,258,0.8449612403100775,0.8770426427332069,additive,20260929,TGFBR2
0.29508196721311475,-0.003092566312324746,0.01,6.268423420557416,7.602061950703607,482.4072359852133,8.198855126981474,6,,,additive,20260929,TMBIM6
0.48360655737704916,0.012294236374910183,0.0,2.9671425323599303,2.4291032297105364,576.6986880802933,84.30263426260876,254,0.4566929133858268,1.1354527347051562,additive,20260929,TMSB10
0.07377049180327866,-0.041265597179468656,0.0,5.70255156780866,7.8149566765242735,418.85003550800303,6.678250672178237,0,,,additive,20260929,TMSB4X
0.9508196721311475,0.0512768541571701,0.07,6.32906046217565,7.524570149634025,455.47398460595355,8.012210174475577,1,,,additive,20260929,TRAM2
0.7049180327868853,0.024177366000619618,0.0,3.6528919163577647,3.321611148592036,575.2874324120087,48.455519812672556,221,0.497737556561086,1.1843613901329608,additive,20260929,TRAPPC6A
0.6475409836065573,0.00943674043050997,0.05,5.292382621955932,5.817137099604165,328.3976431908827,9.455926150273223,3,,,additive,20260929,TSC22D4
0.16393442622950816,-0.019328149793971926,0.01,6.6215317411362005,7.9753966815690145,474.8437593725503,7.314825838630052,4,,,additive,20260929,TWF2
0.5081967213114754,0.008590108255875499,0.0,5.08035543635809,5.654182132128089,506.90987894729153,15.420421000084424,24,0.5416666666666666,1.1029963639350846,additive,20260929,TXNDC9
0.43442622950819676,-0.008442109553176008,0.01,3.731888046949878,3.591552152678997,335.6327970809482,24.042657867481203,36,0.5833333333333334,1.0207548913655173,additive,20260929,UBE3C
0.9508196721311475,0.08913124496886024,0.03,4.401689038859612,4.957274779095745,596.4266002190977,24.15574781099572,47,0.5106382978723404,1.294451840275141,additive,20260929,UQCRQ
0.9918032786885246,0.08334784318924592,0.0,3.6799766742271376,4.2680295521944736,292.86664171520863,15.826681899792487,20,0.35,1.2124946166369188,additive,20260929,USP22
0.4508196721311475,0.01390200229849103,0.02,6.258752436450734,7.7951887190057505,439.97689040643445,7.148489770333529,4,,,additive,20260929,WFS1
0.7622950819672132,0.018663169121985717,0.06,3.74639774136129,3.591831680265739,448.21232393044335,32.55657037688374,103,0.5339805825242718,1.1725552602386315,additive,20260929,WSB2
0.30327868852459017,-0.020897684715191066,0.01,3.3587949156735446,3.2234091718143643,291.74403552963514,25.313817835146892,14,0.8571428571428571,0.8812916666163018,additive,20260929,XRCC4
0.819672131147541,0.027738257529823934,0.0,4.594760924414168,5.871527670920152,240.83316056813013,6.851757919079917,2,,,additive,20260929,ZNF286A
0.7295081967213115,0.025345657078929846,0.03,4.483954071615799,5.1054607324200365,223.42521822136598,8.334607696182072,3,,,additive,20260929,ZNF426
0.9836065573770492,0.06216954154930574,0.09,4.460679510338406,5.435633972287888,245.52749121436693,8.219798985184106,8,,,additive,20260929,ZNF562
0.4426229508196722,-0.009571192560052651,0.0,4.3367146402764325,4.85926929406312,368.1774628581319,14.902642054461282,21,0.5238095238095238,1.3127549375771697,additive,20260929,ZNF593
0.5819672131147541,7.764169682294651e-05,0.01,4.840513856583348,4.836454224181179,274.9967035153296,11.274728689325888,8,,,additive,20260929,ZNF714
0.9918032786885246,0.08015771853520173,0.06,3.3598465594784224,3.013490216870333,604.6120859540242,62.99345551498004,308,0.577922077922078,1.137999330394872,ratio,20260929,ACAT2
0.9836065573770492,0.0856724969866203,0.02,4.727518725848454,4.534249448712581,287.06797012467644,13.812968118568701,24,0.7083333333333334,0.6876894310104168,ratio,20260929,ACVR1B
0.180327868852459,-0.017122243998055897,0.02,4.036990330548347,3.5621353714136923,272.4195402865412,19.72512091528857,49,0.40816326530612246,1.2247808490851608,ratio,20260929,AKT2
0.30327868852459017,-0.011865649309677373,0.01,5.634064820065292,6.077810050830348,235.84499273990622,6.192756404375936,2,,,ratio,20260929,ANTXR1
1.0,0.18474133331728404,0.09,2.607787979551122,2.310569041233354,265.4090016572327,48.38802555772017,217,0.7695852534562212,0.741385949179857,ratio,20260929,ARID1A
1.0,0.09829903628812997,0.01,2.578548816917526,2.5051729714042184,179.16488403919996,26.41233409544507,64,0.640625,0.8556239570972943,ratio,20260929,ATM
0.7213114754098361,0.014951689477860092,0.0,6.8789969328547755,7.004139201296727,351.5954733528692,7.053278287402917,2,,,ratio,20260929,ATP1B1
0.7213114754098361,0.0002154014296547447,0.02,2.9493584305180915,2.5744215134883173,206.58289421088915,27.087378263499872,74,0.5135135135135135,0.986853228107671,ratio,20260929,BIRC2
0.6475409836065573,0.03440782796230195,0.02,3.394788883193485,3.3921364180880054,325.5800480459302,26.52781495402035,63,0.6190476190476191,1.081084252463055,ratio,20260929,C1QBP
0.11475409836065575,-0.029335661578569056,0.01,5.119649537290796,5.4307007728660395,231.04322391250096,7.498691845734399,1,,,ratio,20260929,CALM3
0.180327868852459,-0.023392293820534663,0.01,7.818194094217302,8.470577402306455,477.5181460364913,6.528200962092747,2,,,ratio,20260929,CAMSAP2
0.5655737704918034,0.03384401294908944,0.01,5.248169826480408,5.636778377290215,241.34139576442337,7.450710725090044,2,,,ratio,20260929,CASP2
1.0,0.2717754311154133,0.21,1.94592683354529,1.709558884236439,273.8252997218517,91.47758942064371,407,0.7125307125307125,0.7651709244096659,ratio,20260929,CASP3
0.024590163934426257,-0.05414170343745349,0.02,4.9415573264267385,4.763493684112872,275.80948006366475,11.393941129561444,7,,,ratio,20260929,CDCA2
0.6065573770491803,-0.0013480775687565068,0.0,4.86186412347645,4.486267356723703,266.53819824756636,12.609021293969683,5,,,ratio,20260929,CENPO
0.6229508196721312,0.03888428814325869,0.05,4.783843253735201,5.269114896765812,212.1186260974892,7.481135663140309,3,,,ratio,20260929,CLDN6
0.3114754098360656,0.00020544111026748134,0.03,4.51783537505798,4.662858427650603,219.98394954218583,9.673734820860822,6,,,ratio,20260929,CLDN7
0.1311475409836066,-0.02501930354614843,0.0,5.729723300034719,6.080626111176501,269.0610106282894,7.029077870685338,4,,,ratio,20260929,CREG1
0.9344262295081968,0.02085005338164625,0.02,4.7436910298904795,4.647669573100436,361.5694522183852,16.136433374893258,27,0.5555555555555556,1.094978091096083,ratio,20260929,DAXX
0.9426229508196722,0.09065711284948907,0.01,4.427536442325153,4.048980066158493,247.69635819822872,14.867637654619715,30,0.6333333333333333,0.7695307975686362,ratio,20260929,DHCR24
1.0,0.3363672914948665,0.1,1.1404612549895723,0.8677256993429155,300.9672078481016,257.41320220865396,1355,0.7549815498154981,0.7567266156961279,ratio,20260929,DHX36
1.0,0.10345631215862812,0.02,4.660039367800618,4.048192283135352,433.3114407869105,26.18158259644693,83,0.6746987951807228,0.9561004538199485,ratio,20260929,DLG5
1.0,0.3918695640161452,0.22,1.2573744470626025,1.1016718553184282,399.77574616949164,296.0737007986536,1249,0.7910328262610088,0.6962044916330647,ratio,20260929,DNMT1
1.0,0.03128486476490927,0.03,5.474128631229459,5.546313384095009,223.7572866351796,7.122725282478875,1,,,ratio,20260929,DZIP3
0.9344262295081968,0.020403071459279273,0.02,4.722460364143478,4.703064203949721,175.6491922724588,7.661271256088746,4,,,ratio,20260929,EID2
1.0,0.14090334893845555,0.08,2.4371887744101057,2.3208062023620144,240.8385845822354,42.01560178119702,121,0.768595041322314,0.8706944609717708,ratio,20260929,EIF4B
1.0,0.15659568469559162,0.04,2.5437510259684797,2.4039208885187384,290.53665040783005,48.21426153907538,168,0.7321428571428571,0.7932785224258336,ratio,20260929,EWSR1
1.0,0.15365125144684025,0.07,3.1929534388145444,2.969825667958794,144.32940053024436,16.203624068291273,32,0.90625,0.5159922718009955,ratio,20260929,FOXH1
0.9426229508196722,0.045708196907348043,0.03,2.7410908596215107,2.091235355365309,256.8090632388194,49.55702396914154,210,0.5047619047619047,0.9881166233218195,ratio,20260929,GSK3B
0.9918032786885246,0.04106158001077613,0.01,4.000157253376081,4.058579659912098,248.9946546578004,14.528155782774952,21,0.5238095238095238,1.1208281165414766,ratio,20260929,HAT1
1.0,0.13325319398161153,0.04,5.354819280739982,4.753456987379804,430.98952884116744,19.302192887177647,30,0.7,0.9351384346940748,ratio,20260929,HIRA
0.15573770491803274,-0.03623341742039422,0.0,3.4336397001665833,3.066687601985112,186.9136341834989,17.5888817695471,26,0.23076923076923078,1.13552213803868,ratio,20260929,HMGB2
0.9016393442622951,0.014754390263834186,0.02,4.720474265452207,4.613066910023848,191.89438754242232,8.665649004259743,3,,,ratio,20260929,HMGN1
0.5163934426229508,0.0030963197309832498,0.0,6.094792761667282,6.626914543440021,289.43333104617716,6.449773819997329,0,,,ratio,20260929,IDE
0.7704918032786885,0.05534664292371359,0.04,5.006717830624943,5.081906269376923,202.0648371172584,7.693827921327384,6,,,ratio,20260929,IGF2R
0.6311475409836065,0.010855005919089536,0.01,4.457822206708113,3.9811428654087058,228.75340114896935,13.646273051761941,12,0.4166666666666667,1.018524107396376,ratio,20260929,IKBKG
0.008196721311475419,-0.08145799693872784,0.01,2.6490436760843346,2.2656256298605806,443.54115039310886,68.21436740295266,211,0.4549763033175355,1.1939337690139393,ratio,20260929,INSIG1
0.5327868852459017,-0.005803800445458812,0.0,4.592441300189342,4.080450500348725,172.8931551479364,9.769387549995765,4,,,ratio,20260929,IRF3
1.0,0.4475465882752032,0.17,1.1065134406655834,1.0026674918435279,169.9218162987916,153.37824425186463,725,0.8110344827586207,0.6369708317272589,ratio,20260929,KAT2A
0.2786885245901639,-0.02148658272322107,0.0,2.8562601470270494,2.5243191152272204,179.99042330449686,24.06075179443121,43,0.5813953488372093,1.031782733540262,ratio,20260929,KDM2B
0.7950819672131147,0.006308712212606931,0.01,4.3196359767991845,3.834359613260373,158.29234370854203,10.11198493030455,6,,,ratio,20260929,KDR
0.39344262295081966,-0.011565727059561487,0.0,5.823454103757601,6.118083127754354,258.08335495650874,6.69087079597112,2,,,ratio,20260929,KIF1B
0.9918032786885246,0.0461287444626429,0.02,3.4006240318725096,3.255997280337676,150.30508682627973,13.300007286384627,15,0.6666666666666666,0.9467270057420476,ratio,20260929,KLF10
0.024590163934426257,-0.052931685736022825,0.01,6.384437997485295,6.907334583434034,292.7106264695384,5.920222444335906,2,,,ratio,20260929,LAD1
0.9836065573770492,0.12121527823663651,0.07,2.2882187500798574,1.9735366987228067,208.76773705558892,47.27100491269485,95,0.6842105263157895,0.7667796281583189,ratio,20260929,LRPPRC
0.3688524590163934,-0.016410556532790114,0.02,2.249705967311991,1.6947130461285418,216.91951170941962,55.22848238108435,188,0.48936170212765956,1.0726258625294838,ratio,20260929,LZTR1
0.3278688524590164,0.0034766853580645274,0.0,5.487014511802222,5.771054480280232,248.1336243555558,7.241618203713607,3,,,ratio,20260929,MAP1B
1.0,0.049343499674300594,0.01,4.208093144386601,4.4550107131253505,166.98413597684026,8.182501097657678,1,,,ratio,20260929,MAP3K7
0.4918032786885246,0.026657281064448732,0.01,4.778136919838492,4.65674190567375,185.5390050726541,8.269342076753372,5,,,ratio,20260929,MAPKAPK2
0.6475409836065573,0.011370113766145398,0.01,5.782805028162336,6.229031929004843,312.2777695081314,7.87403313204214,0,,,ratio,20260929,MAST2
1.0,0.2379478845559531,0.07,1.881452692476455,1.633253852416496,532.5793133818595,184.26695059851897,877,0.7035347776510832,0.8632210310526773,ratio,20260929,MAU2
0.9918032786885246,0.0899636361305109,0.02,2.2771320158432884,1.7429627522234785,421.6806706526165,113.22375789941742,369,0.5365853658536586,1.0276631176161861,ratio,20260929,MBTPS1
1.0,0.21170136272556908,0.07,1.865016624822835,1.7605943078339692,206.33597207326306,61.51475170519875,297,0.7306397306397306,0.7827538679917057,ratio,20260929,MED1
1.0,0.08460224235787646,0.01,3.265392211943921,3.1382898665335235,282.00180252924804,27.331448610164685,63,0.7301587301587301,0.7784946345873626,ratio,20260929,MED12
1.0,0.1769250641903162,0.04,2.3698351615573525,2.263854856545633,171.86793715786564,32.28189205061412,111,0.7657657657657657,0.721332628981958,ratio,20260929,MED13
0.9754098360655737,0.04945419719879728,0.04,3.439475410862128,3.412716060118015,174.5274773915188,14.178753537119377,16,0.5625,0.9671504880334775,ratio,20260929,MED13L
1.0,0.25284702187043545,0.1,1.5198095551885578,1.1946165681391,222.3621027545087,121.97603662753404,627,0.759170653907496,0.7300307518618869,ratio,20260929,MED24
0.9918032786885246,0.22402917889547252,0.02,1.0705580657176559,0.6025225167014087,570.3180917019272,521.7589591021322,2934,0.65439672801636,0.8894314472426136,ratio,20260929,METTL14
0.9508196721311475,0.03863728795425583,0.01,2.471586086781271,2.1242111477241834,221.92962025744043,41.49671149249956,79,0.6329113924050633,0.9467173387913984,ratio,20260929,METTL17
1.0,0.3917395934128537,0.1,0.9820473178247963,0.6523553701981756,472.6035562905796,516.8112415279878,2854,0.7505255781359496,0.7759562641408044,ratio,20260929,METTL3
0.8934426229508197,0.01781989184451325,0.0,4.4289600808981895,4.586100303714395,166.00971797765652,7.591143498909098,5,,,ratio,20260929,MKI67
0.9918032786885246,0.036070330630672935,0.03,2.9075605219364995,2.1126850197942404,159.9997307399841,30.12594658665021,27,0.7037037037037037,0.9870836735840858,ratio,20260929,MTA1
0.5491803278688525,0.0007615137539364078,0.01,5.810630728232414,6.277027355882223,262.77215202934343,6.505627959900664,2,,,ratio,20260929,NCK2
0.9426229508196722,0.13862636078033824,0.02,4.199584464924041,4.337441823080531,288.88800308438397,15.52257157290596,17,0.5294117647058824,0.997474081882954,ratio,20260929,NDUFB4
0.9754098360655737,0.07984943892344741,0.01,6.271165592175865,6.583304104649399,644.3579283397903,14.885182758767087,12,0.5,1.648882538732102,ratio,20260929,NDUFB6
0.5901639344262295,0.029813156365563573,0.0,4.833254339109927,4.198445364344518,233.20508401865706,12.690324226318992,6,,,ratio,20260929,NISCH
1.0,0.12288666879209029,0.02,2.573236351292604,2.5003432003355233,311.3009662543474,46.90246490662895,138,0.6304347826086957,0.9628526617738863,ratio,20260929,NIT1
0.2213114754098361,-0.016906943492759036,0.01,5.528383647717645,5.3277366733550915,252.44834332103972,8.538777098219047,5,,,ratio,20260929,NRAS
0.16393442622950816,-0.026915727818840725,0.03,3.379727597095629,2.690837778181038,375.5722782991805,44.788514093946645,128,0.5390625,0.9931501950733435,ratio,20260929,OXCT1
0.8688524590163934,0.0660653727806532,0.04,4.0923348961253785,4.238880444186189,244.56360499205775,13.285708722799463,18,0.7222222222222222,0.8872762827500803,ratio,20260929,PAGR1
0.34426229508196726,-0.01546411891882383,0.01,5.037951021773189,5.329343096082696,226.02918326958866,7.64471489712024,4,,,ratio,20260929,PBX1
0.9918032786885246,0.0348556609241541,0.04,2.909815035775745,2.291099906636545,287.697830475703,47.24549797390515,116,0.5258620689655172,1.1225968261111283,ratio,20260929,PHF10
0.5491803278688525,-0.0067804623600165054,0.02,3.397259930084131,3.302311595911618,180.51794458540465,15.106048180617183,24,0.5,1.2907062061556942,ratio,20260929,PHF14
0.3114754098360656,-0.011181092543154473,0.0,6.058892441373776,6.535421536408872,304.1263291103345,6.9343598555527795,2,,,ratio,20260929,PLCB3
0.9180327868852459,0.021497926463242813,0.01,4.853474745923787,4.331809691314536,183.0025928613424,9.347203583334098,1,,,ratio,20260929,PMS1
0.8688524590163934,0.015482171250491367,0.02,4.814265301811559,4.7620580907405365,215.33398139021523,9.151565276077248,3,,,ratio,20260929,POLB
0.25409836065573765,-0.011400200883298317,0.0,5.755144266119341,5.410320983052456,267.9649164495074,8.816105543913617,6,,,ratio,20260929,PRCP
1.0,0.1037616416340524,0.02,4.806272058853799,4.3818751401683285,529.1568943250031,27.429552199261032,104,0.6346153846153846,1.0066074167251224,ratio,20260929,PRR12
0.319672131147541,0.0027400061748842747,0.02,5.9871327405139825,6.692270338973713,273.3110737705489,5.9740375389209905,2,,,ratio,20260929,PTPN1
0.7295081967213115,0.014229112522915446,0.0,5.967508860380562,6.485825644557012,256.91690790211754,5.991342454168576,0,,,ratio,20260929,RAB3B
0.7622950819672132,0.044943097295609254,0.03,4.637465987934963,4.384612057197936,315.31820682563455,15.900502690749565,38,0.5263157894736842,0.8752664785805436,ratio,20260929,RAF1
1.0,0.10853091708885382,0.05,1.8317249505493804,1.4142683634421198,211.18229241309956,78.41398389155121,369,0.6585365853658537,0.8828733433861928,ratio,20260929,RNF2
0.10655737704918034,-0.039474486541875506,0.0,4.53339870905791,4.08366791016261,195.62963847328183,10.869071071300136,4,,,ratio,20260929,RRM1
1.0,0.05438891861515899,0.01,2.7543499571222423,2.4699491938355416,307.4992669508326,45.00885087723821,163,0.5521472392638037,1.0564583995651993,ratio,20260929,SAFB
1.0,0.32771399949857,0.14,1.229749483049976,1.0476404425172379,281.7150793870094,199.670816517702,1125,0.7466666666666667,0.716418793504262,ratio,20260929,SIN3B
1.0,0.07022042365585054,0.03,3.5834414973037125,3.5646685267590166,164.1476295743368,12.429553860157547,25,0.84,0.6234735934530562,ratio,20260929,SIX4
1.0,0.12667509244536654,0.02,3.940674489111886,3.9071793224762414,296.81219641962144,19.42975764584817,20,0.45,1.2332649382983087,ratio,20260929,SLC25A3
0.8934426229508197,0.027182271892393094,0.0,3.9967741500866034,3.257552977949599,369.73814841008976,32.335155617567125,79,0.5949367088607594,0.9930298278040581,ratio,20260929,SMAGP
0.8770491803278688,0.018419772581796612,0.01,1.1309553892210211,0.4365384342431773,562.5759478312493,478.99842202935355,2187,0.516689529035208,0.9899393576010139,ratio,20260929,SMARCA4
1.0,0.22951505429347752,0.09,1.5103221288220159,1.2184366460559881,309.3715940351675,160.6884127437941,931,0.7078410311493019,0.8122754545374423,ratio,20260929,SMARCA5
1.0,0.12826211729558434,0.04,1.4518110712787693,0.9473005992671842,355.78948269289606,215.0600329516683,1133,0.6451897616946161,0.9009306274698092,ratio,20260929,SOX2
0.9262295081967213,0.031594371352444146,0.02,6.641017823162662,6.965297258143772,484.87185369276824,9.880173346383751,6,,,ratio,20260929,SRC
1.0,0.04718628666393459,0.01,3.0207019799374857,2.6935743478372696,234.06777716238872,29.254291616807656,59,0.4915254237288136,0.9811710923678556,ratio,20260929,SSBP1
1.0,0.19386915066448027,0.04,2.176556141878887,1.8960626487382837,373.4522184256783,96.7523509635953,445,0.748314606741573,0.7779787766364866,ratio,20260929,STAG2
0.7049180327868853,-0.001632887619387903,0.01,4.67509713021813,4.666498346734556,171.89844141666538,7.5422348030052815,8,,,ratio,20260929,STAT1
0.860655737704918,0.010616869265550735,0.01,3.170500209848566,2.6825389351639815,211.283267744872,25.95918969962473,68,0.5294117647058824,1.0001222480104954,ratio,20260929,STAT6
0.9098360655737705,0.03242840050773374,0.02,5.502302785801479,5.203588634803471,368.3033044295413,13.277049082877419,19,0.42105263157894735,1.0256941500222712,ratio,20260929,STX4
0.8688524590163934,0.07363122218927146,0.0,4.34598575395026,3.5969345921863796,213.95832997744412,15.957221000842587,18,0.8333333333333334,0.767167678947291,ratio,20260929,SV2A
1.0,0.31314687521196116,0.14,1.5188192337246256,1.4054890574774936,223.98985014567114,106.90871731150742,519,0.7745664739884393,0.6782207010556418,ratio,20260929,TADA1
0.6229508196721312,-0.002305354210303552,0.01,4.252640350357491,4.443248438118043,208.56257769339234,10.044942840033457,4,,,ratio,20260929,TARBP2
0.9262295081967213,0.01845432774907149,0.02,4.524776032567851,4.692525677985774,207.4435878159971,9.079844081761223,6,,,ratio,20260929,TCF3
1.0,0.08346957978060497,0.02,3.8752040381606765,3.8645884770610888,235.178094578176,15.38127803967939,45,0.5111111111111111,1.0836626359682322,ratio,20260929,TET1
1.0,0.10527012985734685,0.04,2.4348190402620706,2.0749229752887217,213.9789173229828,43.95216012740541,93,0.6881720430107527,0.8549341836447041,ratio,20260929,TFAM
1.0,0.33290096768452043,0.15,2.3095800898438226,2.10127833302551,206.5594214047554,51.4298230003904,258,0.8449612403100775,0.5848448974635332,ratio,20260929,TGFBR2
0.34426229508196726,0.007076596727116636,0.01,5.636765119319988,5.773591059711636,280.8324246612507,8.198855126981474,6,,,ratio,20260929,TMBIM6
0.2295081967213115,-0.00991312450210057,0.0,2.6804038048108874,1.889732959816051,388.5134931947526,84.30263426260876,254,0.452755905511811,1.1378713501155615,ratio,20260929,TMSB10
0.1311475409836066,-0.03223260453105069,0.01,4.838446875201962,5.253431267699059,193.24989958902415,6.678250672178237,0,,,ratio,20260929,TMSB4X
0.8442622950819672,0.02471124709122556,0.01,5.916220390179537,6.19738844026315,313.2880987821762,8.012210174475577,1,,,ratio,20260929,TRAM2
0.4918032786885246,0.0006949582328586818,0.01,3.480064564686755,2.870522437511918,447.530785001307,48.455519812672556,221,0.47058823529411764,1.1945705255274943,ratio,20260929,TRAPPC6A
0.0901639344262295,-0.030261192733621503,0.0,5.089108876702514,4.939477394700699,242.992583208673,9.455926150273223,3,,,ratio,20260929,TSC22D4
0.05737704918032782,-0.04541891849229032,0.0,5.883901603399053,5.904008072902709,266.2129820460468,7.314825838630052,4,,,ratio,20260929,TWF2
0.5655737704918034,0.009204769946862293,0.03,4.827612199309995,4.811263186908901,371.01039954042835,15.420421000084424,24,0.4166666666666667,0.9552434834128036,ratio,20260929,TXNDC9
0.8934426229508197,0.033062723032216954,0.01,3.369045073294754,2.767058721745749,203.72885090974927,24.042657867481203,36,0.5833333333333334,0.970443900909599,ratio,20260929,UBE3C
0.9836065573770492,0.13900844686337435,0.02,4.038136956018319,3.96070753046185,376.49294770540143,24.15574781099572,47,0.5106382978723404,1.049185794988224,ratio,20260929,UQCRQ
1.0,0.06958311388624021,0.02,3.4354230233142045,3.474220293552087,199.20589514576687,15.826681899792487,20,0.4,1.2227758516581917,ratio,20260929,USP22
0.2622950819672131,-0.004931947231959091,0.01,5.5259764901175155,5.620897601727468,233.39771769874926,7.148489770333529,4,,,ratio,20260929,WFS1
0.5491803278688525,0.0007348344120703462,0.05,3.702778800574814,3.383071607177761,405.01029578131084,32.55657037688374,103,0.5242718446601942,1.1788137248201103,ratio,20260929,WSB2
0.9672131147540983,0.025018552928554892,0.02,3.1766889001463485,2.6968322352399747,206.0028983756157,25.313817835146892,14,0.8571428571428571,0.7768409999963269,ratio,20260929,XRCC4
0.9016393442622951,0.02229882526409177,0.0,4.232200434684851,4.515637900229175,145.1860014142845,6.851757919079917,2,,,ratio,20260929,ZNF286A
0.9672131147540983,0.030733013513914106,0.04,4.157691763301245,4.076965698732614,144.78092389983976,8.334607696182072,3,,,ratio,20260929,ZNF426
0.9590163934426229,0.030967876992877775,0.01,4.099895964102701,4.186582644788634,150.16072705704332,8.219798985184106,8,,,ratio,20260929,ZNF562
1.0,0.03064617180748172,0.0,4.1910212473841915,4.212537534420448,275.5092594851828,14.902642054461282,21,0.47619047619047616,1.2742818176279338,ratio,20260929,ZNF593
0.8114754098360656,0.011207242057068006,0.03,4.504445917547352,3.7750851924772393,170.99988217918565,11.274728689325888,8,,,ratio,20260929,ZNF714
0.9918032786885246,0.08202240357485943,0.09,3.2622793681351356,2.8212478866445068,535.2319940034142,62.99345551498004,308,0.5811688311688312,1.067124172094655,log1p,20260929,ACAT2
0.9672131147540983,0.0898359270837362,0.04,4.591845075630048,4.203547892477551,247.4531859195743,13.812968118568701,24,0.75,0.7033562083622507,log1p,20260929,ACVR1B
0.180327868852459,-0.017233771023847638,0.02,3.9216366213282976,3.2681049161433418,232.62137454941075,19.72512091528857,49,0.42857142857142855,1.1944821603684554,log1p,20260929,AKT2
0.30327868852459017,-0.01446468627734874,0.01,5.464852141024231,5.603450949378794,201.6408975172849,6.192756404375936,2,,,log1p,20260929,ANTXR1
1.0,0.1966606297081176,0.1,2.523659071844326,2.1310684777082005,227.58138375048304,48.38802555772017,217,0.7695852534562212,0.7130796970397391,log1p,20260929,ARID1A
1.0,0.10797357027130955,0.01,2.4939021082749497,2.256532535712639,148.03181792825066,26.41233409544507,64,0.609375,0.8503949191798776,log1p,20260929,ATM
0.7213114754098361,0.014471471303644675,0.0,6.694098086774243,6.5341527158526524,306.8601657382129,7.053278287402917,2,,,log1p,20260929,ATP1B1
0.7704918032786885,0.0003171912427093216,0.02,2.846472299245087,2.323911604578437,173.3345956715817,27.087378263499872,74,0.5,0.966381849285458,log1p,20260929,BIRC2
0.6721311475409837,0.03938931579166221,0.02,3.3005419960531364,3.1395786593865194,281.450101030988,26.52781495402035,63,0.6190476190476191,1.0326542860839851,log1p,20260929,C1QBP
0.12295081967213117,-0.03119824619403207,0.01,4.9851944069926475,4.974879917729352,195.4147490978587,7.498691845734399,1,,,log1p,20260929,CALM3
0.17213114754098358,-0.02504186435072784,0.01,7.537224628868436,7.813101565998639,407.59387618010646,6.528200962092747,2,,,log1p,20260929,CAMSAP2
0.5655737704918034,0.03482469461690631,0.01,5.104020606378861,5.227669551217333,208.3548408614166,7.450710725090044,2,,,log1p,20260929,CASP2
1.0,0.2873887589425253,0.24,1.889922083804632,1.5922932329849135,239.6880601385165,91.47758942064371,407,0.7199017199017199,0.7436494259406085,log1p,20260929,CASP3
0.024590163934426257,-0.05499442311253878,0.01,4.803411808860783,4.437934286680156,241.36223027451337,11.393941129561444,7,,,log1p,20260929,CDCA2
0.5081967213114754,-0.00461464574806204,0.0,4.67819436134704,4.068022988255811,221.7467373245192,12.609021293969683,5,,,log1p,20260929,CENPO
0.6229508196721312,0.042689449754581305,0.05,4.633413612358926,4.687210762032414,168.84740525628143,7.481135663140309,3,,,log1p,20260929,CLDN6
0.2786885245901639,-0.0037191500880676596,0.04,4.401601062363175,4.324410358501628,190.88882207760452,9.673734820860822,6,,,log1p,20260929,CLDN7
0.139344262295082,-0.026519670258167677,0.0,5.564455528786501,5.6035155830709185,229.82690294804428,7.029077870685338,4,,,log1p,20260929,CREG1
0.9098360655737705,0.01910613433826095,0.02,4.576012310984596,4.2659044637807515,307.15589598346776,16.136433374893258,27,0.5555555555555556,1.0696130669113055,log1p,20260929,DAXX
0.9508196721311475,0.10052771340839688,0.02,4.314805785796821,3.761754137413609,214.0118103791507,14.867637654619715,30,0.7,0.7666195448301303,log1p,20260929,DHCR24
1.0,0.35880870567140144,0.13,1.1142060138077206,0.7945411843020135,273.1460669147806,257.41320220865396,1355,0.752029520295203,0.7441505174492722,log1p,20260929,DHX36
1.0,0.11182263427463286,0.03,4.512697179238722,3.759383160188436,374.1922443079743,26.18158259644693,83,0.6746987951807228,0.8972177694286313,log1p,20260929,DLG5
1.0,0.4260500568211578,0.26,1.2264771055036858,0.9670788776436923,328.9951819277377,296.0737007986536,1249,0.7758206565252201,0.6765133588223172,log1p,20260929,DNMT1
1.0,0.035588084429571704,0.03,5.289938272247051,5.048172118042724,186.07929041271623,7.122725282478875,1,,,log1p,20260929,DZIP3
0.9590163934426229,0.024013451374624052,0.02,4.555577993421941,4.280812642343945,146.48168844570438,7.661271256088746,4,,,log1p,20260929,EID2
1.0,0.1480139618735295,0.09,2.3721341849089144,2.1437680249721143,208.44470059817394,42.01560178119702,121,0.7520661157024794,0.7799937550820679,log1p,20260929,EIF4B
1.0,0.17026237580531015,0.05,2.451192286167822,2.201806030746385,245.805000542462,48.21426153907538,168,0.7202380952380952,0.758629981201071,log1p,20260929,EWSR1
1.0,0.1716234816352015,0.12,3.065809705371891,2.674932800961284,117.26729520141973,16.203624068291273,32,0.9375,0.4799643863028666,log1p,20260929,FOXH1
0.9426229508196722,0.04515247291127419,0.03,2.6707515711464813,1.9293618992874095,225.3955744057683,49.55702396914154,210,0.5142857142857142,0.9609702460637387,log1p,20260929,GSK3B
0.9918032786885246,0.04306554445591035,0.01,3.8532010683858666,3.7033861664976264,209.14867326870194,14.528155782774952,21,0.47619047619047616,1.107370901303176,log1p,20260929,HAT1
1.0,0.14508968220265178,0.07,5.182285523577561,4.382806702528029,365.5293815306052,19.302192887177647,30,0.7333333333333333,0.9087349143298825,log1p,20260929,HIRA
0.17213114754098358,-0.03869557807297529,0.0,3.310584459594262,2.77225458618449,156.5400535933013,17.5888817695471,26,0.23076923076923078,1.126498884807103,log1p,20260929,HMGB2
0.9098360655737705,0.015897470037715244,0.02,4.560443049289896,4.197667789490905,160.20142224327185,8.665649004259743,3,,,log1p,20260929,HMGN1
0.540983606557377,0.005109320426749347,0.0,5.9084655781453215,6.116233289421579,247.32180182685642,6.449773819997329,0,,,log1p,20260929,IDE
0.7786885245901639,0.06091321763877732,0.04,4.856255630514354,4.638117004269273,168.8570883192106,7.693827921327384,6,,,log1p,20260929,IGF2R
0.6639344262295082,0.012237201950228947,0.01,4.321675597994108,3.6712641707854607,196.34706096442451,13.646273051761941,12,0.4166666666666667,1.0284448131535606,log1p,20260929,IKBKG
0.008196721311475419,-0.08240170184643406,0.01,2.573568205825814,2.0964793815649188,391.60045195976943,68.21436740295266,211,0.45023696682464454,1.143870906833899,log1p,20260929,INSIG1
0.540983606557377,-0.005930018073976461,0.0,4.432209448348418,3.697079678513602,143.72962946514465,9.769387549995765,4,,,log1p,20260929,IRF3
1.0,0.47737919785845956,0.24,1.080930868307756,0.9223782249246998,148.79733235779952,153.37824425186463,725,0.8055172413793104,0.6291923035151267,log1p,20260929,KAT2A
0.29508196721311475,-0.02542203517163165,0.0,2.7541470334793696,2.261796750441524,149.91589147417497,24.06075179443121,43,0.5348837209302325,1.0223082728908695,log1p,20260929,KDM2B
0.860655737704918,0.011070045611854396,0.03,4.159873886218493,3.4381481726527956,128.87463846755475,10.11198493030455,6,,,log1p,20260929,KDR
0.3770491803278688,-0.01318142653576137,0.0,5.64570020013558,5.649492801070342,221.23836433521473,6.69087079597112,2,,,log1p,20260929,KIF1B
1.0,0.05380478648360112,0.03,3.2741535580465038,2.927803278437766,123.11780006005458,13.300007286384627,15,0.7333333333333333,0.9135387150497376,log1p,20260929,KLF10
0.032786885245901676,-0.05146252828961003,0.01,6.185111119033729,6.3366072951576,247.4936422885525,5.920222444335906,2,,,log1p,20260929,LAD1
0.9836065573770492,0.1317125480284717,0.07,2.208454332799464,1.7653113711617328,172.6004746257369,47.27100491269485,95,0.6631578947368421,0.7552908142222478,log1p,20260929,LRPPRC
0.38524590163934425,-0.0165769802285891,0.0,2.1804869074223503,1.530558047161631,187.40968096279744,55.22848238108435,188,0.5106382978723404,1.036207860990201,log1p,20260929,LZTR1
0.319672131147541,0.003450009802843268,0.0,5.315226537692039,5.315472402830353,211.58248679083542,7.241618203713607,3,,,log1p,20260929,MAP1B
1.0,0.049811367603290066,0.01,4.049992233690172,4.031857892746137,137.90961928611534,8.182501097657678,1,,,log1p,20260929,MAP3K7
0.5081967213114754,0.029074194538915764,0.01,4.6430507469678854,4.2680469357836195,156.85324926024165,8.269342076753372,5,,,log1p,20260929,MAPKAPK2
0.6229508196721312,0.010705045281955167,0.0,5.613387470381442,5.782173392959221,270.1559688048935,7.87403313204214,0,,,log1p,20260929,MAST2
1.0,0.24845100678990475,0.09,1.8346121240223894,1.5267163808235045,473.97780084642477,184.26695059851897,877,0.701254275940707,0.8306360278161894,log1p,20260929,MAU2
0.9918032786885246,0.09426660712229401,0.02,2.2191471605257442,1.6155209767320124,374.24173241243403,113.22375789941742,369,0.5474254742547425,1.0037297390813584,log1p,20260929,MBTPS1
1.0,0.22657342450683537,0.1,1.801436781116444,1.596563264756523,173.81218519384404,61.51475170519875,297,0.7239057239057239,0.7414253825002342,log1p,20260929,MED1
1.0,0.09388279550834368,0.02,3.152335692802031,2.8671436397358576,237.2960571714017,27.331448610164685,63,0.7301587301587301,0.737504242626072,log1p,20260929,MED12
1.0,0.1925386060693534,0.08,2.283682546329603,2.0293480375975994,140.0000375508759,32.28189205061412,111,0.7837837837837838,0.6899121353515315,log1p,20260929,MED13
0.9754098360655737,0.05676206784360254,0.04,3.3254072676177193,3.1148636944802215,146.73256887393094,14.178753537119377,16,0.625,0.9359541572719936,log1p,20260929,MED13L
1.0,0.2682647303517884,0.16,1.4799132742194805,1.096162290888582,196.80204176834258,121.97603662753404,627,0.7575757575757576,0.712807573769743,log1p,20260929,MED24
0.9918032786885246,0.23997362290697027,0.02,1.0541531306442722,0.547867044317621,541.1741417767207,521.7589591021322,2934,0.6557600545330606,0.8803139236139879,log1p,20260929,METTL14
0.9508196721311475,0.03988552940410385,0.01,2.3882540657956834,1.922375860927306,188.48549121244707,41.49671149249956,79,0.620253164556962,0.9327015814336702,log1p,20260929,METTL17
1.0,0.4127860441641923,0.12,0.9684283278095791,0.6048080669697432,447.80667638849803,516.8112415279878,2854,0.7487736510161177,0.7698523403505387,log1p,20260929,METTL3
0.8770491803278688,0.018938767746918207,0.01,4.262309288963715,4.1506793209918165,137.17895691587012,7.591143498909098,5,,,log1p,20260929,MKI67
0.9918032786885246,0.04001439570290385,0.03,2.812070044418891,1.9099730296603636,135.420472286498,30.12594658665021,27,0.7037037037037037,0.9789194199355997,log1p,20260929,MTA1
0.5491803278688525,0.0003865164423514685,0.01,5.617402544157357,5.76410269611234,222.62534750190463,6.505627959900664,2,,,log1p,20260929,NCK2
0.9426229508196722,0.14386576419550326,0.04,4.087560018582629,4.042737655367204,251.1630417584654,15.52257157290596,17,0.5294117647058824,0.9750179242631637,log1p,20260929,NDUFB4
0.9754098360655737,0.08064804365723119,0.01,6.078077553202166,6.160855801344692,565.0775934499302,14.885182758767087,12,0.5,1.5940322860566158,log1p,20260929,NDUFB6
0.5491803278688525,0.027294151148940037,0.01,4.698801726288822,3.8314649481899177,196.33163151711705,12.690324226318992,6,,,log1p,20260929,NISCH
1.0,0.13276300820100712,0.03,2.5048148044265286,2.320464662642609,270.5527654344878,46.90246490662895,138,0.6231884057971014,0.9383923120573036,log1p,20260929,NIT1
0.23770491803278693,-0.014856947659177,0.01,5.36504082854511,4.890611405795058,214.01077770789544,8.538777098219047,5,,,log1p,20260929,NRAS
0.14754098360655743,-0.027980218865100815,0.02,3.2806907173361513,2.499163905101216,330.7933878093089,44.788514093946645,128,0.5546875,0.9463712424741811,log1p,20260929,OXCT1
0.9098360655737705,0.07787540011701728,0.05,3.970029920671528,3.8074065841811486,198.00141131851254,13.285708722799463,18,0.6666666666666666,0.8872464080718323,log1p,20260929,PAGR1
0.360655737704918,-0.01649662153788105,0.01,4.861105960574289,4.8495829984117815,188.65978108483222,7.64471489712024,4,,,log1p,20260929,PBX1
1.0,0.036158243190169616,0.04,2.80787406527048,2.0709121713459426,242.79065158883725,47.24549797390515,116,0.5431034482758621,1.0765525261346014,log1p,20260929,PHF10
0.5245901639344263,-0.008898048630550432,0.02,3.2877775779792193,3.01373374307413,153.11828468376666,15.106048180617183,24,0.4583333333333333,1.1836858229626994,log1p,20260929,PHF14
0.30327868852459017,-0.011954376426514224,0.0,5.866467551476756,5.981510289888956,256.0267995901261,6.9343598555527795,2,,,log1p,20260929,PLCB3
0.9262295081967213,0.0236726751695122,0.01,4.672442044114016,3.9289890977578104,151.9008068844705,9.347203583334098,1,,,log1p,20260929,PMS1
0.8852459016393442,0.015436979361495793,0.02,4.6395215324332515,4.302748162654313,177.3646460716591,9.151565276077248,3,,,log1p,20260929,POLB
0.2622950819672131,-0.010505348312499684,0.0,5.577476708540959,4.997770917586584,229.948019385501,8.816105543913617,6,,,log1p,20260929,PRCP
1.0,0.11192729562898514,0.01,4.665464112583084,4.101998233144417,463.78266392716944,27.429552199261032,104,0.6153846153846154,0.9475179159360666,log1p,20260929,PRR12
0.3114754098360656,0.003210723414789816,0.01,5.882029334566445,6.3168980341171,244.11492826491553,5.9740375389209905,2,,,log1p,20260929,PTPN1
0.7377049180327868,0.014731667412999541,0.0,5.788171632318395,6.005635562343279,221.02489170375216,5.991342454168576,0,,,log1p,20260929,RAB3B
0.7704918032786885,0.051266626780876505,0.04,4.488443961466531,4.004263324472874,264.32287504371834,15.900502690749565,38,0.5789473684210527,0.8643813150998746,log1p,20260929,RAF1
1.0,0.11005592917854466,0.05,1.7808743221754124,1.2838285642806084,185.49846419503098,78.41398389155121,369,0.6504065040650406,0.870307827464053,log1p,20260929,RNF2
0.0901639344262295,-0.04307544044229831,0.0,4.398950682638971,3.7334739511294863,165.86713098340454,10.869071071300136,4,,,log1p,20260929,RRM1
1.0,0.060339687393624615,0.01,2.661105446266084,2.2712222046798405,264.8483099850565,45.00885087723821,163,0.5766871165644172,1.0010154128504094,log1p,20260929,SAFB
1.0,0.3513004556242836,0.16,1.1978735166391339,0.9684578841605759,251.08031751981403,199.670816517702,1125,0.7555555555555555,0.7006092434433245,log1p,20260929,SIN3B
1.0,0.07674496155330561,0.04,3.4521804134621195,3.2300494179533956,135.94748969856258,12.429553860157547,25,0.8,0.5652123562198367,log1p,20260929,SIX4
0.9918032786885246,0.13306890489794915,0.02,3.830461160338199,3.654269471960167,259.992425747241,19.42975764584817,20,0.45,1.1411100745279144,log1p,20260929,SLC25A3
0.9016393442622951,0.02809890440903407,0.0,3.865461194239602,2.994259063611006,316.79775500746166,32.335155617567125,79,0.5822784810126582,0.9659061518137558,log1p,20260929,SMAGP
0.8442622950819672,0.017133141212910583,0.03,1.118923024122121,0.3819184038202365,542.597314549502,478.99842202935355,2187,0.5212620027434842,0.9869310366739817,log1p,20260929,SMARCA4
1.0,0.2355613115755664,0.09,1.4744184535738494,1.1199116333372028,277.4424216677395,160.6884127437941,931,0.7013963480128894,0.7862920905124101,log1p,20260929,SMARCA5
1.0,0.13833298469888503,0.05,1.4150195571042332,0.859896169287344,322.916384682399,215.0600329516683,1133,0.649602824360106,0.8900833247080757,log1p,20260929,SOX2
0.9262295081967213,0.032641428672509194,0.01,6.433124296146,6.497013714089186,422.74340756545905,9.880173346383751,6,,,log1p,20260929,SRC
1.0,0.049311074873381835,0.03,2.922624764383846,2.4573240063314663,198.81493609117615,29.254291616807656,59,0.5423728813559322,0.94767966843591,log1p,20260929,SSBP1
1.0,0.20604038096111602,0.05,2.1153628057477696,1.7635248842766265,327.34274562250647,96.7523509635953,445,0.748314606741573,0.750889038506453,log1p,20260929,STAG2
0.6557377049180328,-0.005285350939834844,0.01,4.5172576269112925,4.245917617367562,143.85077224526466,7.5422348030052815,8,,,log1p,20260929,STAT1
0.860655737704918,0.011603783098092114,0.01,3.058518095066868,2.359838572551319,169.10003020990916,25.95918969962473,68,0.5294117647058824,0.9783400248434513,log1p,20260929,STAT6
0.9098360655737705,0.03585749176586343,0.03,5.3188169826678715,4.823328519571912,317.5683343479531,13.277049082877419,19,0.5263157894736842,1.0021366293427303,log1p,20260929,STX4
0.9016393442622951,0.08052672200328721,0.01,4.231911435938111,3.3474247191982367,186.15914183147967,15.957221000842587,18,0.8333333333333334,0.7620840023303537,log1p,20260929,SV2A
1.0,0.3372869249966768,0.17,1.4733986469554043,1.281809838595456,190.12230032663552,106.90871731150742,519,0.7745664739884393,0.6593426374697416,log1p,20260929,TADA1
0.639344262295082,-0.0005028509300358948,0.01,4.113760542670897,4.064910896614622,176.06362647314148,10.044942840033457,4,,,log1p,20260929,TARBP2
0.9344262295081968,0.020191137209619906,0.03,4.355886310266351,4.269852950484243,173.05472635458037,9.079844081761223,6,,,log1p,20260929,TCF3
1.0,0.08759012073051603,0.04,3.7320067374304564,3.509751782663689,195.3963487641709,15.38127803967939,45,0.4666666666666667,1.058626220959593,log1p,20260929,TET1
1.0,0.11328516554040578,0.06,2.3614043265368387,1.895720470367419,183.02743502423615,43.95216012740541,93,0.6451612903225806,0.8342435317722995,log1p,20260929,TFAM
1.0,0.34913238891927106,0.21,2.249821407058216,1.964074602782642,179.29181665863032,51.4298230003904,258,0.8449612403100775,0.5524754811305985,log1p,20260929,TGFBR2
0.35245901639344257,0.00901750441493975,0.01,5.482201397827467,5.357891466786125,242.7711449543346,8.198855126981474,6,,,log1p,20260929,TMBIM6
0.23770491803278693,-0.006965025246949393,0.0,2.612062015573141,1.754337828700295,345.8211433481834,84.30263426260876,254,0.4566929133858268,1.1124131659815975,log1p,20260929,TMSB10
0.12295081967213117,-0.03620987057809063,0.01,4.708799518139519,4.849567262633973,166.0848021112335,6.678250672178237,0,,,log1p,20260929,TMSB4X
0.8524590163934427,0.025853816536222034,0.01,5.717445512780094,5.722335830854236,268.00233240023675,8.012210174475577,1,,,log1p,20260929,TRAM2
0.5081967213114754,0.0020855659802403123,0.01,3.372569588327437,2.6680133611615244,392.8369746957213,48.455519812672556,221,0.4841628959276018,1.151028060881509,log1p,20260929,TRAPPC6A
0.12295081967213117,-0.030740914735468923,0.0,4.908716336221217,4.517156209769651,205.02739302272255,9.455926150273223,3,,,log1p,20260929,TSC22D4
0.05737704918032782,-0.047620647698360344,0.0,5.728981474639171,5.483052804347896,231.04668222314822,7.314825838630052,4,,,log1p,20260929,TWF2
0.5901639344262295,0.010133999768922859,0.03,4.667980867404538,4.3962883879340255,312.082298586911,15.420421000084424,24,0.4166666666666667,0.9094368783888938,log1p,20260929,TXNDC9
0.9098360655737705,0.03394542459229935,0.01,3.270143001836404,2.5347233479975535,174.3750966616766,24.042657867481203,36,0.5833333333333334,0.9549444438782468,log1p,20260929,UBE3C
0.9836065573770492,0.14366394906075117,0.03,3.920343686053836,3.696171821822758,328.51026781617645,24.15574781099572,47,0.5531914893617021,0.990042648312998,log1p,20260929,UQCRQ
1.0,0.07375896762261515,0.02,3.315215399809406,3.1659619298274038,167.0708662042142,15.826681899792487,20,0.35,1.1780048666414145,log1p,20260929,USP22
0.25409836065573765,-0.003486495560218821,0.0,5.382728716806295,5.222338327961923,202.3682620095892,7.148489770333529,4,,,log1p,20260929,WFS1
0.5901639344262295,0.0017292327785224208,0.05,3.560104845021581,3.074933696612824,340.03979128322146,32.55657037688374,103,0.5048543689320388,1.1374749847225458,log1p,20260929,WSB2
0.9426229508196722,0.021452638702958063,0.01,3.0668749427795725,2.4526191475962698,174.9212753359601,25.313817835146892,14,0.8571428571428571,0.761172140011095,log1p,20260929,XRCC4
0.9098360655737705,0.025093170114596147,0.0,4.093838475068486,4.081230558248779,119.57428132025765,6.851757919079917,2,,,log1p,20260929,ZNF286A
0.9590163934426229,0.03491831113886241,0.03,3.9900967544192087,3.594614721208609,113.93591451462669,8.334607696182072,3,,,log1p,20260929,ZNF426
0.9590163934426229,0.03480598599001504,0.03,3.979639022888415,3.8360469054471737,126.98127188308455,8.219798985184106,8,,,log1p,20260929,ZNF562
1.0,0.0327405194765693,0.0,4.054188313104132,3.8834958741475982,235.86776485558082,14.902642054461282,21,0.5238095238095238,1.1800795051111825,log1p,20260929,ZNF593
0.8770491803278688,0.0138959150835327,0.03,4.341216201596631,3.4263676547502913,142.56635421843418,11.274728689325888,8,,,log1p,20260929,ZNF714
